sample_id,side,global_vertex_id,region_id,region_point_id,x,y,z,candidate_finite,quality_rank,repair_method,selected,distance_to_selected_mm
T088,L,0,T001,0,-31.594802856445312,19.89952087402344,-23.414512634277344,True,-1,landmark_vertex,True,0.0
T088,L,0,T002,0,-31.594802856445312,19.89952087402344,-23.414512634277344,True,0,mapped,False,0.0
T088,L,1,T001,1,-30.512707522564146,19.77838272882065,-23.573081970214844,True,0,mapped,True,0.0
T088,L,1,T002,1,-30.512707522564146,19.77838272882065,-23.573081970214844,True,0,mapped,False,0.0
T088,L,2,T001,2,-29.505276578099902,19.47079596808091,-23.747991896580608,True,0,mapped,True,0.0
T088,L,2,T002,2,-29.505276578099902,19.47079596808091,-23.747991896580608,True,0,mapped,False,0.0
T088,L,3,T001,3,-28.427365662095053,19.160016021109403,-23.773082733154297,True,0,mapped,True,0.0
T088,L,3,T002,3,-28.427365662095053,19.160016021109403,-23.773082733154297,True,0,mapped,False,0.0
T088,L,4,T001,4,-27.440724342364625,18.630855167753637,-23.773082733154297,True,0,mapped,True,0.0
T088,L,4,T002,4,-27.440724342364625,18.630855167753637,-23.773082733154297,True,0,mapped,False,0.0
T088,L,5,T001,5,-26.60485439117848,17.909574220228503,-23.685534016232893,True,0,mapped,True,0.0
T088,L,5,T002,5,-26.60485439117848,17.909574220228507,-23.685534016232893,True,0,mapped,False,3.552713678800501e-15
T088,L,6,T001,6,-25.76883211521523,17.32223030867526,-23.41964157567385,True,0,mapped,True,0.0
T088,L,6,T002,6,-25.76883211521523,17.32223030867526,-23.41964157567385,True,0,mapped,False,0.0
T088,L,7,T001,7,-24.980487208618563,16.799195628066236,-23.00333000501848,True,0,mapped,True,0.0
T088,L,7,T002,7,-24.980487208618563,16.799195628066236,-23.00333000501848,True,0,mapped,False,0.0
T088,L,8,T001,8,-24.4580153123416,15.906187499156134,-22.577381704053305,True,0,mapped,True,0.0
T088,L,8,T002,8,-24.4580153123416,15.906187499156134,-22.577381704053305,True,0,mapped,False,0.0
T088,L,9,T001,9,-23.994802474975582,15.170254886439253,-21.9758558885983,True,0,mapped,True,0.0
T088,L,9,T002,9,-23.994802474975582,15.170254886439253,-21.9758558885983,True,0,mapped,False,0.0
T088,L,10,T001,10,-23.482478129826006,14.719791280262273,-21.252284124739028,True,0,mapped,True,0.0
T088,L,10,T002,10,-23.482478129826006,14.719791280262273,-21.252284124739028,True,0,mapped,False,0.0
T088,L,11,T001,11,-22.893345102582757,14.391317859522925,-20.47162459782201,True,0,mapped,True,0.0
T088,L,11,T002,11,-22.893345102582757,14.391317859522925,-20.47162459782201,True,0,mapped,False,0.0
T088,L,12,T001,12,-22.389926080740253,13.994051562870036,-19.560473429202883,True,0,mapped,True,0.0
T088,L,12,T002,12,-22.389926080740253,13.994051562870036,-19.560473429202883,True,0,mapped,False,0.0
T088,L,13,T001,13,-22.042641879503943,13.604469381322328,-18.620921830977924,True,0,mapped,True,0.0
T088,L,13,T002,13,-22.04264187950394,13.604469381322328,-18.620921830977924,True,0,mapped,False,3.552713678800501e-15
T088,L,14,T001,14,-21.39442360251152,13.423054950436176,-17.77270424215996,True,0,mapped,True,0.0
T088,L,14,T002,14,-21.39442360251152,13.423054950436176,-17.77270424215996,True,0,mapped,False,0.0
T088,L,15,T001,15,-20.994802474975582,13.140746237658222,-16.85442479782232,True,0,mapped,True,0.0
T088,L,15,T002,15,-20.994802474975582,13.140746237658222,-16.85442479782232,True,0,mapped,False,0.0
T088,L,16,T001,16,-20.47787990734629,12.892388792725344,-15.949947249589476,True,0,mapped,True,0.0
T088,L,16,T002,16,-20.47787990734629,12.892388792725344,-15.949947249589476,True,0,mapped,False,0.0
T088,L,17,T001,17,-19.994802474975582,12.666579760177765,-15.031260030206983,True,0,mapped,True,0.0
T088,L,17,T002,17,-19.994802474975582,12.666579760177765,-15.031260030206983,True,0,mapped,False,0.0
T088,L,18,T001,18,-19.79980420446109,12.383127716389124,-14.031824485129857,True,0,mapped,True,0.0
T088,L,18,T002,18,-19.79980420446109,12.383127716389126,-14.03182448512986,True,0,mapped,False,3.972054645195637e-15
T088,L,19,T001,19,-19.59295194721795,12.179726680442071,-12.969862245717442,True,0,mapped,True,0.0
T088,L,19,T002,19,-19.59295194721795,12.179726680442071,-12.96986224571744,True,0,mapped,False,1.7763568394002505e-15
T088,L,20,T001,20,-19.203545605854742,11.831208076751924,-11.997405199898743,True,0,mapped,True,0.0
T088,L,20,T002,20,-19.203545605854742,11.831208076751924,-11.997405199898743,True,0,mapped,False,0.0
T088,L,21,T001,21,-18.81813835879628,11.443606874635991,-11.037886208386324,True,0,mapped,True,0.0
T088,L,21,T002,21,-18.81813835879628,11.443606874635991,-11.037886208386324,True,0,mapped,False,0.0
T088,L,22,T001,22,-18.794801712036133,11.193593648871088,-9.942878192722093,True,0,mapped,True,0.0
T088,L,22,T002,22,-18.794801712036133,11.193593648871088,-9.942878192722093,True,0,mapped,False,0.0
T088,L,23,T001,23,-18.742163231917782,10.975389807918642,-8.866159357351343,True,0,mapped,True,0.0
T088,L,23,T002,23,-18.742163231917782,10.975389807918642,-8.866159357351343,True,0,mapped,False,0.0
T088,L,24,T001,24,-18.728614807128903,10.89951992034912,-7.7730817794799805,True,-1,landmark_vertex,True,0.0
T088,L,24,T002,24,-18.728614807128903,10.89951992034912,-7.7730817794799805,True,0,mapped,False,0.0
T088,L,24,T004,24,-18.728614807128903,10.89951992034912,-7.7730817794799805,True,0,mapped,False,0.0
T088,L,25,T001,25,-30.508907829159963,19.830668085351117,-23.511091898036145,True,2,smooth_near_vertex,True,0.0
T088,L,26,T001,26,-29.76507753230305,19.745247864536925,-23.589443527217743,True,0,mapped,True,0.0
T088,L,27,T001,27,-28.796277015179285,19.492550714522707,-23.625787966453583,True,0,mapped,True,0.0
T088,L,28,T001,28,-27.78217823240549,18.981713822964903,-23.70972696516137,True,0,mapped,True,0.0
T088,L,29,T001,29,-26.815069671090058,18.366945200754788,-23.65262025791977,True,0,mapped,True,0.0
T088,L,30,T001,30,-25.9039685987267,17.724740277125516,-23.390936747113983,True,0,mapped,True,0.0
T088,L,31,T001,31,-25.11213817454672,17.26110060698241,-23.02666898985496,True,0,mapped,True,0.0
T088,L,32,T001,32,-24.57389588213534,16.442373342624293,-22.716256366163257,True,0,mapped,True,0.0
T088,L,33,T001,33,-23.892254267469923,15.684901572301769,-22.11124085105524,True,0,mapped,True,0.0
T088,L,34,T001,34,-23.420728958526105,15.056373888575267,-21.434893143278988,True,0,mapped,True,0.0
T088,L,35,T001,35,-22.931473576528628,14.673598072588891,-20.75494776807052,True,0,mapped,True,0.0
T088,L,36,T001,36,-22.422421050353595,14.27603388911934,-19.927065091208668,True,0,mapped,True,0.0
T088,L,37,T001,37,-21.96627711187868,13.849805178559802,-19.0026659733462,True,0,mapped,True,0.0
T088,L,38,T001,38,-21.407892275849093,13.636821115220547,-18.20382376627612,True,0,mapped,True,0.0
T088,L,39,T001,39,-20.84998086932696,13.374841789226217,-17.33831524483985,True,0,mapped,True,0.0
T088,L,40,T001,40,-20.567993162542543,13.028974704330848,-16.363436115345653,True,0,mapped,True,0.0
T088,L,41,T001,41,-19.9485688572328,12.793594725176856,-15.441842300780388,True,0,mapped,True,0.0
T088,L,42,T001,42,-19.75805585211399,12.484931067825997,-14.482363830070463,True,0,mapped,True,0.0
T088,L,43,T001,43,-19.446261341363,12.231689254245222,-13.489123295254494,True,0,mapped,True,0.0
T088,L,44,T001,44,-19.22965373343977,11.936754659335088,-12.417196595382196,True,0,mapped,True,0.0
T088,L,45,T001,45,-18.86256310659503,11.56871289467069,-11.487180599933458,True,0,mapped,True,0.0
T088,L,46,T001,46,-18.675549092525277,11.189693785520372,-10.458976935102816,True,0,mapped,True,0.0
T088,L,47,T001,47,-18.75115462094452,11.038028629249323,-9.363744800009654,True,0,mapped,True,0.0
T088,L,48,T001,48,-18.73139300627994,10.976137191586972,-8.840574791671493,True,2,smooth_near_vertex,True,0.0
T088,L,49,T001,49,-30.163043405327343,19.89952087402344,-23.467329460434637,True,0,mapped,True,0.0
T088,L,50,T001,50,-29.14050804117401,19.63795017709866,-23.617453979885543,True,0,mapped,True,0.0
T088,L,51,T001,51,-28.04541609347841,19.30746331297033,-23.59805396282406,True,0,mapped,True,0.0
T088,L,52,T001,52,-27.11592211622473,18.83191532189341,-23.573651310345628,True,0,mapped,True,0.0
T088,L,53,T001,53,-26.16140133368977,18.150104359885884,-23.386950731726166,True,0,mapped,True,0.0
T088,L,54,T001,54,-25.314477982998543,17.632988556741243,-23.071047874498618,True,0,mapped,True,0.0
T088,L,55,T001,55,-24.66467976223629,16.98165621344946,-22.77773048956159,True,0,mapped,True,0.0
T088,L,56,T001,56,-24.04804612232892,16.197013101779564,-22.32708281208424,True,0,mapped,True,0.0
T088,L,57,T001,57,-23.473824810009194,15.43119892877629,-21.66680128151756,True,0,mapped,True,0.0
T088,L,58,T001,58,-22.88339236635464,15.111242050512356,-21.00536863673977,True,0,mapped,True,0.0
T088,L,59,T001,59,-22.424731780225084,14.55070264849271,-20.20419857016814,True,0,mapped,True,0.0
T088,L,60,T001,60,-21.952443778345632,14.104032686466248,-19.326358476477363,True,0,mapped,True,0.0
T088,L,61,T001,61,-21.439177717410207,13.794158597068382,-18.466822349365337,True,0,mapped,True,0.0
T088,L,62,T001,62,-20.82327161285891,13.61004271276066,-17.747360141186952,True,0,mapped,True,0.0
T088,L,63,T001,63,-20.524598126546262,13.22428445296073,-16.792666347187474,True,0,mapped,True,0.0
T088,L,64,T001,64,-20.02674119491178,12.921201546450892,-15.793967103674628,True,0,mapped,True,0.0
T088,L,65,T001,65,-19.636426112162034,12.656141985398426,-14.942267820389104,True,0,mapped,True,0.0
T088,L,66,T001,66,-19.428846451039945,12.334486789674562,-13.957616686411852,True,0,mapped,True,0.0
T088,L,67,T001,67,-19.156156087328547,12.02179814586774,-12.929082243468685,True,0,mapped,True,0.0
T088,L,68,T001,68,-18.91214024760089,11.695488782313989,-11.949408787370754,True,0,mapped,True,0.0
T088,L,69,T001,69,-18.613833607938872,11.290037933757628,-10.986954458757827,True,0,mapped,True,0.0
T088,L,70,T001,70,-18.66618929983704,11.052755894137784,-9.908612264995856,True,0,mapped,True,0.0
T088,L,71,T001,71,-18.703639365128552,10.9916104088308,-9.359313229844991,True,2,smooth_near_vertex,True,0.0
T088,L,72,T001,72,-29.445719859642992,19.89952087402344,-23.45883735480475,True,0,mapped,True,0.0
T088,L,73,T001,73,-28.41945891073828,19.513588415408744,-23.542212374387976,True,0,mapped,True,0.0
T088,L,74,T001,74,-27.415189717234064,19.093233393433398,-23.534897910819343,True,0,mapped,True,0.0
T088,L,75,T001,75,-26.459948366922447,18.585314538249733,-23.367805758303305,True,0,mapped,True,0.0
T088,L,76,T001,76,-25.568400116587867,18.026120895739567,-23.129291220330664,True,0,mapped,True,0.0
T088,L,77,T001,77,-24.780128277696218,17.45712027308573,-22.755059297489638,True,0,mapped,True,0.0
T088,L,78,T001,78,-24.16443216318654,16.736249546634504,-22.42547693674726,True,0,mapped,True,0.0
T088,L,79,T001,79,-23.597770091240346,15.944085307924398,-21.93711647634978,True,0,mapped,True,0.0
T088,L,80,T001,80,-22.935164191311536,15.404245108385322,-21.183598259700982,True,0,mapped,True,0.0
T088,L,81,T001,81,-22.45786564025861,14.860776884469743,-20.49186434814314,True,0,mapped,True,0.0
T088,L,82,T001,82,-21.90147729083792,14.454827519722224,-19.652184100421135,True,0,mapped,True,0.0
T088,L,83,T001,83,-21.53201006923541,14.06522943663112,-18.92494126048721,True,0,mapped,True,0.0
T088,L,84,T001,84,-20.87967525347205,13.744857432727336,-18.014300368042345,True,0,mapped,True,0.0
T088,L,85,T001,85,-20.470211941250472,13.414453472788011,-17.180666782728327,True,0,mapped,True,0.0
T088,L,86,T001,86,-20.01521546035938,13.107613606905764,-16.238751724980006,True,0,mapped,True,0.0
T088,L,87,T001,87,-19.590639757037515,12.79368235529306,-15.271025627530996,True,0,mapped,True,0.0
T088,L,88,T001,88,-19.406719472655144,12.46029615189178,-14.389233110475928,True,0,mapped,True,0.0
T088,L,89,T001,89,-19.12343857485294,12.174463449990425,-13.469006793991484,True,0,mapped,True,0.0
T088,L,90,T001,90,-18.828587181547466,11.780497396883174,-12.385621044944802,True,0,mapped,True,0.0
T088,L,91,T001,91,-18.585526109588542,11.38628761555397,-11.417543762863591,True,0,mapped,True,0.0
T088,L,92,T001,92,-18.502747944021973,11.030576413411058,-10.371153039070665,True,0,mapped,True,0.0
T088,L,93,T001,93,-18.66582053345271,10.89951992034912,-9.32432106270296,True,0,mapped,True,0.0
T088,L,94,T001,94,-28.73896751784539,19.86013877911973,-23.373081207275398,True,0,mapped,True,0.0
T088,L,95,T001,95,-27.719651592356637,19.40051071140094,-23.454358015404267,True,0,mapped,True,0.0
T088,L,96,T001,96,-26.745649147830747,18.928084536561364,-23.35231625894376,True,0,mapped,True,0.0
T088,L,97,T001,97,-25.783177836477464,18.38548386823886,-23.13294310788678,True,0,mapped,True,0.0
T088,L,98,T001,98,-24.91518721069965,17.91667018125309,-22.73492107609635,True,0,mapped,True,0.0
T088,L,99,T001,99,-24.26485716065907,17.193892793071505,-22.44889934957061,True,0,mapped,True,0.0
T088,L,100,T001,100,-23.69504503343212,16.411779563819785,-22.02747802612621,True,0,mapped,True,0.0
T088,L,101,T001,101,-23.090589724437784,15.726073233469476,-21.431879898816653,True,0,mapped,True,0.0
T088,L,102,T001,102,-22.43404241704997,15.288908049365814,-20.689214445305268,True,0,mapped,True,0.0
T088,L,103,T001,103,-21.930051470174615,14.80338077701456,-19.961805114272902,True,0,mapped,True,0.0
T088,L,104,T001,104,-21.442271003006315,14.368084156650925,-19.139764427022484,True,0,mapped,True,0.0
T088,L,105,T001,105,-21.02016899081716,13.951711860483044,-18.38545964723882,True,0,mapped,True,0.0
T088,L,106,T001,106,-20.445339051128585,13.652237724944657,-17.52661193663547,True,0,mapped,True,0.0
T088,L,107,T001,107,-20.020284828881277,13.320121436559049,-16.650704591274206,True,0,mapped,True,0.0
T088,L,108,T001,108,-19.60357482866243,12.964278033202664,-15.683965350077182,True,0,mapped,True,0.0
T088,L,109,T001,109,-19.35557525177433,12.607786526120044,-14.719534215898433,True,0,mapped,True,0.0
T088,L,110,T001,110,-18.995326900529857,12.282051164367411,-13.86324147615159,True,0,mapped,True,0.0
T088,L,111,T001,111,-18.75980670343752,11.88422432595114,-12.834422379761774,True,0,mapped,True,0.0
T088,L,112,T001,112,-18.585371555421982,11.538128774920583,-11.848951167054222,True,0,mapped,True,0.0
T088,L,113,T001,113,-18.372511471275292,11.10007199336486,-10.885075668989598,True,0,mapped,True,0.0
T088,L,114,T001,114,-18.539502101537472,10.89951992034912,-9.82585029472369,True,0,mapped,True,0.0
T088,L,115,T001,115,-28.05015120429645,19.683589518558225,-23.37308120727539,True,0,mapped,True,0.0
T088,L,116,T001,116,-27.05121529893462,19.236688732704597,-23.32132992795527,True,0,mapped,True,0.0
T088,L,117,T001,117,-26.11946446680393,18.763552866822657,-23.126535651206048,True,0,mapped,True,0.0
T088,L,118,T001,118,-25.178610015197545,18.30699072428016,-22.781381266862407,True,0,mapped,True,0.0
T088,L,119,T001,119,-24.38615595426056,17.700620880230975,-22.42327127674841,True,0,mapped,True,0.0
T088,L,120,T001,120,-23.841640494504126,17.09765276912485,-22.14060483964946,True,0,mapped,True,0.0
T088,L,121,T001,121,-23.139100752472277,16.22961115572904,-21.602293549715807,True,0,mapped,True,0.0
T088,L,122,T001,122,-22.511253839477806,15.606053622237344,-20.90153834713066,True,0,mapped,True,0.0
T088,L,123,T001,123,-21.97472993870971,15.091901325469465,-20.206274532020903,True,0,mapped,True,0.0
T088,L,124,T001,124,-21.40961897897598,14.69256841126036,-19.40601490081454,True,0,mapped,True,0.0
T088,L,125,T001,125,-21.049421723369814,14.242909270149063,-18.74723563704081,True,0,mapped,True,0.0
T088,L,126,T001,126,-20.42260061306541,13.886733253533372,-17.79959649302247,True,0,mapped,True,0.0
T088,L,127,T001,127,-20.000010976190666,13.519556652956574,-17.021917521426555,True,0,mapped,True,0.0
T088,L,128,T001,128,-19.59996406541826,13.203982320834289,-16.172807460239778,True,0,mapped,True,0.0
T088,L,129,T001,129,-19.250620935095007,12.786140519018057,-15.073366299141291,True,0,mapped,True,0.0
T088,L,130,T001,130,-18.984434647015945,12.421097157978268,-14.258478732290303,True,0,mapped,True,0.0
T088,L,131,T001,131,-18.7740860311671,12.083397560346835,-13.38786271602542,True,0,mapped,True,0.0
T088,L,132,T001,132,-18.471811999521623,11.655283926540072,-12.373715681656217,True,0,mapped,True,0.0
T088,L,133,T001,133,-18.252488610225026,11.197969445180624,-11.303186506729862,True,0,mapped,True,0.0
T088,L,134,T001,134,-18.36204098177881,10.89951992034912,-10.31095963534064,True,0,mapped,True,0.0
T088,L,135,T001,135,-27.388163145206743,19.499521255493168,-23.302828951443654,True,0,mapped,True,0.0
T088,L,136,T001,136,-26.418471151453204,19.115638452928437,-23.100751625000157,True,0,mapped,True,0.0
T088,L,137,T001,137,-25.461516804186274,18.642130550701005,-22.836872915354206,True,0,mapped,True,0.0
T088,L,138,T001,138,-24.61298275531037,18.14575861986981,-22.438942136485515,True,0,mapped,True,0.0
T088,L,139,T001,139,-23.922201726158743,17.53700833467795,-22.139738337952856,True,0,mapped,True,0.0
T088,L,140,T001,140,-23.3518099591706,16.75057224879395,-21.7871087628286,True,0,mapped,True,0.0
T088,L,141,T001,141,-22.631958349997888,16.01660125260627,-21.13755545300113,True,0,mapped,True,0.0
T088,L,142,T001,142,-21.99081757927091,15.4571580927445,-20.43838703429669,True,0,mapped,True,0.0
T088,L,143,T001,143,-21.504712358821408,15.036654733759088,-19.748533309328234,True,0,mapped,True,0.0
T088,L,144,T001,144,-21.122197034456907,14.564032483581297,-19.090722968872512,True,0,mapped,True,0.0
T088,L,145,T001,145,-20.51818403161141,14.138410915828391,-18.158238384745868,True,0,mapped,True,0.0
T088,L,146,T001,146,-20.01295068356912,13.800337996071118,-17.363533355796726,True,0,mapped,True,0.0
T088,L,147,T001,147,-19.578727466012147,13.37881586693424,-16.41108707824251,True,0,mapped,True,0.0
T088,L,148,T001,148,-19.20334013350267,12.995699578696478,-15.473953981529236,True,0,mapped,True,0.0
T088,L,149,T001,149,-18.953367036621565,12.603709493027372,-14.59513278015053,True,0,mapped,True,0.0
T088,L,150,T001,150,-18.67906172432484,12.20705185320514,-13.783059014640056,True,0,mapped,True,0.0
T088,L,151,T001,151,-18.401234951960635,11.793436206306486,-12.825694594636069,True,0,mapped,True,0.0
T088,L,152,T001,152,-18.247553452771683,11.351759839022344,-11.719902270106656,True,0,mapped,True,0.0
T088,L,153,T001,153,-18.07588671447598,10.89951992034912,-10.738081413833038,True,0,mapped,True,0.0
T088,L,154,T001,154,-26.736354962805216,19.499521255493164,-23.001984119018395,True,0,mapped,True,0.0
T088,L,155,T001,155,-25.780535398188757,19.045750226556827,-22.813620510114035,True,0,mapped,True,0.0
T088,L,156,T001,156,-24.865344600893398,18.55531224399763,-22.486915820828187,True,0,mapped,True,0.0
T088,L,157,T001,157,-24.09235533901074,17.971692868459613,-22.14284796028364,True,0,mapped,True,0.0
T088,L,158,T001,158,-23.46200699754776,17.281535423655264,-21.85714001919016,True,0,mapped,True,0.0
T088,L,159,T001,159,-22.810276013248316,16.58960335709691,-21.37949302954076,True,0,mapped,True,0.0
T088,L,160,T001,160,-22.182030730868377,15.858850894868262,-20.692142341730094,True,0,mapped,True,0.0
T088,L,161,T001,161,-21.53142922986824,15.340058878835864,-19.936444058715544,True,0,mapped,True,0.0
T088,L,162,T001,162,-21.04778604125389,14.865845003901423,-19.21297826258368,True,0,mapped,True,0.0
T088,L,163,T001,163,-20.60364983179629,14.42801203966042,-18.500440103666065,True,0,mapped,True,0.0
T088,L,164,T001,164,-20.10584116928662,14.029107669867663,-17.697600628353992,True,0,mapped,True,0.0
T088,L,165,T001,165,-19.61241116905655,13.62979134134532,-16.831260229904068,True,0,mapped,True,0.0
T088,L,166,T001,166,-19.171515798183425,13.24130153410402,-15.889409061282112,True,0,mapped,True,0.0
T088,L,167,T001,167,-18.886392895849024,12.793714291080567,-14.975152659505788,True,0,mapped,True,0.0
T088,L,168,T001,168,-18.62000693707753,12.378813417972523,-14.143381065920934,True,0,mapped,True,0.0
T088,L,169,T001,169,-18.36452293548099,11.960738659984637,-13.206837012364002,True,0,mapped,True,0.0
T088,L,170,T001,170,-18.2011228921864,11.501155862751888,-12.21463998493464,True,0,mapped,True,0.0
T088,L,171,T001,171,-17.802272637646244,10.976264262860251,-11.157068508468493,True,0,mapped,True,0.0
T088,L,172,T001,172,-26.098938271758893,19.40270907081906,-22.773082733154297,True,0,mapped,True,0.0
T088,L,173,T001,173,-25.2055504942201,18.86802644215985,-22.5646108606956,True,0,mapped,True,0.0
T088,L,174,T001,174,-24.288874411472165,18.398578415165467,-22.17222820411952,True,0,mapped,True,0.0
T088,L,175,T001,175,-23.59271582555606,17.80101566567108,-21.85584633437461,True,0,mapped,True,0.0
T088,L,176,T001,176,-23.024129073526986,17.093865653876623,-21.51844635837119,True,0,mapped,True,0.0
T088,L,177,T001,177,-22.2177851600969,16.369999623382995,-20.85492933368646,True,0,mapped,True,0.0
T088,L,178,T001,178,-21.57403143070633,15.67824112507454,-20.13721677523753,True,0,mapped,True,0.0
T088,L,179,T001,179,-21.04393337449549,15.24348431012415,-19.439889238912063,True,0,mapped,True,0.0
T088,L,180,T001,180,-20.604363523140552,14.758875340824758,-18.772650580851888,True,0,mapped,True,0.0
T088,L,181,T001,181,-20.15838434335513,14.299431270441024,-18.025789015949307,True,0,mapped,True,0.0
T088,L,182,T001,182,-19.73214987929323,13.866201712849843,-17.21265687693519,True,0,mapped,True,0.0
T088,L,183,T001,183,-19.22166104832532,13.503508348319643,-16.326669433089922,True,0,mapped,True,0.0
T088,L,184,T001,184,-18.795450769052632,13.055389993933462,-15.393341710412152,True,0,mapped,True,0.0
T088,L,185,T001,185,-18.568121816443675,12.63239546683069,-14.57339316277112,True,0,mapped,True,0.0
T088,L,186,T001,186,-18.32086651901241,12.138521209994147,-13.587416722007704,True,0,mapped,True,0.0
T088,L,187,T001,187,-18.032187187503386,11.659080714732042,-12.6635949593595,True,0,mapped,True,0.0
T088,L,188,T001,188,-17.794801712036133,11.17103728949778,-11.634807472383509,True,0,mapped,True,0.0
T088,L,189,T001,189,-25.50013405853683,19.285666019683923,-22.50946031617408,True,0,mapped,True,0.0
T088,L,190,T001,190,-24.5713868278952,18.744954893937173,-22.20399048385068,True,0,mapped,True,0.0
T088,L,191,T001,191,-23.77651839295742,18.217914368369893,-21.860116446974004,True,0,mapped,True,0.0
T088,L,192,T001,192,-23.034523370247605,17.600604402418305,-21.50184611390205,True,0,mapped,True,0.0
T088,L,193,T001,193,-22.40253487898157,16.884400953464013,-21.0456993252424,True,0,mapped,True,0.0
T088,L,194,T001,194,-21.72011682934427,16.075720293703643,-20.405024602515343,True,0,mapped,True,0.0
T088,L,195,T001,195,-21.199635797883964,15.56659069260187,-19.77643323912141,True,0,mapped,True,0.0
T088,L,196,T001,196,-20.579742445734876,15.081530979973332,-18.97493770881329,True,0,mapped,True,0.0
T088,L,197,T001,197,-20.05144329846936,14.718623305886494,-18.28497412308464,True,0,mapped,True,0.0
T088,L,198,T001,198,-19.693701893103587,14.152729281960138,-17.465937578578526,True,0,mapped,True,0.0
T088,L,199,T001,199,-19.213367285363432,13.76855517414612,-16.692214628367438,True,0,mapped,True,0.0
T088,L,200,T001,200,-18.81808161240346,13.303750963518114,-15.755273319018304,True,0,mapped,True,0.0
T088,L,201,T001,201,-18.449204754525045,12.807517006134038,-14.87796110757844,True,0,mapped,True,0.0
T088,L,202,T001,202,-18.233864773545317,12.328280928234491,-13.96972265968117,True,0,mapped,True,0.0
T088,L,203,T001,203,-17.89808587665121,11.86439316581305,-13.1050679300932,True,0,mapped,True,0.0
T088,L,204,T001,204,-17.794801712036133,11.39327307840713,-12.095448670305723,True,0,mapped,True,0.0
T088,L,205,T001,205,-24.89452276194936,19.085442431022397,-22.22474409036389,True,0,mapped,True,0.0
T088,L,206,T001,206,-24.013312980911408,18.58587251505388,-21.908341138876377,True,0,mapped,True,0.0
T088,L,207,T001,207,-23.289475138345423,18.045103524298888,-21.58842239689437,True,0,mapped,True,0.0
T088,L,208,T001,208,-22.56107889918226,17.302521211311863,-21.15270051126701,True,0,mapped,True,0.0
T088,L,209,T001,209,-21.924374177554725,16.578486822890355,-20.64651907207116,True,0,mapped,True,0.0
T088,L,210,T001,210,-21.237425101941263,15.9750966641046,-19.96469706414603,True,0,mapped,True,0.0
T088,L,211,T001,211,-20.58072332194685,15.45474879529451,-19.17722290165116,True,0,mapped,True,0.0
T088,L,212,T001,212,-20.11034290171349,15.033697956938106,-18.541734058248707,True,0,mapped,True,0.0
T088,L,213,T001,213,-19.62360123771725,14.56620933959364,-17.774521608892996,True,0,mapped,True,0.0
T088,L,214,T001,214,-19.250122695474257,14.036071702025232,-16.983150379990683,True,0,mapped,True,0.0
T088,L,215,T001,215,-18.827259865526347,13.640295482059608,-16.1735184907487,True,0,mapped,True,0.0
T088,L,216,T001,216,-18.42567688593437,13.057040071606757,-15.225369489299416,True,0,mapped,True,0.0
T088,L,217,T001,217,-18.245113739761724,12.541486624926415,-14.355144440042611,True,0,mapped,True,0.0
T088,L,218,T001,218,-17.84583625109343,12.096232989317445,-13.511292503401329,True,0,mapped,True,0.0
T088,L,219,T001,219,-17.794801712036133,11.605029603093604,-12.566104871135368,True,0,mapped,True,0.0
T088,L,220,T001,220,-24.281718778278044,18.946172544612796,-21.92989536205476,True,0,mapped,True,0.0
T088,L,221,T001,221,-23.463555597139347,18.473145066399187,-21.599461539442057,True,0,mapped,True,0.0
T088,L,222,T001,222,-22.71204102439487,17.794464313269376,-21.200805830096776,True,0,mapped,True,0.0
T088,L,223,T001,223,-22.134277806305622,17.109094009531745,-20.854546783465292,True,0,mapped,True,0.0
T088,L,224,T001,224,-21.358603744610075,16.41292315830465,-20.15868342249078,True,0,mapped,True,0.0
T088,L,225,T001,225,-20.68843545761109,15.810317435582636,-19.441229572943403,True,0,mapped,True,0.0
T088,L,226,T001,226,-20.131368838414687,15.386707082331869,-18.76666862242633,True,0,mapped,True,0.0
T088,L,227,T001,227,-19.579843706224896,14.926608189566933,-18.017471575711745,True,0,mapped,True,0.0
T088,L,228,T001,228,-19.28285727173654,14.368737050149118,-17.308267246892445,True,0,mapped,True,0.0
T088,L,229,T001,229,-18.878981121065287,13.857866724298486,-16.487503916755518,True,0,mapped,True,0.0
T088,L,230,T001,230,-18.42468620677146,13.345995904814735,-15.567264337763898,True,0,mapped,True,0.0
T088,L,231,T001,231,-18.070077845256648,12.86454935413778,-14.798488821022218,True,0,mapped,True,0.0
T088,L,232,T001,232,-17.795373544144557,12.324836502770143,-13.90232607122407,True,0,mapped,True,0.0
T088,L,233,T001,233,-17.514294516301703,11.79401443855844,-12.95183009981567,True,0,mapped,True,0.0
T088,L,234,T001,234,-23.688938847171368,18.89952087402344,-21.553333811908143,True,0,mapped,True,0.0
T088,L,235,T001,235,-22.913548907214995,18.227875288642085,-21.231057468068293,True,0,mapped,True,0.0
T088,L,236,T001,236,-22.16264836453316,17.563498206975716,-20.835789017867352,True,0,mapped,True,0.0
T088,L,237,T001,237,-21.543871620737328,16.874022400211942,-20.38386569142407,True,0,mapped,True,0.0
T088,L,238,T001,238,-20.80651108840761,16.179951928111294,-19.68507026736762,True,0,mapped,True,0.0
T088,L,239,T001,239,-20.18292340095293,15.698392592278356,-18.963754838360792,True,0,mapped,True,0.0
T088,L,240,T001,240,-19.61762902703991,15.249859713271706,-18.24471252621511,True,0,mapped,True,0.0
T088,L,241,T001,241,-19.17204575108903,14.783553604940389,-17.538532084999094,True,0,mapped,True,0.0
T088,L,242,T001,242,-18.843265751503637,14.205993608030049,-16.78299550758011,True,0,mapped,True,0.0
T088,L,243,T001,243,-18.429432577923365,13.627702938703182,-15.897738656076616,True,0,mapped,True,0.0
T088,L,244,T001,244,-18.1362589035895,13.10016451750476,-15.133338964669202,True,0,mapped,True,0.0
T088,L,245,T001,245,-17.801916059040654,12.588154972447567,-14.29707232014536,True,0,mapped,True,0.0
T088,L,246,T001,246,-17.38849516910393,12.07814139952432,-13.33453927861023,True,0,mapped,True,0.0
T088,L,247,T001,247,-23.12364173665937,18.66504750656835,-21.226704658437026,True,0,mapped,True,0.0
T088,L,248,T001,248,-22.36131733259281,17.964753969906365,-20.908879611426254,True,0,mapped,True,0.0
T088,L,249,T001,249,-21.593678935741217,17.263347459004123,-20.41468368439073,True,0,mapped,True,0.0
T088,L,250,T001,250,-21.01831732890924,16.629272582273707,-19.93382128009045,True,0,mapped,True,0.0
T088,L,251,T001,251,-20.250682456731987,16.10842444967549,-19.1929296797772,True,0,mapped,True,0.0
T088,L,252,T001,252,-19.698920232289023,15.570107084610552,-18.479408963524588,True,0,mapped,True,0.0
T088,L,253,T001,253,-19.17446884316433,15.12906397132129,-17.7499142326206,True,0,mapped,True,0.0
T088,L,254,T001,254,-18.80040463663313,14.524633661987668,-17.009126216457076,True,0,mapped,True,0.0
T088,L,255,T001,255,-18.598025461526564,13.927711563075508,-16.33253053214311,True,0,mapped,True,0.0
T088,L,256,T001,256,-18.094982025875463,13.391614375212828,-15.446792131383734,True,0,mapped,True,0.0
T088,L,257,T001,257,-17.750565546570297,12.89791262375648,-14.70285561433433,True,0,mapped,True,0.0
T088,L,258,T001,258,-17.39480209350586,12.361138370717743,-13.766694359817985,True,0,mapped,True,0.0
T088,L,259,T001,259,-22.54742457324301,18.48812502702814,-20.86978521662013,True,0,mapped,True,0.0
T088,L,260,T001,260,-21.82922388118092,17.786298488131163,-20.54698517917075,True,0,mapped,True,0.0
T088,L,261,T001,261,-21.205938517857945,17.090692553612996,-20.117119826930747,True,0,mapped,True,0.0
T088,L,262,T001,262,-20.380991405277456,16.412182454590614,-19.39998091687625,True,0,mapped,True,0.0
T088,L,263,T001,263,-19.78922918257732,15.934562012137484,-18.70036886304968,True,0,mapped,True,0.0
T088,L,264,T001,264,-19.202394988615477,15.455445451355224,-17.984917491885124,True,0,mapped,True,0.0
T088,L,265,T001,265,-18.724346461057166,15.009582405804483,-17.293533881091548,True,0,mapped,True,0.0
T088,L,266,T001,266,-18.45554340002798,14.392889869341662,-16.630056967614344,True,0,mapped,True,0.0
T088,L,267,T001,267,-18.09487734177921,13.805271352214604,-15.8594174396712,True,0,mapped,True,0.0
T088,L,268,T001,268,-17.7504050258176,13.162554811582796,-15.026320623737174,True,0,mapped,True,0.0
T088,L,269,T001,269,-17.39480209350586,12.64952202078171,-14.1964340790656,True,0,mapped,True,0.0
T088,L,270,T001,270,-21.992223361502084,18.164324066666445,-20.57157517940728,True,0,mapped,True,0.0
T088,L,271,T001,271,-21.28654975108825,17.572565153160834,-20.164414654812365,True,0,mapped,True,0.0
T088,L,272,T001,272,-20.581040172451463,16.91344332688688,-19.64258774227518,True,0,mapped,True,0.0
T088,L,273,T001,273,-19.814383159955074,16.34045128347014,-18.87830102287931,True,0,mapped,True,0.0
T088,L,274,T001,274,-19.252711187764803,15.892599837452366,-18.224999726934268,True,0,mapped,True,0.0
T088,L,275,T001,275,-18.70459562345482,15.357941931384964,-17.47297301366912,True,0,mapped,True,0.0
T088,L,276,T001,276,-18.37710326608755,14.773325008558636,-16.848576215856582,True,0,mapped,True,0.0
T088,L,277,T001,277,-17.9838452428505,14.22367575063396,-16.139168295266924,True,0,mapped,True,0.0
T088,L,278,T001,278,-17.60242775756553,13.571782423312513,-15.33715854213558,True,0,mapped,True,0.0
T088,L,279,T001,279,-17.39480209350586,12.969502880980304,-14.602514428399523,True,0,mapped,True,0.0
T088,L,280,T001,280,-21.406177588993256,18.056958634980163,-20.18045450419557,True,0,mapped,True,0.0
T088,L,281,T001,281,-20.73774552782366,17.26099178351589,-19.76815258805864,True,0,mapped,True,0.0
T088,L,282,T001,282,-20.046535726823617,16.839362302182195,-19.147975720456905,True,0,mapped,True,0.0
T088,L,283,T001,283,-19.34747571126677,16.396455532288865,-18.467141900440225,True,0,mapped,True,0.0
T088,L,284,T001,284,-18.731963608027154,15.80416916807452,-17.68782332327678,True,0,mapped,True,0.0
T088,L,285,T001,285,-18.32309990718728,15.217547102067035,-17.06766826407028,True,0,mapped,True,0.0
T088,L,286,T001,286,-18.0215152629963,14.609564890640025,-16.4453052132073,True,0,mapped,True,0.0
T088,L,287,T001,287,-17.70225452576372,13.892626001998766,-15.68646515789498,True,0,mapped,True,0.0
T088,L,288,T001,288,-17.39480209350586,13.335305731335357,-14.96827757875718,True,0,mapped,True,0.0
T088,L,289,T001,289,-20.867860743906316,17.818191147774943,-19.81454797341913,True,0,mapped,True,0.0
T088,L,290,T001,290,-20.251427162931897,17.276798900151572,-19.341208627380546,True,0,mapped,True,0.0
T088,L,291,T001,291,-19.580211549211647,16.81838641371529,-18.75164534043835,True,0,mapped,True,0.0
T088,L,292,T001,292,-18.847333175956194,16.20114516549038,-17.93081467008986,True,0,mapped,True,0.0
T088,L,293,T001,293,-18.278433719245218,15.61584117743892,-17.230669354185967,True,0,mapped,True,0.0
T088,L,294,T001,294,-17.977855038256006,14.991274621590854,-16.64319905619891,True,0,mapped,True,0.0
T088,L,295,T001,295,-17.618834120997935,14.35416801951867,-15.96753846253819,True,0,mapped,True,0.0
T088,L,296,T001,296,-17.3789051097427,13.724439398953232,-15.301025392773772,True,0,mapped,True,0.0
T088,L,297,T001,297,-20.3327049771628,17.699520111083984,-19.372404222117144,True,0,mapped,True,0.0
T088,L,298,T001,298,-19.745328067877207,17.179476779745098,-18.91547379571836,True,0,mapped,True,0.0
T088,L,299,T001,299,-18.82486885857418,16.69005259871966,-18.029211970669177,True,0,mapped,True,0.0
T088,L,300,T001,300,-18.378309638912867,16.11229754303961,-17.4800926591374,True,0,mapped,True,0.0
T088,L,301,T001,301,-17.96546336803883,15.380241419408057,-16.84361408933072,True,0,mapped,True,0.0
T088,L,302,T001,302,-17.619917480758048,14.813217143729544,-16.283488258393064,True,0,mapped,True,0.0
T088,L,303,T001,303,-17.194801330566406,14.14548563382056,-15.5197814660906,True,0,mapped,True,0.0
T088,L,304,T001,304,-19.79571878728128,17.699520111083984,-18.89645971316223,True,0,mapped,True,0.0
T088,L,305,T001,305,-18.991717811652716,17.14503583025456,-18.218416911718396,True,0,mapped,True,0.0
T088,L,306,T001,306,-18.37952734526492,16.416258317070145,-17.581464605228476,True,0,mapped,True,0.0
T088,L,307,T001,307,-17.968428665716807,15.81732155494261,-17.051029659447053,True,0,mapped,True,0.0
T088,L,308,T001,308,-17.599036120537292,15.23614545284272,-16.497623101352147,True,0,mapped,True,0.0
T088,L,309,T001,309,-17.182220203893927,14.558532028358783,-15.812485399110624,True,0,mapped,True,0.0
T088,L,310,T001,310,-19.289117974863657,17.595898406000337,-18.44174752578622,True,0,mapped,True,0.0
T088,L,311,T001,311,-18.543277745954544,17.005942063377052,-17.829452208701078,True,0,mapped,True,0.0
T088,L,312,T001,312,-17.943546631610786,16.330302746100173,-17.202862106580618,True,0,mapped,True,0.0
T088,L,313,T001,313,-17.58028988928401,15.662955679507206,-16.692026366463033,True,0,mapped,True,0.0
T088,L,314,T001,314,-17.194801330566406,14.99789280337368,-16.08219378127603,True,0,mapped,True,0.0
T088,L,315,T001,315,-18.74592994002257,17.499521255493164,-18.025077988840096,True,0,mapped,True,0.0
T088,L,316,T001,316,-18.104591562398788,16.813044568054913,-17.43232772174969,True,0,mapped,True,0.0
T088,L,317,T001,317,-17.563279156303317,16.121075438050504,-16.84427726291356,True,0,mapped,True,0.0
T088,L,318,T001,318,-17.194801330566403,15.458539610970496,-16.315319023595784,True,0,mapped,True,0.0
T088,L,319,T001,319,-18.22056720954402,17.361167544968467,-17.594192898579703,True,0,mapped,True,0.0
T088,L,320,T001,320,-17.58814695377187,16.63387476376241,-17.01411008085504,True,0,mapped,True,0.0
T088,L,321,T001,321,-17.194801330566406,15.933096339328603,-16.515006869360228,True,0,mapped,True,0.0
T088,L,322,T001,322,-17.640641623815988,17.250047480206575,-17.199063309728484,True,0,mapped,True,0.0
T088,L,323,T001,323,-17.194801330566406,16.420641866255373,-16.688300616802053,True,0,mapped,True,0.0
T088,L,324,T001,324,-17.194801330566406,16.899520874023438,-16.862876892089844,True,0,mapped,True,0.0
T088,L,325,T002,25,-31.194801330566406,18.978915210362803,-24.077558508039047,True,0,mapped,True,0.0
T088,L,326,T002,26,-30.19479340444274,18.797866698664052,-24.199768766261464,True,0,mapped,True,0.0
T088,L,327,T002,27,-29.175733185077263,18.45129012680656,-24.236220702112423,True,0,mapped,True,0.0
T088,L,328,T002,28,-28.072795249961,17.824529778770135,-24.23648545630613,True,0,mapped,True,0.0
T088,L,329,T002,29,-27.07417828079001,17.191635543421967,-24.003571503744105,True,0,mapped,True,0.0
T088,L,330,T002,30,-26.16780406137766,16.619601888350903,-23.68462180089737,True,0,mapped,True,0.0
T088,L,331,T002,31,-25.377589170124047,15.957010747423212,-23.224691480047856,True,0,mapped,True,0.0
T088,L,332,T002,32,-24.795557519111515,15.246845157754688,-22.603320386937288,True,0,mapped,True,0.0
T088,L,333,T002,33,-24.441536749553396,14.706222358292797,-21.96477641224738,True,0,mapped,True,0.0
T088,L,334,T002,34,-23.984266533757346,14.237386064453784,-21.19665532750954,True,0,mapped,True,0.0
T088,L,335,T002,35,-23.379743601730016,13.95566460646525,-20.33024393490164,True,0,mapped,True,0.0
T088,L,336,T002,36,-22.908933558722808,13.637653233894586,-19.37790995831804,True,0,mapped,True,0.0
T088,L,337,T002,37,-22.534925024689045,13.375155695482736,-18.410840655586064,True,0,mapped,True,0.0
T088,L,338,T002,38,-22.031954755088304,13.214887254907826,-17.587831238250143,True,0,mapped,True,0.0
T088,L,339,T002,39,-21.542085127565198,13.019423398053682,-16.686285042271265,True,0,mapped,True,0.0
T088,L,340,T002,40,-21.081698967690404,12.830474424932088,-15.60076317685165,True,0,mapped,True,0.0
T088,L,341,T002,41,-20.735739845907272,12.706682362230463,-14.640182279516734,True,0,mapped,True,0.0
T088,L,342,T002,42,-20.40292924726686,12.544398677513025,-13.600779545973396,True,0,mapped,True,0.0
T088,L,343,T002,43,-19.97123828328567,12.369602790915296,-12.648727321587568,True,0,mapped,True,0.0
T088,L,344,T002,44,-19.588110382583157,12.125847071840138,-11.67228540917245,True,0,mapped,True,0.0
T088,L,345,T002,45,-19.351235534663758,11.93216976098151,-10.479294937162487,True,0,mapped,True,0.0
T088,L,346,T002,46,-19.10032643166904,11.639844287193569,-9.417161112198327,True,0,mapped,True,0.0
T088,L,347,T002,47,-18.89617311046676,11.41511161460279,-8.451678896650527,True,0,mapped,True,0.0
T088,L,348,T002,48,-18.784283014232223,11.058072800295738,-7.246145102445741,True,0,mapped,True,0.0
T088,L,348,T004,23,-18.784283014232223,11.058072800295736,-7.246145102445737,True,0,mapped,False,4.782987168225453e-15
T088,L,349,T002,49,-30.994802474975582,17.924060974472212,-24.63111795873964,True,0,mapped,True,0.0
T088,L,350,T002,50,-29.80324097648771,17.690362863800054,-24.635265996800165,True,0,mapped,True,0.0
T088,L,351,T002,51,-28.55723314573201,17.214063934312172,-24.49972923411135,True,0,mapped,True,0.0
T088,L,352,T002,52,-27.50126094532188,16.55194508549777,-24.257479528397106,True,0,mapped,True,0.0
T088,L,353,T002,53,-26.74295707831044,15.887673405167288,-23.90743414158534,True,0,mapped,True,0.0
T088,L,354,T002,54,-25.982855851522327,15.289442009541853,-23.370375644261763,True,0,mapped,True,0.0
T088,L,355,T002,55,-25.43654134327677,14.709400120524595,-22.731781108644757,True,0,mapped,True,0.0
T088,L,356,T002,56,-24.97465489185165,14.214633948493155,-21.921607806378464,True,0,mapped,True,0.0
T088,L,357,T002,57,-24.43041949156064,13.894183994640423,-20.99705186473585,True,0,mapped,True,0.0
T088,L,358,T002,58,-23.999603972330284,13.644961656714896,-20.18030130708277,True,0,mapped,True,0.0
T088,L,359,T002,59,-23.587126729098134,13.418031458644178,-19.185010204176294,True,0,mapped,True,0.0
T088,L,360,T002,60,-23.11747446000957,13.278541016346209,-18.283440746118583,True,0,mapped,True,0.0
T088,L,361,T002,61,-22.62578410359788,13.161467566900576,-17.381683510731012,True,0,mapped,True,0.0
T088,L,362,T002,62,-22.27637294629248,13.056885920720598,-16.27334461752631,True,0,mapped,True,0.0
T088,L,363,T002,63,-21.73331261320377,13.048496813205894,-15.335999151392656,True,0,mapped,True,0.0
T088,L,364,T002,64,-21.3064483174962,12.956228336859107,-14.374251434394056,True,0,mapped,True,0.0
T088,L,365,T002,65,-20.953858114132608,12.811658916102342,-13.28204076020009,True,0,mapped,True,0.0
T088,L,366,T002,66,-20.571857436583723,12.608552292835876,-12.228950450832675,True,0,mapped,True,0.0
T088,L,367,T002,67,-19.987172333655145,12.57148141805,-11.271995018249964,True,0,mapped,True,0.0
T088,L,368,T002,68,-19.667433933007224,12.432241509017478,-10.28514384711997,True,0,mapped,True,0.0
T088,L,369,T002,69,-19.268640632392,12.120408554861775,-9.11372317695206,True,0,mapped,True,0.0
T088,L,370,T002,70,-19.115811056279416,11.883656073993716,-8.126016140924532,True,0,mapped,True,0.0
T088,L,371,T002,71,-18.832736508321904,11.49894591870438,-6.899706180112281,True,0,mapped,True,0.0
T088,L,371,T004,22,-18.832736508321904,11.498945918704376,-6.899706180112281,True,0,mapped,False,3.552713678800501e-15
T088,L,372,T002,72,-30.273219115676444,16.977937911286052,-24.84675252807777,True,0,mapped,True,0.0
T088,L,373,T002,73,-28.995807773469476,16.574662012512874,-24.67815121198519,True,0,mapped,True,0.0
T088,L,374,T002,74,-27.983311101841963,15.97676268306236,-24.40801362480245,True,0,mapped,True,0.0
T088,L,375,T002,75,-27.21134852635604,15.367827632196086,-24.012422356090568,True,0,mapped,True,0.0
T088,L,376,T002,76,-26.625667498901095,14.755719127514023,-23.40105199397896,True,0,mapped,True,0.0
T088,L,377,T002,77,-26.083455943461203,14.236358640760852,-22.663311341876195,True,0,mapped,True,0.0
T088,L,378,T002,78,-25.517071558416283,13.864119964123503,-21.78703973792892,True,0,mapped,True,0.0
T088,L,379,T002,79,-25.027412924896545,13.606385991891765,-20.78809329723661,True,0,mapped,True,0.0
T088,L,380,T002,80,-24.56469422319307,13.454237189172284,-19.95235804841813,True,0,mapped,True,0.0
T088,L,381,T002,81,-24.12814950044219,13.395344084982453,-19.023089158474026,True,0,mapped,True,0.0
T088,L,382,T002,82,-23.62481554810828,13.33277144780937,-18.020647686551158,True,0,mapped,True,0.0
T088,L,383,T002,83,-23.31512610657004,13.310328202186266,-16.92027723790971,True,0,mapped,True,0.0
T088,L,384,T002,84,-22.935065998583635,13.151998687961374,-15.977274667972164,True,0,mapped,True,0.0
T088,L,385,T002,85,-22.28743282389643,13.24065837736856,-14.998845077007704,True,0,mapped,True,0.0
T088,L,386,T002,86,-21.864930339324324,13.180016501249035,-14.051612357390006,True,0,mapped,True,0.0
T088,L,387,T002,87,-21.38982181061302,13.034680358069494,-12.906614499029423,True,0,mapped,True,0.0
T088,L,388,T002,88,-21.041835210048674,12.919027797600412,-11.90085608041564,True,0,mapped,True,0.0
T088,L,389,T002,89,-20.39207196830708,12.940654619914977,-10.904943855427796,True,0,mapped,True,0.0
T088,L,390,T002,90,-19.978776204069604,12.810139212611984,-9.821884525002742,True,0,mapped,True,0.0
T088,L,391,T002,91,-19.62965897467751,12.536600424816374,-8.72279850792242,True,0,mapped,True,0.0
T088,L,392,T002,92,-19.41903050006588,12.254869021767112,-7.618043779276632,True,0,mapped,True,0.0
T088,L,393,T002,93,-19.101452521980224,11.819448767905705,-6.541512085484515,True,0,mapped,True,0.0
T088,L,393,T004,21,-19.10145252198022,11.8194487679057,-6.541512085484516,True,0,mapped,False,6.646518689688359e-15
T088,L,394,T002,94,-29.55567800184751,15.998225503097403,-24.79467392951763,True,0,mapped,True,0.0
T088,L,395,T002,95,-28.60854153790639,15.37988528022954,-24.46375497353914,True,0,mapped,True,0.0
T088,L,396,T002,96,-27.77122094774852,14.735448680781,-23.943255331709643,True,0,mapped,True,0.0
T088,L,397,T002,97,-27.220190124100423,14.260843611236538,-23.33031023180349,True,0,mapped,True,0.0
T088,L,398,T002,98,-26.62152942434718,13.813483803969122,-22.45508599371582,True,0,mapped,True,0.0
T088,L,399,T002,99,-26.070615790471912,13.599187291031232,-21.5688387474436,True,0,mapped,True,0.0
T088,L,400,T002,100,-25.56419991177869,13.534324835222389,-20.657593821353668,True,0,mapped,True,0.0
T088,L,401,T002,101,-25.186660058306003,13.528714445407946,-19.712652896634424,True,0,mapped,True,0.0
T088,L,402,T002,102,-24.798702151490037,13.499375620868486,-18.72426309951959,True,0,mapped,True,0.0
T088,L,403,T002,103,-24.29199292290613,13.473582957220795,-17.773247973532104,True,0,mapped,True,0.0
T088,L,404,T002,104,-23.885060991634894,13.409555537820134,-16.679908366702037,True,0,mapped,True,0.0
T088,L,405,T002,105,-23.41718677546406,13.382736758357929,-15.76933723470182,True,0,mapped,True,0.0
T088,L,406,T002,106,-22.85377357964825,13.429498896532674,-14.667369869541076,True,0,mapped,True,0.0
T088,L,407,T002,107,-22.34579713112099,13.401587493276576,-13.84725337152637,True,0,mapped,True,0.0
T088,L,408,T002,108,-21.90935066875511,13.450044150050118,-12.648534827254268,True,0,mapped,True,0.0
T088,L,409,T002,109,-21.387027769881104,13.542242263924948,-11.603583277359078,True,0,mapped,True,0.0
T088,L,410,T002,110,-20.81274869084064,13.676347435086544,-10.59590466188162,True,0,mapped,True,0.0
T088,L,411,T002,111,-20.166300281911308,13.325337591439183,-9.498475235566143,True,0,mapped,True,0.0
T088,L,412,T002,112,-19.80293233855345,12.983644003070475,-8.419640956199101,True,0,mapped,True,0.0
T088,L,413,T002,113,-19.555660952303143,12.709136411114404,-7.305773817801624,True,0,mapped,True,0.0
T088,L,414,T002,114,-19.316463345064356,12.238011888141916,-6.199964582467919,True,0,mapped,True,0.0
T088,L,414,T004,20,-19.316463345064356,12.238011888141912,-6.199964582467919,True,0,mapped,False,3.552713678800501e-15
T088,L,415,T002,115,-29.178821938246926,14.870514761087868,-24.46864011070267,True,0,mapped,True,0.0
T088,L,416,T002,116,-28.380114244175992,14.298983312568753,-23.91310608634289,True,0,mapped,True,0.0
T088,L,417,T002,117,-27.758639101395367,13.825737419839257,-23.154595726430323,True,0,mapped,True,0.0
T088,L,418,T002,118,-27.2481040978138,13.614299226399496,-22.222975397814025,True,0,mapped,True,0.0
T088,L,419,T002,119,-26.684535398058777,13.51932370399922,-21.333201201542344,True,0,mapped,True,0.0
T088,L,420,T002,120,-26.02957361483183,13.474998502407168,-20.355407171069917,True,0,mapped,True,0.0
T088,L,421,T002,121,-25.748172664470555,13.582510724229936,-19.502979429069384,True,0,mapped,True,0.0
T088,L,422,T002,122,-25.337327649460736,13.64810044467469,-18.620060512710307,True,0,mapped,True,0.0
T088,L,423,T002,123,-24.821118985038996,13.616382538252266,-17.61697831787106,True,0,mapped,True,0.0
T088,L,424,T002,124,-24.436823047326577,13.65392728720898,-16.49415995236455,True,0,mapped,True,0.0
T088,L,425,T002,125,-23.98444791568828,13.721860593584555,-15.59286364928428,True,0,mapped,True,0.0
T088,L,426,T002,126,-23.437330418149877,13.911740427980403,-14.519417613177122,True,0,mapped,True,0.0
T088,L,427,T002,127,-22.815503486694155,13.971565593079918,-13.528882903189729,True,0,mapped,True,0.0
T088,L,428,T002,128,-22.33720358182872,14.139103047527817,-12.519442415296597,True,0,mapped,True,0.0
T088,L,429,T002,129,-21.60585508834507,14.425048350640006,-11.218306164807553,True,0,mapped,True,0.0
T088,L,430,T002,130,-20.89254385498634,14.2143580283968,-10.355412598067884,True,0,mapped,True,0.0
T088,L,431,T002,131,-20.29117959723032,14.00946788011232,-9.352329161769925,True,0,mapped,True,0.0
T088,L,432,T002,132,-19.77640783740736,13.62399805157694,-8.126014300274804,True,0,mapped,True,0.0
T088,L,433,T002,133,-19.56503646776893,13.263305672553296,-6.952239607142633,True,0,mapped,True,0.0
T088,L,434,T002,134,-19.39399444136711,12.732494589539115,-5.868089052605203,True,0,mapped,True,0.0
T088,L,434,T004,19,-19.39399444136711,12.732494589539112,-5.868089052605204,True,0,mapped,False,3.66205343881779e-15
T088,L,435,T002,135,-28.994802474975582,13.85561197100565,-23.77510709199227,True,0,mapped,True,0.0
T088,L,436,T002,136,-28.403663192448725,13.510553318896577,-22.912159684342065,True,0,mapped,True,0.0
T088,L,437,T002,137,-27.776798705959457,13.493670440987897,-22.02644454912431,True,0,mapped,True,0.0
T088,L,438,T002,138,-27.26005586559606,13.412713171649914,-21.09242040209129,True,0,mapped,True,0.0
T088,L,439,T002,139,-26.76867836843861,13.544700335534834,-20.093258023054176,True,0,mapped,True,0.0
T088,L,440,T002,140,-26.324998781433106,13.635343026603971,-19.173577862159934,True,0,mapped,True,0.0
T088,L,441,T002,141,-25.849406161490517,13.7557047711867,-18.43714390114743,True,0,mapped,True,0.0
T088,L,442,T002,142,-25.53023967403999,13.903903159112954,-17.353826627164757,True,0,mapped,True,0.0
T088,L,443,T002,143,-25.12565274730268,14.124006833804524,-16.300012568071292,True,0,mapped,True,0.0
T088,L,444,T002,144,-24.73468852622677,14.35922803485687,-15.42934414384288,True,0,mapped,True,0.0
T088,L,445,T002,145,-24.097598067292115,14.525730671763828,-14.499167123709364,True,0,mapped,True,0.0
T088,L,446,T002,146,-23.45944246813928,14.73357312780827,-13.53512543751856,True,0,mapped,True,0.0
T088,L,447,T002,147,-22.753361724801568,15.014196815395708,-12.40820569772902,True,0,mapped,True,0.0
T088,L,448,T002,148,-21.90233403519611,15.29515443550078,-11.17965607996588,True,0,mapped,True,0.0
T088,L,449,T002,149,-21.12684625177992,15.21473791978741,-10.27717501809105,True,0,mapped,True,0.0
T088,L,450,T002,150,-20.30572532601688,14.832454476295675,-9.257646499277635,True,0,mapped,True,0.0
T088,L,451,T002,151,-19.664338475457107,14.352220311223226,-7.887137938241249,True,0,mapped,True,0.0
T088,L,452,T002,152,-19.519804863786916,13.814258387679086,-6.53351930029969,True,0,mapped,True,0.0
T088,L,453,T002,153,-19.458860584159517,13.032033753716808,-5.361717248360734,True,0,mapped,True,0.0
T088,L,453,T004,18,-19.458860584159517,13.032033753716805,-5.361717248360738,True,0,mapped,False,5.0242958677880805e-15
T088,L,454,T002,154,-28.994802474975582,13.317396831864636,-22.65040645547877,True,0,mapped,True,0.0
T088,L,455,T002,155,-28.40438382595748,13.500537634059668,-21.784359285784788,True,0,mapped,True,0.0
T088,L,456,T002,156,-27.89224457646726,13.504799455844386,-20.89300548834695,True,0,mapped,True,0.0
T088,L,457,T002,157,-27.414270970873947,13.60433901727462,-19.90417379536224,True,0,mapped,True,0.0
T088,L,458,T002,158,-27.048779830017224,13.766753880021804,-18.949577863377307,True,0,mapped,True,0.0
T088,L,459,T002,159,-26.52563865361392,14.00495805930662,-18.10847118699836,True,0,mapped,True,0.0
T088,L,460,T002,160,-26.209184839148588,14.335089574260412,-17.108728748721244,True,0,mapped,True,0.0
T088,L,461,T002,161,-25.797297812041077,14.658824508400349,-16.18919223863253,True,0,mapped,True,0.0
T088,L,462,T002,162,-25.26194225766578,14.919345565554927,-15.350674908876456,True,0,mapped,True,0.0
T088,L,463,T002,163,-24.58786650899886,15.139318005375957,-14.452253449395272,True,0,mapped,True,0.0
T088,L,464,T002,164,-23.90210001785457,15.445966626205776,-13.462953345296883,True,0,mapped,True,0.0
T088,L,465,T002,165,-23.1037465036634,15.818141298092554,-12.343034161054671,True,0,mapped,True,0.0
T088,L,466,T002,166,-22.194100537760505,16.12009473097126,-11.21420746097994,True,0,mapped,True,0.0
T088,L,467,T002,167,-21.279212796814804,16.06917905485461,-10.20833294960077,True,0,mapped,True,0.0
T088,L,468,T002,168,-20.262743340777423,15.613983288668678,-9.053057672354798,True,0,mapped,True,0.0
T088,L,469,T002,169,-19.573045990208183,15.04919529470706,-7.572042304872074,True,0,mapped,True,0.0
T088,L,470,T002,170,-19.495165922244745,14.299069097007632,-6.095196917491413,True,0,mapped,True,0.0
T088,L,471,T002,171,-19.658082502545398,13.462353919357014,-5.023437606630316,True,0,mapped,True,0.0
T088,L,471,T004,17,-19.6580825025454,13.46235391935701,-5.023437606630314,True,0,mapped,False,5.329070518200751e-15
T088,L,472,T002,172,-28.994802474975582,13.424941082986942,-21.40287166252983,True,0,mapped,True,0.0
T088,L,473,T002,173,-28.525564486581107,13.53907965165986,-20.51856274271481,True,0,mapped,True,0.0
T088,L,474,T002,174,-28.134192552030903,13.71946421324965,-19.60937574290624,True,0,mapped,True,0.0
T088,L,475,T002,175,-27.70203082192448,14.003777589165026,-18.721469662182848,True,0,mapped,True,0.0
T088,L,476,T002,176,-27.156947549037287,14.34937670125617,-17.895308667475767,True,0,mapped,True,0.0
T088,L,477,T002,177,-26.711075930158728,14.761006886845992,-17.035336101666193,True,0,mapped,True,0.0
T088,L,478,T002,178,-26.227874336215404,15.141890242016608,-16.179706888066058,True,0,mapped,True,0.0
T088,L,479,T002,179,-25.617524498950598,15.45694705036724,-15.31366804152073,True,0,mapped,True,0.0
T088,L,480,T002,180,-24.94264750220834,15.755816931903606,-14.382867618210351,True,0,mapped,True,0.0
T088,L,481,T002,181,-24.2423673374745,16.128180688386017,-13.361418209401135,True,0,mapped,True,0.0
T088,L,482,T002,182,-23.430271742466232,16.562191877954824,-12.284080514050643,True,0,mapped,True,0.0
T088,L,483,T002,183,-22.48177182394217,16.888466184544026,-11.220529503974127,True,0,mapped,True,0.0
T088,L,484,T002,184,-21.474074029609262,16.84798235569797,-10.101529203335511,True,0,mapped,True,0.0
T088,L,485,T002,185,-20.315107215728883,16.33268819405994,-8.652449654281199,True,0,mapped,True,0.0
T088,L,486,T002,186,-19.65324708026032,15.598766878547105,-7.115349681895893,True,0,mapped,True,0.0
T088,L,487,T002,187,-19.622880976149347,14.758151409767198,-5.697854030123536,True,0,mapped,True,0.0
T088,L,488,T002,188,-19.96607173817557,13.796998254034255,-4.629088104057274,True,0,mapped,True,0.0
T088,L,488,T004,16,-19.96607173817558,13.796998254034254,-4.629088104057272,True,0,mapped,False,7.793734002518813e-15
T088,L,489,T002,189,-29.099372991572423,13.592314663483837,-20.20495382629544,True,0,mapped,True,0.0
T088,L,490,T002,190,-28.713877791006883,13.929381963461484,-19.36703686552713,True,0,mapped,True,0.0
T088,L,491,T002,191,-28.251856881898732,14.326566889808316,-18.57866989533252,True,0,mapped,True,0.0
T088,L,492,T002,192,-27.685536795381918,14.75181635605982,-17.812437072163277,True,0,mapped,True,0.0
T088,L,493,T002,193,-27.13590862589043,15.20204028244904,-17.041259583490874,True,0,mapped,True,0.0
T088,L,494,T002,194,-26.561378028379224,15.629392750898251,-16.226136667642272,True,0,mapped,True,0.0
T088,L,495,T002,195,-25.90466330640354,16.0022208862391,-15.326814324564388,True,0,mapped,True,0.0
T088,L,496,T002,196,-25.23114292682297,16.36984867002102,-14.3393794675899,True,0,mapped,True,0.0
T088,L,497,T002,197,-24.56694867731597,16.787374910758516,-13.268622249908784,True,0,mapped,True,0.0
T088,L,498,T002,198,-23.783934438884053,17.242833719874405,-12.188658947314384,True,0,mapped,True,0.0
T088,L,499,T002,199,-22.818174094950777,17.619976107359577,-11.134991128723144,True,0,mapped,True,0.0
T088,L,500,T002,200,-21.73170488485116,17.573057894631418,-9.867205512474436,True,0,mapped,True,0.0
T088,L,501,T002,201,-20.562337477333124,17.0050615614862,-7.959228559210162,True,0,mapped,True,0.0
T088,L,502,T002,202,-20.346955859847608,15.883395109459451,-6.849268759149725,True,0,mapped,True,0.0
T088,L,503,T002,203,-20.259091496669534,14.99676708849709,-5.535750262493981,True,0,mapped,True,0.0
T088,L,504,T002,204,-20.452420857833356,14.050823108279292,-4.467213280456052,True,0,mapped,True,0.0
T088,L,504,T004,15,-20.45242085783335,14.050823108279292,-4.467213280456052,True,0,mapped,False,7.105427357601002e-15
T088,L,505,T002,205,-29.261547277644222,14.230840187511388,-19.178548613091507,True,0,mapped,True,0.0
T088,L,506,T002,206,-28.782759811068928,14.72430121136842,-18.483047022842733,True,0,mapped,True,0.0
T088,L,507,T002,207,-28.15595145283144,15.192924283189736,-17.776222964572966,True,0,mapped,True,0.0
T088,L,508,T002,208,-27.53704434272746,15.668731232344973,-17.07366741920041,True,0,mapped,True,0.0
T088,L,509,T002,209,-26.899614549710623,16.132258228612116,-16.291679737300424,True,0,mapped,True,0.0
T088,L,510,T002,210,-26.205612919635254,16.553991175663338,-15.363677708865032,True,0,mapped,True,0.0
T088,L,511,T002,211,-25.54293938664288,16.977773975047214,-14.329213546548804,True,0,mapped,True,0.0
T088,L,512,T002,212,-24.95980336231541,17.426648273553162,-13.19882520560994,True,0,mapped,True,0.0
T088,L,513,T002,213,-24.246461543122244,17.865028421055307,-12.054519689535882,True,0,mapped,True,0.0
T088,L,514,T002,214,-23.290262324322647,18.28851707347588,-10.914298987694234,True,0,mapped,True,0.0
T088,L,515,T002,215,-22.16149996641535,18.3296792000356,-9.328787501918486,True,0,mapped,True,0.0
T088,L,516,T002,216,-21.32449240624977,17.424414575626443,-7.472375180550962,True,0,mapped,True,0.0
T088,L,517,T002,217,-21.14025931876303,15.88213128877921,-6.70010976373214,True,0,mapped,True,0.0
T088,L,518,T002,218,-21.01380528847368,14.787309041820675,-5.622365553315675,True,0,mapped,True,0.0
T088,L,519,T002,219,-21.043665242872294,14.04583035532862,-4.373081684112551,True,0,mapped,True,0.0
T088,L,519,T004,14,-21.043665242872297,14.04583035532862,-4.373081684112549,True,0,mapped,False,3.972054645195637e-15
T088,L,520,T002,220,-29.342217546703058,15.200311301768709,-18.40882420033189,True,0,mapped,True,0.0
T088,L,521,T002,221,-28.59591956774145,15.6717258576576,-17.733859790230387,True,0,mapped,True,0.0
T088,L,522,T002,222,-27.96100927719978,16.159838378353058,-17.086393266967885,True,0,mapped,True,0.0
T088,L,523,T002,223,-27.311141340057315,16.645491825075624,-16.316681507242365,True,0,mapped,True,0.0
T088,L,524,T002,224,-26.63519693413106,17.117384011391568,-15.364212647669426,True,0,mapped,True,0.0
T088,L,525,T002,225,-25.99338601228264,17.572114362545328,-14.318380799027278,True,0,mapped,True,0.0
T088,L,526,T002,226,-25.49112930249914,18.03816262007017,-13.196173501683408,True,0,mapped,True,0.0
T088,L,527,T002,227,-24.91932615470113,18.411214007678375,-11.902439613469106,True,0,mapped,True,0.0
T088,L,528,T002,228,-24.04849034133328,18.898970068341143,-10.572132439888264,True,0,mapped,True,0.0
T088,L,529,T002,229,-22.88270448969523,18.99415506218619,-8.52825408103964,True,0,mapped,True,0.0
T088,L,530,T002,230,-22.293804380913706,17.445126238851838,-7.155463010637649,True,0,mapped,True,0.0
T088,L,531,T002,231,-22.00086681038051,15.903282071367997,-6.553991675431518,True,0,mapped,True,0.0
T088,L,532,T002,232,-21.700026213142905,14.632788498026038,-5.733281456723104,True,0,mapped,True,0.0
T088,L,533,T002,233,-21.62742604831744,13.941223247074651,-4.426091401289467,True,0,mapped,True,0.0
T088,L,533,T004,13,-21.62742604831744,13.941223247074651,-4.426091401289465,True,0,mapped,False,1.7763568394002505e-15
T088,L,534,T002,234,-28.975534705818635,16.142119268293804,-17.641730498812997,True,0,mapped,True,0.0
T088,L,535,T002,235,-28.45723693495127,16.68422014130318,-17.04549467195652,True,0,mapped,True,0.0
T088,L,536,T002,236,-27.84408150368096,17.171559831711313,-16.2485142833644,True,0,mapped,True,0.0
T088,L,537,T002,237,-27.26830239479744,17.693287300588892,-15.227187633322636,True,0,mapped,True,0.0
T088,L,538,T002,238,-26.799356705734347,18.106724512341355,-14.34179582899073,True,0,mapped,True,0.0
T088,L,539,T002,239,-26.18495551367708,18.47594284274421,-13.138232762159875,True,0,mapped,True,0.0
T088,L,540,T002,240,-25.73395271048817,18.804049399255216,-11.793047919313649,True,0,mapped,True,0.0
T088,L,541,T002,241,-25.128912632022747,19.45849182970516,-10.13353926178534,True,0,mapped,True,0.0
T088,L,542,T002,242,-24.16857316177742,19.05248754060869,-7.974680668798976,True,0,mapped,True,0.0
T088,L,543,T002,243,-23.197421553741798,17.40852392882609,-6.9787380208957295,True,0,mapped,True,0.0
T088,L,544,T002,244,-22.60979142353114,15.747220335377056,-6.453291491657266,True,0,mapped,True,0.0
T088,L,545,T002,245,-22.330667064899465,14.465487650158066,-5.813425359880997,True,0,mapped,True,0.0
T088,L,546,T002,246,-22.140003975944868,13.722812004762822,-4.660394252089464,True,0,mapped,True,0.0
T088,L,546,T004,12,-22.14000397594487,13.722812004762822,-4.660394252089464,True,0,mapped,False,3.552713678800501e-15
T088,L,547,T002,247,-29.16204788598546,17.18665802498794,-16.988913953491874,True,0,mapped,True,0.0
T088,L,548,T002,248,-28.42786693165169,17.65126195874463,-16.03046515565893,True,0,mapped,True,0.0
T088,L,549,T002,249,-27.957973143229044,17.975228279299074,-15.056708947490058,True,0,mapped,True,0.0
T088,L,550,T002,250,-27.407845845825097,18.184570241199047,-14.183484914867616,True,0,mapped,True,0.0
T088,L,551,T002,251,-26.911140942550904,18.26892968610746,-12.965680470429875,True,0,mapped,True,0.0
T088,L,552,T002,252,-26.57881640642907,18.448120295158414,-11.610695587549726,True,0,mapped,True,0.0
T088,L,553,T002,253,-26.18995061552639,18.936408307636285,-9.780441961573006,True,0,mapped,True,0.0
T088,L,554,T002,254,-25.400212372240272,18.50848377732524,-7.955318465034803,True,0,mapped,True,0.0
T088,L,555,T002,255,-24.19397348153771,17.079377600145055,-6.877396211838912,True,0,mapped,True,0.0
T088,L,556,T002,256,-23.39579571459479,15.61662469561654,-6.368046362753898,True,0,mapped,True,0.0
T088,L,557,T002,257,-23.020030947728465,14.36994593335827,-5.921108983726447,True,0,mapped,True,0.0
T088,L,558,T002,258,-22.645180676084927,13.473023836372136,-4.876189917864204,True,0,mapped,True,0.0
T088,L,558,T004,11,-22.645180676084927,13.473023836372136,-4.876189917864204,True,0,mapped,False,0.0
T088,L,559,T002,259,-29.194801330566406,17.804723100011255,-15.92814609346295,True,0,mapped,True,0.0
T088,L,560,T002,260,-28.566429613476707,17.82802450093228,-14.782669357783156,True,0,mapped,True,0.0
T088,L,561,T002,261,-27.91918013635968,17.809586236567036,-13.866931006466157,True,0,mapped,True,0.0
T088,L,562,T002,262,-27.40549673776885,17.84748437866773,-12.825213484878416,True,0,mapped,True,0.0
T088,L,563,T002,263,-27.19310623211154,17.854715746972843,-11.483959583763326,True,0,mapped,True,0.0
T088,L,564,T002,264,-26.812900504835028,18.17019056640767,-9.751023618414076,True,0,mapped,True,0.0
T088,L,565,T002,265,-26.23588912385684,17.68318972885154,-8.015300365309136,True,0,mapped,True,0.0
T088,L,566,T002,266,-25.249090606473143,16.63130157404139,-6.917237411467607,True,0,mapped,True,0.0
T088,L,567,T002,267,-24.276380245698903,15.202777099384807,-6.340331905421404,True,0,mapped,True,0.0
T088,L,568,T002,268,-23.64030813772038,14.05289057808982,-5.944558680670445,True,0,mapped,True,0.0
T088,L,569,T002,269,-23.14872407445338,13.183065595032842,-4.97308158874512,True,0,mapped,True,0.0
T088,L,569,T004,10,-23.14872407445338,13.183065595032838,-4.973081588745117,True,0,mapped,False,4.440892098500626e-15
T088,L,570,T002,270,-29.194801330566406,17.4593077678398,-14.73028842925618,True,0,mapped,True,0.0
T088,L,571,T002,271,-28.44260769326001,17.34154619487272,-13.651048702356045,True,0,mapped,True,0.0
T088,L,572,T002,272,-28.00794831435465,17.28993433849221,-12.719447448598496,True,0,mapped,True,0.0
T088,L,573,T002,273,-27.64271981194766,17.31591285928026,-11.400858147680022,True,0,mapped,True,0.0
T088,L,574,T002,274,-27.335231466632763,17.447954323045384,-9.900283422965902,True,0,mapped,True,0.0
T088,L,575,T002,275,-26.91220495539143,17.05909530046261,-8.284455201130482,True,0,mapped,True,0.0
T088,L,576,T002,276,-26.063029770541387,16.057945218624496,-7.148417230720623,True,0,mapped,True,0.0
T088,L,577,T002,277,-25.006765929356817,14.798628321894723,-6.445360423620688,True,0,mapped,True,0.0
T088,L,578,T002,278,-24.1644177622179,13.686709006424364,-5.9886850914344025,True,0,mapped,True,0.0
T088,L,579,T002,279,-23.62930281168962,12.819563554240968,-4.989458523088447,True,0,mapped,True,0.0
T088,L,579,T004,9,-23.62930281168962,12.819563554240968,-4.989458523088446,True,0,mapped,False,8.881784197001252e-16
T088,L,580,T002,280,-29.194801330566406,16.73431678774941,-13.686596745459864,True,0,mapped,True,0.0
T088,L,581,T002,281,-28.615010465447515,16.6922767340722,-12.67709418688025,True,0,mapped,True,0.0
T088,L,582,T002,282,-28.197865452838208,16.707535126685798,-11.528473425466382,True,0,mapped,True,0.0
T088,L,583,T002,283,-27.80748666987848,16.67902171993715,-10.030952779362856,True,0,mapped,True,0.0
T088,L,584,T002,284,-27.353634355672447,16.365196175807792,-8.524740611152986,True,0,mapped,True,0.0
T088,L,585,T002,285,-26.573472894629887,15.595101654207005,-7.412477411314642,True,0,mapped,True,0.0
T088,L,586,T002,286,-25.67637211445197,14.34849622316314,-6.676698555069761,True,0,mapped,True,0.0
T088,L,587,T002,287,-24.71179080888851,13.299830110164503,-6.10389105644671,True,0,mapped,True,0.0
T088,L,588,T002,288,-24.09719102335169,12.49981339573965,-5.173081874847414,True,0,mapped,True,0.0
T088,L,588,T004,8,-24.09719102335169,12.499813395739649,-5.173081874847411,True,0,mapped,False,3.2023728339893768e-15
T088,L,589,T002,289,-29.194801330566406,16.035824175473117,-12.642557904819796,True,0,mapped,True,0.0
T088,L,590,T002,290,-28.675849353047845,16.074077675347795,-11.51786030380301,True,0,mapped,True,0.0
T088,L,591,T002,291,-28.30222197959667,15.93002881436881,-10.24558039122133,True,0,mapped,True,0.0
T088,L,592,T002,292,-27.77954816874288,15.527708967426422,-8.808939555011456,True,0,mapped,True,0.0
T088,L,593,T002,293,-26.98048168552476,15.171399582508863,-7.713282889201848,True,0,mapped,True,0.0
T088,L,594,T002,294,-26.187764045634324,13.923428749424458,-6.928035779468621,True,0,mapped,True,0.0
T088,L,595,T002,295,-25.192755719987915,12.885428108217209,-6.284990882465619,True,0,mapped,True,0.0
T088,L,596,T002,296,-24.577958362601155,12.205493450548556,-5.363378448001454,True,0,mapped,True,0.0
T088,L,596,T004,7,-24.00833387009934,12.556815941784157,-5.132599085323637,True,3,smooth_internal,False,0.7079256101766062
T088,L,597,T002,297,-29.194801330566406,15.350551453898271,-11.572188430900772,True,0,mapped,True,0.0
T088,L,598,T002,298,-28.774214408637185,15.121944388093484,-10.399957570378476,True,0,mapped,True,0.0
T088,L,599,T002,299,-28.17293882031692,14.87503051226414,-9.205467885498326,True,0,mapped,True,0.0
T088,L,600,T002,300,-27.5238143398358,14.45098181207176,-8.184806804513798,True,0,mapped,True,0.0
T088,L,601,T002,301,-26.56535417473656,13.730331495643403,-7.178411903665348,True,0,mapped,True,0.0
T088,L,602,T002,302,-25.601191476808005,12.497508227933542,-6.429910153640299,True,0,mapped,True,0.0
T088,L,603,T002,303,-25.032544638609814,11.807158014412614,-5.373081684112549,True,0,mapped,True,0.0
T088,L,603,T004,6,-24.093302152843304,12.502981416266325,-5.160033872368291,True,3,smooth_internal,False,1.1881649816945201
T088,L,604,T002,304,-29.194801330566406,14.445255675408,-10.6824348206669,True,0,mapped,True,0.0
T088,L,605,T002,305,-28.540893753136157,14.11595230178322,-9.490695686960182,True,0,mapped,True,0.0
T088,L,606,T002,306,-27.931031495522987,13.84589898939404,-8.581706253570605,True,0,mapped,True,0.0
T088,L,607,T002,307,-27.023486125105578,13.236698534594224,-7.5140438645580385,True,0,mapped,True,0.0
T088,L,608,T002,308,-26.04904668219465,12.184370553569728,-6.648455994616805,True,0,mapped,True,0.0
T088,L,609,T002,309,-25.482035233553383,11.440292662691531,-5.5127822109078295,True,0,mapped,True,0.0
T088,L,609,T004,5,-24.29089763048381,12.380036769362787,-5.240070317255501,True,3,smooth_internal,False,1.541525073558366
T088,L,610,T002,310,-29.194801330566406,13.355155747445124,-10.033659069403193,True,0,mapped,True,0.0
T088,L,611,T002,311,-28.32883117063754,13.105486759835651,-8.915361454432286,True,0,mapped,True,0.0
T088,L,612,T002,312,-27.44805048787504,12.813478747763495,-7.806895717801587,True,0,mapped,True,0.0
T088,L,613,T002,313,-26.57017806387426,11.904051330055848,-6.874826756982406,True,0,mapped,True,0.0
T088,L,614,T002,314,-25.959268148079964,11.118545601550258,-5.65519393935002,True,0,mapped,True,0.0
T088,L,614,T004,4,-24.57774296486043,12.205229975078698,-5.364108526011318,True,3,smooth_internal,False,1.7816356185817646
T088,L,615,T002,315,-28.83053187337029,12.575934240062711,-9.239607180891843,True,0,mapped,True,0.0
T088,L,616,T002,316,-27.906722394247456,12.279688811612733,-8.168783997459133,True,0,mapped,True,0.0
T088,L,617,T002,317,-26.987524374468467,11.540275065066352,-7.028740355419571,True,0,mapped,True,0.0
T088,L,618,T002,318,-26.430426241671512,10.875597956791951,-5.939622556393603,True,0,mapped,True,0.0
T088,L,618,T004,3,-24.964980526705062,11.97279410292684,-5.537009949973055,True,3,smooth_internal,False,1.8744245616870072
T088,L,619,T002,319,-28.35976108966967,11.899520874023438,-8.449915400479725,True,0,mapped,True,0.0
T088,L,620,T002,320,-27.542907283306707,11.33582621487574,-7.448550572852604,True,0,mapped,True,0.0
T088,L,621,T002,321,-26.910370139215864,10.613613085957262,-6.153050754506623,True,0,mapped,True,0.0
T088,L,621,T004,2,-25.49980335739784,11.65485208334267,-5.780399876985397,True,2,smooth_near_vertex,False,1.7924134490016423
T088,L,622,T002,322,-27.994802474975582,11.078819837116145,-7.758030897112511,True,0,mapped,True,0.0
T088,L,623,T002,323,-27.339340763229966,10.453080247499326,-6.521775934190698,True,0,mapped,True,0.0
T088,L,623,T004,1,-26.30753504808161,11.177211264106656,-6.151674443972771,True,2,smooth_near_vertex,False,1.3137594437670483
T088,L,624,T002,324,-27.794801712036133,10.299520492553713,-6.837827682495117,True,0,mapped,False,0.0
T088,L,624,T003,0,-27.794801712036133,10.299520492553713,-6.837827682495117,True,0,mapped,False,0.0
T088,L,624,T004,0,-27.794801712036133,10.299520492553713,-6.837827682495117,True,-1,landmark_vertex,True,0.0
T088,L,624,T005,0,-27.794801712036133,10.299520492553713,-6.837827682495117,True,0,mapped,False,0.0
T088,L,625,T003,1,-27.7761685128459,9.8776030031087,-6.106513242704408,True,0,mapped,True,0.0
T088,L,625,T005,25,-27.7761685128459,9.877603003108703,-6.106513242704406,True,0,mapped,False,3.972054645195637e-15
T088,L,626,T003,2,-27.794801712036133,9.78957537228954,-5.2490381267395065,True,0,mapped,True,0.0
T088,L,626,T005,49,-27.794801712036133,9.789575372289542,-5.249038126739508,True,0,mapped,False,2.5121479338940403e-15
T088,L,627,T003,3,-27.794801712036133,9.964052310861188,-4.400881637035021,True,0,mapped,True,0.0
T088,L,627,T005,72,-27.794801712036133,9.964052310861188,-4.400881637035022,True,0,mapped,False,8.881784197001252e-16
T088,L,628,T003,4,-27.794801712036133,10.359425580816405,-3.635304366743748,True,0,mapped,True,0.0
T088,L,628,T005,94,-27.794801712036133,10.359425580816405,-3.6353043667437497,True,0,mapped,False,1.7763568394002505e-15
T088,L,629,T003,5,-27.94372148791937,10.737871784031064,-2.9028351986527543,True,0,mapped,True,0.0
T088,L,629,T005,115,-27.943721487919365,10.737871784031064,-2.902835198652756,True,0,mapped,False,3.972054645195637e-15
T088,L,630,T003,6,-28.23688066747826,11.113014943476143,-2.1866728120283527,True,0,mapped,True,0.0
T088,L,630,T005,135,-28.23688066747826,11.113014943476143,-2.186672812028354,True,0,mapped,False,1.3322676295501878e-15
T088,L,631,T003,7,-28.45953895610789,11.522331392156104,-1.5122596897493623,True,0,mapped,True,0.0
T088,L,631,T005,154,-28.45953895610789,11.522331392156104,-1.5122596897493628,True,0,mapped,False,4.440892098500626e-16
T088,L,632,T003,8,-28.94049436142364,11.73318112689032,-0.8657268817207062,True,0,mapped,True,0.0
T088,L,632,T005,172,-28.94049436142364,11.73318112689032,-0.8657268817207071,True,0,mapped,False,8.881784197001252e-16
T088,L,633,T003,9,-29.160619272580867,12.263768280068328,-0.3034027653876063,True,0,mapped,True,0.0
T088,L,633,T005,189,-29.160619272580867,12.263768280068328,-0.3034027653876063,True,0,mapped,False,0.0
T088,L,634,T003,10,-29.470599297772385,12.784354466525665,0.2071928373083178,True,0,mapped,True,0.0
T088,L,634,T005,205,-29.47059929777238,12.784354466525665,0.2071928373083162,True,0,mapped,False,3.9004237996278885e-15
T088,L,635,T003,11,-29.794801712036133,13.12420896291966,0.8730289564146281,True,0,mapped,True,0.0
T088,L,635,T005,220,-29.794801712036136,13.124208962919658,0.8730289564146271,True,0,mapped,False,4.095805194048e-15
T088,L,636,T003,12,-29.794801712036133,13.386933422707676,1.6880277481198298,True,0,mapped,True,0.0
T088,L,636,T005,234,-29.794801712036133,13.386933422707674,1.6880277481198276,True,0,mapped,False,2.8435583831733384e-15
T088,L,637,T003,13,-29.71625264885549,13.499520301818848,2.531481528417869,True,0,mapped,True,0.0
T088,L,637,T005,247,-29.71625264885549,13.499520301818848,2.531481528417867,True,0,mapped,False,1.7763568394002505e-15
T088,L,638,T003,14,-29.256739849104758,13.498549348920594,3.233273586719632,True,0,mapped,True,0.0
T088,L,638,T005,259,-29.25673984910476,13.498549348920596,3.2332735867196307,True,0,mapped,False,4.189529226675416e-15
T088,L,639,T003,15,-28.629153840606637,13.403392887411172,3.771423021783357,True,0,mapped,True,0.0
T088,L,639,T005,270,-28.62915384060664,13.403392887411174,3.771423021783355,True,0,mapped,False,4.351167857633658e-15
T088,L,640,T003,16,-27.931531771775155,13.099520683288574,4.1276515380268135,True,0,mapped,True,0.0
T088,L,640,T005,280,-27.931531771775155,13.099520683288574,4.127651538026814,True,0,mapped,False,8.881784197001252e-16
T088,L,641,T003,17,-27.221811281465968,12.726530061983544,4.360893193352126,True,0,mapped,True,0.0
T088,L,641,T005,289,-27.221811281465964,12.726530061983544,4.360893193352126,True,0,mapped,False,3.552713678800501e-15
T088,L,642,T003,18,-26.56771260970463,12.238606584172802,4.592232043077965,True,0,mapped,True,0.0
T088,L,642,T005,297,-26.56771260970463,12.238606584172802,4.592232043077965,True,0,mapped,False,0.0
T088,L,643,T003,19,-26.08445538731042,11.58917364165453,4.668510244774298,True,0,mapped,True,0.0
T088,L,643,T005,304,-26.08445538731042,11.58917364165453,4.668510244774298,True,0,mapped,False,0.0
T088,L,644,T003,20,-25.473199386041426,10.977917960543802,4.738661353443685,True,0,mapped,True,0.0
T088,L,644,T005,310,-25.473199386041426,10.977917960543804,4.738661353443685,True,0,mapped,False,1.7763568394002505e-15
T088,L,645,T003,21,-25.0134745041703,10.318192610784106,4.895612537575813,True,0,mapped,True,0.0
T088,L,645,T005,315,-25.0134745041703,10.31819261078411,4.895612537575813,True,0,mapped,False,3.552713678800501e-15
T088,L,646,T003,22,-24.416766308753434,9.701849293704822,5.020837494771568,True,0,mapped,True,0.0
T088,L,646,T005,319,-24.416766308753434,9.701849293704823,5.020837494771568,True,0,mapped,False,1.7763568394002505e-15
T088,L,647,T003,23,-24.07289767336239,9.005090597850716,5.282640579750403,True,0,mapped,True,0.0
T088,L,647,T005,322,-24.07289767336239,9.005090597850716,5.282640579750403,True,0,mapped,False,0.0
T088,L,648,T003,24,-23.59480094909668,8.499520301818848,5.691652297973633,True,0,mapped,False,0.0
T088,L,648,T005,324,-23.59480094909668,8.499520301818848,5.691652297973633,True,0,mapped,False,0.0
T088,L,648,T006,324,-23.59480094909668,8.499520301818848,5.691652297973633,True,0,mapped,False,0.0
T088,L,648,T009,0,-23.59480094909668,8.499520301818848,5.691652297973633,True,0,mapped,False,0.0
T088,L,648,T010,0,-23.59480094909668,8.499520301818848,5.691652297973633,True,-1,landmark_vertex,True,0.0
T088,L,649,T003,25,-27.151782183948928,10.507010451390071,-6.343897737967165,True,0,mapped,True,0.0
T088,L,649,T004,25,-26.304929624709857,11.17817934483372,-6.149669022248736,True,2,smooth_near_vertex,False,1.0978851190474201
T088,L,650,T003,26,-27.08219390177411,10.271025599870486,-5.719340527593403,True,0,mapped,True,0.0
T088,L,651,T003,27,-27.005777554063,10.381669490328884,-4.825785063331988,True,0,mapped,True,0.0
T088,L,652,T003,28,-27.013380668188933,10.644778143592283,-4.036958737596078,True,0,mapped,True,0.0
T088,L,653,T003,29,-27.168117379663,10.928032701803492,-3.3392775125492715,True,0,mapped,True,0.0
T088,L,654,T003,30,-27.383169388728213,11.395475666416772,-2.488608191125337,True,0,mapped,True,0.0
T088,L,655,T003,31,-27.482240372515875,11.878013772982117,-1.907781282730038,True,0,mapped,True,0.0
T088,L,656,T003,32,-27.64567111014653,12.369820324480706,-1.426566336340279,True,0,mapped,True,0.0
T088,L,657,T003,33,-27.99197679649025,12.908884475602738,-0.899160387910994,True,0,mapped,True,0.0
T088,L,658,T003,34,-28.48428685906404,13.395968557322425,-0.3612804396185454,True,0,mapped,True,0.0
T088,L,659,T003,35,-28.969777039449298,13.862969777524148,0.2550508685464367,True,0,mapped,True,0.0
T088,L,660,T003,36,-28.983574246257756,14.440487376540664,1.0492845991797115,True,0,mapped,True,0.0
T088,L,661,T003,37,-28.810616075816583,14.60268028001956,1.984140819307436,True,0,mapped,True,0.0
T088,L,662,T003,38,-28.1767931110101,14.48381048075386,2.859597731267918,True,0,mapped,True,0.0
T088,L,663,T003,39,-27.578359653346112,14.08026201176222,3.5966585132085163,True,0,mapped,True,0.0
T088,L,664,T003,40,-26.95705922546723,13.648501506236734,3.9624663362245416,True,0,mapped,True,0.0
T088,L,665,T003,41,-26.43709494346676,13.14557455035836,4.215309088354738,True,0,mapped,True,0.0
T088,L,666,T003,42,-25.97909091538128,12.501037808298278,4.471188488919768,True,0,mapped,True,0.0
T088,L,667,T003,43,-25.2791815429474,11.776776452819943,4.574597031063112,True,0,mapped,True,0.0
T088,L,668,T003,44,-24.84416116853056,11.054120765901658,4.700643431356098,True,0,mapped,True,0.0
T088,L,669,T003,45,-24.327373932063367,10.381092367758132,4.83601435500141,True,0,mapped,True,0.0
T088,L,670,T003,46,-23.816434259376656,9.628683728252945,5.001908902445475,True,0,mapped,True,0.0
T088,L,671,T003,47,-23.476304727322727,9.141054949616478,5.237717924094614,True,0,mapped,True,0.0
T088,L,672,T003,48,-23.13221581067343,8.696967347338687,5.626918792724608,True,0,mapped,True,0.0
T088,L,672,T006,322,-23.132215810673426,8.696967347338687,5.626918792724609,True,0,mapped,False,3.972054645195637e-15
T088,L,673,T003,49,-26.495108514431557,10.832163178658718,-5.952788853634514,True,0,mapped,True,0.0
T088,L,673,T004,49,-25.48678737168591,11.659685882461718,-5.770377956931821,True,2,smooth_near_vertex,False,1.3171101273064434
T088,L,674,T003,50,-26.456272470055787,10.717966811766914,-5.255646718305842,True,0,mapped,True,0.0
T088,L,675,T003,51,-26.38843359136655,10.929945624346738,-4.429626857651174,True,0,mapped,True,0.0
T088,L,676,T003,52,-26.35283940947584,11.173890991864132,-3.7326868498146544,True,0,mapped,True,0.0
T088,L,677,T003,53,-26.549547294145043,11.525251166476847,-2.9343761528519003,True,0,mapped,True,0.0
T088,L,678,T003,54,-26.67597436816547,12.035280004871522,-2.200021588018988,True,0,mapped,True,0.0
T088,L,679,T003,55,-26.787145304759434,12.559267086304953,-1.6699397048517108,True,0,mapped,True,0.0
T088,L,680,T003,56,-27.00463181598356,13.121830985911483,-1.2133343384430386,True,0,mapped,True,0.0
T088,L,681,T003,57,-27.367402477572487,13.754075225837123,-0.7152126967688691,True,0,mapped,True,0.0
T088,L,682,T003,58,-27.85734361294197,14.518342461367638,-0.0618182572876952,True,0,mapped,True,0.0
T088,L,683,T003,59,-28.02801173985694,15.296405503776974,0.7191503699939618,True,0,mapped,True,0.0
T088,L,684,T003,60,-27.75234618681958,15.570264368465851,1.642687068854918,True,0,mapped,True,0.0
T088,L,685,T003,61,-27.15502391376089,15.19956320110337,2.6491238460639366,True,0,mapped,True,0.0
T088,L,686,T003,62,-26.691210217758787,14.67025878451578,3.356785266987248,True,0,mapped,True,0.0
T088,L,687,T003,63,-26.011545179942622,14.022630149195464,3.82644934554345,True,0,mapped,True,0.0
T088,L,688,T003,64,-25.47315918980595,13.460261551554323,4.063675801991758,True,0,mapped,True,0.0
T088,L,689,T003,65,-25.07570742951738,12.730755767746812,4.315948933771511,True,0,mapped,True,0.0
T088,L,690,T003,66,-24.57599011660545,11.860979027165197,4.508554664206725,True,0,mapped,True,0.0
T088,L,691,T003,67,-24.05722427587999,11.15222649111986,4.615419825241492,True,0,mapped,True,0.0
T088,L,692,T003,68,-23.66192501452857,10.385317396753267,4.732922431056156,True,0,mapped,True,0.0
T088,L,693,T003,69,-23.318228450648903,9.711499310625335,4.895694442017003,True,0,mapped,True,0.0
T088,L,694,T003,70,-23.035946584475187,9.211230891522664,5.173646877600733,True,0,mapped,True,0.0
T088,L,695,T003,71,-22.68289372614549,8.839171520607223,5.525434211068243,True,0,mapped,True,0.0
T088,L,695,T006,319,-22.68289372614549,8.839171520607223,5.525434211068243,True,0,mapped,False,0.0
T088,L,696,T003,72,-25.809864868262604,11.198535443341887,-5.580602010217298,True,0,mapped,True,0.0
T088,L,696,T004,72,-24.928630781670787,11.986286294115974,-5.509034110708198,True,3,smooth_internal,False,1.1841650571211584
T088,L,697,T003,73,-25.78172502457385,11.196275098369636,-4.894470149444886,True,0,mapped,True,0.0
T088,L,698,T003,74,-25.677800250864365,11.348879557839384,-4.127363989045321,True,0,mapped,True,0.0
T088,L,699,T003,75,-25.77561702469838,11.615890526964613,-3.3482188297602127,True,0,mapped,True,0.0
T088,L,700,T003,76,-25.862308575854577,12.100971744886486,-2.542481546194738,True,0,mapped,True,0.0
T088,L,701,T003,77,-25.926926624695145,12.65580156142124,-1.9156935247994145,True,0,mapped,True,0.0
T088,L,702,T003,78,-26.05875963944989,13.283544172630924,-1.4113933257950344,True,0,mapped,True,0.0
T088,L,703,T003,79,-26.28221409784842,14.024639609719488,-0.938552955947748,True,0,mapped,True,0.0
T088,L,704,T003,80,-26.492505532860186,14.86087326502524,-0.4012789429867996,True,0,mapped,True,0.0
T088,L,705,T003,81,-26.68174233170468,15.743550870630994,0.3113858145285917,True,0,mapped,True,0.0
T088,L,706,T003,82,-26.521956191129995,16.310367589127463,1.3841945775669209,True,0,mapped,True,0.0
T088,L,707,T003,83,-26.044112061135262,15.737984569736977,2.4261944567159213,True,0,mapped,True,0.0
T088,L,708,T003,84,-25.470558170590994,15.109458130547049,3.0580558134065363,True,0,mapped,True,0.0
T088,L,709,T003,85,-24.98057952478215,14.464779050995457,3.477646642894939,True,0,mapped,True,0.0
T088,L,710,T003,86,-24.531368612210805,13.688140784594289,3.821085562425594,True,0,mapped,True,0.0
T088,L,711,T003,87,-24.17149369260127,12.874028831035083,4.096291531161231,True,0,mapped,True,0.0
T088,L,712,T003,88,-23.73185320916403,11.942409975442525,4.335099658043547,True,0,mapped,True,0.0
T088,L,713,T003,89,-23.34617866833952,11.09192905190914,4.47232427936938,True,0,mapped,True,0.0
T088,L,714,T003,90,-23.10000018875737,10.411171744377892,4.5365116620810175,True,0,mapped,True,0.0
T088,L,715,T003,91,-22.77625986696301,9.758608830973808,4.704854746927197,True,0,mapped,True,0.0
T088,L,716,T003,92,-22.581697189763013,9.307575353473723,4.955171743648684,True,0,mapped,True,0.0
T088,L,717,T003,93,-22.21810812957621,8.899519920349121,5.3966105618382985,True,0,mapped,True,0.0
T088,L,717,T006,315,-22.21810812957621,8.899519920349121,5.396610561838299,True,0,mapped,False,8.881784197001252e-16
T088,L,718,T003,94,-25.14875639999557,11.700061154088354,-5.373081684112549,True,0,mapped,True,0.0
T088,L,718,T004,94,-24.50050132684226,12.233906980091032,-5.304911427788221,True,3,smooth_internal,False,0.8425397258627075
T088,L,719,T003,95,-25.02380817236816,11.636019986839033,-4.621571246078779,True,0,mapped,True,0.0
T088,L,720,T003,96,-24.9707366841929,11.757967753272933,-3.876953070544794,True,0,mapped,True,0.0
T088,L,721,T003,97,-25.016137160492296,12.17440320170379,-2.9536166847812693,True,0,mapped,True,0.0
T088,L,722,T003,98,-25.035243346778834,12.70538790734674,-2.2244751472174027,True,0,mapped,True,0.0
T088,L,723,T003,99,-25.079284259276477,13.361221606211808,-1.6553678160427523,True,0,mapped,True,0.0
T088,L,724,T003,100,-25.149225368607983,14.161635086388838,-1.1620246953694973,True,0,mapped,True,0.0
T088,L,725,T003,101,-25.133040317923324,15.073514493343124,-0.6758831946920022,True,0,mapped,True,0.0
T088,L,726,T003,102,-25.12412956533578,16.007873875026085,-0.0796642994628006,True,0,mapped,True,0.0
T088,L,727,T003,103,-25.146833374797268,16.861239802671474,0.8948913321715408,True,0,mapped,True,0.0
T088,L,728,T003,104,-24.76792856901781,16.33117489186237,2.0067603032871286,True,0,mapped,True,0.0
T088,L,729,T003,105,-24.24276876034252,15.475898735397855,2.7330152784661155,True,0,mapped,True,0.0
T088,L,730,T003,106,-23.834444243743885,14.674538192479137,3.209304230071876,True,0,mapped,True,0.0
T088,L,731,T003,107,-23.471168255262132,13.835909312251427,3.5483604740357237,True,0,mapped,True,0.0
T088,L,732,T003,108,-23.17694155742226,12.828922872946883,3.858258730521218,True,0,mapped,True,0.0
T088,L,733,T003,109,-22.86546342786795,11.89847985455744,4.055994048925441,True,0,mapped,True,0.0
T088,L,734,T003,110,-22.72038690695144,11.11206757633942,4.1790807437811575,True,0,mapped,True,0.0
T088,L,735,T003,111,-22.54716274354045,10.39138945484163,4.289843901664746,True,0,mapped,True,0.0
T088,L,736,T003,112,-22.288946148533157,9.806667061114403,4.454453862827077,True,0,mapped,True,0.0
T088,L,737,T003,113,-22.13169618299017,9.25534306181838,4.82654694080213,True,0,mapped,True,0.0
T088,L,738,T003,114,-21.784653071925057,8.899519920349121,5.13801846076069,True,0,mapped,True,0.0
T088,L,738,T006,310,-21.78465307192505,8.89951992034912,5.138018460760691,True,0,mapped,False,7.377764055609925e-15
T088,L,739,T003,115,-24.493926929452293,12.248632716998294,-5.314966831601913,True,0,mapped,True,0.0
T088,L,739,T004,115,-24.14924376617255,12.434413893443578,-5.134426744646336,True,3,smooth_internal,False,0.43117960476795636
T088,L,740,T003,116,-24.393786347478216,11.982229515810175,-4.368448833047626,True,0,mapped,True,0.0
T088,L,741,T003,117,-24.19790783579991,12.26559963908467,-3.53256108879736,True,0,mapped,True,0.0
T088,L,742,T003,118,-24.18385954881937,12.744667254814356,-2.6555436930810146,True,0,mapped,True,0.0
T088,L,743,T003,119,-24.15836556231543,13.35534348211339,-2.009253643089298,True,0,mapped,True,0.0
T088,L,744,T003,120,-24.089457853507252,14.123199250208003,-1.4835963393824727,True,0,mapped,True,0.0
T088,L,745,T003,121,-23.922160321088345,15.01342987976658,-1.0019928268219116,True,0,mapped,True,0.0
T088,L,746,T003,122,-23.74726167848682,15.888969583671074,-0.4388826718722203,True,0,mapped,True,0.0
T088,L,747,T003,123,-23.680341407605077,16.66684905165722,0.523522646177197,True,0,mapped,True,0.0
T088,L,748,T003,124,-23.30328376045521,16.751962680968745,1.6378095369225436,True,0,mapped,True,0.0
T088,L,749,T003,125,-22.913964687357662,15.85549779467873,2.422150058563217,True,0,mapped,True,0.0
T088,L,750,T003,126,-22.6771980623898,14.905616980626114,2.9455509057182563,True,0,mapped,True,0.0
T088,L,751,T003,127,-22.44259652772759,13.812159208899146,3.2920490903328967,True,0,mapped,True,0.0
T088,L,752,T003,128,-22.232892427694104,12.746311867038802,3.523338299770533,True,0,mapped,True,0.0
T088,L,753,T003,129,-22.14397705091261,11.895939952506785,3.655831296581224,True,0,mapped,True,0.0
T088,L,754,T003,130,-22.24150334326112,11.088788155887617,3.852785070630486,True,0,mapped,True,0.0
T088,L,755,T003,131,-22.098917988003763,10.368090986184596,3.9737624560755895,True,0,mapped,True,0.0
T088,L,756,T003,132,-21.92463274350681,9.698538047449276,4.232644066154988,True,0,mapped,True,0.0
T088,L,757,T003,133,-21.708104017307218,9.217741647184262,4.481441999538935,True,0,mapped,True,0.0
T088,L,758,T003,134,-21.41404347214157,8.899519920349121,4.783173199405433,True,0,mapped,True,0.0
T088,L,758,T006,304,-21.41404347214157,8.899519920349121,4.783173199405432,True,0,mapped,False,8.881784197001252e-16
T088,L,759,T003,135,-23.80660713712923,12.644836041407022,-4.977003511101775,True,0,mapped,True,0.0
T088,L,759,T004,135,-23.80660713712923,12.644836041407022,-4.977003511101775,True,0,mapped,False,0.0
T088,L,760,T003,136,-23.663473780755275,12.441983253395165,-4.120817124709508,True,0,mapped,True,0.0
T088,L,761,T003,137,-23.472718750748555,12.78831468080921,-3.2005793712637027,True,0,mapped,True,0.0
T088,L,762,T003,138,-23.378321083508435,13.304330263390302,-2.437440524568954,True,0,mapped,True,0.0
T088,L,763,T003,139,-23.251750486771368,13.973459241707284,-1.878718153674068,True,0,mapped,True,0.0
T088,L,764,T003,140,-23.03419202998744,14.790767977496596,-1.383677437894998,True,0,mapped,True,0.0
T088,L,765,T003,141,-22.734215711696272,15.688790604412269,-0.8336746929001333,True,0,mapped,True,0.0
T088,L,766,T003,142,-22.34907404148843,16.554759459626574,-0.0148571978020725,True,0,mapped,True,0.0
T088,L,767,T003,143,-21.839153938583703,17.054537271225897,1.0626383945262048,True,0,mapped,True,0.0
T088,L,768,T003,144,-21.478470700852693,16.119547916792257,2.045964540394791,True,0,mapped,True,0.0
T088,L,769,T003,145,-21.409028644263152,14.9017654874116,2.650812097298437,True,0,mapped,True,0.0
T088,L,770,T003,146,-21.453955818355976,13.706615213074269,2.984642659803006,True,0,mapped,True,0.0
T088,L,771,T003,147,-21.558719695457658,12.70594500602976,3.149320082868868,True,0,mapped,True,0.0
T088,L,772,T003,148,-21.777366848167752,11.798096745549088,3.382532603974875,True,0,mapped,True,0.0
T088,L,773,T003,149,-21.73575291832153,11.017284068996709,3.4433393135836243,True,0,mapped,True,0.0
T088,L,774,T003,150,-21.64918406583991,10.257395623587172,3.593874531155941,True,0,mapped,True,0.0
T088,L,775,T003,151,-21.56107091240577,9.700183050211384,3.84182886792839,True,0,mapped,True,0.0
T088,L,776,T003,152,-21.309243785621398,9.12153076628454,4.137375045209664,True,0,mapped,True,0.0
T088,L,777,T003,153,-21.05170957554116,8.832139597660827,4.454055845820991,True,0,mapped,True,0.0
T088,L,777,T006,297,-21.051709575541164,8.832139597660827,4.454055845820991,True,0,mapped,False,3.552713678800501e-15
T088,L,778,T003,154,-23.212317581244832,12.9842135062636,-4.583291427206915,True,0,mapped,True,0.0
T088,L,778,T004,154,-23.212317581244832,12.9842135062636,-4.583291427206915,True,0,mapped,False,0.0
T088,L,779,T003,155,-22.92744659549773,12.935224039021954,-3.6694759244753934,True,0,mapped,True,0.0
T088,L,780,T003,156,-22.731914307933764,13.28513875879608,-2.8952703179066868,True,0,mapped,True,0.0
T088,L,781,T003,157,-22.577168606197127,13.790526594433272,-2.31939784215459,True,0,mapped,True,0.0
T088,L,782,T003,158,-22.30806776748151,14.491421941369492,-1.8236690873790065,True,0,mapped,True,0.0
T088,L,783,T003,159,-21.86756995333789,15.34986123776,-1.3260229689273764,True,0,mapped,True,0.0
T088,L,784,T003,160,-21.23911835363004,16.27441141224587,-0.7066308244247217,True,0,mapped,True,0.0
T088,L,785,T003,161,-20.371072887400487,16.965783464089547,0.382098192809194,True,0,mapped,True,0.0
T088,L,786,T003,162,-20.105294347354928,15.97872492252148,1.7590180439103007,True,0,mapped,True,0.0
T088,L,787,T003,163,-20.30092466823394,14.537330828968413,2.3159207230182624,True,0,mapped,True,0.0
T088,L,788,T003,164,-20.71114079107359,13.378710159530977,2.626726070530699,True,0,mapped,True,0.0
T088,L,789,T003,165,-20.99634875482598,12.389958817710667,2.7872526552349406,True,0,mapped,True,0.0
T088,L,790,T003,166,-21.18182372353693,11.47539303697886,2.8366198417957715,True,0,mapped,True,0.0
T088,L,791,T003,167,-21.336960080544884,10.7857052707858,2.979767173355748,True,0,mapped,True,0.0
T088,L,792,T003,168,-21.330514541206085,10.042980225625469,3.2368176357981717,True,0,mapped,True,0.0
T088,L,793,T003,169,-21.19938732239613,9.47053722510448,3.4626652083384823,True,0,mapped,True,0.0
T088,L,794,T003,170,-20.98401025768889,8.960923637825069,3.876843164267122,True,0,mapped,True,0.0
T088,L,795,T003,171,-20.644159999138605,8.619335557835601,4.240038682887786,True,0,mapped,True,0.0
T088,L,795,T006,289,-20.644159999138605,8.6193355578356,4.240038682887786,True,0,mapped,False,1.7763568394002505e-15
T088,L,796,T003,172,-22.536258753124464,13.200690844818936,-4.114538922885498,True,0,mapped,True,0.0
T088,L,796,T004,172,-22.536258753124464,13.200690844818936,-4.114538922885498,True,0,mapped,False,0.0
T088,L,797,T003,173,-22.227466240246795,13.326097256574435,-3.361688081795512,True,0,mapped,True,0.0
T088,L,798,T003,174,-22.03040464091832,13.641331279425517,-2.773187512068917,True,0,mapped,True,0.0
T088,L,799,T003,175,-21.706384754706583,14.165797135664686,-2.278087318617885,True,0,mapped,True,0.0
T088,L,800,T003,176,-21.128134528983185,14.862147039703569,-1.824791599333656,True,0,mapped,True,0.0
T088,L,801,T003,177,-20.326583791350785,15.637513476664182,-1.3276416656200127,True,0,mapped,True,0.0
T088,L,802,T003,178,-19.169191491740285,16.225086561582735,-0.3947083441678709,True,0,mapped,True,0.0
T088,L,803,T003,179,-18.602182293496146,15.46912294391995,1.2103283548091894,True,0,mapped,True,0.0
T088,L,804,T003,180,-19.351445184559847,13.858961083274671,1.831516084315851,True,0,mapped,True,0.0
T088,L,805,T003,181,-19.98533423246273,12.711339052938415,2.025986210773877,True,0,mapped,True,0.0
T088,L,806,T003,182,-20.485814877341944,12.03742533497299,2.184556343356205,True,0,mapped,True,0.0
T088,L,807,T003,183,-20.791902016057804,11.376537533450888,2.325549302717232,True,0,mapped,True,0.0
T088,L,808,T003,184,-21.00668719621041,10.498105882783676,2.511850364118593,True,0,mapped,True,0.0
T088,L,809,T003,185,-21.006773016751403,9.789458040999795,2.776579823646262,True,0,mapped,True,0.0
T088,L,810,T003,186,-20.96089321521108,9.29944081830488,3.221839908755437,True,0,mapped,True,0.0
T088,L,811,T003,187,-20.544483806915487,8.692781980134548,3.597145248480043,True,0,mapped,True,0.0
T088,L,812,T003,188,-20.249189489299518,8.403174319079774,4.081306440317008,True,0,mapped,True,0.0
T088,L,812,T006,280,-20.249189489299518,8.403174319079774,4.08130644031701,True,0,mapped,False,1.7763568394002505e-15
T088,L,813,T003,189,-21.83467053802084,13.487537657929009,-3.830196239014597,True,0,mapped,True,0.0
T088,L,813,T004,189,-21.83467053802084,13.487537657929009,-3.830196239014597,True,0,mapped,False,0.0
T088,L,814,T003,190,-21.52506911902448,13.630116405894128,-3.150076948073635,True,0,mapped,True,0.0
T088,L,815,T003,191,-21.11782977609438,13.914604969765676,-2.7387088762336385,True,0,mapped,True,0.0
T088,L,816,T003,192,-20.504773702345943,14.300388296645949,-2.32601251492127,True,0,mapped,True,0.0
T088,L,817,T003,193,-19.612614921404965,14.755194588162968,-1.9275746179250808,True,0,mapped,True,0.0
T088,L,818,T003,194,-18.15057226488577,14.973570335330889,-1.480519137114702,True,0,mapped,True,0.0
T088,L,819,T003,195,-17.410894107429367,14.050752198491107,0.2225430397110039,True,0,mapped,True,0.0
T088,L,820,T003,196,-18.775563587254307,13.063568093870517,1.051813518357244,True,0,mapped,True,0.0
T088,L,821,T003,197,-19.56404692793766,12.426053645140556,1.420996923291764,True,0,mapped,True,0.0
T088,L,822,T003,198,-20.120214879739454,11.676600867718149,1.4610495965001378,True,0,mapped,True,0.0
T088,L,823,T003,199,-20.539930183272247,11.024697940718294,1.7203472224185885,True,0,mapped,True,0.0
T088,L,824,T003,200,-20.728120727235368,10.184948443101089,2.0682048603868077,True,0,mapped,True,0.0
T088,L,825,T003,201,-20.732325959079883,9.555869030433527,2.4038319456279265,True,0,mapped,True,0.0
T088,L,826,T003,202,-20.54441539724258,8.968477258795764,2.8259350004056034,True,0,mapped,True,0.0
T088,L,827,T003,203,-20.25653748537843,8.533347093134708,3.32273107134383,True,0,mapped,True,0.0
T088,L,828,T003,204,-19.82882973311332,8.238516511511602,3.844437233756812,True,0,mapped,True,0.0
T088,L,828,T006,270,-19.82882973311332,8.238516511511602,3.844437233756812,True,0,mapped,False,0.0
T088,L,829,T003,205,-21.05384352789638,13.657529225744838,-3.573081493377685,True,0,mapped,True,0.0
T088,L,829,T004,205,-21.05384352789638,13.657529225744838,-3.573081493377685,True,0,mapped,False,0.0
T088,L,830,T003,206,-20.48666705860089,13.711066656154312,-3.2036475939506697,True,0,mapped,True,0.0
T088,L,831,T003,207,-20.05762086126673,13.820316201384369,-2.7656644779019155,True,0,mapped,True,0.0
T088,L,832,T003,208,-19.38386711110093,13.913848563040949,-2.347293286917256,True,0,mapped,True,0.0
T088,L,833,T003,209,-18.35135934691819,13.65925431152489,-1.912723436586504,True,0,mapped,True,0.0
T088,L,834,T003,210,-17.859588367328232,12.967929019767016,-0.8867030219829565,True,0,mapped,True,0.0
T088,L,835,T003,211,-18.773815986515476,12.367132321870134,0.0795898327754248,True,0,mapped,True,0.0
T088,L,836,T003,212,-19.45074212829789,11.853781186532018,0.5869153717347595,True,0,mapped,True,0.0
T088,L,837,T003,213,-20.008527264172475,11.214137122000412,0.8012450179645373,True,0,mapped,True,0.0
T088,L,838,T003,214,-20.362484766066352,10.60389359729162,1.2466527622322832,True,0,mapped,True,0.0
T088,L,839,T003,215,-20.45014285845441,9.793420074448555,1.6034167314175771,True,0,mapped,True,0.0
T088,L,840,T003,216,-20.44705782222532,9.249771925134736,2.0071360821174298,True,0,mapped,True,0.0
T088,L,841,T003,217,-20.22084773038315,8.724173752676414,2.5917905071315,True,0,mapped,True,0.0
T088,L,842,T003,218,-19.938347801397292,8.377341486035213,3.0639793469494383,True,0,mapped,True,0.0
T088,L,843,T003,219,-19.46639108055319,8.137838538214279,3.4985079203757,True,0,mapped,True,0.0
T088,L,843,T006,259,-19.466391080553187,8.137838538214279,3.4985079203757,True,0,mapped,False,3.552713678800501e-15
T088,L,844,T003,220,-20.20858855075869,13.55666190353478,-3.573081493377685,True,0,mapped,True,0.0
T088,L,844,T004,220,-20.20858855075869,13.55666190353478,-3.573081493377685,True,0,mapped,False,0.0
T088,L,845,T003,221,-19.85392709320265,13.4423565343751,-3.173932242677684,True,0,mapped,True,0.0
T088,L,846,T003,222,-19.42023821358924,13.215320192878568,-2.717757033671644,True,0,mapped,True,0.0
T088,L,847,T003,223,-18.92269878180733,12.834803940529802,-2.0721010271575704,True,0,mapped,True,0.0
T088,L,848,T003,224,-18.604290029057776,12.309582003391023,-1.370024973340399,True,0,mapped,True,0.0
T088,L,849,T003,225,-18.971864404986476,11.910447442829796,-0.6253480443939322,True,0,mapped,True,0.0
T088,L,850,T003,226,-19.477219953516077,11.456657282957009,-0.1250226131663895,True,0,mapped,True,0.0
T088,L,851,T003,227,-19.89459184963481,10.822119602069016,0.2594977765060222,True,0,mapped,True,0.0
T088,L,852,T003,228,-20.14501332659594,10.087677473060994,0.8340056750040926,True,0,mapped,True,0.0
T088,L,853,T003,229,-20.14159409412156,9.514926431067034,1.2058880235094684,True,0,mapped,True,0.0
T088,L,854,T003,230,-20.07377180800204,8.97159421826981,1.6300152350331634,True,0,mapped,True,0.0
T088,L,855,T003,231,-19.86384875005887,8.539863127242558,2.2000365128652293,True,0,mapped,True,0.0
T088,L,856,T003,232,-19.549448390229266,8.230952040072887,2.7977680654794805,True,0,mapped,True,0.0
T088,L,857,T003,233,-19.12428416357793,8.099520683288574,3.192565379848024,True,0,mapped,True,0.0
T088,L,857,T006,247,-19.12428416357793,8.099520683288574,3.1925653798480247,True,0,mapped,False,8.881784197001252e-16
T088,L,858,T003,234,-19.62934891303004,12.933644270292952,-3.573081493377685,True,0,mapped,True,0.0
T088,L,858,T004,234,-19.62934891303004,12.933644270292952,-3.573081493377685,True,0,mapped,False,0.0
T088,L,859,T003,235,-19.424570053420425,12.588512829642246,-3.0635788059275995,True,0,mapped,True,0.0
T088,L,860,T003,236,-19.20992919180088,12.43352266113212,-2.412190354717335,True,0,mapped,True,0.0
T088,L,861,T003,237,-19.09865021108052,11.852345589438157,-1.8019368648428689,True,0,mapped,True,0.0
T088,L,862,T003,238,-19.33881498580324,11.399114012784276,-1.1858712473883437,True,0,mapped,True,0.0
T088,L,863,T003,239,-19.556874237870304,10.995192609764114,-0.6770500345572227,True,0,mapped,True,0.0
T088,L,864,T003,240,-19.782278865784008,10.483500741385214,-0.186082094252341,True,0,mapped,True,0.0
T088,L,865,T003,241,-19.890128417315857,9.78721783754083,0.3786780926571005,True,0,mapped,True,0.0
T088,L,866,T003,242,-19.853200202029075,9.196278857534988,0.8950141343352745,True,0,mapped,True,0.0
T088,L,867,T003,243,-19.660250575665504,8.697957907221006,1.3493992866844609,True,0,mapped,True,0.0
T088,L,868,T003,244,-19.37261249566963,8.316299564064954,2.019481937115898,True,0,mapped,True,0.0
T088,L,869,T003,245,-19.068040341110787,8.129523836833702,2.47073300903126,True,0,mapped,True,0.0
T088,L,870,T003,246,-18.680047446874703,8.093735018125608,3.026918649673461,True,0,mapped,True,0.0
T088,L,870,T006,234,-18.680047446874703,8.093735018125606,3.026918649673462,True,0,mapped,False,1.9860273225978185e-15
T088,L,871,T003,247,-19.44686993556676,12.143900317504864,-3.381955020867812,True,0,mapped,True,0.0
T088,L,871,T004,247,-19.44686993556676,12.143900317504864,-3.381955020867812,True,0,mapped,False,0.0
T088,L,872,T003,248,-19.31970754325662,11.857129607672906,-2.6932935483888367,True,0,mapped,True,0.0
T088,L,873,T003,249,-19.213641070471407,11.370058341030049,-2.1920763368635403,True,0,mapped,True,0.0
T088,L,874,T003,250,-19.41431698164143,11.029560764192231,-1.65937259589022,True,0,mapped,True,0.0
T088,L,875,T003,251,-19.542953830481515,10.61726759290914,-1.2254142275403055,True,0,mapped,True,0.0
T088,L,876,T003,252,-19.675063374279027,10.041020194238946,-0.6384206761369902,True,0,mapped,True,0.0
T088,L,877,T003,253,-19.651611181848107,9.411352587597449,-0.0294769588372051,True,0,mapped,True,0.0
T088,L,878,T003,254,-19.54114733245584,8.911344861027407,0.6026997620592909,True,0,mapped,True,0.0
T088,L,879,T003,255,-19.297134276034583,8.489615209336257,1.153886645834309,True,0,mapped,True,0.0
T088,L,880,T003,256,-18.969178429152088,8.208033227881401,1.688079002251586,True,0,mapped,True,0.0
T088,L,881,T003,257,-18.675626670468706,8.089927701895387,2.218506835246786,True,0,mapped,True,0.0
T088,L,882,T003,258,-18.214135724092927,8.099445084847387,2.887438614582517,True,0,mapped,True,0.0
T088,L,882,T006,220,-18.214135724092923,8.099445084847389,2.8874386145825173,True,0,mapped,False,3.9968028886505635e-15
T088,L,883,T003,259,-19.22010588226065,11.355270007201195,-3.173081636428833,True,0,mapped,True,0.0
T088,L,883,T004,259,-19.22010588226065,11.355270007201195,-3.173081636428833,True,0,mapped,False,0.0
T088,L,884,T003,260,-19.312540551753823,10.95864733207052,-2.72421154395071,True,0,mapped,True,0.0
T088,L,885,T003,261,-19.39796680711603,10.447662362442394,-2.2283686533776086,True,0,mapped,True,0.0
T088,L,886,T003,262,-19.49344024941769,10.080304903069822,-1.583542349078536,True,0,mapped,True,0.0
T088,L,887,T003,263,-19.486346285056197,9.661740054463207,-0.9478135437493158,True,0,mapped,True,0.0
T088,L,888,T003,264,-19.415222413919487,9.1725351601152,-0.3926142814134766,True,0,mapped,True,0.0
T088,L,889,T003,265,-19.106973686106357,8.652722227743821,0.1963670718218702,True,0,mapped,True,0.0
T088,L,890,T003,266,-18.9047821771044,8.317730615049781,0.8549373310876963,True,0,mapped,True,0.0
T088,L,891,T003,267,-18.58012475909305,8.110059144267499,1.4177635227300052,True,0,mapped,True,0.0
T088,L,892,T003,268,-18.18680202411522,8.053239427328927,1.9636982875922029,True,0,mapped,True,0.0
T088,L,893,T003,269,-17.762714705898244,8.099520683288574,2.669530590978843,True,0,mapped,True,0.0
T088,L,893,T006,205,-17.762714705898244,8.099520683288574,2.669530590978844,True,0,mapped,False,8.881784197001252e-16
T088,L,894,T003,270,-19.28918500281385,10.494134439448205,-3.173081636428833,True,0,mapped,True,0.0
T088,L,894,T004,270,-19.28918500281385,10.494134439448205,-3.173081636428833,True,0,mapped,False,0.0
T088,L,895,T003,271,-19.303371929383832,10.050478373908788,-2.5503119581463807,True,0,mapped,True,0.0
T088,L,896,T003,272,-19.26696429190216,9.593378841549246,-1.9182952932448087,True,0,mapped,True,0.0
T088,L,897,T003,273,-19.205165870305823,9.286121477480552,-1.292947690533612,True,0,mapped,True,0.0
T088,L,898,T003,274,-19.019693055732827,8.877314665941274,-0.753718703168514,True,0,mapped,True,0.0
T088,L,899,T003,275,-18.782450327612946,8.517312412726053,-0.0858639622603374,True,0,mapped,True,0.0
T088,L,900,T003,276,-18.54134644256079,8.210640378389135,0.5738142473578736,True,0,mapped,True,0.0
T088,L,901,T003,277,-18.224816672314702,8.051013527487672,1.1638498942570137,True,0,mapped,True,0.0
T088,L,902,T003,278,-17.849358086949092,8.02352638810585,1.7446820712756548,True,0,mapped,True,0.0
T088,L,903,T003,279,-17.29727709707658,8.061859468308212,2.4916223494297824,True,0,mapped,True,0.0
T088,L,903,T006,189,-17.29727709707658,8.06185946830821,2.491622349429783,True,0,mapped,False,1.831026719408895e-15
T088,L,904,T003,280,-19.11120865226112,9.71879338108873,-2.9923548817254133,True,0,mapped,True,0.0
T088,L,904,T004,280,-19.11120865226112,9.71879338108873,-2.992354881725413,True,0,mapped,False,4.440892098500626e-16
T088,L,905,T003,281,-19.04695537046922,9.305640645540388,-2.311949068104996,True,0,mapped,True,0.0
T088,L,906,T003,282,-18.94760888505499,9.073522318599544,-1.583241039936826,True,0,mapped,True,0.0
T088,L,907,T003,283,-18.67421574328416,8.693675599963317,-0.990087055843167,True,0,mapped,True,0.0
T088,L,908,T003,284,-18.38010177519557,8.37978030523668,-0.3490117043404123,True,0,mapped,True,0.0
T088,L,909,T003,285,-18.12607909986865,8.155353533474655,0.2317472863643161,True,0,mapped,True,0.0
T088,L,910,T003,286,-17.805546790658305,8.026622720610149,0.8234632032405172,True,0,mapped,True,0.0
T088,L,911,T003,287,-17.432550744738094,7.991159475218385,1.468695362511425,True,0,mapped,True,0.0
T088,L,912,T003,288,-16.839592482585793,7.871160741677423,2.426918506622311,True,0,mapped,True,0.0
T088,L,912,T006,172,-16.839592482585793,7.871160741677421,2.4269185066223145,True,0,mapped,False,3.972054645195637e-15
T088,L,913,T003,289,-18.7504627901958,9.062063812626144,-2.6694482687349272,True,0,mapped,True,0.0
T088,L,913,T004,289,-18.7504627901958,9.062063812626144,-2.669448268734928,True,0,mapped,False,8.881784197001252e-16
T088,L,914,T003,290,-18.6011897086763,8.842712272753811,-1.9228163561088016,True,0,mapped,True,0.0
T088,L,915,T003,291,-18.27688679996522,8.537048610311903,-1.2450887543595424,True,0,mapped,True,0.0
T088,L,916,T003,292,-17.946898990094308,8.285150370098851,-0.6502910595249807,True,0,mapped,True,0.0
T088,L,917,T003,293,-17.699255345647238,8.124928501529887,-0.0969846610370099,True,0,mapped,True,0.0
T088,L,918,T003,294,-17.386518953441477,8.022500879471048,0.4913379319173009,True,0,mapped,True,0.0
T088,L,919,T003,295,-17.00195173122401,7.992791879614735,1.1298778996115408,True,0,mapped,True,0.0
T088,L,920,T003,296,-16.51361260725421,7.721980345449239,2.086459412058552,True,0,mapped,True,0.0
T088,L,920,T006,154,-16.51361260725421,7.721980345449237,2.086459412058552,True,0,mapped,False,2.6645352591003757e-15
T088,L,921,T003,297,-18.21583365308041,8.67140247884559,-2.173081636428833,True,0,mapped,True,0.0
T088,L,921,T004,297,-18.21583365308041,8.67140247884559,-2.173081636428833,True,0,mapped,False,0.0
T088,L,922,T003,298,-17.843310814037665,8.438878704182692,-1.5884667104774342,True,0,mapped,True,0.0
T088,L,923,T003,299,-17.524275002166547,8.237283288827005,-0.9862075108240828,True,0,mapped,True,0.0
T088,L,924,T003,300,-17.306471026513467,8.124167154094089,-0.4534989234310976,True,0,mapped,True,0.0
T088,L,925,T003,301,-16.935107467862103,8.017164191277395,0.1354132048949513,True,0,mapped,True,0.0
T088,L,926,T003,302,-16.792009072689215,7.950519095485792,0.7980458353558195,True,0,mapped,True,0.0
T088,L,927,T003,303,-16.229510017369613,7.621168919134803,1.6752276647170237,True,0,mapped,True,0.0
T088,L,927,T006,135,-16.229510017369613,7.621168919134803,1.6752276647170237,True,0,mapped,False,0.0
T088,L,928,T003,304,-17.43394130575377,8.414797336273239,-1.9730815887451167,True,0,mapped,True,0.0
T088,L,928,T004,304,-17.43394130575377,8.414797336273239,-1.9730815887451167,True,0,mapped,False,0.0
T088,L,929,T003,305,-17.01006333334668,8.243952096695454,-1.4362956711474608,True,0,mapped,True,0.0
T088,L,930,T003,306,-16.818277927540574,8.117812559784904,-0.8606243570970025,True,0,mapped,True,0.0
T088,L,931,T003,307,-16.49293106809628,7.981632998485548,-0.2703468266327781,True,0,mapped,True,0.0
T088,L,932,T003,308,-16.21718700361823,7.864456595391264,0.4636737240868565,True,0,mapped,True,0.0
T088,L,933,T003,309,-15.87680151278319,7.57471465551478,1.3089184277706785,True,0,mapped,True,0.0
T088,L,933,T006,115,-15.876801512783189,7.574714655514779,1.3089184277706791,True,0,mapped,False,2.5989654674417885e-15
T088,L,934,T003,310,-16.63022992991874,8.26432427958118,-1.7825766746634215,True,0,mapped,True,0.0
T088,L,934,T004,310,-16.63022992991874,8.26432427958118,-1.7825766746634215,True,0,mapped,False,0.0
T088,L,935,T003,311,-16.328999773366743,8.105436864577529,-1.2748623994417525,True,0,mapped,True,0.0
T088,L,936,T003,312,-16.103629945410823,7.972850908627768,-0.6772481112632086,True,0,mapped,True,0.0
T088,L,937,T003,313,-15.797872428700142,7.708485651897847,0.1607903267652882,True,0,mapped,True,0.0
T088,L,938,T003,314,-15.62362174782738,7.466140085701483,0.8811555427158468,True,0,mapped,True,0.0
T088,L,938,T006,94,-15.62362174782738,7.4661400857014835,0.8811555427158471,True,0,mapped,False,9.155133597044475e-16
T088,L,939,T003,315,-15.78960957345303,8.097086222296864,-1.702505536201453,True,0,mapped,True,0.0
T088,L,939,T004,315,-15.78960957345303,8.097086222296864,-1.702505536201453,True,0,mapped,False,0.0
T088,L,940,T003,316,-15.68034129171486,7.87499715636958,-0.9223023699554722,True,0,mapped,True,0.0
T088,L,941,T003,317,-15.52797255281235,7.597949800861944,-0.1272111405159739,True,0,mapped,True,0.0
T088,L,942,T003,318,-15.262683898164068,7.200271127723354,0.6794421923760345,True,0,mapped,True,0.0
T088,L,942,T006,72,-15.262683898164068,7.200271127723354,0.6794421923760345,True,0,mapped,False,0.0
T088,L,943,T003,319,-15.194801330566408,7.730506538777387,-1.2678031889849453,True,0,mapped,True,0.0
T088,L,943,T004,319,-15.416032769507924,7.728951330355981,-1.3799393796374793,True,2,smooth_near_vertex,False,0.24803284762996408
T088,L,944,T003,320,-15.169865356817173,7.353048764288917,-0.3861041405090923,True,0,mapped,True,0.0
T088,L,945,T003,321,-14.995218096566129,6.948604627074463,0.4269185066223138,True,0,mapped,True,0.0
T088,L,945,T006,49,-14.995218096566123,6.948604627074463,0.4269185066223144,True,0,mapped,False,5.363940028112711e-15
T088,L,946,T003,322,-14.88981338317174,7.1483453203531,-0.821906582208099,True,0,mapped,True,0.0
T088,L,946,T004,322,-15.145356329398671,7.274809628604933,-1.0115613505460914,True,2,smooth_near_vertex,False,0.34243882633441636
T088,L,947,T003,323,-14.852314079121763,6.699520111083988,0.0774450814515675,True,0,mapped,True,0.0
T088,L,947,T006,25,-14.852314079121763,6.699520111083984,0.0774450814515702,True,0,mapped,False,4.45760074728906e-15
T088,L,948,T003,324,-14.734596252441406,6.499520301818848,-0.3730815052986145,True,0,mapped,False,0.0
T088,L,948,T004,324,-14.734596252441406,6.499520301818848,-0.3730815052986145,True,-1,landmark_vertex,True,0.0
T088,L,948,T006,0,-14.734596252441406,6.499520301818848,-0.3730815052986145,True,0,mapped,False,0.0
T088,L,948,T007,0,-14.734596252441406,6.499520301818848,-0.3730815052986145,True,0,mapped,False,0.0
T088,L,949,T004,26,-25.6298492117741,11.576741870439362,-5.838448671723579,True,2,smooth_near_vertex,True,0.0
T088,L,950,T004,27,-25.095779524637837,11.89329544617268,-5.593968101431347,True,3,smooth_internal,True,0.0
T088,L,951,T004,28,-24.685480096633075,12.138461170819008,-5.409043025498736,True,3,smooth_internal,True,0.0
T088,L,952,T004,29,-24.368634410622917,12.330208852029257,-5.269854385037762,True,3,smooth_internal,True,0.0
T088,L,953,T004,30,-24.123178638522536,12.482161368937076,-5.165943116954952,True,3,smooth_internal,True,0.0
T088,L,954,T004,31,-23.950350680869477,12.593177277009994,-5.1013142431871055,True,3,smooth_internal,True,0.0
T088,L,955,T004,32,-23.89230733117581,12.631401025790142,-5.095880447655078,True,0,mapped,True,0.0
T088,L,956,T004,33,-23.438578599948315,12.956066016481712,-4.90992759876508,True,0,mapped,True,0.0
T088,L,957,T004,34,-22.92853684143972,13.263717369189935,-4.867720146589955,True,0,mapped,True,0.0
T088,L,958,T004,35,-22.47612384893282,13.542159484936604,-4.734689656862018,True,0,mapped,True,0.0
T088,L,959,T004,36,-21.935746602978657,13.777721628839082,-4.480233482907926,True,0,mapped,True,0.0
T088,L,960,T004,37,-21.394714772864244,13.950222088717949,-4.305192363147468,True,0,mapped,True,0.0
T088,L,961,T004,38,-20.803103306536247,13.99020887725595,-4.303778730318553,True,0,mapped,True,0.0
T088,L,962,T004,39,-20.25314135952545,13.918743973078255,-4.414267798005655,True,0,mapped,True,0.0
T088,L,963,T004,40,-19.8512417737335,13.638644895413735,-4.6589946369437385,True,0,mapped,True,0.0
T088,L,964,T004,41,-19.57520880049407,13.229579881380232,-5.000803815651065,True,0,mapped,True,0.0
T088,L,965,T004,42,-19.34391255359308,12.71796662928253,-5.364772639135967,True,0,mapped,True,0.0
T088,L,966,T004,43,-19.29856197113788,12.394769184512544,-5.730280758212205,True,0,mapped,True,0.0
T088,L,967,T004,44,-19.2320084763413,11.918673891003683,-6.081183258402362,True,0,mapped,True,0.0
T088,L,968,T004,45,-18.96894367489791,11.616899645223963,-6.444993466204099,True,0,mapped,True,0.0
T088,L,969,T004,46,-18.80561567783556,11.146413446703306,-6.776768062545527,True,0,mapped,True,0.0
T088,L,970,T004,47,-18.72353473676192,10.806608998146226,-7.1428975696654655,True,0,mapped,True,0.0
T088,L,971,T004,48,-18.615515393207797,10.553356241524916,-7.536147960842224,True,0,mapped,True,0.0
T088,L,972,T004,50,-25.08272366385967,11.898138975104912,-5.583886346835115,True,3,smooth_internal,True,0.0
T088,L,973,T004,51,-24.710166222250447,12.11977776588976,-5.414240415004343,True,3,smooth_internal,True,0.0
T088,L,974,T004,52,-24.39403915837704,12.310373303707204,-5.274359983440177,True,3,smooth_internal,True,0.0
T088,L,975,T004,53,-24.139265369265637,12.46570407727232,-5.165040777511267,True,3,smooth_internal,True,0.0
T088,L,976,T004,54,-23.895841286786887,12.621322804218144,-5.0589813891328985,True,3,smooth_internal,True,0.0
T088,L,977,T004,55,-23.688774866710563,12.76459823090646,-4.994276974283462,True,0,mapped,True,0.0
T088,L,978,T004,56,-23.25439815738121,13.052493231323586,-4.812724018550829,True,0,mapped,True,0.0
T088,L,979,T004,57,-22.74232343969897,13.332863611239643,-4.738980996238691,True,0,mapped,True,0.0
T088,L,980,T004,58,-22.191218918042185,13.62368979754848,-4.526875554547812,True,0,mapped,True,0.0
T088,L,981,T004,59,-21.73192210912912,13.82016165636199,-4.327814395843089,True,0,mapped,True,0.0
T088,L,982,T004,60,-21.152657815358715,13.894032197346252,-4.200580289557695,True,0,mapped,True,0.0
T088,L,983,T004,61,-20.591643402022637,13.945085487465988,-4.271362808269952,True,0,mapped,True,0.0
T088,L,984,T004,62,-20.09357295194616,13.76499730264051,-4.378868084651127,True,0,mapped,True,0.0
T088,L,985,T004,63,-19.75172523755825,13.443176337701862,-4.660370918894112,True,0,mapped,True,0.0
T088,L,986,T004,64,-19.481363118832043,12.981697086765292,-4.9706619437265305,True,0,mapped,True,0.0
T088,L,987,T004,65,-19.24812992783002,12.497582694649768,-5.372339412270232,True,0,mapped,True,0.0
T088,L,988,T004,66,-19.24182220449135,12.136673015183009,-5.633500202710936,True,0,mapped,True,0.0
T088,L,989,T004,67,-19.12931299258364,11.719175536365045,-5.9716699187946345,True,0,mapped,True,0.0
T088,L,990,T004,68,-18.869818789544663,11.419040778328933,-6.3015749371780485,True,0,mapped,True,0.0
T088,L,991,T004,69,-18.79460231988636,11.02334726837399,-6.65533964139625,True,0,mapped,True,0.0
T088,L,992,T004,70,-18.67239912419621,10.580185109416028,-6.881501568898873,True,0,mapped,True,0.0
T088,L,993,T004,71,-18.48067497296661,10.212539408433768,-7.286100599992605,True,0,mapped,True,0.0
T088,L,994,T004,73,-24.643531174069057,12.153994568612664,-5.376504101918602,True,3,smooth_internal,True,0.0
T088,L,995,T004,74,-24.35796832407296,12.325278539244474,-5.246993216393596,True,3,smooth_internal,True,0.0
T088,L,996,T004,75,-24.101557536011427,12.483499465553756,-5.140445983285288,True,3,smooth_internal,True,0.0
T088,L,997,T004,76,-23.951618544595608,12.567087440180552,-5.080322966858018,True,0,mapped,True,0.0
T088,L,998,T004,77,-23.52152768928253,12.85540537885834,-4.846835534500642,True,0,mapped,True,0.0
T088,L,999,T004,78,-23.00611144609036,13.159414494390193,-4.717392749078902,True,0,mapped,True,0.0
T088,L,1000,T004,79,-22.60592478186559,13.390671184743738,-4.608060862110346,True,0,mapped,True,0.0
T088,L,1001,T004,80,-21.99127459217337,13.689722742012409,-4.3919031165060005,True,0,mapped,True,0.0
T088,L,1002,T004,81,-21.51282667176332,13.82947156918703,-4.2149702582432,True,0,mapped,True,0.0
T088,L,1003,T004,82,-20.9250826385608,13.890931090410838,-4.152675699027467,True,0,mapped,True,0.0
T088,L,1004,T004,83,-20.381556661821,13.868624661090925,-4.235698085094461,True,0,mapped,True,0.0
T088,L,1005,T004,84,-19.95138271514335,13.607799051383063,-4.374850146407669,True,0,mapped,True,0.0
T088,L,1006,T004,85,-19.64808561246716,13.215005106438584,-4.646581304956263,True,0,mapped,True,0.0
T088,L,1007,T004,86,-19.351926813130493,12.674846293728368,-4.921545466506098,True,0,mapped,True,0.0
T088,L,1008,T004,87,-19.15815660814969,12.30830428897202,-5.281963194273056,True,0,mapped,True,0.0
T088,L,1009,T004,88,-19.156826952257752,11.869046748658349,-5.535989577454123,True,0,mapped,True,0.0
T088,L,1010,T004,89,-18.970798186830965,11.52966290617021,-5.840054625322573,True,0,mapped,True,0.0
T088,L,1011,T004,90,-18.81416250658053,11.156036534917137,-6.1329480285554165,True,0,mapped,True,0.0
T088,L,1012,T004,91,-18.75630128923492,10.73527184543864,-6.500817704233716,True,0,mapped,True,0.0
T088,L,1013,T004,92,-18.624966255550667,10.297979200784145,-6.621903243094138,True,0,mapped,True,0.0
T088,L,1014,T004,93,-18.39480209350586,9.96078510662602,-6.982221900829542,True,0,mapped,True,0.0
T088,L,1015,T004,95,-24.27988110461365,12.361359467426531,-5.199345853564577,True,3,smooth_internal,True,0.0
T088,L,1016,T004,96,-24.017616041426844,12.52327110382504,-5.076588117759044,True,3,smooth_internal,True,0.0
T088,L,1017,T004,97,-23.7482469217315,12.709632907571956,-4.999095425478478,True,0,mapped,True,0.0
T088,L,1018,T004,98,-23.37280637921883,12.94136317533788,-4.749149616114965,True,0,mapped,True,0.0
T088,L,1019,T004,99,-22.784233890754862,13.23415472111252,-4.558706698220417,True,0,mapped,True,0.0
T088,L,1020,T004,100,-22.363920628099635,13.452589220237163,-4.41467150223261,True,0,mapped,True,0.0
T088,L,1021,T004,101,-21.77532539136349,13.702797342814725,-4.217629575768603,True,0,mapped,True,0.0
T088,L,1022,T004,102,-21.25848785781665,13.81280438324655,-4.113490082753149,True,0,mapped,True,0.0
T088,L,1023,T004,103,-20.696897785409803,13.873253334317416,-4.113986413617005,True,0,mapped,True,0.0
T088,L,1024,T004,104,-20.194387079736565,13.740692639339512,-4.187241852165735,True,0,mapped,True,0.0
T088,L,1025,T004,105,-19.82408741898448,13.417708735651374,-4.35611868277438,True,0,mapped,True,0.0
T088,L,1026,T004,106,-19.54107834805178,12.972594866809766,-4.616961225072846,True,0,mapped,True,0.0
T088,L,1027,T004,107,-19.253342457530472,12.469315025416062,-4.8603895570752425,True,0,mapped,True,0.0
T088,L,1028,T004,108,-19.075111046388614,12.062489788147978,-5.183341962087727,True,0,mapped,True,0.0
T088,L,1029,T004,109,-19.03479111961632,11.626919863899309,-5.419653690339368,True,0,mapped,True,0.0
T088,L,1030,T004,110,-18.859834543140728,11.24657839744066,-5.647655133303154,True,0,mapped,True,0.0
T088,L,1031,T004,111,-18.819765405686777,10.86671261150145,-5.962327268758536,True,0,mapped,True,0.0
T088,L,1032,T004,112,-18.72771662712711,10.445485311857547,-6.250706750534991,True,0,mapped,True,0.0
T088,L,1033,T004,113,-18.56762163912347,10.110548468228872,-6.397839327090184,True,0,mapped,True,0.0
T088,L,1034,T004,114,-18.205557860428826,9.691192759953775,-6.749316730749668,True,0,mapped,True,0.0
T088,L,1035,T004,116,-24.009657605051466,12.497747635643712,-5.056293348634652,True,0,mapped,True,0.0
T088,L,1036,T004,117,-23.607962405536693,12.76235920538184,-4.8171580113100845,True,0,mapped,True,0.0
T088,L,1037,T004,118,-23.11420705648812,13.075312074550824,-4.65761825990911,True,0,mapped,True,0.0
T088,L,1038,T004,119,-22.636882411321672,13.280519897867688,-4.430737923081633,True,0,mapped,True,0.0
T088,L,1039,T004,120,-22.126098892807697,13.492704564691916,-4.233314987430182,True,0,mapped,True,0.0
T088,L,1040,T004,121,-21.64260510530961,13.68235113552693,-4.107022734861318,True,0,mapped,True,0.0
T088,L,1041,T004,122,-21.028328951889115,13.808195460667744,-4.022674927637697,True,0,mapped,True,0.0
T088,L,1042,T004,123,-20.494834501467714,13.81238142668603,-4.064808728497025,True,0,mapped,True,0.0
T088,L,1043,T004,124,-20.03322257751301,13.586245192171232,-4.147547760606032,True,0,mapped,True,0.0
T088,L,1044,T004,125,-19.70331731705047,13.198180328952049,-4.3383831511743765,True,0,mapped,True,0.0
T088,L,1045,T004,126,-19.415967025441628,12.64718887010222,-4.553684357523722,True,0,mapped,True,0.0
T088,L,1046,T004,127,-19.14701541024963,12.25953445756604,-4.786636385571759,True,0,mapped,True,0.0
T088,L,1047,T004,128,-19.01149099183313,11.818075086304129,-5.056834537792558,True,0,mapped,True,0.0
T088,L,1048,T004,129,-18.92586349298284,11.447883820768896,-5.235456199156644,True,0,mapped,True,0.0
T088,L,1049,T004,130,-18.888508213119845,10.98319798055088,-5.55081796136344,True,0,mapped,True,0.0
T088,L,1050,T004,131,-18.829329687559337,10.539431429971076,-5.819929097600069,True,0,mapped,True,0.0
T088,L,1051,T004,132,-18.67547709018245,10.142006463169,-5.988201534859491,True,0,mapped,True,0.0
T088,L,1052,T004,133,-18.447746453508536,9.825097341036138,-6.182747806075112,True,0,mapped,True,0.0
T088,L,1053,T004,134,-18.0958728405296,9.496971225001008,-6.369377223172654,True,0,mapped,True,0.0
T088,L,1054,T004,136,-23.413070079665804,12.892789696552988,-4.710482038105237,True,0,mapped,True,0.0
T088,L,1055,T004,137,-22.902220989146443,13.082614563857662,-4.407912367379933,True,0,mapped,True,0.0
T088,L,1056,T004,138,-22.44258198023571,13.328864524514724,-4.268734173260588,True,0,mapped,True,0.0
T088,L,1057,T004,139,-21.883629474339926,13.577321343284598,-4.127622489942064,True,0,mapped,True,0.0
T088,L,1058,T004,140,-21.36273440242564,13.703400261639027,-3.987973889891599,True,0,mapped,True,0.0
T088,L,1059,T004,141,-20.800834012398106,13.798649308274047,-3.955815948683548,True,0,mapped,True,0.0
T088,L,1060,T004,142,-20.318431613264572,13.709684660302624,-4.013709203718286,True,0,mapped,True,0.0
T088,L,1061,T004,143,-19.88181647286553,13.40582229974429,-4.102934374355439,True,0,mapped,True,0.0
T088,L,1062,T004,144,-19.59750119172591,12.975384801626042,-4.325183305431729,True,0,mapped,True,0.0
T088,L,1063,T004,145,-19.35554412061274,12.49811333934866,-4.541687735794707,True,0,mapped,True,0.0
T088,L,1064,T004,146,-19.080349693574025,12.045869933390705,-4.71295711363844,True,0,mapped,True,0.0
T088,L,1065,T004,147,-18.97068961702098,11.579581065687917,-4.873779338206105,True,0,mapped,True,0.0
T088,L,1066,T004,148,-18.932321188026307,11.192920699318725,-5.138317639279837,True,0,mapped,True,0.0
T088,L,1067,T004,149,-18.91766795809922,10.728304482685248,-5.514881710063097,True,0,mapped,True,0.0
T088,L,1068,T004,150,-18.838419830509054,10.319893000971383,-5.619210402378783,True,0,mapped,True,0.0
T088,L,1069,T004,151,-18.60408944577204,9.918779582240946,-5.794102837044121,True,0,mapped,True,0.0
T088,L,1070,T004,152,-18.316610063958244,9.612005624467242,-5.982085617624,True,0,mapped,True,0.0
T088,L,1071,T004,153,-17.86631942833142,9.27014681337038,-6.111000204551607,True,0,mapped,True,0.0
T088,L,1072,T004,155,-22.725266146323477,13.161649840403427,-4.319103182685451,True,0,mapped,True,0.0
T088,L,1073,T004,156,-22.24245369684728,13.37880627032237,-4.134456431460464,True,0,mapped,True,0.0
T088,L,1074,T004,157,-21.724880837842804,13.558309013559215,-3.94879984649056,True,0,mapped,True,0.0
T088,L,1075,T004,158,-21.14576232146868,13.716328410496194,-3.874486366942708,True,0,mapped,True,0.0
T088,L,1076,T004,159,-20.5890429998045,13.757619829675004,-3.89065242161388,True,0,mapped,True,0.0
T088,L,1077,T004,160,-20.08734145836789,13.569144196145585,-3.959064977753732,True,0,mapped,True,0.0
T088,L,1078,T004,161,-19.74670370488561,13.189655824037056,-4.072871983322607,True,0,mapped,True,0.0
T088,L,1079,T004,162,-19.483933621978963,12.681245930204469,-4.276258843125616,True,0,mapped,True,0.0
T088,L,1080,T004,163,-19.26110334722137,12.241762823250806,-4.440421456415313,True,0,mapped,True,0.0
T088,L,1081,T004,164,-19.033871943289263,11.804567744766125,-4.628305893017556,True,0,mapped,True,0.0
T088,L,1082,T004,165,-18.98767145198273,11.285292732109028,-4.75105592323277,True,0,mapped,True,0.0
T088,L,1083,T004,166,-19.00026189339516,10.897632411669267,-5.072433199076174,True,0,mapped,True,0.0
T088,L,1084,T004,167,-18.94325454730118,10.440277520190078,-5.3178711577470885,True,0,mapped,True,0.0
T088,L,1085,T004,168,-18.77773281422156,10.048257374156645,-5.401065386516015,True,0,mapped,True,0.0
T088,L,1086,T004,169,-18.54610943526801,9.732908290650458,-5.564134057474758,True,0,mapped,True,0.0
T088,L,1087,T004,170,-18.187564975343243,9.400868322178358,-5.730134697191797,True,0,mapped,True,0.0
T088,L,1088,T004,171,-17.667502199637173,9.091629525717352,-5.750227228235295,True,0,mapped,True,0.0
T088,L,1089,T004,173,-22.022533290277373,13.450293965606258,-4.025874556596492,True,0,mapped,True,0.0
T088,L,1090,T004,174,-21.483152843559708,13.62717710994421,-3.877297018098656,True,0,mapped,True,0.0
T088,L,1091,T004,175,-20.918308172988723,13.725159968014388,-3.7902639590593896,True,0,mapped,True,0.0
T088,L,1092,T004,176,-20.40474187556288,13.688670174727587,-3.830976957076204,True,0,mapped,True,0.0
T088,L,1093,T004,177,-19.922556722310848,13.397297475719288,-3.904688693293155,True,0,mapped,True,0.0
T088,L,1094,T004,178,-19.61376882545869,12.933313029636444,-4.0480744618409865,True,0,mapped,True,0.0
T088,L,1095,T004,179,-19.406837263176115,12.414798294145584,-4.17707751264293,True,0,mapped,True,0.0
T088,L,1096,T004,180,-19.193510766291823,12.028722922252625,-4.370356402281408,True,0,mapped,True,0.0
T088,L,1097,T004,181,-19.036150438166835,11.512361280580391,-4.463841667251032,True,0,mapped,True,0.0
T088,L,1098,T004,182,-19.055118302720015,11.003871744738582,-4.650598219651087,True,0,mapped,True,0.0
T088,L,1099,T004,183,-19.04667745654118,10.622832958771363,-4.879833401131576,True,0,mapped,True,0.0
T088,L,1100,T004,184,-18.917515574939134,10.18697187125658,-5.043205669783558,True,0,mapped,True,0.0
T088,L,1101,T004,185,-18.660029743040045,9.718714159336985,-5.159334064854218,True,0,mapped,True,0.0
T088,L,1102,T004,186,-18.407126971840096,9.471327835738858,-5.348923513501138,True,0,mapped,True,0.0
T088,L,1103,T004,187,-17.984317553524168,9.171089700881732,-5.347676803050751,True,0,mapped,True,0.0
T088,L,1104,T004,188,-17.57259773544253,8.979849898594303,-5.337227224573011,True,0,mapped,True,0.0
T088,L,1105,T004,190,-21.27303773546677,13.643374326454136,-3.709592782488132,True,0,mapped,True,0.0
T088,L,1106,T004,191,-20.692241280550697,13.714471379793736,-3.702710135381718,True,0,mapped,True,0.0
T088,L,1107,T004,192,-20.15943615906619,13.5603465620361,-3.7674230143766656,True,0,mapped,True,0.0
T088,L,1108,T004,193,-19.78495353959254,13.184890349328652,-3.8723387245235217,True,0,mapped,True,0.0
T088,L,1109,T004,194,-19.53057698727408,12.68097361188338,-3.9739658631653727,True,0,mapped,True,0.0
T088,L,1110,T004,195,-19.359069855218205,12.205097111735276,-4.074463318714654,True,0,mapped,True,0.0
T088,L,1111,T004,196,-19.149983232992373,11.730670758810987,-4.179606241159053,True,0,mapped,True,0.0
T088,L,1112,T004,197,-19.080356751413213,11.245098861620214,-4.340689725983581,True,0,mapped,True,0.0
T088,L,1113,T004,198,-19.080627074239143,10.788242174914837,-4.628077484119018,True,0,mapped,True,0.0
T088,L,1114,T004,199,-19.037449059257188,10.357514790936577,-4.66129245619743,True,0,mapped,True,0.0
T088,L,1115,T004,200,-18.833296031671665,9.86412979251816,-4.797754042708111,True,0,mapped,True,0.0
T088,L,1116,T004,201,-18.59162185917352,9.558643188159616,-4.89442903934728,True,0,mapped,True,0.0
T088,L,1117,T004,202,-18.26251229021932,9.276325744242715,-5.010394113729123,True,0,mapped,True,0.0
T088,L,1118,T004,203,-17.839459796225494,8.997302823855607,-4.960741512860472,True,0,mapped,True,0.0
T088,L,1119,T004,204,-17.39480209350586,8.841503406532272,-4.9540814913144855,True,0,mapped,True,0.0
T088,L,1120,T004,206,-20.44393493158395,13.669995503395086,-3.637825295317413,True,0,mapped,True,0.0
T088,L,1121,T004,207,-19.951340249256223,13.404141666213263,-3.711816882537308,True,0,mapped,True,0.0
T088,L,1122,T004,208,-19.627251925619973,12.929658806117866,-3.813603643481677,True,0,mapped,True,0.0
T088,L,1123,T004,209,-19.47399250292065,12.456256364909802,-3.872342166368949,True,0,mapped,True,0.0
T088,L,1124,T004,210,-19.33182361582497,11.935698880132014,-3.949201369179184,True,0,mapped,True,0.0
T088,L,1125,T004,211,-19.171546602943344,11.51508126782062,-4.022544853236791,True,0,mapped,True,0.0
T088,L,1126,T004,212,-19.127247493157853,11.011228655633357,-4.28367028088597,True,0,mapped,True,0.0
T088,L,1127,T004,213,-19.09128075182961,10.520533877772069,-4.442790823616832,True,0,mapped,True,0.0
T088,L,1128,T004,214,-18.98224604969197,10.048580798863664,-4.471171933477035,True,0,mapped,True,0.0
T088,L,1129,T004,215,-18.77589397023793,9.717322372475998,-4.561348271970889,True,0,mapped,True,0.0
T088,L,1130,T004,216,-18.43673022527133,9.335404274175785,-4.682278933379404,True,0,mapped,True,0.0
T088,L,1131,T004,217,-18.10994843096889,9.076278476494032,-4.569990200137414,True,0,mapped,True,0.0
T088,L,1132,T004,218,-17.733166601620823,8.882218020417083,-4.538283336541872,True,0,mapped,True,0.0
T088,L,1133,T004,219,-17.39480209350586,8.7696622487256,-4.51081187590772,True,0,mapped,True,0.0
T088,L,1134,T004,221,-19.795126849688195,13.1748830859061,-3.649130598900444,True,0,mapped,True,0.0
T088,L,1135,T004,222,-19.538212710332147,12.676517693449986,-3.732934586609748,True,0,mapped,True,0.0
T088,L,1136,T004,223,-19.451459472745977,12.20269652746556,-3.7150610797095087,True,0,mapped,True,0.0
T088,L,1137,T004,224,-19.30697457023837,11.667651361040374,-3.82569365957987,True,0,mapped,True,0.0
T088,L,1138,T004,225,-19.18285845468887,11.249500842354044,-3.873680742527357,True,0,mapped,True,0.0
T088,L,1139,T004,226,-19.146790536482072,10.652895192753755,-4.159826690583654,True,0,mapped,True,0.0
T088,L,1140,T004,227,-19.09176516830457,10.219598433401996,-4.186434600654111,True,0,mapped,True,0.0
T088,L,1141,T004,228,-18.880217147343043,9.774600405054525,-4.30332586299707,True,0,mapped,True,0.0
T088,L,1142,T004,229,-18.612989491192877,9.453588771384563,-4.424536389751664,True,0,mapped,True,0.0
T088,L,1143,T004,230,-18.367265115748207,9.20640361567286,-4.367286974951154,True,0,mapped,True,0.0
T088,L,1144,T004,231,-17.94626177269817,8.902364109539837,-4.208477716597315,True,0,mapped,True,0.0
T088,L,1145,T004,232,-17.543606253164594,8.74602784907275,-4.244770757005859,True,0,mapped,True,0.0
T088,L,1146,T004,233,-17.119445503711653,8.684034210905839,-4.24762121474838,True,0,mapped,True,0.0
T088,L,1147,T004,235,-19.48201333726041,12.398338361294476,-3.5895008319925314,True,0,mapped,True,0.0
T088,L,1148,T004,236,-19.42039429412301,11.899575429448465,-3.5709417756603887,True,0,mapped,True,0.0
T088,L,1149,T004,237,-19.222836867230345,11.366415291893505,-3.631628859845692,True,0,mapped,True,0.0
T088,L,1150,T004,238,-19.195504948140687,10.900343555564312,-3.796699755663288,True,0,mapped,True,0.0
T088,L,1151,T004,239,-19.147965579830803,10.31567720663726,-3.990067794052282,True,0,mapped,True,0.0
T088,L,1152,T004,240,-19.042695323473826,9.894816572045816,-3.9623425634067377,True,0,mapped,True,0.0
T088,L,1153,T004,241,-18.77897400264742,9.555929249941858,-4.0521453647206425,True,0,mapped,True,0.0
T088,L,1154,T004,242,-18.44524697590393,9.209679495170246,-4.088208488429729,True,0,mapped,True,0.0
T088,L,1155,T004,243,-18.197235886209533,9.009395226105262,-3.985071828443483,True,0,mapped,True,0.0
T088,L,1156,T004,244,-17.730096747272054,8.757283689839007,-3.932648058059301,True,0,mapped,True,0.0
T088,L,1157,T004,245,-17.305908859802006,8.652518511727145,-3.894234668076246,True,0,mapped,True,0.0
T088,L,1158,T004,246,-16.92564008192654,8.609823542334778,-3.9039194430391246,True,0,mapped,True,0.0
T088,L,1159,T004,248,-19.338462629448276,11.6257187237931,-3.345418439642725,True,0,mapped,True,0.0
T088,L,1160,T004,249,-19.19684566276152,11.069463600180423,-3.3707991472153798,True,0,mapped,True,0.0
T088,L,1161,T004,250,-19.22310463524024,10.547465235721816,-3.6955389486064094,True,0,mapped,True,0.0
T088,L,1162,T004,251,-19.139006436379237,10.06839201322515,-3.74295593035454,True,0,mapped,True,0.0
T088,L,1163,T004,252,-18.974920212619256,9.710780722484454,-3.725060740370363,True,0,mapped,True,0.0
T088,L,1164,T004,253,-18.643138379265487,9.335629135527345,-3.8330062043139455,True,0,mapped,True,0.0
T088,L,1165,T004,254,-18.32307423058875,9.032466562400844,-3.7111231754542455,True,0,mapped,True,0.0
T088,L,1166,T004,255,-17.995140267166047,8.82222850242027,-3.6402547452080967,True,0,mapped,True,0.0
T088,L,1167,T004,256,-17.54843718650932,8.660344853042172,-3.5747454142470705,True,0,mapped,True,0.0
T088,L,1168,T004,257,-17.064068818787263,8.588304997743792,-3.650859172985881,True,0,mapped,True,0.0
T088,L,1169,T004,258,-16.60896700987614,8.574388868819852,-3.5872475034955578,True,0,mapped,True,0.0
T088,L,1170,T004,260,-19.252602903532484,10.808752875338964,-3.3219651051132786,True,0,mapped,True,0.0
T088,L,1171,T004,261,-19.22014660492803,10.242945297093812,-3.441458910112013,True,0,mapped,True,0.0
T088,L,1172,T004,262,-19.06699538492665,9.784153025802611,-3.437549276458807,True,0,mapped,True,0.0
T088,L,1173,T004,263,-18.8551864717959,9.471931751047231,-3.491124043226064,True,0,mapped,True,0.0
T088,L,1174,T004,264,-18.50318932481659,9.079372739825928,-3.426297506203502,True,0,mapped,True,0.0
T088,L,1175,T004,265,-18.20423869521681,8.855882798777078,-3.3354339422792765,True,0,mapped,True,0.0
T088,L,1176,T004,266,-17.734879892361384,8.675639541692277,-3.3388876135265173,True,0,mapped,True,0.0
T088,L,1177,T004,267,-17.291157198472998,8.591651475725929,-3.3471907604840854,True,0,mapped,True,0.0
T088,L,1178,T004,268,-16.824208477405033,8.557070824944269,-3.385189868530912,True,0,mapped,True,0.0
T088,L,1179,T004,269,-16.246579694432494,8.509088988692643,-3.4058312543664564,True,0,mapped,True,0.0
T088,L,1180,T004,271,-19.15680190645072,9.965140172672363,-3.291724010945022,True,0,mapped,True,0.0
T088,L,1181,T004,272,-19.00925692515217,9.568212426501878,-3.1381804705801857,True,0,mapped,True,0.0
T088,L,1182,T004,273,-18.73616889046937,9.220267982925323,-3.238743110253301,True,0,mapped,True,0.0
T088,L,1183,T004,274,-18.36370427567585,8.893451700145464,-3.097358820885943,True,0,mapped,True,0.0
T088,L,1184,T004,275,-17.95683031713449,8.702357398420647,-3.0551439828659523,True,0,mapped,True,0.0
T088,L,1185,T004,276,-17.529116480337112,8.60863006784334,-3.051452149354134,True,0,mapped,True,0.0
T088,L,1186,T004,277,-17.06962627774383,8.548867438947212,-3.1293502897724306,True,0,mapped,True,0.0
T088,L,1187,T004,278,-16.459760298073775,8.488652658301152,-3.130417654646345,True,0,mapped,True,0.0
T088,L,1188,T004,279,-15.867685776438304,8.45850432618511,-3.245965787715664,True,0,mapped,True,0.0
T088,L,1189,T004,281,-18.863659286618343,9.275644205572451,-2.955691117958716,True,0,mapped,True,0.0
T088,L,1190,T004,282,-18.59288855051158,9.006217600345225,-2.9306569588940445,True,0,mapped,True,0.0
T088,L,1191,T004,283,-18.161679713018387,8.744017192227954,-2.817697167836316,True,0,mapped,True,0.0
T088,L,1192,T004,284,-17.771530381663595,8.61216677477735,-2.7465621031835417,True,0,mapped,True,0.0
T088,L,1193,T004,285,-17.311572864871508,8.549397298093027,-2.851119484300115,True,0,mapped,True,0.0
T088,L,1194,T004,286,-16.66222412662572,8.466685778829518,-2.873368512718673,True,0,mapped,True,0.0
T088,L,1195,T004,287,-16.188533126491976,8.417002175829978,-2.8942098862390164,True,0,mapped,True,0.0
T088,L,1196,T004,288,-15.794801712036133,8.362056010055142,-2.838122888605695,True,0,mapped,True,0.0
T088,L,1197,T004,290,-18.403965382455556,8.817688415181204,-2.5309267781163967,True,0,mapped,True,0.0
T088,L,1198,T004,291,-17.95324898080283,8.615183993975153,-2.4493710466412235,True,0,mapped,True,0.0
T088,L,1199,T004,292,-17.52181843709107,8.53353785548907,-2.553517376287663,True,0,mapped,True,0.0
T088,L,1200,T004,293,-16.926729179604738,8.445173696760158,-2.5448825182802493,True,0,mapped,True,0.0
T088,L,1201,T004,294,-16.463096065934277,8.401545208948002,-2.6103607969554057,True,0,mapped,True,0.0
T088,L,1202,T004,295,-16.0592995628085,8.334814669337142,-2.548615778501755,True,0,mapped,True,0.0
T088,L,1203,T004,296,-15.657614366204596,8.252645133419904,-2.445442942120236,True,0,mapped,True,0.0
T088,L,1204,T004,298,-17.74533915292114,8.520415381903627,-2.244809068055619,True,0,mapped,True,0.0
T088,L,1205,T004,299,-17.167599074321263,8.425496579545001,-2.256531892432492,True,0,mapped,True,0.0
T088,L,1206,T004,300,-16.711686408308022,8.377208495454488,-2.343251556696076,True,0,mapped,True,0.0
T088,L,1207,T004,301,-16.22859861621496,8.3178289119059,-2.33440960442353,True,0,mapped,True,0.0
T088,L,1208,T004,302,-15.792118919273312,8.224677085817605,-2.233226047926073,True,0,mapped,True,0.0
T088,L,1209,T004,303,-15.528581096338383,8.131848029324837,-2.0536982346715766,True,0,mapped,True,0.0
T088,L,1210,T004,305,-16.922023398171053,8.366221293849,-2.096480092670069,True,0,mapped,True,0.0
T088,L,1211,T004,306,-16.391631003027975,8.286070745682105,-2.089162642884783,True,0,mapped,True,0.0
T088,L,1212,T004,307,-15.955127424108555,8.221789263624458,-2.045418482712423,True,0,mapped,True,0.0
T088,L,1213,T004,308,-15.638908554677627,8.127807627817052,-1.9178229238427196,True,0,mapped,True,0.0
T088,L,1214,T004,309,-15.35104410206181,7.954909255004494,-1.681309935897649,True,0,mapped,True,0.0
T088,L,1215,T004,311,-16.118544619116697,8.207521932053945,-1.8640730071937728,True,0,mapped,True,0.0
T088,L,1216,T004,312,-15.726886957795958,8.116457602129714,-1.8074856037176468,True,0,mapped,True,0.0
T088,L,1217,T004,313,-15.378125722167166,7.935620860348132,-1.5820254548523065,True,0,mapped,True,0.0
T088,L,1218,T004,314,-15.438820287096236,7.966537397583373,-1.6764573424295264,True,3,smooth_internal,True,0.0
T088,L,1219,T004,316,-15.42251322038254,7.930468665216063,-1.5143634689961594,True,0,mapped,True,0.0
T088,L,1220,T004,317,-15.42189224189606,7.847555558698416,-1.5085820241027974,True,3,smooth_internal,True,0.0
T088,L,1221,T004,318,-15.38720276947849,7.847811847164023,-1.5246710551257232,True,3,smooth_internal,True,0.0
T088,L,1222,T004,320,-15.306651954797871,7.613440805306651,-1.2913271628070282,True,2,smooth_near_vertex,True,0.0
T088,L,1223,T004,321,-15.309972826754938,7.641533572026784,-1.3316193991191256,True,2,smooth_near_vertex,True,0.0
T088,L,1224,T004,323,-15.124144340848058,7.257326076939071,-1.001897354442389,True,2,smooth_near_vertex,True,0.0
T088,L,1225,T005,1,-28.319281274543044,9.95552422028378,-6.729957547806027,True,0,mapped,True,0.0
T088,L,1226,T005,2,-28.60342930212689,9.63474466207181,-6.367106522073292,True,0,mapped,True,0.0
T088,L,1227,T005,3,-29.106282502439598,9.303912146735636,-6.173081874847412,True,0,mapped,True,0.0
T088,L,1228,T005,4,-29.59920048854797,8.953528550316733,-5.973081588745117,True,0,mapped,True,0.0
T088,L,1229,T005,5,-30.10593423756236,8.62384904333408,-5.801742364063408,True,0,mapped,True,0.0
T088,L,1230,T005,6,-30.562896136962276,8.298117708525611,-5.5730814933776855,True,0,mapped,True,0.0
T088,L,1231,T005,7,-31.07842396118212,7.963532260484325,-5.489459608430554,True,0,mapped,True,0.0
T088,L,1232,T005,8,-31.51795549632512,7.664935210596573,-5.173081874847412,True,0,mapped,True,0.0
T088,L,1233,T005,9,-31.958634851193505,7.330765245306115,-4.911504324200533,True,0,mapped,True,0.0
T088,L,1234,T005,10,-32.412712422245015,6.912009118710738,-4.7730817794799805,True,0,mapped,True,0.0
T088,L,1235,T005,11,-32.85454488763291,6.459836677252627,-4.735137371252498,True,0,mapped,True,0.0
T088,L,1236,T005,12,-33.21798822753623,5.993268467387333,-4.5730814933776855,True,0,mapped,True,0.0
T088,L,1237,T005,13,-33.54254350098147,5.517932600546168,-4.39149398283987,True,0,mapped,True,0.0
T088,L,1238,T005,14,-33.858828449477514,4.997289604632467,-4.231585579858159,True,0,mapped,True,0.0
T088,L,1239,T005,15,-34.17080534205493,4.449697283526417,-4.173081398010254,True,0,mapped,True,0.0
T088,L,1240,T005,16,-34.42077663815985,3.85557340070555,-4.173081398010254,True,0,mapped,True,0.0
T088,L,1241,T005,17,-34.57520259633667,3.2309622493187087,-4.173081398010254,True,0,mapped,True,0.0
T088,L,1242,T005,18,-34.71527673833491,2.602403590892558,-4.173081398010254,True,0,mapped,True,0.0
T088,L,1243,T005,19,-34.78003976901086,1.9610517146067563,-4.173081398010254,True,0,mapped,True,0.0
T088,L,1244,T005,20,-34.794803619384766,1.3290069910247695,-4.08253234447734,True,0,mapped,True,0.0
T088,L,1245,T005,21,-34.77929433862963,0.6955502412276523,-3.9729698886349154,True,0,mapped,True,0.0
T088,L,1246,T005,22,-34.7935555321179,0.0755509818751441,-3.825190289370511,True,0,mapped,True,0.0
T088,L,1247,T005,23,-34.7829312682123,-0.5168739686624562,-3.5911375670175625,True,0,mapped,True,0.0
T088,L,1248,T005,24,-34.84392166137695,-1.1004799604415894,-3.373081684112549,True,0,mapped,False,0.0
T088,L,1248,T008,324,-34.84392166137695,-1.1004799604415894,-3.373081684112549,True,0,mapped,False,0.0
T088,L,1248,T009,324,-34.84392166137695,-1.1004799604415894,-3.373081684112549,True,-1,landmark_vertex,True,0.0
T088,L,1248,T011,0,-34.84392166137695,-1.1004799604415894,-3.373081684112549,True,0,mapped,False,0.0
T088,L,1249,T005,26,-28.22989549156531,9.687077226990624,-5.888692186830202,True,0,mapped,True,0.0
T088,L,1250,T005,27,-28.75004055397869,9.425865036551,-5.620652871844561,True,0,mapped,True,0.0
T088,L,1251,T005,28,-29.22815086880449,9.137409382121012,-5.238624258086852,True,0,mapped,True,0.0
T088,L,1252,T005,29,-29.67751224796225,8.883847364057555,-5.14803462407017,True,0,mapped,True,0.0
T088,L,1253,T005,30,-30.22370900019238,8.528969627842402,-4.891179394696387,True,0,mapped,True,0.0
T088,L,1254,T005,31,-30.669535778392977,8.252172308120828,-4.777922344617473,True,0,mapped,True,0.0
T088,L,1255,T005,32,-31.069847410167185,8.00211298689161,-4.675316125481652,True,0,mapped,True,0.0
T088,L,1256,T005,33,-31.5301374389053,7.67348728212813,-4.455351927719599,True,0,mapped,True,0.0
T088,L,1257,T005,34,-31.881177492323864,7.400141220326729,-4.276720158427153,True,0,mapped,True,0.0
T088,L,1258,T005,35,-32.519501757923216,6.7998955778100925,-4.116938281315062,True,0,mapped,True,0.0
T088,L,1259,T005,36,-32.96586871250186,6.297154509632592,-3.97660569076232,True,0,mapped,True,0.0
T088,L,1260,T005,37,-33.20035923849268,5.987475666446976,-3.815525341363128,True,0,mapped,True,0.0
T088,L,1261,T005,38,-33.60552084420357,5.451134825101442,-3.6305331507351584,True,0,mapped,True,0.0
T088,L,1262,T005,39,-33.96853103899139,4.830163942159025,-3.508245897475357,True,0,mapped,True,0.0
T088,L,1263,T005,40,-34.1875795394531,4.349488327049064,-3.3915355229552877,True,0,mapped,True,0.0
T088,L,1264,T005,41,-34.39617347190696,3.702194565964722,-3.37226275756356,True,0,mapped,True,0.0
T088,L,1265,T005,42,-34.484397328491525,3.0125101467716,-3.177475925294392,True,0,mapped,True,0.0
T088,L,1266,T005,43,-34.49519830639461,2.2766736526369544,-3.1995350972578835,True,0,mapped,True,0.0
T088,L,1267,T005,44,-34.48423803266283,1.6139888275380014,-3.26800120108551,True,0,mapped,True,0.0
T088,L,1268,T005,45,-34.41424752246729,1.05306282876228,-3.1570658730919097,True,0,mapped,True,0.0
T088,L,1269,T005,46,-34.37018526278754,0.4930202096324019,-3.121160205321338,True,0,mapped,True,0.0
T088,L,1270,T005,47,-34.3218596789092,0.0190299519733331,-2.960368010964068,True,0,mapped,True,0.0
T088,L,1271,T005,48,-34.32688152549326,-0.7488902118525492,-2.8064286079868,True,0,mapped,True,0.0
T088,L,1271,T009,322,-34.32688152549326,-0.7488902118525492,-2.8064286079867995,True,0,mapped,False,4.440892098500626e-16
T088,L,1272,T005,50,-28.30386704050506,9.662696968469996,-4.975004490662142,True,0,mapped,True,0.0
T088,L,1273,T005,51,-28.77744303746069,9.487137531676735,-4.67551763501732,True,0,mapped,True,0.0
T088,L,1274,T005,52,-29.25276026451175,9.24658653691464,-4.39479601209661,True,0,mapped,True,0.0
T088,L,1275,T005,53,-29.70556024207492,8.96429948106837,-4.29662015912078,True,0,mapped,True,0.0
T088,L,1276,T005,54,-30.178197550253792,8.667199684407938,-4.140892260034923,True,0,mapped,True,0.0
T088,L,1277,T005,55,-30.672495579229658,8.351884746173173,-3.9690129448134366,True,0,mapped,True,0.0
T088,L,1278,T005,56,-31.18507617347888,7.968062977317992,-3.8642733466097536,True,0,mapped,True,0.0
T088,L,1279,T005,57,-31.49101579007413,7.723788141270544,-3.780834975963534,True,0,mapped,True,0.0
T088,L,1280,T005,58,-31.95274207918353,7.319872308550792,-3.6686963071722776,True,0,mapped,True,0.0
T088,L,1281,T005,59,-32.49293405650336,6.776068552248617,-3.485714915516678,True,0,mapped,True,0.0
T088,L,1282,T005,60,-32.97459973445578,6.282600722784164,-3.256103741190402,True,0,mapped,True,0.0
T088,L,1283,T005,61,-33.34817616831311,5.855610199975756,-3.0331982223377354,True,0,mapped,True,0.0
T088,L,1284,T005,62,-33.70138988864382,5.314858446478624,-2.7981348493284584,True,0,mapped,True,0.0
T088,L,1285,T005,63,-33.997297976648824,4.756426271947303,-2.7068719649649813,True,0,mapped,True,0.0
T088,L,1286,T005,64,-34.21407328622131,4.310101926599592,-2.636447237667201,True,0,mapped,True,0.0
T088,L,1287,T005,65,-34.35495840123169,3.641429176900198,-2.335570334122182,True,0,mapped,True,0.0
T088,L,1288,T005,66,-34.37737069793122,2.762405095969334,-2.2830876770489468,True,0,mapped,True,0.0
T088,L,1289,T005,67,-34.33143690275298,2.149042282806996,-2.354845869310715,True,0,mapped,True,0.0
T088,L,1290,T005,68,-34.27032759112349,1.5574252560108244,-2.4360201839839712,True,0,mapped,True,0.0
T088,L,1291,T005,69,-34.17156957155978,0.8483495524348051,-2.3979463512491312,True,0,mapped,True,0.0
T088,L,1292,T005,70,-34.10358852073918,0.2617647342905337,-2.3027596999732944,True,0,mapped,True,0.0
T088,L,1293,T005,71,-33.97059531419043,-0.4086618163760869,-2.112644799875903,True,0,mapped,True,0.0
T088,L,1293,T009,319,-33.97059531419043,-0.4086618163760868,-2.112644799875902,True,0,mapped,False,8.95090418262362e-16
T088,L,1294,T005,73,-28.270925563479334,9.88292778565371,-4.115666166004271,True,0,mapped,True,0.0
T088,L,1295,T005,74,-28.87449462874908,9.641389877906668,-3.79688432211159,True,0,mapped,True,0.0
T088,L,1296,T005,75,-29.307304727296746,9.369102570887788,-3.655169463051191,True,0,mapped,True,0.0
T088,L,1297,T005,76,-29.78397712798652,9.07405448822736,-3.4131764286623145,True,0,mapped,True,0.0
T088,L,1298,T005,77,-30.302483821718127,8.758066364371608,-3.304861415939394,True,0,mapped,True,0.0
T088,L,1299,T005,78,-30.814189201497143,8.364370734666483,-3.2324671380953687,True,0,mapped,True,0.0
T088,L,1300,T005,79,-31.15003654938911,8.078446177138078,-3.1300834813192786,True,0,mapped,True,0.0
T088,L,1301,T005,80,-31.58308602224168,7.674516583894391,-3.052130651759453,True,0,mapped,True,0.0
T088,L,1302,T005,81,-32.03178470909384,7.252339528626741,-2.8949835493972147,True,0,mapped,True,0.0
T088,L,1303,T005,82,-32.57734103312248,6.725354610338979,-2.849691595410851,True,0,mapped,True,0.0
T088,L,1304,T005,83,-33.057411058474656,6.252751304887884,-2.5798184535110065,True,0,mapped,True,0.0
T088,L,1305,T005,84,-33.40196225774304,5.838228575415554,-2.323029755635315,True,0,mapped,True,0.0
T088,L,1306,T005,85,-33.73536174861732,5.277121443492563,-2.156825935500809,True,0,mapped,True,0.0
T088,L,1307,T005,86,-33.980020379524866,4.7758218366577285,-1.963660710227288,True,0,mapped,True,0.0
T088,L,1308,T005,87,-34.21879754741477,4.191586855328046,-1.7488218105928903,True,0,mapped,True,0.0
T088,L,1309,T005,88,-34.30808703701186,3.483856233306881,-1.4195270011592809,True,0,mapped,True,0.0
T088,L,1310,T005,89,-34.2894887634247,2.7776844820790627,-1.4984535597905693,True,0,mapped,True,0.0
T088,L,1311,T005,90,-34.18306573552628,2.08683292820903,-1.529448999822485,True,0,mapped,True,0.0
T088,L,1312,T005,91,-34.07190771901762,1.4555271627553048,-1.5985113647360896,True,0,mapped,True,0.0
T088,L,1313,T005,92,-33.94259501162801,0.7249929101145349,-1.569748057213849,True,0,mapped,True,0.0
T088,L,1314,T005,93,-33.8021517136952,0.0995201095938682,-1.4264590021257837,True,0,mapped,True,0.0
T088,L,1314,T009,315,-33.8021517136952,0.0995201095938682,-1.4264590021257837,True,0,mapped,False,0.0
T088,L,1315,T005,95,-28.41715364821208,10.173163401552598,-3.371321880512625,True,0,mapped,True,0.0
T088,L,1316,T005,96,-28.984058580609968,9.892981568559474,-3.081154801755126,True,0,mapped,True,0.0
T088,L,1317,T005,97,-29.47939358103512,9.54388739307841,-2.9314231647436566,True,0,mapped,True,0.0
T088,L,1318,T005,98,-29.99612924359327,9.136548832306536,-2.8269212188515365,True,0,mapped,True,0.0
T088,L,1319,T005,99,-30.45838660657417,8.821330566552394,-2.564966645317086,True,0,mapped,True,0.0
T088,L,1320,T005,100,-30.936488471371845,8.380560707287756,-2.584956845188258,True,0,mapped,True,0.0
T088,L,1321,T005,101,-31.274022784877825,8.061003068816195,-2.562509587382895,True,0,mapped,True,0.0
T088,L,1322,T005,102,-31.716533246580816,7.658694304072695,-2.341774379456464,True,0,mapped,True,0.0
T088,L,1323,T005,103,-32.21303690150878,7.177633083140119,-2.24601956241313,True,0,mapped,True,0.0
T088,L,1324,T005,104,-32.70408996659219,6.701114224064627,-2.029246788252248,True,0,mapped,True,0.0
T088,L,1325,T005,105,-33.09914334151829,6.285350286148644,-1.7012436012783752,True,0,mapped,True,0.0
T088,L,1326,T005,106,-33.499461525730936,5.739473753860859,-1.530990725573551,True,0,mapped,True,0.0
T088,L,1327,T005,107,-33.77438457883858,5.258808074793376,-1.356499456926085,True,0,mapped,True,0.0
T088,L,1328,T005,108,-34.002357546143635,4.746023518067282,-1.0796362652380729,True,0,mapped,True,0.0
T088,L,1329,T005,109,-34.184344153020014,4.085253405096896,-0.8168035702121063,True,0,mapped,True,0.0
T088,L,1330,T005,110,-34.21162019062862,3.3635410103478174,-0.6163091120183755,True,0,mapped,True,0.0
T088,L,1331,T005,111,-34.16852015256516,2.610833553491827,-0.7269351644276744,True,0,mapped,True,0.0
T088,L,1332,T005,112,-34.06819045048714,2.014475164965583,-0.8605943974904676,True,0,mapped,True,0.0
T088,L,1333,T005,113,-33.89917525900624,1.268371881302864,-0.826384168431102,True,0,mapped,True,0.0
T088,L,1334,T005,114,-33.71825572849892,0.5565867624001898,-0.7160149016661279,True,0,mapped,True,0.0
T088,L,1334,T009,310,-33.71825572849892,0.556586762400189,-0.7160149016661256,True,0,mapped,False,2.4575834280036906e-15
T088,L,1335,T005,116,-28.600024158519638,10.50390239183091,-2.671378248521338,True,0,mapped,True,0.0
T088,L,1336,T005,117,-29.19813511241684,10.038462851772383,-2.517514000766575,True,0,mapped,True,0.0
T088,L,1337,T005,118,-29.729479485209254,9.59047739016136,-2.404643337504872,True,0,mapped,True,0.0
T088,L,1338,T005,119,-30.19569311354834,9.241052900565975,-2.166219508527811,True,0,mapped,True,0.0
T088,L,1339,T005,120,-30.593371084724676,8.891389795614366,-1.9584701566394296,True,0,mapped,True,0.0
T088,L,1340,T005,121,-31.01431875884072,8.472094791438288,-1.9289436175671173,True,0,mapped,True,0.0
T088,L,1341,T005,122,-31.39927974949661,8.094164022470482,-1.7687647948568854,True,0,mapped,True,0.0
T088,L,1342,T005,123,-31.84032783691437,7.662455376561267,-1.6053431372947788,True,0,mapped,True,0.0
T088,L,1343,T005,124,-32.267628316103824,7.2367936925081935,-1.4097165600873596,True,0,mapped,True,0.0
T088,L,1344,T005,125,-32.81229699255273,6.683043788405484,-1.22714718171644,True,0,mapped,True,0.0
T088,L,1345,T005,126,-33.19219617920797,6.212744295386139,-0.9485135255154992,True,0,mapped,True,0.0
T088,L,1346,T005,127,-33.51864384796964,5.7252695485569385,-0.7379113676111513,True,0,mapped,True,0.0
T088,L,1347,T005,128,-33.80567710589526,5.241388396482588,-0.4947243027792766,True,0,mapped,True,0.0
T088,L,1348,T005,129,-34.00836997840172,4.7047943635765295,-0.3543496365372179,True,0,mapped,True,0.0
T088,L,1349,T005,130,-34.120755162547425,3.959715137930633,0.0992101674095539,True,0,mapped,True,0.0
T088,L,1350,T005,131,-34.11815545006045,3.2315692518314894,0.0279095108617489,True,0,mapped,True,0.0
T088,L,1351,T005,132,-34.05409409983654,2.578639359949098,-0.0900894143498882,True,0,mapped,True,0.0
T088,L,1352,T005,133,-33.87696603815186,1.7975514061943028,-0.0755189864864772,True,0,mapped,True,0.0
T088,L,1353,T005,134,-33.687096418472144,1.0995200872421274,-0.0357255607682428,True,0,mapped,True,0.0
T088,L,1353,T009,304,-33.687096418472144,1.0995200872421265,-0.0357255607682418,True,0,mapped,False,1.336885555457667e-15
T088,L,1354,T005,136,-28.761032124893735,10.861153049054616,-1.9806749723582655,True,0,mapped,True,0.0
T088,L,1355,T005,137,-29.412831417447265,10.287900018854518,-1.8751075695150192,True,0,mapped,True,0.0
T088,L,1356,T005,138,-29.86613004941001,9.80078932884568,-1.7538331857906897,True,0,mapped,True,0.0
T088,L,1357,T005,139,-30.292448597514944,9.364435337528176,-1.5905295360134764,True,0,mapped,True,0.0
T088,L,1358,T005,140,-30.73144676349935,8.949460213103212,-1.3191298146899737,True,0,mapped,True,0.0
T088,L,1359,T005,141,-31.161230829410517,8.48043485271021,-1.2222942342058327,True,0,mapped,True,0.0
T088,L,1360,T005,142,-31.57736393017936,8.070922025332528,-0.9252854610149884,True,0,mapped,True,0.0
T088,L,1361,T005,143,-32.02767538610766,7.613447460974806,-0.7363262238317204,True,0,mapped,True,0.0
T088,L,1362,T005,144,-32.39958809512251,7.211821130187673,-0.5928885542356708,True,0,mapped,True,0.0
T088,L,1363,T005,145,-32.81469577846536,6.748884658642124,-0.3307393899969289,True,0,mapped,True,0.0
T088,L,1364,T005,146,-33.21161555993977,6.202678169747321,-0.0969073026798233,True,0,mapped,True,0.0
T088,L,1365,T005,147,-33.53266740126608,5.68444475613946,0.1683698760237621,True,0,mapped,True,0.0
T088,L,1366,T005,148,-33.7781724272469,5.194046786526098,0.3585318036387589,True,0,mapped,True,0.0
T088,L,1367,T005,149,-33.9857659711682,4.497630011652084,0.5211049156531735,True,0,mapped,True,0.0
T088,L,1368,T005,150,-34.02636578046238,3.8138432628947823,0.8150867604501671,True,0,mapped,True,0.0
T088,L,1369,T005,151,-33.98356579312673,3.0738276748893787,0.7094090218101399,True,0,mapped,True,0.0
T088,L,1370,T005,152,-33.87838214120387,2.3838358789683136,0.6277413038281259,True,0,mapped,True,0.0
T088,L,1371,T005,153,-33.67158830119567,1.5529535168238984,0.6803518448401061,True,0,mapped,True,0.0
T088,L,1371,T009,297,-33.67158830119567,1.5529535168238984,0.6803518448401061,True,0,mapped,False,0.0
T088,L,1372,T005,155,-29.2145679166397,11.056954181970712,-1.2536782719517607,True,0,mapped,True,0.0
T088,L,1373,T005,156,-29.574111459388185,10.59326786582105,-1.2109418216625891,True,0,mapped,True,0.0
T088,L,1374,T005,157,-29.986059719733817,10.076977188758926,-1.075299456861748,True,0,mapped,True,0.0
T088,L,1375,T005,158,-30.41345305847809,9.599898728058344,-0.823580497749324,True,0,mapped,True,0.0
T088,L,1376,T005,159,-30.91997004154123,8.961028940639123,-0.6167948729733884,True,0,mapped,True,0.0
T088,L,1377,T005,160,-31.30473336921689,8.523604468610742,-0.4623757041317083,True,0,mapped,True,0.0
T088,L,1378,T005,161,-31.64823304931474,8.145464054899819,-0.2731825250008274,True,0,mapped,True,0.0
T088,L,1379,T005,162,-32.04261005279023,7.720617408208721,-0.0721730197651377,True,0,mapped,True,0.0
T088,L,1380,T005,163,-32.46694991543394,7.244443448344687,0.2389443758085325,True,0,mapped,True,0.0
T088,L,1381,T005,164,-32.89508114840167,6.680297890379312,0.5930944794106678,True,0,mapped,True,0.0
T088,L,1382,T005,165,-33.18217748560551,6.220444219450041,0.7257372873130387,True,0,mapped,True,0.0
T088,L,1383,T005,166,-33.45288417285595,5.750338434137458,0.8785041930185121,True,0,mapped,True,0.0
T088,L,1384,T005,167,-33.74500784691024,5.056008496436528,1.1084803062046196,True,0,mapped,True,0.0
T088,L,1385,T005,168,-33.855124275662384,4.305801154195843,1.317922719241112,True,0,mapped,True,0.0
T088,L,1386,T005,169,-33.8488261049656,3.715475972834045,1.5426969516996447,True,0,mapped,True,0.0
T088,L,1387,T005,170,-33.818337064470256,2.913815860093077,1.374926104468229,True,0,mapped,True,0.0
T088,L,1388,T005,171,-33.697119620192275,2.193881814052952,1.3212801295055354,True,0,mapped,True,0.0
T088,L,1388,T009,289,-33.69711962019228,2.1938818140529524,1.3212801295055367,True,0,mapped,False,7.242875823676482e-15
T088,L,1389,T005,173,-29.407705395844403,11.342759971383828,-0.6623091268048988,True,0,mapped,True,0.0
T088,L,1390,T005,174,-29.83031565618809,10.852512192085978,-0.5041119658616038,True,0,mapped,True,0.0
T088,L,1391,T005,175,-30.16240949700093,10.402003016551255,-0.3944146925366056,True,0,mapped,True,0.0
T088,L,1392,T005,176,-30.6293326757803,9.801543930041444,-0.0981757126411388,True,0,mapped,True,0.0
T088,L,1393,T005,177,-31.09398953418639,9.1373435780874,0.1417559043118968,True,0,mapped,True,0.0
T088,L,1394,T005,178,-31.47817173758536,8.63580868699459,0.3242497668264135,True,0,mapped,True,0.0
T088,L,1395,T005,179,-31.866410993828207,8.133823666911525,0.5506769950128201,True,0,mapped,True,0.0
T088,L,1396,T005,180,-32.22299156862538,7.709299050218907,0.8387347933105922,True,0,mapped,True,0.0
T088,L,1397,T005,181,-32.615728105690074,7.1865062019575845,1.1237196567399228,True,0,mapped,True,0.0
T088,L,1398,T005,182,-32.96047911787209,6.627819696939658,1.333286272413994,True,0,mapped,True,0.0
T088,L,1399,T005,183,-33.182864951966884,6.1673076936418365,1.5447322158895909,True,0,mapped,True,0.0
T088,L,1400,T005,184,-33.39862909054659,5.615245985050956,1.6874003241577376,True,0,mapped,True,0.0
T088,L,1401,T005,185,-33.59437240856927,4.923638382490216,1.8648882830435751,True,0,mapped,True,0.0
T088,L,1402,T005,186,-33.6381243811089,4.117429869292332,2.0552923990085383,True,0,mapped,True,0.0
T088,L,1403,T005,187,-33.64917155064952,3.5106947630872614,2.172615935574942,True,0,mapped,True,0.0
T088,L,1404,T005,188,-33.64957966551058,2.8337113168947954,1.9611097685754395,True,0,mapped,True,0.0
T088,L,1404,T009,280,-33.649579665510586,2.833711316894796,1.96110976857544,True,0,mapped,False,7.133128933837889e-15
T088,L,1405,T005,190,-29.67151175589326,11.668264468913712,-0.0669515951409099,True,0,mapped,True,0.0
T088,L,1406,T005,191,-30.159417393452912,11.120502641206071,0.2388122725136665,True,0,mapped,True,0.0
T088,L,1407,T005,192,-30.46009022332349,10.628893302273957,0.3261777449113765,True,0,mapped,True,0.0
T088,L,1408,T005,193,-30.876676001887247,9.998061210287728,0.6136960441297692,True,0,mapped,True,0.0
T088,L,1409,T005,194,-31.232929328854024,9.405187988859392,0.8338425231296945,True,0,mapped,True,0.0
T088,L,1410,T005,195,-31.599463556000085,8.883268078703468,1.1014319161494597,True,0,mapped,True,0.0
T088,L,1411,T005,196,-32.02417478566531,8.249162551747126,1.3874054030757583,True,0,mapped,True,0.0
T088,L,1412,T005,197,-32.393458876995766,7.686727523722974,1.7071087792301407,True,0,mapped,True,0.0
T088,L,1413,T005,198,-32.67237940452551,7.212219574474306,1.9603762744035704,True,0,mapped,True,0.0
T088,L,1414,T005,199,-32.89559808263162,6.738737813932541,2.1642040590588945,True,0,mapped,True,0.0
T088,L,1415,T005,200,-33.18029002598535,6.044606339973537,2.30303472922712,True,0,mapped,True,0.0
T088,L,1416,T005,201,-33.33713323542506,5.319876820743312,2.4935464061956,True,0,mapped,True,0.0
T088,L,1417,T005,202,-33.3885619680415,4.677918225001504,2.679966984323593,True,0,mapped,True,0.0
T088,L,1418,T005,203,-33.459661333554195,3.975287416992752,2.751729031550356,True,0,mapped,True,0.0
T088,L,1419,T005,204,-33.474227740339245,3.3450893483804194,2.672487648551318,True,0,mapped,True,0.0
T088,L,1419,T009,270,-33.474227740339245,3.3450893483804194,2.672487648551318,True,0,mapped,False,0.0
T088,L,1420,T005,206,-29.987962104332187,12.060892867515538,0.552378957844611,True,0,mapped,True,0.0
T088,L,1421,T005,207,-30.37372754586237,11.599682292352204,0.861631934982184,True,0,mapped,True,0.0
T088,L,1422,T005,208,-30.77356090931336,10.930029793241848,1.1342589649622257,True,0,mapped,True,0.0
T088,L,1423,T005,209,-31.12333134586753,10.278294809950436,1.3861256750682331,True,0,mapped,True,0.0
T088,L,1424,T005,210,-31.393575427074826,9.714035583782994,1.6038017292072364,True,0,mapped,True,0.0
T088,L,1425,T005,211,-31.80276455819535,9.039705534145805,1.955186973084306,True,0,mapped,True,0.0
T088,L,1426,T005,212,-32.166127808333286,8.371372256911743,2.23987161108185,True,0,mapped,True,0.0
T088,L,1427,T005,213,-32.46376600235853,7.745647849710658,2.513391559884296,True,0,mapped,True,0.0
T088,L,1428,T005,214,-32.66733707903049,7.238921705455744,2.829533708612939,True,0,mapped,True,0.0
T088,L,1429,T005,215,-32.88718975072431,6.592169659649242,2.9970096990574944,True,0,mapped,True,0.0
T088,L,1430,T005,216,-33.08297751961402,5.771526092672115,3.1378291709449133,True,0,mapped,True,0.0
T088,L,1431,T005,217,-33.163315700935705,5.126822630388981,3.2426353923894973,True,0,mapped,True,0.0
T088,L,1432,T005,218,-33.183455750797464,4.418943665568403,3.376489857311216,True,0,mapped,True,0.0
T088,L,1433,T005,219,-33.225635826375346,3.798207417959643,3.361648157813402,True,0,mapped,True,0.0
T088,L,1433,T009,259,-33.22563582637535,3.798207417959643,3.3616481578134043,True,0,mapped,False,7.444291678311382e-15
T088,L,1434,T005,221,-30.191015071704754,12.570367313435266,1.261767495526106,True,0,mapped,True,0.0
T088,L,1435,T005,222,-30.609890939482277,11.921017695950717,1.623353774398376,True,0,mapped,True,0.0
T088,L,1436,T005,223,-30.98727455203373,11.27317811902149,2.0348979598620374,True,0,mapped,True,0.0
T088,L,1437,T005,224,-31.307483511735825,10.594505097152105,2.278229599913772,True,0,mapped,True,0.0
T088,L,1438,T005,225,-31.6056153017908,9.93227157188872,2.5259672095481838,True,0,mapped,True,0.0
T088,L,1439,T005,226,-31.94788298936877,9.177295856075206,2.8061757379682435,True,0,mapped,True,0.0
T088,L,1440,T005,227,-32.20441980048511,8.521178841928332,3.1111548328041128,True,0,mapped,True,0.0
T088,L,1441,T005,228,-32.44011595061392,7.831010923684773,3.445827626776025,True,0,mapped,True,0.0
T088,L,1442,T005,229,-32.59839337557431,7.10104123414047,3.760106296115535,True,0,mapped,True,0.0
T088,L,1443,T005,230,-32.750829835494066,6.309925471723359,3.935050085338842,True,0,mapped,True,0.0
T088,L,1444,T005,231,-32.826210111611324,5.480868161778271,4.081771373302214,True,0,mapped,True,0.0
T088,L,1445,T005,232,-32.86831873438959,4.799425229367699,4.04186194336711,True,0,mapped,True,0.0
T088,L,1446,T005,233,-32.85928910126835,4.164553481323875,4.091951841178899,True,0,mapped,True,0.0
T088,L,1446,T009,247,-32.85928910126835,4.164553481323875,4.0919518411789,True,0,mapped,False,8.881784197001252e-16
T088,L,1447,T005,235,-30.212409610723466,12.791011435150436,2.0904866233115253,True,0,mapped,True,0.0
T088,L,1448,T005,236,-30.65856841296725,12.140767762372064,2.488631899776891,True,0,mapped,True,0.0
T088,L,1449,T005,237,-31.01707997436928,11.537678667564556,2.8458220895690154,True,0,mapped,True,0.0
T088,L,1450,T005,238,-31.379957251476764,10.683554284904345,3.113086769894856,True,0,mapped,True,0.0
T088,L,1451,T005,239,-31.623071338915445,10.076609028138968,3.4482956395170574,True,0,mapped,True,0.0
T088,L,1452,T005,240,-31.979821250502862,9.224087229507338,3.798212929142244,True,0,mapped,True,0.0
T088,L,1453,T005,241,-32.16355512548074,8.439334918717698,4.144596540619992,True,0,mapped,True,0.0
T088,L,1454,T005,242,-32.35097144952725,7.590232159965906,4.425942075221609,True,0,mapped,True,0.0
T088,L,1455,T005,243,-32.48658186829536,6.725275450750023,4.598433602877055,True,0,mapped,True,0.0
T088,L,1456,T005,244,-32.49966888000529,6.011458807297037,4.718415838387616,True,0,mapped,True,0.0
T088,L,1457,T005,245,-32.54626507684749,5.176627972244932,4.67003940788072,True,0,mapped,True,0.0
T088,L,1458,T005,246,-32.436800367397645,4.439419249546875,4.780291922022386,True,0,mapped,True,0.0
T088,L,1458,T009,234,-32.436800367397645,4.439419249546875,4.780291922022386,True,0,mapped,False,0.0
T088,L,1459,T005,248,-30.12114160417508,12.873086402971987,2.979690211697425,True,0,mapped,True,0.0
T088,L,1460,T005,249,-30.51393426701683,12.202780931992352,3.330752114947221,True,0,mapped,True,0.0
T088,L,1461,T005,250,-30.879334372425795,11.593115786881183,3.734792526362229,True,0,mapped,True,0.0
T088,L,1462,T005,251,-31.23013685566906,10.712413788763683,4.130626847126961,True,0,mapped,True,0.0
T088,L,1463,T005,252,-31.54095747238022,9.870586410885672,4.4361664347583325,True,0,mapped,True,0.0
T088,L,1464,T005,253,-31.799744737854205,9.118543574202562,4.705043904196994,True,0,mapped,True,0.0
T088,L,1465,T005,254,-31.959718559090547,8.228989321920746,5.097540091284111,True,0,mapped,True,0.0
T088,L,1466,T005,255,-32.06805292378472,7.292170881190301,5.276130229020882,True,0,mapped,True,0.0
T088,L,1467,T005,256,-32.153502066992004,6.576626536150279,5.224375982287411,True,0,mapped,True,0.0
T088,L,1468,T005,257,-32.10563285919311,5.690515832876765,5.292692681824377,True,0,mapped,True,0.0
T088,L,1469,T005,258,-31.9579250271528,4.784510356906656,5.371968664951298,True,0,mapped,True,0.0
T088,L,1469,T009,220,-31.9579250271528,4.784510356906657,5.3719686649513,True,0,mapped,False,1.9860273225978185e-15
T088,L,1470,T005,260,-29.687244063684453,12.9909777200426,3.631848171173029,True,0,mapped,True,0.0
T088,L,1471,T005,261,-30.078642258901056,12.245253707408164,4.074335175982131,True,0,mapped,True,0.0
T088,L,1472,T005,262,-30.544595312693104,11.424855840207147,4.5642006712900764,True,0,mapped,True,0.0
T088,L,1473,T005,263,-30.820333759818887,10.519255885758186,5.016071971972947,True,0,mapped,True,0.0
T088,L,1474,T005,264,-31.04679881832383,9.666117533178468,5.307179839818691,True,0,mapped,True,0.0
T088,L,1475,T005,265,-31.35150059465493,8.896170073314686,5.549365070253799,True,0,mapped,True,0.0
T088,L,1476,T005,266,-31.53928535367216,7.977072459843828,5.719358232862379,True,0,mapped,True,0.0
T088,L,1477,T005,267,-31.392880490032656,6.979087857768377,5.966003569239637,True,0,mapped,True,0.0
T088,L,1478,T005,268,-31.424217368300816,6.113489209337812,5.926713406066076,True,0,mapped,True,0.0
T088,L,1479,T005,269,-31.39889614254384,5.215755860879534,5.824198404737266,True,0,mapped,True,0.0
T088,L,1479,T009,205,-31.39889614254384,5.215755860879532,5.824198404737267,True,0,mapped,False,1.9860273225978185e-15
T088,L,1480,T005,271,-29.08461130595598,12.74878424057762,4.243481523128858,True,0,mapped,True,0.0
T088,L,1481,T005,272,-29.600588715712945,12.01769904423439,4.785482141542023,True,0,mapped,True,0.0
T088,L,1482,T005,273,-29.93514834926095,11.15963767473103,5.27018889721747,True,0,mapped,True,0.0
T088,L,1483,T005,274,-30.198384310541982,10.139087812799522,5.547106075091141,True,0,mapped,True,0.0
T088,L,1484,T005,275,-30.45513142624613,9.415803727958524,5.861337075055486,True,0,mapped,True,0.0
T088,L,1485,T005,276,-30.697520900124964,8.445709080675446,6.058577276021386,True,0,mapped,True,0.0
T088,L,1486,T005,277,-30.82313545857135,7.519285014284478,6.233817131013441,True,0,mapped,True,0.0
T088,L,1487,T005,278,-30.83396638654941,6.523300769933696,6.239025791748717,True,0,mapped,True,0.0
T088,L,1488,T005,279,-30.621333055921006,5.499520301818848,6.1532674577194175,True,0,mapped,True,0.0
T088,L,1488,T009,189,-30.621333055921006,5.499520301818848,6.153267457719417,True,0,mapped,False,8.881784197001252e-16
T088,L,1489,T005,281,-28.429374370265634,12.389258455270848,4.681752380973915,True,0,mapped,True,0.0
T088,L,1490,T005,282,-28.896517978120915,11.649069287837,5.150339911564555,True,0,mapped,True,0.0
T088,L,1491,T005,283,-29.20116273877867,10.755767821206936,5.543605390220765,True,0,mapped,True,0.0
T088,L,1492,T005,284,-29.60952304986905,9.771510262367896,5.816476467694002,True,0,mapped,True,0.0
T088,L,1493,T005,285,-29.760787687445884,8.87587040855108,6.091433752181649,True,0,mapped,True,0.0
T088,L,1494,T005,286,-29.88110896549972,8.087909242963383,6.285051500319691,True,0,mapped,True,0.0
T088,L,1495,T005,287,-30.05343908571288,7.018456340781968,6.360151521807748,True,0,mapped,True,0.0
T088,L,1496,T005,288,-29.91356795758386,5.980754527223118,6.354762443237744,True,0,mapped,True,0.0
T088,L,1496,T009,172,-29.913567957583854,5.980754527223118,6.354762443237744,True,0,mapped,False,7.105427357601002e-15
T088,L,1497,T005,290,-27.760322192365024,11.897184541193976,4.834519975476312,True,0,mapped,True,0.0
T088,L,1498,T005,291,-28.229025746168432,11.094050781649813,5.305767685158743,True,0,mapped,True,0.0
T088,L,1499,T005,292,-28.53432543819901,10.083483709581715,5.638571578981322,True,0,mapped,True,0.0
T088,L,1500,T005,293,-28.75892161957016,9.130804619291553,5.832051156706802,True,0,mapped,True,0.0
T088,L,1501,T005,294,-28.99344993913853,8.168214420448509,6.120304379635062,True,0,mapped,True,0.0
T088,L,1502,T005,295,-29.159910802577453,7.279414327914214,6.281212362953566,True,0,mapped,True,0.0
T088,L,1503,T005,296,-29.223942607992264,6.49952030181885,6.406973398529695,True,0,mapped,True,0.0
T088,L,1503,T009,154,-29.223942607992264,6.499520301818848,6.406973398529696,True,0,mapped,False,2.808666774861361e-15
T088,L,1504,T005,298,-27.153262660257106,11.40819938221069,4.8943965318368585,True,0,mapped,True,0.0
T088,L,1505,T005,299,-27.59763472125007,10.307991623089626,5.30865462029713,True,0,mapped,True,0.0
T088,L,1506,T005,300,-27.73557224908409,9.36268595705517,5.54427014424872,True,0,mapped,True,0.0
T088,L,1507,T005,301,-28.048497997643988,8.409289494710553,5.858041766495617,True,0,mapped,True,0.0
T088,L,1508,T005,302,-28.263929145786623,7.400429592718645,6.099907431903587,True,0,mapped,True,0.0
T088,L,1509,T005,303,-28.32324582453786,6.49952030181885,6.305102070927055,True,0,mapped,True,0.0
T088,L,1509,T009,135,-28.32324582453785,6.499520301818848,6.305102070927053,True,0,mapped,False,1.112884370092863e-14
T088,L,1510,T005,305,-26.481482067915653,10.694829320039354,4.942779091801036,True,0,mapped,True,0.0
T088,L,1511,T005,306,-26.86472360842287,9.623970919081271,5.26570450517156,True,0,mapped,True,0.0
T088,L,1512,T005,307,-27.11292538688642,8.584611378560018,5.52170237529832,True,0,mapped,True,0.0
T088,L,1513,T005,308,-27.397889462450337,7.654742817458635,5.826402806391558,True,0,mapped,True,0.0
T088,L,1514,T005,309,-27.48750956349128,6.699520111083986,6.12345513995108,True,0,mapped,True,0.0
T088,L,1514,T009,115,-27.48750956349128,6.699520111083984,6.12345513995108,True,0,mapped,False,1.7763568394002505e-15
T088,L,1515,T005,311,-25.93405927014534,9.974020309038266,5.035554507036891,True,0,mapped,True,0.0
T088,L,1516,T005,312,-26.17110599646543,8.818554187569028,5.269797264800475,True,0,mapped,True,0.0
T088,L,1517,T005,313,-26.46893649774181,7.823192945104276,5.598099509665925,True,0,mapped,True,0.0
T088,L,1518,T005,314,-26.648808659451603,6.899520397186281,5.9510020661127125,True,0,mapped,True,0.0
T088,L,1518,T009,94,-26.6488086594516,6.899520397186279,5.951002066112713,True,0,mapped,False,4.070144838902081e-15
T088,L,1519,T005,316,-25.325870555608603,9.245880787549936,5.138077509666757,True,0,mapped,True,0.0
T088,L,1520,T005,317,-25.5994039257006,8.160757693978667,5.462770131826312,True,0,mapped,True,0.0
T088,L,1521,T005,318,-25.940793958611653,7.246967383627602,5.826918601989746,True,0,mapped,True,0.0
T088,L,1521,T009,72,-25.94079395861165,7.246967383627601,5.826918601989746,True,0,mapped,False,3.66205343881779e-15
T088,L,1522,T005,320,-24.850631897666368,8.594700696977007,5.355983135031618,True,0,mapped,True,0.0
T088,L,1523,T005,321,-25.11259511833783,7.615927151034094,5.826918601989746,True,0,mapped,True,0.0
T088,L,1523,T009,49,-25.112595118337826,7.615927151034093,5.826918601989746,True,0,mapped,False,3.66205343881779e-15
T088,L,1524,T005,323,-24.30116216776139,8.019126293677743,5.826918601989746,True,0,mapped,True,0.0
T088,L,1524,T009,25,-24.301162167761387,8.019126293677742,5.826918601989746,True,0,mapped,False,3.972054645195637e-15
T088,L,1525,T006,1,-14.75969156243575,6.499520301818848,0.1344439189787176,True,0,mapped,True,0.0
T088,L,1525,T007,1,-14.75969156243575,6.499520301818848,0.1344439189787176,True,0,mapped,False,0.0
T088,L,1526,T006,2,-14.760983255101856,6.499520301818848,0.6434275159345082,True,0,mapped,True,0.0
T088,L,1526,T007,2,-14.760983255101856,6.499520301818848,0.6434275159345082,True,0,mapped,False,0.0
T088,L,1527,T006,3,-14.875365503344865,6.499520301818848,1.1389868382296555,True,0,mapped,True,0.0
T088,L,1527,T007,3,-14.875365503344865,6.499520301818848,1.1389868382296555,True,0,mapped,False,0.0
T088,L,1528,T006,4,-15.024519027580986,6.499520301818848,1.6237469547752896,True,0,mapped,True,0.0
T088,L,1528,T007,4,-15.024519027580986,6.499520301818848,1.6237469547752894,True,0,mapped,False,2.220446049250313e-16
T088,L,1529,T006,5,-15.135769908379078,6.604078919610616,2.1047990175725517,True,0,mapped,True,0.0
T088,L,1529,T007,5,-15.135769908379078,6.604078919610616,2.1047990175725517,True,0,mapped,False,0.0
T088,L,1530,T006,6,-15.351297640052868,6.565112578447468,2.5563766467414104,True,0,mapped,True,0.0
T088,L,1530,T007,6,-15.351297640052868,6.565112578447468,2.5563766467414104,True,0,mapped,False,0.0
T088,L,1531,T006,7,-15.595867266626104,6.499520301818848,2.961183195446065,True,0,mapped,True,0.0
T088,L,1531,T007,7,-15.595867266626104,6.499520301818848,2.961183195446065,True,0,mapped,False,0.0
T088,L,1532,T006,8,-15.741442092295172,6.576586730350023,3.435347237270391,True,0,mapped,True,0.0
T088,L,1532,T007,8,-15.741442092295172,6.576586730350023,3.4353472372703915,True,0,mapped,False,4.440892098500626e-16
T088,L,1533,T006,9,-15.6968868226291,6.45939985052738,3.921810237723681,True,0,mapped,True,0.0
T088,L,1533,T007,9,-15.6968868226291,6.45939985052738,3.921810237723681,True,0,mapped,False,0.0
T088,L,1534,T006,10,-15.627553922189897,6.435337032223258,4.424894297911396,True,0,mapped,True,0.0
T088,L,1534,T007,10,-15.627553922189897,6.4353370322232575,4.424894297911395,True,0,mapped,False,1.2560739669470201e-15
T088,L,1535,T006,11,-15.52059676714592,6.551658444658549,4.903666159895272,True,0,mapped,True,0.0
T088,L,1535,T007,11,-15.52059676714592,6.551658444658549,4.903666159895272,True,0,mapped,False,0.0
T088,L,1536,T006,12,-15.33165073714116,6.679428348301661,5.358126110543812,True,0,mapped,True,0.0
T088,L,1536,T007,12,-15.33165073714116,6.679428348301661,5.358126110543812,True,0,mapped,False,0.0
T088,L,1537,T006,13,-15.03645140711455,6.631412854822039,5.753096697148431,True,0,mapped,True,0.0
T088,L,1537,T007,13,-15.036451407114548,6.631412854822039,5.753096697148431,True,0,mapped,False,1.7763568394002505e-15
T088,L,1538,T006,14,-14.755855031050183,6.764888196036464,6.133480669593038,True,0,mapped,True,0.0
T088,L,1538,T007,14,-14.755855031050183,6.764888196036465,6.133480669593039,True,0,mapped,False,1.2560739669470201e-15
T088,L,1539,T006,15,-14.422651426994156,6.806427730987834,6.494937413287222,True,0,mapped,True,0.0
T088,L,1539,T007,15,-14.42265142699416,6.806427730987835,6.494937413287222,True,0,mapped,False,3.66205343881779e-15
T088,L,1540,T006,16,-14.113275006337286,7.020744426637292,6.838195808990158,True,0,mapped,True,0.0
T088,L,1540,T007,16,-14.113275006337288,7.020744426637293,6.838195808990159,True,0,mapped,False,2.175583928816829e-15
T088,L,1541,T006,17,-13.792227463666286,7.22047039806901,7.179371509223358,True,0,mapped,True,0.0
T088,L,1541,T007,17,-13.792227463666286,7.22047039806901,7.179371509223358,True,0,mapped,False,0.0
T088,L,1542,T006,18,-13.45864159461872,7.358225390210087,7.525634042394918,True,0,mapped,True,0.0
T088,L,1542,T007,18,-13.45864159461872,7.358225390210087,7.525634042394919,True,0,mapped,False,8.881784197001252e-16
T088,L,1543,T006,19,-13.116529326840164,7.471368574786733,7.880758009677958,True,0,mapped,True,0.0
T088,L,1543,T007,19,-13.116529326840164,7.471368574786733,7.880758009677959,True,0,mapped,False,8.881784197001252e-16
T088,L,1544,T006,20,-12.864776042984335,7.731646486265848,8.234260625179008,True,0,mapped,True,0.0
T088,L,1544,T007,20,-13.086003055735487,7.45055232712212,7.988536433008321,True,3,smooth_internal,False,0.4339766077721871
T088,L,1545,T006,21,-12.6095750137736,7.920644208767199,8.630782765242419,True,0,mapped,True,0.0
T088,L,1545,T007,21,-13.014085837223568,7.501998023941764,8.209415666064015,True,3,smooth_internal,False,0.7186402901501467
T088,L,1546,T006,22,-12.492947444062608,8.118858718901773,9.057680501542755,True,0,mapped,True,0.0
T088,L,1546,T007,22,-12.901243312354218,7.620732240871278,8.54480070082241,True,2,smooth_near_vertex,False,0.8233354080604125
T088,L,1547,T006,23,-12.397004528032184,8.20447241938113,9.526210052291614,True,0,mapped,True,0.0
T088,L,1547,T007,23,-12.724211241250751,7.83241931758187,9.064345963008972,True,2,smooth_near_vertex,False,0.677352331288992
T088,L,1548,T006,24,-12.394801139831545,8.243136405944824,10.026918411254885,True,0,mapped,False,0.0
T088,L,1548,T007,24,-12.394801139831545,8.243136405944824,10.026918411254885,True,-1,landmark_vertex,True,0.0
T088,L,1548,T010,324,-12.394801139831545,8.243136405944824,10.026918411254885,True,0,mapped,False,0.0
T088,L,1548,T013,324,-12.394801139831545,8.243136405944822,10.026918411254885,True,0,mapped,False,1.7763568394002505e-15
T088,L,1549,T006,26,-14.840278108595768,6.682385305933784,0.5475782191708021,True,0,mapped,True,0.0
T088,L,1550,T006,27,-14.960565041428708,6.742969661386601,0.9558476448414062,True,0,mapped,True,0.0
T088,L,1551,T006,28,-15.057361857310296,6.694732804792967,1.4396952224625212,True,0,mapped,True,0.0
T088,L,1552,T006,29,-15.25652409849865,6.803255716513503,1.938470513698684,True,0,mapped,True,0.0
T088,L,1553,T006,30,-15.417096315582665,6.724142360012322,2.440975753603679,True,0,mapped,True,0.0
T088,L,1554,T006,31,-15.658390581702148,6.707240306234565,2.7771801996483463,True,0,mapped,True,0.0
T088,L,1555,T006,32,-15.79129388958123,6.729089467313737,3.2018267228656194,True,0,mapped,True,0.0
T088,L,1556,T006,33,-15.826503708651222,6.698705105860174,3.671758776351133,True,0,mapped,True,0.0
T088,L,1557,T006,34,-15.79324107095341,6.675877574933121,4.170047640722212,True,0,mapped,True,0.0
T088,L,1558,T006,35,-15.70098178028886,6.708987370039539,4.643617724378678,True,0,mapped,True,0.0
T088,L,1559,T006,36,-15.549727654815308,6.791570373738239,5.0748749871039065,True,0,mapped,True,0.0
T088,L,1560,T006,37,-15.331529877275257,6.84940940992086,5.465559268979494,True,0,mapped,True,0.0
T088,L,1561,T006,38,-15.076292414125348,6.917333603082536,5.828950977613124,True,0,mapped,True,0.0
T088,L,1562,T006,39,-14.799015934608416,7.018147692372746,6.173923004700857,True,0,mapped,True,0.0
T088,L,1563,T006,40,-14.489506305370524,7.132279852960578,6.510636203322327,True,0,mapped,True,0.0
T088,L,1564,T006,41,-14.17793864135217,7.310780962398326,6.843449490480191,True,0,mapped,True,0.0
T088,L,1565,T006,42,-13.874180128627344,7.51127180112237,7.184431357343194,True,0,mapped,True,0.0
T088,L,1566,T006,43,-13.577753449208178,7.69476316337666,7.544051685527533,True,0,mapped,True,0.0
T088,L,1567,T006,44,-13.293253744262628,7.869464245321844,7.9187018571604675,True,0,mapped,True,0.0
T088,L,1568,T006,45,-13.06064369249986,8.055757038305883,8.308801012102627,True,0,mapped,True,0.0
T088,L,1569,T006,46,-12.87740512946528,8.211808337042932,8.715867041499685,True,0,mapped,True,0.0
T088,L,1570,T006,47,-12.792882697233704,8.32454895699366,9.168726635699032,True,0,mapped,True,0.0
T088,L,1571,T006,48,-12.769643140498491,8.37201221717193,9.658364945374256,True,0,mapped,True,0.0
T088,L,1571,T010,322,-12.769643140498491,8.37201221717193,9.65836494537426,True,0,mapped,False,3.552713678800501e-15
T088,L,1572,T006,50,-15.047406397118644,6.941745665374765,0.7932727467242011,True,0,mapped,True,0.0
T088,L,1573,T006,51,-15.251208257601933,6.97396417443146,1.3275599112628238,True,0,mapped,True,0.0
T088,L,1574,T006,52,-15.404200380379566,7.000767009953112,1.7259244881415234,True,0,mapped,True,0.0
T088,L,1575,T006,53,-15.5708649636009,6.993130810366404,2.2416352897050373,True,0,mapped,True,0.0
T088,L,1576,T006,54,-15.738125855793646,6.941591479331453,2.6150405884982377,True,0,mapped,True,0.0
T088,L,1577,T006,55,-15.833490186251009,6.871251593531623,3.03095947196671,True,0,mapped,True,0.0
T088,L,1578,T006,56,-15.936429005126254,6.908076241572916,3.450521134301524,True,0,mapped,True,0.0
T088,L,1579,T006,57,-15.94306760994404,6.899101215495518,3.9216099295526727,True,0,mapped,True,0.0
T088,L,1580,T006,58,-15.888324783629043,6.913743349656471,4.396353047034645,True,0,mapped,True,0.0
T088,L,1581,T006,59,-15.763635385054831,6.955141298717869,4.832160377928663,True,0,mapped,True,0.0
T088,L,1582,T006,60,-15.582151928319927,7.010044454984591,5.218313167801977,True,0,mapped,True,0.0
T088,L,1583,T006,61,-15.360781797735946,7.068145329192968,5.573786852386886,True,0,mapped,True,0.0
T088,L,1584,T006,62,-15.121045022757531,7.1534512217326975,5.902088400360656,True,0,mapped,True,0.0
T088,L,1585,T006,63,-14.85964571062917,7.269845854480322,6.221222182195849,True,0,mapped,True,0.0
T088,L,1586,T006,64,-14.568946356385382,7.411522353489465,6.539741611980868,True,0,mapped,True,0.0
T088,L,1587,T006,65,-14.268152491691936,7.593573538570681,6.860790643079545,True,0,mapped,True,0.0
T088,L,1588,T006,66,-13.986463188086269,7.796851212995954,7.207198482629852,True,0,mapped,True,0.0
T088,L,1589,T006,67,-13.725833715291795,7.999666285241735,7.582844678602775,True,0,mapped,True,0.0
T088,L,1590,T006,68,-13.494787894157,8.190071581274388,7.982251973498469,True,0,mapped,True,0.0
T088,L,1591,T006,69,-13.304704958984416,8.348737853185309,8.390157817511268,True,0,mapped,True,0.0
T088,L,1592,T006,70,-13.167908881595269,8.447552010863731,8.818584904100911,True,0,mapped,True,0.0
T088,L,1593,T006,71,-13.111408706520294,8.508029586727192,9.280481185039124,True,0,mapped,True,0.0
T088,L,1593,T010,319,-13.111408706520294,8.508029586727192,9.280481185039124,True,0,mapped,False,0.0
T088,L,1594,T006,73,-15.424561849227551,7.240585934192896,1.0317019470720437,True,0,mapped,True,0.0
T088,L,1595,T006,74,-15.53469251200033,7.259217031004678,1.582839529124573,True,0,mapped,True,0.0
T088,L,1596,T006,75,-15.65787881530018,7.247586567737331,2.0680474950213896,True,0,mapped,True,0.0
T088,L,1597,T006,76,-15.816825623471075,7.188591281491066,2.4975965524122934,True,0,mapped,True,0.0
T088,L,1598,T006,77,-15.98385933014476,7.154766777175196,2.8866184231616447,True,0,mapped,True,0.0
T088,L,1599,T006,78,-16.011591036113046,7.090209591195162,3.193874979143017,True,0,mapped,True,0.0
T088,L,1600,T006,79,-16.088255939278554,7.113173229601307,3.6937038737737824,True,0,mapped,True,0.0
T088,L,1601,T006,80,-16.07556368362514,7.129025217070184,4.1530546373951065,True,0,mapped,True,0.0
T088,L,1602,T006,81,-15.983359576198968,7.151910699873247,4.604234663311958,True,0,mapped,True,0.0
T088,L,1603,T006,82,-15.824875337132394,7.183580679809704,5.000817340873171,True,0,mapped,True,0.0
T088,L,1604,T006,83,-15.628120709280845,7.228930550728392,5.350894551613839,True,0,mapped,True,0.0
T088,L,1605,T006,84,-15.41139178063674,7.2931925187333455,5.673189521915178,True,0,mapped,True,0.0
T088,L,1606,T006,85,-15.186562554293827,7.388609461938337,5.977306677964069,True,0,mapped,True,0.0
T088,L,1607,T006,86,-14.946880879122864,7.519076562750563,6.275120069191978,True,0,mapped,True,0.0
T088,L,1608,T006,87,-14.67717529702951,7.679691433027321,6.5803385234231,True,0,mapped,True,0.0
T088,L,1609,T006,88,-14.39292297734607,7.873914943625023,6.902997615550584,True,0,mapped,True,0.0
T088,L,1610,T006,89,-14.130869824522726,8.085840920076977,7.249972233234134,True,0,mapped,True,0.0
T088,L,1611,T006,90,-13.903321404438543,8.29814093996951,7.63994895505356,True,0,mapped,True,0.0
T088,L,1612,T006,91,-13.724258644741296,8.475756729807523,8.062843546199055,True,0,mapped,True,0.0
T088,L,1613,T006,92,-13.581879188912795,8.59557058665615,8.489826368870673,True,0,mapped,True,0.0
T088,L,1614,T006,93,-13.491873396250549,8.660979936042725,8.927333886808956,True,0,mapped,True,0.0
T088,L,1614,T010,315,-13.491873396250549,8.660979936042725,8.927333886808956,True,0,mapped,False,0.0
T088,L,1615,T006,95,-15.702620822556344,7.414551976695176,1.4889551229418545,True,0,mapped,True,0.0
T088,L,1616,T006,96,-15.865543644463092,7.437075671718269,1.9528513700887649,True,0,mapped,True,0.0
T088,L,1617,T006,97,-15.958773639355448,7.40883894608295,2.3982431793314616,True,0,mapped,True,0.0
T088,L,1618,T006,98,-16.11460343923447,7.359991201621574,2.76367016458817,True,0,mapped,True,0.0
T088,L,1619,T006,99,-16.17935585942584,7.341179038404851,3.090637959773762,True,0,mapped,True,0.0
T088,L,1620,T006,100,-16.180282492510248,7.279110145383046,3.500429924999022,True,0,mapped,True,0.0
T088,L,1621,T006,101,-16.256319245237293,7.350198814518424,3.912788116594452,True,0,mapped,True,0.0
T088,L,1622,T006,102,-16.199083809724748,7.360437790883482,4.383906925122066,True,0,mapped,True,0.0
T088,L,1623,T006,103,-16.068057747584664,7.3780172778874515,4.791934112553808,True,0,mapped,True,0.0
T088,L,1624,T006,104,-15.890854921871364,7.402934320999987,5.153402030576203,True,0,mapped,True,0.0
T088,L,1625,T006,105,-15.689966677484431,7.447276702790466,5.4761066849686255,True,0,mapped,True,0.0
T088,L,1626,T006,106,-15.48730606592646,7.51819485406957,5.770483892654425,True,0,mapped,True,0.0
T088,L,1627,T006,107,-15.280368252776707,7.622664854305263,6.050412352888978,True,0,mapped,True,0.0
T088,L,1628,T006,108,-15.065233082019756,7.765788297738815,6.330529835131323,True,0,mapped,True,0.0
T088,L,1629,T006,109,-14.816446470681171,7.946691239325823,6.632500982501205,True,0,mapped,True,0.0
T088,L,1630,T006,110,-14.55561251141204,8.168594022997793,6.970328053103514,True,0,mapped,True,0.0
T088,L,1631,T006,111,-14.326719854272566,8.395116531887938,7.327972217294603,True,0,mapped,True,0.0
T088,L,1632,T006,112,-14.127157773045855,8.603961554646093,7.736995227519921,True,0,mapped,True,0.0
T088,L,1633,T006,113,-13.980457205426074,8.761373462847834,8.187116005156248,True,0,mapped,True,0.0
T088,L,1634,T006,114,-13.883047650918716,8.835000397327601,8.593991655461402,True,0,mapped,True,0.0
T088,L,1634,T010,310,-13.88304765091872,8.835000397327603,8.593991655461402,True,0,mapped,False,3.972054645195637e-15
T088,L,1635,T006,116,-16.028832436992246,7.518162955768932,1.8001825076872984,True,0,mapped,True,0.0
T088,L,1636,T006,117,-16.14407758027916,7.546514539966449,2.279163093282384,True,0,mapped,True,0.0
T088,L,1637,T006,118,-16.246231749818044,7.510584133129657,2.662323010649077,True,0,mapped,True,0.0
T088,L,1638,T006,119,-16.32171017971313,7.496286638957489,3.001376284307519,True,0,mapped,True,0.0
T088,L,1639,T006,120,-16.383047976984546,7.541038001462496,3.3468034154941777,True,0,mapped,True,0.0
T088,L,1640,T006,121,-16.42084515853502,7.551134737587365,3.7412564723102655,True,0,mapped,True,0.0
T088,L,1641,T006,122,-16.410201123690747,7.564330526285478,4.1885330541372605,True,0,mapped,True,0.0
T088,L,1642,T006,123,-16.323833874400098,7.579592028210524,4.603648853148039,True,0,mapped,True,0.0
T088,L,1643,T006,124,-16.1625669806492,7.589971015742729,4.968436052714445,True,0,mapped,True,0.0
T088,L,1644,T006,125,-15.973173933710038,7.612318070844234,5.298352817511746,True,0,mapped,True,0.0
T088,L,1645,T006,126,-15.773197860948532,7.6619402036282755,5.59715694383363,True,0,mapped,True,0.0
T088,L,1646,T006,127,-15.587637300800996,7.745349736656802,5.868425804667135,True,0,mapped,True,0.0
T088,L,1647,T006,128,-15.403059406360194,7.860417742274727,6.125489149833302,True,0,mapped,True,0.0
T088,L,1648,T006,129,-15.212902639003037,8.022166324463372,6.396882657332564,True,0,mapped,True,0.0
T088,L,1649,T006,130,-15.003438249231989,8.247568175956008,6.713367965800494,True,0,mapped,True,0.0
T088,L,1650,T006,131,-14.781452217573186,8.514297488890923,7.075800359771899,True,0,mapped,True,0.0
T088,L,1651,T006,132,-14.5716660245432,8.745649501128732,7.435726203875127,True,0,mapped,True,0.0
T088,L,1652,T006,133,-14.366248561066731,8.909758520347625,7.892532695280789,True,0,mapped,True,0.0
T088,L,1653,T006,134,-14.308938810934894,9.103679892245768,8.423266015117726,True,0,mapped,True,0.0
T088,L,1653,T010,304,-14.308938810934894,9.103679892245768,8.423266015117726,True,0,mapped,False,0.0
T088,L,1654,T006,136,-16.359167250016824,7.652570652596076,2.163016488117563,True,0,mapped,True,0.0
T088,L,1655,T006,137,-16.408982358398678,7.626593078899756,2.57472302775867,True,0,mapped,True,0.0
T088,L,1656,T006,138,-16.44307577663953,7.598143803884305,2.847882610113851,True,0,mapped,True,0.0
T088,L,1657,T006,139,-16.543432373657662,7.67686618140538,3.1474344610644653,True,0,mapped,True,0.0
T088,L,1658,T006,140,-16.564308735288037,7.689256704424869,3.5632873595191352,True,0,mapped,True,0.0
T088,L,1659,T006,141,-16.625401571651764,7.75899651974567,4.010856141084009,True,0,mapped,True,0.0
T088,L,1660,T006,142,-16.560329664376773,7.768510924455095,4.405766104876678,True,0,mapped,True,0.0
T088,L,1661,T006,143,-16.448182685541802,7.778619371420266,4.790304204915824,True,0,mapped,True,0.0
T088,L,1662,T006,144,-16.27422981642425,7.787738291006686,5.122947714021683,True,0,mapped,True,0.0
T088,L,1663,T006,145,-16.08046553577945,7.81686002553521,5.4323160507044985,True,0,mapped,True,0.0
T088,L,1664,T006,146,-15.891491118865256,7.879013963425299,5.711906412985895,True,0,mapped,True,0.0
T088,L,1665,T006,147,-15.71878138088567,7.974374889548135,5.96615407639056,True,0,mapped,True,0.0
T088,L,1666,T006,148,-15.549316781364643,8.101843800319308,6.211426923148808,True,0,mapped,True,0.0
T088,L,1667,T006,149,-15.388501822412342,8.298169388930567,6.486125414791839,True,0,mapped,True,0.0
T088,L,1668,T006,150,-15.227979008296812,8.589390038416202,6.834501126898441,True,0,mapped,True,0.0
T088,L,1669,T006,151,-15.036955330898332,8.884778043340736,7.209323192427472,True,0,mapped,True,0.0
T088,L,1670,T006,152,-14.86203680353432,9.102561207210886,7.569810355941627,True,0,mapped,True,0.0
T088,L,1671,T006,153,-14.699829831529486,9.276944580305589,8.101766675631715,True,0,mapped,True,0.0
T088,L,1671,T010,297,-14.699829831529486,9.276944580305589,8.101766675631715,True,0,mapped,False,0.0
T088,L,1672,T006,155,-16.577964443140086,7.741596852268428,2.454129344955964,True,0,mapped,True,0.0
T088,L,1673,T006,156,-16.700455707324473,7.804794502082931,2.8397272887103355,True,0,mapped,True,0.0
T088,L,1674,T006,157,-16.778485280452152,7.903315258061878,3.0067547518615707,True,0,mapped,True,0.0
T088,L,1675,T006,158,-16.75933112006919,7.892675786283693,3.3620764058861377,True,0,mapped,True,0.0
T088,L,1676,T006,159,-16.793963399764845,7.920738704408062,3.795908068628641,True,0,mapped,True,0.0
T088,L,1677,T006,160,-16.794811583943982,7.947352632366405,4.18357059035754,True,0,mapped,True,0.0
T088,L,1678,T006,161,-16.722001613942716,7.953616525967557,4.578864990623438,True,0,mapped,True,0.0
T088,L,1679,T006,162,-16.594626748027306,7.96303518111028,4.932939090614535,True,0,mapped,True,0.0
T088,L,1680,T006,163,-16.415870794161812,7.980173617522839,5.256401751018173,True,0,mapped,True,0.0
T088,L,1681,T006,164,-16.229641926103927,8.020470184416325,5.55360162410659,True,0,mapped,True,0.0
T088,L,1682,T006,165,-16.05508609918233,8.099531449947412,5.820417963721827,True,0,mapped,True,0.0
T088,L,1683,T006,166,-15.892302941226358,8.210136878053792,6.068185196223198,True,0,mapped,True,0.0
T088,L,1684,T006,167,-15.728678760090308,8.36420648949327,6.319663546244971,True,0,mapped,True,0.0
T088,L,1685,T006,168,-15.589368893755909,8.602969548803381,6.616451289696107,True,0,mapped,True,0.0
T088,L,1686,T006,169,-15.51095522961341,8.89581411562743,6.917813481960724,True,0,mapped,True,0.0
T088,L,1687,T006,170,-15.348567971722892,9.309801281445385,7.369395898989094,True,0,mapped,True,0.0
T088,L,1688,T006,171,-15.062326841845524,9.410364829021503,7.738202294103974,True,0,mapped,True,0.0
T088,L,1688,T010,289,-15.062326841845524,9.410364829021503,7.738202294103974,True,0,mapped,False,0.0
T088,L,1689,T006,173,-16.914362504419273,7.949577739769146,2.6832348611411145,True,0,mapped,True,0.0
T088,L,1690,T006,174,-16.962302313923484,8.062310600551166,2.921134348393561,True,0,mapped,True,0.0
T088,L,1691,T006,175,-16.963300558839745,8.114624540174823,3.2225990062279566,True,0,mapped,True,0.0
T088,L,1692,T006,176,-16.97595278106075,8.12144508785941,3.59856279498866,True,0,mapped,True,0.0
T088,L,1693,T006,177,-17.020097265848253,8.11120941088426,3.990882047359285,True,0,mapped,True,0.0
T088,L,1694,T006,178,-16.9892646472134,8.121342750592236,4.412688110458886,True,0,mapped,True,0.0
T088,L,1695,T006,179,-16.920784461393,8.131621076299545,4.719025601885424,True,0,mapped,True,0.0
T088,L,1696,T006,180,-16.776997489694136,8.139367165609604,5.053558558791071,True,0,mapped,True,0.0
T088,L,1697,T006,181,-16.607380218915836,8.166421310511472,5.3693479773763055,True,0,mapped,True,0.0
T088,L,1698,T006,182,-16.43568337104402,8.221660654239992,5.660296504354086,True,0,mapped,True,0.0
T088,L,1699,T006,183,-16.271913033524935,8.316300296755417,5.921012410736955,True,0,mapped,True,0.0
T088,L,1700,T006,184,-16.11678411301758,8.451001699084324,6.172625899503467,True,0,mapped,True,0.0
T088,L,1701,T006,185,-15.960566769709107,8.639405380310809,6.445379326121364,True,0,mapped,True,0.0
T088,L,1702,T006,186,-15.809576507748154,8.878629423341671,6.747390459488324,True,0,mapped,True,0.0
T088,L,1703,T006,187,-15.619759542323202,9.31712726007813,7.214409790382443,True,0,mapped,True,0.0
T088,L,1704,T006,188,-15.499219302237314,9.493536167352175,7.439191698645612,True,0,mapped,True,0.0
T088,L,1704,T010,280,-15.499219302237314,9.493536167352175,7.439191698645612,True,0,mapped,False,0.0
T088,L,1705,T006,190,-17.2862674982304,8.140579617500816,2.731010164640898,True,0,mapped,True,0.0
T088,L,1706,T006,191,-17.290388295106474,8.235614305362693,3.0554665612952965,True,0,mapped,True,0.0
T088,L,1707,T006,192,-17.26374214132673,8.288008753087832,3.421115217536708,True,0,mapped,True,0.0
T088,L,1708,T006,193,-17.261702864228326,8.289706303079626,3.804097333115548,True,0,mapped,True,0.0
T088,L,1709,T006,194,-17.24017790154307,8.276859702380957,4.171721728995324,True,0,mapped,True,0.0
T088,L,1710,T006,195,-17.206708260784144,8.280269411114773,4.569957957305496,True,0,mapped,True,0.0
T088,L,1711,T006,196,-17.177589155087297,8.295999697447117,4.776049327925878,True,0,mapped,True,0.0
T088,L,1712,T006,197,-17.055048845810454,8.32840826968956,5.14122061064627,True,0,mapped,True,0.0
T088,L,1713,T006,198,-16.866608347576083,8.35236652779666,5.461581501020886,True,0,mapped,True,0.0
T088,L,1714,T006,199,-16.69498652112098,8.411869699922596,5.750179184287875,True,0,mapped,True,0.0
T088,L,1715,T006,200,-16.53956525890902,8.513468275251256,6.009747340761339,True,0,mapped,True,0.0
T088,L,1716,T006,201,-16.392637928865984,8.667172106908025,6.266642734854912,True,0,mapped,True,0.0
T088,L,1717,T006,202,-16.31012298451352,8.87782759505117,6.534803606184511,True,0,mapped,True,0.0
T088,L,1718,T006,203,-16.091784632735884,9.1957844125293,6.922553648290629,True,0,mapped,True,0.0
T088,L,1719,T006,204,-15.98203892981934,9.515295434211474,7.234706644366039,True,0,mapped,True,0.0
T088,L,1719,T010,270,-15.98203892981934,9.515295434211474,7.234706644366039,True,0,mapped,False,0.0
T088,L,1720,T006,206,-17.696204724008965,8.193603777249507,2.9624252877593698,True,0,mapped,True,0.0
T088,L,1721,T006,207,-17.653968360400576,8.248044878905377,3.1894261849772345,True,0,mapped,True,0.0
T088,L,1722,T006,208,-17.609883412595163,8.296565235844097,3.5727555832064914,True,0,mapped,True,0.0
T088,L,1723,T006,209,-17.570673880632192,8.358955679246149,3.968735160206621,True,0,mapped,True,0.0
T088,L,1724,T006,210,-17.541804518472365,8.38616415277759,4.340980191594836,True,0,mapped,True,0.0
T088,L,1725,T006,211,-17.458146567308827,8.413793858285871,4.661525121044743,True,0,mapped,True,0.0
T088,L,1726,T006,212,-17.434808511653806,8.457264712138894,4.883175119127031,True,0,mapped,True,0.0
T088,L,1727,T006,213,-17.318481601550243,8.491305790467862,5.233123904045278,True,0,mapped,True,0.0
T088,L,1728,T006,214,-17.156734848983234,8.519771075648459,5.541128580403647,True,0,mapped,True,0.0
T088,L,1729,T006,215,-16.998771285971202,8.576127788563555,5.825470155070512,True,0,mapped,True,0.0
T088,L,1730,T006,216,-16.84399993050282,8.68358860680379,6.091992072027431,True,0,mapped,True,0.0
T088,L,1731,T006,217,-16.70376921861598,8.834499468338713,6.3390413680479565,True,0,mapped,True,0.0
T088,L,1732,T006,218,-16.613777739355772,9.078424176561713,6.646165735585081,True,0,mapped,True,0.0
T088,L,1733,T006,219,-16.45369546304923,9.379795625710331,7.007819175794868,True,0,mapped,True,0.0
T088,L,1733,T010,259,-16.45369546304923,9.379795625710331,7.007819175794868,True,0,mapped,False,0.0
T088,L,1734,T006,221,-18.13995761307038,8.136194682532379,3.277810062261282,True,0,mapped,True,0.0
T088,L,1735,T006,222,-18.06021271062375,8.180101601222624,3.5131839692110978,True,0,mapped,True,0.0
T088,L,1736,T006,223,-17.99156588058986,8.28442907667766,3.817309560993543,True,0,mapped,True,0.0
T088,L,1737,T006,224,-17.94108402508286,8.354995608445648,4.16634406130984,True,0,mapped,True,0.0
T088,L,1738,T006,225,-17.897830708147595,8.418456020215698,4.444969280553796,True,0,mapped,True,0.0
T088,L,1739,T006,226,-17.808886150834105,8.513517459917047,4.741862918155743,True,0,mapped,True,0.0
T088,L,1740,T006,227,-17.707681962013673,8.566208268580054,4.993203806741773,True,0,mapped,True,0.0
T088,L,1741,T006,228,-17.58357014260878,8.61579908870135,5.29794017032433,True,0,mapped,True,0.0
T088,L,1742,T006,229,-17.47512882470658,8.639466213070838,5.611408449943777,True,0,mapped,True,0.0
T088,L,1743,T006,230,-17.316622566543806,8.701802658656078,5.905899871593014,True,0,mapped,True,0.0
T088,L,1744,T006,231,-17.149673972331385,8.820004680766434,6.183639467531057,True,0,mapped,True,0.0
T088,L,1745,T006,232,-16.970203111225374,8.942577925754742,6.411816037252847,True,0,mapped,True,0.0
T088,L,1746,T006,233,-16.888266862221787,9.228047774015636,6.763074789240815,True,0,mapped,True,0.0
T088,L,1746,T010,247,-16.88826686222179,9.228047774015636,6.763074789240815,True,0,mapped,False,3.552713678800501e-15
T088,L,1747,T006,235,-18.480851509932343,8.10095642594376,3.4732309062453823,True,0,mapped,True,0.0
T088,L,1748,T006,236,-18.45708161644553,8.156027393857142,3.824888640687293,True,0,mapped,True,0.0
T088,L,1749,T006,237,-18.356164339949125,8.218626398103854,4.052404119214931,True,0,mapped,True,0.0
T088,L,1750,T006,238,-18.34085352566933,8.286792725559556,4.377183558350857,True,0,mapped,True,0.0
T088,L,1751,T006,239,-18.225743674377068,8.39232600837056,4.669832923514306,True,0,mapped,True,0.0
T088,L,1752,T006,240,-18.15831677294505,8.462470862173936,4.863906630360462,True,0,mapped,True,0.0
T088,L,1753,T006,241,-18.066877536231324,8.564058931404395,5.147665930105719,True,0,mapped,True,0.0
T088,L,1754,T006,242,-18.006546446324734,8.66196813448473,5.430787410864094,True,0,mapped,True,0.0
T088,L,1755,T006,243,-17.76368454905322,8.723064823900286,5.6851233517922735,True,0,mapped,True,0.0
T088,L,1756,T006,244,-17.663122063711953,8.786370270997912,5.999733211812334,True,0,mapped,True,0.0
T088,L,1757,T006,245,-17.541550993076637,8.894216706078014,6.276447957532331,True,0,mapped,True,0.0
T088,L,1758,T006,246,-17.31418979570951,9.036532559648538,6.487933554907175,True,0,mapped,True,0.0
T088,L,1758,T010,234,-17.31418979570951,9.036532559648538,6.487933554907176,True,0,mapped,False,8.881784197001252e-16
T088,L,1759,T006,248,-18.935250778387985,8.078308140950455,3.679900100328604,True,0,mapped,True,0.0
T088,L,1760,T006,249,-18.82686868010037,8.09195238857588,4.07215934414762,True,0,mapped,True,0.0
T088,L,1761,T006,250,-18.70331774822545,8.167430920127224,4.3403391229334005,True,0,mapped,True,0.0
T088,L,1762,T006,251,-18.689057585437563,8.226158939654148,4.548079547205051,True,0,mapped,True,0.0
T088,L,1763,T006,252,-18.568190222315508,8.32568644282541,4.843160945425278,True,0,mapped,True,0.0
T088,L,1764,T006,253,-18.48274989325944,8.387185859852853,5.069807320854644,True,0,mapped,True,0.0
T088,L,1765,T006,254,-18.362590873640272,8.47471643227139,5.276429384625445,True,0,mapped,True,0.0
T088,L,1766,T006,255,-18.300207580968173,8.599636035177305,5.588567409189331,True,0,mapped,True,0.0
T088,L,1767,T006,256,-18.119086808466648,8.730621310650672,5.814293252192354,True,0,mapped,True,0.0
T088,L,1768,T006,257,-17.940662501355494,8.800321277624125,6.065137624454538,True,0,mapped,True,0.0
T088,L,1769,T006,258,-17.78941365219981,8.901769989510967,6.326049167632669,True,0,mapped,True,0.0
T088,L,1769,T010,220,-17.78941365219981,8.901769989510965,6.326049167632669,True,0,mapped,False,1.7763568394002505e-15
T088,L,1770,T006,260,-19.376299585944945,8.079665897367867,3.904044327359263,True,0,mapped,True,0.0
T088,L,1771,T006,261,-19.238219186118556,8.088605244812612,4.307858206078619,True,0,mapped,True,0.0
T088,L,1772,T006,262,-19.076484343491494,8.152280026303583,4.554558694796681,True,0,mapped,True,0.0
T088,L,1773,T006,263,-19.045179282546464,8.226435654730578,4.798306551680671,True,0,mapped,True,0.0
T088,L,1774,T006,264,-18.87441120235564,8.30043863897269,5.07445837004995,True,0,mapped,True,0.0
T088,L,1775,T006,265,-18.79874925942183,8.349033494798478,5.328628685504407,True,0,mapped,True,0.0
T088,L,1776,T006,266,-18.73713759010892,8.40211265700486,5.500773648150179,True,0,mapped,True,0.0
T088,L,1777,T006,267,-18.595675992648022,8.503580763677867,5.752370563354632,True,0,mapped,True,0.0
T088,L,1778,T006,268,-18.39941255489521,8.671815243669668,6.03036233982293,True,0,mapped,True,0.0
T088,L,1779,T006,269,-18.290722083951653,8.758620361362157,6.226918697357178,True,0,mapped,True,0.0
T088,L,1779,T010,205,-18.290722083951653,8.758620361362157,6.226918697357178,True,0,mapped,False,0.0
T088,L,1780,T006,271,-19.835893680832054,8.19688646925331,4.152796349431525,True,0,mapped,True,0.0
T088,L,1781,T006,272,-19.680463746345094,8.164008682161722,4.49619266301716,True,0,mapped,True,0.0
T088,L,1782,T006,273,-19.52976345583223,8.215335822494382,4.8349480605376405,True,0,mapped,True,0.0
T088,L,1783,T006,274,-19.404429276219435,8.267163792702773,5.153968687173265,True,0,mapped,True,0.0
T088,L,1784,T006,275,-19.194160752247967,8.30505042197257,5.326684315759176,True,0,mapped,True,0.0
T088,L,1785,T006,276,-19.1256577980993,8.356031278127464,5.559403982767914,True,0,mapped,True,0.0
T088,L,1786,T006,277,-19.09468496031869,8.406047356223167,5.764590273005394,True,0,mapped,True,0.0
T088,L,1787,T006,278,-18.979463267019177,8.490673105144145,5.981710813050176,True,0,mapped,True,0.0
T088,L,1788,T006,279,-18.81651444414667,8.620603899917858,6.226918697357178,True,0,mapped,True,0.0
T088,L,1788,T010,189,-18.816514444146662,8.620603899917858,6.226918697357178,True,0,mapped,False,7.105427357601002e-15
T088,L,1789,T006,281,-20.159191638155843,8.304059421940932,4.391508517946503,True,0,mapped,True,0.0
T088,L,1790,T006,282,-20.02813628040706,8.307167806006696,4.716315385452001,True,0,mapped,True,0.0
T088,L,1791,T006,283,-19.885668059488832,8.30720854383038,5.019911661867567,True,0,mapped,True,0.0
T088,L,1792,T006,284,-19.782754033281726,8.297944648633278,5.276260425747718,True,0,mapped,True,0.0
T088,L,1793,T006,285,-19.61372178598028,8.31800937329367,5.492009606606538,True,0,mapped,True,0.0
T088,L,1794,T006,286,-19.521576704309545,8.367425984176329,5.767219611030764,True,0,mapped,True,0.0
T088,L,1795,T006,287,-19.49098967788001,8.425925624048736,5.979915624558609,True,0,mapped,True,0.0
T088,L,1796,T006,288,-19.34760381322171,8.5103896728657,6.226918697357177,True,0,mapped,True,0.0
T088,L,1796,T010,172,-19.34760381322171,8.5103896728657,6.226918697357178,True,0,mapped,False,8.881784197001252e-16
T088,L,1797,T006,290,-20.53154371144424,8.483730630719668,4.591112323160806,True,0,mapped,True,0.0
T088,L,1798,T006,291,-20.366752295611903,8.427781507794707,4.871657867867587,True,0,mapped,True,0.0
T088,L,1799,T006,292,-20.24603400018277,8.403163096725834,5.1242101393045765,True,0,mapped,True,0.0
T088,L,1800,T006,293,-20.170751518885744,8.383815249417351,5.360584451611086,True,0,mapped,True,0.0
T088,L,1801,T006,294,-20.08692479764356,8.382659429876377,5.658855813965929,True,0,mapped,True,0.0
T088,L,1802,T006,295,-19.92191431237554,8.410584490389756,5.980151293176924,True,0,mapped,True,0.0
T088,L,1803,T006,296,-19.888136041909316,8.4512688848482,6.226918697357178,True,0,mapped,True,0.0
T088,L,1803,T010,154,-19.888136041909316,8.4512688848482,6.226918697357178,True,0,mapped,False,0.0
T088,L,1804,T006,298,-20.90235431945893,8.648384229335587,4.836270009199061,True,0,mapped,True,0.0
T088,L,1805,T006,299,-20.780878710318937,8.559885766405788,5.058032454129154,True,0,mapped,True,0.0
T088,L,1806,T006,300,-20.654619602341253,8.45952491847747,5.41774571292825,True,0,mapped,True,0.0
T088,L,1807,T006,301,-20.59318917877697,8.409682257851957,5.6487964292964765,True,0,mapped,True,0.0
T088,L,1808,T006,302,-20.541372710714267,8.410531749555046,5.89566664312241,True,0,mapped,True,0.0
T088,L,1809,T006,303,-20.430179590469656,8.410409167812784,6.2282536742464405,True,0,mapped,True,0.0
T088,L,1809,T010,135,-20.430179590469656,8.410409167812784,6.2282536742464405,True,0,mapped,False,0.0
T088,L,1810,T006,305,-21.296535288628444,8.733500246374728,5.086085398609166,True,0,mapped,True,0.0
T088,L,1811,T006,306,-21.20611754636053,8.607918310075647,5.36581710991954,True,0,mapped,True,0.0
T088,L,1812,T006,307,-21.08568503254259,8.488204754089084,5.691140557989261,True,0,mapped,True,0.0
T088,L,1813,T006,308,-21.014019759116923,8.440086665081637,5.976042248248628,True,0,mapped,True,0.0
T088,L,1814,T006,309,-20.9735000288564,8.412923180662672,6.226918697357177,True,0,mapped,True,0.0
T088,L,1814,T010,115,-20.9735000288564,8.41292318066267,6.226918697357178,True,0,mapped,False,1.9860273225978185e-15
T088,L,1815,T006,311,-21.67115873672381,8.731367617940213,5.417398228210795,True,0,mapped,True,0.0
T088,L,1816,T006,312,-21.62138592620407,8.62666065235201,5.646112314955744,True,0,mapped,True,0.0
T088,L,1817,T006,313,-21.608487119808395,8.54405219721281,5.94835511458993,True,0,mapped,True,0.0
T088,L,1818,T006,314,-21.51606296601263,8.448563448712857,6.226918697357177,True,0,mapped,True,0.0
T088,L,1818,T010,94,-21.516062966012637,8.448563448712857,6.226918697357178,True,0,mapped,False,7.160723346098895e-15
T088,L,1819,T006,316,-22.16754366838725,8.766585653334541,5.636956078564904,True,0,mapped,True,0.0
T088,L,1820,T006,317,-22.03182284658661,8.626052311296972,5.877614498478401,True,0,mapped,True,0.0
T088,L,1821,T006,318,-22.0562838889571,8.491970713533878,6.212272468586587,True,0,mapped,True,0.0
T088,L,1821,T010,72,-22.0562838889571,8.491970713533878,6.212272468586589,True,0,mapped,False,1.7763568394002505e-15
T088,L,1822,T006,320,-22.616606563725064,8.658323464968271,5.748853355202797,True,0,mapped,True,0.0
T088,L,1823,T006,321,-22.57280613067876,8.499520301818848,6.0454528251830935,True,0,mapped,True,0.0
T088,L,1823,T010,49,-22.57280613067876,8.499520301818848,6.045452825183094,True,0,mapped,False,8.881784197001252e-16
T088,L,1824,T006,323,-23.081739468811627,8.499520301818848,5.854242644679281,True,0,mapped,True,0.0
T088,L,1824,T010,25,-23.081739468811627,8.499520301818848,5.85424264467928,True,0,mapped,False,8.881784197001252e-16
T088,L,1825,T007,25,-14.640542274637475,6.104789235790543,-0.3730815052986145,True,0,mapped,True,0.0
T088,L,1826,T007,26,-14.63937653320782,6.118797452527196,0.1142233533820739,True,0,mapped,True,0.0
T088,L,1827,T007,27,-14.659516781789405,6.2142571149173005,0.7343262886651519,True,0,mapped,True,0.0
T088,L,1828,T007,28,-14.82985580232462,6.251597520918619,1.232196294610788,True,0,mapped,True,0.0
T088,L,1829,T007,29,-14.973436306916655,6.303281781193418,1.6821008483782185,True,0,mapped,True,0.0
T088,L,1830,T007,30,-15.020325817495769,6.262884581725221,2.1971429224054693,True,0,mapped,True,0.0
T088,L,1831,T007,31,-15.204058405985158,6.274376240922427,2.6399253894572023,True,0,mapped,True,0.0
T088,L,1832,T007,32,-15.44975117651575,6.238961837389968,3.01256582293354,True,0,mapped,True,0.0
T088,L,1833,T007,33,-15.579548572206004,6.247296288561905,3.4602868510949785,True,0,mapped,True,0.0
T088,L,1834,T007,34,-15.59307909827456,6.222266252290599,3.956811596741814,True,0,mapped,True,0.0
T088,L,1835,T007,35,-15.534831094717193,6.230795607986642,4.451133288370813,True,0,mapped,True,0.0
T088,L,1836,T007,36,-15.422743688027529,6.316097577330683,4.9201469186303,True,0,mapped,True,0.0
T088,L,1837,T007,37,-15.2328512402046,6.393001074496386,5.353770306543612,True,0,mapped,True,0.0
T088,L,1838,T007,38,-14.988786779894491,6.462129181256642,5.756888616253828,True,0,mapped,True,0.0
T088,L,1839,T007,39,-14.711384268186103,6.568256882345076,6.136163867930322,True,0,mapped,True,0.0
T088,L,1840,T007,40,-14.404325654614734,6.66913929906013,6.493412459819586,True,0,mapped,True,0.0
T088,L,1841,T007,41,-14.097052710004114,6.874389468567321,6.8332164260515285,True,0,mapped,True,0.0
T088,L,1842,T007,42,-13.781756701015713,7.082743254476086,7.166785131576116,True,0,mapped,True,0.0
T088,L,1843,T007,43,-13.460440276883286,7.254823417874835,7.500041970874889,True,0,mapped,True,0.0
T088,L,1844,T007,44,-13.13588772687304,7.40007745368642,7.840679493714288,True,0,mapped,True,0.0
T088,L,1845,T007,45,-13.077510125484674,7.428764076916675,8.023290290025725,True,3,smooth_internal,True,0.0
T088,L,1846,T007,46,-12.991588571770578,7.507940900110998,8.281030324428551,True,3,smooth_internal,True,0.0
T088,L,1847,T007,47,-12.8750897955838,7.6405674578542175,8.62440455919265,True,2,smooth_near_vertex,True,0.0
T088,L,1848,T007,48,-12.725712490141834,7.825238531011742,9.061255103098205,True,2,smooth_near_vertex,False,0.6176021441910089
T088,L,1848,T013,322,-12.398890153397309,8.187388879396497,9.440025077989272,True,0,mapped,True,0.0
T088,L,1849,T007,49,-14.554168664107006,5.764997624730525,-0.2385589332971257,True,0,mapped,True,0.0
T088,L,1850,T007,50,-14.576290002164768,5.925436648379462,0.4065013620691683,True,0,mapped,True,0.0
T088,L,1851,T007,51,-14.597830814505464,5.954132863392402,0.8866659917604836,True,0,mapped,True,0.0
T088,L,1852,T007,52,-14.70001876520102,5.929107355539429,1.3265140685625594,True,0,mapped,True,0.0
T088,L,1853,T007,53,-14.862295910676073,5.966377310083461,1.798530929768567,True,0,mapped,True,0.0
T088,L,1854,T007,54,-14.993843249121316,5.863090116673937,2.250369436690196,True,0,mapped,True,0.0
T088,L,1855,T007,55,-15.163642410287304,5.941433010330874,2.685504092012088,True,0,mapped,True,0.0
T088,L,1856,T007,56,-15.339862288337258,5.961696435083471,3.030008089873685,True,0,mapped,True,0.0
T088,L,1857,T007,57,-15.467884176862784,5.968147370141665,3.5019435070553206,True,0,mapped,True,0.0
T088,L,1858,T007,58,-15.490615248350398,5.973109155624136,3.9923640037460073,True,0,mapped,True,0.0
T088,L,1859,T007,59,-15.447374598526828,6.010217624734732,4.4777190953762,True,0,mapped,True,0.0
T088,L,1860,T007,60,-15.341986965250486,6.09193499868416,4.9392037436452245,True,0,mapped,True,0.0
T088,L,1861,T007,61,-15.169252246789751,6.181646340680423,5.368516571217132,True,0,mapped,True,0.0
T088,L,1862,T007,62,-14.94399816681302,6.277093697025042,5.766672344303719,True,0,mapped,True,0.0
T088,L,1863,T007,63,-14.679409948368074,6.39152738378525,6.140422840304731,True,0,mapped,True,0.0
T088,L,1864,T007,64,-14.387845758528158,6.527408314656373,6.494810265163931,True,0,mapped,True,0.0
T088,L,1865,T007,65,-14.085341323761178,6.727276988418723,6.830833982381365,True,0,mapped,True,0.0
T088,L,1866,T007,66,-13.77511700439958,6.944089620615309,7.1563211986500885,True,0,mapped,True,0.0
T088,L,1867,T007,67,-13.459945623148712,7.144141950310442,7.477076935194701,True,0,mapped,True,0.0
T088,L,1868,T007,68,-13.154928837929758,7.328674580323834,7.8014521254756275,True,0,mapped,True,0.0
T088,L,1869,T007,69,-13.082568327012416,7.383338793216964,8.018623104595198,True,3,smooth_internal,True,0.0
T088,L,1870,T007,70,-12.999036982995383,7.472240423947301,8.265639176886959,True,3,smooth_internal,True,0.0
T088,L,1871,T007,71,-12.908749556809632,7.584828308020635,8.529346401268572,True,2,smooth_near_vertex,False,0.7260506794751125
T088,L,1871,T013,319,-12.479877209683186,8.032831979490282,8.906852440142446,True,0,mapped,True,0.0
T088,L,1872,T007,72,-14.494717070639586,5.473559130809494,0.0269184913486242,True,0,mapped,True,0.0
T088,L,1873,T007,73,-14.514938364327232,5.63394421236991,0.4634831409310852,True,0,mapped,True,0.0
T088,L,1874,T007,74,-14.524867171930309,5.634240134059695,0.92427277163173,True,0,mapped,True,0.0
T088,L,1875,T007,75,-14.60884782516206,5.67129955301628,1.410125425253001,True,0,mapped,True,0.0
T088,L,1876,T007,76,-14.765866509748808,5.652012218351739,1.847442267200405,True,0,mapped,True,0.0
T088,L,1877,T007,77,-15.002142062978413,5.641814932089306,2.240022068259635,True,0,mapped,True,0.0
T088,L,1878,T007,78,-15.133806479056217,5.628368942752086,2.6821300326847672,True,0,mapped,True,0.0
T088,L,1879,T007,79,-15.258106839955362,5.635724749421163,3.1006960270625554,True,0,mapped,True,0.0
T088,L,1880,T007,80,-15.367609362787768,5.658910585917043,3.559771337301856,True,0,mapped,True,0.0
T088,L,1881,T007,81,-15.399045503104768,5.707065248577196,4.035125960154113,True,0,mapped,True,0.0
T088,L,1882,T007,82,-15.37183612391259,5.779194603798452,4.50867008094827,True,0,mapped,True,0.0
T088,L,1883,T007,83,-15.278017978167744,5.87187034820078,4.9646376015476665,True,0,mapped,True,0.0
T088,L,1884,T007,84,-15.11989746240985,5.975313276064082,5.388890100288107,True,0,mapped,True,0.0
T088,L,1885,T007,85,-14.908796255266102,6.088198058260665,5.781758370851668,True,0,mapped,True,0.0
T088,L,1886,T007,86,-14.65534043037072,6.218431749468746,6.150179351823413,True,0,mapped,True,0.0
T088,L,1887,T007,87,-14.37352269130702,6.375327495198676,6.500225702900524,True,0,mapped,True,0.0
T088,L,1888,T007,88,-14.07604491586481,6.577482853187245,6.8317842615316575,True,0,mapped,True,0.0
T088,L,1889,T007,89,-13.770221244236389,6.802142000244215,7.150614201540545,True,0,mapped,True,0.0
T088,L,1890,T007,90,-13.4634808306622,7.027484186089102,7.458541374807444,True,0,mapped,True,0.0
T088,L,1891,T007,91,-13.171279731518815,7.246911062542251,7.765980009795544,True,0,mapped,True,0.0
T088,L,1892,T007,92,-13.101067441897165,7.315499145290185,7.974341747551409,True,3,smooth_internal,True,0.0
T088,L,1893,T007,93,-13.035161154929336,7.401263555273017,8.166080475301024,True,3,smooth_internal,False,0.5746335864904752
T088,L,1893,T013,315,-12.731052188172542,7.816116863061593,8.422241026670472,True,0,mapped,True,0.0
T088,L,1894,T007,94,-14.451705856351648,5.070192817851511,0.0269184913486242,True,0,mapped,True,0.0
T088,L,1895,T007,95,-14.453647664789168,5.309044973014081,0.5036009324987633,True,0,mapped,True,0.0
T088,L,1896,T007,96,-14.464861963759562,5.29060556205617,1.0999366962690738,True,0,mapped,True,0.0
T088,L,1897,T007,97,-14.597987189206815,5.300890507836332,1.508741330843648,True,0,mapped,True,0.0
T088,L,1898,T007,98,-14.744003884946272,5.294727205779398,1.8773054454613105,True,0,mapped,True,0.0
T088,L,1899,T007,99,-14.987198146934272,5.301469233705584,2.253224297989884,True,0,mapped,True,0.0
T088,L,1900,T007,100,-15.100499474431183,5.389605233881116,2.7443535792185543,True,0,mapped,True,0.0
T088,L,1901,T007,101,-15.1945267475379,5.319062041078535,3.188488004564904,True,0,mapped,True,0.0
T088,L,1902,T007,102,-15.284491912771706,5.344938360963325,3.630318671595745,True,0,mapped,True,0.0
T088,L,1903,T007,103,-15.32485807463723,5.436357497419564,4.0859290512665245,True,0,mapped,True,0.0
T088,L,1904,T007,104,-15.307231260902904,5.543107374521819,4.545322236978226,True,0,mapped,True,0.0
T088,L,1905,T007,105,-15.224484439288336,5.653955196830318,4.993633719111428,True,0,mapped,True,0.0
T088,L,1906,T007,106,-15.080006121569776,5.771904355223706,5.411872200696675,True,0,mapped,True,0.0
T088,L,1907,T007,107,-14.878418702923344,5.897988539620834,5.799848482124673,True,0,mapped,True,0.0
T088,L,1908,T007,108,-14.636031892062649,6.041424007720475,6.165302547695713,True,0,mapped,True,0.0
T088,L,1909,T007,109,-14.36177877618466,6.212544838979,6.511638688146114,True,0,mapped,True,0.0
T088,L,1910,T007,110,-14.070339267003748,6.4231853188740935,6.836928177747445,True,0,mapped,True,0.0
T088,L,1911,T007,111,-13.769650878977018,6.657644095196811,7.147170373725089,True,0,mapped,True,0.0
T088,L,1912,T007,112,-13.46544398456104,6.892234249424118,7.449888216294817,True,0,mapped,True,0.0
T088,L,1913,T007,113,-13.186567704097946,7.156754860575666,7.734733466335271,True,0,mapped,True,0.0
T088,L,1914,T007,114,-13.131792354465851,7.232483793087962,7.894989659526108,True,3,smooth_internal,False,0.3292475596225175
T088,L,1914,T013,310,-12.971843630991524,7.49126803486489,8.020890722207312,True,0,mapped,True,0.0
T088,L,1915,T007,115,-14.424469556562514,4.665326973056033,0.0269184913486242,True,0,mapped,True,0.0
T088,L,1916,T007,116,-14.37858289567325,4.915307099037135,0.5470851425056522,True,0,mapped,True,0.0
T088,L,1917,T007,117,-14.358020726951075,4.938266233027746,1.1179412911157856,True,0,mapped,True,0.0
T088,L,1918,T007,118,-14.592344596959226,4.943395211568529,1.578633358004398,True,0,mapped,True,0.0
T088,L,1919,T007,119,-14.769664417062035,4.9396132078956345,1.914152409916556,True,0,mapped,True,0.0
T088,L,1920,T007,120,-14.951027963223066,4.976017790461068,2.332351104595795,True,0,mapped,True,0.0
T088,L,1921,T007,121,-15.07161500612025,5.070545773131251,2.80068141014193,True,0,mapped,True,0.0
T088,L,1922,T007,122,-15.150257289235114,5.016510688379944,3.275495219581371,True,0,mapped,True,0.0
T088,L,1923,T007,123,-15.224202884686978,5.06873013965795,3.698423446538912,True,0,mapped,True,0.0
T088,L,1924,T007,124,-15.264940215780232,5.184484115662441,4.139669776346845,True,0,mapped,True,0.0
T088,L,1925,T007,125,-15.253266208489253,5.3140535093240935,4.58544767077117,True,0,mapped,True,0.0
T088,L,1926,T007,126,-15.179418236609818,5.438796272027615,5.025144179838546,True,0,mapped,True,0.0
T088,L,1927,T007,127,-15.045743631106594,5.567704932330567,5.438017369811179,True,0,mapped,True,0.0
T088,L,1928,T007,128,-14.856625287690653,5.706127765751902,5.82250764063455,True,0,mapped,True,0.0
T088,L,1929,T007,129,-14.621609684227842,5.858846791259929,6.186411747196551,True,0,mapped,True,0.0
T088,L,1930,T007,130,-14.352828386407737,6.042674696602364,6.529120008040955,True,0,mapped,True,0.0
T088,L,1931,T007,131,-14.067096509676158,6.263538393650542,6.846563175383515,True,0,mapped,True,0.0
T088,L,1932,T007,132,-13.77161246389582,6.506747065799651,7.1489230882672175,True,0,mapped,True,0.0
T088,L,1933,T007,133,-13.462159593832268,6.742872320816241,7.450481108354873,True,0,mapped,True,0.0
T088,L,1934,T007,134,-13.204373910418466,7.056416432056088,7.704800676365427,True,0,mapped,True,0.0
T088,L,1934,T013,304,-13.204373910418468,7.056416432056087,7.704800676365427,True,0,mapped,False,1.9860273225978185e-15
T088,L,1935,T007,135,-14.40296335112441,4.262202029420756,0.0395757336499452,True,0,mapped,True,0.0
T088,L,1936,T007,136,-14.370048287684872,4.465321394270752,0.5970783363648373,True,0,mapped,True,0.0
T088,L,1937,T007,137,-14.296397008172274,4.491242872985956,1.1434717848462062,True,0,mapped,True,0.0
T088,L,1938,T007,138,-14.432929417494348,4.542858338278063,1.609403382283771,True,0,mapped,True,0.0
T088,L,1939,T007,139,-14.709075185492546,4.601528863481014,2.025109296704906,True,0,mapped,True,0.0
T088,L,1940,T007,140,-14.913933848107476,4.724958492960028,2.4381819212619047,True,0,mapped,True,0.0
T088,L,1941,T007,141,-15.04271916903962,4.766331671705696,2.8727138092612146,True,0,mapped,True,0.0
T088,L,1942,T007,142,-15.118445098961269,4.774258159734148,3.329947146210832,True,0,mapped,True,0.0
T088,L,1943,T007,143,-15.182418756771304,4.844344817798651,3.7564112321720833,True,0,mapped,True,0.0
T088,L,1944,T007,144,-15.219073076649916,4.956912614015031,4.19078493485731,True,0,mapped,True,0.0
T088,L,1945,T007,145,-15.21063744899426,5.091884103904488,4.628343673063394,True,0,mapped,True,0.0
T088,L,1946,T007,146,-15.14312991425484,5.226725692848557,5.058185093381429,True,0,mapped,True,0.0
T088,L,1947,T007,147,-15.018654007227305,5.365325662575927,5.465455389596405,True,0,mapped,True,0.0
T088,L,1948,T007,148,-14.839422500622977,5.511400483445185,5.848794734205046,True,0,mapped,True,0.0
T088,L,1949,T007,149,-14.6106920909092,5.6718078144653,6.213747048420056,True,0,mapped,True,0.0
T088,L,1950,T007,150,-14.346194646286488,5.863170416543865,6.55449953545555,True,0,mapped,True,0.0
T088,L,1951,T007,151,-14.067190609145308,6.0934050637554,6.863970504176859,True,0,mapped,True,0.0
T088,L,1952,T007,152,-13.776416886268011,6.350516277550442,7.153996647266659,True,0,mapped,True,0.0
T088,L,1953,T007,153,-13.459527452157683,6.585413836266437,7.455669157275295,True,0,mapped,True,0.0
T088,L,1953,T013,297,-13.459527452157682,6.585413836266437,7.4556691572752944,True,0,mapped,False,1.9860273225978185e-15
T088,L,1954,T007,154,-14.371839842222649,3.905400466534718,0.2230326344208178,True,0,mapped,True,0.0
T088,L,1955,T007,155,-14.344882390249328,4.109084052050301,0.7494585746521567,True,0,mapped,True,0.0
T088,L,1956,T007,156,-14.318593756776998,4.112005914903634,1.2044672644664054,True,0,mapped,True,0.0
T088,L,1957,T007,157,-14.356253831042975,4.278623963576414,1.7175528836343,True,0,mapped,True,0.0
T088,L,1958,T007,158,-14.533742357673386,4.353136901466449,2.13920798924837,True,0,mapped,True,0.0
T088,L,1959,T007,159,-14.847983817894615,4.409149477423591,2.4713658447794944,True,0,mapped,True,0.0
T088,L,1960,T007,160,-15.008062435172697,4.453274984375761,2.9422231763045037,True,0,mapped,True,0.0
T088,L,1961,T007,161,-15.094031714538612,4.533975163336772,3.382676158413544,True,0,mapped,True,0.0
T088,L,1962,T007,162,-15.15054715600569,4.626367190789178,3.8124744551078154,True,0,mapped,True,0.0
T088,L,1963,T007,163,-15.184226566342566,4.741568813387996,4.242709706679439,True,0,mapped,True,0.0
T088,L,1964,T007,164,-15.175528849438615,4.874369866827362,4.674054970185672,True,0,mapped,True,0.0
T088,L,1965,T007,165,-15.116544393843297,5.013787822657592,5.09607808027549,True,0,mapped,True,0.0
T088,L,1966,T007,166,-14.99862989330696,5.160941525743612,5.496164236170224,True,0,mapped,True,0.0
T088,L,1967,T007,167,-14.825377710396278,5.315731200774449,5.876868664664213,True,0,mapped,True,0.0
T088,L,1968,T007,168,-14.603260718326808,5.478818154794823,6.245949148630347,True,0,mapped,True,0.0
T088,L,1969,T007,169,-14.341202057435083,5.672804872031366,6.58872344560945,True,0,mapped,True,0.0
T088,L,1970,T007,170,-14.0685026348855,5.914737153037196,6.887864161806452,True,0,mapped,True,0.0
T088,L,1971,T007,171,-13.783885338784469,6.185731594768186,7.164126114852166,True,0,mapped,True,0.0
T088,L,1971,T013,289,-13.783885338784469,6.1857315947681855,7.1641261148521655,True,0,mapped,False,1.2560739669470201e-15
T088,L,1972,T007,172,-14.34433686146623,3.501720730781281,0.2269185036420822,True,0,mapped,True,0.0
T088,L,1973,T007,173,-14.305517869077065,3.7709052429047873,0.7386565337757428,True,0,mapped,True,0.0
T088,L,1974,T007,174,-14.355037159844446,3.793694548078288,1.2632493084432577,True,0,mapped,True,0.0
T088,L,1975,T007,175,-14.282111702133385,3.966626971416126,1.7686777439457524,True,0,mapped,True,0.0
T088,L,1976,T007,176,-14.343929887603265,4.0377850681262,2.201227923159155,True,0,mapped,True,0.0
T088,L,1977,T007,177,-14.752610366988794,4.011472427636354,2.535157631621387,True,0,mapped,True,0.0
T088,L,1978,T007,178,-14.961242713464808,4.112648742257668,3.024028608617906,True,0,mapped,True,0.0
T088,L,1979,T007,179,-15.062758385471978,4.265639293483452,3.457910787675837,True,0,mapped,True,0.0
T088,L,1980,T007,180,-15.122821107992928,4.395879968877656,3.878512426225469,True,0,mapped,True,0.0
T088,L,1981,T007,181,-15.15648401739636,4.521540081291489,4.301547245765253,True,0,mapped,True,0.0
T088,L,1982,T007,182,-15.150999126050444,4.653457319482278,4.725187838531038,True,0,mapped,True,0.0
T088,L,1983,T007,183,-15.09652903187906,4.797512554922591,5.138628041917631,True,0,mapped,True,0.0
T088,L,1984,T007,184,-14.98584109635106,4.954711391621736,5.529071303254903,True,0,mapped,True,0.0
T088,L,1985,T007,185,-14.82313147414472,5.117620941262095,5.906211757064616,True,0,mapped,True,0.0
T088,L,1986,T007,186,-14.601546248669829,5.279659736348673,6.283322536695271,True,0,mapped,True,0.0
T088,L,1987,T007,187,-14.339186031556416,5.4726880909729205,6.631036127803727,True,0,mapped,True,0.0
T088,L,1988,T007,188,-14.067088472592571,5.718782947519528,6.926909488494151,True,0,mapped,True,0.0
T088,L,1988,T013,280,-14.06708847259257,5.718782947519527,6.926909488494151,True,0,mapped,False,1.9860273225978185e-15
T088,L,1989,T007,189,-14.328475135287796,3.1557844559380883,0.3706542697116791,True,0,mapped,True,0.0
T088,L,1990,T007,190,-14.26430335843808,3.359029507974781,0.7889582304171087,True,0,mapped,True,0.0
T088,L,1991,T007,191,-14.262279666461218,3.456717092791872,1.3572506738899883,True,0,mapped,True,0.0
T088,L,1992,T007,192,-14.144988806074617,3.626182323663789,1.847198117623035,True,0,mapped,True,0.0
T088,L,1993,T007,193,-14.164901279483257,3.6694100083527807,2.269297751686866,True,0,mapped,True,0.0
T088,L,1994,T007,194,-14.606672904849187,3.644925100144264,2.6503273208999487,True,0,mapped,True,0.0
T088,L,1995,T007,195,-14.878856461801158,3.7250607216928233,3.175431552852846,True,0,mapped,True,0.0
T088,L,1996,T007,196,-15.008054473254331,3.971872819600912,3.5363175765597568,True,0,mapped,True,0.0
T088,L,1997,T007,197,-15.099464612582238,4.1471042467999615,3.958700209468853,True,0,mapped,True,0.0
T088,L,1998,T007,198,-15.137066012454678,4.286850345282407,4.368289037556728,True,0,mapped,True,0.0
T088,L,1999,T007,199,-15.13675802791282,4.42276630975331,4.785687971472162,True,0,mapped,True,0.0
T088,L,2000,T007,200,-15.083251291828931,4.5717868494537015,5.19106172923099,True,0,mapped,True,0.0
T088,L,2001,T007,201,-14.980773557668805,4.740070994296169,5.5703495209857845,True,0,mapped,True,0.0
T088,L,2002,T007,202,-14.828420821226606,4.921237221567525,5.929736687147159,True,0,mapped,True,0.0
T088,L,2003,T007,203,-14.607216059086854,5.077055251959853,6.320672930119153,True,0,mapped,True,0.0
T088,L,2004,T007,204,-14.334790748896951,5.250185711883619,6.695400870592512,True,0,mapped,True,0.0
T088,L,2004,T013,270,-14.334790748896951,5.250185711883619,6.695400870592511,True,0,mapped,False,8.881784197001252e-16
T088,L,2005,T007,205,-14.31054682300412,2.841077204976329,0.5997940025866432,True,0,mapped,True,0.0
T088,L,2006,T007,206,-14.236760042822054,3.030036904914692,1.0082604050065282,True,0,mapped,True,0.0
T088,L,2007,T007,207,-14.14376659170376,3.1311675166698283,1.414312557434841,True,0,mapped,True,0.0
T088,L,2008,T007,208,-14.04258448461869,3.2556503015440814,1.902580014869936,True,0,mapped,True,0.0
T088,L,2009,T007,209,-14.053871677912262,3.368218054828733,2.424058260170632,True,0,mapped,True,0.0
T088,L,2010,T007,210,-14.428234164001209,3.3548664697845973,2.8388490827589434,True,0,mapped,True,0.0
T088,L,2011,T007,211,-14.76129050667367,3.4743793355453256,3.2816536464969115,True,0,mapped,True,0.0
T088,L,2012,T007,212,-14.971408402044473,3.65352403459666,3.661493555952073,True,0,mapped,True,0.0
T088,L,2013,T007,213,-15.074665438241892,3.8680102417812896,4.052071600183591,True,0,mapped,True,0.0
T088,L,2014,T007,214,-15.126917558607031,4.030534228513169,4.443632614283882,True,0,mapped,True,0.0
T088,L,2015,T007,215,-15.136239114292822,4.178762433708377,4.855205152989539,True,0,mapped,True,0.0
T088,L,2016,T007,216,-15.082650835542273,4.331342143779257,5.25834433752578,True,0,mapped,True,0.0
T088,L,2017,T007,217,-14.981473861222996,4.512861333957045,5.624626633109255,True,0,mapped,True,0.0
T088,L,2018,T007,218,-14.844064496629263,4.7322043701351655,5.9385282139089695,True,0,mapped,True,0.0
T088,L,2019,T007,219,-14.621786778687882,4.878635197228117,6.35081957989344,True,0,mapped,True,0.0
T088,L,2019,T013,259,-14.621786778687882,4.878635197228117,6.35081957989344,True,0,mapped,False,0.0
T088,L,2020,T007,220,-14.246163567969244,2.442104162805683,0.6269184947013855,True,0,mapped,True,0.0
T088,L,2021,T007,221,-14.19469183136288,2.701907696653572,1.1524364474762332,True,0,mapped,True,0.0
T088,L,2022,T007,222,-14.12304693618228,2.8152364410926864,1.501237717167751,True,0,mapped,True,0.0
T088,L,2023,T007,223,-14.041393007574053,2.8446908303068774,2.002485881134409,True,0,mapped,True,0.0
T088,L,2024,T007,224,-13.97907873757137,3.0397380606042805,2.5628790255741656,True,0,mapped,True,0.0
T088,L,2025,T007,225,-14.278497145291324,3.1843052089161583,3.037148865422989,True,0,mapped,True,0.0
T088,L,2026,T007,226,-14.604283591518149,3.231233870491847,3.4089683264896573,True,0,mapped,True,0.0
T088,L,2027,T007,227,-14.89780727933233,3.379946129216312,3.783802934513143,True,0,mapped,True,0.0
T088,L,2028,T007,228,-15.033159747174658,3.5668509736509515,4.133704626745232,True,0,mapped,True,0.0
T088,L,2029,T007,229,-15.125977946629297,3.749374768511741,4.521997994010951,True,0,mapped,True,0.0
T088,L,2030,T007,230,-15.1484357647996,3.915028979736985,4.934724331283224,True,0,mapped,True,0.0
T088,L,2031,T007,231,-15.09219650631558,4.070943437265338,5.3439882713279,True,0,mapped,True,0.0
T088,L,2032,T007,232,-14.985620894769768,4.258096295628034,5.709599024726444,True,0,mapped,True,0.0
T088,L,2033,T007,233,-14.856713764692843,4.516013444677343,5.978659181614312,True,0,mapped,True,0.0
T088,L,2033,T013,247,-14.856713764692843,4.516013444677343,5.978659181614312,True,0,mapped,False,0.0
T088,L,2034,T007,234,-14.180442706942104,2.058937744044329,0.6675009450139584,True,0,mapped,True,0.0
T088,L,2035,T007,235,-14.1702376550947,2.305193489776425,1.278566031952503,True,0,mapped,True,0.0
T088,L,2036,T007,236,-14.108175918007865,2.4042638221620694,1.7690023977175022,True,0,mapped,True,0.0
T088,L,2037,T007,237,-14.056577624061203,2.4908625514213725,2.194577306688714,True,0,mapped,True,0.0
T088,L,2038,T007,238,-13.9687815892199,2.634897229726217,2.703363793483473,True,0,mapped,True,0.0
T088,L,2039,T007,239,-14.117939082483948,2.861124829484184,3.2370292298888925,True,0,mapped,True,0.0
T088,L,2040,T007,240,-14.506144852047465,2.985291132294228,3.5673889121527944,True,0,mapped,True,0.0
T088,L,2041,T007,241,-14.776381564730375,3.124304766677964,3.926688661629605,True,0,mapped,True,0.0
T088,L,2042,T007,242,-14.998349061052837,3.309767362282225,4.225937586390524,True,0,mapped,True,0.0
T088,L,2043,T007,243,-15.13965605646722,3.461497691303056,4.596683690960919,True,0,mapped,True,0.0
T088,L,2044,T007,244,-15.177360974878011,3.632483703800543,5.021429353943725,True,0,mapped,True,0.0
T088,L,2045,T007,245,-15.118730706795017,3.789085640070404,5.445733435499758,True,0,mapped,True,0.0
T088,L,2046,T007,246,-14.990280159404074,3.944519873948559,5.869824399916968,True,0,mapped,True,0.0
T088,L,2046,T013,234,-14.990280159404074,3.944519873948559,5.869824399916968,True,0,mapped,False,0.0
T088,L,2047,T007,247,-14.179590386688986,1.772444035790124,0.9539946057580329,True,0,mapped,True,0.0
T088,L,2048,T007,248,-14.16109179108593,1.9430651063796036,1.5483880119397686,True,0,mapped,True,0.0
T088,L,2049,T007,249,-14.12872449302027,1.9967742139096736,2.0728486383236118,True,0,mapped,True,0.0
T088,L,2050,T007,250,-14.075438157659311,2.1634716417429707,2.43286695139407,True,0,mapped,True,0.0
T088,L,2051,T007,251,-14.006834585773404,2.3441247685558144,2.916321983610326,True,0,mapped,True,0.0
T088,L,2052,T007,252,-14.080385722588948,2.519963407347832,3.387266715820421,True,0,mapped,True,0.0
T088,L,2053,T007,253,-14.372606229430774,2.7963801973237707,3.710368871327566,True,0,mapped,True,0.0
T088,L,2054,T007,254,-14.646908935698038,2.898834619513043,4.105683868826471,True,0,mapped,True,0.0
T088,L,2055,T007,255,-14.999902444508605,2.9625833204696024,4.360131332598595,True,0,mapped,True,0.0
T088,L,2056,T007,256,-15.186084690574324,3.158674684687787,4.671383751533432,True,0,mapped,True,0.0
T088,L,2057,T007,257,-15.220414521922802,3.342425282244176,5.105420634498274,True,0,mapped,True,0.0
T088,L,2058,T007,258,-15.151007580215316,3.4750179992381,5.572811755704281,True,0,mapped,True,0.0
T088,L,2058,T013,220,-15.151007580215316,3.4750179992380987,5.572811755704281,True,0,mapped,False,1.3322676295501878e-15
T088,L,2059,T007,259,-14.164406093027743,1.4862514321108302,1.2401873207378262,True,0,mapped,True,0.0
T088,L,2060,T007,260,-14.184971696350964,1.6158975037851946,1.7657251651159886,True,0,mapped,True,0.0
T088,L,2061,T007,261,-14.187827462468434,1.6751219093999403,2.2646030632155885,True,0,mapped,True,0.0
T088,L,2062,T007,262,-14.1396531991692,1.8849279562499188,2.6441484101100814,True,0,mapped,True,0.0
T088,L,2063,T007,263,-14.10957446859182,1.9868857097168708,2.9960049916876628,True,0,mapped,True,0.0
T088,L,2064,T007,264,-14.11204059174026,2.215916656824889,3.441686200664388,True,0,mapped,True,0.0
T088,L,2065,T007,265,-14.241840896475368,2.4704976476626355,3.900175517747329,True,0,mapped,True,0.0
T088,L,2066,T007,266,-14.563643489889897,2.6149148141110774,4.258107143426835,True,0,mapped,True,0.0
T088,L,2067,T007,267,-14.976518337848429,2.700736616258191,4.444965545021929,True,0,mapped,True,0.0
T088,L,2068,T007,268,-15.234289223338637,2.859684731817857,4.772968828645038,True,0,mapped,True,0.0
T088,L,2069,T007,269,-15.27849711039256,3.053041095991465,5.190587930493807,True,0,mapped,True,0.0
T088,L,2069,T013,205,-15.27849711039256,3.053041095991464,5.190587930493806,True,0,mapped,False,1.2560739669470201e-15
T088,L,2070,T007,270,-14.18038217446816,1.1995534404420702,1.5268852011060865,True,0,mapped,True,0.0
T088,L,2071,T007,271,-14.222613231954323,1.2802939495770531,1.9045050901855465,True,0,mapped,True,0.0
T088,L,2072,T007,272,-14.261536483491373,1.406953419420535,2.3810574445971566,True,0,mapped,True,0.0
T088,L,2073,T007,273,-14.248028918002174,1.5758295547907086,2.7610557674382497,True,0,mapped,True,0.0
T088,L,2074,T007,274,-14.211756423241956,1.7723279636296527,3.2196357307993755,True,0,mapped,True,0.0
T088,L,2075,T007,275,-14.223171140619849,1.9596069616244325,3.6462690883940665,True,0,mapped,True,0.0
T088,L,2076,T007,276,-14.293598693931852,2.1514688009147167,4.061807637763174,True,0,mapped,True,0.0
T088,L,2077,T007,277,-14.542432026807573,2.305042597002977,4.403234406889911,True,0,mapped,True,0.0
T088,L,2078,T007,278,-14.974204618488484,2.4082603414557457,4.5703902759373465,True,0,mapped,True,0.0
T088,L,2079,T007,279,-15.279043446876772,2.544352352287617,4.882603474647343,True,0,mapped,True,0.0
T088,L,2079,T013,189,-15.27904344687677,2.544352352287617,4.882603474647343,True,0,mapped,False,1.7763568394002505e-15
T088,L,2080,T007,280,-14.193512198575071,0.8366842700261075,1.6393522635913396,True,0,mapped,True,0.0
T088,L,2081,T007,281,-14.267727410889687,0.9381412399103792,1.9394120406934532,True,0,mapped,True,0.0
T088,L,2082,T007,282,-14.33822366884085,1.1152869520111195,2.379164157357963,True,0,mapped,True,0.0
T088,L,2083,T007,283,-14.3526048057154,1.2893538829055646,2.7567307545697184,True,0,mapped,True,0.0
T088,L,2084,T007,284,-14.317776799339317,1.4593916427560951,3.2489078460579943,True,0,mapped,True,0.0
T088,L,2085,T007,285,-14.31496411226486,1.6663365337790947,3.679113915671395,True,0,mapped,True,0.0
T088,L,2086,T007,286,-14.34541658461452,1.8213549889110343,4.1610362648742285,True,0,mapped,True,0.0
T088,L,2087,T007,287,-14.582417326681105,1.984383328015228,4.550160285379494,True,0,mapped,True,0.0
T088,L,2088,T007,288,-15.07726486833106,2.036298119091937,4.70874098291752,True,0,mapped,True,0.0
T088,L,2088,T013,172,-15.077264868331063,2.0362981190919367,4.70874098291752,True,0,mapped,False,3.580361673049448e-15
T088,L,2089,T007,289,-14.194801330566406,0.4451407873583587,1.744080632531977,True,0,mapped,True,0.0
T088,L,2090,T007,290,-14.297161868920268,0.6278227200195722,2.0523658532245483,True,0,mapped,True,0.0
T088,L,2091,T007,291,-14.404485665372205,0.8451151273383435,2.464895527218608,True,0,mapped,True,0.0
T088,L,2092,T007,292,-14.465879027659009,1.001325441861295,2.9248753797691047,True,0,mapped,True,0.0
T088,L,2093,T007,293,-14.45358360597519,1.1500284001703711,3.343283096536359,True,0,mapped,True,0.0
T088,L,2094,T007,294,-14.452093316093816,1.315872105985625,3.869490242343807,True,0,mapped,True,0.0
T088,L,2095,T007,295,-14.434715837506229,1.497753917864648,4.275120161188792,True,0,mapped,True,0.0
T088,L,2096,T007,296,-14.659368541488435,1.6529177686794685,4.640371206548791,True,0,mapped,True,0.0
T088,L,2096,T013,154,-14.659368541488435,1.6529177686794674,4.640371206548791,True,0,mapped,False,1.1102230246251565e-15
T088,L,2097,T007,297,-14.194801330566406,0.0901153709895901,1.9311004784150083,True,0,mapped,True,0.0
T088,L,2098,T007,298,-14.347717230739036,0.2963558120149112,2.336631925657957,True,0,mapped,True,0.0
T088,L,2099,T007,299,-14.449741947305558,0.5332613211607476,2.669180172353075,True,0,mapped,True,0.0
T088,L,2100,T007,300,-14.504055415454246,0.6649430853770387,3.020714839199692,True,0,mapped,True,0.0
T088,L,2101,T007,301,-14.519649150019664,0.7833437524637116,3.4729934502304323,True,0,mapped,True,0.0
T088,L,2102,T007,302,-14.509448523069995,1.0230572660470567,3.910320426329755,True,0,mapped,True,0.0
T088,L,2103,T007,303,-14.511553418260442,1.1903441039435756,4.317742605787988,True,0,mapped,True,0.0
T088,L,2103,T013,135,-14.511553418260444,1.1903441039435758,4.317742605787988,True,0,mapped,False,1.790180836524724e-15
T088,L,2104,T007,304,-14.194801330566408,-0.2333614232850797,2.172994077025955,True,0,mapped,True,0.0
T088,L,2105,T007,305,-14.366141184411775,-0.0030839538407221,2.541925645376894,True,0,mapped,True,0.0
T088,L,2106,T007,306,-14.460871262589642,0.1740562056658065,2.894738914426996,True,0,mapped,True,0.0
T088,L,2107,T007,307,-14.50538472493339,0.219788536252367,3.243429804638956,True,0,mapped,True,0.0
T088,L,2108,T007,308,-14.516108082162628,0.4925582230239619,3.657746564107713,True,0,mapped,True,0.0
T088,L,2109,T007,309,-14.53403181579928,0.7009532160735595,4.028359593232428,True,0,mapped,True,0.0
T088,L,2109,T013,115,-14.53403181579928,0.7009532160735585,4.0283595932324285,True,0,mapped,False,1.336885555457667e-15
T088,L,2110,T007,310,-14.194801330566406,-0.5772686562093151,2.3876754532651367,True,0,mapped,True,0.0
T088,L,2111,T007,311,-14.426947991883347,-0.2843058898275684,2.788612992048652,True,0,mapped,True,0.0
T088,L,2112,T007,312,-14.484589038221127,-0.1577906044699904,3.117210195543231,True,0,mapped,True,0.0
T088,L,2113,T007,313,-14.51970834107481,-0.0655712401681434,3.397526410842008,True,0,mapped,True,0.0
T088,L,2114,T007,314,-14.521689431737926,0.1871980087367825,3.826918601989745,True,0,mapped,True,0.0
T088,L,2114,T013,94,-14.521689431737926,0.1871980087367818,3.826918601989746,True,0,mapped,False,1.1270951119217139e-15
T088,L,2115,T007,315,-14.194801330566406,-0.8660596777086514,2.6712539223361382,True,0,mapped,True,0.0
T088,L,2116,T007,316,-14.408931937862484,-0.6595716625680303,3.0036072954409114,True,0,mapped,True,0.0
T088,L,2117,T007,317,-14.471886276758806,-0.5063614290866676,3.3615143363096247,True,0,mapped,True,0.0
T088,L,2118,T007,318,-14.508654191407432,-0.3266392840256618,3.62691855430603,True,0,mapped,True,0.0
T088,L,2118,T013,72,-14.508654191407432,-0.3266392840256616,3.6269185543060303,True,0,mapped,False,4.742874840267547e-16
T088,L,2119,T007,319,-14.113430710540635,-1.1500613720110686,2.8765000431120606,True,0,mapped,True,0.0
T088,L,2120,T007,320,-14.275722556609171,-1.0307101967089731,3.1702894316294694,True,0,mapped,True,0.0
T088,L,2121,T007,321,-14.398504142692127,-0.88544776202094,3.5210001639057227,True,0,mapped,True,0.0
T088,L,2121,T013,49,-14.39850414269213,-0.8854477620209403,3.5210001639057227,True,0,mapped,False,1.807312143953211e-15
T088,L,2122,T007,322,-14.016896386156612,-1.4545405518157202,3.114057237265474,True,0,mapped,True,0.0
T088,L,2123,T007,323,-14.153311087516288,-1.2929423839896874,3.226918458938598,True,0,mapped,True,0.0
T088,L,2123,T013,25,-14.15331108751629,-1.292942383989688,3.226918458938598,True,0,mapped,False,1.897149936107019e-15
T088,L,2124,T007,324,-13.794801712036133,-1.7669105529785156,3.226918458938598,True,-1,landmark_vertex,True,0.0
T088,L,2124,T012,0,-13.794801712036133,-1.7669105529785156,3.226918458938598,True,-1,landmark_vertex,False,0.0
T088,L,2124,T013,0,-13.794801712036133,-1.7669105529785156,3.226918458938598,True,0,mapped,False,0.0
T088,L,2125,T008,0,-33.281925201416016,12.099520683288574,7.626918792724609,True,-1,landmark_vertex,True,0.0
T088,L,2126,T008,1,-33.493706166053066,10.07660092833298,7.626918792724609,True,0,mapped,True,0.0
T088,L,2127,T008,2,-33.798991038986564,8.086940938911134,7.503710118012607,True,0,mapped,True,0.0
T088,L,2128,T008,3,-34.13441285015259,6.15717323305062,7.226918697357178,True,0,mapped,True,0.0
T088,L,2129,T008,4,-34.52882619623769,4.161622739058776,7.226918697357178,True,0,mapped,True,0.0
T088,L,2130,T008,5,-34.94565242768458,2.1674393871384403,7.226918697357178,True,0,mapped,True,0.0
T088,L,2131,T008,6,-35.26802974941392,0.2127696789233653,7.026918888092041,True,0,mapped,True,0.0
T088,L,2132,T008,7,-36.2034437962247,-1.4050347209135547,7.032588358091823,True,0,mapped,True,0.0
T088,L,2133,T008,8,-37.79706087446663,-2.254218226684158,7.826918601989746,True,0,mapped,True,0.0
T088,L,2134,T008,9,-39.51233579673897,-3.215100744269953,8.020928700152979,True,0,mapped,True,0.0
T088,L,2135,T008,10,-40.57852512038639,-4.8812668136436015,7.907648155068514,True,0,mapped,True,0.0
T088,L,2136,T008,11,-40.794803619384766,-6.79098697878951,7.459587497747462,True,0,mapped,True,0.0
T088,L,2137,T008,12,-40.56851930328406,-8.372574366147504,6.301082626381291,True,0,mapped,True,0.0
T088,L,2138,T008,13,-39.79922155452028,-9.646130973798702,5.031336420123771,True,0,mapped,True,0.0
T088,L,2139,T008,14,-38.43982457387621,-10.300479888916016,3.9138994466589776,True,0,mapped,True,0.0
T088,L,2140,T008,15,-36.48060602910537,-10.300479888916016,3.623030173905434,True,0,mapped,True,0.0
T088,L,2141,T008,16,-34.828262027830085,-9.30679525038282,3.8979481985552695,True,0,mapped,True,0.0
T088,L,2142,T008,17,-33.60180764542528,-8.388857944602536,5.022194130068289,True,0,mapped,True,0.0
T088,L,2143,T008,18,-31.685595680914584,-8.302468445992394,5.026918411254883,True,0,mapped,True,0.0
T088,L,2144,T008,19,-29.65348601959877,-8.388072839201586,5.026918411254883,True,0,mapped,True,0.0
T088,L,2145,T008,20,-27.68804200593116,-7.955603005262411,4.973291151151112,True,0,mapped,True,0.0
T088,L,2146,T008,21,-25.90138398672272,-7.08027859215583,4.831251194122455,True,0,mapped,True,0.0
T088,L,2147,T008,22,-24.136581385960795,-6.486159793531192,4.207367555835821,True,0,mapped,True,0.0
T088,L,2148,T008,23,-22.26680517265257,-6.100480079650879,3.7537574172414927,True,0,mapped,True,0.0
T088,L,2149,T008,24,-20.39480209350586,-5.700479984283447,3.77236533164978,True,-1,landmark_vertex,True,0.0
T088,L,2149,T011,324,-20.39480209350586,-5.700479984283447,3.77236533164978,True,0,mapped,False,0.0
T088,L,2149,T014,0,-20.39480209350586,-5.700479984283447,3.77236533164978,True,0,mapped,False,0.0
T088,L,2149,T015,0,-20.39480209350586,-5.700479984283447,3.77236533164978,True,0,mapped,False,0.0
T088,L,2150,T008,25,-33.626397317299066,10.631327855125551,7.287931110571533,True,0,mapped,True,0.0
T088,L,2151,T008,26,-33.95825721728992,8.659628697073924,7.179451088343555,True,0,mapped,True,0.0
T088,L,2152,T008,27,-34.23504230899555,6.548537435016464,7.028086149559937,True,0,mapped,True,0.0
T088,L,2153,T008,28,-34.62495699613313,4.712857801653761,6.921188642200326,True,0,mapped,True,0.0
T088,L,2154,T008,29,-35.08653098668053,2.753831388367197,6.856390170837618,True,0,mapped,True,0.0
T088,L,2155,T008,30,-35.42700994571456,0.7970173654499917,6.740968847011282,True,0,mapped,True,0.0
T088,L,2156,T008,31,-36.04010176400767,-0.9222933096303072,6.537360847027518,True,0,mapped,True,0.0
T088,L,2157,T008,32,-37.78369650064715,-1.7240389356591792,7.269873027720468,True,0,mapped,True,0.0
T088,L,2158,T008,33,-39.34085745239673,-2.7163264969713667,7.758369607484649,True,0,mapped,True,0.0
T088,L,2159,T008,34,-40.68010269487648,-4.153210922855708,7.610323930078016,True,0,mapped,True,0.0
T088,L,2160,T008,35,-41.01450659050364,-6.082445113716254,7.264709456306821,True,0,mapped,True,0.0
T088,L,2161,T008,36,-40.86402716136054,-7.793417898615626,6.156071840195239,True,0,mapped,True,0.0
T088,L,2162,T008,37,-40.19421070531494,-9.19236655113396,4.874297532791957,True,0,mapped,True,0.0
T088,L,2163,T008,38,-38.94357186992201,-9.951119187454456,3.791881140764353,True,0,mapped,True,0.0
T088,L,2164,T008,39,-37.01276071618316,-10.016559928404996,3.2670308505223824,True,0,mapped,True,0.0
T088,L,2165,T008,40,-35.32684864118489,-9.275547897428307,3.548710893857639,True,0,mapped,True,0.0
T088,L,2166,T008,41,-34.16043006832115,-8.299124175869169,4.550811036037201,True,0,mapped,True,0.0
T088,L,2167,T008,42,-32.42173958625352,-8.139365843219165,4.526959768387652,True,0,mapped,True,0.0
T088,L,2168,T008,43,-30.359274672399987,-8.422548366813272,4.600900436542186,True,0,mapped,True,0.0
T088,L,2169,T008,44,-28.39662021677307,-8.172127603175216,4.69341510885538,True,0,mapped,True,0.0
T088,L,2170,T008,45,-26.68658467887775,-7.1272549350647765,4.614460517969608,True,0,mapped,True,0.0
T088,L,2171,T008,46,-24.894898358385667,-6.509976764531879,4.428733131265343,True,0,mapped,True,0.0
T088,L,2172,T008,47,-23.073994400732985,-6.152229141267932,3.870293757497693,True,0,mapped,True,0.0
T088,L,2173,T008,48,-21.94344994713953,-5.913417297371426,3.7871122042592495,True,2,smooth_near_vertex,False,0.7594731232996835
T088,L,2173,T011,322,-21.21604471545487,-5.700479984283447,3.73875153193933,True,0,mapped,True,0.0
T088,L,2174,T008,49,-34.042589710676474,9.187559478055991,6.89991248003989,True,0,mapped,True,0.0
T088,L,2175,T008,50,-34.39999426905778,7.218189736707457,6.739986514800142,True,0,mapped,True,0.0
T088,L,2176,T008,51,-34.69819206847809,5.253719243886305,6.640747414094058,True,0,mapped,True,0.0
T088,L,2177,T008,52,-35.18067659630781,3.253295462105715,6.577395736116978,True,0,mapped,True,0.0
T088,L,2178,T008,53,-35.58664572354786,1.2900597687739528,6.415077812241632,True,0,mapped,True,0.0
T088,L,2179,T008,54,-36.12958044727295,-0.5035021557092245,6.097250850157797,True,0,mapped,True,0.0
T088,L,2180,T008,55,-37.65804185690237,-1.352426827122501,6.785001146284873,True,0,mapped,True,0.0
T088,L,2181,T008,56,-39.22019504389282,-2.1485182866961594,7.292750153960351,True,0,mapped,True,0.0
T088,L,2182,T008,57,-40.7080913965699,-3.5573455124023585,7.377064679646144,True,0,mapped,True,0.0
T088,L,2183,T008,58,-41.21559416180802,-5.488717955366711,6.98618471335844,True,0,mapped,True,0.0
T088,L,2184,T008,59,-41.115017014512496,-7.211275947985733,6.047718384811268,True,0,mapped,True,0.0
T088,L,2185,T008,60,-40.63110894178129,-8.676233986411846,4.882067212010748,True,0,mapped,True,0.0
T088,L,2186,T008,61,-39.45320159199514,-9.510975252508636,3.641559514071728,True,0,mapped,True,0.0
T088,L,2187,T008,62,-37.609260620335775,-9.773204593527714,2.979342824778347,True,0,mapped,True,0.0
T088,L,2188,T008,63,-35.782105919584744,-9.194434485051111,3.2202976941668044,True,0,mapped,True,0.0
T088,L,2189,T008,64,-34.614269954740884,-8.216293910151915,4.095026823708046,True,0,mapped,True,0.0
T088,L,2190,T008,65,-33.05245300769391,-7.941826273557761,4.274803433734817,True,0,mapped,True,0.0
T088,L,2191,T008,66,-31.191221821735542,-8.425109769990149,4.086937176256354,True,0,mapped,True,0.0
T088,L,2192,T008,67,-29.05577393387255,-8.25767710283139,4.323701546447188,True,0,mapped,True,0.0
T088,L,2193,T008,68,-27.37694506597145,-7.46049166855977,4.389233362049068,True,0,mapped,True,0.0
T088,L,2194,T008,69,-25.802282509111265,-6.7073856548219855,4.564780505977432,True,0,mapped,True,0.0
T088,L,2195,T008,70,-23.84743252926478,-6.134948724044026,4.034119253029425,True,0,mapped,True,0.0
T088,L,2196,T008,71,-22.03819812166672,-5.700479984283448,3.752032310648036,True,0,mapped,True,0.0
T088,L,2196,T011,319,-22.038198121666717,-5.700479984283447,3.752032310648036,True,0,mapped,False,3.66205343881779e-15
T088,L,2197,T008,72,-34.47477529150197,7.751266921438869,6.452804557617689,True,0,mapped,True,0.0
T088,L,2198,T008,73,-34.76403008577381,5.7471813121842725,6.379057664081153,True,0,mapped,True,0.0
T088,L,2199,T008,74,-35.20861503275962,3.8699601632181926,6.250554196265897,True,0,mapped,True,0.0
T088,L,2200,T008,75,-35.68829957037504,1.8962872340474437,6.125699629644515,True,0,mapped,True,0.0
T088,L,2201,T008,76,-36.1985545645336,-0.1036190735896089,5.782473788003794,True,0,mapped,True,0.0
T088,L,2202,T008,77,-37.611986966688136,-1.074076631823639,6.4290031025491885,True,0,mapped,True,0.0
T088,L,2203,T008,78,-39.122748689699336,-1.7144888891345906,6.907310345741807,True,0,mapped,True,0.0
T088,L,2204,T008,79,-40.64215074488302,-3.118757806253404,7.1783298529160815,True,0,mapped,True,0.0
T088,L,2205,T008,80,-41.45523453837836,-4.831867747466278,6.745432447704339,True,0,mapped,True,0.0
T088,L,2206,T008,81,-41.38262551820472,-6.587261371718279,5.994874759889689,True,0,mapped,True,0.0
T088,L,2207,T008,82,-40.98148996256251,-8.110375092113763,4.804290280053388,True,0,mapped,True,0.0
T088,L,2208,T008,83,-39.89687980438188,-9.161457119291835,3.590106447880096,True,0,mapped,True,0.0
T088,L,2209,T008,84,-38.10498222958609,-9.511941722151024,2.766816162849322,True,0,mapped,True,0.0
T088,L,2210,T008,85,-36.318922305097885,-9.031687766909496,2.8668613701045533,True,0,mapped,True,0.0
T088,L,2211,T008,86,-35.02010285061705,-7.995504242493008,3.7085214119375465,True,0,mapped,True,0.0
T088,L,2212,T008,87,-33.67278799842508,-7.711011549358321,4.121729706580872,True,0,mapped,True,0.0
T088,L,2213,T008,88,-31.969364810656003,-8.277457333043051,3.73961314285802,True,0,mapped,True,0.0
T088,L,2214,T008,89,-29.88911134834521,-8.295303184779836,3.9098845956845993,True,0,mapped,True,0.0
T088,L,2215,T008,90,-28.052830422112063,-7.723346516369657,4.064255735156946,True,0,mapped,True,0.0
T088,L,2216,T008,91,-26.524383193986644,-6.713382979993987,4.419906472654768,True,0,mapped,True,0.0
T088,L,2217,T008,92,-24.659243193710477,-6.071757118232908,4.21592897709585,True,0,mapped,True,0.0
T088,L,2218,T008,93,-22.857530992820912,-5.700479984283447,3.815668360207785,True,0,mapped,True,0.0
T088,L,2218,T011,315,-22.857530992820912,-5.700479984283447,3.815668360207784,True,0,mapped,False,8.881784197001252e-16
T088,L,2219,T008,94,-34.81035108804792,6.268288020385944,6.129060860352064,True,0,mapped,True,0.0
T088,L,2220,T008,95,-35.253195117693465,4.315026320928566,6.017915278950111,True,0,mapped,True,0.0
T088,L,2221,T008,96,-35.80941003175575,2.427505079853573,5.78979208435368,True,0,mapped,True,0.0
T088,L,2222,T008,97,-36.25988584944934,0.4289575812896768,5.49161961882173,True,0,mapped,True,0.0
T088,L,2223,T008,98,-37.57200510679532,-0.5504855943076182,5.798289530983865,True,0,mapped,True,0.0
T088,L,2224,T008,99,-39.12508495332111,-1.2984551442219396,6.539555583063906,True,0,mapped,True,0.0
T088,L,2225,T008,100,-40.454804248981006,-2.543746689096444,6.949655739763969,True,0,mapped,True,0.0
T088,L,2226,T008,101,-41.57238096482681,-4.188103806289531,6.549052034842246,True,0,mapped,True,0.0
T088,L,2227,T008,102,-41.70386105724396,-5.93279921854817,5.800198073425102,True,0,mapped,True,0.0
T088,L,2228,T008,103,-41.35707249119144,-7.529161528391575,4.632172429600546,True,0,mapped,True,0.0
T088,L,2229,T008,104,-40.32578798924945,-8.761378424468157,3.414743167342354,True,0,mapped,True,0.0
T088,L,2230,T008,105,-38.66931113325063,-9.20808540092602,2.584066527251684,True,0,mapped,True,0.0
T088,L,2231,T008,106,-36.77619023550112,-8.884161601601573,2.5496222762672134,True,0,mapped,True,0.0
T088,L,2232,T008,107,-35.47074875787644,-7.886119435433595,3.256078053710634,True,0,mapped,True,0.0
T088,L,2233,T008,108,-34.237019680380314,-7.4322698632642465,3.885977653388752,True,0,mapped,True,0.0
T088,L,2234,T008,109,-32.545690882663415,-8.079251317164998,3.5001780965371507,True,0,mapped,True,0.0
T088,L,2235,T008,110,-30.61896023080027,-8.300935824629194,3.37671617485221,True,0,mapped,True,0.0
T088,L,2236,T008,111,-28.746072282015035,-7.8455744381944035,3.69411924507792,True,0,mapped,True,0.0
T088,L,2237,T008,112,-27.15650718509686,-6.942112084114598,4.219426038301088,True,0,mapped,True,0.0
T088,L,2238,T008,113,-25.38795103679941,-6.1924393125042725,4.354684290113936,True,0,mapped,True,0.0
T088,L,2239,T008,114,-23.67091439139323,-5.700479984283448,3.9355286932437865,True,0,mapped,True,0.0
T088,L,2239,T011,310,-23.670914391393225,-5.700479984283447,3.935528693243786,True,0,mapped,False,3.688882027804963e-15
T088,L,2240,T008,115,-35.33238133653003,4.87940324032873,5.6269187927246085,True,0,mapped,True,0.0
T088,L,2241,T008,116,-35.88409381000103,3.0410313004435823,5.387630364464499,True,0,mapped,True,0.0
T088,L,2242,T008,117,-36.35218736164139,1.1132055549207878,5.156690321236617,True,0,mapped,True,0.0
T088,L,2243,T008,118,-37.342457746825815,-0.2377518676853987,5.384422245918794,True,0,mapped,True,0.0
T088,L,2244,T008,119,-39.0107201776054,-0.7853318343609292,6.119051875781193,True,0,mapped,True,0.0
T088,L,2245,T008,120,-40.41081121414679,-2.0065984415644658,6.599320490748302,True,0,mapped,True,0.0
T088,L,2246,T008,121,-41.68121697167293,-3.5419864878311103,6.274988124343167,True,0,mapped,True,0.0
T088,L,2247,T008,122,-41.903013822129054,-5.378456985791413,5.6486945520062655,True,0,mapped,True,0.0
T088,L,2248,T008,123,-41.60314721006077,-7.024399442185289,4.586561185306927,True,0,mapped,True,0.0
T088,L,2249,T008,124,-40.78147907730836,-8.237317125455004,3.267600790200154,True,0,mapped,True,0.0
T088,L,2250,T008,125,-39.19741475434512,-8.843622977198036,2.295617917390222,True,0,mapped,True,0.0
T088,L,2251,T008,126,-37.270810421826326,-8.68836592104895,2.2272841743609915,True,0,mapped,True,0.0
T088,L,2252,T008,127,-35.86659794853689,-7.770031979810044,2.859385403097104,True,0,mapped,True,0.0
T088,L,2253,T008,128,-34.67075446524996,-7.173028997121471,3.687177390554033,True,0,mapped,True,0.0
T088,L,2254,T008,129,-33.122641770605426,-7.867890759558268,3.259758880093578,True,0,mapped,True,0.0
T088,L,2255,T008,130,-31.35579827380408,-8.179902375301783,2.96052786455239,True,0,mapped,True,0.0
T088,L,2256,T008,131,-29.37287850976732,-7.860303418612918,3.29430413687796,True,0,mapped,True,0.0
T088,L,2257,T008,132,-27.75478662298244,-7.106850061702053,3.8212716938252456,True,0,mapped,True,0.0
T088,L,2258,T008,133,-26.36993798081687,-6.194713205384304,4.3332196863922405,True,0,mapped,True,0.0
T088,L,2259,T008,134,-24.47342990490188,-5.700479984283447,4.109987478765069,True,0,mapped,True,0.0
T088,L,2259,T011,304,-24.47342990490188,-5.700479984283447,4.109987478765069,True,0,mapped,False,0.0
T088,L,2260,T008,135,-35.94309367219675,3.6252707375636346,5.002097633268898,True,0,mapped,True,0.0
T088,L,2261,T008,136,-36.44547028870216,1.651106218805863,4.854992391264293,True,0,mapped,True,0.0
T088,L,2262,T008,137,-37.32446645133355,0.1447236422143778,4.879257920326309,True,0,mapped,True,0.0
T088,L,2263,T008,138,-38.96956665420497,-0.4660741550744878,5.656609472726024,True,0,mapped,True,0.0
T088,L,2264,T008,139,-40.28970423778428,-1.4475906498116529,6.226760193104067,True,0,mapped,True,0.0
T088,L,2265,T008,140,-41.75026275106151,-2.915152213102058,6.026092400785029,True,0,mapped,True,0.0
T088,L,2266,T008,141,-42.15627493951135,-4.704521164698503,5.431045691326503,True,0,mapped,True,0.0
T088,L,2267,T008,142,-41.8679661185424,-6.519011305335898,4.4699526866423085,True,0,mapped,True,0.0
T088,L,2268,T008,143,-41.16265060208066,-7.758634788147254,3.150801532848352,True,0,mapped,True,0.0
T088,L,2269,T008,144,-39.61509776145366,-8.518289677157483,2.144659168840213,True,0,mapped,True,0.0
T088,L,2270,T008,145,-37.843226309653005,-8.513329394976417,1.890424956469804,True,0,mapped,True,0.0
T088,L,2271,T008,146,-36.248227463679086,-7.639672188037686,2.4652344430904023,True,0,mapped,True,0.0
T088,L,2272,T008,147,-35.210085246582025,-6.89816077182049,3.438329636322149,True,0,mapped,True,0.0
T088,L,2273,T008,148,-33.81040770558191,-7.503477658519366,2.9984001113752696,True,0,mapped,True,0.0
T088,L,2274,T008,149,-31.92740614923276,-8.038613142960864,2.671957983331297,True,0,mapped,True,0.0
T088,L,2275,T008,150,-30.10392930696681,-7.774431569905636,2.772651449584396,True,0,mapped,True,0.0
T088,L,2276,T008,151,-28.396052186517032,-7.099660004930023,3.331589732159723,True,0,mapped,True,0.0
T088,L,2277,T008,152,-27.037522010990124,-6.291852713136304,4.117666999055437,True,0,mapped,True,0.0
T088,L,2278,T008,153,-25.28386902222855,-5.70721692183608,4.243243767766471,True,0,mapped,True,0.0
T088,L,2278,T011,297,-25.28386902222855,-5.707216921836079,4.243243767766471,True,0,mapped,False,8.881784197001252e-16
T088,L,2279,T008,154,-36.578406766894304,2.329089134158772,4.308093085915256,True,0,mapped,True,0.0
T088,L,2280,T008,155,-37.2630365140547,0.5127331581916965,4.442833107529713,True,0,mapped,True,0.0
T088,L,2281,T008,156,-38.88678690914272,0.010621993908505,5.158950989069648,True,0,mapped,True,0.0
T088,L,2282,T008,157,-40.31888457633448,-0.9033223021924488,5.705306268708042,True,0,mapped,True,0.0
T088,L,2283,T008,158,-41.717929964257024,-2.316328607902114,5.80751971124363,True,0,mapped,True,0.0
T088,L,2284,T008,159,-42.29296624498625,-4.203503301731711,5.28946519870639,True,0,mapped,True,0.0
T088,L,2285,T008,160,-42.17680897307069,-5.867424738688088,4.324575611426014,True,0,mapped,True,0.0
T088,L,2286,T008,161,-41.56086811185093,-7.238616007317271,3.1089678973009653,True,0,mapped,True,0.0
T088,L,2287,T008,162,-40.16763672997923,-8.097963013537933,2.022802664965104,True,0,mapped,True,0.0
T088,L,2288,T008,163,-38.310501908279534,-8.208749092310384,1.606445891827438,True,0,mapped,True,0.0
T088,L,2289,T008,164,-36.66274244177424,-7.583929241140138,2.0804613738200795,True,0,mapped,True,0.0
T088,L,2290,T008,165,-35.67732211004297,-6.654429540340991,3.064553020169181,True,0,mapped,True,0.0
T088,L,2291,T008,166,-34.33461786148797,-7.202430867731582,2.7338626233896384,True,0,mapped,True,0.0
T088,L,2292,T008,167,-32.6052266024374,-7.842833506667972,2.3087047642836787,True,0,mapped,True,0.0
T088,L,2293,T008,168,-30.74884724652255,-7.698914159329941,2.4321686114754115,True,0,mapped,True,0.0
T088,L,2294,T008,169,-29.028091244549653,-7.038844004523641,2.928592887327972,True,0,mapped,True,0.0
T088,L,2295,T008,170,-27.66862702019646,-6.335148056266362,3.756429017448277,True,0,mapped,True,0.0
T088,L,2296,T008,171,-26.101416069725133,-5.700479984283449,4.30909637352276,True,0,mapped,True,0.0
T088,L,2296,T011,289,-26.101416069725133,-5.700479984283447,4.30909637352276,True,0,mapped,False,1.7763568394002505e-15
T088,L,2297,T008,172,-37.22923765090617,0.9430232792255852,4.026918411254883,True,0,mapped,True,0.0
T088,L,2298,T008,173,-38.87768474649068,0.5815466380562007,4.812465431135085,True,0,mapped,True,0.0
T088,L,2299,T008,174,-40.27091322871709,-0.5017924802428447,5.369420264242575,True,0,mapped,True,0.0
T088,L,2300,T008,175,-41.67222917592393,-1.8895127011346973,5.630059539225374,True,0,mapped,True,0.0
T088,L,2301,T008,176,-42.46741998971168,-3.5092177690847057,5.088803964774501,True,0,mapped,True,0.0
T088,L,2302,T008,177,-42.41639438195779,-5.2847304344193775,4.256900387794008,True,0,mapped,True,0.0
T088,L,2303,T008,178,-41.94912643414762,-6.635492829331427,3.0452343904972587,True,0,mapped,True,0.0
T088,L,2304,T008,179,-40.630039690740375,-7.724658591797241,1.82452927116618,True,0,mapped,True,0.0
T088,L,2305,T008,180,-38.8430136789098,-7.868847031147643,1.2659715638418558,True,0,mapped,True,0.0
T088,L,2306,T008,181,-37.06930310771218,-7.376664976281593,1.7245824108419667,True,0,mapped,True,0.0
T088,L,2307,T008,182,-36.157655562514506,-6.568000675044134,2.6606699129918825,True,0,mapped,True,0.0
T088,L,2308,T008,183,-34.78029081639742,-6.863528985033669,2.4435324543301955,True,0,mapped,True,0.0
T088,L,2309,T008,184,-33.16787082204041,-7.564124197062929,2.0091104667502995,True,0,mapped,True,0.0
T088,L,2310,T008,185,-31.403058475619986,-7.557169189916647,2.0827080427945246,True,0,mapped,True,0.0
T088,L,2311,T008,186,-29.770537344501943,-7.034807471139096,2.5434196359147423,True,0,mapped,True,0.0
T088,L,2312,T008,187,-28.33534011609133,-6.217378270861135,3.325148147723153,True,0,mapped,True,0.0
T088,L,2313,T008,188,-26.907531829342552,-5.700479984283447,4.155962494862162,True,0,mapped,True,0.0
T088,L,2313,T011,280,-26.907531829342552,-5.700479984283447,4.155962494862162,True,0,mapped,False,0.0
T088,L,2314,T008,189,-38.778252729750754,0.8210491600639275,4.226371027457017,True,0,mapped,True,0.0
T088,L,2315,T008,190,-40.24658111750599,0.0651561366722842,4.991171031739226,True,0,mapped,True,0.0
T088,L,2316,T008,191,-41.613449087621134,-1.3348269278168532,5.353306313572368,True,0,mapped,True,0.0
T088,L,2317,T008,192,-42.55917440791532,-2.9013864588251064,4.9378721177538125,True,0,mapped,True,0.0
T088,L,2318,T008,193,-42.70626384750973,-4.673576400869074,4.092103356511761,True,0,mapped,True,0.0
T088,L,2319,T008,194,-42.223630485169885,-6.194642522433697,2.9346203683758425,True,0,mapped,True,0.0
T088,L,2320,T008,195,-41.18429419095608,-7.178345875838346,1.794681570670556,True,0,mapped,True,0.0
T088,L,2321,T008,196,-39.37627555192818,-7.588077695995746,1.0096023038868054,True,0,mapped,True,0.0
T088,L,2322,T008,197,-37.50788116239026,-7.211756342108406,1.3440664465027767,True,0,mapped,True,0.0
T088,L,2323,T008,198,-36.58037640540897,-6.389981469882354,2.214853457503347,True,0,mapped,True,0.0
T088,L,2324,T008,199,-35.18595284039452,-6.489274672419739,2.3121570564089007,True,0,mapped,True,0.0
T088,L,2325,T008,200,-33.86073103951196,-7.180085247459632,1.6812596550182255,True,0,mapped,True,0.0
T088,L,2326,T008,201,-32.048354966700416,-7.347600274291745,1.6911433447997748,True,0,mapped,True,0.0
T088,L,2327,T008,202,-30.35798694531317,-6.891843914319288,2.1928540580841216,True,0,mapped,True,0.0
T088,L,2328,T008,203,-28.936684383038276,-6.131183253098556,2.95952185077121,True,0,mapped,True,0.0
T088,L,2329,T008,204,-27.677780259571712,-5.700479984283447,3.880288581729728,True,0,mapped,True,0.0
T088,L,2329,T011,270,-27.67778025957172,-5.700479984283447,3.880288581729728,True,0,mapped,False,7.105427357601002e-15
T088,L,2330,T008,205,-40.2597078165395,0.5635673760378842,4.616021372450001,True,0,mapped,True,0.0
T088,L,2331,T008,206,-41.58205549314491,-0.8092795991078041,5.054178824588516,True,0,mapped,True,0.0
T088,L,2332,T008,207,-42.73633726260187,-2.299192294589394,4.673299993316656,True,0,mapped,True,0.0
T088,L,2333,T008,208,-42.95995320780028,-3.977316268409671,4.023446139972826,True,0,mapped,True,0.0
T088,L,2334,T008,209,-42.53555774906178,-5.614830435554975,2.9208982875879426,True,0,mapped,True,0.0
T088,L,2335,T008,210,-41.575182762167046,-6.708359040833857,1.6988330552097877,True,0,mapped,True,0.0
T088,L,2336,T008,211,-39.91990816564096,-7.252111960526889,0.8266592705807774,True,0,mapped,True,0.0
T088,L,2337,T008,212,-37.99206120052342,-6.999750768439775,0.885448398942929,True,0,mapped,True,0.0
T088,L,2338,T008,213,-36.86167934797022,-6.195175527086949,1.853353043741937,True,0,mapped,True,0.0
T088,L,2339,T008,214,-35.62071960907208,-6.074234060475187,2.066682788722857,True,0,mapped,True,0.0
T088,L,2340,T008,215,-34.36521211014853,-6.853875525066964,1.4361875128022168,True,0,mapped,True,0.0
T088,L,2341,T008,216,-32.54366946024498,-7.138030348352116,1.3682006740324333,True,0,mapped,True,0.0
T088,L,2342,T008,217,-30.970687847788653,-6.726701537172923,1.8028467185116963,True,0,mapped,True,0.0
T088,L,2343,T008,218,-29.67598255816874,-6.0307197006711935,2.581802980128568,True,0,mapped,True,0.0
T088,L,2344,T008,219,-28.350120757847492,-5.430224418703527,3.643649447163895,True,0,mapped,True,0.0
T088,L,2344,T011,259,-28.35012075784749,-5.430224418703528,3.643649447163896,True,0,mapped,False,3.76822190084106e-15
T088,L,2345,T008,220,-41.638422663671584,-0.2333293517719181,4.626918792724609,True,0,mapped,True,0.0
T088,L,2346,T008,221,-42.71997950999933,-1.6804762478129334,4.539431362808002,True,0,mapped,True,0.0
T088,L,2347,T008,222,-43.17736578758471,-3.3994631140996647,3.890389833880531,True,0,mapped,True,0.0
T088,L,2348,T008,223,-42.82452862345742,-5.111288065333481,2.8269603560971275,True,0,mapped,True,0.0
T088,L,2349,T008,224,-41.91335755174056,-6.215633297080077,1.520737884986517,True,0,mapped,True,0.0
T088,L,2350,T008,225,-40.3900867167637,-6.880586168838612,0.6432757357433512,True,0,mapped,True,0.0
T088,L,2351,T008,226,-38.40984691087144,-6.730359529707001,0.5390593871081433,True,0,mapped,True,0.0
T088,L,2352,T008,227,-37.19036871675986,-5.9925895859352085,1.4211931527006814,True,0,mapped,True,0.0
T088,L,2353,T008,228,-36.04489064898313,-5.714988430831444,2.028538155528908,True,0,mapped,True,0.0
T088,L,2354,T008,229,-34.94161981403349,-6.352830571557742,1.2266771187683512,True,0,mapped,True,0.0
T088,L,2355,T008,230,-33.17059373937025,-6.927494711184521,0.9811014447405196,True,0,mapped,True,0.0
T088,L,2356,T008,231,-31.667684051421148,-6.534562522735245,1.3750243541080829,True,0,mapped,True,0.0
T088,L,2357,T008,232,-30.33357397941297,-5.814717905001396,2.206166899955218,True,0,mapped,True,0.0
T088,L,2358,T008,233,-29.04804599236893,-5.3004798889160165,3.283771361697302,True,0,mapped,True,0.0
T088,L,2358,T011,247,-29.048045992368927,-5.300479888916016,3.283771361697303,True,0,mapped,False,3.76822190084106e-15
T088,L,2359,T008,234,-42.8045167956799,-1.0623150880276349,4.226918697357178,True,0,mapped,True,0.0
T088,L,2360,T008,235,-43.37088142359645,-2.780948869933705,3.6809348157175146,True,0,mapped,True,0.0
T088,L,2361,T008,236,-43.06888219256508,-4.542780345891884,2.6505122490471478,True,0,mapped,True,0.0
T088,L,2362,T008,237,-42.28317495116046,-5.711386752144545,1.3772182736048553,True,0,mapped,True,0.0
T088,L,2363,T008,238,-40.889440868866686,-6.44962199957302,0.4073126040731036,True,0,mapped,True,0.0
T088,L,2364,T008,239,-38.9961393295671,-6.471900631415142,0.1961344565669728,True,0,mapped,True,0.0
T088,L,2365,T008,240,-37.59377513611462,-5.806738402536294,0.9789677128512182,True,0,mapped,True,0.0
T088,L,2366,T008,241,-36.49754591405791,-5.31042266537883,1.9843187324895828,True,0,mapped,True,0.0
T088,L,2367,T008,242,-35.37856237075832,-5.958692141679196,1.152590703072953,True,0,mapped,True,0.0
T088,L,2368,T008,243,-33.76701141426516,-6.530125942871894,0.5630170046127652,True,0,mapped,True,0.0
T088,L,2369,T008,244,-32.09609526705482,-6.251017044519351,0.9791118135229936,True,0,mapped,True,0.0
T088,L,2370,T008,245,-30.96828635494743,-5.719961281894571,1.7488936382423153,True,0,mapped,True,0.0
T088,L,2371,T008,246,-29.72515805582052,-5.212697571380357,2.863691349766781,True,0,mapped,True,0.0
T088,L,2371,T011,234,-29.72515805582053,-5.212697571380357,2.863691349766782,True,0,mapped,False,1.0695084443661336e-14
T088,L,2372,T008,247,-43.500660768101895,-2.233914860638765,3.493483534899565,True,0,mapped,True,0.0
T088,L,2373,T008,248,-43.40664766973301,-3.86040331256116,2.507817106646435,True,0,mapped,True,0.0
T088,L,2374,T008,249,-42.62987944315525,-5.251614163370066,1.3523884397908317,True,0,mapped,True,0.0
T088,L,2375,T008,250,-41.29368024822493,-6.040570774299399,0.220841876584149,True,0,mapped,True,0.0
T088,L,2376,T008,251,-39.421128687691045,-6.22257428378972,-0.1195154312862367,True,0,mapped,True,0.0
T088,L,2377,T008,252,-37.962518235716665,-5.619633197038576,0.5498166690613611,True,0,mapped,True,0.0
T088,L,2378,T008,253,-37.00355354023306,-4.922482986755067,1.8449709824094696,True,0,mapped,True,0.0
T088,L,2379,T008,254,-35.8239852099807,-5.50671255782907,1.0048753790251528,True,0,mapped,True,0.0
T088,L,2380,T008,255,-34.38553421076537,-6.1553784136103245,0.3060172888888938,True,0,mapped,True,0.0
T088,L,2381,T008,256,-32.65111935982377,-6.1057730993869725,0.5510253993376757,True,0,mapped,True,0.0
T088,L,2382,T008,257,-31.54126031201418,-5.471723859958445,1.3020219502105497,True,0,mapped,True,0.0
T088,L,2383,T008,258,-30.39906131630468,-4.900479793548586,2.518280178974488,True,0,mapped,True,0.0
T088,L,2383,T011,220,-30.39906131630468,-4.900479793548584,2.5182801789744897,True,0,mapped,False,2.5121479338940403e-15
T088,L,2384,T008,259,-43.68250834912479,-3.1987341336472617,2.32866433549786,True,0,mapped,True,0.0
T088,L,2385,T008,260,-42.96201415716314,-4.7033748636971335,1.2661509859952955,True,0,mapped,True,0.0
T088,L,2386,T008,261,-41.70668449137961,-5.652999057279159,0.1452007463089121,True,0,mapped,True,0.0
T088,L,2387,T008,262,-39.94640474924024,-5.813115389557979,-0.47712231889926,True,0,mapped,True,0.0
T088,L,2388,T008,263,-38.34782157863211,-5.245109594286357,0.0883089504365773,True,0,mapped,True,0.0
T088,L,2389,T008,264,-37.551626437370686,-4.518481343108234,1.4350819528861218,True,0,mapped,True,0.0
T088,L,2390,T008,265,-36.20771064632687,-5.018512332631018,0.938329499067142,True,0,mapped,True,0.0
T088,L,2391,T008,266,-34.82580843132117,-5.785878545036176,0.134464608416214,True,0,mapped,True,0.0
T088,L,2392,T008,267,-33.13127116934328,-5.857433139826357,0.0906478214244587,True,0,mapped,True,0.0
T088,L,2393,T008,268,-31.97283477953445,-5.295584232370317,0.9164630258887874,True,0,mapped,True,0.0
T088,L,2394,T008,269,-30.952753350326425,-4.70901344079753,2.0312786105664027,True,0,mapped,True,0.0
T088,L,2394,T011,205,-30.95275335032643,-4.709013440797528,2.0312786105664027,True,0,mapped,False,3.972054645195637e-15
T088,L,2395,T008,270,-43.27421944067134,-4.117459369335796,1.1987561435959528,True,0,mapped,True,0.0
T088,L,2396,T008,271,-42.22666229554149,-5.1373742463434855,0.0234578971549757,True,0,mapped,True,0.0
T088,L,2397,T008,272,-40.52719740447131,-5.442466150395289,-0.7498584172596503,True,0,mapped,True,0.0
T088,L,2398,T008,273,-38.806590230751496,-5.088411979091611,-0.3430077327935766,True,0,mapped,True,0.0
T088,L,2399,T008,274,-37.91191300553238,-4.251388700419453,1.019608633317536,True,0,mapped,True,0.0
T088,L,2400,T008,275,-36.64709133505606,-4.4554713918620426,0.8198756174794112,True,0,mapped,True,0.0
T088,L,2401,T008,276,-35.34567648128377,-5.323246978565074,0.0286855933880097,True,0,mapped,True,0.0
T088,L,2402,T008,277,-33.72504187927405,-5.55582438502702,-0.3231955705487584,True,0,mapped,True,0.0
T088,L,2403,T008,278,-32.41583593669514,-5.100327599151281,0.4690694447994716,True,0,mapped,True,0.0
T088,L,2404,T008,279,-31.441735842461178,-4.407712413349189,1.5952188985617948,True,0,mapped,True,0.0
T088,L,2404,T011,189,-31.44173584246118,-4.40771241334919,1.5952188985617948,True,0,mapped,False,3.66205343881779e-15
T088,L,2405,T008,280,-42.60709176809773,-4.582121353269486,-0.1503895537481094,True,0,mapped,True,0.0
T088,L,2406,T008,281,-41.03978304045181,-5.109823890331514,-0.9523835270748304,True,0,mapped,True,0.0
T088,L,2407,T008,282,-39.157028311280136,-4.89165225991929,-0.8222762426093748,True,0,mapped,True,0.0
T088,L,2408,T008,283,-38.27531907009859,-3.946136020215557,0.4778651331067995,True,0,mapped,True,0.0
T088,L,2409,T008,284,-37.16093202619335,-3.83066847426326,0.7510506684498952,True,0,mapped,True,0.0
T088,L,2410,T008,285,-35.9403134271161,-4.73967167725797,-0.0363801783761444,True,0,mapped,True,0.0
T088,L,2411,T008,286,-34.27866986491792,-5.146572186871258,-0.7407165526580072,True,0,mapped,True,0.0
T088,L,2412,T008,287,-32.78638258419983,-4.891984441075908,-0.0278984801771999,True,0,mapped,True,0.0
T088,L,2413,T008,288,-31.97889723526083,-4.174602679336028,1.0428237132975762,True,0,mapped,True,0.0
T088,L,2413,T011,172,-31.978897235260828,-4.174602679336028,1.0428237132975782,True,0,mapped,False,4.076197102228689e-15
T088,L,2414,T008,289,-41.51169469687141,-4.700479984283447,-1.201483899981005,True,0,mapped,True,0.0
T088,L,2415,T008,290,-39.54330466451831,-4.658160152690057,-1.231207550564297,True,0,mapped,True,0.0
T088,L,2416,T008,291,-38.61315666653447,-3.644102303050392,-0.1245502143247156,True,0,mapped,True,0.0
T088,L,2417,T008,292,-37.54547657202792,-3.343683102355669,0.6481232924972262,True,0,mapped,True,0.0
T088,L,2418,T008,293,-36.34999560741987,-4.162110636208071,-0.341391131166063,True,0,mapped,True,0.0
T088,L,2419,T008,294,-34.81136286558363,-4.811247735702206,-0.9896094803898212,True,0,mapped,True,0.0
T088,L,2420,T008,295,-33.33432616731617,-4.560343396580339,-0.574023649044122,True,0,mapped,True,0.0
T088,L,2421,T008,296,-32.47557257122044,-3.976698248320812,0.47263825167036,True,0,mapped,True,0.0
T088,L,2421,T011,154,-32.47557257122044,-3.9766982483208095,0.4726382516703605,True,0,mapped,False,2.7109682159298164e-15
T088,L,2422,T008,297,-40.0850526264329,-4.407769159974092,-1.68314699189587,True,0,mapped,True,0.0
T088,L,2423,T008,298,-38.88178249254051,-3.4506969663080245,-0.6061349920726913,True,0,mapped,True,0.0
T088,L,2424,T008,299,-38.00571222360247,-2.8110182867732587,0.4383230338309908,True,0,mapped,True,0.0
T088,L,2425,T008,300,-36.81616800230945,-3.550231696955126,-0.5296010655712078,True,0,mapped,True,0.0
T088,L,2426,T008,301,-35.23660231717356,-4.29632781997105,-1.3383240914191683,True,0,mapped,True,0.0
T088,L,2427,T008,302,-33.83170604212419,-4.132682932632182,-1.134346388753723,True,0,mapped,True,0.0
T088,L,2428,T008,303,-32.914091938738714,-3.718159766506212,-0.1358015218080507,True,0,mapped,True,0.0
T088,L,2428,T011,135,-32.91409193873871,-3.718159766506212,-0.135801521808051,True,0,mapped,False,7.11198375584851e-15
T088,L,2429,T008,304,-39.194801330566406,-3.324243467673236,-1.2043822330985336,True,0,mapped,True,0.0
T088,L,2430,T008,305,-38.588858540712,-2.392227442245682,0.295408986083255,True,0,mapped,True,0.0
T088,L,2431,T008,306,-37.27455569385736,-3.04083631063826,-0.6422940635725657,True,0,mapped,True,0.0
T088,L,2432,T008,307,-35.89162342374683,-3.7550421559267697,-1.527788363973157,True,0,mapped,True,0.0
T088,L,2433,T008,308,-34.26831770209831,-3.761535411506919,-1.6180475983465985,True,0,mapped,True,0.0
T088,L,2434,T008,309,-33.27924398515453,-3.2542279424520903,-0.6193335407987617,True,0,mapped,True,0.0
T088,L,2434,T011,115,-33.27924398515452,-3.254227942452088,-0.6193335407987598,True,0,mapped,False,7.679822824578358e-15
T088,L,2435,T008,310,-39.01160404814164,-2.198620721284671,-0.0907371135534079,True,0,mapped,True,0.0
T088,L,2436,T008,311,-37.66469644490172,-2.496387844692761,-0.8811279258139387,True,0,mapped,True,0.0
T088,L,2437,T008,312,-36.42297060335624,-3.21765396372604,-1.7157847213407051,True,0,mapped,True,0.0
T088,L,2438,T008,313,-34.78251336880364,-3.406569350732686,-2.0688615997368203,True,0,mapped,True,0.0
T088,L,2439,T008,314,-33.59765459036811,-2.8951922150568867,-1.2213310374029456,True,0,mapped,True,0.0
T088,L,2439,T011,94,-33.59765459036811,-2.895192215056885,-1.2213310374029431,True,0,mapped,False,3.0201331455116262e-15
T088,L,2440,T008,315,-38.15899207183053,-1.8859192028588452,-1.031501305488842,True,0,mapped,True,0.0
T088,L,2441,T008,316,-36.87657812183073,-2.64077007955766,-1.99184362010355,True,0,mapped,True,0.0
T088,L,2442,T008,317,-35.20720796539758,-2.966170953208328,-2.4503913029357127,True,0,mapped,True,0.0
T088,L,2443,T008,318,-33.944424459366154,-2.5004799365997328,-1.7763151943481563,True,0,mapped,True,0.0
T088,L,2443,T011,72,-33.944424459366154,-2.5004799365997314,-1.776315194348156,True,0,mapped,False,1.3506446028928519e-15
T088,L,2444,T008,319,-37.30691069768889,-1.900479912757873,-2.391299282895102,True,0,mapped,True,0.0
T088,L,2445,T008,320,-35.70053691622219,-2.4884592720390053,-2.891298401743668,True,0,mapped,True,0.0
T088,L,2446,T008,321,-34.386065984567736,-2.3004798889160165,-2.414081169249721,True,0,mapped,True,0.0
T088,L,2446,T011,49,-34.38606598456773,-2.300479888916016,-2.4140811692497204,True,0,mapped,False,7.133128933837889e-15
T088,L,2447,T008,322,-36.04677904093468,-1.900479912757873,-3.302564918727519,True,0,mapped,True,0.0
T088,L,2448,T008,323,-34.59480285644531,-1.6983554625710462,-2.915792159413082,True,0,mapped,True,0.0
T088,L,2448,T011,25,-34.594802856445305,-1.698355462571042,-2.915792159413081,True,0,mapped,False,8.31111502828681e-15
T088,L,2449,T009,1,-23.161360697563477,8.223902372631676,6.260359489818386,True,0,mapped,True,0.0
T088,L,2449,T010,1,-23.16136069756348,8.223902372631676,6.260359489818386,True,0,mapped,False,3.552713678800501e-15
T088,L,2450,T009,2,-22.646372323808222,8.099520683288574,6.952435264930301,True,0,mapped,True,0.0
T088,L,2450,T010,2,-22.646372323808222,8.099520683288574,6.952435264930301,True,0,mapped,False,0.0
T088,L,2451,T009,3,-22.198551211305592,8.099520683288574,7.737534788562347,True,0,mapped,True,0.0
T088,L,2451,T010,3,-22.198551211305592,8.099520683288574,7.737534788562346,True,0,mapped,False,8.881784197001252e-16
T088,L,2452,T009,4,-21.814149101008105,8.099520683288574,8.545972739798675,True,0,mapped,True,0.0
T088,L,2452,T010,4,-21.814149101008105,8.099520683288574,8.545972739798675,True,0,mapped,False,0.0
T088,L,2453,T009,5,-21.329469093430998,8.09933125096083,9.294353138203782,True,0,mapped,True,0.0
T088,L,2453,T010,5,-21.329469093430998,8.09933125096083,9.294353138203784,True,0,mapped,False,1.7763568394002505e-15
T088,L,2454,T009,6,-20.60083439509013,8.099520683288574,9.826740721127411,True,0,mapped,True,0.0
T088,L,2454,T010,6,-20.60083439509013,8.099520683288574,9.82674072112741,True,0,mapped,False,1.7763568394002505e-15
T088,L,2455,T009,7,-19.79741348203441,8.09862840627915,10.226226690745364,True,0,mapped,True,0.0
T088,L,2455,T010,7,-19.79741348203441,8.09862840627915,10.226226690745364,True,0,mapped,False,0.0
T088,L,2456,T009,8,-19.176694550972776,7.687792199519036,10.68554750169524,True,0,mapped,True,0.0
T088,L,2456,T010,8,-19.176694550972776,7.687792199519036,10.68554750169524,True,0,mapped,False,0.0
T088,L,2457,T009,9,-18.502567046201264,7.288035612485526,11.035869931559414,True,0,mapped,True,0.0
T088,L,2457,T010,9,-18.502567046201264,7.288035612485526,11.035869931559416,True,0,mapped,False,1.7763568394002505e-15
T088,L,2458,T009,10,-18.064102947627116,6.715522191372164,11.41535202082216,True,0,mapped,True,0.0
T088,L,2458,T010,10,-18.064102947627116,6.715522191372164,11.41535202082216,True,0,mapped,False,0.0
T088,L,2459,T009,11,-17.467546003447524,6.204787353229483,11.675933357768752,True,0,mapped,True,0.0
T088,L,2459,T010,11,-17.467546003447524,6.204787353229483,11.675933357768752,True,0,mapped,False,0.0
T088,L,2460,T009,12,-17.01195348295531,5.516671391581419,11.935571104816162,True,0,mapped,True,0.0
T088,L,2460,T010,12,-17.011953482955313,5.5166713915814185,11.935571104816162,True,0,mapped,False,3.66205343881779e-15
T088,L,2461,T009,13,-16.517433974680465,4.946430919014668,12.205642736625489,True,0,mapped,True,0.0
T088,L,2461,T010,13,-16.517433974680465,4.946430919014668,12.205642736625489,True,0,mapped,False,0.0
T088,L,2462,T009,14,-16.003809481328588,4.264413235542278,12.411907689037848,True,0,mapped,True,0.0
T088,L,2462,T010,14,-16.003809481328588,4.264413235542278,12.411907689037845,True,0,mapped,False,3.552713678800501e-15
T088,L,2463,T009,15,-15.656203554116406,3.560921953164258,12.72929154149602,True,0,mapped,True,0.0
T088,L,2463,T010,15,-15.656203554116406,3.5609219531642577,12.72929154149602,True,0,mapped,False,4.440892098500626e-16
T088,L,2464,T009,16,-15.219798604495429,2.852233981130404,12.952325032361788,True,0,mapped,True,0.0
T088,L,2464,T010,16,-15.219798604495429,2.852233981130404,12.952325032361788,True,0,mapped,False,0.0
T088,L,2465,T009,17,-14.794801712036133,2.1189967713954547,13.238732182286189,True,0,mapped,True,0.0
T088,L,2465,T010,17,-14.794801712036133,2.1189967713954547,13.238732182286183,True,0,mapped,False,5.329070518200751e-15
T088,L,2466,T009,18,-14.194801330566406,1.481136250558745,13.39654803835092,True,0,mapped,True,0.0
T088,L,2466,T010,18,-14.194801330566406,1.481136250558745,13.39654803835092,True,0,mapped,False,0.0
T088,L,2467,T009,19,-13.794801712036133,0.7516197209656756,13.621241612522198,True,0,mapped,True,0.0
T088,L,2467,T010,19,-13.794801712036133,0.7516197209656755,13.621241612522196,True,0,mapped,False,1.7798229048217483e-15
T088,L,2468,T009,20,-13.117271871347612,0.2995201051235199,13.741557029823468,True,0,mapped,True,0.0
T088,L,2468,T010,20,-13.117271871347612,0.2995201051235199,13.741557029823468,True,0,mapped,False,0.0
T088,L,2469,T009,21,-12.262775917268756,0.1252470895144222,13.84218886781948,True,0,mapped,True,0.0
T088,L,2469,T010,21,-12.262775917268756,0.1252470895144222,13.842188867819482,True,0,mapped,False,1.7763568394002505e-15
T088,L,2470,T009,22,-11.367492012185108,0.0995201095938682,13.945303025648462,True,0,mapped,True,0.0
T088,L,2470,T010,22,-11.367492012185108,0.0995201095938682,13.945303025648462,True,0,mapped,False,0.0
T088,L,2471,T009,23,-10.677222216836707,-0.4180589285787146,13.912979796234302,True,0,mapped,True,0.0
T088,L,2471,T010,23,-10.677222216836707,-0.4180589285787146,13.912979796234303,True,0,mapped,False,1.7763568394002505e-15
T088,L,2472,T009,24,-10.394801139831545,-1.1004799604415894,13.772988319396973,True,0,mapped,False,0.0
T088,L,2472,T010,24,-10.394801139831545,-1.1004799604415894,13.772988319396973,True,0,mapped,False,0.0
T088,L,2472,T011,24,-10.394801139831545,-1.1004799604415894,13.772988319396973,True,-1,landmark_vertex,True,0.0
T088,L,2472,T012,24,-10.394801139831545,-1.1004799604415894,13.772988319396973,True,0,mapped,False,0.0
T088,L,2472,T013,24,-10.394801139831545,-1.1004799604415894,13.772988319396973,True,0,mapped,False,0.0
T088,L,2472,T015,24,-10.394801139831545,-1.1004799604415894,13.772988319396973,True,0,mapped,False,0.0
T088,L,2473,T009,26,-23.887079837593504,7.75700811727424,6.359873126132285,True,0,mapped,True,0.0
T088,L,2474,T009,27,-23.458156902195245,7.671791026495085,6.985031914190852,True,0,mapped,True,0.0
T088,L,2475,T009,28,-23.06692657379389,7.602925636467613,7.722290759558554,True,0,mapped,True,0.0
T088,L,2476,T009,29,-22.74154039660243,7.5775765161404065,8.459732251133316,True,0,mapped,True,0.0
T088,L,2477,T009,30,-22.25004699319942,7.522770958325847,9.183618312572094,True,0,mapped,True,0.0
T088,L,2478,T009,31,-21.61660836976484,7.500518781383831,9.925381219295785,True,0,mapped,True,0.0
T088,L,2479,T009,32,-20.977141946635825,7.335703341498119,10.575960052258177,True,0,mapped,True,0.0
T088,L,2480,T009,33,-20.57511698687014,6.973532688397913,11.17543413826576,True,0,mapped,True,0.0
T088,L,2481,T009,34,-19.917826935948348,6.592882279681644,11.59966809365453,True,0,mapped,True,0.0
T088,L,2482,T009,35,-19.22403923418573,6.052981706558923,12.06250520556932,True,0,mapped,True,0.0
T088,L,2483,T009,36,-18.59598538937474,5.546893613655986,12.32685509980012,True,0,mapped,True,0.0
T088,L,2484,T009,37,-18.1253114399404,4.992227287313253,12.568905380363065,True,0,mapped,True,0.0
T088,L,2485,T009,38,-17.62140651512874,4.366436929634084,12.778583948195733,True,0,mapped,True,0.0
T088,L,2486,T009,39,-17.143162005093863,3.659662896822169,13.014880601867528,True,0,mapped,True,0.0
T088,L,2487,T009,40,-16.568255359867777,2.964622162295924,13.217793028116173,True,0,mapped,True,0.0
T088,L,2488,T009,41,-15.971385103295678,2.2510007630806497,13.352984859789004,True,0,mapped,True,0.0
T088,L,2489,T009,42,-15.450858739599177,1.520129042604955,13.549092099553334,True,0,mapped,True,0.0
T088,L,2490,T009,43,-14.952849474451412,0.8767243376985405,13.664464699266231,True,0,mapped,True,0.0
T088,L,2491,T009,44,-14.255203643675229,0.1931303724203262,13.74769308023928,True,0,mapped,True,0.0
T088,L,2492,T009,45,-13.689181618748416,-0.334630301929866,13.81252519606403,True,0,mapped,True,0.0
T088,L,2493,T009,46,-13.05885640969402,-0.6904028071527335,13.858911188677794,True,0,mapped,True,0.0
T088,L,2494,T009,47,-12.377034630206746,-1.1482507369921109,13.916620619110333,True,0,mapped,True,0.0
T088,L,2495,T009,48,-11.499405780575293,-1.8425702864497184,13.826918601989746,True,0,mapped,True,0.0
T088,L,2495,T011,23,-11.499405780575293,-1.8425702864497195,13.826918601989746,True,0,mapped,False,1.1102230246251565e-15
T088,L,2496,T009,50,-24.61767575443741,7.332987220377597,6.265773205771717,True,0,mapped,True,0.0
T088,L,2497,T009,51,-24.144268632649915,7.155276243678836,6.8955246878238885,True,0,mapped,True,0.0
T088,L,2498,T009,52,-23.816448463109158,7.118237333905243,7.627113197059271,True,0,mapped,True,0.0
T088,L,2499,T009,53,-23.488505052526136,7.102090386262521,8.286973244936183,True,0,mapped,True,0.0
T088,L,2500,T009,54,-23.135245431658973,7.0235959029817945,9.068508022792988,True,0,mapped,True,0.0
T088,L,2501,T009,55,-22.70422891785029,6.880258847742964,9.77374132345425,True,0,mapped,True,0.0
T088,L,2502,T009,56,-22.058106768807484,6.701365266703542,10.627614931110502,True,0,mapped,True,0.0
T088,L,2503,T009,57,-21.579206650789978,6.408797379650695,11.309098202332134,True,0,mapped,True,0.0
T088,L,2504,T009,58,-21.098500484407403,5.957892568239463,11.876690013060164,True,0,mapped,True,0.0
T088,L,2505,T009,59,-20.45133619042563,5.480693915142911,12.331907615308404,True,0,mapped,True,0.0
T088,L,2506,T009,60,-19.76711884354928,4.9771573411681285,12.78202044736737,True,0,mapped,True,0.0
T088,L,2507,T009,61,-19.22615432093083,4.34488340633075,13.100715827440911,True,0,mapped,True,0.0
T088,L,2508,T009,62,-18.658133614058347,3.701306085049312,13.317141929616646,True,0,mapped,True,0.0
T088,L,2509,T009,63,-18.01531829846424,3.023083130182533,13.522555516944673,True,0,mapped,True,0.0
T088,L,2510,T009,64,-17.445614785612584,2.2919602086491264,13.665717163877275,True,0,mapped,True,0.0
T088,L,2511,T009,65,-16.80901658931048,1.561956283252199,13.788630979103711,True,0,mapped,True,0.0
T088,L,2512,T009,66,-16.138371996346965,0.8673892725348568,13.833640874320544,True,0,mapped,True,0.0
T088,L,2513,T009,67,-15.384650833722908,0.2785574214741801,13.830323761995738,True,0,mapped,True,0.0
T088,L,2514,T009,68,-14.757341366185493,-0.3568568643918194,13.78813470291967,True,0,mapped,True,0.0
T088,L,2515,T009,69,-14.331269843267073,-0.8269049427127593,13.803344832289966,True,0,mapped,True,0.0
T088,L,2516,T009,70,-13.696212565175816,-1.3575802189238937,13.83319604120918,True,0,mapped,True,0.0
T088,L,2517,T009,71,-12.891655958647554,-1.9004799127578729,13.768943446450008,True,0,mapped,True,0.0
T088,L,2517,T011,22,-12.891655958647544,-1.900479912757873,13.76894344645001,True,0,mapped,False,1.0807438076588089e-14
T088,L,2518,T009,73,-25.305623639616755,6.862226978514828,6.259172547536187,True,0,mapped,True,0.0
T088,L,2519,T009,74,-24.865367970573367,6.62434077651593,6.795762214683453,True,0,mapped,True,0.0
T088,L,2520,T009,75,-24.546400505246364,6.496373457138662,7.406115774925789,True,0,mapped,True,0.0
T088,L,2521,T009,76,-24.28010827169965,6.421356014821711,8.157214583213092,True,0,mapped,True,0.0
T088,L,2522,T009,77,-24.00008442107245,6.35990152130198,8.834967191731696,True,0,mapped,True,0.0
T088,L,2523,T009,78,-23.69744973572734,6.239164092591475,9.54521859589724,True,0,mapped,True,0.0
T088,L,2524,T009,79,-23.14842944242414,6.075626073029447,10.454454589025776,True,0,mapped,True,0.0
T088,L,2525,T009,80,-22.547625853682,5.70942728064366,11.317563054487785,True,0,mapped,True,0.0
T088,L,2526,T009,81,-22.12539164888808,5.26462943632871,11.90475119944458,True,0,mapped,True,0.0
T088,L,2527,T009,82,-21.60360656558182,4.939858048067522,12.404415834753577,True,0,mapped,True,0.0
T088,L,2528,T009,83,-20.88597444223649,4.347157511604526,12.97403978569486,True,0,mapped,True,0.0
T088,L,2529,T009,84,-20.308059515956703,3.6504143392624178,13.393025558395216,True,0,mapped,True,0.0
T088,L,2530,T009,85,-19.59111206162204,3.073363809757688,13.679954099838378,True,0,mapped,True,0.0
T088,L,2531,T009,86,-18.97598268260005,2.425041972650956,13.89495927430335,True,0,mapped,True,0.0
T088,L,2532,T009,87,-18.29277592838517,1.6038669075828094,14.040433206574544,True,0,mapped,True,0.0
T088,L,2533,T009,88,-17.48453136591042,0.8100263188576311,14.10382153198356,True,0,mapped,True,0.0
T088,L,2534,T009,89,-16.607773197468358,0.1325185259512065,14.064597376612628,True,0,mapped,True,0.0
T088,L,2535,T009,90,-15.997247209920328,-0.4079533655005299,13.9484002668513,True,0,mapped,True,0.0
T088,L,2536,T009,91,-15.569497522717407,-0.9796723311344876,13.88980589743715,True,0,mapped,True,0.0
T088,L,2537,T009,92,-14.963360920348885,-1.4020552749914237,13.772043315329029,True,0,mapped,True,0.0
T088,L,2538,T009,93,-14.288422322972773,-1.900479912757873,13.682450648869947,True,0,mapped,True,0.0
T088,L,2538,T011,21,-14.288422322972764,-1.900479912757873,13.682450648869947,True,0,mapped,False,8.881784197001252e-15
T088,L,2539,T009,95,-25.969010097218412,6.470189138458636,6.224418065079259,True,0,mapped,True,0.0
T088,L,2540,T009,96,-25.658662977059063,6.053336992502872,6.625154202638599,True,0,mapped,True,0.0
T088,L,2541,T009,97,-25.2159369218828,5.890406644016081,7.288549376134497,True,0,mapped,True,0.0
T088,L,2542,T009,98,-25.03302059530971,5.734062082358084,7.912686323623228,True,0,mapped,True,0.0
T088,L,2543,T009,99,-24.82012217259153,5.624487791599083,8.598462566268653,True,0,mapped,True,0.0
T088,L,2544,T009,100,-24.515865572970597,5.4682596299737725,9.418871598899983,True,0,mapped,True,0.0
T088,L,2545,T009,101,-24.16916263501826,5.054641394917535,10.31297018640322,True,0,mapped,True,0.0
T088,L,2546,T009,102,-23.56408652441201,4.679695836055198,11.267430438422236,True,0,mapped,True,0.0
T088,L,2547,T009,103,-23.176105892827422,4.327290973201497,11.846190648724804,True,0,mapped,True,0.0
T088,L,2548,T009,104,-22.53833078386443,4.034920407575246,12.462312765515437,True,0,mapped,True,0.0
T088,L,2549,T009,105,-21.97277936518941,3.5233085650775644,12.995623188182057,True,0,mapped,True,0.0
T088,L,2550,T009,106,-21.24736806978853,2.7873793924866908,13.527370045004924,True,0,mapped,True,0.0
T088,L,2551,T009,107,-20.552043331968253,2.2423978156479056,13.84917497999012,True,0,mapped,True,0.0
T088,L,2552,T009,108,-19.786428679931326,1.625918487277795,14.07776012447887,True,0,mapped,True,0.0
T088,L,2553,T009,109,-18.980315656131477,0.8906501162941638,14.210952600445552,True,0,mapped,True,0.0
T088,L,2554,T009,110,-18.146278959462546,-0.1460723322051767,14.221364966342712,True,0,mapped,True,0.0
T088,L,2555,T009,111,-17.45204645159269,-0.682941691626855,14.12358010334245,True,0,mapped,True,0.0
T088,L,2556,T009,112,-16.88150046955454,-1.274734048250688,13.96212356254684,True,0,mapped,True,0.0
T088,L,2557,T009,113,-16.2502514956022,-1.6978598712056412,13.775204432924754,True,0,mapped,True,0.0
T088,L,2558,T009,114,-15.6539102638661,-2.0568678123712014,13.62691879272461,True,0,mapped,True,0.0
T088,L,2558,T011,20,-15.6539102638661,-2.0568678123712028,13.62691879272461,True,0,mapped,False,1.3322676295501878e-15
T088,L,2559,T009,116,-26.84113138984309,6.150274736973175,6.23218662065862,True,0,mapped,True,0.0
T088,L,2560,T009,117,-26.30626887822215,5.61931372857825,6.585081478860625,True,0,mapped,True,0.0
T088,L,2561,T009,118,-25.822931166621565,5.296319111842076,7.194704053879745,True,0,mapped,True,0.0
T088,L,2562,T009,119,-25.610704822912076,5.112827890432001,7.829447478144487,True,0,mapped,True,0.0
T088,L,2563,T009,120,-25.442600376086816,4.92784675379908,8.460449586814924,True,0,mapped,True,0.0
T088,L,2564,T009,121,-25.253811802959856,4.601047759699576,9.256835746775074,True,0,mapped,True,0.0
T088,L,2565,T009,122,-24.94778090875933,4.288467348683201,10.035781180122669,True,0,mapped,True,0.0
T088,L,2566,T009,123,-24.50591653207609,3.8634384522972303,10.89956431629003,True,0,mapped,True,0.0
T088,L,2567,T009,124,-23.972798382983814,3.5340240966671392,11.657930698182994,True,0,mapped,True,0.0
T088,L,2568,T009,125,-23.444756362985714,3.184359783065982,12.266694873965822,True,0,mapped,True,0.0
T088,L,2569,T009,126,-22.84515663772369,2.639251926989335,12.88794054184427,True,0,mapped,True,0.0
T088,L,2570,T009,127,-22.192100056774223,1.9532597631878856,13.43135880415367,True,0,mapped,True,0.0
T088,L,2571,T009,128,-21.52331044721169,1.3131500514372818,13.760471331347926,True,0,mapped,True,0.0
T088,L,2572,T009,129,-20.83262169155372,0.7164875272803437,14.025989270198858,True,0,mapped,True,0.0
T088,L,2573,T009,130,-19.9053486798119,-0.1378765482866603,14.092259433045292,True,0,mapped,True,0.0
T088,L,2574,T009,131,-18.897982320972787,-0.9978746966525264,14.10568772639909,True,0,mapped,True,0.0
T088,L,2575,T009,132,-18.32803598079215,-1.6600825654141431,13.864005680832994,True,0,mapped,True,0.0
T088,L,2576,T009,133,-17.61282544016906,-2.1298699806248638,13.633340989226014,True,0,mapped,True,0.0
T088,L,2577,T009,134,-16.86286455260157,-2.559881005358817,13.320548946349597,True,0,mapped,True,0.0
T088,L,2577,T011,19,-16.86286455260157,-2.55988100535882,13.320548946349597,True,0,mapped,False,3.1086244689504383e-15
T088,L,2578,T009,136,-27.60869394058284,5.869566166980332,6.371370647563322,True,0,mapped,True,0.0
T088,L,2579,T009,137,-27.170166930161628,5.345521881056219,6.551796705200464,True,0,mapped,True,0.0
T088,L,2580,T009,138,-26.649172364392967,4.850960877171763,6.978718190399614,True,0,mapped,True,0.0
T088,L,2581,T009,139,-26.36168964503995,4.522433998422837,7.540228878757248,True,0,mapped,True,0.0
T088,L,2582,T009,140,-26.078024519418165,4.270132411170756,8.281482784926098,True,0,mapped,True,0.0
T088,L,2583,T009,141,-25.88468514212557,3.917340804013852,9.030922318787349,True,0,mapped,True,0.0
T088,L,2584,T009,142,-25.521656026419212,3.5471088399074127,9.86350765763019,True,0,mapped,True,0.0
T088,L,2585,T009,143,-24.978391906422523,3.246999188210429,10.71080392770051,True,0,mapped,True,0.0
T088,L,2586,T009,144,-24.652641138059792,2.840001972181854,11.33421757590862,True,0,mapped,True,0.0
T088,L,2587,T009,145,-24.09122478596548,2.3614672328951496,12.069106170920495,True,0,mapped,True,0.0
T088,L,2588,T009,146,-23.535386287153777,1.7880922310918286,12.645038634737489,True,0,mapped,True,0.0
T088,L,2589,T009,147,-22.890619511140656,1.1362042671070232,13.136684695102264,True,0,mapped,True,0.0
T088,L,2590,T009,148,-22.237044380199016,0.4745263269976412,13.45256086087879,True,0,mapped,True,0.0
T088,L,2591,T009,149,-21.463524886474,-0.194488039271315,13.739988163115669,True,0,mapped,True,0.0
T088,L,2592,T009,150,-20.49541143847106,-0.9296786813109652,13.8719894943258,True,0,mapped,True,0.0
T088,L,2593,T009,151,-19.82347989243461,-1.719063328234948,13.637065791493148,True,0,mapped,True,0.0
T088,L,2594,T009,152,-19.06340850001948,-2.276861830029362,13.327251405160602,True,0,mapped,True,0.0
T088,L,2595,T009,153,-18.147469018836706,-2.7004799842834477,13.030536502539215,True,0,mapped,True,0.0
T088,L,2595,T011,18,-18.147469018836706,-2.7004799842834477,13.030536502539215,True,0,mapped,False,0.0
T088,L,2596,T009,155,-28.429843626230493,5.761708110039785,6.451057015793593,True,0,mapped,True,0.0
T088,L,2597,T009,156,-27.938307789718856,5.050211126308845,6.606297419690847,True,0,mapped,True,0.0
T088,L,2598,T009,157,-27.473156053368783,4.51593650884744,6.897361143531336,True,0,mapped,True,0.0
T088,L,2599,T009,158,-26.98768181397481,4.074891829722961,7.416177821851309,True,0,mapped,True,0.0
T088,L,2600,T009,159,-26.705820099653195,3.701133618283128,8.061186610419485,True,0,mapped,True,0.0
T088,L,2601,T009,160,-26.364323795182464,3.274681497525221,8.910134900523667,True,0,mapped,True,0.0
T088,L,2602,T009,161,-26.002768952752547,2.9639635792099552,9.654224071316865,True,0,mapped,True,0.0
T088,L,2603,T009,162,-25.57522565187759,2.621323293727189,10.380474083809334,True,0,mapped,True,0.0
T088,L,2604,T009,163,-25.15368821746807,2.1977887448733666,11.08560258117273,True,0,mapped,True,0.0
T088,L,2605,T009,164,-24.705838889588023,1.7380889698307986,11.714824410134828,True,0,mapped,True,0.0
T088,L,2606,T009,165,-24.236168628828707,1.0306088490475067,12.266228779647786,True,0,mapped,True,0.0
T088,L,2607,T009,166,-23.580824952143256,0.335644333359246,12.726388718840616,True,0,mapped,True,0.0
T088,L,2608,T009,167,-22.82403588889733,-0.287901007886965,13.00161572843584,True,0,mapped,True,0.0
T088,L,2609,T009,168,-22.0999513862052,-1.0671344690108926,13.208940935643806,True,0,mapped,True,0.0
T088,L,2610,T009,169,-21.21988616435904,-1.752378579509699,13.22270443315779,True,0,mapped,True,0.0
T088,L,2611,T009,170,-20.389275782927207,-2.272802759371477,12.93562561000642,True,0,mapped,True,0.0
T088,L,2612,T009,171,-19.44481406315796,-2.7004799842834464,12.52660765191379,True,0,mapped,True,0.0
T088,L,2612,T011,17,-19.44481406315796,-2.7004799842834477,12.526607651913787,True,0,mapped,False,3.794299872214038e-15
T088,L,2613,T009,173,-29.29110468464858,5.408865955455006,6.492063261525134,True,0,mapped,True,0.0
T088,L,2614,T009,174,-28.822337913935677,4.775192571414697,6.618472768108789,True,0,mapped,True,0.0
T088,L,2615,T009,175,-28.27723201534488,4.197540881816761,6.869123061435559,True,0,mapped,True,0.0
T088,L,2616,T009,176,-27.773055380582303,3.492820349611566,7.377618686968644,True,0,mapped,True,0.0
T088,L,2617,T009,177,-27.37046206149484,3.195647338767637,7.835182279327101,True,0,mapped,True,0.0
T088,L,2618,T009,178,-26.918725572944624,2.778979577332521,8.641021470687654,True,0,mapped,True,0.0
T088,L,2619,T009,179,-26.49015996561748,2.294204509653671,9.43708031320594,True,0,mapped,True,0.0
T088,L,2620,T009,180,-26.12700820345548,1.8502337174076784,10.08372858414554,True,0,mapped,True,0.0
T088,L,2621,T009,181,-25.706650270068877,1.454334861669463,10.728356069879377,True,0,mapped,True,0.0
T088,L,2622,T009,182,-25.34187323330444,0.8706231286044723,11.253811461584103,True,0,mapped,True,0.0
T088,L,2623,T009,183,-24.783080868876603,0.1980378779504095,11.902975762842251,True,0,mapped,True,0.0
T088,L,2624,T009,184,-24.176789718272072,-0.4089804986410671,12.234655229713416,True,0,mapped,True,0.0
T088,L,2625,T009,185,-23.4681993415633,-1.0697917554502991,12.47668459585907,True,0,mapped,True,0.0
T088,L,2626,T009,186,-22.573849796127416,-1.775876805460818,12.55352375620452,True,0,mapped,True,0.0
T088,L,2627,T009,187,-21.78250641285911,-2.271942334251876,12.464070023469272,True,0,mapped,True,0.0
T088,L,2628,T009,188,-20.801361972439786,-2.700479984283447,12.18978359391101,True,0,mapped,True,0.0
T088,L,2628,T011,16,-20.801361972439786,-2.7004799842834477,12.189783593911008,True,0,mapped,False,1.9860273225978185e-15
T088,L,2629,T009,190,-30.093064213257183,4.950754713662831,6.3505482469808445,True,0,mapped,True,0.0
T088,L,2630,T009,191,-29.69681458063892,4.261827426286126,6.485986926545208,True,0,mapped,True,0.0
T088,L,2631,T009,192,-29.168386063651496,3.694175408300442,6.751826694840688,True,0,mapped,True,0.0
T088,L,2632,T009,193,-28.60248012371036,3.157328526625425,7.167608306639549,True,0,mapped,True,0.0
T088,L,2633,T009,194,-28.082635845035377,2.649852336804616,7.670163755531101,True,0,mapped,True,0.0
T088,L,2634,T009,195,-27.559968249148955,2.311950334732598,8.26983671733082,True,0,mapped,True,0.0
T088,L,2635,T009,196,-27.08554709029203,1.8380355474714003,9.056263684483504,True,0,mapped,True,0.0
T088,L,2636,T009,197,-26.678624603195647,1.2202789915704797,9.707415136092088,True,0,mapped,True,0.0
T088,L,2637,T009,198,-26.253153322468748,0.5982806711730879,10.252101568048325,True,0,mapped,True,0.0
T088,L,2638,T009,199,-25.79031871237193,0.0088026972928764,10.859228364610862,True,0,mapped,True,0.0
T088,L,2639,T009,200,-25.369718546606016,-0.7028663583185626,11.34466347622032,True,0,mapped,True,0.0
T088,L,2640,T009,201,-24.725931523882775,-1.159259759906741,11.72015489104125,True,0,mapped,True,0.0
T088,L,2641,T009,202,-23.84859209886831,-1.7413307497059156,11.97192969890595,True,0,mapped,True,0.0
T088,L,2642,T009,203,-23.05240934782856,-2.268365140253797,11.916634763777536,True,0,mapped,True,0.0
T088,L,2643,T009,204,-22.121627109673884,-2.7004799842834477,11.749598540465534,True,0,mapped,True,0.0
T088,L,2643,T011,15,-22.12162710967388,-2.7004799842834477,11.749598540465536,True,0,mapped,False,3.972054645195637e-15
T088,L,2644,T009,206,-30.84415379554552,4.572278977538573,6.013122663542589,True,0,mapped,True,0.0
T088,L,2645,T009,207,-30.44561409500234,3.823403924259242,6.24752226348239,True,0,mapped,True,0.0
T088,L,2646,T009,208,-29.917173123871905,3.246398478777789,6.531195131744395,True,0,mapped,True,0.0
T088,L,2647,T009,209,-29.329840982140816,2.6112021283211555,6.992053404920501,True,0,mapped,True,0.0
T088,L,2648,T009,210,-28.843660040454672,2.135469642016199,7.451163991414887,True,0,mapped,True,0.0
T088,L,2649,T009,211,-28.30833270590769,1.6985616819451874,7.984225975934695,True,0,mapped,True,0.0
T088,L,2650,T009,212,-27.78225295815464,1.235452527305157,8.62403532672026,True,0,mapped,True,0.0
T088,L,2651,T009,213,-27.25391155367832,0.7156542987461338,9.294779836960464,True,0,mapped,True,0.0
T088,L,2652,T009,214,-26.69988508989956,-0.0915062741569385,9.826837082508211,True,0,mapped,True,0.0
T088,L,2653,T009,215,-26.172909778281262,-0.735672754142662,10.31785486727908,True,0,mapped,True,0.0
T088,L,2654,T009,216,-25.69675155100982,-1.2692741465883426,10.777724223011983,True,0,mapped,True,0.0
T088,L,2655,T009,217,-25.12169785329693,-1.749342049896818,11.14278190822378,True,0,mapped,True,0.0
T088,L,2656,T009,218,-24.216513785815785,-2.29015220630517,11.394488800602812,True,0,mapped,True,0.0
T088,L,2657,T009,219,-23.435532519213616,-2.700479984283445,11.268392702356197,True,0,mapped,True,0.0
T088,L,2657,T011,14,-23.435532519213616,-2.700479984283448,11.268392702356197,True,0,mapped,False,3.1086244689504383e-15
T088,L,2658,T009,221,-31.436383626918754,4.232951867499914,5.623588411834449,True,0,mapped,True,0.0
T088,L,2659,T009,222,-31.00266170467084,3.561652768970399,5.910606049782389,True,0,mapped,True,0.0
T088,L,2660,T009,223,-30.451764373044856,2.8550336620439407,6.318065784424252,True,0,mapped,True,0.0
T088,L,2661,T009,224,-29.98882632094331,2.205249417537448,6.726609028583878,True,0,mapped,True,0.0
T088,L,2662,T009,225,-29.462755057297212,1.6990423124998826,7.209989590715618,True,0,mapped,True,0.0
T088,L,2663,T009,226,-29.001322974306863,1.1437137495817251,7.698195306653174,True,0,mapped,True,0.0
T088,L,2664,T009,227,-28.427143575044138,0.711846718937448,8.229929127065732,True,0,mapped,True,0.0
T088,L,2665,T009,228,-27.824026074418484,-0.0249584516565594,8.866892374832169,True,0,mapped,True,0.0
T088,L,2666,T009,229,-27.25718014663284,-0.7249009779708745,9.2673431256133,True,0,mapped,True,0.0
T088,L,2667,T009,230,-26.663565348493258,-1.3117353169397294,9.633426559603052,True,0,mapped,True,0.0
T088,L,2668,T009,231,-26.02976680018145,-1.746130442704524,10.07551407884002,True,0,mapped,True,0.0
T088,L,2669,T009,232,-25.5063994020545,-2.2738827985181853,10.302461019805286,True,0,mapped,True,0.0
T088,L,2670,T009,233,-24.65710225486449,-2.7004799842834464,10.60022460686162,True,0,mapped,True,0.0
T088,L,2670,T011,13,-24.65710225486449,-2.700479984283448,10.60022460686163,True,0,mapped,False,1.0805156823142815e-14
T088,L,2671,T009,235,-31.958011008932026,3.792959427805424,5.213599989146333,True,0,mapped,True,0.0
T088,L,2672,T009,236,-31.535623782818018,3.1215107248106047,5.536223829384957,True,0,mapped,True,0.0
T088,L,2673,T009,237,-31.00503342210419,2.480568921796233,5.993674335842558,True,0,mapped,True,0.0
T088,L,2674,T009,238,-30.478476576774955,1.7893429492402952,6.475266936312932,True,0,mapped,True,0.0
T088,L,2675,T009,239,-29.94273828759838,1.1249327489809091,6.964343113354637,True,0,mapped,True,0.0
T088,L,2676,T009,240,-29.42769911346744,0.5772127553144669,7.490659432496166,True,0,mapped,True,0.0
T088,L,2677,T009,241,-28.87872982925296,-0.0750924689442614,7.992157243436287,True,0,mapped,True,0.0
T088,L,2678,T009,242,-28.321839384127102,-0.684660937810098,8.424346270535029,True,0,mapped,True,0.0
T088,L,2679,T009,243,-27.778697986676228,-1.339388167976434,8.66687502469365,True,0,mapped,True,0.0
T088,L,2680,T009,244,-26.961586767487187,-1.9093767814344629,8.953688392094094,True,0,mapped,True,0.0
T088,L,2681,T009,245,-26.279997147332423,-2.375145980633839,9.229460694616982,True,0,mapped,True,0.0
T088,L,2682,T009,246,-25.612596663979076,-2.7004799842834477,9.583687472627672,True,0,mapped,True,0.0
T088,L,2682,T011,12,-25.61259666397907,-2.7004799842834477,9.58368747262768,True,0,mapped,False,1.1374233532693354e-14
T088,L,2683,T009,248,-32.43007447490245,3.369282474602752,4.7117886236763376,True,0,mapped,True,0.0
T088,L,2684,T009,249,-31.95780124814192,2.600567763532195,5.116217866735786,True,0,mapped,True,0.0
T088,L,2685,T009,250,-31.61917208091199,2.0032259546177382,5.589059952709077,True,0,mapped,True,0.0
T088,L,2686,T009,251,-31.153391785334005,1.4137079439111866,6.143637604308215,True,0,mapped,True,0.0
T088,L,2687,T009,252,-30.60562365181817,0.6924472291419357,6.646292032687349,True,0,mapped,True,0.0
T088,L,2688,T009,253,-29.927763728355146,-0.0097357016303053,7.222739780757425,True,0,mapped,True,0.0
T088,L,2689,T009,254,-29.338458334808266,-0.7213485299089806,7.626825676437409,True,0,mapped,True,0.0
T088,L,2690,T009,255,-28.81159771649404,-1.2889586349067463,7.87638493066698,True,0,mapped,True,0.0
T088,L,2691,T009,256,-28.01952148886951,-1.8340556460361213,8.237204764201605,True,0,mapped,True,0.0
T088,L,2692,T009,257,-27.25914673817685,-2.316169283816365,8.39723271397903,True,0,mapped,True,0.0
T088,L,2693,T009,258,-26.5129471017657,-2.7004799842834477,8.51633968597805,True,0,mapped,True,0.0
T088,L,2693,T011,11,-26.512947101765697,-2.7004799842834477,8.516339685978053,True,0,mapped,False,5.0242958677880805e-15
T088,L,2694,T009,260,-32.8082780693353,3.002008431076644,4.119149043209158,True,0,mapped,True,0.0
T088,L,2695,T009,261,-32.32110043098925,2.066570988945806,4.731851143167521,True,0,mapped,True,0.0
T088,L,2696,T009,262,-31.99107812366371,1.4754236508525076,5.160203767750221,True,0,mapped,True,0.0
T088,L,2697,T009,263,-31.63165147654756,0.8293280523626563,5.7088055014911125,True,0,mapped,True,0.0
T088,L,2698,T009,264,-31.03775409812705,-0.0076347517867577,6.319354090974972,True,0,mapped,True,0.0
T088,L,2699,T009,265,-30.48114508638365,-0.6104289838918981,6.77723514638298,True,0,mapped,True,0.0
T088,L,2700,T009,266,-29.81218437147205,-1.2989246834422052,7.156214476577616,True,0,mapped,True,0.0
T088,L,2701,T009,267,-29.199438024554336,-1.783321060532704,7.410804586644265,True,0,mapped,True,0.0
T088,L,2702,T009,268,-28.36649891229724,-2.3260074449721664,7.604091388456202,True,0,mapped,True,0.0
T088,L,2703,T009,269,-27.567170230761405,-2.700479984283447,7.60262177015864,True,0,mapped,True,0.0
T088,L,2703,T011,10,-27.5671702307614,-2.7004799842834477,7.602621770158644,True,0,mapped,False,7.993605777301127e-15
T088,L,2704,T009,271,-33.08677439988861,2.613831472976308,3.501261982853591,True,0,mapped,True,0.0
T088,L,2705,T009,272,-32.65328871137887,1.725786007639159,4.152392311765212,True,0,mapped,True,0.0
T088,L,2706,T009,273,-32.337369236264585,0.9447322129351255,4.617773801674236,True,0,mapped,True,0.0
T088,L,2707,T009,274,-31.97454652437928,0.2090653260008921,5.192202860588869,True,0,mapped,True,0.0
T088,L,2708,T009,275,-31.480693985987024,-0.5065627511508315,5.71538495507179,True,0,mapped,True,0.0
T088,L,2709,T009,276,-30.88274601908166,-1.2413420659347931,6.19898503218747,True,0,mapped,True,0.0
T088,L,2710,T009,277,-30.338817364088413,-1.6701813503454686,6.508417575633909,True,0,mapped,True,0.0
T088,L,2711,T009,278,-29.55792092725447,-2.2064972979073554,6.874684442180133,True,0,mapped,True,0.0
T088,L,2712,T009,279,-28.776015871762635,-2.7004799842834477,6.901098953122923,True,0,mapped,True,0.0
T088,L,2712,T011,9,-28.776015871762624,-2.7004799842834477,6.901098953122931,True,0,mapped,False,1.3322676295501878e-14
T088,L,2713,T009,281,-33.30463407530884,2.064753611801706,2.751058268961732,True,0,mapped,True,0.0
T088,L,2714,T009,282,-32.91564688586561,1.2507655761763314,3.3850728898618927,True,0,mapped,True,0.0
T088,L,2715,T009,283,-32.58275592804043,0.5491082384946606,3.951340809825302,True,0,mapped,True,0.0
T088,L,2716,T009,284,-32.261784561395416,-0.2174384508881796,4.403457136632783,True,0,mapped,True,0.0
T088,L,2717,T009,285,-31.75988028722416,-1.0340862582873176,4.989568571474006,True,0,mapped,True,0.0
T088,L,2718,T009,286,-31.21755546721101,-1.7013389599767614,5.443352520272804,True,0,mapped,True,0.0
T088,L,2719,T009,287,-30.723791030023207,-2.1627853996564737,5.72871809753857,True,0,mapped,True,0.0
T088,L,2720,T009,288,-29.898804732813275,-2.7004799842834477,6.081840432571257,True,0,mapped,True,0.0
T088,L,2720,T011,8,-29.898804732813268,-2.7004799842834477,6.081840432571269,True,0,mapped,False,1.432144669219779e-14
T088,L,2721,T009,290,-33.36852607343638,1.5137924166538128,2.029124184686533,True,0,mapped,True,0.0
T088,L,2722,T009,291,-33.03031639279313,0.8071285449434201,2.6078721505654423,True,0,mapped,True,0.0
T088,L,2723,T009,292,-32.70231077607524,0.011434177396923,3.1587051227220835,True,0,mapped,True,0.0
T088,L,2724,T009,293,-32.33743189753989,-0.6964896542259522,3.566273216866205,True,0,mapped,True,0.0
T088,L,2725,T009,294,-31.84115833085368,-1.5332647985167565,4.119738989909199,True,0,mapped,True,0.0
T088,L,2726,T009,295,-31.286190089137868,-2.221351278281137,4.593564816186808,True,0,mapped,True,0.0
T088,L,2727,T009,296,-30.7300880600134,-2.7016273220469658,4.962763248189562,True,0,mapped,True,0.0
T088,L,2727,T011,7,-30.7300880600134,-2.701627322046966,4.96276324818958,True,0,mapped,False,1.7769118642034836e-14
T088,L,2728,T009,298,-33.35580193821239,0.9352197616846424,1.2741545584961065,True,0,mapped,True,0.0
T088,L,2729,T009,299,-33.09238454329003,0.311382936335204,1.849965905273388,True,0,mapped,True,0.0
T088,L,2730,T009,300,-32.7554155568689,-0.3858340546522543,2.310539676558034,True,0,mapped,True,0.0
T088,L,2731,T009,301,-32.35195003928958,-1.079841502497074,2.8289789171424613,True,0,mapped,True,0.0
T088,L,2732,T009,302,-31.829636574643672,-1.913989509007674,3.301419209044844,True,0,mapped,True,0.0
T088,L,2733,T009,303,-31.23605483520152,-2.7004799842834477,3.660971465146412,True,0,mapped,True,0.0
T088,L,2733,T011,6,-31.23605483520152,-2.7004799842834477,3.66097146514643,True,0,mapped,False,1.7763568394002505e-14
T088,L,2734,T009,305,-33.37274139862613,0.4155921150519271,0.4578029796085503,True,0,mapped,True,0.0
T088,L,2735,T009,306,-33.12293273204716,-0.2521362499522372,1.050759517934029,True,0,mapped,True,0.0
T088,L,2736,T009,307,-32.81517664458763,-0.8825068480535717,1.578471381471128,True,0,mapped,True,0.0
T088,L,2737,T009,308,-32.41615107865428,-1.6494556188395153,1.981636141868444,True,0,mapped,True,0.0
T088,L,2738,T009,309,-31.873737002285974,-2.3454496810453542,2.5060745693107123,True,0,mapped,True,0.0
T088,L,2738,T011,5,-31.87373700228597,-2.34544968104536,2.506074569310721,True,0,mapped,False,1.117305858980544e-14
T088,L,2739,T009,311,-33.47071280641782,-0.0748898103416939,-0.2299780951645652,True,0,mapped,True,0.0
T088,L,2740,T009,312,-33.254014401075665,-0.6855325759734003,0.2592409496105985,True,0,mapped,True,0.0
T088,L,2741,T009,313,-32.86456717869083,-1.4621371803467236,0.768262515315675,True,0,mapped,True,0.0
T088,L,2742,T009,314,-32.48156150050588,-2.140415100846316,1.2983953948743578,True,0,mapped,True,0.0
T088,L,2742,T011,4,-32.48156150050588,-2.1404151008463224,1.298395394874365,True,0,mapped,False,9.441466109136565e-15
T088,L,2743,T009,316,-33.58019881666749,-0.6507785671260273,-0.9992136369458025,True,0,mapped,True,0.0
T088,L,2744,T009,317,-33.36199466849929,-1.2197942733498477,-0.4439419962483856,True,0,mapped,True,0.0
T088,L,2745,T009,318,-33.058400398936854,-1.900479912757873,0.0878272631696012,True,0,mapped,True,0.0
T088,L,2745,T011,3,-33.058400398936854,-1.9004799127578735,0.0878272631696058,True,0,mapped,False,4.628777964573276e-15
T088,L,2746,T009,320,-33.77715640649048,-0.9875418319961712,-1.680980381519305,True,0,mapped,True,0.0
T088,L,2747,T009,321,-33.549292649190086,-1.7004799842834473,-1.1648413835192444,True,0,mapped,True,0.0
T088,L,2747,T011,2,-33.549292649190086,-1.700479984283447,-1.1648413835192422,True,0,mapped,False,2.2315206618374916e-15
T088,L,2748,T009,323,-34.07612420070633,-1.3318634848366746,-2.328170444465267,True,0,mapped,True,0.0
T088,L,2748,T011,1,-34.07612420070633,-1.3318634848366748,-2.3281704444652678,True,0,mapped,False,9.155133597044475e-16
T088,L,2749,T010,26,-22.60412630872436,8.297403905336369,6.437652918325979,True,0,mapped,True,0.0
T088,L,2750,T010,27,-22.122013283975463,8.265475978791134,7.1618868793379145,True,0,mapped,True,0.0
T088,L,2751,T010,28,-21.757698451317584,8.307058376108959,7.82595201431979,True,0,mapped,True,0.0
T088,L,2752,T010,29,-21.31596690205406,8.34887808492711,8.65930172739382,True,0,mapped,True,0.0
T088,L,2753,T010,30,-20.713831380612003,8.39179326748418,9.350294301044,True,0,mapped,True,0.0
T088,L,2754,T010,31,-19.98022270769217,8.340068132074844,9.897505156893285,True,0,mapped,True,0.0
T088,L,2755,T010,32,-19.41207098732197,7.944745851874351,10.401344715280237,True,0,mapped,True,0.0
T088,L,2756,T010,33,-18.66989734399916,7.680723440348969,10.70199291306162,True,0,mapped,True,0.0
T088,L,2757,T010,34,-18.07830400910154,7.165791520799129,11.076516232867895,True,0,mapped,True,0.0
T088,L,2758,T010,35,-17.581799668654476,6.663532509718712,11.332558039237645,True,0,mapped,True,0.0
T088,L,2759,T010,36,-17.00704972974183,6.006746777355063,11.673139050716692,True,0,mapped,True,0.0
T088,L,2760,T010,37,-16.561331678579407,5.403127427031533,11.918935090689462,True,0,mapped,True,0.0
T088,L,2761,T010,38,-16.06265085707538,4.715083529597877,12.231056283707312,True,0,mapped,True,0.0
T088,L,2762,T010,39,-15.640930481055689,4.094616320787997,12.479658670266542,True,0,mapped,True,0.0
T088,L,2763,T010,40,-15.211974206053805,3.379674282846663,12.74139838788184,True,0,mapped,True,0.0
T088,L,2764,T010,41,-14.710629305999346,2.672597123311535,12.996677308405571,True,0,mapped,True,0.0
T088,L,2765,T010,42,-14.241067619578722,2.0450952492773378,13.216038611205224,True,0,mapped,True,0.0
T088,L,2766,T010,43,-13.667646609616336,1.3274610601560248,13.43736976051018,True,0,mapped,True,0.0
T088,L,2767,T010,44,-13.214755031114764,0.8503772069294968,13.590651180514143,True,0,mapped,True,0.0
T088,L,2768,T010,45,-12.381192521785737,0.536552986497383,13.748402434064962,True,0,mapped,True,0.0
T088,L,2769,T010,46,-11.57572274581319,0.3250182305001444,13.899305090026884,True,0,mapped,True,0.0
T088,L,2770,T010,47,-10.808699828818373,-0.0034589219384831,13.933292220656028,True,0,mapped,True,0.0
T088,L,2771,T010,48,-10.394801139831545,-0.648254682170488,13.862778570641234,True,0,mapped,True,0.0
T088,L,2771,T013,48,-10.39480113983154,-0.6482546821704892,13.862778570641233,True,0,mapped,False,5.748554284146054e-15
T088,L,2772,T010,50,-22.08498278173569,8.382161104805375,6.629554154879184,True,0,mapped,True,0.0
T088,L,2773,T010,51,-21.69286539063199,8.383050806724242,7.319519253513744,True,0,mapped,True,0.0
T088,L,2774,T010,52,-21.298242911302285,8.4576557789823,8.003602208087793,True,0,mapped,True,0.0
T088,L,2775,T010,53,-20.801043630003704,8.563751303878812,8.705701433233397,True,0,mapped,True,0.0
T088,L,2776,T010,54,-20.154375164567085,8.553617812147918,9.40602989492583,True,0,mapped,True,0.0
T088,L,2777,T010,55,-19.49834834513321,8.441751941037168,9.876779073689724,True,0,mapped,True,0.0
T088,L,2778,T010,56,-18.9430025401694,7.957394780748669,10.431734354848782,True,0,mapped,True,0.0
T088,L,2779,T010,57,-18.27659575530644,7.519328553740842,10.780228070378117,True,0,mapped,True,0.0
T088,L,2780,T010,58,-17.540255816185553,6.95300287067662,11.126960276639656,True,0,mapped,True,0.0
T088,L,2781,T010,59,-17.112031573112247,6.437288503841764,11.405809597119042,True,0,mapped,True,0.0
T088,L,2782,T010,60,-16.570159577574994,5.895742729745422,11.680567814266864,True,0,mapped,True,0.0
T088,L,2783,T010,61,-16.128336140340718,5.216511405503172,11.9757200846637,True,0,mapped,True,0.0
T088,L,2784,T010,62,-15.62808605847911,4.529566482848561,12.243243021357548,True,0,mapped,True,0.0
T088,L,2785,T010,63,-15.222631368509097,3.777577580570288,12.57785302438672,True,0,mapped,True,0.0
T088,L,2786,T010,64,-14.792621751046989,3.1952003256003474,12.799808951154157,True,0,mapped,True,0.0
T088,L,2787,T010,65,-14.1698330235552,2.5333370082872446,13.052911305995844,True,0,mapped,True,0.0
T088,L,2788,T010,66,-13.59194001319386,1.8874720465352712,13.29895749142487,True,0,mapped,True,0.0
T088,L,2789,T010,67,-13.09694685601645,1.3238890999253206,13.489190608660838,True,0,mapped,True,0.0
T088,L,2790,T010,68,-12.546718437746152,0.9201251099829172,13.62178042253805,True,0,mapped,True,0.0
T088,L,2791,T010,69,-11.752532998525917,0.6604927957868281,13.831595036762032,True,0,mapped,True,0.0
T088,L,2792,T010,70,-11.062146665652572,0.4424208136507511,13.902431180880102,True,0,mapped,True,0.0
T088,L,2793,T010,71,-10.394801139831545,-0.1784402511165158,13.89010342316781,True,0,mapped,True,0.0
T088,L,2793,T013,71,-10.394801139831545,-0.1784402511165167,13.890103423167808,True,0,mapped,False,1.9985941820837785e-15
T088,L,2794,T010,73,-21.603049212470157,8.425208910695126,6.845557094188715,True,0,mapped,True,0.0
T088,L,2795,T010,74,-21.186148911981345,8.496114707859311,7.586471388031397,True,0,mapped,True,0.0
T088,L,2796,T010,75,-20.83790671971658,8.597205899963846,8.114546538270792,True,0,mapped,True,0.0
T088,L,2797,T010,76,-20.29048495530425,8.731115081115483,8.806193720128459,True,0,mapped,True,0.0
T088,L,2798,T010,77,-19.604030334940983,8.682221538519295,9.454422905253184,True,0,mapped,True,0.0
T088,L,2799,T010,78,-19.079959851628523,8.342952056850393,10.00625613078016,True,0,mapped,True,0.0
T088,L,2800,T010,79,-18.20941973036885,7.928444954555703,10.431511813019284,True,0,mapped,True,0.0
T088,L,2801,T010,80,-17.72299917230622,7.416102405854202,10.78155775071031,True,0,mapped,True,0.0
T088,L,2802,T010,81,-17.149857839822207,6.90585877790915,11.119103046768526,True,0,mapped,True,0.0
T088,L,2803,T010,82,-16.656209484174493,6.324825474474186,11.396778116822762,True,0,mapped,True,0.0
T088,L,2804,T010,83,-16.168709015589297,5.706527047517136,11.717277969587292,True,0,mapped,True,0.0
T088,L,2805,T010,84,-15.661024340143118,5.028260755282481,12.0244991334905,True,0,mapped,True,0.0
T088,L,2806,T010,85,-15.255720933332208,4.303049785816576,12.30652573626569,True,0,mapped,True,0.0
T088,L,2807,T010,86,-14.807670234975824,3.661451156459323,12.578197385944083,True,0,mapped,True,0.0
T088,L,2808,T010,87,-14.280158262426763,2.98169975384764,12.876202736248558,True,0,mapped,True,0.0
T088,L,2809,T010,88,-13.656029669421184,2.387285833918322,13.118702550886226,True,0,mapped,True,0.0
T088,L,2810,T010,89,-13.146524694658083,1.8274818234897323,13.339111061645164,True,0,mapped,True,0.0
T088,L,2811,T010,90,-12.563964115107243,1.3875123373968203,13.514950291606365,True,0,mapped,True,0.0
T088,L,2812,T010,91,-11.91446785072642,0.9945878722738404,13.727002522202204,True,0,mapped,True,0.0
T088,L,2813,T010,92,-11.148504218063248,0.704310511530968,13.867313765788136,True,0,mapped,True,0.0
T088,L,2814,T010,93,-10.394801139831545,0.2919849072775392,13.888298300002472,True,0,mapped,True,0.0
T088,L,2814,T013,93,-10.394801139831545,0.2919849072775393,13.888298300002475,True,0,mapped,False,3.554447978966673e-15
T088,L,2815,T010,95,-21.087690864048405,8.466218198030052,6.850664200023014,True,0,mapped,True,0.0
T088,L,2816,T010,96,-20.689450994859467,8.581862928565162,7.522604391416228,True,0,mapped,True,0.0
T088,L,2817,T010,97,-20.34850495311966,8.727342917643103,8.183640226979007,True,0,mapped,True,0.0
T088,L,2818,T010,98,-19.765675323951392,8.898009097604742,8.815839226100124,True,0,mapped,True,0.0
T088,L,2819,T010,99,-19.11304640411409,8.70161410957726,9.54588468392004,True,0,mapped,True,0.0
T088,L,2820,T010,100,-18.357980422981235,8.314366356209106,10.08457983592009,True,0,mapped,True,0.0
T088,L,2821,T010,101,-17.811511745449174,7.745873290046807,10.497801878165427,True,0,mapped,True,0.0
T088,L,2822,T010,102,-17.25326694185531,7.268560423659471,10.847127699873964,True,0,mapped,True,0.0
T088,L,2823,T010,103,-16.68745849968217,6.713788222251457,11.147593110675173,True,0,mapped,True,0.0
T088,L,2824,T010,104,-16.17650495377899,6.200568023619259,11.410977853500787,True,0,mapped,True,0.0
T088,L,2825,T010,105,-15.618226304494655,5.476726410896049,11.757634001989423,True,0,mapped,True,0.0
T088,L,2826,T010,106,-15.233277025570256,4.832356469765079,12.074183391349766,True,0,mapped,True,0.0
T088,L,2827,T010,107,-14.813537736553611,4.077430343675224,12.38264201937356,True,0,mapped,True,0.0
T088,L,2828,T010,108,-14.283005885613807,3.5065734367796413,12.669439682913678,True,0,mapped,True,0.0
T088,L,2829,T010,109,-13.736812609687322,2.879691866154953,12.933863569677976,True,0,mapped,True,0.0
T088,L,2830,T010,110,-13.257657021659517,2.301608147997501,13.16372721665569,True,0,mapped,True,0.0
T088,L,2831,T010,111,-12.668376157953425,1.8731164277849013,13.356598252398063,True,0,mapped,True,0.0
T088,L,2832,T010,112,-12.00193562040086,1.4443457997605669,13.600311983703431,True,0,mapped,True,0.0
T088,L,2833,T010,113,-11.433673970061449,1.0594026518911748,13.767519689278709,True,0,mapped,True,0.0
T088,L,2834,T010,114,-10.580719393267374,0.6854385426647714,13.880265073653913,True,0,mapped,True,0.0
T088,L,2834,T013,114,-10.580719393267367,0.6854385426647699,13.880265073653913,True,0,mapped,False,7.273443782444743e-15
T088,L,2835,T010,116,-20.495115567034684,8.548754912378682,6.871950971549945,True,0,mapped,True,0.0
T088,L,2836,T010,117,-20.169003132604374,8.69743272944261,7.526405978396447,True,0,mapped,True,0.0
T088,L,2837,T010,118,-19.762413534000952,8.909864025729531,8.201781959203874,True,0,mapped,True,0.0
T088,L,2838,T010,119,-19.119981057407426,8.985460118444562,9.012029652472773,True,0,mapped,True,0.0
T088,L,2839,T010,120,-18.50241852047006,8.68345026391963,9.6642284344929,True,0,mapped,True,0.0
T088,L,2840,T010,121,-17.86314000188913,8.202929943212148,10.123783193499207,True,0,mapped,True,0.0
T088,L,2841,T010,122,-17.253261939443213,7.716952882880179,10.447000542536705,True,0,mapped,True,0.0
T088,L,2842,T010,123,-16.81940673805252,7.162988670339132,10.847121897420315,True,0,mapped,True,0.0
T088,L,2843,T010,124,-16.20812492390833,6.606315650245615,11.144033433187232,True,0,mapped,True,0.0
T088,L,2844,T010,125,-15.6237837436322,5.994764436509559,11.507863273392491,True,0,mapped,True,0.0
T088,L,2845,T010,126,-15.227079197850111,5.304204644683235,11.804037896217494,True,0,mapped,True,0.0
T088,L,2846,T010,127,-14.81088510366293,4.600167378387926,12.15646224489835,True,0,mapped,True,0.0
T088,L,2847,T010,128,-14.360819466629454,3.950394505583095,12.454673907450156,True,0,mapped,True,0.0
T088,L,2848,T010,129,-13.73487932190828,3.3127562065786087,12.749255957636866,True,0,mapped,True,0.0
T088,L,2849,T010,130,-13.263395078820396,2.7966847083615614,12.996960917898903,True,0,mapped,True,0.0
T088,L,2850,T010,131,-12.692071959635609,2.306326708284078,13.239403487488952,True,0,mapped,True,0.0
T088,L,2851,T010,132,-12.061276035117766,1.8514079092235836,13.501504296111168,True,0,mapped,True,0.0
T088,L,2852,T010,133,-11.425947889804078,1.4267795733672235,13.69680886217872,True,0,mapped,True,0.0
T088,L,2853,T010,134,-10.8890602918215,1.0355134928528378,13.839115293872087,True,0,mapped,True,0.0
T088,L,2853,T013,134,-10.8890602918215,1.035513492852839,13.839115293872087,True,0,mapped,False,1.1102230246251565e-15
T088,L,2854,T010,136,-20.022919283823693,8.61162620975277,6.866124442824224,True,0,mapped,True,0.0
T088,L,2855,T010,137,-19.686492607146334,8.812053372825279,7.511302310158275,True,0,mapped,True,0.0
T088,L,2856,T010,138,-19.217896266224816,9.064605660800474,8.214182846776026,True,0,mapped,True,0.0
T088,L,2857,T010,139,-18.641829367557968,8.986041805000127,9.091284841186637,True,0,mapped,True,0.0
T088,L,2858,T010,140,-17.937659941987746,8.622752045101178,9.728743905549653,True,0,mapped,True,0.0
T088,L,2859,T010,141,-17.196128752490313,8.075525526654987,10.135120153645271,True,0,mapped,True,0.0
T088,L,2860,T010,142,-16.855326918107004,7.462204634345181,10.607101827699978,True,0,mapped,True,0.0
T088,L,2861,T010,143,-16.32420358465193,7.036279312670171,10.891073873891656,True,0,mapped,True,0.0
T088,L,2862,T010,144,-15.717315992398664,6.449949081052531,11.198255167357113,True,0,mapped,True,0.0
T088,L,2863,T010,145,-15.274574377880729,5.801874954929157,11.556480558359738,True,0,mapped,True,0.0
T088,L,2864,T010,146,-14.785560389721889,5.118394743042074,11.90895193784202,True,0,mapped,True,0.0
T088,L,2865,T010,147,-14.378427681526327,4.415943622340498,12.258907728403615,True,0,mapped,True,0.0
T088,L,2866,T010,148,-13.849155811069556,3.733052227361031,12.55527083308171,True,0,mapped,True,0.0
T088,L,2867,T010,149,-13.237424613160249,3.238930421580032,12.83588845182406,True,0,mapped,True,0.0
T088,L,2868,T010,150,-12.712720650822703,2.7582636816935686,13.101765993222308,True,0,mapped,True,0.0
T088,L,2869,T010,151,-12.177668159593876,2.3406172813805286,13.318765477498156,True,0,mapped,True,0.0
T088,L,2870,T010,152,-11.59164501862949,1.903409004815015,13.56733205774358,True,0,mapped,True,0.0
T088,L,2871,T010,153,-10.994801521301271,1.4760997218962606,13.758414522733364,True,0,mapped,True,0.0
T088,L,2871,T013,153,-10.994801521301271,1.4760997218962606,13.758414522733364,True,0,mapped,False,0.0
T088,L,2872,T010,155,-19.54732266235361,8.672075124132753,6.901142261445377,True,0,mapped,True,0.0
T088,L,2873,T010,156,-19.17053292314197,8.97452509826732,7.609756878638346,True,0,mapped,True,0.0
T088,L,2874,T010,157,-18.750523884684423,9.198941958300116,8.456338557577682,True,0,mapped,True,0.0
T088,L,2875,T010,158,-18.08932311728848,9.051176384487585,9.191958414043285,True,0,mapped,True,0.0
T088,L,2876,T010,159,-17.412187878159386,8.496183784543016,9.751829346240424,True,0,mapped,True,0.0
T088,L,2877,T010,160,-16.777481504085372,7.946234491227567,10.188513877659892,True,0,mapped,True,0.0
T088,L,2878,T010,161,-16.401031967092305,7.392395430463252,10.587570479057154,True,0,mapped,True,0.0
T088,L,2879,T010,162,-15.84784554672707,6.870980084740537,10.989764081876112,True,0,mapped,True,0.0
T088,L,2880,T010,163,-15.307743587561756,6.314074672532511,11.282084153780836,True,0,mapped,True,0.0
T088,L,2881,T010,164,-14.784364502727367,5.616071590656505,11.654690630994068,True,0,mapped,True,0.0
T088,L,2882,T010,165,-14.478117557335686,4.92727562286997,12.033391175177798,True,0,mapped,True,0.0
T088,L,2883,T010,166,-13.925349288785792,4.206672229368006,12.351638561928134,True,0,mapped,True,0.0
T088,L,2884,T010,167,-13.396494428312716,3.626762161681837,12.661740679340893,True,0,mapped,True,0.0
T088,L,2885,T010,168,-12.804325607842962,3.240633325811292,12.914778901476588,True,0,mapped,True,0.0
T088,L,2886,T010,169,-12.204775112773396,2.729792146601401,13.227866365749149,True,0,mapped,True,0.0
T088,L,2887,T010,170,-11.618263756416551,2.333434491581161,13.43872215416857,True,0,mapped,True,0.0
T088,L,2888,T010,171,-10.994801521301271,1.9350059124310053,13.655003558643031,True,0,mapped,True,0.0
T088,L,2888,T013,171,-10.994801521301266,1.9350059124310075,13.655003558643036,True,0,mapped,False,7.856740153113387e-15
T088,L,2889,T010,173,-19.007434597416307,8.782585931007237,6.920749509108507,True,0,mapped,True,0.0
T088,L,2890,T010,174,-18.68108917614046,9.154746334079173,7.666538386218066,True,0,mapped,True,0.0
T088,L,2891,T010,175,-18.161701554243493,9.291582405910995,8.624936289508089,True,0,mapped,True,0.0
T088,L,2892,T010,176,-17.44944387222344,8.937488889212213,9.292699572232634,True,0,mapped,True,0.0
T088,L,2893,T010,177,-16.788683011422236,8.313543231454808,9.839830080417835,True,0,mapped,True,0.0
T088,L,2894,T010,178,-16.40239888713888,7.677997810204669,10.369018705574476,True,0,mapped,True,0.0
T088,L,2895,T010,179,-15.835322868040372,7.315683226009129,10.655473880252448,True,0,mapped,True,0.0
T088,L,2896,T010,180,-15.343800101062198,6.724644587953142,11.083655174683091,True,0,mapped,True,0.0
T088,L,2897,T010,181,-14.77494535315664,6.086216214002807,11.415804899048473,True,0,mapped,True,0.0
T088,L,2898,T010,182,-14.48283337965304,5.427011313162339,11.78304793183321,True,0,mapped,True,0.0
T088,L,2899,T010,183,-13.901554491222246,4.841273035912286,12.089179011022502,True,0,mapped,True,0.0
T088,L,2900,T010,184,-13.456296488471914,4.145977103007723,12.44710743305701,True,0,mapped,True,0.0
T088,L,2901,T010,185,-12.934206056748726,3.630690252912173,12.726791808489365,True,0,mapped,True,0.0
T088,L,2902,T010,186,-12.3765163333733,3.2268177470652555,12.998637502702287,True,0,mapped,True,0.0
T088,L,2903,T010,187,-11.683256154738274,2.794191722622642,13.288981980353514,True,0,mapped,True,0.0
T088,L,2904,T010,188,-10.994801521301271,2.3898137002964748,13.536080921580933,True,0,mapped,True,0.0
T088,L,2904,T013,188,-10.99480152130127,2.3898137002964748,13.536080921580933,True,0,mapped,False,1.7763568394002505e-15
T088,L,2905,T010,190,-18.530824763772344,8.945784659147595,6.921499663272497,True,0,mapped,True,0.0
T088,L,2906,T010,191,-18.25687929198317,9.388264456005103,7.81696858275786,True,0,mapped,True,0.0
T088,L,2907,T010,192,-17.603250528159606,9.29492689880426,8.799079093620435,True,0,mapped,True,0.0
T088,L,2908,T010,193,-16.88542422812706,8.84726271903935,9.325125553736209,True,0,mapped,True,0.0
T088,L,2909,T010,194,-16.444259754833602,8.138448399740223,9.97732912437884,True,0,mapped,True,0.0
T088,L,2910,T010,195,-16.046196418416034,7.628757993461571,10.41475553911565,True,0,mapped,True,0.0
T088,L,2911,T010,196,-15.364167034394754,7.117636113477694,10.827674920877143,True,0,mapped,True,0.0
T088,L,2912,T010,197,-14.821375408001272,6.560568871042816,11.166642626831212,True,0,mapped,True,0.0
T088,L,2913,T010,198,-14.52685561781712,5.90466001130874,11.539589906364755,True,0,mapped,True,0.0
T088,L,2914,T010,199,-13.978630973185393,5.274913082648672,11.900010190747995,True,0,mapped,True,0.0
T088,L,2915,T010,200,-13.518879996959464,4.644604818895187,12.239741680981169,True,0,mapped,True,0.0
T088,L,2916,T010,201,-12.974426189992672,4.050865676561073,12.582893978218337,True,0,mapped,True,0.0
T088,L,2917,T010,202,-12.44544104308084,3.611491455692507,12.846662084903851,True,0,mapped,True,0.0
T088,L,2918,T010,203,-11.81758814877984,3.1810568405657604,13.138071167749976,True,0,mapped,True,0.0
T088,L,2919,T010,204,-11.164007354897205,2.790878833364191,13.400772772573353,True,0,mapped,True,0.0
T088,L,2919,T013,204,-11.164007354897205,2.790878833364191,13.400772772573353,True,0,mapped,False,0.0
T088,L,2920,T010,206,-18.071257572579743,9.278404567204689,7.016737210892712,True,0,mapped,True,0.0
T088,L,2921,T010,207,-17.737547160219123,9.564894742344658,8.038782037599704,True,0,mapped,True,0.0
T088,L,2922,T010,208,-17.058150280871494,9.222030292588084,8.911264306445954,True,0,mapped,True,0.0
T088,L,2923,T010,209,-16.369927053845107,8.682489774456775,9.464851707044764,True,0,mapped,True,0.0
T088,L,2924,T010,210,-16.11700103872737,7.9590783197336,10.153128092270212,True,0,mapped,True,0.0
T088,L,2925,T010,211,-15.562325625634344,7.510143321204499,10.520593661745538,True,0,mapped,True,0.0
T088,L,2926,T010,212,-14.96694568910473,6.980512331302199,10.92726784429897,True,0,mapped,True,0.0
T088,L,2927,T010,213,-14.511213268812256,6.407910853067202,11.29388121417198,True,0,mapped,True,0.0
T088,L,2928,T010,214,-14.026912286593085,5.730316944219599,11.688769890731066,True,0,mapped,True,0.0
T088,L,2929,T010,215,-13.59632316243544,5.111368661632999,12.022594940573851,True,0,mapped,True,0.0
T088,L,2930,T010,216,-13.159217483394247,4.495801977550783,12.357124311634305,True,0,mapped,True,0.0
T088,L,2931,T010,217,-12.540229624413564,3.994693992075621,12.712154919986911,True,0,mapped,True,0.0
T088,L,2932,T010,218,-11.929634649125386,3.591875243764192,12.979542261004047,True,0,mapped,True,0.0
T088,L,2933,T010,219,-11.227506430426892,3.2295785763224045,13.25453895859122,True,0,mapped,True,0.0
T088,L,2933,T013,219,-11.227506430426889,3.229578576322405,13.25453895859122,True,0,mapped,False,3.580361673049448e-15
T088,L,2934,T010,221,-17.61536290360573,9.523941112548572,7.141669647788584,True,0,mapped,True,0.0
T088,L,2935,T010,222,-17.135635445271213,9.662865706921608,8.244364827192728,True,0,mapped,True,0.0
T088,L,2936,T010,223,-16.456458581556554,9.131489151819942,9.02142986697842,True,0,mapped,True,0.0
T088,L,2937,T010,224,-16.11156726123878,8.423494106953655,9.696790877911104,True,0,mapped,True,0.0
T088,L,2938,T010,225,-15.724741736083804,7.872797407332881,10.21162600494526,True,0,mapped,True,0.0
T088,L,2939,T010,226,-15.06955278355605,7.341980979308237,10.666357150903073,True,0,mapped,True,0.0
T088,L,2940,T010,227,-14.551821736064896,6.812026431082409,11.05933737348512,True,0,mapped,True,0.0
T088,L,2941,T010,228,-14.090531812347898,6.192737858827149,11.44488500845332,True,0,mapped,True,0.0
T088,L,2942,T010,229,-13.63467703069283,5.529766426069802,11.82742236673846,True,0,mapped,True,0.0
T088,L,2943,T010,230,-13.186641835296289,4.922760723959997,12.169123714343725,True,0,mapped,True,0.0
T088,L,2944,T010,231,-12.635651606697406,4.436638937368,12.504297813320736,True,0,mapped,True,0.0
T088,L,2945,T010,232,-12.054185711370438,3.9527268737881447,12.855785452503202,True,0,mapped,True,0.0
T088,L,2946,T010,233,-11.394801139831545,3.6230869137006194,13.105589438448035,True,0,mapped,True,0.0
T088,L,2946,T013,233,-11.39480113983154,3.62308691370062,13.105589438448035,True,0,mapped,False,5.347542221830668e-15
T088,L,2947,T010,235,-17.097591601991173,9.756740866094855,7.42335839770008,True,0,mapped,True,0.0
T088,L,2948,T010,236,-16.52905333515705,9.66001962728772,8.373500296051056,True,0,mapped,True,0.0
T088,L,2949,T010,237,-16.002997022178025,9.02036527149123,9.107777873292,True,0,mapped,True,0.0
T088,L,2950,T010,238,-15.668444359694517,8.276975287542479,9.799509392084294,True,0,mapped,True,0.0
T088,L,2951,T010,239,-15.19584230496098,7.66825759576449,10.410442747217296,True,0,mapped,True,0.0
T088,L,2952,T010,240,-14.62918701533946,7.18691414148533,10.81381658308125,True,0,mapped,True,0.0
T088,L,2953,T010,241,-14.14134308192328,6.614854757032104,11.223865083370626,True,0,mapped,True,0.0
T088,L,2954,T010,242,-13.745794124455562,5.980852055278112,11.578640358208997,True,0,mapped,True,0.0
T088,L,2955,T010,243,-13.17566180994386,5.468805375192186,11.918632455862925,True,0,mapped,True,0.0
T088,L,2956,T010,244,-12.734332747487272,4.9002586956928855,12.291585125229384,True,0,mapped,True,0.0
T088,L,2957,T010,245,-12.177640348071332,4.460042800461744,12.632890702714876,True,0,mapped,True,0.0
T088,L,2958,T010,246,-11.537205581104296,4.028961364725289,12.96033356148219,True,0,mapped,True,0.0
T088,L,2958,T013,246,-11.537205581104296,4.028961364725289,12.96033356148219,True,0,mapped,False,0.0
T088,L,2959,T010,248,-16.518045007464675,9.888205353974255,7.683967321358859,True,0,mapped,True,0.0
T088,L,2960,T010,249,-16.004022672379612,9.47106793257526,8.558436264340434,True,0,mapped,True,0.0
T088,L,2961,T010,250,-15.698615939975593,8.697174195010136,9.395063051488236,True,0,mapped,True,0.0
T088,L,2962,T010,251,-15.254651190422358,8.101866209616855,10.003012675848352,True,0,mapped,True,0.0
T088,L,2963,T010,252,-14.767726316769258,7.470968264025935,10.595881243847764,True,0,mapped,True,0.0
T088,L,2964,T010,253,-14.215540277235595,7.058509424876338,10.93876881491829,True,0,mapped,True,0.0
T088,L,2965,T010,254,-13.73309240504254,6.440482349539298,11.35078492244426,True,0,mapped,True,0.0
T088,L,2966,T010,255,-13.334621475098889,5.811872056701708,11.716908842345704,True,0,mapped,True,0.0
T088,L,2967,T010,256,-12.816924249218808,5.317781617245416,12.0888509694836,True,0,mapped,True,0.0
T088,L,2968,T010,257,-12.404476575756512,4.799387317533665,12.40170263464571,True,0,mapped,True,0.0
T088,L,2969,T010,258,-11.754308910860733,4.401668531389969,12.777097482779888,True,0,mapped,True,0.0
T088,L,2969,T013,258,-11.754308910860727,4.401668531389969,12.777097482779888,True,0,mapped,False,5.329070518200751e-15
T088,L,2970,T010,260,-15.957051513684403,9.841756273521572,7.990536010427314,True,0,mapped,True,0.0
T088,L,2971,T010,261,-15.545641627572872,9.25635339152979,8.791676937814255,True,0,mapped,True,0.0
T088,L,2972,T010,262,-15.254438063617084,8.620177564905575,9.503603865540097,True,0,mapped,True,0.0
T088,L,2973,T010,263,-14.852258753009725,8.002058807138472,10.166500144325129,True,0,mapped,True,0.0
T088,L,2974,T010,264,-14.312431995144417,7.323969289037194,10.737305616403182,True,0,mapped,True,0.0
T088,L,2975,T010,265,-13.78957913542169,6.921569063436646,11.094853481673628,True,0,mapped,True,0.0
T088,L,2976,T010,266,-13.37357802644665,6.281171738017495,11.510666359041869,True,0,mapped,True,0.0
T088,L,2977,T010,267,-12.938089567458476,5.702818669188683,11.846568890994892,True,0,mapped,True,0.0
T088,L,2978,T010,268,-12.525448865798325,5.173809122065439,12.237444149921892,True,0,mapped,True,0.0
T088,L,2979,T010,269,-11.920601125115349,4.789082126712269,12.57350628037996,True,0,mapped,True,0.0
T088,L,2979,T013,269,-11.920601125115343,4.789082126712271,12.573506280379965,True,0,mapped,False,7.993605777301127e-15
T088,L,2980,T010,271,-15.510856491270214,9.629049948844155,8.280746374419158,True,0,mapped,True,0.0
T088,L,2981,T010,272,-15.104197938004784,9.06109999076411,9.005000939405138,True,0,mapped,True,0.0
T088,L,2982,T010,273,-14.881108995103125,8.396078259756692,9.786360978001472,True,0,mapped,True,0.0
T088,L,2983,T010,274,-14.358687112454458,7.804392199041172,10.395666778707206,True,0,mapped,True,0.0
T088,L,2984,T010,275,-13.888754032505751,7.258901704667821,10.873379202159247,True,0,mapped,True,0.0
T088,L,2985,T010,276,-13.432077757428726,6.769782896044656,11.24761382777302,True,0,mapped,True,0.0
T088,L,2986,T010,277,-13.0194268195557,6.175155598085781,11.63258943940691,True,0,mapped,True,0.0
T088,L,2987,T010,278,-12.575370415420752,5.577352760409356,12.018839150706036,True,0,mapped,True,0.0
T088,L,2988,T010,279,-12.113241932122513,5.169935649540608,12.382883435474326,True,0,mapped,True,0.0
T088,L,2988,T013,279,-12.11324193212251,5.169935649540609,12.382883435474328,True,0,mapped,False,4.070144838902081e-15
T088,L,2989,T010,281,-15.167779021430045,9.341504029461513,8.631543077379735,True,0,mapped,True,0.0
T088,L,2990,T010,282,-14.804274052039643,8.81373715083849,9.344654521360637,True,0,mapped,True,0.0
T088,L,2991,T010,283,-14.302367635368755,8.181207680096104,10.119841650946222,True,0,mapped,True,0.0
T088,L,2992,T010,284,-13.90783678349164,7.6493913362977395,10.619043842162707,True,0,mapped,True,0.0
T088,L,2993,T010,285,-13.440863239504385,7.17531923836965,11.039257722367338,True,0,mapped,True,0.0
T088,L,2994,T010,286,-13.082628863341007,6.6061004110574295,11.414214896858176,True,0,mapped,True,0.0
T088,L,2995,T010,287,-12.5988988639278,6.026720379186537,11.813881305967312,True,0,mapped,True,0.0
T088,L,2996,T010,288,-12.194801330566406,5.570926171930025,12.1802987668657,True,0,mapped,True,0.0
T088,L,2996,T013,288,-12.194801330566406,5.570926171930025,12.1802987668657,True,0,mapped,False,0.0
T088,L,2997,T010,290,-14.645798816138845,9.179652780780096,8.829022192823492,True,0,mapped,True,0.0
T088,L,2998,T010,291,-14.3112003411912,8.691726449740514,9.58550943003914,True,0,mapped,True,0.0
T088,L,2999,T010,292,-13.978715741958744,8.102895486654912,10.301906486266134,True,0,mapped,True,0.0
T088,L,3000,T010,293,-13.516454212859568,7.556539911681394,10.801452869085432,True,0,mapped,True,0.0
T088,L,3001,T010,294,-13.170850726509109,7.014629226158243,11.207592298244172,True,0,mapped,True,0.0
T088,L,3002,T010,295,-12.74432672828067,6.439690447718775,11.602680613131827,True,0,mapped,True,0.0
T088,L,3003,T010,296,-12.19480133056641,5.999849672648282,11.98683863582763,True,0,mapped,True,0.0
T088,L,3003,T013,296,-12.194801330566404,5.999849672648288,11.986838635827633,True,0,mapped,False,8.926082647349967e-15
T088,L,3004,T010,298,-14.24746652581874,8.975414982416401,9.088964527989011,True,0,mapped,True,0.0
T088,L,3005,T010,299,-14.068092292698807,8.429379244285348,9.953449331862764,True,0,mapped,True,0.0
T088,L,3006,T010,300,-13.50910700620513,7.87698018338919,10.60584524877145,True,0,mapped,True,0.0
T088,L,3007,T010,301,-13.17820665110346,7.429264393844376,11.000838123991176,True,0,mapped,True,0.0
T088,L,3008,T010,302,-12.753507488149936,6.875145221379076,11.39635470254906,True,0,mapped,True,0.0
T088,L,3009,T010,303,-12.33775470785159,6.383328150437519,11.771014460325944,True,0,mapped,True,0.0
T088,L,3009,T013,303,-12.33775470785159,6.383328150437519,11.771014460325944,True,0,mapped,False,0.0
T088,L,3010,T010,305,-13.926662677789167,8.804978537054042,9.373092393206017,True,0,mapped,True,0.0
T088,L,3011,T010,306,-13.500472164998875,8.35537264253239,10.10398269901124,True,0,mapped,True,0.0
T088,L,3012,T010,307,-13.20469571293621,7.809885174128464,10.7379828777569,True,0,mapped,True,0.0
T088,L,3013,T010,308,-12.777259840453514,7.258766226459812,11.186746934711564,True,0,mapped,True,0.0
T088,L,3014,T010,309,-12.394801139831545,6.793248352559921,11.567301768774106,True,0,mapped,True,0.0
T088,L,3014,T013,309,-12.394801139831545,6.793248352559922,11.567301768774108,True,0,mapped,False,1.9860273225978185e-15
T088,L,3015,T010,311,-13.545891836709282,8.63442667061273,9.657249548646002,True,0,mapped,True,0.0
T088,L,3016,T010,312,-13.219414585648876,8.167975782551665,10.446502185387674,True,0,mapped,True,0.0
T088,L,3017,T010,313,-12.795570127497502,7.677185392836688,10.933631828411029,True,0,mapped,True,0.0
T088,L,3018,T010,314,-12.394801139831545,7.222550922992354,11.374665014811598,True,0,mapped,True,0.0
T088,L,3018,T013,314,-12.39480113983154,7.222550922992357,11.3746650148116,True,0,mapped,False,6.646518689688359e-15
T088,L,3019,T010,316,-13.148287206265191,8.424111652775325,9.944359134906213,True,0,mapped,True,0.0
T088,L,3020,T010,317,-12.819635647627615,8.08019515520488,10.682782054871776,True,0,mapped,True,0.0
T088,L,3021,T010,318,-12.394720539019502,7.63496307677352,11.148272765313726,True,0,mapped,True,0.0
T088,L,3021,T013,318,-12.3947205390195,7.634963076773522,11.148272765313727,True,0,mapped,False,3.076740298213702e-15
T088,L,3022,T010,320,-12.80371528992398,8.345222550243944,10.191526399125864,True,0,mapped,True,0.0
T088,L,3023,T010,321,-12.39593169111498,7.990369860642879,10.877365285092615,True,0,mapped,True,0.0
T088,L,3023,T013,321,-12.39593169111498,7.990369860642879,10.877365285092614,True,0,mapped,False,1.7763568394002505e-15
T088,L,3024,T010,323,-12.430802516512731,8.21699025255003,10.489406660129788,True,0,mapped,True,0.0
T088,L,3024,T013,323,-12.430802516512731,8.21699025255003,10.489406660129788,True,0,mapped,False,0.0
T088,L,3025,T011,26,-33.83231457953416,-1.9016421744290128,-1.7246909853369603,True,0,mapped,True,0.0
T088,L,3026,T011,27,-33.312858764458724,-2.0778175633593152,-0.5554873707956138,True,0,mapped,True,0.0
T088,L,3027,T011,28,-32.71687033623344,-2.377343309707808,0.6147972983837817,True,0,mapped,True,0.0
T088,L,3028,T011,29,-32.06365776264934,-2.569730443646238,1.822232338050302,True,0,mapped,True,0.0
T088,L,3029,T011,30,-31.479906512730388,-2.742667223208289,3.0215800197434963,True,0,mapped,True,0.0
T088,L,3030,T011,31,-30.896284132566738,-2.9276887644854126,4.166365898802619,True,0,mapped,True,0.0
T088,L,3031,T011,32,-30.21437465638163,-2.9178819312257125,5.435329776524669,True,0,mapped,True,0.0
T088,L,3032,T011,33,-29.177697168745325,-2.923592915844823,6.381033261705884,True,0,mapped,True,0.0
T088,L,3033,T011,34,-28.01631655434752,-2.893394686348536,7.050076848873044,True,0,mapped,True,0.0
T088,L,3034,T011,35,-26.86382429266257,-2.8685204957840584,7.798733162748183,True,0,mapped,True,0.0
T088,L,3035,T011,36,-25.877496662079217,-2.898691110930556,8.85092896074398,True,0,mapped,True,0.0
T088,L,3036,T011,37,-24.85634973761541,-3.0558189188760965,9.78194596233515,True,0,mapped,True,0.0
T088,L,3037,T011,38,-23.74825422757957,-3.031781923752358,10.646344917032437,True,0,mapped,True,0.0
T088,L,3038,T011,39,-22.41669252399442,-2.9444574264213323,11.234469087507714,True,0,mapped,True,0.0
T088,L,3039,T011,40,-21.053674615092437,-2.9117470441582287,11.645156014527036,True,0,mapped,True,0.0
T088,L,3040,T011,41,-19.80213443526148,-2.885946476096146,12.00573010579383,True,0,mapped,True,0.0
T088,L,3041,T011,42,-18.39322577264102,-2.89626110777843,12.59241016675714,True,0,mapped,True,0.0
T088,L,3042,T011,43,-17.237233755466956,-2.9259425516378554,12.944742562453134,True,0,mapped,True,0.0
T088,L,3043,T011,44,-15.963387320383758,-2.734506864458168,13.262628797432644,True,0,mapped,True,0.0
T088,L,3044,T011,45,-14.575989973501535,-2.4680752647865383,13.495925856157053,True,0,mapped,True,0.0
T088,L,3045,T011,46,-13.18280698646382,-2.331082885853654,13.646560354523078,True,0,mapped,True,0.0
T088,L,3046,T011,47,-11.958180389914732,-2.2394307424085067,13.731865697928026,True,0,mapped,True,0.0
T088,L,3047,T011,48,-11.269761268639538,-1.82870432554454,13.762138707314936,True,2,smooth_near_vertex,False,0.5155559589618937
T088,L,3047,T015,23,-10.794801712036133,-1.628250859149095,13.767595283371822,True,0,mapped,True,0.0
T088,L,3048,T011,50,-33.5976641255137,-2.3043369801707616,-1.201914500429676,True,0,mapped,True,0.0
T088,L,3049,T011,51,-33.0003137024493,-2.4724122738467607,-0.0245307549591028,True,0,mapped,True,0.0
T088,L,3050,T011,52,-32.33568700732439,-2.742975767811513,1.1524905940885823,True,0,mapped,True,0.0
T088,L,3051,T011,53,-31.63743191290162,-2.861796088597905,2.341756832962703,True,0,mapped,True,0.0
T088,L,3052,T011,54,-31.09959523503557,-2.943698016713925,3.535715782797099,True,0,mapped,True,0.0
T088,L,3053,T011,55,-30.42892376344501,-3.1427988433950604,4.706014533707257,True,0,mapped,True,0.0
T088,L,3054,T011,56,-29.522884755625302,-3.137827827707292,5.815813810967758,True,0,mapped,True,0.0
T088,L,3055,T011,57,-28.442751109586084,-3.068990128627544,6.557355066913901,True,0,mapped,True,0.0
T088,L,3056,T011,58,-27.27101217159116,-3.01522704302596,7.119884128281976,True,0,mapped,True,0.0
T088,L,3057,T011,59,-26.21013725969061,-3.0010386699274494,8.08024991933841,True,0,mapped,True,0.0
T088,L,3058,T011,60,-25.20214946693012,-3.1889219953605403,8.967144743087697,True,0,mapped,True,0.0
T088,L,3059,T011,61,-24.028524595219277,-3.2871554035615103,9.93597540586794,True,0,mapped,True,0.0
T088,L,3060,T011,62,-22.814717187430887,-3.212992264846755,10.527443826589248,True,0,mapped,True,0.0
T088,L,3061,T011,63,-21.50119955033797,-3.103250432058009,11.066714248995972,True,0,mapped,True,0.0
T088,L,3062,T011,64,-20.17270155288253,-3.018137963515557,11.564183056552595,True,0,mapped,True,0.0
T088,L,3063,T011,65,-18.862559804486267,-2.981229505330589,12.070137049969285,True,0,mapped,True,0.0
T088,L,3064,T011,66,-17.565147869677407,-3.1040078700846347,12.605318881145816,True,0,mapped,True,0.0
T088,L,3065,T011,67,-16.50703817626086,-3.0296773824649,12.941966568978035,True,0,mapped,True,0.0
T088,L,3066,T011,68,-15.104799569400866,-2.833418717531418,13.227931111208884,True,0,mapped,True,0.0
T088,L,3067,T011,69,-13.801494656344213,-2.714169405239916,13.434822556309172,True,0,mapped,True,0.0
T088,L,3068,T011,70,-12.385792231782348,-2.5752867111171533,13.594675575037389,True,0,mapped,True,0.0
T088,L,3069,T011,71,-11.226657764236588,-2.132336312878345,13.716782209944997,True,0,mapped,True,0.0
T088,L,3069,T015,22,-11.22665776423659,-2.132336312878348,13.716782209944997,True,0,mapped,False,3.580361673049448e-15
T088,L,3070,T011,73,-33.313598516155515,-2.604436700529846,-0.6690016109672652,True,0,mapped,True,0.0
T088,L,3071,T011,74,-32.63794886862689,-2.8747408003132424,0.5337969718494218,True,0,mapped,True,0.0
T088,L,3072,T011,75,-31.86077088574756,-3.061667900102564,1.694836284348901,True,0,mapped,True,0.0
T088,L,3073,T011,76,-31.21426382245543,-3.151902664590751,3.020625640155472,True,0,mapped,True,0.0
T088,L,3074,T011,77,-30.606295029366407,-3.3049833082149167,4.054908269873343,True,0,mapped,True,0.0
T088,L,3075,T011,78,-29.81151991394185,-3.312878882553957,5.232316184676471,True,0,mapped,True,0.0
T088,L,3076,T011,79,-28.83951589014415,-3.283938783259816,6.0339036693588985,True,0,mapped,True,0.0
T088,L,3077,T011,80,-27.619344439731098,-3.184171021895694,6.635419082578192,True,0,mapped,True,0.0
T088,L,3078,T011,81,-26.51346814532144,-3.0663613000929915,7.313665305528296,True,0,mapped,True,0.0
T088,L,3079,T011,82,-25.47065033198929,-3.234883993744429,8.261923539832516,True,0,mapped,True,0.0
T088,L,3080,T011,83,-24.395500671294684,-3.46813056200416,9.115029467880865,True,0,mapped,True,0.0
T088,L,3081,T011,84,-23.12447168479994,-3.425983856645634,9.97185232239454,True,0,mapped,True,0.0
T088,L,3082,T011,85,-21.915393274323502,-3.273088303729703,10.48512211264917,True,0,mapped,True,0.0
T088,L,3083,T011,86,-20.499761372939325,-3.156668276350133,10.980877910360991,True,0,mapped,True,0.0
T088,L,3084,T011,87,-19.283415399101592,-3.101885120084149,11.458151722857018,True,0,mapped,True,0.0
T088,L,3085,T011,88,-17.966220537561906,-3.207999948176835,12.081851675577118,True,0,mapped,True,0.0
T088,L,3086,T011,89,-16.747038435375245,-3.2889815969534038,12.53293856412756,True,0,mapped,True,0.0
T088,L,3087,T011,90,-15.592932859615624,-3.1805311064282598,12.895466570038328,True,0,mapped,True,0.0
T088,L,3088,T011,91,-14.200341033733434,-3.041710432542173,13.194073558217962,True,0,mapped,True,0.0
T088,L,3089,T011,92,-12.782188104056374,-2.96054030266335,13.37669202094499,True,0,mapped,True,0.0
T088,L,3090,T011,93,-11.58959629954082,-2.6885080758874143,13.54470258601317,True,0,mapped,True,0.0
T088,L,3090,T015,21,-11.58959629954082,-2.6885080758874174,13.54470258601317,True,0,mapped,False,3.1086244689504383e-15
T088,L,3091,T011,95,-32.96174181339536,-3.1194058793821817,-0.0926285574300122,True,0,mapped,True,0.0
T088,L,3092,T011,96,-32.17985513018988,-3.3086865090403528,1.0640883788356428,True,0,mapped,True,0.0
T088,L,3093,T011,97,-31.41141191185157,-3.3530827997284165,2.3133245822432515,True,0,mapped,True,0.0
T088,L,3094,T011,98,-30.847851763801263,-3.401973610257261,3.419895565010488,True,0,mapped,True,0.0
T088,L,3095,T011,99,-30.00437917007799,-3.572774959804316,4.535223457322726,True,0,mapped,True,0.0
T088,L,3096,T011,100,-29.15675380712265,-3.4707834942291966,5.507731958835077,True,0,mapped,True,0.0
T088,L,3097,T011,101,-28.07200066051677,-3.3816336817693537,6.1818728699839305,True,0,mapped,True,0.0
T088,L,3098,T011,102,-26.893344024235056,-3.1950919404439864,6.730026927241823,True,0,mapped,True,0.0
T088,L,3099,T011,103,-25.764160394908,-3.1854817815419936,7.595221494280291,True,0,mapped,True,0.0
T088,L,3100,T011,104,-24.82630653742366,-3.4432896082925795,8.389624989648235,True,0,mapped,True,0.0
T088,L,3101,T011,105,-23.531542209013672,-3.6108550926055,9.236189007444526,True,0,mapped,True,0.0
T088,L,3102,T011,106,-22.20071936770679,-3.4616082343757544,9.913025460319249,True,0,mapped,True,0.0
T088,L,3103,T011,107,-20.94369279487008,-3.314019274124174,10.459521887733487,True,0,mapped,True,0.0
T088,L,3104,T011,108,-19.676134589863405,-3.2165348890375043,10.92091125394495,True,0,mapped,True,0.0
T088,L,3105,T011,109,-18.350975832345213,-3.285381657440216,11.460924808450594,True,0,mapped,True,0.0
T088,L,3106,T011,110,-17.084551158070916,-3.448808065954162,12.078733410382329,True,0,mapped,True,0.0
T088,L,3107,T011,111,-15.94650107916239,-3.417467969412119,12.551292268536509,True,0,mapped,True,0.0
T088,L,3108,T011,112,-14.720533046432372,-3.397379892583583,12.806709058824858,True,0,mapped,True,0.0
T088,L,3109,T011,113,-13.338785585148829,-3.3187488958586706,13.113472656500154,True,0,mapped,True,0.0
T088,L,3110,T011,114,-11.910595520699584,-3.176731226124013,13.27161221720496,True,0,mapped,True,0.0
T088,L,3110,T015,20,-11.910595520699584,-3.176731226124016,13.271612217204956,True,0,mapped,False,6.169484474161015e-15
T088,L,3111,T011,116,-32.50841958881664,-3.446720558158628,0.5693943960517798,True,0,mapped,True,0.0
T088,L,3112,T011,117,-31.72720223911924,-3.565282308450722,1.622366915714311,True,0,mapped,True,0.0
T088,L,3113,T011,118,-31.01140031194655,-3.597597340310569,2.817718453367289,True,0,mapped,True,0.0
T088,L,3114,T011,119,-30.34212702996491,-3.7179904246890345,3.817943479278122,True,0,mapped,True,0.0
T088,L,3115,T011,120,-29.389834935330388,-3.70116687308111,4.908407242120993,True,0,mapped,True,0.0
T088,L,3116,T011,121,-28.46178587562657,-3.575578656722752,5.694365329161307,True,0,mapped,True,0.0
T088,L,3117,T011,122,-27.27654166521757,-3.3990603989223693,6.232984660408216,True,0,mapped,True,0.0
T088,L,3118,T011,123,-26.19879023175829,-3.2078962192348768,6.826047332650263,True,0,mapped,True,0.0
T088,L,3119,T011,124,-25.12719249734894,-3.3001721922501286,7.597538796923906,True,0,mapped,True,0.0
T088,L,3120,T011,125,-23.84388324199293,-3.521412531423902,8.385568626738829,True,0,mapped,True,0.0
T088,L,3121,T011,126,-22.45636523414856,-3.5994879803955677,9.204817276942896,True,0,mapped,True,0.0
T088,L,3122,T011,127,-21.279153784553717,-3.456017319826878,9.812393824559669,True,0,mapped,True,0.0
T088,L,3123,T011,128,-20.05470924190852,-3.351375566048122,10.412651386603896,True,0,mapped,True,0.0
T088,L,3124,T011,129,-18.700989231748828,-3.329196346004039,10.905133176450928,True,0,mapped,True,0.0
T088,L,3125,T011,130,-17.44198545956672,-3.455273821974916,11.565366691664034,True,0,mapped,True,0.0
T088,L,3126,T011,131,-16.20272601657731,-3.6507450057833326,12.047945715016043,True,0,mapped,True,0.0
T088,L,3127,T011,132,-14.96873291310562,-3.664442697220764,12.453872240203577,True,0,mapped,True,0.0
T088,L,3128,T011,133,-13.92608455709216,-3.626576637428579,12.747128786605934,True,0,mapped,True,0.0
T088,L,3129,T011,134,-12.421406949088558,-3.5394468499244964,13.009149953783304,True,0,mapped,True,0.0
T088,L,3129,T015,19,-12.42140694908856,-3.5394468499244995,13.009149953783304,True,0,mapped,False,3.580361673049448e-15
T088,L,3130,T011,136,-32.06645572905672,-3.825309019928364,1.057698347776735,True,0,mapped,True,0.0
T088,L,3131,T011,137,-31.236869446793136,-3.845688210413389,2.186513118758079,True,0,mapped,True,0.0
T088,L,3132,T011,138,-30.59284813341745,-3.8528303421521217,3.2217449683021413,True,0,mapped,True,0.0
T088,L,3133,T011,139,-29.63539526463366,-3.975143252827961,4.305492032487157,True,0,mapped,True,0.0
T088,L,3134,T011,140,-28.754091075971807,-3.7555336025141344,5.248619668252028,True,0,mapped,True,0.0
T088,L,3135,T011,141,-27.71316545298644,-3.61716982565697,5.739523381743423,True,0,mapped,True,0.0
T088,L,3136,T011,142,-26.46350927216088,-3.330916886016814,6.414064942990346,True,0,mapped,True,0.0
T088,L,3137,T011,143,-25.386879473238157,-3.229628675259062,7.059920388054907,True,0,mapped,True,0.0
T088,L,3138,T011,144,-24.1343750710604,-3.3483017290044144,7.715569145339893,True,0,mapped,True,0.0
T088,L,3139,T011,145,-22.882279115969943,-3.507428544061301,8.467644041691536,True,0,mapped,True,0.0
T088,L,3140,T011,146,-21.567721287359884,-3.495872223558755,9.133763080588878,True,0,mapped,True,0.0
T088,L,3141,T011,147,-20.332491472673084,-3.405095892921436,9.746179472515594,True,0,mapped,True,0.0
T088,L,3142,T011,148,-19.074097400795427,-3.345678084733397,10.359210178896454,True,0,mapped,True,0.0
T088,L,3143,T011,149,-17.856542720370136,-3.446150107802376,10.96787394611971,True,0,mapped,True,0.0
T088,L,3144,T011,150,-16.61499585300244,-3.780172956911661,11.49913290782514,True,0,mapped,True,0.0
T088,L,3145,T011,151,-15.26407290371156,-3.904973234140102,11.971522304019606,True,0,mapped,True,0.0
T088,L,3146,T011,152,-14.11592855132028,-3.9626828277159527,12.334972631642948,True,0,mapped,True,0.0
T088,L,3147,T011,153,-12.948994689144191,-3.87208559519242,12.721391094503817,True,0,mapped,True,0.0
T088,L,3147,T015,18,-12.948994689144197,-3.872085595192422,12.721391094503817,True,0,mapped,False,5.617333549722722e-15
T088,L,3148,T011,155,-31.589780460547097,-3.9958095016290422,1.6254863060043625,True,0,mapped,True,0.0
T088,L,3149,T011,156,-30.74865513844676,-4.090123701907054,2.7122774600525696,True,0,mapped,True,0.0
T088,L,3150,T011,157,-29.97468382182068,-4.144134736284136,3.7001387827467647,True,0,mapped,True,0.0
T088,L,3151,T011,158,-28.99121791782755,-4.065552820907579,4.6267335505049685,True,0,mapped,True,0.0
T088,L,3152,T011,159,-28.088119529291745,-3.838525497050449,5.273625618802342,True,0,mapped,True,0.0
T088,L,3153,T011,160,-26.820368864629373,-3.5692702620138217,5.831926253394933,True,0,mapped,True,0.0
T088,L,3154,T011,161,-25.66042244068457,-3.304313669304352,6.429060040230578,True,0,mapped,True,0.0
T088,L,3155,T011,162,-24.57462666019902,-3.2026813014503706,6.969110267301446,True,0,mapped,True,0.0
T088,L,3156,T011,163,-23.281281327917743,-3.3175512484623586,7.749400417905472,True,0,mapped,True,0.0
T088,L,3157,T011,164,-21.96748477821308,-3.3928977708108445,8.430107379728137,True,0,mapped,True,0.0
T088,L,3158,T011,165,-20.68901695820553,-3.3401074983064367,9.007104564563964,True,0,mapped,True,0.0
T088,L,3159,T011,166,-19.31693737178376,-3.2658492180419594,9.692971064191797,True,0,mapped,True,0.0
T088,L,3160,T011,167,-18.1638149792361,-3.4002937566136,10.294237528834604,True,0,mapped,True,0.0
T088,L,3161,T011,168,-17.003088059104943,-3.7468409203046615,10.89710392895736,True,0,mapped,True,0.0
T088,L,3162,T011,169,-15.750749115784608,-4.073960443524882,11.39491477968685,True,0,mapped,True,0.0
T088,L,3163,T011,170,-14.520288975239607,-4.178371847325834,11.903837997761464,True,0,mapped,True,0.0
T088,L,3164,T011,171,-13.326874858510298,-4.176516953458977,12.317620325931845,True,0,mapped,True,0.0
T088,L,3164,T015,17,-13.326874858510298,-4.176516953458978,12.317620325931838,True,0,mapped,False,7.160723346098895e-15
T088,L,3165,T011,173,-31.12230346822237,-4.283846316246813,2.050366953020715,True,0,mapped,True,0.0
T088,L,3166,T011,174,-30.204196111260632,-4.302754779698134,3.176105772156178,True,0,mapped,True,0.0
T088,L,3167,T011,175,-29.34002126364876,-4.246112931580202,4.143972534731746,True,0,mapped,True,0.0
T088,L,3168,T011,176,-28.36386218052356,-4.00973756221622,4.94689109200649,True,0,mapped,True,0.0
T088,L,3169,T011,177,-27.220549914364785,-3.8877100721608047,5.288157743074998,True,0,mapped,True,0.0
T088,L,3170,T011,178,-25.943579059426504,-3.44543015356367,5.91985570995371,True,0,mapped,True,0.0
T088,L,3171,T011,179,-24.87798734418817,-3.2208301121985192,6.382336855226375,True,0,mapped,True,0.0
T088,L,3172,T011,180,-23.65487638581945,-3.1648000869516526,6.99424188041402,True,0,mapped,True,0.0
T088,L,3173,T011,181,-22.35204948267489,-3.236857747258197,7.695189880583905,True,0,mapped,True,0.0
T088,L,3174,T011,182,-21.03897448145187,-3.2618073453720937,8.398970868408123,True,0,mapped,True,0.0
T088,L,3175,T011,183,-19.72147809462311,-3.229319621854491,9.134526150906895,True,0,mapped,True,0.0
T088,L,3176,T011,184,-18.43606209046292,-3.347914238666815,9.680200120607044,True,0,mapped,True,0.0
T088,L,3177,T011,185,-17.32355864351753,-3.64627895904198,10.232789956823332,True,0,mapped,True,0.0
T088,L,3178,T011,186,-16.079145496915466,-4.14329487993064,10.866140587996066,True,0,mapped,True,0.0
T088,L,3179,T011,187,-14.84812672046714,-4.338225485430644,11.446892762194825,True,0,mapped,True,0.0
T088,L,3180,T011,188,-13.594691265815044,-4.50048017501831,11.815792572559706,True,0,mapped,True,0.0
T088,L,3180,T015,16,-13.594691265815046,-4.500480175018311,11.815792572559705,True,0,mapped,False,3.076740298213702e-15
T088,L,3181,T011,190,-30.632558219733816,-4.480478799804056,2.549147786317195,True,0,mapped,True,0.0
T088,L,3182,T011,191,-29.708712981910523,-4.465351684177893,3.5466222987820992,True,0,mapped,True,0.0
T088,L,3183,T011,192,-28.705045873207872,-4.324681459489004,4.409906526383395,True,0,mapped,True,0.0
T088,L,3184,T011,193,-27.578636689796166,-4.120073957501268,4.935107049583934,True,0,mapped,True,0.0
T088,L,3185,T011,194,-26.385290344520467,-3.734609915088128,5.446765958688936,True,0,mapped,True,0.0
T088,L,3186,T011,195,-25.233949874919208,-3.365618539020912,5.818380003443648,True,0,mapped,True,0.0
T088,L,3187,T011,196,-24.11273665969011,-3.14965041829846,6.341688629253845,True,0,mapped,True,0.0
T088,L,3188,T011,197,-22.73706755488947,-3.144677954591575,7.071380245462026,True,0,mapped,True,0.0
T088,L,3189,T011,198,-21.442271268113096,-3.196932985609347,7.739468449884234,True,0,mapped,True,0.0
T088,L,3190,T011,199,-20.14502303035097,-3.182948958731954,8.474628391974608,True,0,mapped,True,0.0
T088,L,3191,T011,200,-18.85059584753025,-3.339680373198473,9.09894134201725,True,0,mapped,True,0.0
T088,L,3192,T011,201,-17.577380560722737,-3.646308726267373,9.660223733182628,True,0,mapped,True,0.0
T088,L,3193,T011,202,-16.442031412785823,-4.1159141044967225,10.2214025978757,True,0,mapped,True,0.0
T088,L,3194,T011,203,-15.193268739102855,-4.552982042673726,10.811453251054331,True,0,mapped,True,0.0
T088,L,3195,T011,204,-13.99480152130127,-4.663008579805365,11.37880371193986,True,0,mapped,True,0.0
T088,L,3195,T015,15,-13.99480152130127,-4.663008579805367,11.378803711939856,True,0,mapped,False,3.972054645195637e-15
T088,L,3196,T011,206,-29.97155611745944,-4.706668335881917,3.0600265920948244,True,0,mapped,True,0.0
T088,L,3197,T011,207,-29.08417191203472,-4.5121621155602805,3.961865153553711,True,0,mapped,True,0.0
T088,L,3198,T011,208,-28.02005383010809,-4.413674008006417,4.571284518247884,True,0,mapped,True,0.0
T088,L,3199,T011,209,-26.80526628912525,-4.092160912163013,4.999443161371064,True,0,mapped,True,0.0
T088,L,3200,T011,210,-25.582291790561477,-3.62982619249485,5.357765244232471,True,0,mapped,True,0.0
T088,L,3201,T011,211,-24.371953362082703,-3.322744359741668,5.765034975585762,True,0,mapped,True,0.0
T088,L,3202,T011,212,-23.177821063707064,-3.140344587964839,6.351451446408294,True,0,mapped,True,0.0
T088,L,3203,T011,213,-21.873074825141565,-3.172090084525709,7.064705532563426,True,0,mapped,True,0.0
T088,L,3204,T011,214,-20.616460302885123,-3.2120351949935,7.830750225402156,True,0,mapped,True,0.0
T088,L,3205,T011,215,-19.250837418602927,-3.281138881912197,8.591310786299447,True,0,mapped,True,0.0
T088,L,3206,T011,216,-17.971512779043643,-3.624863436259198,9.127958695397444,True,0,mapped,True,0.0
T088,L,3207,T011,217,-16.783225032617857,-4.106777578171897,9.646136699930643,True,0,mapped,True,0.0
T088,L,3208,T011,218,-15.520515901161003,-4.650749760171417,10.260812963461673,True,0,mapped,True,0.0
T088,L,3209,T011,219,-14.278131318089336,-4.8994491881233,10.829110379953292,True,0,mapped,True,0.0
T088,L,3209,T015,14,-14.278131318089333,-4.899449188123302,10.82911037995329,True,0,mapped,False,4.782987168225453e-15
T088,L,3210,T011,221,-29.402983066770705,-4.879460795182215,3.350664137998402,True,0,mapped,True,0.0
T088,L,3211,T011,222,-28.35920456890284,-4.67084776244269,4.197567900774322,True,0,mapped,True,0.0
T088,L,3212,T011,223,-27.202954841392295,-4.346140251194635,4.729688974308267,True,0,mapped,True,0.0
T088,L,3213,T011,224,-26.073704990614843,-3.943985917790796,5.05297717774194,True,0,mapped,True,0.0
T088,L,3214,T011,225,-24.778619565327304,-3.529516567748896,5.318643454296824,True,0,mapped,True,0.0
T088,L,3215,T011,226,-23.54766336054008,-3.316424326070989,5.755790002824206,True,0,mapped,True,0.0
T088,L,3216,T011,227,-22.38264986125341,-3.1902932213716086,6.458672911280447,True,0,mapped,True,0.0
T088,L,3217,T011,228,-21.102743931474976,-3.239258696311677,7.18882697204128,True,0,mapped,True,0.0
T088,L,3218,T011,229,-19.714811981406,-3.3168903449218563,7.930962007874426,True,0,mapped,True,0.0
T088,L,3219,T011,230,-18.428135862580334,-3.594562720789508,8.518938249556811,True,0,mapped,True,0.0
T088,L,3220,T011,231,-17.175255344576,-4.088013050088648,9.085150945629389,True,0,mapped,True,0.0
T088,L,3221,T011,232,-15.959547329651734,-4.609621251273961,9.696770191154718,True,0,mapped,True,0.0
T088,L,3222,T011,233,-14.713809444623866,-5.003414553970393,10.307911441606604,True,0,mapped,True,0.0
T088,L,3222,T015,13,-14.713809444623864,-5.003414553970393,10.307911441606604,True,0,mapped,False,1.7763568394002505e-15
T088,L,3223,T011,235,-28.754375030056536,-4.8682311095192485,3.8062900489330382,True,0,mapped,True,0.0
T088,L,3224,T011,236,-27.63947610955961,-4.747466588815781,4.405100998371475,True,0,mapped,True,0.0
T088,L,3225,T011,237,-26.446034322767723,-4.288112535338652,4.774851915598628,True,0,mapped,True,0.0
T088,L,3226,T011,238,-25.303682659025927,-3.8704297996435537,4.944685384110096,True,0,mapped,True,0.0
T088,L,3227,T011,239,-23.961677623616826,-3.5056556681942355,5.218911981908827,True,0,mapped,True,0.0
T088,L,3228,T011,240,-22.76963485927633,-3.3408177846473497,5.849848048953258,True,0,mapped,True,0.0
T088,L,3229,T011,241,-21.491864149395365,-3.322847123699364,6.531407906131765,True,0,mapped,True,0.0
T088,L,3230,T011,242,-20.13651649265069,-3.3691840330406877,7.3035482186016,True,0,mapped,True,0.0
T088,L,3231,T011,243,-18.81401174541732,-3.5520230450037293,7.957938111008065,True,0,mapped,True,0.0
T088,L,3232,T011,244,-17.568042945239945,-4.088215748643561,8.446283774686984,True,0,mapped,True,0.0
T088,L,3233,T011,245,-16.27186003375659,-4.631129971962381,9.15768856069126,True,0,mapped,True,0.0
T088,L,3234,T011,246,-15.046411925038193,-5.100480079650879,9.764853126944384,True,0,mapped,True,0.0
T088,L,3234,T015,12,-15.046411925038193,-5.100480079650879,9.76485312694438,True,0,mapped,False,3.552713678800501e-15
T088,L,3235,T011,248,-28.04120563804401,-5.186048635340766,3.9705266042399416,True,0,mapped,True,0.0
T088,L,3236,T011,249,-26.9008866387415,-4.727289918925499,4.498700826098429,True,0,mapped,True,0.0
T088,L,3237,T011,250,-25.584386862031916,-4.303378586289709,4.648458087137092,True,0,mapped,True,0.0
T088,L,3238,T011,251,-24.46001737228143,-3.801594999783197,4.830754580082012,True,0,mapped,True,0.0
T088,L,3239,T011,252,-23.34267440224736,-3.506487027408092,5.2434089007314055,True,0,mapped,True,0.0
T088,L,3240,T011,253,-22.014164528039224,-3.425046004002146,5.883540834548411,True,0,mapped,True,0.0
T088,L,3241,T011,254,-20.632550360877644,-3.3898131117881984,6.656086990647796,True,0,mapped,True,0.0
T088,L,3242,T011,255,-19.28175398596294,-3.518071876289093,7.39519837683509,True,0,mapped,True,0.0
T088,L,3243,T011,256,-17.922204381054005,-4.0522630005836335,8.000084615437025,True,0,mapped,True,0.0
T088,L,3244,T011,257,-16.670277973805536,-4.635738673972957,8.556063351612808,True,0,mapped,True,0.0
T088,L,3245,T011,258,-15.473575779738493,-5.100480079650878,9.213931425995863,True,0,mapped,True,0.0
T088,L,3245,T015,11,-15.473575779738493,-5.100480079650879,9.213931425995863,True,0,mapped,False,8.881784197001252e-16
T088,L,3246,T011,260,-27.36782892116384,-5.16141369020373,4.214875300859381,True,0,mapped,True,0.0
T088,L,3247,T011,261,-26.0670185982951,-4.79366745640953,4.482776501350038,True,0,mapped,True,0.0
T088,L,3248,T011,262,-24.85283816375978,-4.144626280149576,4.599350108856739,True,0,mapped,True,0.0
T088,L,3249,T011,263,-23.55691865351916,-3.726724112111082,4.845806418408103,True,0,mapped,True,0.0
T088,L,3250,T011,264,-22.38289890539396,-3.5422207385633704,5.378376207644369,True,0,mapped,True,0.0
T088,L,3251,T011,265,-21.194894604349244,-3.4769650416846414,5.979179108359822,True,0,mapped,True,0.0
T088,L,3252,T011,266,-19.704261554023944,-3.555879160044685,6.738315993880072,True,0,mapped,True,0.0
T088,L,3253,T011,267,-18.390934062585323,-3.969952275516047,7.372564436999581,True,0,mapped,True,0.0
T088,L,3254,T011,268,-17.137146302443405,-4.564963945267589,8.019987170814343,True,0,mapped,True,0.0
T088,L,3255,T011,269,-15.902553975467622,-5.100480079650879,8.681783056050808,True,0,mapped,True,0.0
T088,L,3255,T015,10,-15.90255397546762,-5.100480079650879,8.681783056050804,True,0,mapped,False,3.972054645195637e-15
T088,L,3256,T011,271,-26.579504933557335,-5.156765008656305,4.355209233869961,True,0,mapped,True,0.0
T088,L,3257,T011,272,-25.167440548584537,-4.684251950572143,4.356794636821729,True,0,mapped,True,0.0
T088,L,3258,T011,273,-24.06077327268952,-4.1166646709016455,4.485791953916643,True,0,mapped,True,0.0
T088,L,3259,T011,274,-22.717507456684874,-3.8137984460460537,4.77790376246977,True,0,mapped,True,0.0
T088,L,3260,T011,275,-21.559922055205902,-3.619394077544196,5.437427644013747,True,0,mapped,True,0.0
T088,L,3261,T011,276,-20.209248742329272,-3.5670602214539517,6.125189373438229,True,0,mapped,True,0.0
T088,L,3262,T011,277,-18.72237715117724,-3.995902428267593,6.738225560700323,True,0,mapped,True,0.0
T088,L,3263,T011,278,-17.45903915817723,-4.606504480208928,7.436503997989506,True,0,mapped,True,0.0
T088,L,3264,T011,279,-16.319632373706785,-5.10048007965088,8.123067758326785,True,0,mapped,True,0.0
T088,L,3264,T015,9,-16.319632373706785,-5.100480079650879,8.123067758326785,True,0,mapped,False,8.881784197001252e-16
T088,L,3265,T011,281,-25.66151652783908,-5.241129540301277,4.315225311686248,True,0,mapped,True,0.0
T088,L,3266,T011,282,-24.41224693055696,-4.589299809091548,4.268976787238524,True,0,mapped,True,0.0
T088,L,3267,T011,283,-23.222283928406284,-4.24166805166271,4.343325338175135,True,0,mapped,True,0.0
T088,L,3268,T011,284,-21.881605639872404,-3.895234673831136,4.851910267937821,True,0,mapped,True,0.0
T088,L,3269,T011,285,-20.62727149568041,-3.7177549506964302,5.4958573432470015,True,0,mapped,True,0.0
T088,L,3270,T011,286,-19.175040493771853,-3.944854475652087,6.149413591555087,True,0,mapped,True,0.0
T088,L,3271,T011,287,-17.953615645952137,-4.522810710087561,6.842742415801086,True,0,mapped,True,0.0
T088,L,3272,T011,288,-16.715353639193683,-5.105342511283037,7.549118588180923,True,0,mapped,True,0.0
T088,L,3272,T015,8,-16.715353639193687,-5.105342511283038,7.549118588180924,True,0,mapped,False,4.351167857633658e-15
T088,L,3273,T011,290,-24.88286826261161,-5.179038704138359,4.1974577491217335,True,0,mapped,True,0.0
T088,L,3274,T011,291,-23.53498049635101,-4.499563958083428,4.198074001759293,True,0,mapped,True,0.0
T088,L,3275,T011,292,-22.111609157403908,-4.187649549284402,4.431147685766314,True,0,mapped,True,0.0
T088,L,3276,T011,293,-21.01748380338627,-3.916051904445641,5.0340424161156,True,0,mapped,True,0.0
T088,L,3277,T011,294,-19.693717898684437,-3.989251390251983,5.530110943603811,True,0,mapped,True,0.0
T088,L,3278,T011,295,-18.367188998815763,-4.471770435634976,6.245450085511111,True,0,mapped,True,0.0
T088,L,3279,T011,296,-17.12801851121704,-5.100480079650877,6.988501639160628,True,0,mapped,True,0.0
T088,L,3279,T015,7,-17.12801851121704,-5.100480079650879,6.988501639160629,True,0,mapped,False,1.9860273225978185e-15
T088,L,3280,T011,298,-24.005644978736974,-5.101304827566364,4.050165875344414,True,0,mapped,True,0.0
T088,L,3281,T011,299,-22.686802756852536,-4.638867388716962,4.087318910408947,True,0,mapped,True,0.0
T088,L,3282,T011,300,-21.2869001113445,-4.216089829289164,4.5841107386750375,True,0,mapped,True,0.0
T088,L,3283,T011,301,-20.19550527287342,-4.066848485899056,5.097979236011925,True,0,mapped,True,0.0
T088,L,3284,T011,302,-18.791374510550916,-4.479648687799173,5.6241001376099895,True,0,mapped,True,0.0
T088,L,3285,T011,303,-17.524268367444392,-5.10048007965088,6.414710132196943,True,0,mapped,True,0.0
T088,L,3285,T015,6,-17.52426836744439,-5.100480079650879,6.414710132196944,True,0,mapped,False,4.070144838902081e-15
T088,L,3286,T011,305,-23.107920730662045,-5.071505084840529,3.928087627581347,True,0,mapped,True,0.0
T088,L,3287,T011,306,-21.764918287851906,-4.703011126708029,4.094127865773133,True,0,mapped,True,0.0
T088,L,3288,T011,307,-20.53744441191264,-4.374606461273149,4.633666351856975,True,0,mapped,True,0.0
T088,L,3289,T011,308,-19.312923470981843,-4.420506426781246,5.171921613378048,True,0,mapped,True,0.0
T088,L,3290,T011,309,-17.92481351377199,-5.100560269275412,5.843983002912145,True,0,mapped,True,0.0
T088,L,3290,T015,5,-17.924813513771987,-5.100560269275412,5.8439830029121485,True,0,mapped,False,5.0242958677880805e-15
T088,L,3291,T011,311,-22.347858216965967,-5.097258748191818,3.909304993361249,True,0,mapped,True,0.0
T088,L,3292,T011,312,-20.937161677430343,-4.71237853340385,4.203311232257849,True,0,mapped,True,0.0
T088,L,3293,T011,313,-19.657485059026264,-4.661923499746402,4.617513337799088,True,0,mapped,True,0.0
T088,L,3294,T011,314,-18.32480743814993,-5.10270366982925,5.274665609173923,True,0,mapped,True,0.0
T088,L,3294,T015,4,-18.32480743814993,-5.102703669829255,5.274665609173923,True,0,mapped,False,5.329070518200751e-15
T088,L,3295,T011,316,-21.50743573015109,-5.110417243599137,3.904966192187016,True,0,mapped,True,0.0
T088,L,3296,T011,317,-20.20511530407711,-4.967273105967519,4.188026135603318,True,0,mapped,True,0.0
T088,L,3297,T011,318,-18.803314443720947,-5.100480079650879,4.767980053532105,True,0,mapped,True,0.0
T088,L,3297,T015,3,-18.803314443720947,-5.100480079650878,4.767980053532106,True,0,mapped,False,1.9860273225978185e-15
T088,L,3298,T011,320,-20.68608777939273,-5.212551897739388,3.938403534167012,True,0,mapped,True,0.0
T088,L,3299,T011,321,-19.37676320106388,-5.100480079650879,4.375501374787005,True,0,mapped,True,0.0
T088,L,3299,T015,2,-19.376763201063877,-5.100480079650879,4.375501374787006,True,0,mapped,False,3.66205343881779e-15
T088,L,3300,T011,323,-19.813510341894283,-5.418531490417661,4.017679488631223,True,0,mapped,True,0.0
T088,L,3300,T015,1,-19.81351034189428,-5.418531490417664,4.017679488631223,True,0,mapped,False,4.440892098500626e-15
T088,L,3301,T012,1,-13.619857072395774,-2.177754639930191,3.974599920697675,True,2,smooth_near_vertex,False,0.3154639345055436
T088,L,3301,T013,1,-13.794801712036136,-2.0973682035299337,3.724700165040153,True,0,mapped,True,0.0
T088,L,3302,T012,2,-13.521337594007708,-2.4056179133053304,4.411609051638109,True,2,smooth_near_vertex,False,0.22979933719695742
T088,L,3302,T013,2,-13.643940191146433,-2.3924663290073376,4.217693156514854,True,0,mapped,True,0.0
T088,L,3303,T012,3,-13.441570901248769,-2.5621179474623084,4.746360094543478,True,0,mapped,True,0.0
T088,L,3303,T013,3,-13.441570901248769,-2.5621179474623084,4.746360094543479,True,0,mapped,False,8.881784197001252e-16
T088,L,3304,T012,4,-13.248948002162214,-2.798261264673618,5.258591277478903,True,0,mapped,True,0.0
T088,L,3304,T013,4,-13.248948002162214,-2.7982612646736182,5.258591277478903,True,0,mapped,False,4.440892098500626e-16
T088,L,3305,T012,5,-12.995054634824257,-3.0119774886233284,5.732025816136475,True,0,mapped,True,0.0
T088,L,3305,T013,5,-12.99505463482426,-3.0119774886233284,5.732025816136475,True,0,mapped,False,3.552713678800501e-15
T088,L,3306,T012,6,-12.844619098376022,-3.100480079650879,6.283930925833534,True,0,mapped,True,0.0
T088,L,3306,T013,6,-12.844619098376022,-3.100480079650879,6.283930925833534,True,0,mapped,False,0.0
T088,L,3307,T012,7,-12.536046559187906,-3.124486122990524,6.78297338562329,True,0,mapped,True,0.0
T088,L,3307,T013,7,-12.536046559187906,-3.124486122990524,6.78297338562329,True,0,mapped,False,0.0
T088,L,3308,T012,8,-12.271019748853949,-3.3299258003635046,7.238034602025957,True,0,mapped,True,0.0
T088,L,3308,T013,8,-12.271019748853943,-3.3299258003635046,7.238034602025955,True,0,mapped,False,5.617333549722722e-15
T088,L,3309,T012,9,-12.049894506005112,-3.5004799365997314,7.711854232528218,True,0,mapped,True,0.0
T088,L,3309,T013,9,-12.049894506005112,-3.5004799365997314,7.711854232528218,True,0,mapped,False,0.0
T088,L,3310,T012,10,-11.81658321829448,-3.5004799365997314,8.260860602002843,True,0,mapped,True,0.0
T088,L,3310,T013,10,-11.81658321829448,-3.5004799365997314,8.260860602002843,True,0,mapped,False,0.0
T088,L,3311,T012,11,-11.425085769898638,-3.4684687758855306,8.707266383036776,True,0,mapped,True,0.0
T088,L,3311,T013,11,-11.42508576989864,-3.468468775885531,8.707266383036776,True,0,mapped,False,1.831026719408895e-15
T088,L,3312,T012,12,-11.00134623762246,-3.3429900530024304,9.092094733318069,True,0,mapped,True,0.0
T088,L,3312,T013,12,-11.001346237622462,-3.3429900530024304,9.092094733318069,True,0,mapped,False,1.7763568394002505e-15
T088,L,3313,T012,13,-10.5420392432623,-3.299564265040929,9.404764480038228,True,0,mapped,True,0.0
T088,L,3313,T013,13,-10.5420392432623,-3.299564265040929,9.404764480038228,True,0,mapped,False,0.0
T088,L,3314,T012,14,-10.058618031487462,-3.2236884680364386,9.740560876280824,True,0,mapped,True,0.0
T088,L,3314,T013,14,-10.058618031487462,-3.223688468036438,9.740560876280824,True,0,mapped,False,4.440892098500626e-16
T088,L,3315,T012,15,-9.633223107057749,-3.100480079650879,10.13356398635703,True,0,mapped,True,0.0
T088,L,3315,T013,15,-9.633223107057749,-3.100480079650879,10.13356398635703,True,0,mapped,False,0.0
T088,L,3316,T012,16,-9.282855007311332,-2.968939099978902,10.588448501946267,True,0,mapped,True,0.0
T088,L,3316,T013,16,-9.282855007311332,-2.9689390999789014,10.588448501946267,True,0,mapped,False,4.440892098500626e-16
T088,L,3317,T012,17,-9.02394377489357,-2.74393344235742,11.075335675543858,True,0,mapped,True,0.0
T088,L,3317,T013,17,-9.02394377489357,-2.74393344235742,11.075335675543858,True,0,mapped,False,0.0
T088,L,3318,T012,18,-8.823707770737755,-2.464587155589628,11.556222044143192,True,0,mapped,True,0.0
T088,L,3318,T013,18,-8.823707770737755,-2.464587155589628,11.556222044143192,True,0,mapped,False,0.0
T088,L,3319,T012,19,-8.746941495515276,-2.271069500031734,12.100919669503732,True,0,mapped,True,0.0
T088,L,3319,T013,19,-8.746941495515276,-2.2710695000317345,12.100919669503732,True,0,mapped,False,4.440892098500626e-16
T088,L,3320,T012,20,-8.884067727786048,-2.0915341466416923,12.642354945556596,True,0,mapped,True,0.0
T088,L,3320,T013,20,-8.884067727786048,-2.0915341466416923,12.642354945556596,True,0,mapped,False,0.0
T088,L,3321,T012,21,-9.206902287054268,-1.9096202872373529,13.03311813549436,True,0,mapped,True,0.0
T088,L,3321,T013,21,-9.206902287054268,-1.9096202872373529,13.03311813549436,True,0,mapped,False,0.0
T088,L,3322,T012,22,-9.595892258634596,-1.6975029657659253,13.302119560568633,True,0,mapped,True,0.0
T088,L,3322,T013,22,-9.595892258634596,-1.6975029657659253,13.302119560568633,True,0,mapped,False,0.0
T088,L,3323,T012,23,-9.871095162080676,-1.2633203239762172,13.573212719331682,True,0,mapped,True,0.0
T088,L,3323,T013,23,-9.871095162080676,-1.2633203239762172,13.573212719331682,True,0,mapped,False,0.0
T088,L,3324,T012,25,-13.619381401727251,-2.176141640462838,3.959929216995549,True,2,smooth_near_vertex,True,0.0
T088,L,3325,T012,26,-13.543907581812,-2.3623484529740777,4.299942955218448,True,2,smooth_near_vertex,True,0.0
T088,L,3326,T012,27,-13.480014820574286,-2.520250612854745,4.625533236092833,True,0,mapped,True,0.0
T088,L,3327,T012,28,-13.26631394450931,-2.760101220427704,5.125401363352861,True,0,mapped,True,0.0
T088,L,3328,T012,29,-12.981699392522044,-2.993673518986377,5.587612196669447,True,0,mapped,True,0.0
T088,L,3329,T012,30,-12.83776602026482,-3.128903968576277,6.0957656953157615,True,0,mapped,True,0.0
T088,L,3330,T012,31,-12.601509957417145,-3.191619425516268,6.5650772392135135,True,0,mapped,True,0.0
T088,L,3331,T012,32,-12.223189622145693,-3.330076689735208,7.027737295998605,True,0,mapped,True,0.0
T088,L,3332,T012,33,-12.050115964986656,-3.537869418732762,7.53492370933328,True,0,mapped,True,0.0
T088,L,3333,T012,34,-11.815789783836124,-3.6081074027524167,8.024432011761313,True,0,mapped,True,0.0
T088,L,3334,T012,35,-11.490649071839256,-3.583179771701668,8.560528774695875,True,0,mapped,True,0.0
T088,L,3335,T012,36,-11.068371563564494,-3.505246832011357,8.96912503482499,True,0,mapped,True,0.0
T088,L,3336,T012,37,-10.642278049024586,-3.369670539804058,9.31783567300277,True,0,mapped,True,0.0
T088,L,3337,T012,38,-10.161484492210413,-3.3327565982195773,9.638010697291246,True,0,mapped,True,0.0
T088,L,3338,T012,39,-9.688233829660646,-3.2587139439357165,10.032776155685674,True,0,mapped,True,0.0
T088,L,3339,T012,40,-9.348168651823746,-3.138389529903169,10.465902511735372,True,0,mapped,True,0.0
T088,L,3340,T012,41,-9.094140378985347,-2.90727364790407,10.932389710493682,True,0,mapped,True,0.0
T088,L,3341,T012,42,-8.909153671837316,-2.706011197906636,11.500677321018106,True,0,mapped,True,0.0
T088,L,3342,T012,43,-8.797704367004103,-2.457401666514942,12.03186903155546,True,0,mapped,True,0.0
T088,L,3343,T012,44,-8.914340540616916,-2.270231756926533,12.561424917715472,True,0,mapped,True,0.0
T088,L,3344,T012,45,-9.245106560193143,-2.118301156703845,12.914493516757648,True,0,mapped,True,0.0
T088,L,3345,T012,46,-9.656492888600503,-1.878315254646944,13.217315302952937,True,0,mapped,True,0.0
T088,L,3346,T012,47,-9.971645595954575,-1.5260299082895434,13.467075577126064,True,0,mapped,True,0.0
T088,L,3347,T012,48,-10.394801139831545,-1.279058912222808,13.69623300880287,True,0,mapped,True,0.0
T088,L,3347,T015,48,-10.394801139831545,-1.2790589122228089,13.696233008802873,True,0,mapped,False,1.9860273225978185e-15
T088,L,3348,T012,49,-13.518959240665096,-2.397552915968571,4.338255533127475,True,2,smooth_near_vertex,True,0.0
T088,L,3349,T012,50,-13.50389536150189,-2.496772995322793,4.489730772759048,True,0,mapped,True,0.0
T088,L,3350,T012,51,-13.280596050846842,-2.7225948351109235,4.990580683631469,True,0,mapped,True,0.0
T088,L,3351,T012,52,-13.016250039629352,-2.952434038139222,5.462785998916559,True,0,mapped,True,0.0
T088,L,3352,T012,53,-12.84676599617811,-3.1325622359278285,5.916984782512616,True,0,mapped,True,0.0
T088,L,3353,T012,54,-12.58280557003747,-3.299601867169961,6.398611454427236,True,0,mapped,True,0.0
T088,L,3354,T012,55,-12.233938734846056,-3.354932152002692,6.839549137634789,True,0,mapped,True,0.0
T088,L,3355,T012,56,-12.028254177016144,-3.5451643776037005,7.35083960724372,True,0,mapped,True,0.0
T088,L,3356,T012,57,-11.796777286353617,-3.666978132667925,7.835859043071836,True,0,mapped,True,0.0
T088,L,3357,T012,58,-11.570591623489833,-3.6557512709650255,8.402864632778492,True,0,mapped,True,0.0
T088,L,3358,T012,59,-11.158436319909804,-3.595154229163166,8.855056318539983,True,0,mapped,True,0.0
T088,L,3359,T012,60,-10.729709269502628,-3.468583962811602,9.223853410213549,True,0,mapped,True,0.0
T088,L,3360,T012,61,-10.272721100302933,-3.4226880941932176,9.536932727352854,True,0,mapped,True,0.0
T088,L,3361,T012,62,-9.700713164923872,-3.4526858426937563,9.97678757806651,True,0,mapped,True,0.0
T088,L,3362,T012,63,-9.417772888577584,-3.3179800022712715,10.349094050316976,True,0,mapped,True,0.0
T088,L,3363,T012,64,-9.158966681394894,-3.031339304090455,10.82795525553582,True,0,mapped,True,0.0
T088,L,3364,T012,65,-8.969517202693309,-2.8778565250491845,11.364101854337653,True,0,mapped,True,0.0
T088,L,3365,T012,66,-8.857254203178364,-2.6362084074451912,11.956430626842076,True,0,mapped,True,0.0
T088,L,3366,T012,67,-8.965937266468822,-2.4740002991784844,12.459282581769603,True,0,mapped,True,0.0
T088,L,3367,T012,68,-9.27609209816093,-2.2941274196019954,12.826168622666968,True,0,mapped,True,0.0
T088,L,3368,T012,69,-9.64927457012124,-2.074372338658033,13.11768693679628,True,0,mapped,True,0.0
T088,L,3369,T012,70,-9.991016087199707,-1.6867165833222448,13.395745081160758,True,0,mapped,True,0.0
T088,L,3370,T012,71,-10.394801139831545,-1.4588239638600744,13.622545498735889,True,0,mapped,True,0.0
T088,L,3370,T015,71,-10.394801139831545,-1.4588239638600744,13.62254549873589,True,0,mapped,False,1.7763568394002505e-15
T088,L,3371,T012,72,-13.408652617619246,-2.5549485751145733,4.603419187536852,True,3,smooth_internal,True,0.0
T088,L,3372,T012,73,-13.289280173768963,-2.6844930484693306,4.853682476861922,True,0,mapped,True,0.0
T088,L,3373,T012,74,-13.063941750323618,-2.914897628383957,5.346788265437984,True,0,mapped,True,0.0
T088,L,3374,T012,75,-12.844191025421146,-3.1193837674912963,5.744942308405285,True,0,mapped,True,0.0
T088,L,3375,T012,76,-12.600741682425092,-3.3038009504066927,6.2704085691531,True,0,mapped,True,0.0
T088,L,3376,T012,77,-12.26681115287473,-3.414804667967507,6.692798806938107,True,0,mapped,True,0.0
T088,L,3377,T012,78,-11.99210726910141,-3.525120343660272,7.16415555072345,True,0,mapped,True,0.0
T088,L,3378,T012,79,-11.878986745187492,-3.635515720703327,7.6932344273071775,True,0,mapped,True,0.0
T088,L,3379,T012,80,-11.536067442077782,-3.779045034765086,8.279395822457762,True,0,mapped,True,0.0
T088,L,3380,T012,81,-11.210201324646254,-3.757355103743233,8.685548714388444,True,0,mapped,True,0.0
T088,L,3381,T012,82,-10.81774117685978,-3.634191417278228,9.082854637270596,True,0,mapped,True,0.0
T088,L,3382,T012,83,-10.39130365057143,-3.4952039998663462,9.43368380588488,True,0,mapped,True,0.0
T088,L,3383,T012,84,-9.92640753342339,-3.497992986515068,9.767922995554166,True,0,mapped,True,0.0
T088,L,3384,T012,85,-9.497830163588633,-3.4891551130424325,10.199109972320922,True,0,mapped,True,0.0
T088,L,3385,T012,86,-9.215098753834567,-3.1726946733152004,10.72552715711366,True,0,mapped,True,0.0
T088,L,3386,T012,87,-9.022486002890137,-3.0500515233628422,11.20137265771211,True,0,mapped,True,0.0
T088,L,3387,T012,88,-8.926965769032202,-2.8552008182976847,11.846087729612536,True,0,mapped,True,0.0
T088,L,3388,T012,89,-9.03486542888264,-2.662203745535568,12.373961456767578,True,0,mapped,True,0.0
T088,L,3389,T012,90,-9.264962828830525,-2.4128201521266304,12.74585523719523,True,0,mapped,True,0.0
T088,L,3390,T012,91,-9.624477173447978,-2.235886323406421,13.035129516421527,True,0,mapped,True,0.0
T088,L,3391,T012,92,-9.968731582359997,-1.939011168163907,13.284594480308987,True,0,mapped,True,0.0
T088,L,3392,T012,93,-10.394801139831545,-1.6487182595258831,13.5817421459838,True,0,mapped,True,0.0
T088,L,3392,T015,93,-10.394801139831545,-1.648718259525883,13.5817421459838,True,0,mapped,False,2.220446049250313e-16
T088,L,3393,T012,94,-13.322475694541032,-2.640975340697599,4.732007967398967,True,0,mapped,True,0.0
T088,L,3394,T012,95,-13.121668533687243,-2.8759170880583627,5.238738218157837,True,0,mapped,True,0.0
T088,L,3395,T012,96,-12.826431712288931,-3.0983881768708903,5.601303671954645,True,0,mapped,True,0.0
T088,L,3396,T012,97,-12.496128267558865,-3.3754364880882743,6.023614774968372,True,0,mapped,True,0.0
T088,L,3397,T012,98,-12.283681670664672,-3.4741117876436087,6.537294009177417,True,0,mapped,True,0.0
T088,L,3398,T012,99,-11.960452063555689,-3.529434465232887,6.966893653683819,True,0,mapped,True,0.0
T088,L,3399,T012,100,-11.844748040110233,-3.696473703492648,7.566469564388958,True,0,mapped,True,0.0
T088,L,3400,T012,101,-11.55194565954972,-3.84567928619822,8.108965132816333,True,0,mapped,True,0.0
T088,L,3401,T012,102,-11.273862974409074,-3.882396902283378,8.508875281656982,True,0,mapped,True,0.0
T088,L,3402,T012,103,-10.896548645230595,-3.8353176419625976,8.914254101795402,True,0,mapped,True,0.0
T088,L,3403,T012,104,-10.443262255339798,-3.7210335770864185,9.316014429408067,True,0,mapped,True,0.0
T088,L,3404,T012,105,-10.022390982957765,-3.584274864710425,9.664263650059397,True,0,mapped,True,0.0
T088,L,3405,T012,106,-9.560087976902306,-3.5756187962508106,10.08996224345833,True,0,mapped,True,0.0
T088,L,3406,T012,107,-9.25903608879593,-3.425183957467012,10.600340029038833,True,0,mapped,True,0.0
T088,L,3407,T012,108,-9.087143943337164,-3.2234200086877927,11.045845628650063,True,0,mapped,True,0.0
T088,L,3408,T012,109,-8.965894326797493,-3.0495687206595785,11.727190116571938,True,0,mapped,True,0.0
T088,L,3409,T012,110,-9.051402381613144,-2.8651811384082064,12.231915271158076,True,0,mapped,True,0.0
T088,L,3410,T012,111,-9.280393245067543,-2.650308448917019,12.612052667379004,True,0,mapped,True,0.0
T088,L,3411,T012,112,-9.620459607365223,-2.385848062450058,12.972247950412951,True,0,mapped,True,0.0
T088,L,3412,T012,113,-9.983567164984802,-2.1397038105288284,13.218345001725591,True,0,mapped,True,0.0
T088,L,3413,T012,114,-10.39480113983154,-1.839115706520722,13.542643508722184,True,0,mapped,True,0.0
T088,L,3413,T015,114,-10.394801139831545,-1.8391157065207229,13.542643508722184,True,0,mapped,False,5.4025784115714076e-15
T088,L,3414,T012,115,-13.148527444323284,-2.8339323671513914,5.111874676726767,True,0,mapped,True,0.0
T088,L,3415,T012,116,-12.83508519277261,-3.0792731008585856,5.536646228265535,True,0,mapped,True,0.0
T088,L,3416,T012,117,-12.54162069534847,-3.3343775964255835,5.844280387905453,True,0,mapped,True,0.0
T088,L,3417,T012,118,-12.289826452847793,-3.516421585333108,6.362192358642607,True,0,mapped,True,0.0
T088,L,3418,T012,119,-11.936372281357986,-3.548896308434548,6.824233658281959,True,0,mapped,True,0.0
T088,L,3419,T012,120,-11.822297508110116,-3.717104759180767,7.37588267863415,True,0,mapped,True,0.0
T088,L,3420,T012,121,-11.6263170520152,-3.8616846603992094,7.825625690191194,True,0,mapped,True,0.0
T088,L,3421,T012,122,-11.31741096541456,-3.947140247063716,8.37298407287319,True,0,mapped,True,0.0
T088,L,3422,T012,123,-10.96480067421385,-3.960756943488481,8.76249730244894,True,0,mapped,True,0.0
T088,L,3423,T012,124,-10.510585864030892,-3.914317812505298,9.191945309880271,True,0,mapped,True,0.0
T088,L,3424,T012,125,-10.083933170519712,-3.692970073796322,9.586928665907084,True,0,mapped,True,0.0
T088,L,3425,T012,126,-9.586457502810028,-3.606191359430846,10.042879318377842,True,0,mapped,True,0.0
T088,L,3426,T012,127,-9.304896615326363,-3.645840959325813,10.4588042252466,True,0,mapped,True,0.0
T088,L,3427,T012,128,-9.152253845593938,-3.431996979255686,10.873606660804374,True,0,mapped,True,0.0
T088,L,3428,T012,129,-9.002602789464198,-3.2373111549242326,11.535780474792617,True,0,mapped,True,0.0
T088,L,3429,T012,130,-9.106485850506155,-3.073066787358673,12.1713514447197,True,0,mapped,True,0.0
T088,L,3430,T012,131,-9.341856208884488,-2.7843766314120786,12.582936936788656,True,0,mapped,True,0.0
T088,L,3431,T012,132,-9.647108766622615,-2.569349612110565,12.907630834389586,True,0,mapped,True,0.0
T088,L,3432,T012,133,-9.981987376701364,-2.317994381772926,13.15630277341364,True,0,mapped,True,0.0
T088,L,3433,T012,134,-10.394801139831545,-2.0257126302185533,13.48908373723117,True,0,mapped,True,0.0
T088,L,3433,T015,134,-10.394801139831545,-2.0257126302185533,13.489083737231171,True,0,mapped,False,1.7763568394002505e-15
T088,L,3434,T012,135,-12.88052400553532,-3.026781321112923,5.431300304700786,True,0,mapped,True,0.0
T088,L,3435,T012,136,-12.564984137783444,-3.318601225000075,5.711301230917261,True,0,mapped,True,0.0
T088,L,3436,T012,137,-12.284129701283302,-3.533990349389727,6.181924241591269,True,0,mapped,True,0.0
T088,L,3437,T012,138,-11.9434656474189,-3.613202833425749,6.666444212628144,True,0,mapped,True,0.0
T088,L,3438,T012,139,-11.770171619024389,-3.723393534962707,7.180605782722263,True,0,mapped,True,0.0
T088,L,3439,T012,140,-11.6258679843912,-3.882539321965751,7.759848938580736,True,0,mapped,True,0.0
T088,L,3440,T012,141,-11.30906949824856,-4.019671734326845,8.276188555119829,True,0,mapped,True,0.0
T088,L,3441,T012,142,-11.00521674007785,-4.067321834378465,8.620472736539625,True,0,mapped,True,0.0
T088,L,3442,T012,143,-10.63059646321305,-3.9798095162025753,9.055879677867214,True,0,mapped,True,0.0
T088,L,3443,T012,144,-10.175081576101691,-3.8065967544777584,9.478966705895177,True,0,mapped,True,0.0
T088,L,3444,T012,145,-9.67142404003128,-3.699335554581833,9.934149782195975,True,0,mapped,True,0.0
T088,L,3445,T012,146,-9.366711829378792,-3.747447736323928,10.330079912175762,True,0,mapped,True,0.0
T088,L,3446,T012,147,-9.181711724510713,-3.573526360603561,10.789898529835195,True,0,mapped,True,0.0
T088,L,3447,T012,148,-9.051728279385,-3.426323866978765,11.372361020979572,True,0,mapped,True,0.0
T088,L,3448,T012,149,-9.100596293019716,-3.211011894916581,12.065973117682676,True,0,mapped,True,0.0
T088,L,3449,T012,150,-9.391776774004155,-2.9389500341494714,12.552967542015738,True,0,mapped,True,0.0
T088,L,3450,T012,151,-9.68342334570367,-2.7558384686430366,12.838577877898045,True,0,mapped,True,0.0
T088,L,3451,T012,152,-9.956124493550496,-2.478616297409018,13.088328664110056,True,0,mapped,True,0.0
T088,L,3452,T012,153,-10.394801139831545,-2.2076926631647464,13.421138416767066,True,0,mapped,True,0.0
T088,L,3452,T015,153,-10.394801139831545,-2.207692663164746,13.421138416767066,True,0,mapped,False,4.440892098500626e-16
T088,L,3453,T012,154,-12.552790679834615,-3.30552411967806,5.575799260759674,True,0,mapped,True,0.0
T088,L,3454,T012,155,-12.273034608082348,-3.5298950511126788,5.999947098691053,True,0,mapped,True,0.0
T088,L,3455,T012,156,-11.96801469509549,-3.66789023554306,6.468289541598511,True,0,mapped,True,0.0
T088,L,3456,T012,157,-11.69490015751747,-3.73376356366956,6.985664532456131,True,0,mapped,True,0.0
T088,L,3457,T012,158,-11.609998963830806,-3.937186821097903,7.586586393695545,True,0,mapped,True,0.0
T088,L,3458,T012,159,-11.35778917935555,-4.075141987181521,8.07328802446238,True,0,mapped,True,0.0
T088,L,3459,T012,160,-11.036762862343068,-4.129920064190248,8.504584230863045,True,0,mapped,True,0.0
T088,L,3460,T012,161,-10.70960525950696,-4.075818408407687,8.922536045901843,True,0,mapped,True,0.0
T088,L,3461,T012,162,-10.291335187995724,-3.958763923596662,9.338864618259072,True,0,mapped,True,0.0
T088,L,3462,T012,163,-9.801298057659617,-3.8147247441733407,9.781428403389556,True,0,mapped,True,0.0
T088,L,3463,T012,164,-9.42892928336974,-3.8140067419843424,10.205839706119114,True,0,mapped,True,0.0
T088,L,3464,T012,165,-9.197800760672507,-3.786976529653597,10.740248212548869,True,0,mapped,True,0.0
T088,L,3465,T012,166,-9.093666999410887,-3.627195122745961,11.283532675508036,True,0,mapped,True,0.0
T088,L,3466,T012,167,-9.127697123888494,-3.408508458535082,11.947934151360185,True,0,mapped,True,0.0
T088,L,3467,T012,168,-9.390727423357884,-3.1678000539343025,12.438888868038198,True,0,mapped,True,0.0
T088,L,3468,T012,169,-9.674397530260013,-2.9054995455472934,12.762883238797397,True,0,mapped,True,0.0
T088,L,3469,T012,170,-10.001897668782386,-2.654867839138574,13.045376708204374,True,0,mapped,True,0.0
T088,L,3470,T012,171,-10.39480113983154,-2.387828855546718,13.34817151236546,True,0,mapped,True,0.0
T088,L,3470,T015,171,-10.394801139831545,-2.387828855546718,13.34817151236546,True,0,mapped,False,5.329070518200751e-15
T088,L,3471,T012,172,-12.247846872091207,-3.5039944405332686,5.831332517380217,True,0,mapped,True,0.0
T088,L,3472,T012,173,-11.964035912127253,-3.7008322225223,6.289973006529253,True,0,mapped,True,0.0
T088,L,3473,T012,174,-11.627094011948476,-3.7895537445142247,6.7728492434055205,True,0,mapped,True,0.0
T088,L,3474,T012,175,-11.584776243997474,-3.943161233960677,7.370230894036135,True,0,mapped,True,0.0
T088,L,3475,T012,176,-11.402341251491784,-4.092784068935128,7.913145330635965,True,0,mapped,True,0.0
T088,L,3476,T012,177,-11.054901503091308,-4.2120559326439,8.369176968152342,True,0,mapped,True,0.0
T088,L,3477,T012,178,-10.803981148744231,-4.099811641927887,8.812782376528931,True,0,mapped,True,0.0
T088,L,3478,T012,179,-10.38107203426168,-4.027358585142119,9.240056117295923,True,0,mapped,True,0.0
T088,L,3479,T012,180,-9.9473078951774,-3.8865665633907978,9.623972790584396,True,0,mapped,True,0.0
T088,L,3480,T012,181,-9.506672825140928,-3.8595409276222985,10.066692469853084,True,0,mapped,True,0.0
T088,L,3481,T012,182,-9.23898723046094,-3.9296742531408606,10.602120954555213,True,0,mapped,True,0.0
T088,L,3482,T012,183,-9.139201871999028,-3.8313428374118814,11.181008840095648,True,0,mapped,True,0.0
T088,L,3483,T012,184,-9.17899660720201,-3.630827987893524,11.80278522861686,True,0,mapped,True,0.0
T088,L,3484,T012,185,-9.431779627216544,-3.3048059248491475,12.38641265220414,True,0,mapped,True,0.0
T088,L,3485,T012,186,-9.70344744081796,-3.0671115551207087,12.701813241439991,True,0,mapped,True,0.0
T088,L,3486,T012,187,-10.03875861972034,-2.837677963995888,12.99090081297998,True,0,mapped,True,0.0
T088,L,3487,T012,188,-10.394801139831545,-2.5693618702969925,13.278696813861576,True,0,mapped,True,0.0
T088,L,3487,T015,188,-10.394801139831545,-2.569361870296992,13.278696813861576,True,0,mapped,False,4.440892098500626e-16
T088,L,3488,T012,189,-11.97444926563584,-3.703560214471127,6.1437070773561135,True,0,mapped,True,0.0
T088,L,3489,T012,190,-11.594395308591832,-3.8462912459918233,6.568139573640127,True,0,mapped,True,0.0
T088,L,3490,T012,191,-11.533239254811,-3.9395339827652354,7.1714696615497,True,0,mapped,True,0.0
T088,L,3491,T012,192,-11.367562527109609,-4.150885146191315,7.836894860892589,True,0,mapped,True,0.0
T088,L,3492,T012,193,-11.126059954210112,-4.209058886096111,8.265965983360015,True,0,mapped,True,0.0
T088,L,3493,T012,194,-10.85998239723556,-4.2177914795502245,8.61751488382033,True,0,mapped,True,0.0
T088,L,3494,T012,195,-10.440537089923042,-4.157697587624469,9.117432629616005,True,0,mapped,True,0.0
T088,L,3495,T012,196,-9.930986782751626,-4.129689807557407,9.55334194612154,True,0,mapped,True,0.0
T088,L,3496,T012,197,-9.545664412313243,-3.952899712136672,9.987989035008662,True,0,mapped,True,0.0
T088,L,3497,T012,198,-9.292601068607762,-4.018320053639028,10.454250070971096,True,0,mapped,True,0.0
T088,L,3498,T012,199,-9.165810237082228,-3.9446694868691408,11.017245952266723,True,0,mapped,True,0.0
T088,L,3499,T012,200,-9.23466473276606,-3.834910700434959,11.646545895641278,True,0,mapped,True,0.0
T088,L,3500,T012,201,-9.486142359638876,-3.5109158632809603,12.262861568886056,True,0,mapped,True,0.0
T088,L,3501,T012,202,-9.803530527956609,-3.2702682367644367,12.62951923822667,True,0,mapped,True,0.0
T088,L,3502,T012,203,-10.038457501217662,-3.0052305063312423,12.908754239327802,True,0,mapped,True,0.0
T088,L,3503,T012,204,-10.394801139831545,-2.7495943944814587,13.206318088215555,True,0,mapped,True,0.0
T088,L,3503,T015,204,-10.394801139831545,-2.7495943944814587,13.206318088215555,True,0,mapped,False,0.0
T088,L,3504,T012,205,-11.62456379214788,-3.853958304902704,6.397156617245431,True,0,mapped,True,0.0
T088,L,3505,T012,206,-11.461511509513226,-3.953245952031209,6.9841707419417824,True,0,mapped,True,0.0
T088,L,3506,T012,207,-11.367578092791533,-4.168156617420888,7.554692583941926,True,0,mapped,True,0.0
T088,L,3507,T012,208,-11.151878214370608,-4.275434495657756,8.07268629916017,True,0,mapped,True,0.0
T088,L,3508,T012,209,-10.852180365787046,-4.309317862131875,8.505643181645674,True,0,mapped,True,0.0
T088,L,3509,T012,210,-10.482085509456317,-4.247281289123335,9.028360721632312,True,0,mapped,True,0.0
T088,L,3510,T012,211,-9.996418150699046,-4.303098692600628,9.431672130542664,True,0,mapped,True,0.0
T088,L,3511,T012,212,-9.583322596552469,-4.14294229407793,9.88988275656727,True,0,mapped,True,0.0
T088,L,3512,T012,213,-9.340093639300068,-4.060705818556209,10.334438339553316,True,0,mapped,True,0.0
T088,L,3513,T012,214,-9.215018309738932,-4.083447226387224,10.870842396131376,True,0,mapped,True,0.0
T088,L,3514,T012,215,-9.278063094605317,-3.991917231840208,11.503930434356826,True,0,mapped,True,0.0
T088,L,3515,T012,216,-9.443455018122904,-3.705177035874563,12.07274289117127,True,0,mapped,True,0.0
T088,L,3516,T012,217,-9.794507073829548,-3.410350103974201,12.511112396498214,True,0,mapped,True,0.0
T088,L,3517,T012,218,-10.070700578560794,-3.194397255742425,12.814084010260304,True,0,mapped,True,0.0
T088,L,3518,T012,219,-10.39480113983154,-2.92323067461274,13.119190591421884,True,0,mapped,True,0.0
T088,L,3518,T015,219,-10.394801139831545,-2.923230674612741,13.119190591421884,True,0,mapped,False,5.4025784115714076e-15
T088,L,3519,T012,220,-11.438978616829784,-3.975105074249775,6.795988467716833,True,0,mapped,True,0.0
T088,L,3520,T012,221,-11.28575993456138,-4.229143441003792,7.333382192557516,True,0,mapped,True,0.0
T088,L,3521,T012,222,-11.154117773683922,-4.328601053686216,7.93678317519986,True,0,mapped,True,0.0
T088,L,3522,T012,223,-10.832464217527178,-4.382371065722041,8.420367065027122,True,0,mapped,True,0.0
T088,L,3523,T012,224,-10.566783025623156,-4.3121931249879,8.885330200338174,True,0,mapped,True,0.0
T088,L,3524,T012,225,-10.153429143557563,-4.309544827707917,9.297360108558175,True,0,mapped,True,0.0
T088,L,3525,T012,226,-9.671981971157509,-4.300607428718988,9.745604854782048,True,0,mapped,True,0.0
T088,L,3526,T012,227,-9.391514443022086,-4.094402882330903,10.2035198547352,True,0,mapped,True,0.0
T088,L,3527,T012,228,-9.274194628441052,-4.206265229335601,10.73368197374226,True,0,mapped,True,0.0
T088,L,3528,T012,229,-9.273149689652872,-4.073670981665316,11.34925418243706,True,0,mapped,True,0.0
T088,L,3529,T012,230,-9.574672013082578,-3.919918615923005,11.97956714528286,True,0,mapped,True,0.0
T088,L,3530,T012,231,-9.819941635464447,-3.676769244899675,12.315503287677124,True,0,mapped,True,0.0
T088,L,3531,T012,232,-10.037579206943684,-3.3519157833647943,12.695327375097886,True,0,mapped,True,0.0
T088,L,3532,T012,233,-10.39480113983154,-3.089161722584215,13.017954693427331,True,0,mapped,True,0.0
T088,L,3532,T015,233,-10.394801139831545,-3.089161722584215,13.01795469342733,True,0,mapped,False,5.617333549722722e-15
T088,L,3533,T012,234,-11.264718402994356,-4.224538109195514,7.143321596100315,True,0,mapped,True,0.0
T088,L,3534,T012,235,-11.170685335703055,-4.352745131558664,7.816572379222622,True,0,mapped,True,0.0
T088,L,3535,T012,236,-10.935541743282682,-4.366329313067207,8.295814254331695,True,0,mapped,True,0.0
T088,L,3536,T012,237,-10.581972207117708,-4.375802049574828,8.801768888095127,True,0,mapped,True,0.0
T088,L,3537,T012,238,-10.207969653873008,-4.368746354552485,9.222677491357963,True,0,mapped,True,0.0
T088,L,3538,T012,239,-9.772821600012628,-4.3601286298956055,9.610826982779908,True,0,mapped,True,0.0
T088,L,3539,T012,240,-9.434405929234767,-4.226930985803165,10.102654207115014,True,0,mapped,True,0.0
T088,L,3540,T012,241,-9.30455400045863,-4.2955569210423725,10.647949694319005,True,0,mapped,True,0.0
T088,L,3541,T012,242,-9.280376342294597,-4.154284612347962,11.198055232798072,True,0,mapped,True,0.0
T088,L,3542,T012,243,-9.566545081848988,-4.108086177069747,11.777420525736602,True,0,mapped,True,0.0
T088,L,3543,T012,244,-9.832323557565903,-3.7739657303775793,12.243523670563144,True,0,mapped,True,0.0
T088,L,3544,T012,245,-10.093581698747244,-3.501986667110141,12.618104476370355,True,0,mapped,True,0.0
T088,L,3545,T012,246,-10.394801139831545,-3.2515888716781025,12.911202108868462,True,0,mapped,True,0.0
T088,L,3545,T015,246,-10.394801139831545,-3.251588871678103,12.91120210886846,True,0,mapped,False,1.831026719408895e-15
T088,L,3546,T012,247,-11.152478675815187,-4.388870378387376,7.546024401116817,True,0,mapped,True,0.0
T088,L,3547,T012,248,-10.969471237607104,-4.412600757755887,8.131396803796598,True,0,mapped,True,0.0
T088,L,3548,T012,249,-10.637506798861972,-4.476366411939324,8.590495740088228,True,0,mapped,True,0.0
T088,L,3549,T012,250,-10.30634847376772,-4.424643940830007,9.091749196177268,True,0,mapped,True,0.0
T088,L,3550,T012,251,-9.862871143005966,-4.469792064196865,9.48126183108552,True,0,mapped,True,0.0
T088,L,3551,T012,252,-9.492627014560728,-4.365622371632133,9.964332483618534,True,0,mapped,True,0.0
T088,L,3552,T012,253,-9.35260119654009,-4.413567366056006,10.553707461183134,True,0,mapped,True,0.0
T088,L,3553,T012,254,-9.343396713039716,-4.328758264666208,11.034222753525269,True,0,mapped,True,0.0
T088,L,3554,T012,255,-9.584451525322606,-4.241249325494771,11.607903186848784,True,0,mapped,True,0.0
T088,L,3555,T012,256,-9.880940466763109,-3.94697135798409,12.115396017139032,True,0,mapped,True,0.0
T088,L,3556,T012,257,-10.097553732627754,-3.685978688339088,12.46202375610686,True,0,mapped,True,0.0
T088,L,3557,T012,258,-10.394801139831545,-3.4181952534801905,12.811260307483986,True,0,mapped,True,0.0
T088,L,3557,T015,258,-10.394801139831545,-3.418195253480191,12.811260307483987,True,0,mapped,False,1.831026719408895e-15
T088,L,3558,T012,259,-10.948478906147065,-4.500480175018311,7.926972219422726,True,0,mapped,True,0.0
T088,L,3559,T012,260,-10.663926023651864,-4.539614255533716,8.423327768481025,True,0,mapped,True,0.0
T088,L,3560,T012,261,-10.377402787567869,-4.519989348625701,8.94191080006322,True,0,mapped,True,0.0
T088,L,3561,T012,262,-9.966450728808631,-4.598772702154446,9.332068867341755,True,0,mapped,True,0.0
T088,L,3562,T012,263,-9.571722493436503,-4.464937030549531,9.80655987370521,True,0,mapped,True,0.0
T088,L,3563,T012,264,-9.3729977400305,-4.459358593615842,10.359349489025137,True,0,mapped,True,0.0
T088,L,3564,T012,265,-9.3682662377963,-4.43134902511766,10.860841765526798,True,0,mapped,True,0.0
T088,L,3565,T012,266,-9.57804754381004,-4.317854680934236,11.46373808312893,True,0,mapped,True,0.0
T088,L,3566,T012,267,-9.88535869554089,-4.100489888159686,11.974692824916335,True,0,mapped,True,0.0
T088,L,3567,T012,268,-10.131356094294995,-3.849712483573968,12.325963119596318,True,0,mapped,True,0.0
T088,L,3568,T012,269,-10.425747453242328,-3.577723344085199,12.709320731864793,True,0,mapped,True,0.0
T088,L,3568,T015,269,-10.42574745324233,-3.5777233440852,12.709320731864793,True,0,mapped,False,1.9860273225978185e-15
T088,L,3569,T012,270,-10.730132983994563,-4.536264045639626,8.318787451160249,True,0,mapped,True,0.0
T088,L,3570,T012,271,-10.417390196458092,-4.6192188045925375,8.788972757884373,True,0,mapped,True,0.0
T088,L,3571,T012,272,-10.05230456496362,-4.6596222639979175,9.228997614052735,True,0,mapped,True,0.0
T088,L,3572,T012,273,-9.616510016137102,-4.641318346060667,9.672059597972858,True,0,mapped,True,0.0
T088,L,3573,T012,274,-9.396867689648095,-4.56756461898757,10.2233982496406,True,0,mapped,True,0.0
T088,L,3574,T012,275,-9.453679047845773,-4.56688172689179,10.813422129597496,True,0,mapped,True,0.0
T088,L,3575,T012,276,-9.599325816343455,-4.47018358539172,11.254291283995034,True,0,mapped,True,0.0
T088,L,3576,T012,277,-9.97955408611882,-4.262701709183457,11.864768625209624,True,0,mapped,True,0.0
T088,L,3577,T012,278,-10.136633517323412,-3.974577803113865,12.211126737349478,True,0,mapped,True,0.0
T088,L,3578,T012,279,-10.492119689660342,-3.7291633155004,12.607717266514436,True,0,mapped,True,0.0
T088,L,3578,T015,279,-10.492119689660344,-3.729163315500399,12.60771726651444,True,0,mapped,False,4.070144838902081e-15
T088,L,3579,T012,280,-10.445746932388545,-4.700479984283447,8.639067408422186,True,0,mapped,True,0.0
T088,L,3580,T012,281,-10.115689822173506,-4.716562389924887,9.113256671300476,True,0,mapped,True,0.0
T088,L,3581,T012,282,-9.645399833495258,-4.723512026247036,9.594706729285308,True,0,mapped,True,0.0
T088,L,3582,T012,283,-9.42515169913657,-4.674052959246941,10.0870336720947,True,0,mapped,True,0.0
T088,L,3583,T012,284,-9.461650342656668,-4.652369160103963,10.680132730155842,True,0,mapped,True,0.0
T088,L,3584,T012,285,-9.620060637525764,-4.588389780448143,11.108672775494393,True,0,mapped,True,0.0
T088,L,3585,T012,286,-9.985725891221884,-4.434870690684146,11.693674263530358,True,0,mapped,True,0.0
T088,L,3586,T012,287,-10.211116411684532,-4.122649972773848,12.11262632612488,True,0,mapped,True,0.0
T088,L,3587,T012,288,-10.578777656445286,-3.8737462550433968,12.510928888547449,True,0,mapped,True,0.0
T088,L,3587,T015,288,-10.57877765644529,-3.873746255043397,12.510928888547449,True,0,mapped,False,3.580361673049448e-15
T088,L,3588,T012,289,-10.163858351818822,-4.797917617723729,8.972126346669937,True,0,mapped,True,0.0
T088,L,3589,T012,290,-9.768184649716796,-4.759530225673536,9.414853546064524,True,0,mapped,True,0.0
T088,L,3590,T012,291,-9.4830269344738,-4.77621396903814,9.92065304146943,True,0,mapped,True,0.0
T088,L,3591,T012,292,-9.48757071959077,-4.794056391025842,10.514663928227607,True,0,mapped,True,0.0
T088,L,3592,T012,293,-9.613374939454458,-4.671028209203848,10.970156246830006,True,0,mapped,True,0.0
T088,L,3593,T012,294,-9.988523231427775,-4.618137908888872,11.493827843738636,True,0,mapped,True,0.0
T088,L,3594,T012,295,-10.258926449018576,-4.264834576653057,12.008700739280547,True,0,mapped,True,0.0
T088,L,3595,T012,296,-10.59480094909668,-4.016272293939506,12.384895075791038,True,0,mapped,True,0.0
T088,L,3595,T015,296,-10.59480094909668,-4.016272293939506,12.38489507579104,True,0,mapped,False,1.7763568394002505e-15
T088,L,3596,T012,297,-9.823607590629727,-4.900479793548584,9.250066257300723,True,0,mapped,True,0.0
T088,L,3597,T012,298,-9.516611463815444,-4.822021198986343,9.783803788396902,True,0,mapped,True,0.0
T088,L,3598,T012,299,-9.51111685289333,-4.92504997847706,10.357417467673647,True,0,mapped,True,0.0
T088,L,3599,T012,300,-9.679298609786304,-4.802541875581531,10.86493552883828,True,0,mapped,True,0.0
T088,L,3600,T012,301,-9.971672316866464,-4.756220774098214,11.30719577516312,True,0,mapped,True,0.0
T088,L,3601,T012,302,-10.251849498492785,-4.447437606539001,11.845404649854606,True,0,mapped,True,0.0
T088,L,3602,T012,303,-10.59480094909668,-4.1588306225046585,12.25277042863106,True,0,mapped,True,0.0
T088,L,3602,T015,303,-10.59480094909668,-4.1588306225046585,12.25277042863106,True,0,mapped,False,0.0
T088,L,3603,T012,304,-9.559226869717836,-4.900479793548584,9.626311179284947,True,0,mapped,True,0.0
T088,L,3604,T012,305,-9.513217187785358,-4.995210661502364,10.18865335558258,True,0,mapped,True,0.0
T088,L,3605,T012,306,-9.678073676882804,-4.895818320260763,10.718919151935832,True,0,mapped,True,0.0
T088,L,3606,T012,307,-9.986617535824696,-4.852250362453291,11.195664886704831,True,0,mapped,True,0.0
T088,L,3607,T012,308,-10.25739980792971,-4.619906826369336,11.682075520392267,True,0,mapped,True,0.0
T088,L,3608,T012,309,-10.594800949096678,-4.301177286304235,12.120414332013318,True,0,mapped,True,0.0
T088,L,3608,T015,309,-10.59480094909668,-4.301177286304235,12.120414332013322,True,0,mapped,False,3.972054645195637e-15
T088,L,3609,T012,310,-9.533287367083627,-5.08736401589627,10.012040405766571,True,0,mapped,True,0.0
T088,L,3610,T012,311,-9.665848066875611,-4.970407594367223,10.60125900153308,True,0,mapped,True,0.0
T088,L,3611,T012,312,-9.959804798577403,-4.921809282707975,11.07787765878335,True,0,mapped,True,0.0
T088,L,3612,T012,313,-10.265005034725984,-4.733967322599251,11.560814350098966,True,0,mapped,True,0.0
T088,L,3613,T012,314,-10.594800949096678,-4.440499580055588,11.984875601440006,True,0,mapped,True,0.0
T088,L,3613,T015,314,-10.59480094909668,-4.440499580055588,11.984875601440008,True,0,mapped,False,2.5121479338940403e-15
T088,L,3614,T012,315,-9.668594581559724,-5.100480079650879,10.445830717398788,True,0,mapped,True,0.0
T088,L,3615,T012,316,-9.93191713037834,-5.005701058648082,10.94047738865439,True,0,mapped,True,0.0
T088,L,3616,T012,317,-10.28433340338696,-4.857954813212571,11.428549773204123,True,0,mapped,True,0.0
T088,L,3617,T012,318,-10.59480094909668,-4.579464762195896,11.848974902934897,True,0,mapped,True,0.0
T088,L,3617,T015,318,-10.59480094909668,-4.579464762195896,11.848974902934897,True,0,mapped,False,0.0
T088,L,3618,T012,319,-9.931735122933212,-5.100480079650879,10.827727963342731,True,0,mapped,True,0.0
T088,L,3619,T012,320,-10.24456985746994,-4.940671129775529,11.297228296080194,True,0,mapped,True,0.0
T088,L,3620,T012,321,-10.59480094909668,-4.714700549482623,11.709369357475222,True,0,mapped,True,0.0
T088,L,3620,T015,321,-10.59480094909668,-4.714700549482623,11.709369357475222,True,0,mapped,False,0.0
T088,L,3621,T012,322,-10.273987381541325,-5.100480079650879,11.136346985229526,True,0,mapped,True,0.0
T088,L,3622,T012,323,-10.59480094909668,-4.849124501749893,11.56896999595763,True,0,mapped,True,0.0
T088,L,3622,T015,323,-10.59480094909668,-4.849124501749893,11.568969995957628,True,0,mapped,False,1.7763568394002505e-15
T088,L,3623,T012,324,-10.59480094909668,-4.981791019439697,11.426918983459473,True,0,mapped,True,0.0
T088,L,3623,T014,324,-10.59480094909668,-4.981791019439697,11.426918983459473,True,0,mapped,False,0.0
T088,L,3623,T015,324,-10.59480094909668,-4.981791019439697,11.426918983459473,True,0,mapped,False,0.0
T088,L,3624,T013,26,-14.17335459236386,-1.6979068242242965,3.9003683387817247,True,0,mapped,True,0.0
T088,L,3625,T013,27,-14.029753409267247,-1.9775371766706555,4.483702071733173,True,0,mapped,True,0.0
T088,L,3626,T013,28,-13.747526215802928,-2.14492400134349,5.107172949561227,True,0,mapped,True,0.0
T088,L,3627,T013,29,-13.546624005236868,-2.352603004888445,5.609228124194648,True,0,mapped,True,0.0
T088,L,3628,T013,30,-13.400084478364434,-2.5352190637559104,6.279102268820615,True,0,mapped,True,0.0
T088,L,3629,T013,31,-13.19562820183,-2.732271890276311,6.745085762570165,True,0,mapped,True,0.0
T088,L,3630,T013,32,-12.926889026878822,-2.8862667482993807,7.245421811408292,True,0,mapped,True,0.0
T088,L,3631,T013,33,-12.569837931667756,-3.054823329830864,7.839949180103779,True,0,mapped,True,0.0
T088,L,3632,T013,34,-12.285110621900088,-2.9988747085731955,8.29588186835275,True,0,mapped,True,0.0
T088,L,3633,T013,35,-11.951374764341804,-2.978905375248384,8.59279286811701,True,0,mapped,True,0.0
T088,L,3634,T013,36,-11.310320239181056,-2.8193119009693577,9.085108173846322,True,0,mapped,True,0.0
T088,L,3635,T013,37,-10.762905332631783,-2.647635539473778,9.431141196233886,True,0,mapped,True,0.0
T088,L,3636,T013,38,-10.307058545044384,-2.507748086151345,9.706224461598218,True,0,mapped,True,0.0
T088,L,3637,T013,39,-9.844754568588504,-2.3856348634583706,10.03397115334086,True,0,mapped,True,0.0
T088,L,3638,T013,40,-9.398893161032548,-2.2842855223424694,10.461464709058486,True,0,mapped,True,0.0
T088,L,3639,T013,41,-9.006181807769075,-2.1661933831289617,10.961277754539688,True,0,mapped,True,0.0
T088,L,3640,T013,42,-8.758965149377717,-1.8990396777689935,11.414774354832543,True,0,mapped,True,0.0
T088,L,3641,T013,43,-8.659356849933447,-1.8887903211303425,12.05783159832381,True,0,mapped,True,0.0
T088,L,3642,T013,44,-8.722307447393339,-1.65845738246513,12.567360662575378,True,0,mapped,True,0.0
T088,L,3643,T013,45,-8.98757992160229,-1.445527611967664,13.084237825914697,True,0,mapped,True,0.0
T088,L,3644,T013,46,-9.303275186063322,-1.1144859752284826,13.379949085652411,True,0,mapped,True,0.0
T088,L,3645,T013,47,-9.795548184139776,-0.8649287843535987,13.64260138494458,True,0,mapped,True,0.0
T088,L,3646,T013,50,-14.386223801330733,-1.2771922559962956,4.148924681660407,True,0,mapped,True,0.0
T088,L,3647,T013,51,-14.220521855343751,-1.5469626127468672,4.695271600336912,True,0,mapped,True,0.0
T088,L,3648,T013,52,-13.981155132148649,-1.6968098918424332,5.365387584476057,True,0,mapped,True,0.0
T088,L,3649,T013,53,-13.740175696475855,-1.8724421249248675,5.968232044955674,True,0,mapped,True,0.0
T088,L,3650,T013,54,-13.776236268758002,-2.1337676421061484,6.566047179765475,True,0,mapped,True,0.0
T088,L,3651,T013,55,-13.653071381470015,-2.4326844813037667,7.25601024468282,True,0,mapped,True,0.0
T088,L,3652,T013,56,-13.255208410960655,-2.488014358423203,7.833397325436044,True,0,mapped,True,0.0
T088,L,3653,T013,57,-12.801406513813529,-2.3825063757247458,8.348404451308877,True,0,mapped,True,0.0
T088,L,3654,T013,58,-12.309353600501051,-2.321186297592292,8.709356775441671,True,0,mapped,True,0.0
T088,L,3655,T013,59,-11.679064352933102,-2.286226159742205,9.017105088473915,True,0,mapped,True,0.0
T088,L,3656,T013,60,-11.137569523137076,-2.1443061752689583,9.28609598916495,True,0,mapped,True,0.0
T088,L,3657,T013,61,-10.588121394413164,-1.95769630169486,9.573124431173994,True,0,mapped,True,0.0
T088,L,3658,T013,62,-10.032533791201596,-1.8003960162172066,9.901035457677018,True,0,mapped,True,0.0
T088,L,3659,T013,63,-9.509006187780033,-1.697625779985506,10.291994210225862,True,0,mapped,True,0.0
T088,L,3660,T013,64,-9.059724659565358,-1.6084744534608029,10.725591660107336,True,0,mapped,True,0.0
T088,L,3661,T013,65,-8.741266491922735,-1.488115718021226,11.15093263204884,True,0,mapped,True,0.0
T088,L,3662,T013,66,-8.537042317910789,-1.3163106547739,11.746085926953096,True,0,mapped,True,0.0
T088,L,3663,T013,67,-8.484878706219357,-1.1719447651693402,12.500256614538817,True,0,mapped,True,0.0
T088,L,3664,T013,68,-8.791013630702377,-1.0030306385020693,13.079335758698145,True,0,mapped,True,0.0
T088,L,3665,T013,69,-9.226372750567434,-0.651786707084646,13.417010467368854,True,0,mapped,True,0.0
T088,L,3666,T013,70,-9.709251540650598,-0.3328753758075555,13.697093824927924,True,0,mapped,True,0.0
T088,L,3667,T013,73,-14.486686056561869,-0.8016327524751117,4.3640326165140815,True,0,mapped,True,0.0
T088,L,3668,T013,74,-14.39412611402605,-0.998665046434816,5.040630557803395,True,0,mapped,True,0.0
T088,L,3669,T013,75,-14.149663453171064,-1.1445748372165525,5.622680190741084,True,0,mapped,True,0.0
T088,L,3670,T013,76,-13.989061673811918,-1.4128127858888837,6.3035046591220105,True,0,mapped,True,0.0
T088,L,3671,T013,77,-14.070249450083027,-1.6936863447743735,7.035401556030843,True,0,mapped,True,0.0
T088,L,3672,T013,78,-13.799909371840345,-1.863161772454785,7.80475860414521,True,0,mapped,True,0.0
T088,L,3673,T013,79,-13.26811902950998,-1.8414781048992188,8.354946018336435,True,0,mapped,True,0.0
T088,L,3674,T013,80,-12.797205848569876,-1.658335272758123,8.704962817860025,True,0,mapped,True,0.0
T088,L,3675,T013,81,-12.16520965430432,-1.5725044983634973,8.947237754981366,True,0,mapped,True,0.0
T088,L,3676,T013,82,-11.39640146727293,-1.4858615090783278,9.21273614270307,True,0,mapped,True,0.0
T088,L,3677,T013,83,-10.843128836630282,-1.3420163418431668,9.440106588452227,True,0,mapped,True,0.0
T088,L,3678,T013,84,-10.22959337221882,-1.2132220823348567,9.738319391864662,True,0,mapped,True,0.0
T088,L,3679,T013,85,-9.635868451328925,-1.12472521239796,10.075644113075432,True,0,mapped,True,0.0
T088,L,3680,T013,86,-9.113876909467692,-1.057530314292953,10.444839693291552,True,0,mapped,True,0.0
T088,L,3681,T013,87,-8.6900483232589,-0.9598181428389676,10.83884455277738,True,0,mapped,True,0.0
T088,L,3682,T013,88,-8.40790953558835,-0.8482533375400574,11.497449478182142,True,0,mapped,True,0.0
T088,L,3683,T013,89,-8.25547160555802,-0.7844985695543666,12.425636434927013,True,0,mapped,True,0.0
T088,L,3684,T013,90,-8.536966325495719,-0.5797362310481948,13.04469749390598,True,0,mapped,True,0.0
T088,L,3685,T013,91,-9.086420578515453,-0.1476300517150689,13.441301535368073,True,0,mapped,True,0.0
T088,L,3686,T013,92,-9.646061089635332,0.0846001492218561,13.714952049690302,True,0,mapped,True,0.0
T088,L,3687,T013,95,-14.489775160561887,-0.251760347588262,4.654780975451567,True,0,mapped,True,0.0
T088,L,3688,T013,96,-14.481912974786358,-0.4970498348933432,5.248582021314269,True,0,mapped,True,0.0
T088,L,3689,T013,97,-14.299521705303578,-0.6138021256666983,5.970078896719472,True,0,mapped,True,0.0
T088,L,3690,T013,98,-14.361015131748765,-0.8873468445366873,6.683568571466795,True,0,mapped,True,0.0
T088,L,3691,T013,99,-14.224394231328455,-0.9941357984388748,7.476845714155285,True,0,mapped,True,0.0
T088,L,3692,T013,100,-13.75131778676241,-1.0322956418662323,8.260478280017841,True,0,mapped,True,0.0
T088,L,3693,T013,101,-13.206828116627188,-0.9604797400399212,8.736124886297704,True,0,mapped,True,0.0
T088,L,3694,T013,102,-12.652414117240886,-0.8563713733206005,8.927405237390436,True,0,mapped,True,0.0
T088,L,3695,T013,103,-11.951780654202198,-0.7869794617849025,9.083095532021204,True,0,mapped,True,0.0
T088,L,3696,T013,104,-11.196447631915555,-0.6869232008478896,9.30108276837538,True,0,mapped,True,0.0
T088,L,3697,T013,105,-10.47639103930305,-0.6008673531976395,9.580459394595437,True,0,mapped,True,0.0
T088,L,3698,T013,106,-9.791421070862585,-0.5316527740724779,9.87497635139218,True,0,mapped,True,0.0
T088,L,3699,T013,107,-9.164132978834536,-0.4753102289338419,10.203490774540532,True,0,mapped,True,0.0
T088,L,3700,T013,108,-8.634276019609265,-0.4095874928787062,10.61174657871749,True,0,mapped,True,0.0
T088,L,3701,T013,109,-8.238554305621568,-0.340845132979915,11.255236268407142,True,0,mapped,True,0.0
T088,L,3702,T013,110,-8.019114227557218,-0.2765142101113407,12.327499701922497,True,0,mapped,True,0.0
T088,L,3703,T013,111,-8.311556517294537,-0.0657035374214367,13.011566752333152,True,0,mapped,True,0.0
T088,L,3704,T013,112,-8.985748925196045,0.217176834043771,13.42636813123601,True,0,mapped,True,0.0
T088,L,3705,T013,113,-9.614064593153463,0.4937511299468574,13.673274885701396,True,0,mapped,True,0.0
T088,L,3706,T013,116,-14.63939986517858,0.2315219316466686,4.858202776337324,True,0,mapped,True,0.0
T088,L,3707,T013,117,-14.866669555059383,-0.0375718080092883,5.411984923091492,True,0,mapped,True,0.0
T088,L,3708,T013,118,-14.800872530592164,-0.1883023271349249,6.291123289260882,True,0,mapped,True,0.0
T088,L,3709,T013,119,-14.484496347672136,-0.3719293424997932,7.204476776025097,True,0,mapped,True,0.0
T088,L,3710,T013,120,-14.151799517366529,-0.2352079548567152,7.918023873159425,True,0,mapped,True,0.0
T088,L,3711,T013,121,-13.623728955044472,-0.2129426077278039,8.569128606905707,True,0,mapped,True,0.0
T088,L,3712,T013,122,-13.057972581467569,-0.1780751025550117,8.918805572977703,True,0,mapped,True,0.0
T088,L,3713,T013,123,-12.408990937242638,-0.1170823286483463,9.07782861134426,True,0,mapped,True,0.0
T088,L,3714,T013,124,-11.642426064767536,-0.0496099078569578,9.233817101212276,True,0,mapped,True,0.0
T088,L,3715,T013,125,-10.818935629642318,0.0143151417995057,9.45558917723582,True,0,mapped,True,0.0
T088,L,3716,T013,126,-10.014381338578795,0.0722632893859534,9.707868380643363,True,0,mapped,True,0.0
T088,L,3717,T013,127,-9.259503449309795,0.1243775724273504,9.998315762511584,True,0,mapped,True,0.0
T088,L,3718,T013,128,-8.596659107174474,0.1754892512554053,10.407514368310377,True,0,mapped,True,0.0
T088,L,3719,T013,129,-8.052526469729798,0.2107318847160547,11.055698677731502,True,0,mapped,True,0.0
T088,L,3720,T013,130,-7.716581552911216,0.2143489960854686,12.100545482206954,True,0,mapped,True,0.0
T088,L,3721,T013,131,-8.122289834894445,0.4935220732892575,12.976985631386494,True,0,mapped,True,0.0
T088,L,3722,T013,132,-8.864455452400522,0.8188643646293988,13.429583271683535,True,0,mapped,True,0.0
T088,L,3723,T013,133,-9.673244822863715,1.0049635543779052,13.689885855144356,True,0,mapped,True,0.0
T088,L,3724,T013,136,-15.084433634597826,0.6715586701584532,4.942549653893241,True,0,mapped,True,0.0
T088,L,3725,T013,137,-15.218192313826254,0.3518754442487828,5.749407197629663,True,0,mapped,True,0.0
T088,L,3726,T013,138,-14.88926557203137,0.3398264289325233,6.665082922788845,True,0,mapped,True,0.0
T088,L,3727,T013,139,-14.47779629221744,0.3507810560332031,7.554762344415356,True,0,mapped,True,0.0
T088,L,3728,T013,140,-13.998010855650689,0.437231771715551,8.259138941697621,True,0,mapped,True,0.0
T088,L,3729,T013,141,-13.44220661398754,0.4648490702646541,8.783441471070867,True,0,mapped,True,0.0
T088,L,3730,T013,142,-12.80557377867197,0.5012750261960804,9.06744037488225,True,0,mapped,True,0.0
T088,L,3731,T013,143,-12.061115713703458,0.5546455390117048,9.229951636851675,True,0,mapped,True,0.0
T088,L,3732,T013,144,-11.216504199260497,0.6129277521717887,9.39597282247799,True,0,mapped,True,0.0
T088,L,3733,T013,145,-10.3166657029743,0.6713116236041095,9.589875201730454,True,0,mapped,True,0.0
T088,L,3734,T013,146,-9.433147365498066,0.7313069947585329,9.827109716614189,True,0,mapped,True,0.0
T088,L,3735,T013,147,-8.627759242569876,0.7913476623955764,10.208614365956375,True,0,mapped,True,0.0
T088,L,3736,T013,148,-7.925947917136604,0.8351138191298991,10.86247045509082,True,0,mapped,True,0.0
T088,L,3737,T013,149,-7.513492582348411,0.79281272336771,11.905795523248084,True,0,mapped,True,0.0
T088,L,3738,T013,150,-8.001175996614277,1.043025358081707,12.94959025510975,True,0,mapped,True,0.0
T088,L,3739,T013,151,-8.808128521522406,1.4193178179704875,13.386725540221155,True,0,mapped,True,0.0
T088,L,3740,T013,152,-9.80765932534744,1.5013656183820103,13.687868582077726,True,0,mapped,True,0.0
T088,L,3741,T013,155,-15.410814423339923,1.214570047376642,5.120848854413395,True,0,mapped,True,0.0
T088,L,3742,T013,156,-15.266563412018437,0.9954616798784138,6.062716447139428,True,0,mapped,True,0.0
T088,L,3743,T013,157,-14.81961158338726,0.9479076630094644,7.004552411641379,True,0,mapped,True,0.0
T088,L,3744,T013,158,-14.34574649570428,0.9861177094370224,7.842738754258004,True,0,mapped,True,0.0
T088,L,3745,T013,159,-13.801397199335646,1.0405246895676414,8.495427016859017,True,0,mapped,True,0.0
T088,L,3746,T013,160,-13.186541123459044,1.080341217552772,8.94063757195562,True,0,mapped,True,0.0
T088,L,3747,T013,161,-12.471356387885512,1.1293081195215804,9.197108831129098,True,0,mapped,True,0.0
T088,L,3748,T013,162,-11.640539896909743,1.188535006504606,9.365278793766343,True,0,mapped,True,0.0
T088,L,3749,T013,163,-10.69713407965082,1.256227875025436,9.517148309680993,True,0,mapped,True,0.0
T088,L,3750,T013,164,-9.705655580861183,1.3325063907643664,9.692346047102887,True,0,mapped,True,0.0
T088,L,3751,T013,165,-8.752316139854365,1.415492656128086,9.999187703843967,True,0,mapped,True,0.0
T088,L,3752,T013,166,-7.887236173876387,1.5015828678064005,10.59731339002521,True,0,mapped,True,0.0
T088,L,3753,T013,167,-7.285399948328962,1.5267700128998314,11.738499572311358,True,0,mapped,True,0.0
T088,L,3754,T013,168,-7.766526453825556,1.6669542080665862,12.847548077809831,True,0,mapped,True,0.0
T088,L,3755,T013,169,-8.741164122665612,1.8788894908621816,13.29893411487471,True,0,mapped,True,0.0
T088,L,3756,T013,170,-9.81065567968625,2.103524274969489,13.55939048656959,True,0,mapped,True,0.0
T088,L,3757,T013,173,-15.447120412221942,1.7686103210969537,5.458881446205947,True,0,mapped,True,0.0
T088,L,3758,T013,174,-15.138132374913289,1.588321414116485,6.383776535033961,True,0,mapped,True,0.0
T088,L,3759,T013,175,-14.674268374041286,1.5576190129038778,7.291996770905997,True,0,mapped,True,0.0
T088,L,3760,T013,176,-14.14522869833441,1.5823572809729844,8.077723660909735,True,0,mapped,True,0.0
T088,L,3761,T013,177,-13.548780479982302,1.6258782535613945,8.675371895216886,True,0,mapped,True,0.0
T088,L,3762,T013,178,-12.866436061763377,1.6779360888052235,9.068805327605142,True,0,mapped,True,0.0
T088,L,3763,T013,179,-12.064161591044842,1.74304537698985,9.300706318121598,True,0,mapped,True,0.0
T088,L,3764,T013,180,-11.12951085698331,1.822184946562149,9.456877081597163,True,0,mapped,True,0.0
T088,L,3765,T013,181,-10.077348178049345,1.921186474425716,9.593759950570034,True,0,mapped,True,0.0
T088,L,3766,T013,182,-9.001927621900858,2.0332311258628417,9.814110469724842,True,0,mapped,True,0.0
T088,L,3767,T013,183,-7.983814398911295,2.164562405138392,10.294235313410468,True,0,mapped,True,0.0
T088,L,3768,T013,184,-7.227951315975657,2.297031079562907,11.35084823813532,True,0,mapped,True,0.0
T088,L,3769,T013,185,-7.623692359161248,2.4912507321794264,12.718508938746076,True,0,mapped,True,0.0
T088,L,3770,T013,186,-8.727636936878127,2.403018301287456,13.266338074713143,True,0,mapped,True,0.0
T088,L,3771,T013,187,-9.96602346494586,2.667447633172128,13.513822249841272,True,0,mapped,True,0.0
T088,L,3772,T013,190,-15.298734903641977,2.3007631624955778,5.811139966547996,True,0,mapped,True,0.0
T088,L,3773,T013,191,-14.946726733632415,2.1813586217324628,6.693946687978721,True,0,mapped,True,0.0
T088,L,3774,T013,192,-14.461208796445726,2.15127973172167,7.552645520293321,True,0,mapped,True,0.0
T088,L,3775,T013,193,-13.891292011834263,2.16644508645443,8.280991404389837,True,0,mapped,True,0.0
T088,L,3776,T013,194,-13.232282986408736,2.2127114608395786,8.814147265618107,True,0,mapped,True,0.0
T088,L,3777,T013,195,-12.464062011522245,2.28371222160174,9.15134727705277,True,0,mapped,True,0.0
T088,L,3778,T013,196,-11.56548573019395,2.3751427536217413,9.35801298229535,True,0,mapped,True,0.0
T088,L,3779,T013,197,-10.51962988384531,2.492825014003801,9.501869543739428,True,0,mapped,True,0.0
T088,L,3780,T013,198,-9.375592428310998,2.6409084014618758,9.660249509458245,True,0,mapped,True,0.0
T088,L,3781,T013,199,-8.22908632923451,2.819255826249597,10.017346562843676,True,0,mapped,True,0.0
T088,L,3782,T013,200,-7.306610907625991,3.0316548283781133,10.98790867842401,True,0,mapped,True,0.0
T088,L,3783,T013,201,-7.476924176420486,3.279341843853532,12.428930717556783,True,0,mapped,True,0.0
T088,L,3784,T013,202,-8.749766712150356,3.086506692430114,13.163266318486125,True,0,mapped,True,0.0
T088,L,3785,T013,203,-9.99034119561963,3.3297985776184547,13.39662615396027,True,0,mapped,True,0.0
T088,L,3786,T013,206,-15.112663485223402,2.845906887592877,6.120264322233565,True,0,mapped,True,0.0
T088,L,3787,T013,207,-14.71839134151233,2.756369595607733,6.98010581885689,True,0,mapped,True,0.0
T088,L,3788,T013,208,-14.199997947424755,2.7315836663452946,7.792572092148057,True,0,mapped,True,0.0
T088,L,3789,T013,209,-13.579062208671,2.753202483882719,8.45392394972351,True,0,mapped,True,0.0
T088,L,3790,T013,210,-12.84425554752305,2.817157206012281,8.907907933086884,True,0,mapped,True,0.0
T088,L,3791,T013,211,-11.98942462474777,2.9163077925884817,9.193847253794427,True,0,mapped,True,0.0
T088,L,3792,T013,212,-10.995063397854356,3.049949655574224,9.385128469496957,True,0,mapped,True,0.0
T088,L,3793,T013,213,-9.852724049779717,3.2307238607946127,9.529009164006322,True,0,mapped,True,0.0
T088,L,3794,T013,214,-8.63391780930037,3.4574667258466154,9.768760241288744,True,0,mapped,True,0.0
T088,L,3795,T013,215,-7.54124083250993,3.796535721458577,10.563758737435574,True,0,mapped,True,0.0
T088,L,3796,T013,216,-7.430322348334195,4.0671017434486085,12.184956721490506,True,0,mapped,True,0.0
T088,L,3797,T013,217,-8.707469781967099,3.765899736700797,13.050645925050771,True,0,mapped,True,0.0
T088,L,3798,T013,218,-10.025050305475714,3.8406189629421865,13.314091492303374,True,0,mapped,True,0.0
T088,L,3799,T013,221,-14.893547645209068,3.372642634895887,6.407416655324077,True,0,mapped,True,0.0
T088,L,3800,T013,222,-14.457068074234073,3.3110956660332618,7.246529586914754,True,0,mapped,True,0.0
T088,L,3801,T013,223,-13.88655120057853,3.305477568423841,8.000419994220897,True,0,mapped,True,0.0
T088,L,3802,T013,224,-13.195422545594967,3.3508865487433623,8.57058850749529,True,0,mapped,True,0.0
T088,L,3803,T013,225,-12.396284440640502,3.4440255143301632,8.960510028167826,True,0,mapped,True,0.0
T088,L,3804,T013,226,-11.467832505830549,3.587787266704878,9.215969286450948,True,0,mapped,True,0.0
T088,L,3805,T013,227,-10.388651219051884,3.7946590877735833,9.400038575131656,True,0,mapped,True,0.0
T088,L,3806,T013,228,-9.193447475173423,4.070694194413065,9.605964935647275,True,0,mapped,True,0.0
T088,L,3807,T013,229,-8.012551323928566,4.432381092211417,10.15115061348095,True,0,mapped,True,0.0
T088,L,3808,T013,230,-7.504406909717723,4.937514019792357,11.864226683341988,True,0,mapped,True,0.0
T088,L,3809,T013,231,-8.75867818560462,4.558370553243633,12.968190602304515,True,0,mapped,True,0.0
T088,L,3810,T013,232,-10.163622854168674,4.301266225199712,13.224474713596944,True,0,mapped,True,0.0
T088,L,3811,T013,235,-14.657249926484608,3.883697570839455,6.677181807192329,True,0,mapped,True,0.0
T088,L,3812,T013,236,-14.158423968465216,3.849979633699964,7.487413097216511,True,0,mapped,True,0.0
T088,L,3813,T013,237,-13.520265883217288,3.877757063831884,8.162186117636764,True,0,mapped,True,0.0
T088,L,3814,T013,238,-12.772574239425838,3.960629376815045,8.65742608355572,True,0,mapped,True,0.0
T088,L,3815,T013,239,-11.91860563662808,4.099912470412666,8.998265965271273,True,0,mapped,True,0.0
T088,L,3816,T013,240,-10.927437104293316,4.322510404232644,9.23644136259084,True,0,mapped,True,0.0
T088,L,3817,T013,241,-9.817393928889622,4.643481304088814,9.477879517286928,True,0,mapped,True,0.0
T088,L,3818,T013,242,-8.626205762125037,5.06022984727244,9.9437063963603,True,0,mapped,True,0.0
T088,L,3819,T013,243,-7.7950772481019,5.653327262295643,11.39539740575946,True,0,mapped,True,0.0
T088,L,3820,T013,244,-8.771564972820885,5.382788565876061,12.851683420821477,True,0,mapped,True,0.0
T088,L,3821,T013,245,-10.24730287740972,4.804733833622013,13.15155147828654,True,0,mapped,True,0.0
T088,L,3822,T013,248,-14.389536918597043,4.367984231620627,6.942230847586959,True,0,mapped,True,0.0
T088,L,3823,T013,249,-13.812975615210911,4.379889012341017,7.690309970887446,True,0,mapped,True,0.0
T088,L,3824,T013,250,-13.11778571680134,4.453882533925075,8.28779855788819,True,0,mapped,True,0.0
T088,L,3825,T013,251,-12.32574361467671,4.588421386450259,8.72225931177349,True,0,mapped,True,0.0
T088,L,3826,T013,252,-11.429801052011133,4.804890002856268,9.034475973407542,True,0,mapped,True,0.0
T088,L,3827,T013,253,-10.43119556729658,5.146728616728565,9.325230216957596,True,0,mapped,True,0.0
T088,L,3828,T013,254,-9.34802258286518,5.640683351296673,9.800822157959388,True,0,mapped,True,0.0
T088,L,3829,T013,255,-8.31220775392978,6.423162715368408,10.833209537602093,True,0,mapped,True,0.0
T088,L,3830,T013,256,-8.853076466663383,6.359394089675315,12.731731946502103,True,0,mapped,True,0.0
T088,L,3831,T013,257,-10.411017592523834,5.342777392644978,13.00255044612594,True,0,mapped,True,0.0
T088,L,3832,T013,260,-14.078650450473775,4.842427950528439,7.188974581035442,True,0,mapped,True,0.0
T088,L,3833,T013,261,-13.436383487377622,4.912348697487119,7.86135539084103,True,0,mapped,True,0.0
T088,L,3834,T013,262,-12.701561586903107,5.0394806345889975,8.398060845956834,True,0,mapped,True,0.0
T088,L,3835,T013,263,-11.881618348310136,5.242195705976357,8.791441539297242,True,0,mapped,True,0.0
T088,L,3836,T013,264,-10.988407136527483,5.562743865196174,9.134868698049544,True,0,mapped,True,0.0
T088,L,3837,T013,265,-10.051950840760504,6.070214022282871,9.609811589051048,True,0,mapped,True,0.0
T088,L,3838,T013,266,-9.115640104817087,6.843177962267345,10.587384764635118,True,0,mapped,True,0.0
T088,L,3839,T013,267,-9.236836662031092,7.486816384715055,12.537402805392627,True,0,mapped,True,0.0
T088,L,3840,T013,268,-10.594060845679545,5.862658199968768,12.816779036038138,True,0,mapped,True,0.0
T088,L,3841,T013,271,-13.744915367019392,5.331997732071381,7.405774949549261,True,0,mapped,True,0.0
T088,L,3842,T013,272,-13.054545847846468,5.453453969059782,8.027482899077164,True,0,mapped,True,0.0
T088,L,3843,T013,273,-12.293280468844335,5.636143400886301,8.511500663212354,True,0,mapped,True,0.0
T088,L,3844,T013,274,-11.47516406402412,5.920894309262339,8.904952102808187,True,0,mapped,True,0.0
T088,L,3845,T013,275,-10.652151113982889,6.365590757956598,9.37016746386272,True,0,mapped,True,0.0
T088,L,3846,T013,276,-9.914706111640816,7.036828088186803,10.211024834058186,True,0,mapped,True,0.0
T088,L,3847,T013,277,-9.81469055539896,7.5447578939680255,11.658372245329986,True,0,mapped,True,0.0
T088,L,3848,T013,278,-10.836818769907069,6.416955047491852,12.549496498131443,True,0,mapped,True,0.0
T088,L,3849,T013,281,-13.40675096326664,5.826602842444917,7.616515310193861,True,0,mapped,True,0.0
T088,L,3850,T013,282,-12.681050481979163,5.9949910625498894,8.194438584480258,True,0,mapped,True,0.0
T088,L,3851,T013,283,-11.916934262284762,6.231665738172103,8.659846900469876,True,0,mapped,True,0.0
T088,L,3852,T013,284,-11.15502149104318,6.598350615065627,9.123292525590236,True,0,mapped,True,0.0
T088,L,3853,T013,285,-10.524877776575504,7.140660259862401,9.79421696317462,True,0,mapped,True,0.0
T088,L,3854,T013,286,-10.243288440610437,7.613806505630452,11.067120032443764,True,0,mapped,True,0.0
T088,L,3855,T013,287,-10.975435652655433,6.8822656393036015,12.22422158773199,True,0,mapped,True,0.0
T088,L,3856,T013,290,-13.072706301846315,6.314058625389168,7.836734650340488,True,0,mapped,True,0.0
T088,L,3857,T013,291,-12.33266250394654,6.527025003993152,8.38439469948867,True,0,mapped,True,0.0
T088,L,3858,T013,292,-11.598676777876586,6.813394265800317,8.879092253788206,True,0,mapped,True,0.0
T088,L,3859,T013,293,-10.98034104565625,7.228135406200317,9.484304946233069,True,0,mapped,True,0.0
T088,L,3860,T013,294,-10.654246878209712,7.645173308607319,10.582981832726084,True,0,mapped,True,0.0
T088,L,3861,T013,295,-11.245509739181855,7.336067989933361,11.879915780406836,True,0,mapped,True,0.0
T088,L,3862,T013,298,-12.75808621627696,6.7970290682087215,8.075002967106867,True,0,mapped,True,0.0
T088,L,3863,T013,299,-12.030320424791965,7.01774475778453,8.637169106385553,True,0,mapped,True,0.0
T088,L,3864,T013,300,-11.387503659177806,7.340689087631858,9.208023680211044,True,0,mapped,True,0.0
T088,L,3865,T013,301,-11.022589326128411,7.701116743089114,10.118493287546672,True,0,mapped,True,0.0
T088,L,3866,T013,302,-11.390102869613868,7.647960699266082,11.47822078998511,True,0,mapped,True,0.0
T088,L,3867,T013,305,-12.47177704512483,7.244227897294319,8.360400000754655,True,0,mapped,True,0.0
T088,L,3868,T013,306,-11.789216916645554,7.458653287021673,8.966980147555194,True,0,mapped,True,0.0
T088,L,3869,T013,307,-11.365905035669602,7.7615702909502815,9.722183573656864,True,0,mapped,True,0.0
T088,L,3870,T013,308,-11.496933712820802,7.818927187151673,11.046137159471892,True,0,mapped,True,0.0
T088,L,3871,T013,311,-12.217867735972249,7.607106064313651,8.72313840612278,True,0,mapped,True,0.0
T088,L,3872,T013,312,-11.694565057865963,7.814636347182718,9.405580201521516,True,0,mapped,True,0.0
T088,L,3873,T013,313,-11.696550395106986,7.971972380658609,10.613612445195434,True,0,mapped,True,0.0
T088,L,3874,T013,316,-12.049803108313702,7.9013339093233235,9.16252352034453,True,0,mapped,True,0.0
T088,L,3875,T013,317,-11.892199170750755,8.07070755968093,10.004209669077998,True,0,mapped,True,0.0
T088,L,3876,T013,320,-12.071061632741335,8.103605801934837,9.693694941772176,True,0,mapped,True,0.0
T088,L,3877,T014,1,-19.63591520394368,-6.459366018194954,3.792195834616196,True,0,mapped,True,0.0
T088,L,3878,T014,2,-18.83050144330268,-7.064780518613267,3.986354869616047,True,0,mapped,True,0.0
T088,L,3879,T014,3,-18.59480094909668,-8.058410314537335,4.1531597672280025,True,0,mapped,True,0.0
T088,L,3880,T014,4,-18.049794750019345,-8.861514931351977,4.495076730032604,True,0,mapped,True,0.0
T088,L,3881,T014,5,-17.384311191166432,-9.504188401940716,4.9482416733423165,True,0,mapped,True,0.0
T088,L,3882,T014,6,-16.592170173594013,-9.91433127170483,5.472468495399952,True,0,mapped,True,0.0
T088,L,3883,T014,7,-16.23285601958252,-10.493246782281837,6.255283888126279,True,0,mapped,True,0.0
T088,L,3884,T014,8,-15.775646103152214,-10.751638738143932,7.124433504381303,True,0,mapped,True,0.0
T088,L,3885,T014,9,-15.300077287372453,-11.021823542310909,7.955996702725948,True,0,mapped,True,0.0
T088,L,3886,T014,10,-14.543169058548228,-11.37541514014158,8.559217987500423,True,0,mapped,True,0.0
T088,L,3887,T014,11,-13.856959733513396,-11.883540827601635,9.0989696082475,True,0,mapped,True,0.0
T088,L,3888,T014,12,-13.187490043091897,-12.37905878866546,9.632199983975609,True,0,mapped,True,0.0
T088,L,3889,T014,13,-12.53901120870922,-12.900480270385742,10.2373451424381,True,0,mapped,True,0.0
T088,L,3890,T014,14,-11.994801521301271,-13.405320164968314,10.823032044341582,True,0,mapped,True,0.0
T088,L,3891,T014,15,-11.364433067902551,-13.997735175470776,11.3870414283216,True,0,mapped,True,0.0
T088,L,3892,T014,16,-10.83590097565304,-14.809346447810816,11.80458548379002,True,0,mapped,True,0.0
T088,L,3893,T014,17,-10.063889170279303,-15.347822130702124,12.195702158103405,True,0,mapped,True,0.0
T088,L,3894,T014,18,-9.472369473780802,-16.092877831136757,12.623010022574768,True,0,mapped,True,0.0
T088,L,3895,T014,19,-9.121204624386433,-16.931497466480494,13.1216161041526,True,0,mapped,True,0.0
T088,L,3896,T014,20,-8.762459844684653,-17.593214345726786,13.730907090899922,True,0,mapped,True,0.0
T088,L,3897,T014,21,-8.183470543338766,-17.900480270385742,14.513625891400196,True,0,mapped,True,0.0
T088,L,3898,T014,22,-7.589847385661,-18.100481033325195,15.316130307362627,True,0,mapped,True,0.0
T088,L,3899,T014,23,-7.034316909817879,-18.100481033325195,16.215372976748696,True,0,mapped,True,0.0
T088,L,3900,T014,24,-6.794801235198975,-18.50048065185547,17.116920471191406,True,-1,landmark_vertex,True,0.0
T088,L,3901,T014,25,-19.86052637877065,-5.700479984283447,3.887970188756285,True,0,mapped,True,0.0
T088,L,3901,T015,25,-19.86052637877065,-5.700479984283447,3.887970188756285,True,0,mapped,False,0.0
T088,L,3902,T014,26,-19.069144467993105,-6.442534710995755,3.962056026494587,True,0,mapped,True,0.0
T088,L,3903,T014,27,-18.41077250497005,-7.153587945330311,4.148056618558949,True,0,mapped,True,0.0
T088,L,3904,T014,28,-17.8856504491026,-7.889475043544906,4.344261012834173,True,0,mapped,True,0.0
T088,L,3905,T014,29,-17.315720795448783,-8.698678462209404,4.674733258818184,True,0,mapped,True,0.0
T088,L,3906,T014,30,-16.621717997423016,-9.304888475748047,5.084251128346852,True,0,mapped,True,0.0
T088,L,3907,T014,31,-16.03377124846843,-9.922429552196284,5.719243183609161,True,0,mapped,True,0.0
T088,L,3908,T014,32,-15.596652092712388,-10.334540382378954,6.475848844338106,True,0,mapped,True,0.0
T088,L,3909,T014,33,-15.177255053405377,-10.643031609155267,7.358038877862456,True,0,mapped,True,0.0
T088,L,3910,T014,34,-14.642271254454917,-10.96125940276142,8.167771036816832,True,0,mapped,True,0.0
T088,L,3911,T014,35,-14.129009144369258,-11.280327578132583,8.726276565499614,True,0,mapped,True,0.0
T088,L,3912,T014,36,-13.386966153462176,-11.83943692434574,9.338628623833102,True,0,mapped,True,0.0
T088,L,3913,T014,37,-12.723000531239377,-12.346171727619463,9.896392399264242,True,0,mapped,True,0.0
T088,L,3914,T014,38,-12.038502444790089,-12.733736501394269,10.52624632026522,True,0,mapped,True,0.0
T088,L,3915,T014,39,-11.60182534822578,-13.33404276277853,11.074470774682178,True,0,mapped,True,0.0
T088,L,3916,T014,40,-11.031272363554562,-14.08425740848266,11.568772739456636,True,0,mapped,True,0.0
T088,L,3917,T014,41,-10.401737050317925,-14.684647199912442,11.93412397275004,True,0,mapped,True,0.0
T088,L,3918,T014,42,-9.672532491585656,-15.307884664857202,12.338489827640462,True,0,mapped,True,0.0
T088,L,3919,T014,43,-9.07593742230672,-16.087850195509933,12.804449395184148,True,0,mapped,True,0.0
T088,L,3920,T014,44,-8.601449876753959,-16.78689940080035,13.400853081801996,True,0,mapped,True,0.0
T088,L,3921,T014,45,-8.140977636829614,-17.32040369369069,14.057910805238864,True,0,mapped,True,0.0
T088,L,3922,T014,46,-7.686309183562725,-17.57928095368614,14.674371181926226,True,0,mapped,True,0.0
T088,L,3923,T014,47,-7.099094111270464,-17.811904572288537,15.58467160756484,True,0,mapped,True,0.0
T088,L,3924,T014,48,-6.794801235198976,-18.099248327234665,16.470980254428376,True,0,mapped,True,0.0
T088,L,3925,T014,49,-19.33735757440496,-5.700479984283447,4.048735921026482,True,0,mapped,True,0.0
T088,L,3925,T015,49,-19.33735757440496,-5.700479984283447,4.048735921026482,True,0,mapped,False,0.0
T088,L,3926,T014,50,-18.62064142103415,-6.395364451642009,4.154895307749424,True,0,mapped,True,0.0
T088,L,3927,T014,51,-17.927027317678867,-7.063594927254831,4.375937064659592,True,0,mapped,True,0.0
T088,L,3928,T014,52,-17.334134342625006,-7.769374971872599,4.607934656890815,True,0,mapped,True,0.0
T088,L,3929,T014,53,-16.70093051696533,-8.522546982153118,4.898252890128729,True,0,mapped,True,0.0
T088,L,3930,T014,54,-15.986402138348764,-9.20227206532842,5.404897911197656,True,0,mapped,True,0.0
T088,L,3931,T014,55,-15.512494121361572,-9.840779228790211,5.99435430496953,True,0,mapped,True,0.0
T088,L,3932,T014,56,-15.102503718430482,-10.234811736360577,6.762404839626596,True,0,mapped,True,0.0
T088,L,3933,T014,57,-14.588287670222131,-10.535738894397593,7.693469420389757,True,0,mapped,True,0.0
T088,L,3934,T014,58,-14.126969601948232,-10.908485915649925,8.456552055146627,True,0,mapped,True,0.0
T088,L,3935,T014,59,-13.595662386020615,-11.176496157106588,9.005086581551897,True,0,mapped,True,0.0
T088,L,3936,T014,60,-12.972776533639506,-11.77126140910287,9.559271101793716,True,0,mapped,True,0.0
T088,L,3937,T014,61,-12.367231737719475,-12.31397621495309,10.124468728562002,True,0,mapped,True,0.0
T088,L,3938,T014,62,-11.796347254835588,-12.755100161407096,10.719421160971502,True,0,mapped,True,0.0
T088,L,3939,T014,63,-11.2159443570499,-13.36428626125271,11.31989136272673,True,0,mapped,True,0.0
T088,L,3940,T014,64,-10.70514300285475,-14.102240918450324,11.727483901395653,True,0,mapped,True,0.0
T088,L,3941,T014,65,-9.956909732473555,-14.627889112019291,12.061883441973524,True,0,mapped,True,0.0
T088,L,3942,T014,66,-9.23186934051054,-15.37701425662111,12.523742130546935,True,0,mapped,True,0.0
T088,L,3943,T014,67,-8.651374521449071,-16.066047126333107,13.014331490134506,True,0,mapped,True,0.0
T088,L,3944,T014,68,-8.208662189122462,-16.63941722737055,13.615438816233828,True,0,mapped,True,0.0
T088,L,3945,T014,69,-7.641033814414621,-17.06771420207589,14.262814732081011,True,0,mapped,True,0.0
T088,L,3946,T014,70,-7.181405727470128,-17.44221001065329,14.96853902027963,True,0,mapped,True,0.0
T088,L,3947,T014,71,-6.756841577662272,-17.70687308946606,15.823498094317124,True,0,mapped,True,0.0
T088,L,3948,T014,72,-18.84980363482241,-5.700479984283447,4.29675390089082,True,0,mapped,True,0.0
T088,L,3948,T015,72,-18.84980363482241,-5.700479984283447,4.29675390089082,True,0,mapped,False,0.0
T088,L,3949,T014,73,-18.19635603394937,-6.34222727423835,4.432420459995356,True,0,mapped,True,0.0
T088,L,3950,T014,74,-17.496189611807356,-6.91537122362115,4.707958458420622,True,0,mapped,True,0.0
T088,L,3951,T014,75,-16.77563604797419,-7.5877303879008515,4.9689870186245,True,0,mapped,True,0.0
T088,L,3952,T014,76,-16.156793002326726,-8.347090027630765,5.203375971565974,True,0,mapped,True,0.0
T088,L,3953,T014,77,-15.490046148847842,-9.049493053682992,5.707983604101902,True,0,mapped,True,0.0
T088,L,3954,T014,78,-15.042926138579086,-9.728814369290038,6.331129833603981,True,0,mapped,True,0.0
T088,L,3955,T014,79,-14.56187483495118,-10.125612999886869,7.179827414730392,True,0,mapped,True,0.0
T088,L,3956,T014,80,-14.16106817418451,-10.509654378657787,8.002426840915424,True,0,mapped,True,0.0
T088,L,3957,T014,81,-13.705367615385702,-10.709380605167588,8.629558452566773,True,0,mapped,True,0.0
T088,L,3958,T014,82,-13.225054377017592,-11.184269200253054,9.216854312294478,True,0,mapped,True,0.0
T088,L,3959,T014,83,-12.536716770808196,-11.7548307971297,9.808208580132863,True,0,mapped,True,0.0
T088,L,3960,T014,84,-12.002159993995512,-12.256246590987269,10.341329708401004,True,0,mapped,True,0.0
T088,L,3961,T014,85,-11.380618958374342,-12.75629814666831,10.989670254151047,True,0,mapped,True,0.0
T088,L,3962,T014,86,-10.841337029137144,-13.400585749256088,11.53676513955356,True,0,mapped,True,0.0
T088,L,3963,T014,87,-10.228855562124464,-14.029326314361867,11.817490132133528,True,0,mapped,True,0.0
T088,L,3964,T014,88,-9.563639080986151,-14.590215842273416,12.181461837209278,True,0,mapped,True,0.0
T088,L,3965,T014,89,-8.799228855678917,-15.348959705862926,12.696231431122596,True,0,mapped,True,0.0
T088,L,3966,T014,90,-8.242524736905839,-16.0446674782803,13.2341095854959,True,0,mapped,True,0.0
T088,L,3967,T014,91,-7.732006472396876,-16.546127066644154,13.853004819492996,True,0,mapped,True,0.0
T088,L,3968,T014,92,-7.2229846649359315,-16.877491111154004,14.425899078965385,True,0,mapped,True,0.0
T088,L,3969,T014,93,-6.794801235198974,-17.276431934838392,15.207352720605478,True,0,mapped,True,0.0
T088,L,3970,T014,94,-18.39947849584605,-5.688794834357443,4.588907446489795,True,0,mapped,True,0.0
T088,L,3970,T015,94,-18.39947849584605,-5.688794834357443,4.588907446489795,True,0,mapped,False,0.0
T088,L,3971,T014,95,-17.76217850431157,-6.281906706204602,4.80898571874431,True,0,mapped,True,0.0
T088,L,3972,T014,96,-17.063640777868248,-6.899279651237972,5.055236691297309,True,0,mapped,True,0.0
T088,L,3973,T014,97,-16.320133385837906,-7.532038066849866,5.308408039098296,True,0,mapped,True,0.0
T088,L,3974,T014,98,-15.763075714780676,-8.200239922012727,5.531914336814797,True,0,mapped,True,0.0
T088,L,3975,T014,99,-15.114690003171605,-8.89427534305119,5.997922837648623,True,0,mapped,True,0.0
T088,L,3976,T014,100,-14.590780544631878,-9.542819901563742,6.653568559676726,True,0,mapped,True,0.0
T088,L,3977,T014,101,-14.137854662074378,-9.97721929295855,7.511404675314313,True,0,mapped,True,0.0
T088,L,3978,T014,102,-13.649095615068884,-10.3238173354289,8.354430642056858,True,0,mapped,True,0.0
T088,L,3979,T014,103,-13.351920036603277,-10.639175211193743,8.87677710580147,True,0,mapped,True,0.0
T088,L,3980,T014,104,-12.7810516163961,-11.170017467085792,9.462279501036376,True,0,mapped,True,0.0
T088,L,3981,T014,105,-12.180657695706948,-11.718326900159925,10.018473392390105,True,0,mapped,True,0.0
T088,L,3982,T014,106,-11.592377361017377,-12.15187173928879,10.62254841565708,True,0,mapped,True,0.0
T088,L,3983,T014,107,-11.07452261600034,-12.702737184535914,11.172405437929218,True,0,mapped,True,0.0
T088,L,3984,T014,108,-10.400354280777112,-13.426191484184292,11.690047567721106,True,0,mapped,True,0.0
T088,L,3985,T014,109,-9.7570544698539,-13.941470950916166,11.946440153149997,True,0,mapped,True,0.0
T088,L,3986,T014,110,-9.071943788810568,-14.598887438145256,12.33596923324142,True,0,mapped,True,0.0
T088,L,3987,T014,111,-8.393630956688233,-15.293326639886327,12.81802626264244,True,0,mapped,True,0.0
T088,L,3988,T014,112,-7.802094283703553,-15.89351849300401,13.415650744819288,True,0,mapped,True,0.0
T088,L,3989,T014,113,-7.259747198747185,-16.317493190405852,14.01555253536056,True,0,mapped,True,0.0
T088,L,3990,T014,114,-6.794801235198976,-16.750709632775767,14.673659978014896,True,0,mapped,True,0.0
T088,L,3991,T014,115,-18.018460981617206,-5.700479984283447,4.979500663368389,True,0,mapped,True,0.0
T088,L,3991,T015,115,-18.018460981617206,-5.700479984283447,4.979500663368389,True,0,mapped,False,0.0
T088,L,3992,T014,116,-17.373420409505165,-6.366952898808931,5.099201104430415,True,0,mapped,True,0.0
T088,L,3993,T014,117,-16.664400361220018,-6.910000287594437,5.37186396085605,True,0,mapped,True,0.0
T088,L,3994,T014,118,-15.918904611031838,-7.447499689177391,5.679720874272416,True,0,mapped,True,0.0
T088,L,3995,T014,119,-15.284332013579816,-8.14180785726946,5.948938075164033,True,0,mapped,True,0.0
T088,L,3996,T014,120,-14.671819360808914,-8.729998505319559,6.4176892012526245,True,0,mapped,True,0.0
T088,L,3997,T014,121,-14.17418739269293,-9.415939737157446,7.0441815237663805,True,0,mapped,True,0.0
T088,L,3998,T014,122,-13.723074631938696,-9.830279679515286,7.897768539039283,True,0,mapped,True,0.0
T088,L,3999,T014,123,-13.310785416335108,-10.302556296376087,8.663154447630983,True,0,mapped,True,0.0
T088,L,4000,T014,124,-12.860779932145608,-10.60024936622765,9.157682170993564,True,0,mapped,True,0.0
T088,L,4001,T014,125,-12.40235260624646,-11.067589617124042,9.65888167629843,True,0,mapped,True,0.0
T088,L,4002,T014,126,-11.806649652530869,-11.597534454388803,10.24640503011624,True,0,mapped,True,0.0
T088,L,4003,T014,127,-11.205454993447365,-12.087684916002502,10.837618344922404,True,0,mapped,True,0.0
T088,L,4004,T014,128,-10.606885015978284,-12.685690996725045,11.43867448270146,True,0,mapped,True,0.0
T088,L,4005,T014,129,-10.008652325903428,-13.296904953793124,11.741093893822017,True,0,mapped,True,0.0
T088,L,4006,T014,130,-9.31424182991211,-13.919873006407856,12.10095826088406,True,0,mapped,True,0.0
T088,L,4007,T014,131,-8.608566476811841,-14.599656692326832,12.491164401917016,True,0,mapped,True,0.0
T088,L,4008,T014,132,-8.003797126574366,-15.206493715746126,13.002833718296747,True,0,mapped,True,0.0
T088,L,4009,T014,133,-7.333749914361533,-15.751401217848183,13.5959054939101,True,0,mapped,True,0.0
T088,L,4010,T014,134,-6.794801235198976,-16.191649204952444,14.1812132788518,True,0,mapped,True,0.0
T088,L,4011,T014,135,-17.657553501566518,-5.701261740504019,5.391440037503706,True,0,mapped,True,0.0
T088,L,4011,T015,135,-17.657553501566518,-5.701261740504018,5.391440037503706,True,0,mapped,False,8.881784197001252e-16
T088,L,4012,T014,136,-17.00791865428173,-6.27393804227521,5.544947008187854,True,0,mapped,True,0.0
T088,L,4013,T014,137,-16.18995991180693,-6.884345136658135,5.81190053889039,True,0,mapped,True,0.0
T088,L,4014,T014,138,-15.51305566661198,-7.426341113458251,6.051827913233908,True,0,mapped,True,0.0
T088,L,4015,T014,139,-14.874515422384368,-8.052359747330637,6.352809654963874,True,0,mapped,True,0.0
T088,L,4016,T014,140,-14.231822160833453,-8.64773895195746,6.859652081959429,True,0,mapped,True,0.0
T088,L,4017,T014,141,-13.75622224660434,-9.279528368856372,7.4873294610952,True,0,mapped,True,0.0
T088,L,4018,T014,142,-13.354057319571442,-9.73814156491585,8.254240632638524,True,0,mapped,True,0.0
T088,L,4019,T014,143,-12.840236617928236,-10.1162354004208,8.93505436048278,True,0,mapped,True,0.0
T088,L,4020,T014,144,-12.52270856744352,-10.559390902145438,9.366093418835565,True,0,mapped,True,0.0
T088,L,4021,T014,145,-11.9844445163477,-11.060497287488928,9.924565049772124,True,0,mapped,True,0.0
T088,L,4022,T014,146,-11.461493542514924,-11.509069783000903,10.460199180865663,True,0,mapped,True,0.0
T088,L,4023,T014,147,-10.835166772502529,-12.105440447748649,11.09502370487299,True,0,mapped,True,0.0
T088,L,4024,T014,148,-10.214229288490506,-12.697461667835771,11.552979138182584,True,0,mapped,True,0.0
T088,L,4025,T014,149,-9.568513999962446,-13.291781629752917,11.881701301368214,True,0,mapped,True,0.0
T088,L,4026,T014,150,-8.93355619364381,-13.846291069021538,12.156415502453616,True,0,mapped,True,0.0
T088,L,4027,T014,151,-8.205066211955609,-14.577607884680583,12.631700395819855,True,0,mapped,True,0.0
T088,L,4028,T014,152,-7.562199198182103,-15.173216603927568,13.210508683714467,True,0,mapped,True,0.0
T088,L,4029,T014,153,-6.797210439030696,-15.575088592777504,13.743221417088725,True,0,mapped,True,0.0
T088,L,4030,T014,154,-17.318185981883268,-5.700479984283447,5.821536596788427,True,0,mapped,True,0.0
T088,L,4030,T015,154,-17.318185981883268,-5.700479984283447,5.821536596788427,True,0,mapped,False,0.0
T088,L,4031,T014,155,-16.620354467549227,-6.285741093561904,5.944845035225629,True,0,mapped,True,0.0
T088,L,4032,T014,156,-15.751268036382292,-6.89438093191878,6.226585718155879,True,0,mapped,True,0.0
T088,L,4033,T014,157,-15.058406063521709,-7.435765836831443,6.503087425046436,True,0,mapped,True,0.0
T088,L,4034,T014,158,-14.462912173806997,-7.985176194584053,6.81888832465877,True,0,mapped,True,0.0
T088,L,4035,T014,159,-13.970046270379784,-8.488720363199233,7.174523155624841,True,0,mapped,True,0.0
T088,L,4036,T014,160,-13.40683991625507,-9.077865180526045,7.85239052065394,True,0,mapped,True,0.0
T088,L,4037,T014,161,-12.969028327881722,-9.7050401575113,8.615839174572942,True,0,mapped,True,0.0
T088,L,4038,T014,162,-12.576544298415032,-10.0479648166896,9.109567587693206,True,0,mapped,True,0.0
T088,L,4039,T014,163,-12.13841376677602,-10.5415707444053,9.615102189302691,True,0,mapped,True,0.0
T088,L,4040,T014,164,-11.629908169791188,-11.047767113035915,10.135547858530346,True,0,mapped,True,0.0
T088,L,4041,T014,165,-11.03046456232602,-11.437606884963582,10.7039430798803,True,0,mapped,True,0.0
T088,L,4042,T014,166,-10.40973120893215,-12.030008110017846,11.281337270468557,True,0,mapped,True,0.0
T088,L,4043,T014,167,-9.747597163267926,-12.636496969798298,11.648197964306163,True,0,mapped,True,0.0
T088,L,4044,T014,168,-9.10040161366661,-13.179720328625509,11.941491072856964,True,0,mapped,True,0.0
T088,L,4045,T014,169,-8.457264442514392,-13.886119798968211,12.293476200736288,True,0,mapped,True,0.0
T088,L,4046,T014,170,-7.792110341938683,-14.51588888429455,12.79620100480981,True,0,mapped,True,0.0
T088,L,4047,T014,171,-7.039633257207244,-15.041482291651876,13.307988528871803,True,0,mapped,True,0.0
T088,L,4048,T014,172,-16.96184501038964,-5.701250132493507,6.237675741006499,True,0,mapped,True,0.0
T088,L,4048,T015,172,-16.96184501038964,-5.701250132493507,6.237675741006499,True,0,mapped,False,0.0
T088,L,4049,T014,173,-16.126883886385784,-6.369659595092224,6.372049393537946,True,0,mapped,True,0.0
T088,L,4050,T014,174,-15.364288210899195,-6.900855108426614,6.6185202349489485,True,0,mapped,True,0.0
T088,L,4051,T014,175,-14.698931186004987,-7.379901251234333,6.915832508462059,True,0,mapped,True,0.0
T088,L,4052,T014,176,-14.167546319305632,-7.877448981425728,7.203641734778664,True,0,mapped,True,0.0
T088,L,4053,T014,177,-13.58305222578404,-8.316669040890323,7.625905949342536,True,0,mapped,True,0.0
T088,L,4054,T014,178,-13.018096619480836,-9.053310306298975,8.317830066218754,True,0,mapped,True,0.0
T088,L,4055,T014,179,-12.624582592945446,-9.518332457399822,8.85264854164393,True,0,mapped,True,0.0
T088,L,4056,T014,180,-12.247015217208547,-10.013159943704888,9.317148187879752,True,0,mapped,True,0.0
T088,L,4057,T014,181,-11.815022311728342,-10.503895096403587,9.800449907298823,True,0,mapped,True,0.0
T088,L,4058,T014,182,-11.207144167224396,-10.933205947331142,10.361138367526053,True,0,mapped,True,0.0
T088,L,4059,T014,183,-10.71496077338316,-11.391905424709194,10.873345869314823,True,0,mapped,True,0.0
T088,L,4060,T014,184,-9.965817465785191,-11.988976033241014,11.374628814610809,True,0,mapped,True,0.0
T088,L,4061,T014,185,-9.25765693020653,-12.547615584192322,11.714051318350943,True,0,mapped,True,0.0
T088,L,4062,T014,186,-8.657645499486607,-13.196534314218487,12.030689730854174,True,0,mapped,True,0.0
T088,L,4063,T014,187,-8.002592254712868,-13.872826741307897,12.44133347405003,True,0,mapped,True,0.0
T088,L,4064,T014,188,-7.392894275370038,-14.531413362293607,12.94286977641566,True,0,mapped,True,0.0
T088,L,4065,T014,189,-16.627261894852538,-5.700479984283447,6.669210049121003,True,0,mapped,True,0.0
T088,L,4065,T015,189,-16.627261894852538,-5.700479984283447,6.669210049121003,True,0,mapped,False,0.0
T088,L,4066,T014,190,-15.763330696739857,-6.410939897075184,6.73340199334849,True,0,mapped,True,0.0
T088,L,4067,T014,191,-14.94265268840028,-6.896422031496231,7.008902472787718,True,0,mapped,True,0.0
T088,L,4068,T014,192,-14.3764274388321,-7.398640648088705,7.254679223188788,True,0,mapped,True,0.0
T088,L,4069,T014,193,-13.785612716691832,-7.800768253924344,7.604340585530796,True,0,mapped,True,0.0
T088,L,4070,T014,194,-13.133017874209088,-8.4026167168769,8.123615242060705,True,0,mapped,True,0.0
T088,L,4071,T014,195,-12.7101873741321,-8.956889803477209,8.621623529391222,True,0,mapped,True,0.0
T088,L,4072,T014,196,-12.263417291384208,-9.49144478900408,9.125200478666333,True,0,mapped,True,0.0
T088,L,4073,T014,197,-11.902119518098402,-9.965928119324976,9.515912837999483,True,0,mapped,True,0.0
T088,L,4074,T014,198,-11.414252347866828,-10.475502336726176,10.011635409530951,True,0,mapped,True,0.0
T088,L,4075,T014,199,-10.983349414116548,-10.896756291605678,10.502344629172564,True,0,mapped,True,0.0
T088,L,4076,T014,200,-10.217888787436817,-11.401301235412134,11.061355529910722,True,0,mapped,True,0.0
T088,L,4077,T014,201,-9.489092125233284,-12.017339703642442,11.46594465112202,True,0,mapped,True,0.0
T088,L,4078,T014,202,-8.886464765943737,-12.583740550974262,11.75597393035324,True,0,mapped,True,0.0
T088,L,4079,T014,203,-8.171412111070769,-13.182096140885491,12.101114144875378,True,0,mapped,True,0.0
T088,L,4080,T014,204,-7.570845753724768,-13.916410738829748,12.569854078839166,True,0,mapped,True,0.0
T088,L,4081,T014,205,-16.22013702147071,-5.810659762598768,7.001583257592503,True,0,mapped,True,0.0
T088,L,4081,T015,205,-16.220137021470705,-5.810659762598768,7.001583257592503,True,0,mapped,False,3.552713678800501e-15
T088,L,4082,T014,206,-15.417447314265296,-6.324377141078573,7.214964239690173,True,0,mapped,True,0.0
T088,L,4083,T014,207,-14.553546487170674,-6.821011721023602,7.563579511780167,True,0,mapped,True,0.0
T088,L,4084,T014,208,-14.041221070548843,-7.370438029610041,7.619613042655608,True,0,mapped,True,0.0
T088,L,4085,T014,209,-13.415394702724049,-7.74123180410168,8.024268018009554,True,0,mapped,True,0.0
T088,L,4086,T014,210,-12.861180700362173,-8.368993935156269,8.44984524856444,True,0,mapped,True,0.0
T088,L,4087,T014,211,-12.439755515092331,-8.9494053320063,8.8793636882403,True,0,mapped,True,0.0
T088,L,4088,T014,212,-12.04693230286554,-9.48077622064989,9.269007636494504,True,0,mapped,True,0.0
T088,L,4089,T014,213,-11.630193507002886,-9.920125573207212,9.678429294809463,True,0,mapped,True,0.0
T088,L,4090,T014,214,-11.136307082475286,-10.4007143486342,10.16637613219121,True,0,mapped,True,0.0
T088,L,4091,T014,215,-10.532021708682924,-10.8169953673921,10.707895079285258,True,0,mapped,True,0.0
T088,L,4092,T014,216,-9.811594594278986,-11.447383071027044,11.14343504101833,True,0,mapped,True,0.0
T088,L,4093,T014,217,-9.036908646575274,-11.962139836228603,11.514673897793852,True,0,mapped,True,0.0
T088,L,4094,T014,218,-8.41975008575602,-12.635365562370888,11.830427986603208,True,0,mapped,True,0.0
T088,L,4095,T014,219,-7.7410214089595,-13.292029608519965,12.2226052862073,True,0,mapped,True,0.0
T088,L,4096,T014,220,-15.833213651308377,-5.900480270385742,7.355637495910735,True,0,mapped,True,0.0
T088,L,4096,T015,220,-15.833213651308371,-5.900480270385742,7.3556374959107345,True,0,mapped,False,5.4025784115714076e-15
T088,L,4097,T014,221,-15.024175480027369,-6.302305967467518,7.645267013528306,True,0,mapped,True,0.0
T088,L,4098,T014,222,-14.249303659288474,-6.850013340455263,7.869084592978918,True,0,mapped,True,0.0
T088,L,4099,T014,223,-13.677116774097522,-7.271033565011903,8.083998378924388,True,0,mapped,True,0.0
T088,L,4100,T014,224,-13.03878258629246,-7.742177675681711,8.393906487755379,True,0,mapped,True,0.0
T088,L,4101,T014,225,-12.603287163144904,-8.357954318759615,8.724251696053186,True,0,mapped,True,0.0
T088,L,4102,T014,226,-12.245189047993804,-8.901716255956792,9.049157854439803,True,0,mapped,True,0.0
T088,L,4103,T014,227,-11.751499698595294,-9.460216988404255,9.436718727974824,True,0,mapped,True,0.0
T088,L,4104,T014,228,-11.269153669730354,-9.901385610942436,9.874863026314332,True,0,mapped,True,0.0
T088,L,4105,T014,229,-10.710444169835586,-10.299197461808255,10.356415809310342,True,0,mapped,True,0.0
T088,L,4106,T014,230,-10.101286655514867,-10.831185472986231,10.865587232948824,True,0,mapped,True,0.0
T088,L,4107,T014,231,-9.365812490568103,-11.407968811484611,11.222742456665484,True,0,mapped,True,0.0
T088,L,4108,T014,232,-8.676514247869552,-12.091552941524078,11.57003844840964,True,0,mapped,True,0.0
T088,L,4109,T014,233,-7.99114121600146,-12.708922158659114,11.89762245044425,True,0,mapped,True,0.0
T088,L,4110,T014,234,-15.463987298231531,-5.900906671374374,7.760008287414349,True,0,mapped,True,0.0
T088,L,4110,T015,234,-15.463987298231531,-5.900906671374374,7.760008287414349,True,0,mapped,False,0.0
T088,L,4111,T014,235,-14.693834661061748,-6.301486379256485,8.007293132170554,True,0,mapped,True,0.0
T088,L,4112,T014,236,-14.000140382063174,-6.736632947720893,8.230138103111042,True,0,mapped,True,0.0
T088,L,4113,T014,237,-13.31410796932463,-7.30326306239555,8.400011719226464,True,0,mapped,True,0.0
T088,L,4114,T014,238,-12.794874707517003,-7.725571669055044,8.656829524016356,True,0,mapped,True,0.0
T088,L,4115,T014,239,-12.329290645133163,-8.297766531427305,8.97940241635557,True,0,mapped,True,0.0
T088,L,4116,T014,240,-11.936673719393667,-8.798895753475382,9.262169187440996,True,0,mapped,True,0.0
T088,L,4117,T014,241,-11.42214448111586,-9.373806907960176,9.60156371027574,True,0,mapped,True,0.0
T088,L,4118,T014,242,-10.887289138691806,-9.797297554756664,10.044379811655237,True,0,mapped,True,0.0
T088,L,4119,T014,243,-10.280184238580125,-10.246770195222538,10.507190993523714,True,0,mapped,True,0.0
T088,L,4120,T014,244,-9.648358381855392,-10.823865522100622,10.927183225762064,True,0,mapped,True,0.0
T088,L,4121,T014,245,-8.872575052515854,-11.438093980519762,11.271664445282187,True,0,mapped,True,0.0
T088,L,4122,T014,246,-8.038692037407024,-12.056589563545124,11.556525847126077,True,0,mapped,True,0.0
T088,L,4123,T014,247,-15.069244784820384,-5.900480270385742,8.139887458591675,True,0,mapped,True,0.0
T088,L,4123,T015,247,-15.069244784820384,-5.900480270385742,8.139887458591675,True,0,mapped,False,0.0
T088,L,4124,T014,248,-14.291913663878958,-6.347078628203351,8.379324521508458,True,0,mapped,True,0.0
T088,L,4125,T014,249,-13.691208270011607,-6.757923599321924,8.514548604029759,True,0,mapped,True,0.0
T088,L,4126,T014,250,-13.00222356476112,-7.282931433363423,8.727814097252372,True,0,mapped,True,0.0
T088,L,4127,T014,251,-12.48607123049143,-7.72289090378426,8.9551488892479,True,0,mapped,True,0.0
T088,L,4128,T014,252,-12.094819784273067,-8.248911544210493,9.165829667990185,True,0,mapped,True,0.0
T088,L,4129,T014,253,-11.610786482775769,-8.808980202798205,9.441236863569372,True,0,mapped,True,0.0
T088,L,4130,T014,254,-11.108413046146884,-9.30403386306964,9.746551212611363,True,0,mapped,True,0.0
T088,L,4131,T014,255,-10.495774003028387,-9.71660772901672,10.169702450274102,True,0,mapped,True,0.0
T088,L,4132,T014,256,-9.857913792095898,-10.270364353148842,10.611405124019798,True,0,mapped,True,0.0
T088,L,4133,T014,257,-9.146583132021624,-10.918803262636654,10.973755051242817,True,0,mapped,True,0.0
T088,L,4134,T014,258,-8.394801139831543,-11.50019137068074,11.304946896538844,True,0,mapped,True,0.0
T088,L,4135,T014,259,-14.68436311963838,-5.903412369951669,8.529574285707946,True,0,mapped,True,0.0
T088,L,4135,T015,259,-14.68436311963838,-5.903412369951669,8.529574285707946,True,0,mapped,False,0.0
T088,L,4136,T014,260,-13.934317691229374,-6.322790170799603,8.735980146492656,True,0,mapped,True,0.0
T088,L,4137,T014,261,-13.352490867218552,-6.845055449067472,8.73661046481591,True,0,mapped,True,0.0
T088,L,4138,T014,262,-12.63121068017995,-7.317723168015149,9.019174225268053,True,0,mapped,True,0.0
T088,L,4139,T014,263,-12.112956652564396,-7.690097137426038,9.269521094582108,True,0,mapped,True,0.0
T088,L,4140,T014,264,-11.73436648174645,-8.209421864656479,9.3941791507286,True,0,mapped,True,0.0
T088,L,4141,T014,265,-11.258173923245243,-8.788163904204247,9.569622445020388,True,0,mapped,True,0.0
T088,L,4142,T014,266,-10.749723426568458,-9.245854310171657,9.896060314641788,True,0,mapped,True,0.0
T088,L,4143,T014,267,-10.124953801574582,-9.726043702501102,10.26769690645164,True,0,mapped,True,0.0
T088,L,4144,T014,268,-9.350424157348684,-10.36166353397387,10.697610891051784,True,0,mapped,True,0.0
T088,L,4145,T014,269,-8.59480094909668,-10.915696071987847,10.965949856869653,True,0,mapped,True,0.0
T088,L,4146,T014,270,-14.340665240434063,-5.900480270385742,8.955493867031343,True,0,mapped,True,0.0
T088,L,4146,T015,270,-14.340665240434063,-5.900480270385742,8.955493867031343,True,0,mapped,False,0.0
T088,L,4147,T014,271,-13.607238799197404,-6.254413009336451,9.125376787889092,True,0,mapped,True,0.0
T088,L,4148,T014,272,-13.005064600444095,-6.765957191333217,9.078259017905296,True,0,mapped,True,0.0
T088,L,4149,T014,273,-12.340090095115176,-7.2367965267882255,9.305200568012026,True,0,mapped,True,0.0
T088,L,4150,T014,274,-11.851690640029176,-7.713772677961099,9.41441519220052,True,0,mapped,True,0.0
T088,L,4151,T014,275,-11.450888815785326,-8.132702525192949,9.511111479387086,True,0,mapped,True,0.0
T088,L,4152,T014,276,-10.949312069421476,-8.793627478821989,9.697591129136812,True,0,mapped,True,0.0
T088,L,4153,T014,277,-10.371619573341995,-9.17414931416176,9.959406352901864,True,0,mapped,True,0.0
T088,L,4154,T014,278,-9.59566014258087,-9.724485454456104,10.302601912414536,True,0,mapped,True,0.0
T088,L,4155,T014,279,-8.794801712036131,-10.332214752492224,10.63171856127532,True,0,mapped,True,0.0
T088,L,4156,T014,280,-13.945629842725978,-5.900480270385743,9.332812779270135,True,0,mapped,True,0.0
T088,L,4156,T015,280,-13.945629842725976,-5.900480270385742,9.332812779270135,True,0,mapped,False,1.9860273225978185e-15
T088,L,4157,T014,281,-13.20195632536787,-6.287474192997712,9.396916826602393,True,0,mapped,True,0.0
T088,L,4158,T014,282,-12.695646652636418,-6.781213339919498,9.298226048737506,True,0,mapped,True,0.0
T088,L,4159,T014,283,-12.102622731023184,-7.191536170163275,9.482911644432454,True,0,mapped,True,0.0
T088,L,4160,T014,284,-11.600756197609384,-7.608863086392738,9.543034000972575,True,0,mapped,True,0.0
T088,L,4161,T014,285,-11.123543767849789,-8.1415824602831,9.603982104347184,True,0,mapped,True,0.0
T088,L,4162,T014,286,-10.583641443200843,-8.601620594826294,9.74268878665785,True,0,mapped,True,0.0
T088,L,4163,T014,287,-9.935632700148917,-9.21260221429374,10.011307490818451,True,0,mapped,True,0.0
T088,L,4164,T014,288,-9.095861206402631,-9.773614129154144,10.30932672937811,True,0,mapped,True,0.0
T088,L,4165,T014,289,-13.507233663714423,-5.900480270385742,9.661397930113251,True,0,mapped,True,0.0
T088,L,4165,T015,289,-13.507233663714423,-5.900480270385742,9.661397930113251,True,0,mapped,False,0.0
T088,L,4166,T014,290,-12.864481375569822,-6.27778561074719,9.667031460076124,True,0,mapped,True,0.0
T088,L,4167,T014,291,-12.322654549206735,-6.697852973375446,9.649422951167626,True,0,mapped,True,0.0
T088,L,4168,T014,292,-11.823553889429627,-7.065322511557362,9.66572508590661,True,0,mapped,True,0.0
T088,L,4169,T014,293,-11.30217962162953,-7.503033853294898,9.669848461768185,True,0,mapped,True,0.0
T088,L,4170,T014,294,-10.906616070767033,-8.132166964173702,9.66696456169815,True,0,mapped,True,0.0
T088,L,4171,T014,295,-10.241657046866102,-8.641580608340927,9.774156526739514,True,0,mapped,True,0.0
T088,L,4172,T014,296,-9.345708609761743,-9.168230620536953,9.961657403286866,True,0,mapped,True,0.0
T088,L,4173,T014,297,-13.062724182707411,-5.900480270385742,9.981153170224005,True,0,mapped,True,0.0
T088,L,4173,T015,297,-13.062724182707411,-5.900480270385742,9.981153170224005,True,0,mapped,False,0.0
T088,L,4174,T014,298,-12.448725348073676,-6.267149008841896,9.95369780725964,True,0,mapped,True,0.0
T088,L,4175,T014,299,-11.97181473294957,-6.696453378277123,9.828620957777645,True,0,mapped,True,0.0
T088,L,4176,T014,300,-11.554544768782636,-6.996670062528287,9.795678707325909,True,0,mapped,True,0.0
T088,L,4177,T014,301,-11.021857118327372,-7.490457087798008,9.71237529671848,True,0,mapped,True,0.0
T088,L,4178,T014,302,-10.546820634848457,-8.026832160481696,9.695901994524252,True,0,mapped,True,0.0
T088,L,4179,T014,303,-9.86444192049488,-8.67603336302376,9.754016736780343,True,0,mapped,True,0.0
T088,L,4180,T014,304,-12.58595425806509,-5.917665420260693,10.232437582281785,True,0,mapped,True,0.0
T088,L,4180,T015,304,-12.585954258065088,-5.917665420260693,10.232437582281785,True,0,mapped,False,1.7763568394002505e-15
T088,L,4181,T014,305,-12.164411099063756,-6.3051316015218895,10.066437762150446,True,0,mapped,True,0.0
T088,L,4182,T014,306,-11.676774498762803,-6.606225257003084,9.982218487771217,True,0,mapped,True,0.0
T088,L,4183,T014,307,-11.194633950356405,-6.93481165992235,9.88587270580284,True,0,mapped,True,0.0
T088,L,4184,T014,308,-10.733683267820094,-7.509412902588344,9.713970884862515,True,0,mapped,True,0.0
T088,L,4185,T014,309,-10.242907095893326,-8.052374314323961,9.6907954983405,True,0,mapped,True,0.0
T088,L,4186,T014,310,-12.096387521272405,-5.900480270385742,10.47200927549484,True,0,mapped,True,0.0
T088,L,4186,T015,310,-12.0963875212724,-5.900480270385742,10.47200927549484,True,0,mapped,False,5.329070518200751e-15
T088,L,4187,T014,311,-11.633520862224907,-6.162248913200435,10.357070338110091,True,0,mapped,True,0.0
T088,L,4188,T014,312,-11.283965696166074,-6.438398097177007,10.181967741689268,True,0,mapped,True,0.0
T088,L,4189,T014,313,-10.849898525884695,-6.767703352435536,9.938971735625644,True,0,mapped,True,0.0
T088,L,4190,T014,314,-10.394801139831545,-7.354727429934583,9.704817623236329,True,0,mapped,True,0.0
T088,L,4191,T014,315,-11.583098104734011,-5.845230425326174,10.636158786017385,True,0,mapped,True,0.0
T088,L,4191,T015,315,-11.583098104734011,-5.845230425326173,10.636158786017385,True,0,mapped,False,8.881784197001252e-16
T088,L,4192,T014,316,-11.281429133796616,-5.94815193289945,10.557794959376784,True,0,mapped,True,0.0
T088,L,4193,T014,317,-10.910525975953224,-6.3434795595537,10.237352343726686,True,0,mapped,True,0.0
T088,L,4194,T014,318,-10.594800949096678,-6.686315663033952,9.94902841624308,True,0,mapped,True,0.0
T088,L,4195,T014,319,-11.156391411451285,-5.630509509649908,10.860435956580051,True,0,mapped,True,0.0
T088,L,4195,T015,319,-11.156391411451285,-5.630509509649908,10.860435956580051,True,0,mapped,False,0.0
T088,L,4196,T014,320,-10.929160731294148,-5.778394534913455,10.692089609570624,True,0,mapped,True,0.0
T088,L,4197,T014,321,-10.59480094909668,-6.0515372349726375,10.367250687800462,True,0,mapped,True,0.0
T088,L,4198,T014,322,-10.81260999332655,-5.318288212664723,11.149340225705526,True,0,mapped,True,0.0
T088,L,4198,T015,322,-10.81260999332655,-5.318288212664724,11.149340225705528,True,0,mapped,False,1.9860273225978185e-15
T088,L,4199,T014,323,-10.584457553343391,-5.528696665096043,10.901349535794482,True,0,mapped,True,0.0
T088,L,4200,T015,26,-19.39834673935831,-5.353051776815958,4.200264965983898,True,0,mapped,True,0.0
T088,L,4201,T015,27,-18.783518054307358,-5.280134819163036,4.620398782656457,True,0,mapped,True,0.0
T088,L,4202,T015,28,-18.36111442407152,-5.206164228686796,5.104067204710963,True,0,mapped,True,0.0
T088,L,4203,T015,29,-17.952778875184833,-5.187098668246343,5.676204305007403,True,0,mapped,True,0.0
T088,L,4204,T015,30,-17.610714787976068,-5.135540153479604,6.224829245008587,True,0,mapped,True,0.0
T088,L,4205,T015,31,-17.16341003649494,-5.150782771184015,6.84333430769286,True,0,mapped,True,0.0
T088,L,4206,T015,32,-16.72723928351699,-5.191478184050117,7.377066225442931,True,0,mapped,True,0.0
T088,L,4207,T015,33,-16.32936209784825,-5.18532039230138,7.945135660000419,True,0,mapped,True,0.0
T088,L,4208,T015,34,-15.950309302140592,-5.153223115992741,8.506166130717487,True,0,mapped,True,0.0
T088,L,4209,T015,35,-15.473931910494448,-5.169751650360813,9.046200032404515,True,0,mapped,True,0.0
T088,L,4210,T015,36,-15.090460593272336,-5.149825207488028,9.600382785864811,True,0,mapped,True,0.0
T088,L,4211,T015,37,-14.63637746169653,-5.128116581248299,10.12508127691962,True,0,mapped,True,0.0
T088,L,4212,T015,38,-14.28272956327621,-5.022321562026543,10.61986511285984,True,0,mapped,True,0.0
T088,L,4213,T015,39,-13.920052525423689,-4.801897541620834,11.193235718594469,True,0,mapped,True,0.0
T088,L,4214,T015,40,-13.594888280276054,-4.62456189574557,11.644034906759565,True,0,mapped,True,0.0
T088,L,4215,T015,41,-13.25760371032158,-4.341016399766676,12.12578595014765,True,0,mapped,True,0.0
T088,L,4216,T015,42,-13.05434777635438,-3.9585946469224975,12.62237070352402,True,0,mapped,True,0.0
T088,L,4217,T015,43,-12.481857941439529,-3.709054550210296,12.883867750909646,True,0,mapped,True,0.0
T088,L,4218,T015,44,-12.006873695661742,-3.2677862394006283,13.198786692292757,True,0,mapped,True,0.0
T088,L,4219,T015,45,-11.574844616281968,-2.9107088097848037,13.433868609953832,True,0,mapped,True,0.0
T088,L,4220,T015,46,-11.1874512303821,-2.3341234161267934,13.63410781689479,True,0,mapped,True,0.0
T088,L,4221,T015,47,-10.772053533591256,-1.818900290935276,13.720606156016144,True,0,mapped,True,0.0
T088,L,4222,T015,50,-18.836489187962204,-5.469807193139351,4.446906559440438,True,0,mapped,True,0.0
T088,L,4223,T015,51,-18.35256681986507,-5.331413404529047,4.9638821711151495,True,0,mapped,True,0.0
T088,L,4224,T015,52,-17.970971693923822,-5.302270785391482,5.487624760299834,True,0,mapped,True,0.0
T088,L,4225,T015,53,-17.591065339548788,-5.283108537259159,6.038725765747266,True,0,mapped,True,0.0
T088,L,4226,T015,54,-17.16093423148476,-5.276698789161504,6.613700121802937,True,0,mapped,True,0.0
T088,L,4227,T015,55,-16.760085239291296,-5.254531953655525,7.222952261914417,True,0,mapped,True,0.0
T088,L,4228,T015,56,-16.37148081487372,-5.2393192217754825,7.784014717147221,True,0,mapped,True,0.0
T088,L,4229,T015,57,-15.963970161795467,-5.2704238928172105,8.261687270827563,True,0,mapped,True,0.0
T088,L,4230,T015,58,-15.46816292631061,-5.240735080507503,8.890453373404037,True,0,mapped,True,0.0
T088,L,4231,T015,59,-15.197515574756148,-5.155383389249242,9.430940962365137,True,0,mapped,True,0.0
T088,L,4232,T015,60,-14.68335375537904,-5.201943448735079,9.937349797118806,True,0,mapped,True,0.0
T088,L,4233,T015,61,-14.282883954397048,-5.094555163149986,10.486349084264129,True,0,mapped,True,0.0
T088,L,4234,T015,62,-13.948531202557922,-4.886518189535013,11.045036494535797,True,0,mapped,True,0.0
T088,L,4235,T015,63,-13.571558926860291,-4.700458949728522,11.54201879244086,True,0,mapped,True,0.0
T088,L,4236,T015,64,-13.221070083876524,-4.469715223868946,11.970087994183777,True,0,mapped,True,0.0
T088,L,4237,T015,65,-12.982707532849192,-4.112277752959039,12.464348983249865,True,0,mapped,True,0.0
T088,L,4238,T015,66,-12.467181367163082,-3.793097049566248,12.820210794153356,True,0,mapped,True,0.0
T088,L,4239,T015,67,-12.064450619932382,-3.413977499743843,13.090465096460662,True,0,mapped,True,0.0
T088,L,4240,T015,68,-11.59298639297504,-3.12019485953556,13.304915226054494,True,0,mapped,True,0.0
T088,L,4241,T015,69,-11.225454596255082,-2.5493162710911053,13.55111621093367,True,0,mapped,True,0.0
T088,L,4242,T015,70,-10.804439059423274,-1.9967837925851075,13.680376251222787,True,0,mapped,True,0.0
T088,L,4243,T015,73,-18.350057268036974,-5.516460570268794,4.762777589522884,True,0,mapped,True,0.0
T088,L,4244,T015,74,-17.957546828493154,-5.427819388297559,5.345290508867217,True,0,mapped,True,0.0
T088,L,4245,T015,75,-17.648689636102247,-5.384027100338069,5.826655703800628,True,0,mapped,True,0.0
T088,L,4246,T015,76,-17.236688698814802,-5.287603087166103,6.4871700416824405,True,0,mapped,True,0.0
T088,L,4247,T015,77,-16.83246563609706,-5.285931222785663,7.068289578097038,True,0,mapped,True,0.0
T088,L,4248,T015,78,-16.40573653937018,-5.320850005073671,7.582745413780847,True,0,mapped,True,0.0
T088,L,4249,T015,79,-15.97039306647297,-5.322399799284901,8.151735898846233,True,0,mapped,True,0.0
T088,L,4250,T015,80,-15.514562310332115,-5.29374293793398,8.719158532025387,True,0,mapped,True,0.0
T088,L,4251,T015,81,-15.135373138969667,-5.255371368710582,9.260315777185458,True,0,mapped,True,0.0
T088,L,4252,T015,82,-14.726517070134902,-5.2603685608097095,9.78917363202059,True,0,mapped,True,0.0
T088,L,4253,T015,83,-14.32666841821542,-5.157368315595273,10.334753903040722,True,0,mapped,True,0.0
T088,L,4254,T015,84,-13.943785587937654,-4.983189782635171,10.901981167747184,True,0,mapped,True,0.0
T088,L,4255,T015,85,-13.576697786544129,-4.7774134859535815,11.428141117328774,True,0,mapped,True,0.0
T088,L,4256,T015,86,-13.224090755451792,-4.544162062216824,11.86899401475024,True,0,mapped,True,0.0
T088,L,4257,T015,87,-12.938157597838366,-4.235313461776537,12.313305452057447,True,0,mapped,True,0.0
T088,L,4258,T015,88,-12.502064604944932,-3.94315753926302,12.68824933701513,True,0,mapped,True,0.0
T088,L,4259,T015,89,-12.109285367399108,-3.6367667762136175,12.924042816104931,True,0,mapped,True,0.0
T088,L,4260,T015,90,-11.575425700521055,-3.236651961426253,13.217206794892013,True,0,mapped,True,0.0
T088,L,4261,T015,91,-11.252548009198424,-2.7572931152271605,13.45458708589672,True,0,mapped,True,0.0
T088,L,4262,T015,92,-10.78764732933472,-2.1487739685100324,13.620583837379884,True,0,mapped,True,0.0
T088,L,4263,T015,95,-17.96817128585715,-5.5627724705200485,5.180780963839892,True,0,mapped,True,0.0
T088,L,4264,T015,96,-17.676887582988197,-5.430649920573669,5.717293098671231,True,0,mapped,True,0.0
T088,L,4265,T015,97,-17.28112543838079,-5.343991547884171,6.338470326154498,True,0,mapped,True,0.0
T088,L,4266,T015,98,-16.789396630184694,-5.440861188641229,6.8649657733301765,True,0,mapped,True,0.0
T088,L,4267,T015,99,-16.425534990416914,-5.394423008183005,7.416198694463124,True,0,mapped,True,0.0
T088,L,4268,T015,100,-16.017097798521725,-5.364042214221852,8.014910641889742,True,0,mapped,True,0.0
T088,L,4269,T015,101,-15.577738008694077,-5.352239295508584,8.541408889080486,True,0,mapped,True,0.0
T088,L,4270,T015,102,-15.15896913273101,-5.301207912210289,9.0922584855293,True,0,mapped,True,0.0
T088,L,4271,T015,103,-14.794182176736507,-5.317019898366206,9.607598688391889,True,0,mapped,True,0.0
T088,L,4272,T015,104,-14.326325334392056,-5.255009453838287,10.165763628200502,True,0,mapped,True,0.0
T088,L,4273,T015,105,-14.000452731535791,-5.074124536249055,10.724349037230144,True,0,mapped,True,0.0
T088,L,4274,T015,106,-13.571202306705038,-4.896641225442945,11.252330426974382,True,0,mapped,True,0.0
T088,L,4275,T015,107,-13.236052506126718,-4.654251667142127,11.712190339611832,True,0,mapped,True,0.0
T088,L,4276,T015,108,-12.841888606260326,-4.468714594496863,12.0344586901206,True,0,mapped,True,0.0
T088,L,4277,T015,109,-12.503600527659763,-4.102840014970832,12.52630219734092,True,0,mapped,True,0.0
T088,L,4278,T015,110,-12.082617258730837,-3.748855661168723,12.836296879569074,True,0,mapped,True,0.0
T088,L,4279,T015,111,-11.602572352676072,-3.337235658691329,13.13496961644512,True,0,mapped,True,0.0
T088,L,4280,T015,112,-11.204707262065003,-2.899084995617291,13.364229425566265,True,0,mapped,True,0.0
T088,L,4281,T015,113,-10.831124989645224,-2.3617975545504417,13.54144890035746,True,0,mapped,True,0.0
T088,L,4282,T015,116,-17.674956198179757,-5.529144321171809,5.582294055682249,True,0,mapped,True,0.0
T088,L,4283,T015,117,-17.29194955407055,-5.518393227143156,6.082327746980326,True,0,mapped,True,0.0
T088,L,4284,T015,118,-16.877212268466437,-5.469602201168708,6.695155629594225,True,0,mapped,True,0.0
T088,L,4285,T015,119,-16.489153345985223,-5.429540615637404,7.266086711503355,True,0,mapped,True,0.0
T088,L,4286,T015,120,-16.083668283109446,-5.423787439616556,7.828490920357335,True,0,mapped,True,0.0
T088,L,4287,T015,121,-15.60282327706135,-5.425537512112674,8.38304942420326,True,0,mapped,True,0.0
T088,L,4288,T015,122,-15.206750785716617,-5.330358989304573,8.929800441609173,True,0,mapped,True,0.0
T088,L,4289,T015,123,-14.8497471987837,-5.367100336233748,9.422425695702934,True,0,mapped,True,0.0
T088,L,4290,T015,124,-14.374272120738382,-5.324352799952031,9.996484761903552,True,0,mapped,True,0.0
T088,L,4291,T015,125,-14.01306741698798,-5.143537206468151,10.597363941191777,True,0,mapped,True,0.0
T088,L,4292,T015,126,-13.57384773393794,-5.010518792487603,11.065690714289447,True,0,mapped,True,0.0
T088,L,4293,T015,127,-13.220374179767932,-4.830351076578518,11.473673255406474,True,0,mapped,True,0.0
T088,L,4294,T015,128,-12.861711030183155,-4.591231516509411,11.877589659315696,True,0,mapped,True,0.0
T088,L,4295,T015,129,-12.547214124097128,-4.231821639069235,12.379656856154316,True,0,mapped,True,0.0
T088,L,4296,T015,130,-12.034745642288753,-3.8824710266993527,12.72452998065326,True,0,mapped,True,0.0
T088,L,4297,T015,131,-11.646102810199036,-3.4731519971455125,13.0169072967672,True,0,mapped,True,0.0
T088,L,4298,T015,132,-11.175653620412067,-3.1390900842321514,13.217460599187651,True,0,mapped,True,0.0
T088,L,4299,T015,133,-10.8375772444849,-2.5871867140553144,13.454158941723746,True,0,mapped,True,0.0
T088,L,4300,T015,136,-17.2870505799879,-5.634647543931836,5.936928113027461,True,0,mapped,True,0.0
T088,L,4301,T015,137,-16.93552305908036,-5.515321303816931,6.543083834372446,True,0,mapped,True,0.0
T088,L,4302,T015,138,-16.508550981709135,-5.524775940183607,7.084773742074115,True,0,mapped,True,0.0
T088,L,4303,T015,139,-16.10544407635094,-5.524301213339651,7.617097156837397,True,0,mapped,True,0.0
T088,L,4304,T015,140,-15.631079289833462,-5.501047887170203,8.227283024952351,True,0,mapped,True,0.0
T088,L,4305,T015,141,-15.253688027366186,-5.374362991112317,8.764812271982484,True,0,mapped,True,0.0
T088,L,4306,T015,142,-14.935495387556507,-5.362357705662929,9.290600111337778,True,0,mapped,True,0.0
T088,L,4307,T015,143,-14.42694360233744,-5.386074922668786,9.836234779433768,True,0,mapped,True,0.0
T088,L,4308,T015,144,-13.972956866071687,-5.289544407473899,10.391181427871146,True,0,mapped,True,0.0
T088,L,4309,T015,145,-13.605037111220671,-5.082934147624488,10.932151581239284,True,0,mapped,True,0.0
T088,L,4310,T015,146,-13.15052593472802,-4.900876573429957,11.39338121307386,True,0,mapped,True,0.0
T088,L,4311,T015,147,-12.844583942006729,-4.67339080852697,11.772916147477448,True,0,mapped,True,0.0
T088,L,4312,T015,148,-12.563086071773672,-4.3285085957854506,12.259600900650955,True,0,mapped,True,0.0
T088,L,4313,T015,149,-12.094186973049784,-4.012642578232825,12.61826950505841,True,0,mapped,True,0.0
T088,L,4314,T015,150,-11.58984537919826,-3.600774565417212,12.91170122393098,True,0,mapped,True,0.0
T088,L,4315,T015,151,-11.222882919768622,-3.31073426178128,13.101809703623326,True,0,mapped,True,0.0
T088,L,4316,T015,152,-10.828625290723105,-2.8406608660463477,13.318119707041625,True,0,mapped,True,0.0
T088,L,4317,T015,155,-16.97777193074999,-5.54643467614449,6.436386705840691,True,0,mapped,True,0.0
T088,L,4318,T015,156,-16.46598210343347,-5.649097303928304,6.94576083541657,True,0,mapped,True,0.0
T088,L,4319,T015,157,-16.158217121894317,-5.548830891578977,7.493576125552682,True,0,mapped,True,0.0
T088,L,4320,T015,158,-15.649348729573497,-5.62200244955675,8.007577509741651,True,0,mapped,True,0.0
T088,L,4321,T015,159,-15.251016603164818,-5.460513267939346,8.574108933110349,True,0,mapped,True,0.0
T088,L,4322,T015,160,-14.945509045523645,-5.42016861002069,9.125458261524775,True,0,mapped,True,0.0
T088,L,4323,T015,161,-14.47591687540436,-5.448746415127154,9.6787623595714,True,0,mapped,True,0.0
T088,L,4324,T015,162,-14.045831103768135,-5.361449466635042,10.232405578025473,True,0,mapped,True,0.0
T088,L,4325,T015,163,-13.631282321542583,-5.136815614446832,10.831729879546543,True,0,mapped,True,0.0
T088,L,4326,T015,164,-13.215797817436725,-4.992583941768312,11.2397564591231,True,0,mapped,True,0.0
T088,L,4327,T015,165,-12.84185119230328,-4.763776282855702,11.656191143501648,True,0,mapped,True,0.0
T088,L,4328,T015,166,-12.589307250132936,-4.45122682151782,12.101412158953988,True,0,mapped,True,0.0
T088,L,4329,T015,167,-12.080740351140111,-4.173243701558248,12.47278409923327,True,0,mapped,True,0.0
T088,L,4330,T015,168,-11.593138892650916,-3.893764593696911,12.684899664765004,True,0,mapped,True,0.0
T088,L,4331,T015,169,-11.24437205469629,-3.4033956151899862,13.034325676958744,True,0,mapped,True,0.0
T088,L,4332,T015,170,-10.807571196667435,-2.977998300606661,13.226867837116531,True,0,mapped,True,0.0
T088,L,4333,T015,173,-16.565647641587347,-5.668435181959075,6.794985821036246,True,0,mapped,True,0.0
T088,L,4334,T015,174,-16.182970321908776,-5.665960778378976,7.26636229653233,True,0,mapped,True,0.0
T088,L,4335,T015,175,-15.725887435925982,-5.664080338561874,7.847444835575295,True,0,mapped,True,0.0
T088,L,4336,T015,176,-15.292678501981486,-5.549238644695874,8.418378413279084,True,0,mapped,True,0.0
T088,L,4337,T015,177,-14.903613389038435,-5.512198295087185,8.941247806587752,True,0,mapped,True,0.0
T088,L,4338,T015,178,-14.527927662997008,-5.506632804800293,9.507647826267732,True,0,mapped,True,0.0
T088,L,4339,T015,179,-14.067272977568823,-5.445336689314127,10.065243826755085,True,0,mapped,True,0.0
T088,L,4340,T015,180,-13.623168698611508,-5.290414076247099,10.596452068535752,True,0,mapped,True,0.0
T088,L,4341,T015,181,-13.27037854769658,-5.08066480978672,11.083779766744309,True,0,mapped,True,0.0
T088,L,4342,T015,182,-12.851023984301058,-4.850862555078594,11.541743399020907,True,0,mapped,True,0.0
T088,L,4343,T015,183,-12.509736925629872,-4.633111173273355,11.890802077027656,True,0,mapped,True,0.0
T088,L,4344,T015,184,-12.045048436309472,-4.314451809168729,12.341456229340997,True,0,mapped,True,0.0
T088,L,4345,T015,185,-11.61411431647339,-3.9741074080455543,12.62127308075819,True,0,mapped,True,0.0
T088,L,4346,T015,186,-11.260950749906986,-3.4940549763240063,12.965202678317151,True,0,mapped,True,0.0
T088,L,4347,T015,187,-10.795630077973245,-3.118232701169193,13.133594459184389,True,0,mapped,True,0.0
T088,L,4348,T015,190,-16.143971875312275,-5.77991902411882,7.142331221975461,True,0,mapped,True,0.0
T088,L,4349,T015,191,-15.788889819575694,-5.704613435680797,7.707975325583046,True,0,mapped,True,0.0
T088,L,4350,T015,192,-15.333636645115272,-5.659608868073439,8.248212583492869,True,0,mapped,True,0.0
T088,L,4351,T015,193,-14.905695887954614,-5.589159596626447,8.764999175463124,True,0,mapped,True,0.0
T088,L,4352,T015,194,-14.570971124376154,-5.568507845942457,9.33863377723864,True,0,mapped,True,0.0
T088,L,4353,T015,195,-14.108660530914726,-5.504832870128021,9.90946117318732,True,0,mapped,True,0.0
T088,L,4354,T015,196,-13.732461528118115,-5.348647968230898,10.441442375689366,True,0,mapped,True,0.0
T088,L,4355,T015,197,-13.25824802894907,-5.145729846518017,10.98635828039457,True,0,mapped,True,0.0
T088,L,4356,T015,198,-12.884851103341765,-4.93487932410064,11.418677499733684,True,0,mapped,True,0.0
T088,L,4357,T015,199,-12.448315713492452,-4.730296323438288,11.78679983595147,True,0,mapped,True,0.0
T088,L,4358,T015,200,-12.093099390413428,-4.479770324902435,12.160440047110566,True,0,mapped,True,0.0
T088,L,4359,T015,201,-11.608053179021534,-4.114723162597597,12.506576807398105,True,0,mapped,True,0.0
T088,L,4360,T015,202,-11.292039352906398,-3.6356720440133055,12.852804389619942,True,0,mapped,True,0.0
T088,L,4361,T015,203,-10.814865047295095,-3.305840838032367,13.02089211674272,True,0,mapped,True,0.0
T088,L,4362,T015,206,-15.830020001114631,-5.749744288562967,7.5905529099546145,True,0,mapped,True,0.0
T088,L,4363,T015,207,-15.377994070432331,-5.739800826513759,8.094358351456618,True,0,mapped,True,0.0
T088,L,4364,T015,208,-14.917758734717198,-5.6277884429188205,8.665794420315807,True,0,mapped,True,0.0
T088,L,4365,T015,209,-14.613691116342752,-5.620927470498789,9.178947382307204,True,0,mapped,True,0.0
T088,L,4366,T015,210,-14.158184695754596,-5.561126398315677,9.749497762878212,True,0,mapped,True,0.0
T088,L,4367,T015,211,-13.73678897415515,-5.467761980534773,10.262799328295308,True,0,mapped,True,0.0
T088,L,4368,T015,212,-13.219166518811354,-5.289543695327176,10.780493958438267,True,0,mapped,True,0.0
T088,L,4369,T015,213,-12.794680282987692,-5.105176700446964,11.209063778882411,True,0,mapped,True,0.0
T088,L,4370,T015,214,-12.393002300891698,-4.921493106588946,11.582180560938555,True,0,mapped,True,0.0
T088,L,4371,T015,215,-12.096320194826792,-4.596949056221017,12.019729454979672,True,0,mapped,True,0.0
T088,L,4372,T015,216,-11.580884852093376,-4.243142496625135,12.39574928441631,True,0,mapped,True,0.0
T088,L,4373,T015,217,-11.30319651766737,-3.7911661133739134,12.72241321878618,True,0,mapped,True,0.0
T088,L,4374,T015,218,-10.828187712351866,-3.5045375031489328,12.882025975620447,True,0,mapped,True,0.0
T088,L,4375,T015,221,-15.41979703297372,-5.817830528175254,7.932144214543712,True,0,mapped,True,0.0
T088,L,4376,T015,222,-14.958509927424712,-5.680848528758206,8.524470027065082,True,0,mapped,True,0.0
T088,L,4377,T015,223,-14.65099559218939,-5.684563942208369,8.9999553814572,True,0,mapped,True,0.0
T088,L,4378,T015,224,-14.202809466722336,-5.621355239762589,9.593439014457031,True,0,mapped,True,0.0
T088,L,4379,T015,225,-13.758275744187802,-5.54451356576841,10.12077582619201,True,0,mapped,True,0.0
T088,L,4380,T015,226,-13.309729265507642,-5.35294239280287,10.640056470701468,True,0,mapped,True,0.0
T088,L,4381,T015,227,-12.857757740988545,-5.214026106962087,11.028515722019051,True,0,mapped,True,0.0
T088,L,4382,T015,228,-12.431407428301329,-5.049214133243819,11.414035283101398,True,0,mapped,True,0.0
T088,L,4383,T015,229,-12.066216030941344,-4.721571077409527,11.875633190330204,True,0,mapped,True,0.0
T088,L,4384,T015,230,-11.603055640809057,-4.384102704076062,12.267944919594598,True,0,mapped,True,0.0
T088,L,4385,T015,231,-11.26839534593168,-4.04265448477278,12.514945972281366,True,0,mapped,True,0.0
T088,L,4386,T015,232,-10.848447168426858,-3.59119014009636,12.81983652282993,True,0,mapped,True,0.0
T088,L,4387,T015,235,-15.046022810227967,-5.756895303028944,8.34342507217965,True,0,mapped,True,0.0
T088,L,4388,T015,236,-14.664916885636172,-5.761064107242193,8.82139941784028,True,0,mapped,True,0.0
T088,L,4389,T015,237,-14.239085175411056,-5.69481063401912,9.42574656922216,True,0,mapped,True,0.0
T088,L,4390,T015,238,-13.781358234903522,-5.6161407330347135,9.971613242467177,True,0,mapped,True,0.0
T088,L,4391,T015,239,-13.29224857762917,-5.469196225952612,10.463486916147533,True,0,mapped,True,0.0
T088,L,4392,T015,240,-12.902319877131326,-5.284326061967721,10.911716167990914,True,0,mapped,True,0.0
T088,L,4393,T015,241,-12.453796010970738,-5.112086232332802,11.319908021183537,True,0,mapped,True,0.0
T088,L,4394,T015,242,-12.104921174258388,-4.816398811159649,11.765095730227683,True,0,mapped,True,0.0
T088,L,4395,T015,243,-11.563671115130097,-4.53432909176086,12.111132056351291,True,0,mapped,True,0.0
T088,L,4396,T015,244,-11.198650572751273,-4.14006479219462,12.429153746562577,True,0,mapped,True,0.0
T088,L,4397,T015,245,-10.882681906433806,-3.706218210467713,12.73794002773404,True,0,mapped,True,0.0
T088,L,4398,T015,248,-14.693269126472568,-5.7965086453372106,8.7058415397727,True,0,mapped,True,0.0
T088,L,4399,T015,249,-14.25029838471288,-5.792028264032117,9.249668591314023,True,0,mapped,True,0.0
T088,L,4400,T015,250,-13.772828169037345,-5.698707659889151,9.805754123861387,True,0,mapped,True,0.0
T088,L,4401,T015,251,-13.321893966564549,-5.589191595857891,10.267292083202785,True,0,mapped,True,0.0
T088,L,4402,T015,252,-12.919511141098218,-5.394459653434918,10.746595838392883,True,0,mapped,True,0.0
T088,L,4403,T015,253,-12.462622409811878,-5.191190447613391,11.205974900879752,True,0,mapped,True,0.0
T088,L,4404,T015,254,-12.113756929194572,-4.943308688106844,11.627111930281128,True,0,mapped,True,0.0
T088,L,4405,T015,255,-11.625459118961787,-4.672418409168444,11.9594580347725,True,0,mapped,True,0.0
T088,L,4406,T015,256,-11.128209508078616,-4.304614628627175,12.277194316634072,True,0,mapped,True,0.0
T088,L,4407,T015,257,-10.929054669852698,-3.85537132264717,12.625328358377512,True,0,mapped,True,0.0
T088,L,4408,T015,260,-14.30613463422161,-5.852233636191718,9.087202179699254,True,0,mapped,True,0.0
T088,L,4409,T015,261,-13.865264544324978,-5.756580730668327,9.624037828491236,True,0,mapped,True,0.0
T088,L,4410,T015,262,-13.409362675920825,-5.673372231290952,10.09315855170091,True,0,mapped,True,0.0
T088,L,4411,T015,263,-12.9056957292981,-5.494666616193978,10.61345497605279,True,0,mapped,True,0.0
T088,L,4412,T015,264,-12.512835001132023,-5.320663433671587,11.003610492605196,True,0,mapped,True,0.0
T088,L,4413,T015,265,-12.008664268225132,-5.127301157226072,11.443942026972644,True,0,mapped,True,0.0
T088,L,4414,T015,266,-11.662469217326697,-4.778992489305429,11.837912557543774,True,0,mapped,True,0.0
T088,L,4415,T015,267,-11.130941052990094,-4.389606780449553,12.198846819386688,True,0,mapped,True,0.0
T088,L,4416,T015,268,-10.93620736277618,-3.9151416676647015,12.573364504361768,True,0,mapped,True,0.0
T088,L,4417,T015,271,-13.88680422417082,-5.837869926165595,9.474580258593456,True,0,mapped,True,0.0
T088,L,4418,T015,272,-13.415127133722898,-5.791814765424339,9.90208330430336,True,0,mapped,True,0.0
T088,L,4419,T015,273,-12.935192140028722,-5.613283238151416,10.426738344662285,True,0,mapped,True,0.0
T088,L,4420,T015,274,-12.503640529462716,-5.443046966954006,10.848435022162937,True,0,mapped,True,0.0
T088,L,4421,T015,275,-12.029305514244456,-5.288248552397239,11.224530332184743,True,0,mapped,True,0.0
T088,L,4422,T015,276,-11.59025400184698,-4.924273905028432,11.68133731805578,True,0,mapped,True,0.0
T088,L,4423,T015,277,-11.172290283420187,-4.534145730078011,12.058054073510167,True,0,mapped,True,0.0
T088,L,4424,T015,278,-10.97031978863748,-4.096796538819928,12.424390863625426,True,0,mapped,True,0.0
T088,L,4425,T015,281,-13.462276397021393,-5.83294136927443,9.802838733651264,True,0,mapped,True,0.0
T088,L,4426,T015,282,-13.00941214564444,-5.702037141057796,10.262632523315537,True,0,mapped,True,0.0
T088,L,4427,T015,283,-12.491352580019058,-5.547203045217371,10.728501079874045,True,0,mapped,True,0.0
T088,L,4428,T015,284,-12.073694743008254,-5.397160737009877,11.062682931350498,True,0,mapped,True,0.0
T088,L,4429,T015,285,-11.53831034339921,-5.0743429603441,11.521498712813784,True,0,mapped,True,0.0
T088,L,4430,T015,286,-11.182788350987416,-4.666676787597607,11.913698436168628,True,0,mapped,True,0.0
T088,L,4431,T015,287,-10.896732822021724,-4.264232282358244,12.260136305532551,True,0,mapped,True,0.0
T088,L,4432,T015,290,-13.02402510162082,-5.752938203985629,10.18724091632886,True,0,mapped,True,0.0
T088,L,4433,T015,291,-12.498605352093543,-5.65293110258643,10.596682550138514,True,0,mapped,True,0.0
T088,L,4434,T015,292,-12.060029565110495,-5.486232221853674,10.954285554699524,True,0,mapped,True,0.0
T088,L,4435,T015,293,-11.539325991100078,-5.2072549638950445,11.375571276780205,True,0,mapped,True,0.0
T088,L,4436,T015,294,-11.179208838600784,-4.73788436483366,11.834062677318576,True,0,mapped,True,0.0
T088,L,4437,T015,295,-10.884081301349784,-4.423261923141137,12.107058908565154,True,0,mapped,True,0.0
T088,L,4438,T015,298,-12.604149324843275,-5.727826159105792,10.445751157661658,True,0,mapped,True,0.0
T088,L,4439,T015,299,-12.056743299628003,-5.610491871498619,10.813695000394407,True,0,mapped,True,0.0
T088,L,4440,T015,300,-11.514806323129584,-5.324677866610604,11.235113400250471,True,0,mapped,True,0.0
T088,L,4441,T015,301,-11.14070227895096,-4.909500612212959,11.639964802013274,True,0,mapped,True,0.0
T088,L,4442,T015,302,-10.900432233064157,-4.553099055724914,11.981100503569529,True,0,mapped,True,0.0
T088,L,4443,T015,305,-12.15052807572927,-5.7331169326566265,10.646267946425406,True,0,mapped,True,0.0
T088,L,4444,T015,306,-11.521594283071073,-5.548643805713684,10.957085683576572,True,0,mapped,True,0.0
T088,L,4445,T015,307,-11.150959374465458,-5.0625688331185,11.477158613547576,True,0,mapped,True,0.0
T088,L,4446,T015,308,-10.931367600906976,-4.711433224887056,11.819310156632564,True,0,mapped,True,0.0
T088,L,4447,T015,311,-11.561143937090392,-5.682995572468576,10.799577978154922,True,0,mapped,True,0.0
T088,L,4448,T015,312,-11.136941615561476,-5.2616959035644,11.268689697568735,True,0,mapped,True,0.0
T088,L,4449,T015,313,-10.992982963491748,-4.890260580357344,11.628896589033818,True,0,mapped,True,0.0
T088,L,4450,T015,316,-11.118301540515716,-5.465516338693229,11.045025892500078,True,0,mapped,True,0.0
T088,L,4451,T015,317,-10.996069187082266,-5.036806812767129,11.469796002159873,True,0,mapped,True,0.0
T088,L,4452,T015,320,-10.94251204126535,-5.180250695551831,11.310862342590516,True,0,mapped,True,0.0
