sample_id,side,global_vertex_id,chosen_region_id,chosen_region_point_id,chosen_quality_rank,chosen_repair_method,x,y,z,member_count,max_candidate_distance_mm,mean_candidate_distance_mm,topology_role
T099,L,0,T001,0,-1,landmark_vertex,-16.593994834689305,46.29566056083654,-31.997825147951417,2,0.0,0.0,landmark
T099,L,1,T001,1,0,mapped,-15.806434973004048,45.628676545567004,-32.08898430850828,2,3.552713678800501e-15,1.7763568394002505e-15,shared_edge
T099,L,2,T001,2,0,mapped,-15.080495857698253,44.89262476138201,-32.170266433188246,2,4.440892098500626e-16,2.220446049250313e-16,shared_edge
T099,L,3,T001,3,0,mapped,-14.539699952549752,44.02736032889531,-32.22364480437413,2,3.580361673049448e-15,1.790180836524724e-15,shared_edge
T099,L,4,T001,4,0,mapped,-14.016077883487165,43.1752534075157,-32.14548541027733,2,3.66205343881779e-15,1.831026719408895e-15,shared_edge
T099,L,5,T001,5,0,mapped,-13.617580157836445,42.27405781115192,-31.92814567559126,2,0.0,0.0,shared_edge
T099,L,6,T001,6,0,mapped,-13.161634112527553,41.46042434880643,-31.564810364616772,2,3.972054645195637e-15,1.9860273225978185e-15,shared_edge
T099,L,7,T001,7,0,mapped,-12.824637598855018,40.73570443691465,-31.00006585712967,2,0.0,0.0,shared_edge
T099,L,8,T001,8,0,mapped,-12.485879283473535,40.17538859884769,-30.217988805213885,2,0.0,0.0,shared_edge
T099,L,9,T001,9,0,mapped,-12.025784648101196,39.61739349417736,-29.573189708278925,2,0.0,0.0,shared_edge
T099,L,10,T001,10,0,mapped,-11.60980000704036,38.98411989884707,-29.006889262115813,2,1.9860273225978185e-15,9.930136612989092e-16,shared_edge
T099,L,11,T001,11,0,mapped,-11.211009860571464,38.32162013270496,-28.337699624091165,2,0.0,0.0,shared_edge
T099,L,12,T001,12,0,mapped,-10.891546250471347,37.68269939428088,-27.67590286300274,2,0.0,0.0,shared_edge
T099,L,13,T001,13,0,mapped,-10.643902859844673,36.983783970614844,-26.958818792003598,2,0.0,0.0,shared_edge
T099,L,14,T001,14,0,mapped,-10.445261742257896,36.27408634482353,-26.229796320411175,2,5.024295867788081e-15,2.5121479338940407e-15,shared_edge
T099,L,15,T001,15,0,mapped,-10.371219930768884,35.595082029644146,-25.472332796836717,2,3.66205343881779e-15,1.831026719408895e-15,shared_edge
T099,L,16,T001,16,0,mapped,-10.371365045062605,34.89228168350349,-24.8051746803483,2,0.0,0.0,shared_edge
T099,L,17,T001,17,0,mapped,-10.36028712927079,34.45516047378061,-23.94785240177361,2,8.881784197001252e-16,4.440892098500626e-16,shared_edge
T099,L,18,T001,18,0,mapped,-10.406298274347,33.777714018962115,-23.263629731342014,2,0.0,0.0,shared_edge
T099,L,19,T001,19,0,mapped,-10.639550849748309,32.99094110577046,-22.803770104671283,2,8.881784197001252e-16,4.440892098500626e-16,shared_edge
T099,L,20,T001,20,0,mapped,-10.868365618147992,32.10721483547993,-22.340074738573513,2,0.0,0.0,shared_edge
T099,L,21,T001,21,0,mapped,-11.178551862806707,31.339000169870168,-21.79452260683601,2,0.0,0.0,shared_edge
T099,L,22,T001,22,0,mapped,-11.587803951693463,30.742893213973886,-21.16625038228133,2,0.0,0.0,shared_edge
T099,L,23,T001,23,0,mapped,-11.881262110787622,29.882859398898535,-20.782771403625897,2,0.0,0.0,shared_edge
T099,L,24,T001,24,0,mapped,-11.947346762904182,29.000267385162,-20.323363985813508,3,0.0,0.0,landmark
T099,L,25,T001,25,0,mapped,-15.907626600867554,46.05321035740283,-31.86983786306547,1,0.0,0.0,interior
T099,L,26,T001,26,0,mapped,-15.136473919056401,45.2723399038622,-32.01393955422657,1,0.0,0.0,interior
T099,L,27,T001,27,0,mapped,-14.501670518505136,44.5112986710094,-32.05531159754239,1,0.0,0.0,interior
T099,L,28,T001,28,0,mapped,-13.951389501981811,43.65247708061804,-32.08137061092037,1,0.0,0.0,interior
T099,L,29,T001,29,0,mapped,-13.454470081223416,42.71690272233417,-31.955892468295094,1,0.0,0.0,interior
T099,L,30,T001,30,0,mapped,-12.981690508578493,41.82486977690493,-31.652839836109617,1,0.0,0.0,interior
T099,L,31,T001,31,0,mapped,-12.722064619790691,41.05241106763139,-31.193332424602907,1,0.0,0.0,interior
T099,L,32,T001,32,0,mapped,-12.387933791044075,40.34414124911859,-30.613798234271986,1,0.0,0.0,interior
T099,L,33,T001,33,0,mapped,-12.017421631168622,39.71870000421963,-29.98925152047431,1,0.0,0.0,interior
T099,L,34,T001,34,0,mapped,-11.529636264061057,39.04813774912995,-29.363109081683586,1,0.0,0.0,interior
T099,L,35,T001,35,0,mapped,-11.261758058024643,38.383758045279876,-28.691712303474596,1,0.0,0.0,interior
T099,L,36,T001,36,0,mapped,-10.877810841407063,37.71556162757189,-28.03757738396135,1,0.0,0.0,interior
T099,L,37,T001,37,0,mapped,-10.603639202676662,37.093475066065416,-27.37476766457133,1,0.0,0.0,interior
T099,L,38,T001,38,0,mapped,-10.415817726074401,36.35869571273315,-26.60224252357511,1,0.0,0.0,interior
T099,L,39,T001,39,0,mapped,-10.303756284538935,35.67457189677668,-25.894836828163555,1,0.0,0.0,interior
T099,L,40,T001,40,0,mapped,-10.296413246759593,35.028872371581556,-25.22756780033874,1,0.0,0.0,interior
T099,L,41,T001,41,0,mapped,-10.363227438483468,34.467328192449415,-24.503002378165164,1,0.0,0.0,interior
T099,L,42,T001,42,0,mapped,-10.434997819411784,33.818834013221625,-23.762865520170095,1,0.0,0.0,interior
T099,L,43,T001,43,0,mapped,-10.571415778976606,33.11457806777537,-23.2057929865199,1,0.0,0.0,interior
T099,L,44,T001,44,0,mapped,-10.743331453569436,32.300951342729874,-22.652328944068906,1,0.0,0.0,interior
T099,L,45,T001,45,0,mapped,-10.967593215342337,31.514370640158702,-22.153088214411188,1,0.0,0.0,interior
T099,L,46,T001,46,0,mapped,-11.295243581380983,30.740286729163422,-21.587038079103245,1,0.0,0.0,interior
T099,L,47,T001,47,0,mapped,-11.522480565930735,29.952601584994618,-21.127067604566683,1,0.0,0.0,interior
T099,L,48,T001,48,0,mapped,-11.58857575522284,29.139829378233344,-20.579135722718448,1,0.0,0.0,interior
T099,L,49,T001,49,0,mapped,-15.250597838594063,45.637653442212155,-31.843765489125783,1,0.0,0.0,interior
T099,L,50,T001,50,0,mapped,-14.462479778310692,44.91676116794666,-31.892605216518813,1,0.0,0.0,interior
T099,L,51,T001,51,0,mapped,-13.84175782920419,44.13988192675738,-31.94366869272706,1,0.0,0.0,interior
T099,L,52,T001,52,0,mapped,-13.416543604228275,43.284097488225726,-31.914699128012497,1,0.0,0.0,interior
T099,L,53,T001,53,0,mapped,-12.954811218557948,42.24712881882971,-31.726966944146366,1,0.0,0.0,interior
T099,L,54,T001,54,0,mapped,-12.567462431655679,41.33600965370605,-31.325175827794762,1,0.0,0.0,interior
T099,L,55,T001,55,0,mapped,-12.248748880989588,40.641576939749626,-30.82084396528013,1,0.0,0.0,interior
T099,L,56,T001,56,0,mapped,-11.871226208177559,39.85534346613078,-30.26105268802354,1,0.0,0.0,interior
T099,L,57,T001,57,0,mapped,-11.489568450480768,39.146825676616544,-29.603557103347313,1,0.0,0.0,interior
T099,L,58,T001,58,0,mapped,-11.212158899941581,38.521005941415325,-29.048669037182883,1,0.0,0.0,interior
T099,L,59,T001,59,0,mapped,-10.872604686713084,37.85200036769569,-28.35432190027596,1,0.0,0.0,interior
T099,L,60,T001,60,0,mapped,-10.583608191978707,37.3011599816048,-27.69643789961702,1,0.0,0.0,interior
T099,L,61,T001,61,0,mapped,-10.322227811604344,36.54558947976058,-26.980124032917217,1,0.0,0.0,interior
T099,L,62,T001,62,0,mapped,-10.25214498830513,35.823371554704416,-26.25482715842799,1,0.0,0.0,interior
T099,L,63,T001,63,0,mapped,-10.19491882553575,35.14380545813805,-25.608515767715883,1,0.0,0.0,interior
T099,L,64,T001,64,0,mapped,-10.224260998178792,34.38227155529904,-24.843418701117855,1,0.0,0.0,interior
T099,L,65,T001,65,0,mapped,-10.359686614112967,33.780433715613476,-24.055950360208136,1,0.0,0.0,interior
T099,L,66,T001,66,0,mapped,-10.46175204529342,33.19836415626838,-23.565008824021767,1,0.0,0.0,interior
T099,L,67,T001,67,0,mapped,-10.607612123246703,32.47909337294691,-23.01072758356641,1,0.0,0.0,interior
T099,L,68,T001,68,0,mapped,-10.816899956807498,31.724911942100583,-22.42761182882215,1,0.0,0.0,interior
T099,L,69,T001,69,0,mapped,-11.011719499823712,30.911320074151618,-21.92368695996952,1,0.0,0.0,interior
T099,L,70,T001,70,0,mapped,-11.25115192877917,30.186545550160826,-21.399624467850018,1,0.0,0.0,interior
T099,L,71,T001,71,0,mapped,-11.231832014750758,29.295014270370753,-20.83029683104341,1,0.0,0.0,interior
T099,L,72,T001,72,0,mapped,-14.556998496831026,45.3104924195212,-31.72232459752623,1,0.0,0.0,interior
T099,L,73,T001,73,0,mapped,-13.839923541688263,44.55070640659082,-31.789094973374272,1,0.0,0.0,interior
T099,L,74,T001,74,0,mapped,-13.311284596273381,43.739652817181614,-31.815236217758336,1,0.0,0.0,interior
T099,L,75,T001,75,0,mapped,-12.815419316013891,42.63684411241885,-31.71474316644386,1,0.0,0.0,interior
T099,L,76,T001,76,0,mapped,-12.348761148819497,41.77871166524993,-31.446621265888357,1,0.0,0.0,interior
T099,L,77,T001,77,0,mapped,-12.01394629937279,40.941804979212264,-31.010501185888806,1,0.0,0.0,interior
T099,L,78,T001,78,0,mapped,-11.754694019427323,40.09411032659711,-30.470104999151076,1,0.0,0.0,interior
T099,L,79,T001,79,0,mapped,-11.435135034736042,39.32935211074181,-29.87398495823459,1,0.0,0.0,interior
T099,L,80,T001,80,0,mapped,-11.12600974803496,38.701292569661476,-29.298653655241683,1,0.0,0.0,interior
T099,L,81,T001,81,0,mapped,-10.810605773050893,38.000764543395675,-28.613253183997887,1,0.0,0.0,interior
T099,L,82,T001,82,0,mapped,-10.50477721870789,37.40001240302081,-27.982795316488506,1,0.0,0.0,interior
T099,L,83,T001,83,0,mapped,-10.285734974535632,36.64666883571421,-27.23431526628513,1,0.0,0.0,interior
T099,L,84,T001,84,0,mapped,-10.136340182029812,35.99092002878486,-26.654929119185468,1,0.0,0.0,interior
T099,L,85,T001,85,0,mapped,-10.015591286975068,35.242240208122546,-25.97503984009801,1,0.0,0.0,interior
T099,L,86,T001,86,0,mapped,-10.090338988165046,34.54240290268762,-25.210433574535763,1,0.0,0.0,interior
T099,L,87,T001,87,0,mapped,-10.201104541878063,33.85822061169584,-24.497403561890287,1,0.0,0.0,interior
T099,L,88,T001,88,0,mapped,-10.283542773042624,33.17520933477209,-23.914803100166644,1,0.0,0.0,interior
T099,L,89,T001,89,0,mapped,-10.382898736482648,32.57485477951272,-23.410677933363836,1,0.0,0.0,interior
T099,L,90,T001,90,0,mapped,-10.539609391914105,31.928808753494895,-22.860467301760384,1,0.0,0.0,interior
T099,L,91,T001,91,0,mapped,-10.76689684833401,31.066657876199308,-22.200292669740552,1,0.0,0.0,interior
T099,L,92,T001,92,0,mapped,-10.91349386419971,30.305097287195487,-21.684201288293497,1,0.0,0.0,interior
T099,L,93,T001,93,0,mapped,-10.999451584870513,29.55413636186937,-21.10546794909577,1,0.0,0.0,interior
T099,L,94,T001,94,0,mapped,-13.864601842796962,44.97751712791432,-31.59455232686001,1,0.0,0.0,interior
T099,L,95,T001,95,0,mapped,-13.258938776163031,44.20305132734941,-31.651823563891234,1,0.0,0.0,interior
T099,L,96,T001,96,0,mapped,-12.764065696549991,43.22977088770786,-31.690917825076294,1,0.0,0.0,interior
T099,L,97,T001,97,0,mapped,-12.290494847666052,42.18966455799853,-31.49569045088648,1,0.0,0.0,interior
T099,L,98,T001,98,0,mapped,-11.879025135310432,41.26789738198771,-31.12480797454979,1,0.0,0.0,interior
T099,L,99,T001,99,0,mapped,-11.648829285181545,40.47965017869705,-30.659573077850403,1,0.0,0.0,interior
T099,L,100,T001,100,0,mapped,-11.363491862124494,39.67220542005883,-30.07965593263229,1,0.0,0.0,interior
T099,L,101,T001,101,0,mapped,-11.005538241787281,38.938485077032425,-29.53407973044378,1,0.0,0.0,interior
T099,L,102,T001,102,0,mapped,-10.722028486677042,38.22413593264349,-28.88467727538765,1,0.0,0.0,interior
T099,L,103,T001,103,0,mapped,-10.378897509456845,37.568884855927244,-28.271016059451306,1,0.0,0.0,interior
T099,L,104,T001,104,0,mapped,-10.148866982325234,36.83988811543013,-27.575947555697716,1,0.0,0.0,interior
T099,L,105,T001,105,0,mapped,-10.001251468616255,36.13043232469191,-26.9662951191357,1,0.0,0.0,interior
T099,L,106,T001,106,0,mapped,-9.855644404385899,35.45023098451112,-26.364864113346,1,0.0,0.0,interior
T099,L,107,T001,107,0,mapped,-9.87829568805149,34.645412273530155,-25.576508944922153,1,0.0,0.0,interior
T099,L,108,T001,108,0,mapped,-9.95356061745031,33.975126848961175,-24.944855084404324,1,0.0,0.0,interior
T099,L,109,T001,109,0,mapped,-10.098671442366813,33.27715683519888,-24.24191972966493,1,0.0,0.0,interior
T099,L,110,T001,110,0,mapped,-10.199922728072114,32.68226806568686,-23.70863563543398,1,0.0,0.0,interior
T099,L,111,T001,111,0,mapped,-10.230473095329842,31.985230529237988,-23.181560765853426,1,0.0,0.0,interior
T099,L,112,T001,112,0,mapped,-10.486049330080192,31.31152761903156,-22.558303357906404,1,0.0,0.0,interior
T099,L,113,T001,113,0,mapped,-10.612625578420138,30.499235215917796,-21.97385454578286,1,0.0,0.0,interior
T099,L,114,T001,114,0,mapped,-10.77077513508139,29.813373434747042,-21.41647466960723,1,0.0,0.0,interior
T099,L,115,T001,115,0,mapped,-13.286265707611804,44.4843979702088,-31.525825554627215,1,0.0,0.0,interior
T099,L,116,T001,116,0,mapped,-12.758371874901957,43.72909770824975,-31.556635585794442,1,0.0,0.0,interior
T099,L,117,T001,117,0,mapped,-12.249784592212862,42.73797603101099,-31.50653936490869,1,0.0,0.0,interior
T099,L,118,T001,118,0,mapped,-11.836033131239217,41.63689978191172,-31.22308746305989,1,0.0,0.0,interior
T099,L,119,T001,119,0,mapped,-11.515472723826853,40.74880129800508,-30.790093701674287,1,0.0,0.0,interior
T099,L,120,T001,120,0,mapped,-11.205935174225923,39.940866801315636,-30.270534315028584,1,0.0,0.0,interior
T099,L,121,T001,121,0,mapped,-10.855775916024662,39.16697726929186,-29.701895190338426,1,0.0,0.0,interior
T099,L,122,T001,122,0,mapped,-10.58826759503223,38.49845657539474,-29.095251827740498,1,0.0,0.0,interior
T099,L,123,T001,123,0,mapped,-10.20353157652093,37.802754641342915,-28.528107484937607,1,0.0,0.0,interior
T099,L,124,T001,124,0,mapped,-10.00900759803441,37.10966917574489,-27.880847972629446,1,0.0,0.0,interior
T099,L,125,T001,125,0,mapped,-9.811553091079077,36.26736382528308,-27.230744339371682,1,0.0,0.0,interior
T099,L,126,T001,126,0,mapped,-9.765346445885838,35.59403341834029,-26.60759160954477,1,0.0,0.0,interior
T099,L,127,T001,127,0,mapped,-9.705776016254182,34.80034599558839,-25.868557450830153,1,0.0,0.0,interior
T099,L,128,T001,128,0,mapped,-9.681012507228852,34.109338603861126,-25.29018798928034,1,0.0,0.0,interior
T099,L,129,T001,129,0,mapped,-9.8642079547905,33.471758265936,-24.613891971804115,1,0.0,0.0,interior
T099,L,130,T001,130,0,mapped,-10.009016295128076,32.784989529563866,-23.98167228633967,1,0.0,0.0,interior
T099,L,131,T001,131,0,mapped,-10.04699429840202,32.07340797058238,-23.41105288905343,1,0.0,0.0,interior
T099,L,132,T001,132,0,mapped,-10.123121569469939,31.457518758997598,-22.847966973460988,1,0.0,0.0,interior
T099,L,133,T001,133,0,mapped,-10.317709999784935,30.74330769197229,-22.235903945312792,1,0.0,0.0,interior
T099,L,134,T001,134,0,mapped,-10.40704651019093,29.983635275021143,-21.66176122223862,1,0.0,0.0,interior
T099,L,135,T001,135,0,mapped,-12.585628683425911,44.24016412988691,-31.280922709045733,1,0.0,0.0,interior
T099,L,136,T001,136,0,mapped,-12.22602881574111,43.17540723589683,-31.428000129106657,1,0.0,0.0,interior
T099,L,137,T001,137,0,mapped,-11.730085608118122,42.095661781969454,-31.24771793343581,1,0.0,0.0,interior
T099,L,138,T001,138,0,mapped,-11.333028056627677,41.13543573041274,-30.889498458132117,1,0.0,0.0,interior
T099,L,139,T001,139,0,mapped,-11.022986435413124,40.330456903368244,-30.42704393652292,1,0.0,0.0,interior
T099,L,140,T001,140,0,mapped,-10.687370403026433,39.480309182932444,-29.90815368596379,1,0.0,0.0,interior
T099,L,141,T001,141,0,mapped,-10.39158970620496,38.76594890787153,-29.326490033912172,1,0.0,0.0,interior
T099,L,142,T001,142,0,mapped,-10.053090075456971,38.024876099851845,-28.74462768227421,1,0.0,0.0,interior
T099,L,143,T001,143,0,mapped,-9.808775606373679,37.387325828401735,-28.169228326105866,1,0.0,0.0,interior
T099,L,144,T001,144,0,mapped,-9.680752814382164,36.55375169660513,-27.527140783896535,1,0.0,0.0,interior
T099,L,145,T001,145,0,mapped,-9.543929542548645,35.83938447837643,-26.933300977833042,1,0.0,0.0,interior
T099,L,146,T001,146,0,mapped,-9.53201040400063,35.02028041693446,-26.184431738841816,1,0.0,0.0,interior
T099,L,147,T001,147,0,mapped,-9.471308054561991,34.31518968092179,-25.581283727370536,1,0.0,0.0,interior
T099,L,148,T001,148,0,mapped,-9.602944334134815,33.6404206872838,-24.963180533808604,1,0.0,0.0,interior
T099,L,149,T001,149,0,mapped,-9.723536565858167,32.94597645307309,-24.332003957243238,1,0.0,0.0,interior
T099,L,150,T001,150,0,mapped,-9.79840149220802,32.230052461790464,-23.714792002978168,1,0.0,0.0,interior
T099,L,151,T001,151,0,mapped,-9.912829182183284,31.6188970507542,-23.090873687520176,1,0.0,0.0,interior
T099,L,152,T001,152,0,mapped,-10.080524811519497,30.962504737530203,-22.480825277660237,1,0.0,0.0,interior
T099,L,153,T001,153,0,mapped,-10.076420874208132,30.214324417367976,-21.90673973067083,1,0.0,0.0,interior
T099,L,154,T001,154,0,mapped,-12.039147726100532,43.72347549031167,-31.141095211001208,1,0.0,0.0,interior
T099,L,155,T001,155,0,mapped,-11.777491398241146,42.524036253547365,-31.26458486239016,1,0.0,0.0,interior
T099,L,156,T001,156,0,mapped,-11.264745362226558,41.528919642661194,-30.966237162013176,1,0.0,0.0,interior
T099,L,157,T001,157,0,mapped,-10.920167607072717,40.714495997899505,-30.55801538625687,1,0.0,0.0,interior
T099,L,158,T001,158,0,mapped,-10.593152237629265,39.82385088521721,-30.054061268964013,1,0.0,0.0,interior
T099,L,159,T001,159,0,mapped,-10.289137919523528,39.03829510572187,-29.530716551036342,1,0.0,0.0,interior
T099,L,160,T001,160,0,mapped,-9.949319193235027,38.33521661041041,-28.976675129262045,1,0.0,0.0,interior
T099,L,161,T001,161,0,mapped,-9.598465304952086,37.68715459418098,-28.462949803537782,1,0.0,0.0,interior
T099,L,162,T001,162,0,mapped,-9.488452178254601,36.90282154700172,-27.85636911854388,1,0.0,0.0,interior
T099,L,163,T001,163,0,mapped,-9.358627748940501,36.08370671447027,-27.191882350278032,1,0.0,0.0,interior
T099,L,164,T001,164,0,mapped,-9.289235362459987,35.26169078268444,-26.503665927508123,1,0.0,0.0,interior
T099,L,165,T001,165,0,mapped,-9.255051371521184,34.509165521267164,-25.84234954101281,1,0.0,0.0,interior
T099,L,166,T001,166,0,mapped,-9.260203716138854,33.84306244653793,-25.268837238889716,1,0.0,0.0,interior
T099,L,167,T001,167,0,mapped,-9.406388055746323,33.053080995508004,-24.56434687167291,1,0.0,0.0,interior
T099,L,168,T001,168,0,mapped,-9.550294020536423,32.45885804050499,-24.031324766829442,1,0.0,0.0,interior
T099,L,169,T001,169,0,mapped,-9.610382786257533,31.81184952500022,-23.391670231567847,1,0.0,0.0,interior
T099,L,170,T001,170,0,mapped,-9.77685174480714,31.204946065124574,-22.78313130717769,1,0.0,0.0,interior
T099,L,171,T001,171,0,mapped,-9.866098922611663,30.499260441326435,-22.17169041272267,1,0.0,0.0,interior
T099,L,172,T001,172,0,mapped,-11.684056143862826,43.01968108039997,-31.16589298757548,1,0.0,0.0,interior
T099,L,173,T001,173,0,mapped,-11.190862226455513,42.01757000306475,-30.988148854382224,1,0.0,0.0,interior
T099,L,174,T001,174,0,mapped,-10.775719607100205,41.10669062364876,-30.628532959553073,1,0.0,0.0,interior
T099,L,175,T001,175,0,mapped,-10.470140883709233,40.13965888690618,-30.177316941782003,1,0.0,0.0,interior
T099,L,176,T001,176,0,mapped,-10.136288070246955,39.331683237276785,-29.67074754008092,1,0.0,0.0,interior
T099,L,177,T001,177,0,mapped,-9.807663518745027,38.55431466775652,-29.112655849848387,1,0.0,0.0,interior
T099,L,178,T001,178,0,mapped,-9.50479200589066,37.828367286219105,-28.578957503597998,1,0.0,0.0,interior
T099,L,179,T001,179,0,mapped,-9.336593372961143,37.12656077596256,-28.058949220494434,1,0.0,0.0,interior
T099,L,180,T001,180,0,mapped,-9.118320902973778,36.36397381783701,-27.466730589627225,1,0.0,0.0,interior
T099,L,181,T001,181,0,mapped,-8.966424222797537,35.52543373160999,-26.764670895208617,1,0.0,0.0,interior
T099,L,182,T001,182,0,mapped,-9.051965422394508,34.82418618435445,-26.14752025774778,1,0.0,0.0,interior
T099,L,183,T001,183,0,mapped,-9.006428801380398,34.113145222801926,-25.550379508260818,1,0.0,0.0,interior
T099,L,184,T001,184,0,mapped,-9.1445994708263,33.28177211952073,-24.850230783447607,1,0.0,0.0,interior
T099,L,185,T001,185,0,mapped,-9.285082785628877,32.6832929360565,-24.278053265912796,1,0.0,0.0,interior
T099,L,186,T001,186,0,mapped,-9.28853062392877,32.02502268133175,-23.68380082449624,1,0.0,0.0,interior
T099,L,187,T001,187,0,mapped,-9.462338500442986,31.3124384718532,-22.9687481005834,1,0.0,0.0,interior
T099,L,188,T001,188,0,mapped,-9.64549800689134,30.779889234134824,-22.458883625535183,1,0.0,0.0,interior
T099,L,189,T001,189,0,mapped,-11.20798826845115,42.430814097557715,-30.982115753302875,1,0.0,0.0,interior
T099,L,190,T001,190,0,mapped,-10.660003753026235,41.40182129841152,-30.643851447031537,1,0.0,0.0,interior
T099,L,191,T001,191,0,mapped,-10.45340449490124,40.52002617354297,-30.302403083458717,1,0.0,0.0,interior
T099,L,192,T001,192,0,mapped,-10.034052420015104,39.6562616801303,-29.80290738036519,1,0.0,0.0,interior
T099,L,193,T001,193,0,mapped,-9.68196737672999,38.90409118230485,-29.285088419395336,1,0.0,0.0,interior
T099,L,194,T001,194,0,mapped,-9.369856215405182,38.08771252976079,-28.73806643781139,1,0.0,0.0,interior
T099,L,195,T001,195,0,mapped,-9.137891843132696,37.315876924170155,-28.2060295630239,1,0.0,0.0,interior
T099,L,196,T001,196,0,mapped,-8.91383020098974,36.53338059873418,-27.603486337186872,1,0.0,0.0,interior
T099,L,197,T001,197,0,mapped,-8.8236971358278,35.97399805350087,-27.11646324099677,1,0.0,0.0,interior
T099,L,198,T001,198,0,mapped,-8.749911711448,35.14814631646611,-26.46011412025283,1,0.0,0.0,interior
T099,L,199,T001,199,0,mapped,-8.735999302112115,34.380812102160164,-25.850286496178548,1,0.0,0.0,interior
T099,L,200,T001,200,0,mapped,-8.690577413272765,33.55999383635953,-25.164564303153785,1,0.0,0.0,interior
T099,L,201,T001,201,0,mapped,-8.951535931136636,32.92957154743898,-24.550942804006613,1,0.0,0.0,interior
T099,L,202,T001,202,0,mapped,-9.0003314074715,32.24241964103675,-23.939768749136427,1,0.0,0.0,interior
T099,L,203,T001,203,0,mapped,-9.189056513880134,31.515475178260257,-23.21830793672759,1,0.0,0.0,interior
T099,L,204,T001,204,0,mapped,-9.31474461590275,30.99757997170164,-22.707546614949788,1,0.0,0.0,interior
T099,L,205,T001,205,0,mapped,-10.740588664747476,41.84601786759095,-30.719021166088048,1,0.0,0.0,interior
T099,L,206,T001,206,0,mapped,-10.271037080793397,40.921445219203335,-30.34279099844278,1,0.0,0.0,interior
T099,L,207,T001,207,0,mapped,-9.920566507482492,40.093925323884505,-29.935336710593127,1,0.0,0.0,interior
T099,L,208,T001,208,0,mapped,-9.6055103224154,39.18083519601399,-29.403882147414983,1,0.0,0.0,interior
T099,L,209,T001,209,0,mapped,-9.27258084004474,38.35459482396171,-28.890488067018318,1,0.0,0.0,interior
T099,L,210,T001,210,0,mapped,-8.970184107444705,37.618596672757185,-28.370831926390494,1,0.0,0.0,interior
T099,L,211,T001,211,0,mapped,-8.749059982547767,36.86368557176014,-27.795725578756013,1,0.0,0.0,interior
T099,L,212,T001,212,0,mapped,-8.56141984630859,36.11221456991325,-27.214366173992282,1,0.0,0.0,interior
T099,L,213,T001,213,0,mapped,-8.53475678918295,35.31925276876843,-26.606535937277226,1,0.0,0.0,interior
T099,L,214,T001,214,0,mapped,-8.52574730396892,34.56613790505028,-26.012036025886076,1,0.0,0.0,interior
T099,L,215,T001,215,0,mapped,-8.508923802551735,33.8708561959747,-25.401610142978683,1,0.0,0.0,interior
T099,L,216,T001,216,0,mapped,-8.632937451266928,33.209327829972054,-24.82026126389199,1,0.0,0.0,interior
T099,L,217,T001,217,0,mapped,-8.769803949168608,32.45025609462134,-24.14836804229909,1,0.0,0.0,interior
T099,L,218,T001,218,0,mapped,-8.811185435713462,31.806352400677135,-23.55702615343219,1,0.0,0.0,interior
T099,L,219,T001,219,0,mapped,-8.985932210708812,31.222209748597393,-22.958702334486404,1,0.0,0.0,interior
T099,L,220,T001,220,0,mapped,-10.274987914692607,41.34807379670397,-30.387388424693697,1,0.0,0.0,interior
T099,L,221,T001,221,0,mapped,-9.898935163527893,40.4068626988649,-30.01415108841796,1,0.0,0.0,interior
T099,L,222,T001,222,0,mapped,-9.537948946617028,39.597172776569025,-29.58111691307954,1,0.0,0.0,interior
T099,L,223,T001,223,0,mapped,-9.146268294392256,38.67294794943696,-29.03520560026154,1,0.0,0.0,interior
T099,L,224,T001,224,0,mapped,-8.830436204241249,37.98277033924517,-28.57300876547985,1,0.0,0.0,interior
T099,L,225,T001,225,0,mapped,-8.594431599984855,37.1031041335437,-27.931216717911674,1,0.0,0.0,interior
T099,L,226,T001,226,0,mapped,-8.368887483604873,36.33346015658025,-27.336439203902117,1,0.0,0.0,interior
T099,L,227,T001,227,0,mapped,-8.215921037611253,35.58844555567764,-26.79598661975347,1,0.0,0.0,interior
T099,L,228,T001,228,0,mapped,-8.188233548375205,34.91662040316383,-26.25153103963393,1,0.0,0.0,interior
T099,L,229,T001,229,0,mapped,-8.22473565621278,34.179001774266986,-25.66744758488994,1,0.0,0.0,interior
T099,L,230,T001,230,0,mapped,-8.308035208118406,33.40980747190348,-25.02431298701348,1,0.0,0.0,interior
T099,L,231,T001,231,0,mapped,-8.397658126076836,32.77275210281995,-24.470332641200045,1,0.0,0.0,interior
T099,L,232,T001,232,0,mapped,-8.451014673453162,32.044536527671184,-23.81945380432348,1,0.0,0.0,interior
T099,L,233,T001,233,0,mapped,-8.645605682090647,31.441139705346338,-23.201754894926744,1,0.0,0.0,interior
T099,L,234,T001,234,0,mapped,-9.848057854509719,40.75130865040319,-30.08605445429301,1,0.0,0.0,interior
T099,L,235,T001,235,0,mapped,-9.441557803593478,39.955200894934684,-29.666934360111284,1,0.0,0.0,interior
T099,L,236,T001,236,0,mapped,-8.959965753997594,39.15073541800271,-29.171779278872854,1,0.0,0.0,interior
T099,L,237,T001,237,0,mapped,-8.70632957801313,38.22119368849864,-28.664289650067666,1,0.0,0.0,interior
T099,L,238,T001,238,0,mapped,-8.480551209300675,37.462061583561265,-28.111613403905274,1,0.0,0.0,interior
T099,L,239,T001,239,0,mapped,-8.165212890582644,36.6717022571504,-27.54578384505099,1,0.0,0.0,interior
T099,L,240,T001,240,0,mapped,-7.977820415510948,35.84969490963145,-26.91877575829853,1,0.0,0.0,interior
T099,L,241,T001,241,0,mapped,-7.92379934767082,35.080262949825936,-26.327775692482923,1,0.0,0.0,interior
T099,L,242,T001,242,0,mapped,-7.893628104475159,34.31128862388461,-25.734435504695856,1,0.0,0.0,interior
T099,L,243,T001,243,0,mapped,-7.968547574355584,33.68165973178964,-25.243049023169412,1,0.0,0.0,interior
T099,L,244,T001,244,0,mapped,-8.159031117918357,33.06458840415548,-24.72194402362826,1,0.0,0.0,interior
T099,L,245,T001,245,0,mapped,-8.223653261878587,32.21448932331904,-23.963411462918224,1,0.0,0.0,interior
T099,L,246,T001,246,0,mapped,-8.283605333023981,31.626284797047223,-23.40539144487984,1,0.0,0.0,interior
T099,L,247,T001,247,0,mapped,-9.36285157408302,40.34853859011403,-29.71896554893212,1,0.0,0.0,interior
T099,L,248,T001,248,0,mapped,-8.906119787882286,39.51938500462306,-29.254427454584807,1,0.0,0.0,interior
T099,L,249,T001,249,0,mapped,-8.644002653036019,38.599028142100174,-28.792900683300445,1,0.0,0.0,interior
T099,L,250,T001,250,0,mapped,-8.360667505499816,37.81850857236636,-28.261524065089162,1,0.0,0.0,interior
T099,L,251,T001,251,0,mapped,-7.981953384871161,37.03453526283865,-27.702197184409172,1,0.0,0.0,interior
T099,L,252,T001,252,0,mapped,-7.780669822813815,36.21917728758639,-27.098450025027848,1,0.0,0.0,interior
T099,L,253,T001,253,0,mapped,-7.66026745722585,35.40040054151778,-26.50630727787685,1,0.0,0.0,interior
T099,L,254,T001,254,0,mapped,-7.670427157831732,34.70478039211987,-25.978146196420347,1,0.0,0.0,interior
T099,L,255,T001,255,0,mapped,-7.69906872012429,33.956382452756905,-25.40129004852828,1,0.0,0.0,interior
T099,L,256,T001,256,0,mapped,-7.778353893175601,33.19025809672942,-24.784023926097994,1,0.0,0.0,interior
T099,L,257,T001,257,0,mapped,-7.839462281817898,32.55584842536285,-24.269967961441054,1,0.0,0.0,interior
T099,L,258,T001,258,0,mapped,-7.925339846414566,31.82715041998088,-23.615944565032308,1,0.0,0.0,interior
T099,L,259,T001,259,0,mapped,-8.823379008862883,39.98276922210376,-29.32532758248115,1,0.0,0.0,interior
T099,L,260,T001,260,0,mapped,-8.497632721099674,39.006002129373265,-28.867255400168922,1,0.0,0.0,interior
T099,L,261,T001,261,0,mapped,-8.255974567599354,38.16068902731321,-28.39374108682577,1,0.0,0.0,interior
T099,L,262,T001,262,0,mapped,-7.951030301640801,37.346258659051514,-27.84391380425733,1,0.0,0.0,interior
T099,L,263,T001,263,0,mapped,-7.661135808547869,36.5931862028506,-27.268572941255634,1,0.0,0.0,interior
T099,L,264,T001,264,0,mapped,-7.514222326430711,35.784883396057516,-26.699972343022758,1,0.0,0.0,interior
T099,L,265,T001,265,0,mapped,-7.345391368678637,35.00927026001961,-26.092631580320337,1,0.0,0.0,interior
T099,L,266,T001,266,0,mapped,-7.419748679546152,34.155344102695075,-25.506191864521057,1,0.0,0.0,interior
T099,L,267,T001,267,0,mapped,-7.474801365461186,33.47242649404636,-24.948079219415792,1,0.0,0.0,interior
T099,L,268,T001,268,0,mapped,-7.551824347717706,32.817605612071894,-24.45762169812749,1,0.0,0.0,interior
T099,L,269,T001,269,0,mapped,-7.578927556502828,32.0538474754729,-23.807936603449075,1,0.0,0.0,interior
T099,L,270,T001,270,0,mapped,-8.412954503230097,39.49156544804883,-28.94984000694906,1,0.0,0.0,interior
T099,L,271,T001,271,0,mapped,-8.16187019915332,38.55134591581528,-28.501093834311973,1,0.0,0.0,interior
T099,L,272,T001,272,0,mapped,-7.867732559917588,37.65590870926048,-27.947039357619396,1,0.0,0.0,interior
T099,L,273,T001,273,0,mapped,-7.503458446980964,37.01182590541625,-27.422178604320017,1,0.0,0.0,interior
T099,L,274,T001,274,0,mapped,-7.319115935548404,36.11398189953488,-26.810434827962297,1,0.0,0.0,interior
T099,L,275,T001,275,0,mapped,-7.185783086536282,35.34475526487676,-26.24207134973421,1,0.0,0.0,interior
T099,L,276,T001,276,0,mapped,-7.142613154115979,34.514280477691955,-25.66158880422047,1,0.0,0.0,interior
T099,L,277,T001,277,0,mapped,-7.123992938554171,33.790508206635394,-25.13317790431295,1,0.0,0.0,interior
T099,L,278,T001,278,0,mapped,-7.222609427006575,33.03803614002188,-24.571266396288177,1,0.0,0.0,interior
T099,L,279,T001,279,0,mapped,-7.251997258617758,32.30316367018024,-23.93240561699117,1,0.0,0.0,interior
T099,L,280,T001,280,0,mapped,-7.993725743044336,39.0310958913271,-28.526383184649596,1,0.0,0.0,interior
T099,L,281,T001,281,0,mapped,-7.856265442585527,38.0895052089978,-28.13436063727295,1,0.0,0.0,interior
T099,L,282,T001,282,0,mapped,-7.439796876808878,37.39182564893319,-27.56938541844201,1,0.0,0.0,interior
T099,L,283,T001,283,0,mapped,-7.171606747240119,36.56785590651364,-27.005701357502453,1,0.0,0.0,interior
T099,L,284,T001,284,0,mapped,-6.917467285235915,35.85212718661399,-26.39248121383592,1,0.0,0.0,interior
T099,L,285,T001,285,0,mapped,-6.810325013484001,34.94255298758702,-25.79288722097433,1,0.0,0.0,interior
T099,L,286,T001,286,0,mapped,-6.849417742808672,34.096441063377654,-25.251933175972063,1,0.0,0.0,interior
T099,L,287,T001,287,0,mapped,-6.89724812681254,33.28802746054549,-24.68554717338322,1,0.0,0.0,interior
T099,L,288,T001,288,0,mapped,-7.066638252958358,32.59498940227349,-24.17104252209455,1,0.0,0.0,interior
T099,L,289,T001,289,0,mapped,-7.700795117739993,38.47366303712948,-28.150126518377697,1,0.0,0.0,interior
T099,L,290,T001,290,0,mapped,-7.4491839579366435,37.70512184992021,-27.704860042626418,1,0.0,0.0,interior
T099,L,291,T001,291,0,mapped,-7.059925624892066,37.04071259705673,-27.106114476420153,1,0.0,0.0,interior
T099,L,292,T001,292,0,mapped,-6.814464017721793,36.13674118561238,-26.4506800718506,1,0.0,0.0,interior
T099,L,293,T001,293,0,mapped,-6.633536456630974,35.348352942172696,-25.88657658281343,1,0.0,0.0,interior
T099,L,294,T001,294,0,mapped,-6.6170009538024575,34.46863445429686,-25.37224507904143,1,0.0,0.0,interior
T099,L,295,T001,295,0,mapped,-6.568335663254155,33.56708810118267,-24.772092168084164,1,0.0,0.0,interior
T099,L,296,T001,296,0,mapped,-6.779573492432644,32.90971889324045,-24.338881514451344,1,0.0,0.0,interior
T099,L,297,T001,297,0,mapped,-7.358725261967638,37.94981795112468,-27.74386406608819,1,0.0,0.0,interior
T099,L,298,T001,298,0,mapped,-6.966876269898907,37.402579259565144,-27.16436041967346,1,0.0,0.0,interior
T099,L,299,T001,299,0,mapped,-6.722125889028174,36.5533729079854,-26.54119000023571,1,0.0,0.0,interior
T099,L,300,T001,300,0,mapped,-6.466772071722542,35.702110240664474,-25.906336263587306,1,0.0,0.0,interior
T099,L,301,T001,301,0,mapped,-6.395799821821707,34.873259973300335,-25.448849347868858,1,0.0,0.0,interior
T099,L,302,T001,302,0,mapped,-6.306588454521637,33.99449920050069,-24.90432000967708,1,0.0,0.0,interior
T099,L,303,T001,303,0,mapped,-6.386746806219552,33.15748291342723,-24.397488794742785,1,0.0,0.0,interior
T099,L,304,T001,304,0,mapped,-6.86036695877486,37.78580890032702,-27.182383340359333,1,0.0,0.0,interior
T099,L,305,T001,305,0,mapped,-6.616987481993566,37.002011843583134,-26.58545406245966,1,0.0,0.0,interior
T099,L,306,T001,306,0,mapped,-6.408303667390026,36.11643043274517,-26.029531615764164,1,0.0,0.0,interior
T099,L,307,T001,307,0,mapped,-6.260378449465743,35.240241604679966,-25.501083828980317,1,0.0,0.0,interior
T099,L,308,T001,308,0,mapped,-6.134329975078236,34.477225408209165,-25.03945314449533,1,0.0,0.0,interior
T099,L,309,T001,309,0,mapped,-6.0471187517896885,33.47421228055083,-24.450479612237874,1,0.0,0.0,interior
T099,L,310,T001,310,0,mapped,-6.568310561592246,37.38731547337552,-26.629917244686382,1,0.0,0.0,interior
T099,L,311,T001,311,0,mapped,-6.292327114465514,36.57308505181632,-26.009716323076276,1,0.0,0.0,interior
T099,L,312,T001,312,0,mapped,-6.129553386346424,35.705119718436734,-25.528046553692114,1,0.0,0.0,interior
T099,L,313,T001,313,0,mapped,-5.960469015503022,34.838569138022095,-25.016991515901978,1,0.0,0.0,interior
T099,L,314,T001,314,0,mapped,-5.815660706523832,33.88468204268813,-24.490998113718355,1,0.0,0.0,interior
T099,L,315,T001,315,0,mapped,-6.264462371596526,37.01732495827696,-26.04994762241507,1,0.0,0.0,interior
T099,L,316,T001,316,0,mapped,-6.029566619459285,36.10665230702517,-25.469042032692045,1,0.0,0.0,interior
T099,L,317,T001,317,0,mapped,-5.879461780104116,35.23505310738474,-25.067849911435356,1,0.0,0.0,interior
T099,L,318,T001,318,0,mapped,-5.591084717262295,34.298897865726914,-24.530672892570358,1,0.0,0.0,interior
T099,L,319,T001,319,0,mapped,-5.979561833336952,36.64537688012699,-25.46764531778778,1,0.0,0.0,interior
T099,L,320,T001,320,0,mapped,-5.775418792653647,35.64854765476042,-25.07366701594603,1,0.0,0.0,interior
T099,L,321,T001,321,0,mapped,-5.484719793837475,34.72307995771129,-24.608797346853684,1,0.0,0.0,interior
T099,L,322,T001,322,0,mapped,-5.602530051921664,36.21957767764512,-24.985872508036152,1,0.0,0.0,interior
T099,L,323,T001,323,0,mapped,-5.35365663303261,35.164734093366064,-24.66276933841909,1,0.0,0.0,interior
T099,L,324,T001,324,0,mapped,-5.195097907732621,35.60767787121866,-24.70434082698059,1,0.0,0.0,landmark
T099,L,325,T002,25,0,mapped,-16.150913696638394,45.37641364287533,-32.372193347257436,1,0.0,0.0,interior
T099,L,326,T002,26,0,mapped,-15.313956614104894,44.69425723560897,-32.32147737748103,1,0.0,0.0,interior
T099,L,327,T002,27,0,mapped,-14.730650383265823,43.82931868232379,-32.30688412792253,1,0.0,0.0,interior
T099,L,328,T002,28,0,mapped,-14.184931869381382,42.91140101001844,-32.1473749898755,1,0.0,0.0,interior
T099,L,329,T002,29,0,mapped,-13.77579120792674,42.0508321883611,-31.85096151290096,1,0.0,0.0,interior
T099,L,330,T002,30,0,mapped,-13.440742303119299,41.28580956211283,-31.487931622548142,1,0.0,0.0,interior
T099,L,331,T002,31,0,mapped,-13.085667881005792,40.683900588430596,-30.862965054930683,1,0.0,0.0,interior
T099,L,332,T002,32,0,mapped,-12.612300971080964,40.28840765944554,-30.002232024484037,1,0.0,0.0,interior
T099,L,333,T002,33,0,mapped,-12.124517524748763,39.870057529762505,-29.365522675045042,1,0.0,0.0,interior
T099,L,334,T002,34,0,mapped,-11.747052597645357,39.3124711561873,-28.700427635345015,1,0.0,0.0,interior
T099,L,335,T002,35,0,mapped,-11.422671050926645,38.72206877334195,-28.16090921396121,1,0.0,0.0,interior
T099,L,336,T002,36,0,mapped,-11.040959963555416,38.06840160434776,-27.484984043963234,1,0.0,0.0,interior
T099,L,337,T002,37,0,mapped,-10.782380309343978,37.5526468171575,-26.824382348289088,1,0.0,0.0,interior
T099,L,338,T002,38,0,mapped,-10.544714648288656,36.72042472699743,-26.002462587991282,1,0.0,0.0,interior
T099,L,339,T002,39,0,mapped,-10.411372547591956,36.179072905640936,-25.205208464565423,1,0.0,0.0,interior
T099,L,340,T002,40,0,mapped,-10.318410792298476,35.462056362542626,-24.556073322474447,1,0.0,0.0,interior
T099,L,341,T002,41,0,mapped,-10.202002060530182,34.817846123964095,-23.778567821592695,1,0.0,0.0,interior
T099,L,342,T002,42,0,mapped,-10.134567301916256,34.19621720702164,-22.982246052955986,1,0.0,0.0,interior
T099,L,343,T002,43,0,mapped,-10.301827567539892,33.401534438566806,-22.410502102634915,1,0.0,0.0,interior
T099,L,344,T002,44,0,mapped,-10.639201960019447,32.605890043308634,-21.99810036932738,1,0.0,0.0,interior
T099,L,345,T002,45,0,mapped,-10.989769160896271,31.888599374419726,-21.42066627084111,1,0.0,0.0,interior
T099,L,346,T002,46,0,mapped,-11.497862608848063,31.25348071814621,-20.920046724378636,1,0.0,0.0,interior
T099,L,347,T002,47,0,mapped,-11.924674533990718,30.517978330930216,-20.579547770543332,1,0.0,0.0,interior
T099,L,348,T002,48,0,mapped,-12.248011199275616,29.662577034913383,-20.303169055101492,2,8.881784197001252e-16,4.440892098500626e-16,shared_edge
T099,L,349,T002,49,0,mapped,-15.565476124718357,44.43123734346837,-32.50065842141693,1,0.0,0.0,interior
T099,L,350,T002,50,0,mapped,-14.900398092169587,43.551515106795144,-32.388424268736316,1,0.0,0.0,interior
T099,L,351,T002,51,0,mapped,-14.45650607365562,42.69897417053678,-32.196592275919826,1,0.0,0.0,interior
T099,L,352,T002,52,0,mapped,-14.06911964340394,41.94634469162336,-31.791018512924296,1,0.0,0.0,interior
T099,L,353,T002,53,0,mapped,-13.684230691931708,41.179286719953154,-31.394344670672353,1,0.0,0.0,interior
T099,L,354,T002,54,0,mapped,-13.253901927505852,40.69295815227588,-30.66501040636733,1,0.0,0.0,interior
T099,L,355,T002,55,0,mapped,-12.777663806790697,40.51478520397694,-29.756363866261914,1,0.0,0.0,interior
T099,L,356,T002,56,0,mapped,-12.219807879984085,40.124068945412716,-29.204440630737572,1,0.0,0.0,interior
T099,L,357,T002,57,0,mapped,-11.825616523317072,39.67186858221592,-28.45386803582211,1,0.0,0.0,interior
T099,L,358,T002,58,0,mapped,-11.49117507275702,39.166903932182365,-27.885377257995827,1,0.0,0.0,interior
T099,L,359,T002,59,0,mapped,-11.103305204461504,38.68823550456985,-27.21670015506651,1,0.0,0.0,interior
T099,L,360,T002,60,0,mapped,-10.830712094224639,38.07578852472953,-26.736374801648868,1,0.0,0.0,interior
T099,L,361,T002,61,0,mapped,-10.527491760174659,37.278031700714386,-25.91693332838061,1,0.0,0.0,interior
T099,L,362,T002,62,0,mapped,-10.280120745238829,36.651286139910106,-25.103767447176473,1,0.0,0.0,interior
T099,L,363,T002,63,0,mapped,-10.074074432968077,36.04430506757329,-24.33311988703496,1,0.0,0.0,interior
T099,L,364,T002,64,0,mapped,-9.88649851351668,35.336337440130606,-23.547430288705186,1,0.0,0.0,interior
T099,L,365,T002,65,0,mapped,-9.818211706014974,34.51373334038156,-22.78873856811925,1,0.0,0.0,interior
T099,L,366,T002,66,0,mapped,-9.957017284519404,33.684735287274634,-22.082792700227788,1,0.0,0.0,interior
T099,L,367,T002,67,0,mapped,-10.266165805450141,32.972449357077835,-21.587065115370983,1,0.0,0.0,interior
T099,L,368,T002,68,0,mapped,-10.666638381066628,32.28062945882127,-21.18632634223666,1,0.0,0.0,interior
T099,L,369,T002,69,0,mapped,-11.192327200146984,31.708626612105256,-20.654058925678086,1,0.0,0.0,interior
T099,L,370,T002,70,0,mapped,-11.753196017320011,31.042101412409515,-20.18169500477471,1,0.0,0.0,interior
T099,L,371,T002,71,0,mapped,-12.238873229286638,30.27123941550383,-19.909073631110406,2,2.808666774861361e-15,1.4043333874306805e-15,shared_edge
T099,L,372,T002,72,0,mapped,-15.097534268016503,43.394577612437544,-32.43161737963479,1,0.0,0.0,interior
T099,L,373,T002,73,0,mapped,-14.664886765825877,42.483119825524895,-32.176495186533245,1,0.0,0.0,interior
T099,L,374,T002,74,0,mapped,-14.288912184610693,41.68561295589724,-31.7311785470631,1,0.0,0.0,interior
T099,L,375,T002,75,0,mapped,-13.925368727803303,41.092060643744496,-31.185568829679937,1,0.0,0.0,interior
T099,L,376,T002,76,0,mapped,-13.384158501066159,40.76892174659448,-30.503147181539838,1,0.0,0.0,interior
T099,L,377,T002,77,0,mapped,-12.935800165755527,40.78764272659002,-29.70231597029786,1,0.0,0.0,interior
T099,L,378,T002,78,0,mapped,-12.333256727041885,40.44716688507201,-29.023141968861015,1,0.0,0.0,interior
T099,L,379,T002,79,0,mapped,-11.922160840799714,40.1323412585767,-28.249627014496475,1,0.0,0.0,interior
T099,L,380,T002,80,0,mapped,-11.513077196647608,39.69734107207203,-27.584949539393968,1,0.0,0.0,interior
T099,L,381,T002,81,0,mapped,-11.117172148134554,39.226627198204966,-26.999252358281773,1,0.0,0.0,interior
T099,L,382,T002,82,0,mapped,-10.748782931471279,38.57609284298074,-26.47111699164367,1,0.0,0.0,interior
T099,L,383,T002,83,0,mapped,-10.357569371888633,37.826223109676285,-25.69894221784152,1,0.0,0.0,interior
T099,L,384,T002,84,0,mapped,-10.009008272972979,37.29886811835871,-24.85952301340088,1,0.0,0.0,interior
T099,L,385,T002,85,0,mapped,-9.779305827079698,36.60245593747078,-24.089437612285828,1,0.0,0.0,interior
T099,L,386,T002,86,0,mapped,-9.589939167933615,35.807467900373894,-23.382870315591667,1,0.0,0.0,interior
T099,L,387,T002,87,0,mapped,-9.450506185378673,34.980398050434964,-22.580918201818587,1,0.0,0.0,interior
T099,L,388,T002,88,0,mapped,-9.52060004274847,34.12052560215222,-21.865724090793545,1,0.0,0.0,interior
T099,L,389,T002,89,0,mapped,-9.80965436150891,33.27173243366237,-21.200954351476547,1,0.0,0.0,interior
T099,L,390,T002,90,0,mapped,-10.182190800748055,32.625105709818314,-20.65683040588182,1,0.0,0.0,interior
T099,L,391,T002,91,0,mapped,-10.696724827209307,32.0179647120774,-20.29881998682819,1,0.0,0.0,interior
T099,L,392,T002,92,0,mapped,-11.342597384193402,31.431593177352738,-19.78851201888483,1,0.0,0.0,interior
T099,L,393,T002,93,0,mapped,-12.072188106958752,30.891368574226465,-19.563406885071736,2,6.705600017716362e-15,3.352800008858181e-15,shared_edge
T099,L,394,T002,94,0,mapped,-14.922703691975373,42.303145139596225,-32.09096295014929,1,0.0,0.0,interior
T099,L,395,T002,95,0,mapped,-14.506221827203975,41.52194277849922,-31.685113409162813,1,0.0,0.0,interior
T099,L,396,T002,96,0,mapped,-14.101506964923633,41.18333550498444,-30.980907296837053,1,0.0,0.0,interior
T099,L,397,T002,97,0,mapped,-13.550990827958502,40.98034832905432,-30.277796055272947,1,0.0,0.0,interior
T099,L,398,T002,98,0,mapped,-12.964078158892281,41.0427598583765,-29.53546588692331,1,0.0,0.0,interior
T099,L,399,T002,99,0,mapped,-12.387320133906348,40.86895073660712,-28.773038909083958,1,0.0,0.0,interior
T099,L,400,T002,100,0,mapped,-11.964212338811846,40.527663008513414,-28.033897318168727,1,0.0,0.0,interior
T099,L,401,T002,101,0,mapped,-11.507906533120858,40.150077472216225,-27.28471687185889,1,0.0,0.0,interior
T099,L,402,T002,102,0,mapped,-11.135694609545705,39.72616720963762,-26.675982510303857,1,0.0,0.0,interior
T099,L,403,T002,103,0,mapped,-10.71577236895579,39.11148913167955,-26.179513026936398,1,0.0,0.0,interior
T099,L,404,T002,104,0,mapped,-10.274271938697515,38.395992012285234,-25.440356015570597,1,0.0,0.0,interior
T099,L,405,T002,105,0,mapped,-9.992455116391879,37.868233046043684,-24.827423653003557,1,0.0,0.0,interior
T099,L,406,T002,106,0,mapped,-9.57855991257821,37.12913662519988,-23.862004281194793,1,0.0,0.0,interior
T099,L,407,T002,107,0,mapped,-9.294556880546986,36.36999032793942,-23.083600463191424,1,0.0,0.0,interior
T099,L,408,T002,108,0,mapped,-9.164393122835993,35.50669128320876,-22.41063232223367,1,0.0,0.0,interior
T099,L,409,T002,109,0,mapped,-9.108234847049172,34.60432550497087,-21.595134814304338,1,0.0,0.0,interior
T099,L,410,T002,110,0,mapped,-9.38278952015186,33.619119818021304,-20.91940677607628,1,0.0,0.0,interior
T099,L,411,T002,111,0,mapped,-9.792236370314942,32.767400140136104,-20.326437504042588,1,0.0,0.0,interior
T099,L,412,T002,112,0,mapped,-10.271109326631786,32.18828927506292,-19.830873478817015,1,0.0,0.0,interior
T099,L,413,T002,113,0,mapped,-10.821758896343772,31.680373344876916,-19.356258012524435,1,0.0,0.0,interior
T099,L,414,T002,114,0,mapped,-11.531582329253961,31.213836253221302,-19.141523190923596,2,7.160723346098895e-15,3.580361673049448e-15,shared_edge
T099,L,415,T002,115,0,mapped,-14.739841635930517,41.44224691619107,-31.49545416948388,1,0.0,0.0,interior
T099,L,416,T002,116,0,mapped,-14.17364161215514,41.308621151200484,-30.72571455391204,1,0.0,0.0,interior
T099,L,417,T002,117,0,mapped,-13.668584845796952,41.311441135691375,-30.069691830659217,1,0.0,0.0,interior
T099,L,418,T002,118,0,mapped,-13.039921687326565,41.288712474115314,-29.330434249534576,1,0.0,0.0,interior
T099,L,419,T002,119,0,mapped,-12.507194783535443,41.25490081968202,-28.613931069744403,1,0.0,0.0,interior
T099,L,420,T002,120,0,mapped,-12.053555717574758,41.01385015989855,-27.775113667753956,1,0.0,0.0,interior
T099,L,421,T002,121,0,mapped,-11.686973243393194,40.637157739797935,-27.044252127499618,1,0.0,0.0,interior
T099,L,422,T002,122,0,mapped,-11.297964780123733,40.21540947121426,-26.360258817012454,1,0.0,0.0,interior
T099,L,423,T002,123,0,mapped,-10.774941372070627,39.69769844412708,-25.7227448772459,1,0.0,0.0,interior
T099,L,424,T002,124,0,mapped,-10.35760514001823,39.1278417776851,-25.014741677025988,1,0.0,0.0,interior
T099,L,425,T002,125,0,mapped,-9.953157343465204,38.54942386667216,-24.27113757507139,1,0.0,0.0,interior
T099,L,426,T002,126,0,mapped,-9.561824332620112,37.78615551574417,-23.572482582040386,1,0.0,0.0,interior
T099,L,427,T002,127,0,mapped,-9.161987638471707,36.929424729704955,-22.825109522503503,1,0.0,0.0,interior
T099,L,428,T002,128,0,mapped,-8.901851142100355,36.09428830970765,-22.04393059965654,1,0.0,0.0,interior
T099,L,429,T002,129,0,mapped,-8.712022641330398,35.14176768829102,-21.252753243051195,1,0.0,0.0,interior
T099,L,430,T002,130,0,mapped,-8.802811029824987,34.02211703494143,-20.69531002420208,1,0.0,0.0,interior
T099,L,431,T002,131,0,mapped,-9.242963193704679,32.94830866561996,-20.07679770071826,1,0.0,0.0,interior
T099,L,432,T002,132,0,mapped,-9.821572799088132,32.29127700845599,-19.54204137672294,1,0.0,0.0,interior
T099,L,433,T002,133,0,mapped,-10.368761165161974,31.773383848882236,-18.9788501756702,1,0.0,0.0,interior
T099,L,434,T002,134,0,mapped,-11.031334948548636,31.342482646808865,-18.59270906716711,2,6.993523870246153e-15,3.496761935123077e-15,shared_edge
T099,L,435,T002,135,0,mapped,-14.254617147273244,41.54720538300667,-30.502354353043657,1,0.0,0.0,interior
T099,L,436,T002,136,0,mapped,-13.716430088821639,41.642619695543836,-29.816758786810798,1,0.0,0.0,interior
T099,L,437,T002,137,0,mapped,-13.11599545848966,41.69320522824123,-29.16190699506045,1,0.0,0.0,interior
T099,L,438,T002,138,0,mapped,-12.666791838407397,41.60993500202274,-28.355051388680906,1,0.0,0.0,interior
T099,L,439,T002,139,0,mapped,-12.193850203079275,41.29685606665501,-27.60273778275881,1,0.0,0.0,interior
T099,L,440,T002,140,0,mapped,-11.907360170067435,40.97303565585317,-26.85947804641037,1,0.0,0.0,interior
T099,L,441,T002,141,0,mapped,-11.505299720727061,40.596228925997636,-26.09189770249095,1,0.0,0.0,interior
T099,L,442,T002,142,0,mapped,-11.017982773365073,40.146996836337365,-25.459598461839626,1,0.0,0.0,interior
T099,L,443,T002,143,0,mapped,-10.674778742840145,39.76403155171564,-24.68740343862936,1,0.0,0.0,interior
T099,L,444,T002,144,0,mapped,-10.132359515399934,39.10219067478644,-23.797298666688373,1,0.0,0.0,interior
T099,L,445,T002,145,0,mapped,-9.650642778179662,38.54310626208543,-23.098287559782747,1,0.0,0.0,interior
T099,L,446,T002,146,0,mapped,-9.181125661757513,37.758482794516105,-22.30873159100092,1,0.0,0.0,interior
T099,L,447,T002,147,0,mapped,-8.884235721626244,36.81275438117952,-21.6206398469544,1,0.0,0.0,interior
T099,L,448,T002,148,0,mapped,-8.581501124240203,35.641910758690656,-20.916977037279132,1,0.0,0.0,interior
T099,L,449,T002,149,0,mapped,-8.414389796392385,34.44422010448762,-20.16834693199009,1,0.0,0.0,interior
T099,L,450,T002,150,0,mapped,-8.596279424093847,33.19737104980179,-19.654344356142325,1,0.0,0.0,interior
T099,L,451,T002,151,0,mapped,-9.250738203855889,32.38087405917755,-19.185534033183878,1,0.0,0.0,interior
T099,L,452,T002,152,0,mapped,-9.808697362135565,31.80978916613947,-18.563121807551738,1,0.0,0.0,interior
T099,L,453,T002,153,0,mapped,-10.492044808209556,31.369213971675094,-18.051757487362032,2,5.347542221830668e-15,2.673771110915334e-15,shared_edge
T099,L,454,T002,154,0,mapped,-13.799450917266409,42.00971086824556,-29.616376091856022,1,0.0,0.0,interior
T099,L,455,T002,155,0,mapped,-13.178259752698974,42.00522413103688,-28.920904243051517,1,0.0,0.0,interior
T099,L,456,T002,156,0,mapped,-12.82784931373274,41.89684870058008,-28.103368104204705,1,0.0,0.0,interior
T099,L,457,T002,157,0,mapped,-12.392708723120847,41.57364579370689,-27.302142665905023,1,0.0,0.0,interior
T099,L,458,T002,158,0,mapped,-12.101241001140998,41.22983629318014,-26.615375135188437,1,0.0,0.0,interior
T099,L,459,T002,159,0,mapped,-11.796153397119365,40.87834701128021,-25.774353608094575,1,0.0,0.0,interior
T099,L,460,T002,160,0,mapped,-11.353243891327665,40.47223195378838,-25.0510696100896,1,0.0,0.0,interior
T099,L,461,T002,161,0,mapped,-10.917375020441575,40.067751001741655,-24.270981816132206,1,0.0,0.0,interior
T099,L,462,T002,162,0,mapped,-10.402642013495829,39.56042922301401,-23.533613338208603,1,0.0,0.0,interior
T099,L,463,T002,163,0,mapped,-9.881628516715836,39.10534619705963,-22.64013959799974,1,0.0,0.0,interior
T099,L,464,T002,164,0,mapped,-9.354908925575453,38.36084649901313,-22.032983857429628,1,0.0,0.0,interior
T099,L,465,T002,165,0,mapped,-8.922308012244716,37.392101428914025,-21.231541565519215,1,0.0,0.0,interior
T099,L,466,T002,166,0,mapped,-8.564896824804677,36.23753086764347,-20.39640018688887,1,0.0,0.0,interior
T099,L,467,T002,167,0,mapped,-8.303813795295682,34.7975027298237,-19.702540572680523,1,0.0,0.0,interior
T099,L,468,T002,168,0,mapped,-8.29681295630635,33.68452008823866,-19.209298588683918,1,0.0,0.0,interior
T099,L,469,T002,169,0,mapped,-8.541379441082562,32.66167333622468,-18.637191397799565,1,0.0,0.0,interior
T099,L,470,T002,170,0,mapped,-9.196341542126936,31.869274028640056,-18.075849425113862,1,0.0,0.0,interior
T099,L,471,T002,171,0,mapped,-9.983376006214936,31.3054187754362,-17.49116968003083,2,6.217248937900877e-15,3.1086244689504387e-15,shared_edge
T099,L,472,T002,172,0,mapped,-13.435276101344227,42.409603213911396,-28.676962061562417,1,0.0,0.0,interior
T099,L,473,T002,173,0,mapped,-13.03326128720806,42.21524522213889,-27.842972712849104,1,0.0,0.0,interior
T099,L,474,T002,174,0,mapped,-12.75332526970825,41.90323234415122,-27.00710780056921,1,0.0,0.0,interior
T099,L,475,T002,175,0,mapped,-12.478554271916813,41.52131362117386,-26.36772125817442,1,0.0,0.0,interior
T099,L,476,T002,176,0,mapped,-12.236452423532848,41.187859761902004,-25.63068875324451,1,0.0,0.0,interior
T099,L,477,T002,177,0,mapped,-11.930678825048204,40.83820914566871,-24.85572865253186,1,0.0,0.0,interior
T099,L,478,T002,178,0,mapped,-11.396428871285016,40.353431987612176,-23.94077362078402,1,0.0,0.0,interior
T099,L,479,T002,179,0,mapped,-10.822017326898052,39.96110532760272,-23.204068596566017,1,0.0,0.0,interior
T099,L,480,T002,180,0,mapped,-10.249387893493642,39.5485018132466,-22.252893575119042,1,0.0,0.0,interior
T099,L,481,T002,181,0,mapped,-9.66430286169492,38.89504798373132,-21.44033413738348,1,0.0,0.0,interior
T099,L,482,T002,182,0,mapped,-9.12028447515981,37.88176767394244,-20.696350888012933,1,0.0,0.0,interior
T099,L,483,T002,183,0,mapped,-8.69875891003764,36.65965215564711,-19.943884033779405,1,0.0,0.0,interior
T099,L,484,T002,184,0,mapped,-8.412412760573929,35.37920895029128,-19.20589607401891,1,0.0,0.0,interior
T099,L,485,T002,185,0,mapped,-8.26472613631319,34.20726125263312,-18.579556125803183,1,0.0,0.0,interior
T099,L,486,T002,186,0,mapped,-8.38088130132303,33.1247339683617,-18.00547056409558,1,0.0,0.0,interior
T099,L,487,T002,187,0,mapped,-8.755795856681411,32.055930804844884,-17.55319447310574,1,0.0,0.0,interior
T099,L,488,T002,188,0,mapped,-9.46890711113053,31.270935558627315,-16.951050907099614,2,4.855877417637497e-15,2.427938708818749e-15,shared_edge
T099,L,489,T002,189,0,mapped,-13.247113548187986,42.491464654212216,-27.56983213110739,1,0.0,0.0,interior
T099,L,490,T002,190,0,mapped,-13.16604273880588,42.18345919205241,-26.827039878048566,1,0.0,0.0,interior
T099,L,491,T002,191,0,mapped,-12.97578131225644,41.82361797450689,-26.152811094309804,1,0.0,0.0,interior
T099,L,492,T002,192,0,mapped,-12.701417927966268,41.38277319610154,-25.327285102257754,1,0.0,0.0,interior
T099,L,493,T002,193,0,mapped,-12.478684576396972,40.985008954229684,-24.537848433300546,1,0.0,0.0,interior
T099,L,494,T002,194,0,mapped,-11.999075750201644,40.5961033266279,-23.72420829296204,1,0.0,0.0,interior
T099,L,495,T002,195,0,mapped,-11.398528482794038,40.22306044041112,-22.89124203782112,1,0.0,0.0,interior
T099,L,496,T002,196,0,mapped,-10.767011469012713,39.87295560039776,-21.953961042727872,1,0.0,0.0,interior
T099,L,497,T002,197,0,mapped,-10.20188613029284,39.29857277793322,-21.061452247531545,1,0.0,0.0,interior
T099,L,498,T002,198,0,mapped,-9.59936093612157,38.33014916203704,-20.2300753452866,1,0.0,0.0,interior
T099,L,499,T002,199,0,mapped,-9.2048039276531,37.16735884515677,-19.356207101613247,1,0.0,0.0,interior
T099,L,500,T002,200,0,mapped,-8.838492351203513,35.98395357349694,-18.662392805515385,1,0.0,0.0,interior
T099,L,501,T002,201,0,mapped,-8.646092644792954,34.845924732767706,-18.053613402689766,1,0.0,0.0,interior
T099,L,502,T002,202,0,mapped,-8.592682446295406,33.61371602941971,-17.422765386754868,1,0.0,0.0,interior
T099,L,503,T002,203,0,mapped,-8.665035294759743,32.550532267444225,-16.885882669279646,1,0.0,0.0,interior
T099,L,504,T002,204,0,mapped,-9.06328951650848,31.34997233661815,-16.328278310330496,2,3.0808688933348094e-15,1.5404344466674049e-15,shared_edge
T099,L,505,T002,205,0,mapped,-13.718952307663104,42.39749382819987,-26.520000008918444,1,0.0,0.0,interior
T099,L,506,T002,206,0,mapped,-13.524585801476269,41.96381378348518,-25.836201200949652,1,0.0,0.0,interior
T099,L,507,T002,207,0,mapped,-13.319962897127281,41.4876864671799,-25.027422596374898,1,0.0,0.0,interior
T099,L,508,T002,208,0,mapped,-13.02056694758635,41.04946327838303,-24.336495107239205,1,0.0,0.0,interior
T099,L,509,T002,209,0,mapped,-12.691454294171924,40.72102069859908,-23.53195354544299,1,0.0,0.0,interior
T099,L,510,T002,210,0,mapped,-12.151835656187068,40.37352116914357,-22.622211591074745,1,0.0,0.0,interior
T099,L,511,T002,211,0,mapped,-11.625452484722217,40.007018903326134,-21.666624665922534,1,0.0,0.0,interior
T099,L,512,T002,212,0,mapped,-11.019430809464936,39.612569722922174,-20.60691740009306,1,0.0,0.0,interior
T099,L,513,T002,213,0,mapped,-10.446586391653966,38.752645579117825,-19.667589463035107,1,0.0,0.0,interior
T099,L,514,T002,214,0,mapped,-9.909663687173705,37.49892826302368,-18.790273988150563,1,0.0,0.0,interior
T099,L,515,T002,215,0,mapped,-9.53160895513027,36.35273396572894,-18.233340314012526,1,0.0,0.0,interior
T099,L,516,T002,216,0,mapped,-9.303119854186082,35.19875386596891,-17.72809739238657,1,0.0,0.0,interior
T099,L,517,T002,217,0,mapped,-9.107991924254597,34.09373653641466,-17.19752198524167,1,0.0,0.0,interior
T099,L,518,T002,218,0,mapped,-9.038415094982348,33.08120428264573,-16.543341395869902,1,0.0,0.0,interior
T099,L,519,T002,219,0,mapped,-8.998213975846902,31.910360812335966,-15.857027182658662,2,6.312669931598292e-15,3.1563349657991457e-15,shared_edge
T099,L,520,T002,220,0,mapped,-14.052966080773487,42.002912759311656,-25.575050886730516,1,0.0,0.0,interior
T099,L,521,T002,221,0,mapped,-13.90216372406232,41.496461101304135,-24.799357290292143,1,0.0,0.0,interior
T099,L,522,T002,222,0,mapped,-13.683888848217833,41.10049390959526,-24.257485112391986,1,0.0,0.0,interior
T099,L,523,T002,223,0,mapped,-13.363457219006877,40.651465397609,-23.32172285248298,1,0.0,0.0,interior
T099,L,524,T002,224,0,mapped,-13.002247317387047,40.377815289039084,-22.333970172015206,1,0.0,0.0,interior
T099,L,525,T002,225,0,mapped,-12.444995083525892,40.12156648234554,-21.398732622132243,1,0.0,0.0,interior
T099,L,526,T002,226,0,mapped,-11.801976216299414,39.658037978315704,-20.291540452791917,1,0.0,0.0,interior
T099,L,527,T002,227,0,mapped,-11.217715048666262,38.93907777478939,-19.42542844750461,1,0.0,0.0,interior
T099,L,528,T002,228,0,mapped,-10.631408324365829,37.85974686091271,-18.612075683585854,1,0.0,0.0,interior
T099,L,529,T002,229,0,mapped,-10.358851450646247,36.69958286818862,-18.045833657813116,1,0.0,0.0,interior
T099,L,530,T002,230,0,mapped,-10.125597068921724,35.444070126273154,-17.649683305028283,1,0.0,0.0,interior
T099,L,531,T002,231,0,mapped,-9.949432157292977,34.242550721415654,-17.157349555725038,1,0.0,0.0,interior
T099,L,532,T002,232,0,mapped,-9.695737683507872,33.393705811190316,-16.477416783262292,1,0.0,0.0,interior
T099,L,533,T002,233,0,mapped,-9.421022582040516,32.503883287006964,-15.696941015654058,2,3.3546376631528325e-15,1.6773188315764165e-15,shared_edge
T099,L,534,T002,234,0,mapped,-14.667274730891643,41.52201939519547,-24.771710168425855,1,0.0,0.0,interior
T099,L,535,T002,235,0,mapped,-14.520904618969917,41.0670972222659,-24.220658766456957,1,0.0,0.0,interior
T099,L,536,T002,236,0,mapped,-14.269388794721676,40.54607666430244,-23.211259333913745,1,0.0,0.0,interior
T099,L,537,T002,237,0,mapped,-13.784944724682955,40.300490269627346,-22.306816303141527,1,0.0,0.0,interior
T099,L,538,T002,238,0,mapped,-13.360427560280243,40.064406546893565,-21.249312606353694,1,0.0,0.0,interior
T099,L,539,T002,239,0,mapped,-12.721870863160092,39.70237092662413,-20.19131667200295,1,0.0,0.0,interior
T099,L,540,T002,240,0,mapped,-12.078534691367636,38.956728649502836,-19.202154300365027,1,0.0,0.0,interior
T099,L,541,T002,241,0,mapped,-11.623551840164655,37.965428287407825,-18.396852185615774,1,0.0,0.0,interior
T099,L,542,T002,242,0,mapped,-11.258720694880617,36.836646749166036,-17.969194876581884,1,0.0,0.0,interior
T099,L,543,T002,243,0,mapped,-10.963106735119535,35.60320632491611,-17.64990681434161,1,0.0,0.0,interior
T099,L,544,T002,244,0,mapped,-10.721430727570436,34.3064767319348,-17.273005875230623,1,0.0,0.0,interior
T099,L,545,T002,245,0,mapped,-10.303807958897313,33.34267636431281,-16.498638736185033,1,0.0,0.0,interior
T099,L,546,T002,246,0,mapped,-10.12542302192207,32.772344145096845,-15.613100045537877,2,1.961830370053296e-15,9.80915185026648e-16,shared_edge
T099,L,547,T002,247,0,mapped,-15.284141501862932,40.86420432152128,-24.125802500574245,1,0.0,0.0,interior
T099,L,548,T002,248,0,mapped,-15.01630043426431,40.44060324204871,-23.285434054539444,1,0.0,0.0,interior
T099,L,549,T002,249,0,mapped,-14.580712233460183,40.150292412627195,-22.34155430540224,1,0.0,0.0,interior
T099,L,550,T002,250,0,mapped,-14.181078501826592,39.92127868732753,-21.31486855772227,1,0.0,0.0,interior
T099,L,551,T002,251,0,mapped,-13.74101348777598,39.644541665477405,-20.16740806817167,1,0.0,0.0,interior
T099,L,552,T002,252,0,mapped,-13.152525397510958,38.91724682339954,-19.14428901758688,1,0.0,0.0,interior
T099,L,553,T002,253,0,mapped,-12.553565392401444,37.880985357480384,-18.349625727021248,1,0.0,0.0,interior
T099,L,554,T002,254,0,mapped,-12.076150273315646,36.72140731828496,-17.916716383550572,1,0.0,0.0,interior
T099,L,555,T002,255,0,mapped,-11.828169337705436,35.532476039222125,-17.692595776235432,1,0.0,0.0,interior
T099,L,556,T002,256,0,mapped,-11.503709308120744,34.2818960506037,-17.43586033603243,1,0.0,0.0,interior
T099,L,557,T002,257,0,mapped,-11.044720113062283,33.31398515517018,-16.67955477534884,1,0.0,0.0,interior
T099,L,558,T002,258,0,mapped,-10.848074231666713,32.84782436625842,-15.714053998189662,2,2.6789522848988178e-15,1.3394761424494089e-15,shared_edge
T099,L,559,T002,259,0,mapped,-15.752256635327504,40.25972595788462,-23.368290617926657,1,0.0,0.0,interior
T099,L,560,T002,260,0,mapped,-15.444187934442164,39.84145819219253,-22.406595611940308,1,0.0,0.0,interior
T099,L,561,T002,261,0,mapped,-15.016877915669715,39.64938146467256,-21.41259193244815,1,0.0,0.0,interior
T099,L,562,T002,262,0,mapped,-14.598184426620522,39.47591299440316,-20.307624448417776,1,0.0,0.0,interior
T099,L,563,T002,263,0,mapped,-14.1377267975456,38.84066393357078,-19.17618596078424,1,0.0,0.0,interior
T099,L,564,T002,264,0,mapped,-13.529981933812845,37.829632947670895,-18.421499064595046,1,0.0,0.0,interior
T099,L,565,T002,265,0,mapped,-12.9163935670536,36.5802085765687,-18.01960715057716,1,0.0,0.0,interior
T099,L,566,T002,266,0,mapped,-12.574177996372258,35.3898598705603,-17.756994734013666,1,0.0,0.0,interior
T099,L,567,T002,267,0,mapped,-12.180323616020647,34.280091920230234,-17.593138514270695,1,0.0,0.0,interior
T099,L,568,T002,268,0,mapped,-11.826673206008373,33.199711481108864,-16.961835261924822,1,0.0,0.0,interior
T099,L,569,T002,269,0,mapped,-11.507379503323476,32.704973862569275,-15.954063153112584,2,3.2275629314075537e-15,1.6137814657037768e-15,shared_edge
T099,L,570,T002,270,0,mapped,-16.08159581572275,39.60399011544061,-22.520800399971463,1,0.0,0.0,interior
T099,L,571,T002,271,0,mapped,-15.814665963726405,39.379735269787346,-21.514160144001952,1,0.0,0.0,interior
T099,L,572,T002,272,0,mapped,-15.48728622669519,39.13591336131671,-20.437070550588597,1,0.0,0.0,interior
T099,L,573,T002,273,0,mapped,-14.981892817013772,38.58736188292467,-19.383077895624655,1,0.0,0.0,interior
T099,L,574,T002,274,0,mapped,-14.34903165750443,37.50333491047509,-18.746978896669713,1,0.0,0.0,interior
T099,L,575,T002,275,0,mapped,-13.742083117670425,36.44435388685943,-18.130071913973342,1,0.0,0.0,interior
T099,L,576,T002,276,0,mapped,-13.350088154125594,35.35009815470385,-17.931468128682628,1,0.0,0.0,interior
T099,L,577,T002,277,0,mapped,-12.875347717371623,34.1786406409059,-17.75634818538826,1,0.0,0.0,interior
T099,L,578,T002,278,0,mapped,-12.473804711240058,33.07428179241538,-17.14934552813896,1,0.0,0.0,interior
T099,L,579,T002,279,0,mapped,-12.176285753758489,32.45838917386205,-16.143514959735732,2,3.2023728339893768e-15,1.6011864169946884e-15,shared_edge
T099,L,580,T002,280,0,mapped,-16.6622217471966,39.04314516550399,-21.78239939957031,1,0.0,0.0,interior
T099,L,581,T002,281,0,mapped,-16.27176493982673,38.73423271701935,-20.714844029997636,1,0.0,0.0,interior
T099,L,582,T002,282,0,mapped,-15.86676739473502,38.20121298611322,-19.64006671686784,1,0.0,0.0,interior
T099,L,583,T002,283,0,mapped,-15.330555866249533,37.35111207267894,-18.84172735621113,1,0.0,0.0,interior
T099,L,584,T002,284,0,mapped,-14.650181734269507,36.24385317824819,-18.312302025809046,1,0.0,0.0,interior
T099,L,585,T002,285,0,mapped,-14.185063552304394,35.14874027011767,-18.057655456935723,1,0.0,0.0,interior
T099,L,586,T002,286,0,mapped,-13.705930510363777,34.03955217478427,-17.895726180202104,1,0.0,0.0,interior
T099,L,587,T002,287,0,mapped,-13.137523581297499,33.028457054960896,-17.382758340806213,1,0.0,0.0,interior
T099,L,588,T002,288,0,mapped,-12.86225620486706,32.340588606993535,-16.385694124658855,2,7.136584070361083e-15,3.568292035180542e-15,shared_edge
T099,L,589,T002,289,0,mapped,-17.192222343380784,38.28736163365972,-21.164394727917582,1,0.0,0.0,interior
T099,L,590,T002,290,0,mapped,-16.826776245134546,37.79457068549523,-20.13712815075821,1,0.0,0.0,interior
T099,L,591,T002,291,0,mapped,-16.18538126743332,37.07292457558848,-19.123551136655855,1,0.0,0.0,interior
T099,L,592,T002,292,0,mapped,-15.557827894183388,36.13418586468994,-18.499996428840387,1,0.0,0.0,interior
T099,L,593,T002,293,0,mapped,-14.908931994598813,35.05811973018941,-18.217803499683548,1,0.0,0.0,interior
T099,L,594,T002,294,0,mapped,-14.412755389776436,33.94082383417212,-18.02002967356368,1,0.0,0.0,interior
T099,L,595,T002,295,0,mapped,-13.889440556133733,32.95141300030893,-17.612597746430392,1,0.0,0.0,interior
T099,L,596,T002,296,0,mapped,-13.594882031248686,32.25276419983823,-16.57286646230036,2,7.923135220560787e-15,3.9615676102803926e-15,shared_edge
T099,L,597,T002,297,0,mapped,-17.53410467983682,37.440532156945636,-20.58277399763987,1,0.0,0.0,interior
T099,L,598,T002,298,0,mapped,-16.90929475227488,36.720536644241115,-19.52089478399345,1,0.0,0.0,interior
T099,L,599,T002,299,0,mapped,-16.358935704965788,35.95763615471888,-18.88711074140231,1,0.0,0.0,interior
T099,L,600,T002,300,0,mapped,-15.698372620765007,34.98778124569094,-18.44188039632957,1,0.0,0.0,interior
T099,L,601,T002,301,0,mapped,-15.13693425608054,33.938866364091574,-18.194256023912697,1,0.0,0.0,interior
T099,L,602,T002,302,0,mapped,-14.629042049502239,32.940083664673175,-17.838037527734436,1,0.0,0.0,interior
T099,L,603,T002,303,0,mapped,-14.33619212227868,32.16392836352479,-16.757832807275406,2,6.2999081001394775e-15,3.1499540500697388e-15,shared_edge
T099,L,604,T002,304,0,mapped,-17.71017673113457,36.45358361658148,-20.11828171025897,1,0.0,0.0,interior
T099,L,605,T002,305,0,mapped,-17.009688898304567,35.7844458011298,-19.277853260922058,1,0.0,0.0,interior
T099,L,606,T002,306,0,mapped,-16.415949256305648,34.77685570149762,-18.661964533613663,1,0.0,0.0,interior
T099,L,607,T002,307,0,mapped,-15.882769614883959,33.8976610713784,-18.337607856568116,1,0.0,0.0,interior
T099,L,608,T002,308,0,mapped,-15.366063331951281,32.79713457470846,-17.96468844954953,1,0.0,0.0,interior
T099,L,609,T002,309,0,mapped,-14.98156684433728,32.08496732602099,-17.16122038420291,2,4.318467880798754e-15,2.159233940399377e-15,shared_edge
T099,L,610,T002,310,0,mapped,-17.87030409263741,35.38246252039084,-19.870570497975397,1,0.0,0.0,interior
T099,L,611,T002,311,0,mapped,-17.121790039751186,34.592320172707254,-18.986380223400857,1,0.0,0.0,interior
T099,L,612,T002,312,0,mapped,-16.57297059989203,33.76340896628217,-18.472383458394983,1,0.0,0.0,interior
T099,L,613,T002,313,0,mapped,-16.15164034582207,32.80488573603162,-18.154003988677534,1,0.0,0.0,interior
T099,L,614,T002,314,0,mapped,-15.681079419284666,32.00026310545077,-17.466856003661412,2,4.9501506914868435e-15,2.4750753457434218e-15,shared_edge
T099,L,615,T002,315,0,mapped,-17.951446764319115,34.34333096364942,-19.524796603415822,1,0.0,0.0,interior
T099,L,616,T002,316,0,mapped,-17.29373234098227,33.61315596871235,-18.737698342790097,1,0.0,0.0,interior
T099,L,617,T002,317,0,mapped,-16.878503659888644,32.7254078721974,-18.308497562955893,1,0.0,0.0,interior
T099,L,618,T002,318,0,mapped,-16.405592276149537,31.913019486533564,-17.710502212836463,2,1.4043333874306805e-15,7.021666937153402e-16,shared_edge
T099,L,619,T002,319,0,mapped,-17.97718142675714,33.30824902272139,-19.116666844390856,1,0.0,0.0,interior
T099,L,620,T002,320,0,mapped,-17.42818793592258,32.631642865531475,-18.45329346924546,1,0.0,0.0,interior
T099,L,621,T002,321,0,mapped,-17.145020445802047,31.82440081932821,-17.89624734599357,2,4.282641246519317e-15,2.1413206232596586e-15,shared_edge
T099,L,622,T002,322,0,mapped,-17.907563404774475,32.33378902013257,-18.585323121265592,1,0.0,0.0,interior
T099,L,623,T002,323,0,mapped,-17.862234871366198,31.737933354790414,-18.152787077816058,2,2.5121479338940407e-15,1.2560739669470201e-15,shared_edge
T099,L,624,T002,324,-1,landmark_vertex,-18.45349476567419,31.40820702612812,-18.28889356629149,4,0.0,0.0,landmark
T099,L,625,T003,1,0,mapped,-18.96737591000189,31.02049630229358,-18.15916921332051,2,8.881784197001252e-16,4.440892098500626e-16,shared_edge
T099,L,626,T003,2,0,mapped,-19.512174640344057,30.782518347386027,-17.930033887150017,2,8.881784197001252e-16,4.440892098500626e-16,shared_edge
T099,L,627,T003,3,0,mapped,-20.152573444165093,30.624768182965838,-17.84006211446954,2,2.5121479338940407e-15,1.2560739669470201e-15,shared_edge
T099,L,628,T003,4,0,mapped,-20.685714571602112,30.488189014156628,-17.561987648983227,2,4.0943002132167226e-15,2.0471501066083613e-15,shared_edge
T099,L,629,T003,5,0,mapped,-21.148254169957184,30.313113261278673,-17.134276560107566,2,3.4684476073050936e-15,1.7342238036525468e-15,shared_edge
T099,L,630,T003,6,0,mapped,-21.62412739807641,30.12475553589414,-16.768301018840496,2,3.076740298213702e-15,1.538370149106851e-15,shared_edge
T099,L,631,T003,7,0,mapped,-22.073796360921683,29.910172193775576,-16.356523073497897,2,3.4684476073050936e-15,1.7342238036525468e-15,shared_edge
T099,L,632,T003,8,0,mapped,-22.523788929535165,29.792285427591167,-15.916437505891752,2,2.673771110915334e-15,1.336885555457667e-15,shared_edge
T099,L,633,T003,9,0,mapped,-23.023484774552358,29.736147462337076,-15.481642929834425,2,3.66205343881779e-15,1.831026719408895e-15,shared_edge
T099,L,634,T003,10,0,mapped,-23.551435185689307,29.676424512778155,-15.083646840368719,2,1.897149936107019e-15,9.485749680535094e-16,shared_edge
T099,L,635,T003,11,0,mapped,-23.942101512987,29.63382008348329,-14.551731539867749,2,3.8857805861880484e-16,1.9428902930940242e-16,shared_edge
T099,L,636,T003,12,0,mapped,-24.36257505247631,29.379972057870198,-14.148330630385644,2,1.8452761694870047e-15,9.226380847435024e-16,shared_edge
T099,L,637,T003,13,0,mapped,-24.776335843394676,28.98911648372562,-13.865259643725649,2,3.8226441460132376e-15,1.9113220730066188e-15,shared_edge
T099,L,638,T003,14,0,mapped,-25.229155316861135,28.569719839748675,-13.676958058948935,2,3.972054645195637e-15,1.9860273225978185e-15,shared_edge
T099,L,639,T003,15,0,mapped,-25.50300641854207,28.24071431180479,-13.243370179653827,2,1.9860273225978185e-15,9.930136612989092e-16,shared_edge
T099,L,640,T003,16,0,mapped,-25.746608249002072,27.832565289829564,-12.7978182873028,2,1.9860273225978185e-15,9.930136612989092e-16,shared_edge
T099,L,641,T003,17,0,mapped,-25.91055898048413,27.377658674300402,-12.402992647211033,2,0.0,0.0,shared_edge
T099,L,642,T003,18,0,mapped,-25.79334863679526,27.02568344698671,-11.850970138719985,2,0.0,0.0,shared_edge
T099,L,643,T003,19,0,mapped,-25.681838620732655,26.484975268888732,-11.501231600196343,2,4.440892098500626e-16,2.220446049250313e-16,shared_edge
T099,L,644,T003,20,0,mapped,-25.585022696568657,25.846314105395063,-11.341784494345553,2,4.440892098500626e-16,2.220446049250313e-16,shared_edge
T099,L,645,T003,21,0,mapped,-25.244780386185035,25.371649296805426,-11.18010985921508,2,1.7763568394002505e-15,8.881784197001252e-16,shared_edge
T099,L,646,T003,22,0,mapped,-24.946622218864015,24.778488305116916,-11.2069109398163,2,0.0,0.0,shared_edge
T099,L,647,T003,23,0,mapped,-24.517219250550944,24.28942825570222,-11.253775532637572,2,8.881784197001252e-16,4.440892098500626e-16,shared_edge
T099,L,648,T003,24,0,mapped,-24.116027647749853,23.771411907949066,-11.296178504602572,5,0.0,0.0,landmark
T099,L,649,T003,25,0,mapped,-17.549454031256808,31.376341366170088,-17.51911569778512,2,0.0,0.0,shared_edge
T099,L,650,T003,26,0,mapped,-18.07202442094861,31.11886046321007,-17.236672875768985,1,0.0,0.0,interior
T099,L,651,T003,27,0,mapped,-18.737151585543348,30.947156642375667,-16.870392805995316,1,0.0,0.0,interior
T099,L,652,T003,28,0,mapped,-19.406255220841526,30.895282925787928,-16.490907767547693,1,0.0,0.0,interior
T099,L,653,T003,29,0,mapped,-20.038550300709005,30.92325487105839,-16.314242096557038,1,0.0,0.0,interior
T099,L,654,T003,30,0,mapped,-20.555929370242776,30.856459056055506,-15.863201338379769,1,0.0,0.0,interior
T099,L,655,T003,31,0,mapped,-21.134536750336792,30.75080120892372,-15.31391755851969,1,0.0,0.0,interior
T099,L,656,T003,32,0,mapped,-21.659383353228314,30.671406007370862,-15.01367499398644,1,0.0,0.0,interior
T099,L,657,T003,33,0,mapped,-22.20424769053689,30.75502220246689,-14.54321202630428,1,0.0,0.0,interior
T099,L,658,T003,34,0,mapped,-22.970243112292888,30.498173935543313,-14.356470187267355,1,0.0,0.0,interior
T099,L,659,T003,35,0,mapped,-23.48198051103633,30.48060808685465,-13.88264879593612,1,0.0,0.0,interior
T099,L,660,T003,36,0,mapped,-23.98475536906816,30.129278184819917,-13.463950570276793,1,0.0,0.0,interior
T099,L,661,T003,37,0,mapped,-24.269767137496856,29.816639942605363,-13.081128423833457,1,0.0,0.0,interior
T099,L,662,T003,38,0,mapped,-24.66000535280756,29.326038704646397,-12.472370942546743,1,0.0,0.0,interior
T099,L,663,T003,39,0,mapped,-24.83940470679972,28.94811302525939,-11.943389445155306,1,0.0,0.0,interior
T099,L,664,T003,40,0,mapped,-25.02684202752297,28.308127069844573,-11.586595451981744,1,0.0,0.0,interior
T099,L,665,T003,41,0,mapped,-25.042976686037942,27.657462444469616,-11.290290703480746,1,0.0,0.0,interior
T099,L,666,T003,42,0,mapped,-24.920128949207886,27.226589361157124,-11.066043722189356,1,0.0,0.0,interior
T099,L,667,T003,43,0,mapped,-24.742368752312323,26.45267745319645,-10.876544818601062,1,0.0,0.0,interior
T099,L,668,T003,44,0,mapped,-24.6075962566146,25.799301128633434,-10.886361348462895,1,0.0,0.0,interior
T099,L,669,T003,45,0,mapped,-24.411931912685198,25.24101990091367,-10.91369558231122,1,0.0,0.0,interior
T099,L,670,T003,46,0,mapped,-24.104420027705345,24.68284988723929,-11.032406397776938,1,0.0,0.0,interior
T099,L,671,T003,47,0,mapped,-23.837110354020275,24.1837430503055,-11.15348670850048,1,0.0,0.0,interior
T099,L,672,T003,48,0,mapped,-23.58172156149842,23.56083258376811,-11.24919338900067,2,3.447059237218225e-15,1.7235296186091125e-15,shared_edge
T099,L,673,T003,49,0,mapped,-16.79131691254045,31.441986381017458,-16.675765403051358,2,4.440892098500626e-16,2.220446049250313e-16,shared_edge
T099,L,674,T003,50,0,mapped,-17.335652891050028,31.292628672548055,-16.417651288412717,1,0.0,0.0,interior
T099,L,675,T003,51,0,mapped,-18.066030391294916,31.243409891674357,-15.781716555608504,1,0.0,0.0,interior
T099,L,676,T003,52,0,mapped,-18.81609757843978,31.351879699959184,-15.360268949262537,1,0.0,0.0,interior
T099,L,677,T003,53,0,mapped,-19.503155227250133,31.426274536209416,-15.040243407237837,1,0.0,0.0,interior
T099,L,678,T003,54,0,mapped,-20.060365470990405,31.522809375883995,-14.585134379726508,1,0.0,0.0,interior
T099,L,679,T003,55,0,mapped,-20.720521713911925,31.585780133664493,-14.217721771955336,1,0.0,0.0,interior
T099,L,680,T003,56,0,mapped,-21.450074999650752,31.65525722744806,-13.821132095238262,1,0.0,0.0,interior
T099,L,681,T003,57,0,mapped,-22.299806063684034,31.48737656401621,-13.50332134551116,1,0.0,0.0,interior
T099,L,682,T003,58,0,mapped,-22.94909875999449,31.21842167093267,-12.849275090981052,1,0.0,0.0,interior
T099,L,683,T003,59,0,mapped,-23.370617534735256,30.915149588862562,-12.292834763999,1,0.0,0.0,interior
T099,L,684,T003,60,0,mapped,-23.684341682602255,30.42605714822746,-11.671311714781016,1,0.0,0.0,interior
T099,L,685,T003,61,0,mapped,-23.980780657704738,29.80364934272552,-11.345534533992055,1,0.0,0.0,interior
T099,L,686,T003,62,0,mapped,-24.146221170306525,29.08575302451989,-11.008098429074249,1,0.0,0.0,interior
T099,L,687,T003,63,0,mapped,-24.166822315590622,28.46224388887792,-10.727386360478775,1,0.0,0.0,interior
T099,L,688,T003,64,0,mapped,-24.150821612031137,27.827706583155273,-10.568816688287471,1,0.0,0.0,interior
T099,L,689,T003,65,0,mapped,-24.028836014040067,27.08813197506524,-10.490573294250435,1,0.0,0.0,interior
T099,L,690,T003,66,0,mapped,-23.980115487013215,26.388511572729733,-10.507983608407503,1,0.0,0.0,interior
T099,L,691,T003,67,0,mapped,-23.830690902537725,25.85074373828498,-10.578680634483803,1,0.0,0.0,interior
T099,L,692,T003,68,0,mapped,-23.621768801629813,25.229166052050182,-10.748954912447442,1,0.0,0.0,interior
T099,L,693,T003,69,0,mapped,-23.36186198470842,24.632157215312933,-10.914703436088727,1,0.0,0.0,interior
T099,L,694,T003,70,0,mapped,-23.20816103367158,24.070070533437768,-11.083513885840125,1,0.0,0.0,interior
T099,L,695,T003,71,0,mapped,-22.98946263768998,23.525671697306283,-11.181015482035841,2,1.1102230246251563e-15,5.551115123125784e-16,shared_edge
T099,L,696,T003,72,0,mapped,-15.897684444718847,31.441567504182757,-15.926885446380206,2,0.0,0.0,shared_edge
T099,L,697,T003,73,0,mapped,-16.674331843294638,31.472235506761546,-15.340873918949923,1,0.0,0.0,interior
T099,L,698,T003,74,0,mapped,-17.421300009827178,31.628810067937295,-14.862855779502611,1,0.0,0.0,interior
T099,L,699,T003,75,0,mapped,-18.186331427372355,31.90070607635068,-14.378065618147284,1,0.0,0.0,interior
T099,L,700,T003,76,0,mapped,-18.90128880438514,32.16095398839482,-13.935362483762436,1,0.0,0.0,interior
T099,L,701,T003,77,0,mapped,-19.68816338474913,32.433805794671386,-13.474138064559398,1,0.0,0.0,interior
T099,L,702,T003,78,0,mapped,-20.47971770568298,32.57248610575866,-13.054691451158611,1,0.0,0.0,interior
T099,L,703,T003,79,0,mapped,-21.354322438518757,32.53295707248646,-12.499445840463107,1,0.0,0.0,interior
T099,L,704,T003,80,0,mapped,-21.965990619584037,32.133981928571764,-11.758912470634783,1,0.0,0.0,interior
T099,L,705,T003,81,0,mapped,-22.46041271499154,31.51956689761669,-11.091516569372956,1,0.0,0.0,interior
T099,L,706,T003,82,0,mapped,-22.853761505933747,30.72837131305386,-10.649626072709367,1,0.0,0.0,interior
T099,L,707,T003,83,0,mapped,-22.95831121759289,29.90481050659377,-10.313389020582317,1,0.0,0.0,interior
T099,L,708,T003,84,0,mapped,-23.05105054097143,29.173848557678184,-10.138953691298767,1,0.0,0.0,interior
T099,L,709,T003,85,0,mapped,-23.069511256938167,28.430228250375777,-9.99824760705329,1,0.0,0.0,interior
T099,L,710,T003,86,0,mapped,-23.097742930522593,27.54791258562138,-10.017038177724695,1,0.0,0.0,interior
T099,L,711,T003,87,0,mapped,-23.112474641903688,26.89922635257189,-10.13714029561348,1,0.0,0.0,interior
T099,L,712,T003,88,0,mapped,-23.086609190177363,26.156375011531562,-10.378412726901889,1,0.0,0.0,interior
T099,L,713,T003,89,0,mapped,-22.931308525681658,25.584246641017643,-10.595749799572381,1,0.0,0.0,interior
T099,L,714,T003,90,0,mapped,-22.80696158051582,25.078041508136213,-10.78829115544431,1,0.0,0.0,interior
T099,L,715,T003,91,0,mapped,-22.655462163117576,24.49071045378596,-10.992530032182486,1,0.0,0.0,interior
T099,L,716,T003,92,0,mapped,-22.506466249254593,23.930406675630184,-11.110727875306189,1,0.0,0.0,interior
T099,L,717,T003,93,0,mapped,-22.43332715003342,23.301779807108133,-11.117674599304983,2,0.0,0.0,shared_edge
T099,L,718,T003,94,0,mapped,-15.496359239077103,31.63271045323512,-14.898965308277571,2,0.0,0.0,shared_edge
T099,L,719,T003,95,0,mapped,-16.15466046327875,31.888134308795443,-14.391099014345503,1,0.0,0.0,interior
T099,L,720,T003,96,0,mapped,-16.835512816603746,32.22530029699346,-13.899896112098384,1,0.0,0.0,interior
T099,L,721,T003,97,0,mapped,-17.584541657257688,32.625997663929596,-13.38681225867694,1,0.0,0.0,interior
T099,L,722,T003,98,0,mapped,-18.418463907190343,33.1152532632926,-12.760326815299102,1,0.0,0.0,interior
T099,L,723,T003,99,0,mapped,-19.20487982729673,33.34168301913667,-12.231642621082031,1,0.0,0.0,interior
T099,L,724,T003,100,0,mapped,-19.92412217809271,33.17405144259749,-11.245143687619258,1,0.0,0.0,interior
T099,L,725,T003,101,0,mapped,-20.64409399610365,32.530663733645426,-10.56057011787021,1,0.0,0.0,interior
T099,L,726,T003,102,0,mapped,-21.09707173826301,31.844767967896473,-10.069319439402863,1,0.0,0.0,interior
T099,L,727,T003,103,0,mapped,-21.554802473006017,30.80083818611981,-9.619285837465675,1,0.0,0.0,interior
T099,L,728,T003,104,0,mapped,-21.886212351255793,29.866254435961157,-9.506512406242827,1,0.0,0.0,interior
T099,L,729,T003,105,0,mapped,-22.067377719521147,28.950673522492398,-9.496943798927349,1,0.0,0.0,interior
T099,L,730,T003,106,0,mapped,-22.112070231445312,28.123300213856176,-9.559588678789307,1,0.0,0.0,interior
T099,L,731,T003,107,0,mapped,-22.15031427332376,27.3486482405264,-9.745027990957265,1,0.0,0.0,interior
T099,L,732,T003,108,0,mapped,-22.154770748833535,26.673389936342083,-10.029750313660792,1,0.0,0.0,interior
T099,L,733,T003,109,0,mapped,-22.173301299859155,26.080004347033213,-10.384000318417437,1,0.0,0.0,interior
T099,L,734,T003,110,0,mapped,-22.16412456511795,25.471491269307254,-10.63846521239892,1,0.0,0.0,interior
T099,L,735,T003,111,0,mapped,-22.114556672301013,24.99023606152944,-10.8448408855973,1,0.0,0.0,interior
T099,L,736,T003,112,0,mapped,-21.959361538380385,24.39418147433564,-11.093675795196969,1,0.0,0.0,interior
T099,L,737,T003,113,0,mapped,-21.93338826042374,23.84625310602214,-11.140506114769035,1,0.0,0.0,interior
T099,L,738,T003,114,0,mapped,-21.824337190808706,23.261460011942386,-11.046337833206287,2,5.564421850464315e-15,2.7822109252321576e-15,shared_edge
T099,L,739,T003,115,0,mapped,-14.84424500517759,32.00446434460787,-13.98273312001151,2,0.0,0.0,shared_edge
T099,L,740,T003,116,0,mapped,-15.443018480728085,32.36183957234751,-13.461884017478713,1,0.0,0.0,interior
T099,L,741,T003,117,0,mapped,-16.189482850891938,32.7776217810417,-12.974319713020776,1,0.0,0.0,interior
T099,L,742,T003,118,0,mapped,-16.695852691956883,33.09518984788637,-12.261981349811899,1,0.0,0.0,interior
T099,L,743,T003,119,0,mapped,-17.308737363118425,33.329610956838195,-11.273319546270283,1,0.0,0.0,interior
T099,L,744,T003,120,0,mapped,-18.384025725540845,33.091914940441285,-10.520074905556092,1,0.0,0.0,interior
T099,L,745,T003,121,0,mapped,-19.23383286235455,32.3516538518553,-9.81797786060406,1,0.0,0.0,interior
T099,L,746,T003,122,0,mapped,-19.755899131839264,31.605759146367262,-9.354429640136424,1,0.0,0.0,interior
T099,L,747,T003,123,0,mapped,-20.281120133068132,30.590289199679944,-8.989649991234167,1,0.0,0.0,interior
T099,L,748,T003,124,0,mapped,-20.70082138475538,29.58412707071369,-8.969770314159582,1,0.0,0.0,interior
T099,L,749,T003,125,0,mapped,-20.854118476914778,28.65446187512782,-9.111841975018441,1,0.0,0.0,interior
T099,L,750,T003,126,0,mapped,-21.05445142775912,27.77746315570007,-9.377121817183962,1,0.0,0.0,interior
T099,L,751,T003,127,0,mapped,-21.08965109379208,26.965025188729424,-9.73026575091895,1,0.0,0.0,interior
T099,L,752,T003,128,0,mapped,-21.258875426488245,26.474484800746634,-10.035725973386132,1,0.0,0.0,interior
T099,L,753,T003,129,0,mapped,-21.331230146176736,25.878607918503768,-10.435768383441584,1,0.0,0.0,interior
T099,L,754,T003,130,0,mapped,-21.455098657225527,25.362963570073806,-10.73495235138123,1,0.0,0.0,interior
T099,L,755,T003,131,0,mapped,-21.442289589173043,24.80588446530074,-11.033701764768404,1,0.0,0.0,interior
T099,L,756,T003,132,0,mapped,-21.35370905800532,24.217058531748457,-11.201329824602757,1,0.0,0.0,interior
T099,L,757,T003,133,0,mapped,-21.325404327410098,23.805102306739204,-11.219640977565275,1,0.0,0.0,interior
T099,L,758,T003,134,0,mapped,-21.19939564422083,23.334876272296523,-11.11074708819974,2,2.0350724194510405e-15,1.0175362097255202e-15,shared_edge
T099,L,759,T003,135,0,mapped,-14.112524536668875,32.389059012184916,-13.154008837166822,2,0.0,0.0,shared_edge
T099,L,760,T003,136,0,mapped,-14.672231188727089,32.79356898182604,-12.49436006373062,1,0.0,0.0,interior
T099,L,761,T003,137,0,mapped,-15.328215420525147,33.02064529206886,-11.695401094136725,1,0.0,0.0,interior
T099,L,762,T003,138,0,mapped,-15.974264491626657,33.01778838989891,-10.82643733775846,1,0.0,0.0,interior
T099,L,763,T003,139,0,mapped,-16.802006191960313,32.50019184136907,-10.103373246007983,1,0.0,0.0,interior
T099,L,764,T003,140,0,mapped,-17.608816034087777,31.898973071242168,-9.516622273631587,1,0.0,0.0,interior
T099,L,765,T003,141,0,mapped,-18.26674631022304,31.15031533338504,-9.00117012407746,1,0.0,0.0,interior
T099,L,766,T003,142,0,mapped,-18.899069141344032,30.102751778766965,-8.631006700603578,1,0.0,0.0,interior
T099,L,767,T003,143,0,mapped,-19.287580286612894,29.112501534671985,-8.71845239830806,1,0.0,0.0,interior
T099,L,768,T003,144,0,mapped,-19.589456359651486,28.177499159622453,-8.985071433971573,1,0.0,0.0,interior
T099,L,769,T003,145,0,mapped,-19.940964889682153,27.346038218557702,-9.396495464165982,1,0.0,0.0,interior
T099,L,770,T003,146,0,mapped,-20.198856101907687,26.754407771525692,-9.812960682829285,1,0.0,0.0,interior
T099,L,771,T003,147,0,mapped,-20.451810628774616,26.231882299503713,-10.215230020881993,1,0.0,0.0,interior
T099,L,772,T003,148,0,mapped,-20.626943708034272,25.787211845243206,-10.536384985086183,1,0.0,0.0,interior
T099,L,773,T003,149,0,mapped,-20.723791910812125,25.326411423465007,-10.87071542230219,1,0.0,0.0,interior
T099,L,774,T003,150,0,mapped,-20.68554143826111,24.835253022493447,-11.22537534672015,1,0.0,0.0,interior
T099,L,775,T003,151,0,mapped,-20.76848149248067,24.244312719392394,-11.372151793900851,1,0.0,0.0,interior
T099,L,776,T003,152,0,mapped,-20.71785651151628,23.705730496335775,-11.33722806840032,1,0.0,0.0,interior
T099,L,777,T003,153,0,mapped,-20.57719233545097,23.26222184061523,-11.155422739911838,2,0.0,0.0,shared_edge
T099,L,778,T003,154,0,mapped,-13.370301105487501,32.71056028895594,-12.31871399654229,2,0.0,0.0,shared_edge
T099,L,779,T003,155,0,mapped,-13.996298786321224,32.87309832167651,-11.475773589243044,1,0.0,0.0,interior
T099,L,780,T003,156,0,mapped,-14.696758967525264,32.54028904333646,-10.71808159109061,1,0.0,0.0,interior
T099,L,781,T003,157,0,mapped,-15.51403458178989,31.972227609346366,-10.056942728061681,1,0.0,0.0,interior
T099,L,782,T003,158,0,mapped,-16.227628460199796,31.24537472490664,-9.504420852864726,1,0.0,0.0,interior
T099,L,783,T003,159,0,mapped,-16.854184575409324,30.407643328353352,-8.957891445876964,1,0.0,0.0,interior
T099,L,784,T003,160,0,mapped,-17.508805871335863,29.37805297184645,-8.687042145874056,1,0.0,0.0,interior
T099,L,785,T003,161,0,mapped,-17.93255613825631,28.53910103738243,-8.907821263214728,1,0.0,0.0,interior
T099,L,786,T003,162,0,mapped,-18.421111123439807,27.74323258620094,-9.227423336406986,1,0.0,0.0,interior
T099,L,787,T003,163,0,mapped,-18.931695126775388,27.13070124111078,-9.628969692086216,1,0.0,0.0,interior
T099,L,788,T003,164,0,mapped,-19.32057481821974,26.602143115901406,-10.01072511450573,1,0.0,0.0,interior
T099,L,789,T003,165,0,mapped,-19.581990505823832,26.1565476904679,-10.388603404247977,1,0.0,0.0,interior
T099,L,790,T003,166,0,mapped,-19.792904099122385,25.709159721653883,-10.749680873643587,1,0.0,0.0,interior
T099,L,791,T003,167,0,mapped,-19.91563035192731,25.12348020074972,-11.220452587715336,1,0.0,0.0,interior
T099,L,792,T003,168,0,mapped,-20.05110220009494,24.74119263414248,-11.432477763205856,1,0.0,0.0,interior
T099,L,793,T003,169,0,mapped,-20.19933227098743,24.114301422433677,-11.512941770821435,1,0.0,0.0,interior
T099,L,794,T003,170,0,mapped,-20.016520856224414,23.6349867434836,-11.4667365675532,1,0.0,0.0,interior
T099,L,795,T003,171,0,mapped,-19.976693095325047,23.275097407013334,-11.237826371014474,2,1.9484335006297032e-15,9.742167503148516e-16,shared_edge
T099,L,796,T003,172,0,mapped,-12.754808558151122,32.27993555721617,-11.578867456826067,2,0.0,0.0,shared_edge
T099,L,797,T003,173,0,mapped,-13.51643474329011,31.875458121321383,-10.875203432581632,1,0.0,0.0,interior
T099,L,798,T003,174,0,mapped,-14.243997841220718,31.24552590040403,-10.204371347800667,1,0.0,0.0,interior
T099,L,799,T003,175,0,mapped,-14.977048220308015,30.68833244083798,-9.718415041494225,1,0.0,0.0,interior
T099,L,800,T003,176,0,mapped,-15.456351857503737,29.824188142956462,-9.325235778717964,1,0.0,0.0,interior
T099,L,801,T003,177,0,mapped,-16.26873190794624,28.902731240045515,-9.13539881646643,1,0.0,0.0,interior
T099,L,802,T003,178,0,mapped,-16.96277536307511,28.10838373840265,-9.292011046543724,1,0.0,0.0,interior
T099,L,803,T003,179,0,mapped,-17.514622341206383,27.593535939495393,-9.491224912677207,1,0.0,0.0,interior
T099,L,804,T003,180,0,mapped,-18.050500195261204,26.89308743940083,-10.013497054901569,1,0.0,0.0,interior
T099,L,805,T003,181,0,mapped,-18.463921840215566,26.432803295288007,-10.449615988561664,1,0.0,0.0,interior
T099,L,806,T003,182,0,mapped,-18.84020752809359,26.023785487179797,-10.78680425400219,1,0.0,0.0,interior
T099,L,807,T003,183,0,mapped,-19.13378825877524,25.571887471174975,-11.139490687734725,1,0.0,0.0,interior
T099,L,808,T003,184,0,mapped,-19.443978562372003,25.13819126472656,-11.399716956435206,1,0.0,0.0,interior
T099,L,809,T003,185,0,mapped,-19.536423312788383,24.539029025727405,-11.718112716645498,1,0.0,0.0,interior
T099,L,810,T003,186,0,mapped,-19.66716823690151,24.04242607985983,-11.660420865984666,1,0.0,0.0,interior
T099,L,811,T003,187,0,mapped,-19.460193182346494,23.584298231272356,-11.54689303449086,1,0.0,0.0,interior
T099,L,812,T003,188,0,mapped,-19.350733439218143,23.246706466476596,-11.321636876079697,2,9.930136612989092e-16,4.965068306494546e-16,shared_edge
T099,L,813,T003,189,0,mapped,-12.572892288845335,31.158377203667882,-11.21238246935072,2,0.0,0.0,shared_edge
T099,L,814,T003,190,0,mapped,-13.232245825843968,30.546450136485582,-10.675155743106512,1,0.0,0.0,interior
T099,L,815,T003,191,0,mapped,-14.044167770889537,29.985143084439695,-10.208426301769617,1,0.0,0.0,interior
T099,L,816,T003,192,0,mapped,-14.786862270871653,29.196752853428723,-9.918749955109163,1,0.0,0.0,interior
T099,L,817,T003,193,0,mapped,-15.54761705318544,28.462312530559295,-9.741884970931313,1,0.0,0.0,interior
T099,L,818,T003,194,0,mapped,-16.201420348639566,27.64016806646503,-9.960989963496036,1,0.0,0.0,interior
T099,L,819,T003,195,0,mapped,-16.79100188828446,27.219369023611,-10.128461098625905,1,0.0,0.0,interior
T099,L,820,T003,196,0,mapped,-17.44465560771011,26.754508369829793,-10.43375065055244,1,0.0,0.0,interior
T099,L,821,T003,197,0,mapped,-17.93055295695894,26.273719681930277,-10.92361213462982,1,0.0,0.0,interior
T099,L,822,T003,198,0,mapped,-18.283655401232778,25.912066852589525,-11.272132065990883,1,0.0,0.0,interior
T099,L,823,T003,199,0,mapped,-18.589386406050583,25.406429683490305,-11.638504999280041,1,0.0,0.0,interior
T099,L,824,T003,200,0,mapped,-18.78701779919981,24.9039699963638,-11.874899328749283,1,0.0,0.0,interior
T099,L,825,T003,201,0,mapped,-19.025091530874906,24.334664505362312,-11.890204210475684,1,0.0,0.0,interior
T099,L,826,T003,202,0,mapped,-19.028780423469417,23.88905797383183,-11.85824447402738,1,0.0,0.0,interior
T099,L,827,T003,203,0,mapped,-18.885719467017957,23.44365969484709,-11.70064130587587,1,0.0,0.0,interior
T099,L,828,T003,204,0,mapped,-18.7372180253025,23.11845050084926,-11.401508058492567,2,9.155133597044477e-16,4.577566798522237e-16,shared_edge
T099,L,829,T003,205,0,mapped,-12.646209509315737,29.997268741421784,-11.25753475000902,2,0.0,0.0,shared_edge
T099,L,830,T003,206,0,mapped,-13.437668279022542,29.46718579207289,-10.887422792764177,1,0.0,0.0,interior
T099,L,831,T003,207,0,mapped,-14.301499404575413,28.735875126510166,-10.608813426091803,1,0.0,0.0,interior
T099,L,832,T003,208,0,mapped,-15.05206490773875,27.97094742287121,-10.583857081486222,1,0.0,0.0,interior
T099,L,833,T003,209,0,mapped,-15.655402162957792,27.47002554903577,-10.649403192021147,1,0.0,0.0,interior
T099,L,834,T003,210,0,mapped,-16.332965810306543,26.998038278086952,-10.88619409443129,1,0.0,0.0,interior
T099,L,835,T003,211,0,mapped,-16.992156389068487,26.607353814294093,-11.195276822118762,1,0.0,0.0,interior
T099,L,836,T003,212,0,mapped,-17.544131077927457,26.169890280024568,-11.503551067720542,1,0.0,0.0,interior
T099,L,837,T003,213,0,mapped,-17.961529681015588,25.740109574182704,-11.76831565916541,1,0.0,0.0,interior
T099,L,838,T003,214,0,mapped,-18.16102172682784,25.272977672906553,-12.106745664806088,1,0.0,0.0,interior
T099,L,839,T003,215,0,mapped,-18.450648463334723,24.68767078225735,-12.174545471587077,1,0.0,0.0,interior
T099,L,840,T003,216,0,mapped,-18.46995385839951,24.105634549129,-12.224082582104788,1,0.0,0.0,interior
T099,L,841,T003,217,0,mapped,-18.50261087617496,23.623555365311113,-12.057234142438917,1,0.0,0.0,interior
T099,L,842,T003,218,0,mapped,-18.358729677842994,23.251162706999068,-11.8839717945413,1,0.0,0.0,interior
T099,L,843,T003,219,0,mapped,-18.147711715273047,22.9006509530711,-11.476113230695686,2,2.591841747874025e-15,1.2959208739370125e-15,shared_edge
T099,L,844,T003,220,0,mapped,-12.924225736619503,28.953276307641218,-11.705479464898499,2,0.0,0.0,shared_edge
T099,L,845,T003,221,0,mapped,-13.884177591611197,28.307024824929886,-11.493954017847797,1,0.0,0.0,interior
T099,L,846,T003,222,0,mapped,-14.592698009341081,27.804189415059902,-11.424327409943936,1,0.0,0.0,interior
T099,L,847,T003,223,0,mapped,-15.31445460563087,27.308727003927093,-11.540034462292462,1,0.0,0.0,interior
T099,L,848,T003,224,0,mapped,-15.979674973623352,26.912862571999998,-11.725279378007835,1,0.0,0.0,interior
T099,L,849,T003,225,0,mapped,-16.7035776099631,26.507270848879852,-11.911578538898517,1,0.0,0.0,interior
T099,L,850,T003,226,0,mapped,-17.21007563167611,26.028468410820953,-12.284060463653766,1,0.0,0.0,interior
T099,L,851,T003,227,0,mapped,-17.609700870667616,25.630856750594535,-12.39277282919578,1,0.0,0.0,interior
T099,L,852,T003,228,0,mapped,-17.89878724918659,25.091139752726374,-12.570821890078232,1,0.0,0.0,interior
T099,L,853,T003,229,0,mapped,-18.0878292318367,24.570882558965046,-12.56013790228766,1,0.0,0.0,interior
T099,L,854,T003,230,0,mapped,-18.08077404529115,23.833156842281486,-12.514172435739937,1,0.0,0.0,interior
T099,L,855,T003,231,0,mapped,-18.005942038970012,23.372237935477564,-12.316861937705738,1,0.0,0.0,interior
T099,L,856,T003,232,0,mapped,-17.86424566108434,23.032365612021106,-12.01922907577332,1,0.0,0.0,interior
T099,L,857,T003,233,0,mapped,-17.55234587761016,22.699893067289047,-11.551894683296235,2,2.664535259100376e-15,1.3322676295501878e-15,shared_edge
T099,L,858,T003,234,0,mapped,-13.541014904653075,28.15899969487669,-12.203229640768363,2,0.0,0.0,shared_edge
T099,L,859,T003,235,0,mapped,-14.332908632323822,27.713079142683306,-12.167088996913122,1,0.0,0.0,interior
T099,L,860,T003,236,0,mapped,-15.12218510079844,27.305238877684232,-12.20448576515976,1,0.0,0.0,interior
T099,L,861,T003,237,0,mapped,-15.80098329737683,26.868360566295447,-12.42110339205641,1,0.0,0.0,interior
T099,L,862,T003,238,0,mapped,-16.3900241479615,26.51343454414847,-12.633428496147326,1,0.0,0.0,interior
T099,L,863,T003,239,0,mapped,-16.91342967389402,26.03737664473256,-12.931999138190388,1,0.0,0.0,interior
T099,L,864,T003,240,0,mapped,-17.336837501700135,25.509883267542207,-12.997866535096549,1,0.0,0.0,interior
T099,L,865,T003,241,0,mapped,-17.53043942717775,24.97916117042275,-13.120583595129908,1,0.0,0.0,interior
T099,L,866,T003,242,0,mapped,-17.704374649456035,24.309825483543904,-13.038339010681957,1,0.0,0.0,interior
T099,L,867,T003,243,0,mapped,-17.643523430578966,23.638403649073698,-12.916938971310994,1,0.0,0.0,interior
T099,L,868,T003,244,0,mapped,-17.5094889166291,23.136502103735854,-12.6051928584273,1,0.0,0.0,interior
T099,L,869,T003,245,0,mapped,-17.318347052845386,22.786506270397577,-12.20936723956165,1,0.0,0.0,interior
T099,L,870,T003,246,0,mapped,-16.96931731584761,22.464915865184913,-11.623237818246578,2,0.0,0.0,shared_edge
T099,L,871,T003,247,0,mapped,-14.206437098349788,27.7348011953624,-12.924730213498712,2,8.881784197001252e-16,4.440892098500626e-16,shared_edge
T099,L,872,T003,248,0,mapped,-14.971610905062054,27.277695425555365,-12.916408617347798,1,0.0,0.0,interior
T099,L,873,T003,249,0,mapped,-15.657202013469934,26.88806942613504,-13.090608902038664,1,0.0,0.0,interior
T099,L,874,T003,250,0,mapped,-16.168129539439352,26.514066345668816,-13.376795839043112,1,0.0,0.0,interior
T099,L,875,T003,251,0,mapped,-16.752568645780485,25.946497280281577,-13.507290521781156,1,0.0,0.0,interior
T099,L,876,T003,252,0,mapped,-17.093540188078343,25.361448842116193,-13.61805801809529,1,0.0,0.0,interior
T099,L,877,T003,253,0,mapped,-17.24297430776621,24.70270577918545,-13.704543161231864,1,0.0,0.0,interior
T099,L,878,T003,254,0,mapped,-17.33606403641284,23.954243641108484,-13.50926951308353,1,0.0,0.0,interior
T099,L,879,T003,255,0,mapped,-17.160504491565103,23.365111030863847,-13.34508714732712,1,0.0,0.0,interior
T099,L,880,T003,256,0,mapped,-17.042905939187428,22.893766338707877,-12.842308914845834,1,0.0,0.0,interior
T099,L,881,T003,257,0,mapped,-16.818237158342757,22.58473081801069,-12.420891679269149,1,0.0,0.0,interior
T099,L,882,T003,258,0,mapped,-16.382036569508305,22.242583690919954,-11.699439399308252,2,6.983161618628401e-16,3.4915808093142004e-16,shared_edge
T099,L,883,T003,259,0,mapped,-15.041363387728854,27.269793971653183,-13.505071855830655,2,0.0,0.0,shared_edge
T099,L,884,T003,260,0,mapped,-15.635933330388216,26.886077419224613,-13.672141378135766,1,0.0,0.0,interior
T099,L,885,T003,261,0,mapped,-16.083315058660997,26.497912655367642,-14.038068683381274,1,0.0,0.0,interior
T099,L,886,T003,262,0,mapped,-16.60525901232138,25.87335556372866,-14.079030091064716,1,0.0,0.0,interior
T099,L,887,T003,263,0,mapped,-16.91405168793618,25.13366645217715,-14.182978859192875,1,0.0,0.0,interior
T099,L,888,T003,264,0,mapped,-17.036611772503825,24.3930773973941,-14.078203967522594,1,0.0,0.0,interior
T099,L,889,T003,265,0,mapped,-16.92232856161522,23.679450664586145,-13.942808049677163,1,0.0,0.0,interior
T099,L,890,T003,266,0,mapped,-16.666501238517192,23.058700994281935,-13.608566933293762,1,0.0,0.0,interior
T099,L,891,T003,267,0,mapped,-16.39327520589654,22.601117339139304,-13.089830031078812,1,0.0,0.0,interior
T099,L,892,T003,268,0,mapped,-16.19513109747855,22.28130848065147,-12.544349682792811,1,0.0,0.0,interior
T099,L,893,T003,269,0,mapped,-15.788621141267587,22.037330231892522,-11.774855952869284,2,2.979040983896728e-15,1.489520491948364e-15,shared_edge
T099,L,894,T003,270,0,mapped,-15.649203424333347,26.855263325936505,-14.431788766977405,2,0.0,0.0,shared_edge
T099,L,895,T003,271,0,mapped,-16.15644840653134,26.282342498742857,-14.686258485273497,1,0.0,0.0,interior
T099,L,896,T003,272,0,mapped,-16.505369813802808,25.64975225010349,-14.70941214499987,1,0.0,0.0,interior
T099,L,897,T003,273,0,mapped,-16.61157187769239,24.856912154422645,-14.79277167302467,1,0.0,0.0,interior
T099,L,898,T003,274,0,mapped,-16.614357941574,24.193137619112274,-14.623016865908694,1,0.0,0.0,interior
T099,L,899,T003,275,0,mapped,-16.38966355131462,23.506763758762578,-14.358296862119037,1,0.0,0.0,interior
T099,L,900,T003,276,0,mapped,-16.032522059054724,22.918444830052405,-13.92520259807611,1,0.0,0.0,interior
T099,L,901,T003,277,0,mapped,-15.881962707896498,22.496115587160013,-13.389271397699746,1,0.0,0.0,interior
T099,L,902,T003,278,0,mapped,-15.466601399657876,22.074277104090157,-12.648466115462533,1,0.0,0.0,interior
T099,L,903,T003,279,0,mapped,-15.170124609370852,21.988294870674174,-11.857192277942996,2,0.0,0.0,shared_edge
T099,L,904,T003,280,0,mapped,-16.010924342533308,26.186367141051278,-15.325760435833216,2,0.0,0.0,shared_edge
T099,L,905,T003,281,0,mapped,-16.245014113243606,25.479684327547872,-15.32136496402828,1,0.0,0.0,interior
T099,L,906,T003,282,0,mapped,-16.24614016838481,24.61943498993014,-15.211911161645979,1,0.0,0.0,interior
T099,L,907,T003,283,0,mapped,-16.08674046017531,23.926907660264362,-14.96539825858094,1,0.0,0.0,interior
T099,L,908,T003,284,0,mapped,-15.792198270330411,23.34873064481483,-14.552525742465845,1,0.0,0.0,interior
T099,L,909,T003,285,0,mapped,-15.529970610249126,22.814973180943348,-14.012868856043319,1,0.0,0.0,interior
T099,L,910,T003,286,0,mapped,-15.229342733204335,22.391187034282897,-13.495089038908603,1,0.0,0.0,interior
T099,L,911,T003,287,0,mapped,-14.822622565269743,22.15662887090079,-12.839936389430735,1,0.0,0.0,interior
T099,L,912,T003,288,0,mapped,-14.576832439958515,22.1874013082243,-11.94174459543167,2,2.237726045655905e-15,1.1188630228279524e-15,shared_edge
T099,L,913,T003,289,0,mapped,-15.739691108119125,25.304976355129575,-15.892674982522504,2,0.0,0.0,shared_edge
T099,L,914,T003,290,0,mapped,-15.597140504639151,24.48868147142718,-15.529635026313924,1,0.0,0.0,interior
T099,L,915,T003,291,0,mapped,-15.318046037324137,23.896885191077647,-15.116757106128615,1,0.0,0.0,interior
T099,L,916,T003,292,0,mapped,-15.114401679434222,23.397490455002306,-14.6578587646068,1,0.0,0.0,interior
T099,L,917,T003,293,0,mapped,-14.784456361909843,22.871288475197233,-14.108994727911744,1,0.0,0.0,interior
T099,L,918,T003,294,0,mapped,-14.554085242720038,22.495702650655765,-13.544302826104165,1,0.0,0.0,interior
T099,L,919,T003,295,0,mapped,-14.182520560982995,22.33178411460835,-12.83695363532512,1,0.0,0.0,interior
T099,L,920,T003,296,0,mapped,-13.99190199173885,22.413570029479747,-12.025781302923296,2,2.613744191524948e-15,1.306872095762474e-15,shared_edge
T099,L,921,T003,297,0,mapped,-14.953984366785464,24.570984703350575,-15.641817377131332,2,0.0,0.0,shared_edge
T099,L,922,T003,298,0,mapped,-14.60270921594963,24.002801198302265,-15.14898290811703,1,0.0,0.0,interior
T099,L,923,T003,299,0,mapped,-14.411115819193288,23.477740452057922,-14.579676990620444,1,0.0,0.0,interior
T099,L,924,T003,300,0,mapped,-14.20396015948905,23.01405008865388,-14.040417373305866,1,0.0,0.0,interior
T099,L,925,T003,301,0,mapped,-13.95075948908623,22.72792223530961,-13.520228958634146,1,0.0,0.0,interior
T099,L,926,T003,302,0,mapped,-13.616368377420065,22.61286381522812,-12.829116078873433,1,0.0,0.0,interior
T099,L,927,T003,303,0,mapped,-13.410571595666033,22.648413649293072,-12.109528649273491,2,4.440892098500626e-16,2.220446049250313e-16,shared_edge
T099,L,928,T003,304,0,mapped,-14.055693417398551,24.127773440565573,-15.151969180328875,2,0.0,0.0,shared_edge
T099,L,929,T003,305,0,mapped,-13.797703401293196,23.606926871693553,-14.58855276101617,1,0.0,0.0,interior
T099,L,930,T003,306,0,mapped,-13.702148757797989,23.17570316325083,-14.049191133671231,1,0.0,0.0,interior
T099,L,931,T003,307,0,mapped,-13.361926931507,22.91447650941851,-13.479868900031079,1,0.0,0.0,interior
T099,L,932,T003,308,0,mapped,-13.062811299910127,22.805225049563575,-12.773251835940298,1,0.0,0.0,interior
T099,L,933,T003,309,0,mapped,-12.808747096289594,22.824225562003466,-12.19470487541935,2,6.754648797867557e-16,3.3773243989337783e-16,shared_edge
T099,L,934,T003,310,0,mapped,-13.06265829815618,23.869502642041216,-14.70827724958608,2,0.0,0.0,shared_edge
T099,L,935,T003,311,0,mapped,-13.029382134294798,23.290670150283056,-13.938846417696844,1,0.0,0.0,interior
T099,L,936,T003,312,0,mapped,-12.834632316783921,23.011443012111855,-13.368380205985291,1,0.0,0.0,interior
T099,L,937,T003,313,0,mapped,-12.473537253761213,22.920288245814255,-12.745134462961374,1,0.0,0.0,interior
T099,L,938,T003,314,0,mapped,-12.187706959666507,22.86556776453191,-12.279430008878,2,7.832041159795668e-16,3.916020579897834e-16,shared_edge
T099,L,939,T003,315,0,mapped,-12.514664775429488,23.330148946990846,-13.847994384919927,2,0.0,0.0,shared_edge
T099,L,940,T003,316,0,mapped,-12.212391922265239,23.116737113493027,-13.291731960433331,1,0.0,0.0,interior
T099,L,941,T003,317,0,mapped,-11.895163097831118,22.932930062920914,-12.764354966267812,1,0.0,0.0,interior
T099,L,942,T003,318,0,mapped,-11.590238047085851,22.67919564289349,-12.355820815130532,2,7.385278330912554e-16,3.692639165456277e-16,shared_edge
T099,L,943,T003,319,0,mapped,-11.60551532957394,23.052686313444553,-13.184599279883006,2,0.0,0.0,shared_edge
T099,L,944,T003,320,0,mapped,-11.376863907417128,22.733500458322098,-12.7268677941793,1,0.0,0.0,interior
T099,L,945,T003,321,0,mapped,-11.145675564721557,22.254254344298808,-12.444381089310175,2,6.280369834735102e-16,3.1401849173675503e-16,shared_edge
T099,L,946,T003,322,0,mapped,-10.934521481933084,22.30786567473533,-12.755441443356576,2,0.0,0.0,shared_edge
T099,L,947,T006,25,0,mapped,-10.846596377210833,21.758564489726112,-12.637176395062967,2,0.405410448348199,0.2027052241740995,shared_edge
T099,L,948,T003,324,-1,landmark_vertex,-10.753204298105628,21.135332801079425,-12.63567025254915,4,0.0,0.0,landmark
T099,L,949,T004,26,0,mapped,-16.921831284029285,31.49532519505742,-17.3451842986934,1,0.0,0.0,interior
T099,L,950,T004,27,0,mapped,-16.252563767282545,31.64293916509945,-17.0712772877036,1,0.0,0.0,interior
T099,L,951,T004,28,0,mapped,-15.47208411556602,31.847888954346537,-16.803058619310846,1,0.0,0.0,interior
T099,L,952,T004,29,0,mapped,-14.878294416256642,31.861975439050823,-16.497435024849207,1,0.0,0.0,interior
T099,L,953,T004,30,0,mapped,-14.157710484618933,31.863870260872698,-16.2479379627399,1,0.0,0.0,interior
T099,L,954,T004,31,0,mapped,-13.46469072245095,32.006839238166066,-16.00952222477642,1,0.0,0.0,interior
T099,L,955,T004,32,0,mapped,-12.679781593261067,31.92693715509285,-15.872576677929624,1,0.0,0.0,interior
T099,L,956,T004,33,0,mapped,-11.910723876173888,32.18662697327535,-15.622421954759963,1,0.0,0.0,interior
T099,L,957,T004,34,0,mapped,-11.322315805682083,32.579200785823126,-15.385333166086541,1,0.0,0.0,interior
T099,L,958,T004,35,0,mapped,-10.674096947262688,32.73235990023911,-15.251960852634644,1,0.0,0.0,interior
T099,L,959,T004,36,0,mapped,-10.01966557775636,32.547226272489425,-15.195757169639386,1,0.0,0.0,interior
T099,L,960,T004,37,0,mapped,-9.520636025875095,32.17114102659119,-15.309868431257103,1,0.0,0.0,interior
T099,L,961,T004,38,0,mapped,-9.17166120895228,31.46426482273997,-15.562503165314553,1,0.0,0.0,interior
T099,L,962,T004,39,0,mapped,-9.335950276012122,31.097717662276718,-16.102473371299208,1,0.0,0.0,interior
T099,L,963,T004,40,0,mapped,-9.97006216985886,31.02258691365369,-16.766300716419927,1,0.0,0.0,interior
T099,L,964,T004,41,0,mapped,-10.514350946096169,31.0855094363735,-17.27676701677134,1,0.0,0.0,interior
T099,L,965,T004,42,0,mapped,-11.037374046385997,31.118381835494223,-17.79324301862792,1,0.0,0.0,interior
T099,L,966,T004,43,0,mapped,-11.557070712709512,31.031804027867103,-18.307328090793575,1,0.0,0.0,interior
T099,L,967,T004,44,0,mapped,-12.046740680663795,30.84449243769593,-18.85264362270353,1,0.0,0.0,interior
T099,L,968,T004,45,0,mapped,-12.404668705713755,30.49130471238722,-19.32882934580692,1,0.0,0.0,interior
T099,L,969,T004,46,0,mapped,-12.516330175064065,29.843464454527915,-19.725235856882687,1,0.0,0.0,interior
T099,L,970,T004,47,0,mapped,-12.456458208636878,29.2655450969758,-20.04821975083575,1,0.0,0.0,interior
T099,L,971,T004,48,0,mapped,-11.868483811176002,28.60415999816159,-20.07678267511933,1,0.0,0.0,interior
T099,L,972,T004,50,0,mapped,-15.978118085013413,31.593883526169524,-16.496058710256236,1,0.0,0.0,interior
T099,L,973,T004,51,0,mapped,-15.411882970358578,31.584193709432753,-16.29109709753188,1,0.0,0.0,interior
T099,L,974,T004,52,0,mapped,-14.799860994306076,31.6205007730453,-15.988173990104524,1,0.0,0.0,interior
T099,L,975,T004,53,0,mapped,-14.116628639981974,31.68670201939494,-15.726528114962225,1,0.0,0.0,interior
T099,L,976,T004,54,0,mapped,-13.35741017561622,31.687694776043415,-15.429690214587726,1,0.0,0.0,interior
T099,L,977,T004,55,0,mapped,-12.533244108221048,31.786567228892643,-15.211012425791665,1,0.0,0.0,interior
T099,L,978,T004,56,0,mapped,-11.817204231411006,32.227702053475724,-15.001099799166095,1,0.0,0.0,interior
T099,L,979,T004,57,0,mapped,-11.256808892373476,32.676966198220626,-14.848503117186368,1,0.0,0.0,interior
T099,L,980,T004,58,0,mapped,-10.622260061853142,32.598673291859555,-14.73390530016242,1,0.0,0.0,interior
T099,L,981,T004,59,0,mapped,-9.96410672325126,32.27985397608329,-14.813759366254185,1,0.0,0.0,interior
T099,L,982,T004,60,0,mapped,-9.53001800818973,31.642745375717062,-14.930824335999127,1,0.0,0.0,interior
T099,L,983,T004,61,0,mapped,-9.501039722752319,30.937733000438975,-15.443045188575667,1,0.0,0.0,interior
T099,L,984,T004,62,0,mapped,-9.914331218946351,30.774243197329426,-15.958822646347947,1,0.0,0.0,interior
T099,L,985,T004,63,0,mapped,-10.483050348585824,30.806103719747036,-16.544062361920737,1,0.0,0.0,interior
T099,L,986,T004,64,0,mapped,-11.02837599568399,30.89421733934383,-17.061025443418053,1,0.0,0.0,interior
T099,L,987,T004,65,0,mapped,-11.56541104611378,30.88568866869035,-17.553981167346066,1,0.0,0.0,interior
T099,L,988,T004,66,0,mapped,-12.098041924575872,30.750453862263033,-18.06939336301344,1,0.0,0.0,interior
T099,L,989,T004,67,0,mapped,-12.401532522986646,30.551843646408503,-18.78448031606832,1,0.0,0.0,interior
T099,L,990,T004,68,0,mapped,-12.675963211896722,30.06070399047419,-19.162545825872243,1,0.0,0.0,interior
T099,L,991,T004,69,0,mapped,-12.753989846171084,29.41797839801566,-19.628748486000553,1,0.0,0.0,interior
T099,L,992,T004,70,0,mapped,-12.482102614833028,28.72610069002883,-19.828686123479336,1,0.0,0.0,interior
T099,L,993,T004,71,0,mapped,-11.915052335452648,28.248146252152782,-19.77609911937411,1,0.0,0.0,interior
T099,L,994,T004,73,0,mapped,-15.352597629406933,31.497558711597815,-15.620752928244771,1,0.0,0.0,interior
T099,L,995,T004,74,0,mapped,-14.795562041262599,31.556904282930827,-15.326566383129915,1,0.0,0.0,interior
T099,L,996,T004,75,0,mapped,-14.161564221807971,31.635456939908778,-15.127377916668843,1,0.0,0.0,interior
T099,L,997,T004,76,0,mapped,-13.328498639268442,31.685289341465342,-14.793973416006374,1,0.0,0.0,interior
T099,L,998,T004,77,0,mapped,-12.531572690844879,31.925044259024297,-14.522119986255781,1,0.0,0.0,interior
T099,L,999,T004,78,0,mapped,-11.909395520001834,32.42467589587321,-14.328257911653889,1,0.0,0.0,interior
T099,L,1000,T004,79,0,mapped,-11.288630474753631,32.67001529466356,-14.259780611217657,1,0.0,0.0,interior
T099,L,1001,T004,80,0,mapped,-10.518376063347686,32.37911085882412,-14.269174180125763,1,0.0,0.0,interior
T099,L,1002,T004,81,0,mapped,-10.007001816956894,31.808391045891838,-14.225591481958563,1,0.0,0.0,interior
T099,L,1003,T004,82,0,mapped,-9.737680906361618,31.171336075438603,-14.581808871121211,1,0.0,0.0,interior
T099,L,1004,T004,83,0,mapped,-9.851988973115555,30.58884029591692,-15.177545916369994,1,0.0,0.0,interior
T099,L,1005,T004,84,0,mapped,-10.407174198178417,30.51376902447327,-15.76255389088258,1,0.0,0.0,interior
T099,L,1006,T004,85,0,mapped,-10.98784121139937,30.617856107081863,-16.313113570274226,1,0.0,0.0,interior
T099,L,1007,T004,86,0,mapped,-11.535695780971281,30.705497952663848,-16.827235121085064,1,0.0,0.0,interior
T099,L,1008,T004,87,0,mapped,-12.069143781828052,30.66973998951919,-17.35846113807806,1,0.0,0.0,interior
T099,L,1009,T004,88,0,mapped,-12.53478909814406,30.465746085164476,-17.878031729485606,1,0.0,0.0,interior
T099,L,1010,T004,89,0,mapped,-12.87718384239106,30.104307112548,-18.578648917582473,1,0.0,0.0,interior
T099,L,1011,T004,90,0,mapped,-13.015696986471502,29.47484005707229,-18.985378802229686,1,0.0,0.0,interior
T099,L,1012,T004,91,0,mapped,-12.946773950051261,28.912402728572943,-19.488650827857917,1,0.0,0.0,interior
T099,L,1013,T004,92,0,mapped,-12.421309649584618,28.264203637196402,-19.548303248191097,1,0.0,0.0,interior
T099,L,1014,T004,93,0,mapped,-11.905386301611834,27.911555597740705,-19.46887037006745,1,0.0,0.0,interior
T099,L,1015,T004,95,0,mapped,-14.827801233533195,31.717029466518568,-14.65099806776615,1,0.0,0.0,interior
T099,L,1016,T004,96,0,mapped,-14.139146691540658,31.819050237261564,-14.366117839505005,1,0.0,0.0,interior
T099,L,1017,T004,97,0,mapped,-13.323842337225349,31.877349507289484,-14.111707191284008,1,0.0,0.0,interior
T099,L,1018,T004,98,0,mapped,-12.609680493676912,32.19797970387146,-13.8306908796006,1,0.0,0.0,interior
T099,L,1019,T004,99,0,mapped,-11.918946837725764,32.54011079916691,-13.760272016790998,1,0.0,0.0,interior
T099,L,1020,T004,100,0,mapped,-11.274682251231267,32.5226256690372,-13.640761478602762,1,0.0,0.0,interior
T099,L,1021,T004,101,0,mapped,-10.524661086782542,32.02144028104589,-13.668275787407977,1,0.0,0.0,interior
T099,L,1022,T004,102,0,mapped,-10.11746517914824,31.373767079178844,-13.844867482160538,1,0.0,0.0,interior
T099,L,1023,T004,103,0,mapped,-9.948716494396988,30.700987231372977,-14.346653338591292,1,0.0,0.0,interior
T099,L,1024,T004,104,0,mapped,-10.291334340926808,30.286035300579538,-14.947479552453032,1,0.0,0.0,interior
T099,L,1025,T004,105,0,mapped,-10.885134740432955,30.293788239336784,-15.551337348060041,1,0.0,0.0,interior
T099,L,1026,T004,106,0,mapped,-11.477295420222916,30.436363522827268,-16.074727629280805,1,0.0,0.0,interior
T099,L,1027,T004,107,0,mapped,-12.079286018427247,30.499811533387543,-16.600726837152575,1,0.0,0.0,interior
T099,L,1028,T004,108,0,mapped,-12.54757399733163,30.44347251995884,-17.21394376965494,1,0.0,0.0,interior
T099,L,1029,T004,109,0,mapped,-12.957221622719963,30.202014980439913,-17.83265495948295,1,0.0,0.0,interior
T099,L,1030,T004,110,0,mapped,-13.12725241745972,29.664771895535495,-18.440646336142127,1,0.0,0.0,interior
T099,L,1031,T004,111,0,mapped,-13.196786341952867,29.083406700393393,-18.982601492921695,1,0.0,0.0,interior
T099,L,1032,T004,112,0,mapped,-12.98339079471126,28.426030424783903,-19.32902973743336,1,0.0,0.0,interior
T099,L,1033,T004,113,0,mapped,-12.415060757710435,27.918156062158815,-19.304041357436954,1,0.0,0.0,interior
T099,L,1034,T004,114,0,mapped,-11.82099395006226,27.577785733085772,-19.139884329771196,1,0.0,0.0,interior
T099,L,1035,T004,116,0,mapped,-14.079504781673707,32.14683699993529,-13.595306582723051,1,0.0,0.0,interior
T099,L,1036,T004,117,0,mapped,-13.35117049168343,32.235168500336954,-13.469541573395615,1,0.0,0.0,interior
T099,L,1037,T004,118,0,mapped,-12.675700573942233,32.49043686769535,-13.324450169681597,1,0.0,0.0,interior
T099,L,1038,T004,119,0,mapped,-11.898828365264523,32.65686554782028,-13.181920921682234,1,0.0,0.0,interior
T099,L,1039,T004,120,0,mapped,-11.22450158189938,32.272068208356906,-13.123895945704774,1,0.0,0.0,interior
T099,L,1040,T004,121,0,mapped,-10.715724622747128,31.758971940172614,-13.257624799700123,1,0.0,0.0,interior
T099,L,1041,T004,122,0,mapped,-10.433570058990691,30.872532914706888,-13.558259362810379,1,0.0,0.0,interior
T099,L,1042,T004,123,0,mapped,-10.356935816425919,30.168029628648775,-14.07675576667724,1,0.0,0.0,interior
T099,L,1043,T004,124,0,mapped,-10.772341669695813,29.990309890685495,-14.784661490863305,1,0.0,0.0,interior
T099,L,1044,T004,125,0,mapped,-11.402600533460738,30.092327259497317,-15.351864837462326,1,0.0,0.0,interior
T099,L,1045,T004,126,0,mapped,-12.02227356047133,30.256005446774576,-15.867766097896387,1,0.0,0.0,interior
T099,L,1046,T004,127,0,mapped,-12.6056013592647,30.284307115997883,-16.473525028348885,1,0.0,0.0,interior
T099,L,1047,T004,128,0,mapped,-13.01425613876034,30.18105207821549,-17.146974478790664,1,0.0,0.0,interior
T099,L,1048,T004,129,0,mapped,-13.388670810669996,29.85508275362107,-17.7399976263451,1,0.0,0.0,interior
T099,L,1049,T004,130,0,mapped,-13.414747085081787,29.233747589963922,-18.33981098069334,1,0.0,0.0,interior
T099,L,1050,T004,131,0,mapped,-13.378769284811176,28.578454879153707,-18.96748071719024,1,0.0,0.0,interior
T099,L,1051,T004,132,0,mapped,-13.051534908361726,27.957298686286528,-19.078631805785758,1,0.0,0.0,interior
T099,L,1052,T004,133,0,mapped,-12.35091648783236,27.573191195424698,-19.01728969118019,1,0.0,0.0,interior
T099,L,1053,T004,134,0,mapped,-11.736432368048396,27.252245138495372,-18.802654725697042,1,0.0,0.0,interior
T099,L,1054,T004,136,0,mapped,-13.312172115675063,32.54340781203306,-12.907213132467163,1,0.0,0.0,interior
T099,L,1055,T004,137,0,mapped,-12.618555838860365,32.70496559591468,-12.74090343839571,1,0.0,0.0,interior
T099,L,1056,T004,138,0,mapped,-12.009276707313264,32.468460154918205,-12.511460937816578,1,0.0,0.0,interior
T099,L,1057,T004,139,0,mapped,-11.347579965413447,31.921875893302065,-12.593850716641402,1,0.0,0.0,interior
T099,L,1058,T004,140,0,mapped,-10.891030332868763,31.216102729494448,-12.84898854164879,1,0.0,0.0,interior
T099,L,1059,T004,141,0,mapped,-10.770744981557737,30.4410338330573,-13.278947201324607,1,0.0,0.0,interior
T099,L,1060,T004,142,0,mapped,-10.753833939106125,29.800627256675327,-13.899453260510843,1,0.0,0.0,interior
T099,L,1061,T004,143,0,mapped,-11.238234148466738,29.71015077484427,-14.628147176505689,1,0.0,0.0,interior
T099,L,1062,T004,144,0,mapped,-11.932639080789347,29.890022273470194,-15.136551527509472,1,0.0,0.0,interior
T099,L,1063,T004,145,0,mapped,-12.579869289363169,30.043351966628762,-15.697696458123227,1,0.0,0.0,interior
T099,L,1064,T004,146,0,mapped,-13.094209099046719,30.02572995451217,-16.367862289275756,1,0.0,0.0,interior
T099,L,1065,T004,147,0,mapped,-13.426529531695502,29.862389991406857,-17.093948270507845,1,0.0,0.0,interior
T099,L,1066,T004,148,0,mapped,-13.734643699216711,29.430065463586153,-17.658887086579472,1,0.0,0.0,interior
T099,L,1067,T004,149,0,mapped,-13.783609107738986,28.674074289449933,-18.313821460053884,1,0.0,0.0,interior
T099,L,1068,T004,150,0,mapped,-13.470466647276554,28.056877492611235,-18.803246678315,1,0.0,0.0,interior
T099,L,1069,T004,151,0,mapped,-13.035618815232201,27.49490329968743,-18.770267834571307,1,0.0,0.0,interior
T099,L,1070,T004,152,0,mapped,-12.399616233616834,27.227767841929946,-18.692990708904368,1,0.0,0.0,interior
T099,L,1071,T004,153,0,mapped,-11.651879744451898,26.954527554509447,-18.441777937264913,1,0.0,0.0,interior
T099,L,1072,T004,155,0,mapped,-12.711655437340706,32.64027022614627,-12.122298020968898,1,0.0,0.0,interior
T099,L,1073,T004,156,0,mapped,-12.063983274503428,32.08254934637681,-12.036840498812653,1,0.0,0.0,interior
T099,L,1074,T004,157,0,mapped,-11.614797417197682,31.49010567085519,-12.085411467529834,1,0.0,0.0,interior
T099,L,1075,T004,158,0,mapped,-11.182221275380218,30.670825402372948,-12.481985931798123,1,0.0,0.0,interior
T099,L,1076,T004,159,0,mapped,-11.037136335290771,30.083469820839802,-13.091805197555477,1,0.0,0.0,interior
T099,L,1077,T004,160,0,mapped,-11.297723745890954,29.36961626744444,-13.70259816680384,1,0.0,0.0,interior
T099,L,1078,T004,161,0,mapped,-11.763391554824425,29.44244515132535,-14.380901819355824,1,0.0,0.0,interior
T099,L,1079,T004,162,0,mapped,-12.473477471598537,29.6847970311223,-14.940775007896828,1,0.0,0.0,interior
T099,L,1080,T004,163,0,mapped,-13.06666982863875,29.79154085345831,-15.53935916500255,1,0.0,0.0,interior
T099,L,1081,T004,164,0,mapped,-13.574999425448603,29.685749214936603,-16.227212691213754,1,0.0,0.0,interior
T099,L,1082,T004,165,0,mapped,-13.78183296820743,29.433342004205997,-16.95139145876109,1,0.0,0.0,interior
T099,L,1083,T004,166,0,mapped,-14.035057918483911,28.91609918554543,-17.554785141035907,1,0.0,0.0,interior
T099,L,1084,T004,167,0,mapped,-13.976016493507919,28.211901183331413,-18.24387875781074,1,0.0,0.0,interior
T099,L,1085,T004,168,0,mapped,-13.649562754245139,27.594893619391698,-18.518067987696632,1,0.0,0.0,interior
T099,L,1086,T004,169,0,mapped,-13.001447654876289,27.097645326796982,-18.449444593026588,1,0.0,0.0,interior
T099,L,1087,T004,170,0,mapped,-12.313043014347747,26.82743331813069,-18.277188145872323,1,0.0,0.0,interior
T099,L,1088,T004,171,0,mapped,-11.567654300415848,26.682332902965378,-18.06152734884115,1,0.0,0.0,interior
T099,L,1089,T004,173,0,mapped,-12.24868813840591,31.626074549407626,-11.609066715154992,1,0.0,0.0,interior
T099,L,1090,T004,174,0,mapped,-11.820887157996982,30.962856632355837,-11.827612546722914,1,0.0,0.0,interior
T099,L,1091,T004,175,0,mapped,-11.543480895554946,30.169387497464474,-12.253208693639197,1,0.0,0.0,interior
T099,L,1092,T004,176,0,mapped,-11.590971415801892,29.5312697935257,-12.88361426309925,1,0.0,0.0,interior
T099,L,1093,T004,177,0,mapped,-11.753622605036146,29.072720147466228,-13.637679698170354,1,0.0,0.0,interior
T099,L,1094,T004,178,0,mapped,-12.361866037507196,29.226925522315415,-14.204729296318533,1,0.0,0.0,interior
T099,L,1095,T004,179,0,mapped,-12.976521632529298,29.447298402861616,-14.789863138289094,1,0.0,0.0,interior
T099,L,1096,T004,180,0,mapped,-13.527895824403124,29.455231183007825,-15.426878811906711,1,0.0,0.0,interior
T099,L,1097,T004,181,0,mapped,-13.983645429325811,29.309248467216918,-16.193574882629015,1,0.0,0.0,interior
T099,L,1098,T004,182,0,mapped,-14.166207653704857,28.938640876805,-16.99545572145039,1,0.0,0.0,interior
T099,L,1099,T004,183,0,mapped,-14.282867870950303,28.37817545993674,-17.503953175514926,1,0.0,0.0,interior
T099,L,1100,T004,184,0,mapped,-14.119220794970708,27.71509415304149,-18.157159277729875,1,0.0,0.0,interior
T099,L,1101,T004,185,0,mapped,-13.680927236207859,27.134693647151494,-18.227330555684205,1,0.0,0.0,interior
T099,L,1102,T004,186,0,mapped,-12.900000802866604,26.81444981539934,-18.19795004688144,1,0.0,0.0,interior
T099,L,1103,T004,187,0,mapped,-12.204581437925537,26.389532015943566,-17.799496267678375,1,0.0,0.0,interior
T099,L,1104,T004,188,0,mapped,-11.48293393368927,26.382446190789633,-17.701279895879882,1,0.0,0.0,interior
T099,L,1105,T004,190,0,mapped,-12.146433568960639,30.4670148632922,-11.554562577482844,1,0.0,0.0,interior
T099,L,1106,T004,191,0,mapped,-12.07093009236262,29.761856141407016,-11.957317917184751,1,0.0,0.0,interior
T099,L,1107,T004,192,0,mapped,-12.033317791068702,29.105088394627217,-12.751908864400736,1,0.0,0.0,interior
T099,L,1108,T004,193,0,mapped,-12.2540110988394,28.841231346043816,-13.378023367533455,1,0.0,0.0,interior
T099,L,1109,T004,194,0,mapped,-12.895008391052778,29.003888271161067,-14.039744247221973,1,0.0,0.0,interior
T099,L,1110,T004,195,0,mapped,-13.475065369508338,29.124538113958593,-14.674125751837382,1,0.0,0.0,interior
T099,L,1111,T004,196,0,mapped,-13.958512935747569,29.0461335180454,-15.353594978220103,1,0.0,0.0,interior
T099,L,1112,T004,197,0,mapped,-14.378905343159243,28.842387196949783,-16.139335100853543,1,0.0,0.0,interior
T099,L,1113,T004,198,0,mapped,-14.539956667491188,28.47503519700661,-16.882920909780605,1,0.0,0.0,interior
T099,L,1114,T004,199,0,mapped,-14.506112827492716,27.90022279922602,-17.545976964376763,1,0.0,0.0,interior
T099,L,1115,T004,200,0,mapped,-14.294894004715136,27.267223822653726,-17.924392881507533,1,0.0,0.0,interior
T099,L,1116,T004,201,0,mapped,-13.595608013313974,26.717009378516632,-17.927881771488163,1,0.0,0.0,interior
T099,L,1117,T004,202,0,mapped,-12.971729545795101,26.384686995154805,-17.758552424669343,1,0.0,0.0,interior
T099,L,1118,T004,203,0,mapped,-12.184453954998816,26.15795329615927,-17.537650749203223,1,0.0,0.0,interior
T099,L,1119,T004,204,0,mapped,-11.500602926875642,26.09222437175078,-17.34086661273905,1,0.0,0.0,interior
T099,L,1120,T004,206,0,mapped,-12.412579921004134,29.270422914514675,-11.979102588314213,1,0.0,0.0,interior
T099,L,1121,T004,207,0,mapped,-12.543379430275113,28.814479921097423,-12.556902089885664,1,0.0,0.0,interior
T099,L,1122,T004,208,0,mapped,-12.920476359326704,28.49044173923823,-13.247590243927917,1,0.0,0.0,interior
T099,L,1123,T004,209,0,mapped,-13.323649166177209,28.725312919975664,-13.871988174038298,1,0.0,0.0,interior
T099,L,1124,T004,210,0,mapped,-13.92772012867441,28.700508493866327,-14.604785556953255,1,0.0,0.0,interior
T099,L,1125,T004,211,0,mapped,-14.327790719819607,28.60180928000884,-15.301941663929107,1,0.0,0.0,interior
T099,L,1126,T004,212,0,mapped,-14.642837680774242,28.461524732630043,-16.080723428175784,1,0.0,0.0,interior
T099,L,1127,T004,213,0,mapped,-14.801370377383453,28.023894053536686,-16.820108643051558,1,0.0,0.0,interior
T099,L,1128,T004,214,0,mapped,-14.70244439434308,27.42593600907151,-17.47183478147023,1,0.0,0.0,interior
T099,L,1129,T004,215,0,mapped,-14.221894893765095,26.742320704143786,-17.696976063336876,1,0.0,0.0,interior
T099,L,1130,T004,216,0,mapped,-13.62498390795954,26.371282911314633,-17.614723753340954,1,0.0,0.0,interior
T099,L,1131,T004,217,0,mapped,-12.98196787679696,26.083505223515992,-17.428239207400498,1,0.0,0.0,interior
T099,L,1132,T004,218,0,mapped,-12.204001053389618,25.940947423761436,-17.240922348545702,1,0.0,0.0,interior
T099,L,1133,T004,219,0,mapped,-11.517732384727145,25.80789466820816,-16.966544894547283,1,0.0,0.0,interior
T099,L,1134,T004,221,0,mapped,-13.00061405857749,28.492181431740082,-12.40431903578226,1,0.0,0.0,interior
T099,L,1135,T004,222,0,mapped,-13.302406759173554,28.28019536405493,-13.133604744565798,1,0.0,0.0,interior
T099,L,1136,T004,223,0,mapped,-13.848709345911162,28.334680504905336,-13.82751126837893,1,0.0,0.0,interior
T099,L,1137,T004,224,0,mapped,-14.255226590440465,28.26223239081255,-14.566782758114577,1,0.0,0.0,interior
T099,L,1138,T004,225,0,mapped,-14.672404850402733,28.153901885735603,-15.37889636003659,1,0.0,0.0,interior
T099,L,1139,T004,226,0,mapped,-15.022190589606613,27.853088032048753,-16.096925126817727,1,0.0,0.0,interior
T099,L,1140,T004,227,0,mapped,-15.04441759240671,27.482317433746687,-16.69753063606744,1,0.0,0.0,interior
T099,L,1141,T004,228,0,mapped,-14.831846330323392,26.875100596922586,-17.288833410947298,1,0.0,0.0,interior
T099,L,1142,T004,229,0,mapped,-14.223443353515366,26.307057685302993,-17.36665668741627,1,0.0,0.0,interior
T099,L,1143,T004,230,0,mapped,-13.625015252325554,26.01574620312455,-17.249229814328878,1,0.0,0.0,interior
T099,L,1144,T004,231,0,mapped,-12.773844217116139,25.84013473204979,-17.134173751187543,1,0.0,0.0,interior
T099,L,1145,T004,232,0,mapped,-12.110380357019649,25.642993202766817,-16.78824433329077,1,0.0,0.0,interior
T099,L,1146,T004,233,0,mapped,-11.433089376270658,25.507273677076324,-16.607485547346457,1,0.0,0.0,interior
T099,L,1147,T004,235,0,mapped,-13.74838765570989,28.07112470724813,-13.121865933635974,1,0.0,0.0,interior
T099,L,1148,T004,236,0,mapped,-14.189703781304816,27.98910000071121,-13.831913718234397,1,0.0,0.0,interior
T099,L,1149,T004,237,0,mapped,-14.490976637804788,27.9233403824353,-14.63742215301696,1,0.0,0.0,interior
T099,L,1150,T004,238,0,mapped,-14.884766473398304,27.780481217771936,-15.224070170304355,1,0.0,0.0,interior
T099,L,1151,T004,239,0,mapped,-15.210488777738972,27.419587792735257,-16.03246303517749,1,0.0,0.0,interior
T099,L,1152,T004,240,0,mapped,-15.202734585076218,27.01663494095082,-16.680737642855625,1,0.0,0.0,interior
T099,L,1153,T004,241,0,mapped,-14.80640024777007,26.36946411448264,-17.086934770873476,1,0.0,0.0,interior
T099,L,1154,T004,242,0,mapped,-14.092190569826656,26.040741101954147,-17.185262612063923,1,0.0,0.0,interior
T099,L,1155,T004,243,0,mapped,-13.516353166174717,25.791054446734755,-17.014976942904532,1,0.0,0.0,interior
T099,L,1156,T004,244,0,mapped,-12.74957642199248,25.553415442372053,-16.77020382833226,1,0.0,0.0,interior
T099,L,1157,T004,245,0,mapped,-12.002668992969342,25.404699656801945,-16.482409213640484,1,0.0,0.0,interior
T099,L,1158,T004,246,0,mapped,-11.348650273602727,25.229458725523518,-16.230471816044172,1,0.0,0.0,interior
T099,L,1159,T004,248,0,mapped,-14.485616057750414,27.670960438229233,-13.66856950726729,1,0.0,0.0,interior
T099,L,1160,T004,249,0,mapped,-14.842278433470064,27.47584135489586,-14.422762014403943,1,0.0,0.0,interior
T099,L,1161,T004,250,0,mapped,-15.268629177210281,27.302440011985002,-15.1750921550235,1,0.0,0.0,interior
T099,L,1162,T004,251,0,mapped,-15.397745204086267,27.022731929463497,-16.02245527228654,1,0.0,0.0,interior
T099,L,1163,T004,252,0,mapped,-15.29364219779362,26.507068366947244,-16.6416598831435,1,0.0,0.0,interior
T099,L,1164,T004,253,0,mapped,-14.711463692359528,25.945674597303938,-16.871009012412642,1,0.0,0.0,interior
T099,L,1165,T004,254,0,mapped,-13.945348450722195,25.691052312437208,-16.87858136398417,1,0.0,0.0,interior
T099,L,1166,T004,255,0,mapped,-13.322910013348416,25.41120022632802,-16.61351786783331,1,0.0,0.0,interior
T099,L,1167,T004,256,0,mapped,-12.63482100039693,25.28623578108233,-16.393992605008815,1,0.0,0.0,interior
T099,L,1168,T004,257,0,mapped,-11.945155723172023,25.13184844404244,-16.126904040274034,1,0.0,0.0,interior
T099,L,1169,T004,258,0,mapped,-11.264041516449346,24.931401011593124,-15.869476873521474,1,0.0,0.0,interior
T099,L,1170,T004,260,0,mapped,-15.37250934686047,27.100721646442484,-14.308471699692593,1,0.0,0.0,interior
T099,L,1171,T004,261,0,mapped,-15.56079608460276,26.898346304041713,-15.180548330238555,1,0.0,0.0,interior
T099,L,1172,T004,262,0,mapped,-15.597297762981807,26.550117143236946,-16.00169534740164,1,0.0,0.0,interior
T099,L,1173,T004,263,0,mapped,-15.295809444877198,25.975040449676342,-16.513886314598057,1,0.0,0.0,interior
T099,L,1174,T004,264,0,mapped,-14.59886322240646,25.5414139017888,-16.597186524440026,1,0.0,0.0,interior
T099,L,1175,T004,265,0,mapped,-13.853243315093703,25.289356960657237,-16.465243086233897,1,0.0,0.0,interior
T099,L,1176,T004,266,0,mapped,-13.164544400888957,25.116433048970098,-16.202450560430083,1,0.0,0.0,interior
T099,L,1177,T004,267,0,mapped,-12.438546966750394,25.045868708315957,-16.100491600450805,1,0.0,0.0,interior
T099,L,1178,T004,268,0,mapped,-11.802767695882045,24.88714175095481,-15.803812363200485,1,0.0,0.0,interior
T099,L,1179,T004,269,0,mapped,-11.179413698405945,24.640688691671365,-15.502083229018705,1,0.0,0.0,interior
T099,L,1180,T004,271,0,mapped,-15.827491859196693,26.53619830922051,-15.189572060283385,1,0.0,0.0,interior
T099,L,1181,T004,272,0,mapped,-15.677886698813086,26.040182790497326,-16.09663964071261,1,0.0,0.0,interior
T099,L,1182,T004,273,0,mapped,-15.234564504550677,25.61670621768294,-16.37579802455908,1,0.0,0.0,interior
T099,L,1183,T004,274,0,mapped,-14.493277288047869,25.277516827757537,-16.377236591053524,1,0.0,0.0,interior
T099,L,1184,T004,275,0,mapped,-13.686712348713037,24.995484572962102,-16.09592601732283,1,0.0,0.0,interior
T099,L,1185,T004,276,0,mapped,-13.010066744944808,24.903405718528358,-15.95491286701117,1,0.0,0.0,interior
T099,L,1186,T004,277,0,mapped,-12.362248287012243,24.752760443766174,-15.67979909779592,1,0.0,0.0,interior
T099,L,1187,T004,278,0,mapped,-11.738954173585887,24.643644352468172,-15.504835872057587,1,0.0,0.0,interior
T099,L,1188,T004,279,0,mapped,-11.094708646317443,24.326865806721695,-15.153824271538852,1,0.0,0.0,interior
T099,L,1189,T004,281,0,mapped,-15.64613483183501,25.681443850568954,-16.089329539388277,1,0.0,0.0,interior
T099,L,1190,T004,282,0,mapped,-15.133732217477451,25.161170501182337,-16.125310107455327,1,0.0,0.0,interior
T099,L,1191,T004,283,0,mapped,-14.3410864756645,24.94462059920929,-16.042395534964136,1,0.0,0.0,interior
T099,L,1192,T004,284,0,mapped,-13.627188825283632,24.780520698461885,-15.834112138142645,1,0.0,0.0,interior
T099,L,1193,T004,285,0,mapped,-12.937156927705567,24.6474008116153,-15.620919867414228,1,0.0,0.0,interior
T099,L,1194,T004,286,0,mapped,-12.315187711911594,24.528294005334953,-15.390746756338583,1,0.0,0.0,interior
T099,L,1195,T004,287,0,mapped,-11.605268930981026,24.42378821422206,-15.230610587999083,1,0.0,0.0,interior
T099,L,1196,T004,288,0,mapped,-11.010173885769653,24.002745551518643,-14.815579139664896,1,0.0,0.0,interior
T099,L,1197,T004,290,0,mapped,-15.01881387751975,24.88660619737758,-15.920378357783056,1,0.0,0.0,interior
T099,L,1198,T004,291,0,mapped,-14.275541377140929,24.617233379050145,-15.70267854064889,1,0.0,0.0,interior
T099,L,1199,T004,292,0,mapped,-13.545467363855204,24.5534224119339,-15.571642653758541,1,0.0,0.0,interior
T099,L,1200,T004,293,0,mapped,-12.836629432307724,24.343078178562585,-15.226090811666968,1,0.0,0.0,interior
T099,L,1201,T004,294,0,mapped,-12.203588713892305,24.344535882129087,-15.150313964775211,1,0.0,0.0,interior
T099,L,1202,T004,295,0,mapped,-11.484653852725993,24.00294668243284,-14.704583116843981,1,0.0,0.0,interior
T099,L,1203,T004,296,0,mapped,-10.924090072201235,23.68692679483721,-14.46988081503366,1,0.0,0.0,interior
T099,L,1204,T004,298,0,mapped,-14.229483188773566,24.324919074588774,-15.389903255402414,1,0.0,0.0,interior
T099,L,1205,T004,299,0,mapped,-13.439507995415896,24.32295729866966,-15.281413279422578,1,0.0,0.0,interior
T099,L,1206,T004,300,0,mapped,-12.716067517330506,24.161100599167337,-15.003855201805631,1,0.0,0.0,interior
T099,L,1207,T004,301,0,mapped,-12.12822106193449,23.994524596777776,-14.696668636677334,1,0.0,0.0,interior
T099,L,1208,T004,302,0,mapped,-11.402445992985164,23.703867572364388,-14.358818975051104,1,0.0,0.0,interior
T099,L,1209,T004,303,0,mapped,-10.825090447513187,23.37069400653603,-14.12818379085915,1,0.0,0.0,interior
T099,L,1210,T004,305,0,mapped,-13.258655835646424,23.941337690658514,-14.854168228320066,1,0.0,0.0,interior
T099,L,1211,T004,306,0,mapped,-12.607794313585524,23.960645975523796,-14.741626687707962,1,0.0,0.0,interior
T099,L,1212,T004,307,0,mapped,-12.018418522055109,23.766225627421782,-14.39919789139408,1,0.0,0.0,interior
T099,L,1213,T004,308,0,mapped,-11.300215616977752,23.465803937644008,-14.061286455842284,1,0.0,0.0,interior
T099,L,1214,T004,309,0,mapped,-10.756937616474358,23.033370056817695,-13.8009745921106,1,0.0,0.0,interior
T099,L,1215,T004,311,0,mapped,-12.529292984309121,23.652370690356324,-14.312231502729794,1,0.0,0.0,interior
T099,L,1216,T004,312,0,mapped,-11.911802934624362,23.499770990106146,-14.017734421404374,1,0.0,0.0,interior
T099,L,1217,T004,313,0,mapped,-11.174955289002176,23.16554608988932,-13.640421355224436,1,0.0,0.0,interior
T099,L,1218,T004,314,0,mapped,-10.674832316325649,22.715934470813643,-13.458369127695647,1,0.0,0.0,interior
T099,L,1219,T004,316,0,mapped,-11.689223814549255,23.259408051170773,-13.613579220707658,1,0.0,0.0,interior
T099,L,1220,T004,317,0,mapped,-11.054359913357432,22.902698092971175,-13.364310478750523,1,0.0,0.0,interior
T099,L,1221,T004,318,0,mapped,-10.620923001543698,22.35296650543188,-13.156958984150378,1,0.0,0.0,interior
T099,L,1222,T004,320,0,mapped,-10.969423218323945,22.64185590108836,-13.062729182276108,1,0.0,0.0,interior
T099,L,1223,T004,321,0,mapped,-10.703536878806965,21.958479719954003,-12.913041445796786,1,0.0,0.0,interior
T099,L,1224,T004,323,0,mapped,-10.761398297183952,21.581691646623995,-12.692930581874975,1,0.0,0.0,interior
T099,L,1225,T005,1,0,mapped,-18.998078125101692,31.19870627211543,-18.483927330901356,1,0.0,0.0,interior
T099,L,1226,T005,2,0,mapped,-19.582305290119287,31.123738948487514,-18.831524678086573,1,0.0,0.0,interior
T099,L,1227,T005,3,0,mapped,-20.160970161778167,30.96333081869057,-19.057769200494473,1,0.0,0.0,interior
T099,L,1228,T005,4,0,mapped,-20.7517874840957,30.63355097652312,-18.995978089117983,1,0.0,0.0,interior
T099,L,1229,T005,5,0,mapped,-21.317399437827866,30.413488019424364,-19.29042053698568,1,0.0,0.0,interior
T099,L,1230,T005,6,0,mapped,-21.856507763616257,30.17957387550368,-19.539224110648536,1,0.0,0.0,interior
T099,L,1231,T005,7,0,mapped,-22.37495467716135,29.883488276096944,-19.7632645670494,1,0.0,0.0,interior
T099,L,1232,T005,8,0,mapped,-22.917064937646064,29.526450069516397,-19.976256984251524,1,0.0,0.0,interior
T099,L,1233,T005,9,0,mapped,-23.438509227615892,29.09961800461262,-20.026698085662243,1,0.0,0.0,interior
T099,L,1234,T005,10,0,mapped,-23.914740185349842,28.64488406679754,-20.113745444651734,1,0.0,0.0,interior
T099,L,1235,T005,11,0,mapped,-24.318966185970883,28.21782074843884,-20.332606442757843,1,0.0,0.0,interior
T099,L,1236,T005,12,0,mapped,-24.66456726244108,27.756035793753036,-20.59805038714093,1,0.0,0.0,interior
T099,L,1237,T005,13,0,mapped,-24.982614237401556,27.218707063923528,-20.74484077989054,1,0.0,0.0,interior
T099,L,1238,T005,14,0,mapped,-25.259525521278192,26.653287443862236,-20.859565592366543,1,0.0,0.0,interior
T099,L,1239,T005,15,0,mapped,-25.488678265349147,26.098490905117632,-21.098214955000632,1,0.0,0.0,interior
T099,L,1240,T005,16,0,mapped,-25.658851559357664,25.53810908833986,-21.435337121446093,1,0.0,0.0,interior
T099,L,1241,T005,17,0,mapped,-25.770251029133547,24.966130507970764,-21.77134570466783,1,0.0,0.0,interior
T099,L,1242,T005,18,0,mapped,-25.87018651156798,24.457728051964654,-22.215059918657634,1,0.0,0.0,interior
T099,L,1243,T005,19,0,mapped,-25.961279058303823,23.811707786957992,-22.35245173861613,1,0.0,0.0,interior
T099,L,1244,T005,20,0,mapped,-26.024033827630397,23.16240218411669,-22.482515307578844,1,0.0,0.0,interior
T099,L,1245,T005,21,0,mapped,-26.080848658988707,22.494570880685007,-22.50837083502625,1,0.0,0.0,interior
T099,L,1246,T005,22,0,mapped,-26.097122306371055,21.811034194550295,-22.490703871553166,1,0.0,0.0,interior
T099,L,1247,T005,23,0,mapped,-26.051907339659955,21.128504187244864,-22.481355603418834,1,0.0,0.0,interior
T099,L,1248,T009,324,-1,landmark_vertex,-26.08854935611997,20.465289895507006,-22.542594176216717,4,0.0,0.0,landmark
T099,L,1249,T005,26,0,mapped,-19.567983141706407,30.840989986169678,-18.316932762087937,1,0.0,0.0,interior
T099,L,1250,T005,27,0,mapped,-20.1571634868722,30.751203394736315,-18.611020551859642,1,0.0,0.0,interior
T099,L,1251,T005,28,0,mapped,-20.762171017939405,30.514743060849476,-18.685727069403377,1,0.0,0.0,interior
T099,L,1252,T005,29,0,mapped,-21.269725613155956,30.321488254094263,-18.869078351227888,1,0.0,0.0,interior
T099,L,1253,T005,30,0,mapped,-21.802194951671993,30.088540541103562,-19.05887952271949,1,0.0,0.0,interior
T099,L,1254,T005,31,0,mapped,-22.31155244920521,29.776385546143374,-19.15047406214643,1,0.0,0.0,interior
T099,L,1255,T005,32,0,mapped,-22.82441865098262,29.453570086559736,-19.322316681112277,1,0.0,0.0,interior
T099,L,1256,T005,33,0,mapped,-23.367190780961625,29.04836972199724,-19.44203197353893,1,0.0,0.0,interior
T099,L,1257,T005,34,0,mapped,-23.853577859608052,28.61640701708346,-19.60738223536875,1,0.0,0.0,interior
T099,L,1258,T005,35,0,mapped,-24.196252354557608,28.286797705966833,-19.747574163780154,1,0.0,0.0,interior
T099,L,1259,T005,36,0,mapped,-24.614052483661343,27.78783403621222,-19.98606122067709,1,0.0,0.0,interior
T099,L,1260,T005,37,0,mapped,-24.928297135093256,27.287978450624472,-20.188728551323223,1,0.0,0.0,interior
T099,L,1261,T005,38,0,mapped,-25.20605227677295,26.8120663951331,-20.276058373835802,1,0.0,0.0,interior
T099,L,1262,T005,39,0,mapped,-25.475944630463946,26.244454925306037,-20.440523799361564,1,0.0,0.0,interior
T099,L,1263,T005,40,0,mapped,-25.675162332803843,25.656489564313794,-20.746800732675755,1,0.0,0.0,interior
T099,L,1264,T005,41,0,mapped,-25.80823666720951,25.078447963434737,-21.019946521167213,1,0.0,0.0,interior
T099,L,1265,T005,42,0,mapped,-25.831515475073942,24.487007496068948,-21.344860572380135,1,0.0,0.0,interior
T099,L,1266,T005,43,0,mapped,-25.86162296993274,23.803528504376768,-21.6775278038085,1,0.0,0.0,interior
T099,L,1267,T005,44,0,mapped,-25.906636499082417,23.23944349189743,-21.816381340848736,1,0.0,0.0,interior
T099,L,1268,T005,45,0,mapped,-25.942357660099653,22.498091856322546,-21.94195348573771,1,0.0,0.0,interior
T099,L,1269,T005,46,0,mapped,-25.91381085173211,22.012387464351328,-21.976064779681746,1,0.0,0.0,interior
T099,L,1270,T005,47,0,mapped,-25.849581631097557,21.295346934960524,-22.02280133997888,1,0.0,0.0,interior
T099,L,1271,T005,48,0,mapped,-25.770476213500075,20.506420265067877,-22.012857142638893,2,2.8435583831733384e-15,1.4217791915866692e-15,shared_edge
T099,L,1272,T005,50,0,mapped,-20.158847276961275,30.648662414608197,-18.218717887268596,1,0.0,0.0,interior
T099,L,1273,T005,51,0,mapped,-20.74443162435159,30.472274934591564,-18.365914282592872,1,0.0,0.0,interior
T099,L,1274,T005,52,0,mapped,-21.185649879287247,30.30031581146598,-18.4105003657902,1,0.0,0.0,interior
T099,L,1275,T005,53,0,mapped,-21.725018171044734,30.05432903764791,-18.61656247921359,1,0.0,0.0,interior
T099,L,1276,T005,54,0,mapped,-22.253210868186283,29.759149419165954,-18.776968377326476,1,0.0,0.0,interior
T099,L,1277,T005,55,0,mapped,-22.83275519154862,29.387344427749575,-18.876602257033976,1,0.0,0.0,interior
T099,L,1278,T005,56,0,mapped,-23.291842725731907,29.060956967522674,-18.935170416528923,1,0.0,0.0,interior
T099,L,1279,T005,57,0,mapped,-23.79647978089373,28.62294078455562,-19.06949026181387,1,0.0,0.0,interior
T099,L,1280,T005,58,0,mapped,-24.08858104490244,28.36895969957115,-19.252053606352277,1,0.0,0.0,interior
T099,L,1281,T005,59,0,mapped,-24.545355141899197,27.86821442917918,-19.44341505950545,1,0.0,0.0,interior
T099,L,1282,T005,60,0,mapped,-24.90207636455105,27.373363851463026,-19.573689020498016,1,0.0,0.0,interior
T099,L,1283,T005,61,0,mapped,-25.17215288808263,26.9323336643547,-19.795188936695546,1,0.0,0.0,interior
T099,L,1284,T005,62,0,mapped,-25.448713904630864,26.42047900480083,-20.01237170473763,1,0.0,0.0,interior
T099,L,1285,T005,63,0,mapped,-25.73840565290586,25.744042074318262,-20.17745759777128,1,0.0,0.0,interior
T099,L,1286,T005,64,0,mapped,-25.83569213024495,25.232299646283145,-20.414219110751244,1,0.0,0.0,interior
T099,L,1287,T005,65,0,mapped,-25.89467929008951,24.59231791851777,-20.748597711811488,1,0.0,0.0,interior
T099,L,1288,T005,66,0,mapped,-25.877284648372452,24.024253211370294,-20.982291959179904,1,0.0,0.0,interior
T099,L,1289,T005,67,0,mapped,-25.906757355127965,23.35124372702492,-21.157922093639108,1,0.0,0.0,interior
T099,L,1290,T005,68,0,mapped,-25.879317300059263,22.77606450328269,-21.355765581530125,1,0.0,0.0,interior
T099,L,1291,T005,69,0,mapped,-25.863542493226614,22.165104708086453,-21.546328350468716,1,0.0,0.0,interior
T099,L,1292,T005,70,0,mapped,-25.772869445776486,21.622131640149007,-21.49333659198319,1,0.0,0.0,interior
T099,L,1293,T005,71,0,mapped,-25.663585159802274,20.878458316735003,-21.565260283572876,2,9.485749680535094e-16,4.742874840267547e-16,shared_edge
T099,L,1294,T005,73,0,mapped,-20.63641052031292,30.493146467153213,-17.997611983687158,1,0.0,0.0,interior
T099,L,1295,T005,74,0,mapped,-21.154658411930093,30.290353679416093,-18.051004027058227,1,0.0,0.0,interior
T099,L,1296,T005,75,0,mapped,-21.676431238960422,30.03378395492829,-18.13306434836903,1,0.0,0.0,interior
T099,L,1297,T005,76,0,mapped,-22.152428137452674,29.75687134445483,-18.26701061082492,1,0.0,0.0,interior
T099,L,1298,T005,77,0,mapped,-22.60583316409126,29.495357708476014,-18.355171661523098,1,0.0,0.0,interior
T099,L,1299,T005,78,0,mapped,-23.223595547896586,29.08392404122769,-18.430927307602204,1,0.0,0.0,interior
T099,L,1300,T005,79,0,mapped,-23.655921143122555,28.718264680216855,-18.553035807095398,1,0.0,0.0,interior
T099,L,1301,T005,80,0,mapped,-24.044994413093757,28.36254057747891,-18.789609930005113,1,0.0,0.0,interior
T099,L,1302,T005,81,0,mapped,-24.485544366371848,27.937894149511415,-18.9337512265366,1,0.0,0.0,interior
T099,L,1303,T005,82,0,mapped,-24.845313923092142,27.5056208675448,-19.159970392712907,1,0.0,0.0,interior
T099,L,1304,T005,83,0,mapped,-25.194843960201396,27.0136501363019,-19.25118786042935,1,0.0,0.0,interior
T099,L,1305,T005,84,0,mapped,-25.441356822161026,26.577212480183267,-19.430021081776793,1,0.0,0.0,interior
T099,L,1306,T005,85,0,mapped,-25.734975637025915,26.004800901915708,-19.640665123036328,1,0.0,0.0,interior
T099,L,1307,T005,86,0,mapped,-25.916666779184247,25.390187413425394,-19.8876406464368,1,0.0,0.0,interior
T099,L,1308,T005,87,0,mapped,-25.99652046097044,24.81326219718387,-20.14650705028145,1,0.0,0.0,interior
T099,L,1309,T005,88,0,mapped,-26.01921500448139,24.225870050044296,-20.35459696736801,1,0.0,0.0,interior
T099,L,1310,T005,89,0,mapped,-25.975928091932733,23.63358497183343,-20.53790567044757,1,0.0,0.0,interior
T099,L,1311,T005,90,0,mapped,-25.975121395128422,22.95299105493702,-20.72206520023814,1,0.0,0.0,interior
T099,L,1312,T005,91,0,mapped,-25.90217067612274,22.3706928684423,-20.9510652826512,1,0.0,0.0,interior
T099,L,1313,T005,92,0,mapped,-25.761352007312,21.638199275372724,-21.00875724246775,1,0.0,0.0,interior
T099,L,1314,T005,93,0,mapped,-25.646112633993475,21.131769128929644,-21.046644513260578,2,8.881784197001252e-16,4.440892098500626e-16,shared_edge
T099,L,1315,T005,95,0,mapped,-21.098761316799493,30.326684398548068,-17.65853003587634,1,0.0,0.0,interior
T099,L,1316,T005,96,0,mapped,-21.611770220843425,30.067138428956255,-17.673221179002883,1,0.0,0.0,interior
T099,L,1317,T005,97,0,mapped,-22.06063786636223,29.79149001790706,-17.845800941687394,1,0.0,0.0,interior
T099,L,1318,T005,98,0,mapped,-22.584675032166977,29.50244007903407,-17.856390631934282,1,0.0,0.0,interior
T099,L,1319,T005,99,0,mapped,-23.042245367694505,29.231424737614752,-17.977658176972593,1,0.0,0.0,interior
T099,L,1320,T005,100,0,mapped,-23.51972255001838,28.85538674778286,-18.037050906349855,1,0.0,0.0,interior
T099,L,1321,T005,101,0,mapped,-23.93867819508622,28.440302251858736,-18.245589215481722,1,0.0,0.0,interior
T099,L,1322,T005,102,0,mapped,-24.393874311351457,28.02815036775416,-18.42009542324162,1,0.0,0.0,interior
T099,L,1323,T005,103,0,mapped,-24.742404846689624,27.667176533039456,-18.64417275912113,1,0.0,0.0,interior
T099,L,1324,T005,104,0,mapped,-25.08837391449005,27.267621510624473,-18.808349869238633,1,0.0,0.0,interior
T099,L,1325,T005,105,0,mapped,-25.491170481363266,26.657047009055113,-18.932346420441867,1,0.0,0.0,interior
T099,L,1326,T005,106,0,mapped,-25.74000399440603,26.168482753757125,-19.158270783760653,1,0.0,0.0,interior
T099,L,1327,T005,107,0,mapped,-26.023981116183087,25.5272299820466,-19.314298646584064,1,0.0,0.0,interior
T099,L,1328,T005,108,0,mapped,-26.117429601984828,24.933726029993853,-19.611423331081298,1,0.0,0.0,interior
T099,L,1329,T005,109,0,mapped,-26.17996514552575,24.30029164825161,-19.77149048869069,1,0.0,0.0,interior
T099,L,1330,T005,110,0,mapped,-26.155804440646982,23.68146027828859,-19.976668191459762,1,0.0,0.0,interior
T099,L,1331,T005,111,0,mapped,-26.11249239845106,23.05545283115746,-20.121810237855044,1,0.0,0.0,interior
T099,L,1332,T005,112,0,mapped,-26.02754624370255,22.419799375166537,-20.311863078729058,1,0.0,0.0,interior
T099,L,1333,T005,113,0,mapped,-25.864014512526058,21.781581397224656,-20.396742246232613,1,0.0,0.0,interior
T099,L,1334,T005,114,0,mapped,-25.71242911024513,21.25154737416856,-20.454335173877563,2,2.5441811944299605e-15,1.2720905972149802e-15,shared_edge
T099,L,1335,T005,116,0,mapped,-21.605954530138646,30.09622101778785,-17.20509487831194,1,0.0,0.0,interior
T099,L,1336,T005,117,0,mapped,-22.092115376221294,29.795571916835872,-17.358130692180424,1,0.0,0.0,interior
T099,L,1337,T005,118,0,mapped,-22.512944029599872,29.55217588866609,-17.421237352373435,1,0.0,0.0,interior
T099,L,1338,T005,119,0,mapped,-22.94537177657768,29.30001459193037,-17.503409248202047,1,0.0,0.0,interior
T099,L,1339,T005,120,0,mapped,-23.423255913150836,28.94768606596241,-17.61895487268013,1,0.0,0.0,interior
T099,L,1340,T005,121,0,mapped,-23.901728792846924,28.533089395610553,-17.745231868961007,1,0.0,0.0,interior
T099,L,1341,T005,122,0,mapped,-24.230972121784106,28.17533390517896,-17.921329925842677,1,0.0,0.0,interior
T099,L,1342,T005,123,0,mapped,-24.703527123609284,27.75744762180979,-18.058702339866745,1,0.0,0.0,interior
T099,L,1343,T005,124,0,mapped,-25.104410528102086,27.29308662612309,-18.4664150858863,1,0.0,0.0,interior
T099,L,1344,T005,125,0,mapped,-25.483371535635396,26.817977596833007,-18.522683952778465,1,0.0,0.0,interior
T099,L,1345,T005,126,0,mapped,-25.834676066816108,26.258487283007504,-18.55602542541382,1,0.0,0.0,interior
T099,L,1346,T005,127,0,mapped,-26.106003610142352,25.704327675837845,-18.761546720935264,1,0.0,0.0,interior
T099,L,1347,T005,128,0,mapped,-26.29268061991111,25.076450355969367,-18.984822503205095,1,0.0,0.0,interior
T099,L,1348,T005,129,0,mapped,-26.34506136649524,24.44846213411085,-19.24297725066676,1,0.0,0.0,interior
T099,L,1349,T005,130,0,mapped,-26.357582267767356,23.81212335810976,-19.430074326271754,1,0.0,0.0,interior
T099,L,1350,T005,131,0,mapped,-26.36371991715651,23.218226616119523,-19.444810898631786,1,0.0,0.0,interior
T099,L,1351,T005,132,0,mapped,-26.245301381277336,22.568420860154934,-19.63412167942406,1,0.0,0.0,interior
T099,L,1352,T005,133,0,mapped,-26.071367489250946,21.896989496768914,-19.760325523236816,1,0.0,0.0,interior
T099,L,1353,T005,134,0,mapped,-25.845214678171242,21.317561719717872,-19.86247298924726,2,5.404587991934811e-15,2.702293995967405e-15,shared_edge
T099,L,1354,T005,136,0,mapped,-22.083081766056477,29.83776702650114,-16.802538332048446,1,0.0,0.0,interior
T099,L,1355,T005,137,0,mapped,-22.485847139635425,29.599540306308974,-16.92568020547009,1,0.0,0.0,interior
T099,L,1356,T005,138,0,mapped,-22.927551720517542,29.35139893139135,-17.018617598878965,1,0.0,0.0,interior
T099,L,1357,T005,139,0,mapped,-23.399412227777194,29.054319922477664,-17.120280393460337,1,0.0,0.0,interior
T099,L,1358,T005,140,0,mapped,-23.817596414558317,28.691320758732985,-17.22226012760727,1,0.0,0.0,interior
T099,L,1359,T005,141,0,mapped,-24.18055396786231,28.31885641734454,-17.365355354214095,1,0.0,0.0,interior
T099,L,1360,T005,142,0,mapped,-24.583003819647132,27.913683037909696,-17.61539813533696,1,0.0,0.0,interior
T099,L,1361,T005,143,0,mapped,-25.031568397505573,27.477848598642755,-17.86716760489644,1,0.0,0.0,interior
T099,L,1362,T005,144,0,mapped,-25.459145660765216,26.983578674203056,-18.012875289680185,1,0.0,0.0,interior
T099,L,1363,T005,145,0,mapped,-25.859094869483226,26.449438908487885,-18.074677236783767,1,0.0,0.0,interior
T099,L,1364,T005,146,0,mapped,-26.1447403217718,25.894200960569492,-18.269541462180655,1,0.0,0.0,interior
T099,L,1365,T005,147,0,mapped,-26.415837217733273,25.21831622658136,-18.49533299098987,1,0.0,0.0,interior
T099,L,1366,T005,148,0,mapped,-26.52143237214721,24.60213826918777,-18.76003376961995,1,0.0,0.0,interior
T099,L,1367,T005,149,0,mapped,-26.591207771094915,23.955272051405597,-18.901323308823255,1,0.0,0.0,interior
T099,L,1368,T005,150,0,mapped,-26.58564464112467,23.30279183107125,-18.99773584204831,1,0.0,0.0,interior
T099,L,1369,T005,151,0,mapped,-26.491890333315666,22.624020299769047,-19.031025893405904,1,0.0,0.0,interior
T099,L,1370,T005,152,0,mapped,-26.289592774360216,21.985854564073083,-19.23820180893979,1,0.0,0.0,interior
T099,L,1371,T005,153,0,mapped,-26.065208911479566,21.295471982492014,-19.278709572168836,2,0.0,0.0,shared_edge
T099,L,1372,T005,155,0,mapped,-22.510562348059796,29.65657393385962,-16.428746802938594,1,0.0,0.0,interior
T099,L,1373,T005,156,0,mapped,-22.958373848557194,29.446653476486638,-16.52991942585609,1,0.0,0.0,interior
T099,L,1374,T005,157,0,mapped,-23.459301171763286,29.136823479375614,-16.602723151780943,1,0.0,0.0,interior
T099,L,1375,T005,158,0,mapped,-23.81185691242826,28.82252783304592,-16.69389318810326,1,0.0,0.0,interior
T099,L,1376,T005,159,0,mapped,-24.217004432650818,28.37666047755533,-16.871590725910842,1,0.0,0.0,interior
T099,L,1377,T005,160,0,mapped,-24.59544098307044,27.966522556081422,-17.095304446316558,1,0.0,0.0,interior
T099,L,1378,T005,161,0,mapped,-24.976349201189475,27.642683055476073,-17.291868762874948,1,0.0,0.0,interior
T099,L,1379,T005,162,0,mapped,-25.462037164641494,27.13715178002633,-17.48381817213813,1,0.0,0.0,interior
T099,L,1380,T005,163,0,mapped,-25.86800452937266,26.59328360303766,-17.677055580199564,1,0.0,0.0,interior
T099,L,1381,T005,164,0,mapped,-26.18652797434389,26.03434207151268,-17.769485287466573,1,0.0,0.0,interior
T099,L,1382,T005,165,0,mapped,-26.49439984558457,25.45719179277961,-17.936362038733126,1,0.0,0.0,interior
T099,L,1383,T005,166,0,mapped,-26.660856586620206,24.844575500846442,-18.247855573331126,1,0.0,0.0,interior
T099,L,1384,T005,167,0,mapped,-26.77870027975623,24.143802510236753,-18.445568791734612,1,0.0,0.0,interior
T099,L,1385,T005,168,0,mapped,-26.813546015439794,23.450850647118035,-18.547016432841797,1,0.0,0.0,interior
T099,L,1386,T005,169,0,mapped,-26.815099857924825,22.754621723227018,-18.495984693515577,1,0.0,0.0,interior
T099,L,1387,T005,170,0,mapped,-26.59282393249112,22.047823721157435,-18.68319835238899,1,0.0,0.0,interior
T099,L,1388,T005,171,0,mapped,-26.34635722578603,21.469941430974615,-18.809479768708997,2,1.4002130849932114e-15,7.001065424966057e-16,shared_edge
T099,L,1389,T005,173,0,mapped,-22.99413220331849,29.522597249726807,-16.047873102443976,1,0.0,0.0,interior
T099,L,1390,T005,174,0,mapped,-23.384775811534173,29.266980214291785,-16.131912700310124,1,0.0,0.0,interior
T099,L,1391,T005,175,0,mapped,-23.838193272804162,28.903380505542927,-16.277238696963316,1,0.0,0.0,interior
T099,L,1392,T005,176,0,mapped,-24.187148617917092,28.552552384666253,-16.354177768279808,1,0.0,0.0,interior
T099,L,1393,T005,177,0,mapped,-24.549961920529086,28.132521811420556,-16.49292645042929,1,0.0,0.0,interior
T099,L,1394,T005,178,0,mapped,-24.986762205571303,27.761029536000315,-16.734942570955983,1,0.0,0.0,interior
T099,L,1395,T005,179,0,mapped,-25.53063859903917,27.248596970518065,-16.955433098678906,1,0.0,0.0,interior
T099,L,1396,T005,180,0,mapped,-25.88985336434564,26.788667702369803,-17.11515803850023,1,0.0,0.0,interior
T099,L,1397,T005,181,0,mapped,-26.22860298539729,26.190347735925567,-17.33195665911079,1,0.0,0.0,interior
T099,L,1398,T005,182,0,mapped,-26.553610864567318,25.587688346444434,-17.451490021762776,1,0.0,0.0,interior
T099,L,1399,T005,183,0,mapped,-26.894205960714356,24.911132103261473,-17.65837186215737,1,0.0,0.0,interior
T099,L,1400,T005,184,0,mapped,-26.970172968048367,24.324852332908097,-17.961504591401628,1,0.0,0.0,interior
T099,L,1401,T005,185,0,mapped,-27.045335914802784,23.59785130160493,-18.05057600643377,1,0.0,0.0,interior
T099,L,1402,T005,186,0,mapped,-27.105480582780594,22.9272427618934,-17.96761304918762,1,0.0,0.0,interior
T099,L,1403,T005,187,0,mapped,-26.908011705833616,22.15633793648632,-18.146468289001476,1,0.0,0.0,interior
T099,L,1404,T005,188,0,mapped,-26.68007753529499,21.632071348172005,-18.31263968084187,2,2.094764613337708e-15,1.047382306668854e-15,shared_edge
T099,L,1405,T005,190,0,mapped,-23.47889294911957,29.437361981150907,-15.569123473471224,1,0.0,0.0,interior
T099,L,1406,T005,191,0,mapped,-23.910331971931228,29.04769160779682,-15.753236319368408,1,0.0,0.0,interior
T099,L,1407,T005,192,0,mapped,-24.281837611103818,28.669802049225897,-15.895682984467987,1,0.0,0.0,interior
T099,L,1408,T005,193,0,mapped,-24.641530734787395,28.33898763737735,-15.965799521016178,1,0.0,0.0,interior
T099,L,1409,T005,194,0,mapped,-25.039067624535598,27.8959033115878,-16.191337111069597,1,0.0,0.0,interior
T099,L,1410,T005,195,0,mapped,-25.54904132759085,27.405914668250148,-16.44259120089245,1,0.0,0.0,interior
T099,L,1411,T005,196,0,mapped,-25.961917736977693,26.939806474860543,-16.555391543640592,1,0.0,0.0,interior
T099,L,1412,T005,197,0,mapped,-26.340040793000462,26.313112187717778,-16.715883779639405,1,0.0,0.0,interior
T099,L,1413,T005,198,0,mapped,-26.64887860295415,25.736131935422975,-16.880381041388414,1,0.0,0.0,interior
T099,L,1414,T005,199,0,mapped,-27.006772828411354,25.089014944314012,-17.086455775188238,1,0.0,0.0,interior
T099,L,1415,T005,200,0,mapped,-27.20434239330021,24.40537986654318,-17.409985774596358,1,0.0,0.0,interior
T099,L,1416,T005,201,0,mapped,-27.25332618855456,23.707412768757077,-17.578213258711635,1,0.0,0.0,interior
T099,L,1417,T005,202,0,mapped,-27.29397268886413,23.023415793939844,-17.61336936758338,1,0.0,0.0,interior
T099,L,1418,T005,203,0,mapped,-27.215180458927662,22.313184651246264,-17.62022665721669,1,0.0,0.0,interior
T099,L,1419,T005,204,0,mapped,-26.990457800145755,21.59901343510313,-17.771850341894506,2,0.0,0.0,shared_edge
T099,L,1420,T005,206,0,mapped,-23.964655408333485,29.296881337699737,-15.176284503413962,1,0.0,0.0,interior
T099,L,1421,T005,207,0,mapped,-24.34981635996443,28.904253729356103,-15.316473476354778,1,0.0,0.0,interior
T099,L,1422,T005,208,0,mapped,-24.79159757183571,28.433133319836898,-15.505191805770545,1,0.0,0.0,interior
T099,L,1423,T005,209,0,mapped,-25.093645641206194,28.04051084946054,-15.702954510653637,1,0.0,0.0,interior
T099,L,1424,T005,210,0,mapped,-25.576591036037165,27.612103720461395,-15.809851861653671,1,0.0,0.0,interior
T099,L,1425,T005,211,0,mapped,-25.974323275826745,27.137954892508635,-15.946974248302931,1,0.0,0.0,interior
T099,L,1426,T005,212,0,mapped,-26.367916468943804,26.49980319591022,-16.25429491157113,1,0.0,0.0,interior
T099,L,1427,T005,213,0,mapped,-26.663277860199806,25.92937124987784,-16.440198571542332,1,0.0,0.0,interior
T099,L,1428,T005,214,0,mapped,-27.072800638104283,25.25198909508375,-16.652414182992718,1,0.0,0.0,interior
T099,L,1429,T005,215,0,mapped,-27.36838381821709,24.584301273819108,-16.832536229675362,1,0.0,0.0,interior
T099,L,1430,T005,216,0,mapped,-27.483279383281918,23.846641629350746,-17.073719356126723,1,0.0,0.0,interior
T099,L,1431,T005,217,0,mapped,-27.495056460024475,23.18245433433556,-17.15562410437201,1,0.0,0.0,interior
T099,L,1432,T005,218,0,mapped,-27.502591305090313,22.45801486923931,-17.07792648423677,1,0.0,0.0,interior
T099,L,1433,T005,219,0,mapped,-27.268976175586708,21.569836352902016,-17.2137527653114,2,3.5427249768480108e-15,1.7713624884240054e-15,shared_edge
T099,L,1434,T005,221,0,mapped,-24.40337416811196,29.105363209729827,-14.758824097499035,1,0.0,0.0,interior
T099,L,1435,T005,222,0,mapped,-24.78141575161692,28.68710050231104,-14.940350127799828,1,0.0,0.0,interior
T099,L,1436,T005,223,0,mapped,-25.179833769986473,28.19571590326126,-15.14307610345823,1,0.0,0.0,interior
T099,L,1437,T005,224,0,mapped,-25.57420656478901,27.735469788057493,-15.331993910763616,1,0.0,0.0,interior
T099,L,1438,T005,225,0,mapped,-26.00286051635045,27.259436808719123,-15.50101199537149,1,0.0,0.0,interior
T099,L,1439,T005,226,0,mapped,-26.349565359346172,26.772832805527656,-15.71527878634404,1,0.0,0.0,interior
T099,L,1440,T005,227,0,mapped,-26.759380356245387,26.078248851232527,-15.859859002312767,1,0.0,0.0,interior
T099,L,1441,T005,228,0,mapped,-27.093094226390775,25.500715074085534,-16.087788872548344,1,0.0,0.0,interior
T099,L,1442,T005,229,0,mapped,-27.44062282077875,24.874050959858234,-16.23589010821971,1,0.0,0.0,interior
T099,L,1443,T005,230,0,mapped,-27.68275758328866,24.0301853676754,-16.463856799105145,1,0.0,0.0,interior
T099,L,1444,T005,231,0,mapped,-27.731592020073812,23.21207062392408,-16.62002893129271,1,0.0,0.0,interior
T099,L,1445,T005,232,0,mapped,-27.71297944535378,22.589646224307696,-16.63020090352757,1,0.0,0.0,interior
T099,L,1446,T005,233,0,mapped,-27.563499815531898,21.709134138692185,-16.692044373230118,2,1.2560739669470201e-15,6.280369834735102e-16,shared_edge
T099,L,1447,T005,235,0,mapped,-24.777530572384563,28.849436951390686,-14.491616964134806,1,0.0,0.0,interior
T099,L,1448,T005,236,0,mapped,-25.24822638649158,28.31914267860646,-14.637949148333865,1,0.0,0.0,interior
T099,L,1449,T005,237,0,mapped,-25.611830879273036,27.858115386088222,-14.837384550104984,1,0.0,0.0,interior
T099,L,1450,T005,238,0,mapped,-26.009641315758174,27.386751991334467,-15.04795200478172,1,0.0,0.0,interior
T099,L,1451,T005,239,0,mapped,-26.410603562422004,26.867191156561788,-15.139439018615032,1,0.0,0.0,interior
T099,L,1452,T005,240,0,mapped,-26.746910651243947,26.311144366743175,-15.310606786733258,1,0.0,0.0,interior
T099,L,1453,T005,241,0,mapped,-27.110760697683325,25.6930939661992,-15.497284437241394,1,0.0,0.0,interior
T099,L,1454,T005,242,0,mapped,-27.517562537711687,25.05747819917317,-15.609203152337823,1,0.0,0.0,interior
T099,L,1455,T005,243,0,mapped,-27.7906647177563,24.290228671621755,-15.76077239414655,1,0.0,0.0,interior
T099,L,1456,T005,244,0,mapped,-27.8826895298253,23.379366638594593,-16.01241032175802,1,0.0,0.0,interior
T099,L,1457,T005,245,0,mapped,-27.849386914018687,22.619927457804394,-16.147055883413245,1,0.0,0.0,interior
T099,L,1458,T005,246,0,mapped,-27.783297187524866,21.918714383473173,-16.188310352244567,2,0.0,0.0,shared_edge
T099,L,1459,T005,248,0,mapped,-25.1968762693736,28.506822481714323,-14.104434555069078,1,0.0,0.0,interior
T099,L,1460,T005,249,0,mapped,-25.616215471524185,27.971018909322048,-14.333270889511127,1,0.0,0.0,interior
T099,L,1461,T005,250,0,mapped,-26.001334072837885,27.540685742199607,-14.439648347131966,1,0.0,0.0,interior
T099,L,1462,T005,251,0,mapped,-26.396772650328998,26.970747609030237,-14.825978115802554,1,0.0,0.0,interior
T099,L,1463,T005,252,0,mapped,-26.771464440004557,26.420313021198076,-14.775950607197048,1,0.0,0.0,interior
T099,L,1464,T005,253,0,mapped,-27.099663317720147,25.855683150920804,-14.987313194129015,1,0.0,0.0,interior
T099,L,1465,T005,254,0,mapped,-27.565215625347527,25.174060562620873,-15.000349534756356,1,0.0,0.0,interior
T099,L,1466,T005,255,0,mapped,-27.863690347392794,24.494416454769596,-15.074505979026146,1,0.0,0.0,interior
T099,L,1467,T005,256,0,mapped,-27.956217642383777,23.61701181577675,-15.276943834204799,1,0.0,0.0,interior
T099,L,1468,T005,257,0,mapped,-27.970494193785555,22.837022048328695,-15.53013451354271,1,0.0,0.0,interior
T099,L,1469,T005,258,0,mapped,-27.921036824502544,21.906512484211028,-15.579427382995002,2,2.132668787380004e-15,1.066334393690002e-15,shared_edge
T099,L,1470,T005,260,0,mapped,-25.53365825061907,28.14963625000711,-13.772159822247524,1,0.0,0.0,interior
T099,L,1471,T005,261,0,mapped,-25.98055911669678,27.598012411957985,-14.031448138298206,1,0.0,0.0,interior
T099,L,1472,T005,262,0,mapped,-26.35029435663776,27.14298796618956,-14.224145663496863,1,0.0,0.0,interior
T099,L,1473,T005,263,0,mapped,-26.77775408736196,26.521493003621845,-14.191949729889958,1,0.0,0.0,interior
T099,L,1474,T005,264,0,mapped,-27.099591012025208,26.00840217050227,-14.368710220913423,1,0.0,0.0,interior
T099,L,1475,T005,265,0,mapped,-27.47646049375981,25.37186227074205,-14.43817010653153,1,0.0,0.0,interior
T099,L,1476,T005,266,0,mapped,-27.83615277397378,24.66697108145064,-14.4300686502663,1,0.0,0.0,interior
T099,L,1477,T005,267,0,mapped,-28.002059420171406,23.885970748782086,-14.674061070798821,1,0.0,0.0,interior
T099,L,1478,T005,268,0,mapped,-27.983271937262387,22.993872234590288,-14.897812107580105,1,0.0,0.0,interior
T099,L,1479,T005,269,0,mapped,-27.987226861575476,22.201062673668584,-15.081453524855835,2,8.005932084973442e-16,4.002966042486721e-16,shared_edge
T099,L,1480,T005,271,0,mapped,-25.869703697741507,27.759279204368582,-13.392868161343557,1,0.0,0.0,interior
T099,L,1481,T005,272,0,mapped,-26.256372032493935,27.26542401143839,-13.549738455655906,1,0.0,0.0,interior
T099,L,1482,T005,273,0,mapped,-26.635538579729975,26.743901988332706,-13.566876120287834,1,0.0,0.0,interior
T099,L,1483,T005,274,0,mapped,-26.965203924566712,26.09949280352815,-13.6089324689849,1,0.0,0.0,interior
T099,L,1484,T005,275,0,mapped,-27.419245664605505,25.40051554133991,-13.769164541326008,1,0.0,0.0,interior
T099,L,1485,T005,276,0,mapped,-27.744793623954838,24.759057329069847,-13.949974485957396,1,0.0,0.0,interior
T099,L,1486,T005,277,0,mapped,-27.903744662851302,23.989289815439186,-14.057559229614156,1,0.0,0.0,interior
T099,L,1487,T005,278,0,mapped,-27.946596870789342,23.17609498802657,-14.22608911356294,1,0.0,0.0,interior
T099,L,1488,T005,279,0,mapped,-27.916459326162734,22.31701945698651,-14.507279468222809,2,0.0,0.0,shared_edge
T099,L,1489,T005,281,0,mapped,-26.137519113323982,27.332694162991743,-12.91586729128717,1,0.0,0.0,interior
T099,L,1490,T005,282,0,mapped,-26.41365289390601,26.92823594811223,-12.941638512413032,1,0.0,0.0,interior
T099,L,1491,T005,283,0,mapped,-26.80689406187396,26.231556145454157,-13.052871305544608,1,0.0,0.0,interior
T099,L,1492,T005,284,0,mapped,-27.163772832176583,25.615700997056035,-13.143377375444523,1,0.0,0.0,interior
T099,L,1493,T005,285,0,mapped,-27.53297636668627,24.820943862194603,-13.300345169090619,1,0.0,0.0,interior
T099,L,1494,T005,286,0,mapped,-27.7180473799035,23.970442759412816,-13.503801136796978,1,0.0,0.0,interior
T099,L,1495,T005,287,0,mapped,-27.687914570675854,23.22514375074269,-13.69375928849597,1,0.0,0.0,interior
T099,L,1496,T005,288,0,mapped,-27.746151002272548,22.3411416948906,-13.909882872984252,2,2.9126167305426402e-15,1.4563083652713201e-15,shared_edge
T099,L,1497,T005,290,0,mapped,-26.255016797053276,26.923184015388372,-12.48877686915114,1,0.0,0.0,interior
T099,L,1498,T005,291,0,mapped,-26.536148595745885,26.34299531341935,-12.482924323614068,1,0.0,0.0,interior
T099,L,1499,T005,292,0,mapped,-26.822663052805325,25.70890428260999,-12.646468032233035,1,0.0,0.0,interior
T099,L,1500,T005,293,0,mapped,-27.110329847606312,24.9542467195777,-12.72621675611958,1,0.0,0.0,interior
T099,L,1501,T005,294,0,mapped,-27.27440122059772,24.105111348602456,-12.885791605563705,1,0.0,0.0,interior
T099,L,1502,T005,295,0,mapped,-27.42534971416386,23.382602059775195,-13.192312360898,1,0.0,0.0,interior
T099,L,1503,T005,296,0,mapped,-27.39733898496157,22.385797575703002,-13.39610624180054,2,4.525520857162617e-15,2.2627604285813082e-15,shared_edge
T099,L,1504,T005,298,0,mapped,-26.155079288477758,26.3516397104178,-11.948566083489077,1,0.0,0.0,interior
T099,L,1505,T005,299,0,mapped,-26.42924862345299,25.739943212409266,-12.108053057044557,1,0.0,0.0,interior
T099,L,1506,T005,300,0,mapped,-26.740993960619072,25.03167876315229,-12.301116105472326,1,0.0,0.0,interior
T099,L,1507,T005,301,0,mapped,-26.962252421215418,24.20331893091354,-12.582599743112349,1,0.0,0.0,interior
T099,L,1508,T005,302,0,mapped,-26.918809095892513,23.311042712901966,-12.703257703011971,1,0.0,0.0,interior
T099,L,1509,T005,303,0,mapped,-27.044509760134467,22.63151827083512,-13.00276254145307,2,3.8007914079648956e-15,1.9003957039824478e-15,shared_edge
T099,L,1510,T005,305,0,mapped,-26.02178341377649,25.745128018346204,-11.71386301770065,1,0.0,0.0,interior
T099,L,1511,T005,306,0,mapped,-26.296883973543977,25.218814543008836,-11.892321822731759,1,0.0,0.0,interior
T099,L,1512,T005,307,0,mapped,-26.520405431088967,24.211557563747593,-12.131488616038254,1,0.0,0.0,interior
T099,L,1513,T005,308,0,mapped,-26.541539389230216,23.475235950129715,-12.361406287356374,1,0.0,0.0,interior
T099,L,1514,T005,309,0,mapped,-26.558439220725134,22.691542811961995,-12.616120637053042,2,2.010699415441723e-15,1.0053497077208614e-15,shared_edge
T099,L,1515,T005,311,0,mapped,-25.756665308289076,25.31805600620915,-11.516799617781524,1,0.0,0.0,interior
T099,L,1516,T005,312,0,mapped,-26.014096801316704,24.48111556895701,-11.796887916351675,1,0.0,0.0,interior
T099,L,1517,T005,313,0,mapped,-26.049482319008263,23.618304897563217,-12.055092484903225,1,0.0,0.0,interior
T099,L,1518,T005,314,0,mapped,-26.01795605912401,22.796110188447916,-12.330791144800525,2,5.7902148899581444e-15,2.8951074449790722e-15,shared_edge
T099,L,1519,T005,316,0,mapped,-25.460044573384657,24.673215250082258,-11.437131093818184,1,0.0,0.0,interior
T099,L,1520,T005,317,0,mapped,-25.575064097385294,23.903040498194105,-11.696701345634706,1,0.0,0.0,interior
T099,L,1521,T005,318,0,mapped,-25.54778427137111,23.016386172763855,-12.015110416633677,2,1.831026719408895e-15,9.155133597044477e-16,shared_edge
T099,L,1522,T005,320,0,mapped,-25.04234569770065,24.087205618268793,-11.423523868563588,1,0.0,0.0,interior
T099,L,1523,T005,321,0,mapped,-25.051299052709805,23.220318287991613,-11.721138419975794,2,1.790180836524724e-15,8.95090418262362e-16,shared_edge
T099,L,1524,T005,323,0,mapped,-24.640989690253264,23.564598479066966,-11.500621519466506,2,1.7763568394002505e-15,8.881784197001252e-16,shared_edge
T099,L,1525,T006,1,0,mapped,-10.924325694213346,21.40866470217143,-12.378692762329646,2,0.0,0.0,shared_edge
T099,L,1526,T006,2,0,mapped,-11.156271705972964,21.809236596650244,-12.125272143836039,2,0.0,0.0,shared_edge
T099,L,1527,T006,3,0,mapped,-11.428603924192839,22.11390199280909,-11.851302795573861,2,0.0,0.0,shared_edge
T099,L,1528,T006,4,0,mapped,-11.699240056902132,22.384811980535794,-11.550977774746709,2,1.1102230246251563e-16,5.551115123125783e-17,shared_edge
T099,L,1529,T006,5,0,mapped,-11.989276931685996,22.6429261438125,-11.291848477148623,2,1.1102230246251563e-16,5.551115123125783e-17,shared_edge
T099,L,1530,T006,6,0,mapped,-12.391619394978935,22.865672706797756,-11.038830785569264,2,0.0,0.0,shared_edge
T099,L,1531,T006,7,0,mapped,-12.801594178328516,22.95386035528621,-10.779741303701892,2,0.0,0.0,shared_edge
T099,L,1532,T006,8,0,mapped,-13.221022826091698,22.935545465913425,-10.526698332933893,2,0.0,0.0,shared_edge
T099,L,1533,T006,9,0,mapped,-13.711355810817501,22.814666675224505,-10.40457694653362,2,0.0,0.0,shared_edge
T099,L,1534,T006,10,0,mapped,-14.111414114354574,22.756674992800328,-10.082177734337002,2,0.0,0.0,shared_edge
T099,L,1535,T006,11,0,mapped,-14.505950942622277,22.626267061708777,-9.77285145351864,2,0.0,0.0,shared_edge
T099,L,1536,T006,12,0,mapped,-14.973663147474294,22.469306447952604,-9.627715963226526,2,0.0,0.0,shared_edge
T099,L,1537,T006,13,0,mapped,-15.409636551388719,22.362329465249005,-9.410989945133547,2,0.0,0.0,shared_edge
T099,L,1538,T006,14,0,mapped,-15.916596789343057,22.231136433893194,-9.339622514626658,2,8.881784197001252e-16,4.440892098500626e-16,shared_edge
T099,L,1539,T006,15,0,mapped,-16.434267803930215,22.152297124498766,-9.267994998087765,2,0.0,0.0,shared_edge
T099,L,1540,T006,16,0,mapped,-16.86639081735605,22.106091178530992,-9.044146360827966,2,0.0,0.0,shared_edge
T099,L,1541,T006,17,0,mapped,-17.34191006357542,22.1127456698021,-8.891487689009978,2,0.0,0.0,shared_edge
T099,L,1542,T006,18,0,mapped,-17.675824481256253,22.108778795257937,-8.493913453115578,2,1.7763568394002505e-15,8.881784197001252e-16,shared_edge
T099,L,1543,T006,19,0,mapped,-18.128354471497765,22.105451054399268,-8.294090717532956,2,0.0,0.0,shared_edge
T099,L,1544,T006,20,0,mapped,-18.581387586093793,22.053571881682128,-8.046875690247473,2,0.0,0.0,shared_edge
T099,L,1545,T006,21,0,mapped,-19.09614542011621,21.99341006385622,-7.947436646680058,2,0.0,0.0,shared_edge
T099,L,1546,T006,22,0,mapped,-19.61214976904627,21.931434288917472,-7.863273222914307,2,1.9860273225978185e-15,9.930136612989092e-16,shared_edge
T099,L,1547,T006,23,0,mapped,-20.113311797107375,21.819254684996267,-7.754774033229534,2,8.881784197001252e-16,4.440892098500626e-16,shared_edge
T099,L,1548,T006,24,0,mapped,-20.503148180889784,21.682827122437168,-7.4972270919301565,4,0.0,0.0,landmark
T099,L,1549,T006,26,0,mapped,-11.142435833205692,22.038384256884452,-12.307909982030877,1,0.0,0.0,interior
T099,L,1550,T006,27,0,mapped,-11.430787294175454,22.263933326326057,-12.013376573082947,1,0.0,0.0,interior
T099,L,1551,T006,28,0,mapped,-11.698713154787777,22.522084501394914,-11.744543967247788,1,0.0,0.0,interior
T099,L,1552,T006,29,0,mapped,-12.161590422038614,22.78398337032585,-11.386592106028523,1,0.0,0.0,interior
T099,L,1553,T006,30,0,mapped,-12.571492560910702,22.922059986027065,-11.158965166565583,1,0.0,0.0,interior
T099,L,1554,T006,31,0,mapped,-13.020807109325288,22.933706287016296,-11.032803684491437,1,0.0,0.0,interior
T099,L,1555,T006,32,0,mapped,-13.437126425005125,22.827602711634377,-10.794334158924915,1,0.0,0.0,interior
T099,L,1556,T006,33,0,mapped,-13.858959844055333,22.655350348239764,-10.552210091273194,1,0.0,0.0,interior
T099,L,1557,T006,34,0,mapped,-14.283058633538607,22.6046649775426,-10.237175484035603,1,0.0,0.0,interior
T099,L,1558,T006,35,0,mapped,-14.65869721636906,22.49615268004823,-9.996558083201986,1,0.0,0.0,interior
T099,L,1559,T006,36,0,mapped,-15.12913202440177,22.35732037035505,-9.805542431469313,1,0.0,0.0,interior
T099,L,1560,T006,37,0,mapped,-15.543297872671724,22.267331400257937,-9.630668019893934,1,0.0,0.0,interior
T099,L,1561,T006,38,0,mapped,-16.037346948022872,22.202374375912115,-9.553349461261215,1,0.0,0.0,interior
T099,L,1562,T006,39,0,mapped,-16.594416865654118,22.159376313489116,-9.443252190173645,1,0.0,0.0,interior
T099,L,1563,T006,40,0,mapped,-16.985468684224138,22.142831584350752,-9.210170274063664,1,0.0,0.0,interior
T099,L,1564,T006,41,0,mapped,-17.42642305062754,22.131402011131673,-8.996626649708025,1,0.0,0.0,interior
T099,L,1565,T006,42,0,mapped,-17.856690303255235,22.143855984060803,-8.753267084646478,1,0.0,0.0,interior
T099,L,1566,T006,43,0,mapped,-18.320490701821736,22.130996300573848,-8.47157531407736,1,0.0,0.0,interior
T099,L,1567,T006,44,0,mapped,-18.779941785970266,22.071979538446232,-8.23759295113828,1,0.0,0.0,interior
T099,L,1568,T006,45,0,mapped,-19.228556970517268,22.034061764657636,-8.072656275792625,1,0.0,0.0,interior
T099,L,1569,T006,46,0,mapped,-19.75061125196277,21.96242806264674,-7.966216153757092,1,0.0,0.0,interior
T099,L,1570,T006,47,0,mapped,-20.203619278473745,21.863761653024238,-7.901948548513647,1,0.0,0.0,interior
T099,L,1571,T006,48,0,mapped,-20.72421757681873,21.723068189818765,-7.660840476466486,2,0.0,0.0,shared_edge
T099,L,1572,T006,50,0,mapped,-11.509503585749396,22.54676496593328,-12.14725241141031,1,0.0,0.0,interior
T099,L,1573,T006,51,0,mapped,-11.86234920250627,22.738061647955483,-11.897568763841743,1,0.0,0.0,interior
T099,L,1574,T006,52,0,mapped,-12.349524541677969,22.838193805297596,-11.618502274039368,1,0.0,0.0,interior
T099,L,1575,T006,53,0,mapped,-12.775978132969488,22.908069650667915,-11.448983273792788,1,0.0,0.0,interior
T099,L,1576,T006,54,0,mapped,-13.20471106339279,22.840682823347386,-11.195146292020414,1,0.0,0.0,interior
T099,L,1577,T006,55,0,mapped,-13.57124597848161,22.678411045476174,-10.94785887096851,1,0.0,0.0,interior
T099,L,1578,T006,56,0,mapped,-13.988297036509364,22.557117676526712,-10.695988443722651,1,0.0,0.0,interior
T099,L,1579,T006,57,0,mapped,-14.4428317636772,22.54431030071406,-10.411940914924035,1,0.0,0.0,interior
T099,L,1580,T006,58,0,mapped,-14.82030114119247,22.41155749490627,-10.171168762550984,1,0.0,0.0,interior
T099,L,1581,T006,59,0,mapped,-15.198842621784626,22.293947797106892,-9.975773817649213,1,0.0,0.0,interior
T099,L,1582,T006,60,0,mapped,-15.682711240707295,22.21340318825293,-9.77616918980474,1,0.0,0.0,interior
T099,L,1583,T006,61,0,mapped,-16.23267750898357,22.1950171359533,-9.787896978818708,1,0.0,0.0,interior
T099,L,1584,T006,62,0,mapped,-16.674751765822467,22.172317317483095,-9.558352320894098,1,0.0,0.0,interior
T099,L,1585,T006,63,0,mapped,-17.116776990736476,22.181640024680032,-9.364242724969166,1,0.0,0.0,interior
T099,L,1586,T006,64,0,mapped,-17.600217674409055,22.16716293208305,-9.07647320100467,1,0.0,0.0,interior
T099,L,1587,T006,65,0,mapped,-18.006281920422182,22.190281649113224,-8.916855842741032,1,0.0,0.0,interior
T099,L,1588,T006,66,0,mapped,-18.433147277518326,22.154830647029915,-8.635472534792317,1,0.0,0.0,interior
T099,L,1589,T006,67,0,mapped,-18.883893384008246,22.104403717230163,-8.421577548120986,1,0.0,0.0,interior
T099,L,1590,T006,68,0,mapped,-19.4131085627284,22.070279912363823,-8.294777952581931,1,0.0,0.0,interior
T099,L,1591,T006,69,0,mapped,-19.897588598081647,21.982198264363447,-8.095524953718124,1,0.0,0.0,interior
T099,L,1592,T006,70,0,mapped,-20.27421221821309,21.87413851226626,-7.943523402514343,1,0.0,0.0,interior
T099,L,1593,T006,71,0,mapped,-20.946156287739203,21.729821254007234,-7.827873975126101,2,1.9891280697202825e-15,9.945640348601413e-16,shared_edge
T099,L,1594,T006,73,0,mapped,-12.045243449437427,22.830841838064167,-12.089897567404796,1,0.0,0.0,interior
T099,L,1595,T006,74,0,mapped,-12.565461673551455,22.849297279445658,-11.779215206046551,1,0.0,0.0,interior
T099,L,1596,T006,75,0,mapped,-12.975311639602927,22.823833428979498,-11.67149924582221,1,0.0,0.0,interior
T099,L,1597,T006,76,0,mapped,-13.38840583319433,22.697444410870975,-11.309495587952354,1,0.0,0.0,interior
T099,L,1598,T006,77,0,mapped,-13.658251191051768,22.57255864810486,-11.135608685924641,1,0.0,0.0,interior
T099,L,1599,T006,78,0,mapped,-14.136395502977308,22.480897522258953,-10.815986227238607,1,0.0,0.0,interior
T099,L,1600,T006,79,0,mapped,-14.595076448801942,22.45519850254191,-10.565658877308673,1,0.0,0.0,interior
T099,L,1601,T006,80,0,mapped,-14.958520377425092,22.321960200939508,-10.313274318754459,1,0.0,0.0,interior
T099,L,1602,T006,81,0,mapped,-15.330071768538945,22.22525340303726,-10.127947467741823,1,0.0,0.0,interior
T099,L,1603,T006,82,0,mapped,-15.89241671196833,22.174079078057538,-9.963352060620235,1,0.0,0.0,interior
T099,L,1604,T006,83,0,mapped,-16.355751760008086,22.197226723298282,-9.904385090564649,1,0.0,0.0,interior
T099,L,1605,T006,84,0,mapped,-16.777778709369475,22.203512990242253,-9.684535887594734,1,0.0,0.0,interior
T099,L,1606,T006,85,0,mapped,-17.28592426437466,22.220107885642136,-9.473957942912929,1,0.0,0.0,interior
T099,L,1607,T006,86,0,mapped,-17.724448432118056,22.214626587294788,-9.192488675019352,1,0.0,0.0,interior
T099,L,1608,T006,87,0,mapped,-18.122684293300388,22.222291416676963,-9.021451566316234,1,0.0,0.0,interior
T099,L,1609,T006,88,0,mapped,-18.533784615968926,22.195868537667884,-8.813683649873717,1,0.0,0.0,interior
T099,L,1610,T006,89,0,mapped,-18.99546005069745,22.153241714776524,-8.621288797961824,1,0.0,0.0,interior
T099,L,1611,T006,90,0,mapped,-19.521586629796857,22.115585588759124,-8.487717573547908,1,0.0,0.0,interior
T099,L,1612,T006,91,0,mapped,-20.072832857980625,21.99683390271711,-8.257287967326256,1,0.0,0.0,interior
T099,L,1613,T006,92,0,mapped,-20.532733994120253,21.907245708520527,-8.155209054057448,1,0.0,0.0,interior
T099,L,1614,T006,93,0,mapped,-21.163769564683214,21.689430804937263,-7.995532776133242,2,0.0,0.0,shared_edge
T099,L,1615,T006,95,0,mapped,-12.72403309824477,22.85863479885678,-11.968227421941723,1,0.0,0.0,interior
T099,L,1616,T006,96,0,mapped,-13.126903882178908,22.769528888270578,-11.757438908901111,1,0.0,0.0,interior
T099,L,1617,T006,97,0,mapped,-13.487730975472694,22.629750658756677,-11.500681383459984,1,0.0,0.0,interior
T099,L,1618,T006,98,0,mapped,-13.822278197265131,22.503912150266828,-11.358909899354135,1,0.0,0.0,interior
T099,L,1619,T006,99,0,mapped,-14.276416709035846,22.419248225617142,-10.933095789408448,1,0.0,0.0,interior
T099,L,1620,T006,100,0,mapped,-14.748216727433427,22.317853606208825,-10.718130964762693,1,0.0,0.0,interior
T099,L,1621,T006,101,0,mapped,-15.168984577243275,22.17519096545741,-10.488087184650226,1,0.0,0.0,interior
T099,L,1622,T006,102,0,mapped,-15.584064225940242,22.147281619122765,-10.259020234860277,1,0.0,0.0,interior
T099,L,1623,T006,103,0,mapped,-16.040606014704984,22.153346699575785,-10.17713968867347,1,0.0,0.0,interior
T099,L,1624,T006,104,0,mapped,-16.461357560300304,22.203652946892,-10.06023686252437,1,0.0,0.0,interior
T099,L,1625,T006,105,0,mapped,-16.911967089908273,22.25718938112846,-9.85880634518335,1,0.0,0.0,interior
T099,L,1626,T006,106,0,mapped,-17.424965616814756,22.26530038865169,-9.593134746946884,1,0.0,0.0,interior
T099,L,1627,T006,107,0,mapped,-17.843547543062336,22.28311992819962,-9.370427903788933,1,0.0,0.0,interior
T099,L,1628,T006,108,0,mapped,-18.23300824660654,22.272492753957724,-9.179322312674621,1,0.0,0.0,interior
T099,L,1629,T006,109,0,mapped,-18.74505328272737,22.217632031686794,-8.94480587653107,1,0.0,0.0,interior
T099,L,1630,T006,110,0,mapped,-19.224426881773,22.201320019009227,-8.789208051411956,1,0.0,0.0,interior
T099,L,1631,T006,111,0,mapped,-19.707263582209446,22.12188940425759,-8.572526863229468,1,0.0,0.0,interior
T099,L,1632,T006,112,0,mapped,-20.293815933315525,22.01916796482849,-8.46734871479249,1,0.0,0.0,interior
T099,L,1633,T006,113,0,mapped,-20.76835339303451,21.900140090932176,-8.336398660240222,1,0.0,0.0,interior
T099,L,1634,T006,114,0,mapped,-21.384341671028057,21.67184876321656,-8.163542175656943,2,9.694605782913356e-16,4.847302891456678e-16,shared_edge
T099,L,1635,T006,116,0,mapped,-13.249645701701933,22.728796834904625,-11.893334681852604,1,0.0,0.0,interior
T099,L,1636,T006,117,0,mapped,-13.61676265073579,22.598822141308872,-11.730294511590028,1,0.0,0.0,interior
T099,L,1637,T006,118,0,mapped,-14.005359337014912,22.43599877615324,-11.422210073733302,1,0.0,0.0,interior
T099,L,1638,T006,119,0,mapped,-14.44945052283528,22.324101414502294,-11.113056265529496,1,0.0,0.0,interior
T099,L,1639,T006,120,0,mapped,-14.936148373572438,22.157826970993757,-10.89650274101869,1,0.0,0.0,interior
T099,L,1640,T006,121,0,mapped,-15.328727984186715,22.09236695683016,-10.596948575300523,1,0.0,0.0,interior
T099,L,1641,T006,122,0,mapped,-15.813169519720168,22.082638399456282,-10.482334510970711,1,0.0,0.0,interior
T099,L,1642,T006,123,0,mapped,-16.20253448114299,22.149048718551867,-10.323563155663898,1,0.0,0.0,interior
T099,L,1643,T006,124,0,mapped,-16.681699864859603,22.235826932124194,-10.137883973494855,1,0.0,0.0,interior
T099,L,1644,T006,125,0,mapped,-17.096624335478086,22.30739803657722,-9.996652059441912,1,0.0,0.0,interior
T099,L,1645,T006,126,0,mapped,-17.598911092377016,22.338454856667767,-9.733003162429135,1,0.0,0.0,interior
T099,L,1646,T006,127,0,mapped,-18.032583889625162,22.35677241231318,-9.540055458146055,1,0.0,0.0,interior
T099,L,1647,T006,128,0,mapped,-18.445014225524368,22.332647083531306,-9.30725062039182,1,0.0,0.0,interior
T099,L,1648,T006,129,0,mapped,-18.889232844308808,22.306048145799927,-9.160288196464954,1,0.0,0.0,interior
T099,L,1649,T006,130,0,mapped,-19.341510114986267,22.25071474193262,-8.968158376854284,1,0.0,0.0,interior
T099,L,1650,T006,131,0,mapped,-19.921638470017072,22.16551495169628,-8.841764397374384,1,0.0,0.0,interior
T099,L,1651,T006,132,0,mapped,-20.456422001503206,22.044268322822713,-8.61916186773401,1,0.0,0.0,interior
T099,L,1652,T006,133,0,mapped,-20.973795939640496,21.879126095591896,-8.522232666667456,1,0.0,0.0,interior
T099,L,1653,T006,134,0,mapped,-21.56342115948253,21.699016364715675,-8.37244973019327,2,9.694605782913356e-16,4.847302891456678e-16,shared_edge
T099,L,1654,T006,136,0,mapped,-13.81029908378127,22.50549787757415,-11.875415998715958,1,0.0,0.0,interior
T099,L,1655,T006,137,0,mapped,-14.248205978783004,22.331784988365115,-11.560156599143644,1,0.0,0.0,interior
T099,L,1656,T006,138,0,mapped,-14.68610631354571,22.20737495721098,-11.299823591485996,1,0.0,0.0,interior
T099,L,1657,T006,139,0,mapped,-15.055339113568518,22.093329335983004,-10.998232709908685,1,0.0,0.0,interior
T099,L,1658,T006,140,0,mapped,-15.541331266415074,22.009877759680656,-10.781837656130403,1,0.0,0.0,interior
T099,L,1659,T006,141,0,mapped,-16.037696623056398,22.075888293610372,-10.701815677463252,1,0.0,0.0,interior
T099,L,1660,T006,142,0,mapped,-16.360177761658086,22.155874655102757,-10.485507649369087,1,0.0,0.0,interior
T099,L,1661,T006,143,0,mapped,-16.830002927050085,22.282577436692446,-10.380878163404727,1,0.0,0.0,interior
T099,L,1662,T006,144,0,mapped,-17.25372721950467,22.364954692716072,-10.151618296414838,1,0.0,0.0,interior
T099,L,1663,T006,145,0,mapped,-17.761273657164637,22.410450972448935,-9.912430357341403,1,0.0,0.0,interior
T099,L,1664,T006,146,0,mapped,-18.162168063325833,22.399730336923255,-9.681191569451572,1,0.0,0.0,interior
T099,L,1665,T006,147,0,mapped,-18.557224587209127,22.383675258904105,-9.474140124562684,1,0.0,0.0,interior
T099,L,1666,T006,148,0,mapped,-18.957148485886506,22.3631151031713,-9.35390899912421,1,0.0,0.0,interior
T099,L,1667,T006,149,0,mapped,-19.568352997305617,22.285399137347028,-9.151558988350978,1,0.0,0.0,interior
T099,L,1668,T006,150,0,mapped,-20.114008039276893,22.203719139161393,-9.048407357737812,1,0.0,0.0,interior
T099,L,1669,T006,151,0,mapped,-20.60679763443966,22.091214202116035,-8.854634342848918,1,0.0,0.0,interior
T099,L,1670,T006,152,0,mapped,-21.158346195442228,21.880563277249816,-8.735276080437531,1,0.0,0.0,interior
T099,L,1671,T006,153,0,mapped,-21.740605184013557,21.676661987165968,-8.584231234018958,2,0.0,0.0,shared_edge
T099,L,1672,T006,155,0,mapped,-14.399631794956353,22.255600622904858,-11.765060812228095,1,0.0,0.0,interior
T099,L,1673,T006,156,0,mapped,-14.841462123023685,22.123468543568105,-11.415506600463765,1,0.0,0.0,interior
T099,L,1674,T006,157,0,mapped,-15.312146238012279,21.98847010414265,-11.182829779651037,1,0.0,0.0,interior
T099,L,1675,T006,158,0,mapped,-15.743452878880877,21.98845891523248,-11.040111725965689,1,0.0,0.0,interior
T099,L,1676,T006,159,0,mapped,-16.211920355564367,22.102608595821348,-10.890283897557266,1,0.0,0.0,interior
T099,L,1677,T006,160,0,mapped,-16.569162459274477,22.215119596459953,-10.635000100242628,1,0.0,0.0,interior
T099,L,1678,T006,161,0,mapped,-17.006510119723423,22.346108099922624,-10.477218745152523,1,0.0,0.0,interior
T099,L,1679,T006,162,0,mapped,-17.385918691283642,22.42024136745566,-10.274243027121612,1,0.0,0.0,interior
T099,L,1680,T006,163,0,mapped,-17.872607454184795,22.453648328589875,-10.057279721347317,1,0.0,0.0,interior
T099,L,1681,T006,164,0,mapped,-18.334032024876876,22.4622579594208,-9.841692401837722,1,0.0,0.0,interior
T099,L,1682,T006,165,0,mapped,-18.753403295416227,22.444172266129236,-9.652220889977936,1,0.0,0.0,interior
T099,L,1683,T006,166,0,mapped,-19.21554813759855,22.39706984121873,-9.44820515993381,1,0.0,0.0,interior
T099,L,1684,T006,167,0,mapped,-19.731526032002797,22.310541992961703,-9.307963905097775,1,0.0,0.0,interior
T099,L,1685,T006,168,0,mapped,-20.259406212017442,22.241377738956274,-9.19273181162787,1,0.0,0.0,interior
T099,L,1686,T006,169,0,mapped,-20.80337300873207,22.07868742855232,-9.052681771615047,1,0.0,0.0,interior
T099,L,1687,T006,170,0,mapped,-21.339333474681897,21.918232682978225,-8.967867102082405,1,0.0,0.0,interior
T099,L,1688,T006,171,0,mapped,-21.900514005610134,21.66636428129127,-8.804547962772556,2,1.818360945611186e-15,9.09180472805593e-16,shared_edge
T099,L,1689,T006,173,0,mapped,-14.977500444064852,22.04085285271675,-11.667241083320203,1,0.0,0.0,interior
T099,L,1690,T006,174,0,mapped,-15.447546949681767,21.965055558087276,-11.436098077247527,1,0.0,0.0,interior
T099,L,1691,T006,175,0,mapped,-15.918249029699147,22.033947225936323,-11.221365741499486,1,0.0,0.0,interior
T099,L,1692,T006,176,0,mapped,-16.33750215506512,22.154732096448416,-11.059599071641792,1,0.0,0.0,interior
T099,L,1693,T006,177,0,mapped,-16.721578997072694,22.29417922889787,-10.866155667906018,1,0.0,0.0,interior
T099,L,1694,T006,178,0,mapped,-17.124883972768092,22.407003579612557,-10.623406679045196,1,0.0,0.0,interior
T099,L,1695,T006,179,0,mapped,-17.603689959790273,22.504804005992014,-10.45369849173319,1,0.0,0.0,interior
T099,L,1696,T006,180,0,mapped,-18.019587216562652,22.505151542327177,-10.17559680839734,1,0.0,0.0,interior
T099,L,1697,T006,181,0,mapped,-18.482086987539567,22.53069039366109,-9.993865331757494,1,0.0,0.0,interior
T099,L,1698,T006,182,0,mapped,-18.87166672550927,22.50402172865474,-9.840085442769215,1,0.0,0.0,interior
T099,L,1699,T006,183,0,mapped,-19.362808044170198,22.437348769777167,-9.648346440079042,1,0.0,0.0,interior
T099,L,1700,T006,184,0,mapped,-19.853206953969067,22.350570077817736,-9.46319388268152,1,0.0,0.0,interior
T099,L,1701,T006,185,0,mapped,-20.448362945477655,22.264534268540405,-9.327033150180267,1,0.0,0.0,interior
T099,L,1702,T006,186,0,mapped,-20.960849180770975,22.08036229198107,-9.24956041646513,1,0.0,0.0,interior
T099,L,1703,T006,187,0,mapped,-21.408898594664024,21.992457808051476,-9.242751189203119,1,0.0,0.0,interior
T099,L,1704,T006,188,0,mapped,-21.945856346319708,21.74490796151534,-9.067199555636037,2,9.122468574731976e-16,4.561234287365988e-16,shared_edge
T099,L,1705,T006,190,0,mapped,-15.654109894641582,21.99395871421823,-11.569107426658682,1,0.0,0.0,interior
T099,L,1706,T006,191,0,mapped,-16.066715012616445,22.08613306371765,-11.305492056573765,1,0.0,0.0,interior
T099,L,1707,T006,192,0,mapped,-16.49488244060269,22.224488694129125,-11.158246151326445,1,0.0,0.0,interior
T099,L,1708,T006,193,0,mapped,-16.902018207954303,22.37664644297499,-10.988530173858418,1,0.0,0.0,interior
T099,L,1709,T006,194,0,mapped,-17.23978955435329,22.477614940727875,-10.812896923230552,1,0.0,0.0,interior
T099,L,1710,T006,195,0,mapped,-17.76697770232559,22.575791574672163,-10.605668802767083,1,0.0,0.0,interior
T099,L,1711,T006,196,0,mapped,-18.14820730807108,22.555048475157424,-10.287734689851156,1,0.0,0.0,interior
T099,L,1712,T006,197,0,mapped,-18.55893966240793,22.594827709045042,-10.166849302087348,1,0.0,0.0,interior
T099,L,1713,T006,198,0,mapped,-18.990554689290988,22.55790801198381,-9.99481335957127,1,0.0,0.0,interior
T099,L,1714,T006,199,0,mapped,-19.50124104603269,22.511376008813503,-9.919936472940215,1,0.0,0.0,interior
T099,L,1715,T006,200,0,mapped,-20.040687646921516,22.40752030839925,-9.71883085115548,1,0.0,0.0,interior
T099,L,1716,T006,201,0,mapped,-20.584549865448103,22.29956835047732,-9.562760361198965,1,0.0,0.0,interior
T099,L,1717,T006,202,0,mapped,-21.03167762773423,22.165378942394554,-9.506391658335286,1,0.0,0.0,interior
T099,L,1718,T006,203,0,mapped,-21.539195370351482,22.040010297650515,-9.451157192828243,1,0.0,0.0,interior
T099,L,1719,T006,204,0,mapped,-22.00664996941383,21.791553398849647,-9.332403028328324,2,0.0,0.0,shared_edge
T099,L,1720,T006,206,0,mapped,-16.198591660751593,22.163050325209255,-11.543011404352105,1,0.0,0.0,interior
T099,L,1721,T006,207,0,mapped,-16.619013539594793,22.283089496678528,-11.262743768084569,1,0.0,0.0,interior
T099,L,1722,T006,208,0,mapped,-17.01028504077921,22.43871005115262,-11.171828904839574,1,0.0,0.0,interior
T099,L,1723,T006,209,0,mapped,-17.426092677606476,22.567039307935755,-10.95732438740435,1,0.0,0.0,interior
T099,L,1724,T006,210,0,mapped,-17.903802013826127,22.629917362717944,-10.708922448302136,1,0.0,0.0,interior
T099,L,1725,T006,211,0,mapped,-18.313035237208116,22.60834165016554,-10.432638641248715,1,0.0,0.0,interior
T099,L,1726,T006,212,0,mapped,-18.73856409183842,22.647303708046863,-10.239583915864792,1,0.0,0.0,interior
T099,L,1727,T006,213,0,mapped,-19.226403693742416,22.59838309213082,-10.08385802554205,1,0.0,0.0,interior
T099,L,1728,T006,214,0,mapped,-19.673817661961,22.53500293543586,-9.987963959097574,1,0.0,0.0,interior
T099,L,1729,T006,215,0,mapped,-20.23563980585018,22.458005397193624,-9.861293702032008,1,0.0,0.0,interior
T099,L,1730,T006,216,0,mapped,-20.805754498101532,22.333188093866237,-9.813505603925012,1,0.0,0.0,interior
T099,L,1731,T006,217,0,mapped,-21.210384205355588,22.22650782967888,-9.728084103935206,1,0.0,0.0,interior
T099,L,1732,T006,218,0,mapped,-21.631076867608527,22.090886998951444,-9.68426759741323,1,0.0,0.0,interior
T099,L,1733,T006,219,0,mapped,-22.034516874342348,21.88645712742732,-9.591031793208586,2,1.788512522917511e-15,8.942562614587554e-16,shared_edge
T099,L,1734,T006,221,0,mapped,-16.867453372059384,22.395532907879726,-11.42683420242862,1,0.0,0.0,interior
T099,L,1735,T006,222,0,mapped,-17.198404135787957,22.528498632166638,-11.318817216298692,1,0.0,0.0,interior
T099,L,1736,T006,223,0,mapped,-17.585776078483008,22.63717611622354,-11.098800626438187,1,0.0,0.0,interior
T099,L,1737,T006,224,0,mapped,-18.082773524013575,22.69122102246924,-10.792864078118104,1,0.0,0.0,interior
T099,L,1738,T006,225,0,mapped,-18.512959836723212,22.710355121793025,-10.591759689904645,1,0.0,0.0,interior
T099,L,1739,T006,226,0,mapped,-18.903475474787598,22.70602096409584,-10.369581449895051,1,0.0,0.0,interior
T099,L,1740,T006,227,0,mapped,-19.294568780534835,22.678048311323582,-10.297150648615435,1,0.0,0.0,interior
T099,L,1741,T006,228,0,mapped,-19.870922023868523,22.592336433895674,-10.1485483044434,1,0.0,0.0,interior
T099,L,1742,T006,229,0,mapped,-20.440884231324493,22.51459968012192,-10.065016124993374,1,0.0,0.0,interior
T099,L,1743,T006,230,0,mapped,-20.912288251065252,22.38488431612168,-9.972138167990149,1,0.0,0.0,interior
T099,L,1744,T006,231,0,mapped,-21.32529001375606,22.28715298241869,-9.93146739382431,1,0.0,0.0,interior
T099,L,1745,T006,232,0,mapped,-21.70753777623581,22.143672025901793,-9.874866764246361,1,0.0,0.0,interior
T099,L,1746,T006,233,0,mapped,-22.0798984787129,21.965440060104314,-9.853594436204853,2,1.1102230246251563e-16,5.551115123125783e-17,shared_edge
T099,L,1747,T006,235,0,mapped,-17.366165625896045,22.61075860971789,-11.457953506795429,1,0.0,0.0,interior
T099,L,1748,T006,236,0,mapped,-17.7724104202725,22.712286840121497,-11.22720628066931,1,0.0,0.0,interior
T099,L,1749,T006,237,0,mapped,-18.27191856837322,22.78529059505827,-10.95483107655436,1,0.0,0.0,interior
T099,L,1750,T006,238,0,mapped,-18.698389211518023,22.80486182143149,-10.705388292259714,1,0.0,0.0,interior
T099,L,1751,T006,239,0,mapped,-19.035585050236577,22.789316487371693,-10.532172456131185,1,0.0,0.0,interior
T099,L,1752,T006,240,0,mapped,-19.531360189732666,22.748778656121804,-10.41144562015681,1,0.0,0.0,interior
T099,L,1753,T006,241,0,mapped,-20.03739833951266,22.670890505878194,-10.321813982947898,1,0.0,0.0,interior
T099,L,1754,T006,242,0,mapped,-20.609537238163313,22.603826022704986,-10.249197151200592,1,0.0,0.0,interior
T099,L,1755,T006,243,0,mapped,-20.989952065975594,22.44399333223191,-10.098537582556759,1,0.0,0.0,interior
T099,L,1756,T006,244,0,mapped,-21.41362190283225,22.354135262346055,-10.101416626114837,1,0.0,0.0,interior
T099,L,1757,T006,245,0,mapped,-21.793644404425876,22.22533373081863,-10.089639719081987,1,0.0,0.0,interior
T099,L,1758,T006,246,0,mapped,-22.126706463027098,22.06607179674647,-10.108075048774186,2,1.6653345369377348e-16,8.326672684688674e-17,shared_edge
T099,L,1759,T006,248,0,mapped,-17.94897475563959,22.795368785016024,-11.367209018820727,1,0.0,0.0,interior
T099,L,1760,T006,249,0,mapped,-18.41795413629981,22.85381246152334,-11.092334356847346,1,0.0,0.0,interior
T099,L,1761,T006,250,0,mapped,-18.86496662884258,22.877022179320054,-10.81104624734193,1,0.0,0.0,interior
T099,L,1762,T006,251,0,mapped,-19.236188719479347,22.84870855077387,-10.654427522639352,1,0.0,0.0,interior
T099,L,1763,T006,252,0,mapped,-19.776001099409836,22.825413779257154,-10.564129552068769,1,0.0,0.0,interior
T099,L,1764,T006,253,0,mapped,-20.189299578432504,22.74441481462017,-10.47901951938884,1,0.0,0.0,interior
T099,L,1765,T006,254,0,mapped,-20.68053022513132,22.662529052310617,-10.34467616983886,1,0.0,0.0,interior
T099,L,1766,T006,255,0,mapped,-21.096337628142596,22.565260033272974,-10.309542558479245,1,0.0,0.0,interior
T099,L,1767,T006,256,0,mapped,-21.50866346080782,22.41118558417494,-10.222856982217124,1,0.0,0.0,interior
T099,L,1768,T006,257,0,mapped,-21.882738090018975,22.315990990570185,-10.306018798376426,1,0.0,0.0,interior
T099,L,1769,T006,258,0,mapped,-22.211956858256652,22.151359909260247,-10.353451926301464,2,0.0,0.0,shared_edge
T099,L,1770,T006,260,0,mapped,-18.59099121476523,22.95795968034857,-11.225926922506673,1,0.0,0.0,interior
T099,L,1771,T006,261,0,mapped,-18.997489261908115,22.968245093737643,-11.026327459867854,1,0.0,0.0,interior
T099,L,1772,T006,262,0,mapped,-19.39432129117743,22.95282737130045,-10.840598792894415,1,0.0,0.0,interior
T099,L,1773,T006,263,0,mapped,-19.907809232521068,22.8753521787134,-10.682105658395631,1,0.0,0.0,interior
T099,L,1774,T006,264,0,mapped,-20.342526652443077,22.801626725957604,-10.605145031316795,1,0.0,0.0,interior
T099,L,1775,T006,265,0,mapped,-20.845219696416557,22.76669720415263,-10.556223737062858,1,0.0,0.0,interior
T099,L,1776,T006,266,0,mapped,-21.269007208701993,22.610514067284072,-10.455549314987806,1,0.0,0.0,interior
T099,L,1777,T006,267,0,mapped,-21.640238395347346,22.488640523300127,-10.39152159888009,1,0.0,0.0,interior
T099,L,1778,T006,268,0,mapped,-22.031263458306356,22.341337080039846,-10.441222739982763,1,0.0,0.0,interior
T099,L,1779,T006,269,0,mapped,-22.357445306650064,22.24395061589718,-10.570494038604707,2,0.0,0.0,shared_edge
T099,L,1780,T006,271,0,mapped,-19.14274130539897,23.095540431824098,-11.187312373247014,1,0.0,0.0,interior
T099,L,1781,T006,272,0,mapped,-19.631394236176305,23.05879001280101,-10.974369044449894,1,0.0,0.0,interior
T099,L,1782,T006,273,0,mapped,-20.01187075217474,22.96408350185596,-10.832329239776804,1,0.0,0.0,interior
T099,L,1783,T006,274,0,mapped,-20.488506963032126,22.848693591928036,-10.679460996407924,1,0.0,0.0,interior
T099,L,1784,T006,275,0,mapped,-20.961813439695305,22.824941628049473,-10.665280967214818,1,0.0,0.0,interior
T099,L,1785,T006,276,0,mapped,-21.39727102058712,22.668147145178985,-10.562428744002737,1,0.0,0.0,interior
T099,L,1786,T006,277,0,mapped,-21.815795697946204,22.589709402481613,-10.600201198912561,1,0.0,0.0,interior
T099,L,1787,T006,278,0,mapped,-22.13422764329958,22.525854018335604,-10.676576621625607,1,0.0,0.0,interior
T099,L,1788,T006,279,0,mapped,-22.459579218191827,22.39986802918147,-10.765882632694002,2,2.0137621733714643e-15,1.0068810866857322e-15,shared_edge
T099,L,1789,T006,281,0,mapped,-19.79637307439443,23.10632811479788,-11.038017045775764,1,0.0,0.0,interior
T099,L,1790,T006,282,0,mapped,-20.22347405189338,23.047314877610628,-10.964240000879627,1,0.0,0.0,interior
T099,L,1791,T006,283,0,mapped,-20.707340925572932,22.974300130961314,-10.864924063386358,1,0.0,0.0,interior
T099,L,1792,T006,284,0,mapped,-21.167659049026625,22.900816895394776,-10.762518933857413,1,0.0,0.0,interior
T099,L,1793,T006,285,0,mapped,-21.55522034638261,22.741393485096353,-10.672749513296322,1,0.0,0.0,interior
T099,L,1794,T006,286,0,mapped,-21.999847706554597,22.70249868448803,-10.757295398529898,1,0.0,0.0,interior
T099,L,1795,T006,287,0,mapped,-22.24141110182454,22.637813080661633,-10.814319370473415,1,0.0,0.0,interior
T099,L,1796,T006,288,0,mapped,-22.57321571312634,22.547887857987508,-10.920083432509493,2,1.9891280697202825e-15,9.945640348601413e-16,shared_edge
T099,L,1797,T006,290,0,mapped,-20.4137347502694,23.137704081743973,-11.060353332873396,1,0.0,0.0,interior
T099,L,1798,T006,291,0,mapped,-20.893264657283634,23.07808873522357,-10.953302126336288,1,0.0,0.0,interior
T099,L,1799,T006,292,0,mapped,-21.273517791109605,22.974381426537853,-10.843233773481906,1,0.0,0.0,interior
T099,L,1800,T006,293,0,mapped,-21.669914248636804,22.853959862876888,-10.78297054016826,1,0.0,0.0,interior
T099,L,1801,T006,294,0,mapped,-22.086455308175367,22.84271588015323,-10.872863103140578,1,0.0,0.0,interior
T099,L,1802,T006,295,0,mapped,-22.355687023605512,22.720116172366307,-10.912590089259002,1,0.0,0.0,interior
T099,L,1803,T006,296,0,mapped,-22.825747591285122,22.539021327229747,-11.034019880953716,2,1.831026719408895e-15,9.155133597044477e-16,shared_edge
T099,L,1804,T006,298,0,mapped,-20.996026859977853,23.185905661934548,-11.035241051828685,1,0.0,0.0,interior
T099,L,1805,T006,299,0,mapped,-21.436850527085134,23.118752986224774,-10.971424338845104,1,0.0,0.0,interior
T099,L,1806,T006,300,0,mapped,-21.8344959542649,22.992048877237124,-10.90216668450509,1,0.0,0.0,interior
T099,L,1807,T006,301,0,mapped,-22.225161423576864,22.900047917479032,-10.946858060061592,1,0.0,0.0,interior
T099,L,1808,T006,302,0,mapped,-22.59792356486193,22.79647838013027,-11.036079128748458,1,0.0,0.0,interior
T099,L,1809,T006,303,0,mapped,-23.036678424626,22.628046265548246,-11.16585321507296,2,1.831026719408895e-15,9.155133597044477e-16,shared_edge
T099,L,1810,T006,305,0,mapped,-21.63325414778142,23.207397486056195,-11.01977920162621,1,0.0,0.0,interior
T099,L,1811,T006,306,0,mapped,-22.0129541733745,23.036922641354472,-10.959903103989593,1,0.0,0.0,interior
T099,L,1812,T006,307,0,mapped,-22.411033844929015,22.990502125033476,-11.04227501175556,1,0.0,0.0,interior
T099,L,1813,T006,308,0,mapped,-22.797436477023613,22.923804396397504,-11.15953121587318,1,0.0,0.0,interior
T099,L,1814,T006,309,0,mapped,-23.182605192476863,22.84091172374178,-11.267088278360152,2,5.402578411571408e-15,2.701289205785704e-15,shared_edge
T099,L,1815,T006,311,0,mapped,-22.231112335666204,23.14336706117426,-11.043486174417446,1,0.0,0.0,interior
T099,L,1816,T006,312,0,mapped,-22.556276880037643,23.17435524840525,-11.135146495168804,1,0.0,0.0,interior
T099,L,1817,T006,313,0,mapped,-22.95481109159779,23.020472052610845,-11.217824827227709,1,0.0,0.0,interior
T099,L,1818,T006,314,0,mapped,-23.38062882894293,23.029398185034058,-11.306683739185413,2,4.965068306494546e-16,2.482534153247273e-16,shared_edge
T099,L,1819,T006,316,0,mapped,-22.756242284530025,23.271627224655173,-11.174578076228745,1,0.0,0.0,interior
T099,L,1820,T006,317,0,mapped,-23.179050405332667,23.18321352418976,-11.262655589643567,1,0.0,0.0,interior
T099,L,1821,T006,318,0,mapped,-23.596624184346545,23.123899509205152,-11.351599313900167,2,2.220446049250313e-16,1.1102230246251563e-16,shared_edge
T099,L,1822,T006,320,0,mapped,-23.385894347212666,23.354212201600255,-11.260886083886168,1,0.0,0.0,interior
T099,L,1823,T006,321,0,mapped,-23.770091297536627,23.338863052585047,-11.333061053096031,2,2.220446049250313e-16,1.1102230246251563e-16,shared_edge
T099,L,1824,T006,323,0,mapped,-23.94912539907856,23.549844180460596,-11.313681567254312,2,0.0,0.0,shared_edge
T099,L,1825,T007,25,0,mapped,-10.73421283636386,20.771685019631455,-12.631541462838479,1,0.0,0.0,interior
T099,L,1826,T007,26,0,mapped,-10.862097039075868,21.049528033770756,-12.39127298759381,1,0.0,0.0,interior
T099,L,1827,T007,27,0,mapped,-11.054196705413192,21.50526949464211,-12.201762523582177,1,0.0,0.0,interior
T099,L,1828,T007,28,0,mapped,-11.280518904778399,21.762339356560275,-11.804113727625094,1,0.0,0.0,interior
T099,L,1829,T007,29,0,mapped,-11.53470966730575,22.07005862427812,-11.574173113302802,1,0.0,0.0,interior
T099,L,1830,T007,30,0,mapped,-11.74341227695348,22.360432307315257,-11.330220193432275,1,0.0,0.0,interior
T099,L,1831,T007,31,0,mapped,-12.074247005473783,22.68680023382962,-11.105583411976303,1,0.0,0.0,interior
T099,L,1832,T007,32,0,mapped,-12.413486530657625,22.858901121149504,-10.758489653629638,1,0.0,0.0,interior
T099,L,1833,T007,33,0,mapped,-12.920388555798821,22.960372218518653,-10.554064688479684,1,0.0,0.0,interior
T099,L,1834,T007,34,0,mapped,-13.357275045413385,22.939067382752146,-10.31889698650145,1,0.0,0.0,interior
T099,L,1835,T007,35,0,mapped,-13.797387806551583,22.89900389636071,-10.119974762280851,1,0.0,0.0,interior
T099,L,1836,T007,36,0,mapped,-14.256626272390584,22.759194622939134,-9.797611769449176,1,0.0,0.0,interior
T099,L,1837,T007,37,0,mapped,-14.66434685154486,22.66093800460139,-9.571676449447985,1,0.0,0.0,interior
T099,L,1838,T007,38,0,mapped,-15.099462961440231,22.50391425873772,-9.372308778520642,1,0.0,0.0,interior
T099,L,1839,T007,39,0,mapped,-15.573721753991064,22.346359117756865,-9.209710961172004,1,0.0,0.0,interior
T099,L,1840,T007,40,0,mapped,-16.02733266560716,22.22119998926612,-9.068785417177665,1,0.0,0.0,interior
T099,L,1841,T007,41,0,mapped,-16.530400547678614,22.11083428863816,-8.997368302480993,1,0.0,0.0,interior
T099,L,1842,T007,42,0,mapped,-17.005158166007693,22.07600965985673,-8.771977901480547,1,0.0,0.0,interior
T099,L,1843,T007,43,0,mapped,-17.40846898752182,22.09107257583035,-8.545311860534913,1,0.0,0.0,interior
T099,L,1844,T007,44,0,mapped,-17.766681589798953,22.07135435939533,-8.264385560904572,1,0.0,0.0,interior
T099,L,1845,T007,45,0,mapped,-18.181282712673063,22.058131326293953,-8.05146327600267,1,0.0,0.0,interior
T099,L,1846,T007,46,0,mapped,-18.72453693223998,22.013948889188494,-7.950169030320469,1,0.0,0.0,interior
T099,L,1847,T007,47,0,mapped,-19.23610456998092,21.923280158238914,-7.831959466713805,1,0.0,0.0,interior
T099,L,1848,T007,48,0,mapped,-19.688111992619575,21.836288975499155,-7.610663497336063,2,9.155133597044477e-16,4.577566798522237e-16,shared_edge
T099,L,1849,T007,49,0,mapped,-10.698839291048785,20.411677414415124,-12.658317376122822,1,0.0,0.0,interior
T099,L,1850,T007,50,0,mapped,-10.833322449137924,20.775286040940504,-12.378371591470477,1,0.0,0.0,interior
T099,L,1851,T007,51,0,mapped,-10.957603450928701,21.173421092432687,-12.210677313481728,1,0.0,0.0,interior
T099,L,1852,T007,52,0,mapped,-11.123972651448305,21.458836369418194,-11.891931182324022,1,0.0,0.0,interior
T099,L,1853,T007,53,0,mapped,-11.359824305609205,21.694773953569545,-11.569821893739105,1,0.0,0.0,interior
T099,L,1854,T007,54,0,mapped,-11.63412262786606,22.081232430406146,-11.25377714697392,1,0.0,0.0,interior
T099,L,1855,T007,55,0,mapped,-11.788760143557761,22.37072685124273,-11.086557711435486,1,0.0,0.0,interior
T099,L,1856,T007,56,0,mapped,-12.06547602865273,22.64399094307671,-10.741295421376918,1,0.0,0.0,interior
T099,L,1857,T007,57,0,mapped,-12.527191302688266,22.863593608920635,-10.469076952144249,1,0.0,0.0,interior
T099,L,1858,T007,58,0,mapped,-12.940762250415375,22.944395042342798,-10.309693005236793,1,0.0,0.0,interior
T099,L,1859,T007,59,0,mapped,-13.39993090583834,22.976153060367707,-10.04087944123544,1,0.0,0.0,interior
T099,L,1860,T007,60,0,mapped,-13.8876507306484,22.938981937690926,-9.86680892193997,1,0.0,0.0,interior
T099,L,1861,T007,61,0,mapped,-14.341426767778822,22.822636403884978,-9.596430945862094,1,0.0,0.0,interior
T099,L,1862,T007,62,0,mapped,-14.785105751244982,22.686694554255602,-9.384752223979866,1,0.0,0.0,interior
T099,L,1863,T007,63,0,mapped,-15.260981530122706,22.4894763323532,-9.115713702626241,1,0.0,0.0,interior
T099,L,1864,T007,64,0,mapped,-15.723504590054645,22.32315738429804,-9.001420458896591,1,0.0,0.0,interior
T099,L,1865,T007,65,0,mapped,-16.18139087364317,22.187050580236395,-8.788568657435723,1,0.0,0.0,interior
T099,L,1866,T007,66,0,mapped,-16.638230751461283,22.078474376202074,-8.684187779530419,1,0.0,0.0,interior
T099,L,1867,T007,67,0,mapped,-17.11341695698618,22.05370947616571,-8.50458509237439,1,0.0,0.0,interior
T099,L,1868,T007,68,0,mapped,-17.501048553278196,22.062970233431148,-8.270845322742462,1,0.0,0.0,interior
T099,L,1869,T007,69,0,mapped,-17.89183199381292,22.02863472240068,-8.042766906046893,1,0.0,0.0,interior
T099,L,1870,T007,70,0,mapped,-18.350291211990392,22.0125499692923,-7.8841443046649875,1,0.0,0.0,interior
T099,L,1871,T007,71,0,mapped,-18.868481754672246,21.89751807780322,-7.743186742722576,2,8.881784197001252e-16,4.440892098500626e-16,shared_edge
T099,L,1872,T007,72,0,mapped,-10.65835160576999,20.05318001440973,-12.66954597633018,1,0.0,0.0,interior
T099,L,1873,T007,73,0,mapped,-10.771934466876967,20.414602060000348,-12.40481570020814,1,0.0,0.0,interior
T099,L,1874,T007,74,0,mapped,-10.90714216830319,20.827976825107612,-12.11053431000708,1,0.0,0.0,interior
T099,L,1875,T007,75,0,mapped,-11.042009461459745,21.14878020971406,-11.887650246341389,1,0.0,0.0,interior
T099,L,1876,T007,76,0,mapped,-11.254836925957507,21.49184410726744,-11.548133176392557,1,0.0,0.0,interior
T099,L,1877,T007,77,0,mapped,-11.491651880773937,21.763946254368985,-11.214072113583944,1,0.0,0.0,interior
T099,L,1878,T007,78,0,mapped,-11.663020640948005,22.05269407251009,-11.00330699925036,1,0.0,0.0,interior
T099,L,1879,T007,79,0,mapped,-11.863647621869454,22.413339140343002,-10.793209880919374,1,0.0,0.0,interior
T099,L,1880,T007,80,0,mapped,-12.20321177677985,22.681639204446668,-10.497826401538092,1,0.0,0.0,interior
T099,L,1881,T007,81,0,mapped,-12.685764990188778,22.882413069862615,-10.188443976349737,1,0.0,0.0,interior
T099,L,1882,T007,82,0,mapped,-13.0576661428812,22.94723351161039,-10.01450045693955,1,0.0,0.0,interior
T099,L,1883,T007,83,0,mapped,-13.551211461276976,23.01977570589508,-9.799789083019345,1,0.0,0.0,interior
T099,L,1884,T007,84,0,mapped,-13.998516511607477,22.980845926191886,-9.558173514019778,1,0.0,0.0,interior
T099,L,1885,T007,85,0,mapped,-14.473260314121013,22.84374408102322,-9.411108761231262,1,0.0,0.0,interior
T099,L,1886,T007,86,0,mapped,-14.903153778070319,22.66054859610821,-9.225387170202115,1,0.0,0.0,interior
T099,L,1887,T007,87,0,mapped,-15.372252570106827,22.49397275405756,-8.878329027087226,1,0.0,0.0,interior
T099,L,1888,T007,88,0,mapped,-15.857737150507294,22.300644972369117,-8.760324694614937,1,0.0,0.0,interior
T099,L,1889,T007,89,0,mapped,-16.289657425923135,22.15438389110775,-8.560820905630361,1,0.0,0.0,interior
T099,L,1890,T007,90,0,mapped,-16.651105404858363,22.0666813120582,-8.394184213729229,1,0.0,0.0,interior
T099,L,1891,T007,91,0,mapped,-17.107419634690743,22.020372716924182,-8.239803272184131,1,0.0,0.0,interior
T099,L,1892,T007,92,0,mapped,-17.605251366705232,22.005687137989717,-8.017934297015374,1,0.0,0.0,interior
T099,L,1893,T007,93,0,mapped,-18.04197757745679,21.97187917917567,-7.835825353532568,2,0.0,0.0,shared_edge
T099,L,1894,T007,94,0,mapped,-10.616872713633743,19.702254881772575,-12.7400613743823,1,0.0,0.0,interior
T099,L,1895,T007,95,0,mapped,-10.717755101374332,20.050691206949185,-12.392489995192197,1,0.0,0.0,interior
T099,L,1896,T007,96,0,mapped,-10.816485607868856,20.415019130480253,-12.130361970669687,1,0.0,0.0,interior
T099,L,1897,T007,97,0,mapped,-10.950922399598255,20.816803934385117,-11.848233216031764,1,0.0,0.0,interior
T099,L,1898,T007,98,0,mapped,-11.072989742840914,21.14282229578419,-11.591721237610585,1,0.0,0.0,interior
T099,L,1899,T007,99,0,mapped,-11.285322808129804,21.434834198237574,-11.246891304310767,1,0.0,0.0,interior
T099,L,1900,T007,100,0,mapped,-11.523520305693442,21.77987412165249,-10.975524008859388,1,0.0,0.0,interior
T099,L,1901,T007,101,0,mapped,-11.704395179040976,22.028248978929067,-10.727579515652437,1,0.0,0.0,interior
T099,L,1902,T007,102,0,mapped,-11.910093832095294,22.350972064338503,-10.447863335849089,1,0.0,0.0,interior
T099,L,1903,T007,103,0,mapped,-12.248469201795077,22.63840557633645,-10.215242145124257,1,0.0,0.0,interior
T099,L,1904,T007,104,0,mapped,-12.676144660275458,22.830270743745157,-9.956322203038358,1,0.0,0.0,interior
T099,L,1905,T007,105,0,mapped,-13.201962134334394,22.960698203311757,-9.761733774506665,1,0.0,0.0,interior
T099,L,1906,T007,106,0,mapped,-13.605368954895857,23.039175268091576,-9.484879885409027,1,0.0,0.0,interior
T099,L,1907,T007,107,0,mapped,-14.12794676363218,22.998305110322555,-9.331248546520325,1,0.0,0.0,interior
T099,L,1908,T007,108,0,mapped,-14.608850248738587,22.841005706977462,-9.141800858965805,1,0.0,0.0,interior
T099,L,1909,T007,109,0,mapped,-15.007858443531234,22.64198710851104,-8.936496206909425,1,0.0,0.0,interior
T099,L,1910,T007,110,0,mapped,-15.465054633853732,22.49223867971168,-8.631871392012787,1,0.0,0.0,interior
T099,L,1911,T007,111,0,mapped,-15.943755073676856,22.28004424984238,-8.504225595421193,1,0.0,0.0,interior
T099,L,1912,T007,112,0,mapped,-16.34082513841479,22.11424101419701,-8.292198826876676,1,0.0,0.0,interior
T099,L,1913,T007,113,0,mapped,-16.769871519980903,22.026043868558318,-8.209763485399439,1,0.0,0.0,interior
T099,L,1914,T007,114,0,mapped,-17.210156026973017,21.960891898691813,-7.947804216276554,2,9.155133597044477e-16,4.577566798522237e-16,shared_edge
T099,L,1915,T007,115,0,mapped,-10.546424959927428,19.368016583474983,-12.825429432040115,1,0.0,0.0,interior
T099,L,1916,T007,116,0,mapped,-10.65288822933393,19.698276850040237,-12.473762515405975,1,0.0,0.0,interior
T099,L,1917,T007,117,0,mapped,-10.753424864193553,20.014697773645555,-12.166936886402052,1,0.0,0.0,interior
T099,L,1918,T007,118,0,mapped,-10.873245409186687,20.460166327631715,-11.839081420082456,1,0.0,0.0,interior
T099,L,1919,T007,119,0,mapped,-10.978235436232538,20.812923971306603,-11.561365203715136,1,0.0,0.0,interior
T099,L,1920,T007,120,0,mapped,-11.133052808083425,21.185245973094187,-11.296836058431875,1,0.0,0.0,interior
T099,L,1921,T007,121,0,mapped,-11.304518085968425,21.437168559853305,-10.956314555125031,1,0.0,0.0,interior
T099,L,1922,T007,122,0,mapped,-11.55861874456302,21.74340722322664,-10.707579519153969,1,0.0,0.0,interior
T099,L,1923,T007,123,0,mapped,-11.754680904493771,21.99699124551206,-10.420898740652865,1,0.0,0.0,interior
T099,L,1924,T007,124,0,mapped,-12.014233835023823,22.36158528622054,-10.14507976312833,1,0.0,0.0,interior
T099,L,1925,T007,125,0,mapped,-12.437993184302778,22.640540213093498,-9.897835820574162,1,0.0,0.0,interior
T099,L,1926,T007,126,0,mapped,-12.922490049263821,22.865770586437584,-9.682754042294103,1,0.0,0.0,interior
T099,L,1927,T007,127,0,mapped,-13.262483730000852,22.94827393546511,-9.503054769345322,1,0.0,0.0,interior
T099,L,1928,T007,128,0,mapped,-13.7841572995522,23.028923975565377,-9.27605783404341,1,0.0,0.0,interior
T099,L,1929,T007,129,0,mapped,-14.207895124267413,22.97885967947868,-9.071079477353251,1,0.0,0.0,interior
T099,L,1930,T007,130,0,mapped,-14.762561976032364,22.756757898931703,-8.882313958214686,1,0.0,0.0,interior
T099,L,1931,T007,131,0,mapped,-15.140610337613165,22.623224213396572,-8.62717270261923,1,0.0,0.0,interior
T099,L,1932,T007,132,0,mapped,-15.620410190763572,22.43295819942695,-8.400718793781666,1,0.0,0.0,interior
T099,L,1933,T007,133,0,mapped,-15.980338899615091,22.23897175707869,-8.234363971934352,1,0.0,0.0,interior
T099,L,1934,T007,134,0,mapped,-16.384701844855016,22.0567875387066,-8.061343225133836,2,8.881784197001252e-16,4.440892098500626e-16,shared_edge
T099,L,1935,T007,135,0,mapped,-10.487762996711886,19.008569182008358,-12.825208144448084,1,0.0,0.0,interior
T099,L,1936,T007,136,0,mapped,-10.557240859141157,19.389848504731226,-12.458133979253422,1,0.0,0.0,interior
T099,L,1937,T007,137,0,mapped,-10.667233579263236,19.69726676349908,-12.215538076323082,1,0.0,0.0,interior
T099,L,1938,T007,138,0,mapped,-10.811787063837723,20.04409197579434,-11.914381589534734,1,0.0,0.0,interior
T099,L,1939,T007,139,0,mapped,-10.928056013220914,20.480127346456655,-11.537892438132618,1,0.0,0.0,interior
T099,L,1940,T007,140,0,mapped,-11.001445184607903,20.849198779560705,-11.271735670858394,1,0.0,0.0,interior
T099,L,1941,T007,141,0,mapped,-11.150076510805695,21.12174114078443,-10.957045452974203,1,0.0,0.0,interior
T099,L,1942,T007,142,0,mapped,-11.374612719660952,21.492911169297535,-10.704806724062848,1,0.0,0.0,interior
T099,L,1943,T007,143,0,mapped,-11.625335047364878,21.7656457517152,-10.404874169588158,1,0.0,0.0,interior
T099,L,1944,T007,144,0,mapped,-11.816592401197626,22.000546348074813,-10.132315893226881,1,0.0,0.0,interior
T099,L,1945,T007,145,0,mapped,-12.066691629426572,22.29704050190809,-9.871594270621635,1,0.0,0.0,interior
T099,L,1946,T007,146,0,mapped,-12.52568488273814,22.573207141048673,-9.580622619533951,1,0.0,0.0,interior
T099,L,1947,T007,147,0,mapped,-12.996001006405322,22.820628445491074,-9.412601737856757,1,0.0,0.0,interior
T099,L,1948,T007,148,0,mapped,-13.400290164318614,22.926870842403325,-9.219105924794096,1,0.0,0.0,interior
T099,L,1949,T007,149,0,mapped,-13.951257706157966,22.99198342333298,-9.023483375016632,1,0.0,0.0,interior
T099,L,1950,T007,150,0,mapped,-14.346556091230948,22.915761061021545,-8.79380804607592,1,0.0,0.0,interior
T099,L,1951,T007,151,0,mapped,-14.82955131090569,22.69968146035146,-8.580893858298257,1,0.0,0.0,interior
T099,L,1952,T007,152,0,mapped,-15.216692957047721,22.588063343909855,-8.352958534898008,1,0.0,0.0,interior
T099,L,1953,T007,153,0,mapped,-15.626633813430029,22.401252184861658,-8.17141682094244,2,0.0,0.0,shared_edge
T099,L,1954,T007,154,0,mapped,-10.42501480352584,18.650655356318644,-12.836283550358912,1,0.0,0.0,interior
T099,L,1955,T007,155,0,mapped,-10.50817194474022,19.049123820277153,-12.541253259740607,1,0.0,0.0,interior
T099,L,1956,T007,156,0,mapped,-10.573803023632685,19.403960224581756,-12.214222322747917,1,0.0,0.0,interior
T099,L,1957,T007,157,0,mapped,-10.68817656050654,19.7516503883755,-11.930159413886457,1,0.0,0.0,interior
T099,L,1958,T007,158,0,mapped,-10.872633432572899,20.07924929743064,-11.597194224547454,1,0.0,0.0,interior
T099,L,1959,T007,159,0,mapped,-10.951800912100143,20.47060612636887,-11.294193340316255,1,0.0,0.0,interior
T099,L,1960,T007,160,0,mapped,-11.033397193024742,20.80853934068625,-10.976019828488429,1,0.0,0.0,interior
T099,L,1961,T007,161,0,mapped,-11.162137048796906,21.125394197014536,-10.627658075776948,1,0.0,0.0,interior
T099,L,1962,T007,162,0,mapped,-11.380423183487478,21.46845932987641,-10.411506538263287,1,0.0,0.0,interior
T099,L,1963,T007,163,0,mapped,-11.62975139375148,21.73721283355171,-10.12969243877961,1,0.0,0.0,interior
T099,L,1964,T007,164,0,mapped,-11.900130545404107,22.05435851779791,-9.838017677645855,1,0.0,0.0,interior
T099,L,1965,T007,165,0,mapped,-12.22544845217009,22.32738095251778,-9.576174401152718,1,0.0,0.0,interior
T099,L,1966,T007,166,0,mapped,-12.739596178753812,22.672979705084202,-9.382545707359103,1,0.0,0.0,interior
T099,L,1967,T007,167,0,mapped,-13.103994791246762,22.789671106209358,-9.180799654748387,1,0.0,0.0,interior
T099,L,1968,T007,168,0,mapped,-13.539597572453225,22.879052730812205,-8.969112526213323,1,0.0,0.0,interior
T099,L,1969,T007,169,0,mapped,-14.002819579123914,22.930581549599115,-8.789127110058766,1,0.0,0.0,interior
T099,L,1970,T007,170,0,mapped,-14.448811991718236,22.83205971322904,-8.526712104529908,1,0.0,0.0,interior
T099,L,1971,T007,171,0,mapped,-14.852471916103122,22.66724656479543,-8.284802821671843,2,1.3322676295501878e-15,6.661338147750939e-16,shared_edge
T099,L,1972,T007,172,0,mapped,-10.378848764978445,18.30577797945967,-12.92481105361595,1,0.0,0.0,interior
T099,L,1973,T007,173,0,mapped,-10.472638689537733,18.725532360561438,-12.561257135625135,1,0.0,0.0,interior
T099,L,1974,T007,174,0,mapped,-10.624667353496255,19.113218401087643,-12.235225744730771,1,0.0,0.0,interior
T099,L,1975,T007,175,0,mapped,-10.602544754799535,19.384459845005722,-11.995391429793248,1,0.0,0.0,interior
T099,L,1976,T007,176,0,mapped,-10.709232657107593,19.73235155974935,-11.62781680441716,1,0.0,0.0,interior
T099,L,1977,T007,177,0,mapped,-10.89569095821528,20.089646138816857,-11.262434471720521,1,0.0,0.0,interior
T099,L,1978,T007,178,0,mapped,-10.966912590346324,20.483085221337735,-10.989638631419304,1,0.0,0.0,interior
T099,L,1979,T007,179,0,mapped,-11.048919052933243,20.818263471019886,-10.679215582939928,1,0.0,0.0,interior
T099,L,1980,T007,180,0,mapped,-11.214375205587533,21.19581414646838,-10.361165148662705,1,0.0,0.0,interior
T099,L,1981,T007,181,0,mapped,-11.477165044059468,21.552752990315273,-10.134095756269511,1,0.0,0.0,interior
T099,L,1982,T007,182,0,mapped,-11.701301202259934,21.76505203588704,-9.831103133424232,1,0.0,0.0,interior
T099,L,1983,T007,183,0,mapped,-11.942656672262803,22.03183825131577,-9.576718386695813,1,0.0,0.0,interior
T099,L,1984,T007,184,0,mapped,-12.329966461105272,22.314700796366527,-9.342388524521567,1,0.0,0.0,interior
T099,L,1985,T007,185,0,mapped,-12.813257387349575,22.604992748055974,-9.12660559209517,1,0.0,0.0,interior
T099,L,1986,T007,186,0,mapped,-13.212639252021075,22.73598464763016,-8.950627051815049,1,0.0,0.0,interior
T099,L,1987,T007,187,0,mapped,-13.70601642836938,22.848735793901096,-8.742960154230211,1,0.0,0.0,interior
T099,L,1988,T007,188,0,mapped,-14.10345985782805,22.86088937635531,-8.557709478257934,2,8.881784197001252e-16,4.440892098500626e-16,shared_edge
T099,L,1989,T007,189,0,mapped,-10.367499298832186,17.971014440302735,-13.019812204630117,1,0.0,0.0,interior
T099,L,1990,T007,190,0,mapped,-10.429592088640259,18.372729678667035,-12.60119749691375,1,0.0,0.0,interior
T099,L,1991,T007,191,0,mapped,-10.681174520797017,18.814618342944225,-12.295917882194484,1,0.0,0.0,interior
T099,L,1992,T007,192,0,mapped,-10.711223087489431,19.172228814530232,-12.014683841459,1,0.0,0.0,interior
T099,L,1993,T007,193,0,mapped,-10.654204979037878,19.39129528756152,-11.640170358698903,1,0.0,0.0,interior
T099,L,1994,T007,194,0,mapped,-10.773698487587872,19.732441904657907,-11.320646519551756,1,0.0,0.0,interior
T099,L,1995,T007,195,0,mapped,-10.904457777751523,20.1024928079094,-10.959696547024796,1,0.0,0.0,interior
T099,L,1996,T007,196,0,mapped,-10.952955705705593,20.45216528612498,-10.62548088558476,1,0.0,0.0,interior
T099,L,1997,T007,197,0,mapped,-11.044698839557137,20.819122612675095,-10.296815932987993,1,0.0,0.0,interior
T099,L,1998,T007,198,0,mapped,-11.294950612482562,21.24554030159102,-10.090211326222033,1,0.0,0.0,interior
T099,L,1999,T007,199,0,mapped,-11.530120524956287,21.59052726199191,-9.835353985428078,1,0.0,0.0,interior
T099,L,2000,T007,200,0,mapped,-11.786389200102443,21.827501824443832,-9.550857817329632,1,0.0,0.0,interior
T099,L,2001,T007,201,0,mapped,-12.037647764926826,22.03307646117451,-9.241454916492316,1,0.0,0.0,interior
T099,L,2002,T007,202,0,mapped,-12.464569228079032,22.35422049899228,-9.165861500036527,1,0.0,0.0,interior
T099,L,2003,T007,203,0,mapped,-12.886048264377964,22.5147523685828,-8.876515380763788,1,0.0,0.0,interior
T099,L,2004,T007,204,0,mapped,-13.318637961723816,22.65327587296537,-8.690374094593505,2,0.0,0.0,shared_edge
T099,L,2005,T007,205,0,mapped,-10.36277423277419,17.608750884632013,-13.017165371167478,1,0.0,0.0,interior
T099,L,2006,T007,206,0,mapped,-10.379237005608736,18.022154119163808,-12.618540574178699,1,0.0,0.0,interior
T099,L,2007,T007,207,0,mapped,-10.652049348150609,18.448615913121632,-12.387527446363713,1,0.0,0.0,interior
T099,L,2008,T007,208,0,mapped,-10.8562740294148,18.83521497931111,-12.07097752373575,1,0.0,0.0,interior
T099,L,2009,T007,209,0,mapped,-10.769774855246043,19.113068146194774,-11.698792668068718,1,0.0,0.0,interior
T099,L,2010,T007,210,0,mapped,-10.74295002007676,19.407038356004946,-11.322510536376695,1,0.0,0.0,interior
T099,L,2011,T007,211,0,mapped,-10.883736396814056,19.7635352461779,-10.995112854768394,1,0.0,0.0,interior
T099,L,2012,T007,212,0,mapped,-10.941687285284296,20.12220931541148,-10.651309536455377,1,0.0,0.0,interior
T099,L,2013,T007,213,0,mapped,-10.973480727200881,20.48814513419353,-10.27705283870948,1,0.0,0.0,interior
T099,L,2014,T007,214,0,mapped,-11.099621727788708,20.903914914769725,-10.017894896421161,1,0.0,0.0,interior
T099,L,2015,T007,215,0,mapped,-11.318031748692547,21.288748560341453,-9.787870736551707,1,0.0,0.0,interior
T099,L,2016,T007,216,0,mapped,-11.581610782512236,21.618305089694903,-9.560442294797774,1,0.0,0.0,interior
T099,L,2017,T007,217,0,mapped,-11.799607640371757,21.816740576620514,-9.295642565179083,1,0.0,0.0,interior
T099,L,2018,T007,218,0,mapped,-12.16357083755329,22.10381821361382,-9.156872657398097,1,0.0,0.0,interior
T099,L,2019,T007,219,0,mapped,-12.614363203708022,22.332702636434735,-8.915641142985582,2,9.550499576785472e-16,4.775249788392736e-16,shared_edge
T099,L,2020,T007,220,0,mapped,-10.400002412373075,17.248809737203985,-13.011425364790329,1,0.0,0.0,interior
T099,L,2021,T007,221,0,mapped,-10.362842167124835,17.64972331690474,-12.6350993013731,1,0.0,0.0,interior
T099,L,2022,T007,222,0,mapped,-10.547554546501978,18.101373526341654,-12.342285790605727,1,0.0,0.0,interior
T099,L,2023,T007,223,0,mapped,-10.903004983600576,18.470009771744827,-12.15747077866117,1,0.0,0.0,interior
T099,L,2024,T007,224,0,mapped,-10.931434070669766,18.823520876317822,-11.775789130851154,1,0.0,0.0,interior
T099,L,2025,T007,225,0,mapped,-10.780891611918808,19.068615655807044,-11.362153174817877,1,0.0,0.0,interior
T099,L,2026,T007,226,0,mapped,-10.897107753267681,19.452016314053843,-11.008443930041302,1,0.0,0.0,interior
T099,L,2027,T007,227,0,mapped,-10.965219295810858,19.819417205897786,-10.66574437631068,1,0.0,0.0,interior
T099,L,2028,T007,228,0,mapped,-10.948995166368714,20.123159979455266,-10.309769706425175,1,0.0,0.0,interior
T099,L,2029,T007,229,0,mapped,-10.992341783814325,20.52804012467983,-9.94652502204017,1,0.0,0.0,interior
T099,L,2030,T007,230,0,mapped,-11.159340247964323,20.89915224357394,-9.758895303222435,1,0.0,0.0,interior
T099,L,2031,T007,231,0,mapped,-11.318876158764983,21.299164701800425,-9.528648576882004,1,0.0,0.0,interior
T099,L,2032,T007,232,0,mapped,-11.573465671351217,21.583478734387384,-9.300930193119719,1,0.0,0.0,interior
T099,L,2033,T007,233,0,mapped,-11.932185302992693,21.883723855182254,-9.061875659402045,2,3.7751664318895333e-16,1.8875832159447664e-16,shared_edge
T099,L,2034,T007,234,0,mapped,-10.471935206121213,16.89619667174975,-12.997270643866365,1,0.0,0.0,interior
T099,L,2035,T007,235,0,mapped,-10.386874476680514,17.318910724317597,-12.642971364193684,1,0.0,0.0,interior
T099,L,2036,T007,236,0,mapped,-10.492763984369,17.725208995836514,-12.31092318665446,1,0.0,0.0,interior
T099,L,2037,T007,237,0,mapped,-10.866255443537106,18.10034104738437,-12.171820148791776,1,0.0,0.0,interior
T099,L,2038,T007,238,0,mapped,-11.053723692781961,18.485579148772253,-11.863460850128124,1,0.0,0.0,interior
T099,L,2039,T007,239,0,mapped,-10.893440818408294,18.767126651910296,-11.449376840519005,1,0.0,0.0,interior
T099,L,2040,T007,240,0,mapped,-10.915435599127658,19.108963163214646,-11.033222258813392,1,0.0,0.0,interior
T099,L,2041,T007,241,0,mapped,-11.028645473180266,19.495124733372844,-10.703588385526793,1,0.0,0.0,interior
T099,L,2042,T007,242,0,mapped,-11.010890045110578,19.81839046815395,-10.364406676571665,1,0.0,0.0,interior
T099,L,2043,T007,243,0,mapped,-10.982627508388582,20.135916113766573,-9.999385892682659,1,0.0,0.0,interior
T099,L,2044,T007,244,0,mapped,-11.050342532458682,20.563570361123688,-9.618028789963292,1,0.0,0.0,interior
T099,L,2045,T007,245,0,mapped,-11.182589382328393,20.95166761584298,-9.462424087598167,1,0.0,0.0,interior
T099,L,2046,T007,246,0,mapped,-11.346075185093069,21.297281592283984,-9.178809056058448,2,9.42055475210265e-16,4.710277376051325e-16,shared_edge
T099,L,2047,T007,247,0,mapped,-10.556344432955635,16.572071010497226,-13.134610108331408,1,0.0,0.0,interior
T099,L,2048,T007,248,0,mapped,-10.467044080578129,16.95453030717423,-12.688640550093622,1,0.0,0.0,interior
T099,L,2049,T007,249,0,mapped,-10.500605444190754,17.357559571052334,-12.311592985302,1,0.0,0.0,interior
T099,L,2050,T007,250,0,mapped,-10.775772252426203,17.759242621972216,-12.125741288760288,1,0.0,0.0,interior
T099,L,2051,T007,251,0,mapped,-11.101760105387505,18.109725159406793,-11.925708883098574,1,0.0,0.0,interior
T099,L,2052,T007,252,0,mapped,-11.053783391083325,18.46942216968931,-11.531996843100496,1,0.0,0.0,interior
T099,L,2053,T007,253,0,mapped,-10.96761431436115,18.761682746062093,-11.10143881330137,1,0.0,0.0,interior
T099,L,2054,T007,254,0,mapped,-11.098868053754554,19.15864263328569,-10.735154612775803,1,0.0,0.0,interior
T099,L,2055,T007,255,0,mapped,-11.100078496802029,19.50390749705156,-10.404698889285621,1,0.0,0.0,interior
T099,L,2056,T007,256,0,mapped,-11.036412076258014,19.82608003029659,-10.075427704131164,1,0.0,0.0,interior
T099,L,2057,T007,257,0,mapped,-11.027989552857473,20.19756456883318,-9.69709694807882,1,0.0,0.0,interior
T099,L,2058,T007,258,0,mapped,-11.070485870175416,20.568204411749903,-9.367470476381762,2,8.881784197001252e-16,4.440892098500626e-16,shared_edge
T099,L,2059,T007,259,0,mapped,-10.6598962175714,16.231214558111887,-13.142846423086832,1,0.0,0.0,interior
T099,L,2060,T007,260,0,mapped,-10.540125679149053,16.704432540792418,-12.77964887193304,1,0.0,0.0,interior
T099,L,2061,T007,261,0,mapped,-10.551774093843736,17.010453463134116,-12.359678487848416,1,0.0,0.0,interior
T099,L,2062,T007,262,0,mapped,-10.752430306968412,17.387481794638205,-12.069512725636976,1,0.0,0.0,interior
T099,L,2063,T007,263,0,mapped,-11.097209718361842,17.74376406315813,-11.967451723008196,1,0.0,0.0,interior
T099,L,2064,T007,264,0,mapped,-11.181050881465012,18.12678168372791,-11.626657719236736,1,0.0,0.0,interior
T099,L,2065,T007,265,0,mapped,-11.09841687929924,18.451183395702525,-11.206635187453454,1,0.0,0.0,interior
T099,L,2066,T007,266,0,mapped,-11.142275564103686,18.796347172780994,-10.789838591942926,1,0.0,0.0,interior
T099,L,2067,T007,267,0,mapped,-11.199548480855912,19.167491704215127,-10.418397712979132,1,0.0,0.0,interior
T099,L,2068,T007,268,0,mapped,-11.127737277343584,19.495152290078533,-10.098329410002087,1,0.0,0.0,interior
T099,L,2069,T007,269,0,mapped,-11.056735016700852,19.867440964992106,-9.78052542115832,2,8.95090418262362e-16,4.47545209131181e-16,shared_edge
T099,L,2070,T007,270,0,mapped,-10.80132361399679,15.896651393123088,-13.116192751576477,1,0.0,0.0,interior
T099,L,2071,T007,271,0,mapped,-10.711809861701727,16.25124929383719,-12.844266712889695,1,0.0,0.0,interior
T099,L,2072,T007,272,0,mapped,-10.667066602620187,16.667614239967552,-12.465830267563724,1,0.0,0.0,interior
T099,L,2073,T007,273,0,mapped,-10.746988259482077,17.03769687285933,-12.076889462174274,1,0.0,0.0,interior
T099,L,2074,T007,274,0,mapped,-11.065361050845096,17.390813308646567,-11.97690386822191,1,0.0,0.0,interior
T099,L,2075,T007,275,0,mapped,-11.25387713734325,17.771395383424256,-11.738498379708982,1,0.0,0.0,interior
T099,L,2076,T007,276,0,mapped,-11.238198926716096,18.152459552763943,-11.321177802811611,1,0.0,0.0,interior
T099,L,2077,T007,277,0,mapped,-11.237984231206969,18.47841353315772,-10.897560436412617,1,0.0,0.0,interior
T099,L,2078,T007,278,0,mapped,-11.298087547394436,18.804902920407606,-10.45558307263028,1,0.0,0.0,interior
T099,L,2079,T007,279,0,mapped,-11.259225800966526,19.143538003780986,-10.073911178048567,2,0.0,0.0,shared_edge
T099,L,2080,T007,280,0,mapped,-10.977669419917792,15.579776265841927,-13.08522832024682,1,0.0,0.0,interior
T099,L,2081,T007,281,0,mapped,-10.89848124319293,15.912568377535262,-12.808757926122816,1,0.0,0.0,interior
T099,L,2082,T007,282,0,mapped,-10.790828151752711,16.36330105601762,-12.56235645911977,1,0.0,0.0,interior
T099,L,2083,T007,283,0,mapped,-10.808552557245253,16.70998803567219,-12.162661201141177,1,0.0,0.0,interior
T099,L,2084,T007,284,0,mapped,-11.03473329323051,17.011238167859428,-11.910872999079812,1,0.0,0.0,interior
T099,L,2085,T007,285,0,mapped,-11.302879829813133,17.44595482948062,-11.81136100208884,1,0.0,0.0,interior
T099,L,2086,T007,286,0,mapped,-11.352205100569018,17.836758823222844,-11.436349755572211,1,0.0,0.0,interior
T099,L,2087,T007,287,0,mapped,-11.331970771022373,18.193352073688047,-11.028683507123537,1,0.0,0.0,interior
T099,L,2088,T007,288,0,mapped,-11.381026829000957,18.507481805118847,-10.576213607572633,2,9.694605782913356e-16,4.847302891456678e-16,shared_edge
T099,L,2089,T007,289,0,mapped,-10.9944086373752,15.2821459979548,-13.269075315316604,1,0.0,0.0,interior
T099,L,2090,T007,290,0,mapped,-11.002538659120471,15.667475526263605,-12.927802333929543,1,0.0,0.0,interior
T099,L,2091,T007,291,0,mapped,-10.934302920208934,15.96550189213772,-12.615391712197484,1,0.0,0.0,interior
T099,L,2092,T007,292,0,mapped,-10.977822071077615,16.382713517817994,-12.269330107027354,1,0.0,0.0,interior
T099,L,2093,T007,293,0,mapped,-11.001428678924942,16.69452882462715,-11.92880589341801,1,0.0,0.0,interior
T099,L,2094,T007,294,0,mapped,-11.303561669651955,17.120422808988508,-11.796114597108915,1,0.0,0.0,interior
T099,L,2095,T007,295,0,mapped,-11.457394199882062,17.53418572958478,-11.517889828906835,1,0.0,0.0,interior
T099,L,2096,T007,296,0,mapped,-11.449600544015938,17.90228205898337,-11.136953038454987,2,9.305364597889229e-16,4.652682298944613e-16,shared_edge
T099,L,2097,T007,297,0,mapped,-10.971993532692284,14.942866153992131,-13.395294195528493,1,0.0,0.0,interior
T099,L,2098,T007,298,0,mapped,-11.105970562298953,15.319207098964561,-13.018843464928223,1,0.0,0.0,interior
T099,L,2099,T007,299,0,mapped,-11.096320319414037,15.634346446120635,-12.671139118757646,1,0.0,0.0,interior
T099,L,2100,T007,300,0,mapped,-11.011644054243847,16.040936989863862,-12.418507260871309,1,0.0,0.0,interior
T099,L,2101,T007,301,0,mapped,-11.116251547569277,16.39459081732408,-12.00169879398409,1,0.0,0.0,interior
T099,L,2102,T007,302,0,mapped,-11.26804375051413,16.790210526178367,-11.778989481768953,1,0.0,0.0,interior
T099,L,2103,T007,303,0,mapped,-11.541434067832135,17.222155921497777,-11.554432504823232,2,1.2609709600486848e-15,6.304854800243424e-16,shared_edge
T099,L,2104,T007,304,0,mapped,-10.924356655820516,14.594678113890316,-13.475999592118455,1,0.0,0.0,interior
T099,L,2105,T007,305,0,mapped,-11.100032487759039,15.020067370514807,-13.19872202271824,1,0.0,0.0,interior
T099,L,2106,T007,306,0,mapped,-11.17575216429723,15.371242201207153,-12.810638134374429,1,0.0,0.0,interior
T099,L,2107,T007,307,0,mapped,-11.120282198356284,15.745652594425371,-12.471113432012558,1,0.0,0.0,interior
T099,L,2108,T007,308,0,mapped,-11.249964003146191,16.03644132040786,-12.084044915550608,1,0.0,0.0,interior
T099,L,2109,T007,309,0,mapped,-11.331687456217203,16.46245271214545,-11.779738754901953,2,1.2863743655007717e-15,6.4318718275038595e-16,shared_edge
T099,L,2110,T007,310,0,mapped,-10.945911290720247,14.231770975733053,-13.462727704562607,1,0.0,0.0,interior
T099,L,2111,T007,311,0,mapped,-11.122452489939626,14.65381768490903,-13.265042342890471,1,0.0,0.0,interior
T099,L,2112,T007,312,0,mapped,-11.216699292589766,15.05687787943145,-12.929515681974413,1,0.0,0.0,interior
T099,L,2113,T007,313,0,mapped,-11.246793532135715,15.423432211671054,-12.549616560619583,1,0.0,0.0,interior
T099,L,2114,T007,314,0,mapped,-11.326296221473935,15.75443442468519,-12.15781833090373,2,8.95090418262362e-16,4.47545209131181e-16,shared_edge
T099,L,2115,T007,315,0,mapped,-10.915458940325376,13.870457054235246,-13.458658190118516,1,0.0,0.0,interior
T099,L,2116,T007,316,0,mapped,-11.130623412057304,14.329242982779276,-13.266146531915226,1,0.0,0.0,interior
T099,L,2117,T007,317,0,mapped,-11.245908118061614,14.723946411347033,-13.047528877179102,1,0.0,0.0,interior
T099,L,2118,T007,318,0,mapped,-11.299677038231414,15.107611467338096,-12.682107665095682,2,1.2670655869532562e-15,6.335327934766281e-16,shared_edge
T099,L,2119,T007,319,0,mapped,-10.812169628688878,13.535663452621858,-13.432839181076929,1,0.0,0.0,interior
T099,L,2120,T007,320,0,mapped,-11.083531696031168,13.982532598754863,-13.29207323780174,1,0.0,0.0,interior
T099,L,2121,T007,321,0,mapped,-11.268629422323524,14.38357224380702,-13.073490463908277,2,1.7979101253009106e-15,8.989550626504553e-16,shared_edge
T099,L,2122,T007,322,0,mapped,-10.741095516689853,13.190026209146685,-13.350020982861086,1,0.0,0.0,interior
T099,L,2123,T007,323,0,mapped,-11.034784449048935,13.622981019557722,-13.235094725717802,2,1.1102230246251563e-16,5.551115123125783e-17,shared_edge
T099,L,2124,T012,0,-1,landmark_vertex,-10.701461928598714,12.88052839928441,-13.186453518363809,3,0.0,0.0,landmark
T099,L,2125,T008,0,0,mapped,-29.7037336144527,21.35955476978167,-5.642998691936105,1,0.0,0.0,landmark
T099,L,2126,T008,1,0,mapped,-29.580556628457344,20.126276049799046,-6.473136805664094,1,0.0,0.0,interior
T099,L,2127,T008,2,0,mapped,-29.429036739856294,18.746158941300067,-7.052268731639645,1,0.0,0.0,interior
T099,L,2128,T008,3,0,mapped,-29.352078880272494,17.56602990608288,-8.019569668094801,1,0.0,0.0,interior
T099,L,2129,T008,4,0,mapped,-29.54618206303224,16.558075347783824,-9.15213591561665,1,0.0,0.0,interior
T099,L,2130,T008,5,0,mapped,-29.721878559723642,15.540813777431449,-10.306904918297155,1,0.0,0.0,interior
T099,L,2131,T008,6,0,mapped,-29.777501057842173,14.57849486834084,-11.53003266049321,1,0.0,0.0,interior
T099,L,2132,T008,7,0,mapped,-29.597209469576313,13.872568586664531,-12.80490449105094,1,0.0,0.0,interior
T099,L,2133,T008,8,0,mapped,-29.49733154286873,13.416378443095104,-14.226974114042424,1,0.0,0.0,interior
T099,L,2134,T008,9,0,mapped,-30.19484793328678,12.408789714334162,-14.861697864563848,1,0.0,0.0,interior
T099,L,2135,T008,10,0,mapped,-30.963701318535698,11.276414111894368,-15.48432344511593,1,0.0,0.0,interior
T099,L,2136,T008,11,0,mapped,-31.6261446447807,10.53791557735535,-16.59387102970927,1,0.0,0.0,interior
T099,L,2137,T008,12,0,mapped,-31.67865997670193,9.765895572456111,-17.914732642978382,1,0.0,0.0,interior
T099,L,2138,T008,13,0,mapped,-31.298450982807978,9.398493339654806,-19.340239017106654,1,0.0,0.0,interior
T099,L,2139,T008,14,0,mapped,-30.332622887638216,9.323714605091082,-20.5173565247531,1,0.0,0.0,interior
T099,L,2140,T008,15,0,mapped,-28.96129797326373,9.460998935502664,-21.17409930245447,1,0.0,0.0,interior
T099,L,2141,T008,16,0,mapped,-27.465456894448366,9.634239641055652,-20.944806781223384,1,0.0,0.0,interior
T099,L,2142,T008,17,0,mapped,-26.33916167247297,10.180981163096352,-20.077081251295787,1,0.0,0.0,interior
T099,L,2143,T008,18,0,mapped,-25.490653286687014,10.586907532405707,-18.90913785393131,1,0.0,0.0,interior
T099,L,2144,T008,19,0,mapped,-24.304866519092563,11.084385400366326,-18.114823364401673,1,0.0,0.0,interior
T099,L,2145,T008,20,0,mapped,-22.941134726106142,11.396058532632853,-17.453060763519026,1,0.0,0.0,interior
T099,L,2146,T008,21,0,mapped,-21.565315402205954,11.773437921341166,-16.88383232004464,1,0.0,0.0,interior
T099,L,2147,T008,22,0,mapped,-20.172836071606262,12.240555002152691,-16.393129259093335,1,0.0,0.0,interior
T099,L,2148,T008,23,0,mapped,-18.930920896829218,12.792648252159697,-15.746007003642903,1,0.0,0.0,interior
T099,L,2149,T014,0,-1,landmark_vertex,-18.098447130540713,13.520533720327968,-14.702115901750036,4,0.0,0.0,landmark
T099,L,2150,T008,25,0,mapped,-29.640087998395437,21.157585935929994,-6.852547033529904,1,0.0,0.0,interior
T099,L,2151,T008,26,0,mapped,-29.52510087023449,19.700464556561016,-7.563473043374214,1,0.0,0.0,interior
T099,L,2152,T008,27,0,mapped,-29.504632922386413,18.488144161452173,-8.376048672357939,1,0.0,0.0,interior
T099,L,2153,T008,28,0,mapped,-29.67157962382381,17.460217169679435,-9.156333498483264,1,0.0,0.0,interior
T099,L,2154,T008,29,0,mapped,-29.912148976703925,16.284571065955884,-10.276089468158894,1,0.0,0.0,interior
T099,L,2155,T008,30,0,mapped,-30.05306448954171,15.21640701447534,-11.49421168308429,1,0.0,0.0,interior
T099,L,2156,T008,31,0,mapped,-29.92227844246102,14.35788227064367,-12.937473106884996,1,0.0,0.0,interior
T099,L,2157,T008,32,0,mapped,-29.716247193895505,13.951980725948262,-14.182707466133598,1,0.0,0.0,interior
T099,L,2158,T008,33,0,mapped,-30.168396310303372,12.942044095499293,-15.03723579328714,1,0.0,0.0,interior
T099,L,2159,T008,34,0,mapped,-31.14054104598503,12.064121759500603,-15.668805184181014,1,0.0,0.0,interior
T099,L,2160,T008,35,0,mapped,-31.737045999344048,11.194821754469356,-16.562345594943544,1,0.0,0.0,interior
T099,L,2161,T008,36,0,mapped,-31.88339785372643,10.28543654250814,-17.951969989134504,1,0.0,0.0,interior
T099,L,2162,T008,37,0,mapped,-31.605411970246685,9.850511152290903,-19.252116679585278,1,0.0,0.0,interior
T099,L,2163,T008,38,0,mapped,-30.65218653120484,9.733451820654642,-20.611960366496426,1,0.0,0.0,interior
T099,L,2164,T008,39,0,mapped,-29.289562833673948,9.647851319552412,-21.28720688639225,1,0.0,0.0,interior
T099,L,2165,T008,40,0,mapped,-27.781745136398175,10.00307232121831,-21.20767067925481,1,0.0,0.0,interior
T099,L,2166,T008,41,0,mapped,-26.668387688466858,10.454631379519792,-20.425850572439238,1,0.0,0.0,interior
T099,L,2167,T008,42,0,mapped,-25.814747331456367,10.960350373771067,-19.305877051894747,1,0.0,0.0,interior
T099,L,2168,T008,43,0,mapped,-24.61626471892654,11.354181904364882,-18.45031942845512,1,0.0,0.0,interior
T099,L,2169,T008,44,0,mapped,-23.27590459931261,11.70507970958956,-17.82414914686519,1,0.0,0.0,interior
T099,L,2170,T008,45,0,mapped,-21.928011979318022,12.061302479580972,-17.170963300720654,1,0.0,0.0,interior
T099,L,2171,T008,46,0,mapped,-20.698112400219358,12.539173096299995,-16.65298376849206,1,0.0,0.0,interior
T099,L,2172,T008,47,0,mapped,-19.452289854005425,13.134682763944806,-15.923239165414193,1,0.0,0.0,interior
T099,L,2173,T008,48,0,mapped,-18.51679533275125,13.758242204019584,-14.880706275886668,2,3.688882027804963e-15,1.8444410139024814e-15,shared_edge
T099,L,2174,T008,49,0,mapped,-29.59706136585094,20.705192606243344,-7.966639453918595,1,0.0,0.0,interior
T099,L,2175,T008,50,0,mapped,-29.663918256753703,19.389320214250073,-8.756277577238397,1,0.0,0.0,interior
T099,L,2176,T008,51,0,mapped,-29.845855061865045,18.34151726120087,-9.49823229971777,1,0.0,0.0,interior
T099,L,2177,T008,52,0,mapped,-30.08400965363264,17.142153705464928,-10.265923460965997,1,0.0,0.0,interior
T099,L,2178,T008,53,0,mapped,-30.30182990509465,15.903007519760035,-11.534166706262862,1,0.0,0.0,interior
T099,L,2179,T008,54,0,mapped,-30.213967445253047,14.881094869512559,-12.86994452712695,1,0.0,0.0,interior
T099,L,2180,T008,55,0,mapped,-29.933461427379562,14.367925826951764,-14.04889827157237,1,0.0,0.0,interior
T099,L,2181,T008,56,0,mapped,-30.10739484963741,13.633458297007182,-15.1934032290197,1,0.0,0.0,interior
T099,L,2182,T008,57,0,mapped,-31.247968666670992,12.63759196508426,-15.856880318732449,1,0.0,0.0,interior
T099,L,2183,T008,58,0,mapped,-31.880421466116623,11.777974051836546,-16.671411097656282,1,0.0,0.0,interior
T099,L,2184,T008,59,0,mapped,-32.06425456928807,10.82484440356615,-17.918413594066354,1,0.0,0.0,interior
T099,L,2185,T008,60,0,mapped,-31.845853538837588,10.360525377169013,-19.261714274981358,1,0.0,0.0,interior
T099,L,2186,T008,61,0,mapped,-31.037750382779436,10.144315398208294,-20.589016721207766,1,0.0,0.0,interior
T099,L,2187,T008,62,0,mapped,-29.755102797201786,10.143009605850658,-21.444513585784474,1,0.0,0.0,interior
T099,L,2188,T008,63,0,mapped,-28.11158526609404,10.255795419516884,-21.45037542468489,1,0.0,0.0,interior
T099,L,2189,T008,64,0,mapped,-26.947508433138744,10.673122832899612,-20.704143727533264,1,0.0,0.0,interior
T099,L,2190,T008,65,0,mapped,-26.084158445702435,11.240899968983046,-19.619017718464573,1,0.0,0.0,interior
T099,L,2191,T008,66,0,mapped,-24.899001846653384,11.599743684281444,-18.758680905419332,1,0.0,0.0,interior
T099,L,2192,T008,67,0,mapped,-23.546398395439684,12.049063937677458,-18.23444616459337,1,0.0,0.0,interior
T099,L,2193,T008,68,0,mapped,-22.279103062005092,12.37511597883305,-17.530747093995544,1,0.0,0.0,interior
T099,L,2194,T008,69,0,mapped,-21.2363812139702,12.752808698179471,-16.89478644063671,1,0.0,0.0,interior
T099,L,2195,T008,70,0,mapped,-20.104792670723263,13.433141021573855,-16.14726308355246,1,0.0,0.0,interior
T099,L,2196,T008,71,0,mapped,-18.97003661755496,13.701844695723103,-15.30505137303296,2,1.8610729195778454e-15,9.305364597889229e-16,shared_edge
T099,L,2197,T008,72,0,mapped,-29.809590316483025,20.316681362111204,-9.137736194546488,1,0.0,0.0,interior
T099,L,2198,T008,73,0,mapped,-30.009726143623112,19.21831652669591,-9.862101120057789,1,0.0,0.0,interior
T099,L,2199,T008,74,0,mapped,-30.266433078598475,17.92578291175724,-10.492699052359372,1,0.0,0.0,interior
T099,L,2200,T008,75,0,mapped,-30.57045775592873,16.632243542730542,-11.57865144583857,1,0.0,0.0,interior
T099,L,2201,T008,76,0,mapped,-30.488926195698916,15.501889826598646,-12.928416758110934,1,0.0,0.0,interior
T099,L,2202,T008,77,0,mapped,-30.16556408711761,14.847383669395828,-14.074342884669463,1,0.0,0.0,interior
T099,L,2203,T008,78,0,mapped,-30.033704012782437,14.16336127490861,-15.263747182352027,1,0.0,0.0,interior
T099,L,2204,T008,79,0,mapped,-31.180990471496642,13.265973037061862,-15.902984376408801,1,0.0,0.0,interior
T099,L,2205,T008,80,0,mapped,-32.00238896446256,12.36887773424444,-16.77613043986425,1,0.0,0.0,interior
T099,L,2206,T008,81,0,mapped,-32.21237611444786,11.32967500309352,-17.84028265759756,1,0.0,0.0,interior
T099,L,2207,T008,82,0,mapped,-32.150195904884164,10.952712349245365,-19.176928773541235,1,0.0,0.0,interior
T099,L,2208,T008,83,0,mapped,-31.468239185273212,10.683978657814862,-20.5963456234219,1,0.0,0.0,interior
T099,L,2209,T008,84,0,mapped,-30.13901207319182,10.399281951081258,-21.488375018722998,1,0.0,0.0,interior
T099,L,2210,T008,85,0,mapped,-28.489263351594666,10.615965546199451,-21.694218909647358,1,0.0,0.0,interior
T099,L,2211,T008,86,0,mapped,-27.258863120056454,10.904588565603033,-21.051677981610446,1,0.0,0.0,interior
T099,L,2212,T008,87,0,mapped,-26.349289943203637,11.530969646280836,-19.958179521228807,1,0.0,0.0,interior
T099,L,2213,T008,88,0,mapped,-25.245639822285007,11.968699865533642,-19.117451677506917,1,0.0,0.0,interior
T099,L,2214,T008,89,0,mapped,-23.79273095669324,12.332822352847558,-18.55047149006194,1,0.0,0.0,interior
T099,L,2215,T008,90,0,mapped,-22.51686802687368,12.658343601680283,-17.840630429185897,1,0.0,0.0,interior
T099,L,2216,T008,91,0,mapped,-21.586165096048333,13.07223168097341,-17.10223678919475,1,0.0,0.0,interior
T099,L,2217,T008,92,0,mapped,-20.5753944122263,13.666864115784115,-16.30674873177403,1,0.0,0.0,interior
T099,L,2218,T008,93,0,mapped,-19.459003768229593,14.0349592238171,-15.377163549450703,2,0.0,0.0,shared_edge
T099,L,2219,T008,94,0,mapped,-30.193031192771365,20.06229019567992,-10.286247418193524,1,0.0,0.0,interior
T099,L,2220,T008,95,0,mapped,-30.582460605340593,18.68163548874237,-10.898165202115269,1,0.0,0.0,interior
T099,L,2221,T008,96,0,mapped,-30.83907519244341,17.443306358730197,-11.706925720469942,1,0.0,0.0,interior
T099,L,2222,T008,97,0,mapped,-30.748265282592925,16.066897409445687,-12.880316828429066,1,0.0,0.0,interior
T099,L,2223,T008,98,0,mapped,-30.449499873475936,15.28922345114795,-14.076370514350417,1,0.0,0.0,interior
T099,L,2224,T008,99,0,mapped,-30.135106971121374,14.76290498406356,-15.263508955363179,1,0.0,0.0,interior
T099,L,2225,T008,100,0,mapped,-31.246041504838097,14.031834328232854,-16.041174951934202,1,0.0,0.0,interior
T099,L,2226,T008,101,0,mapped,-32.03394261001621,13.056572970181096,-16.73803353437576,1,0.0,0.0,interior
T099,L,2227,T008,102,0,mapped,-32.39263871282369,11.994377581155018,-17.85828257113093,1,0.0,0.0,interior
T099,L,2228,T008,103,0,mapped,-32.36068397707561,11.418146947671774,-19.07004573259487,1,0.0,0.0,interior
T099,L,2229,T008,104,0,mapped,-31.817778575592918,11.058357767135607,-20.465758767680715,1,0.0,0.0,interior
T099,L,2230,T008,105,0,mapped,-30.50190483737299,10.79494058842079,-21.587720808827793,1,0.0,0.0,interior
T099,L,2231,T008,106,0,mapped,-28.88236476731378,10.938429142796513,-21.914989670188593,1,0.0,0.0,interior
T099,L,2232,T008,107,0,mapped,-27.58811402882995,11.212968994116073,-21.371185607213377,1,0.0,0.0,interior
T099,L,2233,T008,108,0,mapped,-26.66516510098906,11.802584975118949,-20.341552277764013,1,0.0,0.0,interior
T099,L,2234,T008,109,0,mapped,-25.548496087875176,12.325603326550855,-19.494506130671166,1,0.0,0.0,interior
T099,L,2235,T008,110,0,mapped,-24.157758516462223,12.559316575928545,-18.94115603381815,1,0.0,0.0,interior
T099,L,2236,T008,111,0,mapped,-22.76490359468434,13.03637550708393,-18.21543197246292,1,0.0,0.0,interior
T099,L,2237,T008,112,0,mapped,-21.929415957533465,13.379222020592023,-17.36790538061365,1,0.0,0.0,interior
T099,L,2238,T008,113,0,mapped,-21.09338651499973,13.819098053836514,-16.568846423764327,1,0.0,0.0,interior
T099,L,2239,T008,114,0,mapped,-19.995981343867644,14.207873537856322,-15.57870880051433,2,2.8174301870297388e-15,1.4087150935148696e-15,shared_edge
T099,L,2240,T008,115,0,mapped,-30.746923862461976,19.42140603889404,-11.203449942917231,1,0.0,0.0,interior
T099,L,2241,T008,116,0,mapped,-31.055433385817096,18.248781865993784,-11.88902657276398,1,0.0,0.0,interior
T099,L,2242,T008,117,0,mapped,-31.00091565819698,16.768071793124186,-12.899291772776714,1,0.0,0.0,interior
T099,L,2243,T008,118,0,mapped,-30.74658712463757,15.930829241694155,-14.09305792480366,1,0.0,0.0,interior
T099,L,2244,T008,119,0,mapped,-30.339753655705415,15.278003576135188,-15.306217408918162,1,0.0,0.0,interior
T099,L,2245,T008,120,0,mapped,-31.11014908271998,14.498225036320193,-16.093695909937765,1,0.0,0.0,interior
T099,L,2246,T008,121,0,mapped,-32.03985250245243,13.630876543046725,-16.79154504189642,1,0.0,0.0,interior
T099,L,2247,T008,122,0,mapped,-32.52108366068933,12.647039191628895,-17.8079529836481,1,0.0,0.0,interior
T099,L,2248,T008,123,0,mapped,-32.546757885930404,11.936937607259381,-19.061663882233507,1,0.0,0.0,interior
T099,L,2249,T008,124,0,mapped,-32.0574537525934,11.473040400442544,-20.49673641516241,1,0.0,0.0,interior
T099,L,2250,T008,125,0,mapped,-30.931883794241813,11.244372601783176,-21.642150753108456,1,0.0,0.0,interior
T099,L,2251,T008,126,0,mapped,-29.28761548527811,11.390008571136432,-22.15570270302389,1,0.0,0.0,interior
T099,L,2252,T008,127,0,mapped,-27.90122762729829,11.590160309873005,-21.667623939648443,1,0.0,0.0,interior
T099,L,2253,T008,128,0,mapped,-26.91696351172806,12.10681003149123,-20.69090229016798,1,0.0,0.0,interior
T099,L,2254,T008,129,0,mapped,-25.857293577228763,12.610655316765023,-19.821072675804857,1,0.0,0.0,interior
T099,L,2255,T008,130,0,mapped,-24.457386562590887,12.838661498424527,-19.30044879386558,1,0.0,0.0,interior
T099,L,2256,T008,131,0,mapped,-23.12097301357976,13.186866232423752,-18.579304103158684,1,0.0,0.0,interior
T099,L,2257,T008,132,0,mapped,-22.270114939306616,13.678347763457774,-17.7125422762612,1,0.0,0.0,interior
T099,L,2258,T008,133,0,mapped,-21.5126199576001,13.958598623007298,-16.827554413564343,1,0.0,0.0,interior
T099,L,2259,T008,134,0,mapped,-20.54714360134927,14.400604743365632,-15.782894643270781,2,1.3322676295501878e-15,6.661338147750939e-16,shared_edge
T099,L,2260,T008,135,0,mapped,-31.23305616688939,18.954004320173123,-12.192106596272842,1,0.0,0.0,interior
T099,L,2261,T008,136,0,mapped,-31.2613223832672,17.49424631525496,-13.019533716961476,1,0.0,0.0,interior
T099,L,2262,T008,137,0,mapped,-31.045395539399777,16.555606813709474,-14.162155380085144,1,0.0,0.0,interior
T099,L,2263,T008,138,0,mapped,-30.551419749606964,15.846099086652915,-15.321561357822198,1,0.0,0.0,interior
T099,L,2264,T008,139,0,mapped,-30.901942889773466,15.132378601557853,-16.232169140319638,1,0.0,0.0,interior
T099,L,2265,T008,140,0,mapped,-32.098147964471366,14.230634709506608,-16.90324488459528,1,0.0,0.0,interior
T099,L,2266,T008,141,0,mapped,-32.58237486315939,13.290976366248445,-17.7369326824671,1,0.0,0.0,interior
T099,L,2267,T008,142,0,mapped,-32.7214541459942,12.457995117296147,-19.1566415036011,1,0.0,0.0,interior
T099,L,2268,T008,143,0,mapped,-32.35474933560269,11.931654743953425,-20.445249036940574,1,0.0,0.0,interior
T099,L,2269,T008,144,0,mapped,-31.261256450415104,11.662222544279151,-21.6838940210835,1,0.0,0.0,interior
T099,L,2270,T008,145,0,mapped,-29.742664276566302,11.663842516762491,-22.268353993330617,1,0.0,0.0,interior
T099,L,2271,T008,146,0,mapped,-28.2543956309949,11.865648886914858,-21.96205685570342,1,0.0,0.0,interior
T099,L,2272,T008,147,0,mapped,-27.21998973439672,12.39192767584958,-21.039760821494177,1,0.0,0.0,interior
T099,L,2273,T008,148,0,mapped,-26.16147381515927,12.893918167843049,-20.11682598321151,1,0.0,0.0,interior
T099,L,2274,T008,149,0,mapped,-24.7222397925992,13.193517046524043,-19.66494587649289,1,0.0,0.0,interior
T099,L,2275,T008,150,0,mapped,-23.366394348761865,13.590988825799037,-19.032648397361292,1,0.0,0.0,interior
T099,L,2276,T008,151,0,mapped,-22.548961264930355,14.020958298182695,-18.036674291812805,1,0.0,0.0,interior
T099,L,2277,T008,152,0,mapped,-21.926615372422674,14.247486101050608,-17.115553884325383,1,0.0,0.0,interior
T099,L,2278,T008,153,0,mapped,-21.10235691032739,14.609005169725469,-15.936374349530817,2,0.0,0.0,shared_edge
T099,L,2279,T008,154,0,mapped,-31.521977072979162,18.44476437160323,-13.235416431276928,1,0.0,0.0,interior
T099,L,2280,T008,155,0,mapped,-31.26493103636937,17.172273776043276,-14.173473059645445,1,0.0,0.0,interior
T099,L,2281,T008,156,0,mapped,-30.769074792917053,16.401149939060357,-15.335234281823803,1,0.0,0.0,interior
T099,L,2282,T008,157,0,mapped,-30.78725919671048,15.691954189482052,-16.356986669635017,1,0.0,0.0,interior
T099,L,2283,T008,158,0,mapped,-32.08508973521886,14.919154084008397,-17.005934638691073,1,0.0,0.0,interior
T099,L,2284,T008,159,0,mapped,-32.7288953034128,13.910249991473165,-17.887567600785886,1,0.0,0.0,interior
T099,L,2285,T008,160,0,mapped,-32.90257487398065,13.00228469190207,-19.133769098691413,1,0.0,0.0,interior
T099,L,2286,T008,161,0,mapped,-32.658698616499215,12.499143111540429,-20.46750207865686,1,0.0,0.0,interior
T099,L,2287,T008,162,0,mapped,-31.638157461482066,12.19546866628888,-21.7694432042886,1,0.0,0.0,interior
T099,L,2288,T008,163,0,mapped,-30.190237033629934,11.943729648182519,-22.398850632637973,1,0.0,0.0,interior
T099,L,2289,T008,164,0,mapped,-28.592501440849745,12.217135752215837,-22.22287349864788,1,0.0,0.0,interior
T099,L,2290,T008,165,0,mapped,-27.568664489414985,12.728011702399764,-21.43915505427851,1,0.0,0.0,interior
T099,L,2291,T008,166,0,mapped,-26.425173469642658,13.285207847160475,-20.475008693887162,1,0.0,0.0,interior
T099,L,2292,T008,167,0,mapped,-25.04765326118439,13.489136000682693,-20.00251145431482,1,0.0,0.0,interior
T099,L,2293,T008,168,0,mapped,-23.666958891631474,13.906673944540122,-19.451845814785166,1,0.0,0.0,interior
T099,L,2294,T008,169,0,mapped,-22.796143641243326,14.148156146800247,-18.445208507131987,1,0.0,0.0,interior
T099,L,2295,T008,170,0,mapped,-22.254177677868526,14.490759323551453,-17.391133265468703,1,0.0,0.0,interior
T099,L,2296,T008,171,0,mapped,-21.578793896705847,14.828669233771716,-16.156653738999452,2,3.32325934484418e-15,1.6616296724220897e-15,shared_edge
T099,L,2297,T008,172,0,mapped,-31.48873296932519,17.868357572343356,-14.300958919316251,1,0.0,0.0,interior
T099,L,2298,T008,173,0,mapped,-30.987820040528547,16.932354174541704,-15.428284422384207,1,0.0,0.0,interior
T099,L,2299,T008,174,0,mapped,-30.731723649042813,16.287418088175702,-16.45684210076259,1,0.0,0.0,interior
T099,L,2300,T008,175,0,mapped,-32.00306762222043,15.403110012978011,-17.05087289390045,1,0.0,0.0,interior
T099,L,2301,T008,176,0,mapped,-32.78758984159865,14.567660626277007,-17.944547140580955,1,0.0,0.0,interior
T099,L,2302,T008,177,0,mapped,-33.08398502265602,13.63695553600417,-19.141031532532864,1,0.0,0.0,interior
T099,L,2303,T008,178,0,mapped,-32.93094991484518,13.054774460151496,-20.389403900997944,1,0.0,0.0,interior
T099,L,2304,T008,179,0,mapped,-32.07236211214444,12.717003668925887,-21.75609176855974,1,0.0,0.0,interior
T099,L,2305,T008,180,0,mapped,-30.616085784665557,12.381623464283226,-22.557243032107777,1,0.0,0.0,interior
T099,L,2306,T008,181,0,mapped,-28.979175863829447,12.633234976142305,-22.46660149308223,1,0.0,0.0,interior
T099,L,2307,T008,182,0,mapped,-27.81889824130309,12.962756605569052,-21.680462863602077,1,0.0,0.0,interior
T099,L,2308,T008,183,0,mapped,-26.73835385095515,13.581693948638414,-20.79207937302404,1,0.0,0.0,interior
T099,L,2309,T008,184,0,mapped,-25.385199113929005,13.797355334021018,-20.333700547315107,1,0.0,0.0,interior
T099,L,2310,T008,185,0,mapped,-24.052635682251065,14.268402626810186,-19.95904076668008,1,0.0,0.0,interior
T099,L,2311,T008,186,0,mapped,-23.025051729881415,14.475686150491383,-18.89642635184498,1,0.0,0.0,interior
T099,L,2312,T008,187,0,mapped,-22.62306659388802,14.864698111179464,-17.7443735434107,1,0.0,0.0,interior
T099,L,2313,T008,188,0,mapped,-21.990194243139385,14.947564026178439,-16.58528295491044,2,8.881784197001252e-16,4.440892098500626e-16,shared_edge
T099,L,2314,T008,189,0,mapped,-31.17971081087463,17.488125604756142,-15.458448391687394,1,0.0,0.0,interior
T099,L,2315,T008,190,0,mapped,-30.803577718776367,16.805674441801045,-16.581383488259473,1,0.0,0.0,interior
T099,L,2316,T008,191,0,mapped,-31.90562967760765,15.98193277483581,-17.134599716665296,1,0.0,0.0,interior
T099,L,2317,T008,192,0,mapped,-32.85515506465086,15.204697366275333,-17.978698110588585,1,0.0,0.0,interior
T099,L,2318,T008,193,0,mapped,-33.288683264748485,14.367686181367029,-19.15057968878947,1,0.0,0.0,interior
T099,L,2319,T008,194,0,mapped,-33.20221090781456,13.669907622183286,-20.36099632243415,1,0.0,0.0,interior
T099,L,2320,T008,195,0,mapped,-32.45997980225911,13.157392992708365,-21.634965510329256,1,0.0,0.0,interior
T099,L,2321,T008,196,0,mapped,-31.00271386382932,12.785684948770125,-22.617818713839274,1,0.0,0.0,interior
T099,L,2322,T008,197,0,mapped,-29.340159211081918,12.977481470677496,-22.702406001294197,1,0.0,0.0,interior
T099,L,2323,T008,198,0,mapped,-28.157814033341435,13.283746765209031,-22.037528164494358,1,0.0,0.0,interior
T099,L,2324,T008,199,0,mapped,-27.189315185273397,13.923255531020923,-21.113617701673967,1,0.0,0.0,interior
T099,L,2325,T008,200,0,mapped,-25.67590425702673,14.161287772997873,-20.67344748546756,1,0.0,0.0,interior
T099,L,2326,T008,201,0,mapped,-24.344180171319543,14.455773816754634,-20.26020343681198,1,0.0,0.0,interior
T099,L,2327,T008,202,0,mapped,-23.236294074103984,14.750520445689158,-19.349295067939877,1,0.0,0.0,interior
T099,L,2328,T008,203,0,mapped,-22.836274759104036,15.136034742621343,-18.10163836955551,1,0.0,0.0,interior
T099,L,2329,T008,204,0,mapped,-22.39416242370065,15.171805325618484,-16.907757126833246,2,0.0,0.0,shared_edge
T099,L,2330,T008,205,0,mapped,-30.87798367127921,17.320487492041458,-16.670021411827637,1,0.0,0.0,interior
T099,L,2331,T008,206,0,mapped,-31.836780035826216,16.512608129648683,-17.22357581813385,1,0.0,0.0,interior
T099,L,2332,T008,207,0,mapped,-32.81787778627598,15.884883749544178,-17.966587942789488,1,0.0,0.0,interior
T099,L,2333,T008,208,0,mapped,-33.38261733897446,14.90760531400169,-19.12574943130842,1,0.0,0.0,interior
T099,L,2334,T008,209,0,mapped,-33.38821509644811,14.17927109384547,-20.35426869756784,1,0.0,0.0,interior
T099,L,2335,T008,210,0,mapped,-32.78678748370876,13.675248840677998,-21.640624405972336,1,0.0,0.0,interior
T099,L,2336,T008,211,0,mapped,-31.462534099353704,13.264179189854845,-22.665533124806508,1,0.0,0.0,interior
T099,L,2337,T008,212,0,mapped,-29.851554484515162,13.367862427054558,-22.92637058360303,1,0.0,0.0,interior
T099,L,2338,T008,213,0,mapped,-28.486907743081638,13.656972893004797,-22.345130606338333,1,0.0,0.0,interior
T099,L,2339,T008,214,0,mapped,-27.548230369529225,14.189726655279681,-21.430730689073563,1,0.0,0.0,interior
T099,L,2340,T008,215,0,mapped,-26.010482369965985,14.493311306610154,-20.974099980588456,1,0.0,0.0,interior
T099,L,2341,T008,216,0,mapped,-24.61011845264383,14.745548142331108,-20.5949551184927,1,0.0,0.0,interior
T099,L,2342,T008,217,0,mapped,-23.442460820970645,15.152366733432164,-19.800710170315458,1,0.0,0.0,interior
T099,L,2343,T008,218,0,mapped,-23.016905530217425,15.517835748089892,-18.3930616145514,1,0.0,0.0,interior
T099,L,2344,T008,219,0,mapped,-22.81172899754099,15.56429762587481,-17.06918322785367,2,4.0943002132167226e-15,2.0471501066083613e-15,shared_edge
T099,L,2345,T008,220,0,mapped,-31.84624638751854,17.201257847190632,-17.389334529135564,1,0.0,0.0,interior
T099,L,2346,T008,221,0,mapped,-32.852851458496424,16.39813355450127,-18.042427743583097,1,0.0,0.0,interior
T099,L,2347,T008,222,0,mapped,-33.51483956023823,15.489039339558788,-19.14193144241153,1,0.0,0.0,interior
T099,L,2348,T008,223,0,mapped,-33.56640068774409,14.736101999707648,-20.37379193252791,1,0.0,0.0,interior
T099,L,2349,T008,224,0,mapped,-33.12068576259048,14.24367128594138,-21.609069774343155,1,0.0,0.0,interior
T099,L,2350,T008,225,0,mapped,-31.805283464062235,13.7873530684987,-22.725589289634875,1,0.0,0.0,interior
T099,L,2351,T008,226,0,mapped,-30.27042286623592,13.73016865042813,-23.153660772013133,1,0.0,0.0,interior
T099,L,2352,T008,227,0,mapped,-28.80947074164619,13.934565864725446,-22.633495535307492,1,0.0,0.0,interior
T099,L,2353,T008,228,0,mapped,-27.86308827302986,14.525945821087538,-21.748410504000717,1,0.0,0.0,interior
T099,L,2354,T008,229,0,mapped,-26.382771563362077,14.85352844184647,-21.2486569872365,1,0.0,0.0,interior
T099,L,2355,T008,230,0,mapped,-24.95461857458003,15.081177221745692,-20.93501581400381,1,0.0,0.0,interior
T099,L,2356,T008,231,0,mapped,-23.64138600903097,15.489689541833716,-20.10027666912163,1,0.0,0.0,interior
T099,L,2357,T008,232,0,mapped,-23.19906050183561,15.844937439405507,-18.864695768287728,1,0.0,0.0,interior
T099,L,2358,T008,233,0,mapped,-23.106627604425743,15.835627718101373,-17.529866500722044,2,4.440892098500626e-16,2.220446049250313e-16,shared_edge
T099,L,2359,T008,234,0,mapped,-32.86516429395522,16.952677138545507,-18.11588778010892,1,0.0,0.0,interior
T099,L,2360,T008,235,0,mapped,-33.6470691639152,16.127343186093242,-19.138568806873295,1,0.0,0.0,interior
T099,L,2361,T008,236,0,mapped,-33.76911531741141,15.352574208681334,-20.331879885749423,1,0.0,0.0,interior
T099,L,2362,T008,237,0,mapped,-33.39179866480396,14.820607747674213,-21.653202861019327,1,0.0,0.0,interior
T099,L,2363,T008,238,0,mapped,-32.298832261608354,14.29200097160366,-22.69664168129499,1,0.0,0.0,interior
T099,L,2364,T008,239,0,mapped,-30.76796273676939,14.160213463142137,-23.28533416132771,1,0.0,0.0,interior
T099,L,2365,T008,240,0,mapped,-29.176569434878395,14.357500120448156,-22.892090253559566,1,0.0,0.0,interior
T099,L,2366,T008,241,0,mapped,-28.184637705138876,14.805397153883336,-22.07452068002786,1,0.0,0.0,interior
T099,L,2367,T008,242,0,mapped,-26.833847045171545,15.237164574706306,-21.536821119308826,1,0.0,0.0,interior
T099,L,2368,T008,243,0,mapped,-25.306118606361984,15.354824138344599,-21.23301136415311,1,0.0,0.0,interior
T099,L,2369,T008,244,0,mapped,-24.04489532505825,15.8316507261626,-20.531553578734517,1,0.0,0.0,interior
T099,L,2370,T008,245,0,mapped,-23.474908446819462,16.324241712307778,-19.18844875330812,1,0.0,0.0,interior
T099,L,2371,T008,246,0,mapped,-23.383924654560026,16.181294961221113,-17.884628981134547,2,0.0,0.0,shared_edge
T099,L,2372,T008,247,0,mapped,-33.67179080167094,16.77281431867764,-19.082389205939887,1,0.0,0.0,interior
T099,L,2373,T008,248,0,mapped,-33.97427023644692,15.925973995533262,-20.36903041160503,1,0.0,0.0,interior
T099,L,2374,T008,249,0,mapped,-33.669977473068116,15.428948599603428,-21.65708075532494,1,0.0,0.0,interior
T099,L,2375,T008,250,0,mapped,-32.702144717927375,14.924643523387033,-22.753661390394218,1,0.0,0.0,interior
T099,L,2376,T008,251,0,mapped,-31.254807084225668,14.617821236997017,-23.388691215154537,1,0.0,0.0,interior
T099,L,2377,T008,252,0,mapped,-29.56549242770943,14.796129194880542,-23.177549727226413,1,0.0,0.0,interior
T099,L,2378,T008,253,0,mapped,-28.563343149433877,15.138214436049381,-22.36102390495692,1,0.0,0.0,interior
T099,L,2379,T008,254,0,mapped,-27.30525381918435,15.553747968239293,-21.738483362548138,1,0.0,0.0,interior
T099,L,2380,T008,255,0,mapped,-25.628225816264965,15.718148851814535,-21.524608248338254,1,0.0,0.0,interior
T099,L,2381,T008,256,0,mapped,-24.40104053528399,16.189141698760622,-20.901726571409213,1,0.0,0.0,interior
T099,L,2382,T008,257,0,mapped,-23.73273195726481,16.694953018908393,-19.49687051489022,1,0.0,0.0,interior
T099,L,2383,T008,258,0,mapped,-23.678483729419124,16.61958850737291,-18.126102677382555,2,1.9860273225978185e-15,9.930136612989092e-16,shared_edge
T099,L,2384,T008,259,0,mapped,-34.16225115138698,16.70694683054306,-20.264701289044574,1,0.0,0.0,interior
T099,L,2385,T008,260,0,mapped,-33.95829681391329,16.054618239170544,-21.58228093103069,1,0.0,0.0,interior
T099,L,2386,T008,261,0,mapped,-33.07922459702355,15.489127070754122,-22.729917219608296,1,0.0,0.0,interior
T099,L,2387,T008,262,0,mapped,-31.619910742191195,15.138658911364683,-23.507619393917416,1,0.0,0.0,interior
T099,L,2388,T008,263,0,mapped,-29.977884951595982,15.189362570497183,-23.436851048823655,1,0.0,0.0,interior
T099,L,2389,T008,264,0,mapped,-28.8556334057888,15.49770453929851,-22.578767974639756,1,0.0,0.0,interior
T099,L,2390,T008,265,0,mapped,-27.793803093554345,15.93242019837712,-21.966825874984302,1,0.0,0.0,interior
T099,L,2391,T008,266,0,mapped,-26.057753178933268,16.134632218987264,-21.806197894969024,1,0.0,0.0,interior
T099,L,2392,T008,267,0,mapped,-24.625396510512275,16.575929093585213,-21.13471083690792,1,0.0,0.0,interior
T099,L,2393,T008,268,0,mapped,-24.010729105342396,17.051132452103452,-19.89993916102386,1,0.0,0.0,interior
T099,L,2394,T008,269,0,mapped,-23.982445810145204,17.069386350814735,-18.4121875979022,2,1.9860273225978185e-15,9.930136612989092e-16,shared_edge
T099,L,2395,T008,270,0,mapped,-34.20484300775923,16.69335532959154,-21.543723693192092,1,0.0,0.0,interior
T099,L,2396,T008,271,0,mapped,-33.45443866997149,16.049100306985,-22.666593098052594,1,0.0,0.0,interior
T099,L,2397,T008,272,0,mapped,-32.10174220250382,15.661211065424792,-23.571898347620017,1,0.0,0.0,interior
T099,L,2398,T008,273,0,mapped,-30.384408422940332,15.65907992472411,-23.685834089257252,1,0.0,0.0,interior
T099,L,2399,T008,274,0,mapped,-29.221254376468025,15.795220189959107,-22.95071422265273,1,0.0,0.0,interior
T099,L,2400,T008,275,0,mapped,-28.2108585150241,16.293979872885664,-22.188668851579965,1,0.0,0.0,interior
T099,L,2401,T008,276,0,mapped,-26.540241878715882,16.544526214056607,-22.01658717323035,1,0.0,0.0,interior
T099,L,2402,T008,277,0,mapped,-25.026460389785143,16.820348482046807,-21.542404381244697,1,0.0,0.0,interior
T099,L,2403,T008,278,0,mapped,-24.297305059574306,17.45506034195089,-20.254604473117475,1,0.0,0.0,interior
T099,L,2404,T008,279,0,mapped,-24.28017660937275,17.544149097655936,-18.663699095995145,2,8.881784197001252e-16,4.440892098500626e-16,shared_edge
T099,L,2405,T008,280,0,mapped,-33.761592568841124,16.737672189577562,-22.74832312104625,1,0.0,0.0,interior
T099,L,2406,T008,281,0,mapped,-32.511231379938856,16.240712146650694,-23.662941667447786,1,0.0,0.0,interior
T099,L,2407,T008,282,0,mapped,-30.802522317005277,16.023607624749182,-23.90664181524465,1,0.0,0.0,interior
T099,L,2408,T008,283,0,mapped,-29.533588579928477,16.20104713597388,-23.206998151168758,1,0.0,0.0,interior
T099,L,2409,T008,284,0,mapped,-28.588216023511222,16.610273051979867,-22.395738107293454,1,0.0,0.0,interior
T099,L,2410,T008,285,0,mapped,-27.01807247413034,16.917565595491354,-22.26811929324191,1,0.0,0.0,interior
T099,L,2411,T008,286,0,mapped,-25.45730337487757,17.284661711675742,-21.862565611189886,1,0.0,0.0,interior
T099,L,2412,T008,287,0,mapped,-24.600624106762343,17.79094482860044,-20.657526348076622,1,0.0,0.0,interior
T099,L,2413,T008,288,0,mapped,-24.561877861252203,18.00067844898184,-18.95985871034727,2,4.440892098500626e-16,2.220446049250313e-16,shared_edge
T099,L,2414,T008,289,0,mapped,-32.925503928304494,16.85488524581067,-23.718117315828707,1,0.0,0.0,interior
T099,L,2415,T008,290,0,mapped,-31.203126325626762,16.428718150120115,-24.05887219657032,1,0.0,0.0,interior
T099,L,2416,T008,291,0,mapped,-29.909197474928717,16.550215926786066,-23.54121837357698,1,0.0,0.0,interior
T099,L,2417,T008,292,0,mapped,-28.93308886882972,16.967411311469384,-22.56338260226769,1,0.0,0.0,interior
T099,L,2418,T008,293,0,mapped,-27.549244484034077,17.28212997147061,-22.47913831240439,1,0.0,0.0,interior
T099,L,2419,T008,294,0,mapped,-25.89715341771913,17.56127095971271,-22.184917510325334,1,0.0,0.0,interior
T099,L,2420,T008,295,0,mapped,-24.88971765427981,18.13575808979632,-21.07493811671815,1,0.0,0.0,interior
T099,L,2421,T008,296,0,mapped,-24.79330701555734,18.460607305309164,-19.268090561098994,2,1.9860273225978185e-15,9.930136612989092e-16,shared_edge
T099,L,2422,T008,297,0,mapped,-31.743117605336053,16.966596584357774,-24.181792885812573,1,0.0,0.0,interior
T099,L,2423,T008,298,0,mapped,-30.280672429955914,16.970931461148005,-23.851209842683502,1,0.0,0.0,interior
T099,L,2424,T008,299,0,mapped,-29.28152014027006,17.249541075301476,-22.793559902408404,1,0.0,0.0,interior
T099,L,2425,T008,300,0,mapped,-27.966998853186766,17.622667087332974,-22.60970305363014,1,0.0,0.0,interior
T099,L,2426,T008,301,0,mapped,-26.280780975065717,17.9330788084397,-22.43206484919169,1,0.0,0.0,interior
T099,L,2427,T008,302,0,mapped,-25.18257484207892,18.378857181368545,-21.530156350476688,1,0.0,0.0,interior
T099,L,2428,T008,303,0,mapped,-24.903496366375794,18.808560839806045,-19.77250538785632,2,4.965068306494546e-15,2.482534153247273e-15,shared_edge
T099,L,2429,T008,304,0,mapped,-30.65417630415422,17.4925162928522,-24.108805157210604,1,0.0,0.0,interior
T099,L,2430,T008,305,0,mapped,-29.573213010275587,17.513537749676573,-23.071890012548785,1,0.0,0.0,interior
T099,L,2431,T008,306,0,mapped,-28.246520609848616,17.95563443375943,-22.714453607145877,1,0.0,0.0,interior
T099,L,2432,T008,307,0,mapped,-26.755493982893782,18.271396947170008,-22.69765773544161,1,0.0,0.0,interior
T099,L,2433,T008,308,0,mapped,-25.410000741704327,18.749373274674404,-21.799591344541437,1,0.0,0.0,interior
T099,L,2434,T008,309,0,mapped,-25.05933309544985,19.19950644014769,-20.155667217397223,2,2.664535259100376e-15,1.3322676295501878e-15,shared_edge
T099,L,2435,T008,310,0,mapped,-29.871660131651403,17.950113841666727,-23.349036682603902,1,0.0,0.0,interior
T099,L,2436,T008,311,0,mapped,-28.622571091025442,18.28314863622335,-22.83262529123545,1,0.0,0.0,interior
T099,L,2437,T008,312,0,mapped,-27.320572600809076,18.70004465963671,-22.933669496911925,1,0.0,0.0,interior
T099,L,2438,T008,313,0,mapped,-25.76985439766132,19.022226166446487,-22.22366587507387,1,0.0,0.0,interior
T099,L,2439,T008,314,0,mapped,-25.227515268126822,19.618683333269907,-20.585414987759094,2,4.189529226675416e-15,2.094764613337708e-15,shared_edge
T099,L,2440,T008,315,0,mapped,-29.03433783060943,18.64731623999985,-22.922241701526797,1,0.0,0.0,interior
T099,L,2441,T008,316,0,mapped,-27.69207139731865,19.010557378474125,-23.04713850664404,1,0.0,0.0,interior
T099,L,2442,T008,317,0,mapped,-26.144156975186654,19.296264786812056,-22.54737125330872,1,0.0,0.0,interior
T099,L,2443,T008,318,0,mapped,-25.387745462684876,20.03940385786242,-21.016887246149864,2,0.0,0.0,shared_edge
T099,L,2444,T008,319,0,mapped,-28.078921960096494,19.39334285688792,-23.177915271718657,1,0.0,0.0,interior
T099,L,2445,T008,320,0,mapped,-26.54481739375936,19.59827720602298,-22.921159511199683,1,0.0,0.0,interior
T099,L,2446,T008,321,0,mapped,-25.54450452181466,20.33392709627738,-21.513256817349042,2,0.4491188650714747,0.2245594325357373,shared_edge
T099,L,2447,T008,322,0,mapped,-27.011436411144587,20.04852776303241,-23.23416740298697,1,0.0,0.0,interior
T099,L,2448,T008,323,0,mapped,-25.77910988725883,20.303506610755313,-22.087207127266893,2,0.5079489538313453,0.2539744769156726,shared_edge
T099,L,2449,T009,1,0,mapped,-24.05965796064162,23.130903791181982,-11.432306825218143,2,0.0,0.0,shared_edge
T099,L,2450,T009,2,0,mapped,-23.96028121872304,22.4986950986648,-11.49024733494845,2,0.0,0.0,shared_edge
T099,L,2451,T009,3,0,mapped,-23.89339874965321,21.92798824665955,-11.248969167089822,2,0.0,0.0,shared_edge
T099,L,2452,T009,4,0,mapped,-23.884855508265932,21.486099337649485,-10.820326761153465,2,0.0,0.0,shared_edge
T099,L,2453,T009,5,0,mapped,-23.87596851102747,21.147219230657548,-10.31281540766773,2,0.0,0.0,shared_edge
T099,L,2454,T009,6,0,mapped,-23.965573553167438,20.82282830765994,-9.760783522020827,2,0.0,0.0,shared_edge
T099,L,2455,T009,7,0,mapped,-23.990092323348264,20.576820407014093,-9.171797710233644,2,3.552713678800501e-15,1.7763568394002505e-15,shared_edge
T099,L,2456,T009,8,0,mapped,-24.13903357584089,20.27953822596461,-8.606846936589001,2,0.0,0.0,shared_edge
T099,L,2457,T009,9,0,mapped,-24.30251631090287,20.003275607407634,-8.034971838248467,2,0.0,0.0,shared_edge
T099,L,2458,T009,10,0,mapped,-24.4093278269122,19.71209435119692,-7.524132694249263,2,0.0,0.0,shared_edge
T099,L,2459,T009,11,0,mapped,-24.61537022717814,19.196928348316575,-7.210067931949098,2,0.0,0.0,shared_edge
T099,L,2460,T009,12,0,mapped,-24.773351357223703,18.63548831331206,-6.909300739636977,2,8.881784197001252e-16,4.440892098500626e-16,shared_edge
T099,L,2461,T009,13,0,mapped,-24.73313823087627,18.154894323711574,-6.483167290299093,2,9.930136612989092e-16,4.965068306494546e-16,shared_edge
T099,L,2462,T009,14,0,mapped,-24.721227401309974,17.636221308587572,-6.150617519693833,2,8.881784197001252e-16,4.440892098500626e-16,shared_edge
T099,L,2463,T009,15,0,mapped,-24.605081684000815,17.163520845624085,-5.709222415905003,2,2.1755839288168288e-15,1.0877919644084146e-15,shared_edge
T099,L,2464,T009,16,0,mapped,-24.495427826458283,16.608615063569136,-5.385076166323257,2,0.0,0.0,shared_edge
T099,L,2465,T009,17,0,mapped,-24.284476297435834,16.072988292848986,-5.155249837800268,2,1.9860273225978185e-15,9.930136612989092e-16,shared_edge
T099,L,2466,T009,18,0,mapped,-24.076071474926295,15.525375559536972,-4.947121366870929,2,0.0,0.0,shared_edge
T099,L,2467,T009,19,0,mapped,-23.71752550238412,15.036548411218998,-4.697531769893208,2,0.0,0.0,shared_edge
T099,L,2468,T009,20,0,mapped,-23.440855588801845,14.441948231031322,-4.714938683737644,2,0.0,0.0,shared_edge
T099,L,2469,T009,21,0,mapped,-23.07596471916215,13.916192745197,-4.753825117431159,2,1.7763568394002505e-15,8.881784197001252e-16,shared_edge
T099,L,2470,T009,22,0,mapped,-22.610781210555793,13.456034397984283,-4.806171311940528,2,1.7763568394002505e-15,8.881784197001252e-16,shared_edge
T099,L,2471,T009,23,0,mapped,-22.08052260429043,13.079630790929995,-4.827620008785377,2,0.0,0.0,shared_edge
T099,L,2472,T012,24,-1,landmark_vertex,-21.518867104313912,12.783910700860297,-4.736414306313954,6,0.0,0.0,landmark
T099,L,2473,T009,26,0,mapped,-24.48557657987631,22.916392245913322,-11.624914980103657,1,0.0,0.0,interior
T099,L,2474,T009,27,0,mapped,-24.406472802007457,22.22516480547837,-11.671775218723738,1,0.0,0.0,interior
T099,L,2475,T009,28,0,mapped,-24.44672639048256,21.714428919731542,-11.482065586932412,1,0.0,0.0,interior
T099,L,2476,T009,29,0,mapped,-24.46207515847268,21.25762774987463,-11.09835018097435,1,0.0,0.0,interior
T099,L,2477,T009,30,0,mapped,-24.459109345092568,20.90722240943276,-10.644100511659488,1,0.0,0.0,interior
T099,L,2478,T009,31,0,mapped,-24.482669046563522,20.626839686448488,-10.160703028270813,1,0.0,0.0,interior
T099,L,2479,T009,32,0,mapped,-24.63557815887048,20.234294760947698,-9.55722052891971,1,0.0,0.0,interior
T099,L,2480,T009,33,0,mapped,-24.69078236461864,19.90827595923251,-9.097447935670578,1,0.0,0.0,interior
T099,L,2481,T009,34,0,mapped,-24.782455820666208,19.611331177226482,-8.70419650757194,1,0.0,0.0,interior
T099,L,2482,T009,35,0,mapped,-24.989078141724235,19.193108924597986,-8.248999056891037,1,0.0,0.0,interior
T099,L,2483,T009,36,0,mapped,-25.110941903462198,18.736099675173637,-7.851501686946243,1,0.0,0.0,interior
T099,L,2484,T009,37,0,mapped,-25.192953917131682,18.18944582908209,-7.461005123085192,1,0.0,0.0,interior
T099,L,2485,T009,38,0,mapped,-25.15385239270738,17.64048490342293,-7.056056305321071,1,0.0,0.0,interior
T099,L,2486,T009,39,0,mapped,-25.018429963425778,17.108350594568407,-6.674436513961492,1,0.0,0.0,interior
T099,L,2487,T009,40,0,mapped,-24.93648812658619,16.612071643616524,-6.241795820821732,1,0.0,0.0,interior
T099,L,2488,T009,41,0,mapped,-24.762042556888105,16.01533379234161,-5.852819702776184,1,0.0,0.0,interior
T099,L,2489,T009,42,0,mapped,-24.58803416612352,15.376009486202637,-5.743146185278285,1,0.0,0.0,interior
T099,L,2490,T009,43,0,mapped,-24.31762793594019,14.834282953801134,-5.611006365547588,1,0.0,0.0,interior
T099,L,2491,T009,44,0,mapped,-24.02578241017344,14.352163957320352,-5.481470497333202,1,0.0,0.0,interior
T099,L,2492,T009,45,0,mapped,-23.549737199746446,13.78733258323677,-5.478185041765677,1,0.0,0.0,interior
T099,L,2493,T009,46,0,mapped,-23.004612584199563,13.53112488632772,-5.425408629608567,1,0.0,0.0,interior
T099,L,2494,T009,47,0,mapped,-22.37813647716944,13.207031869287174,-5.643003350734844,1,0.0,0.0,interior
T099,L,2495,T009,48,0,mapped,-21.63130892518673,12.79028878481623,-5.570340685419369,2,5.8915091300722355e-15,2.9457545650361178e-15,shared_edge
T099,L,2496,T009,50,0,mapped,-24.958195898225085,22.73755974937599,-11.849539277813696,1,0.0,0.0,interior
T099,L,2497,T009,51,0,mapped,-24.842263770735904,22.039126043827654,-11.833767148505215,1,0.0,0.0,interior
T099,L,2498,T009,52,0,mapped,-24.886352856756318,21.462481875065315,-11.619070367690131,1,0.0,0.0,interior
T099,L,2499,T009,53,0,mapped,-24.80499041173713,21.030702840348912,-11.265741501401166,1,0.0,0.0,interior
T099,L,2500,T009,54,0,mapped,-24.933113084525253,20.65669907132685,-10.983480826548107,1,0.0,0.0,interior
T099,L,2501,T009,55,0,mapped,-25.027846499829305,20.269300077519183,-10.520096093823435,1,0.0,0.0,interior
T099,L,2502,T009,56,0,mapped,-25.097609373466543,19.874592702251427,-10.035868915221577,1,0.0,0.0,interior
T099,L,2503,T009,57,0,mapped,-25.149847363101465,19.53906099152918,-9.483005657395184,1,0.0,0.0,interior
T099,L,2504,T009,58,0,mapped,-25.257428823611967,19.188750873437975,-9.113142168437737,1,0.0,0.0,interior
T099,L,2505,T009,59,0,mapped,-25.396306827295987,18.691392757573176,-8.758285860281891,1,0.0,0.0,interior
T099,L,2506,T009,60,0,mapped,-25.50454150961999,18.241899103715266,-8.49153260525291,1,0.0,0.0,interior
T099,L,2507,T009,61,0,mapped,-25.507974224887118,17.72544034123178,-7.997638511578933,1,0.0,0.0,interior
T099,L,2508,T009,62,0,mapped,-25.41987738886737,17.143568231452942,-7.553317448270348,1,0.0,0.0,interior
T099,L,2509,T009,63,0,mapped,-25.285882974474383,16.548057012442385,-7.166613489100477,1,0.0,0.0,interior
T099,L,2510,T009,64,0,mapped,-25.113856684003444,16.015703188746695,-6.76779369298683,1,0.0,0.0,interior
T099,L,2511,T009,65,0,mapped,-24.988245579509318,15.417876258671917,-6.639509828539902,1,0.0,0.0,interior
T099,L,2512,T009,66,0,mapped,-24.717209666864573,14.716654919798284,-6.5694543829583925,1,0.0,0.0,interior
T099,L,2513,T009,67,0,mapped,-24.375879889631037,14.276098691832964,-6.49059021160323,1,0.0,0.0,interior
T099,L,2514,T009,68,0,mapped,-23.888686305771223,13.88527052989073,-6.342728983204697,1,0.0,0.0,interior
T099,L,2515,T009,69,0,mapped,-23.154241113587034,13.607405327567829,-6.317986659458969,1,0.0,0.0,interior
T099,L,2516,T009,70,0,mapped,-22.548357949521595,13.375248823437895,-6.2990002365905955,1,0.0,0.0,interior
T099,L,2517,T009,71,0,mapped,-21.82996390124856,13.069954931191308,-6.358272711839312,2,6.646518689688359e-15,3.32325934484418e-15,shared_edge
T099,L,2518,T009,73,0,mapped,-25.42548977100506,22.485185102014626,-12.07543486425976,1,0.0,0.0,interior
T099,L,2519,T009,74,0,mapped,-25.33662746054624,21.82982123218869,-12.031148237711037,1,0.0,0.0,interior
T099,L,2520,T009,75,0,mapped,-25.354146628298608,21.275068924059056,-11.89088578511316,1,0.0,0.0,interior
T099,L,2521,T009,76,0,mapped,-25.21855865905963,20.82923113160137,-11.50311249134854,1,0.0,0.0,interior
T099,L,2522,T009,77,0,mapped,-25.36703219493412,20.433480567711023,-11.231505496026983,1,0.0,0.0,interior
T099,L,2523,T009,78,0,mapped,-25.502152220524895,19.93557545255088,-10.869030040833701,1,0.0,0.0,interior
T099,L,2524,T009,79,0,mapped,-25.622568494138974,19.472957952581776,-10.530223340321161,1,0.0,0.0,interior
T099,L,2525,T009,80,0,mapped,-25.659605215511863,19.175767373673125,-10.16803799227488,1,0.0,0.0,interior
T099,L,2526,T009,81,0,mapped,-25.67132456921314,18.75899176240693,-9.674318990251898,1,0.0,0.0,interior
T099,L,2527,T009,82,0,mapped,-25.793355806701552,18.22260591357647,-9.33719055220954,1,0.0,0.0,interior
T099,L,2528,T009,83,0,mapped,-25.811474618965853,17.725577917588044,-8.976866064716035,1,0.0,0.0,interior
T099,L,2529,T009,84,0,mapped,-25.723448510740585,17.209050398913362,-8.499508028585229,1,0.0,0.0,interior
T099,L,2530,T009,85,0,mapped,-25.601558963074826,16.643806363823423,-8.156271191058163,1,0.0,0.0,interior
T099,L,2531,T009,86,0,mapped,-25.43464241754821,15.925903377875207,-7.763657676960069,1,0.0,0.0,interior
T099,L,2532,T009,87,0,mapped,-25.300223841803508,15.367783867967436,-7.64703819696461,1,0.0,0.0,interior
T099,L,2533,T009,88,0,mapped,-24.999388092606026,14.766069929960128,-7.511016278978175,1,0.0,0.0,interior
T099,L,2534,T009,89,0,mapped,-24.555755040922854,14.367353339903058,-7.403018280852962,1,0.0,0.0,interior
T099,L,2535,T009,90,0,mapped,-23.987118124297204,14.08579444086182,-7.2762503806641625,1,0.0,0.0,interior
T099,L,2536,T009,91,0,mapped,-23.268510161879092,13.789553588539908,-7.195147589706226,1,0.0,0.0,interior
T099,L,2537,T009,92,0,mapped,-22.60563938136424,13.540784214262848,-7.153679762399916,1,0.0,0.0,interior
T099,L,2538,T009,93,0,mapped,-22.007963288466776,13.311201250787274,-7.101429622042842,2,4.3511678576336575e-15,2.1755839288168288e-15,shared_edge
T099,L,2539,T009,95,0,mapped,-25.894561191795574,22.255308424513476,-12.296179470101253,1,0.0,0.0,interior
T099,L,2540,T009,96,0,mapped,-25.926917921435226,21.640988557479158,-12.288165565521162,1,0.0,0.0,interior
T099,L,2541,T009,97,0,mapped,-25.782127094103608,21.118705763543854,-12.112519950098502,1,0.0,0.0,interior
T099,L,2542,T009,98,0,mapped,-25.733919568228625,20.668683516702878,-11.87813537581238,1,0.0,0.0,interior
T099,L,2543,T009,99,0,mapped,-25.810547409152413,20.183994397975958,-11.524031252851145,1,0.0,0.0,interior
T099,L,2544,T009,100,0,mapped,-25.901471793689346,19.67134135848033,-11.17729463344154,1,0.0,0.0,interior
T099,L,2545,T009,101,0,mapped,-25.87556823453629,19.26012631761438,-10.783233541044712,1,0.0,0.0,interior
T099,L,2546,T009,102,0,mapped,-26.021341408634513,18.775323220758086,-10.528063088310162,1,0.0,0.0,interior
T099,L,2547,T009,103,0,mapped,-26.019656985987027,18.358697868541313,-10.148551188759308,1,0.0,0.0,interior
T099,L,2548,T009,104,0,mapped,-26.041996480169487,17.766322093597818,-9.687864100511007,1,0.0,0.0,interior
T099,L,2549,T009,105,0,mapped,-25.996987866225922,17.2623228620008,-9.35628633367779,1,0.0,0.0,interior
T099,L,2550,T009,106,0,mapped,-25.84325251486945,16.770534168013707,-8.955871545250972,1,0.0,0.0,interior
T099,L,2551,T009,107,0,mapped,-25.711518568779788,16.11030872433866,-8.819829330510101,1,0.0,0.0,interior
T099,L,2552,T009,108,0,mapped,-25.539347097901633,15.32429989713531,-8.622174271785493,1,0.0,0.0,interior
T099,L,2553,T009,109,0,mapped,-25.225475503647164,14.854322269317954,-8.482850710227066,1,0.0,0.0,interior
T099,L,2554,T009,110,0,mapped,-24.649564941382287,14.574933361594992,-8.377836542888662,1,0.0,0.0,interior
T099,L,2555,T009,111,0,mapped,-24.036026222197407,14.307450267224048,-8.30126808646058,1,0.0,0.0,interior
T099,L,2556,T009,112,0,mapped,-23.37951243528613,14.039157291565997,-8.159398633544379,1,0.0,0.0,interior
T099,L,2557,T009,113,0,mapped,-22.71406359083548,13.78660716189881,-8.019382356628466,1,0.0,0.0,interior
T099,L,2558,T009,114,0,mapped,-22.07818880726009,13.550807809388616,-7.885281202605713,2,6.466036496704424e-15,3.233018248352212e-15,shared_edge
T099,L,2559,T009,116,0,mapped,-26.56496750374079,22.120916232414448,-12.69915231109103,1,0.0,0.0,interior
T099,L,2560,T009,117,0,mapped,-26.342646450337774,21.503705541932245,-12.558505499701916,1,0.0,0.0,interior
T099,L,2561,T009,118,0,mapped,-26.24705461569763,20.969991305022482,-12.405562189407604,1,0.0,0.0,interior
T099,L,2562,T009,119,0,mapped,-26.228043969160524,20.44810108315758,-12.218487232876221,1,0.0,0.0,interior
T099,L,2563,T009,120,0,mapped,-26.23973631250588,20.03263179493367,-11.934698713408558,1,0.0,0.0,interior
T099,L,2564,T009,121,0,mapped,-26.267543897226464,19.414191485634813,-11.515650756492525,1,0.0,0.0,interior
T099,L,2565,T009,122,0,mapped,-26.31508021380696,18.866577539338152,-11.26166539449255,1,0.0,0.0,interior
T099,L,2566,T009,123,0,mapped,-26.332555084017837,18.38060763540692,-10.872616805735973,1,0.0,0.0,interior
T099,L,2567,T009,124,0,mapped,-26.368913076288372,17.8455090129315,-10.5912160247691,1,0.0,0.0,interior
T099,L,2568,T009,125,0,mapped,-26.253693634575654,17.413231627082418,-10.1446571714884,1,0.0,0.0,interior
T099,L,2569,T009,126,0,mapped,-26.092784190800906,16.74998894039878,-9.796047553874507,1,0.0,0.0,interior
T099,L,2570,T009,127,0,mapped,-25.942157075399294,16.18301078812259,-9.744808595021953,1,0.0,0.0,interior
T099,L,2571,T009,128,0,mapped,-25.74315056303825,15.663191444035505,-9.53405385571849,1,0.0,0.0,interior
T099,L,2572,T009,129,0,mapped,-25.42051750265712,15.016533183807585,-9.391513185048506,1,0.0,0.0,interior
T099,L,2573,T009,130,0,mapped,-24.812406879223836,14.74159185562327,-9.213197477539826,1,0.0,0.0,interior
T099,L,2574,T009,131,0,mapped,-24.156773481134657,14.521211964527236,-9.128113620291268,1,0.0,0.0,interior
T099,L,2575,T009,132,0,mapped,-23.493995629599898,14.292662068496464,-9.010022730972274,1,0.0,0.0,interior
T099,L,2576,T009,133,0,mapped,-22.822433569009817,14.06463290313463,-8.857508330087082,1,0.0,0.0,interior
T099,L,2577,T009,134,0,mapped,-22.178977162094796,13.84826722768177,-8.688141756705491,2,1.0395861869767154e-14,5.197930934883577e-15,shared_edge
T099,L,2578,T009,136,0,mapped,-26.961425897920037,21.993784958331187,-12.979968888701631,1,0.0,0.0,interior
T099,L,2579,T009,137,0,mapped,-26.79323054773141,21.284873455786425,-12.932313737315674,1,0.0,0.0,interior
T099,L,2580,T009,138,0,mapped,-26.70806462109971,20.808552112045277,-12.795503543222377,1,0.0,0.0,interior
T099,L,2581,T009,139,0,mapped,-26.684426908316787,20.34223519346046,-12.615733838123122,1,0.0,0.0,interior
T099,L,2582,T009,140,0,mapped,-26.641613451029897,19.77866880523498,-12.291067899343984,1,0.0,0.0,interior
T099,L,2583,T009,141,0,mapped,-26.67116666615855,19.173858959361958,-12.057822402635628,1,0.0,0.0,interior
T099,L,2584,T009,142,0,mapped,-26.668254779591734,18.588614875655956,-11.722493767415333,1,0.0,0.0,interior
T099,L,2585,T009,143,0,mapped,-26.646060483558074,17.9987020358858,-11.35655883881933,1,0.0,0.0,interior
T099,L,2586,T009,144,0,mapped,-26.57359630962045,17.443421624625262,-10.964400535618687,1,0.0,0.0,interior
T099,L,2587,T009,145,0,mapped,-26.394860630664052,16.859408649838105,-10.649795468145538,1,0.0,0.0,interior
T099,L,2588,T009,146,0,mapped,-26.238547071951313,16.307941543881125,-10.635994276367844,1,0.0,0.0,interior
T099,L,2589,T009,147,0,mapped,-25.94295524211929,15.64389604200835,-10.46425907349775,1,0.0,0.0,interior
T099,L,2590,T009,148,0,mapped,-25.550359117023095,15.152985485734842,-10.27313313493276,1,0.0,0.0,interior
T099,L,2591,T009,149,0,mapped,-24.96839679383175,14.902127728641346,-10.104420745812297,1,0.0,0.0,interior
T099,L,2592,T009,150,0,mapped,-24.313381001975564,14.722993490866694,-9.967734179865056,1,0.0,0.0,interior
T099,L,2593,T009,151,0,mapped,-23.642990607364545,14.541634089399071,-9.812972729818188,1,0.0,0.0,interior
T099,L,2594,T009,152,0,mapped,-22.950304100138815,14.352863400899722,-9.648012959996839,1,0.0,0.0,interior
T099,L,2595,T009,153,0,mapped,-22.188829836312266,14.152716273325321,-9.488864484794266,2,8.747542958250513e-15,4.3737714791252564e-15,shared_edge
T099,L,2596,T009,155,0,mapped,-27.291096867281937,21.814065694413824,-13.2935862520245,1,0.0,0.0,interior
T099,L,2597,T009,156,0,mapped,-27.1748773266162,21.203584677733488,-13.220839990830116,1,0.0,0.0,interior
T099,L,2598,T009,157,0,mapped,-27.165663811267216,20.649061890743113,-13.17446735985442,1,0.0,0.0,interior
T099,L,2599,T009,158,0,mapped,-27.03376292983007,20.132223201710726,-12.910486959007619,1,0.0,0.0,interior
T099,L,2600,T009,159,0,mapped,-26.998684311629013,19.57930762095039,-12.712557468961002,1,0.0,0.0,interior
T099,L,2601,T009,160,0,mapped,-26.9753922279884,18.946278683422296,-12.430221898763577,1,0.0,0.0,interior
T099,L,2602,T009,161,0,mapped,-26.930857397739487,18.39559338320977,-12.191366201809867,1,0.0,0.0,interior
T099,L,2603,T009,162,0,mapped,-26.848533566931415,17.759872870900338,-11.80709133275975,1,0.0,0.0,interior
T099,L,2604,T009,163,0,mapped,-26.702859148313774,17.05350065468978,-11.455737900628053,1,0.0,0.0,interior
T099,L,2605,T009,164,0,mapped,-26.477246893375444,16.49010914124368,-11.292704449081008,1,0.0,0.0,interior
T099,L,2606,T009,165,0,mapped,-26.177196401593765,15.912613382327763,-11.229736655434458,1,0.0,0.0,interior
T099,L,2607,T009,166,0,mapped,-25.793401785302024,15.392721455964644,-11.132644249395188,1,0.0,0.0,interior
T099,L,2608,T009,167,0,mapped,-25.202084204769513,15.115990332036052,-11.012956979008086,1,0.0,0.0,interior
T099,L,2609,T009,168,0,mapped,-24.52696954261452,14.953617108607016,-10.83665859751748,1,0.0,0.0,interior
T099,L,2610,T009,169,0,mapped,-23.83812876853299,14.792732468973762,-10.62479388689269,1,0.0,0.0,interior
T099,L,2611,T009,170,0,mapped,-23.132395143007358,14.63630559063109,-10.427214171752329,1,0.0,0.0,interior
T099,L,2612,T009,171,0,mapped,-22.38806073081411,14.477359794365967,-10.257376678141348,2,1.0126792072454708e-14,5.063396036227354e-15,shared_edge
T099,L,2613,T009,173,0,mapped,-27.64452660121465,21.628701901062776,-13.815282797349434,1,0.0,0.0,interior
T099,L,2614,T009,174,0,mapped,-27.496883116369577,21.037024113903648,-13.62889063389568,1,0.0,0.0,interior
T099,L,2615,T009,175,0,mapped,-27.45311929661772,20.420788438750208,-13.516690496276,1,0.0,0.0,interior
T099,L,2616,T009,176,0,mapped,-27.401089453258365,19.908862057483905,-13.384031035611605,1,0.0,0.0,interior
T099,L,2617,T009,177,0,mapped,-27.313055447991466,19.320707560976654,-13.219482225738533,1,0.0,0.0,interior
T099,L,2618,T009,178,0,mapped,-27.219688063534434,18.76667148235002,-12.926897388254911,1,0.0,0.0,interior
T099,L,2619,T009,179,0,mapped,-27.132886532097828,18.192774999861278,-12.720594739364568,1,0.0,0.0,interior
T099,L,2620,T009,180,0,mapped,-26.963267340689306,17.415122190333648,-12.45486345834255,1,0.0,0.0,interior
T099,L,2621,T009,181,0,mapped,-26.729041715926,16.79390260999466,-12.1221060009639,1,0.0,0.0,interior
T099,L,2622,T009,182,0,mapped,-26.472669584322333,16.29091646319619,-12.02705806976722,1,0.0,0.0,interior
T099,L,2623,T009,183,0,mapped,-26.089979647252463,15.735034012157172,-11.921942227743216,1,0.0,0.0,interior
T099,L,2624,T009,184,0,mapped,-25.45345325456538,15.329115038173445,-11.818547486178554,1,0.0,0.0,interior
T099,L,2625,T009,185,0,mapped,-24.748268275162623,15.1856020853119,-11.650046954629355,1,0.0,0.0,interior
T099,L,2626,T009,186,0,mapped,-24.05013408165484,15.041785305968157,-11.427153036415124,1,0.0,0.0,interior
T099,L,2627,T009,187,0,mapped,-23.370985405138057,14.90566607347354,-11.195624138268048,1,0.0,0.0,interior
T099,L,2628,T009,188,0,mapped,-22.629327436967067,14.774839467966931,-11.002415334455836,2,1.0704300373371068e-14,5.352150186685534e-15,shared_edge
T099,L,2629,T009,190,0,mapped,-27.874369948298735,21.612370304260526,-14.327958320053774,1,0.0,0.0,interior
T099,L,2630,T009,191,0,mapped,-27.76683735368774,20.869102154621682,-14.156397015544734,1,0.0,0.0,interior
T099,L,2631,T009,192,0,mapped,-27.654536798982182,20.312288285841124,-13.98209411952767,1,0.0,0.0,interior
T099,L,2632,T009,193,0,mapped,-27.566288414054128,19.746834456706612,-13.95891045702706,1,0.0,0.0,interior
T099,L,2633,T009,194,0,mapped,-27.43100076290613,19.110389325286604,-13.763899398936262,1,0.0,0.0,interior
T099,L,2634,T009,195,0,mapped,-27.29773637909255,18.558411756573737,-13.484669324203235,1,0.0,0.0,interior
T099,L,2635,T009,196,0,mapped,-27.151243173801333,17.94359149062208,-13.276975833414143,1,0.0,0.0,interior
T099,L,2636,T009,197,0,mapped,-26.965347360186485,17.2741100080869,-12.980817042987411,1,0.0,0.0,interior
T099,L,2637,T009,198,0,mapped,-26.652110287666353,16.654863937901194,-12.855243035563745,1,0.0,0.0,interior
T099,L,2638,T009,199,0,mapped,-26.283951086463524,16.149217933646888,-12.706870339533918,1,0.0,0.0,interior
T099,L,2639,T009,200,0,mapped,-25.761758296167834,15.69092106830687,-12.570784196003006,1,0.0,0.0,interior
T099,L,2640,T009,201,0,mapped,-24.9867544394478,15.435479285258698,-12.362722815077724,1,0.0,0.0,interior
T099,L,2641,T009,202,0,mapped,-24.243943644543506,15.287295655642211,-12.171356639610945,1,0.0,0.0,interior
T099,L,2642,T009,203,0,mapped,-23.6087171284344,15.164523963858556,-11.951676679311937,1,0.0,0.0,interior
T099,L,2643,T009,204,0,mapped,-22.962535717329914,15.049998231713996,-11.735428500534178,2,1.1682163181672947e-14,5.8410815908364745e-15,shared_edge
T099,L,2644,T009,206,0,mapped,-27.920606445797347,21.47245087114798,-15.042525443648522,1,0.0,0.0,interior
T099,L,2645,T009,207,0,mapped,-27.824540118386444,20.818660408300467,-14.748430360563685,1,0.0,0.0,interior
T099,L,2646,T009,208,0,mapped,-27.730910882165382,20.188246058318626,-14.623722509133245,1,0.0,0.0,interior
T099,L,2647,T009,209,0,mapped,-27.59344233904263,19.651643039031857,-14.437124256938555,1,0.0,0.0,interior
T099,L,2648,T009,210,0,mapped,-27.437359913346224,19.062548381889613,-14.222439091397145,1,0.0,0.0,interior
T099,L,2649,T009,211,0,mapped,-27.264367050403663,18.40774334134541,-14.077377298467772,1,0.0,0.0,interior
T099,L,2650,T009,212,0,mapped,-27.13549157523487,17.876862695340115,-13.808089620206056,1,0.0,0.0,interior
T099,L,2651,T009,213,0,mapped,-26.884179819181597,17.19489942062894,-13.62984536714315,1,0.0,0.0,interior
T099,L,2652,T009,214,0,mapped,-26.439496694243836,16.535178222566934,-13.58556818375217,1,0.0,0.0,interior
T099,L,2653,T009,215,0,mapped,-25.93050923287315,16.03272923854015,-13.435887681250588,1,0.0,0.0,interior
T099,L,2654,T009,216,0,mapped,-25.231001412066036,15.788543560655256,-13.211902640846432,1,0.0,0.0,interior
T099,L,2655,T009,217,0,mapped,-24.481715635107975,15.59347516735001,-12.970727434058507,1,0.0,0.0,interior
T099,L,2656,T009,218,0,mapped,-23.8316016797812,15.440533562956482,-12.715589005736806,1,0.0,0.0,interior
T099,L,2657,T009,219,0,mapped,-23.253447212757962,15.315073755627925,-12.477164154281319,2,1.3832862079941074e-14,6.916431039970537e-15,shared_edge
T099,L,2658,T009,221,0,mapped,-27.8524105772404,21.281438564241242,-15.461534017818057,1,0.0,0.0,interior
T099,L,2659,T009,222,0,mapped,-27.746162298924094,20.72462251406114,-15.336562004450618,1,0.0,0.0,interior
T099,L,2660,T009,223,0,mapped,-27.622490398792202,20.093392027487603,-15.163575334403385,1,0.0,0.0,interior
T099,L,2661,T009,224,0,mapped,-27.500124862655184,19.540112366828208,-15.056109790407444,1,0.0,0.0,interior
T099,L,2662,T009,225,0,mapped,-27.34436936262344,18.979463575405337,-14.856880180120136,1,0.0,0.0,interior
T099,L,2663,T009,226,0,mapped,-27.181663839843672,18.329487009889178,-14.620557075793087,1,0.0,0.0,interior
T099,L,2664,T009,227,0,mapped,-26.926530306820077,17.662994707916443,-14.540282008426532,1,0.0,0.0,interior
T099,L,2665,T009,228,0,mapped,-26.60976533006408,17.06424246734934,-14.391662366372174,1,0.0,0.0,interior
T099,L,2666,T009,229,0,mapped,-26.08301348544267,16.50319872118898,-14.27301276178488,1,0.0,0.0,interior
T099,L,2667,T009,230,0,mapped,-25.446900519391743,16.20746437832984,-14.045602659202434,1,0.0,0.0,interior
T099,L,2668,T009,231,0,mapped,-24.68935120811096,15.944090320237281,-13.780569900596031,1,0.0,0.0,interior
T099,L,2669,T009,232,0,mapped,-24.047588495432052,15.755718133602993,-13.512817935688814,1,0.0,0.0,interior
T099,L,2670,T009,233,0,mapped,-23.448687464773236,15.60050353914053,-13.2529518063924,2,1.6221418424348217e-14,8.110709212174108e-15,shared_edge
T099,L,2671,T009,235,0,mapped,-27.725410410041896,21.261811840471413,-16.028667039185088,1,0.0,0.0,interior
T099,L,2672,T009,236,0,mapped,-27.591965967006523,20.621535867279285,-15.9443946846128,1,0.0,0.0,interior
T099,L,2673,T009,237,0,mapped,-27.463660917777588,20.044073509135046,-15.810245465626684,1,0.0,0.0,interior
T099,L,2674,T009,238,0,mapped,-27.307035925915415,19.451044950162693,-15.662474072688669,1,0.0,0.0,interior
T099,L,2675,T009,239,0,mapped,-27.088278358934005,18.807262349052372,-15.537265632058428,1,0.0,0.0,interior
T099,L,2676,T009,240,0,mapped,-26.949757235516998,18.24712800408571,-15.28340068021224,1,0.0,0.0,interior
T099,L,2677,T009,241,0,mapped,-26.66428641829132,17.651955452540932,-15.144681157159994,1,0.0,0.0,interior
T099,L,2678,T009,242,0,mapped,-26.21556602337582,17.086890641758615,-14.965074471840794,1,0.0,0.0,interior
T099,L,2679,T009,243,0,mapped,-25.55896811950305,16.6967126712034,-14.857674538904012,1,0.0,0.0,interior
T099,L,2680,T009,244,0,mapped,-24.885096629752248,16.361859652272976,-14.583946178331484,1,0.0,0.0,interior
T099,L,2681,T009,245,0,mapped,-24.29229491548793,16.106090303901958,-14.291828490831799,1,0.0,0.0,interior
T099,L,2682,T009,246,0,mapped,-23.718606105493958,15.903081003623422,-14.015580959101234,2,1.1729842522344532e-14,5.864921261172265e-15,shared_edge
T099,L,2683,T009,248,0,mapped,-27.449633044552954,21.15788918446842,-16.66885205794035,1,0.0,0.0,interior
T099,L,2684,T009,249,0,mapped,-27.32333001011743,20.490475620788644,-16.532865559077177,1,0.0,0.0,interior
T099,L,2685,T009,250,0,mapped,-27.237438806871406,19.968269614649362,-16.337114160734686,1,0.0,0.0,interior
T099,L,2686,T009,251,0,mapped,-27.049225290315704,19.330502520919012,-16.102591416635303,1,0.0,0.0,interior
T099,L,2687,T009,252,0,mapped,-26.805001061268815,18.7203700515352,-15.968888568947637,1,0.0,0.0,interior
T099,L,2688,T009,253,0,mapped,-26.52107008467835,18.255114306966128,-15.85346838268105,1,0.0,0.0,interior
T099,L,2689,T009,254,0,mapped,-26.146114017866644,17.658810554137087,-15.607725399326188,1,0.0,0.0,interior
T099,L,2690,T009,255,0,mapped,-25.61787492150542,17.19729562476313,-15.468620479089552,1,0.0,0.0,interior
T099,L,2691,T009,256,0,mapped,-25.03702128270003,16.834576042557423,-15.30975477543721,1,0.0,0.0,interior
T099,L,2692,T009,257,0,mapped,-24.50989424267899,16.512420148182827,-15.045933595377882,1,0.0,0.0,interior
T099,L,2693,T009,258,0,mapped,-24.03183196190952,16.24735654509562,-14.751423107471318,2,1.3703948308760403e-14,6.8519741543802015e-15,shared_edge
T099,L,2694,T009,260,0,mapped,-27.17895613895201,20.923737140185107,-17.066119421537415,1,0.0,0.0,interior
T099,L,2695,T009,261,0,mapped,-27.0411196008278,20.37859202024412,-16.983784831262845,1,0.0,0.0,interior
T099,L,2696,T009,262,0,mapped,-26.918689772941985,19.818253097698246,-16.773905795634562,1,0.0,0.0,interior
T099,L,2697,T009,263,0,mapped,-26.70794368812161,19.315143894249314,-16.61912069919588,1,0.0,0.0,interior
T099,L,2698,T009,264,0,mapped,-26.418027986575247,18.858990833927738,-16.57948012019246,1,0.0,0.0,interior
T099,L,2699,T009,265,0,mapped,-25.97790189004928,18.243049539441344,-16.357847889964884,1,0.0,0.0,interior
T099,L,2700,T009,266,0,mapped,-25.557341600391233,17.755192176534567,-16.152980404114363,1,0.0,0.0,interior
T099,L,2701,T009,267,0,mapped,-25.086990658053445,17.33215941131324,-15.96048284472092,1,0.0,0.0,interior
T099,L,2702,T009,268,0,mapped,-24.709210763205668,16.972534173160355,-15.712086545935039,1,0.0,0.0,interior
T099,L,2703,T009,269,0,mapped,-24.304021777889336,16.645175088399814,-15.458585983692531,2,1.4156976150743255e-14,7.078488075371628e-15,shared_edge
T099,L,2704,T009,271,0,mapped,-26.714359476076204,20.819346948178815,-17.772171974391362,1,0.0,0.0,interior
T099,L,2705,T009,272,0,mapped,-26.614806429055957,20.322137380469588,-17.553300306855228,1,0.0,0.0,interior
T099,L,2706,T009,273,0,mapped,-26.485185609679135,19.871585054508426,-17.37178924962764,1,0.0,0.0,interior
T099,L,2707,T009,274,0,mapped,-26.22663937402099,19.337647034504833,-17.260337145837074,1,0.0,0.0,interior
T099,L,2708,T009,275,0,mapped,-26.002517260456305,18.79646295458199,-16.96800736368078,1,0.0,0.0,interior
T099,L,2709,T009,276,0,mapped,-25.613326643499278,18.301992731382764,-16.842538287243904,1,0.0,0.0,interior
T099,L,2710,T009,277,0,mapped,-25.21252737549922,17.824035858406504,-16.6198881596732,1,0.0,0.0,interior
T099,L,2711,T009,278,0,mapped,-24.831519085150795,17.40152230418424,-16.375368301944018,1,0.0,0.0,interior
T099,L,2712,T009,279,0,mapped,-24.439057265821997,17.016581047315647,-16.19003963075445,2,1.3702149300113496e-14,6.851074650056749e-15,shared_edge
T099,L,2713,T009,281,0,mapped,-26.532155577826188,20.95904730005127,-18.161465820361613,1,0.0,0.0,interior
T099,L,2714,T009,282,0,mapped,-26.29446309793374,20.350971601262597,-18.093609609461616,1,0.0,0.0,interior
T099,L,2715,T009,283,0,mapped,-26.124996950382524,19.88321290784477,-17.950299230282134,1,0.0,0.0,interior
T099,L,2716,T009,284,0,mapped,-25.958557688602816,19.358671852940457,-17.735288547788844,1,0.0,0.0,interior
T099,L,2717,T009,285,0,mapped,-25.717089631344425,18.829258652982723,-17.493028525999563,1,0.0,0.0,interior
T099,L,2718,T009,286,0,mapped,-25.33172669433937,18.239568640134628,-17.24928309492491,1,0.0,0.0,interior
T099,L,2719,T009,287,0,mapped,-24.988483976309574,17.82596452336759,-17.08416841218152,1,0.0,0.0,interior
T099,L,2720,T009,288,0,mapped,-24.648362442255245,17.417141554313403,-16.90095450309771,2,1.3053503572900975e-14,6.5267517864504875e-15,shared_edge
T099,L,2721,T009,290,0,mapped,-26.157542667136987,20.87299560499047,-18.750794420122233,1,0.0,0.0,interior
T099,L,2722,T009,291,0,mapped,-26.014048349028812,20.385202169988773,-18.59294988811198,1,0.0,0.0,interior
T099,L,2723,T009,292,0,mapped,-25.84180178006327,19.830302020928613,-18.388898396715767,1,0.0,0.0,interior
T099,L,2724,T009,293,0,mapped,-25.665482635981473,19.37200829154965,-18.23385586592376,1,0.0,0.0,interior
T099,L,2725,T009,294,0,mapped,-25.430286805638524,18.75682478513351,-17.947299883605822,1,0.0,0.0,interior
T099,L,2726,T009,295,0,mapped,-25.06796469344774,18.22642169659868,-17.845002880144357,1,0.0,0.0,interior
T099,L,2727,T009,296,0,mapped,-24.68463136723635,17.665202804405403,-17.678675490935934,2,1.1322097734007352e-14,5.661048867003676e-15,shared_edge
T099,L,2728,T009,298,0,mapped,-25.979635010104325,20.847056341670747,-19.05894050594757,1,0.0,0.0,interior
T099,L,2729,T009,299,0,mapped,-25.793023518417865,20.33943017325565,-18.963663534583144,1,0.0,0.0,interior
T099,L,2730,T009,300,0,mapped,-25.605154757474462,19.82827374938992,-18.830913932791667,1,0.0,0.0,interior
T099,L,2731,T009,301,0,mapped,-25.443777614231177,19.357113073329213,-18.660567018565594,1,0.0,0.0,interior
T099,L,2732,T009,302,0,mapped,-25.162540138267524,18.779798762141787,-18.492059753934594,1,0.0,0.0,interior
T099,L,2733,T009,303,0,mapped,-24.839579331834713,18.214030155115125,-18.337242351570506,2,1.2080532582046503e-14,6.040266291023253e-15,shared_edge
T099,L,2734,T009,305,0,mapped,-25.736493980627824,20.80896440937407,-19.654177197126213,1,0.0,0.0,interior
T099,L,2735,T009,306,0,mapped,-25.60397657639055,20.291233693769968,-19.42898352096659,1,0.0,0.0,interior
T099,L,2736,T009,307,0,mapped,-25.457620405091426,19.861241713726482,-19.261033699043598,1,0.0,0.0,interior
T099,L,2737,T009,308,0,mapped,-25.281114260619827,19.409170658521838,-19.112952743996964,1,0.0,0.0,interior
T099,L,2738,T009,309,0,mapped,-24.994659664714497,18.769322498124595,-18.991261566931676,2,7.229248575812844e-15,3.614624287906422e-15,shared_edge
T099,L,2739,T009,311,0,mapped,-25.602906492153824,20.770117850808713,-20.179189738221037,1,0.0,0.0,interior
T099,L,2740,T009,312,0,mapped,-25.477522080688072,20.25444860463816,-19.94958389580342,1,0.0,0.0,interior
T099,L,2741,T009,313,0,mapped,-25.316154560278243,19.787110001064505,-19.805817888105093,1,0.0,0.0,interior
T099,L,2742,T009,314,0,mapped,-25.149397926096988,19.35883000931997,-19.61363423297291,2,7.640399661428378e-15,3.820199830714189e-15,shared_edge
T099,L,2743,T009,316,0,mapped,-25.540623736729692,20.723890320593306,-20.741408419140082,1,0.0,0.0,interior
T099,L,2744,T009,317,0,mapped,-25.447605341139056,20.349857819138133,-20.449223839130028,1,0.0,0.0,interior
T099,L,2745,T009,318,0,mapped,-25.3037875339606,19.85128306634946,-20.316187709962634,2,4.311326371230795e-15,2.1556631856153973e-15,shared_edge
T099,L,2746,T009,320,0,mapped,-25.571237806457376,20.672365891549838,-21.247464951780508,1,0.0,0.0,interior
T099,L,2747,T009,321,0,mapped,-25.454960261208132,20.305837986267804,-21.027656748827553,2,2.673771110915334e-15,1.336885555457667e-15,shared_edge
T099,L,2748,T009,323,0,mapped,-25.662925891431883,20.31869800188116,-21.868673296292307,2,0.3011389460206765,0.1505694730103382,shared_edge
T099,L,2749,T010,26,0,mapped,-23.83759738430734,22.942935328890282,-11.428100612901542,1,0.0,0.0,interior
T099,L,2750,T010,27,0,mapped,-23.757579267621267,22.306885400521885,-11.367891075863264,1,0.0,0.0,interior
T099,L,2751,T010,28,0,mapped,-23.76160655850496,21.799607296485934,-11.084950633548424,1,0.0,0.0,interior
T099,L,2752,T010,29,0,mapped,-23.76043100016843,21.38430844354097,-10.583052944079558,1,0.0,0.0,interior
T099,L,2753,T010,30,0,mapped,-23.743565365232236,21.11527925767988,-10.057976669934808,1,0.0,0.0,interior
T099,L,2754,T010,31,0,mapped,-23.855551786304318,20.810626178042668,-9.551436412376443,1,0.0,0.0,interior
T099,L,2755,T010,32,0,mapped,-23.97648201948015,20.514641039054467,-8.93597964897537,1,0.0,0.0,interior
T099,L,2756,T010,33,0,mapped,-24.129908069161026,20.232378079683542,-8.363514935526016,1,0.0,0.0,interior
T099,L,2757,T010,34,0,mapped,-24.259621815304925,19.993078379319986,-7.782317212365899,1,0.0,0.0,interior
T099,L,2758,T010,35,0,mapped,-24.41755723259468,19.632513084111988,-7.410675035742983,1,0.0,0.0,interior
T099,L,2759,T010,36,0,mapped,-24.53176846984489,19.101590796243805,-7.013763080303166,1,0.0,0.0,interior
T099,L,2760,T010,37,0,mapped,-24.632780479023015,18.606299967786015,-6.623933601562076,1,0.0,0.0,interior
T099,L,2761,T010,38,0,mapped,-24.611635804852483,18.181642062857932,-6.211592016799379,1,0.0,0.0,interior
T099,L,2762,T010,39,0,mapped,-24.507978713328257,17.661852661779484,-5.818461263049775,1,0.0,0.0,interior
T099,L,2763,T010,40,0,mapped,-24.377487863918105,17.13125214563777,-5.364466190445357,1,0.0,0.0,interior
T099,L,2764,T010,41,0,mapped,-24.2667417874971,16.505188989803067,-5.118868525493193,1,0.0,0.0,interior
T099,L,2765,T010,42,0,mapped,-24.096111899974822,16.03691031347236,-4.904217316638501,1,0.0,0.0,interior
T099,L,2766,T010,43,0,mapped,-23.825182059154592,15.44141394174679,-4.678328031801058,1,0.0,0.0,interior
T099,L,2767,T010,44,0,mapped,-23.451675864265177,14.903887127017484,-4.481906297999259,1,0.0,0.0,interior
T099,L,2768,T010,45,0,mapped,-23.084630774713407,14.427005892765294,-4.419665930676414,1,0.0,0.0,interior
T099,L,2769,T010,46,0,mapped,-22.648424296676357,13.904681813176827,-4.391471194605977,1,0.0,0.0,interior
T099,L,2770,T010,47,0,mapped,-22.188224545190316,13.45208953299309,-4.381204341118453,1,0.0,0.0,interior
T099,L,2771,T010,48,0,mapped,-21.50748265905166,13.067032795400888,-4.34694527622989,2,1.7763568394002505e-15,8.881784197001252e-16,shared_edge
T099,L,2772,T010,50,0,mapped,-23.639771120994915,22.7433680088986,-11.398924420536702,1,0.0,0.0,interior
T099,L,2773,T010,51,0,mapped,-23.548457808648898,22.207545258728672,-11.233105778772904,1,0.0,0.0,interior
T099,L,2774,T010,52,0,mapped,-23.601910009487256,21.684584429334723,-10.86416844862849,1,0.0,0.0,interior
T099,L,2775,T010,53,0,mapped,-23.54920182863208,21.342553833599453,-10.36100024063099,1,0.0,0.0,interior
T099,L,2776,T010,54,0,mapped,-23.711400275681708,21.039674848678075,-9.864110863719617,1,0.0,0.0,interior
T099,L,2777,T010,55,0,mapped,-23.797876608335436,20.76346252760955,-9.274805578178142,1,0.0,0.0,interior
T099,L,2778,T010,56,0,mapped,-23.952673036597787,20.46186526310318,-8.701074104957161,1,0.0,0.0,interior
T099,L,2779,T010,57,0,mapped,-24.044938634664298,20.233780910472174,-8.05463032181288,1,0.0,0.0,interior
T099,L,2780,T010,58,0,mapped,-24.151635278697256,20.018608316856863,-7.546471002441771,1,0.0,0.0,interior
T099,L,2781,T010,59,0,mapped,-24.333393519507386,19.603021187145686,-7.174678970835915,1,0.0,0.0,interior
T099,L,2782,T010,60,0,mapped,-24.39024179189729,19.08814294797375,-6.771104690145753,1,0.0,0.0,interior
T099,L,2783,T010,61,0,mapped,-24.451789330497103,18.62947017536932,-6.278452180771829,1,0.0,0.0,interior
T099,L,2784,T010,62,0,mapped,-24.454431326818025,18.10755409759102,-5.884964331886231,1,0.0,0.0,interior
T099,L,2785,T010,63,0,mapped,-24.335675422671223,17.571461124356468,-5.487126691440235,1,0.0,0.0,interior
T099,L,2786,T010,64,0,mapped,-24.14812133986087,17.108264270190414,-5.074398845603875,1,0.0,0.0,interior
T099,L,2787,T010,65,0,mapped,-23.946803236454166,16.574527870967138,-4.80956648473496,1,0.0,0.0,interior
T099,L,2788,T010,66,0,mapped,-23.845069563537564,15.973386421525696,-4.632839667954958,1,0.0,0.0,interior
T099,L,2789,T010,67,0,mapped,-23.41819840828073,15.356654433390656,-4.321287858467887,1,0.0,0.0,interior
T099,L,2790,T010,68,0,mapped,-23.10200179991702,14.90755476708247,-4.199304534689865,1,0.0,0.0,interior
T099,L,2791,T010,69,0,mapped,-22.60230876796657,14.331439390638044,-4.16094672318021,1,0.0,0.0,interior
T099,L,2792,T010,70,0,mapped,-22.121038043589024,13.879121272471057,-4.044844392956499,1,0.0,0.0,interior
T099,L,2793,T010,71,0,mapped,-21.500419579330064,13.442288255428801,-4.041214691246918,2,1.7763568394002505e-15,8.881784197001252e-16,shared_edge
T099,L,2794,T010,73,0,mapped,-23.466445403073166,22.570647135192363,-11.322149835363227,1,0.0,0.0,interior
T099,L,2795,T010,74,0,mapped,-23.48982712708905,22.07505228337919,-11.117869766965097,1,0.0,0.0,interior
T099,L,2796,T010,75,0,mapped,-23.465341346275924,21.628708290337467,-10.669912858354056,1,0.0,0.0,interior
T099,L,2797,T010,76,0,mapped,-23.46753005088867,21.284871418544377,-10.088359302118636,1,0.0,0.0,interior
T099,L,2798,T010,77,0,mapped,-23.595051951662445,21.00281188483157,-9.609741042785473,1,0.0,0.0,interior
T099,L,2799,T010,78,0,mapped,-23.664488810995145,20.783605605646617,-8.994584096781498,1,0.0,0.0,interior
T099,L,2800,T010,79,0,mapped,-23.81656710141126,20.503180594652022,-8.418427847554964,1,0.0,0.0,interior
T099,L,2801,T010,80,0,mapped,-23.967807768083297,20.254594681897366,-7.8390178886747846,1,0.0,0.0,interior
T099,L,2802,T010,81,0,mapped,-24.125931975026354,19.992484714209198,-7.415044156645983,1,0.0,0.0,interior
T099,L,2803,T010,82,0,mapped,-24.214064508062403,19.596965657770895,-6.939089277477693,1,0.0,0.0,interior
T099,L,2804,T010,83,0,mapped,-24.218767846420413,19.120757324392688,-6.514267202891569,1,0.0,0.0,interior
T099,L,2805,T010,84,0,mapped,-24.369466847396573,18.593366118939684,-6.097434574346435,1,0.0,0.0,interior
T099,L,2806,T010,85,0,mapped,-24.25304273512731,18.004582242708942,-5.540797882310033,1,0.0,0.0,interior
T099,L,2807,T010,86,0,mapped,-24.095204888959856,17.553867956800982,-5.167844563335837,1,0.0,0.0,interior
T099,L,2808,T010,87,0,mapped,-24.016967614154694,17.01098627927272,-4.903891223115439,1,0.0,0.0,interior
T099,L,2809,T010,88,0,mapped,-23.75170089438265,16.424441745521307,-4.621876574190628,1,0.0,0.0,interior
T099,L,2810,T010,89,0,mapped,-23.512242125250026,15.932094177703785,-4.326188213034085,1,0.0,0.0,interior
T099,L,2811,T010,90,0,mapped,-23.095488213785718,15.24034780713966,-4.09853158899868,1,0.0,0.0,interior
T099,L,2812,T010,91,0,mapped,-22.669703032576372,14.736662069712535,-3.9957537460807675,1,0.0,0.0,interior
T099,L,2813,T010,92,0,mapped,-22.073637409969113,14.367523544174162,-3.8175795676702595,1,0.0,0.0,interior
T099,L,2814,T010,93,0,mapped,-21.517018016995486,13.862664269637593,-3.803600171513386,2,0.0,0.0,shared_edge
T099,L,2815,T010,95,0,mapped,-23.292297408038642,22.43944821921874,-11.216070434112716,1,0.0,0.0,interior
T099,L,2816,T010,96,0,mapped,-23.3334022619002,21.912522278076647,-10.906683862466199,1,0.0,0.0,interior
T099,L,2817,T010,97,0,mapped,-23.276409273511398,21.57722000784382,-10.433275489814495,1,0.0,0.0,interior
T099,L,2818,T010,98,0,mapped,-23.40056942657613,21.231947315166888,-9.889085377165422,1,0.0,0.0,interior
T099,L,2819,T010,99,0,mapped,-23.516750001756883,20.97246139651896,-9.33653166916085,1,0.0,0.0,interior
T099,L,2820,T010,100,0,mapped,-23.64142367979599,20.731585102328303,-8.765873357812783,1,0.0,0.0,interior
T099,L,2821,T010,101,0,mapped,-23.79908477048862,20.46953523111662,-8.17367092858716,1,0.0,0.0,interior
T099,L,2822,T010,102,0,mapped,-23.925750072579625,20.232132255861707,-7.628530195930736,1,0.0,0.0,interior
T099,L,2823,T010,103,0,mapped,-24.089552254299136,19.881892952700362,-7.167716519685207,1,0.0,0.0,interior
T099,L,2824,T010,104,0,mapped,-24.084348583929746,19.50737292005124,-6.67401904393367,1,0.0,0.0,interior
T099,L,2825,T010,105,0,mapped,-24.131774894839666,19.06357778382775,-6.332732213340909,1,0.0,0.0,interior
T099,L,2826,T010,106,0,mapped,-24.164670732080946,18.55809813377721,-5.784251148292796,1,0.0,0.0,interior
T099,L,2827,T010,107,0,mapped,-24.04160918003177,18.023822461529814,-5.304844131824902,1,0.0,0.0,interior
T099,L,2828,T010,108,0,mapped,-23.90047387405421,17.510689874122,-4.955990822956075,1,0.0,0.0,interior
T099,L,2829,T010,109,0,mapped,-23.64792323856156,17.00269588254422,-4.569454046844212,1,0.0,0.0,interior
T099,L,2830,T010,110,0,mapped,-23.433143586401158,16.292542027286284,-4.318375128010789,1,0.0,0.0,interior
T099,L,2831,T010,111,0,mapped,-23.105717714985623,15.87131389254973,-4.03557926115869,1,0.0,0.0,interior
T099,L,2832,T010,112,0,mapped,-22.60832182098183,15.263895321729263,-3.797415737662563,1,0.0,0.0,interior
T099,L,2833,T010,113,0,mapped,-22.177838763339995,14.760178547474215,-3.714439889049265,1,0.0,0.0,interior
T099,L,2834,T010,114,0,mapped,-21.552006931873372,14.325169992004035,-3.6637597054504774,2,7.536443801682121e-15,3.7682219008410606e-15,shared_edge
T099,L,2835,T010,116,0,mapped,-23.11863751538702,22.264165720440964,-11.044129485590922,1,0.0,0.0,interior
T099,L,2836,T010,117,0,mapped,-23.12874916134946,21.833023531562123,-10.621118801458834,1,0.0,0.0,interior
T099,L,2837,T010,118,0,mapped,-23.141602923907513,21.487536161624718,-10.146999537309748,1,0.0,0.0,interior
T099,L,2838,T010,119,0,mapped,-23.33864695815224,21.16062529699367,-9.642543952141693,1,0.0,0.0,interior
T099,L,2839,T010,120,0,mapped,-23.49161487604364,20.932375571968034,-9.122880628631501,1,0.0,0.0,interior
T099,L,2840,T010,121,0,mapped,-23.622001934900318,20.68351933623485,-8.539731309380752,1,0.0,0.0,interior
T099,L,2841,T010,122,0,mapped,-23.75668377825538,20.45130272718462,-7.941410939457857,1,0.0,0.0,interior
T099,L,2842,T010,123,0,mapped,-23.828242050350504,20.215306072243997,-7.371830646824982,1,0.0,0.0,interior
T099,L,2843,T010,124,0,mapped,-23.872959319096438,19.911740510824266,-6.917340155289953,1,0.0,0.0,interior
T099,L,2844,T010,125,0,mapped,-23.966785967790443,19.408557640360335,-6.4337209549593695,1,0.0,0.0,interior
T099,L,2845,T010,126,0,mapped,-24.009074891955194,19.003298278283914,-6.04066286239596,1,0.0,0.0,interior
T099,L,2846,T010,127,0,mapped,-23.96193988738994,18.528541321870666,-5.556821184318432,1,0.0,0.0,interior
T099,L,2847,T010,128,0,mapped,-23.801091688158763,17.867709914554734,-4.972348456474661,1,0.0,0.0,interior
T099,L,2848,T010,129,0,mapped,-23.58504505465052,17.47061934248505,-4.640086037614109,1,0.0,0.0,interior
T099,L,2849,T010,130,0,mapped,-23.392172330230693,16.915618636570024,-4.339793617203254,1,0.0,0.0,interior
T099,L,2850,T010,131,0,mapped,-23.048962582307016,16.30746477694006,-4.024738188515565,1,0.0,0.0,interior
T099,L,2851,T010,132,0,mapped,-22.582686884303406,15.716288399887032,-3.7522942966786523,1,0.0,0.0,interior
T099,L,2852,T010,133,0,mapped,-22.24541349160952,15.321943358382981,-3.6267568160513424,1,0.0,0.0,interior
T099,L,2853,T010,134,0,mapped,-21.588215848706263,14.789833626146025,-3.531031200928469,2,3.2023728339893768e-15,1.6011864169946884e-15,shared_edge
T099,L,2854,T010,136,0,mapped,-22.995823731202776,22.097436081598712,-10.858812270908931,1,0.0,0.0,interior
T099,L,2855,T010,137,0,mapped,-22.978726985273486,21.77588911625451,-10.403820363793645,1,0.0,0.0,interior
T099,L,2856,T010,138,0,mapped,-23.11418904554472,21.418012204442434,-9.944388251909842,1,0.0,0.0,interior
T099,L,2857,T010,139,0,mapped,-23.277243151136293,21.123716856212738,-9.38848643880654,1,0.0,0.0,interior
T099,L,2858,T010,140,0,mapped,-23.450286461980216,20.891115265017408,-8.82970766777532,1,0.0,0.0,interior
T099,L,2859,T010,141,0,mapped,-23.575239596782005,20.67193615848951,-8.303902990055565,1,0.0,0.0,interior
T099,L,2860,T010,142,0,mapped,-23.68343477915512,20.434159629967425,-7.669461240359396,1,0.0,0.0,interior
T099,L,2861,T010,143,0,mapped,-23.71905188640485,20.228437468876344,-7.242187101457718,1,0.0,0.0,interior
T099,L,2862,T010,144,0,mapped,-23.736989281446725,19.860676905747315,-6.700864649868329,1,0.0,0.0,interior
T099,L,2863,T010,145,0,mapped,-23.74466136449484,19.445277636292328,-6.197238704555854,1,0.0,0.0,interior
T099,L,2864,T010,146,0,mapped,-23.873125128460224,18.870307540051773,-5.726040942838294,1,0.0,0.0,interior
T099,L,2865,T010,147,0,mapped,-23.72541947107755,18.324222584474064,-5.159794877334967,1,0.0,0.0,interior
T099,L,2866,T010,148,0,mapped,-23.5533600097514,17.868006632396725,-4.734914476080371,1,0.0,0.0,interior
T099,L,2867,T010,149,0,mapped,-23.33579592132626,17.39236043776005,-4.416329856356956,1,0.0,0.0,interior
T099,L,2868,T010,150,0,mapped,-23.12513892802737,16.916071576812584,-4.132440551845944,1,0.0,0.0,interior
T099,L,2869,T010,151,0,mapped,-22.702226256023735,16.307806316992984,-3.8037912852145137,1,0.0,0.0,interior
T099,L,2870,T010,152,0,mapped,-22.317067561786153,15.814001118898151,-3.612775526062755,1,0.0,0.0,interior
T099,L,2871,T010,153,0,mapped,-21.63105347168146,15.263436271830049,-3.4387021999212415,2,1.7763568394002505e-15,8.881784197001252e-16,shared_edge
T099,L,2872,T010,155,0,mapped,-22.8282955211953,22.032753633149596,-10.659332908707423,1,0.0,0.0,interior
T099,L,2873,T010,156,0,mapped,-22.894381575036697,21.729095369310656,-10.25057033094139,1,0.0,0.0,interior
T099,L,2874,T010,157,0,mapped,-23.010661034816025,21.379417545049055,-9.665365486029707,1,0.0,0.0,interior
T099,L,2875,T010,158,0,mapped,-23.21143353936336,21.105530179902768,-9.12845448756606,1,0.0,0.0,interior
T099,L,2876,T010,159,0,mapped,-23.36633577906336,20.907426373732378,-8.659711696689524,1,0.0,0.0,interior
T099,L,2877,T010,160,0,mapped,-23.476826895038,20.692137437909192,-8.037482153979031,1,0.0,0.0,interior
T099,L,2878,T010,161,0,mapped,-23.554224577224005,20.460402803319692,-7.500921036907541,1,0.0,0.0,interior
T099,L,2879,T010,162,0,mapped,-23.5818594821539,20.17851749558195,-7.01782674781272,1,0.0,0.0,interior
T099,L,2880,T010,163,0,mapped,-23.543553791615356,19.80066957264198,-6.434132027874002,1,0.0,0.0,interior
T099,L,2881,T010,164,0,mapped,-23.62262872167134,19.407962660467618,-6.005406676216847,1,0.0,0.0,interior
T099,L,2882,T010,165,0,mapped,-23.514006907243022,18.872618820944343,-5.42515390598909,1,0.0,0.0,interior
T099,L,2883,T010,166,0,mapped,-23.4304056587765,18.217500221438165,-4.815361590389916,1,0.0,0.0,interior
T099,L,2884,T010,167,0,mapped,-23.27136771565136,17.76325940069199,-4.487908823488253,1,0.0,0.0,interior
T099,L,2885,T010,168,0,mapped,-23.069755884872365,17.30687984053743,-4.206201938997616,1,0.0,0.0,interior
T099,L,2886,T010,169,0,mapped,-22.777163714538084,16.84170424618155,-3.877354507063739,1,0.0,0.0,interior
T099,L,2887,T010,170,0,mapped,-22.361155470106517,16.181536159051895,-3.5982667412535605,1,0.0,0.0,interior
T099,L,2888,T010,171,0,mapped,-21.685143718879374,15.744298057519774,-3.4220641620345784,2,4.440892098500626e-15,2.220446049250313e-15,shared_edge
T099,L,2889,T010,173,0,mapped,-22.671712445389325,21.98276368772494,-10.444501684558457,1,0.0,0.0,interior
T099,L,2890,T010,174,0,mapped,-22.875589496584585,21.597322561130472,-10.001673544423465,1,0.0,0.0,interior
T099,L,2891,T010,175,0,mapped,-22.98589517119219,21.303040781413557,-9.407422912086734,1,0.0,0.0,interior
T099,L,2892,T010,176,0,mapped,-23.129437644414434,21.09269263065998,-8.867054872816297,1,0.0,0.0,interior
T099,L,2893,T010,177,0,mapped,-23.244388720824368,20.91592830080252,-8.413335914044378,1,0.0,0.0,interior
T099,L,2894,T010,178,0,mapped,-23.35055533934789,20.696997128683797,-7.802467813525261,1,0.0,0.0,interior
T099,L,2895,T010,179,0,mapped,-23.405522371740894,20.44423609829247,-7.255300322277392,1,0.0,0.0,interior
T099,L,2896,T010,180,0,mapped,-23.4055667767125,20.116481411946882,-6.754147839860131,1,0.0,0.0,interior
T099,L,2897,T010,181,0,mapped,-23.354882988934513,19.776914703956606,-6.216449536899853,1,0.0,0.0,interior
T099,L,2898,T010,182,0,mapped,-23.3164317420594,19.41251153894943,-5.715854639849029,1,0.0,0.0,interior
T099,L,2899,T010,183,0,mapped,-23.26544606465074,18.81911751457141,-5.139968355770236,1,0.0,0.0,interior
T099,L,2900,T010,184,0,mapped,-23.17199134971407,18.24094314369918,-4.627831567092231,1,0.0,0.0,interior
T099,L,2901,T010,185,0,mapped,-23.004863658047228,17.777318495032983,-4.327334600023118,1,0.0,0.0,interior
T099,L,2902,T010,186,0,mapped,-22.71608346546345,17.283785116035535,-3.9824382964511305,1,0.0,0.0,interior
T099,L,2903,T010,187,0,mapped,-22.406816064007213,16.69002933755404,-3.6555601555428154,1,0.0,0.0,interior
T099,L,2904,T010,188,0,mapped,-21.7420896458526,16.22527419522914,-3.4260864377032334,2,2.5121479338940407e-15,1.2560739669470201e-15,shared_edge
T099,L,2905,T010,190,0,mapped,-22.531293510334606,21.921935435560634,-10.240246745044487,1,0.0,0.0,interior
T099,L,2906,T010,191,0,mapped,-22.735866670838174,21.57766931110961,-9.732637885886465,1,0.0,0.0,interior
T099,L,2907,T010,192,0,mapped,-22.901085949756805,21.27880377080522,-9.175299926715738,1,0.0,0.0,interior
T099,L,2908,T010,193,0,mapped,-23.03928287040006,21.094706229879517,-8.687351071412277,1,0.0,0.0,interior
T099,L,2909,T010,194,0,mapped,-23.128115713414463,20.915003360310923,-8.1117812623222,1,0.0,0.0,interior
T099,L,2910,T010,195,0,mapped,-23.204366359061346,20.68679847215878,-7.544580270491692,1,0.0,0.0,interior
T099,L,2911,T010,196,0,mapped,-23.257369932453408,20.43693838950744,-7.066041062123304,1,0.0,0.0,interior
T099,L,2912,T010,197,0,mapped,-23.217405728465394,20.06666066444079,-6.531414371663878,1,0.0,0.0,interior
T099,L,2913,T010,198,0,mapped,-23.105799716573195,19.739838804119373,-5.95350743004979,1,0.0,0.0,interior
T099,L,2914,T010,199,0,mapped,-23.048331747036624,19.343272847464647,-5.413362877868277,1,0.0,0.0,interior
T099,L,2915,T010,200,0,mapped,-22.999182185510936,18.727516415212932,-4.872913774378073,1,0.0,0.0,interior
T099,L,2916,T010,201,0,mapped,-22.927640402774585,18.21994503995874,-4.469600177321109,1,0.0,0.0,interior
T099,L,2917,T010,202,0,mapped,-22.755635242739913,17.750209108674856,-4.1745525962541805,1,0.0,0.0,interior
T099,L,2918,T010,203,0,mapped,-22.312735719928902,17.192948503676497,-3.801881043324098,1,0.0,0.0,interior
T099,L,2919,T010,204,0,mapped,-21.80367753595181,16.702073996224,-3.467410178331207,2,0.0,0.0,shared_edge
T099,L,2920,T010,206,0,mapped,-22.49538438447759,21.820834711257202,-9.993815528227437,1,0.0,0.0,interior
T099,L,2921,T010,207,0,mapped,-22.686398642264763,21.50651208219041,-9.480876608919079,1,0.0,0.0,interior
T099,L,2922,T010,208,0,mapped,-22.812490865602182,21.26378756571738,-8.946256571274999,1,0.0,0.0,interior
T099,L,2923,T010,209,0,mapped,-22.95774863047803,21.066106861551845,-8.399632940399336,1,0.0,0.0,interior
T099,L,2924,T010,210,0,mapped,-23.00336169886094,20.915380493523955,-7.836473516144734,1,0.0,0.0,interior
T099,L,2925,T010,211,0,mapped,-23.077474130705312,20.66317739634842,-7.2842025690154575,1,0.0,0.0,interior
T099,L,2926,T010,212,0,mapped,-23.067135005866135,20.390085615662013,-6.840388428000875,1,0.0,0.0,interior
T099,L,2927,T010,213,0,mapped,-22.990408134732647,20.034689414746925,-6.289429800296281,1,0.0,0.0,interior
T099,L,2928,T010,214,0,mapped,-22.996744978660388,19.61317954343276,-5.711505140525324,1,0.0,0.0,interior
T099,L,2929,T010,215,0,mapped,-22.772694777369864,19.234072948160808,-5.1156986928950445,1,0.0,0.0,interior
T099,L,2930,T010,216,0,mapped,-22.82291337089198,18.669194073458414,-4.737710973624278,1,0.0,0.0,interior
T099,L,2931,T010,217,0,mapped,-22.651749570644448,18.120448216404707,-4.284657327209063,1,0.0,0.0,interior
T099,L,2932,T010,218,0,mapped,-22.340475207908295,17.65415343175445,-3.984893464371945,1,0.0,0.0,interior
T099,L,2933,T010,219,0,mapped,-21.880366665618958,17.144317899288986,-3.647954393558953,2,6.646518689688359e-15,3.32325934484418e-15,shared_edge
T099,L,2934,T010,221,0,mapped,-22.40618151151103,21.7697179137657,-9.758311613945352,1,0.0,0.0,interior
T099,L,2935,T010,222,0,mapped,-22.57065527822595,21.467398697028976,-9.225641982824527,1,0.0,0.0,interior
T099,L,2936,T010,223,0,mapped,-22.71942436023614,21.25298914822055,-8.71515253730264,1,0.0,0.0,interior
T099,L,2937,T010,224,0,mapped,-22.769645629260047,21.107679131463787,-8.160780840514064,1,0.0,0.0,interior
T099,L,2938,T010,225,0,mapped,-22.879719812613356,20.921769680329486,-7.63886944777977,1,0.0,0.0,interior
T099,L,2939,T010,226,0,mapped,-22.880184148447135,20.65687646012491,-7.072708946643521,1,0.0,0.0,interior
T099,L,2940,T010,227,0,mapped,-22.87999135498444,20.332908308822915,-6.6156272457497245,1,0.0,0.0,interior
T099,L,2941,T010,228,0,mapped,-22.756205615826786,19.976204178992898,-6.026527971675765,1,0.0,0.0,interior
T099,L,2942,T010,229,0,mapped,-22.77438757801307,19.592074057860362,-5.521130013266518,1,0.0,0.0,interior
T099,L,2943,T010,230,0,mapped,-22.572235054925788,19.15298708456034,-4.938001273348545,1,0.0,0.0,interior
T099,L,2944,T010,231,0,mapped,-22.49931502822502,18.576797956912195,-4.4818592229076515,1,0.0,0.0,interior
T099,L,2945,T010,232,0,mapped,-22.363584947876234,18.029550131907047,-4.1121111660489404,1,0.0,0.0,interior
T099,L,2946,T010,233,0,mapped,-21.99777185367228,17.55840868559365,-3.829062397075875,2,2.664535259100376e-15,1.3322676295501878e-15,shared_edge
T099,L,2947,T010,235,0,mapped,-22.333031763677255,21.715999071715792,-9.533891819409003,1,0.0,0.0,interior
T099,L,2948,T010,236,0,mapped,-22.513846142847672,21.432560411134325,-8.988039465884547,1,0.0,0.0,interior
T099,L,2949,T010,237,0,mapped,-22.62072517431811,21.252388064126897,-8.504171453437689,1,0.0,0.0,interior
T099,L,2950,T010,238,0,mapped,-22.657235320430317,21.104702670382444,-7.912080338657383,1,0.0,0.0,interior
T099,L,2951,T010,239,0,mapped,-22.780969371841376,20.84358058343097,-7.319886965668973,1,0.0,0.0,interior
T099,L,2952,T010,240,0,mapped,-22.68849560186124,20.61700811513386,-6.84663308968395,1,0.0,0.0,interior
T099,L,2953,T010,241,0,mapped,-22.718457982955186,20.27333515666937,-6.36282645273517,1,0.0,0.0,interior
T099,L,2954,T010,242,0,mapped,-22.656736620504933,19.84684950630707,-5.781950106610665,1,0.0,0.0,interior
T099,L,2955,T010,243,0,mapped,-22.474126741742058,19.57283386878579,-5.289000002845064,1,0.0,0.0,interior
T099,L,2956,T010,244,0,mapped,-22.33234930459161,19.030758090609314,-4.711193369536105,1,0.0,0.0,interior
T099,L,2957,T010,245,0,mapped,-22.254825331660278,18.52013519148955,-4.323315936082208,1,0.0,0.0,interior
T099,L,2958,T010,246,0,mapped,-22.020957919526772,17.994392287295902,-3.945423834229702,2,1.9860273225978185e-15,9.930136612989092e-16,shared_edge
T099,L,2959,T010,248,0,mapped,-22.29046222604518,21.634593581595006,-9.268807614300181,1,0.0,0.0,interior
T099,L,2960,T010,249,0,mapped,-22.406817085481208,21.417436672358672,-8.746109390140216,1,0.0,0.0,interior
T099,L,2961,T010,250,0,mapped,-22.519369931324896,21.249181871503076,-8.267892134871328,1,0.0,0.0,interior
T099,L,2962,T010,251,0,mapped,-22.508941350028802,21.106411273672155,-7.690041751419919,1,0.0,0.0,interior
T099,L,2963,T010,252,0,mapped,-22.587692987853515,20.825074580162564,-7.101931709344548,1,0.0,0.0,interior
T099,L,2964,T010,253,0,mapped,-22.533075712985088,20.590520447565407,-6.639080893260013,1,0.0,0.0,interior
T099,L,2965,T010,254,0,mapped,-22.5459348445722,20.177561864863726,-6.080599093364386,1,0.0,0.0,interior
T099,L,2966,T010,255,0,mapped,-22.376195563011112,19.88726785803124,-5.589451714581832,1,0.0,0.0,interior
T099,L,2967,T010,256,0,mapped,-22.21704217149918,19.434985022887503,-4.9984522043356865,1,0.0,0.0,interior
T099,L,2968,T010,257,0,mapped,-22.114018943068338,18.938047884283364,-4.542848667529576,1,0.0,0.0,interior
T099,L,2969,T010,258,0,mapped,-22.053847777678044,18.41827250949145,-4.170980759610204,2,2.8435583831733384e-15,1.4217791915866692e-15,shared_edge
T099,L,2970,T010,260,0,mapped,-22.189220551366702,21.600535452597082,-9.033757886239513,1,0.0,0.0,interior
T099,L,2971,T010,261,0,mapped,-22.298950566270413,21.389398594521012,-8.48435246461078,1,0.0,0.0,interior
T099,L,2972,T010,262,0,mapped,-22.32703025465801,21.26829820730969,-8.010318145480436,1,0.0,0.0,interior
T099,L,2973,T010,263,0,mapped,-22.418151842150813,21.058908481460804,-7.418216292268821,1,0.0,0.0,interior
T099,L,2974,T010,264,0,mapped,-22.3770792139026,20.82733771443617,-6.869643446434736,1,0.0,0.0,interior
T099,L,2975,T010,265,0,mapped,-22.32680889629753,20.555001478373228,-6.378628700457801,1,0.0,0.0,interior
T099,L,2976,T010,266,0,mapped,-22.281764970364986,20.180756706537707,-5.829063302211582,1,0.0,0.0,interior
T099,L,2977,T010,267,0,mapped,-22.123317180734176,19.753650110837267,-5.25535532134135,1,0.0,0.0,interior
T099,L,2978,T010,268,0,mapped,-22.08906824673209,19.26478033777451,-4.800988248412013,1,0.0,0.0,interior
T099,L,2979,T010,269,0,mapped,-21.916722877772465,18.82044225778446,-4.395546111350924,2,3.66205343881779e-15,1.831026719408895e-15,shared_edge
T099,L,2980,T010,271,0,mapped,-22.135941405852527,21.546336009021985,-8.77836536494957,1,0.0,0.0,interior
T099,L,2981,T010,272,0,mapped,-22.12222133081684,21.408994344925482,-8.253229973941892,1,0.0,0.0,interior
T099,L,2982,T010,273,0,mapped,-22.158588586585253,21.271683115118787,-7.775498274082438,1,0.0,0.0,interior
T099,L,2983,T010,274,0,mapped,-22.26955675799197,21.054902641508882,-7.2331411365728435,1,0.0,0.0,interior
T099,L,2984,T010,275,0,mapped,-22.135555886695396,20.80349114393605,-6.641386376204114,1,0.0,0.0,interior
T099,L,2985,T010,276,0,mapped,-22.147208370624195,20.495346803328182,-6.140585236829343,1,0.0,0.0,interior
T099,L,2986,T010,277,0,mapped,-22.020781638033725,20.13525216621261,-5.556081708711927,1,0.0,0.0,interior
T099,L,2987,T010,278,0,mapped,-21.83305987990751,19.651845148235708,-5.056003113503936,1,0.0,0.0,interior
T099,L,2988,T010,279,0,mapped,-21.730793269573276,19.20965772553268,-4.6092605206464,2,3.972054645195637e-15,1.9860273225978185e-15,shared_edge
T099,L,2989,T010,281,0,mapped,-21.996794302259318,21.533754821395704,-8.547245078967563,1,0.0,0.0,interior
T099,L,2990,T010,282,0,mapped,-21.986596102902027,21.4018714740767,-8.050192456560481,1,0.0,0.0,interior
T099,L,2991,T010,283,0,mapped,-22.04001523593501,21.251334950116778,-7.518368545813927,1,0.0,0.0,interior
T099,L,2992,T010,284,0,mapped,-22.06894334783166,21.031543198602822,-6.9864997088349,1,0.0,0.0,interior
T099,L,2993,T010,285,0,mapped,-21.993030659901883,20.744546217596646,-6.46535299984998,1,0.0,0.0,interior
T099,L,2994,T010,286,0,mapped,-21.964547705233556,20.445564374539103,-5.9311525841364325,1,0.0,0.0,interior
T099,L,2995,T010,287,0,mapped,-21.79727642904522,20.086398019762026,-5.363785658947924,1,0.0,0.0,interior
T099,L,2996,T010,288,0,mapped,-21.65935258004289,19.557272264622313,-4.901940932842633,2,3.996802888650564e-15,1.9984014443252818e-15,shared_edge
T099,L,2997,T010,290,0,mapped,-21.847417682170427,21.555658715151356,-8.356814698101138,1,0.0,0.0,interior
T099,L,2998,T010,291,0,mapped,-21.82229040848135,21.43927348921859,-7.842174566597915,1,0.0,0.0,interior
T099,L,2999,T010,292,0,mapped,-21.859818105846344,21.24304918176835,-7.327357514880106,1,0.0,0.0,interior
T099,L,3000,T010,293,0,mapped,-21.924062560030087,21.020371227650514,-6.87757299286263,1,0.0,0.0,interior
T099,L,3001,T010,294,0,mapped,-21.869663839817385,20.698567047744987,-6.29251049153428,1,0.0,0.0,interior
T099,L,3002,T010,295,0,mapped,-21.69211936662139,20.38534375062317,-5.671670519865957,1,0.0,0.0,interior
T099,L,3003,T010,296,0,mapped,-21.50971227933581,19.952230971145283,-5.123681704740543,2,3.5596458096434965e-15,1.7798229048217487e-15,shared_edge
T099,L,3004,T010,298,0,mapped,-21.718737681548657,21.566152956524377,-8.158591236020643,1,0.0,0.0,interior
T099,L,3005,T010,299,0,mapped,-21.66740256990192,21.45885410510125,-7.701665732654476,1,0.0,0.0,interior
T099,L,3006,T010,300,0,mapped,-21.701117783216585,21.22547255679109,-7.13271331260078,1,0.0,0.0,interior
T099,L,3007,T010,301,0,mapped,-21.724397024297218,20.953207764294,-6.636712197433765,1,0.0,0.0,interior
T099,L,3008,T010,302,0,mapped,-21.614821810516677,20.662744717567694,-6.04354869862104,1,0.0,0.0,interior
T099,L,3009,T010,303,0,mapped,-21.478801095349738,20.280314398788327,-5.4430637292979185,2,2.5121479338940407e-15,1.2560739669470201e-15,shared_edge
T099,L,3010,T010,305,0,mapped,-21.499294691681705,21.589443014462184,-7.969204866041461,1,0.0,0.0,interior
T099,L,3011,T010,306,0,mapped,-21.513166139428563,21.433792513703107,-7.495209764587533,1,0.0,0.0,interior
T099,L,3012,T010,307,0,mapped,-21.54998225561044,21.185632670299714,-6.918455949980908,1,0.0,0.0,interior
T099,L,3013,T010,308,0,mapped,-21.506565191655127,20.92078016303892,-6.421823451788772,1,0.0,0.0,interior
T099,L,3014,T010,309,0,mapped,-21.428733188120944,20.581446358576596,-5.813522921311121,2,1.831026719408895e-15,9.155133597044477e-16,shared_edge
T099,L,3015,T010,311,0,mapped,-21.304437235481583,21.591249307358968,-7.76241261412063,1,0.0,0.0,interior
T099,L,3016,T010,312,0,mapped,-21.299957782396927,21.421657696744713,-7.256426470914631,1,0.0,0.0,interior
T099,L,3017,T010,313,0,mapped,-21.418370560803417,21.125733124699668,-6.745651404305631,1,0.0,0.0,interior
T099,L,3018,T010,314,0,mapped,-21.4114778656656,20.839662582955295,-6.210571719399518,2,9.930136612989092e-16,4.965068306494546e-16,shared_edge
T099,L,3019,T010,316,0,mapped,-21.11470003928821,21.58811492701088,-7.531889561725455,1,0.0,0.0,interior
T099,L,3020,T010,317,0,mapped,-21.20527900227284,21.349641310782722,-7.051657213670788,1,0.0,0.0,interior
T099,L,3021,T010,318,0,mapped,-21.272004044116947,21.070563716933794,-6.603704233405697,2,0.0,0.0,shared_edge
T099,L,3022,T010,320,0,mapped,-20.944191369411925,21.56447576540112,-7.358412222839986,1,0.0,0.0,interior
T099,L,3023,T010,321,0,mapped,-20.98128625815038,21.287792575152764,-6.8774183715937145,2,8.881784197001252e-16,4.440892098500626e-16,shared_edge
T099,L,3024,T010,323,0,mapped,-20.859146972687476,21.52131002463041,-7.222613825043966,2,3.6637359812630166e-15,1.8318679906315083e-15,shared_edge
T099,L,3025,T011,26,2,smooth_near_vertex,-25.494440503165315,20.14090871755208,-21.11652007392504,1,0.0,0.0,interior
T099,L,3026,T011,27,0,mapped,-25.319272087187912,19.924795816453262,-20.560649854067883,1,0.0,0.0,interior
T099,L,3027,T011,28,0,mapped,-25.149605407939404,19.421713830850823,-19.904959908367243,1,0.0,0.0,interior
T099,L,3028,T011,29,0,mapped,-25.004856455332238,18.879917371417214,-19.21810890909655,1,0.0,0.0,interior
T099,L,3029,T011,30,0,mapped,-24.843626781249064,18.32717961372483,-18.5678119697781,1,0.0,0.0,interior
T099,L,3030,T011,31,0,mapped,-24.64906589022176,17.745461913593072,-17.94527015757244,1,0.0,0.0,interior
T099,L,3031,T011,32,0,mapped,-24.523495246124163,17.383946089246574,-17.266380202023857,1,0.0,0.0,interior
T099,L,3032,T011,33,0,mapped,-24.325370793457324,17.004502201772056,-16.48888877207015,1,0.0,0.0,interior
T099,L,3033,T011,34,0,mapped,-24.23862474040073,16.732837190555685,-15.7665428127776,1,0.0,0.0,interior
T099,L,3034,T011,35,0,mapped,-23.964740829456737,16.352916664206397,-15.074196143793946,1,0.0,0.0,interior
T099,L,3035,T011,36,0,mapped,-23.676933725648517,16.011533915367284,-14.348166470454379,1,0.0,0.0,interior
T099,L,3036,T011,37,0,mapped,-23.382704456819905,15.710544029009089,-13.594828101097729,1,0.0,0.0,interior
T099,L,3037,T011,38,0,mapped,-23.12806443038951,15.428006449230946,-12.849435972351817,1,0.0,0.0,interior
T099,L,3038,T011,39,0,mapped,-22.86421358342032,15.15948521511871,-12.092531253863282,1,0.0,0.0,interior
T099,L,3039,T011,40,0,mapped,-22.55996005919409,14.889280559057134,-11.350831604957882,1,0.0,0.0,interior
T099,L,3040,T011,41,0,mapped,-22.265589523958372,14.598895703294387,-10.62624384223981,1,0.0,0.0,interior
T099,L,3041,T011,42,0,mapped,-22.098939986953354,14.278446790729497,-9.849245936120354,1,0.0,0.0,interior
T099,L,3042,T011,43,0,mapped,-21.95317489250757,13.949532902590164,-9.086528752217223,1,0.0,0.0,interior
T099,L,3043,T011,44,0,mapped,-21.822630272021804,13.624546740361625,-8.317317872291863,1,0.0,0.0,interior
T099,L,3044,T011,45,0,mapped,-21.74806681257362,13.344070260796117,-7.549976700459256,1,0.0,0.0,interior
T099,L,3045,T011,46,0,mapped,-21.616783095734405,13.085561002114943,-6.7851436164751,1,0.0,0.0,interior
T099,L,3046,T011,47,0,mapped,-21.471174266676393,12.816388604625972,-5.990358337059094,1,0.0,0.0,interior
T099,L,3047,T011,48,0,mapped,-21.358180356512932,12.59727293502148,-5.145779487638919,2,2.5121479338940407e-15,1.2560739669470201e-15,shared_edge
T099,L,3048,T011,50,0,mapped,-25.347112094784855,19.97413270969571,-20.815569298583988,1,0.0,0.0,interior
T099,L,3049,T011,51,0,mapped,-25.16976721172594,19.50414316916121,-20.167768508470097,1,0.0,0.0,interior
T099,L,3050,T011,52,0,mapped,-24.99847264971342,18.964073005453834,-19.466015393174544,1,0.0,0.0,interior
T099,L,3051,T011,53,0,mapped,-24.860965227325245,18.451094207288136,-18.82172868820317,1,0.0,0.0,interior
T099,L,3052,T011,54,0,mapped,-24.654792854125635,17.89730370838738,-18.20921384625199,1,0.0,0.0,interior
T099,L,3053,T011,55,0,mapped,-24.471350591949808,17.367144940552834,-17.51878144462255,1,0.0,0.0,interior
T099,L,3054,T011,56,0,mapped,-24.31497982272218,17.08345933023201,-16.85980252308681,1,0.0,0.0,interior
T099,L,3055,T011,57,0,mapped,-24.15962965683994,16.779576382517696,-16.088108775675234,1,0.0,0.0,interior
T099,L,3056,T011,58,0,mapped,-23.905457324004754,16.437968804749588,-15.397381239717566,1,0.0,0.0,interior
T099,L,3057,T011,59,0,mapped,-23.623948204218173,16.110475049217833,-14.686981657483626,1,0.0,0.0,interior
T099,L,3058,T011,60,0,mapped,-23.321788120486225,15.808272431246923,-13.935583470387707,1,0.0,0.0,interior
T099,L,3059,T011,61,0,mapped,-23.038860982464147,15.533950108270329,-13.205262342728474,1,0.0,0.0,interior
T099,L,3060,T011,62,0,mapped,-22.77516680010269,15.268375132466026,-12.456648205142649,1,0.0,0.0,interior
T099,L,3061,T011,63,0,mapped,-22.50145182817789,15.00290925215765,-11.699254130047535,1,0.0,0.0,interior
T099,L,3062,T011,64,0,mapped,-22.202498435951977,14.719200536932295,-10.971758614434005,1,0.0,0.0,interior
T099,L,3063,T011,65,0,mapped,-21.97641327909787,14.404644126306447,-10.218303878205418,1,0.0,0.0,interior
T099,L,3064,T011,66,0,mapped,-21.780836020283434,14.068123000689281,-9.461778988607998,1,0.0,0.0,interior
T099,L,3065,T011,67,0,mapped,-21.63781523171366,13.730173784081668,-8.707945760401394,1,0.0,0.0,interior
T099,L,3066,T011,68,0,mapped,-21.49467787818266,13.40503919663762,-7.95926319854515,1,0.0,0.0,interior
T099,L,3067,T011,69,0,mapped,-21.368751192283128,13.113661434796324,-7.2123565563719865,1,0.0,0.0,interior
T099,L,3068,T011,70,0,mapped,-21.257606937866772,12.848017218832602,-6.431009432451804,1,0.0,0.0,interior
T099,L,3069,T011,71,0,mapped,-21.172106652181682,12.60180085989299,-5.55539916123082,2,1.7763568394002505e-15,8.881784197001252e-16,shared_edge
T099,L,3070,T011,73,0,mapped,-25.183788966807775,19.533267455201194,-20.3857890497842,1,0.0,0.0,interior
T099,L,3071,T011,74,0,mapped,-25.008073268539466,19.059709643765203,-19.70568662550578,1,0.0,0.0,interior
T099,L,3072,T011,75,0,mapped,-24.8616404489494,18.53528523752057,-19.04367912120237,1,0.0,0.0,interior
T099,L,3073,T011,76,0,mapped,-24.68389319488115,18.03163362424217,-18.44456832593979,1,0.0,0.0,interior
T099,L,3074,T011,77,0,mapped,-24.43361425318257,17.413980580396803,-17.820994429267223,1,0.0,0.0,interior
T099,L,3075,T011,78,0,mapped,-24.323078461648343,17.13289149132728,-17.071695409054982,1,0.0,0.0,interior
T099,L,3076,T011,79,0,mapped,-24.216805304757592,16.88168173241959,-16.367380529620995,1,0.0,0.0,interior
T099,L,3077,T011,80,0,mapped,-23.861587255661924,16.502745547422943,-15.72071879485765,1,0.0,0.0,interior
T099,L,3078,T011,81,0,mapped,-23.57609854913553,16.191096914006827,-15.019883218545248,1,0.0,0.0,interior
T099,L,3079,T011,82,0,mapped,-23.2648656303284,15.89476445201243,-14.288726861046188,1,0.0,0.0,interior
T099,L,3080,T011,83,0,mapped,-22.974580756008706,15.63029591119685,-13.542510039582881,1,0.0,0.0,interior
T099,L,3081,T011,84,0,mapped,-22.678428522024106,15.373344635177649,-12.835069877477057,1,0.0,0.0,interior
T099,L,3082,T011,85,0,mapped,-22.42448862625043,15.113672527185486,-12.056915339588295,1,0.0,0.0,interior
T099,L,3083,T011,86,0,mapped,-22.136116243280473,14.838761062758598,-11.319146730758042,1,0.0,0.0,interior
T099,L,3084,T011,87,0,mapped,-21.866565601277316,14.532125833449115,-10.586265600001877,1,0.0,0.0,interior
T099,L,3085,T011,88,0,mapped,-21.658882354396653,14.197873947824723,-9.825350588870895,1,0.0,0.0,interior
T099,L,3086,T011,89,0,mapped,-21.46927028349931,13.849455551143787,-9.082307710195767,1,0.0,0.0,interior
T099,L,3087,T011,90,0,mapped,-21.293457002850467,13.50038312378311,-8.345879813635497,1,0.0,0.0,interior
T099,L,3088,T011,91,0,mapped,-21.14043830827331,13.173312309670619,-7.608988856700482,1,0.0,0.0,interior
T099,L,3089,T011,92,0,mapped,-21.03135792143273,12.88413095081242,-6.844545274370839,1,0.0,0.0,interior
T099,L,3090,T011,93,0,mapped,-21.030826676509758,12.650803760115783,-6.0105415332176335,2,1.7763568394002505e-15,8.881784197001252e-16,shared_edge
T099,L,3091,T011,95,0,mapped,-25.030211209199056,19.13508124859433,-19.934582327267822,1,0.0,0.0,interior
T099,L,3092,T011,96,0,mapped,-24.880596735879674,18.64258053092994,-19.270275607009484,1,0.0,0.0,interior
T099,L,3093,T011,97,0,mapped,-24.695443820759188,18.130826545198346,-18.663584408683803,1,0.0,0.0,interior
T099,L,3094,T011,98,0,mapped,-24.452528515749655,17.5516472590393,-18.08457492980629,1,0.0,0.0,interior
T099,L,3095,T011,99,0,mapped,-24.213716555901783,17.05987506864689,-17.400841494288464,1,0.0,0.0,interior
T099,L,3096,T011,100,0,mapped,-24.080274801511038,16.838429257443114,-16.696541584182043,1,0.0,0.0,interior
T099,L,3097,T011,101,0,mapped,-23.79560081173566,16.52047346462677,-16.080194359179746,1,0.0,0.0,interior
T099,L,3098,T011,102,0,mapped,-23.534013143091585,16.250478070031456,-15.348867636744826,1,0.0,0.0,interior
T099,L,3099,T011,103,0,mapped,-23.202362917733605,15.965520174368558,-14.657374821460916,1,0.0,0.0,interior
T099,L,3100,T011,104,0,mapped,-22.88742530751591,15.702655696753187,-13.898926710695534,1,0.0,0.0,interior
T099,L,3101,T011,105,0,mapped,-22.576998685131706,15.470950183188744,-13.222918785123806,1,0.0,0.0,interior
T099,L,3102,T011,106,0,mapped,-22.32487962631577,15.219739665841601,-12.433959529769176,1,0.0,0.0,interior
T099,L,3103,T011,107,0,mapped,-22.060677842914586,14.955605603936277,-11.675427496862916,1,0.0,0.0,interior
T099,L,3104,T011,108,0,mapped,-21.776949102233154,14.66051078094681,-10.949901619419094,1,0.0,0.0,interior
T099,L,3105,T011,109,0,mapped,-21.543282346662195,14.330287929142472,-10.191408729955153,1,0.0,0.0,interior
T099,L,3106,T011,110,0,mapped,-21.327592866083442,13.979505278943185,-9.446606084684383,1,0.0,0.0,interior
T099,L,3107,T011,111,0,mapped,-21.126730266214317,13.61912007882381,-8.716898973045158,1,0.0,0.0,interior
T099,L,3108,T011,112,0,mapped,-20.93744957792549,13.262024357576857,-7.989034111993465,1,0.0,0.0,interior
T099,L,3109,T011,113,0,mapped,-20.794837885384762,12.93272682923095,-7.237858080961191,1,0.0,0.0,interior
T099,L,3110,T011,114,0,mapped,-20.763292591526806,12.665910481120067,-6.412417299946718,2,1.9860273225978185e-15,9.930136612989092e-16,shared_edge
T099,L,3111,T011,116,0,mapped,-24.895733949946838,18.74153468757404,-19.491387298094505,1,0.0,0.0,interior
T099,L,3112,T011,117,0,mapped,-24.699175757343752,18.209188537295432,-18.914062256426856,1,0.0,0.0,interior
T099,L,3113,T011,118,0,mapped,-24.479982974134174,17.670508108379998,-18.260117570774497,1,0.0,0.0,interior
T099,L,3114,T011,119,0,mapped,-24.23797042595021,17.141599664497612,-17.66301354094708,1,0.0,0.0,interior
T099,L,3115,T011,120,0,mapped,-23.972439345439327,16.766896105369298,-16.969781167374283,1,0.0,0.0,interior
T099,L,3116,T011,121,0,mapped,-23.730149688432924,16.519632531283655,-16.39807038358706,1,0.0,0.0,interior
T099,L,3117,T011,122,0,mapped,-23.49684384322398,16.28647063381617,-15.671517539500933,1,0.0,0.0,interior
T099,L,3118,T011,123,0,mapped,-23.146932055908795,16.013648244701834,-15.01626118380321,1,0.0,0.0,interior
T099,L,3119,T011,124,0,mapped,-22.807377302876382,15.759303864598248,-14.269116982035936,1,0.0,0.0,interior
T099,L,3120,T011,125,0,mapped,-22.477515096747158,15.547333251219637,-13.588370555895148,1,0.0,0.0,interior
T099,L,3121,T011,126,0,mapped,-22.197219069149376,15.315279050417065,-12.837690278347779,1,0.0,0.0,interior
T099,L,3122,T011,127,0,mapped,-21.97082389844698,15.069375690995567,-12.044057620020457,1,0.0,0.0,interior
T099,L,3123,T011,128,0,mapped,-21.69052299411417,14.787617104132435,-11.314037205343313,1,0.0,0.0,interior
T099,L,3124,T011,129,0,mapped,-21.430240733610304,14.464055844154526,-10.565871625885498,1,0.0,0.0,interior
T099,L,3125,T011,130,0,mapped,-21.20336401957529,14.11495342939705,-9.80881100684676,1,0.0,0.0,interior
T099,L,3126,T011,131,0,mapped,-20.978650073048854,13.750094321646777,-9.080957814967597,1,0.0,0.0,interior
T099,L,3127,T011,132,0,mapped,-20.765351297336643,13.376988108697136,-8.359874553105792,1,0.0,0.0,interior
T099,L,3128,T011,133,0,mapped,-20.57111335501276,13.006829323789706,-7.620764310545991,1,0.0,0.0,interior
T099,L,3129,T011,134,0,mapped,-20.472825067357178,12.67930237112779,-6.797570484866293,2,0.0,0.0,shared_edge
T099,L,3130,T011,136,0,mapped,-24.747020933432683,18.34150357830128,-19.140601817823367,1,0.0,0.0,interior
T099,L,3131,T011,137,0,mapped,-24.48000698652379,17.784651825071077,-18.545778803002094,1,0.0,0.0,interior
T099,L,3132,T011,138,0,mapped,-24.188473695242855,17.187887169348425,-17.98519219323976,1,0.0,0.0,interior
T099,L,3133,T011,139,0,mapped,-23.93621006729027,16.730034798202006,-17.274395417520676,1,0.0,0.0,interior
T099,L,3134,T011,140,0,mapped,-23.76620735385238,16.557624546369553,-16.508828656181706,1,0.0,0.0,interior
T099,L,3135,T011,141,0,mapped,-23.408360861227443,16.259529452877747,-15.989078356675936,1,0.0,0.0,interior
T099,L,3136,T011,142,0,mapped,-23.105143500133956,16.04443225184365,-15.359244053095908,1,0.0,0.0,interior
T099,L,3137,T011,143,0,mapped,-22.71889975358254,15.795287904250497,-14.677066649916597,1,0.0,0.0,interior
T099,L,3138,T011,144,0,mapped,-22.38762563512907,15.59698983742543,-13.934030778881803,1,0.0,0.0,interior
T099,L,3139,T011,145,0,mapped,-22.06085317348214,15.3979656812167,-13.253867924669674,1,0.0,0.0,interior
T099,L,3140,T011,146,0,mapped,-21.844768127788278,15.174715331692154,-12.440040048789138,1,0.0,0.0,interior
T099,L,3141,T011,147,0,mapped,-21.5922293918685,14.912597323473667,-11.692004829666763,1,0.0,0.0,interior
T099,L,3142,T011,148,0,mapped,-21.31669727343407,14.600678266460083,-10.952051233252378,1,0.0,0.0,interior
T099,L,3143,T011,149,0,mapped,-21.081398092732623,14.251305312481946,-10.177715652434298,1,0.0,0.0,interior
T099,L,3144,T011,150,0,mapped,-20.842895884923532,13.887383005991788,-9.443425778660163,1,0.0,0.0,interior
T099,L,3145,T011,151,0,mapped,-20.611120753058145,13.507898510194321,-8.72696005275172,1,0.0,0.0,interior
T099,L,3146,T011,152,0,mapped,-20.38784584910838,13.116759217778391,-7.99868893179593,1,0.0,0.0,interior
T099,L,3147,T011,153,0,mapped,-20.235627658947944,12.742265700041294,-7.212613868286292,2,2.664535259100376e-15,1.3322676295501878e-15,shared_edge
T099,L,3148,T011,155,0,mapped,-24.512268538511208,17.89727005239489,-18.799389433787194,1,0.0,0.0,interior
T099,L,3149,T011,156,0,mapped,-24.24582055041499,17.34199708059696,-18.220032091188198,1,0.0,0.0,interior
T099,L,3150,T011,157,0,mapped,-23.971058266429615,16.823819841967616,-17.618353354997453,1,0.0,0.0,interior
T099,L,3151,T011,158,0,mapped,-23.778550959512533,16.584432976098,-16.893793829541476,1,0.0,0.0,interior
T099,L,3152,T011,159,0,mapped,-23.396442194517352,16.25769931333819,-16.261326919637,1,0.0,0.0,interior
T099,L,3153,T011,160,0,mapped,-23.09100741534946,16.059188569630603,-15.672212928325033,1,0.0,0.0,interior
T099,L,3154,T011,161,0,mapped,-22.660770616987556,15.80983084644103,-15.074542109027965,1,0.0,0.0,interior
T099,L,3155,T011,162,0,mapped,-22.253107960599774,15.603397985064525,-14.260151421984572,1,0.0,0.0,interior
T099,L,3156,T011,163,0,mapped,-21.94537671109294,15.459591986084398,-13.639113704397671,1,0.0,0.0,interior
T099,L,3157,T011,164,0,mapped,-21.68656119687111,15.260858070468693,-12.852442544931286,1,0.0,0.0,interior
T099,L,3158,T011,165,0,mapped,-21.47224928902301,15.032577112106353,-12.087400284443191,1,0.0,0.0,interior
T099,L,3159,T011,166,0,mapped,-21.195135572484602,14.739338661416713,-11.355439933953232,1,0.0,0.0,interior
T099,L,3160,T011,167,0,mapped,-20.95250163062154,14.388069368087464,-10.56102423892036,1,0.0,0.0,interior
T099,L,3161,T011,168,0,mapped,-20.71399361635999,14.027425076027816,-9.808709943457462,1,0.0,0.0,interior
T099,L,3162,T011,169,0,mapped,-20.464275102044994,13.647208249887763,-9.092112981969695,1,0.0,0.0,interior
T099,L,3163,T011,170,0,mapped,-20.239888135287607,13.253792878276764,-8.377260849394045,1,0.0,0.0,interior
T099,L,3164,T011,171,0,mapped,-19.93400350112013,12.791665150999457,-7.573801881074366,2,4.3511678576336575e-15,2.1755839288168288e-15,shared_edge
T099,L,3165,T011,173,0,mapped,-24.30139365650139,17.493335719343843,-18.439924692910775,1,0.0,0.0,interior
T099,L,3166,T011,174,0,mapped,-23.965622534925952,16.90378948069203,-17.902920033927998,1,0.0,0.0,interior
T099,L,3167,T011,175,0,mapped,-23.7093006568533,16.494208363480958,-17.264646441750394,1,0.0,0.0,interior
T099,L,3168,T011,176,0,mapped,-23.360645096696793,16.209452692877683,-16.47967557624272,1,0.0,0.0,interior
T099,L,3169,T011,177,0,mapped,-23.087484419506048,16.05295134396795,-15.972226009441158,1,0.0,0.0,interior
T099,L,3170,T011,178,0,mapped,-22.582483207504715,15.775159994209542,-15.42526130019786,1,0.0,0.0,interior
T099,L,3171,T011,179,0,mapped,-22.193513275929668,15.610900843264984,-14.719179560927252,1,0.0,0.0,interior
T099,L,3172,T011,180,0,mapped,-21.913983642344405,15.497192559894078,-13.994600184034082,1,0.0,0.0,interior
T099,L,3173,T011,181,0,mapped,-21.524837502152124,15.323766140227443,-13.254203489081647,1,0.0,0.0,interior
T099,L,3174,T011,182,0,mapped,-21.322442342455027,15.138011789816222,-12.499204996566089,1,0.0,0.0,interior
T099,L,3175,T011,183,0,mapped,-21.070462327936173,14.882654013170175,-11.769420427089372,1,0.0,0.0,interior
T099,L,3176,T011,184,0,mapped,-20.80698049972022,14.528886255555644,-10.969624176348063,1,0.0,0.0,interior
T099,L,3177,T011,185,0,mapped,-20.58151476703277,14.166727807118441,-10.182123896536853,1,0.0,0.0,interior
T099,L,3178,T011,186,0,mapped,-20.322769539978633,13.790909793305694,-9.460387508732538,1,0.0,0.0,interior
T099,L,3179,T011,187,0,mapped,-20.080365443154925,13.396315672270442,-8.75295417291132,1,0.0,0.0,interior
T099,L,3180,T011,188,0,mapped,-19.838166219637042,12.964619501255312,-8.00620504283605,2,1.7763568394002505e-15,8.881784197001252e-16,shared_edge
T099,L,3181,T011,190,0,mapped,-23.93574447509185,16.946873649434554,-18.169393216560483,1,0.0,0.0,interior
T099,L,3182,T011,191,0,mapped,-23.69821414264467,16.515544749091084,-17.61406710933394,1,0.0,0.0,interior
T099,L,3183,T011,192,0,mapped,-23.481084410747723,16.28846911800222,-16.83947287075409,1,0.0,0.0,interior
T099,L,3184,T011,193,0,mapped,-23.054577807964744,15.999171456731053,-16.232868694683873,1,0.0,0.0,interior
T099,L,3185,T011,194,0,mapped,-22.55861968319163,15.730020866816922,-15.733170446984694,1,0.0,0.0,interior
T099,L,3186,T011,195,0,mapped,-22.218175371005827,15.60766814075663,-15.08681294501471,1,0.0,0.0,interior
T099,L,3187,T011,196,0,mapped,-21.912573731768287,15.516054679714752,-14.23952844925349,1,0.0,0.0,interior
T099,L,3188,T011,197,0,mapped,-21.396856888667195,15.352753262666706,-13.612618846491486,1,0.0,0.0,interior
T099,L,3189,T011,198,0,mapped,-21.150955154681164,15.217320496774416,-12.914074205028983,1,0.0,0.0,interior
T099,L,3190,T011,199,0,mapped,-20.923341943612435,15.00387988044259,-12.16533027280177,1,0.0,0.0,interior
T099,L,3191,T011,200,0,mapped,-20.640818174929358,14.684606282021061,-11.412021061420123,1,0.0,0.0,interior
T099,L,3192,T011,201,0,mapped,-20.438462193645965,14.303743022161196,-10.565649222753564,1,0.0,0.0,interior
T099,L,3193,T011,202,0,mapped,-20.181359759955225,13.935759421829804,-9.8373957338945,1,0.0,0.0,interior
T099,L,3194,T011,203,0,mapped,-19.909172012564937,13.537221216664998,-9.127679140744746,1,0.0,0.0,interior
T099,L,3195,T011,204,0,mapped,-19.728556906544444,13.143286871856068,-8.42600248236929,2,1.9860273225978185e-15,9.930136612989092e-16,shared_edge
T099,L,3196,T011,206,0,mapped,-23.713067973679664,16.592933390192073,-17.861459904250488,1,0.0,0.0,interior
T099,L,3197,T011,207,0,mapped,-23.451837570486347,16.232838003768617,-17.178958422813643,1,0.0,0.0,interior
T099,L,3198,T011,208,0,mapped,-23.049926401784553,15.913859470095456,-16.547068111573324,1,0.0,0.0,interior
T099,L,3199,T011,209,0,mapped,-22.61357090304601,15.704724890244552,-16.025535199603745,1,0.0,0.0,interior
T099,L,3200,T011,210,0,mapped,-22.22423725845131,15.562182028550392,-15.451132780861872,1,0.0,0.0,interior
T099,L,3201,T011,211,0,mapped,-21.830847371721852,15.475704570183979,-14.649896278713543,1,0.0,0.0,interior
T099,L,3202,T011,212,0,mapped,-21.410765814522854,15.383716823804615,-13.893656946000833,1,0.0,0.0,interior
T099,L,3203,T011,213,0,mapped,-21.01183166025462,15.2524604815811,-13.287615961514033,1,0.0,0.0,interior
T099,L,3204,T011,214,0,mapped,-20.762959197534705,15.120180675021535,-12.594458800592877,1,0.0,0.0,interior
T099,L,3205,T011,215,0,mapped,-20.477063249380713,14.846105638146314,-11.853232224001136,1,0.0,0.0,interior
T099,L,3206,T011,216,0,mapped,-20.27553600575586,14.443735120710736,-10.969082270170752,1,0.0,0.0,interior
T099,L,3207,T011,217,0,mapped,-20.03852219892431,14.079849245126695,-10.218313702008935,1,0.0,0.0,interior
T099,L,3208,T011,218,0,mapped,-19.747950244991095,13.683994970497581,-9.512239274313105,1,0.0,0.0,interior
T099,L,3209,T011,219,0,mapped,-19.498845536281472,13.277161773928402,-8.824919878108583,2,2.5121479338940407e-15,1.2560739669470201e-15,shared_edge
T099,L,3210,T011,221,0,mapped,-23.434895433851878,16.21304651591575,-17.564253862051835,1,0.0,0.0,interior
T099,L,3211,T011,222,0,mapped,-23.093790274591314,15.890932364383,-16.91915167706016,1,0.0,0.0,interior
T099,L,3212,T011,223,0,mapped,-22.528162761622536,15.578287874677896,-16.19029630267908,1,0.0,0.0,interior
T099,L,3213,T011,224,0,mapped,-22.318344985662876,15.518775668755321,-15.809631456942778,1,0.0,0.0,interior
T099,L,3214,T011,225,0,mapped,-21.81508182842039,15.414796440433777,-15.074830824134771,1,0.0,0.0,interior
T099,L,3215,T011,226,0,mapped,-21.5013275310001,15.374370818697102,-14.471936639726351,1,0.0,0.0,interior
T099,L,3216,T011,227,0,mapped,-20.944948346012467,15.276564625340017,-13.66209806200345,1,0.0,0.0,interior
T099,L,3217,T011,228,0,mapped,-20.58237305456217,15.19675704950874,-13.03489316925796,1,0.0,0.0,interior
T099,L,3218,T011,229,0,mapped,-20.344971154429413,14.989013572409917,-12.251549706344605,1,0.0,0.0,interior
T099,L,3219,T011,230,0,mapped,-20.088070480531023,14.59673599835505,-11.392241247827917,1,0.0,0.0,interior
T099,L,3220,T011,231,0,mapped,-19.89083527085233,14.22097289572485,-10.599375417896947,1,0.0,0.0,interior
T099,L,3221,T011,232,0,mapped,-19.603273459351332,13.837825751581605,-9.90298866612885,1,0.0,0.0,interior
T099,L,3222,T011,233,0,mapped,-19.205858552358826,13.368610646653234,-9.197753365475211,2,1.7763568394002505e-15,8.881784197001252e-16,shared_edge
T099,L,3223,T011,235,0,mapped,-23.087350332533923,15.853312528559421,-17.251032473420466,1,0.0,0.0,interior
T099,L,3224,T011,236,0,mapped,-22.694919964533987,15.601906989352027,-16.549994599580494,1,0.0,0.0,interior
T099,L,3225,T011,237,0,mapped,-22.200957974616383,15.363547587753045,-15.965808854227735,1,0.0,0.0,interior
T099,L,3226,T011,238,0,mapped,-21.871563385495094,15.352931300920421,-15.413273709778446,1,0.0,0.0,interior
T099,L,3227,T011,239,0,mapped,-21.47508914649672,15.30819939669604,-14.829461234707114,1,0.0,0.0,interior
T099,L,3228,T011,240,0,mapped,-20.934301646219488,15.28315621237675,-14.152283254208825,1,0.0,0.0,interior
T099,L,3229,T011,241,0,mapped,-20.493486661137744,15.212027248404414,-13.42960674914936,1,0.0,0.0,interior
T099,L,3230,T011,242,0,mapped,-20.165803996648222,15.09219032775677,-12.609106480955045,1,0.0,0.0,interior
T099,L,3231,T011,243,0,mapped,-19.880963522261368,14.765069370062573,-11.84540096879248,1,0.0,0.0,interior
T099,L,3232,T011,244,0,mapped,-19.72989295348872,14.361071957749235,-10.97875316126349,1,0.0,0.0,interior
T099,L,3233,T011,245,0,mapped,-19.453408644757154,13.985842752796877,-10.293735590714082,1,0.0,0.0,interior
T099,L,3234,T011,246,0,mapped,-19.108671178649058,13.556008651551117,-9.6295459158247,2,1.7763568394002505e-15,8.881784197001252e-16,shared_edge
T099,L,3235,T011,248,0,mapped,-22.82515345365373,15.62706920148908,-16.89071573016821,1,0.0,0.0,interior
T099,L,3236,T011,249,0,mapped,-22.268255775877122,15.33646847238422,-16.189412332381348,1,0.0,0.0,interior
T099,L,3237,T011,250,0,mapped,-21.868004623988618,15.20262593204529,-15.793218112758051,1,0.0,0.0,interior
T099,L,3238,T011,251,0,mapped,-21.426985180058928,15.227241041125854,-15.076396111219221,1,0.0,0.0,interior
T099,L,3239,T011,252,0,mapped,-20.952934284711404,15.232778172287368,-14.51602663163168,1,0.0,0.0,interior
T099,L,3240,T011,253,0,mapped,-20.364353427207668,15.18085042105411,-13.861085893789053,1,0.0,0.0,interior
T099,L,3241,T011,254,0,mapped,-19.953417356717715,15.178705162588017,-13.08011194453911,1,0.0,0.0,interior
T099,L,3242,T011,255,0,mapped,-19.69559910456805,14.934073792262994,-12.27736579707725,1,0.0,0.0,interior
T099,L,3243,T011,256,0,mapped,-19.530959901857564,14.5140227069486,-11.380994345624448,1,0.0,0.0,interior
T099,L,3244,T011,257,0,mapped,-19.307426857727563,14.135101432028542,-10.68973233117268,1,0.0,0.0,interior
T099,L,3245,T011,258,0,mapped,-18.89208274027888,13.679618196229853,-10.021732852226634,2,1.2560739669470201e-15,6.280369834735102e-16,shared_edge
T099,L,3246,T011,260,0,mapped,-22.38707423788032,15.335140918469968,-16.529944651390192,1,0.0,0.0,interior
T099,L,3247,T011,261,0,mapped,-21.898272142500737,15.137554545173288,-15.99291391859634,1,0.0,0.0,interior
T099,L,3248,T011,262,0,mapped,-21.407478692118087,15.076462694671296,-15.469114411129667,1,0.0,0.0,interior
T099,L,3249,T011,263,0,mapped,-20.956382905688614,15.120461097715566,-14.85793857261777,1,0.0,0.0,interior
T099,L,3250,T011,264,0,mapped,-20.421699277643917,15.13701728201368,-14.28749267986671,1,0.0,0.0,interior
T099,L,3251,T011,265,0,mapped,-19.891668327633052,15.143992308767922,-13.570680087815743,1,0.0,0.0,interior
T099,L,3252,T011,266,0,mapped,-19.473992726117466,15.067655814848845,-12.74900643154135,1,0.0,0.0,interior
T099,L,3253,T011,267,0,mapped,-19.31275046963912,14.684854536923819,-11.832556871389203,1,0.0,0.0,interior
T099,L,3254,T011,268,0,mapped,-19.145677977824736,14.281050801892993,-11.082040845929141,1,0.0,0.0,interior
T099,L,3255,T011,269,0,mapped,-18.71553732971415,13.801408479427016,-10.407419633319309,2,1.2560739669470201e-15,6.280369834735102e-16,shared_edge
T099,L,3256,T011,271,0,mapped,-21.939442487754256,15.104730880620174,-16.14373512747958,1,0.0,0.0,interior
T099,L,3257,T011,272,0,mapped,-21.483368572527816,14.993905763258159,-15.74201138808069,1,0.0,0.0,interior
T099,L,3258,T011,273,0,mapped,-21.00298993807882,15.000468440250753,-15.24563192514543,1,0.0,0.0,interior
T099,L,3259,T011,274,0,mapped,-20.498869611641695,15.08899726646932,-14.567571157137873,1,0.0,0.0,interior
T099,L,3260,T011,275,0,mapped,-19.90174542865507,15.088591520866924,-13.919831372677386,1,0.0,0.0,interior
T099,L,3261,T011,276,0,mapped,-19.403803431948162,15.096122409193802,-13.219347868895834,1,0.0,0.0,interior
T099,L,3262,T011,277,0,mapped,-19.091978149048714,14.851702683213627,-12.364104461979702,1,0.0,0.0,interior
T099,L,3263,T011,278,0,mapped,-18.955762883365267,14.425494814019405,-11.48406668010385,1,0.0,0.0,interior
T099,L,3264,T011,279,0,mapped,-18.66963133686129,14.000320968906376,-10.843800312702419,2,9.930136612989092e-16,4.965068306494546e-16,shared_edge
T099,L,3265,T011,281,0,mapped,-21.513709936945332,14.897752496296505,-15.953529507018118,1,0.0,0.0,interior
T099,L,3266,T011,282,0,mapped,-21.025525536359982,14.878786375492432,-15.531019620715414,1,0.0,0.0,interior
T099,L,3267,T011,283,0,mapped,-20.41019502689223,14.880743116520343,-14.968395754208812,1,0.0,0.0,interior
T099,L,3268,T011,284,0,mapped,-19.90208711174893,14.980842219318331,-14.34685658409126,1,0.0,0.0,interior
T099,L,3269,T011,285,0,mapped,-19.394726476005022,15.01715660749839,-13.66898282900927,1,0.0,0.0,interior
T099,L,3270,T011,286,0,mapped,-18.93639157498621,14.945419102937716,-12.813723126767293,1,0.0,0.0,interior
T099,L,3271,T011,287,0,mapped,-18.73701907995497,14.565830872972256,-11.939747180516521,1,0.0,0.0,interior
T099,L,3272,T011,288,0,mapped,-18.49764760123123,14.147069362026794,-11.258664033184399,2,3.896867001259407e-15,1.9484335006297032e-15,shared_edge
T099,L,3273,T011,290,0,mapped,-21.016683043663598,14.703150797203628,-15.762742268357524,1,0.0,0.0,interior
T099,L,3274,T011,291,0,mapped,-20.48561861744701,14.755601585894528,-15.252706361803634,1,0.0,0.0,interior
T099,L,3275,T011,292,0,mapped,-19.93011771075744,14.836020908048162,-14.709854488667116,1,0.0,0.0,interior
T099,L,3276,T011,293,0,mapped,-19.368122940385906,14.878327930603273,-14.087917255814974,1,0.0,0.0,interior
T099,L,3277,T011,294,0,mapped,-18.926331119486022,14.901042099870818,-13.37629132004955,1,0.0,0.0,interior
T099,L,3278,T011,295,0,mapped,-18.548348184905507,14.712141368506666,-12.468259960107764,1,0.0,0.0,interior
T099,L,3279,T011,296,0,mapped,-18.33492961712205,14.287973221213521,-11.67235301074892,2,1.9860273225978185e-15,9.930136612989092e-16,shared_edge
T099,L,3280,T011,298,0,mapped,-20.520389282174385,14.513860126450094,-15.626755934241967,1,0.0,0.0,interior
T099,L,3281,T011,299,0,mapped,-19.9409044407336,14.6708738760091,-15.000098477035598,1,0.0,0.0,interior
T099,L,3282,T011,300,0,mapped,-19.415301843796158,14.693844573474362,-14.499988849662843,1,0.0,0.0,interior
T099,L,3283,T011,301,0,mapped,-18.91092732611149,14.72689767873604,-13.850296150471767,1,0.0,0.0,interior
T099,L,3284,T011,302,0,mapped,-18.431379516133482,14.735778840223672,-12.982493032213478,1,0.0,0.0,interior
T099,L,3285,T011,303,0,mapped,-18.117684561145275,14.369702073745177,-12.089762886584444,2,2.664535259100376e-15,1.3322676295501878e-15,shared_edge
T099,L,3286,T011,305,0,mapped,-19.892877285081205,14.401416890438215,-15.30844596560423,1,0.0,0.0,interior
T099,L,3287,T011,306,0,mapped,-19.414159606147187,14.55518615716916,-14.743134694448038,1,0.0,0.0,interior
T099,L,3288,T011,307,0,mapped,-18.93226475286852,14.570103847097018,-14.176012471911188,1,0.0,0.0,interior
T099,L,3289,T011,308,0,mapped,-18.4705994492638,14.593170905216057,-13.482477243203855,1,0.0,0.0,interior
T099,L,3290,T011,309,0,mapped,-17.997649694398856,14.442995222187376,-12.546476395353908,2,1.2560739669470201e-15,6.280369834735102e-16,shared_edge
T099,L,3291,T011,311,0,mapped,-19.41568932958596,14.239648821294063,-15.159427021744824,1,0.0,0.0,interior
T099,L,3292,T011,312,0,mapped,-18.98111572332691,14.466530916216003,-14.424445770381192,1,0.0,0.0,interior
T099,L,3293,T011,313,0,mapped,-18.464642444367136,14.399371470173463,-13.897224891576174,1,0.0,0.0,interior
T099,L,3294,T011,314,0,mapped,-17.971202686437866,14.405563179650784,-13.022912551382014,2,8.881784197001252e-16,4.440892098500626e-16,shared_edge
T099,L,3295,T011,316,0,mapped,-18.909738531474247,14.202784647895038,-14.75690639910748,1,0.0,0.0,interior
T099,L,3296,T011,317,0,mapped,-18.479652189265543,14.26042532332499,-14.174537537868348,1,0.0,0.0,interior
T099,L,3297,T011,318,0,mapped,-18.004146913726164,14.250892095098138,-13.476819422200439,2,1.790180836524724e-15,8.95090418262362e-16,shared_edge
T099,L,3298,T011,320,0,mapped,-18.36209949214726,13.97489808082129,-14.474683928220307,1,0.0,0.0,interior
T099,L,3299,T011,321,0,mapped,-18.0557931811234,14.075961820788118,-13.91870038843432,2,1.790180836524724e-15,8.95090418262362e-16,shared_edge
T099,L,3300,T011,323,0,mapped,-18.08479213057721,13.834540307397875,-14.335244785042669,2,1.8024035702895147e-15,9.012017851447574e-16,shared_edge
T099,L,3301,T013,1,0,mapped,-10.55051828893253,12.14839876208923,-12.715264306196413,2,1.0415131800838489,0.5207565900419244,shared_edge
T099,L,3302,T013,2,0,mapped,-10.39039020791588,11.555487534883213,-12.054564053147395,2,1.1755682367982865,0.5877841183991431,shared_edge
T099,L,3303,T013,3,0,mapped,-10.234254861847704,11.082323251393225,-11.322881950863023,2,0.9891267253377948,0.4945633626688974,shared_edge
T099,L,3304,T013,4,0,mapped,-10.086629139550611,10.817206457421422,-10.475746277025607,2,0.6263474253684074,0.3131737126842037,shared_edge
T099,L,3305,T013,5,0,mapped,-9.749762224261332,10.40259757718041,-9.835958205810998,2,0.2754001620163685,0.1377000810081842,shared_edge
T099,L,3306,T012,6,0,mapped,-9.51362059599122,10.027170744638946,-9.119825090206227,2,0.0,0.0,shared_edge
T099,L,3307,T012,7,0,mapped,-9.292076102873853,9.560108384090023,-8.438325778181255,2,0.0,0.0,shared_edge
T099,L,3308,T012,8,0,mapped,-9.33910527468144,9.285370190280332,-7.628248066616504,2,0.0,0.0,shared_edge
T099,L,3309,T012,9,0,mapped,-9.61741912223149,8.894251775307028,-7.038474242143398,2,0.0,0.0,shared_edge
T099,L,3310,T012,10,0,mapped,-10.119994210220785,8.64535346618159,-6.367710873692069,2,5.3290705182007506e-15,2.664535259100376e-15,shared_edge
T099,L,3311,T012,11,0,mapped,-10.808796881753434,8.458143783306483,-5.881620404414576,2,1.7798229048217487e-15,8.899114524108741e-16,shared_edge
T099,L,3312,T012,12,0,mapped,-11.698052232781409,8.497474875483487,-5.762534240065033,2,0.0,0.0,shared_edge
T099,L,3313,T012,13,0,mapped,-12.552532329680178,8.774398847099386,-5.653517620210934,2,0.0,0.0,shared_edge
T099,L,3314,T012,14,0,mapped,-13.347747986905205,9.192421853859,-5.555690504067826,2,0.0,0.0,shared_edge
T099,L,3315,T012,15,0,mapped,-14.15495694799313,9.589359925701634,-5.455768035240119,2,0.0,0.0,shared_edge
T099,L,3316,T012,16,0,mapped,-14.946866968403915,9.99587441095287,-5.432673483291314,2,0.0,0.0,shared_edge
T099,L,3317,T012,17,0,mapped,-15.781209870175129,10.286643971763764,-5.478029007841155,2,1.7763568394002505e-15,8.881784197001252e-16,shared_edge
T099,L,3318,T012,18,0,mapped,-16.59512734807956,10.655190058235295,-5.352532498548136,2,0.0,0.0,shared_edge
T099,L,3319,T012,19,0,mapped,-17.42177945941824,11.005096657824861,-5.248922278884324,2,0.0,0.0,shared_edge
T099,L,3320,T012,20,0,mapped,-18.25925069989197,11.331169148342742,-5.143312898064641,2,8.881784197001252e-16,4.440892098500626e-16,shared_edge
T099,L,3321,T012,21,0,mapped,-19.064918254020185,11.726622911028723,-5.043564796242769,2,0.0,0.0,shared_edge
T099,L,3322,T012,22,0,mapped,-19.899176050584657,12.04298313457057,-4.931900993980072,2,0.0,0.0,shared_edge
T099,L,3323,T013,23,0,mapped,-20.71621086414687,12.415280393287336,-4.836363257716885,2,0.1435513162500091,0.0717756581250045,shared_edge
T099,L,3324,T012,25,2,smooth_near_vertex,-10.290041183354347,11.864341196278925,-11.75315223201685,1,0.0,0.0,interior
T099,L,3325,T012,26,2,smooth_near_vertex,-10.102385620684288,11.400461238000556,-11.098364949082441,1,0.0,0.0,interior
T099,L,3326,T012,27,3,smooth_internal,-9.950454293159714,11.023706044081631,-10.565110821671883,1,0.0,0.0,interior
T099,L,3327,T012,28,3,smooth_internal,-9.82819368488726,10.717744904287205,-10.12953548828149,1,0.0,0.0,interior
T099,L,3328,T012,29,3,smooth_internal,-9.729001508211873,10.45980433797203,-9.758268172250558,1,0.0,0.0,interior
T099,L,3329,T012,30,0,mapped,-9.67675508197241,10.261895852703626,-9.465680520090073,1,0.0,0.0,interior
T099,L,3330,T012,31,0,mapped,-9.402304856104038,9.826779446182554,-8.809048352549144,1,0.0,0.0,interior
T099,L,3331,T012,32,0,mapped,-9.28884706770487,9.431833631192045,-8.0918907794765,1,0.0,0.0,interior
T099,L,3332,T012,33,0,mapped,-9.41864568472309,9.17340252519182,-7.303103375985156,1,0.0,0.0,interior
T099,L,3333,T012,34,0,mapped,-9.873857008555214,8.761777487194717,-6.683658464463809,1,0.0,0.0,interior
T099,L,3334,T012,35,0,mapped,-10.394519196338289,8.512024488213358,-6.1491803451430584,1,0.0,0.0,interior
T099,L,3335,T012,36,0,mapped,-11.244070183897191,8.377297648733618,-5.902754172641149,1,0.0,0.0,interior
T099,L,3336,T012,37,0,mapped,-12.082731813018032,8.59944407079983,-5.757471442929321,1,0.0,0.0,interior
T099,L,3337,T012,38,0,mapped,-12.955078557776368,8.92794795294693,-5.6647912202931,1,0.0,0.0,interior
T099,L,3338,T012,39,0,mapped,-13.713719108091935,9.362432825418342,-5.533240516095354,1,0.0,0.0,interior
T099,L,3339,T012,40,0,mapped,-14.506747059951707,9.772151948225448,-5.462673391869057,1,0.0,0.0,interior
T099,L,3340,T012,41,0,mapped,-15.331328600999532,10.086365125725669,-5.546704288052723,1,0.0,0.0,interior
T099,L,3341,T012,42,0,mapped,-16.158724094843013,10.449327322182825,-5.447587394044554,1,0.0,0.0,interior
T099,L,3342,T012,43,0,mapped,-16.976803984836316,10.81285092130292,-5.351336978257541,1,0.0,0.0,interior
T099,L,3343,T012,44,0,mapped,-17.80898770137145,11.132372713225928,-5.2211564092754355,1,0.0,0.0,interior
T099,L,3344,T012,45,0,mapped,-18.63842064547608,11.483155075008685,-5.164813541423655,1,0.0,0.0,interior
T099,L,3345,T012,46,0,mapped,-19.452182385311534,11.863881888675365,-5.0384113684804515,1,0.0,0.0,interior
T099,L,3346,T012,47,0,mapped,-20.2759063382032,12.243581650417628,-4.9621188841449655,1,0.0,0.0,interior
T099,L,3347,T015,48,0,mapped,-21.088933137042986,12.533710568768441,-4.800868958174705,2,0.459321992941515,0.2296609964707575,shared_edge
T099,L,3348,T012,49,2,smooth_near_vertex,-10.066556996386119,11.313335175468199,-10.977205964841103,1,0.0,0.0,interior
T099,L,3349,T012,50,3,smooth_internal,-9.954536129058555,11.036819158056106,-10.587203261223365,1,0.0,0.0,interior
T099,L,3350,T012,51,3,smooth_internal,-9.847287201535842,10.771399370622515,-10.211420310433061,1,0.0,0.0,interior
T099,L,3351,T012,52,3,smooth_internal,-9.749488852172833,10.528558253191028,-9.865593464837941,1,0.0,0.0,interior
T099,L,3352,T012,53,3,smooth_internal,-9.65757382084968,10.30205823781458,-9.54020108883196,1,0.0,0.0,interior
T099,L,3353,T012,54,0,mapped,-9.538428856816303,10.061620831949165,-9.186784991594944,1,0.0,0.0,interior
T099,L,3354,T012,55,0,mapped,-9.292864853659752,9.595418438132347,-8.52714340877649,1,0.0,0.0,interior
T099,L,3355,T012,56,0,mapped,-9.328417392194119,9.277940318405054,-7.732860313319003,1,0.0,0.0,interior
T099,L,3356,T012,57,0,mapped,-9.56885555430214,8.87870750914096,-7.141817033034165,1,0.0,0.0,interior
T099,L,3357,T012,58,0,mapped,-10.102173186810134,8.5815881381866,-6.494156159263779,1,0.0,0.0,interior
T099,L,3358,T012,59,0,mapped,-10.729951240613165,8.354302659297762,-6.0731929661539485,1,0.0,0.0,interior
T099,L,3359,T012,60,0,mapped,-11.646990024431773,8.414530588591372,-5.882861859315231,1,0.0,0.0,interior
T099,L,3360,T012,61,0,mapped,-12.436052921080462,8.663575853422275,-5.771441783971055,1,0.0,0.0,interior
T099,L,3361,T012,62,0,mapped,-13.269638766560814,9.09435276624559,-5.667455243865069,1,0.0,0.0,interior
T099,L,3362,T012,63,0,mapped,-14.091776760656575,9.501769078962244,-5.569364873687196,1,0.0,0.0,interior
T099,L,3363,T012,64,0,mapped,-14.95245418461327,9.9623951458067,-5.498923008441441,1,0.0,0.0,interior
T099,L,3364,T012,65,0,mapped,-15.75892523318367,10.245199449237283,-5.5474013295855915,1,0.0,0.0,interior
T099,L,3365,T012,66,0,mapped,-16.53115014502248,10.588336458423043,-5.449972664287646,1,0.0,0.0,interior
T099,L,3366,T012,67,0,mapped,-17.362686802313803,10.960460268005995,-5.3194620648699065,1,0.0,0.0,interior
T099,L,3367,T012,68,0,mapped,-18.211801998395533,11.282950375776409,-5.2716444438731695,1,0.0,0.0,interior
T099,L,3368,T012,69,0,mapped,-18.992021601608364,11.678466550963872,-5.131974862443396,1,0.0,0.0,interior
T099,L,3369,T012,70,0,mapped,-19.835804732820694,12.027218257669027,-5.04450203882047,1,0.0,0.0,interior
T099,L,3370,T015,71,0,mapped,-20.60555254211089,12.379570712130807,-4.85048477471271,2,0.4159776469330969,0.2079888234665484,shared_edge
T099,L,3371,T012,72,3,smooth_internal,-9.91845339481852,10.94975105154735,-10.46734446094991,1,0.0,0.0,interior
T099,L,3372,T012,73,3,smooth_internal,-9.84077854318729,10.759108167334746,-10.19935171395346,1,0.0,0.0,interior
T099,L,3373,T012,74,3,smooth_internal,-9.759075581119692,10.55955943549082,-9.917661339951177,1,0.0,0.0,interior
T099,L,3374,T012,75,3,smooth_internal,-9.674906364997312,10.358613245046085,-9.63343236421807,1,0.0,0.0,interior
T099,L,3375,T012,76,3,smooth_internal,-9.576417532715816,10.140778581065513,-9.32993535847062,1,0.0,0.0,interior
T099,L,3376,T012,77,0,mapped,-9.40583765840661,9.797265596926186,-8.906687127436555,1,0.0,0.0,interior
T099,L,3377,T012,78,0,mapped,-9.28049253966348,9.381851303851295,-8.2162989198214,1,0.0,0.0,interior
T099,L,3378,T012,79,0,mapped,-9.399290483917223,9.112822812935917,-7.440186621428913,1,0.0,0.0,interior
T099,L,3379,T012,80,0,mapped,-9.848756501225417,8.63680681507309,-6.8565137650339025,1,0.0,0.0,interior
T099,L,3380,T012,81,0,mapped,-10.426896661445724,8.367997126373826,-6.317455367270707,1,0.0,0.0,interior
T099,L,3381,T012,82,0,mapped,-11.206011826551578,8.281532927176865,-6.043587067368135,1,0.0,0.0,interior
T099,L,3382,T012,83,0,mapped,-11.999357594363895,8.51604559707276,-5.852972425008234,1,0.0,0.0,interior
T099,L,3383,T012,84,0,mapped,-12.912834219305045,8.860194579694088,-5.7496533052744105,1,0.0,0.0,interior
T099,L,3384,T012,85,0,mapped,-13.69902708636268,9.306941269051563,-5.657175131144212,1,0.0,0.0,interior
T099,L,3385,T012,86,0,mapped,-14.437322524022505,9.67241893492796,-5.5797281060861454,1,0.0,0.0,interior
T099,L,3386,T012,87,0,mapped,-15.273284347215798,10.02826821679961,-5.6245926046414,1,0.0,0.0,interior
T099,L,3387,T012,88,0,mapped,-16.05084041266827,10.362487220403136,-5.540552289500635,1,0.0,0.0,interior
T099,L,3388,T012,89,0,mapped,-16.942570935559683,10.762968882493118,-5.431028444832894,1,0.0,0.0,interior
T099,L,3389,T012,90,0,mapped,-17.757768975214155,11.08137456160611,-5.322996428571187,1,0.0,0.0,interior
T099,L,3390,T012,91,0,mapped,-18.56316359504442,11.42945457799075,-5.2827432456580095,1,0.0,0.0,interior
T099,L,3391,T012,92,0,mapped,-19.374919846098337,11.842530317371107,-5.128307329048729,1,0.0,0.0,interior
T099,L,3392,T012,93,0,mapped,-20.227839889003732,12.225885062567619,-5.099829024711212,2,1.7763568394002505e-15,8.881784197001252e-16,shared_edge
T099,L,3393,T012,94,3,smooth_internal,-9.81104199496567,10.687559683957684,-10.102558010389835,1,0.0,0.0,interior
T099,L,3394,T012,95,3,smooth_internal,-9.752975498494934,10.546404691016502,-9.905499173556999,1,0.0,0.0,interior
T099,L,3395,T012,96,3,smooth_internal,-9.687931849776032,10.390641709218242,-9.686982478504714,1,0.0,0.0,interior
T099,L,3396,T012,97,3,smooth_internal,-9.618229507376569,10.228334980306464,-9.457769628682112,1,0.0,0.0,interior
T099,L,3397,T012,98,0,mapped,-9.563237117641386,10.096070919259386,-9.253744892983658,1,0.0,0.0,interior
T099,L,3398,T012,99,0,mapped,-9.30156338954578,9.63399293862085,-8.587882185223762,1,0.0,0.0,interior
T099,L,3399,T012,100,0,mapped,-9.32080579458718,9.273114955323738,-7.810262929883843,1,0.0,0.0,interior
T099,L,3400,T012,101,0,mapped,-9.529224673851308,8.882500464377534,-7.222575276837505,1,0.0,0.0,interior
T099,L,3401,T012,102,0,mapped,-10.081098399696597,8.553075179562667,-6.569671795488302,1,0.0,0.0,interior
T099,L,3402,T012,103,0,mapped,-10.68652123536841,8.327329680391683,-6.147146915503916,1,0.0,0.0,interior
T099,L,3403,T012,104,0,mapped,-11.605174947458185,8.365788358774898,-5.9609939677713175,1,0.0,0.0,interior
T099,L,3404,T012,105,0,mapped,-12.366383666850599,8.574311437269442,-5.881783757340882,1,0.0,0.0,interior
T099,L,3405,T012,106,0,mapped,-13.23455283716907,9.016046791755825,-5.784900113462125,1,0.0,0.0,interior
T099,L,3406,T012,107,0,mapped,-13.949146449065983,9.400883058500222,-5.65904568930487,1,0.0,0.0,interior
T099,L,3407,T012,108,0,mapped,-14.881237224490677,9.881370181725798,-5.592347423872768,1,0.0,0.0,interior
T099,L,3408,T012,109,0,mapped,-15.724455140734687,10.177044996224383,-5.662304626438621,1,0.0,0.0,interior
T099,L,3409,T012,110,0,mapped,-16.461750512279682,10.522145431460375,-5.541079323216115,1,0.0,0.0,interior
T099,L,3410,T012,111,0,mapped,-17.26917684238272,10.894069102202861,-5.40740889411232,1,0.0,0.0,interior
T099,L,3411,T012,112,0,mapped,-18.134988455666473,11.226225953942581,-5.388021120607613,1,0.0,0.0,interior
T099,L,3412,T012,113,0,mapped,-18.912623756609396,11.611685674406663,-5.267203935915568,1,0.0,0.0,interior
T099,L,3413,T012,114,0,mapped,-19.768399849678136,12.008931533402103,-5.156905087973723,2,5.617333549722722e-15,2.808666774861361e-15,shared_edge
T099,L,3414,T012,115,3,smooth_internal,-9.731087207793399,10.49285730553729,-9.835068235766549,1,0.0,0.0,interior
T099,L,3415,T012,116,3,smooth_internal,-9.68676088577166,10.385848257609108,-9.687372956420031,1,0.0,0.0,interior
T099,L,3416,T012,117,3,smooth_internal,-9.634747609162595,10.262918066281472,-9.517115181499962,1,0.0,0.0,interior
T099,L,3417,T012,118,3,smooth_internal,-9.571638417098917,10.119779558259571,-9.323714341845942,1,0.0,0.0,interior
T099,L,3418,T012,119,0,mapped,-9.422190541352775,9.819248944425782,-8.981300208903985,1,0.0,0.0,interior
T099,L,3419,T012,120,0,mapped,-9.273678075448709,9.339005774526338,-8.33651126867284,1,0.0,0.0,interior
T099,L,3420,T012,121,0,mapped,-9.388509173506488,9.051250007459329,-7.567099680516628,1,0.0,0.0,interior
T099,L,3421,T012,122,0,mapped,-9.768395536847413,8.582483671759839,-7.01324859475487,1,0.0,0.0,interior
T099,L,3422,T012,123,0,mapped,-10.352837498775498,8.349434184321563,-6.436089386774775,1,0.0,0.0,interior
T099,L,3423,T012,124,0,mapped,-11.105144049434962,8.243991252851782,-6.113970913980632,1,0.0,0.0,interior
T099,L,3424,T012,125,0,mapped,-11.916518900367343,8.434181414927817,-5.946343471283935,1,0.0,0.0,interior
T099,L,3425,T012,126,0,mapped,-12.81712694884821,8.757174994145567,-5.848596187859227,1,0.0,0.0,interior
T099,L,3426,T012,127,0,mapped,-13.57528309033747,9.21170157616295,-5.760910045394837,1,0.0,0.0,interior
T099,L,3427,T012,128,0,mapped,-14.381960461066367,9.581056659155683,-5.708022883209615,1,0.0,0.0,interior
T099,L,3428,T012,129,0,mapped,-15.222058993423758,9.977742884954312,-5.69732214180306,1,0.0,0.0,interior
T099,L,3429,T012,130,0,mapped,-16.011485205298207,10.303193574794294,-5.637416177003647,1,0.0,0.0,interior
T099,L,3430,T012,131,0,mapped,-16.9255973083076,10.7230391237601,-5.5047432318516645,1,0.0,0.0,interior
T099,L,3431,T012,132,0,mapped,-17.71407103467141,11.034429690162812,-5.435099628885258,1,0.0,0.0,interior
T099,L,3432,T012,133,0,mapped,-18.50454861006956,11.405399954163249,-5.403298720057226,1,0.0,0.0,interior
T099,L,3433,T012,134,0,mapped,-19.29742663724401,11.819078164818661,-5.216150574363061,2,2.5121479338940407e-15,1.2560739669470201e-15,shared_edge
T099,L,3434,T012,135,3,smooth_internal,-9.672803495092001,10.349757054134047,-9.642236018390145,1,0.0,0.0,interior
T099,L,3435,T012,136,3,smooth_internal,-9.640052607469372,10.270166087549864,-9.534049844976135,1,0.0,0.0,interior
T099,L,3436,T012,137,3,smooth_internal,-9.603214318009769,10.181142314673426,-9.41056521690479,1,0.0,0.0,interior
T099,L,3437,T012,138,0,mapped,-9.58793781368728,10.130298796825567,-9.320861043971153,1,0.0,0.0,interior
T099,L,3438,T012,139,0,mapped,-9.31151341205597,9.64110397096405,-8.651121686842021,1,0.0,0.0,interior
T099,L,3439,T012,140,0,mapped,-9.3086838547554,9.247791974741865,-7.93792582269574,1,0.0,0.0,interior
T099,L,3440,T012,141,0,mapped,-9.493611683683355,8.856999595561927,-7.335817979561915,1,0.0,0.0,interior
T099,L,3441,T012,142,0,mapped,-10.05569018915104,8.479843775142584,-6.674243337994849,1,0.0,0.0,interior
T099,L,3442,T012,143,0,mapped,-10.645203666294877,8.277417609431346,-6.255248550481857,1,0.0,0.0,interior
T099,L,3443,T012,144,0,mapped,-11.479060275880936,8.282012406199927,-6.0868387087435085,1,0.0,0.0,interior
T099,L,3444,T012,145,0,mapped,-12.28925923281121,8.503408395317447,-5.96321631146866,1,0.0,0.0,interior
T099,L,3445,T012,146,0,mapped,-13.163936564963748,8.902184072092648,-5.944824971934938,1,0.0,0.0,interior
T099,L,3446,T012,147,0,mapped,-13.941979573356525,9.343670652898561,-5.816952126241667,1,0.0,0.0,interior
T099,L,3447,T012,148,0,mapped,-14.819308803463787,9.799124032110639,-5.726864813730808,1,0.0,0.0,interior
T099,L,3448,T012,149,0,mapped,-15.612179080639596,10.116936320353167,-5.698143986770242,1,0.0,0.0,interior
T099,L,3449,T012,150,0,mapped,-16.4006105578623,10.468836914899962,-5.61957384212406,1,0.0,0.0,interior
T099,L,3450,T012,151,0,mapped,-17.143101603860103,10.80629116657565,-5.512924449178419,1,0.0,0.0,interior
T099,L,3451,T012,152,0,mapped,-18.04279122764799,11.175792967603346,-5.46492840194761,1,0.0,0.0,interior
T099,L,3452,T012,153,0,mapped,-18.880217609522575,11.600284785740433,-5.367300757095778,2,0.0,0.0,shared_edge
T099,L,3453,T012,154,3,smooth_internal,-9.632700718923106,10.248671422961849,-9.510371106737129,1,0.0,0.0,interior
T099,L,3454,T012,155,3,smooth_internal,-9.60937455650161,10.190928206594975,-9.434211731351791,1,0.0,0.0,interior
T099,L,3455,T012,156,3,smooth_internal,-9.575130997955291,10.111783934031545,-9.332066431206185,1,0.0,0.0,interior
T099,L,3456,T012,157,0,mapped,-9.441875591253668,9.855491634083606,-9.049504555709234,1,0.0,0.0,interior
T099,L,3457,T012,158,0,mapped,-9.268806809169138,9.359707434835052,-8.411935005579833,1,0.0,0.0,interior
T099,L,3458,T012,159,0,mapped,-9.37709887087092,9.000005031390026,-7.671493847814432,1,0.0,0.0,interior
T099,L,3459,T012,160,0,mapped,-9.707483191837909,8.543754662156816,-7.1451117498313845,1,0.0,0.0,interior
T099,L,3460,T012,161,0,mapped,-10.270447230015277,8.314830966541933,-6.578915073612103,1,0.0,0.0,interior
T099,L,3461,T012,162,0,mapped,-11.033081121915904,8.18634465003898,-6.229099792629583,1,0.0,0.0,interior
T099,L,3462,T012,163,0,mapped,-11.861075292289247,8.365088372686445,-6.034867553562705,1,0.0,0.0,interior
T099,L,3463,T012,164,0,mapped,-12.727795340414236,8.616514033640723,-6.005755157686362,1,0.0,0.0,interior
T099,L,3464,T012,165,0,mapped,-13.499214371576713,9.143764802585759,-5.845507413312324,1,0.0,0.0,interior
T099,L,3465,T012,166,0,mapped,-14.32689822732562,9.50937617738502,-5.795281194535848,1,0.0,0.0,interior
T099,L,3466,T012,167,0,mapped,-15.173407051262393,9.919291691880293,-5.789454371193074,1,0.0,0.0,interior
T099,L,3467,T012,168,0,mapped,-15.956801193803699,10.246954651770741,-5.738208079495127,1,0.0,0.0,interior
T099,L,3468,T012,169,0,mapped,-16.810549145076557,10.65065134139762,-5.577719722865144,1,0.0,0.0,interior
T099,L,3469,T012,170,0,mapped,-17.586268259420663,10.973691196870492,-5.500720215381195,1,0.0,0.0,interior
T099,L,3470,T012,171,0,mapped,-18.45115981234254,11.388389985556756,-5.522441380839322,2,8.881784197001252e-16,4.440892098500626e-16,shared_edge
T099,L,3471,T012,172,3,smooth_internal,-9.608131231617946,10.182765218264182,-9.42948810176041,1,0.0,0.0,interior
T099,L,3472,T012,173,3,smooth_internal,-9.596554714894435,10.149918386926336,-9.387157014690455,1,0.0,0.0,interior
T099,L,3473,T012,174,0,mapped,-9.61163400299108,10.162451541734725,-9.389436350795753,1,0.0,0.0,interior
T099,L,3474,T012,175,0,mapped,-9.32145621902282,9.647867934181509,-8.714185144965251,1,0.0,0.0,interior
T099,L,3475,T012,176,0,mapped,-9.295408273452637,9.238582159017557,-8.080318645012872,1,0.0,0.0,interior
T099,L,3476,T012,177,0,mapped,-9.474134426585572,8.807126496321697,-7.442402916632422,1,0.0,0.0,interior
T099,L,3477,T012,178,0,mapped,-9.982762646909757,8.421231075473969,-6.830089027757355,1,0.0,0.0,interior
T099,L,3478,T012,179,0,mapped,-10.593808152999237,8.205344715277874,-6.4067640479479415,1,0.0,0.0,interior
T099,L,3479,T012,180,0,mapped,-11.42964134241862,8.216297105515824,-6.182124373666852,1,0.0,0.0,interior
T099,L,3480,T012,181,0,mapped,-12.266905197162481,8.438703384317703,-6.059436316479264,1,0.0,0.0,interior
T099,L,3481,T012,182,0,mapped,-13.101619676702814,8.826768538392868,-6.027420721842187,1,0.0,0.0,interior
T099,L,3482,T012,183,0,mapped,-13.860056395075127,9.285364534621444,-5.898486485794532,1,0.0,0.0,interior
T099,L,3483,T012,184,0,mapped,-14.736809296560915,9.722521251018946,-5.851569775589388,1,0.0,0.0,interior
T099,L,3484,T012,185,0,mapped,-15.535452656182736,10.047888490913888,-5.813656703736413,1,0.0,0.0,interior
T099,L,3485,T012,186,0,mapped,-16.358833812504365,10.401305141331514,-5.758726983035084,1,0.0,0.0,interior
T099,L,3486,T012,187,0,mapped,-17.126185598743625,10.77283525084066,-5.6044572862873405,1,0.0,0.0,interior
T099,L,3487,T012,188,0,mapped,-18.006450486738792,11.142006840435743,-5.576863890222455,2,3.972054645195637e-15,1.9860273225978185e-15,shared_edge
T099,L,3488,T012,189,3,smooth_internal,-9.593615366475934,10.14086508868844,-9.385262445853822,1,0.0,0.0,interior
T099,L,3489,T012,190,3,smooth_internal,-9.581196607867614,10.110121105825337,-9.351642629366447,1,0.0,0.0,interior
T099,L,3490,T012,191,0,mapped,-9.461517829331607,9.89235622505212,-9.117400849090302,1,0.0,0.0,interior
T099,L,3491,T012,192,0,mapped,-9.264116667917008,9.397051368460152,-8.504333640482745,1,0.0,0.0,interior
T099,L,3492,T012,193,0,mapped,-9.354807324429546,8.961858235517097,-7.791394204262484,1,0.0,0.0,interior
T099,L,3493,T012,194,0,mapped,-9.678076627830809,8.495714418746122,-7.2361166900038345,1,0.0,0.0,interior
T099,L,3494,T012,195,0,mapped,-10.277292538721799,8.16491145312019,-6.756854979745528,1,0.0,0.0,interior
T099,L,3495,T012,196,0,mapped,-11.018508439149324,8.11142543083171,-6.379163924398103,1,0.0,0.0,interior
T099,L,3496,T012,197,0,mapped,-11.806228952384373,8.308228643886563,-6.114582694899237,1,0.0,0.0,interior
T099,L,3497,T012,198,0,mapped,-12.677648369983835,8.545741894376796,-6.088557384433191,1,0.0,0.0,interior
T099,L,3498,T012,199,0,mapped,-13.493872484735977,9.093841831501438,-5.958362633958469,1,0.0,0.0,interior
T099,L,3499,T012,200,0,mapped,-14.230998105262085,9.425858611985543,-5.8874544484836875,1,0.0,0.0,interior
T099,L,3500,T012,201,0,mapped,-15.133489838048327,9.860511306053942,-5.909296600595956,1,0.0,0.0,interior
T099,L,3501,T012,202,0,mapped,-15.876995905476337,10.18219619366019,-5.8297787331861155,1,0.0,0.0,interior
T099,L,3502,T012,203,0,mapped,-16.69674264684515,10.574615656042583,-5.665318401661677,1,0.0,0.0,interior
T099,L,3503,T012,204,0,mapped,-17.544438778254694,10.931184024431564,-5.63442568174413,2,0.0,0.0,shared_edge
T099,L,3504,T012,205,3,smooth_internal,-9.588428980392605,10.120292172240347,-9.372252518959012,1,0.0,0.0,interior
T099,L,3505,T012,206,0,mapped,-9.635330192294878,10.194604286643882,-9.458011657620354,1,0.0,0.0,interior
T099,L,3506,T012,207,0,mapped,-9.33723667704323,9.660314922248403,-8.801406352038388,1,0.0,0.0,interior
T099,L,3507,T012,208,0,mapped,-9.279127086543964,9.211234600268078,-8.190561232979157,1,0.0,0.0,interior
T099,L,3508,T012,209,0,mapped,-9.451548981462864,8.751451873960438,-7.5514149487813,1,0.0,0.0,interior
T099,L,3509,T012,210,0,mapped,-9.908989017087446,8.345327052119153,-6.982563557952105,1,0.0,0.0,interior
T099,L,3510,T012,211,0,mapped,-10.503093942690256,8.132710129032299,-6.5818649303703385,1,0.0,0.0,interior
T099,L,3511,T012,212,0,mapped,-11.402041272932694,8.154144156873214,-6.289481021959064,1,0.0,0.0,interior
T099,L,3512,T012,213,0,mapped,-12.182531295984962,8.373314666071751,-6.143517093226656,1,0.0,0.0,interior
T099,L,3513,T012,214,0,mapped,-13.043902636814325,8.75802519435092,-6.086763679165411,1,0.0,0.0,interior
T099,L,3514,T012,215,0,mapped,-13.750382655538193,9.217644433489713,-5.98222371649941,1,0.0,0.0,interior
T099,L,3515,T012,216,0,mapped,-14.61155352090066,9.64199603614895,-5.937135910683436,1,0.0,0.0,interior
T099,L,3516,T012,217,0,mapped,-15.433484508878635,9.97765389539706,-5.894702879168966,1,0.0,0.0,interior
T099,L,3517,T012,218,0,mapped,-16.299034206359636,10.34576441748723,-5.877255031339512,1,0.0,0.0,interior
T099,L,3518,T012,219,0,mapped,-17.08001919944913,10.725999164129819,-5.692439948934011,2,5.958081967793456e-15,2.979040983896728e-15,shared_edge
T099,L,3519,T012,220,3,smooth_internal,-9.543512512630489,10.035429744172628,-9.2938852258725,1,0.0,0.0,interior
T099,L,3520,T012,221,0,mapped,-9.480592739986976,9.927189103555643,-9.186560025068923,1,0.0,0.0,interior
T099,L,3521,T012,222,0,mapped,-9.263356008373256,9.447582113707734,-8.558359597319575,1,0.0,0.0,interior
T099,L,3522,T012,223,0,mapped,-9.337228327469289,8.948980183477099,-7.897407287171776,1,0.0,0.0,interior
T099,L,3523,T012,224,0,mapped,-9.645583796250326,8.487058863374703,-7.311650916369054,1,0.0,0.0,interior
T099,L,3524,T012,225,0,mapped,-10.142771525720889,8.224581197915795,-6.826710895115223,1,0.0,0.0,interior
T099,L,3525,T012,226,0,mapped,-10.917397389959255,8.069664047282739,-6.481836221717371,1,0.0,0.0,interior
T099,L,3526,T012,227,0,mapped,-11.746616382404447,8.235731103908783,-6.2222092327750484,1,0.0,0.0,interior
T099,L,3527,T012,228,0,mapped,-12.65659989673967,8.467044991990763,-6.224380442333128,1,0.0,0.0,interior
T099,L,3528,T012,229,0,mapped,-13.407176732515957,8.981172300355622,-6.093360168346814,1,0.0,0.0,interior
T099,L,3529,T012,230,0,mapped,-14.138283573813771,9.35317460542441,-5.988261320869809,1,0.0,0.0,interior
T099,L,3530,T012,231,0,mapped,-15.019495422240547,9.795585194882149,-5.978799588612544,1,0.0,0.0,interior
T099,L,3531,T012,232,0,mapped,-15.827755435376037,10.133951233176564,-5.944746204726155,1,0.0,0.0,interior
T099,L,3532,T012,233,0,mapped,-16.642895245992076,10.508280834342921,-5.800756570756505,2,2.5121479338940407e-15,1.2560739669470201e-15,shared_edge
T099,L,3533,T012,234,3,smooth_internal,-9.469680842394503,9.899591487467555,-9.158657928891149,1,0.0,0.0,interior
T099,L,3534,T012,235,0,mapped,-9.355003229178886,9.673919335105833,-8.89832424243215,1,0.0,0.0,interior
T099,L,3535,T012,236,0,mapped,-9.2644242908037,9.162884309116045,-8.29568250411311,1,0.0,0.0,interior
T099,L,3536,T012,237,0,mapped,-9.428685750900657,8.682652237600104,-7.667435226169315,1,0.0,0.0,interior
T099,L,3537,T012,238,0,mapped,-9.86773011784608,8.27375302721756,-7.11859372772876,1,0.0,0.0,interior
T099,L,3538,T012,239,0,mapped,-10.457016634060093,8.09054304150563,-6.677003940116359,1,0.0,0.0,interior
T099,L,3539,T012,240,0,mapped,-11.34467807665674,8.081330506870922,-6.423631976896242,1,0.0,0.0,interior
T099,L,3540,T012,241,0,mapped,-12.10540166487641,8.307643336348074,-6.232114852600075,1,0.0,0.0,interior
T099,L,3541,T012,242,0,mapped,-12.98724345667977,8.68168038961713,-6.1582642518011514,1,0.0,0.0,interior
T099,L,3542,T012,243,0,mapped,-13.711579780629867,9.150250031650723,-6.122311220660677,1,0.0,0.0,interior
T099,L,3543,T012,244,0,mapped,-14.498893281819358,9.543278427071051,-6.016142336593566,1,0.0,0.0,interior
T099,L,3544,T012,245,0,mapped,-15.401469513271156,9.938965905720123,-6.0130858928858935,1,0.0,0.0,interior
T099,L,3545,T012,246,0,mapped,-16.23372135930217,10.292827042269746,-5.998678717675846,2,0.0,0.0,shared_edge
T099,L,3546,T012,247,0,mapped,-9.499610341302049,9.961816745900276,-9.25584677282648,1,0.0,0.0,interior
T099,L,3547,T012,248,0,mapped,-9.27043648772675,9.493765932292991,-8.596619990363212,1,0.0,0.0,interior
T099,L,3548,T012,249,0,mapped,-9.321954169149533,8.971878432555053,-7.96373636013276,1,0.0,0.0,interior
T099,L,3549,T012,250,0,mapped,-9.57755329295815,8.489958281372408,-7.458539778086993,1,0.0,0.0,interior
T099,L,3550,T012,251,0,mapped,-10.077475668975167,8.152300013724409,-6.966568573178993,1,0.0,0.0,interior
T099,L,3551,T012,252,0,mapped,-10.860760319669895,8.006512678268045,-6.612976629201983,1,0.0,0.0,interior
T099,L,3552,T012,253,0,mapped,-11.67416867128616,8.152498400447461,-6.337165423027644,1,0.0,0.0,interior
T099,L,3553,T012,254,0,mapped,-12.552645515144546,8.40874498138549,-6.257936095642096,1,0.0,0.0,interior
T099,L,3554,T012,255,0,mapped,-13.341914909782375,8.86125429464743,-6.248219313842272,1,0.0,0.0,interior
T099,L,3555,T012,256,0,mapped,-14.085847898255638,9.304681932149872,-6.092138479962692,1,0.0,0.0,interior
T099,L,3556,T012,257,0,mapped,-14.931230514407966,9.737964481363688,-6.05416500577247,1,0.0,0.0,interior
T099,L,3557,T012,258,0,mapped,-15.77050902000683,10.084415930326584,-6.056457082868372,2,1.7763568394002505e-15,8.881784197001252e-16,shared_edge
T099,L,3558,T012,259,0,mapped,-9.369768735510691,9.689082124734073,-8.976573385788523,1,0.0,0.0,interior
T099,L,3559,T012,260,0,mapped,-9.257512305575382,9.165874953165774,-8.383410039531345,1,0.0,0.0,interior
T099,L,3560,T012,261,0,mapped,-9.398823634894907,8.676608284651783,-7.754217098654951,1,0.0,0.0,interior
T099,L,3561,T012,262,0,mapped,-9.82087779998696,8.215453782082065,-7.255428962013644,1,0.0,0.0,interior
T099,L,3562,T012,263,0,mapped,-10.456506239377134,8.005890077931639,-6.799757171299319,1,0.0,0.0,interior
T099,L,3563,T012,264,0,mapped,-11.275789945917634,8.018860927976018,-6.528649073963221,1,0.0,0.0,interior
T099,L,3564,T012,265,0,mapped,-12.093289372010087,8.239824486578408,-6.34255499135519,1,0.0,0.0,interior
T099,L,3565,T012,266,0,mapped,-12.93549098187722,8.604373157949803,-6.239132167245707,1,0.0,0.0,interior
T099,L,3566,T012,267,0,mapped,-13.641337327026449,9.07918079494623,-6.190473945080475,1,0.0,0.0,interior
T099,L,3567,T012,268,0,mapped,-14.398498945393186,9.461813539084554,-6.065083826084624,1,0.0,0.0,interior
T099,L,3568,T012,269,0,mapped,-15.306873896282363,9.876675872003194,-6.114307678028489,2,2.5121479338940407e-15,1.2560739669470201e-15,shared_edge
T099,L,3569,T012,270,0,mapped,-9.280935321412239,9.527274895592093,-8.673249285779047,1,0.0,0.0,interior
T099,L,3570,T012,271,0,mapped,-9.305981401431008,9.008784642318517,-8.039201590465613,1,0.0,0.0,interior
T099,L,3571,T012,272,0,mapped,-9.533805874416164,8.43270475250796,-7.592383203385659,1,0.0,0.0,interior
T099,L,3572,T012,273,0,mapped,-10.06019180102053,8.05176118640801,-7.093098122369781,1,0.0,0.0,interior
T099,L,3573,T012,274,0,mapped,-10.816587527721202,7.928239168940733,-6.768548098302917,1,0.0,0.0,interior
T099,L,3574,T012,275,0,mapped,-11.645624630089634,8.065076151867041,-6.486163621140621,1,0.0,0.0,interior
T099,L,3575,T012,276,0,mapped,-12.498210370976876,8.331739395889425,-6.369761125057952,1,0.0,0.0,interior
T099,L,3576,T012,277,0,mapped,-13.221666316924386,8.729478752661757,-6.360586605262803,1,0.0,0.0,interior
T099,L,3577,T012,278,0,mapped,-14.02019326806778,9.254579735581546,-6.190464455203786,1,0.0,0.0,interior
T099,L,3578,T012,279,0,mapped,-14.84458206782566,9.665933069403632,-6.171909073772298,2,1.9860273225978185e-15,9.930136612989092e-16,shared_edge
T099,L,3579,T012,280,0,mapped,-9.25385957795136,9.190343893114393,-8.463860968066173,1,0.0,0.0,interior
T099,L,3580,T012,281,0,mapped,-9.366323438630271,8.683472658211246,-7.835872383316939,1,0.0,0.0,interior
T099,L,3581,T012,282,0,mapped,-9.793162512592879,8.144366704064685,-7.375791217086475,1,0.0,0.0,interior
T099,L,3582,T012,283,0,mapped,-10.439216548458592,7.881884580775495,-6.989410745422909,1,0.0,0.0,interior
T099,L,3583,T012,284,0,mapped,-11.17798786117648,7.940840479233254,-6.672293210257587,1,0.0,0.0,interior
T099,L,3584,T012,285,0,mapped,-12.004535637273808,8.158931627316257,-6.439209886732948,1,0.0,0.0,interior
T099,L,3585,T012,286,0,mapped,-12.873643785415666,8.509461773138023,-6.37467281618861,1,0.0,0.0,interior
T099,L,3586,T012,287,0,mapped,-13.573114399764854,8.999606573129812,-6.259654824355671,1,0.0,0.0,interior
T099,L,3587,T012,288,0,mapped,-14.401801318821532,9.417995503035133,-6.226036200600589,2,8.881784197001252e-16,4.440892098500626e-16,shared_edge
T099,L,3588,T012,289,0,mapped,-9.289984291685336,9.045800434010271,-8.11502920755843,1,0.0,0.0,interior
T099,L,3589,T012,290,0,mapped,-9.507614857212198,8.379686776537987,-7.681917295983607,1,0.0,0.0,interior
T099,L,3590,T012,291,0,mapped,-10.009923406066621,7.973744974230254,-7.235137960422856,1,0.0,0.0,interior
T099,L,3591,T012,292,0,mapped,-10.780806999285765,7.828286053018148,-6.9524117078708425,1,0.0,0.0,interior
T099,L,3592,T012,293,0,mapped,-11.561582867102366,7.99383615826275,-6.608568237676906,1,0.0,0.0,interior
T099,L,3593,T012,294,0,mapped,-12.443186261789142,8.262418735547175,-6.467852475861253,1,0.0,0.0,interior
T099,L,3594,T012,295,0,mapped,-13.166417702609658,8.664724490951329,-6.419102113131915,1,0.0,0.0,interior
T099,L,3595,T012,296,0,mapped,-13.94581004705126,9.195948174692509,-6.282531669196469,2,4.3511678576336575e-15,2.1755839288168288e-15,shared_edge
T099,L,3596,T012,297,0,mapped,-9.341671773649942,8.68581002820587,-7.9233857314973815,1,0.0,0.0,interior
T099,L,3597,T012,298,0,mapped,-9.75687069567371,8.15969344869736,-7.427351500614339,1,0.0,0.0,interior
T099,L,3598,T012,299,0,mapped,-10.381815137585196,7.796293759925442,-7.140489045943777,1,0.0,0.0,interior
T099,L,3599,T012,300,0,mapped,-11.180419276488273,7.842583074494726,-6.847084352724538,1,0.0,0.0,interior
T099,L,3600,T012,301,0,mapped,-11.970891174584738,8.082884664066519,-6.546007974425445,1,0.0,0.0,interior
T099,L,3601,T012,302,0,mapped,-12.81314552646002,8.427498860499789,-6.504061184441422,1,0.0,0.0,interior
T099,L,3602,T012,303,0,mapped,-13.520484377325106,8.922331227007035,-6.343795352493906,2,0.0,0.0,shared_edge
T099,L,3603,T012,304,0,mapped,-9.48815190337746,8.354675427499773,-7.734324441786034,1,0.0,0.0,interior
T099,L,3604,T012,305,0,mapped,-9.977060140617827,7.8937925358750896,-7.342385123266949,1,0.0,0.0,interior
T099,L,3605,T012,306,0,mapped,-10.730554201462432,7.741503415917062,-7.0905165682290185,1,0.0,0.0,interior
T099,L,3606,T012,307,0,mapped,-11.53448805128686,7.896488730237218,-6.754883973824628,1,0.0,0.0,interior
T099,L,3607,T012,308,0,mapped,-12.36550105398267,8.18690332290416,-6.575552550983213,1,0.0,0.0,interior
T099,L,3608,T012,309,0,mapped,-13.14494814480455,8.611417639492204,-6.4963966205834005,2,1.831026719408895e-15,9.155133597044477e-16,shared_edge
T099,L,3609,T012,310,0,mapped,-9.673335457426525,8.007761084665631,-7.639522422717164,1,0.0,0.0,interior
T099,L,3610,T012,311,0,mapped,-10.301424266046217,7.739038705183372,-7.239562204190177,1,0.0,0.0,interior
T099,L,3611,T012,312,0,mapped,-11.114776066980438,7.774080859558358,-6.971073961789331,1,0.0,0.0,interior
T099,L,3612,T012,313,0,mapped,-11.896734033377754,8.00608828681192,-6.6458366557925395,1,0.0,0.0,interior
T099,L,3613,T012,314,0,mapped,-12.740274514597386,8.338433440277033,-6.6276342794633045,2,5.773159728050814e-15,2.886579864025407e-15,shared_edge
T099,L,3614,T012,315,0,mapped,-9.94935568266154,7.86144363880528,-7.3971079405626,1,0.0,0.0,interior
T099,L,3615,T012,316,0,mapped,-10.751739741211024,7.680159844821118,-7.148941209338602,1,0.0,0.0,interior
T099,L,3616,T012,317,0,mapped,-11.469473960582686,7.826684246671556,-6.858413223642659,1,0.0,0.0,interior
T099,L,3617,T012,318,0,mapped,-12.294407874438836,8.101904060056249,-6.700548268437647,2,1.7763568394002505e-15,8.881784197001252e-16,shared_edge
T099,L,3618,T012,319,0,mapped,-10.282838292301694,7.638791162159272,-7.347075615453427,1,0.0,0.0,interior
T099,L,3619,T012,320,0,mapped,-11.056014038484186,7.691001756371696,-7.094831808717229,1,0.0,0.0,interior
T099,L,3620,T012,321,0,mapped,-11.814492920574756,7.9365656325502485,-6.74344272867064,2,2.360366527284141e-15,1.1801832636420706e-15,shared_edge
T099,L,3621,T012,322,0,mapped,-10.680482818732102,7.551448747855284,-7.29144934965136,1,0.0,0.0,interior
T099,L,3622,T012,323,0,mapped,-11.395066084456138,7.767434829278033,-6.953012291698027,2,1.1102230246251563e-15,5.551115123125784e-16,shared_edge
T099,L,3623,T012,324,0,mapped,-11.08746077216367,7.552966980717372,-7.2365751346722025,3,0.0,0.0,landmark
T099,L,3624,T013,26,0,mapped,-11.256136150021844,12.869406030966918,-12.417657107516526,1,0.0,0.0,interior
T099,L,3625,T013,27,0,mapped,-11.214223482336456,12.223270414883705,-11.556290945662756,1,0.0,0.0,interior
T099,L,3626,T013,28,0,mapped,-11.030129290046485,11.706648774405,-10.720336312958946,1,0.0,0.0,interior
T099,L,3627,T013,29,0,mapped,-10.960566148142016,11.06104689224269,-9.930066190494896,1,0.0,0.0,interior
T099,L,3628,T013,30,0,mapped,-10.618293963086757,10.765305450143172,-9.0092101119684,1,0.0,0.0,interior
T099,L,3629,T013,31,0,mapped,-10.032622308430641,10.711170378217542,-8.188501579605955,1,0.0,0.0,interior
T099,L,3630,T013,32,0,mapped,-9.458366118227433,10.4633459002061,-7.484225714821902,1,0.0,0.0,interior
T099,L,3631,T013,33,0,mapped,-9.266435935772833,10.12929139252822,-6.690505445859236,1,0.0,0.0,interior
T099,L,3632,T013,34,0,mapped,-9.533618433520891,9.771798714169936,-5.912382901578198,1,0.0,0.0,interior
T099,L,3633,T013,35,0,mapped,-10.143853948869431,9.279183963254676,-5.340207195595328,1,0.0,0.0,interior
T099,L,3634,T013,36,0,mapped,-11.0107993404348,9.252873917506221,-4.73640492387397,1,0.0,0.0,interior
T099,L,3635,T013,37,0,mapped,-12.092121496150966,9.453409608044087,-4.507614280590499,1,0.0,0.0,interior
T099,L,3636,T013,38,0,mapped,-12.751372934957645,9.72669012708798,-4.476495192985551,1,0.0,0.0,interior
T099,L,3637,T013,39,0,mapped,-13.7668572183975,10.153805198663049,-4.561486939676849,1,0.0,0.0,interior
T099,L,3638,T013,40,0,mapped,-14.742678973829037,10.62232206342071,-4.594433362662199,1,0.0,0.0,interior
T099,L,3639,T013,41,0,mapped,-15.575088654019174,10.886198572761277,-4.644130865474375,1,0.0,0.0,interior
T099,L,3640,T013,42,0,mapped,-16.45095102959036,11.166843716630835,-4.642728859824876,1,0.0,0.0,interior
T099,L,3641,T013,43,0,mapped,-17.21989384877364,11.519467361126951,-4.533294029479935,1,0.0,0.0,interior
T099,L,3642,T013,44,0,mapped,-18.0848156413567,11.840337598378442,-4.4128599704200955,1,0.0,0.0,interior
T099,L,3643,T013,45,0,mapped,-19.060558763491155,12.010794694440355,-4.3884758194527365,1,0.0,0.0,interior
T099,L,3644,T013,46,0,mapped,-19.86736589003683,12.293688113580952,-4.318754165019856,1,0.0,0.0,interior
T099,L,3645,T013,47,0,mapped,-20.674211298172537,12.664224350338388,-4.303561650489209,1,0.0,0.0,interior
T099,L,3646,T013,50,0,mapped,-11.572363773855969,13.687929773665061,-12.023511622008531,1,0.0,0.0,interior
T099,L,3647,T013,51,0,mapped,-11.645129983691824,13.105876780477782,-11.161500428617444,1,0.0,0.0,interior
T099,L,3648,T013,52,0,mapped,-11.984459797822176,12.230322176412445,-10.329976395713748,1,0.0,0.0,interior
T099,L,3649,T013,53,0,mapped,-12.034019834696357,11.586841207062033,-9.18195449207707,1,0.0,0.0,interior
T099,L,3650,T013,54,0,mapped,-11.166817499038011,11.538531007430667,-8.202173307241377,1,0.0,0.0,interior
T099,L,3651,T013,55,0,mapped,-10.357673399516187,11.558654070356715,-7.3082589215736515,1,0.0,0.0,interior
T099,L,3652,T013,56,0,mapped,-9.610626309568268,11.369311745617848,-6.541300200121771,1,0.0,0.0,interior
T099,L,3653,T013,57,0,mapped,-9.238464493495993,10.962940299855354,-5.769930443872235,1,0.0,0.0,interior
T099,L,3654,T013,58,0,mapped,-9.439261433362773,10.512883323860883,-4.921432075440743,1,0.0,0.0,interior
T099,L,3655,T013,59,0,mapped,-10.249374708107789,10.231270344668841,-4.141733517319892,1,0.0,0.0,interior
T099,L,3656,T013,60,0,mapped,-11.559308898804456,10.399768002340679,-3.6722356391726567,1,0.0,0.0,interior
T099,L,3657,T013,61,0,mapped,-12.52853159331166,10.639404165023858,-3.669687031217748,1,0.0,0.0,interior
T099,L,3658,T013,62,0,mapped,-13.560900054484367,11.01857574309759,-3.9232198283609883,1,0.0,0.0,interior
T099,L,3659,T013,63,0,mapped,-14.495362364191923,11.284300864474156,-4.100843984472746,1,0.0,0.0,interior
T099,L,3660,T013,64,0,mapped,-15.402985666589412,11.585485065698153,-4.204188744624409,1,0.0,0.0,interior
T099,L,3661,T013,65,0,mapped,-16.26494068980512,11.808466669659147,-4.200254372910049,1,0.0,0.0,interior
T099,L,3662,T013,66,0,mapped,-17.114107383037094,12.204663817274229,-4.162916158980083,1,0.0,0.0,interior
T099,L,3663,T013,67,0,mapped,-17.999024323080835,12.417252600791926,-4.081042750323187,1,0.0,0.0,interior
T099,L,3664,T013,68,0,mapped,-18.886614904431404,12.571225279755552,-3.9599150554497626,1,0.0,0.0,interior
T099,L,3665,T013,69,0,mapped,-19.801577572537898,12.875004849179113,-3.8997604928699143,1,0.0,0.0,interior
T099,L,3666,T013,70,0,mapped,-20.774785592563532,13.162056766495713,-3.9703398005350525,1,0.0,0.0,interior
T099,L,3667,T013,73,0,mapped,-11.699221411907734,14.593379295267514,-11.66751215967637,1,0.0,0.0,interior
T099,L,3668,T013,74,0,mapped,-12.105692393253207,14.045850377266323,-10.614979103176893,1,0.0,0.0,interior
T099,L,3669,T013,75,0,mapped,-12.887268200539696,13.261932206662337,-9.885243314294442,1,0.0,0.0,interior
T099,L,3670,T013,76,0,mapped,-12.33324785659173,12.90553688743376,-8.335275522018183,1,0.0,0.0,interior
T099,L,3671,T013,77,0,mapped,-11.337466161404611,12.8149776749567,-7.239645025947315,1,0.0,0.0,interior
T099,L,3672,T013,78,0,mapped,-10.295478390170361,12.696563218197223,-6.473023600957051,1,0.0,0.0,interior
T099,L,3673,T013,79,0,mapped,-9.359300745147834,12.3951817827416,-5.724677840032447,1,0.0,0.0,interior
T099,L,3674,T013,80,0,mapped,-8.881283934237377,11.803462529814933,-4.645284581346967,1,0.0,0.0,interior
T099,L,3675,T013,81,0,mapped,-9.597071293201044,11.432690936613929,-3.5736003153666367,1,0.0,0.0,interior
T099,L,3676,T013,82,0,mapped,-10.781377693050223,11.330932322853927,-3.0888964374902006,1,0.0,0.0,interior
T099,L,3677,T013,83,0,mapped,-12.207709178272008,11.56370004396375,-3.0599907937470263,1,0.0,0.0,interior
T099,L,3678,T013,84,0,mapped,-13.276120306513432,11.841348354235821,-3.409087930034703,1,0.0,0.0,interior
T099,L,3679,T013,85,0,mapped,-14.318908866898035,12.090563878352128,-3.68773042165113,1,0.0,0.0,interior
T099,L,3680,T013,86,0,mapped,-15.180999194919135,12.339653391788065,-3.8681612991973147,1,0.0,0.0,interior
T099,L,3681,T013,87,0,mapped,-16.08631020628436,12.585255886019182,-3.9877970048207185,1,0.0,0.0,interior
T099,L,3682,T013,88,0,mapped,-17.03091205375578,12.79202647925006,-4.003347514999994,1,0.0,0.0,interior
T099,L,3683,T013,89,0,mapped,-17.9889505599529,13.06285897496791,-3.8830708237563023,1,0.0,0.0,interior
T099,L,3684,T013,90,0,mapped,-18.900322697607464,13.2326706263268,-3.7727318995121237,1,0.0,0.0,interior
T099,L,3685,T013,91,0,mapped,-19.809408868399743,13.422491612069727,-3.6602840052210137,1,0.0,0.0,interior
T099,L,3686,T013,92,0,mapped,-20.705989998630365,13.697381355523278,-3.69948067644871,1,0.0,0.0,interior
T099,L,3687,T013,95,0,mapped,-12.084658780632912,15.416047913858197,-11.487046230887897,1,0.0,0.0,interior
T099,L,3688,T013,96,0,mapped,-12.753558863989626,14.943949973085102,-10.414354501795037,1,0.0,0.0,interior
T099,L,3689,T013,97,0,mapped,-12.766022081901495,14.544685195077438,-8.923317498179275,1,0.0,0.0,interior
T099,L,3690,T013,98,0,mapped,-12.149970335498194,14.270293838284607,-7.517942021957044,1,0.0,0.0,interior
T099,L,3691,T013,99,0,mapped,-11.130631411880184,14.057353724656165,-6.517108431909627,1,0.0,0.0,interior
T099,L,3692,T013,100,0,mapped,-9.880133338057231,13.826923744560933,-5.706139340237787,1,0.0,0.0,interior
T099,L,3693,T013,101,0,mapped,-8.836975989323255,13.45319660848184,-4.72630424954172,1,0.0,0.0,interior
T099,L,3694,T013,102,0,mapped,-8.765309291616706,12.917519895769296,-3.256344580488415,1,0.0,0.0,interior
T099,L,3695,T013,103,0,mapped,-10.049906700396868,12.66830947896223,-2.350026958478521,1,0.0,0.0,interior
T099,L,3696,T013,104,0,mapped,-11.743271862781421,12.7367147898503,-2.3613228027745734,1,0.0,0.0,interior
T099,L,3697,T013,105,0,mapped,-13.1666175029013,12.888342556640659,-3.0048969486644097,1,0.0,0.0,interior
T099,L,3698,T013,106,0,mapped,-14.029792908363799,12.98321127076104,-3.3721279176829153,1,0.0,0.0,interior
T099,L,3699,T013,107,0,mapped,-14.939307490461815,13.058080960802814,-3.670001544420341,1,0.0,0.0,interior
T099,L,3700,T013,108,0,mapped,-15.985710961492869,13.373753519278706,-3.8061178480203903,1,0.0,0.0,interior
T099,L,3701,T013,109,0,mapped,-16.985468587196348,13.499659681333291,-3.8642308328562436,1,0.0,0.0,interior
T099,L,3702,T013,110,0,mapped,-17.971570242906182,13.721240972179032,-3.72355112434124,1,0.0,0.0,interior
T099,L,3703,T013,111,0,mapped,-18.86187987560859,13.808502786331267,-3.595132789526847,1,0.0,0.0,interior
T099,L,3704,T013,112,0,mapped,-19.720425077397323,14.029581548561833,-3.514453052370639,1,0.0,0.0,interior
T099,L,3705,T013,113,0,mapped,-20.659799086311523,14.22769856181306,-3.5482408275457473,1,0.0,0.0,interior
T099,L,3706,T013,116,0,mapped,-12.242727605300848,16.274121588236934,-10.964836164962055,1,0.0,0.0,interior
T099,L,3707,T013,117,0,mapped,-12.591248891914125,16.02567964254472,-9.717386052239018,1,0.0,0.0,interior
T099,L,3708,T013,118,0,mapped,-12.430040156000752,15.732276905853496,-8.242692422775152,1,0.0,0.0,interior
T099,L,3709,T013,119,0,mapped,-11.821629308595572,15.472138241428155,-6.950784073630945,1,0.0,0.0,interior
T099,L,3710,T013,120,0,mapped,-10.75429276772594,15.301421067276168,-5.932216557959952,1,0.0,0.0,interior
T099,L,3711,T013,121,0,mapped,-9.302701227323691,15.169601414744601,-5.0970096097103745,1,0.0,0.0,interior
T099,L,3712,T013,122,0,mapped,-7.9786042719910855,14.75058320401553,-3.689366312211284,1,0.0,0.0,interior
T099,L,3713,T013,123,0,mapped,-8.97256559293885,14.364727126399242,-1.511837856717836,1,0.0,0.0,interior
T099,L,3714,T013,124,0,mapped,-11.39004339181713,14.169580461104966,-1.5503441031075447,1,0.0,0.0,interior
T099,L,3715,T013,125,0,mapped,-12.711248026808446,14.215952783266639,-2.3711789588780476,1,0.0,0.0,interior
T099,L,3716,T013,126,0,mapped,-13.87796550233497,14.143429801332456,-3.2359064110014053,1,0.0,0.0,interior
T099,L,3717,T013,127,0,mapped,-14.897755948029737,14.189321886713085,-3.607772619183004,1,0.0,0.0,interior
T099,L,3718,T013,128,0,mapped,-16.0185255824641,14.061992783410044,-3.784118048844105,1,0.0,0.0,interior
T099,L,3719,T013,129,0,mapped,-16.905640885424518,14.178104575654569,-3.8185287596388413,1,0.0,0.0,interior
T099,L,3720,T013,130,0,mapped,-17.923164154500384,14.307223354595195,-3.640431644789624,1,0.0,0.0,interior
T099,L,3721,T013,131,0,mapped,-18.802114707232462,14.317554116115513,-3.480754871256165,1,0.0,0.0,interior
T099,L,3722,T013,132,0,mapped,-19.779839159436015,14.619555120330425,-3.396378589292288,1,0.0,0.0,interior
T099,L,3723,T013,133,0,mapped,-20.64736195004332,14.784522666866554,-3.389400997863069,1,0.0,0.0,interior
T099,L,3724,T013,136,0,mapped,-12.066689362550715,17.213101767574038,-10.444805971421172,1,0.0,0.0,interior
T099,L,3725,T013,137,0,mapped,-12.188318179933912,16.97806723802968,-9.142744325736787,1,0.0,0.0,interior
T099,L,3726,T013,138,0,mapped,-11.926447610919427,16.743960219535417,-7.7743402940417825,1,0.0,0.0,interior
T099,L,3727,T013,139,0,mapped,-11.310306615807834,16.65067280600537,-6.511033119493643,1,0.0,0.0,interior
T099,L,3728,T013,140,0,mapped,-10.278226614429208,16.768698594964945,-5.515096402186376,1,0.0,0.0,interior
T099,L,3729,T013,141,0,mapped,-8.706417017645524,17.101348286565,-4.705789097583816,1,0.0,0.0,interior
T099,L,3730,T013,142,0,mapped,-6.798474090585734,17.68622606654944,-1.2185877197455355,1,0.0,0.0,interior
T099,L,3731,T013,143,0,mapped,-11.322681477141243,16.261649421949777,-0.4302740428158547,1,0.0,0.0,interior
T099,L,3732,T013,144,0,mapped,-12.717887501211239,15.549206064698623,-2.131759161657911,1,0.0,0.0,interior
T099,L,3733,T013,145,0,mapped,-13.655412758658619,15.153054830880762,-3.2013013968135358,1,0.0,0.0,interior
T099,L,3734,T013,146,0,mapped,-14.708402125104548,15.088522447060695,-3.670653869510895,1,0.0,0.0,interior
T099,L,3735,T013,147,0,mapped,-15.753780657294067,14.982058917293083,-3.8521507748892194,1,0.0,0.0,interior
T099,L,3736,T013,148,0,mapped,-16.714677621726363,14.810391376175044,-3.830317477849471,1,0.0,0.0,interior
T099,L,3737,T013,149,0,mapped,-17.8121154707344,14.962457895528887,-3.6770905004144154,1,0.0,0.0,interior
T099,L,3738,T013,150,0,mapped,-18.749174904681887,14.966628352077144,-3.423683097852374,1,0.0,0.0,interior
T099,L,3739,T013,151,0,mapped,-19.869246932852835,15.190030281352012,-3.3439137742473477,1,0.0,0.0,interior
T099,L,3740,T013,152,0,mapped,-20.797834810620326,15.245867423405498,-3.351142112392525,1,0.0,0.0,interior
T099,L,3741,T013,155,0,mapped,-11.786838259545787,17.90630627863129,-9.887948292145154,1,0.0,0.0,interior
T099,L,3742,T013,156,0,mapped,-11.672262381461632,17.78668149374803,-8.680175631609883,1,0.0,0.0,interior
T099,L,3743,T013,157,0,mapped,-11.348101078733233,17.72247800930336,-7.386593502849442,1,0.0,0.0,interior
T099,L,3744,T013,158,0,mapped,-10.79408541181119,17.86773229884769,-6.215559394746817,1,0.0,0.0,interior
T099,L,3745,T013,159,0,mapped,-10.133960117921529,18.382892108045823,-5.294223885903541,1,0.0,0.0,interior
T099,L,3746,T013,160,0,mapped,-9.369578261179242,19.452092576217225,-4.0217217821642155,1,0.0,0.0,interior
T099,L,3747,T013,161,0,mapped,-11.022785983159382,18.930212301169448,-1.8530070667246115,1,0.0,0.0,interior
T099,L,3748,T013,162,0,mapped,-12.861611719221886,17.290542821906588,-2.362209729357941,1,0.0,0.0,interior
T099,L,3749,T013,163,0,mapped,-13.52186712054749,16.370857389868434,-3.360320084995468,1,0.0,0.0,interior
T099,L,3750,T013,164,0,mapped,-14.494533563786764,15.945260341347447,-3.8553491272420803,1,0.0,0.0,interior
T099,L,3751,T013,165,0,mapped,-15.568221052834192,15.754650778856732,-3.976649896589553,1,0.0,0.0,interior
T099,L,3752,T013,166,0,mapped,-16.511604742688952,15.479178214705165,-3.8853346878506336,1,0.0,0.0,interior
T099,L,3753,T013,167,0,mapped,-17.544088882968076,15.65536805933002,-3.7273579583908703,1,0.0,0.0,interior
T099,L,3754,T013,168,0,mapped,-18.580423201755604,15.740466986708988,-3.4877300091323615,1,0.0,0.0,interior
T099,L,3755,T013,169,0,mapped,-19.840819012463864,15.848333012130677,-3.3510145383187595,1,0.0,0.0,interior
T099,L,3756,T013,170,0,mapped,-20.803012492079162,15.877188897297053,-3.2965555808061477,1,0.0,0.0,interior
T099,L,3757,T013,173,0,mapped,-11.44274800897332,18.56552743641589,-9.425983960599051,1,0.0,0.0,interior
T099,L,3758,T013,174,0,mapped,-11.209279069142346,18.56655870896968,-8.306712192440106,1,0.0,0.0,interior
T099,L,3759,T013,175,0,mapped,-10.894546578478858,18.683702877008194,-7.0899420271332545,1,0.0,0.0,interior
T099,L,3760,T013,176,0,mapped,-10.610688120100768,18.99024406537589,-6.014128256434857,1,0.0,0.0,interior
T099,L,3761,T013,177,0,mapped,-10.740075460649962,19.519163369934503,-5.165283126676703,1,0.0,0.0,interior
T099,L,3762,T013,178,0,mapped,-11.19428332163335,19.276875644344432,-4.093532381229066,1,0.0,0.0,interior
T099,L,3763,T013,179,0,mapped,-12.749686433282177,18.47735512298064,-3.443590274400467,1,0.0,0.0,interior
T099,L,3764,T013,180,0,mapped,-13.516942377121126,17.371776387081262,-3.8431968867145976,1,0.0,0.0,interior
T099,L,3765,T013,181,0,mapped,-14.462830191301165,16.73771764956884,-4.1658435913507414,1,0.0,0.0,interior
T099,L,3766,T013,182,0,mapped,-15.485364995342886,16.41397457472698,-4.202687373767988,1,0.0,0.0,interior
T099,L,3767,T013,183,0,mapped,-16.58266630298959,16.08394445070128,-4.01829619411672,1,0.0,0.0,interior
T099,L,3768,T013,184,0,mapped,-17.61217682904029,16.270542988711533,-3.807086023497053,1,0.0,0.0,interior
T099,L,3769,T013,185,0,mapped,-18.710877578787134,16.34341039859224,-3.5611289856580246,1,0.0,0.0,interior
T099,L,3770,T013,186,0,mapped,-19.705421718041585,16.47736166738986,-3.406850657498648,1,0.0,0.0,interior
T099,L,3771,T013,187,0,mapped,-20.81222913797724,16.412064101933883,-3.328048745872767,1,0.0,0.0,interior
T099,L,3772,T013,190,0,mapped,-11.146174932036278,19.24428048549776,-9.075643544184484,1,0.0,0.0,interior
T099,L,3773,T013,191,0,mapped,-10.950162320807259,19.353548689642732,-7.961922129896241,1,0.0,0.0,interior
T099,L,3774,T013,192,0,mapped,-10.852848439767833,19.60279487184461,-6.8138494582476135,1,0.0,0.0,interior
T099,L,3775,T013,193,0,mapped,-11.073223817182996,19.929308482861014,-5.794202751087358,1,0.0,0.0,interior
T099,L,3776,T013,194,0,mapped,-11.761797110996106,19.89036469936626,-4.931403867997121,1,0.0,0.0,interior
T099,L,3777,T013,195,0,mapped,-12.649673113661523,19.261705471249545,-4.48296340934597,1,0.0,0.0,interior
T099,L,3778,T013,196,0,mapped,-13.564154159703513,18.265530859844453,-4.5260392224689685,1,0.0,0.0,interior
T099,L,3779,T013,197,0,mapped,-14.422334417589846,17.46539558137469,-4.594528997497983,1,0.0,0.0,interior
T099,L,3780,T013,198,0,mapped,-15.479419992407166,17.04774881056004,-4.48990048489364,1,0.0,0.0,interior
T099,L,3781,T013,199,0,mapped,-16.627339893477377,16.882296587938505,-4.234595160894379,1,0.0,0.0,interior
T099,L,3782,T013,200,0,mapped,-17.67550179444411,16.849338357694663,-3.9099812284345763,1,0.0,0.0,interior
T099,L,3783,T013,201,0,mapped,-18.650529521147444,16.933545258455396,-3.717751343655431,1,0.0,0.0,interior
T099,L,3784,T013,202,0,mapped,-19.63505550593935,16.90510125212743,-3.5424628094739443,1,0.0,0.0,interior
T099,L,3785,T013,203,0,mapped,-20.72391473976611,17.004706491126594,-3.4241364443887363,1,0.0,0.0,interior
T099,L,3786,T013,206,0,mapped,-10.997619374334173,19.971878801961314,-8.69458786038431,1,0.0,0.0,interior
T099,L,3787,T013,207,0,mapped,-10.987187150740583,20.166394638284228,-7.646274309371483,1,0.0,0.0,interior
T099,L,3788,T013,208,0,mapped,-11.274418793747571,20.42290848731527,-6.594868781164164,1,0.0,0.0,interior
T099,L,3789,T013,209,0,mapped,-11.993282712589247,20.43692435709952,-5.688815682817795,1,0.0,0.0,interior
T099,L,3790,T013,210,0,mapped,-12.759839478346548,19.84179673278477,-5.352340034049135,1,0.0,0.0,interior
T099,L,3791,T013,211,0,mapped,-13.621988306552753,19.00993331785289,-5.257952703820456,1,0.0,0.0,interior
T099,L,3792,T013,212,0,mapped,-14.445473718734675,18.324021792242633,-5.114869221376541,1,0.0,0.0,interior
T099,L,3793,T013,213,0,mapped,-15.573612166142917,17.73918014249621,-4.8110945878431775,1,0.0,0.0,interior
T099,L,3794,T013,214,0,mapped,-16.536141448462825,17.498980446837148,-4.499353248948399,1,0.0,0.0,interior
T099,L,3795,T013,215,0,mapped,-17.624272850870003,17.48580820468786,-4.159642588556029,1,0.0,0.0,interior
T099,L,3796,T013,216,0,mapped,-18.584986829025226,17.445090952325597,-3.83725800100094,1,0.0,0.0,interior
T099,L,3797,T013,217,0,mapped,-19.66191354565557,17.484185050566957,-3.636018177831044,1,0.0,0.0,interior
T099,L,3798,T013,218,0,mapped,-20.809616373764776,17.437092538727534,-3.535538125566042,1,0.0,0.0,interior
T099,L,3799,T013,221,0,mapped,-11.08367347940481,20.779819070349806,-8.427151641694369,1,0.0,0.0,interior
T099,L,3800,T013,222,0,mapped,-11.400474535125976,20.96260439110574,-7.419843946809978,1,0.0,0.0,interior
T099,L,3801,T013,223,0,mapped,-12.191330661820999,20.97114966231901,-6.632619077645696,1,0.0,0.0,interior
T099,L,3802,T013,224,0,mapped,-12.953911552796045,20.400560150511126,-6.113750096592648,1,0.0,0.0,interior
T099,L,3803,T013,225,0,mapped,-13.64794675027435,19.63257696720907,-5.81326136476113,1,0.0,0.0,interior
T099,L,3804,T013,226,0,mapped,-14.484317173684738,18.94343414028576,-5.534498676257398,1,0.0,0.0,interior
T099,L,3805,T013,227,0,mapped,-15.613924265920465,18.503862999577752,-5.207554368323867,1,0.0,0.0,interior
T099,L,3806,T013,228,0,mapped,-16.557244520141882,18.27135807069757,-4.7956018221317045,1,0.0,0.0,interior
T099,L,3807,T013,229,0,mapped,-17.593140623523517,18.100994373837814,-4.34450566936361,1,0.0,0.0,interior
T099,L,3808,T013,230,0,mapped,-18.741851838536803,18.047616130787983,-3.9921123302958783,1,0.0,0.0,interior
T099,L,3809,T013,231,0,mapped,-19.658532945680168,18.039958830361204,-3.7805816245379003,1,0.0,0.0,interior
T099,L,3810,T013,232,0,mapped,-20.758087377269206,17.84946692316062,-3.6727180181287906,1,0.0,0.0,interior
T099,L,3811,T013,235,0,mapped,-11.629526911576221,21.445724320091887,-8.29312815272785,1,0.0,0.0,interior
T099,L,3812,T013,236,0,mapped,-12.291586773680665,21.245130904489855,-7.3236165948518295,1,0.0,0.0,interior
T099,L,3813,T013,237,0,mapped,-13.050951296803923,20.878417907676273,-6.71384609372506,1,0.0,0.0,interior
T099,L,3814,T013,238,0,mapped,-13.731287549054262,20.237624271561913,-6.269102402399133,1,0.0,0.0,interior
T099,L,3815,T013,239,0,mapped,-14.666040268292786,19.68153471496404,-6.02189718350091,1,0.0,0.0,interior
T099,L,3816,T013,240,0,mapped,-15.583905039759458,19.158764961104236,-5.548117796431342,1,0.0,0.0,interior
T099,L,3817,T013,241,0,mapped,-16.585277083458873,18.957360368820037,-5.0479044373703825,1,0.0,0.0,interior
T099,L,3818,T013,242,0,mapped,-17.606462810043183,18.725734057595837,-4.6049376668373405,1,0.0,0.0,interior
T099,L,3819,T013,243,0,mapped,-18.60429016286691,18.565701363767726,-4.257414909766021,1,0.0,0.0,interior
T099,L,3820,T013,244,0,mapped,-19.649418631855987,18.555537150032464,-4.003813413072857,1,0.0,0.0,interior
T099,L,3821,T013,245,0,mapped,-20.756457305383055,18.32933070599786,-3.85248649490223,1,0.0,0.0,interior
T099,L,3822,T013,248,0,mapped,-12.498278890209056,21.68229523943981,-7.984394342300612,1,0.0,0.0,interior
T099,L,3823,T013,249,0,mapped,-13.170404239574623,21.3221971291681,-7.253327604635244,1,0.0,0.0,interior
T099,L,3824,T013,250,0,mapped,-13.952981463609833,20.855796235531525,-6.779083687891696,1,0.0,0.0,interior
T099,L,3825,T013,251,0,mapped,-14.745025295423746,20.3540242435837,-6.432819759204943,1,0.0,0.0,interior
T099,L,3826,T013,252,0,mapped,-15.666974218703626,19.873653930781135,-5.884861238178056,1,0.0,0.0,interior
T099,L,3827,T013,253,0,mapped,-16.59737324930713,19.566113991753397,-5.361579983150321,1,0.0,0.0,interior
T099,L,3828,T013,254,0,mapped,-17.54163390024161,19.331253574696014,-4.894569400284286,1,0.0,0.0,interior
T099,L,3829,T013,255,0,mapped,-18.614580343210463,19.123428041610666,-4.528031389487614,1,0.0,0.0,interior
T099,L,3830,T013,256,0,mapped,-19.607239778158657,19.02301996456339,-4.238520635931815,1,0.0,0.0,interior
T099,L,3831,T013,257,0,mapped,-20.746235449499906,18.778061908675575,-4.066494003538683,1,0.0,0.0,interior
T099,L,3832,T013,260,0,mapped,-13.164925987588688,21.897708408326082,-7.885249566483151,1,0.0,0.0,interior
T099,L,3833,T013,261,0,mapped,-13.987619291291878,21.479896383072763,-7.2147987029836536,1,0.0,0.0,interior
T099,L,3834,T013,262,0,mapped,-14.830769632080997,21.081290907645517,-6.799558364215866,1,0.0,0.0,interior
T099,L,3835,T013,263,0,mapped,-15.687826144871153,20.501569010099267,-6.261181735271082,1,0.0,0.0,interior
T099,L,3836,T013,264,0,mapped,-16.603112217624926,20.16358334136541,-5.699169880127524,1,0.0,0.0,interior
T099,L,3837,T013,265,0,mapped,-17.588359613006446,19.941407916343586,-5.217721977842851,1,0.0,0.0,interior
T099,L,3838,T013,266,0,mapped,-18.58906548301405,19.665963505568257,-4.803332204425047,1,0.0,0.0,interior
T099,L,3839,T013,267,0,mapped,-19.59449446686245,19.428693148427566,-4.501895460729175,1,0.0,0.0,interior
T099,L,3840,T013,268,0,mapped,-20.705241037114266,19.24981755064819,-4.331555514851878,1,0.0,0.0,interior
T099,L,3841,T013,271,0,mapped,-13.982378065327971,22.154675666634596,-7.716325611085424,1,0.0,0.0,interior
T099,L,3842,T013,272,0,mapped,-14.743623163826813,21.56917571330606,-7.193598833651402,1,0.0,0.0,interior
T099,L,3843,T013,273,0,mapped,-15.713703727799217,21.197089991561178,-6.678088460486666,1,0.0,0.0,interior
T099,L,3844,T013,274,0,mapped,-16.47198937555458,20.721633670208856,-6.167949292469332,1,0.0,0.0,interior
T099,L,3845,T013,275,0,mapped,-17.438216721143416,20.43022764220657,-5.696569734835821,1,0.0,0.0,interior
T099,L,3846,T013,276,0,mapped,-18.4195465174717,20.149403273496617,-5.190683583748596,1,0.0,0.0,interior
T099,L,3847,T013,277,0,mapped,-19.442149083311335,19.757965342068058,-4.800646754053091,1,0.0,0.0,interior
T099,L,3848,T013,278,0,mapped,-20.636402882296245,19.49833519821436,-4.521212300905118,1,0.0,0.0,interior
T099,L,3849,T013,281,0,mapped,-14.776590399730193,22.093539659135892,-7.500032015246383,1,0.0,0.0,interior
T099,L,3850,T013,282,0,mapped,-15.540430074386647,21.581743566799947,-7.01800036363292,1,0.0,0.0,interior
T099,L,3851,T013,283,0,mapped,-16.480838808270676,21.132228760200327,-6.553445720340251,1,0.0,0.0,interior
T099,L,3852,T013,284,0,mapped,-17.368512941441644,20.862134464676586,-6.031498684716347,1,0.0,0.0,interior
T099,L,3853,T013,285,0,mapped,-18.30192227884802,20.609149957700534,-5.599335057281037,1,0.0,0.0,interior
T099,L,3854,T013,286,0,mapped,-19.43852855479228,20.316689803548595,-5.346029341069109,1,0.0,0.0,interior
T099,L,3855,T013,287,0,mapped,-20.634423218494145,20.032716670085783,-4.975559383624134,1,0.0,0.0,interior
T099,L,3856,T013,290,0,mapped,-15.461376298660339,22.02997564105699,-7.429245477607289,1,0.0,0.0,interior
T099,L,3857,T013,291,0,mapped,-16.449140120564895,21.486473340148066,-6.922321729089978,1,0.0,0.0,interior
T099,L,3858,T013,292,0,mapped,-17.342816151361596,21.21240177242671,-6.461411093266479,1,0.0,0.0,interior
T099,L,3859,T013,293,0,mapped,-18.176124945016603,20.925958698264292,-5.947641490508795,1,0.0,0.0,interior
T099,L,3860,T013,294,0,mapped,-19.35279423749879,20.674939238408783,-5.662991820626914,1,0.0,0.0,interior
T099,L,3861,T013,295,0,mapped,-20.62387230695237,20.31104751953433,-5.238383723645855,1,0.0,0.0,interior
T099,L,3862,T013,298,0,mapped,-16.393744689276012,21.78497398860707,-7.347939366535536,1,0.0,0.0,interior
T099,L,3863,T013,299,0,mapped,-17.300594099215218,21.54940906756526,-6.891665654772593,1,0.0,0.0,interior
T099,L,3864,T013,300,0,mapped,-18.299095515247323,21.236113267323358,-6.39399735269169,1,0.0,0.0,interior
T099,L,3865,T013,301,0,mapped,-19.229484210516326,20.98071654801184,-5.963748510867015,1,0.0,0.0,interior
T099,L,3866,T013,302,0,mapped,-20.446132914780762,20.644431084089405,-5.625476322868083,1,0.0,0.0,interior
T099,L,3867,T013,305,0,mapped,-17.233365030401096,21.790036512583544,-7.38827895116863,1,0.0,0.0,interior
T099,L,3868,T013,306,0,mapped,-18.21749952834714,21.529560457195885,-6.759880146776643,1,0.0,0.0,interior
T099,L,3869,T013,307,0,mapped,-19.03493109383459,21.21601962279477,-6.32452054348755,1,0.0,0.0,interior
T099,L,3870,T013,308,0,mapped,-20.33122651845141,20.973082995781645,-6.059572408685147,1,0.0,0.0,interior
T099,L,3871,T013,311,0,mapped,-18.08151857891329,21.740677941833237,-7.235833343663632,1,0.0,0.0,interior
T099,L,3872,T013,312,0,mapped,-19.068095306448328,21.475920171625777,-6.712174846435108,1,0.0,0.0,interior
T099,L,3873,T013,313,0,mapped,-20.139167413953395,21.223851712881398,-6.380372099474435,1,0.0,0.0,interior
T099,L,3874,T013,316,0,mapped,-19.030476606817345,21.70831131979703,-7.31720340086841,1,0.0,0.0,interior
T099,L,3875,T013,317,0,mapped,-19.96678434333142,21.45887469252716,-6.786408406978948,1,0.0,0.0,interior
T099,L,3876,T013,320,0,mapped,-19.823209180500616,21.6122252310668,-7.109513195838968,1,0.0,0.0,interior
T099,L,3877,T014,1,0,mapped,-17.38303355924162,12.40831742269348,-14.7734637313171,1,0.0,0.0,interior
T099,L,3878,T014,2,0,mapped,-16.717149378597608,11.313119208999561,-14.589548838456475,1,0.0,0.0,interior
T099,L,3879,T014,3,0,mapped,-16.03334496151293,10.257222281002955,-14.203074192477013,1,0.0,0.0,interior
T099,L,3880,T014,4,0,mapped,-15.258262363820842,9.520004850400897,-13.56279593745891,1,0.0,0.0,interior
T099,L,3881,T014,5,0,mapped,-14.705195174937082,8.550412183362571,-13.028802629612768,1,0.0,0.0,interior
T099,L,3882,T014,6,0,mapped,-14.435533316982328,7.412090690503977,-12.488072057092468,1,0.0,0.0,interior
T099,L,3883,T014,7,0,mapped,-14.191415881186778,6.532709489096121,-11.553898615434136,1,0.0,0.0,interior
T099,L,3884,T014,8,0,mapped,-13.968923016354438,5.658796687281328,-10.590562596014301,1,0.0,0.0,interior
T099,L,3885,T014,9,0,mapped,-13.744569176744484,4.5890267893505445,-9.871464396319173,1,0.0,0.0,interior
T099,L,3886,T014,10,0,mapped,-13.543273875948344,3.3601315622009302,-9.455592750513212,1,0.0,0.0,interior
T099,L,3887,T014,11,0,mapped,-13.320474212737114,2.124574683534533,-9.032925112153867,1,0.0,0.0,interior
T099,L,3888,T014,12,0,mapped,-13.045438751950291,0.891940619620943,-8.798616312832149,1,0.0,0.0,interior
T099,L,3889,T014,13,0,mapped,-12.354543144611021,-0.045263408549757855,-8.333920839066101,1,0.0,0.0,interior
T099,L,3890,T014,14,0,mapped,-11.61606976906836,-1.0519608978446122,-7.964584361074776,1,0.0,0.0,interior
T099,L,3891,T014,15,0,mapped,-11.022317605043533,-2.1767014546462775,-7.824268227557033,1,0.0,0.0,interior
T099,L,3892,T014,16,0,mapped,-10.443381807955113,-3.3161336884779224,-7.683047051180895,1,0.0,0.0,interior
T099,L,3893,T014,17,0,mapped,-9.928470319150035,-4.5155088617079215,-7.629111224927698,1,0.0,0.0,interior
T099,L,3894,T014,18,0,mapped,-9.589871228529994,-5.7617188628012705,-7.516122048292337,1,0.0,0.0,interior
T099,L,3895,T014,19,0,mapped,-9.381286075838577,-7.018024652482264,-7.252692104942934,1,0.0,0.0,interior
T099,L,3896,T014,20,0,mapped,-9.209629609331687,-8.122819073858373,-6.567900562226802,1,0.0,0.0,interior
T099,L,3897,T014,21,0,mapped,-9.342403311286388,-9.140164246569306,-5.823965935779929,1,0.0,0.0,interior
T099,L,3898,T014,22,0,mapped,-9.593982410923509,-9.878399485361228,-4.849749512888614,1,0.0,0.0,interior
T099,L,3899,T014,23,2,smooth_near_vertex,-9.933255824288324,-10.233232995245181,-3.9859119136528456,1,0.0,0.0,interior
T099,L,3900,T014,24,-1,landmark_vertex,-10.572048417044599,-10.76889439658666,-2.854154618871421,1,0.0,0.0,landmark
T099,L,3901,T014,25,0,mapped,-17.745500045662745,13.27083906020564,-14.542220264609307,2,8.881784197001252e-16,4.440892098500626e-16,shared_edge
T099,L,3902,T014,26,0,mapped,-16.986670730032944,12.174489080569286,-14.473684496914938,1,0.0,0.0,interior
T099,L,3903,T014,27,0,mapped,-16.336130837976732,11.011583374207396,-14.275266957488267,1,0.0,0.0,interior
T099,L,3904,T014,28,0,mapped,-15.64715816066947,10.113752642681114,-13.907453254116433,1,0.0,0.0,interior
T099,L,3905,T014,29,0,mapped,-14.923727222633516,9.343193512443031,-13.170423124624296,1,0.0,0.0,interior
T099,L,3906,T014,30,0,mapped,-14.46258765090403,8.192203409432228,-12.760068973962742,1,0.0,0.0,interior
T099,L,3907,T014,31,0,mapped,-14.207914592639233,7.108241350061556,-12.04189538104408,1,0.0,0.0,interior
T099,L,3908,T014,32,0,mapped,-14.003202616917925,6.300642523183814,-11.094507460323706,1,0.0,0.0,interior
T099,L,3909,T014,33,0,mapped,-13.825386517067919,5.354593310438371,-10.279939247320868,1,0.0,0.0,interior
T099,L,3910,T014,34,0,mapped,-13.549080829598205,4.302110969767771,-9.644927624766815,1,0.0,0.0,interior
T099,L,3911,T014,35,0,mapped,-13.382825715793244,3.0703957295873394,-9.236247816686209,1,0.0,0.0,interior
T099,L,3912,T014,36,0,mapped,-13.130668373405209,1.881230597545354,-8.807077231124724,1,0.0,0.0,interior
T099,L,3913,T014,37,0,mapped,-12.639109843488324,0.7492325081993059,-8.41666061429752,1,0.0,0.0,interior
T099,L,3914,T014,38,0,mapped,-11.964815538726414,-0.32123590578082073,-8.018932479114907,1,0.0,0.0,interior
T099,L,3915,T014,39,0,mapped,-11.311427644507873,-1.3803899286777543,-7.765711043053268,1,0.0,0.0,interior
T099,L,3916,T014,40,0,mapped,-10.694031205604833,-2.450569974037471,-7.563417347523237,1,0.0,0.0,interior
T099,L,3917,T014,41,0,mapped,-10.166060147535458,-3.6371724983940865,-7.4695116652386275,1,0.0,0.0,interior
T099,L,3918,T014,42,0,mapped,-9.627692789930332,-4.864042850478249,-7.32273799989634,1,0.0,0.0,interior
T099,L,3919,T014,43,0,mapped,-9.359546850459846,-6.091334079375546,-7.22724562350419,1,0.0,0.0,interior
T099,L,3920,T014,44,0,mapped,-9.097586824733176,-7.198468899940536,-6.771461384966505,1,0.0,0.0,interior
T099,L,3921,T014,45,0,mapped,-9.036259662400557,-8.343210539946174,-6.059166568689012,1,0.0,0.0,interior
T099,L,3922,T014,46,0,mapped,-9.243882198977087,-9.291370819853334,-5.300264701079948,1,0.0,0.0,interior
T099,L,3923,T014,47,0,mapped,-9.661528228508153,-10.066535646422757,-4.365549450460019,1,0.0,0.0,interior
T099,L,3924,T014,48,2,smooth_near_vertex,-9.905464240677041,-10.21910245261008,-3.8741940723913295,1,0.0,0.0,interior
T099,L,3925,T014,49,0,mapped,-17.38740562822147,13.090126786477207,-14.281232101077267,2,0.0,0.0,shared_edge
T099,L,3926,T014,50,0,mapped,-16.67744818763248,12.014533197404456,-14.192124506865508,1,0.0,0.0,interior
T099,L,3927,T014,51,0,mapped,-15.954483927479743,10.889445114978612,-13.917433498144206,1,0.0,0.0,interior
T099,L,3928,T014,52,0,mapped,-15.271418750524248,9.93671981822933,-13.493061655708452,1,0.0,0.0,interior
T099,L,3929,T014,53,0,mapped,-14.658657666995932,8.985596511631348,-12.911034025710617,1,0.0,0.0,interior
T099,L,3930,T014,54,0,mapped,-14.265185060858478,7.9164996037122375,-12.383977118984767,1,0.0,0.0,interior
T099,L,3931,T014,55,0,mapped,-14.032564792559354,6.868670128524368,-11.576207507449807,1,0.0,0.0,interior
T099,L,3932,T014,56,0,mapped,-13.855620982567645,5.988200759605487,-10.671492814450177,1,0.0,0.0,interior
T099,L,3933,T014,57,0,mapped,-13.626665435805483,5.029345958789062,-9.932104825653306,1,0.0,0.0,interior
T099,L,3934,T014,58,0,mapped,-13.342512562286654,3.9617984838772067,-9.388312396482299,1,0.0,0.0,interior
T099,L,3935,T014,59,0,mapped,-13.194573146078065,2.7786508383882413,-8.985869175260088,1,0.0,0.0,interior
T099,L,3936,T014,60,0,mapped,-12.917271077864351,1.634312288656126,-8.561736175303377,1,0.0,0.0,interior
T099,L,3937,T014,61,0,mapped,-12.284372767169002,0.49560861749541374,-8.109171971676343,1,0.0,0.0,interior
T099,L,3938,T014,62,0,mapped,-11.664988626804963,-0.5540717182830619,-7.769479692122247,1,0.0,0.0,interior
T099,L,3939,T014,63,0,mapped,-11.009242389246566,-1.6533514304825054,-7.539283460205151,1,0.0,0.0,interior
T099,L,3940,T014,64,0,mapped,-10.397456442526849,-2.743622035482563,-7.289268273005582,1,0.0,0.0,interior
T099,L,3941,T014,65,0,mapped,-9.891566363802916,-3.919098760924605,-7.22466785020185,1,0.0,0.0,interior
T099,L,3942,T014,66,0,mapped,-9.46204172228405,-5.151164730307613,-7.124811368221938,1,0.0,0.0,interior
T099,L,3943,T014,67,0,mapped,-9.173780299092819,-6.383730927989571,-6.950424553995132,1,0.0,0.0,interior
T099,L,3944,T014,68,0,mapped,-8.894595844366204,-7.456664256851479,-6.27536874512843,1,0.0,0.0,interior
T099,L,3945,T014,69,0,mapped,-8.944513748595803,-8.579397646328456,-5.5670947463621925,1,0.0,0.0,interior
T099,L,3946,T014,70,0,mapped,-9.106414190678873,-9.376010580765602,-4.640109093808546,1,0.0,0.0,interior
T099,L,3947,T014,71,2,smooth_near_vertex,-9.455024492867093,-9.807746772185702,-4.29116030658103,1,0.0,0.0,interior
T099,L,3948,T014,72,0,mapped,-17.021178388522383,12.960376636709599,-13.884605671550826,2,0.0,0.0,shared_edge
T099,L,3949,T014,73,0,mapped,-16.326418816940986,11.735542087311268,-13.901264744665058,1,0.0,0.0,interior
T099,L,3950,T014,74,0,mapped,-15.575212189834964,10.578175584025386,-13.616154744997907,1,0.0,0.0,interior
T099,L,3951,T014,75,0,mapped,-14.935427420136971,9.66042761557958,-13.044821777017628,1,0.0,0.0,interior
T099,L,3952,T014,76,0,mapped,-14.44060986729887,8.67960583619173,-12.630551962292783,1,0.0,0.0,interior
T099,L,3953,T014,77,0,mapped,-14.056071535514278,7.569925411207848,-11.906276980677074,1,0.0,0.0,interior
T099,L,3954,T014,78,0,mapped,-13.871570679603218,6.603581935393773,-11.09388788840086,1,0.0,0.0,interior
T099,L,3955,T014,79,0,mapped,-13.657525307963207,5.677738688383922,-10.28282418488656,1,0.0,0.0,interior
T099,L,3956,T014,80,0,mapped,-13.415214035003531,4.720109206260531,-9.614883121685015,1,0.0,0.0,interior
T099,L,3957,T014,81,0,mapped,-13.223066628312596,3.6653043100311145,-9.170388552978544,1,0.0,0.0,interior
T099,L,3958,T014,82,0,mapped,-12.948122246922601,2.539358725118241,-8.649034842763635,1,0.0,0.0,interior
T099,L,3959,T014,83,0,mapped,-12.715709450980508,1.3774142722603315,-8.354803210501672,1,0.0,0.0,interior
T099,L,3960,T014,84,0,mapped,-12.010468940262673,0.20251129393605183,-7.894528228506512,1,0.0,0.0,interior
T099,L,3961,T014,85,0,mapped,-11.325921266505244,-0.8710498804753435,-7.536984301344226,1,0.0,0.0,interior
T099,L,3962,T014,86,0,mapped,-10.68286070366665,-1.9034283717795368,-7.270732542571313,1,0.0,0.0,interior
T099,L,3963,T014,87,0,mapped,-10.082086552440213,-3.0389104596615795,-7.034902894281151,1,0.0,0.0,interior
T099,L,3964,T014,88,0,mapped,-9.57645600346279,-4.261768153989969,-6.955562858168376,1,0.0,0.0,interior
T099,L,3965,T014,89,0,mapped,-9.237598480905136,-5.461918115661025,-6.864583163600592,1,0.0,0.0,interior
T099,L,3966,T014,90,0,mapped,-8.924908885751865,-6.57283879918355,-6.492548386366003,1,0.0,0.0,interior
T099,L,3967,T014,91,0,mapped,-8.788529180563035,-7.75590622954406,-5.82783429293327,1,0.0,0.0,interior
T099,L,3968,T014,92,0,mapped,-8.82393303958877,-8.713280554094588,-5.036616357409301,1,0.0,0.0,interior
T099,L,3969,T014,93,0,mapped,-9.1466913116043,-9.56933840894439,-4.284788609664224,1,0.0,0.0,interior
T099,L,3970,T014,94,0,mapped,-16.70248799907587,12.691471638668153,-13.638877857647877,2,0.0,0.0,shared_edge
T099,L,3971,T014,95,0,mapped,-15.932338165454075,11.438471274013647,-13.519241521801419,1,0.0,0.0,interior
T099,L,3972,T014,96,0,mapped,-15.26040970237688,10.362386302527788,-13.234421686032977,1,0.0,0.0,interior
T099,L,3973,T014,97,0,mapped,-14.651671232209527,9.380815212461313,-12.68978474494938,1,0.0,0.0,interior
T099,L,3974,T014,98,0,mapped,-14.261664803208474,8.275297719827936,-12.354409687370792,1,0.0,0.0,interior
T099,L,3975,T014,99,0,mapped,-13.915414557963237,7.307549648637179,-11.547324487962932,1,0.0,0.0,interior
T099,L,3976,T014,100,0,mapped,-13.700577459251159,6.33674018011757,-10.669377870887551,1,0.0,0.0,interior
T099,L,3977,T014,101,0,mapped,-13.465181557136766,5.405832806678305,-9.951617622222889,1,0.0,0.0,interior
T099,L,3978,T014,102,0,mapped,-13.19339918792619,4.452350150979381,-9.35466755696424,1,0.0,0.0,interior
T099,L,3979,T014,103,0,mapped,-12.981826618462883,3.3730564914327807,-8.829681291190642,1,0.0,0.0,interior
T099,L,3980,T014,104,0,mapped,-12.830586475423537,2.2197412111224786,-8.490782469539974,1,0.0,0.0,interior
T099,L,3981,T014,105,0,mapped,-12.334008906839486,1.0647399180572528,-8.067953672004055,1,0.0,0.0,interior
T099,L,3982,T014,106,0,mapped,-11.618401832834143,-0.08799445681544071,-7.534666110563724,1,0.0,0.0,interior
T099,L,3983,T014,107,0,mapped,-10.96414180854067,-1.10337312519977,-7.256096563958305,1,0.0,0.0,interior
T099,L,3984,T014,108,0,mapped,-10.394641433423729,-2.2437124152769243,-7.0680976123856905,1,0.0,0.0,interior
T099,L,3985,T014,109,0,mapped,-9.882297807032362,-3.346439272182092,-6.910317994890878,1,0.0,0.0,interior
T099,L,3986,T014,110,0,mapped,-9.364115689111133,-4.572186541597063,-6.760994298002936,1,0.0,0.0,interior
T099,L,3987,T014,111,0,mapped,-9.009599480825182,-5.694900611944448,-6.532102356086941,1,0.0,0.0,interior
T099,L,3988,T014,112,0,mapped,-8.749848581727562,-6.761255392275213,-5.972776566499398,1,0.0,0.0,interior
T099,L,3989,T014,113,0,mapped,-8.693197462968453,-8.011825965652925,-5.3793287657411835,1,0.0,0.0,interior
T099,L,3990,T014,114,0,mapped,-8.730011428041138,-8.861429006796012,-4.5352390143028884,1,0.0,0.0,interior
T099,L,3991,T014,115,0,mapped,-16.380187798832566,12.37530501552928,-13.364080272044097,2,0.0,0.0,shared_edge
T099,L,3992,T014,116,0,mapped,-15.631349955696626,11.186758994300389,-13.211076605445898,1,0.0,0.0,interior
T099,L,3993,T014,117,0,mapped,-15.014022400334705,10.145289215202341,-12.823768526672222,1,0.0,0.0,interior
T099,L,3994,T014,118,0,mapped,-14.446416360277302,9.095903500685239,-12.39619470249035,1,0.0,0.0,interior
T099,L,3995,T014,119,0,mapped,-14.048668877879702,7.920355132131284,-11.863248376159344,1,0.0,0.0,interior
T099,L,3996,T014,120,0,mapped,-13.743468046733808,7.002900641173207,-11.09705549926012,1,0.0,0.0,interior
T099,L,3997,T014,121,0,mapped,-13.525269108540323,6.0254076036334006,-10.278460719665233,1,0.0,0.0,interior
T099,L,3998,T014,122,0,mapped,-13.27537330685623,5.143414204092593,-9.667346133793092,1,0.0,0.0,interior
T099,L,3999,T014,123,0,mapped,-13.01449835370412,4.2093528499555255,-9.080976908134637,1,0.0,0.0,interior
T099,L,4000,T014,124,0,mapped,-12.771522332134019,3.0860654562349445,-8.525977253880075,1,0.0,0.0,interior
T099,L,4001,T014,125,0,mapped,-12.440947132015703,2.0603188901595217,-8.109614977156086,1,0.0,0.0,interior
T099,L,4002,T014,126,0,mapped,-12.020837162503264,0.8243090285830128,-7.7226025535926945,1,0.0,0.0,interior
T099,L,4003,T014,127,0,mapped,-11.259549990934188,-0.33595377776682867,-7.247305153634299,1,0.0,0.0,interior
T099,L,4004,T014,128,0,mapped,-10.6413962773638,-1.4179601361553544,-7.021737606053147,1,0.0,0.0,interior
T099,L,4005,T014,129,0,mapped,-10.095871771103447,-2.5022408837952312,-6.823988263288914,1,0.0,0.0,interior
T099,L,4006,T014,130,0,mapped,-9.527215397532004,-3.6751504816543417,-6.6157570072371605,1,0.0,0.0,interior
T099,L,4007,T014,131,0,mapped,-9.133516990696688,-4.822712200754264,-6.389128296208153,1,0.0,0.0,interior
T099,L,4008,T014,132,0,mapped,-8.830951567786366,-5.959867586159177,-6.179611320270828,1,0.0,0.0,interior
T099,L,4009,T014,133,0,mapped,-8.59343532295335,-7.120881959917174,-5.44618355515996,1,0.0,0.0,interior
T099,L,4010,T014,134,0,mapped,-8.590110765991872,-8.14170669217058,-4.99778355334047,1,0.0,0.0,interior
T099,L,4011,T014,135,0,mapped,-16.09401931761978,12.086645363588323,-12.988685091219537,2,1.790180836524724e-15,8.95090418262362e-16,shared_edge
T099,L,4012,T014,136,0,mapped,-15.368628848051333,10.886686999605963,-12.902717515374775,1,0.0,0.0,interior
T099,L,4013,T014,137,0,mapped,-14.771970201279137,9.790017652721788,-12.493941059359349,1,0.0,0.0,interior
T099,L,4014,T014,138,0,mapped,-14.239429309464533,8.727791748572244,-12.044236055431902,1,0.0,0.0,interior
T099,L,4015,T014,139,0,mapped,-13.882129867610939,7.713522640924218,-11.511098360741421,1,0.0,0.0,interior
T099,L,4016,T014,140,0,mapped,-13.577899001385683,6.65824153741546,-10.614103931477349,1,0.0,0.0,interior
T099,L,4017,T014,141,0,mapped,-13.312326388038205,5.814785033195353,-9.93683389252556,1,0.0,0.0,interior
T099,L,4018,T014,142,0,mapped,-13.03492426333831,4.897892664375139,-9.335051977401676,1,0.0,0.0,interior
T099,L,4019,T014,143,0,mapped,-12.852513529534752,3.935211246719799,-8.845381826845893,1,0.0,0.0,interior
T099,L,4020,T014,144,0,mapped,-12.57534461846661,2.8509325360521593,-8.294165976717267,1,0.0,0.0,interior
T099,L,4021,T014,145,0,mapped,-12.18542266674666,1.7357057564383638,-7.792581010750731,1,0.0,0.0,interior
T099,L,4022,T014,146,0,mapped,-11.673109360684657,0.4841887290564877,-7.45050073277704,1,0.0,0.0,interior
T099,L,4023,T014,147,0,mapped,-10.95888117196205,-0.6125515038873957,-7.008914843423996,1,0.0,0.0,interior
T099,L,4024,T014,148,0,mapped,-10.367850470607532,-1.7190740291747773,-6.808447817127822,1,0.0,0.0,interior
T099,L,4025,T014,149,0,mapped,-9.784520934412575,-2.795932739713411,-6.598373538067573,1,0.0,0.0,interior
T099,L,4026,T014,150,0,mapped,-9.295973712972923,-3.874674642847584,-6.363072305641261,1,0.0,0.0,interior
T099,L,4027,T014,151,0,mapped,-8.949648851758454,-5.05058811703406,-6.132387471301145,1,0.0,0.0,interior
T099,L,4028,T014,152,0,mapped,-8.584284862760962,-6.139004432817302,-5.6421969038309605,1,0.0,0.0,interior
T099,L,4029,T014,153,0,mapped,-8.40414192918615,-7.279868707702704,-5.042381143078055,1,0.0,0.0,interior
T099,L,4030,T014,154,0,mapped,-15.790155496170017,11.71389009169454,-12.753636728654513,2,0.0,0.0,shared_edge
T099,L,4031,T014,155,0,mapped,-15.124671715826896,10.59882981361129,-12.527916066378836,1,0.0,0.0,interior
T099,L,4032,T014,156,0,mapped,-14.51677508749759,9.4936829170729,-12.160361986956095,1,0.0,0.0,interior
T099,L,4033,T014,157,0,mapped,-14.056813169875406,8.463817174572347,-11.673226554611427,1,0.0,0.0,interior
T099,L,4034,T014,158,0,mapped,-13.69128456752381,7.352409490391748,-11.043167266263994,1,0.0,0.0,interior
T099,L,4035,T014,159,0,mapped,-13.386256851464076,6.386559554310232,-10.191431226044127,1,0.0,0.0,interior
T099,L,4036,T014,160,0,mapped,-13.069137165214798,5.597871194074816,-9.600538461078227,1,0.0,0.0,interior
T099,L,4037,T014,161,0,mapped,-12.82735483393832,4.677311197566006,-9.06825426800486,1,0.0,0.0,interior
T099,L,4038,T014,162,0,mapped,-12.58967813069184,3.6815053836415714,-8.490967065008052,1,0.0,0.0,interior
T099,L,4039,T014,163,0,mapped,-12.266877723295972,2.581640341382439,-7.953402081878913,1,0.0,0.0,interior
T099,L,4040,T014,164,0,mapped,-11.945845348881067,1.4429245052968227,-7.5621575912548815,1,0.0,0.0,interior
T099,L,4041,T014,165,0,mapped,-11.258400872872677,0.17375156082554355,-7.057808129236662,1,0.0,0.0,interior
T099,L,4042,T014,166,0,mapped,-10.630610253270197,-0.8805420824495478,-6.796702615667948,1,0.0,0.0,interior
T099,L,4043,T014,167,0,mapped,-10.081631892000566,-1.957626549938773,-6.596205624006213,1,0.0,0.0,interior
T099,L,4044,T014,168,0,mapped,-9.555837232544269,-2.992666194546139,-6.3541915100443,1,0.0,0.0,interior
T099,L,4045,T014,169,0,mapped,-9.081265306969236,-4.214736932506263,-6.137401064803598,1,0.0,0.0,interior
T099,L,4046,T014,170,0,mapped,-8.729572153854864,-5.318936378164672,-5.840786497511962,1,0.0,0.0,interior
T099,L,4047,T014,171,0,mapped,-8.3465140661739,-6.413998833625193,-5.125598200113577,1,0.0,0.0,interior
T099,L,4048,T014,172,0,mapped,-15.513155137426137,11.336967877169945,-12.457022184171219,2,0.0,0.0,shared_edge
T099,L,4049,T014,173,0,mapped,-14.879564253659419,10.232434025710829,-12.139559616778472,1,0.0,0.0,interior
T099,L,4050,T014,174,0,mapped,-14.312168112692547,9.21539931404996,-11.738733143785069,1,0.0,0.0,interior
T099,L,4051,T014,175,0,mapped,-13.858017990754483,8.032656748838075,-11.316072573285519,1,0.0,0.0,interior
T099,L,4052,T014,176,0,mapped,-13.536224623785051,7.01771453456716,-10.617746452691968,1,0.0,0.0,interior
T099,L,4053,T014,177,0,mapped,-13.227764451524868,6.146965586264418,-9.941756570235267,1,0.0,0.0,interior
T099,L,4054,T014,178,0,mapped,-12.885058806845052,5.302474223795546,-9.353573294290811,1,0.0,0.0,interior
T099,L,4055,T014,179,0,mapped,-12.591566406214312,4.437986414333373,-8.760180383568926,1,0.0,0.0,interior
T099,L,4056,T014,180,0,mapped,-12.373493414325306,3.3992469504911895,-8.22188587479111,1,0.0,0.0,interior
T099,L,4057,T014,181,0,mapped,-12.072779966212684,2.377009670552596,-7.724196251060838,1,0.0,0.0,interior
T099,L,4058,T014,182,0,mapped,-11.60875695088407,1.2056023258556081,-7.208797745442453,1,0.0,0.0,interior
T099,L,4059,T014,183,0,mapped,-10.942693137864664,-0.1672125681091039,-6.857234841589092,1,0.0,0.0,interior
T099,L,4060,T014,184,0,mapped,-10.239329861186599,-1.2732754761094967,-6.545732494093764,1,0.0,0.0,interior
T099,L,4061,T014,185,0,mapped,-9.812540513035316,-2.221793106629459,-6.396949113324071,1,0.0,0.0,interior
T099,L,4062,T014,186,0,mapped,-9.261432557905069,-3.3059318573718954,-6.130741361183906,1,0.0,0.0,interior
T099,L,4063,T014,187,0,mapped,-8.854468011993742,-4.42149261123658,-5.8762933388165095,1,0.0,0.0,interior
T099,L,4064,T014,188,0,mapped,-8.478338163495794,-5.572238957995495,-5.366425773633168,1,0.0,0.0,interior
T099,L,4065,T014,189,0,mapped,-15.252214048969002,10.9293319441258,-12.201393740153502,2,2.220446049250313e-15,1.1102230246251563e-15,shared_edge
T099,L,4066,T014,190,0,mapped,-14.673366685686522,9.912840301741596,-11.963311419177675,1,0.0,0.0,interior
T099,L,4067,T014,191,0,mapped,-14.126843074667443,8.866231455664895,-11.40564535181607,1,0.0,0.0,interior
T099,L,4068,T014,192,0,mapped,-13.71402472168536,7.722530189490236,-11.006699843779177,1,0.0,0.0,interior
T099,L,4069,T014,193,0,mapped,-13.317439612667545,6.806189424824225,-10.159923400488786,1,0.0,0.0,interior
T099,L,4070,T014,194,0,mapped,-12.984100516415333,5.927290175312958,-9.59213312436745,1,0.0,0.0,interior
T099,L,4071,T014,195,0,mapped,-12.607239051987376,5.034358147151057,-9.012960945774605,1,0.0,0.0,interior
T099,L,4072,T014,196,0,mapped,-12.365931341792571,4.167692844538969,-8.477385786577909,1,0.0,0.0,interior
T099,L,4073,T014,197,0,mapped,-12.143105713898038,3.207762515788648,-7.952795278728465,1,0.0,0.0,interior
T099,L,4074,T014,198,0,mapped,-11.717046055650396,2.1981575740887607,-7.355437337837671,1,0.0,0.0,interior
T099,L,4075,T014,199,0,mapped,-11.248461501052061,0.7956159842745976,-6.951872256289953,1,0.0,0.0,interior
T099,L,4076,T014,200,0,mapped,-10.435447454764262,-0.296110383984896,-6.5288140354505515,1,0.0,0.0,interior
T099,L,4077,T014,201,0,mapped,-9.953697945769402,-1.4647222510466094,-6.372073138252924,1,0.0,0.0,interior
T099,L,4078,T014,202,0,mapped,-9.495665798019527,-2.482013281674888,-6.202413608136133,1,0.0,0.0,interior
T099,L,4079,T014,203,0,mapped,-9.013861606151785,-3.5979528891050023,-5.921429280447516,1,0.0,0.0,interior
T099,L,4080,T014,204,0,mapped,-8.605703491063643,-4.717982559716852,-5.564192583325706,1,0.0,0.0,interior
T099,L,4081,T014,205,0,mapped,-15.063486240141662,10.62582478716388,-11.880981401116136,2,4.440892098500626e-16,2.220446049250313e-16,shared_edge
T099,L,4082,T014,206,0,mapped,-14.395379009190053,9.478487369794754,-11.457357948000148,1,0.0,0.0,interior
T099,L,4083,T014,207,0,mapped,-13.889279246438074,8.45171997459867,-10.96613170045098,1,0.0,0.0,interior
T099,L,4084,T014,208,0,mapped,-13.512588248653257,7.436621038528141,-10.5354785313775,1,0.0,0.0,interior
T099,L,4085,T014,209,0,mapped,-13.120866286410497,6.588342952095015,-9.840904351260425,1,0.0,0.0,interior
T099,L,4086,T014,210,0,mapped,-12.678010612882229,5.797090223293939,-9.232468600867872,1,0.0,0.0,interior
T099,L,4087,T014,211,0,mapped,-12.406613425346167,4.728229046545415,-8.753555343054916,1,0.0,0.0,interior
T099,L,4088,T014,212,0,mapped,-12.140632993138448,3.8722907087831224,-8.173510988379746,1,0.0,0.0,interior
T099,L,4089,T014,213,0,mapped,-11.843827995677824,2.958587031287152,-7.593916969056196,1,0.0,0.0,interior
T099,L,4090,T014,214,0,mapped,-11.50154140354926,1.8726103868631157,-7.135759332719292,1,0.0,0.0,interior
T099,L,4091,T014,215,0,mapped,-10.893276949237361,0.5042647631626416,-6.692420536694774,1,0.0,0.0,interior
T099,L,4092,T014,216,0,mapped,-10.145054022677916,-0.5338813645916964,-6.3837573591840275,1,0.0,0.0,interior
T099,L,4093,T014,217,0,mapped,-9.601394790578514,-1.6837811924480484,-6.195512025914521,1,0.0,0.0,interior
T099,L,4094,T014,218,0,mapped,-9.114720478061438,-2.653780791238372,-5.931625346722955,1,0.0,0.0,interior
T099,L,4095,T014,219,0,mapped,-8.71174927249593,-3.8655249437814767,-5.701109236887598,1,0.0,0.0,interior
T099,L,4096,T014,220,0,mapped,-14.808860770518852,10.22921469620185,-11.639774935158865,2,0.0,0.0,shared_edge
T099,L,4097,T014,221,0,mapped,-14.220800078742739,9.160573256319937,-11.18774769914527,1,0.0,0.0,interior
T099,L,4098,T014,222,0,mapped,-13.760101857694924,8.198695576082908,-10.693174611982993,1,0.0,0.0,interior
T099,L,4099,T014,223,0,mapped,-13.339110584286873,7.228477507575242,-10.14240017161308,1,0.0,0.0,interior
T099,L,4100,T014,224,0,mapped,-12.895473751700163,6.33741717460882,-9.52371503840089,1,0.0,0.0,interior
T099,L,4101,T014,225,0,mapped,-12.43614797739687,5.505265111938645,-9.017888088112988,1,0.0,0.0,interior
T099,L,4102,T014,226,0,mapped,-12.11442558637181,4.580924011873641,-8.4443928767385,1,0.0,0.0,interior
T099,L,4103,T014,227,0,mapped,-11.826889119679244,3.7463950525368332,-7.883427096696608,1,0.0,0.0,interior
T099,L,4104,T014,228,0,mapped,-11.466856655875358,2.638954820666328,-7.227018992368862,1,0.0,0.0,interior
T099,L,4105,T014,229,0,mapped,-11.137621060862323,1.5873975384054866,-6.844442759113777,1,0.0,0.0,interior
T099,L,4106,T014,230,0,mapped,-10.39615178109505,0.2799281606931068,-6.473452726159007,1,0.0,0.0,interior
T099,L,4107,T014,231,0,mapped,-9.811207186466296,-0.8298996285947062,-6.262937729527131,1,0.0,0.0,interior
T099,L,4108,T014,232,0,mapped,-9.2811234611714,-1.862778403937476,-6.013169736090715,1,0.0,0.0,interior
T099,L,4109,T014,233,0,mapped,-8.839963725639421,-2.9950864759074243,-5.798669673162699,1,0.0,0.0,interior
T099,L,4110,T014,234,0,mapped,-14.564453691432988,9.821349788809432,-11.363977398980738,2,4.440892098500626e-16,2.220446049250313e-16,shared_edge
T099,L,4111,T014,235,0,mapped,-14.020830714319741,8.82993158396437,-10.801552520743865,1,0.0,0.0,interior
T099,L,4112,T014,236,0,mapped,-13.53605313181718,7.9061479156070895,-10.295169384415924,1,0.0,0.0,interior
T099,L,4113,T014,237,0,mapped,-13.090719610987112,7.0146055347077425,-9.696684495878673,1,0.0,0.0,interior
T099,L,4114,T014,238,0,mapped,-12.62822922114734,6.203816722037828,-9.230571471374876,1,0.0,0.0,interior
T099,L,4115,T014,239,0,mapped,-12.111294975971262,5.25443170213827,-8.75427429562744,1,0.0,0.0,interior
T099,L,4116,T014,240,0,mapped,-11.831131076499114,4.310912204639145,-8.088799705051596,1,0.0,0.0,interior
T099,L,4117,T014,241,0,mapped,-11.608820892579534,3.353055714495177,-7.505807811743312,1,0.0,0.0,interior
T099,L,4118,T014,242,0,mapped,-11.13223789074003,2.504374991229838,-6.937374057784703,1,0.0,0.0,interior
T099,L,4119,T014,243,0,mapped,-10.715722563620034,1.1829134549976459,-6.605536557609794,1,0.0,0.0,interior
T099,L,4120,T014,244,0,mapped,-10.025308380629975,0.06858459113865933,-6.310753167979771,1,0.0,0.0,interior
T099,L,4121,T014,245,0,mapped,-9.502137748205433,-1.0901674826201884,-6.156990181876026,1,0.0,0.0,interior
T099,L,4122,T014,246,0,mapped,-8.954657226075183,-2.127605957530996,-5.8903095101301215,1,0.0,0.0,interior
T099,L,4123,T014,247,0,mapped,-14.35253200145654,9.414206444670786,-11.048989998222169,2,1.831026719408895e-15,9.155133597044477e-16,shared_edge
T099,L,4124,T014,248,0,mapped,-13.856417247905037,8.56821621922784,-10.432434225239078,1,0.0,0.0,interior
T099,L,4125,T014,249,0,mapped,-13.384839404356534,7.65806905468129,-9.958892812183688,1,0.0,0.0,interior
T099,L,4126,T014,250,0,mapped,-12.842365526269642,6.780358755831358,-9.412999437642508,1,0.0,0.0,interior
T099,L,4127,T014,251,0,mapped,-12.363902587999947,5.945806421730012,-8.984285577142058,1,0.0,0.0,interior
T099,L,4128,T014,252,0,mapped,-11.853435406505184,5.08241698897362,-8.511931170415622,1,0.0,0.0,interior
T099,L,4129,T014,253,0,mapped,-11.60054209885936,4.194474683129084,-7.8528974119311545,1,0.0,0.0,interior
T099,L,4130,T014,254,0,mapped,-11.233342284089625,3.241158020940862,-7.186858673214051,1,0.0,0.0,interior
T099,L,4131,T014,255,0,mapped,-10.814153479965622,2.1337356547430275,-6.7295895731147635,1,0.0,0.0,interior
T099,L,4132,T014,256,0,mapped,-10.178276972796851,0.9247325787300475,-6.424300101308887,1,0.0,0.0,interior
T099,L,4133,T014,257,0,mapped,-9.626374762316031,-0.24024785520136405,-6.207506558897659,1,0.0,0.0,interior
T099,L,4134,T014,258,0,mapped,-9.053058266267831,-1.2660254150752657,-6.037304672278694,1,0.0,0.0,interior
T099,L,4135,T014,259,0,mapped,-14.181835306356213,9.139978997191626,-10.6626573618607,2,0.0,0.0,shared_edge
T099,L,4136,T014,260,0,mapped,-13.70709052635972,8.409830572988982,-10.021783739206647,1,0.0,0.0,interior
T099,L,4137,T014,261,0,mapped,-13.135586599080662,7.37256036406788,-9.567077064630876,1,0.0,0.0,interior
T099,L,4138,T014,262,0,mapped,-12.597735150728582,6.589908981599407,-9.147866565481252,1,0.0,0.0,interior
T099,L,4139,T014,263,0,mapped,-12.111424703366458,5.735119774667023,-8.80296612107459,1,0.0,0.0,interior
T099,L,4140,T014,264,0,mapped,-11.612929661681346,4.875506567563715,-8.214099277911146,1,0.0,0.0,interior
T099,L,4141,T014,265,0,mapped,-11.320834488088089,4.020414031773534,-7.561520807709776,1,0.0,0.0,interior
T099,L,4142,T014,266,0,mapped,-10.90872244524446,3.0696018568582417,-6.937937774004006,1,0.0,0.0,interior
T099,L,4143,T014,267,0,mapped,-10.372128175296554,1.8346172978441366,-6.556317899176076,1,0.0,0.0,interior
T099,L,4144,T014,268,0,mapped,-9.756606123065243,0.6944850099299842,-6.361266413694359,1,0.0,0.0,interior
T099,L,4145,T014,269,0,mapped,-9.198358764355426,-0.42216354210474094,-6.2110357393592235,1,0.0,0.0,interior
T099,L,4146,T014,270,0,mapped,-14.003527644493085,8.853354945480863,-10.272826118993763,2,0.0,0.0,shared_edge
T099,L,4147,T014,271,0,mapped,-13.461702527578003,8.010781334971478,-9.674958996605294,1,0.0,0.0,interior
T099,L,4148,T014,272,0,mapped,-12.88367774015078,7.169956311320018,-9.227905320406482,1,0.0,0.0,interior
T099,L,4149,T014,273,0,mapped,-12.305547602079974,6.36147027208861,-8.910979769627229,1,0.0,0.0,interior
T099,L,4150,T014,274,0,mapped,-11.748986085967024,5.544536534511057,-8.557348648850404,1,0.0,0.0,interior
T099,L,4151,T014,275,0,mapped,-11.326021497317956,4.799980569769971,-7.9763174318530945,1,0.0,0.0,interior
T099,L,4152,T014,276,0,mapped,-11.003005999296873,3.8414381590141993,-7.27424955757747,1,0.0,0.0,interior
T099,L,4153,T014,277,0,mapped,-10.464119376161566,2.756841053225749,-6.743098917512302,1,0.0,0.0,interior
T099,L,4154,T014,278,0,mapped,-9.976045010777785,1.6248129184474998,-6.520920312810775,1,0.0,0.0,interior
T099,L,4155,T014,279,0,mapped,-9.319575772172268,0.4386200041890014,-6.358547974248655,1,0.0,0.0,interior
T099,L,4156,T014,280,0,mapped,-13.803578926681938,8.606976758630132,-9.830777520901087,2,0.0,0.0,shared_edge
T099,L,4157,T014,281,0,mapped,-13.258210859882926,7.720255970674172,-9.438312125635044,1,0.0,0.0,interior
T099,L,4158,T014,282,0,mapped,-12.629845148673853,6.920004869650906,-9.028675169358516,1,0.0,0.0,interior
T099,L,4159,T014,283,0,mapped,-11.985898257045172,6.215182527201382,-8.705072252437137,1,0.0,0.0,interior
T099,L,4160,T014,284,0,mapped,-11.433540634393562,5.505245631482413,-8.310122636821582,1,0.0,0.0,interior
T099,L,4161,T014,285,0,mapped,-11.066822194270951,4.563530052162992,-7.686345335605995,1,0.0,0.0,interior
T099,L,4162,T014,286,0,mapped,-10.629111798835464,3.57118823741256,-7.033123659654645,1,0.0,0.0,interior
T099,L,4163,T014,287,0,mapped,-10.04451893945226,2.4818727066387574,-6.671491235834575,1,0.0,0.0,interior
T099,L,4164,T014,288,0,mapped,-9.452014450638467,1.2989623809690833,-6.506449611425374,1,0.0,0.0,interior
T099,L,4165,T014,289,0,mapped,-13.577475468362897,8.298783069871584,-9.496469720329234,2,0.0,0.0,shared_edge
T099,L,4166,T014,290,0,mapped,-12.95967895034068,7.432171617044823,-9.070139618804493,1,0.0,0.0,interior
T099,L,4167,T014,291,0,mapped,-12.37189310192396,6.71586059993869,-8.84982523893671,1,0.0,0.0,interior
T099,L,4168,T014,292,0,mapped,-11.650085362439045,6.097720474454441,-8.47201246679829,1,0.0,0.0,interior
T099,L,4169,T014,293,0,mapped,-11.080846004274248,5.257281899542594,-8.031401115989892,1,0.0,0.0,interior
T099,L,4170,T014,294,0,mapped,-10.736311693948323,4.37549596617642,-7.451412082334816,1,0.0,0.0,interior
T099,L,4171,T014,295,0,mapped,-10.158645741114062,3.2896102330175196,-6.885188853188671,1,0.0,0.0,interior
T099,L,4172,T014,296,0,mapped,-9.561032434877681,2.164587393256138,-6.642717947183202,1,0.0,0.0,interior
T099,L,4173,T014,297,0,mapped,-13.357216691902218,8.024856863893481,-9.161516515708438,2,0.0,0.0,shared_edge
T099,L,4174,T014,298,0,mapped,-12.631026329643948,7.19096852420879,-8.767684339648248,1,0.0,0.0,interior
T099,L,4175,T014,299,0,mapped,-11.976917512440481,6.687492437495941,-8.50727562404713,1,0.0,0.0,interior
T099,L,4176,T014,300,0,mapped,-11.245225529413172,5.97098236025942,-8.2348111230054,1,0.0,0.0,interior
T099,L,4177,T014,301,0,mapped,-10.790961819290771,5.16680531879247,-7.839634247300193,1,0.0,0.0,interior
T099,L,4178,T014,302,0,mapped,-10.334456917959942,4.129510201363598,-7.224551044104295,1,0.0,0.0,interior
T099,L,4179,T014,303,0,mapped,-9.689715252943401,3.0084044871032276,-6.858958469286096,1,0.0,0.0,interior
T099,L,4180,T014,304,0,mapped,-13.07967609607007,7.784266138083783,-8.78330018189397,2,8.881784197001252e-16,4.440892098500626e-16,shared_edge
T099,L,4181,T014,305,0,mapped,-12.267563710689501,7.076865961206824,-8.481831361990505,1,0.0,0.0,interior
T099,L,4182,T014,306,0,mapped,-11.652680761764216,6.579371801301786,-8.34648500787037,1,0.0,0.0,interior
T099,L,4183,T014,307,0,mapped,-10.948237826005764,5.825924571439671,-8.06810882655703,1,0.0,0.0,interior
T099,L,4184,T014,308,0,mapped,-10.448154087964413,4.93472493087026,-7.635352177313909,1,0.0,0.0,interior
T099,L,4185,T014,309,0,mapped,-9.82471335787346,3.839693618670797,-7.131781464991301,1,0.0,0.0,interior
T099,L,4186,T014,310,0,mapped,-12.718800598857479,7.478561281235882,-8.55122378018633,2,0.0,0.0,shared_edge
T099,L,4187,T014,311,0,mapped,-11.942557569797776,7.037872615634527,-8.220111409794566,1,0.0,0.0,interior
T099,L,4188,T014,312,0,mapped,-11.296392922665726,6.433032907927146,-8.146421086654966,1,0.0,0.0,interior
T099,L,4189,T014,313,0,mapped,-10.667035782559916,5.609056853704615,-7.917476007307672,1,0.0,0.0,interior
T099,L,4190,T014,314,0,mapped,-9.96386052291528,4.649901780321482,-7.452730102028694,1,0.0,0.0,interior
T099,L,4191,T014,315,0,mapped,-12.381018504476733,7.479614520852497,-8.127942711239136,2,1.831026719408895e-15,9.155133597044477e-16,shared_edge
T099,L,4192,T014,316,0,mapped,-11.582657266093621,7.031181456248797,-7.94061520040544,1,0.0,0.0,interior
T099,L,4193,T014,317,0,mapped,-10.883945843199122,6.452846782023332,-7.975706576791395,1,0.0,0.0,interior
T099,L,4194,T014,318,0,mapped,-10.227686287148678,5.414925914780202,-7.7612125458144705,1,0.0,0.0,interior
T099,L,4195,T014,319,0,mapped,-12.001842601462542,7.4494598608743665,-7.750352889271825,2,0.0,0.0,shared_edge
T099,L,4196,T014,320,0,mapped,-11.166822003708067,7.01288735778969,-7.762608346545905,1,0.0,0.0,interior
T099,L,4197,T014,321,0,mapped,-10.415617818226782,6.2413627043237305,-7.903119925050616,1,0.0,0.0,interior
T099,L,4198,T014,322,0,mapped,-11.552373328769152,7.455742335517867,-7.418069372168462,2,0.0,0.0,shared_edge
T099,L,4199,T014,323,0,mapped,-10.769537932299189,6.975287254719554,-7.710611247481294,1,0.0,0.0,interior
T099,L,4200,T015,26,0,mapped,-17.678345782229115,13.650064728190728,-14.038178576773095,1,0.0,0.0,interior
T099,L,4201,T015,27,0,mapped,-17.626194208022373,13.847519284776842,-13.625147088828626,1,0.0,0.0,interior
T099,L,4202,T015,28,0,mapped,-17.679047997391493,14.050374296100724,-13.241274318017625,1,0.0,0.0,interior
T099,L,4203,T015,29,0,mapped,-17.56245182347574,14.076936199479794,-12.685855182168648,1,0.0,0.0,interior
T099,L,4204,T015,30,0,mapped,-17.692852261054835,14.140893921147372,-12.186409644777388,1,0.0,0.0,interior
T099,L,4205,T015,31,0,mapped,-17.836579594616634,14.098823570280599,-11.786406007849898,1,0.0,0.0,interior
T099,L,4206,T015,32,0,mapped,-17.930261231942655,13.946478941727664,-11.355991360123465,1,0.0,0.0,interior
T099,L,4207,T015,33,0,mapped,-17.987480344336493,13.783664526650398,-11.019893000740147,1,0.0,0.0,interior
T099,L,4208,T015,34,0,mapped,-18.20051622137067,13.673292800891492,-10.603307856535505,1,0.0,0.0,interior
T099,L,4209,T015,35,0,mapped,-18.456629620821932,13.564340392647004,-10.157036195862052,1,0.0,0.0,interior
T099,L,4210,T015,36,0,mapped,-18.67670080899402,13.439502110913837,-9.731672665301494,1,0.0,0.0,interior
T099,L,4211,T015,37,0,mapped,-18.822476758621583,13.269080551481903,-9.278490308674751,1,0.0,0.0,interior
T099,L,4212,T015,38,0,mapped,-19.007222729349948,13.133459227045844,-8.868116029973578,1,0.0,0.0,interior
T099,L,4213,T015,39,0,mapped,-19.234175334419767,13.021826276392945,-8.481664828168451,1,0.0,0.0,interior
T099,L,4214,T015,40,0,mapped,-19.40616799581174,12.880262469435287,-8.098259222650753,1,0.0,0.0,interior
T099,L,4215,T015,41,0,mapped,-19.54284707664044,12.727311455760608,-7.707942361027135,1,0.0,0.0,interior
T099,L,4216,T015,42,0,mapped,-19.765444192056396,12.62850123080323,-7.330330774396895,1,0.0,0.0,interior
T099,L,4217,T015,43,0,mapped,-20.03289901416676,12.577026488690336,-6.960607499761494,1,0.0,0.0,interior
T099,L,4218,T015,44,0,mapped,-20.290304116460163,12.541752741639739,-6.563705873249162,1,0.0,0.0,interior
T099,L,4219,T015,45,0,mapped,-20.55093198147028,12.52081200101804,-6.13979980719858,1,0.0,0.0,interior
T099,L,4220,T015,46,0,mapped,-20.76835450684549,12.490988929406466,-5.689900321883554,1,0.0,0.0,interior
T099,L,4221,T015,47,0,mapped,-20.930583725399895,12.468392845000006,-5.2412232744507445,1,0.0,0.0,interior
T099,L,4222,T015,50,0,mapped,-17.29875338225189,13.400464597110304,-13.78474301325732,1,0.0,0.0,interior
T099,L,4223,T015,51,0,mapped,-17.263833586633364,13.598534170717052,-13.363733843456448,1,0.0,0.0,interior
T099,L,4224,T015,52,0,mapped,-17.188993361320605,13.647954888871892,-12.923508934901676,1,0.0,0.0,interior
T099,L,4225,T015,53,0,mapped,-17.214678099593264,13.702216954990687,-12.380154251239578,1,0.0,0.0,interior
T099,L,4226,T015,54,0,mapped,-17.330302359960577,13.73796092514696,-11.907896910598273,1,0.0,0.0,interior
T099,L,4227,T015,55,0,mapped,-17.448508920304754,13.720535977348431,-11.559181534796569,1,0.0,0.0,interior
T099,L,4228,T015,56,0,mapped,-17.527551162844873,13.594094894965908,-11.193856729245221,1,0.0,0.0,interior
T099,L,4229,T015,57,0,mapped,-17.719223591104388,13.527565434376033,-10.82688976171784,1,0.0,0.0,interior
T099,L,4230,T015,58,0,mapped,-18.02792991828511,13.396640601721089,-10.286104393241668,1,0.0,0.0,interior
T099,L,4231,T015,59,0,mapped,-18.186419830116833,13.283382617787817,-9.914388902532256,1,0.0,0.0,interior
T099,L,4232,T015,60,0,mapped,-18.390239289723212,13.129460738139445,-9.415277586257062,1,0.0,0.0,interior
T099,L,4233,T015,61,0,mapped,-18.548233498258007,12.995540439848332,-8.958827253768554,1,0.0,0.0,interior
T099,L,4234,T015,62,0,mapped,-18.751301005710037,12.893800688841287,-8.56463158816342,1,0.0,0.0,interior
T099,L,4235,T015,63,0,mapped,-18.94933230879398,12.772867501589248,-8.183747700070402,1,0.0,0.0,interior
T099,L,4236,T015,64,0,mapped,-19.11181970411969,12.631406374157855,-7.806073856679246,1,0.0,0.0,interior
T099,L,4237,T015,65,0,mapped,-19.3224675021883,12.517717974776106,-7.428330713095779,1,0.0,0.0,interior
T099,L,4238,T015,66,0,mapped,-19.59088751554316,12.454171349276448,-7.066349002441811,1,0.0,0.0,interior
T099,L,4239,T015,67,0,mapped,-19.845407571151018,12.417804441791514,-6.708775937713678,1,0.0,0.0,interior
T099,L,4240,T015,68,0,mapped,-20.081993163643034,12.3884153976666,-6.3102493661389545,1,0.0,0.0,interior
T099,L,4241,T015,69,0,mapped,-20.307633961090982,12.36654789680842,-5.857600929575936,1,0.0,0.0,interior
T099,L,4242,T015,70,0,mapped,-20.5006740954028,12.34982913351684,-5.383608714891725,1,0.0,0.0,interior
T099,L,4243,T015,73,0,mapped,-16.917470493389224,13.130627622505584,-13.460428957142796,1,0.0,0.0,interior
T099,L,4244,T015,74,0,mapped,-16.939890528382616,13.341525938778986,-13.019457956869031,1,0.0,0.0,interior
T099,L,4245,T015,75,0,mapped,-16.937511090068845,13.389289315033443,-12.560146960615603,1,0.0,0.0,interior
T099,L,4246,T015,76,0,mapped,-16.957595300225837,13.350097035157644,-12.049855830920688,1,0.0,0.0,interior
T099,L,4247,T015,77,0,mapped,-17.060522140562494,13.346840730868664,-11.662259314596987,1,0.0,0.0,interior
T099,L,4248,T015,78,0,mapped,-17.194940585244428,13.310718193812274,-11.252093203628482,1,0.0,0.0,interior
T099,L,4249,T015,79,0,mapped,-17.340663120336334,13.247499493400278,-10.866429481351938,1,0.0,0.0,interior
T099,L,4250,T015,80,0,mapped,-17.49955461026749,13.198234588999162,-10.555025928907188,1,0.0,0.0,interior
T099,L,4251,T015,81,0,mapped,-17.70146210972777,13.061162028041183,-10.068786825275197,1,0.0,0.0,interior
T099,L,4252,T015,82,0,mapped,-17.865576906238736,12.895517117861774,-9.564696551878722,1,0.0,0.0,interior
T099,L,4253,T015,83,0,mapped,-18.135794460592297,12.841918335286651,-9.076570045703148,1,0.0,0.0,interior
T099,L,4254,T015,84,0,mapped,-18.262330287778454,12.766212268662478,-8.719184689925187,1,0.0,0.0,interior
T099,L,4255,T015,85,0,mapped,-18.475753616648934,12.649335492611547,-8.278504095484685,1,0.0,0.0,interior
T099,L,4256,T015,86,0,mapped,-18.66769701530164,12.517134563387486,-7.896298718415836,1,0.0,0.0,interior
T099,L,4257,T015,87,0,mapped,-18.87831951977567,12.389791264636418,-7.504892519994729,1,0.0,0.0,interior
T099,L,4258,T015,88,0,mapped,-19.14953068195075,12.309245865638376,-7.12241916115928,1,0.0,0.0,interior
T099,L,4259,T015,89,0,mapped,-19.42262820755888,12.274147651704565,-6.785789590117005,1,0.0,0.0,interior
T099,L,4260,T015,90,0,mapped,-19.64418435798849,12.246374818110839,-6.436772452124293,1,0.0,0.0,interior
T099,L,4261,T015,91,0,mapped,-19.844554926804626,12.215735379359764,-6.0126524082120625,1,0.0,0.0,interior
T099,L,4262,T015,92,0,mapped,-20.041100434224052,12.196998148308584,-5.542583752452504,1,0.0,0.0,interior
T099,L,4263,T015,95,0,mapped,-16.61557202770775,12.830656147341939,-13.202070983878944,1,0.0,0.0,interior
T099,L,4264,T015,96,0,mapped,-16.57249482879496,12.905296764184007,-12.748390058565949,1,0.0,0.0,interior
T099,L,4265,T015,97,0,mapped,-16.680325560659874,13.050765759965506,-12.244396149592689,1,0.0,0.0,interior
T099,L,4266,T015,98,0,mapped,-16.767923671762716,13.023719337746675,-11.713391687076456,1,0.0,0.0,interior
T099,L,4267,T015,99,0,mapped,-16.901467576609747,12.978235161625516,-11.256149831108239,1,0.0,0.0,interior
T099,L,4268,T015,100,0,mapped,-16.96449570216676,12.895569444297097,-10.947286440781744,1,0.0,0.0,interior
T099,L,4269,T015,101,0,mapped,-17.162590899710693,12.847788037167918,-10.500545562712206,1,0.0,0.0,interior
T099,L,4270,T015,102,0,mapped,-17.268054322417335,12.726870446402138,-10.156436355060407,1,0.0,0.0,interior
T099,L,4271,T015,103,0,mapped,-17.39172120019061,12.604441494085242,-9.767375391896689,1,0.0,0.0,interior
T099,L,4272,T015,104,0,mapped,-17.72239304226739,12.640458796072163,-9.331603593512773,1,0.0,0.0,interior
T099,L,4273,T015,105,0,mapped,-17.773112535525144,12.513300339461855,-8.88459882764468,1,0.0,0.0,interior
T099,L,4274,T015,106,0,mapped,-17.97775888849606,12.5172112019449,-8.39595139253185,1,0.0,0.0,interior
T099,L,4275,T015,107,0,mapped,-18.185037904012106,12.373035828709192,-7.9789377086724125,1,0.0,0.0,interior
T099,L,4276,T015,108,0,mapped,-18.50424498615298,12.303817941377709,-7.625087043200505,1,0.0,0.0,interior
T099,L,4277,T015,109,0,mapped,-18.711791680776436,12.144910923800829,-7.162870531513352,1,0.0,0.0,interior
T099,L,4278,T015,110,0,mapped,-19.004274242463595,12.098530959127226,-6.7996877452204405,1,0.0,0.0,interior
T099,L,4279,T015,111,0,mapped,-19.231482061927878,12.076560425750499,-6.482511677620586,1,0.0,0.0,interior
T099,L,4280,T015,112,0,mapped,-19.41221365860426,12.047413077459295,-6.113507097432201,1,0.0,0.0,interior
T099,L,4281,T015,113,0,mapped,-19.586963195370558,12.028118390109954,-5.680263248332384,1,0.0,0.0,interior
T099,L,4282,T015,116,0,mapped,-16.321865083778928,12.482340257670774,-12.915987999381716,1,0.0,0.0,interior
T099,L,4283,T015,117,0,mapped,-16.384699577363058,12.652774124947047,-12.39068755300496,1,0.0,0.0,interior
T099,L,4284,T015,118,0,mapped,-16.48635598427269,12.724425721889043,-11.890573062060696,1,0.0,0.0,interior
T099,L,4285,T015,119,0,mapped,-16.54450205426368,12.613855261108288,-11.430355424659357,1,0.0,0.0,interior
T099,L,4286,T015,120,0,mapped,-16.664098169692814,12.574772706638806,-11.049845844765828,1,0.0,0.0,interior
T099,L,4287,T015,121,0,mapped,-16.773582144351174,12.48410644198834,-10.63208496732377,1,0.0,0.0,interior
T099,L,4288,T015,122,0,mapped,-16.998370956429646,12.431510411734282,-10.160801243573033,1,0.0,0.0,interior
T099,L,4289,T015,123,0,mapped,-17.060973253177846,12.298660774140336,-9.833855086819867,1,0.0,0.0,interior
T099,L,4290,T015,124,0,mapped,-17.216815899185036,12.235296206296729,-9.452490083090737,1,0.0,0.0,interior
T099,L,4291,T015,125,0,mapped,-17.457005978851072,12.243439810703238,-9.081661247107089,1,0.0,0.0,interior
T099,L,4292,T015,126,0,mapped,-17.567889324993757,12.229011488663994,-8.578607225257855,1,0.0,0.0,interior
T099,L,4293,T015,127,0,mapped,-17.775239135600664,12.212315010624751,-8.106678805757461,1,0.0,0.0,interior
T099,L,4294,T015,128,0,mapped,-18.006937931421497,12.10049483926502,-7.703838470913691,1,0.0,0.0,interior
T099,L,4295,T015,129,0,mapped,-18.272333130199428,11.976735759346958,-7.262288316883135,1,0.0,0.0,interior
T099,L,4296,T015,130,0,mapped,-18.59128292191696,11.904517704748232,-6.809256737784761,1,0.0,0.0,interior
T099,L,4297,T015,131,0,mapped,-18.817851503100194,11.871200991180274,-6.488462686263942,1,0.0,0.0,interior
T099,L,4298,T015,132,0,mapped,-19.00466576938276,11.864951692560846,-6.176346066846564,1,0.0,0.0,interior
T099,L,4299,T015,133,0,mapped,-19.15236495227395,11.82171845394649,-5.734232641036066,1,0.0,0.0,interior
T099,L,4300,T015,136,0,mapped,-16.033731492111407,12.12550222967911,-12.587198674315294,1,0.0,0.0,interior
T099,L,4301,T015,137,0,mapped,-16.115356613842472,12.26272405034329,-12.104877938226034,1,0.0,0.0,interior
T099,L,4302,T015,138,0,mapped,-16.1888452981283,12.237680373176467,-11.582856525877293,1,0.0,0.0,interior
T099,L,4303,T015,139,0,mapped,-16.315688325642093,12.214612367180479,-11.17050102723065,1,0.0,0.0,interior
T099,L,4304,T015,140,0,mapped,-16.429617169536147,12.126430373487493,-10.7189886192964,1,0.0,0.0,interior
T099,L,4305,T015,141,0,mapped,-16.578895357410858,12.062602720161122,-10.314345909362267,1,0.0,0.0,interior
T099,L,4306,T015,142,0,mapped,-16.787858893805737,12.023731279358728,-9.836139448786838,1,0.0,0.0,interior
T099,L,4307,T015,143,0,mapped,-16.834108829579087,11.894220698472848,-9.527401903280744,1,0.0,0.0,interior
T099,L,4308,T015,144,0,mapped,-17.110702073980942,11.952112084833892,-9.126009797749164,1,0.0,0.0,interior
T099,L,4309,T015,145,0,mapped,-17.240530565872277,11.894248713638003,-8.718511557736182,1,0.0,0.0,interior
T099,L,4310,T015,146,0,mapped,-17.388731544594304,11.892907690296093,-8.231399078200749,1,0.0,0.0,interior
T099,L,4311,T015,147,0,mapped,-17.550238858057078,11.83283020525518,-7.7875322475588735,1,0.0,0.0,interior
T099,L,4312,T015,148,0,mapped,-17.844752203848923,11.785108984913512,-7.368655821855738,1,0.0,0.0,interior
T099,L,4313,T015,149,0,mapped,-18.18432138570214,11.697194362851635,-6.846645234246518,1,0.0,0.0,interior
T099,L,4314,T015,150,0,mapped,-18.415745899607,11.669004647394084,-6.531341917584848,1,0.0,0.0,interior
T099,L,4315,T015,151,0,mapped,-18.584355708656997,11.627010862288834,-6.198583399070419,1,0.0,0.0,interior
T099,L,4316,T015,152,0,mapped,-18.73923563465555,11.599260924551984,-5.768247691695626,1,0.0,0.0,interior
T099,L,4317,T015,155,0,mapped,-15.791998809134515,11.791852063237522,-12.315480258804332,1,0.0,0.0,interior
T099,L,4318,T015,156,0,mapped,-15.85629803758524,11.85274148568048,-11.79664736671398,1,0.0,0.0,interior
T099,L,4319,T015,157,0,mapped,-15.952227866192374,11.780309320746689,-11.213900036158586,1,0.0,0.0,interior
T099,L,4320,T015,158,0,mapped,-16.05228656550717,11.728788592000123,-10.84065146356767,1,0.0,0.0,interior
T099,L,4321,T015,159,0,mapped,-16.215841852715698,11.676361720170322,-10.335172898567325,1,0.0,0.0,interior
T099,L,4322,T015,160,0,mapped,-16.340700765078406,11.625869171610457,-9.940712375289026,1,0.0,0.0,interior
T099,L,4323,T015,161,0,mapped,-16.546242008920125,11.608195725999108,-9.547962976008046,1,0.0,0.0,interior
T099,L,4324,T015,162,0,mapped,-16.687107038710494,11.574078361383402,-9.211421654838334,1,0.0,0.0,interior
T099,L,4325,T015,163,0,mapped,-16.837488442927995,11.578353857594019,-8.821429875413987,1,0.0,0.0,interior
T099,L,4326,T015,164,0,mapped,-16.903075765368538,11.52178209397566,-8.34951132340446,1,0.0,0.0,interior
T099,L,4327,T015,165,0,mapped,-17.056364560326177,11.532065527139736,-8.015991353290548,1,0.0,0.0,interior
T099,L,4328,T015,166,0,mapped,-17.430301035707153,11.602365528659721,-7.552285849565281,1,0.0,0.0,interior
T099,L,4329,T015,167,0,mapped,-17.738048270966605,11.540016840788697,-7.069030893069149,1,0.0,0.0,interior
T099,L,4330,T015,168,0,mapped,-18.031010052624033,11.515123276996302,-6.677229132770501,1,0.0,0.0,interior
T099,L,4331,T015,169,0,mapped,-18.095388635193565,11.350607126495238,-6.236918965863522,1,0.0,0.0,interior
T099,L,4332,T015,170,0,mapped,-18.305617995489385,11.37296525655823,-5.899634650412851,1,0.0,0.0,interior
T099,L,4333,T015,173,0,mapped,-15.524825323452877,11.37185108775383,-11.9783004522867,1,0.0,0.0,interior
T099,L,4334,T015,174,0,mapped,-15.639149102133262,11.430280578168702,-11.434388841901319,1,0.0,0.0,interior
T099,L,4335,T015,175,0,mapped,-15.723191340144611,11.380397997388176,-10.906060176131994,1,0.0,0.0,interior
T099,L,4336,T015,176,0,mapped,-15.83222096078188,11.328997800882345,-10.44201050223127,1,0.0,0.0,interior
T099,L,4337,T015,177,0,mapped,-15.97732966611909,11.323778954590502,-10.03186964242619,1,0.0,0.0,interior
T099,L,4338,T015,178,0,mapped,-16.115852041316128,11.27730334881968,-9.64695462999639,1,0.0,0.0,interior
T099,L,4339,T015,179,0,mapped,-16.22624633388706,11.208162382182099,-9.301031156519494,1,0.0,0.0,interior
T099,L,4340,T015,180,0,mapped,-16.4224050774644,11.23707693268402,-8.970199224542398,1,0.0,0.0,interior
T099,L,4341,T015,181,0,mapped,-16.553981628547675,11.277298884891943,-8.529994288183929,1,0.0,0.0,interior
T099,L,4342,T015,182,0,mapped,-16.602992048466923,11.23608282357146,-8.197113607218972,1,0.0,0.0,interior
T099,L,4343,T015,183,0,mapped,-16.906942957066793,11.217418366311492,-7.586583799290114,1,0.0,0.0,interior
T099,L,4344,T015,184,0,mapped,-17.201927363536626,11.250797260475553,-7.211275480886622,1,0.0,0.0,interior
T099,L,4345,T015,185,0,mapped,-17.580145480432954,11.290356354299501,-6.800943331155967,1,0.0,0.0,interior
T099,L,4346,T015,186,0,mapped,-17.73929562004203,11.23785972415107,-6.477341806373692,1,0.0,0.0,interior
T099,L,4347,T015,187,0,mapped,-17.907564635537486,11.146985290231491,-5.986146466825209,1,0.0,0.0,interior
T099,L,4348,T015,190,0,mapped,-15.335690489292128,11.055734710769753,-11.640161707585635,1,0.0,0.0,interior
T099,L,4349,T015,191,0,mapped,-15.454233459888158,11.125053831189781,-11.150337123108166,1,0.0,0.0,interior
T099,L,4350,T015,192,0,mapped,-15.50711891702239,11.033662655794739,-10.601628615107948,1,0.0,0.0,interior
T099,L,4351,T015,193,0,mapped,-15.584523168625132,10.983326488777724,-10.18627050997608,1,0.0,0.0,interior
T099,L,4352,T015,194,0,mapped,-15.65840867509204,10.870995028667124,-9.745740046382661,1,0.0,0.0,interior
T099,L,4353,T015,195,0,mapped,-15.854026744092568,10.902527044583858,-9.413974648815637,1,0.0,0.0,interior
T099,L,4354,T015,196,0,mapped,-16.005424774860792,10.871619420310552,-9.053470578301061,1,0.0,0.0,interior
T099,L,4355,T015,197,0,mapped,-16.241277640759147,10.964658405228038,-8.654422199187454,1,0.0,0.0,interior
T099,L,4356,T015,198,0,mapped,-16.329071908080003,10.94742188089782,-8.228192528294445,1,0.0,0.0,interior
T099,L,4357,T015,199,0,mapped,-16.43240733566279,10.91388821072551,-7.850140978736886,1,0.0,0.0,interior
T099,L,4358,T015,200,0,mapped,-16.684215373290385,10.94657481068826,-7.410463998611727,1,0.0,0.0,interior
T099,L,4359,T015,201,0,mapped,-16.950183874831943,10.939978753637233,-6.979492257750392,1,0.0,0.0,interior
T099,L,4360,T015,202,0,mapped,-17.298353089622914,10.978656856833538,-6.518101352788044,1,0.0,0.0,interior
T099,L,4361,T015,203,0,mapped,-17.458365163976147,10.936387641606073,-6.08728069617251,1,0.0,0.0,interior
T099,L,4362,T015,206,0,mapped,-15.08957559204493,10.659712782622542,-11.369277591986286,1,0.0,0.0,interior
T099,L,4363,T015,207,0,mapped,-15.163679923379563,10.654005038568926,-10.845147707863884,1,0.0,0.0,interior
T099,L,4364,T015,208,0,mapped,-15.193110451698043,10.55238959782661,-10.343833793713134,1,0.0,0.0,interior
T099,L,4365,T015,209,0,mapped,-15.357041998111786,10.583590806839027,-9.788925896601777,1,0.0,0.0,interior
T099,L,4366,T015,210,0,mapped,-15.490758598304692,10.610238999775701,-9.50085842819411,1,0.0,0.0,interior
T099,L,4367,T015,211,0,mapped,-15.617486245071337,10.574885866784081,-9.124697079525866,1,0.0,0.0,interior
T099,L,4368,T015,212,0,mapped,-15.812766178669058,10.58738537396387,-8.72961781758097,1,0.0,0.0,interior
T099,L,4369,T015,213,0,mapped,-16.032734190363612,10.685454608190632,-8.409902649453315,1,0.0,0.0,interior
T099,L,4370,T015,214,0,mapped,-16.17049066523626,10.665676125135462,-7.874459329044031,1,0.0,0.0,interior
T099,L,4371,T015,215,0,mapped,-16.21541076302892,10.619466291715074,-7.630820978984909,1,0.0,0.0,interior
T099,L,4372,T015,216,0,mapped,-16.4987437692018,10.641851312480714,-7.1038942268011915,1,0.0,0.0,interior
T099,L,4373,T015,217,0,mapped,-16.76291934110851,10.671486644309935,-6.697556743291228,1,0.0,0.0,interior
T099,L,4374,T015,218,0,mapped,-17.048871369076487,10.738517345394765,-6.295631668663383,1,0.0,0.0,interior
T099,L,4375,T015,221,0,mapped,-14.848603623185236,10.259796618888211,-11.066621235989198,1,0.0,0.0,interior
T099,L,4376,T015,222,0,mapped,-14.944655461012983,10.307104716499062,-10.560174243171032,1,0.0,0.0,interior
T099,L,4377,T015,223,0,mapped,-15.025591182239378,10.261312291449846,-10.018030138721137,1,0.0,0.0,interior
T099,L,4378,T015,224,0,mapped,-15.090967435198905,10.213371064908376,-9.552806804440332,1,0.0,0.0,interior
T099,L,4379,T015,225,0,mapped,-15.190523018123633,10.185210265841068,-9.196110666589181,1,0.0,0.0,interior
T099,L,4380,T015,226,0,mapped,-15.403337497303886,10.246778321213961,-8.812302170143077,1,0.0,0.0,interior
T099,L,4381,T015,227,0,mapped,-15.622934469792002,10.321292119141242,-8.41684011508605,1,0.0,0.0,interior
T099,L,4382,T015,228,0,mapped,-15.787859340399061,10.352240179770028,-8.030584211424681,1,0.0,0.0,interior
T099,L,4383,T015,229,0,mapped,-15.924824287752969,10.348198453862732,-7.644872667167326,1,0.0,0.0,interior
T099,L,4384,T015,230,0,mapped,-16.089510478696457,10.33596059517046,-7.176192906747353,1,0.0,0.0,interior
T099,L,4385,T015,231,0,mapped,-16.31400958795,10.394320215834878,-6.856337154754518,1,0.0,0.0,interior
T099,L,4386,T015,232,0,mapped,-16.524045745586783,10.417203601081185,-6.36048546746221,1,0.0,0.0,interior
T099,L,4387,T015,235,0,mapped,-14.622432997055895,9.877505788080335,-10.807452796044192,1,0.0,0.0,interior
T099,L,4388,T015,236,0,mapped,-14.705225755700004,9.922028943384689,-10.27994964209866,1,0.0,0.0,interior
T099,L,4389,T015,237,0,mapped,-14.810234720722068,9.923446161962168,-9.729978393353697,1,0.0,0.0,interior
T099,L,4390,T015,238,0,mapped,-14.903415048639422,9.895410164438259,-9.262743383359041,1,0.0,0.0,interior
T099,L,4391,T015,239,0,mapped,-15.037583158150944,9.930202185736704,-8.884713887008814,1,0.0,0.0,interior
T099,L,4392,T015,240,0,mapped,-15.226581262008905,9.987482744660424,-8.489688192337386,1,0.0,0.0,interior
T099,L,4393,T015,241,0,mapped,-15.43109850330049,10.042873343872115,-8.085141118554565,1,0.0,0.0,interior
T099,L,4394,T015,242,0,mapped,-15.523760034016279,10.05295200732537,-7.785934265423312,1,0.0,0.0,interior
T099,L,4395,T015,243,0,mapped,-15.691357359081211,10.101451255993823,-7.380723541625372,1,0.0,0.0,interior
T099,L,4396,T015,244,0,mapped,-15.885025045316276,10.142385679657483,-7.0071997404413935,1,0.0,0.0,interior
T099,L,4397,T015,245,0,mapped,-16.061901361646107,10.174659108647564,-6.512323864676397,1,0.0,0.0,interior
T099,L,4398,T015,248,0,mapped,-14.41720882052521,9.540119978256937,-10.481587333980748,1,0.0,0.0,interior
T099,L,4399,T015,249,0,mapped,-14.497846687247442,9.60823578012583,-9.92937086608812,1,0.0,0.0,interior
T099,L,4400,T015,250,0,mapped,-14.641376908985206,9.66269323787859,-9.427697072114107,1,0.0,0.0,interior
T099,L,4401,T015,251,0,mapped,-14.70409497424283,9.61736629419691,-8.939881733453213,1,0.0,0.0,interior
T099,L,4402,T015,252,0,mapped,-14.850065706916517,9.660944312997087,-8.53455477788215,1,0.0,0.0,interior
T099,L,4403,T015,253,0,mapped,-15.007902273751217,9.716018259307198,-8.100384648086195,1,0.0,0.0,interior
T099,L,4404,T015,254,0,mapped,-15.192635822247446,9.815615776084597,-7.811156633373274,1,0.0,0.0,interior
T099,L,4405,T015,255,0,mapped,-15.212662605110001,9.775438485220048,-7.373615120876494,1,0.0,0.0,interior
T099,L,4406,T015,256,0,mapped,-15.408854431589395,9.848456149530527,-7.017111367727704,1,0.0,0.0,interior
T099,L,4407,T015,257,0,mapped,-15.57921917759033,9.941781179718248,-6.510874697540194,1,0.0,0.0,interior
T099,L,4408,T015,260,0,mapped,-14.250451731185446,9.271680976670968,-10.144747141165018,1,0.0,0.0,interior
T099,L,4409,T015,261,0,mapped,-14.342709561631438,9.36212415735594,-9.539538107486251,1,0.0,0.0,interior
T099,L,4410,T015,262,0,mapped,-14.408850053160435,9.357926241080694,-9.124558931756955,1,0.0,0.0,interior
T099,L,4411,T015,263,0,mapped,-14.499151202191467,9.366371031373655,-8.691067466211518,1,0.0,0.0,interior
T099,L,4412,T015,264,0,mapped,-14.655797382520714,9.440606955194932,-8.177268548344472,1,0.0,0.0,interior
T099,L,4413,T015,265,0,mapped,-14.859646032259082,9.594763452181354,-7.821492365490636,1,0.0,0.0,interior
T099,L,4414,T015,266,0,mapped,-14.940715357131989,9.624739874885053,-7.459367630997169,1,0.0,0.0,interior
T099,L,4415,T015,267,0,mapped,-14.976852837647389,9.621061626704794,-7.084308400851548,1,0.0,0.0,interior
T099,L,4416,T015,268,0,mapped,-15.117471797467589,9.69241850325602,-6.642043584275363,1,0.0,0.0,interior
T099,L,4417,T015,271,0,mapped,-14.034384930350061,8.984054867574452,-9.726221313733657,1,0.0,0.0,interior
T099,L,4418,T015,272,0,mapped,-14.11646869287102,9.042757939596122,-9.199593007562628,1,0.0,0.0,interior
T099,L,4419,T015,273,0,mapped,-14.165547316123787,9.066751059654623,-8.760729675498823,1,0.0,0.0,interior
T099,L,4420,T015,274,0,mapped,-14.328164467980525,9.188622581636801,-8.239945473215894,1,0.0,0.0,interior
T099,L,4421,T015,275,0,mapped,-14.373594490724825,9.231312421937124,-7.832017603000827,1,0.0,0.0,interior
T099,L,4422,T015,276,0,mapped,-14.629606769193366,9.41768697555733,-7.56605250307607,1,0.0,0.0,interior
T099,L,4423,T015,277,0,mapped,-14.650410700252447,9.436858591778766,-7.057124618457511,1,0.0,0.0,interior
T099,L,4424,T015,278,0,mapped,-14.669137240691562,9.467853798313762,-6.650167635273595,1,0.0,0.0,interior
T099,L,4425,T015,281,0,mapped,-13.851570180477484,8.700669269222749,-9.360194330246433,1,0.0,0.0,interior
T099,L,4426,T015,282,0,mapped,-13.912432465988935,8.790466258586608,-8.89746725728519,1,0.0,0.0,interior
T099,L,4427,T015,283,0,mapped,-14.01394855057608,8.918613568988988,-8.386552938180147,1,0.0,0.0,interior
T099,L,4428,T015,284,0,mapped,-14.145912144297421,9.066069275273154,-7.898548469335412,1,0.0,0.0,interior
T099,L,4429,T015,285,0,mapped,-14.247122087926115,9.149895356597836,-7.579450948465877,1,0.0,0.0,interior
T099,L,4430,T015,286,0,mapped,-14.338044441923804,9.226782569146268,-7.1464463764609665,1,0.0,0.0,interior
T099,L,4431,T015,287,0,mapped,-14.325482532230435,9.276004717186929,-6.666964481729265,1,0.0,0.0,interior
T099,L,4432,T015,290,0,mapped,-13.57838657274069,8.374109310452567,-9.049632632534255,1,0.0,0.0,interior
T099,L,4433,T015,291,0,mapped,-13.641193675248832,8.520838307893593,-8.542310570374305,1,0.0,0.0,interior
T099,L,4434,T015,292,0,mapped,-13.572356759557362,8.544086722985378,-8.01249729821706,1,0.0,0.0,interior
T099,L,4435,T015,293,0,mapped,-13.767634696287853,8.781572053445641,-7.578658359009301,1,0.0,0.0,interior
T099,L,4436,T015,294,0,mapped,-13.924806438160813,8.951839874112386,-7.174992031643624,1,0.0,0.0,interior
T099,L,4437,T015,295,0,mapped,-13.956931907179433,9.015185653741177,-6.846523967069324,1,0.0,0.0,interior
T099,L,4438,T015,298,0,mapped,-13.379990990606192,8.196150208967543,-8.648592607903861,1,0.0,0.0,interior
T099,L,4439,T015,299,0,mapped,-13.338498896133077,8.271928470503221,-8.186449822902759,1,0.0,0.0,interior
T099,L,4440,T015,300,0,mapped,-13.290492010119332,8.365775528214742,-7.623005857945082,1,0.0,0.0,interior
T099,L,4441,T015,301,0,mapped,-13.48767913688257,8.598466994581743,-7.328064271895613,1,0.0,0.0,interior
T099,L,4442,T015,302,0,mapped,-13.415568176826074,8.628183988945592,-6.928767274125036,1,0.0,0.0,interior
T099,L,4443,T015,305,0,mapped,-13.097205539265127,7.996025074063434,-8.343649626268586,1,0.0,0.0,interior
T099,L,4444,T015,306,0,mapped,-12.99137694945425,8.079005706298116,-7.770263116848929,1,0.0,0.0,interior
T099,L,4445,T015,307,0,mapped,-13.021364373771217,8.222453061367867,-7.3451996069048295,1,0.0,0.0,interior
T099,L,4446,T015,308,0,mapped,-13.112350820072644,8.37416683954078,-7.064486086146388,1,0.0,0.0,interior
T099,L,4447,T015,311,0,mapped,-12.762510466839963,7.839463640947335,-7.9477497436805535,1,0.0,0.0,interior
T099,L,4448,T015,312,0,mapped,-12.675848181229743,7.94193004982648,-7.507437678108414,1,0.0,0.0,interior
T099,L,4449,T015,313,0,mapped,-12.762671733707318,8.154929827604661,-7.067349067039082,1,0.0,0.0,interior
T099,L,4450,T015,316,0,mapped,-12.362559481790518,7.690984486878701,-7.684433909620059,1,0.0,0.0,interior
T099,L,4451,T015,317,0,mapped,-12.327490699551348,7.889052138919109,-7.177593122884472,1,0.0,0.0,interior
T099,L,4452,T015,320,0,mapped,-11.907247983077434,7.642705048740995,-7.287965491705302,1,0.0,0.0,interior
