region_id,region_point_id,resolution,topology_role,landmark_id,edge_id,edge_index,global_vertex_id,member_count
T001,0,24,landmark,L2,,,0,2
T002,0,24,landmark,L2,,,0,2
T001,1,24,shared_edge_candidate,,L2__L31,1.0,1,2
T002,1,24,shared_edge_candidate,,L2__L31,1.0,1,2
T001,2,24,shared_edge_candidate,,L2__L31,2.0,2,2
T002,2,24,shared_edge_candidate,,L2__L31,2.0,2,2
T001,3,24,shared_edge_candidate,,L2__L31,3.0,3,2
T002,3,24,shared_edge_candidate,,L2__L31,3.0,3,2
T001,4,24,shared_edge_candidate,,L2__L31,4.0,4,2
T002,4,24,shared_edge_candidate,,L2__L31,4.0,4,2
T001,5,24,shared_edge_candidate,,L2__L31,5.0,5,2
T002,5,24,shared_edge_candidate,,L2__L31,5.0,5,2
T001,6,24,shared_edge_candidate,,L2__L31,6.0,6,2
T002,6,24,shared_edge_candidate,,L2__L31,6.0,6,2
T001,7,24,shared_edge_candidate,,L2__L31,7.0,7,2
T002,7,24,shared_edge_candidate,,L2__L31,7.0,7,2
T001,8,24,shared_edge_candidate,,L2__L31,8.0,8,2
T002,8,24,shared_edge_candidate,,L2__L31,8.0,8,2
T001,9,24,shared_edge_candidate,,L2__L31,9.0,9,2
T002,9,24,shared_edge_candidate,,L2__L31,9.0,9,2
T001,10,24,shared_edge_candidate,,L2__L31,10.0,10,2
T002,10,24,shared_edge_candidate,,L2__L31,10.0,10,2
T001,11,24,shared_edge_candidate,,L2__L31,11.0,11,2
T002,11,24,shared_edge_candidate,,L2__L31,11.0,11,2
T001,12,24,shared_edge_candidate,,L2__L31,12.0,12,2
T002,12,24,shared_edge_candidate,,L2__L31,12.0,12,2
T001,13,24,shared_edge_candidate,,L2__L31,13.0,13,2
T002,13,24,shared_edge_candidate,,L2__L31,13.0,13,2
T001,14,24,shared_edge_candidate,,L2__L31,14.0,14,2
T002,14,24,shared_edge_candidate,,L2__L31,14.0,14,2
T001,15,24,shared_edge_candidate,,L2__L31,15.0,15,2
T002,15,24,shared_edge_candidate,,L2__L31,15.0,15,2
T001,16,24,shared_edge_candidate,,L2__L31,16.0,16,2
T002,16,24,shared_edge_candidate,,L2__L31,16.0,16,2
T001,17,24,shared_edge_candidate,,L2__L31,17.0,17,2
T002,17,24,shared_edge_candidate,,L2__L31,17.0,17,2
T001,18,24,shared_edge_candidate,,L2__L31,18.0,18,2
T002,18,24,shared_edge_candidate,,L2__L31,18.0,18,2
T001,19,24,shared_edge_candidate,,L2__L31,19.0,19,2
T002,19,24,shared_edge_candidate,,L2__L31,19.0,19,2
T001,20,24,shared_edge_candidate,,L2__L31,20.0,20,2
T002,20,24,shared_edge_candidate,,L2__L31,20.0,20,2
T001,21,24,shared_edge_candidate,,L2__L31,21.0,21,2
T002,21,24,shared_edge_candidate,,L2__L31,21.0,21,2
T001,22,24,shared_edge_candidate,,L2__L31,22.0,22,2
T002,22,24,shared_edge_candidate,,L2__L31,22.0,22,2
T001,23,24,shared_edge_candidate,,L2__L31,23.0,23,2
T002,23,24,shared_edge_candidate,,L2__L31,23.0,23,2
T001,24,24,landmark,L31,,,24,3
T002,24,24,landmark,L31,,,24,3
T004,24,24,landmark,L31,,,24,3
T001,25,24,shared_edge_candidate,,L2__L7,1.0,25,1
T001,26,24,interior,,,,26,1
T001,27,24,interior,,,,27,1
T001,28,24,interior,,,,28,1
T001,29,24,interior,,,,29,1
T001,30,24,interior,,,,30,1
T001,31,24,interior,,,,31,1
T001,32,24,interior,,,,32,1
T001,33,24,interior,,,,33,1
T001,34,24,interior,,,,34,1
T001,35,24,interior,,,,35,1
T001,36,24,interior,,,,36,1
T001,37,24,interior,,,,37,1
T001,38,24,interior,,,,38,1
T001,39,24,interior,,,,39,1
T001,40,24,interior,,,,40,1
T001,41,24,interior,,,,41,1
T001,42,24,interior,,,,42,1
T001,43,24,interior,,,,43,1
T001,44,24,interior,,,,44,1
T001,45,24,interior,,,,45,1
T001,46,24,interior,,,,46,1
T001,47,24,interior,,,,47,1
T001,48,24,shared_edge_candidate,,L31__L7,1.0,48,1
T001,49,24,shared_edge_candidate,,L2__L7,2.0,49,1
T001,50,24,interior,,,,50,1
T001,51,24,interior,,,,51,1
T001,52,24,interior,,,,52,1
T001,53,24,interior,,,,53,1
T001,54,24,interior,,,,54,1
T001,55,24,interior,,,,55,1
T001,56,24,interior,,,,56,1
T001,57,24,interior,,,,57,1
T001,58,24,interior,,,,58,1
T001,59,24,interior,,,,59,1
T001,60,24,interior,,,,60,1
T001,61,24,interior,,,,61,1
T001,62,24,interior,,,,62,1
T001,63,24,interior,,,,63,1
T001,64,24,interior,,,,64,1
T001,65,24,interior,,,,65,1
T001,66,24,interior,,,,66,1
T001,67,24,interior,,,,67,1
T001,68,24,interior,,,,68,1
T001,69,24,interior,,,,69,1
T001,70,24,interior,,,,70,1
T001,71,24,shared_edge_candidate,,L31__L7,2.0,71,1
T001,72,24,shared_edge_candidate,,L2__L7,3.0,72,1
T001,73,24,interior,,,,73,1
T001,74,24,interior,,,,74,1
T001,75,24,interior,,,,75,1
T001,76,24,interior,,,,76,1
T001,77,24,interior,,,,77,1
T001,78,24,interior,,,,78,1
T001,79,24,interior,,,,79,1
T001,80,24,interior,,,,80,1
T001,81,24,interior,,,,81,1
T001,82,24,interior,,,,82,1
T001,83,24,interior,,,,83,1
T001,84,24,interior,,,,84,1
T001,85,24,interior,,,,85,1
T001,86,24,interior,,,,86,1
T001,87,24,interior,,,,87,1
T001,88,24,interior,,,,88,1
T001,89,24,interior,,,,89,1
T001,90,24,interior,,,,90,1
T001,91,24,interior,,,,91,1
T001,92,24,interior,,,,92,1
T001,93,24,shared_edge_candidate,,L31__L7,3.0,93,1
T001,94,24,shared_edge_candidate,,L2__L7,4.0,94,1
T001,95,24,interior,,,,95,1
T001,96,24,interior,,,,96,1
T001,97,24,interior,,,,97,1
T001,98,24,interior,,,,98,1
T001,99,24,interior,,,,99,1
T001,100,24,interior,,,,100,1
T001,101,24,interior,,,,101,1
T001,102,24,interior,,,,102,1
T001,103,24,interior,,,,103,1
T001,104,24,interior,,,,104,1
T001,105,24,interior,,,,105,1
T001,106,24,interior,,,,106,1
T001,107,24,interior,,,,107,1
T001,108,24,interior,,,,108,1
T001,109,24,interior,,,,109,1
T001,110,24,interior,,,,110,1
T001,111,24,interior,,,,111,1
T001,112,24,interior,,,,112,1
T001,113,24,interior,,,,113,1
T001,114,24,shared_edge_candidate,,L31__L7,4.0,114,1
T001,115,24,shared_edge_candidate,,L2__L7,5.0,115,1
T001,116,24,interior,,,,116,1
T001,117,24,interior,,,,117,1
T001,118,24,interior,,,,118,1
T001,119,24,interior,,,,119,1
T001,120,24,interior,,,,120,1
T001,121,24,interior,,,,121,1
T001,122,24,interior,,,,122,1
T001,123,24,interior,,,,123,1
T001,124,24,interior,,,,124,1
T001,125,24,interior,,,,125,1
T001,126,24,interior,,,,126,1
T001,127,24,interior,,,,127,1
T001,128,24,interior,,,,128,1
T001,129,24,interior,,,,129,1
T001,130,24,interior,,,,130,1
T001,131,24,interior,,,,131,1
T001,132,24,interior,,,,132,1
T001,133,24,interior,,,,133,1
T001,134,24,shared_edge_candidate,,L31__L7,5.0,134,1
T001,135,24,shared_edge_candidate,,L2__L7,6.0,135,1
T001,136,24,interior,,,,136,1
T001,137,24,interior,,,,137,1
T001,138,24,interior,,,,138,1
T001,139,24,interior,,,,139,1
T001,140,24,interior,,,,140,1
T001,141,24,interior,,,,141,1
T001,142,24,interior,,,,142,1
T001,143,24,interior,,,,143,1
T001,144,24,interior,,,,144,1
T001,145,24,interior,,,,145,1
T001,146,24,interior,,,,146,1
T001,147,24,interior,,,,147,1
T001,148,24,interior,,,,148,1
T001,149,24,interior,,,,149,1
T001,150,24,interior,,,,150,1
T001,151,24,interior,,,,151,1
T001,152,24,interior,,,,152,1
T001,153,24,shared_edge_candidate,,L31__L7,6.0,153,1
T001,154,24,shared_edge_candidate,,L2__L7,7.0,154,1
T001,155,24,interior,,,,155,1
T001,156,24,interior,,,,156,1
T001,157,24,interior,,,,157,1
T001,158,24,interior,,,,158,1
T001,159,24,interior,,,,159,1
T001,160,24,interior,,,,160,1
T001,161,24,interior,,,,161,1
T001,162,24,interior,,,,162,1
T001,163,24,interior,,,,163,1
T001,164,24,interior,,,,164,1
T001,165,24,interior,,,,165,1
T001,166,24,interior,,,,166,1
T001,167,24,interior,,,,167,1
T001,168,24,interior,,,,168,1
T001,169,24,interior,,,,169,1
T001,170,24,interior,,,,170,1
T001,171,24,shared_edge_candidate,,L31__L7,7.0,171,1
T001,172,24,shared_edge_candidate,,L2__L7,8.0,172,1
T001,173,24,interior,,,,173,1
T001,174,24,interior,,,,174,1
T001,175,24,interior,,,,175,1
T001,176,24,interior,,,,176,1
T001,177,24,interior,,,,177,1
T001,178,24,interior,,,,178,1
T001,179,24,interior,,,,179,1
T001,180,24,interior,,,,180,1
T001,181,24,interior,,,,181,1
T001,182,24,interior,,,,182,1
T001,183,24,interior,,,,183,1
T001,184,24,interior,,,,184,1
T001,185,24,interior,,,,185,1
T001,186,24,interior,,,,186,1
T001,187,24,interior,,,,187,1
T001,188,24,shared_edge_candidate,,L31__L7,8.0,188,1
T001,189,24,shared_edge_candidate,,L2__L7,9.0,189,1
T001,190,24,interior,,,,190,1
T001,191,24,interior,,,,191,1
T001,192,24,interior,,,,192,1
T001,193,24,interior,,,,193,1
T001,194,24,interior,,,,194,1
T001,195,24,interior,,,,195,1
T001,196,24,interior,,,,196,1
T001,197,24,interior,,,,197,1
T001,198,24,interior,,,,198,1
T001,199,24,interior,,,,199,1
T001,200,24,interior,,,,200,1
T001,201,24,interior,,,,201,1
T001,202,24,interior,,,,202,1
T001,203,24,interior,,,,203,1
T001,204,24,shared_edge_candidate,,L31__L7,9.0,204,1
T001,205,24,shared_edge_candidate,,L2__L7,10.0,205,1
T001,206,24,interior,,,,206,1
T001,207,24,interior,,,,207,1
T001,208,24,interior,,,,208,1
T001,209,24,interior,,,,209,1
T001,210,24,interior,,,,210,1
T001,211,24,interior,,,,211,1
T001,212,24,interior,,,,212,1
T001,213,24,interior,,,,213,1
T001,214,24,interior,,,,214,1
T001,215,24,interior,,,,215,1
T001,216,24,interior,,,,216,1
T001,217,24,interior,,,,217,1
T001,218,24,interior,,,,218,1
T001,219,24,shared_edge_candidate,,L31__L7,10.0,219,1
T001,220,24,shared_edge_candidate,,L2__L7,11.0,220,1
T001,221,24,interior,,,,221,1
T001,222,24,interior,,,,222,1
T001,223,24,interior,,,,223,1
T001,224,24,interior,,,,224,1
T001,225,24,interior,,,,225,1
T001,226,24,interior,,,,226,1
T001,227,24,interior,,,,227,1
T001,228,24,interior,,,,228,1
T001,229,24,interior,,,,229,1
T001,230,24,interior,,,,230,1
T001,231,24,interior,,,,231,1
T001,232,24,interior,,,,232,1
T001,233,24,shared_edge_candidate,,L31__L7,11.0,233,1
T001,234,24,shared_edge_candidate,,L2__L7,12.0,234,1
T001,235,24,interior,,,,235,1
T001,236,24,interior,,,,236,1
T001,237,24,interior,,,,237,1
T001,238,24,interior,,,,238,1
T001,239,24,interior,,,,239,1
T001,240,24,interior,,,,240,1
T001,241,24,interior,,,,241,1
T001,242,24,interior,,,,242,1
T001,243,24,interior,,,,243,1
T001,244,24,interior,,,,244,1
T001,245,24,interior,,,,245,1
T001,246,24,shared_edge_candidate,,L31__L7,12.0,246,1
T001,247,24,shared_edge_candidate,,L2__L7,13.0,247,1
T001,248,24,interior,,,,248,1
T001,249,24,interior,,,,249,1
T001,250,24,interior,,,,250,1
T001,251,24,interior,,,,251,1
T001,252,24,interior,,,,252,1
T001,253,24,interior,,,,253,1
T001,254,24,interior,,,,254,1
T001,255,24,interior,,,,255,1
T001,256,24,interior,,,,256,1
T001,257,24,interior,,,,257,1
T001,258,24,shared_edge_candidate,,L31__L7,13.0,258,1
T001,259,24,shared_edge_candidate,,L2__L7,14.0,259,1
T001,260,24,interior,,,,260,1
T001,261,24,interior,,,,261,1
T001,262,24,interior,,,,262,1
T001,263,24,interior,,,,263,1
T001,264,24,interior,,,,264,1
T001,265,24,interior,,,,265,1
T001,266,24,interior,,,,266,1
T001,267,24,interior,,,,267,1
T001,268,24,interior,,,,268,1
T001,269,24,shared_edge_candidate,,L31__L7,14.0,269,1
T001,270,24,shared_edge_candidate,,L2__L7,15.0,270,1
T001,271,24,interior,,,,271,1
T001,272,24,interior,,,,272,1
T001,273,24,interior,,,,273,1
T001,274,24,interior,,,,274,1
T001,275,24,interior,,,,275,1
T001,276,24,interior,,,,276,1
T001,277,24,interior,,,,277,1
T001,278,24,interior,,,,278,1
T001,279,24,shared_edge_candidate,,L31__L7,15.0,279,1
T001,280,24,shared_edge_candidate,,L2__L7,16.0,280,1
T001,281,24,interior,,,,281,1
T001,282,24,interior,,,,282,1
T001,283,24,interior,,,,283,1
T001,284,24,interior,,,,284,1
T001,285,24,interior,,,,285,1
T001,286,24,interior,,,,286,1
T001,287,24,interior,,,,287,1
T001,288,24,shared_edge_candidate,,L31__L7,16.0,288,1
T001,289,24,shared_edge_candidate,,L2__L7,17.0,289,1
T001,290,24,interior,,,,290,1
T001,291,24,interior,,,,291,1
T001,292,24,interior,,,,292,1
T001,293,24,interior,,,,293,1
T001,294,24,interior,,,,294,1
T001,295,24,interior,,,,295,1
T001,296,24,shared_edge_candidate,,L31__L7,17.0,296,1
T001,297,24,shared_edge_candidate,,L2__L7,18.0,297,1
T001,298,24,interior,,,,298,1
T001,299,24,interior,,,,299,1
T001,300,24,interior,,,,300,1
T001,301,24,interior,,,,301,1
T001,302,24,interior,,,,302,1
T001,303,24,shared_edge_candidate,,L31__L7,18.0,303,1
T001,304,24,shared_edge_candidate,,L2__L7,19.0,304,1
T001,305,24,interior,,,,305,1
T001,306,24,interior,,,,306,1
T001,307,24,interior,,,,307,1
T001,308,24,interior,,,,308,1
T001,309,24,shared_edge_candidate,,L31__L7,19.0,309,1
T001,310,24,shared_edge_candidate,,L2__L7,20.0,310,1
T001,311,24,interior,,,,311,1
T001,312,24,interior,,,,312,1
T001,313,24,interior,,,,313,1
T001,314,24,shared_edge_candidate,,L31__L7,20.0,314,1
T001,315,24,shared_edge_candidate,,L2__L7,21.0,315,1
T001,316,24,interior,,,,316,1
T001,317,24,interior,,,,317,1
T001,318,24,shared_edge_candidate,,L31__L7,21.0,318,1
T001,319,24,shared_edge_candidate,,L2__L7,22.0,319,1
T001,320,24,interior,,,,320,1
T001,321,24,shared_edge_candidate,,L31__L7,22.0,321,1
T001,322,24,shared_edge_candidate,,L2__L7,23.0,322,1
T001,323,24,shared_edge_candidate,,L31__L7,23.0,323,1
T001,324,24,landmark,L7,,,324,1
T002,25,24,shared_edge_candidate,,L10__L2,23.0,325,1
T002,26,24,interior,,,,326,1
T002,27,24,interior,,,,327,1
T002,28,24,interior,,,,328,1
T002,29,24,interior,,,,329,1
T002,30,24,interior,,,,330,1
T002,31,24,interior,,,,331,1
T002,32,24,interior,,,,332,1
T002,33,24,interior,,,,333,1
T002,34,24,interior,,,,334,1
T002,35,24,interior,,,,335,1
T002,36,24,interior,,,,336,1
T002,37,24,interior,,,,337,1
T002,38,24,interior,,,,338,1
T002,39,24,interior,,,,339,1
T002,40,24,interior,,,,340,1
T002,41,24,interior,,,,341,1
T002,42,24,interior,,,,342,1
T002,43,24,interior,,,,343,1
T002,44,24,interior,,,,344,1
T002,45,24,interior,,,,345,1
T002,46,24,interior,,,,346,1
T002,47,24,interior,,,,347,1
T002,48,24,shared_edge_candidate,,L10__L31,23.0,348,2
T004,23,24,shared_edge_candidate,,L10__L31,23.0,348,2
T002,49,24,shared_edge_candidate,,L10__L2,22.0,349,1
T002,50,24,interior,,,,350,1
T002,51,24,interior,,,,351,1
T002,52,24,interior,,,,352,1
T002,53,24,interior,,,,353,1
T002,54,24,interior,,,,354,1
T002,55,24,interior,,,,355,1
T002,56,24,interior,,,,356,1
T002,57,24,interior,,,,357,1
T002,58,24,interior,,,,358,1
T002,59,24,interior,,,,359,1
T002,60,24,interior,,,,360,1
T002,61,24,interior,,,,361,1
T002,62,24,interior,,,,362,1
T002,63,24,interior,,,,363,1
T002,64,24,interior,,,,364,1
T002,65,24,interior,,,,365,1
T002,66,24,interior,,,,366,1
T002,67,24,interior,,,,367,1
T002,68,24,interior,,,,368,1
T002,69,24,interior,,,,369,1
T002,70,24,interior,,,,370,1
T002,71,24,shared_edge_candidate,,L10__L31,22.0,371,2
T004,22,24,shared_edge_candidate,,L10__L31,22.0,371,2
T002,72,24,shared_edge_candidate,,L10__L2,21.0,372,1
T002,73,24,interior,,,,373,1
T002,74,24,interior,,,,374,1
T002,75,24,interior,,,,375,1
T002,76,24,interior,,,,376,1
T002,77,24,interior,,,,377,1
T002,78,24,interior,,,,378,1
T002,79,24,interior,,,,379,1
T002,80,24,interior,,,,380,1
T002,81,24,interior,,,,381,1
T002,82,24,interior,,,,382,1
T002,83,24,interior,,,,383,1
T002,84,24,interior,,,,384,1
T002,85,24,interior,,,,385,1
T002,86,24,interior,,,,386,1
T002,87,24,interior,,,,387,1
T002,88,24,interior,,,,388,1
T002,89,24,interior,,,,389,1
T002,90,24,interior,,,,390,1
T002,91,24,interior,,,,391,1
T002,92,24,interior,,,,392,1
T002,93,24,shared_edge_candidate,,L10__L31,21.0,393,2
T004,21,24,shared_edge_candidate,,L10__L31,21.0,393,2
T002,94,24,shared_edge_candidate,,L10__L2,20.0,394,1
T002,95,24,interior,,,,395,1
T002,96,24,interior,,,,396,1
T002,97,24,interior,,,,397,1
T002,98,24,interior,,,,398,1
T002,99,24,interior,,,,399,1
T002,100,24,interior,,,,400,1
T002,101,24,interior,,,,401,1
T002,102,24,interior,,,,402,1
T002,103,24,interior,,,,403,1
T002,104,24,interior,,,,404,1
T002,105,24,interior,,,,405,1
T002,106,24,interior,,,,406,1
T002,107,24,interior,,,,407,1
T002,108,24,interior,,,,408,1
T002,109,24,interior,,,,409,1
T002,110,24,interior,,,,410,1
T002,111,24,interior,,,,411,1
T002,112,24,interior,,,,412,1
T002,113,24,interior,,,,413,1
T002,114,24,shared_edge_candidate,,L10__L31,20.0,414,2
T004,20,24,shared_edge_candidate,,L10__L31,20.0,414,2
T002,115,24,shared_edge_candidate,,L10__L2,19.0,415,1
T002,116,24,interior,,,,416,1
T002,117,24,interior,,,,417,1
T002,118,24,interior,,,,418,1
T002,119,24,interior,,,,419,1
T002,120,24,interior,,,,420,1
T002,121,24,interior,,,,421,1
T002,122,24,interior,,,,422,1
T002,123,24,interior,,,,423,1
T002,124,24,interior,,,,424,1
T002,125,24,interior,,,,425,1
T002,126,24,interior,,,,426,1
T002,127,24,interior,,,,427,1
T002,128,24,interior,,,,428,1
T002,129,24,interior,,,,429,1
T002,130,24,interior,,,,430,1
T002,131,24,interior,,,,431,1
T002,132,24,interior,,,,432,1
T002,133,24,interior,,,,433,1
T002,134,24,shared_edge_candidate,,L10__L31,19.0,434,2
T004,19,24,shared_edge_candidate,,L10__L31,19.0,434,2
T002,135,24,shared_edge_candidate,,L10__L2,18.0,435,1
T002,136,24,interior,,,,436,1
T002,137,24,interior,,,,437,1
T002,138,24,interior,,,,438,1
T002,139,24,interior,,,,439,1
T002,140,24,interior,,,,440,1
T002,141,24,interior,,,,441,1
T002,142,24,interior,,,,442,1
T002,143,24,interior,,,,443,1
T002,144,24,interior,,,,444,1
T002,145,24,interior,,,,445,1
T002,146,24,interior,,,,446,1
T002,147,24,interior,,,,447,1
T002,148,24,interior,,,,448,1
T002,149,24,interior,,,,449,1
T002,150,24,interior,,,,450,1
T002,151,24,interior,,,,451,1
T002,152,24,interior,,,,452,1
T002,153,24,shared_edge_candidate,,L10__L31,18.0,453,2
T004,18,24,shared_edge_candidate,,L10__L31,18.0,453,2
T002,154,24,shared_edge_candidate,,L10__L2,17.0,454,1
T002,155,24,interior,,,,455,1
T002,156,24,interior,,,,456,1
T002,157,24,interior,,,,457,1
T002,158,24,interior,,,,458,1
T002,159,24,interior,,,,459,1
T002,160,24,interior,,,,460,1
T002,161,24,interior,,,,461,1
T002,162,24,interior,,,,462,1
T002,163,24,interior,,,,463,1
T002,164,24,interior,,,,464,1
T002,165,24,interior,,,,465,1
T002,166,24,interior,,,,466,1
T002,167,24,interior,,,,467,1
T002,168,24,interior,,,,468,1
T002,169,24,interior,,,,469,1
T002,170,24,interior,,,,470,1
T002,171,24,shared_edge_candidate,,L10__L31,17.0,471,2
T004,17,24,shared_edge_candidate,,L10__L31,17.0,471,2
T002,172,24,shared_edge_candidate,,L10__L2,16.0,472,1
T002,173,24,interior,,,,473,1
T002,174,24,interior,,,,474,1
T002,175,24,interior,,,,475,1
T002,176,24,interior,,,,476,1
T002,177,24,interior,,,,477,1
T002,178,24,interior,,,,478,1
T002,179,24,interior,,,,479,1
T002,180,24,interior,,,,480,1
T002,181,24,interior,,,,481,1
T002,182,24,interior,,,,482,1
T002,183,24,interior,,,,483,1
T002,184,24,interior,,,,484,1
T002,185,24,interior,,,,485,1
T002,186,24,interior,,,,486,1
T002,187,24,interior,,,,487,1
T002,188,24,shared_edge_candidate,,L10__L31,16.0,488,2
T004,16,24,shared_edge_candidate,,L10__L31,16.0,488,2
T002,189,24,shared_edge_candidate,,L10__L2,15.0,489,1
T002,190,24,interior,,,,490,1
T002,191,24,interior,,,,491,1
T002,192,24,interior,,,,492,1
T002,193,24,interior,,,,493,1
T002,194,24,interior,,,,494,1
T002,195,24,interior,,,,495,1
T002,196,24,interior,,,,496,1
T002,197,24,interior,,,,497,1
T002,198,24,interior,,,,498,1
T002,199,24,interior,,,,499,1
T002,200,24,interior,,,,500,1
T002,201,24,interior,,,,501,1
T002,202,24,interior,,,,502,1
T002,203,24,interior,,,,503,1
T002,204,24,shared_edge_candidate,,L10__L31,15.0,504,2
T004,15,24,shared_edge_candidate,,L10__L31,15.0,504,2
T002,205,24,shared_edge_candidate,,L10__L2,14.0,505,1
T002,206,24,interior,,,,506,1
T002,207,24,interior,,,,507,1
T002,208,24,interior,,,,508,1
T002,209,24,interior,,,,509,1
T002,210,24,interior,,,,510,1
T002,211,24,interior,,,,511,1
T002,212,24,interior,,,,512,1
T002,213,24,interior,,,,513,1
T002,214,24,interior,,,,514,1
T002,215,24,interior,,,,515,1
T002,216,24,interior,,,,516,1
T002,217,24,interior,,,,517,1
T002,218,24,interior,,,,518,1
T002,219,24,shared_edge_candidate,,L10__L31,14.0,519,2
T004,14,24,shared_edge_candidate,,L10__L31,14.0,519,2
T002,220,24,shared_edge_candidate,,L10__L2,13.0,520,1
T002,221,24,interior,,,,521,1
T002,222,24,interior,,,,522,1
T002,223,24,interior,,,,523,1
T002,224,24,interior,,,,524,1
T002,225,24,interior,,,,525,1
T002,226,24,interior,,,,526,1
T002,227,24,interior,,,,527,1
T002,228,24,interior,,,,528,1
T002,229,24,interior,,,,529,1
T002,230,24,interior,,,,530,1
T002,231,24,interior,,,,531,1
T002,232,24,interior,,,,532,1
T002,233,24,shared_edge_candidate,,L10__L31,13.0,533,2
T004,13,24,shared_edge_candidate,,L10__L31,13.0,533,2
T002,234,24,shared_edge_candidate,,L10__L2,12.0,534,1
T002,235,24,interior,,,,535,1
T002,236,24,interior,,,,536,1
T002,237,24,interior,,,,537,1
T002,238,24,interior,,,,538,1
T002,239,24,interior,,,,539,1
T002,240,24,interior,,,,540,1
T002,241,24,interior,,,,541,1
T002,242,24,interior,,,,542,1
T002,243,24,interior,,,,543,1
T002,244,24,interior,,,,544,1
T002,245,24,interior,,,,545,1
T002,246,24,shared_edge_candidate,,L10__L31,12.0,546,2
T004,12,24,shared_edge_candidate,,L10__L31,12.0,546,2
T002,247,24,shared_edge_candidate,,L10__L2,11.0,547,1
T002,248,24,interior,,,,548,1
T002,249,24,interior,,,,549,1
T002,250,24,interior,,,,550,1
T002,251,24,interior,,,,551,1
T002,252,24,interior,,,,552,1
T002,253,24,interior,,,,553,1
T002,254,24,interior,,,,554,1
T002,255,24,interior,,,,555,1
T002,256,24,interior,,,,556,1
T002,257,24,interior,,,,557,1
T002,258,24,shared_edge_candidate,,L10__L31,11.0,558,2
T004,11,24,shared_edge_candidate,,L10__L31,11.0,558,2
T002,259,24,shared_edge_candidate,,L10__L2,10.0,559,1
T002,260,24,interior,,,,560,1
T002,261,24,interior,,,,561,1
T002,262,24,interior,,,,562,1
T002,263,24,interior,,,,563,1
T002,264,24,interior,,,,564,1
T002,265,24,interior,,,,565,1
T002,266,24,interior,,,,566,1
T002,267,24,interior,,,,567,1
T002,268,24,interior,,,,568,1
T002,269,24,shared_edge_candidate,,L10__L31,10.0,569,2
T004,10,24,shared_edge_candidate,,L10__L31,10.0,569,2
T002,270,24,shared_edge_candidate,,L10__L2,9.0,570,1
T002,271,24,interior,,,,571,1
T002,272,24,interior,,,,572,1
T002,273,24,interior,,,,573,1
T002,274,24,interior,,,,574,1
T002,275,24,interior,,,,575,1
T002,276,24,interior,,,,576,1
T002,277,24,interior,,,,577,1
T002,278,24,interior,,,,578,1
T002,279,24,shared_edge_candidate,,L10__L31,9.0,579,2
T004,9,24,shared_edge_candidate,,L10__L31,9.0,579,2
T002,280,24,shared_edge_candidate,,L10__L2,8.0,580,1
T002,281,24,interior,,,,581,1
T002,282,24,interior,,,,582,1
T002,283,24,interior,,,,583,1
T002,284,24,interior,,,,584,1
T002,285,24,interior,,,,585,1
T002,286,24,interior,,,,586,1
T002,287,24,interior,,,,587,1
T002,288,24,shared_edge_candidate,,L10__L31,8.0,588,2
T004,8,24,shared_edge_candidate,,L10__L31,8.0,588,2
T002,289,24,shared_edge_candidate,,L10__L2,7.0,589,1
T002,290,24,interior,,,,590,1
T002,291,24,interior,,,,591,1
T002,292,24,interior,,,,592,1
T002,293,24,interior,,,,593,1
T002,294,24,interior,,,,594,1
T002,295,24,interior,,,,595,1
T002,296,24,shared_edge_candidate,,L10__L31,7.0,596,2
T004,7,24,shared_edge_candidate,,L10__L31,7.0,596,2
T002,297,24,shared_edge_candidate,,L10__L2,6.0,597,1
T002,298,24,interior,,,,598,1
T002,299,24,interior,,,,599,1
T002,300,24,interior,,,,600,1
T002,301,24,interior,,,,601,1
T002,302,24,interior,,,,602,1
T002,303,24,shared_edge_candidate,,L10__L31,6.0,603,2
T004,6,24,shared_edge_candidate,,L10__L31,6.0,603,2
T002,304,24,shared_edge_candidate,,L10__L2,5.0,604,1
T002,305,24,interior,,,,605,1
T002,306,24,interior,,,,606,1
T002,307,24,interior,,,,607,1
T002,308,24,interior,,,,608,1
T002,309,24,shared_edge_candidate,,L10__L31,5.0,609,2
T004,5,24,shared_edge_candidate,,L10__L31,5.0,609,2
T002,310,24,shared_edge_candidate,,L10__L2,4.0,610,1
T002,311,24,interior,,,,611,1
T002,312,24,interior,,,,612,1
T002,313,24,interior,,,,613,1
T002,314,24,shared_edge_candidate,,L10__L31,4.0,614,2
T004,4,24,shared_edge_candidate,,L10__L31,4.0,614,2
T002,315,24,shared_edge_candidate,,L10__L2,3.0,615,1
T002,316,24,interior,,,,616,1
T002,317,24,interior,,,,617,1
T002,318,24,shared_edge_candidate,,L10__L31,3.0,618,2
T004,3,24,shared_edge_candidate,,L10__L31,3.0,618,2
T002,319,24,shared_edge_candidate,,L10__L2,2.0,619,1
T002,320,24,interior,,,,620,1
T002,321,24,shared_edge_candidate,,L10__L31,2.0,621,2
T004,2,24,shared_edge_candidate,,L10__L31,2.0,621,2
T002,322,24,shared_edge_candidate,,L10__L2,1.0,622,1
T002,323,24,shared_edge_candidate,,L10__L31,1.0,623,2
T004,1,24,shared_edge_candidate,,L10__L31,1.0,623,2
T002,324,24,landmark,L10,,,624,4
T003,0,24,landmark,L10,,,624,4
T004,0,24,landmark,L10,,,624,4
T005,0,24,landmark,L10,,,624,4
T003,1,24,shared_edge_candidate,,L10__L17,1.0,625,2
T005,25,24,shared_edge_candidate,,L10__L17,1.0,625,2
T003,2,24,shared_edge_candidate,,L10__L17,2.0,626,2
T005,49,24,shared_edge_candidate,,L10__L17,2.0,626,2
T003,3,24,shared_edge_candidate,,L10__L17,3.0,627,2
T005,72,24,shared_edge_candidate,,L10__L17,3.0,627,2
T003,4,24,shared_edge_candidate,,L10__L17,4.0,628,2
T005,94,24,shared_edge_candidate,,L10__L17,4.0,628,2
T003,5,24,shared_edge_candidate,,L10__L17,5.0,629,2
T005,115,24,shared_edge_candidate,,L10__L17,5.0,629,2
T003,6,24,shared_edge_candidate,,L10__L17,6.0,630,2
T005,135,24,shared_edge_candidate,,L10__L17,6.0,630,2
T003,7,24,shared_edge_candidate,,L10__L17,7.0,631,2
T005,154,24,shared_edge_candidate,,L10__L17,7.0,631,2
T003,8,24,shared_edge_candidate,,L10__L17,8.0,632,2
T005,172,24,shared_edge_candidate,,L10__L17,8.0,632,2
T003,9,24,shared_edge_candidate,,L10__L17,9.0,633,2
T005,189,24,shared_edge_candidate,,L10__L17,9.0,633,2
T003,10,24,shared_edge_candidate,,L10__L17,10.0,634,2
T005,205,24,shared_edge_candidate,,L10__L17,10.0,634,2
T003,11,24,shared_edge_candidate,,L10__L17,11.0,635,2
T005,220,24,shared_edge_candidate,,L10__L17,11.0,635,2
T003,12,24,shared_edge_candidate,,L10__L17,12.0,636,2
T005,234,24,shared_edge_candidate,,L10__L17,12.0,636,2
T003,13,24,shared_edge_candidate,,L10__L17,13.0,637,2
T005,247,24,shared_edge_candidate,,L10__L17,13.0,637,2
T003,14,24,shared_edge_candidate,,L10__L17,14.0,638,2
T005,259,24,shared_edge_candidate,,L10__L17,14.0,638,2
T003,15,24,shared_edge_candidate,,L10__L17,15.0,639,2
T005,270,24,shared_edge_candidate,,L10__L17,15.0,639,2
T003,16,24,shared_edge_candidate,,L10__L17,16.0,640,2
T005,280,24,shared_edge_candidate,,L10__L17,16.0,640,2
T003,17,24,shared_edge_candidate,,L10__L17,17.0,641,2
T005,289,24,shared_edge_candidate,,L10__L17,17.0,641,2
T003,18,24,shared_edge_candidate,,L10__L17,18.0,642,2
T005,297,24,shared_edge_candidate,,L10__L17,18.0,642,2
T003,19,24,shared_edge_candidate,,L10__L17,19.0,643,2
T005,304,24,shared_edge_candidate,,L10__L17,19.0,643,2
T003,20,24,shared_edge_candidate,,L10__L17,20.0,644,2
T005,310,24,shared_edge_candidate,,L10__L17,20.0,644,2
T003,21,24,shared_edge_candidate,,L10__L17,21.0,645,2
T005,315,24,shared_edge_candidate,,L10__L17,21.0,645,2
T003,22,24,shared_edge_candidate,,L10__L17,22.0,646,2
T005,319,24,shared_edge_candidate,,L10__L17,22.0,646,2
T003,23,24,shared_edge_candidate,,L10__L17,23.0,647,2
T005,322,24,shared_edge_candidate,,L10__L17,23.0,647,2
T003,24,24,landmark,L17,,,648,5
T005,324,24,landmark,L17,,,648,5
T006,324,24,landmark,L17,,,648,5
T009,0,24,landmark,L17,,,648,5
T010,0,24,landmark,L17,,,648,5
T003,25,24,shared_edge_candidate,,L10__L13,1.0,649,2
T004,25,24,shared_edge_candidate,,L10__L13,1.0,649,2
T003,26,24,interior,,,,650,1
T003,27,24,interior,,,,651,1
T003,28,24,interior,,,,652,1
T003,29,24,interior,,,,653,1
T003,30,24,interior,,,,654,1
T003,31,24,interior,,,,655,1
T003,32,24,interior,,,,656,1
T003,33,24,interior,,,,657,1
T003,34,24,interior,,,,658,1
T003,35,24,interior,,,,659,1
T003,36,24,interior,,,,660,1
T003,37,24,interior,,,,661,1
T003,38,24,interior,,,,662,1
T003,39,24,interior,,,,663,1
T003,40,24,interior,,,,664,1
T003,41,24,interior,,,,665,1
T003,42,24,interior,,,,666,1
T003,43,24,interior,,,,667,1
T003,44,24,interior,,,,668,1
T003,45,24,interior,,,,669,1
T003,46,24,interior,,,,670,1
T003,47,24,interior,,,,671,1
T003,48,24,shared_edge_candidate,,L13__L17,23.0,672,2
T006,322,24,shared_edge_candidate,,L13__L17,23.0,672,2
T003,49,24,shared_edge_candidate,,L10__L13,2.0,673,2
T004,49,24,shared_edge_candidate,,L10__L13,2.0,673,2
T003,50,24,interior,,,,674,1
T003,51,24,interior,,,,675,1
T003,52,24,interior,,,,676,1
T003,53,24,interior,,,,677,1
T003,54,24,interior,,,,678,1
T003,55,24,interior,,,,679,1
T003,56,24,interior,,,,680,1
T003,57,24,interior,,,,681,1
T003,58,24,interior,,,,682,1
T003,59,24,interior,,,,683,1
T003,60,24,interior,,,,684,1
T003,61,24,interior,,,,685,1
T003,62,24,interior,,,,686,1
T003,63,24,interior,,,,687,1
T003,64,24,interior,,,,688,1
T003,65,24,interior,,,,689,1
T003,66,24,interior,,,,690,1
T003,67,24,interior,,,,691,1
T003,68,24,interior,,,,692,1
T003,69,24,interior,,,,693,1
T003,70,24,interior,,,,694,1
T003,71,24,shared_edge_candidate,,L13__L17,22.0,695,2
T006,319,24,shared_edge_candidate,,L13__L17,22.0,695,2
T003,72,24,shared_edge_candidate,,L10__L13,3.0,696,2
T004,72,24,shared_edge_candidate,,L10__L13,3.0,696,2
T003,73,24,interior,,,,697,1
T003,74,24,interior,,,,698,1
T003,75,24,interior,,,,699,1
T003,76,24,interior,,,,700,1
T003,77,24,interior,,,,701,1
T003,78,24,interior,,,,702,1
T003,79,24,interior,,,,703,1
T003,80,24,interior,,,,704,1
T003,81,24,interior,,,,705,1
T003,82,24,interior,,,,706,1
T003,83,24,interior,,,,707,1
T003,84,24,interior,,,,708,1
T003,85,24,interior,,,,709,1
T003,86,24,interior,,,,710,1
T003,87,24,interior,,,,711,1
T003,88,24,interior,,,,712,1
T003,89,24,interior,,,,713,1
T003,90,24,interior,,,,714,1
T003,91,24,interior,,,,715,1
T003,92,24,interior,,,,716,1
T003,93,24,shared_edge_candidate,,L13__L17,21.0,717,2
T006,315,24,shared_edge_candidate,,L13__L17,21.0,717,2
T003,94,24,shared_edge_candidate,,L10__L13,4.0,718,2
T004,94,24,shared_edge_candidate,,L10__L13,4.0,718,2
T003,95,24,interior,,,,719,1
T003,96,24,interior,,,,720,1
T003,97,24,interior,,,,721,1
T003,98,24,interior,,,,722,1
T003,99,24,interior,,,,723,1
T003,100,24,interior,,,,724,1
T003,101,24,interior,,,,725,1
T003,102,24,interior,,,,726,1
T003,103,24,interior,,,,727,1
T003,104,24,interior,,,,728,1
T003,105,24,interior,,,,729,1
T003,106,24,interior,,,,730,1
T003,107,24,interior,,,,731,1
T003,108,24,interior,,,,732,1
T003,109,24,interior,,,,733,1
T003,110,24,interior,,,,734,1
T003,111,24,interior,,,,735,1
T003,112,24,interior,,,,736,1
T003,113,24,interior,,,,737,1
T003,114,24,shared_edge_candidate,,L13__L17,20.0,738,2
T006,310,24,shared_edge_candidate,,L13__L17,20.0,738,2
T003,115,24,shared_edge_candidate,,L10__L13,5.0,739,2
T004,115,24,shared_edge_candidate,,L10__L13,5.0,739,2
T003,116,24,interior,,,,740,1
T003,117,24,interior,,,,741,1
T003,118,24,interior,,,,742,1
T003,119,24,interior,,,,743,1
T003,120,24,interior,,,,744,1
T003,121,24,interior,,,,745,1
T003,122,24,interior,,,,746,1
T003,123,24,interior,,,,747,1
T003,124,24,interior,,,,748,1
T003,125,24,interior,,,,749,1
T003,126,24,interior,,,,750,1
T003,127,24,interior,,,,751,1
T003,128,24,interior,,,,752,1
T003,129,24,interior,,,,753,1
T003,130,24,interior,,,,754,1
T003,131,24,interior,,,,755,1
T003,132,24,interior,,,,756,1
T003,133,24,interior,,,,757,1
T003,134,24,shared_edge_candidate,,L13__L17,19.0,758,2
T006,304,24,shared_edge_candidate,,L13__L17,19.0,758,2
T003,135,24,shared_edge_candidate,,L10__L13,6.0,759,2
T004,135,24,shared_edge_candidate,,L10__L13,6.0,759,2
T003,136,24,interior,,,,760,1
T003,137,24,interior,,,,761,1
T003,138,24,interior,,,,762,1
T003,139,24,interior,,,,763,1
T003,140,24,interior,,,,764,1
T003,141,24,interior,,,,765,1
T003,142,24,interior,,,,766,1
T003,143,24,interior,,,,767,1
T003,144,24,interior,,,,768,1
T003,145,24,interior,,,,769,1
T003,146,24,interior,,,,770,1
T003,147,24,interior,,,,771,1
T003,148,24,interior,,,,772,1
T003,149,24,interior,,,,773,1
T003,150,24,interior,,,,774,1
T003,151,24,interior,,,,775,1
T003,152,24,interior,,,,776,1
T003,153,24,shared_edge_candidate,,L13__L17,18.0,777,2
T006,297,24,shared_edge_candidate,,L13__L17,18.0,777,2
T003,154,24,shared_edge_candidate,,L10__L13,7.0,778,2
T004,154,24,shared_edge_candidate,,L10__L13,7.0,778,2
T003,155,24,interior,,,,779,1
T003,156,24,interior,,,,780,1
T003,157,24,interior,,,,781,1
T003,158,24,interior,,,,782,1
T003,159,24,interior,,,,783,1
T003,160,24,interior,,,,784,1
T003,161,24,interior,,,,785,1
T003,162,24,interior,,,,786,1
T003,163,24,interior,,,,787,1
T003,164,24,interior,,,,788,1
T003,165,24,interior,,,,789,1
T003,166,24,interior,,,,790,1
T003,167,24,interior,,,,791,1
T003,168,24,interior,,,,792,1
T003,169,24,interior,,,,793,1
T003,170,24,interior,,,,794,1
T003,171,24,shared_edge_candidate,,L13__L17,17.0,795,2
T006,289,24,shared_edge_candidate,,L13__L17,17.0,795,2
T003,172,24,shared_edge_candidate,,L10__L13,8.0,796,2
T004,172,24,shared_edge_candidate,,L10__L13,8.0,796,2
T003,173,24,interior,,,,797,1
T003,174,24,interior,,,,798,1
T003,175,24,interior,,,,799,1
T003,176,24,interior,,,,800,1
T003,177,24,interior,,,,801,1
T003,178,24,interior,,,,802,1
T003,179,24,interior,,,,803,1
T003,180,24,interior,,,,804,1
T003,181,24,interior,,,,805,1
T003,182,24,interior,,,,806,1
T003,183,24,interior,,,,807,1
T003,184,24,interior,,,,808,1
T003,185,24,interior,,,,809,1
T003,186,24,interior,,,,810,1
T003,187,24,interior,,,,811,1
T003,188,24,shared_edge_candidate,,L13__L17,16.0,812,2
T006,280,24,shared_edge_candidate,,L13__L17,16.0,812,2
T003,189,24,shared_edge_candidate,,L10__L13,9.0,813,2
T004,189,24,shared_edge_candidate,,L10__L13,9.0,813,2
T003,190,24,interior,,,,814,1
T003,191,24,interior,,,,815,1
T003,192,24,interior,,,,816,1
T003,193,24,interior,,,,817,1
T003,194,24,interior,,,,818,1
T003,195,24,interior,,,,819,1
T003,196,24,interior,,,,820,1
T003,197,24,interior,,,,821,1
T003,198,24,interior,,,,822,1
T003,199,24,interior,,,,823,1
T003,200,24,interior,,,,824,1
T003,201,24,interior,,,,825,1
T003,202,24,interior,,,,826,1
T003,203,24,interior,,,,827,1
T003,204,24,shared_edge_candidate,,L13__L17,15.0,828,2
T006,270,24,shared_edge_candidate,,L13__L17,15.0,828,2
T003,205,24,shared_edge_candidate,,L10__L13,10.0,829,2
T004,205,24,shared_edge_candidate,,L10__L13,10.0,829,2
T003,206,24,interior,,,,830,1
T003,207,24,interior,,,,831,1
T003,208,24,interior,,,,832,1
T003,209,24,interior,,,,833,1
T003,210,24,interior,,,,834,1
T003,211,24,interior,,,,835,1
T003,212,24,interior,,,,836,1
T003,213,24,interior,,,,837,1
T003,214,24,interior,,,,838,1
T003,215,24,interior,,,,839,1
T003,216,24,interior,,,,840,1
T003,217,24,interior,,,,841,1
T003,218,24,interior,,,,842,1
T003,219,24,shared_edge_candidate,,L13__L17,14.0,843,2
T006,259,24,shared_edge_candidate,,L13__L17,14.0,843,2
T003,220,24,shared_edge_candidate,,L10__L13,11.0,844,2
T004,220,24,shared_edge_candidate,,L10__L13,11.0,844,2
T003,221,24,interior,,,,845,1
T003,222,24,interior,,,,846,1
T003,223,24,interior,,,,847,1
T003,224,24,interior,,,,848,1
T003,225,24,interior,,,,849,1
T003,226,24,interior,,,,850,1
T003,227,24,interior,,,,851,1
T003,228,24,interior,,,,852,1
T003,229,24,interior,,,,853,1
T003,230,24,interior,,,,854,1
T003,231,24,interior,,,,855,1
T003,232,24,interior,,,,856,1
T003,233,24,shared_edge_candidate,,L13__L17,13.0,857,2
T006,247,24,shared_edge_candidate,,L13__L17,13.0,857,2
T003,234,24,shared_edge_candidate,,L10__L13,12.0,858,2
T004,234,24,shared_edge_candidate,,L10__L13,12.0,858,2
T003,235,24,interior,,,,859,1
T003,236,24,interior,,,,860,1
T003,237,24,interior,,,,861,1
T003,238,24,interior,,,,862,1
T003,239,24,interior,,,,863,1
T003,240,24,interior,,,,864,1
T003,241,24,interior,,,,865,1
T003,242,24,interior,,,,866,1
T003,243,24,interior,,,,867,1
T003,244,24,interior,,,,868,1
T003,245,24,interior,,,,869,1
T003,246,24,shared_edge_candidate,,L13__L17,12.0,870,2
T006,234,24,shared_edge_candidate,,L13__L17,12.0,870,2
T003,247,24,shared_edge_candidate,,L10__L13,13.0,871,2
T004,247,24,shared_edge_candidate,,L10__L13,13.0,871,2
T003,248,24,interior,,,,872,1
T003,249,24,interior,,,,873,1
T003,250,24,interior,,,,874,1
T003,251,24,interior,,,,875,1
T003,252,24,interior,,,,876,1
T003,253,24,interior,,,,877,1
T003,254,24,interior,,,,878,1
T003,255,24,interior,,,,879,1
T003,256,24,interior,,,,880,1
T003,257,24,interior,,,,881,1
T003,258,24,shared_edge_candidate,,L13__L17,11.0,882,2
T006,220,24,shared_edge_candidate,,L13__L17,11.0,882,2
T003,259,24,shared_edge_candidate,,L10__L13,14.0,883,2
T004,259,24,shared_edge_candidate,,L10__L13,14.0,883,2
T003,260,24,interior,,,,884,1
T003,261,24,interior,,,,885,1
T003,262,24,interior,,,,886,1
T003,263,24,interior,,,,887,1
T003,264,24,interior,,,,888,1
T003,265,24,interior,,,,889,1
T003,266,24,interior,,,,890,1
T003,267,24,interior,,,,891,1
T003,268,24,interior,,,,892,1
T003,269,24,shared_edge_candidate,,L13__L17,10.0,893,2
T006,205,24,shared_edge_candidate,,L13__L17,10.0,893,2
T003,270,24,shared_edge_candidate,,L10__L13,15.0,894,2
T004,270,24,shared_edge_candidate,,L10__L13,15.0,894,2
T003,271,24,interior,,,,895,1
T003,272,24,interior,,,,896,1
T003,273,24,interior,,,,897,1
T003,274,24,interior,,,,898,1
T003,275,24,interior,,,,899,1
T003,276,24,interior,,,,900,1
T003,277,24,interior,,,,901,1
T003,278,24,interior,,,,902,1
T003,279,24,shared_edge_candidate,,L13__L17,9.0,903,2
T006,189,24,shared_edge_candidate,,L13__L17,9.0,903,2
T003,280,24,shared_edge_candidate,,L10__L13,16.0,904,2
T004,280,24,shared_edge_candidate,,L10__L13,16.0,904,2
T003,281,24,interior,,,,905,1
T003,282,24,interior,,,,906,1
T003,283,24,interior,,,,907,1
T003,284,24,interior,,,,908,1
T003,285,24,interior,,,,909,1
T003,286,24,interior,,,,910,1
T003,287,24,interior,,,,911,1
T003,288,24,shared_edge_candidate,,L13__L17,8.0,912,2
T006,172,24,shared_edge_candidate,,L13__L17,8.0,912,2
T003,289,24,shared_edge_candidate,,L10__L13,17.0,913,2
T004,289,24,shared_edge_candidate,,L10__L13,17.0,913,2
T003,290,24,interior,,,,914,1
T003,291,24,interior,,,,915,1
T003,292,24,interior,,,,916,1
T003,293,24,interior,,,,917,1
T003,294,24,interior,,,,918,1
T003,295,24,interior,,,,919,1
T003,296,24,shared_edge_candidate,,L13__L17,7.0,920,2
T006,154,24,shared_edge_candidate,,L13__L17,7.0,920,2
T003,297,24,shared_edge_candidate,,L10__L13,18.0,921,2
T004,297,24,shared_edge_candidate,,L10__L13,18.0,921,2
T003,298,24,interior,,,,922,1
T003,299,24,interior,,,,923,1
T003,300,24,interior,,,,924,1
T003,301,24,interior,,,,925,1
T003,302,24,interior,,,,926,1
T003,303,24,shared_edge_candidate,,L13__L17,6.0,927,2
T006,135,24,shared_edge_candidate,,L13__L17,6.0,927,2
T003,304,24,shared_edge_candidate,,L10__L13,19.0,928,2
T004,304,24,shared_edge_candidate,,L10__L13,19.0,928,2
T003,305,24,interior,,,,929,1
T003,306,24,interior,,,,930,1
T003,307,24,interior,,,,931,1
T003,308,24,interior,,,,932,1
T003,309,24,shared_edge_candidate,,L13__L17,5.0,933,2
T006,115,24,shared_edge_candidate,,L13__L17,5.0,933,2
T003,310,24,shared_edge_candidate,,L10__L13,20.0,934,2
T004,310,24,shared_edge_candidate,,L10__L13,20.0,934,2
T003,311,24,interior,,,,935,1
T003,312,24,interior,,,,936,1
T003,313,24,interior,,,,937,1
T003,314,24,shared_edge_candidate,,L13__L17,4.0,938,2
T006,94,24,shared_edge_candidate,,L13__L17,4.0,938,2
T003,315,24,shared_edge_candidate,,L10__L13,21.0,939,2
T004,315,24,shared_edge_candidate,,L10__L13,21.0,939,2
T003,316,24,interior,,,,940,1
T003,317,24,interior,,,,941,1
T003,318,24,shared_edge_candidate,,L13__L17,3.0,942,2
T006,72,24,shared_edge_candidate,,L13__L17,3.0,942,2
T003,319,24,shared_edge_candidate,,L10__L13,22.0,943,2
T004,319,24,shared_edge_candidate,,L10__L13,22.0,943,2
T003,320,24,interior,,,,944,1
T003,321,24,shared_edge_candidate,,L13__L17,2.0,945,2
T006,49,24,shared_edge_candidate,,L13__L17,2.0,945,2
T003,322,24,shared_edge_candidate,,L10__L13,23.0,946,2
T004,322,24,shared_edge_candidate,,L10__L13,23.0,946,2
T003,323,24,shared_edge_candidate,,L13__L17,1.0,947,2
T006,25,24,shared_edge_candidate,,L13__L17,1.0,947,2
T003,324,24,landmark,L13,,,948,4
T004,324,24,landmark,L13,,,948,4
T006,0,24,landmark,L13,,,948,4
T007,0,24,landmark,L13,,,948,4
T004,26,24,interior,,,,949,1
T004,27,24,interior,,,,950,1
T004,28,24,interior,,,,951,1
T004,29,24,interior,,,,952,1
T004,30,24,interior,,,,953,1
T004,31,24,interior,,,,954,1
T004,32,24,interior,,,,955,1
T004,33,24,interior,,,,956,1
T004,34,24,interior,,,,957,1
T004,35,24,interior,,,,958,1
T004,36,24,interior,,,,959,1
T004,37,24,interior,,,,960,1
T004,38,24,interior,,,,961,1
T004,39,24,interior,,,,962,1
T004,40,24,interior,,,,963,1
T004,41,24,interior,,,,964,1
T004,42,24,interior,,,,965,1
T004,43,24,interior,,,,966,1
T004,44,24,interior,,,,967,1
T004,45,24,interior,,,,968,1
T004,46,24,interior,,,,969,1
T004,47,24,interior,,,,970,1
T004,48,24,shared_edge_candidate,,L13__L31,23.0,971,1
T004,50,24,interior,,,,972,1
T004,51,24,interior,,,,973,1
T004,52,24,interior,,,,974,1
T004,53,24,interior,,,,975,1
T004,54,24,interior,,,,976,1
T004,55,24,interior,,,,977,1
T004,56,24,interior,,,,978,1
T004,57,24,interior,,,,979,1
T004,58,24,interior,,,,980,1
T004,59,24,interior,,,,981,1
T004,60,24,interior,,,,982,1
T004,61,24,interior,,,,983,1
T004,62,24,interior,,,,984,1
T004,63,24,interior,,,,985,1
T004,64,24,interior,,,,986,1
T004,65,24,interior,,,,987,1
T004,66,24,interior,,,,988,1
T004,67,24,interior,,,,989,1
T004,68,24,interior,,,,990,1
T004,69,24,interior,,,,991,1
T004,70,24,interior,,,,992,1
T004,71,24,shared_edge_candidate,,L13__L31,22.0,993,1
T004,73,24,interior,,,,994,1
T004,74,24,interior,,,,995,1
T004,75,24,interior,,,,996,1
T004,76,24,interior,,,,997,1
T004,77,24,interior,,,,998,1
T004,78,24,interior,,,,999,1
T004,79,24,interior,,,,1000,1
T004,80,24,interior,,,,1001,1
T004,81,24,interior,,,,1002,1
T004,82,24,interior,,,,1003,1
T004,83,24,interior,,,,1004,1
T004,84,24,interior,,,,1005,1
T004,85,24,interior,,,,1006,1
T004,86,24,interior,,,,1007,1
T004,87,24,interior,,,,1008,1
T004,88,24,interior,,,,1009,1
T004,89,24,interior,,,,1010,1
T004,90,24,interior,,,,1011,1
T004,91,24,interior,,,,1012,1
T004,92,24,interior,,,,1013,1
T004,93,24,shared_edge_candidate,,L13__L31,21.0,1014,1
T004,95,24,interior,,,,1015,1
T004,96,24,interior,,,,1016,1
T004,97,24,interior,,,,1017,1
T004,98,24,interior,,,,1018,1
T004,99,24,interior,,,,1019,1
T004,100,24,interior,,,,1020,1
T004,101,24,interior,,,,1021,1
T004,102,24,interior,,,,1022,1
T004,103,24,interior,,,,1023,1
T004,104,24,interior,,,,1024,1
T004,105,24,interior,,,,1025,1
T004,106,24,interior,,,,1026,1
T004,107,24,interior,,,,1027,1
T004,108,24,interior,,,,1028,1
T004,109,24,interior,,,,1029,1
T004,110,24,interior,,,,1030,1
T004,111,24,interior,,,,1031,1
T004,112,24,interior,,,,1032,1
T004,113,24,interior,,,,1033,1
T004,114,24,shared_edge_candidate,,L13__L31,20.0,1034,1
T004,116,24,interior,,,,1035,1
T004,117,24,interior,,,,1036,1
T004,118,24,interior,,,,1037,1
T004,119,24,interior,,,,1038,1
T004,120,24,interior,,,,1039,1
T004,121,24,interior,,,,1040,1
T004,122,24,interior,,,,1041,1
T004,123,24,interior,,,,1042,1
T004,124,24,interior,,,,1043,1
T004,125,24,interior,,,,1044,1
T004,126,24,interior,,,,1045,1
T004,127,24,interior,,,,1046,1
T004,128,24,interior,,,,1047,1
T004,129,24,interior,,,,1048,1
T004,130,24,interior,,,,1049,1
T004,131,24,interior,,,,1050,1
T004,132,24,interior,,,,1051,1
T004,133,24,interior,,,,1052,1
T004,134,24,shared_edge_candidate,,L13__L31,19.0,1053,1
T004,136,24,interior,,,,1054,1
T004,137,24,interior,,,,1055,1
T004,138,24,interior,,,,1056,1
T004,139,24,interior,,,,1057,1
T004,140,24,interior,,,,1058,1
T004,141,24,interior,,,,1059,1
T004,142,24,interior,,,,1060,1
T004,143,24,interior,,,,1061,1
T004,144,24,interior,,,,1062,1
T004,145,24,interior,,,,1063,1
T004,146,24,interior,,,,1064,1
T004,147,24,interior,,,,1065,1
T004,148,24,interior,,,,1066,1
T004,149,24,interior,,,,1067,1
T004,150,24,interior,,,,1068,1
T004,151,24,interior,,,,1069,1
T004,152,24,interior,,,,1070,1
T004,153,24,shared_edge_candidate,,L13__L31,18.0,1071,1
T004,155,24,interior,,,,1072,1
T004,156,24,interior,,,,1073,1
T004,157,24,interior,,,,1074,1
T004,158,24,interior,,,,1075,1
T004,159,24,interior,,,,1076,1
T004,160,24,interior,,,,1077,1
T004,161,24,interior,,,,1078,1
T004,162,24,interior,,,,1079,1
T004,163,24,interior,,,,1080,1
T004,164,24,interior,,,,1081,1
T004,165,24,interior,,,,1082,1
T004,166,24,interior,,,,1083,1
T004,167,24,interior,,,,1084,1
T004,168,24,interior,,,,1085,1
T004,169,24,interior,,,,1086,1
T004,170,24,interior,,,,1087,1
T004,171,24,shared_edge_candidate,,L13__L31,17.0,1088,1
T004,173,24,interior,,,,1089,1
T004,174,24,interior,,,,1090,1
T004,175,24,interior,,,,1091,1
T004,176,24,interior,,,,1092,1
T004,177,24,interior,,,,1093,1
T004,178,24,interior,,,,1094,1
T004,179,24,interior,,,,1095,1
T004,180,24,interior,,,,1096,1
T004,181,24,interior,,,,1097,1
T004,182,24,interior,,,,1098,1
T004,183,24,interior,,,,1099,1
T004,184,24,interior,,,,1100,1
T004,185,24,interior,,,,1101,1
T004,186,24,interior,,,,1102,1
T004,187,24,interior,,,,1103,1
T004,188,24,shared_edge_candidate,,L13__L31,16.0,1104,1
T004,190,24,interior,,,,1105,1
T004,191,24,interior,,,,1106,1
T004,192,24,interior,,,,1107,1
T004,193,24,interior,,,,1108,1
T004,194,24,interior,,,,1109,1
T004,195,24,interior,,,,1110,1
T004,196,24,interior,,,,1111,1
T004,197,24,interior,,,,1112,1
T004,198,24,interior,,,,1113,1
T004,199,24,interior,,,,1114,1
T004,200,24,interior,,,,1115,1
T004,201,24,interior,,,,1116,1
T004,202,24,interior,,,,1117,1
T004,203,24,interior,,,,1118,1
T004,204,24,shared_edge_candidate,,L13__L31,15.0,1119,1
T004,206,24,interior,,,,1120,1
T004,207,24,interior,,,,1121,1
T004,208,24,interior,,,,1122,1
T004,209,24,interior,,,,1123,1
T004,210,24,interior,,,,1124,1
T004,211,24,interior,,,,1125,1
T004,212,24,interior,,,,1126,1
T004,213,24,interior,,,,1127,1
T004,214,24,interior,,,,1128,1
T004,215,24,interior,,,,1129,1
T004,216,24,interior,,,,1130,1
T004,217,24,interior,,,,1131,1
T004,218,24,interior,,,,1132,1
T004,219,24,shared_edge_candidate,,L13__L31,14.0,1133,1
T004,221,24,interior,,,,1134,1
T004,222,24,interior,,,,1135,1
T004,223,24,interior,,,,1136,1
T004,224,24,interior,,,,1137,1
T004,225,24,interior,,,,1138,1
T004,226,24,interior,,,,1139,1
T004,227,24,interior,,,,1140,1
T004,228,24,interior,,,,1141,1
T004,229,24,interior,,,,1142,1
T004,230,24,interior,,,,1143,1
T004,231,24,interior,,,,1144,1
T004,232,24,interior,,,,1145,1
T004,233,24,shared_edge_candidate,,L13__L31,13.0,1146,1
T004,235,24,interior,,,,1147,1
T004,236,24,interior,,,,1148,1
T004,237,24,interior,,,,1149,1
T004,238,24,interior,,,,1150,1
T004,239,24,interior,,,,1151,1
T004,240,24,interior,,,,1152,1
T004,241,24,interior,,,,1153,1
T004,242,24,interior,,,,1154,1
T004,243,24,interior,,,,1155,1
T004,244,24,interior,,,,1156,1
T004,245,24,interior,,,,1157,1
T004,246,24,shared_edge_candidate,,L13__L31,12.0,1158,1
T004,248,24,interior,,,,1159,1
T004,249,24,interior,,,,1160,1
T004,250,24,interior,,,,1161,1
T004,251,24,interior,,,,1162,1
T004,252,24,interior,,,,1163,1
T004,253,24,interior,,,,1164,1
T004,254,24,interior,,,,1165,1
T004,255,24,interior,,,,1166,1
T004,256,24,interior,,,,1167,1
T004,257,24,interior,,,,1168,1
T004,258,24,shared_edge_candidate,,L13__L31,11.0,1169,1
T004,260,24,interior,,,,1170,1
T004,261,24,interior,,,,1171,1
T004,262,24,interior,,,,1172,1
T004,263,24,interior,,,,1173,1
T004,264,24,interior,,,,1174,1
T004,265,24,interior,,,,1175,1
T004,266,24,interior,,,,1176,1
T004,267,24,interior,,,,1177,1
T004,268,24,interior,,,,1178,1
T004,269,24,shared_edge_candidate,,L13__L31,10.0,1179,1
T004,271,24,interior,,,,1180,1
T004,272,24,interior,,,,1181,1
T004,273,24,interior,,,,1182,1
T004,274,24,interior,,,,1183,1
T004,275,24,interior,,,,1184,1
T004,276,24,interior,,,,1185,1
T004,277,24,interior,,,,1186,1
T004,278,24,interior,,,,1187,1
T004,279,24,shared_edge_candidate,,L13__L31,9.0,1188,1
T004,281,24,interior,,,,1189,1
T004,282,24,interior,,,,1190,1
T004,283,24,interior,,,,1191,1
T004,284,24,interior,,,,1192,1
T004,285,24,interior,,,,1193,1
T004,286,24,interior,,,,1194,1
T004,287,24,interior,,,,1195,1
T004,288,24,shared_edge_candidate,,L13__L31,8.0,1196,1
T004,290,24,interior,,,,1197,1
T004,291,24,interior,,,,1198,1
T004,292,24,interior,,,,1199,1
T004,293,24,interior,,,,1200,1
T004,294,24,interior,,,,1201,1
T004,295,24,interior,,,,1202,1
T004,296,24,shared_edge_candidate,,L13__L31,7.0,1203,1
T004,298,24,interior,,,,1204,1
T004,299,24,interior,,,,1205,1
T004,300,24,interior,,,,1206,1
T004,301,24,interior,,,,1207,1
T004,302,24,interior,,,,1208,1
T004,303,24,shared_edge_candidate,,L13__L31,6.0,1209,1
T004,305,24,interior,,,,1210,1
T004,306,24,interior,,,,1211,1
T004,307,24,interior,,,,1212,1
T004,308,24,interior,,,,1213,1
T004,309,24,shared_edge_candidate,,L13__L31,5.0,1214,1
T004,311,24,interior,,,,1215,1
T004,312,24,interior,,,,1216,1
T004,313,24,interior,,,,1217,1
T004,314,24,shared_edge_candidate,,L13__L31,4.0,1218,1
T004,316,24,interior,,,,1219,1
T004,317,24,interior,,,,1220,1
T004,318,24,shared_edge_candidate,,L13__L31,3.0,1221,1
T004,320,24,interior,,,,1222,1
T004,321,24,shared_edge_candidate,,L13__L31,2.0,1223,1
T004,323,24,shared_edge_candidate,,L13__L31,1.0,1224,1
T005,1,24,shared_edge_candidate,,L10__L18,1.0,1225,1
T005,2,24,shared_edge_candidate,,L10__L18,2.0,1226,1
T005,3,24,shared_edge_candidate,,L10__L18,3.0,1227,1
T005,4,24,shared_edge_candidate,,L10__L18,4.0,1228,1
T005,5,24,shared_edge_candidate,,L10__L18,5.0,1229,1
T005,6,24,shared_edge_candidate,,L10__L18,6.0,1230,1
T005,7,24,shared_edge_candidate,,L10__L18,7.0,1231,1
T005,8,24,shared_edge_candidate,,L10__L18,8.0,1232,1
T005,9,24,shared_edge_candidate,,L10__L18,9.0,1233,1
T005,10,24,shared_edge_candidate,,L10__L18,10.0,1234,1
T005,11,24,shared_edge_candidate,,L10__L18,11.0,1235,1
T005,12,24,shared_edge_candidate,,L10__L18,12.0,1236,1
T005,13,24,shared_edge_candidate,,L10__L18,13.0,1237,1
T005,14,24,shared_edge_candidate,,L10__L18,14.0,1238,1
T005,15,24,shared_edge_candidate,,L10__L18,15.0,1239,1
T005,16,24,shared_edge_candidate,,L10__L18,16.0,1240,1
T005,17,24,shared_edge_candidate,,L10__L18,17.0,1241,1
T005,18,24,shared_edge_candidate,,L10__L18,18.0,1242,1
T005,19,24,shared_edge_candidate,,L10__L18,19.0,1243,1
T005,20,24,shared_edge_candidate,,L10__L18,20.0,1244,1
T005,21,24,shared_edge_candidate,,L10__L18,21.0,1245,1
T005,22,24,shared_edge_candidate,,L10__L18,22.0,1246,1
T005,23,24,shared_edge_candidate,,L10__L18,23.0,1247,1
T005,24,24,landmark,L18,,,1248,4
T008,324,24,landmark,L18,,,1248,4
T009,324,24,landmark,L18,,,1248,4
T011,0,24,landmark,L18,,,1248,4
T005,26,24,interior,,,,1249,1
T005,27,24,interior,,,,1250,1
T005,28,24,interior,,,,1251,1
T005,29,24,interior,,,,1252,1
T005,30,24,interior,,,,1253,1
T005,31,24,interior,,,,1254,1
T005,32,24,interior,,,,1255,1
T005,33,24,interior,,,,1256,1
T005,34,24,interior,,,,1257,1
T005,35,24,interior,,,,1258,1
T005,36,24,interior,,,,1259,1
T005,37,24,interior,,,,1260,1
T005,38,24,interior,,,,1261,1
T005,39,24,interior,,,,1262,1
T005,40,24,interior,,,,1263,1
T005,41,24,interior,,,,1264,1
T005,42,24,interior,,,,1265,1
T005,43,24,interior,,,,1266,1
T005,44,24,interior,,,,1267,1
T005,45,24,interior,,,,1268,1
T005,46,24,interior,,,,1269,1
T005,47,24,interior,,,,1270,1
T005,48,24,shared_edge_candidate,,L17__L18,23.0,1271,2
T009,322,24,shared_edge_candidate,,L17__L18,23.0,1271,2
T005,50,24,interior,,,,1272,1
T005,51,24,interior,,,,1273,1
T005,52,24,interior,,,,1274,1
T005,53,24,interior,,,,1275,1
T005,54,24,interior,,,,1276,1
T005,55,24,interior,,,,1277,1
T005,56,24,interior,,,,1278,1
T005,57,24,interior,,,,1279,1
T005,58,24,interior,,,,1280,1
T005,59,24,interior,,,,1281,1
T005,60,24,interior,,,,1282,1
T005,61,24,interior,,,,1283,1
T005,62,24,interior,,,,1284,1
T005,63,24,interior,,,,1285,1
T005,64,24,interior,,,,1286,1
T005,65,24,interior,,,,1287,1
T005,66,24,interior,,,,1288,1
T005,67,24,interior,,,,1289,1
T005,68,24,interior,,,,1290,1
T005,69,24,interior,,,,1291,1
T005,70,24,interior,,,,1292,1
T005,71,24,shared_edge_candidate,,L17__L18,22.0,1293,2
T009,319,24,shared_edge_candidate,,L17__L18,22.0,1293,2
T005,73,24,interior,,,,1294,1
T005,74,24,interior,,,,1295,1
T005,75,24,interior,,,,1296,1
T005,76,24,interior,,,,1297,1
T005,77,24,interior,,,,1298,1
T005,78,24,interior,,,,1299,1
T005,79,24,interior,,,,1300,1
T005,80,24,interior,,,,1301,1
T005,81,24,interior,,,,1302,1
T005,82,24,interior,,,,1303,1
T005,83,24,interior,,,,1304,1
T005,84,24,interior,,,,1305,1
T005,85,24,interior,,,,1306,1
T005,86,24,interior,,,,1307,1
T005,87,24,interior,,,,1308,1
T005,88,24,interior,,,,1309,1
T005,89,24,interior,,,,1310,1
T005,90,24,interior,,,,1311,1
T005,91,24,interior,,,,1312,1
T005,92,24,interior,,,,1313,1
T005,93,24,shared_edge_candidate,,L17__L18,21.0,1314,2
T009,315,24,shared_edge_candidate,,L17__L18,21.0,1314,2
T005,95,24,interior,,,,1315,1
T005,96,24,interior,,,,1316,1
T005,97,24,interior,,,,1317,1
T005,98,24,interior,,,,1318,1
T005,99,24,interior,,,,1319,1
T005,100,24,interior,,,,1320,1
T005,101,24,interior,,,,1321,1
T005,102,24,interior,,,,1322,1
T005,103,24,interior,,,,1323,1
T005,104,24,interior,,,,1324,1
T005,105,24,interior,,,,1325,1
T005,106,24,interior,,,,1326,1
T005,107,24,interior,,,,1327,1
T005,108,24,interior,,,,1328,1
T005,109,24,interior,,,,1329,1
T005,110,24,interior,,,,1330,1
T005,111,24,interior,,,,1331,1
T005,112,24,interior,,,,1332,1
T005,113,24,interior,,,,1333,1
T005,114,24,shared_edge_candidate,,L17__L18,20.0,1334,2
T009,310,24,shared_edge_candidate,,L17__L18,20.0,1334,2
T005,116,24,interior,,,,1335,1
T005,117,24,interior,,,,1336,1
T005,118,24,interior,,,,1337,1
T005,119,24,interior,,,,1338,1
T005,120,24,interior,,,,1339,1
T005,121,24,interior,,,,1340,1
T005,122,24,interior,,,,1341,1
T005,123,24,interior,,,,1342,1
T005,124,24,interior,,,,1343,1
T005,125,24,interior,,,,1344,1
T005,126,24,interior,,,,1345,1
T005,127,24,interior,,,,1346,1
T005,128,24,interior,,,,1347,1
T005,129,24,interior,,,,1348,1
T005,130,24,interior,,,,1349,1
T005,131,24,interior,,,,1350,1
T005,132,24,interior,,,,1351,1
T005,133,24,interior,,,,1352,1
T005,134,24,shared_edge_candidate,,L17__L18,19.0,1353,2
T009,304,24,shared_edge_candidate,,L17__L18,19.0,1353,2
T005,136,24,interior,,,,1354,1
T005,137,24,interior,,,,1355,1
T005,138,24,interior,,,,1356,1
T005,139,24,interior,,,,1357,1
T005,140,24,interior,,,,1358,1
T005,141,24,interior,,,,1359,1
T005,142,24,interior,,,,1360,1
T005,143,24,interior,,,,1361,1
T005,144,24,interior,,,,1362,1
T005,145,24,interior,,,,1363,1
T005,146,24,interior,,,,1364,1
T005,147,24,interior,,,,1365,1
T005,148,24,interior,,,,1366,1
T005,149,24,interior,,,,1367,1
T005,150,24,interior,,,,1368,1
T005,151,24,interior,,,,1369,1
T005,152,24,interior,,,,1370,1
T005,153,24,shared_edge_candidate,,L17__L18,18.0,1371,2
T009,297,24,shared_edge_candidate,,L17__L18,18.0,1371,2
T005,155,24,interior,,,,1372,1
T005,156,24,interior,,,,1373,1
T005,157,24,interior,,,,1374,1
T005,158,24,interior,,,,1375,1
T005,159,24,interior,,,,1376,1
T005,160,24,interior,,,,1377,1
T005,161,24,interior,,,,1378,1
T005,162,24,interior,,,,1379,1
T005,163,24,interior,,,,1380,1
T005,164,24,interior,,,,1381,1
T005,165,24,interior,,,,1382,1
T005,166,24,interior,,,,1383,1
T005,167,24,interior,,,,1384,1
T005,168,24,interior,,,,1385,1
T005,169,24,interior,,,,1386,1
T005,170,24,interior,,,,1387,1
T005,171,24,shared_edge_candidate,,L17__L18,17.0,1388,2
T009,289,24,shared_edge_candidate,,L17__L18,17.0,1388,2
T005,173,24,interior,,,,1389,1
T005,174,24,interior,,,,1390,1
T005,175,24,interior,,,,1391,1
T005,176,24,interior,,,,1392,1
T005,177,24,interior,,,,1393,1
T005,178,24,interior,,,,1394,1
T005,179,24,interior,,,,1395,1
T005,180,24,interior,,,,1396,1
T005,181,24,interior,,,,1397,1
T005,182,24,interior,,,,1398,1
T005,183,24,interior,,,,1399,1
T005,184,24,interior,,,,1400,1
T005,185,24,interior,,,,1401,1
T005,186,24,interior,,,,1402,1
T005,187,24,interior,,,,1403,1
T005,188,24,shared_edge_candidate,,L17__L18,16.0,1404,2
T009,280,24,shared_edge_candidate,,L17__L18,16.0,1404,2
T005,190,24,interior,,,,1405,1
T005,191,24,interior,,,,1406,1
T005,192,24,interior,,,,1407,1
T005,193,24,interior,,,,1408,1
T005,194,24,interior,,,,1409,1
T005,195,24,interior,,,,1410,1
T005,196,24,interior,,,,1411,1
T005,197,24,interior,,,,1412,1
T005,198,24,interior,,,,1413,1
T005,199,24,interior,,,,1414,1
T005,200,24,interior,,,,1415,1
T005,201,24,interior,,,,1416,1
T005,202,24,interior,,,,1417,1
T005,203,24,interior,,,,1418,1
T005,204,24,shared_edge_candidate,,L17__L18,15.0,1419,2
T009,270,24,shared_edge_candidate,,L17__L18,15.0,1419,2
T005,206,24,interior,,,,1420,1
T005,207,24,interior,,,,1421,1
T005,208,24,interior,,,,1422,1
T005,209,24,interior,,,,1423,1
T005,210,24,interior,,,,1424,1
T005,211,24,interior,,,,1425,1
T005,212,24,interior,,,,1426,1
T005,213,24,interior,,,,1427,1
T005,214,24,interior,,,,1428,1
T005,215,24,interior,,,,1429,1
T005,216,24,interior,,,,1430,1
T005,217,24,interior,,,,1431,1
T005,218,24,interior,,,,1432,1
T005,219,24,shared_edge_candidate,,L17__L18,14.0,1433,2
T009,259,24,shared_edge_candidate,,L17__L18,14.0,1433,2
T005,221,24,interior,,,,1434,1
T005,222,24,interior,,,,1435,1
T005,223,24,interior,,,,1436,1
T005,224,24,interior,,,,1437,1
T005,225,24,interior,,,,1438,1
T005,226,24,interior,,,,1439,1
T005,227,24,interior,,,,1440,1
T005,228,24,interior,,,,1441,1
T005,229,24,interior,,,,1442,1
T005,230,24,interior,,,,1443,1
T005,231,24,interior,,,,1444,1
T005,232,24,interior,,,,1445,1
T005,233,24,shared_edge_candidate,,L17__L18,13.0,1446,2
T009,247,24,shared_edge_candidate,,L17__L18,13.0,1446,2
T005,235,24,interior,,,,1447,1
T005,236,24,interior,,,,1448,1
T005,237,24,interior,,,,1449,1
T005,238,24,interior,,,,1450,1
T005,239,24,interior,,,,1451,1
T005,240,24,interior,,,,1452,1
T005,241,24,interior,,,,1453,1
T005,242,24,interior,,,,1454,1
T005,243,24,interior,,,,1455,1
T005,244,24,interior,,,,1456,1
T005,245,24,interior,,,,1457,1
T005,246,24,shared_edge_candidate,,L17__L18,12.0,1458,2
T009,234,24,shared_edge_candidate,,L17__L18,12.0,1458,2
T005,248,24,interior,,,,1459,1
T005,249,24,interior,,,,1460,1
T005,250,24,interior,,,,1461,1
T005,251,24,interior,,,,1462,1
T005,252,24,interior,,,,1463,1
T005,253,24,interior,,,,1464,1
T005,254,24,interior,,,,1465,1
T005,255,24,interior,,,,1466,1
T005,256,24,interior,,,,1467,1
T005,257,24,interior,,,,1468,1
T005,258,24,shared_edge_candidate,,L17__L18,11.0,1469,2
T009,220,24,shared_edge_candidate,,L17__L18,11.0,1469,2
T005,260,24,interior,,,,1470,1
T005,261,24,interior,,,,1471,1
T005,262,24,interior,,,,1472,1
T005,263,24,interior,,,,1473,1
T005,264,24,interior,,,,1474,1
T005,265,24,interior,,,,1475,1
T005,266,24,interior,,,,1476,1
T005,267,24,interior,,,,1477,1
T005,268,24,interior,,,,1478,1
T005,269,24,shared_edge_candidate,,L17__L18,10.0,1479,2
T009,205,24,shared_edge_candidate,,L17__L18,10.0,1479,2
T005,271,24,interior,,,,1480,1
T005,272,24,interior,,,,1481,1
T005,273,24,interior,,,,1482,1
T005,274,24,interior,,,,1483,1
T005,275,24,interior,,,,1484,1
T005,276,24,interior,,,,1485,1
T005,277,24,interior,,,,1486,1
T005,278,24,interior,,,,1487,1
T005,279,24,shared_edge_candidate,,L17__L18,9.0,1488,2
T009,189,24,shared_edge_candidate,,L17__L18,9.0,1488,2
T005,281,24,interior,,,,1489,1
T005,282,24,interior,,,,1490,1
T005,283,24,interior,,,,1491,1
T005,284,24,interior,,,,1492,1
T005,285,24,interior,,,,1493,1
T005,286,24,interior,,,,1494,1
T005,287,24,interior,,,,1495,1
T005,288,24,shared_edge_candidate,,L17__L18,8.0,1496,2
T009,172,24,shared_edge_candidate,,L17__L18,8.0,1496,2
T005,290,24,interior,,,,1497,1
T005,291,24,interior,,,,1498,1
T005,292,24,interior,,,,1499,1
T005,293,24,interior,,,,1500,1
T005,294,24,interior,,,,1501,1
T005,295,24,interior,,,,1502,1
T005,296,24,shared_edge_candidate,,L17__L18,7.0,1503,2
T009,154,24,shared_edge_candidate,,L17__L18,7.0,1503,2
T005,298,24,interior,,,,1504,1
T005,299,24,interior,,,,1505,1
T005,300,24,interior,,,,1506,1
T005,301,24,interior,,,,1507,1
T005,302,24,interior,,,,1508,1
T005,303,24,shared_edge_candidate,,L17__L18,6.0,1509,2
T009,135,24,shared_edge_candidate,,L17__L18,6.0,1509,2
T005,305,24,interior,,,,1510,1
T005,306,24,interior,,,,1511,1
T005,307,24,interior,,,,1512,1
T005,308,24,interior,,,,1513,1
T005,309,24,shared_edge_candidate,,L17__L18,5.0,1514,2
T009,115,24,shared_edge_candidate,,L17__L18,5.0,1514,2
T005,311,24,interior,,,,1515,1
T005,312,24,interior,,,,1516,1
T005,313,24,interior,,,,1517,1
T005,314,24,shared_edge_candidate,,L17__L18,4.0,1518,2
T009,94,24,shared_edge_candidate,,L17__L18,4.0,1518,2
T005,316,24,interior,,,,1519,1
T005,317,24,interior,,,,1520,1
T005,318,24,shared_edge_candidate,,L17__L18,3.0,1521,2
T009,72,24,shared_edge_candidate,,L17__L18,3.0,1521,2
T005,320,24,interior,,,,1522,1
T005,321,24,shared_edge_candidate,,L17__L18,2.0,1523,2
T009,49,24,shared_edge_candidate,,L17__L18,2.0,1523,2
T005,323,24,shared_edge_candidate,,L17__L18,1.0,1524,2
T009,25,24,shared_edge_candidate,,L17__L18,1.0,1524,2
T006,1,24,shared_edge_candidate,,L13__L28,1.0,1525,2
T007,1,24,shared_edge_candidate,,L13__L28,1.0,1525,2
T006,2,24,shared_edge_candidate,,L13__L28,2.0,1526,2
T007,2,24,shared_edge_candidate,,L13__L28,2.0,1526,2
T006,3,24,shared_edge_candidate,,L13__L28,3.0,1527,2
T007,3,24,shared_edge_candidate,,L13__L28,3.0,1527,2
T006,4,24,shared_edge_candidate,,L13__L28,4.0,1528,2
T007,4,24,shared_edge_candidate,,L13__L28,4.0,1528,2
T006,5,24,shared_edge_candidate,,L13__L28,5.0,1529,2
T007,5,24,shared_edge_candidate,,L13__L28,5.0,1529,2
T006,6,24,shared_edge_candidate,,L13__L28,6.0,1530,2
T007,6,24,shared_edge_candidate,,L13__L28,6.0,1530,2
T006,7,24,shared_edge_candidate,,L13__L28,7.0,1531,2
T007,7,24,shared_edge_candidate,,L13__L28,7.0,1531,2
T006,8,24,shared_edge_candidate,,L13__L28,8.0,1532,2
T007,8,24,shared_edge_candidate,,L13__L28,8.0,1532,2
T006,9,24,shared_edge_candidate,,L13__L28,9.0,1533,2
T007,9,24,shared_edge_candidate,,L13__L28,9.0,1533,2
T006,10,24,shared_edge_candidate,,L13__L28,10.0,1534,2
T007,10,24,shared_edge_candidate,,L13__L28,10.0,1534,2
T006,11,24,shared_edge_candidate,,L13__L28,11.0,1535,2
T007,11,24,shared_edge_candidate,,L13__L28,11.0,1535,2
T006,12,24,shared_edge_candidate,,L13__L28,12.0,1536,2
T007,12,24,shared_edge_candidate,,L13__L28,12.0,1536,2
T006,13,24,shared_edge_candidate,,L13__L28,13.0,1537,2
T007,13,24,shared_edge_candidate,,L13__L28,13.0,1537,2
T006,14,24,shared_edge_candidate,,L13__L28,14.0,1538,2
T007,14,24,shared_edge_candidate,,L13__L28,14.0,1538,2
T006,15,24,shared_edge_candidate,,L13__L28,15.0,1539,2
T007,15,24,shared_edge_candidate,,L13__L28,15.0,1539,2
T006,16,24,shared_edge_candidate,,L13__L28,16.0,1540,2
T007,16,24,shared_edge_candidate,,L13__L28,16.0,1540,2
T006,17,24,shared_edge_candidate,,L13__L28,17.0,1541,2
T007,17,24,shared_edge_candidate,,L13__L28,17.0,1541,2
T006,18,24,shared_edge_candidate,,L13__L28,18.0,1542,2
T007,18,24,shared_edge_candidate,,L13__L28,18.0,1542,2
T006,19,24,shared_edge_candidate,,L13__L28,19.0,1543,2
T007,19,24,shared_edge_candidate,,L13__L28,19.0,1543,2
T006,20,24,shared_edge_candidate,,L13__L28,20.0,1544,2
T007,20,24,shared_edge_candidate,,L13__L28,20.0,1544,2
T006,21,24,shared_edge_candidate,,L13__L28,21.0,1545,2
T007,21,24,shared_edge_candidate,,L13__L28,21.0,1545,2
T006,22,24,shared_edge_candidate,,L13__L28,22.0,1546,2
T007,22,24,shared_edge_candidate,,L13__L28,22.0,1546,2
T006,23,24,shared_edge_candidate,,L13__L28,23.0,1547,2
T007,23,24,shared_edge_candidate,,L13__L28,23.0,1547,2
T006,24,24,landmark,L28,,,1548,4
T007,24,24,landmark,L28,,,1548,4
T010,324,24,landmark,L28,,,1548,4
T013,324,24,landmark,L28,,,1548,4
T006,26,24,interior,,,,1549,1
T006,27,24,interior,,,,1550,1
T006,28,24,interior,,,,1551,1
T006,29,24,interior,,,,1552,1
T006,30,24,interior,,,,1553,1
T006,31,24,interior,,,,1554,1
T006,32,24,interior,,,,1555,1
T006,33,24,interior,,,,1556,1
T006,34,24,interior,,,,1557,1
T006,35,24,interior,,,,1558,1
T006,36,24,interior,,,,1559,1
T006,37,24,interior,,,,1560,1
T006,38,24,interior,,,,1561,1
T006,39,24,interior,,,,1562,1
T006,40,24,interior,,,,1563,1
T006,41,24,interior,,,,1564,1
T006,42,24,interior,,,,1565,1
T006,43,24,interior,,,,1566,1
T006,44,24,interior,,,,1567,1
T006,45,24,interior,,,,1568,1
T006,46,24,interior,,,,1569,1
T006,47,24,interior,,,,1570,1
T006,48,24,shared_edge_candidate,,L17__L28,23.0,1571,2
T010,322,24,shared_edge_candidate,,L17__L28,23.0,1571,2
T006,50,24,interior,,,,1572,1
T006,51,24,interior,,,,1573,1
T006,52,24,interior,,,,1574,1
T006,53,24,interior,,,,1575,1
T006,54,24,interior,,,,1576,1
T006,55,24,interior,,,,1577,1
T006,56,24,interior,,,,1578,1
T006,57,24,interior,,,,1579,1
T006,58,24,interior,,,,1580,1
T006,59,24,interior,,,,1581,1
T006,60,24,interior,,,,1582,1
T006,61,24,interior,,,,1583,1
T006,62,24,interior,,,,1584,1
T006,63,24,interior,,,,1585,1
T006,64,24,interior,,,,1586,1
T006,65,24,interior,,,,1587,1
T006,66,24,interior,,,,1588,1
T006,67,24,interior,,,,1589,1
T006,68,24,interior,,,,1590,1
T006,69,24,interior,,,,1591,1
T006,70,24,interior,,,,1592,1
T006,71,24,shared_edge_candidate,,L17__L28,22.0,1593,2
T010,319,24,shared_edge_candidate,,L17__L28,22.0,1593,2
T006,73,24,interior,,,,1594,1
T006,74,24,interior,,,,1595,1
T006,75,24,interior,,,,1596,1
T006,76,24,interior,,,,1597,1
T006,77,24,interior,,,,1598,1
T006,78,24,interior,,,,1599,1
T006,79,24,interior,,,,1600,1
T006,80,24,interior,,,,1601,1
T006,81,24,interior,,,,1602,1
T006,82,24,interior,,,,1603,1
T006,83,24,interior,,,,1604,1
T006,84,24,interior,,,,1605,1
T006,85,24,interior,,,,1606,1
T006,86,24,interior,,,,1607,1
T006,87,24,interior,,,,1608,1
T006,88,24,interior,,,,1609,1
T006,89,24,interior,,,,1610,1
T006,90,24,interior,,,,1611,1
T006,91,24,interior,,,,1612,1
T006,92,24,interior,,,,1613,1
T006,93,24,shared_edge_candidate,,L17__L28,21.0,1614,2
T010,315,24,shared_edge_candidate,,L17__L28,21.0,1614,2
T006,95,24,interior,,,,1615,1
T006,96,24,interior,,,,1616,1
T006,97,24,interior,,,,1617,1
T006,98,24,interior,,,,1618,1
T006,99,24,interior,,,,1619,1
T006,100,24,interior,,,,1620,1
T006,101,24,interior,,,,1621,1
T006,102,24,interior,,,,1622,1
T006,103,24,interior,,,,1623,1
T006,104,24,interior,,,,1624,1
T006,105,24,interior,,,,1625,1
T006,106,24,interior,,,,1626,1
T006,107,24,interior,,,,1627,1
T006,108,24,interior,,,,1628,1
T006,109,24,interior,,,,1629,1
T006,110,24,interior,,,,1630,1
T006,111,24,interior,,,,1631,1
T006,112,24,interior,,,,1632,1
T006,113,24,interior,,,,1633,1
T006,114,24,shared_edge_candidate,,L17__L28,20.0,1634,2
T010,310,24,shared_edge_candidate,,L17__L28,20.0,1634,2
T006,116,24,interior,,,,1635,1
T006,117,24,interior,,,,1636,1
T006,118,24,interior,,,,1637,1
T006,119,24,interior,,,,1638,1
T006,120,24,interior,,,,1639,1
T006,121,24,interior,,,,1640,1
T006,122,24,interior,,,,1641,1
T006,123,24,interior,,,,1642,1
T006,124,24,interior,,,,1643,1
T006,125,24,interior,,,,1644,1
T006,126,24,interior,,,,1645,1
T006,127,24,interior,,,,1646,1
T006,128,24,interior,,,,1647,1
T006,129,24,interior,,,,1648,1
T006,130,24,interior,,,,1649,1
T006,131,24,interior,,,,1650,1
T006,132,24,interior,,,,1651,1
T006,133,24,interior,,,,1652,1
T006,134,24,shared_edge_candidate,,L17__L28,19.0,1653,2
T010,304,24,shared_edge_candidate,,L17__L28,19.0,1653,2
T006,136,24,interior,,,,1654,1
T006,137,24,interior,,,,1655,1
T006,138,24,interior,,,,1656,1
T006,139,24,interior,,,,1657,1
T006,140,24,interior,,,,1658,1
T006,141,24,interior,,,,1659,1
T006,142,24,interior,,,,1660,1
T006,143,24,interior,,,,1661,1
T006,144,24,interior,,,,1662,1
T006,145,24,interior,,,,1663,1
T006,146,24,interior,,,,1664,1
T006,147,24,interior,,,,1665,1
T006,148,24,interior,,,,1666,1
T006,149,24,interior,,,,1667,1
T006,150,24,interior,,,,1668,1
T006,151,24,interior,,,,1669,1
T006,152,24,interior,,,,1670,1
T006,153,24,shared_edge_candidate,,L17__L28,18.0,1671,2
T010,297,24,shared_edge_candidate,,L17__L28,18.0,1671,2
T006,155,24,interior,,,,1672,1
T006,156,24,interior,,,,1673,1
T006,157,24,interior,,,,1674,1
T006,158,24,interior,,,,1675,1
T006,159,24,interior,,,,1676,1
T006,160,24,interior,,,,1677,1
T006,161,24,interior,,,,1678,1
T006,162,24,interior,,,,1679,1
T006,163,24,interior,,,,1680,1
T006,164,24,interior,,,,1681,1
T006,165,24,interior,,,,1682,1
T006,166,24,interior,,,,1683,1
T006,167,24,interior,,,,1684,1
T006,168,24,interior,,,,1685,1
T006,169,24,interior,,,,1686,1
T006,170,24,interior,,,,1687,1
T006,171,24,shared_edge_candidate,,L17__L28,17.0,1688,2
T010,289,24,shared_edge_candidate,,L17__L28,17.0,1688,2
T006,173,24,interior,,,,1689,1
T006,174,24,interior,,,,1690,1
T006,175,24,interior,,,,1691,1
T006,176,24,interior,,,,1692,1
T006,177,24,interior,,,,1693,1
T006,178,24,interior,,,,1694,1
T006,179,24,interior,,,,1695,1
T006,180,24,interior,,,,1696,1
T006,181,24,interior,,,,1697,1
T006,182,24,interior,,,,1698,1
T006,183,24,interior,,,,1699,1
T006,184,24,interior,,,,1700,1
T006,185,24,interior,,,,1701,1
T006,186,24,interior,,,,1702,1
T006,187,24,interior,,,,1703,1
T006,188,24,shared_edge_candidate,,L17__L28,16.0,1704,2
T010,280,24,shared_edge_candidate,,L17__L28,16.0,1704,2
T006,190,24,interior,,,,1705,1
T006,191,24,interior,,,,1706,1
T006,192,24,interior,,,,1707,1
T006,193,24,interior,,,,1708,1
T006,194,24,interior,,,,1709,1
T006,195,24,interior,,,,1710,1
T006,196,24,interior,,,,1711,1
T006,197,24,interior,,,,1712,1
T006,198,24,interior,,,,1713,1
T006,199,24,interior,,,,1714,1
T006,200,24,interior,,,,1715,1
T006,201,24,interior,,,,1716,1
T006,202,24,interior,,,,1717,1
T006,203,24,interior,,,,1718,1
T006,204,24,shared_edge_candidate,,L17__L28,15.0,1719,2
T010,270,24,shared_edge_candidate,,L17__L28,15.0,1719,2
T006,206,24,interior,,,,1720,1
T006,207,24,interior,,,,1721,1
T006,208,24,interior,,,,1722,1
T006,209,24,interior,,,,1723,1
T006,210,24,interior,,,,1724,1
T006,211,24,interior,,,,1725,1
T006,212,24,interior,,,,1726,1
T006,213,24,interior,,,,1727,1
T006,214,24,interior,,,,1728,1
T006,215,24,interior,,,,1729,1
T006,216,24,interior,,,,1730,1
T006,217,24,interior,,,,1731,1
T006,218,24,interior,,,,1732,1
T006,219,24,shared_edge_candidate,,L17__L28,14.0,1733,2
T010,259,24,shared_edge_candidate,,L17__L28,14.0,1733,2
T006,221,24,interior,,,,1734,1
T006,222,24,interior,,,,1735,1
T006,223,24,interior,,,,1736,1
T006,224,24,interior,,,,1737,1
T006,225,24,interior,,,,1738,1
T006,226,24,interior,,,,1739,1
T006,227,24,interior,,,,1740,1
T006,228,24,interior,,,,1741,1
T006,229,24,interior,,,,1742,1
T006,230,24,interior,,,,1743,1
T006,231,24,interior,,,,1744,1
T006,232,24,interior,,,,1745,1
T006,233,24,shared_edge_candidate,,L17__L28,13.0,1746,2
T010,247,24,shared_edge_candidate,,L17__L28,13.0,1746,2
T006,235,24,interior,,,,1747,1
T006,236,24,interior,,,,1748,1
T006,237,24,interior,,,,1749,1
T006,238,24,interior,,,,1750,1
T006,239,24,interior,,,,1751,1
T006,240,24,interior,,,,1752,1
T006,241,24,interior,,,,1753,1
T006,242,24,interior,,,,1754,1
T006,243,24,interior,,,,1755,1
T006,244,24,interior,,,,1756,1
T006,245,24,interior,,,,1757,1
T006,246,24,shared_edge_candidate,,L17__L28,12.0,1758,2
T010,234,24,shared_edge_candidate,,L17__L28,12.0,1758,2
T006,248,24,interior,,,,1759,1
T006,249,24,interior,,,,1760,1
T006,250,24,interior,,,,1761,1
T006,251,24,interior,,,,1762,1
T006,252,24,interior,,,,1763,1
T006,253,24,interior,,,,1764,1
T006,254,24,interior,,,,1765,1
T006,255,24,interior,,,,1766,1
T006,256,24,interior,,,,1767,1
T006,257,24,interior,,,,1768,1
T006,258,24,shared_edge_candidate,,L17__L28,11.0,1769,2
T010,220,24,shared_edge_candidate,,L17__L28,11.0,1769,2
T006,260,24,interior,,,,1770,1
T006,261,24,interior,,,,1771,1
T006,262,24,interior,,,,1772,1
T006,263,24,interior,,,,1773,1
T006,264,24,interior,,,,1774,1
T006,265,24,interior,,,,1775,1
T006,266,24,interior,,,,1776,1
T006,267,24,interior,,,,1777,1
T006,268,24,interior,,,,1778,1
T006,269,24,shared_edge_candidate,,L17__L28,10.0,1779,2
T010,205,24,shared_edge_candidate,,L17__L28,10.0,1779,2
T006,271,24,interior,,,,1780,1
T006,272,24,interior,,,,1781,1
T006,273,24,interior,,,,1782,1
T006,274,24,interior,,,,1783,1
T006,275,24,interior,,,,1784,1
T006,276,24,interior,,,,1785,1
T006,277,24,interior,,,,1786,1
T006,278,24,interior,,,,1787,1
T006,279,24,shared_edge_candidate,,L17__L28,9.0,1788,2
T010,189,24,shared_edge_candidate,,L17__L28,9.0,1788,2
T006,281,24,interior,,,,1789,1
T006,282,24,interior,,,,1790,1
T006,283,24,interior,,,,1791,1
T006,284,24,interior,,,,1792,1
T006,285,24,interior,,,,1793,1
T006,286,24,interior,,,,1794,1
T006,287,24,interior,,,,1795,1
T006,288,24,shared_edge_candidate,,L17__L28,8.0,1796,2
T010,172,24,shared_edge_candidate,,L17__L28,8.0,1796,2
T006,290,24,interior,,,,1797,1
T006,291,24,interior,,,,1798,1
T006,292,24,interior,,,,1799,1
T006,293,24,interior,,,,1800,1
T006,294,24,interior,,,,1801,1
T006,295,24,interior,,,,1802,1
T006,296,24,shared_edge_candidate,,L17__L28,7.0,1803,2
T010,154,24,shared_edge_candidate,,L17__L28,7.0,1803,2
T006,298,24,interior,,,,1804,1
T006,299,24,interior,,,,1805,1
T006,300,24,interior,,,,1806,1
T006,301,24,interior,,,,1807,1
T006,302,24,interior,,,,1808,1
T006,303,24,shared_edge_candidate,,L17__L28,6.0,1809,2
T010,135,24,shared_edge_candidate,,L17__L28,6.0,1809,2
T006,305,24,interior,,,,1810,1
T006,306,24,interior,,,,1811,1
T006,307,24,interior,,,,1812,1
T006,308,24,interior,,,,1813,1
T006,309,24,shared_edge_candidate,,L17__L28,5.0,1814,2
T010,115,24,shared_edge_candidate,,L17__L28,5.0,1814,2
T006,311,24,interior,,,,1815,1
T006,312,24,interior,,,,1816,1
T006,313,24,interior,,,,1817,1
T006,314,24,shared_edge_candidate,,L17__L28,4.0,1818,2
T010,94,24,shared_edge_candidate,,L17__L28,4.0,1818,2
T006,316,24,interior,,,,1819,1
T006,317,24,interior,,,,1820,1
T006,318,24,shared_edge_candidate,,L17__L28,3.0,1821,2
T010,72,24,shared_edge_candidate,,L17__L28,3.0,1821,2
T006,320,24,interior,,,,1822,1
T006,321,24,shared_edge_candidate,,L17__L28,2.0,1823,2
T010,49,24,shared_edge_candidate,,L17__L28,2.0,1823,2
T006,323,24,shared_edge_candidate,,L17__L28,1.0,1824,2
T010,25,24,shared_edge_candidate,,L17__L28,1.0,1824,2
T007,25,24,shared_edge_candidate,,L13__L19,1.0,1825,1
T007,26,24,interior,,,,1826,1
T007,27,24,interior,,,,1827,1
T007,28,24,interior,,,,1828,1
T007,29,24,interior,,,,1829,1
T007,30,24,interior,,,,1830,1
T007,31,24,interior,,,,1831,1
T007,32,24,interior,,,,1832,1
T007,33,24,interior,,,,1833,1
T007,34,24,interior,,,,1834,1
T007,35,24,interior,,,,1835,1
T007,36,24,interior,,,,1836,1
T007,37,24,interior,,,,1837,1
T007,38,24,interior,,,,1838,1
T007,39,24,interior,,,,1839,1
T007,40,24,interior,,,,1840,1
T007,41,24,interior,,,,1841,1
T007,42,24,interior,,,,1842,1
T007,43,24,interior,,,,1843,1
T007,44,24,interior,,,,1844,1
T007,45,24,interior,,,,1845,1
T007,46,24,interior,,,,1846,1
T007,47,24,interior,,,,1847,1
T007,48,24,shared_edge_candidate,,L19__L28,23.0,1848,2
T013,322,24,shared_edge_candidate,,L19__L28,23.0,1848,2
T007,49,24,shared_edge_candidate,,L13__L19,2.0,1849,1
T007,50,24,interior,,,,1850,1
T007,51,24,interior,,,,1851,1
T007,52,24,interior,,,,1852,1
T007,53,24,interior,,,,1853,1
T007,54,24,interior,,,,1854,1
T007,55,24,interior,,,,1855,1
T007,56,24,interior,,,,1856,1
T007,57,24,interior,,,,1857,1
T007,58,24,interior,,,,1858,1
T007,59,24,interior,,,,1859,1
T007,60,24,interior,,,,1860,1
T007,61,24,interior,,,,1861,1
T007,62,24,interior,,,,1862,1
T007,63,24,interior,,,,1863,1
T007,64,24,interior,,,,1864,1
T007,65,24,interior,,,,1865,1
T007,66,24,interior,,,,1866,1
T007,67,24,interior,,,,1867,1
T007,68,24,interior,,,,1868,1
T007,69,24,interior,,,,1869,1
T007,70,24,interior,,,,1870,1
T007,71,24,shared_edge_candidate,,L19__L28,22.0,1871,2
T013,319,24,shared_edge_candidate,,L19__L28,22.0,1871,2
T007,72,24,shared_edge_candidate,,L13__L19,3.0,1872,1
T007,73,24,interior,,,,1873,1
T007,74,24,interior,,,,1874,1
T007,75,24,interior,,,,1875,1
T007,76,24,interior,,,,1876,1
T007,77,24,interior,,,,1877,1
T007,78,24,interior,,,,1878,1
T007,79,24,interior,,,,1879,1
T007,80,24,interior,,,,1880,1
T007,81,24,interior,,,,1881,1
T007,82,24,interior,,,,1882,1
T007,83,24,interior,,,,1883,1
T007,84,24,interior,,,,1884,1
T007,85,24,interior,,,,1885,1
T007,86,24,interior,,,,1886,1
T007,87,24,interior,,,,1887,1
T007,88,24,interior,,,,1888,1
T007,89,24,interior,,,,1889,1
T007,90,24,interior,,,,1890,1
T007,91,24,interior,,,,1891,1
T007,92,24,interior,,,,1892,1
T007,93,24,shared_edge_candidate,,L19__L28,21.0,1893,2
T013,315,24,shared_edge_candidate,,L19__L28,21.0,1893,2
T007,94,24,shared_edge_candidate,,L13__L19,4.0,1894,1
T007,95,24,interior,,,,1895,1
T007,96,24,interior,,,,1896,1
T007,97,24,interior,,,,1897,1
T007,98,24,interior,,,,1898,1
T007,99,24,interior,,,,1899,1
T007,100,24,interior,,,,1900,1
T007,101,24,interior,,,,1901,1
T007,102,24,interior,,,,1902,1
T007,103,24,interior,,,,1903,1
T007,104,24,interior,,,,1904,1
T007,105,24,interior,,,,1905,1
T007,106,24,interior,,,,1906,1
T007,107,24,interior,,,,1907,1
T007,108,24,interior,,,,1908,1
T007,109,24,interior,,,,1909,1
T007,110,24,interior,,,,1910,1
T007,111,24,interior,,,,1911,1
T007,112,24,interior,,,,1912,1
T007,113,24,interior,,,,1913,1
T007,114,24,shared_edge_candidate,,L19__L28,20.0,1914,2
T013,310,24,shared_edge_candidate,,L19__L28,20.0,1914,2
T007,115,24,shared_edge_candidate,,L13__L19,5.0,1915,1
T007,116,24,interior,,,,1916,1
T007,117,24,interior,,,,1917,1
T007,118,24,interior,,,,1918,1
T007,119,24,interior,,,,1919,1
T007,120,24,interior,,,,1920,1
T007,121,24,interior,,,,1921,1
T007,122,24,interior,,,,1922,1
T007,123,24,interior,,,,1923,1
T007,124,24,interior,,,,1924,1
T007,125,24,interior,,,,1925,1
T007,126,24,interior,,,,1926,1
T007,127,24,interior,,,,1927,1
T007,128,24,interior,,,,1928,1
T007,129,24,interior,,,,1929,1
T007,130,24,interior,,,,1930,1
T007,131,24,interior,,,,1931,1
T007,132,24,interior,,,,1932,1
T007,133,24,interior,,,,1933,1
T007,134,24,shared_edge_candidate,,L19__L28,19.0,1934,2
T013,304,24,shared_edge_candidate,,L19__L28,19.0,1934,2
T007,135,24,shared_edge_candidate,,L13__L19,6.0,1935,1
T007,136,24,interior,,,,1936,1
T007,137,24,interior,,,,1937,1
T007,138,24,interior,,,,1938,1
T007,139,24,interior,,,,1939,1
T007,140,24,interior,,,,1940,1
T007,141,24,interior,,,,1941,1
T007,142,24,interior,,,,1942,1
T007,143,24,interior,,,,1943,1
T007,144,24,interior,,,,1944,1
T007,145,24,interior,,,,1945,1
T007,146,24,interior,,,,1946,1
T007,147,24,interior,,,,1947,1
T007,148,24,interior,,,,1948,1
T007,149,24,interior,,,,1949,1
T007,150,24,interior,,,,1950,1
T007,151,24,interior,,,,1951,1
T007,152,24,interior,,,,1952,1
T007,153,24,shared_edge_candidate,,L19__L28,18.0,1953,2
T013,297,24,shared_edge_candidate,,L19__L28,18.0,1953,2
T007,154,24,shared_edge_candidate,,L13__L19,7.0,1954,1
T007,155,24,interior,,,,1955,1
T007,156,24,interior,,,,1956,1
T007,157,24,interior,,,,1957,1
T007,158,24,interior,,,,1958,1
T007,159,24,interior,,,,1959,1
T007,160,24,interior,,,,1960,1
T007,161,24,interior,,,,1961,1
T007,162,24,interior,,,,1962,1
T007,163,24,interior,,,,1963,1
T007,164,24,interior,,,,1964,1
T007,165,24,interior,,,,1965,1
T007,166,24,interior,,,,1966,1
T007,167,24,interior,,,,1967,1
T007,168,24,interior,,,,1968,1
T007,169,24,interior,,,,1969,1
T007,170,24,interior,,,,1970,1
T007,171,24,shared_edge_candidate,,L19__L28,17.0,1971,2
T013,289,24,shared_edge_candidate,,L19__L28,17.0,1971,2
T007,172,24,shared_edge_candidate,,L13__L19,8.0,1972,1
T007,173,24,interior,,,,1973,1
T007,174,24,interior,,,,1974,1
T007,175,24,interior,,,,1975,1
T007,176,24,interior,,,,1976,1
T007,177,24,interior,,,,1977,1
T007,178,24,interior,,,,1978,1
T007,179,24,interior,,,,1979,1
T007,180,24,interior,,,,1980,1
T007,181,24,interior,,,,1981,1
T007,182,24,interior,,,,1982,1
T007,183,24,interior,,,,1983,1
T007,184,24,interior,,,,1984,1
T007,185,24,interior,,,,1985,1
T007,186,24,interior,,,,1986,1
T007,187,24,interior,,,,1987,1
T007,188,24,shared_edge_candidate,,L19__L28,16.0,1988,2
T013,280,24,shared_edge_candidate,,L19__L28,16.0,1988,2
T007,189,24,shared_edge_candidate,,L13__L19,9.0,1989,1
T007,190,24,interior,,,,1990,1
T007,191,24,interior,,,,1991,1
T007,192,24,interior,,,,1992,1
T007,193,24,interior,,,,1993,1
T007,194,24,interior,,,,1994,1
T007,195,24,interior,,,,1995,1
T007,196,24,interior,,,,1996,1
T007,197,24,interior,,,,1997,1
T007,198,24,interior,,,,1998,1
T007,199,24,interior,,,,1999,1
T007,200,24,interior,,,,2000,1
T007,201,24,interior,,,,2001,1
T007,202,24,interior,,,,2002,1
T007,203,24,interior,,,,2003,1
T007,204,24,shared_edge_candidate,,L19__L28,15.0,2004,2
T013,270,24,shared_edge_candidate,,L19__L28,15.0,2004,2
T007,205,24,shared_edge_candidate,,L13__L19,10.0,2005,1
T007,206,24,interior,,,,2006,1
T007,207,24,interior,,,,2007,1
T007,208,24,interior,,,,2008,1
T007,209,24,interior,,,,2009,1
T007,210,24,interior,,,,2010,1
T007,211,24,interior,,,,2011,1
T007,212,24,interior,,,,2012,1
T007,213,24,interior,,,,2013,1
T007,214,24,interior,,,,2014,1
T007,215,24,interior,,,,2015,1
T007,216,24,interior,,,,2016,1
T007,217,24,interior,,,,2017,1
T007,218,24,interior,,,,2018,1
T007,219,24,shared_edge_candidate,,L19__L28,14.0,2019,2
T013,259,24,shared_edge_candidate,,L19__L28,14.0,2019,2
T007,220,24,shared_edge_candidate,,L13__L19,11.0,2020,1
T007,221,24,interior,,,,2021,1
T007,222,24,interior,,,,2022,1
T007,223,24,interior,,,,2023,1
T007,224,24,interior,,,,2024,1
T007,225,24,interior,,,,2025,1
T007,226,24,interior,,,,2026,1
T007,227,24,interior,,,,2027,1
T007,228,24,interior,,,,2028,1
T007,229,24,interior,,,,2029,1
T007,230,24,interior,,,,2030,1
T007,231,24,interior,,,,2031,1
T007,232,24,interior,,,,2032,1
T007,233,24,shared_edge_candidate,,L19__L28,13.0,2033,2
T013,247,24,shared_edge_candidate,,L19__L28,13.0,2033,2
T007,234,24,shared_edge_candidate,,L13__L19,12.0,2034,1
T007,235,24,interior,,,,2035,1
T007,236,24,interior,,,,2036,1
T007,237,24,interior,,,,2037,1
T007,238,24,interior,,,,2038,1
T007,239,24,interior,,,,2039,1
T007,240,24,interior,,,,2040,1
T007,241,24,interior,,,,2041,1
T007,242,24,interior,,,,2042,1
T007,243,24,interior,,,,2043,1
T007,244,24,interior,,,,2044,1
T007,245,24,interior,,,,2045,1
T007,246,24,shared_edge_candidate,,L19__L28,12.0,2046,2
T013,234,24,shared_edge_candidate,,L19__L28,12.0,2046,2
T007,247,24,shared_edge_candidate,,L13__L19,13.0,2047,1
T007,248,24,interior,,,,2048,1
T007,249,24,interior,,,,2049,1
T007,250,24,interior,,,,2050,1
T007,251,24,interior,,,,2051,1
T007,252,24,interior,,,,2052,1
T007,253,24,interior,,,,2053,1
T007,254,24,interior,,,,2054,1
T007,255,24,interior,,,,2055,1
T007,256,24,interior,,,,2056,1
T007,257,24,interior,,,,2057,1
T007,258,24,shared_edge_candidate,,L19__L28,11.0,2058,2
T013,220,24,shared_edge_candidate,,L19__L28,11.0,2058,2
T007,259,24,shared_edge_candidate,,L13__L19,14.0,2059,1
T007,260,24,interior,,,,2060,1
T007,261,24,interior,,,,2061,1
T007,262,24,interior,,,,2062,1
T007,263,24,interior,,,,2063,1
T007,264,24,interior,,,,2064,1
T007,265,24,interior,,,,2065,1
T007,266,24,interior,,,,2066,1
T007,267,24,interior,,,,2067,1
T007,268,24,interior,,,,2068,1
T007,269,24,shared_edge_candidate,,L19__L28,10.0,2069,2
T013,205,24,shared_edge_candidate,,L19__L28,10.0,2069,2
T007,270,24,shared_edge_candidate,,L13__L19,15.0,2070,1
T007,271,24,interior,,,,2071,1
T007,272,24,interior,,,,2072,1
T007,273,24,interior,,,,2073,1
T007,274,24,interior,,,,2074,1
T007,275,24,interior,,,,2075,1
T007,276,24,interior,,,,2076,1
T007,277,24,interior,,,,2077,1
T007,278,24,interior,,,,2078,1
T007,279,24,shared_edge_candidate,,L19__L28,9.0,2079,2
T013,189,24,shared_edge_candidate,,L19__L28,9.0,2079,2
T007,280,24,shared_edge_candidate,,L13__L19,16.0,2080,1
T007,281,24,interior,,,,2081,1
T007,282,24,interior,,,,2082,1
T007,283,24,interior,,,,2083,1
T007,284,24,interior,,,,2084,1
T007,285,24,interior,,,,2085,1
T007,286,24,interior,,,,2086,1
T007,287,24,interior,,,,2087,1
T007,288,24,shared_edge_candidate,,L19__L28,8.0,2088,2
T013,172,24,shared_edge_candidate,,L19__L28,8.0,2088,2
T007,289,24,shared_edge_candidate,,L13__L19,17.0,2089,1
T007,290,24,interior,,,,2090,1
T007,291,24,interior,,,,2091,1
T007,292,24,interior,,,,2092,1
T007,293,24,interior,,,,2093,1
T007,294,24,interior,,,,2094,1
T007,295,24,interior,,,,2095,1
T007,296,24,shared_edge_candidate,,L19__L28,7.0,2096,2
T013,154,24,shared_edge_candidate,,L19__L28,7.0,2096,2
T007,297,24,shared_edge_candidate,,L13__L19,18.0,2097,1
T007,298,24,interior,,,,2098,1
T007,299,24,interior,,,,2099,1
T007,300,24,interior,,,,2100,1
T007,301,24,interior,,,,2101,1
T007,302,24,interior,,,,2102,1
T007,303,24,shared_edge_candidate,,L19__L28,6.0,2103,2
T013,135,24,shared_edge_candidate,,L19__L28,6.0,2103,2
T007,304,24,shared_edge_candidate,,L13__L19,19.0,2104,1
T007,305,24,interior,,,,2105,1
T007,306,24,interior,,,,2106,1
T007,307,24,interior,,,,2107,1
T007,308,24,interior,,,,2108,1
T007,309,24,shared_edge_candidate,,L19__L28,5.0,2109,2
T013,115,24,shared_edge_candidate,,L19__L28,5.0,2109,2
T007,310,24,shared_edge_candidate,,L13__L19,20.0,2110,1
T007,311,24,interior,,,,2111,1
T007,312,24,interior,,,,2112,1
T007,313,24,interior,,,,2113,1
T007,314,24,shared_edge_candidate,,L19__L28,4.0,2114,2
T013,94,24,shared_edge_candidate,,L19__L28,4.0,2114,2
T007,315,24,shared_edge_candidate,,L13__L19,21.0,2115,1
T007,316,24,interior,,,,2116,1
T007,317,24,interior,,,,2117,1
T007,318,24,shared_edge_candidate,,L19__L28,3.0,2118,2
T013,72,24,shared_edge_candidate,,L19__L28,3.0,2118,2
T007,319,24,shared_edge_candidate,,L13__L19,22.0,2119,1
T007,320,24,interior,,,,2120,1
T007,321,24,shared_edge_candidate,,L19__L28,2.0,2121,2
T013,49,24,shared_edge_candidate,,L19__L28,2.0,2121,2
T007,322,24,shared_edge_candidate,,L13__L19,23.0,2122,1
T007,323,24,shared_edge_candidate,,L19__L28,1.0,2123,2
T013,25,24,shared_edge_candidate,,L19__L28,1.0,2123,2
T007,324,24,landmark,L19,,,2124,3
T012,0,24,landmark,L19,,,2124,3
T013,0,24,landmark,L19,,,2124,3
T008,0,24,landmark,L15,,,2125,1
T008,1,24,shared_edge_candidate,,L15__L20,1.0,2126,1
T008,2,24,shared_edge_candidate,,L15__L20,2.0,2127,1
T008,3,24,shared_edge_candidate,,L15__L20,3.0,2128,1
T008,4,24,shared_edge_candidate,,L15__L20,4.0,2129,1
T008,5,24,shared_edge_candidate,,L15__L20,5.0,2130,1
T008,6,24,shared_edge_candidate,,L15__L20,6.0,2131,1
T008,7,24,shared_edge_candidate,,L15__L20,7.0,2132,1
T008,8,24,shared_edge_candidate,,L15__L20,8.0,2133,1
T008,9,24,shared_edge_candidate,,L15__L20,9.0,2134,1
T008,10,24,shared_edge_candidate,,L15__L20,10.0,2135,1
T008,11,24,shared_edge_candidate,,L15__L20,11.0,2136,1
T008,12,24,shared_edge_candidate,,L15__L20,12.0,2137,1
T008,13,24,shared_edge_candidate,,L15__L20,13.0,2138,1
T008,14,24,shared_edge_candidate,,L15__L20,14.0,2139,1
T008,15,24,shared_edge_candidate,,L15__L20,15.0,2140,1
T008,16,24,shared_edge_candidate,,L15__L20,16.0,2141,1
T008,17,24,shared_edge_candidate,,L15__L20,17.0,2142,1
T008,18,24,shared_edge_candidate,,L15__L20,18.0,2143,1
T008,19,24,shared_edge_candidate,,L15__L20,19.0,2144,1
T008,20,24,shared_edge_candidate,,L15__L20,20.0,2145,1
T008,21,24,shared_edge_candidate,,L15__L20,21.0,2146,1
T008,22,24,shared_edge_candidate,,L15__L20,22.0,2147,1
T008,23,24,shared_edge_candidate,,L15__L20,23.0,2148,1
T008,24,24,landmark,L20,,,2149,4
T011,324,24,landmark,L20,,,2149,4
T014,0,24,landmark,L20,,,2149,4
T015,0,24,landmark,L20,,,2149,4
T008,25,24,shared_edge_candidate,,L15__L18,1.0,2150,1
T008,26,24,interior,,,,2151,1
T008,27,24,interior,,,,2152,1
T008,28,24,interior,,,,2153,1
T008,29,24,interior,,,,2154,1
T008,30,24,interior,,,,2155,1
T008,31,24,interior,,,,2156,1
T008,32,24,interior,,,,2157,1
T008,33,24,interior,,,,2158,1
T008,34,24,interior,,,,2159,1
T008,35,24,interior,,,,2160,1
T008,36,24,interior,,,,2161,1
T008,37,24,interior,,,,2162,1
T008,38,24,interior,,,,2163,1
T008,39,24,interior,,,,2164,1
T008,40,24,interior,,,,2165,1
T008,41,24,interior,,,,2166,1
T008,42,24,interior,,,,2167,1
T008,43,24,interior,,,,2168,1
T008,44,24,interior,,,,2169,1
T008,45,24,interior,,,,2170,1
T008,46,24,interior,,,,2171,1
T008,47,24,interior,,,,2172,1
T008,48,24,shared_edge_candidate,,L18__L20,23.0,2173,2
T011,322,24,shared_edge_candidate,,L18__L20,23.0,2173,2
T008,49,24,shared_edge_candidate,,L15__L18,2.0,2174,1
T008,50,24,interior,,,,2175,1
T008,51,24,interior,,,,2176,1
T008,52,24,interior,,,,2177,1
T008,53,24,interior,,,,2178,1
T008,54,24,interior,,,,2179,1
T008,55,24,interior,,,,2180,1
T008,56,24,interior,,,,2181,1
T008,57,24,interior,,,,2182,1
T008,58,24,interior,,,,2183,1
T008,59,24,interior,,,,2184,1
T008,60,24,interior,,,,2185,1
T008,61,24,interior,,,,2186,1
T008,62,24,interior,,,,2187,1
T008,63,24,interior,,,,2188,1
T008,64,24,interior,,,,2189,1
T008,65,24,interior,,,,2190,1
T008,66,24,interior,,,,2191,1
T008,67,24,interior,,,,2192,1
T008,68,24,interior,,,,2193,1
T008,69,24,interior,,,,2194,1
T008,70,24,interior,,,,2195,1
T008,71,24,shared_edge_candidate,,L18__L20,22.0,2196,2
T011,319,24,shared_edge_candidate,,L18__L20,22.0,2196,2
T008,72,24,shared_edge_candidate,,L15__L18,3.0,2197,1
T008,73,24,interior,,,,2198,1
T008,74,24,interior,,,,2199,1
T008,75,24,interior,,,,2200,1
T008,76,24,interior,,,,2201,1
T008,77,24,interior,,,,2202,1
T008,78,24,interior,,,,2203,1
T008,79,24,interior,,,,2204,1
T008,80,24,interior,,,,2205,1
T008,81,24,interior,,,,2206,1
T008,82,24,interior,,,,2207,1
T008,83,24,interior,,,,2208,1
T008,84,24,interior,,,,2209,1
T008,85,24,interior,,,,2210,1
T008,86,24,interior,,,,2211,1
T008,87,24,interior,,,,2212,1
T008,88,24,interior,,,,2213,1
T008,89,24,interior,,,,2214,1
T008,90,24,interior,,,,2215,1
T008,91,24,interior,,,,2216,1
T008,92,24,interior,,,,2217,1
T008,93,24,shared_edge_candidate,,L18__L20,21.0,2218,2
T011,315,24,shared_edge_candidate,,L18__L20,21.0,2218,2
T008,94,24,shared_edge_candidate,,L15__L18,4.0,2219,1
T008,95,24,interior,,,,2220,1
T008,96,24,interior,,,,2221,1
T008,97,24,interior,,,,2222,1
T008,98,24,interior,,,,2223,1
T008,99,24,interior,,,,2224,1
T008,100,24,interior,,,,2225,1
T008,101,24,interior,,,,2226,1
T008,102,24,interior,,,,2227,1
T008,103,24,interior,,,,2228,1
T008,104,24,interior,,,,2229,1
T008,105,24,interior,,,,2230,1
T008,106,24,interior,,,,2231,1
T008,107,24,interior,,,,2232,1
T008,108,24,interior,,,,2233,1
T008,109,24,interior,,,,2234,1
T008,110,24,interior,,,,2235,1
T008,111,24,interior,,,,2236,1
T008,112,24,interior,,,,2237,1
T008,113,24,interior,,,,2238,1
T008,114,24,shared_edge_candidate,,L18__L20,20.0,2239,2
T011,310,24,shared_edge_candidate,,L18__L20,20.0,2239,2
T008,115,24,shared_edge_candidate,,L15__L18,5.0,2240,1
T008,116,24,interior,,,,2241,1
T008,117,24,interior,,,,2242,1
T008,118,24,interior,,,,2243,1
T008,119,24,interior,,,,2244,1
T008,120,24,interior,,,,2245,1
T008,121,24,interior,,,,2246,1
T008,122,24,interior,,,,2247,1
T008,123,24,interior,,,,2248,1
T008,124,24,interior,,,,2249,1
T008,125,24,interior,,,,2250,1
T008,126,24,interior,,,,2251,1
T008,127,24,interior,,,,2252,1
T008,128,24,interior,,,,2253,1
T008,129,24,interior,,,,2254,1
T008,130,24,interior,,,,2255,1
T008,131,24,interior,,,,2256,1
T008,132,24,interior,,,,2257,1
T008,133,24,interior,,,,2258,1
T008,134,24,shared_edge_candidate,,L18__L20,19.0,2259,2
T011,304,24,shared_edge_candidate,,L18__L20,19.0,2259,2
T008,135,24,shared_edge_candidate,,L15__L18,6.0,2260,1
T008,136,24,interior,,,,2261,1
T008,137,24,interior,,,,2262,1
T008,138,24,interior,,,,2263,1
T008,139,24,interior,,,,2264,1
T008,140,24,interior,,,,2265,1
T008,141,24,interior,,,,2266,1
T008,142,24,interior,,,,2267,1
T008,143,24,interior,,,,2268,1
T008,144,24,interior,,,,2269,1
T008,145,24,interior,,,,2270,1
T008,146,24,interior,,,,2271,1
T008,147,24,interior,,,,2272,1
T008,148,24,interior,,,,2273,1
T008,149,24,interior,,,,2274,1
T008,150,24,interior,,,,2275,1
T008,151,24,interior,,,,2276,1
T008,152,24,interior,,,,2277,1
T008,153,24,shared_edge_candidate,,L18__L20,18.0,2278,2
T011,297,24,shared_edge_candidate,,L18__L20,18.0,2278,2
T008,154,24,shared_edge_candidate,,L15__L18,7.0,2279,1
T008,155,24,interior,,,,2280,1
T008,156,24,interior,,,,2281,1
T008,157,24,interior,,,,2282,1
T008,158,24,interior,,,,2283,1
T008,159,24,interior,,,,2284,1
T008,160,24,interior,,,,2285,1
T008,161,24,interior,,,,2286,1
T008,162,24,interior,,,,2287,1
T008,163,24,interior,,,,2288,1
T008,164,24,interior,,,,2289,1
T008,165,24,interior,,,,2290,1
T008,166,24,interior,,,,2291,1
T008,167,24,interior,,,,2292,1
T008,168,24,interior,,,,2293,1
T008,169,24,interior,,,,2294,1
T008,170,24,interior,,,,2295,1
T008,171,24,shared_edge_candidate,,L18__L20,17.0,2296,2
T011,289,24,shared_edge_candidate,,L18__L20,17.0,2296,2
T008,172,24,shared_edge_candidate,,L15__L18,8.0,2297,1
T008,173,24,interior,,,,2298,1
T008,174,24,interior,,,,2299,1
T008,175,24,interior,,,,2300,1
T008,176,24,interior,,,,2301,1
T008,177,24,interior,,,,2302,1
T008,178,24,interior,,,,2303,1
T008,179,24,interior,,,,2304,1
T008,180,24,interior,,,,2305,1
T008,181,24,interior,,,,2306,1
T008,182,24,interior,,,,2307,1
T008,183,24,interior,,,,2308,1
T008,184,24,interior,,,,2309,1
T008,185,24,interior,,,,2310,1
T008,186,24,interior,,,,2311,1
T008,187,24,interior,,,,2312,1
T008,188,24,shared_edge_candidate,,L18__L20,16.0,2313,2
T011,280,24,shared_edge_candidate,,L18__L20,16.0,2313,2
T008,189,24,shared_edge_candidate,,L15__L18,9.0,2314,1
T008,190,24,interior,,,,2315,1
T008,191,24,interior,,,,2316,1
T008,192,24,interior,,,,2317,1
T008,193,24,interior,,,,2318,1
T008,194,24,interior,,,,2319,1
T008,195,24,interior,,,,2320,1
T008,196,24,interior,,,,2321,1
T008,197,24,interior,,,,2322,1
T008,198,24,interior,,,,2323,1
T008,199,24,interior,,,,2324,1
T008,200,24,interior,,,,2325,1
T008,201,24,interior,,,,2326,1
T008,202,24,interior,,,,2327,1
T008,203,24,interior,,,,2328,1
T008,204,24,shared_edge_candidate,,L18__L20,15.0,2329,2
T011,270,24,shared_edge_candidate,,L18__L20,15.0,2329,2
T008,205,24,shared_edge_candidate,,L15__L18,10.0,2330,1
T008,206,24,interior,,,,2331,1
T008,207,24,interior,,,,2332,1
T008,208,24,interior,,,,2333,1
T008,209,24,interior,,,,2334,1
T008,210,24,interior,,,,2335,1
T008,211,24,interior,,,,2336,1
T008,212,24,interior,,,,2337,1
T008,213,24,interior,,,,2338,1
T008,214,24,interior,,,,2339,1
T008,215,24,interior,,,,2340,1
T008,216,24,interior,,,,2341,1
T008,217,24,interior,,,,2342,1
T008,218,24,interior,,,,2343,1
T008,219,24,shared_edge_candidate,,L18__L20,14.0,2344,2
T011,259,24,shared_edge_candidate,,L18__L20,14.0,2344,2
T008,220,24,shared_edge_candidate,,L15__L18,11.0,2345,1
T008,221,24,interior,,,,2346,1
T008,222,24,interior,,,,2347,1
T008,223,24,interior,,,,2348,1
T008,224,24,interior,,,,2349,1
T008,225,24,interior,,,,2350,1
T008,226,24,interior,,,,2351,1
T008,227,24,interior,,,,2352,1
T008,228,24,interior,,,,2353,1
T008,229,24,interior,,,,2354,1
T008,230,24,interior,,,,2355,1
T008,231,24,interior,,,,2356,1
T008,232,24,interior,,,,2357,1
T008,233,24,shared_edge_candidate,,L18__L20,13.0,2358,2
T011,247,24,shared_edge_candidate,,L18__L20,13.0,2358,2
T008,234,24,shared_edge_candidate,,L15__L18,12.0,2359,1
T008,235,24,interior,,,,2360,1
T008,236,24,interior,,,,2361,1
T008,237,24,interior,,,,2362,1
T008,238,24,interior,,,,2363,1
T008,239,24,interior,,,,2364,1
T008,240,24,interior,,,,2365,1
T008,241,24,interior,,,,2366,1
T008,242,24,interior,,,,2367,1
T008,243,24,interior,,,,2368,1
T008,244,24,interior,,,,2369,1
T008,245,24,interior,,,,2370,1
T008,246,24,shared_edge_candidate,,L18__L20,12.0,2371,2
T011,234,24,shared_edge_candidate,,L18__L20,12.0,2371,2
T008,247,24,shared_edge_candidate,,L15__L18,13.0,2372,1
T008,248,24,interior,,,,2373,1
T008,249,24,interior,,,,2374,1
T008,250,24,interior,,,,2375,1
T008,251,24,interior,,,,2376,1
T008,252,24,interior,,,,2377,1
T008,253,24,interior,,,,2378,1
T008,254,24,interior,,,,2379,1
T008,255,24,interior,,,,2380,1
T008,256,24,interior,,,,2381,1
T008,257,24,interior,,,,2382,1
T008,258,24,shared_edge_candidate,,L18__L20,11.0,2383,2
T011,220,24,shared_edge_candidate,,L18__L20,11.0,2383,2
T008,259,24,shared_edge_candidate,,L15__L18,14.0,2384,1
T008,260,24,interior,,,,2385,1
T008,261,24,interior,,,,2386,1
T008,262,24,interior,,,,2387,1
T008,263,24,interior,,,,2388,1
T008,264,24,interior,,,,2389,1
T008,265,24,interior,,,,2390,1
T008,266,24,interior,,,,2391,1
T008,267,24,interior,,,,2392,1
T008,268,24,interior,,,,2393,1
T008,269,24,shared_edge_candidate,,L18__L20,10.0,2394,2
T011,205,24,shared_edge_candidate,,L18__L20,10.0,2394,2
T008,270,24,shared_edge_candidate,,L15__L18,15.0,2395,1
T008,271,24,interior,,,,2396,1
T008,272,24,interior,,,,2397,1
T008,273,24,interior,,,,2398,1
T008,274,24,interior,,,,2399,1
T008,275,24,interior,,,,2400,1
T008,276,24,interior,,,,2401,1
T008,277,24,interior,,,,2402,1
T008,278,24,interior,,,,2403,1
T008,279,24,shared_edge_candidate,,L18__L20,9.0,2404,2
T011,189,24,shared_edge_candidate,,L18__L20,9.0,2404,2
T008,280,24,shared_edge_candidate,,L15__L18,16.0,2405,1
T008,281,24,interior,,,,2406,1
T008,282,24,interior,,,,2407,1
T008,283,24,interior,,,,2408,1
T008,284,24,interior,,,,2409,1
T008,285,24,interior,,,,2410,1
T008,286,24,interior,,,,2411,1
T008,287,24,interior,,,,2412,1
T008,288,24,shared_edge_candidate,,L18__L20,8.0,2413,2
T011,172,24,shared_edge_candidate,,L18__L20,8.0,2413,2
T008,289,24,shared_edge_candidate,,L15__L18,17.0,2414,1
T008,290,24,interior,,,,2415,1
T008,291,24,interior,,,,2416,1
T008,292,24,interior,,,,2417,1
T008,293,24,interior,,,,2418,1
T008,294,24,interior,,,,2419,1
T008,295,24,interior,,,,2420,1
T008,296,24,shared_edge_candidate,,L18__L20,7.0,2421,2
T011,154,24,shared_edge_candidate,,L18__L20,7.0,2421,2
T008,297,24,shared_edge_candidate,,L15__L18,18.0,2422,1
T008,298,24,interior,,,,2423,1
T008,299,24,interior,,,,2424,1
T008,300,24,interior,,,,2425,1
T008,301,24,interior,,,,2426,1
T008,302,24,interior,,,,2427,1
T008,303,24,shared_edge_candidate,,L18__L20,6.0,2428,2
T011,135,24,shared_edge_candidate,,L18__L20,6.0,2428,2
T008,304,24,shared_edge_candidate,,L15__L18,19.0,2429,1
T008,305,24,interior,,,,2430,1
T008,306,24,interior,,,,2431,1
T008,307,24,interior,,,,2432,1
T008,308,24,interior,,,,2433,1
T008,309,24,shared_edge_candidate,,L18__L20,5.0,2434,2
T011,115,24,shared_edge_candidate,,L18__L20,5.0,2434,2
T008,310,24,shared_edge_candidate,,L15__L18,20.0,2435,1
T008,311,24,interior,,,,2436,1
T008,312,24,interior,,,,2437,1
T008,313,24,interior,,,,2438,1
T008,314,24,shared_edge_candidate,,L18__L20,4.0,2439,2
T011,94,24,shared_edge_candidate,,L18__L20,4.0,2439,2
T008,315,24,shared_edge_candidate,,L15__L18,21.0,2440,1
T008,316,24,interior,,,,2441,1
T008,317,24,interior,,,,2442,1
T008,318,24,shared_edge_candidate,,L18__L20,3.0,2443,2
T011,72,24,shared_edge_candidate,,L18__L20,3.0,2443,2
T008,319,24,shared_edge_candidate,,L15__L18,22.0,2444,1
T008,320,24,interior,,,,2445,1
T008,321,24,shared_edge_candidate,,L18__L20,2.0,2446,2
T011,49,24,shared_edge_candidate,,L18__L20,2.0,2446,2
T008,322,24,shared_edge_candidate,,L15__L18,23.0,2447,1
T008,323,24,shared_edge_candidate,,L18__L20,1.0,2448,2
T011,25,24,shared_edge_candidate,,L18__L20,1.0,2448,2
T009,1,24,shared_edge_candidate,,L17__L29,1.0,2449,2
T010,1,24,shared_edge_candidate,,L17__L29,1.0,2449,2
T009,2,24,shared_edge_candidate,,L17__L29,2.0,2450,2
T010,2,24,shared_edge_candidate,,L17__L29,2.0,2450,2
T009,3,24,shared_edge_candidate,,L17__L29,3.0,2451,2
T010,3,24,shared_edge_candidate,,L17__L29,3.0,2451,2
T009,4,24,shared_edge_candidate,,L17__L29,4.0,2452,2
T010,4,24,shared_edge_candidate,,L17__L29,4.0,2452,2
T009,5,24,shared_edge_candidate,,L17__L29,5.0,2453,2
T010,5,24,shared_edge_candidate,,L17__L29,5.0,2453,2
T009,6,24,shared_edge_candidate,,L17__L29,6.0,2454,2
T010,6,24,shared_edge_candidate,,L17__L29,6.0,2454,2
T009,7,24,shared_edge_candidate,,L17__L29,7.0,2455,2
T010,7,24,shared_edge_candidate,,L17__L29,7.0,2455,2
T009,8,24,shared_edge_candidate,,L17__L29,8.0,2456,2
T010,8,24,shared_edge_candidate,,L17__L29,8.0,2456,2
T009,9,24,shared_edge_candidate,,L17__L29,9.0,2457,2
T010,9,24,shared_edge_candidate,,L17__L29,9.0,2457,2
T009,10,24,shared_edge_candidate,,L17__L29,10.0,2458,2
T010,10,24,shared_edge_candidate,,L17__L29,10.0,2458,2
T009,11,24,shared_edge_candidate,,L17__L29,11.0,2459,2
T010,11,24,shared_edge_candidate,,L17__L29,11.0,2459,2
T009,12,24,shared_edge_candidate,,L17__L29,12.0,2460,2
T010,12,24,shared_edge_candidate,,L17__L29,12.0,2460,2
T009,13,24,shared_edge_candidate,,L17__L29,13.0,2461,2
T010,13,24,shared_edge_candidate,,L17__L29,13.0,2461,2
T009,14,24,shared_edge_candidate,,L17__L29,14.0,2462,2
T010,14,24,shared_edge_candidate,,L17__L29,14.0,2462,2
T009,15,24,shared_edge_candidate,,L17__L29,15.0,2463,2
T010,15,24,shared_edge_candidate,,L17__L29,15.0,2463,2
T009,16,24,shared_edge_candidate,,L17__L29,16.0,2464,2
T010,16,24,shared_edge_candidate,,L17__L29,16.0,2464,2
T009,17,24,shared_edge_candidate,,L17__L29,17.0,2465,2
T010,17,24,shared_edge_candidate,,L17__L29,17.0,2465,2
T009,18,24,shared_edge_candidate,,L17__L29,18.0,2466,2
T010,18,24,shared_edge_candidate,,L17__L29,18.0,2466,2
T009,19,24,shared_edge_candidate,,L17__L29,19.0,2467,2
T010,19,24,shared_edge_candidate,,L17__L29,19.0,2467,2
T009,20,24,shared_edge_candidate,,L17__L29,20.0,2468,2
T010,20,24,shared_edge_candidate,,L17__L29,20.0,2468,2
T009,21,24,shared_edge_candidate,,L17__L29,21.0,2469,2
T010,21,24,shared_edge_candidate,,L17__L29,21.0,2469,2
T009,22,24,shared_edge_candidate,,L17__L29,22.0,2470,2
T010,22,24,shared_edge_candidate,,L17__L29,22.0,2470,2
T009,23,24,shared_edge_candidate,,L17__L29,23.0,2471,2
T010,23,24,shared_edge_candidate,,L17__L29,23.0,2471,2
T009,24,24,landmark,L29,,,2472,6
T010,24,24,landmark,L29,,,2472,6
T011,24,24,landmark,L29,,,2472,6
T012,24,24,landmark,L29,,,2472,6
T013,24,24,landmark,L29,,,2472,6
T015,24,24,landmark,L29,,,2472,6
T009,26,24,interior,,,,2473,1
T009,27,24,interior,,,,2474,1
T009,28,24,interior,,,,2475,1
T009,29,24,interior,,,,2476,1
T009,30,24,interior,,,,2477,1
T009,31,24,interior,,,,2478,1
T009,32,24,interior,,,,2479,1
T009,33,24,interior,,,,2480,1
T009,34,24,interior,,,,2481,1
T009,35,24,interior,,,,2482,1
T009,36,24,interior,,,,2483,1
T009,37,24,interior,,,,2484,1
T009,38,24,interior,,,,2485,1
T009,39,24,interior,,,,2486,1
T009,40,24,interior,,,,2487,1
T009,41,24,interior,,,,2488,1
T009,42,24,interior,,,,2489,1
T009,43,24,interior,,,,2490,1
T009,44,24,interior,,,,2491,1
T009,45,24,interior,,,,2492,1
T009,46,24,interior,,,,2493,1
T009,47,24,interior,,,,2494,1
T009,48,24,shared_edge_candidate,,L18__L29,23.0,2495,2
T011,23,24,shared_edge_candidate,,L18__L29,23.0,2495,2
T009,50,24,interior,,,,2496,1
T009,51,24,interior,,,,2497,1
T009,52,24,interior,,,,2498,1
T009,53,24,interior,,,,2499,1
T009,54,24,interior,,,,2500,1
T009,55,24,interior,,,,2501,1
T009,56,24,interior,,,,2502,1
T009,57,24,interior,,,,2503,1
T009,58,24,interior,,,,2504,1
T009,59,24,interior,,,,2505,1
T009,60,24,interior,,,,2506,1
T009,61,24,interior,,,,2507,1
T009,62,24,interior,,,,2508,1
T009,63,24,interior,,,,2509,1
T009,64,24,interior,,,,2510,1
T009,65,24,interior,,,,2511,1
T009,66,24,interior,,,,2512,1
T009,67,24,interior,,,,2513,1
T009,68,24,interior,,,,2514,1
T009,69,24,interior,,,,2515,1
T009,70,24,interior,,,,2516,1
T009,71,24,shared_edge_candidate,,L18__L29,22.0,2517,2
T011,22,24,shared_edge_candidate,,L18__L29,22.0,2517,2
T009,73,24,interior,,,,2518,1
T009,74,24,interior,,,,2519,1
T009,75,24,interior,,,,2520,1
T009,76,24,interior,,,,2521,1
T009,77,24,interior,,,,2522,1
T009,78,24,interior,,,,2523,1
T009,79,24,interior,,,,2524,1
T009,80,24,interior,,,,2525,1
T009,81,24,interior,,,,2526,1
T009,82,24,interior,,,,2527,1
T009,83,24,interior,,,,2528,1
T009,84,24,interior,,,,2529,1
T009,85,24,interior,,,,2530,1
T009,86,24,interior,,,,2531,1
T009,87,24,interior,,,,2532,1
T009,88,24,interior,,,,2533,1
T009,89,24,interior,,,,2534,1
T009,90,24,interior,,,,2535,1
T009,91,24,interior,,,,2536,1
T009,92,24,interior,,,,2537,1
T009,93,24,shared_edge_candidate,,L18__L29,21.0,2538,2
T011,21,24,shared_edge_candidate,,L18__L29,21.0,2538,2
T009,95,24,interior,,,,2539,1
T009,96,24,interior,,,,2540,1
T009,97,24,interior,,,,2541,1
T009,98,24,interior,,,,2542,1
T009,99,24,interior,,,,2543,1
T009,100,24,interior,,,,2544,1
T009,101,24,interior,,,,2545,1
T009,102,24,interior,,,,2546,1
T009,103,24,interior,,,,2547,1
T009,104,24,interior,,,,2548,1
T009,105,24,interior,,,,2549,1
T009,106,24,interior,,,,2550,1
T009,107,24,interior,,,,2551,1
T009,108,24,interior,,,,2552,1
T009,109,24,interior,,,,2553,1
T009,110,24,interior,,,,2554,1
T009,111,24,interior,,,,2555,1
T009,112,24,interior,,,,2556,1
T009,113,24,interior,,,,2557,1
T009,114,24,shared_edge_candidate,,L18__L29,20.0,2558,2
T011,20,24,shared_edge_candidate,,L18__L29,20.0,2558,2
T009,116,24,interior,,,,2559,1
T009,117,24,interior,,,,2560,1
T009,118,24,interior,,,,2561,1
T009,119,24,interior,,,,2562,1
T009,120,24,interior,,,,2563,1
T009,121,24,interior,,,,2564,1
T009,122,24,interior,,,,2565,1
T009,123,24,interior,,,,2566,1
T009,124,24,interior,,,,2567,1
T009,125,24,interior,,,,2568,1
T009,126,24,interior,,,,2569,1
T009,127,24,interior,,,,2570,1
T009,128,24,interior,,,,2571,1
T009,129,24,interior,,,,2572,1
T009,130,24,interior,,,,2573,1
T009,131,24,interior,,,,2574,1
T009,132,24,interior,,,,2575,1
T009,133,24,interior,,,,2576,1
T009,134,24,shared_edge_candidate,,L18__L29,19.0,2577,2
T011,19,24,shared_edge_candidate,,L18__L29,19.0,2577,2
T009,136,24,interior,,,,2578,1
T009,137,24,interior,,,,2579,1
T009,138,24,interior,,,,2580,1
T009,139,24,interior,,,,2581,1
T009,140,24,interior,,,,2582,1
T009,141,24,interior,,,,2583,1
T009,142,24,interior,,,,2584,1
T009,143,24,interior,,,,2585,1
T009,144,24,interior,,,,2586,1
T009,145,24,interior,,,,2587,1
T009,146,24,interior,,,,2588,1
T009,147,24,interior,,,,2589,1
T009,148,24,interior,,,,2590,1
T009,149,24,interior,,,,2591,1
T009,150,24,interior,,,,2592,1
T009,151,24,interior,,,,2593,1
T009,152,24,interior,,,,2594,1
T009,153,24,shared_edge_candidate,,L18__L29,18.0,2595,2
T011,18,24,shared_edge_candidate,,L18__L29,18.0,2595,2
T009,155,24,interior,,,,2596,1
T009,156,24,interior,,,,2597,1
T009,157,24,interior,,,,2598,1
T009,158,24,interior,,,,2599,1
T009,159,24,interior,,,,2600,1
T009,160,24,interior,,,,2601,1
T009,161,24,interior,,,,2602,1
T009,162,24,interior,,,,2603,1
T009,163,24,interior,,,,2604,1
T009,164,24,interior,,,,2605,1
T009,165,24,interior,,,,2606,1
T009,166,24,interior,,,,2607,1
T009,167,24,interior,,,,2608,1
T009,168,24,interior,,,,2609,1
T009,169,24,interior,,,,2610,1
T009,170,24,interior,,,,2611,1
T009,171,24,shared_edge_candidate,,L18__L29,17.0,2612,2
T011,17,24,shared_edge_candidate,,L18__L29,17.0,2612,2
T009,173,24,interior,,,,2613,1
T009,174,24,interior,,,,2614,1
T009,175,24,interior,,,,2615,1
T009,176,24,interior,,,,2616,1
T009,177,24,interior,,,,2617,1
T009,178,24,interior,,,,2618,1
T009,179,24,interior,,,,2619,1
T009,180,24,interior,,,,2620,1
T009,181,24,interior,,,,2621,1
T009,182,24,interior,,,,2622,1
T009,183,24,interior,,,,2623,1
T009,184,24,interior,,,,2624,1
T009,185,24,interior,,,,2625,1
T009,186,24,interior,,,,2626,1
T009,187,24,interior,,,,2627,1
T009,188,24,shared_edge_candidate,,L18__L29,16.0,2628,2
T011,16,24,shared_edge_candidate,,L18__L29,16.0,2628,2
T009,190,24,interior,,,,2629,1
T009,191,24,interior,,,,2630,1
T009,192,24,interior,,,,2631,1
T009,193,24,interior,,,,2632,1
T009,194,24,interior,,,,2633,1
T009,195,24,interior,,,,2634,1
T009,196,24,interior,,,,2635,1
T009,197,24,interior,,,,2636,1
T009,198,24,interior,,,,2637,1
T009,199,24,interior,,,,2638,1
T009,200,24,interior,,,,2639,1
T009,201,24,interior,,,,2640,1
T009,202,24,interior,,,,2641,1
T009,203,24,interior,,,,2642,1
T009,204,24,shared_edge_candidate,,L18__L29,15.0,2643,2
T011,15,24,shared_edge_candidate,,L18__L29,15.0,2643,2
T009,206,24,interior,,,,2644,1
T009,207,24,interior,,,,2645,1
T009,208,24,interior,,,,2646,1
T009,209,24,interior,,,,2647,1
T009,210,24,interior,,,,2648,1
T009,211,24,interior,,,,2649,1
T009,212,24,interior,,,,2650,1
T009,213,24,interior,,,,2651,1
T009,214,24,interior,,,,2652,1
T009,215,24,interior,,,,2653,1
T009,216,24,interior,,,,2654,1
T009,217,24,interior,,,,2655,1
T009,218,24,interior,,,,2656,1
T009,219,24,shared_edge_candidate,,L18__L29,14.0,2657,2
T011,14,24,shared_edge_candidate,,L18__L29,14.0,2657,2
T009,221,24,interior,,,,2658,1
T009,222,24,interior,,,,2659,1
T009,223,24,interior,,,,2660,1
T009,224,24,interior,,,,2661,1
T009,225,24,interior,,,,2662,1
T009,226,24,interior,,,,2663,1
T009,227,24,interior,,,,2664,1
T009,228,24,interior,,,,2665,1
T009,229,24,interior,,,,2666,1
T009,230,24,interior,,,,2667,1
T009,231,24,interior,,,,2668,1
T009,232,24,interior,,,,2669,1
T009,233,24,shared_edge_candidate,,L18__L29,13.0,2670,2
T011,13,24,shared_edge_candidate,,L18__L29,13.0,2670,2
T009,235,24,interior,,,,2671,1
T009,236,24,interior,,,,2672,1
T009,237,24,interior,,,,2673,1
T009,238,24,interior,,,,2674,1
T009,239,24,interior,,,,2675,1
T009,240,24,interior,,,,2676,1
T009,241,24,interior,,,,2677,1
T009,242,24,interior,,,,2678,1
T009,243,24,interior,,,,2679,1
T009,244,24,interior,,,,2680,1
T009,245,24,interior,,,,2681,1
T009,246,24,shared_edge_candidate,,L18__L29,12.0,2682,2
T011,12,24,shared_edge_candidate,,L18__L29,12.0,2682,2
T009,248,24,interior,,,,2683,1
T009,249,24,interior,,,,2684,1
T009,250,24,interior,,,,2685,1
T009,251,24,interior,,,,2686,1
T009,252,24,interior,,,,2687,1
T009,253,24,interior,,,,2688,1
T009,254,24,interior,,,,2689,1
T009,255,24,interior,,,,2690,1
T009,256,24,interior,,,,2691,1
T009,257,24,interior,,,,2692,1
T009,258,24,shared_edge_candidate,,L18__L29,11.0,2693,2
T011,11,24,shared_edge_candidate,,L18__L29,11.0,2693,2
T009,260,24,interior,,,,2694,1
T009,261,24,interior,,,,2695,1
T009,262,24,interior,,,,2696,1
T009,263,24,interior,,,,2697,1
T009,264,24,interior,,,,2698,1
T009,265,24,interior,,,,2699,1
T009,266,24,interior,,,,2700,1
T009,267,24,interior,,,,2701,1
T009,268,24,interior,,,,2702,1
T009,269,24,shared_edge_candidate,,L18__L29,10.0,2703,2
T011,10,24,shared_edge_candidate,,L18__L29,10.0,2703,2
T009,271,24,interior,,,,2704,1
T009,272,24,interior,,,,2705,1
T009,273,24,interior,,,,2706,1
T009,274,24,interior,,,,2707,1
T009,275,24,interior,,,,2708,1
T009,276,24,interior,,,,2709,1
T009,277,24,interior,,,,2710,1
T009,278,24,interior,,,,2711,1
T009,279,24,shared_edge_candidate,,L18__L29,9.0,2712,2
T011,9,24,shared_edge_candidate,,L18__L29,9.0,2712,2
T009,281,24,interior,,,,2713,1
T009,282,24,interior,,,,2714,1
T009,283,24,interior,,,,2715,1
T009,284,24,interior,,,,2716,1
T009,285,24,interior,,,,2717,1
T009,286,24,interior,,,,2718,1
T009,287,24,interior,,,,2719,1
T009,288,24,shared_edge_candidate,,L18__L29,8.0,2720,2
T011,8,24,shared_edge_candidate,,L18__L29,8.0,2720,2
T009,290,24,interior,,,,2721,1
T009,291,24,interior,,,,2722,1
T009,292,24,interior,,,,2723,1
T009,293,24,interior,,,,2724,1
T009,294,24,interior,,,,2725,1
T009,295,24,interior,,,,2726,1
T009,296,24,shared_edge_candidate,,L18__L29,7.0,2727,2
T011,7,24,shared_edge_candidate,,L18__L29,7.0,2727,2
T009,298,24,interior,,,,2728,1
T009,299,24,interior,,,,2729,1
T009,300,24,interior,,,,2730,1
T009,301,24,interior,,,,2731,1
T009,302,24,interior,,,,2732,1
T009,303,24,shared_edge_candidate,,L18__L29,6.0,2733,2
T011,6,24,shared_edge_candidate,,L18__L29,6.0,2733,2
T009,305,24,interior,,,,2734,1
T009,306,24,interior,,,,2735,1
T009,307,24,interior,,,,2736,1
T009,308,24,interior,,,,2737,1
T009,309,24,shared_edge_candidate,,L18__L29,5.0,2738,2
T011,5,24,shared_edge_candidate,,L18__L29,5.0,2738,2
T009,311,24,interior,,,,2739,1
T009,312,24,interior,,,,2740,1
T009,313,24,interior,,,,2741,1
T009,314,24,shared_edge_candidate,,L18__L29,4.0,2742,2
T011,4,24,shared_edge_candidate,,L18__L29,4.0,2742,2
T009,316,24,interior,,,,2743,1
T009,317,24,interior,,,,2744,1
T009,318,24,shared_edge_candidate,,L18__L29,3.0,2745,2
T011,3,24,shared_edge_candidate,,L18__L29,3.0,2745,2
T009,320,24,interior,,,,2746,1
T009,321,24,shared_edge_candidate,,L18__L29,2.0,2747,2
T011,2,24,shared_edge_candidate,,L18__L29,2.0,2747,2
T009,323,24,shared_edge_candidate,,L18__L29,1.0,2748,2
T011,1,24,shared_edge_candidate,,L18__L29,1.0,2748,2
T010,26,24,interior,,,,2749,1
T010,27,24,interior,,,,2750,1
T010,28,24,interior,,,,2751,1
T010,29,24,interior,,,,2752,1
T010,30,24,interior,,,,2753,1
T010,31,24,interior,,,,2754,1
T010,32,24,interior,,,,2755,1
T010,33,24,interior,,,,2756,1
T010,34,24,interior,,,,2757,1
T010,35,24,interior,,,,2758,1
T010,36,24,interior,,,,2759,1
T010,37,24,interior,,,,2760,1
T010,38,24,interior,,,,2761,1
T010,39,24,interior,,,,2762,1
T010,40,24,interior,,,,2763,1
T010,41,24,interior,,,,2764,1
T010,42,24,interior,,,,2765,1
T010,43,24,interior,,,,2766,1
T010,44,24,interior,,,,2767,1
T010,45,24,interior,,,,2768,1
T010,46,24,interior,,,,2769,1
T010,47,24,interior,,,,2770,1
T010,48,24,shared_edge_candidate,,L28__L29,23.0,2771,2
T013,48,24,shared_edge_candidate,,L28__L29,23.0,2771,2
T010,50,24,interior,,,,2772,1
T010,51,24,interior,,,,2773,1
T010,52,24,interior,,,,2774,1
T010,53,24,interior,,,,2775,1
T010,54,24,interior,,,,2776,1
T010,55,24,interior,,,,2777,1
T010,56,24,interior,,,,2778,1
T010,57,24,interior,,,,2779,1
T010,58,24,interior,,,,2780,1
T010,59,24,interior,,,,2781,1
T010,60,24,interior,,,,2782,1
T010,61,24,interior,,,,2783,1
T010,62,24,interior,,,,2784,1
T010,63,24,interior,,,,2785,1
T010,64,24,interior,,,,2786,1
T010,65,24,interior,,,,2787,1
T010,66,24,interior,,,,2788,1
T010,67,24,interior,,,,2789,1
T010,68,24,interior,,,,2790,1
T010,69,24,interior,,,,2791,1
T010,70,24,interior,,,,2792,1
T010,71,24,shared_edge_candidate,,L28__L29,22.0,2793,2
T013,71,24,shared_edge_candidate,,L28__L29,22.0,2793,2
T010,73,24,interior,,,,2794,1
T010,74,24,interior,,,,2795,1
T010,75,24,interior,,,,2796,1
T010,76,24,interior,,,,2797,1
T010,77,24,interior,,,,2798,1
T010,78,24,interior,,,,2799,1
T010,79,24,interior,,,,2800,1
T010,80,24,interior,,,,2801,1
T010,81,24,interior,,,,2802,1
T010,82,24,interior,,,,2803,1
T010,83,24,interior,,,,2804,1
T010,84,24,interior,,,,2805,1
T010,85,24,interior,,,,2806,1
T010,86,24,interior,,,,2807,1
T010,87,24,interior,,,,2808,1
T010,88,24,interior,,,,2809,1
T010,89,24,interior,,,,2810,1
T010,90,24,interior,,,,2811,1
T010,91,24,interior,,,,2812,1
T010,92,24,interior,,,,2813,1
T010,93,24,shared_edge_candidate,,L28__L29,21.0,2814,2
T013,93,24,shared_edge_candidate,,L28__L29,21.0,2814,2
T010,95,24,interior,,,,2815,1
T010,96,24,interior,,,,2816,1
T010,97,24,interior,,,,2817,1
T010,98,24,interior,,,,2818,1
T010,99,24,interior,,,,2819,1
T010,100,24,interior,,,,2820,1
T010,101,24,interior,,,,2821,1
T010,102,24,interior,,,,2822,1
T010,103,24,interior,,,,2823,1
T010,104,24,interior,,,,2824,1
T010,105,24,interior,,,,2825,1
T010,106,24,interior,,,,2826,1
T010,107,24,interior,,,,2827,1
T010,108,24,interior,,,,2828,1
T010,109,24,interior,,,,2829,1
T010,110,24,interior,,,,2830,1
T010,111,24,interior,,,,2831,1
T010,112,24,interior,,,,2832,1
T010,113,24,interior,,,,2833,1
T010,114,24,shared_edge_candidate,,L28__L29,20.0,2834,2
T013,114,24,shared_edge_candidate,,L28__L29,20.0,2834,2
T010,116,24,interior,,,,2835,1
T010,117,24,interior,,,,2836,1
T010,118,24,interior,,,,2837,1
T010,119,24,interior,,,,2838,1
T010,120,24,interior,,,,2839,1
T010,121,24,interior,,,,2840,1
T010,122,24,interior,,,,2841,1
T010,123,24,interior,,,,2842,1
T010,124,24,interior,,,,2843,1
T010,125,24,interior,,,,2844,1
T010,126,24,interior,,,,2845,1
T010,127,24,interior,,,,2846,1
T010,128,24,interior,,,,2847,1
T010,129,24,interior,,,,2848,1
T010,130,24,interior,,,,2849,1
T010,131,24,interior,,,,2850,1
T010,132,24,interior,,,,2851,1
T010,133,24,interior,,,,2852,1
T010,134,24,shared_edge_candidate,,L28__L29,19.0,2853,2
T013,134,24,shared_edge_candidate,,L28__L29,19.0,2853,2
T010,136,24,interior,,,,2854,1
T010,137,24,interior,,,,2855,1
T010,138,24,interior,,,,2856,1
T010,139,24,interior,,,,2857,1
T010,140,24,interior,,,,2858,1
T010,141,24,interior,,,,2859,1
T010,142,24,interior,,,,2860,1
T010,143,24,interior,,,,2861,1
T010,144,24,interior,,,,2862,1
T010,145,24,interior,,,,2863,1
T010,146,24,interior,,,,2864,1
T010,147,24,interior,,,,2865,1
T010,148,24,interior,,,,2866,1
T010,149,24,interior,,,,2867,1
T010,150,24,interior,,,,2868,1
T010,151,24,interior,,,,2869,1
T010,152,24,interior,,,,2870,1
T010,153,24,shared_edge_candidate,,L28__L29,18.0,2871,2
T013,153,24,shared_edge_candidate,,L28__L29,18.0,2871,2
T010,155,24,interior,,,,2872,1
T010,156,24,interior,,,,2873,1
T010,157,24,interior,,,,2874,1
T010,158,24,interior,,,,2875,1
T010,159,24,interior,,,,2876,1
T010,160,24,interior,,,,2877,1
T010,161,24,interior,,,,2878,1
T010,162,24,interior,,,,2879,1
T010,163,24,interior,,,,2880,1
T010,164,24,interior,,,,2881,1
T010,165,24,interior,,,,2882,1
T010,166,24,interior,,,,2883,1
T010,167,24,interior,,,,2884,1
T010,168,24,interior,,,,2885,1
T010,169,24,interior,,,,2886,1
T010,170,24,interior,,,,2887,1
T010,171,24,shared_edge_candidate,,L28__L29,17.0,2888,2
T013,171,24,shared_edge_candidate,,L28__L29,17.0,2888,2
T010,173,24,interior,,,,2889,1
T010,174,24,interior,,,,2890,1
T010,175,24,interior,,,,2891,1
T010,176,24,interior,,,,2892,1
T010,177,24,interior,,,,2893,1
T010,178,24,interior,,,,2894,1
T010,179,24,interior,,,,2895,1
T010,180,24,interior,,,,2896,1
T010,181,24,interior,,,,2897,1
T010,182,24,interior,,,,2898,1
T010,183,24,interior,,,,2899,1
T010,184,24,interior,,,,2900,1
T010,185,24,interior,,,,2901,1
T010,186,24,interior,,,,2902,1
T010,187,24,interior,,,,2903,1
T010,188,24,shared_edge_candidate,,L28__L29,16.0,2904,2
T013,188,24,shared_edge_candidate,,L28__L29,16.0,2904,2
T010,190,24,interior,,,,2905,1
T010,191,24,interior,,,,2906,1
T010,192,24,interior,,,,2907,1
T010,193,24,interior,,,,2908,1
T010,194,24,interior,,,,2909,1
T010,195,24,interior,,,,2910,1
T010,196,24,interior,,,,2911,1
T010,197,24,interior,,,,2912,1
T010,198,24,interior,,,,2913,1
T010,199,24,interior,,,,2914,1
T010,200,24,interior,,,,2915,1
T010,201,24,interior,,,,2916,1
T010,202,24,interior,,,,2917,1
T010,203,24,interior,,,,2918,1
T010,204,24,shared_edge_candidate,,L28__L29,15.0,2919,2
T013,204,24,shared_edge_candidate,,L28__L29,15.0,2919,2
T010,206,24,interior,,,,2920,1
T010,207,24,interior,,,,2921,1
T010,208,24,interior,,,,2922,1
T010,209,24,interior,,,,2923,1
T010,210,24,interior,,,,2924,1
T010,211,24,interior,,,,2925,1
T010,212,24,interior,,,,2926,1
T010,213,24,interior,,,,2927,1
T010,214,24,interior,,,,2928,1
T010,215,24,interior,,,,2929,1
T010,216,24,interior,,,,2930,1
T010,217,24,interior,,,,2931,1
T010,218,24,interior,,,,2932,1
T010,219,24,shared_edge_candidate,,L28__L29,14.0,2933,2
T013,219,24,shared_edge_candidate,,L28__L29,14.0,2933,2
T010,221,24,interior,,,,2934,1
T010,222,24,interior,,,,2935,1
T010,223,24,interior,,,,2936,1
T010,224,24,interior,,,,2937,1
T010,225,24,interior,,,,2938,1
T010,226,24,interior,,,,2939,1
T010,227,24,interior,,,,2940,1
T010,228,24,interior,,,,2941,1
T010,229,24,interior,,,,2942,1
T010,230,24,interior,,,,2943,1
T010,231,24,interior,,,,2944,1
T010,232,24,interior,,,,2945,1
T010,233,24,shared_edge_candidate,,L28__L29,13.0,2946,2
T013,233,24,shared_edge_candidate,,L28__L29,13.0,2946,2
T010,235,24,interior,,,,2947,1
T010,236,24,interior,,,,2948,1
T010,237,24,interior,,,,2949,1
T010,238,24,interior,,,,2950,1
T010,239,24,interior,,,,2951,1
T010,240,24,interior,,,,2952,1
T010,241,24,interior,,,,2953,1
T010,242,24,interior,,,,2954,1
T010,243,24,interior,,,,2955,1
T010,244,24,interior,,,,2956,1
T010,245,24,interior,,,,2957,1
T010,246,24,shared_edge_candidate,,L28__L29,12.0,2958,2
T013,246,24,shared_edge_candidate,,L28__L29,12.0,2958,2
T010,248,24,interior,,,,2959,1
T010,249,24,interior,,,,2960,1
T010,250,24,interior,,,,2961,1
T010,251,24,interior,,,,2962,1
T010,252,24,interior,,,,2963,1
T010,253,24,interior,,,,2964,1
T010,254,24,interior,,,,2965,1
T010,255,24,interior,,,,2966,1
T010,256,24,interior,,,,2967,1
T010,257,24,interior,,,,2968,1
T010,258,24,shared_edge_candidate,,L28__L29,11.0,2969,2
T013,258,24,shared_edge_candidate,,L28__L29,11.0,2969,2
T010,260,24,interior,,,,2970,1
T010,261,24,interior,,,,2971,1
T010,262,24,interior,,,,2972,1
T010,263,24,interior,,,,2973,1
T010,264,24,interior,,,,2974,1
T010,265,24,interior,,,,2975,1
T010,266,24,interior,,,,2976,1
T010,267,24,interior,,,,2977,1
T010,268,24,interior,,,,2978,1
T010,269,24,shared_edge_candidate,,L28__L29,10.0,2979,2
T013,269,24,shared_edge_candidate,,L28__L29,10.0,2979,2
T010,271,24,interior,,,,2980,1
T010,272,24,interior,,,,2981,1
T010,273,24,interior,,,,2982,1
T010,274,24,interior,,,,2983,1
T010,275,24,interior,,,,2984,1
T010,276,24,interior,,,,2985,1
T010,277,24,interior,,,,2986,1
T010,278,24,interior,,,,2987,1
T010,279,24,shared_edge_candidate,,L28__L29,9.0,2988,2
T013,279,24,shared_edge_candidate,,L28__L29,9.0,2988,2
T010,281,24,interior,,,,2989,1
T010,282,24,interior,,,,2990,1
T010,283,24,interior,,,,2991,1
T010,284,24,interior,,,,2992,1
T010,285,24,interior,,,,2993,1
T010,286,24,interior,,,,2994,1
T010,287,24,interior,,,,2995,1
T010,288,24,shared_edge_candidate,,L28__L29,8.0,2996,2
T013,288,24,shared_edge_candidate,,L28__L29,8.0,2996,2
T010,290,24,interior,,,,2997,1
T010,291,24,interior,,,,2998,1
T010,292,24,interior,,,,2999,1
T010,293,24,interior,,,,3000,1
T010,294,24,interior,,,,3001,1
T010,295,24,interior,,,,3002,1
T010,296,24,shared_edge_candidate,,L28__L29,7.0,3003,2
T013,296,24,shared_edge_candidate,,L28__L29,7.0,3003,2
T010,298,24,interior,,,,3004,1
T010,299,24,interior,,,,3005,1
T010,300,24,interior,,,,3006,1
T010,301,24,interior,,,,3007,1
T010,302,24,interior,,,,3008,1
T010,303,24,shared_edge_candidate,,L28__L29,6.0,3009,2
T013,303,24,shared_edge_candidate,,L28__L29,6.0,3009,2
T010,305,24,interior,,,,3010,1
T010,306,24,interior,,,,3011,1
T010,307,24,interior,,,,3012,1
T010,308,24,interior,,,,3013,1
T010,309,24,shared_edge_candidate,,L28__L29,5.0,3014,2
T013,309,24,shared_edge_candidate,,L28__L29,5.0,3014,2
T010,311,24,interior,,,,3015,1
T010,312,24,interior,,,,3016,1
T010,313,24,interior,,,,3017,1
T010,314,24,shared_edge_candidate,,L28__L29,4.0,3018,2
T013,314,24,shared_edge_candidate,,L28__L29,4.0,3018,2
T010,316,24,interior,,,,3019,1
T010,317,24,interior,,,,3020,1
T010,318,24,shared_edge_candidate,,L28__L29,3.0,3021,2
T013,318,24,shared_edge_candidate,,L28__L29,3.0,3021,2
T010,320,24,interior,,,,3022,1
T010,321,24,shared_edge_candidate,,L28__L29,2.0,3023,2
T013,321,24,shared_edge_candidate,,L28__L29,2.0,3023,2
T010,323,24,shared_edge_candidate,,L28__L29,1.0,3024,2
T013,323,24,shared_edge_candidate,,L28__L29,1.0,3024,2
T011,26,24,interior,,,,3025,1
T011,27,24,interior,,,,3026,1
T011,28,24,interior,,,,3027,1
T011,29,24,interior,,,,3028,1
T011,30,24,interior,,,,3029,1
T011,31,24,interior,,,,3030,1
T011,32,24,interior,,,,3031,1
T011,33,24,interior,,,,3032,1
T011,34,24,interior,,,,3033,1
T011,35,24,interior,,,,3034,1
T011,36,24,interior,,,,3035,1
T011,37,24,interior,,,,3036,1
T011,38,24,interior,,,,3037,1
T011,39,24,interior,,,,3038,1
T011,40,24,interior,,,,3039,1
T011,41,24,interior,,,,3040,1
T011,42,24,interior,,,,3041,1
T011,43,24,interior,,,,3042,1
T011,44,24,interior,,,,3043,1
T011,45,24,interior,,,,3044,1
T011,46,24,interior,,,,3045,1
T011,47,24,interior,,,,3046,1
T011,48,24,shared_edge_candidate,,L20__L29,23.0,3047,2
T015,23,24,shared_edge_candidate,,L20__L29,23.0,3047,2
T011,50,24,interior,,,,3048,1
T011,51,24,interior,,,,3049,1
T011,52,24,interior,,,,3050,1
T011,53,24,interior,,,,3051,1
T011,54,24,interior,,,,3052,1
T011,55,24,interior,,,,3053,1
T011,56,24,interior,,,,3054,1
T011,57,24,interior,,,,3055,1
T011,58,24,interior,,,,3056,1
T011,59,24,interior,,,,3057,1
T011,60,24,interior,,,,3058,1
T011,61,24,interior,,,,3059,1
T011,62,24,interior,,,,3060,1
T011,63,24,interior,,,,3061,1
T011,64,24,interior,,,,3062,1
T011,65,24,interior,,,,3063,1
T011,66,24,interior,,,,3064,1
T011,67,24,interior,,,,3065,1
T011,68,24,interior,,,,3066,1
T011,69,24,interior,,,,3067,1
T011,70,24,interior,,,,3068,1
T011,71,24,shared_edge_candidate,,L20__L29,22.0,3069,2
T015,22,24,shared_edge_candidate,,L20__L29,22.0,3069,2
T011,73,24,interior,,,,3070,1
T011,74,24,interior,,,,3071,1
T011,75,24,interior,,,,3072,1
T011,76,24,interior,,,,3073,1
T011,77,24,interior,,,,3074,1
T011,78,24,interior,,,,3075,1
T011,79,24,interior,,,,3076,1
T011,80,24,interior,,,,3077,1
T011,81,24,interior,,,,3078,1
T011,82,24,interior,,,,3079,1
T011,83,24,interior,,,,3080,1
T011,84,24,interior,,,,3081,1
T011,85,24,interior,,,,3082,1
T011,86,24,interior,,,,3083,1
T011,87,24,interior,,,,3084,1
T011,88,24,interior,,,,3085,1
T011,89,24,interior,,,,3086,1
T011,90,24,interior,,,,3087,1
T011,91,24,interior,,,,3088,1
T011,92,24,interior,,,,3089,1
T011,93,24,shared_edge_candidate,,L20__L29,21.0,3090,2
T015,21,24,shared_edge_candidate,,L20__L29,21.0,3090,2
T011,95,24,interior,,,,3091,1
T011,96,24,interior,,,,3092,1
T011,97,24,interior,,,,3093,1
T011,98,24,interior,,,,3094,1
T011,99,24,interior,,,,3095,1
T011,100,24,interior,,,,3096,1
T011,101,24,interior,,,,3097,1
T011,102,24,interior,,,,3098,1
T011,103,24,interior,,,,3099,1
T011,104,24,interior,,,,3100,1
T011,105,24,interior,,,,3101,1
T011,106,24,interior,,,,3102,1
T011,107,24,interior,,,,3103,1
T011,108,24,interior,,,,3104,1
T011,109,24,interior,,,,3105,1
T011,110,24,interior,,,,3106,1
T011,111,24,interior,,,,3107,1
T011,112,24,interior,,,,3108,1
T011,113,24,interior,,,,3109,1
T011,114,24,shared_edge_candidate,,L20__L29,20.0,3110,2
T015,20,24,shared_edge_candidate,,L20__L29,20.0,3110,2
T011,116,24,interior,,,,3111,1
T011,117,24,interior,,,,3112,1
T011,118,24,interior,,,,3113,1
T011,119,24,interior,,,,3114,1
T011,120,24,interior,,,,3115,1
T011,121,24,interior,,,,3116,1
T011,122,24,interior,,,,3117,1
T011,123,24,interior,,,,3118,1
T011,124,24,interior,,,,3119,1
T011,125,24,interior,,,,3120,1
T011,126,24,interior,,,,3121,1
T011,127,24,interior,,,,3122,1
T011,128,24,interior,,,,3123,1
T011,129,24,interior,,,,3124,1
T011,130,24,interior,,,,3125,1
T011,131,24,interior,,,,3126,1
T011,132,24,interior,,,,3127,1
T011,133,24,interior,,,,3128,1
T011,134,24,shared_edge_candidate,,L20__L29,19.0,3129,2
T015,19,24,shared_edge_candidate,,L20__L29,19.0,3129,2
T011,136,24,interior,,,,3130,1
T011,137,24,interior,,,,3131,1
T011,138,24,interior,,,,3132,1
T011,139,24,interior,,,,3133,1
T011,140,24,interior,,,,3134,1
T011,141,24,interior,,,,3135,1
T011,142,24,interior,,,,3136,1
T011,143,24,interior,,,,3137,1
T011,144,24,interior,,,,3138,1
T011,145,24,interior,,,,3139,1
T011,146,24,interior,,,,3140,1
T011,147,24,interior,,,,3141,1
T011,148,24,interior,,,,3142,1
T011,149,24,interior,,,,3143,1
T011,150,24,interior,,,,3144,1
T011,151,24,interior,,,,3145,1
T011,152,24,interior,,,,3146,1
T011,153,24,shared_edge_candidate,,L20__L29,18.0,3147,2
T015,18,24,shared_edge_candidate,,L20__L29,18.0,3147,2
T011,155,24,interior,,,,3148,1
T011,156,24,interior,,,,3149,1
T011,157,24,interior,,,,3150,1
T011,158,24,interior,,,,3151,1
T011,159,24,interior,,,,3152,1
T011,160,24,interior,,,,3153,1
T011,161,24,interior,,,,3154,1
T011,162,24,interior,,,,3155,1
T011,163,24,interior,,,,3156,1
T011,164,24,interior,,,,3157,1
T011,165,24,interior,,,,3158,1
T011,166,24,interior,,,,3159,1
T011,167,24,interior,,,,3160,1
T011,168,24,interior,,,,3161,1
T011,169,24,interior,,,,3162,1
T011,170,24,interior,,,,3163,1
T011,171,24,shared_edge_candidate,,L20__L29,17.0,3164,2
T015,17,24,shared_edge_candidate,,L20__L29,17.0,3164,2
T011,173,24,interior,,,,3165,1
T011,174,24,interior,,,,3166,1
T011,175,24,interior,,,,3167,1
T011,176,24,interior,,,,3168,1
T011,177,24,interior,,,,3169,1
T011,178,24,interior,,,,3170,1
T011,179,24,interior,,,,3171,1
T011,180,24,interior,,,,3172,1
T011,181,24,interior,,,,3173,1
T011,182,24,interior,,,,3174,1
T011,183,24,interior,,,,3175,1
T011,184,24,interior,,,,3176,1
T011,185,24,interior,,,,3177,1
T011,186,24,interior,,,,3178,1
T011,187,24,interior,,,,3179,1
T011,188,24,shared_edge_candidate,,L20__L29,16.0,3180,2
T015,16,24,shared_edge_candidate,,L20__L29,16.0,3180,2
T011,190,24,interior,,,,3181,1
T011,191,24,interior,,,,3182,1
T011,192,24,interior,,,,3183,1
T011,193,24,interior,,,,3184,1
T011,194,24,interior,,,,3185,1
T011,195,24,interior,,,,3186,1
T011,196,24,interior,,,,3187,1
T011,197,24,interior,,,,3188,1
T011,198,24,interior,,,,3189,1
T011,199,24,interior,,,,3190,1
T011,200,24,interior,,,,3191,1
T011,201,24,interior,,,,3192,1
T011,202,24,interior,,,,3193,1
T011,203,24,interior,,,,3194,1
T011,204,24,shared_edge_candidate,,L20__L29,15.0,3195,2
T015,15,24,shared_edge_candidate,,L20__L29,15.0,3195,2
T011,206,24,interior,,,,3196,1
T011,207,24,interior,,,,3197,1
T011,208,24,interior,,,,3198,1
T011,209,24,interior,,,,3199,1
T011,210,24,interior,,,,3200,1
T011,211,24,interior,,,,3201,1
T011,212,24,interior,,,,3202,1
T011,213,24,interior,,,,3203,1
T011,214,24,interior,,,,3204,1
T011,215,24,interior,,,,3205,1
T011,216,24,interior,,,,3206,1
T011,217,24,interior,,,,3207,1
T011,218,24,interior,,,,3208,1
T011,219,24,shared_edge_candidate,,L20__L29,14.0,3209,2
T015,14,24,shared_edge_candidate,,L20__L29,14.0,3209,2
T011,221,24,interior,,,,3210,1
T011,222,24,interior,,,,3211,1
T011,223,24,interior,,,,3212,1
T011,224,24,interior,,,,3213,1
T011,225,24,interior,,,,3214,1
T011,226,24,interior,,,,3215,1
T011,227,24,interior,,,,3216,1
T011,228,24,interior,,,,3217,1
T011,229,24,interior,,,,3218,1
T011,230,24,interior,,,,3219,1
T011,231,24,interior,,,,3220,1
T011,232,24,interior,,,,3221,1
T011,233,24,shared_edge_candidate,,L20__L29,13.0,3222,2
T015,13,24,shared_edge_candidate,,L20__L29,13.0,3222,2
T011,235,24,interior,,,,3223,1
T011,236,24,interior,,,,3224,1
T011,237,24,interior,,,,3225,1
T011,238,24,interior,,,,3226,1
T011,239,24,interior,,,,3227,1
T011,240,24,interior,,,,3228,1
T011,241,24,interior,,,,3229,1
T011,242,24,interior,,,,3230,1
T011,243,24,interior,,,,3231,1
T011,244,24,interior,,,,3232,1
T011,245,24,interior,,,,3233,1
T011,246,24,shared_edge_candidate,,L20__L29,12.0,3234,2
T015,12,24,shared_edge_candidate,,L20__L29,12.0,3234,2
T011,248,24,interior,,,,3235,1
T011,249,24,interior,,,,3236,1
T011,250,24,interior,,,,3237,1
T011,251,24,interior,,,,3238,1
T011,252,24,interior,,,,3239,1
T011,253,24,interior,,,,3240,1
T011,254,24,interior,,,,3241,1
T011,255,24,interior,,,,3242,1
T011,256,24,interior,,,,3243,1
T011,257,24,interior,,,,3244,1
T011,258,24,shared_edge_candidate,,L20__L29,11.0,3245,2
T015,11,24,shared_edge_candidate,,L20__L29,11.0,3245,2
T011,260,24,interior,,,,3246,1
T011,261,24,interior,,,,3247,1
T011,262,24,interior,,,,3248,1
T011,263,24,interior,,,,3249,1
T011,264,24,interior,,,,3250,1
T011,265,24,interior,,,,3251,1
T011,266,24,interior,,,,3252,1
T011,267,24,interior,,,,3253,1
T011,268,24,interior,,,,3254,1
T011,269,24,shared_edge_candidate,,L20__L29,10.0,3255,2
T015,10,24,shared_edge_candidate,,L20__L29,10.0,3255,2
T011,271,24,interior,,,,3256,1
T011,272,24,interior,,,,3257,1
T011,273,24,interior,,,,3258,1
T011,274,24,interior,,,,3259,1
T011,275,24,interior,,,,3260,1
T011,276,24,interior,,,,3261,1
T011,277,24,interior,,,,3262,1
T011,278,24,interior,,,,3263,1
T011,279,24,shared_edge_candidate,,L20__L29,9.0,3264,2
T015,9,24,shared_edge_candidate,,L20__L29,9.0,3264,2
T011,281,24,interior,,,,3265,1
T011,282,24,interior,,,,3266,1
T011,283,24,interior,,,,3267,1
T011,284,24,interior,,,,3268,1
T011,285,24,interior,,,,3269,1
T011,286,24,interior,,,,3270,1
T011,287,24,interior,,,,3271,1
T011,288,24,shared_edge_candidate,,L20__L29,8.0,3272,2
T015,8,24,shared_edge_candidate,,L20__L29,8.0,3272,2
T011,290,24,interior,,,,3273,1
T011,291,24,interior,,,,3274,1
T011,292,24,interior,,,,3275,1
T011,293,24,interior,,,,3276,1
T011,294,24,interior,,,,3277,1
T011,295,24,interior,,,,3278,1
T011,296,24,shared_edge_candidate,,L20__L29,7.0,3279,2
T015,7,24,shared_edge_candidate,,L20__L29,7.0,3279,2
T011,298,24,interior,,,,3280,1
T011,299,24,interior,,,,3281,1
T011,300,24,interior,,,,3282,1
T011,301,24,interior,,,,3283,1
T011,302,24,interior,,,,3284,1
T011,303,24,shared_edge_candidate,,L20__L29,6.0,3285,2
T015,6,24,shared_edge_candidate,,L20__L29,6.0,3285,2
T011,305,24,interior,,,,3286,1
T011,306,24,interior,,,,3287,1
T011,307,24,interior,,,,3288,1
T011,308,24,interior,,,,3289,1
T011,309,24,shared_edge_candidate,,L20__L29,5.0,3290,2
T015,5,24,shared_edge_candidate,,L20__L29,5.0,3290,2
T011,311,24,interior,,,,3291,1
T011,312,24,interior,,,,3292,1
T011,313,24,interior,,,,3293,1
T011,314,24,shared_edge_candidate,,L20__L29,4.0,3294,2
T015,4,24,shared_edge_candidate,,L20__L29,4.0,3294,2
T011,316,24,interior,,,,3295,1
T011,317,24,interior,,,,3296,1
T011,318,24,shared_edge_candidate,,L20__L29,3.0,3297,2
T015,3,24,shared_edge_candidate,,L20__L29,3.0,3297,2
T011,320,24,interior,,,,3298,1
T011,321,24,shared_edge_candidate,,L20__L29,2.0,3299,2
T015,2,24,shared_edge_candidate,,L20__L29,2.0,3299,2
T011,323,24,shared_edge_candidate,,L20__L29,1.0,3300,2
T015,1,24,shared_edge_candidate,,L20__L29,1.0,3300,2
T012,1,24,shared_edge_candidate,,L19__L29,1.0,3301,2
T013,1,24,shared_edge_candidate,,L19__L29,1.0,3301,2
T012,2,24,shared_edge_candidate,,L19__L29,2.0,3302,2
T013,2,24,shared_edge_candidate,,L19__L29,2.0,3302,2
T012,3,24,shared_edge_candidate,,L19__L29,3.0,3303,2
T013,3,24,shared_edge_candidate,,L19__L29,3.0,3303,2
T012,4,24,shared_edge_candidate,,L19__L29,4.0,3304,2
T013,4,24,shared_edge_candidate,,L19__L29,4.0,3304,2
T012,5,24,shared_edge_candidate,,L19__L29,5.0,3305,2
T013,5,24,shared_edge_candidate,,L19__L29,5.0,3305,2
T012,6,24,shared_edge_candidate,,L19__L29,6.0,3306,2
T013,6,24,shared_edge_candidate,,L19__L29,6.0,3306,2
T012,7,24,shared_edge_candidate,,L19__L29,7.0,3307,2
T013,7,24,shared_edge_candidate,,L19__L29,7.0,3307,2
T012,8,24,shared_edge_candidate,,L19__L29,8.0,3308,2
T013,8,24,shared_edge_candidate,,L19__L29,8.0,3308,2
T012,9,24,shared_edge_candidate,,L19__L29,9.0,3309,2
T013,9,24,shared_edge_candidate,,L19__L29,9.0,3309,2
T012,10,24,shared_edge_candidate,,L19__L29,10.0,3310,2
T013,10,24,shared_edge_candidate,,L19__L29,10.0,3310,2
T012,11,24,shared_edge_candidate,,L19__L29,11.0,3311,2
T013,11,24,shared_edge_candidate,,L19__L29,11.0,3311,2
T012,12,24,shared_edge_candidate,,L19__L29,12.0,3312,2
T013,12,24,shared_edge_candidate,,L19__L29,12.0,3312,2
T012,13,24,shared_edge_candidate,,L19__L29,13.0,3313,2
T013,13,24,shared_edge_candidate,,L19__L29,13.0,3313,2
T012,14,24,shared_edge_candidate,,L19__L29,14.0,3314,2
T013,14,24,shared_edge_candidate,,L19__L29,14.0,3314,2
T012,15,24,shared_edge_candidate,,L19__L29,15.0,3315,2
T013,15,24,shared_edge_candidate,,L19__L29,15.0,3315,2
T012,16,24,shared_edge_candidate,,L19__L29,16.0,3316,2
T013,16,24,shared_edge_candidate,,L19__L29,16.0,3316,2
T012,17,24,shared_edge_candidate,,L19__L29,17.0,3317,2
T013,17,24,shared_edge_candidate,,L19__L29,17.0,3317,2
T012,18,24,shared_edge_candidate,,L19__L29,18.0,3318,2
T013,18,24,shared_edge_candidate,,L19__L29,18.0,3318,2
T012,19,24,shared_edge_candidate,,L19__L29,19.0,3319,2
T013,19,24,shared_edge_candidate,,L19__L29,19.0,3319,2
T012,20,24,shared_edge_candidate,,L19__L29,20.0,3320,2
T013,20,24,shared_edge_candidate,,L19__L29,20.0,3320,2
T012,21,24,shared_edge_candidate,,L19__L29,21.0,3321,2
T013,21,24,shared_edge_candidate,,L19__L29,21.0,3321,2
T012,22,24,shared_edge_candidate,,L19__L29,22.0,3322,2
T013,22,24,shared_edge_candidate,,L19__L29,22.0,3322,2
T012,23,24,shared_edge_candidate,,L19__L29,23.0,3323,2
T013,23,24,shared_edge_candidate,,L19__L29,23.0,3323,2
T012,25,24,shared_edge_candidate,,L19__L21,1.0,3324,1
T012,26,24,interior,,,,3325,1
T012,27,24,interior,,,,3326,1
T012,28,24,interior,,,,3327,1
T012,29,24,interior,,,,3328,1
T012,30,24,interior,,,,3329,1
T012,31,24,interior,,,,3330,1
T012,32,24,interior,,,,3331,1
T012,33,24,interior,,,,3332,1
T012,34,24,interior,,,,3333,1
T012,35,24,interior,,,,3334,1
T012,36,24,interior,,,,3335,1
T012,37,24,interior,,,,3336,1
T012,38,24,interior,,,,3337,1
T012,39,24,interior,,,,3338,1
T012,40,24,interior,,,,3339,1
T012,41,24,interior,,,,3340,1
T012,42,24,interior,,,,3341,1
T012,43,24,interior,,,,3342,1
T012,44,24,interior,,,,3343,1
T012,45,24,interior,,,,3344,1
T012,46,24,interior,,,,3345,1
T012,47,24,interior,,,,3346,1
T012,48,24,shared_edge_candidate,,L21__L29,23.0,3347,2
T015,48,24,shared_edge_candidate,,L21__L29,23.0,3347,2
T012,49,24,shared_edge_candidate,,L19__L21,2.0,3348,1
T012,50,24,interior,,,,3349,1
T012,51,24,interior,,,,3350,1
T012,52,24,interior,,,,3351,1
T012,53,24,interior,,,,3352,1
T012,54,24,interior,,,,3353,1
T012,55,24,interior,,,,3354,1
T012,56,24,interior,,,,3355,1
T012,57,24,interior,,,,3356,1
T012,58,24,interior,,,,3357,1
T012,59,24,interior,,,,3358,1
T012,60,24,interior,,,,3359,1
T012,61,24,interior,,,,3360,1
T012,62,24,interior,,,,3361,1
T012,63,24,interior,,,,3362,1
T012,64,24,interior,,,,3363,1
T012,65,24,interior,,,,3364,1
T012,66,24,interior,,,,3365,1
T012,67,24,interior,,,,3366,1
T012,68,24,interior,,,,3367,1
T012,69,24,interior,,,,3368,1
T012,70,24,interior,,,,3369,1
T012,71,24,shared_edge_candidate,,L21__L29,22.0,3370,2
T015,71,24,shared_edge_candidate,,L21__L29,22.0,3370,2
T012,72,24,shared_edge_candidate,,L19__L21,3.0,3371,1
T012,73,24,interior,,,,3372,1
T012,74,24,interior,,,,3373,1
T012,75,24,interior,,,,3374,1
T012,76,24,interior,,,,3375,1
T012,77,24,interior,,,,3376,1
T012,78,24,interior,,,,3377,1
T012,79,24,interior,,,,3378,1
T012,80,24,interior,,,,3379,1
T012,81,24,interior,,,,3380,1
T012,82,24,interior,,,,3381,1
T012,83,24,interior,,,,3382,1
T012,84,24,interior,,,,3383,1
T012,85,24,interior,,,,3384,1
T012,86,24,interior,,,,3385,1
T012,87,24,interior,,,,3386,1
T012,88,24,interior,,,,3387,1
T012,89,24,interior,,,,3388,1
T012,90,24,interior,,,,3389,1
T012,91,24,interior,,,,3390,1
T012,92,24,interior,,,,3391,1
T012,93,24,shared_edge_candidate,,L21__L29,21.0,3392,2
T015,93,24,shared_edge_candidate,,L21__L29,21.0,3392,2
T012,94,24,shared_edge_candidate,,L19__L21,4.0,3393,1
T012,95,24,interior,,,,3394,1
T012,96,24,interior,,,,3395,1
T012,97,24,interior,,,,3396,1
T012,98,24,interior,,,,3397,1
T012,99,24,interior,,,,3398,1
T012,100,24,interior,,,,3399,1
T012,101,24,interior,,,,3400,1
T012,102,24,interior,,,,3401,1
T012,103,24,interior,,,,3402,1
T012,104,24,interior,,,,3403,1
T012,105,24,interior,,,,3404,1
T012,106,24,interior,,,,3405,1
T012,107,24,interior,,,,3406,1
T012,108,24,interior,,,,3407,1
T012,109,24,interior,,,,3408,1
T012,110,24,interior,,,,3409,1
T012,111,24,interior,,,,3410,1
T012,112,24,interior,,,,3411,1
T012,113,24,interior,,,,3412,1
T012,114,24,shared_edge_candidate,,L21__L29,20.0,3413,2
T015,114,24,shared_edge_candidate,,L21__L29,20.0,3413,2
T012,115,24,shared_edge_candidate,,L19__L21,5.0,3414,1
T012,116,24,interior,,,,3415,1
T012,117,24,interior,,,,3416,1
T012,118,24,interior,,,,3417,1
T012,119,24,interior,,,,3418,1
T012,120,24,interior,,,,3419,1
T012,121,24,interior,,,,3420,1
T012,122,24,interior,,,,3421,1
T012,123,24,interior,,,,3422,1
T012,124,24,interior,,,,3423,1
T012,125,24,interior,,,,3424,1
T012,126,24,interior,,,,3425,1
T012,127,24,interior,,,,3426,1
T012,128,24,interior,,,,3427,1
T012,129,24,interior,,,,3428,1
T012,130,24,interior,,,,3429,1
T012,131,24,interior,,,,3430,1
T012,132,24,interior,,,,3431,1
T012,133,24,interior,,,,3432,1
T012,134,24,shared_edge_candidate,,L21__L29,19.0,3433,2
T015,134,24,shared_edge_candidate,,L21__L29,19.0,3433,2
T012,135,24,shared_edge_candidate,,L19__L21,6.0,3434,1
T012,136,24,interior,,,,3435,1
T012,137,24,interior,,,,3436,1
T012,138,24,interior,,,,3437,1
T012,139,24,interior,,,,3438,1
T012,140,24,interior,,,,3439,1
T012,141,24,interior,,,,3440,1
T012,142,24,interior,,,,3441,1
T012,143,24,interior,,,,3442,1
T012,144,24,interior,,,,3443,1
T012,145,24,interior,,,,3444,1
T012,146,24,interior,,,,3445,1
T012,147,24,interior,,,,3446,1
T012,148,24,interior,,,,3447,1
T012,149,24,interior,,,,3448,1
T012,150,24,interior,,,,3449,1
T012,151,24,interior,,,,3450,1
T012,152,24,interior,,,,3451,1
T012,153,24,shared_edge_candidate,,L21__L29,18.0,3452,2
T015,153,24,shared_edge_candidate,,L21__L29,18.0,3452,2
T012,154,24,shared_edge_candidate,,L19__L21,7.0,3453,1
T012,155,24,interior,,,,3454,1
T012,156,24,interior,,,,3455,1
T012,157,24,interior,,,,3456,1
T012,158,24,interior,,,,3457,1
T012,159,24,interior,,,,3458,1
T012,160,24,interior,,,,3459,1
T012,161,24,interior,,,,3460,1
T012,162,24,interior,,,,3461,1
T012,163,24,interior,,,,3462,1
T012,164,24,interior,,,,3463,1
T012,165,24,interior,,,,3464,1
T012,166,24,interior,,,,3465,1
T012,167,24,interior,,,,3466,1
T012,168,24,interior,,,,3467,1
T012,169,24,interior,,,,3468,1
T012,170,24,interior,,,,3469,1
T012,171,24,shared_edge_candidate,,L21__L29,17.0,3470,2
T015,171,24,shared_edge_candidate,,L21__L29,17.0,3470,2
T012,172,24,shared_edge_candidate,,L19__L21,8.0,3471,1
T012,173,24,interior,,,,3472,1
T012,174,24,interior,,,,3473,1
T012,175,24,interior,,,,3474,1
T012,176,24,interior,,,,3475,1
T012,177,24,interior,,,,3476,1
T012,178,24,interior,,,,3477,1
T012,179,24,interior,,,,3478,1
T012,180,24,interior,,,,3479,1
T012,181,24,interior,,,,3480,1
T012,182,24,interior,,,,3481,1
T012,183,24,interior,,,,3482,1
T012,184,24,interior,,,,3483,1
T012,185,24,interior,,,,3484,1
T012,186,24,interior,,,,3485,1
T012,187,24,interior,,,,3486,1
T012,188,24,shared_edge_candidate,,L21__L29,16.0,3487,2
T015,188,24,shared_edge_candidate,,L21__L29,16.0,3487,2
T012,189,24,shared_edge_candidate,,L19__L21,9.0,3488,1
T012,190,24,interior,,,,3489,1
T012,191,24,interior,,,,3490,1
T012,192,24,interior,,,,3491,1
T012,193,24,interior,,,,3492,1
T012,194,24,interior,,,,3493,1
T012,195,24,interior,,,,3494,1
T012,196,24,interior,,,,3495,1
T012,197,24,interior,,,,3496,1
T012,198,24,interior,,,,3497,1
T012,199,24,interior,,,,3498,1
T012,200,24,interior,,,,3499,1
T012,201,24,interior,,,,3500,1
T012,202,24,interior,,,,3501,1
T012,203,24,interior,,,,3502,1
T012,204,24,shared_edge_candidate,,L21__L29,15.0,3503,2
T015,204,24,shared_edge_candidate,,L21__L29,15.0,3503,2
T012,205,24,shared_edge_candidate,,L19__L21,10.0,3504,1
T012,206,24,interior,,,,3505,1
T012,207,24,interior,,,,3506,1
T012,208,24,interior,,,,3507,1
T012,209,24,interior,,,,3508,1
T012,210,24,interior,,,,3509,1
T012,211,24,interior,,,,3510,1
T012,212,24,interior,,,,3511,1
T012,213,24,interior,,,,3512,1
T012,214,24,interior,,,,3513,1
T012,215,24,interior,,,,3514,1
T012,216,24,interior,,,,3515,1
T012,217,24,interior,,,,3516,1
T012,218,24,interior,,,,3517,1
T012,219,24,shared_edge_candidate,,L21__L29,14.0,3518,2
T015,219,24,shared_edge_candidate,,L21__L29,14.0,3518,2
T012,220,24,shared_edge_candidate,,L19__L21,11.0,3519,1
T012,221,24,interior,,,,3520,1
T012,222,24,interior,,,,3521,1
T012,223,24,interior,,,,3522,1
T012,224,24,interior,,,,3523,1
T012,225,24,interior,,,,3524,1
T012,226,24,interior,,,,3525,1
T012,227,24,interior,,,,3526,1
T012,228,24,interior,,,,3527,1
T012,229,24,interior,,,,3528,1
T012,230,24,interior,,,,3529,1
T012,231,24,interior,,,,3530,1
T012,232,24,interior,,,,3531,1
T012,233,24,shared_edge_candidate,,L21__L29,13.0,3532,2
T015,233,24,shared_edge_candidate,,L21__L29,13.0,3532,2
T012,234,24,shared_edge_candidate,,L19__L21,12.0,3533,1
T012,235,24,interior,,,,3534,1
T012,236,24,interior,,,,3535,1
T012,237,24,interior,,,,3536,1
T012,238,24,interior,,,,3537,1
T012,239,24,interior,,,,3538,1
T012,240,24,interior,,,,3539,1
T012,241,24,interior,,,,3540,1
T012,242,24,interior,,,,3541,1
T012,243,24,interior,,,,3542,1
T012,244,24,interior,,,,3543,1
T012,245,24,interior,,,,3544,1
T012,246,24,shared_edge_candidate,,L21__L29,12.0,3545,2
T015,246,24,shared_edge_candidate,,L21__L29,12.0,3545,2
T012,247,24,shared_edge_candidate,,L19__L21,13.0,3546,1
T012,248,24,interior,,,,3547,1
T012,249,24,interior,,,,3548,1
T012,250,24,interior,,,,3549,1
T012,251,24,interior,,,,3550,1
T012,252,24,interior,,,,3551,1
T012,253,24,interior,,,,3552,1
T012,254,24,interior,,,,3553,1
T012,255,24,interior,,,,3554,1
T012,256,24,interior,,,,3555,1
T012,257,24,interior,,,,3556,1
T012,258,24,shared_edge_candidate,,L21__L29,11.0,3557,2
T015,258,24,shared_edge_candidate,,L21__L29,11.0,3557,2
T012,259,24,shared_edge_candidate,,L19__L21,14.0,3558,1
T012,260,24,interior,,,,3559,1
T012,261,24,interior,,,,3560,1
T012,262,24,interior,,,,3561,1
T012,263,24,interior,,,,3562,1
T012,264,24,interior,,,,3563,1
T012,265,24,interior,,,,3564,1
T012,266,24,interior,,,,3565,1
T012,267,24,interior,,,,3566,1
T012,268,24,interior,,,,3567,1
T012,269,24,shared_edge_candidate,,L21__L29,10.0,3568,2
T015,269,24,shared_edge_candidate,,L21__L29,10.0,3568,2
T012,270,24,shared_edge_candidate,,L19__L21,15.0,3569,1
T012,271,24,interior,,,,3570,1
T012,272,24,interior,,,,3571,1
T012,273,24,interior,,,,3572,1
T012,274,24,interior,,,,3573,1
T012,275,24,interior,,,,3574,1
T012,276,24,interior,,,,3575,1
T012,277,24,interior,,,,3576,1
T012,278,24,interior,,,,3577,1
T012,279,24,shared_edge_candidate,,L21__L29,9.0,3578,2
T015,279,24,shared_edge_candidate,,L21__L29,9.0,3578,2
T012,280,24,shared_edge_candidate,,L19__L21,16.0,3579,1
T012,281,24,interior,,,,3580,1
T012,282,24,interior,,,,3581,1
T012,283,24,interior,,,,3582,1
T012,284,24,interior,,,,3583,1
T012,285,24,interior,,,,3584,1
T012,286,24,interior,,,,3585,1
T012,287,24,interior,,,,3586,1
T012,288,24,shared_edge_candidate,,L21__L29,8.0,3587,2
T015,288,24,shared_edge_candidate,,L21__L29,8.0,3587,2
T012,289,24,shared_edge_candidate,,L19__L21,17.0,3588,1
T012,290,24,interior,,,,3589,1
T012,291,24,interior,,,,3590,1
T012,292,24,interior,,,,3591,1
T012,293,24,interior,,,,3592,1
T012,294,24,interior,,,,3593,1
T012,295,24,interior,,,,3594,1
T012,296,24,shared_edge_candidate,,L21__L29,7.0,3595,2
T015,296,24,shared_edge_candidate,,L21__L29,7.0,3595,2
T012,297,24,shared_edge_candidate,,L19__L21,18.0,3596,1
T012,298,24,interior,,,,3597,1
T012,299,24,interior,,,,3598,1
T012,300,24,interior,,,,3599,1
T012,301,24,interior,,,,3600,1
T012,302,24,interior,,,,3601,1
T012,303,24,shared_edge_candidate,,L21__L29,6.0,3602,2
T015,303,24,shared_edge_candidate,,L21__L29,6.0,3602,2
T012,304,24,shared_edge_candidate,,L19__L21,19.0,3603,1
T012,305,24,interior,,,,3604,1
T012,306,24,interior,,,,3605,1
T012,307,24,interior,,,,3606,1
T012,308,24,interior,,,,3607,1
T012,309,24,shared_edge_candidate,,L21__L29,5.0,3608,2
T015,309,24,shared_edge_candidate,,L21__L29,5.0,3608,2
T012,310,24,shared_edge_candidate,,L19__L21,20.0,3609,1
T012,311,24,interior,,,,3610,1
T012,312,24,interior,,,,3611,1
T012,313,24,interior,,,,3612,1
T012,314,24,shared_edge_candidate,,L21__L29,4.0,3613,2
T015,314,24,shared_edge_candidate,,L21__L29,4.0,3613,2
T012,315,24,shared_edge_candidate,,L19__L21,21.0,3614,1
T012,316,24,interior,,,,3615,1
T012,317,24,interior,,,,3616,1
T012,318,24,shared_edge_candidate,,L21__L29,3.0,3617,2
T015,318,24,shared_edge_candidate,,L21__L29,3.0,3617,2
T012,319,24,shared_edge_candidate,,L19__L21,22.0,3618,1
T012,320,24,interior,,,,3619,1
T012,321,24,shared_edge_candidate,,L21__L29,2.0,3620,2
T015,321,24,shared_edge_candidate,,L21__L29,2.0,3620,2
T012,322,24,shared_edge_candidate,,L19__L21,23.0,3621,1
T012,323,24,shared_edge_candidate,,L21__L29,1.0,3622,2
T015,323,24,shared_edge_candidate,,L21__L29,1.0,3622,2
T012,324,24,landmark,L21,,,3623,3
T014,324,24,landmark,L21,,,3623,3
T015,324,24,landmark,L21,,,3623,3
T013,26,24,interior,,,,3624,1
T013,27,24,interior,,,,3625,1
T013,28,24,interior,,,,3626,1
T013,29,24,interior,,,,3627,1
T013,30,24,interior,,,,3628,1
T013,31,24,interior,,,,3629,1
T013,32,24,interior,,,,3630,1
T013,33,24,interior,,,,3631,1
T013,34,24,interior,,,,3632,1
T013,35,24,interior,,,,3633,1
T013,36,24,interior,,,,3634,1
T013,37,24,interior,,,,3635,1
T013,38,24,interior,,,,3636,1
T013,39,24,interior,,,,3637,1
T013,40,24,interior,,,,3638,1
T013,41,24,interior,,,,3639,1
T013,42,24,interior,,,,3640,1
T013,43,24,interior,,,,3641,1
T013,44,24,interior,,,,3642,1
T013,45,24,interior,,,,3643,1
T013,46,24,interior,,,,3644,1
T013,47,24,interior,,,,3645,1
T013,50,24,interior,,,,3646,1
T013,51,24,interior,,,,3647,1
T013,52,24,interior,,,,3648,1
T013,53,24,interior,,,,3649,1
T013,54,24,interior,,,,3650,1
T013,55,24,interior,,,,3651,1
T013,56,24,interior,,,,3652,1
T013,57,24,interior,,,,3653,1
T013,58,24,interior,,,,3654,1
T013,59,24,interior,,,,3655,1
T013,60,24,interior,,,,3656,1
T013,61,24,interior,,,,3657,1
T013,62,24,interior,,,,3658,1
T013,63,24,interior,,,,3659,1
T013,64,24,interior,,,,3660,1
T013,65,24,interior,,,,3661,1
T013,66,24,interior,,,,3662,1
T013,67,24,interior,,,,3663,1
T013,68,24,interior,,,,3664,1
T013,69,24,interior,,,,3665,1
T013,70,24,interior,,,,3666,1
T013,73,24,interior,,,,3667,1
T013,74,24,interior,,,,3668,1
T013,75,24,interior,,,,3669,1
T013,76,24,interior,,,,3670,1
T013,77,24,interior,,,,3671,1
T013,78,24,interior,,,,3672,1
T013,79,24,interior,,,,3673,1
T013,80,24,interior,,,,3674,1
T013,81,24,interior,,,,3675,1
T013,82,24,interior,,,,3676,1
T013,83,24,interior,,,,3677,1
T013,84,24,interior,,,,3678,1
T013,85,24,interior,,,,3679,1
T013,86,24,interior,,,,3680,1
T013,87,24,interior,,,,3681,1
T013,88,24,interior,,,,3682,1
T013,89,24,interior,,,,3683,1
T013,90,24,interior,,,,3684,1
T013,91,24,interior,,,,3685,1
T013,92,24,interior,,,,3686,1
T013,95,24,interior,,,,3687,1
T013,96,24,interior,,,,3688,1
T013,97,24,interior,,,,3689,1
T013,98,24,interior,,,,3690,1
T013,99,24,interior,,,,3691,1
T013,100,24,interior,,,,3692,1
T013,101,24,interior,,,,3693,1
T013,102,24,interior,,,,3694,1
T013,103,24,interior,,,,3695,1
T013,104,24,interior,,,,3696,1
T013,105,24,interior,,,,3697,1
T013,106,24,interior,,,,3698,1
T013,107,24,interior,,,,3699,1
T013,108,24,interior,,,,3700,1
T013,109,24,interior,,,,3701,1
T013,110,24,interior,,,,3702,1
T013,111,24,interior,,,,3703,1
T013,112,24,interior,,,,3704,1
T013,113,24,interior,,,,3705,1
T013,116,24,interior,,,,3706,1
T013,117,24,interior,,,,3707,1
T013,118,24,interior,,,,3708,1
T013,119,24,interior,,,,3709,1
T013,120,24,interior,,,,3710,1
T013,121,24,interior,,,,3711,1
T013,122,24,interior,,,,3712,1
T013,123,24,interior,,,,3713,1
T013,124,24,interior,,,,3714,1
T013,125,24,interior,,,,3715,1
T013,126,24,interior,,,,3716,1
T013,127,24,interior,,,,3717,1
T013,128,24,interior,,,,3718,1
T013,129,24,interior,,,,3719,1
T013,130,24,interior,,,,3720,1
T013,131,24,interior,,,,3721,1
T013,132,24,interior,,,,3722,1
T013,133,24,interior,,,,3723,1
T013,136,24,interior,,,,3724,1
T013,137,24,interior,,,,3725,1
T013,138,24,interior,,,,3726,1
T013,139,24,interior,,,,3727,1
T013,140,24,interior,,,,3728,1
T013,141,24,interior,,,,3729,1
T013,142,24,interior,,,,3730,1
T013,143,24,interior,,,,3731,1
T013,144,24,interior,,,,3732,1
T013,145,24,interior,,,,3733,1
T013,146,24,interior,,,,3734,1
T013,147,24,interior,,,,3735,1
T013,148,24,interior,,,,3736,1
T013,149,24,interior,,,,3737,1
T013,150,24,interior,,,,3738,1
T013,151,24,interior,,,,3739,1
T013,152,24,interior,,,,3740,1
T013,155,24,interior,,,,3741,1
T013,156,24,interior,,,,3742,1
T013,157,24,interior,,,,3743,1
T013,158,24,interior,,,,3744,1
T013,159,24,interior,,,,3745,1
T013,160,24,interior,,,,3746,1
T013,161,24,interior,,,,3747,1
T013,162,24,interior,,,,3748,1
T013,163,24,interior,,,,3749,1
T013,164,24,interior,,,,3750,1
T013,165,24,interior,,,,3751,1
T013,166,24,interior,,,,3752,1
T013,167,24,interior,,,,3753,1
T013,168,24,interior,,,,3754,1
T013,169,24,interior,,,,3755,1
T013,170,24,interior,,,,3756,1
T013,173,24,interior,,,,3757,1
T013,174,24,interior,,,,3758,1
T013,175,24,interior,,,,3759,1
T013,176,24,interior,,,,3760,1
T013,177,24,interior,,,,3761,1
T013,178,24,interior,,,,3762,1
T013,179,24,interior,,,,3763,1
T013,180,24,interior,,,,3764,1
T013,181,24,interior,,,,3765,1
T013,182,24,interior,,,,3766,1
T013,183,24,interior,,,,3767,1
T013,184,24,interior,,,,3768,1
T013,185,24,interior,,,,3769,1
T013,186,24,interior,,,,3770,1
T013,187,24,interior,,,,3771,1
T013,190,24,interior,,,,3772,1
T013,191,24,interior,,,,3773,1
T013,192,24,interior,,,,3774,1
T013,193,24,interior,,,,3775,1
T013,194,24,interior,,,,3776,1
T013,195,24,interior,,,,3777,1
T013,196,24,interior,,,,3778,1
T013,197,24,interior,,,,3779,1
T013,198,24,interior,,,,3780,1
T013,199,24,interior,,,,3781,1
T013,200,24,interior,,,,3782,1
T013,201,24,interior,,,,3783,1
T013,202,24,interior,,,,3784,1
T013,203,24,interior,,,,3785,1
T013,206,24,interior,,,,3786,1
T013,207,24,interior,,,,3787,1
T013,208,24,interior,,,,3788,1
T013,209,24,interior,,,,3789,1
T013,210,24,interior,,,,3790,1
T013,211,24,interior,,,,3791,1
T013,212,24,interior,,,,3792,1
T013,213,24,interior,,,,3793,1
T013,214,24,interior,,,,3794,1
T013,215,24,interior,,,,3795,1
T013,216,24,interior,,,,3796,1
T013,217,24,interior,,,,3797,1
T013,218,24,interior,,,,3798,1
T013,221,24,interior,,,,3799,1
T013,222,24,interior,,,,3800,1
T013,223,24,interior,,,,3801,1
T013,224,24,interior,,,,3802,1
T013,225,24,interior,,,,3803,1
T013,226,24,interior,,,,3804,1
T013,227,24,interior,,,,3805,1
T013,228,24,interior,,,,3806,1
T013,229,24,interior,,,,3807,1
T013,230,24,interior,,,,3808,1
T013,231,24,interior,,,,3809,1
T013,232,24,interior,,,,3810,1
T013,235,24,interior,,,,3811,1
T013,236,24,interior,,,,3812,1
T013,237,24,interior,,,,3813,1
T013,238,24,interior,,,,3814,1
T013,239,24,interior,,,,3815,1
T013,240,24,interior,,,,3816,1
T013,241,24,interior,,,,3817,1
T013,242,24,interior,,,,3818,1
T013,243,24,interior,,,,3819,1
T013,244,24,interior,,,,3820,1
T013,245,24,interior,,,,3821,1
T013,248,24,interior,,,,3822,1
T013,249,24,interior,,,,3823,1
T013,250,24,interior,,,,3824,1
T013,251,24,interior,,,,3825,1
T013,252,24,interior,,,,3826,1
T013,253,24,interior,,,,3827,1
T013,254,24,interior,,,,3828,1
T013,255,24,interior,,,,3829,1
T013,256,24,interior,,,,3830,1
T013,257,24,interior,,,,3831,1
T013,260,24,interior,,,,3832,1
T013,261,24,interior,,,,3833,1
T013,262,24,interior,,,,3834,1
T013,263,24,interior,,,,3835,1
T013,264,24,interior,,,,3836,1
T013,265,24,interior,,,,3837,1
T013,266,24,interior,,,,3838,1
T013,267,24,interior,,,,3839,1
T013,268,24,interior,,,,3840,1
T013,271,24,interior,,,,3841,1
T013,272,24,interior,,,,3842,1
T013,273,24,interior,,,,3843,1
T013,274,24,interior,,,,3844,1
T013,275,24,interior,,,,3845,1
T013,276,24,interior,,,,3846,1
T013,277,24,interior,,,,3847,1
T013,278,24,interior,,,,3848,1
T013,281,24,interior,,,,3849,1
T013,282,24,interior,,,,3850,1
T013,283,24,interior,,,,3851,1
T013,284,24,interior,,,,3852,1
T013,285,24,interior,,,,3853,1
T013,286,24,interior,,,,3854,1
T013,287,24,interior,,,,3855,1
T013,290,24,interior,,,,3856,1
T013,291,24,interior,,,,3857,1
T013,292,24,interior,,,,3858,1
T013,293,24,interior,,,,3859,1
T013,294,24,interior,,,,3860,1
T013,295,24,interior,,,,3861,1
T013,298,24,interior,,,,3862,1
T013,299,24,interior,,,,3863,1
T013,300,24,interior,,,,3864,1
T013,301,24,interior,,,,3865,1
T013,302,24,interior,,,,3866,1
T013,305,24,interior,,,,3867,1
T013,306,24,interior,,,,3868,1
T013,307,24,interior,,,,3869,1
T013,308,24,interior,,,,3870,1
T013,311,24,interior,,,,3871,1
T013,312,24,interior,,,,3872,1
T013,313,24,interior,,,,3873,1
T013,316,24,interior,,,,3874,1
T013,317,24,interior,,,,3875,1
T013,320,24,interior,,,,3876,1
T014,1,24,shared_edge_candidate,,L20__L26,1.0,3877,1
T014,2,24,shared_edge_candidate,,L20__L26,2.0,3878,1
T014,3,24,shared_edge_candidate,,L20__L26,3.0,3879,1
T014,4,24,shared_edge_candidate,,L20__L26,4.0,3880,1
T014,5,24,shared_edge_candidate,,L20__L26,5.0,3881,1
T014,6,24,shared_edge_candidate,,L20__L26,6.0,3882,1
T014,7,24,shared_edge_candidate,,L20__L26,7.0,3883,1
T014,8,24,shared_edge_candidate,,L20__L26,8.0,3884,1
T014,9,24,shared_edge_candidate,,L20__L26,9.0,3885,1
T014,10,24,shared_edge_candidate,,L20__L26,10.0,3886,1
T014,11,24,shared_edge_candidate,,L20__L26,11.0,3887,1
T014,12,24,shared_edge_candidate,,L20__L26,12.0,3888,1
T014,13,24,shared_edge_candidate,,L20__L26,13.0,3889,1
T014,14,24,shared_edge_candidate,,L20__L26,14.0,3890,1
T014,15,24,shared_edge_candidate,,L20__L26,15.0,3891,1
T014,16,24,shared_edge_candidate,,L20__L26,16.0,3892,1
T014,17,24,shared_edge_candidate,,L20__L26,17.0,3893,1
T014,18,24,shared_edge_candidate,,L20__L26,18.0,3894,1
T014,19,24,shared_edge_candidate,,L20__L26,19.0,3895,1
T014,20,24,shared_edge_candidate,,L20__L26,20.0,3896,1
T014,21,24,shared_edge_candidate,,L20__L26,21.0,3897,1
T014,22,24,shared_edge_candidate,,L20__L26,22.0,3898,1
T014,23,24,shared_edge_candidate,,L20__L26,23.0,3899,1
T014,24,24,landmark,L26,,,3900,1
T014,25,24,shared_edge_candidate,,L20__L21,1.0,3901,2
T015,25,24,shared_edge_candidate,,L20__L21,1.0,3901,2
T014,26,24,interior,,,,3902,1
T014,27,24,interior,,,,3903,1
T014,28,24,interior,,,,3904,1
T014,29,24,interior,,,,3905,1
T014,30,24,interior,,,,3906,1
T014,31,24,interior,,,,3907,1
T014,32,24,interior,,,,3908,1
T014,33,24,interior,,,,3909,1
T014,34,24,interior,,,,3910,1
T014,35,24,interior,,,,3911,1
T014,36,24,interior,,,,3912,1
T014,37,24,interior,,,,3913,1
T014,38,24,interior,,,,3914,1
T014,39,24,interior,,,,3915,1
T014,40,24,interior,,,,3916,1
T014,41,24,interior,,,,3917,1
T014,42,24,interior,,,,3918,1
T014,43,24,interior,,,,3919,1
T014,44,24,interior,,,,3920,1
T014,45,24,interior,,,,3921,1
T014,46,24,interior,,,,3922,1
T014,47,24,interior,,,,3923,1
T014,48,24,shared_edge_candidate,,L21__L26,23.0,3924,1
T014,49,24,shared_edge_candidate,,L20__L21,2.0,3925,2
T015,49,24,shared_edge_candidate,,L20__L21,2.0,3925,2
T014,50,24,interior,,,,3926,1
T014,51,24,interior,,,,3927,1
T014,52,24,interior,,,,3928,1
T014,53,24,interior,,,,3929,1
T014,54,24,interior,,,,3930,1
T014,55,24,interior,,,,3931,1
T014,56,24,interior,,,,3932,1
T014,57,24,interior,,,,3933,1
T014,58,24,interior,,,,3934,1
T014,59,24,interior,,,,3935,1
T014,60,24,interior,,,,3936,1
T014,61,24,interior,,,,3937,1
T014,62,24,interior,,,,3938,1
T014,63,24,interior,,,,3939,1
T014,64,24,interior,,,,3940,1
T014,65,24,interior,,,,3941,1
T014,66,24,interior,,,,3942,1
T014,67,24,interior,,,,3943,1
T014,68,24,interior,,,,3944,1
T014,69,24,interior,,,,3945,1
T014,70,24,interior,,,,3946,1
T014,71,24,shared_edge_candidate,,L21__L26,22.0,3947,1
T014,72,24,shared_edge_candidate,,L20__L21,3.0,3948,2
T015,72,24,shared_edge_candidate,,L20__L21,3.0,3948,2
T014,73,24,interior,,,,3949,1
T014,74,24,interior,,,,3950,1
T014,75,24,interior,,,,3951,1
T014,76,24,interior,,,,3952,1
T014,77,24,interior,,,,3953,1
T014,78,24,interior,,,,3954,1
T014,79,24,interior,,,,3955,1
T014,80,24,interior,,,,3956,1
T014,81,24,interior,,,,3957,1
T014,82,24,interior,,,,3958,1
T014,83,24,interior,,,,3959,1
T014,84,24,interior,,,,3960,1
T014,85,24,interior,,,,3961,1
T014,86,24,interior,,,,3962,1
T014,87,24,interior,,,,3963,1
T014,88,24,interior,,,,3964,1
T014,89,24,interior,,,,3965,1
T014,90,24,interior,,,,3966,1
T014,91,24,interior,,,,3967,1
T014,92,24,interior,,,,3968,1
T014,93,24,shared_edge_candidate,,L21__L26,21.0,3969,1
T014,94,24,shared_edge_candidate,,L20__L21,4.0,3970,2
T015,94,24,shared_edge_candidate,,L20__L21,4.0,3970,2
T014,95,24,interior,,,,3971,1
T014,96,24,interior,,,,3972,1
T014,97,24,interior,,,,3973,1
T014,98,24,interior,,,,3974,1
T014,99,24,interior,,,,3975,1
T014,100,24,interior,,,,3976,1
T014,101,24,interior,,,,3977,1
T014,102,24,interior,,,,3978,1
T014,103,24,interior,,,,3979,1
T014,104,24,interior,,,,3980,1
T014,105,24,interior,,,,3981,1
T014,106,24,interior,,,,3982,1
T014,107,24,interior,,,,3983,1
T014,108,24,interior,,,,3984,1
T014,109,24,interior,,,,3985,1
T014,110,24,interior,,,,3986,1
T014,111,24,interior,,,,3987,1
T014,112,24,interior,,,,3988,1
T014,113,24,interior,,,,3989,1
T014,114,24,shared_edge_candidate,,L21__L26,20.0,3990,1
T014,115,24,shared_edge_candidate,,L20__L21,5.0,3991,2
T015,115,24,shared_edge_candidate,,L20__L21,5.0,3991,2
T014,116,24,interior,,,,3992,1
T014,117,24,interior,,,,3993,1
T014,118,24,interior,,,,3994,1
T014,119,24,interior,,,,3995,1
T014,120,24,interior,,,,3996,1
T014,121,24,interior,,,,3997,1
T014,122,24,interior,,,,3998,1
T014,123,24,interior,,,,3999,1
T014,124,24,interior,,,,4000,1
T014,125,24,interior,,,,4001,1
T014,126,24,interior,,,,4002,1
T014,127,24,interior,,,,4003,1
T014,128,24,interior,,,,4004,1
T014,129,24,interior,,,,4005,1
T014,130,24,interior,,,,4006,1
T014,131,24,interior,,,,4007,1
T014,132,24,interior,,,,4008,1
T014,133,24,interior,,,,4009,1
T014,134,24,shared_edge_candidate,,L21__L26,19.0,4010,1
T014,135,24,shared_edge_candidate,,L20__L21,6.0,4011,2
T015,135,24,shared_edge_candidate,,L20__L21,6.0,4011,2
T014,136,24,interior,,,,4012,1
T014,137,24,interior,,,,4013,1
T014,138,24,interior,,,,4014,1
T014,139,24,interior,,,,4015,1
T014,140,24,interior,,,,4016,1
T014,141,24,interior,,,,4017,1
T014,142,24,interior,,,,4018,1
T014,143,24,interior,,,,4019,1
T014,144,24,interior,,,,4020,1
T014,145,24,interior,,,,4021,1
T014,146,24,interior,,,,4022,1
T014,147,24,interior,,,,4023,1
T014,148,24,interior,,,,4024,1
T014,149,24,interior,,,,4025,1
T014,150,24,interior,,,,4026,1
T014,151,24,interior,,,,4027,1
T014,152,24,interior,,,,4028,1
T014,153,24,shared_edge_candidate,,L21__L26,18.0,4029,1
T014,154,24,shared_edge_candidate,,L20__L21,7.0,4030,2
T015,154,24,shared_edge_candidate,,L20__L21,7.0,4030,2
T014,155,24,interior,,,,4031,1
T014,156,24,interior,,,,4032,1
T014,157,24,interior,,,,4033,1
T014,158,24,interior,,,,4034,1
T014,159,24,interior,,,,4035,1
T014,160,24,interior,,,,4036,1
T014,161,24,interior,,,,4037,1
T014,162,24,interior,,,,4038,1
T014,163,24,interior,,,,4039,1
T014,164,24,interior,,,,4040,1
T014,165,24,interior,,,,4041,1
T014,166,24,interior,,,,4042,1
T014,167,24,interior,,,,4043,1
T014,168,24,interior,,,,4044,1
T014,169,24,interior,,,,4045,1
T014,170,24,interior,,,,4046,1
T014,171,24,shared_edge_candidate,,L21__L26,17.0,4047,1
T014,172,24,shared_edge_candidate,,L20__L21,8.0,4048,2
T015,172,24,shared_edge_candidate,,L20__L21,8.0,4048,2
T014,173,24,interior,,,,4049,1
T014,174,24,interior,,,,4050,1
T014,175,24,interior,,,,4051,1
T014,176,24,interior,,,,4052,1
T014,177,24,interior,,,,4053,1
T014,178,24,interior,,,,4054,1
T014,179,24,interior,,,,4055,1
T014,180,24,interior,,,,4056,1
T014,181,24,interior,,,,4057,1
T014,182,24,interior,,,,4058,1
T014,183,24,interior,,,,4059,1
T014,184,24,interior,,,,4060,1
T014,185,24,interior,,,,4061,1
T014,186,24,interior,,,,4062,1
T014,187,24,interior,,,,4063,1
T014,188,24,shared_edge_candidate,,L21__L26,16.0,4064,1
T014,189,24,shared_edge_candidate,,L20__L21,9.0,4065,2
T015,189,24,shared_edge_candidate,,L20__L21,9.0,4065,2
T014,190,24,interior,,,,4066,1
T014,191,24,interior,,,,4067,1
T014,192,24,interior,,,,4068,1
T014,193,24,interior,,,,4069,1
T014,194,24,interior,,,,4070,1
T014,195,24,interior,,,,4071,1
T014,196,24,interior,,,,4072,1
T014,197,24,interior,,,,4073,1
T014,198,24,interior,,,,4074,1
T014,199,24,interior,,,,4075,1
T014,200,24,interior,,,,4076,1
T014,201,24,interior,,,,4077,1
T014,202,24,interior,,,,4078,1
T014,203,24,interior,,,,4079,1
T014,204,24,shared_edge_candidate,,L21__L26,15.0,4080,1
T014,205,24,shared_edge_candidate,,L20__L21,10.0,4081,2
T015,205,24,shared_edge_candidate,,L20__L21,10.0,4081,2
T014,206,24,interior,,,,4082,1
T014,207,24,interior,,,,4083,1
T014,208,24,interior,,,,4084,1
T014,209,24,interior,,,,4085,1
T014,210,24,interior,,,,4086,1
T014,211,24,interior,,,,4087,1
T014,212,24,interior,,,,4088,1
T014,213,24,interior,,,,4089,1
T014,214,24,interior,,,,4090,1
T014,215,24,interior,,,,4091,1
T014,216,24,interior,,,,4092,1
T014,217,24,interior,,,,4093,1
T014,218,24,interior,,,,4094,1
T014,219,24,shared_edge_candidate,,L21__L26,14.0,4095,1
T014,220,24,shared_edge_candidate,,L20__L21,11.0,4096,2
T015,220,24,shared_edge_candidate,,L20__L21,11.0,4096,2
T014,221,24,interior,,,,4097,1
T014,222,24,interior,,,,4098,1
T014,223,24,interior,,,,4099,1
T014,224,24,interior,,,,4100,1
T014,225,24,interior,,,,4101,1
T014,226,24,interior,,,,4102,1
T014,227,24,interior,,,,4103,1
T014,228,24,interior,,,,4104,1
T014,229,24,interior,,,,4105,1
T014,230,24,interior,,,,4106,1
T014,231,24,interior,,,,4107,1
T014,232,24,interior,,,,4108,1
T014,233,24,shared_edge_candidate,,L21__L26,13.0,4109,1
T014,234,24,shared_edge_candidate,,L20__L21,12.0,4110,2
T015,234,24,shared_edge_candidate,,L20__L21,12.0,4110,2
T014,235,24,interior,,,,4111,1
T014,236,24,interior,,,,4112,1
T014,237,24,interior,,,,4113,1
T014,238,24,interior,,,,4114,1
T014,239,24,interior,,,,4115,1
T014,240,24,interior,,,,4116,1
T014,241,24,interior,,,,4117,1
T014,242,24,interior,,,,4118,1
T014,243,24,interior,,,,4119,1
T014,244,24,interior,,,,4120,1
T014,245,24,interior,,,,4121,1
T014,246,24,shared_edge_candidate,,L21__L26,12.0,4122,1
T014,247,24,shared_edge_candidate,,L20__L21,13.0,4123,2
T015,247,24,shared_edge_candidate,,L20__L21,13.0,4123,2
T014,248,24,interior,,,,4124,1
T014,249,24,interior,,,,4125,1
T014,250,24,interior,,,,4126,1
T014,251,24,interior,,,,4127,1
T014,252,24,interior,,,,4128,1
T014,253,24,interior,,,,4129,1
T014,254,24,interior,,,,4130,1
T014,255,24,interior,,,,4131,1
T014,256,24,interior,,,,4132,1
T014,257,24,interior,,,,4133,1
T014,258,24,shared_edge_candidate,,L21__L26,11.0,4134,1
T014,259,24,shared_edge_candidate,,L20__L21,14.0,4135,2
T015,259,24,shared_edge_candidate,,L20__L21,14.0,4135,2
T014,260,24,interior,,,,4136,1
T014,261,24,interior,,,,4137,1
T014,262,24,interior,,,,4138,1
T014,263,24,interior,,,,4139,1
T014,264,24,interior,,,,4140,1
T014,265,24,interior,,,,4141,1
T014,266,24,interior,,,,4142,1
T014,267,24,interior,,,,4143,1
T014,268,24,interior,,,,4144,1
T014,269,24,shared_edge_candidate,,L21__L26,10.0,4145,1
T014,270,24,shared_edge_candidate,,L20__L21,15.0,4146,2
T015,270,24,shared_edge_candidate,,L20__L21,15.0,4146,2
T014,271,24,interior,,,,4147,1
T014,272,24,interior,,,,4148,1
T014,273,24,interior,,,,4149,1
T014,274,24,interior,,,,4150,1
T014,275,24,interior,,,,4151,1
T014,276,24,interior,,,,4152,1
T014,277,24,interior,,,,4153,1
T014,278,24,interior,,,,4154,1
T014,279,24,shared_edge_candidate,,L21__L26,9.0,4155,1
T014,280,24,shared_edge_candidate,,L20__L21,16.0,4156,2
T015,280,24,shared_edge_candidate,,L20__L21,16.0,4156,2
T014,281,24,interior,,,,4157,1
T014,282,24,interior,,,,4158,1
T014,283,24,interior,,,,4159,1
T014,284,24,interior,,,,4160,1
T014,285,24,interior,,,,4161,1
T014,286,24,interior,,,,4162,1
T014,287,24,interior,,,,4163,1
T014,288,24,shared_edge_candidate,,L21__L26,8.0,4164,1
T014,289,24,shared_edge_candidate,,L20__L21,17.0,4165,2
T015,289,24,shared_edge_candidate,,L20__L21,17.0,4165,2
T014,290,24,interior,,,,4166,1
T014,291,24,interior,,,,4167,1
T014,292,24,interior,,,,4168,1
T014,293,24,interior,,,,4169,1
T014,294,24,interior,,,,4170,1
T014,295,24,interior,,,,4171,1
T014,296,24,shared_edge_candidate,,L21__L26,7.0,4172,1
T014,297,24,shared_edge_candidate,,L20__L21,18.0,4173,2
T015,297,24,shared_edge_candidate,,L20__L21,18.0,4173,2
T014,298,24,interior,,,,4174,1
T014,299,24,interior,,,,4175,1
T014,300,24,interior,,,,4176,1
T014,301,24,interior,,,,4177,1
T014,302,24,interior,,,,4178,1
T014,303,24,shared_edge_candidate,,L21__L26,6.0,4179,1
T014,304,24,shared_edge_candidate,,L20__L21,19.0,4180,2
T015,304,24,shared_edge_candidate,,L20__L21,19.0,4180,2
T014,305,24,interior,,,,4181,1
T014,306,24,interior,,,,4182,1
T014,307,24,interior,,,,4183,1
T014,308,24,interior,,,,4184,1
T014,309,24,shared_edge_candidate,,L21__L26,5.0,4185,1
T014,310,24,shared_edge_candidate,,L20__L21,20.0,4186,2
T015,310,24,shared_edge_candidate,,L20__L21,20.0,4186,2
T014,311,24,interior,,,,4187,1
T014,312,24,interior,,,,4188,1
T014,313,24,interior,,,,4189,1
T014,314,24,shared_edge_candidate,,L21__L26,4.0,4190,1
T014,315,24,shared_edge_candidate,,L20__L21,21.0,4191,2
T015,315,24,shared_edge_candidate,,L20__L21,21.0,4191,2
T014,316,24,interior,,,,4192,1
T014,317,24,interior,,,,4193,1
T014,318,24,shared_edge_candidate,,L21__L26,3.0,4194,1
T014,319,24,shared_edge_candidate,,L20__L21,22.0,4195,2
T015,319,24,shared_edge_candidate,,L20__L21,22.0,4195,2
T014,320,24,interior,,,,4196,1
T014,321,24,shared_edge_candidate,,L21__L26,2.0,4197,1
T014,322,24,shared_edge_candidate,,L20__L21,23.0,4198,2
T015,322,24,shared_edge_candidate,,L20__L21,23.0,4198,2
T014,323,24,shared_edge_candidate,,L21__L26,1.0,4199,1
T015,26,24,interior,,,,4200,1
T015,27,24,interior,,,,4201,1
T015,28,24,interior,,,,4202,1
T015,29,24,interior,,,,4203,1
T015,30,24,interior,,,,4204,1
T015,31,24,interior,,,,4205,1
T015,32,24,interior,,,,4206,1
T015,33,24,interior,,,,4207,1
T015,34,24,interior,,,,4208,1
T015,35,24,interior,,,,4209,1
T015,36,24,interior,,,,4210,1
T015,37,24,interior,,,,4211,1
T015,38,24,interior,,,,4212,1
T015,39,24,interior,,,,4213,1
T015,40,24,interior,,,,4214,1
T015,41,24,interior,,,,4215,1
T015,42,24,interior,,,,4216,1
T015,43,24,interior,,,,4217,1
T015,44,24,interior,,,,4218,1
T015,45,24,interior,,,,4219,1
T015,46,24,interior,,,,4220,1
T015,47,24,interior,,,,4221,1
T015,50,24,interior,,,,4222,1
T015,51,24,interior,,,,4223,1
T015,52,24,interior,,,,4224,1
T015,53,24,interior,,,,4225,1
T015,54,24,interior,,,,4226,1
T015,55,24,interior,,,,4227,1
T015,56,24,interior,,,,4228,1
T015,57,24,interior,,,,4229,1
T015,58,24,interior,,,,4230,1
T015,59,24,interior,,,,4231,1
T015,60,24,interior,,,,4232,1
T015,61,24,interior,,,,4233,1
T015,62,24,interior,,,,4234,1
T015,63,24,interior,,,,4235,1
T015,64,24,interior,,,,4236,1
T015,65,24,interior,,,,4237,1
T015,66,24,interior,,,,4238,1
T015,67,24,interior,,,,4239,1
T015,68,24,interior,,,,4240,1
T015,69,24,interior,,,,4241,1
T015,70,24,interior,,,,4242,1
T015,73,24,interior,,,,4243,1
T015,74,24,interior,,,,4244,1
T015,75,24,interior,,,,4245,1
T015,76,24,interior,,,,4246,1
T015,77,24,interior,,,,4247,1
T015,78,24,interior,,,,4248,1
T015,79,24,interior,,,,4249,1
T015,80,24,interior,,,,4250,1
T015,81,24,interior,,,,4251,1
T015,82,24,interior,,,,4252,1
T015,83,24,interior,,,,4253,1
T015,84,24,interior,,,,4254,1
T015,85,24,interior,,,,4255,1
T015,86,24,interior,,,,4256,1
T015,87,24,interior,,,,4257,1
T015,88,24,interior,,,,4258,1
T015,89,24,interior,,,,4259,1
T015,90,24,interior,,,,4260,1
T015,91,24,interior,,,,4261,1
T015,92,24,interior,,,,4262,1
T015,95,24,interior,,,,4263,1
T015,96,24,interior,,,,4264,1
T015,97,24,interior,,,,4265,1
T015,98,24,interior,,,,4266,1
T015,99,24,interior,,,,4267,1
T015,100,24,interior,,,,4268,1
T015,101,24,interior,,,,4269,1
T015,102,24,interior,,,,4270,1
T015,103,24,interior,,,,4271,1
T015,104,24,interior,,,,4272,1
T015,105,24,interior,,,,4273,1
T015,106,24,interior,,,,4274,1
T015,107,24,interior,,,,4275,1
T015,108,24,interior,,,,4276,1
T015,109,24,interior,,,,4277,1
T015,110,24,interior,,,,4278,1
T015,111,24,interior,,,,4279,1
T015,112,24,interior,,,,4280,1
T015,113,24,interior,,,,4281,1
T015,116,24,interior,,,,4282,1
T015,117,24,interior,,,,4283,1
T015,118,24,interior,,,,4284,1
T015,119,24,interior,,,,4285,1
T015,120,24,interior,,,,4286,1
T015,121,24,interior,,,,4287,1
T015,122,24,interior,,,,4288,1
T015,123,24,interior,,,,4289,1
T015,124,24,interior,,,,4290,1
T015,125,24,interior,,,,4291,1
T015,126,24,interior,,,,4292,1
T015,127,24,interior,,,,4293,1
T015,128,24,interior,,,,4294,1
T015,129,24,interior,,,,4295,1
T015,130,24,interior,,,,4296,1
T015,131,24,interior,,,,4297,1
T015,132,24,interior,,,,4298,1
T015,133,24,interior,,,,4299,1
T015,136,24,interior,,,,4300,1
T015,137,24,interior,,,,4301,1
T015,138,24,interior,,,,4302,1
T015,139,24,interior,,,,4303,1
T015,140,24,interior,,,,4304,1
T015,141,24,interior,,,,4305,1
T015,142,24,interior,,,,4306,1
T015,143,24,interior,,,,4307,1
T015,144,24,interior,,,,4308,1
T015,145,24,interior,,,,4309,1
T015,146,24,interior,,,,4310,1
T015,147,24,interior,,,,4311,1
T015,148,24,interior,,,,4312,1
T015,149,24,interior,,,,4313,1
T015,150,24,interior,,,,4314,1
T015,151,24,interior,,,,4315,1
T015,152,24,interior,,,,4316,1
T015,155,24,interior,,,,4317,1
T015,156,24,interior,,,,4318,1
T015,157,24,interior,,,,4319,1
T015,158,24,interior,,,,4320,1
T015,159,24,interior,,,,4321,1
T015,160,24,interior,,,,4322,1
T015,161,24,interior,,,,4323,1
T015,162,24,interior,,,,4324,1
T015,163,24,interior,,,,4325,1
T015,164,24,interior,,,,4326,1
T015,165,24,interior,,,,4327,1
T015,166,24,interior,,,,4328,1
T015,167,24,interior,,,,4329,1
T015,168,24,interior,,,,4330,1
T015,169,24,interior,,,,4331,1
T015,170,24,interior,,,,4332,1
T015,173,24,interior,,,,4333,1
T015,174,24,interior,,,,4334,1
T015,175,24,interior,,,,4335,1
T015,176,24,interior,,,,4336,1
T015,177,24,interior,,,,4337,1
T015,178,24,interior,,,,4338,1
T015,179,24,interior,,,,4339,1
T015,180,24,interior,,,,4340,1
T015,181,24,interior,,,,4341,1
T015,182,24,interior,,,,4342,1
T015,183,24,interior,,,,4343,1
T015,184,24,interior,,,,4344,1
T015,185,24,interior,,,,4345,1
T015,186,24,interior,,,,4346,1
T015,187,24,interior,,,,4347,1
T015,190,24,interior,,,,4348,1
T015,191,24,interior,,,,4349,1
T015,192,24,interior,,,,4350,1
T015,193,24,interior,,,,4351,1
T015,194,24,interior,,,,4352,1
T015,195,24,interior,,,,4353,1
T015,196,24,interior,,,,4354,1
T015,197,24,interior,,,,4355,1
T015,198,24,interior,,,,4356,1
T015,199,24,interior,,,,4357,1
T015,200,24,interior,,,,4358,1
T015,201,24,interior,,,,4359,1
T015,202,24,interior,,,,4360,1
T015,203,24,interior,,,,4361,1
T015,206,24,interior,,,,4362,1
T015,207,24,interior,,,,4363,1
T015,208,24,interior,,,,4364,1
T015,209,24,interior,,,,4365,1
T015,210,24,interior,,,,4366,1
T015,211,24,interior,,,,4367,1
T015,212,24,interior,,,,4368,1
T015,213,24,interior,,,,4369,1
T015,214,24,interior,,,,4370,1
T015,215,24,interior,,,,4371,1
T015,216,24,interior,,,,4372,1
T015,217,24,interior,,,,4373,1
T015,218,24,interior,,,,4374,1
T015,221,24,interior,,,,4375,1
T015,222,24,interior,,,,4376,1
T015,223,24,interior,,,,4377,1
T015,224,24,interior,,,,4378,1
T015,225,24,interior,,,,4379,1
T015,226,24,interior,,,,4380,1
T015,227,24,interior,,,,4381,1
T015,228,24,interior,,,,4382,1
T015,229,24,interior,,,,4383,1
T015,230,24,interior,,,,4384,1
T015,231,24,interior,,,,4385,1
T015,232,24,interior,,,,4386,1
T015,235,24,interior,,,,4387,1
T015,236,24,interior,,,,4388,1
T015,237,24,interior,,,,4389,1
T015,238,24,interior,,,,4390,1
T015,239,24,interior,,,,4391,1
T015,240,24,interior,,,,4392,1
T015,241,24,interior,,,,4393,1
T015,242,24,interior,,,,4394,1
T015,243,24,interior,,,,4395,1
T015,244,24,interior,,,,4396,1
T015,245,24,interior,,,,4397,1
T015,248,24,interior,,,,4398,1
T015,249,24,interior,,,,4399,1
T015,250,24,interior,,,,4400,1
T015,251,24,interior,,,,4401,1
T015,252,24,interior,,,,4402,1
T015,253,24,interior,,,,4403,1
T015,254,24,interior,,,,4404,1
T015,255,24,interior,,,,4405,1
T015,256,24,interior,,,,4406,1
T015,257,24,interior,,,,4407,1
T015,260,24,interior,,,,4408,1
T015,261,24,interior,,,,4409,1
T015,262,24,interior,,,,4410,1
T015,263,24,interior,,,,4411,1
T015,264,24,interior,,,,4412,1
T015,265,24,interior,,,,4413,1
T015,266,24,interior,,,,4414,1
T015,267,24,interior,,,,4415,1
T015,268,24,interior,,,,4416,1
T015,271,24,interior,,,,4417,1
T015,272,24,interior,,,,4418,1
T015,273,24,interior,,,,4419,1
T015,274,24,interior,,,,4420,1
T015,275,24,interior,,,,4421,1
T015,276,24,interior,,,,4422,1
T015,277,24,interior,,,,4423,1
T015,278,24,interior,,,,4424,1
T015,281,24,interior,,,,4425,1
T015,282,24,interior,,,,4426,1
T015,283,24,interior,,,,4427,1
T015,284,24,interior,,,,4428,1
T015,285,24,interior,,,,4429,1
T015,286,24,interior,,,,4430,1
T015,287,24,interior,,,,4431,1
T015,290,24,interior,,,,4432,1
T015,291,24,interior,,,,4433,1
T015,292,24,interior,,,,4434,1
T015,293,24,interior,,,,4435,1
T015,294,24,interior,,,,4436,1
T015,295,24,interior,,,,4437,1
T015,298,24,interior,,,,4438,1
T015,299,24,interior,,,,4439,1
T015,300,24,interior,,,,4440,1
T015,301,24,interior,,,,4441,1
T015,302,24,interior,,,,4442,1
T015,305,24,interior,,,,4443,1
T015,306,24,interior,,,,4444,1
T015,307,24,interior,,,,4445,1
T015,308,24,interior,,,,4446,1
T015,311,24,interior,,,,4447,1
T015,312,24,interior,,,,4448,1
T015,313,24,interior,,,,4449,1
T015,316,24,interior,,,,4450,1
T015,317,24,interior,,,,4451,1
T015,320,24,interior,,,,4452,1
