sample_id,side,global_vertex_id,region_id,region_point_id,x,y,z,candidate_finite,quality_rank,repair_method,selected,distance_to_selected_mm
T049,L,0,T001,0,-36.89537811279297,28.69526481628418,-26.783138275146484,True,0,mapped,False,0.0
T049,L,0,T002,0,-36.89537811279297,28.69526481628418,-26.783138275146484,True,-1,landmark_vertex,True,0.0
T049,L,1,T001,1,-35.760355242994095,28.69526481628418,-27.14913704284062,True,0,mapped,True,0.0
T049,L,1,T002,1,-35.29800740468397,28.646567176359465,-27.17370184755235,True,2,smooth_near_vertex,False,0.4655538780364805
T049,L,2,T001,2,-34.58291935832201,28.69526481628418,-27.340644276322628,True,0,mapped,True,0.0
T049,L,2,T002,2,-34.582919358322,28.69526481628418,-27.34064427632262,True,0,mapped,False,1.0048591735576161e-14
T049,L,3,T001,3,-33.39140424152883,28.69526481628418,-27.404305253918565,True,0,mapped,True,0.0
T049,L,3,T002,3,-33.39140424152883,28.69526481628418,-27.404305253918565,True,0,mapped,False,0.0
T049,L,4,T001,4,-32.20109909293109,28.69526481628418,-27.33022126963285,True,0,mapped,True,0.0
T049,L,4,T002,4,-32.20109909293109,28.69526481628418,-27.33022126963285,True,0,mapped,False,0.0
T049,L,5,T001,5,-31.03987374231351,28.689832711104728,-27.06663272015963,True,0,mapped,True,0.0
T049,L,5,T002,5,-31.039873742313507,28.689832711104728,-27.06663272015963,True,0,mapped,False,3.552713678800501e-15
T049,L,6,T001,6,-29.94018459550437,28.69526481628418,-26.606192156314503,True,0,mapped,True,0.0
T049,L,6,T002,6,-29.940184595504373,28.69526481628418,-26.606192156314503,True,0,mapped,False,3.552713678800501e-15
T049,L,7,T001,7,-28.999485992367465,28.45695189351246,-25.99246424911656,True,0,mapped,True,0.0
T049,L,7,T002,7,-28.999485992367465,28.45695189351246,-25.99246424911656,True,0,mapped,False,0.0
T049,L,8,T001,8,-28.169677607320985,28.295265197753903,-25.1551991831522,True,0,mapped,True,0.0
T049,L,8,T002,8,-28.169677607320985,28.29526519775391,-25.1551991831522,True,0,mapped,False,7.105427357601002e-15
T049,L,9,T001,9,-27.2978334012712,28.295265197753903,-24.34039800089235,True,0,mapped,True,0.0
T049,L,9,T002,9,-27.2978334012712,28.29526519775391,-24.34039800089235,True,0,mapped,False,7.105427357601002e-15
T049,L,10,T001,10,-26.54650473974001,28.095264434814453,-23.47537855329677,True,0,mapped,True,0.0
T049,L,10,T002,10,-26.54650473974001,28.095264434814453,-23.47537855329677,True,0,mapped,False,0.0
T049,L,11,T001,11,-25.520452588085703,28.027148210218005,-22.99144424998388,True,0,mapped,True,0.0
T049,L,11,T002,11,-25.520452588085703,28.02714821021801,-22.99144424998389,True,0,mapped,False,1.1234667099445444e-14
T049,L,12,T001,12,-24.76465485349474,27.69526481628418,-22.24276620422479,True,0,mapped,True,0.0
T049,L,12,T002,12,-24.76465485349474,27.69526481628418,-22.24276620422479,True,0,mapped,False,0.0
T049,L,13,T001,13,-23.89537811279297,27.45280759585757,-21.69421711230359,True,0,mapped,True,0.0
T049,L,13,T002,13,-23.89537811279297,27.45280759585757,-21.69421711230359,True,0,mapped,False,0.0
T049,L,14,T001,14,-23.302821362459927,26.9859798053365,-20.90219894087165,True,0,mapped,True,0.0
T049,L,14,T002,14,-23.30282136245993,26.985979805336505,-20.90219894087165,True,0,mapped,False,7.944109290391274e-15
T049,L,15,T001,15,-22.614981513115065,26.58285223507059,-20.163060846832856,True,0,mapped,True,0.0
T049,L,15,T002,15,-22.61498151311506,26.58285223507059,-20.163060846832856,True,0,mapped,False,3.552713678800501e-15
T049,L,16,T001,16,-21.9929867785178,26.15322568889161,-19.379645058162183,True,0,mapped,True,0.0
T049,L,16,T002,16,-21.9929867785178,26.15322568889161,-19.379645058162183,True,0,mapped,False,0.0
T049,L,17,T001,17,-21.33222822176784,25.7047338087744,-18.633184553102303,True,0,mapped,True,0.0
T049,L,17,T002,17,-21.33222822176784,25.7047338087744,-18.633184553102303,True,0,mapped,False,0.0
T049,L,18,T001,18,-20.7006778634016,25.23018933595718,-17.89139370500739,True,0,mapped,True,0.0
T049,L,18,T002,18,-20.700677863401605,25.230189335957185,-17.89139370500739,True,0,mapped,False,5.0242958677880805e-15
T049,L,19,T001,19,-20.095378875732425,24.61581466880364,-17.136786680818368,True,0,mapped,True,0.0
T049,L,19,T002,19,-20.095378875732425,24.61581466880364,-17.136786680818368,True,0,mapped,False,0.0
T049,L,20,T001,20,-19.54974390389456,24.01245659765492,-16.384641400911413,True,0,mapped,True,0.0
T049,L,20,T002,20,-19.54974390389456,24.01245659765492,-16.384641400911413,True,0,mapped,False,0.0
T049,L,21,T001,21,-19.49537849426269,23.233501831554797,-15.497007368799922,True,0,mapped,True,0.0
T049,L,21,T002,21,-19.49537849426269,23.2335018315548,-15.497007368799924,True,0,mapped,False,3.972054645195637e-15
T049,L,22,T001,22,-19.29537773132324,22.43119000741612,-14.670883520773268,True,0,mapped,True,0.0
T049,L,22,T002,22,-19.29537773132324,22.43119000741612,-14.670883520773268,True,0,mapped,False,0.0
T049,L,23,T001,23,-18.89537811279297,21.69215569193965,-13.96231107559697,True,0,mapped,True,0.0
T049,L,23,T002,23,-18.89537811279297,21.69215569193965,-13.96231107559697,True,0,mapped,False,0.0
T049,L,24,T001,24,-18.69537925720215,20.895263671875,-13.19825553894043,True,-1,landmark_vertex,True,0.0
T049,L,24,T002,24,-18.69537925720215,20.895263671875,-13.19825553894043,True,0,mapped,False,0.0
T049,L,24,T004,24,-18.69537925720215,20.895263671875,-13.19825553894043,True,0,mapped,False,0.0
T049,L,25,T001,25,-36.29454265617756,29.23078936656194,-26.68919944763184,True,0,mapped,True,0.0
T049,L,26,T001,26,-35.03385853577539,29.1557644070088,-27.074845722749345,True,0,mapped,True,0.0
T049,L,27,T001,27,-33.82095801481592,29.05291651591732,-27.27710398834754,True,0,mapped,True,0.0
T049,L,28,T001,28,-32.556002395849646,29.04824253588817,-27.253990172368425,True,0,mapped,True,0.0
T049,L,29,T001,29,-31.49704827818763,29.06330593158819,-27.093555421847935,True,0,mapped,True,0.0
T049,L,30,T001,30,-30.258760745997208,29.1033356533634,-26.69390266572749,True,0,mapped,True,0.0
T049,L,31,T001,31,-29.212297417242645,28.791836137636917,-26.21363936793903,True,0,mapped,True,0.0
T049,L,32,T001,32,-28.27097643370096,28.575332288786434,-25.45276093619093,True,0,mapped,True,0.0
T049,L,33,T001,33,-27.46329361500132,28.4758061635488,-24.69349970128845,True,0,mapped,True,0.0
T049,L,34,T001,34,-26.59618310084341,28.337367687828035,-23.86373154300841,True,0,mapped,True,0.0
T049,L,35,T001,35,-25.654984791990582,28.260140625640588,-23.29293864813148,True,0,mapped,True,0.0
T049,L,36,T001,36,-24.849274272202987,27.92813941214005,-22.579114536454743,True,0,mapped,True,0.0
T049,L,37,T001,37,-23.9694311152342,27.63945819244058,-21.92120442527372,True,0,mapped,True,0.0
T049,L,38,T001,38,-23.326857771889397,27.273275491723304,-21.25786225556369,True,0,mapped,True,0.0
T049,L,39,T001,39,-22.590894751944344,26.848990272971456,-20.512554273601665,True,0,mapped,True,0.0
T049,L,40,T001,40,-21.990292423271125,26.393924679995276,-19.71820801633374,True,0,mapped,True,0.0
T049,L,41,T001,41,-21.421250096495477,25.94164820116805,-18.930856087171765,True,0,mapped,True,0.0
T049,L,42,T001,42,-20.840779803466116,25.4296123917515,-18.15298136274377,True,0,mapped,True,0.0
T049,L,43,T001,43,-20.1277051588814,24.902902882807236,-17.473454206390727,True,0,mapped,True,0.0
T049,L,44,T001,44,-19.565075374113405,24.337961477680224,-16.77188047070408,True,0,mapped,True,0.0
T049,L,45,T001,45,-19.356716077545286,23.586522769858675,-15.894094255741578,True,0,mapped,True,0.0
T049,L,46,T001,46,-19.301863289058826,22.85402878206776,-15.107784107395654,True,0,mapped,True,0.0
T049,L,47,T001,47,-18.979614374393144,22.01930422057582,-14.309239773922528,True,0,mapped,True,0.0
T049,L,48,T001,48,-18.816437750397604,21.563619060501438,-13.849924182262123,True,2,smooth_near_vertex,True,0.0
T049,L,49,T001,49,-35.504294795776424,29.62234476956406,-26.68919944763184,True,0,mapped,True,0.0
T049,L,50,T001,50,-34.238739279756274,29.447050799251507,-27.054428797273157,True,0,mapped,True,0.0
T049,L,51,T001,51,-33.03797655522817,29.400838327851048,-27.10942476502253,True,0,mapped,True,0.0
T049,L,52,T001,52,-31.85995780385201,29.37763805180976,-27.019173016176214,True,0,mapped,True,0.0
T049,L,53,T001,53,-30.681229169119813,29.40571600795667,-26.770284835769782,True,0,mapped,True,0.0
T049,L,54,T001,54,-29.50138395497573,29.22307794487738,-26.34960602858448,True,0,mapped,True,0.0
T049,L,55,T001,55,-28.453580059742865,28.9596894955723,-25.724689595410723,True,0,mapped,True,0.0
T049,L,56,T001,56,-27.54611905095565,28.717130994213957,-24.939290719729605,True,0,mapped,True,0.0
T049,L,57,T001,57,-26.70228664645857,28.66100074313742,-24.25574499639744,True,0,mapped,True,0.0
T049,L,58,T001,58,-25.879496552017784,28.45158735903427,-23.588510035299905,True,0,mapped,True,0.0
T049,L,59,T001,59,-24.93562314821001,28.169640769343903,-22.88588772186799,True,0,mapped,True,0.0
T049,L,60,T001,60,-24.15386489033025,27.940446863719263,-22.30706786104589,True,0,mapped,True,0.0
T049,L,61,T001,61,-23.34822939635044,27.624998387478453,-21.6348053225804,True,0,mapped,True,0.0
T049,L,62,T001,62,-22.72216685023899,27.10070935199832,-20.861028385496525,True,0,mapped,True,0.0
T049,L,63,T001,63,-22.01208123852641,26.69002526108589,-20.1237521947427,True,0,mapped,True,0.0
T049,L,64,T001,64,-21.3555247498894,26.2425953778932,-19.32292610579101,True,0,mapped,True,0.0
T049,L,65,T001,65,-20.69823570057806,25.702654852319192,-18.52320749367105,True,0,mapped,True,0.0
T049,L,66,T001,66,-20.14678101323434,25.220421856484023,-17.826383519404423,True,0,mapped,True,0.0
T049,L,67,T001,67,-19.64040458755317,24.63341020000974,-17.094076882992496,True,0,mapped,True,0.0
T049,L,68,T001,68,-19.242002061115457,23.959912126021337,-16.285904101840938,True,0,mapped,True,0.0
T049,L,69,T001,69,-19.19697774948841,23.17138243493274,-15.462738144812556,True,0,mapped,True,0.0
T049,L,70,T001,70,-19.03984119991191,22.386280603501703,-14.680506902305996,True,0,mapped,True,0.0
T049,L,71,T001,71,-18.69537925720215,21.647752657615275,-13.929890340588562,True,0,mapped,True,0.0
T049,L,72,T001,72,-34.67137525639555,29.903354850035186,-26.695444816174557,True,0,mapped,True,0.0
T049,L,73,T001,73,-33.39956255478132,29.725407625724465,-26.935062972879138,True,0,mapped,True,0.0
T049,L,74,T001,74,-32.21508644655562,29.613713258011053,-26.93847737460436,True,0,mapped,True,0.0
T049,L,75,T001,75,-31.05556309481378,29.691015411041008,-26.77667771405979,True,0,mapped,True,0.0
T049,L,76,T001,76,-29.884662450114774,29.583762694461797,-26.408127141130237,True,0,mapped,True,0.0
T049,L,77,T001,77,-28.776410403155964,29.353258739578745,-25.892611344192773,True,0,mapped,True,0.0
T049,L,78,T001,78,-27.726533930704715,29.074771508642588,-25.205163130315874,True,0,mapped,True,0.0
T049,L,79,T001,79,-26.84901950038942,28.887559446843674,-24.510731693219,True,0,mapped,True,0.0
T049,L,80,T001,80,-25.99154665590269,28.684812456902293,-23.835354910434923,True,0,mapped,True,0.0
T049,L,81,T001,81,-25.105490932161214,28.53432780831287,-23.227988937628474,True,0,mapped,True,0.0
T049,L,82,T001,82,-24.2119349961411,28.206292817769476,-22.527865490765507,True,0,mapped,True,0.0
T049,L,83,T001,83,-23.4605188761686,27.87479812328653,-21.87998950871897,True,0,mapped,True,0.0
T049,L,84,T001,84,-22.747832435499586,27.45390316107173,-21.164544509273604,True,0,mapped,True,0.0
T049,L,85,T001,85,-22.0838507742804,26.914371531279727,-20.392052030714886,True,0,mapped,True,0.0
T049,L,86,T001,86,-21.4266279798178,26.49723202288328,-19.647639132479046,True,0,mapped,True,0.0
T049,L,87,T001,87,-20.793947402855757,26.02537833341773,-18.883251652469145,True,0,mapped,True,0.0
T049,L,88,T001,88,-20.21401916945468,25.490376752007045,-18.119662868265813,True,0,mapped,True,0.0
T049,L,89,T001,89,-19.61603968706926,24.9906782450124,-17.407966657316976,True,0,mapped,True,0.0
T049,L,90,T001,90,-19.32351600333655,24.248455949161247,-16.60393312851659,True,0,mapped,True,0.0
T049,L,91,T001,91,-19.02783720638213,23.53566831040811,-15.841205245817653,True,0,mapped,True,0.0
T049,L,92,T001,92,-19.01468468567711,22.786513797642986,-15.070528581543067,True,0,mapped,True,0.0
T049,L,93,T001,93,-18.69537925720215,22.00446331025492,-14.314883368961551,True,0,mapped,True,0.0
T049,L,94,T001,94,-33.81216422915945,30.08752069006365,-26.68919944763184,True,0,mapped,True,0.0
T049,L,95,T001,95,-32.59964394749007,29.81622431257012,-26.858053386167725,True,0,mapped,True,0.0
T049,L,96,T001,96,-31.423131650844763,29.96623516683714,-26.69813854799496,True,0,mapped,True,0.0
T049,L,97,T001,97,-30.252806765829657,29.92272416054072,-26.430396371543885,True,0,mapped,True,0.0
T049,L,98,T001,98,-29.061153342050968,29.764252028617488,-25.972283506604928,True,0,mapped,True,0.0
T049,L,99,T001,99,-27.96235880970744,29.46724026374448,-25.40054309072876,True,0,mapped,True,0.0
T049,L,100,T001,100,-27.075242122346687,29.214846543513048,-24.770103663946827,True,0,mapped,True,0.0
T049,L,101,T001,101,-26.179294671438814,28.979332326053903,-24.111187681155062,True,0,mapped,True,0.0
T049,L,102,T001,102,-25.31318908248457,28.74399013636188,-23.448273468356422,True,0,mapped,True,0.0
T049,L,103,T001,103,-24.43470969192413,28.50012901368373,-22.82321326339841,True,0,mapped,True,0.0
T049,L,104,T001,104,-23.56399749301588,28.157496308379866,-22.130963885092548,True,0,mapped,True,0.0
T049,L,105,T001,105,-22.833737757876555,27.815703149161664,-21.433827860376944,True,0,mapped,True,0.0
T049,L,106,T001,106,-22.16652521945528,27.29349024977507,-20.748481887943285,True,0,mapped,True,0.0
T049,L,107,T001,107,-21.513387997960034,26.88475184150441,-20.042710061117084,True,0,mapped,True,0.0
T049,L,108,T001,108,-20.870505660360845,26.31743203267389,-19.186794350013788,True,0,mapped,True,0.0
T049,L,109,T001,109,-20.233323007664016,25.831261871563274,-18.453291645522057,True,0,mapped,True,0.0
T049,L,110,T001,110,-19.68790310536647,25.29343569569253,-17.686899798579766,True,0,mapped,True,0.0
T049,L,111,T001,111,-19.25209046379568,24.636678471518128,-16.943228695040077,True,0,mapped,True,0.0
T049,L,112,T001,112,-18.88310785554327,23.878701995822247,-16.11525053193268,True,0,mapped,True,0.0
T049,L,113,T001,113,-18.943208582995656,23.136477865204878,-15.420863084397322,True,0,mapped,True,0.0
T049,L,114,T001,114,-18.69537925720215,22.372099787140016,-14.689118343111774,True,0,mapped,True,0.0
T049,L,115,T001,115,-32.989516992943834,30.201126317603048,-26.636407258874925,True,0,mapped,True,0.0
T049,L,116,T001,116,-31.86555277186551,30.24173849352276,-26.552240015840844,True,0,mapped,True,0.0
T049,L,117,T001,117,-30.625432016298817,30.29896043372383,-26.353746325742584,True,0,mapped,True,0.0
T049,L,118,T001,118,-29.447288536811037,30.087305469983207,-26.029517402745636,True,0,mapped,True,0.0
T049,L,119,T001,119,-28.29421756420893,29.889668410767985,-25.51776185846049,True,0,mapped,True,0.0
T049,L,120,T001,120,-27.283282309321887,29.564899710990236,-24.919197026009897,True,0,mapped,True,0.0
T049,L,121,T001,121,-26.363248018276543,29.337260210766598,-24.307314338531874,True,0,mapped,True,0.0
T049,L,122,T001,122,-25.46557534651891,29.050503954093266,-23.673263548093647,True,0,mapped,True,0.0
T049,L,123,T001,123,-24.536215151333597,28.78766720800966,-23.014193472087616,True,0,mapped,True,0.0
T049,L,124,T001,124,-23.660709390392856,28.4773749877211,-22.323734225787867,True,0,mapped,True,0.0
T049,L,125,T001,125,-22.97222321706644,28.09823872750077,-21.67511876540749,True,0,mapped,True,0.0
T049,L,126,T001,126,-22.144681026671112,27.635708133033905,-20.94504978441809,True,0,mapped,True,0.0
T049,L,127,T001,127,-21.478875654140783,27.178669987651173,-20.23313605886915,True,0,mapped,True,0.0
T049,L,128,T001,128,-20.88155150796025,26.68027253586841,-19.495962389455613,True,0,mapped,True,0.0
T049,L,129,T001,129,-20.30208248263102,26.19792037992054,-18.78005182086937,True,0,mapped,True,0.0
T049,L,130,T001,130,-19.73305680597097,25.63963581118552,-18.03680610128661,True,0,mapped,True,0.0
T049,L,131,T001,131,-19.2573216785368,24.96053315146109,-17.22963852491421,True,0,mapped,True,0.0
T049,L,132,T001,132,-18.8994462359163,24.306326591470768,-16.50787977092479,True,0,mapped,True,0.0
T049,L,133,T001,133,-18.777261608282405,23.48483451599629,-15.717546878000114,True,0,mapped,True,0.0
T049,L,134,T001,134,-18.69537925720215,22.763260637527004,-15.038883671650488,True,0,mapped,True,0.0
T049,L,135,T001,135,-32.20661010986302,30.429825616579933,-26.448229826072385,True,0,mapped,True,0.0
T049,L,136,T001,136,-31.096525160160567,30.469229705244917,-26.30481050198824,True,0,mapped,True,0.0
T049,L,137,T001,137,-29.88331990532012,30.40138283712683,-26.03185984436158,True,0,mapped,True,0.0
T049,L,138,T001,138,-28.62480538133241,30.173046180491752,-25.60363571696761,True,0,mapped,True,0.0
T049,L,139,T001,139,-27.541012706698623,29.95007613999828,-25.04294480305263,True,0,mapped,True,0.0
T049,L,140,T001,140,-26.593468836358017,29.70324865561545,-24.45767179967011,True,0,mapped,True,0.0
T049,L,141,T001,141,-25.72165576181953,29.463988297299103,-23.885262704866264,True,0,mapped,True,0.0
T049,L,142,T001,142,-24.754320888718173,29.11014507037484,-23.223403363014977,True,0,mapped,True,0.0
T049,L,143,T001,143,-23.847863847894303,28.734451903404228,-22.4744375436712,True,0,mapped,True,0.0
T049,L,144,T001,144,-23.142300160905545,28.45848747461676,-21.913626791846347,True,0,mapped,True,0.0
T049,L,145,T001,145,-22.314037578764243,28.03864988045022,-21.21245343184183,True,0,mapped,True,0.0
T049,L,146,T001,146,-21.54208472293189,27.548192293777003,-20.45939375543154,True,0,mapped,True,0.0
T049,L,147,T001,147,-20.947875104262096,27.08601525555602,-19.85655394430441,True,0,mapped,True,0.0
T049,L,148,T001,148,-20.27402148981101,26.573671019977198,-19.05400153485901,True,0,mapped,True,0.0
T049,L,149,T001,149,-19.795397008682265,25.9563306311292,-18.32329369863617,True,0,mapped,True,0.0
T049,L,150,T001,150,-19.226695003971138,25.33284218972204,-17.52819680899099,True,0,mapped,True,0.0
T049,L,151,T001,151,-18.90962985108328,24.64911111621676,-16.790950482598237,True,0,mapped,True,0.0
T049,L,152,T001,152,-18.73261573331024,23.92200035136748,-16.085748592959057,True,0,mapped,True,0.0
T049,L,153,T001,153,-18.66814521310948,23.150225219191928,-15.384765156475172,True,0,mapped,True,0.0
T049,L,154,T001,154,-31.433281932967898,30.69526481628418,-26.19594251886685,True,0,mapped,True,0.0
T049,L,155,T001,155,-30.331728643795547,30.747922632325928,-25.970806441430845,True,0,mapped,True,0.0
T049,L,156,T001,156,-29.136284900343654,30.591753479718257,-25.65057692869032,True,0,mapped,True,0.0
T049,L,157,T001,157,-27.88072899802652,30.33959173266566,-25.10028873463104,True,0,mapped,True,0.0
T049,L,158,T001,158,-26.89004412523408,30.05058609505252,-24.61011710153874,True,0,mapped,True,0.0
T049,L,159,T001,159,-25.90858897004788,29.75076954830356,-23.998486295807623,True,0,mapped,True,0.0
T049,L,160,T001,160,-25.11189818684551,29.42100597157457,-23.435723353343644,True,0,mapped,True,0.0
T049,L,161,T001,161,-24.05272633462902,29.119126216228867,-22.67028603160154,True,0,mapped,True,0.0
T049,L,162,T001,162,-23.33282177743755,28.77165697023952,-22.08302771616517,True,0,mapped,True,0.0
T049,L,163,T001,163,-22.508823735170356,28.390924545323685,-21.43705750509076,True,0,mapped,True,0.0
T049,L,164,T001,164,-21.633979429995087,27.880575590691272,-20.6829322568307,True,0,mapped,True,0.0
T049,L,165,T001,165,-20.94285610423435,27.398587261157537,-20.005888484826965,True,0,mapped,True,0.0
T049,L,166,T001,166,-20.3384621564984,26.95331949183251,-19.32910736152669,True,0,mapped,True,0.0
T049,L,167,T001,167,-19.779063512690037,26.34124305127163,-18.62075129064191,True,0,mapped,True,0.0
T049,L,168,T001,168,-19.31643932800521,25.72047893712365,-17.88800744034892,True,0,mapped,True,0.0
T049,L,169,T001,169,-18.850283696295246,25.007817492202868,-17.06349764592936,True,0,mapped,True,0.0
T049,L,170,T001,170,-18.52534857730127,24.3060331227901,-16.34645368238587,True,0,mapped,True,0.0
T049,L,171,T001,171,-18.49537849426269,23.54731891499661,-15.672999140745624,True,0,mapped,True,0.0
T049,L,172,T001,172,-30.679627255197747,30.97123766727549,-25.87646336437277,True,0,mapped,True,0.0
T049,L,173,T001,173,-29.49737116650553,30.913417761282084,-25.58013721026749,True,0,mapped,True,0.0
T049,L,174,T001,174,-28.260881396833284,30.561631546812293,-25.215911128570667,True,0,mapped,True,0.0
T049,L,175,T001,175,-27.157416251686357,30.27875050709592,-24.69850941181132,True,0,mapped,True,0.0
T049,L,176,T001,176,-26.14014921935788,30.0271574739861,-24.09630016685741,True,0,mapped,True,0.0
T049,L,177,T001,177,-25.23649983007455,29.82290910571732,-23.487001926247505,True,0,mapped,True,0.0
T049,L,178,T001,178,-24.333090178758518,29.486359301554398,-22.87385433221138,True,0,mapped,True,0.0
T049,L,179,T001,179,-23.49652564522834,29.16819987812213,-22.1992749715143,True,0,mapped,True,0.0
T049,L,180,T001,180,-22.70190078296261,28.82174892191805,-21.631622131457497,True,0,mapped,True,0.0
T049,L,181,T001,181,-21.806273319383877,28.347977807612214,-20.92331285571958,True,0,mapped,True,0.0
T049,L,182,T001,182,-21.05281133425669,27.85757100803784,-20.21833947269083,True,0,mapped,True,0.0
T049,L,183,T001,183,-20.424656837197688,27.30210058466276,-19.55355516432305,True,0,mapped,True,0.0
T049,L,184,T001,184,-19.794063657658405,26.726991403863487,-18.89473533283473,True,0,mapped,True,0.0
T049,L,185,T001,185,-19.27714650853996,26.08437777964831,-18.120482456554967,True,0,mapped,True,0.0
T049,L,186,T001,186,-18.894502748955325,25.473369271707643,-17.44102416327286,True,0,mapped,True,0.0
T049,L,187,T001,187,-18.501274539093814,24.73104171891949,-16.657860614976812,True,0,mapped,True,0.0
T049,L,188,T001,188,-18.47161536741082,23.9428834776204,-16.008608532560118,True,0,mapped,True,0.0
T049,L,189,T001,189,-29.94070086150885,31.165051498862663,-25.52268070589607,True,0,mapped,True,0.0
T049,L,190,T001,190,-28.76078371849175,30.91901560786402,-25.25814176701304,True,0,mapped,True,0.0
T049,L,191,T001,191,-27.508977456006622,30.63114656087281,-24.739136172712318,True,0,mapped,True,0.0
T049,L,192,T001,192,-26.485965094401138,30.36405039123754,-24.198515501677804,True,0,mapped,True,0.0
T049,L,193,T001,193,-25.527812349474928,30.10583681751738,-23.597413127191302,True,0,mapped,True,0.0
T049,L,194,T001,194,-24.553017365955792,29.82383706276132,-22.975115779861333,True,0,mapped,True,0.0
T049,L,195,T001,195,-23.65626562744475,29.52252061797585,-22.287327136318133,True,0,mapped,True,0.0
T049,L,196,T001,196,-22.7923553088728,29.14495458029376,-21.661770563201586,True,0,mapped,True,0.0
T049,L,197,T001,197,-22.007774444075,28.71044449908502,-21.08062519301941,True,0,mapped,True,0.0
T049,L,198,T001,198,-21.186059445192125,28.27527772074681,-20.426839951253,True,0,mapped,True,0.0
T049,L,199,T001,199,-20.45418522996033,27.70272994951697,-19.749145766089697,True,0,mapped,True,0.0
T049,L,200,T001,200,-19.849491361147894,27.07858923554176,-19.075782626068047,True,0,mapped,True,0.0
T049,L,201,T001,201,-19.2844431812285,26.568920821306676,-18.43431604814801,True,0,mapped,True,0.0
T049,L,202,T001,202,-18.803191752833733,25.91050580272877,-17.69869873359969,True,0,mapped,True,0.0
T049,L,203,T001,203,-18.42223975004939,25.0946079737186,-16.88737812196438,True,0,mapped,True,0.0
T049,L,204,T001,204,-18.260446218900867,24.370314581873597,-16.228368691683077,True,0,mapped,True,0.0
T049,L,205,T001,205,-29.17565726522261,31.295265197753903,-25.16074087393904,True,0,mapped,True,0.0
T049,L,206,T001,206,-27.948025272954048,30.97436600655328,-24.799197700339487,True,0,mapped,True,0.0
T049,L,207,T001,207,-26.84392779565214,30.698771784603508,-24.2683008518582,True,0,mapped,True,0.0
T049,L,208,T001,208,-25.81868153305725,30.49855880303,-23.64447673866348,True,0,mapped,True,0.0
T049,L,209,T001,209,-24.86851429694885,30.199743598881376,-23.09574685984381,True,0,mapped,True,0.0
T049,L,210,T001,210,-23.862845174190117,29.86741467736313,-22.38624194401076,True,0,mapped,True,0.0
T049,L,211,T001,211,-23.10407857273197,29.47252301149229,-21.85757039031308,True,0,mapped,True,0.0
T049,L,212,T001,212,-22.172885024286064,29.06396027780803,-21.18198438703902,True,0,mapped,True,0.0
T049,L,213,T001,213,-21.394366306565423,28.667159437636425,-20.631028769016247,True,0,mapped,True,0.0
T049,L,214,T001,214,-20.642472979561763,28.158730494957663,-20.00932974941168,True,0,mapped,True,0.0
T049,L,215,T001,215,-19.89998551378248,27.50468405666481,-19.29654031804516,True,0,mapped,True,0.0
T049,L,216,T001,216,-19.356049021509403,26.912875550308417,-18.652018253598648,True,0,mapped,True,0.0
T049,L,217,T001,217,-18.689687023528304,26.29335096015423,-17.913093273998616,True,0,mapped,True,0.0
T049,L,218,T001,218,-18.37811488930529,25.561194583770725,-17.214136955955215,True,0,mapped,True,0.0
T049,L,219,T001,219,-18.03720172680025,24.790014124850437,-16.44669680278996,True,0,mapped,True,0.0
T049,L,220,T001,220,-28.38788144099976,31.295265197753903,-24.76294522931772,True,0,mapped,True,0.0
T049,L,221,T001,221,-27.20164090429741,30.8952699655584,-24.379582005219767,True,0,mapped,True,0.0
T049,L,222,T001,222,-26.199340389812075,30.702649510049685,-23.82117097650322,True,0,mapped,True,0.0
T049,L,223,T001,223,-25.20153683604159,30.36110958166222,-23.268277396750378,True,0,mapped,True,0.0
T049,L,224,T001,224,-24.241342193672654,30.165717486411637,-22.557039582376632,True,0,mapped,True,0.0
T049,L,225,T001,225,-23.211494019927933,29.85097239670487,-21.832932757216348,True,0,mapped,True,0.0
T049,L,226,T001,226,-22.38723420205464,29.51141087838981,-21.254466758455376,True,0,mapped,True,0.0
T049,L,227,T001,227,-21.606089230111603,29.04982124106402,-20.759022751917524,True,0,mapped,True,0.0
T049,L,228,T001,228,-20.87965836412419,28.5540570600362,-20.236688790126927,True,0,mapped,True,0.0
T049,L,229,T001,229,-20.007860578192744,27.950131292305297,-19.531205437683763,True,0,mapped,True,0.0
T049,L,230,T001,230,-19.35058262134873,27.348021384773205,-18.86201514922218,True,0,mapped,True,0.0
T049,L,231,T001,231,-18.78506064256048,26.703739308319257,-18.186630749904417,True,0,mapped,True,0.0
T049,L,232,T001,232,-18.36342219020254,25.95606844167069,-17.496729887355215,True,0,mapped,True,0.0
T049,L,233,T001,233,-17.89537811279297,25.22264412189953,-16.68595756033075,True,0,mapped,True,0.0
T049,L,234,T001,234,-27.61388048089665,31.295265197753903,-24.344639477006048,True,0,mapped,True,0.0
T049,L,235,T001,235,-26.592707657305056,30.913901571233144,-23.943029773338523,True,0,mapped,True,0.0
T049,L,236,T001,236,-25.53362238662195,30.65739274279095,-23.29815794786493,True,0,mapped,True,0.0
T049,L,237,T001,237,-24.52772641573236,30.407772120644868,-22.694175355067905,True,0,mapped,True,0.0
T049,L,238,T001,238,-23.511175995740984,30.15474576294285,-21.922289470491023,True,0,mapped,True,0.0
T049,L,239,T001,239,-22.664615651975087,29.716533492115456,-21.42182603589904,True,0,mapped,True,0.0
T049,L,240,T001,240,-21.68924469991471,29.483919413718557,-20.781753873756912,True,0,mapped,True,0.0
T049,L,241,T001,241,-20.956165455908128,28.96917087347224,-20.279649139730992,True,0,mapped,True,0.0
T049,L,242,T001,242,-20.189398237298786,28.387348934397306,-19.73852180811768,True,0,mapped,True,0.0
T049,L,243,T001,243,-19.454194604156527,27.729520044952487,-19.048693294130185,True,0,mapped,True,0.0
T049,L,244,T001,244,-18.917003830895304,27.094796836862454,-18.442754156573866,True,0,mapped,True,0.0
T049,L,245,T001,245,-18.30905338474401,26.43941846361628,-17.764272167600428,True,0,mapped,True,0.0
T049,L,246,T001,246,-17.89537811279297,25.644462693102803,-16.997292932090012,True,0,mapped,True,0.0
T049,L,247,T001,247,-26.914720656162363,31.295265197753903,-23.8336774901001,True,0,mapped,True,0.0
T049,L,248,T001,248,-25.92573851784965,30.97767679898092,-23.34254797432232,True,0,mapped,True,0.0
T049,L,249,T001,249,-24.895903616957472,30.684125446859856,-22.795782536316857,True,0,mapped,True,0.0
T049,L,250,T001,250,-23.84983579901758,30.412943011356106,-22.04262551566555,True,0,mapped,True,0.0
T049,L,251,T001,251,-22.917542476517813,30.113298171170207,-21.48482339933709,True,0,mapped,True,0.0
T049,L,252,T001,252,-22.0447684560128,29.79099267122086,-20.92088022788908,True,0,mapped,True,0.0
T049,L,253,T001,253,-21.068439878117456,29.495759883974863,-20.29764787137265,True,0,mapped,True,0.0
T049,L,254,T001,254,-20.295776854837086,28.899738778150347,-19.79281869135713,True,0,mapped,True,0.0
T049,L,255,T001,255,-19.52484991398294,28.18590029722666,-19.205971807991908,True,0,mapped,True,0.0
T049,L,256,T001,256,-18.870128103025667,27.526170060853765,-18.58678395677598,True,0,mapped,True,0.0
T049,L,257,T001,257,-18.286847181278866,26.849287238501255,-17.928140250490973,True,0,mapped,True,0.0
T049,L,258,T001,258,-17.89537811279297,26.078672611427358,-17.29216094518837,True,0,mapped,True,0.0
T049,L,259,T001,259,-26.242740200963965,31.29526519775391,-23.286238674782687,True,0,mapped,True,0.0
T049,L,260,T001,260,-25.27514330607866,30.971806403974533,-22.806499490122217,True,0,mapped,True,0.0
T049,L,261,T001,261,-24.211669012004457,30.677542740367397,-22.167227255371373,True,0,mapped,True,0.0
T049,L,262,T001,262,-23.176953481876584,30.41000744595097,-21.50545580935328,True,0,mapped,True,0.0
T049,L,263,T001,263,-22.26305409808904,30.052623222067893,-20.95594618457526,True,0,mapped,True,0.0
T049,L,264,T001,264,-21.33407111148526,29.770898237588963,-20.395309561128165,True,0,mapped,True,0.0
T049,L,265,T001,265,-20.482690087864277,29.291601749464515,-19.867690212128693,True,0,mapped,True,0.0
T049,L,266,T001,266,-19.691929569537,28.68077619988054,-19.36926211367072,True,0,mapped,True,0.0
T049,L,267,T001,267,-19.057957744572263,27.939467980205134,-18.80389508798702,True,0,mapped,True,0.0
T049,L,268,T001,268,-18.294476379191757,27.26117574039561,-18.133226454133357,True,0,mapped,True,0.0
T049,L,269,T001,269,-17.89537811279297,26.54854666089756,-17.525889901466797,True,0,mapped,True,0.0
T049,L,270,T001,270,-25.58363528802255,31.295265197753903,-22.700170134177963,True,0,mapped,True,0.0
T049,L,271,T001,271,-24.6335615456637,31.09565049124144,-22.17395977001904,True,0,mapped,True,0.0
T049,L,272,T001,272,-23.56404131570153,30.69761155532696,-21.661488753440327,True,0,mapped,True,0.0
T049,L,273,T001,273,-22.5940686673708,30.37525387656257,-21.049827369990016,True,0,mapped,True,0.0
T049,L,274,T001,274,-21.666141170575983,30.10349016780554,-20.49768077578117,True,0,mapped,True,0.0
T049,L,275,T001,275,-20.670199155143,29.770560355353748,-19.89294803736624,True,0,mapped,True,0.0
T049,L,276,T001,276,-19.914615966029825,29.213731199113028,-19.456347109958276,True,0,mapped,True,0.0
T049,L,277,T001,277,-19.18220879356331,28.53722786669096,-18.95198182014291,True,0,mapped,True,0.0
T049,L,278,T001,278,-18.428314039425413,27.713249924628904,-18.37209421788708,True,0,mapped,True,0.0
T049,L,279,T001,279,-17.89537811279297,27.03096717570365,-17.73307880928497,True,0,mapped,True,0.0
T049,L,280,T001,280,-24.907076606828504,31.295265197753903,-22.13989830670905,True,0,mapped,True,0.0
T049,L,281,T001,281,-23.87947968807745,31.06071704809083,-21.563193107916728,True,0,mapped,True,0.0
T049,L,282,T001,282,-22.91163969566687,30.60438514553473,-21.14234339398325,True,0,mapped,True,0.0
T049,L,283,T001,283,-21.935723141335345,30.30050525999485,-20.617484814946483,True,0,mapped,True,0.0
T049,L,284,T001,284,-20.895937209790333,30.06317247618001,-19.944476326138798,True,0,mapped,True,0.0
T049,L,285,T001,285,-20.12915812469255,29.65223768555153,-19.46065246616259,True,0,mapped,True,0.0
T049,L,286,T001,286,-19.25691309683444,29.051939982144383,-18.92019286237636,True,0,mapped,True,0.0
T049,L,287,T001,287,-18.60270721671056,28.259566469659894,-18.517583252941584,True,0,mapped,True,0.0
T049,L,288,T001,288,-17.907189437102776,27.521901320497065,-17.909128089013056,True,0,mapped,True,0.0
T049,L,289,T001,289,-24.22404363289392,31.295265197753903,-21.581887515379503,True,0,mapped,True,0.0
T049,L,290,T001,290,-23.304836399629124,31.0389775798363,-21.124624922840876,True,0,mapped,True,0.0
T049,L,291,T001,291,-22.25875667511957,30.61327133279341,-20.64188261575944,True,0,mapped,True,0.0
T049,L,292,T001,292,-21.25141088088766,30.347339291971878,-20.03932942320069,True,0,mapped,True,0.0
T049,L,293,T001,293,-20.33529534289937,30.01785842906161,-19.4438776678205,True,0,mapped,True,0.0
T049,L,294,T001,294,-19.455373345946093,29.416510019768552,-18.977364928407248,True,0,mapped,True,0.0
T049,L,295,T001,295,-18.726043616802997,28.841845294686703,-18.51520144360156,True,0,mapped,True,0.0
T049,L,296,T001,296,-17.985017415279692,27.97977633943728,-18.07200304381219,True,0,mapped,True,0.0
T049,L,297,T001,297,-23.53877342872212,31.295265197753903,-21.027217011767213,True,0,mapped,True,0.0
T049,L,298,T001,298,-22.600740028896112,30.93052611146523,-20.65943268165216,True,0,mapped,True,0.0
T049,L,299,T001,299,-21.555852906445352,30.624464189761213,-20.071434112957437,True,0,mapped,True,0.0
T049,L,300,T001,300,-20.571309809945348,30.260620526303107,-19.48946758207896,True,0,mapped,True,0.0
T049,L,301,T001,301,-19.676294195195084,29.909416367435465,-18.900123582910798,True,0,mapped,True,0.0
T049,L,302,T001,302,-18.818548646788248,29.29940700617263,-18.43896055481676,True,0,mapped,True,0.0
T049,L,303,T001,303,-18.11954833237842,28.48614225365327,-18.08919906616211,True,0,mapped,True,0.0
T049,L,304,T001,304,-22.85363629076584,31.295265197753903,-20.470931753386964,True,0,mapped,True,0.0
T049,L,305,T001,305,-21.94915759763817,31.060067164850835,-19.96347250320981,True,0,mapped,True,0.0
T049,L,306,T001,306,-20.877548721386518,30.618725080018372,-19.45763178516357,True,0,mapped,True,0.0
T049,L,307,T001,307,-19.937543800735725,30.172115308325026,-18.955117499674863,True,0,mapped,True,0.0
T049,L,308,T001,308,-19.024340943529737,29.6396628403606,-18.46165380469869,True,0,mapped,True,0.0
T049,L,309,T001,309,-18.25295580451832,28.99400431448032,-18.08919906616211,True,0,mapped,True,0.0
T049,L,310,T001,310,-22.182052831443805,31.295265197753903,-19.89842322171756,True,0,mapped,True,0.0
T049,L,311,T001,311,-21.3065808414165,31.07747496697852,-19.426923326813025,True,0,mapped,True,0.0
T049,L,312,T001,312,-20.192456191633475,30.521366202871302,-18.90667117911613,True,0,mapped,True,0.0
T049,L,313,T001,313,-19.19973473681261,30.08577357746485,-18.410192134440408,True,0,mapped,True,0.0
T049,L,314,T001,314,-18.439114331952805,29.48349490941264,-18.089199066162116,True,0,mapped,True,0.0
T049,L,315,T001,315,-21.50583057150571,31.295265197753903,-19.339250932031277,True,0,mapped,True,0.0
T049,L,316,T001,316,-20.59595757498672,30.984962983037214,-18.81994926777081,True,0,mapped,True,0.0
T049,L,317,T001,317,-19.56606780113364,30.46708493771017,-18.44640482185607,True,0,mapped,True,0.0
T049,L,318,T001,318,-18.62561740248787,29.97167400274563,-18.08919906616211,True,0,mapped,True,0.0
T049,L,319,T001,319,-20.87190298092175,31.295265197753903,-18.72684689902989,True,0,mapped,True,0.0
T049,L,320,T001,320,-19.832528301479694,30.85950175090527,-18.396596054045904,True,0,mapped,True,0.0
T049,L,321,T001,321,-18.912380556942264,30.410052365253208,-18.089199066162116,True,0,mapped,True,0.0
T049,L,322,T001,322,-20.105597950756067,31.295265197753903,-18.294912497065216,True,0,mapped,True,0.0
T049,L,323,T001,323,-19.101435768614994,30.84608914299596,-18.009138099434686,True,0,mapped,True,0.0
T049,L,324,T001,324,-19.29537773132324,31.295265197753903,-17.96717071533203,True,0,mapped,True,0.0
T049,L,325,T002,25,-35.249663692949646,28.60656702377157,-27.18924528397374,True,2,smooth_near_vertex,True,0.0
T049,L,326,T002,26,-34.46406845467126,28.589172049097925,-27.381779554766567,True,0,mapped,True,0.0
T049,L,327,T002,27,-33.2598724170143,28.47839133538336,-27.46314982730821,True,0,mapped,True,0.0
T049,L,328,T002,28,-32.12531251180345,28.371017207754,-27.39434347003776,True,0,mapped,True,0.0
T049,L,329,T002,29,-31.00441932322887,28.28924634272827,-27.09465485806869,True,0,mapped,True,0.0
T049,L,330,T002,30,-29.988474703495505,28.235742841349214,-26.59589316332428,True,0,mapped,True,0.0
T049,L,331,T002,31,-29.07997540683964,28.081846382827436,-25.89206027669947,True,0,mapped,True,0.0
T049,L,332,T002,32,-28.297144560942517,28.049324338062007,-25.013736720501083,True,0,mapped,True,0.0
T049,L,333,T002,33,-27.55153265842593,28.056050596404138,-24.19128457500181,True,0,mapped,True,0.0
T049,L,334,T002,34,-26.8443414230476,27.996091068530674,-23.35141107170421,True,0,mapped,True,0.0
T049,L,335,T002,35,-26.07336435627278,27.80655309764589,-22.698282726959384,True,0,mapped,True,0.0
T049,L,336,T002,36,-25.38759109718077,27.56940436211625,-21.9139021583988,True,0,mapped,True,0.0
T049,L,337,T002,37,-24.649166902045355,27.237992190767446,-21.28242489254256,True,0,mapped,True,0.0
T049,L,338,T002,38,-23.979160366915647,26.907792577037668,-20.580621724327237,True,0,mapped,True,0.0
T049,L,339,T002,39,-23.375993599688307,26.622488326756347,-19.789094225005726,True,0,mapped,True,0.0
T049,L,340,T002,40,-22.78182207306244,26.25869528156728,-19.03873423033085,True,0,mapped,True,0.0
T049,L,341,T002,41,-22.169756968817243,25.83368012938053,-18.27890123443651,True,0,mapped,True,0.0
T049,L,342,T002,42,-21.574150632691083,25.28461242444293,-17.512251825048324,True,0,mapped,True,0.0
T049,L,343,T002,43,-21.02037836009264,24.70839069996993,-16.79447920979461,True,0,mapped,True,0.0
T049,L,344,T002,44,-20.534887902131576,24.12085892577922,-16.094324179198196,True,0,mapped,True,0.0
T049,L,345,T002,45,-20.240647284586167,23.457218696655588,-15.243503999140811,True,0,mapped,True,0.0
T049,L,346,T002,46,-19.968441561804475,22.703240233625323,-14.442363414508486,True,0,mapped,True,0.0
T049,L,347,T002,47,-19.822333014002982,22.03349765566436,-13.667054516144358,True,0,mapped,True,0.0
T049,L,348,T002,48,-19.525409156426782,21.239843144410305,-13.089198112487791,True,0,mapped,True,0.0
T049,L,348,T004,23,-19.52540915642678,21.2398431444103,-13.089198112487791,True,0,mapped,False,5.0242958677880805e-15
T049,L,349,T002,49,-34.34120079965039,28.495264053344727,-27.41836145842955,True,0,mapped,True,0.0
T049,L,350,T002,50,-33.133969752454306,28.37169192753929,-27.49236924160258,True,0,mapped,True,0.0
T049,L,351,T002,51,-32.033645263753144,28.04878474280138,-27.448175512206145,True,0,mapped,True,0.0
T049,L,352,T002,52,-30.97408889113254,27.843047694492483,-27.083919859437124,True,0,mapped,True,0.0
T049,L,353,T002,53,-30.023473374305414,27.84040900813755,-26.471231191946806,True,0,mapped,True,0.0
T049,L,354,T002,54,-29.104399245131155,27.85539252384733,-25.72279366981041,True,0,mapped,True,0.0
T049,L,355,T002,55,-28.447990539783447,27.827586598397435,-24.817505508337653,True,0,mapped,True,0.0
T049,L,356,T002,56,-27.868539122975896,27.90456813841184,-24.040966572916656,True,0,mapped,True,0.0
T049,L,357,T002,57,-27.1910852077675,27.975476403256128,-23.153975945717416,True,0,mapped,True,0.0
T049,L,358,T002,58,-26.56638087636469,27.87784970415009,-22.378956501076363,True,0,mapped,True,0.0
T049,L,359,T002,59,-25.894508238456847,27.697289564828814,-21.53235695534444,True,0,mapped,True,0.0
T049,L,360,T002,60,-25.144525656810984,27.423209666085057,-20.833773643259168,True,0,mapped,True,0.0
T049,L,361,T002,61,-24.413450180037053,27.134143104419834,-20.07927218366528,True,0,mapped,True,0.0
T049,L,362,T002,62,-23.836676633532445,26.876706241037,-19.34961639855388,True,0,mapped,True,0.0
T049,L,363,T002,63,-23.257654146816,26.6024949072184,-18.63093197409793,True,0,mapped,True,0.0
T049,L,364,T002,64,-22.686258985248067,26.277153381413125,-17.890490434210363,True,0,mapped,True,0.0
T049,L,365,T002,65,-22.063891783981223,25.788522856690367,-17.08330153213397,True,0,mapped,True,0.0
T049,L,366,T002,66,-21.49447827409742,25.179781483215702,-16.3095643376146,True,0,mapped,True,0.0
T049,L,367,T002,67,-21.00699474524412,24.63542972897178,-15.53330613060372,True,0,mapped,True,0.0
T049,L,368,T002,68,-20.675684983754277,23.972748825489514,-14.804725488339324,True,0,mapped,True,0.0
T049,L,369,T002,69,-20.40481387731413,23.344463943004016,-14.03348340849998,True,0,mapped,True,0.0
T049,L,370,T002,70,-20.21527465506042,22.6021707771769,-13.378697033801595,True,0,mapped,True,0.0
T049,L,371,T002,71,-20.07051378953805,21.94885886663149,-12.778980708608596,True,0,mapped,True,0.0
T049,L,371,T004,22,-20.07051378953805,21.948858866631493,-12.778980708608596,True,0,mapped,False,3.552713678800501e-15
T049,L,372,T002,72,-33.05841846985687,28.258304791878352,-27.51496258470092,True,0,mapped,True,0.0
T049,L,373,T002,73,-32.09995456498581,27.692328963954736,-27.54022729954068,True,0,mapped,True,0.0
T049,L,374,T002,74,-30.9883214868852,27.465047680107396,-27.04454918616385,True,0,mapped,True,0.0
T049,L,375,T002,75,-30.11594635059303,27.54984343086369,-26.324645869211885,True,0,mapped,True,0.0
T049,L,376,T002,76,-29.28890453937713,27.595086295519472,-25.567559796213395,True,0,mapped,True,0.0
T049,L,377,T002,77,-28.67429288781384,27.72152375040912,-24.593751787742047,True,0,mapped,True,0.0
T049,L,378,T002,78,-28.188003157633112,27.868479463768765,-23.80065422267425,True,0,mapped,True,0.0
T049,L,379,T002,79,-27.502404506872093,28.041008692856582,-23.039731642693862,True,0,mapped,True,0.0
T049,L,380,T002,80,-26.980728770250703,28.123298285454112,-22.175744280198007,True,0,mapped,True,0.0
T049,L,381,T002,81,-26.301481091816825,28.086338356702385,-21.27351812859549,True,0,mapped,True,0.0
T049,L,382,T002,82,-25.59825299281026,27.92071550338368,-20.488735970924765,True,0,mapped,True,0.0
T049,L,383,T002,83,-24.870402633628174,27.67084977264471,-19.727094145281274,True,0,mapped,True,0.0
T049,L,384,T002,84,-24.17013580588095,27.414162820466395,-18.97292373849875,True,0,mapped,True,0.0
T049,L,385,T002,85,-23.52916664464568,27.08596223213571,-18.27982501468764,True,0,mapped,True,0.0
T049,L,386,T002,86,-22.99434837179313,26.89656747667913,-17.57790872672794,True,0,mapped,True,0.0
T049,L,387,T002,87,-22.26095655866249,26.58545427814846,-16.76613683727357,True,0,mapped,True,0.0
T049,L,388,T002,88,-21.5822832645282,25.980886506313837,-15.948030932681572,True,0,mapped,True,0.0
T049,L,389,T002,89,-21.01935211116477,25.33708141552342,-15.064181511346662,True,0,mapped,True,0.0
T049,L,390,T002,90,-20.669729979124543,24.85110031075397,-14.39324871384474,True,0,mapped,True,0.0
T049,L,391,T002,91,-20.34830441058662,24.077616725485303,-13.603381574053422,True,0,mapped,True,0.0
T049,L,392,T002,92,-20.13954253915154,23.45768474260656,-12.94144140199282,True,0,mapped,True,0.0
T049,L,393,T002,93,-19.989059548557453,22.694862101445125,-12.28919792175293,True,0,mapped,True,0.0
T049,L,393,T004,21,-19.989059548557453,22.69486210144512,-12.28919792175293,True,0,mapped,False,3.552713678800501e-15
T049,L,394,T002,94,-32.10910561117115,27.308991802284787,-27.587491989921133,True,0,mapped,True,0.0
T049,L,395,T002,95,-31.07037824143329,27.252772977770416,-27.014262620941427,True,0,mapped,True,0.0
T049,L,396,T002,96,-30.200655614202933,27.29737853249005,-26.19086079482742,True,0,mapped,True,0.0
T049,L,397,T002,97,-29.451483501536917,27.438091737079564,-25.23801969714839,True,0,mapped,True,0.0
T049,L,398,T002,98,-28.94376254042,27.74458742512451,-24.29120704078295,True,0,mapped,True,0.0
T049,L,399,T002,99,-28.42589031954315,27.98961965737954,-23.50667316174994,True,0,mapped,True,0.0
T049,L,400,T002,100,-27.87827373481585,28.250882350488595,-22.814903808733963,True,0,mapped,True,0.0
T049,L,401,T002,101,-27.365667662381263,28.446145247422493,-21.99887665778808,True,0,mapped,True,0.0
T049,L,402,T002,102,-26.639920938831743,28.428829853942517,-21.15854243451043,True,0,mapped,True,0.0
T049,L,403,T002,103,-26.08585665870012,28.424101680053163,-20.33809896605139,True,0,mapped,True,0.0
T049,L,404,T002,104,-25.42077008640225,28.29264938617956,-19.548622053703184,True,0,mapped,True,0.0
T049,L,405,T002,105,-24.656297852186263,28.09019799968513,-18.72612991165775,True,0,mapped,True,0.0
T049,L,406,T002,106,-23.9582167054738,27.937030287080844,-17.94925474465107,True,0,mapped,True,0.0
T049,L,407,T002,107,-23.12857531827793,27.61918234701089,-17.138176337359486,True,0,mapped,True,0.0
T049,L,408,T002,108,-22.276444387845928,27.266200196826016,-16.389064950376653,True,0,mapped,True,0.0
T049,L,409,T002,109,-21.525294326976937,26.85586835290828,-15.657275446823045,True,0,mapped,True,0.0
T049,L,410,T002,110,-20.883960159147197,26.298206612212724,-14.904175820349472,True,0,mapped,True,0.0
T049,L,411,T002,111,-20.413083890429657,25.52895540653548,-14.12817455127853,True,0,mapped,True,0.0
T049,L,412,T002,112,-19.97621896991035,24.867913568275934,-13.3319186835043,True,0,mapped,True,0.0
T049,L,413,T002,113,-19.658408757156053,24.133768418647083,-12.563365272346092,True,0,mapped,True,0.0
T049,L,414,T002,114,-19.47728830762804,23.31564257857806,-11.784726722314147,True,0,mapped,True,0.0
T049,L,414,T004,20,-19.47728830762804,23.315642578578057,-11.784726722314147,True,0,mapped,False,3.552713678800501e-15
T049,L,415,T002,115,-31.17156282242898,26.895265579223636,-26.86270340379001,True,0,mapped,True,0.0
T049,L,416,T002,116,-30.33263628076626,27.035965690142948,-25.9608850282769,True,0,mapped,True,0.0
T049,L,417,T002,117,-29.70780128741771,27.33581321000363,-24.962529792352804,True,0,mapped,True,0.0
T049,L,418,T002,118,-29.2977428420263,27.812116744004086,-24.02686719257894,True,0,mapped,True,0.0
T049,L,419,T002,119,-28.78116103704862,28.101206029841705,-23.326989608104117,True,0,mapped,True,0.0
T049,L,420,T002,120,-28.22273180428604,28.454764313874016,-22.692776322475098,True,0,mapped,True,0.0
T049,L,421,T002,121,-27.66637370679739,28.723748173416176,-21.80271274429889,True,0,mapped,True,0.0
T049,L,422,T002,122,-27.031960108973173,28.78561106321063,-20.963506085933812,True,0,mapped,True,0.0
T049,L,423,T002,123,-26.44657473565128,28.75819870159837,-20.17877014856872,True,0,mapped,True,0.0
T049,L,424,T002,124,-25.887104479336475,28.70674047367888,-19.35331362097753,True,0,mapped,True,0.0
T049,L,425,T002,125,-25.180320874993647,28.636349835152465,-18.452018448135178,True,0,mapped,True,0.0
T049,L,426,T002,126,-24.42629488435252,28.578686096950527,-17.59123376669774,True,0,mapped,True,0.0
T049,L,427,T002,127,-23.578412078804888,28.423731748704256,-16.75187603581955,True,0,mapped,True,0.0
T049,L,428,T002,128,-22.539057280114054,28.139377750810144,-15.913553914202668,True,0,mapped,True,0.0
T049,L,429,T002,129,-21.604117353016363,27.692844484428537,-15.19955715378821,True,0,mapped,True,0.0
T049,L,430,T002,130,-20.862413344164366,27.155280176307684,-14.663136056731467,True,0,mapped,True,0.0
T049,L,431,T002,131,-20.061967759082638,26.510885519183137,-13.817664897024123,True,0,mapped,True,0.0
T049,L,432,T002,132,-19.56634093447757,25.653481165811968,-13.09658230134573,True,0,mapped,True,0.0
T049,L,433,T002,133,-19.12656849675021,24.78515959042729,-12.27452193922166,True,0,mapped,True,0.0
T049,L,434,T002,134,-18.815451616505715,23.9417197618665,-11.42697094632362,True,0,mapped,True,0.0
T049,L,434,T004,19,-18.815451616505715,23.941719761866505,-11.42697094632362,True,0,mapped,False,3.552713678800501e-15
T049,L,435,T002,135,-30.511711071742884,26.895265579223636,-25.713431289444607,True,0,mapped,True,0.0
T049,L,436,T002,136,-30.06133038918962,27.34335790230061,-24.6572068751394,True,0,mapped,True,0.0
T049,L,437,T002,137,-29.632568101548465,27.86454553346295,-23.854276430605672,True,0,mapped,True,0.0
T049,L,438,T002,138,-29.131490265561723,28.26938582617087,-23.140014841456697,True,0,mapped,True,0.0
T049,L,439,T002,139,-28.529930195402898,28.70749765920181,-22.501553981309463,True,0,mapped,True,0.0
T049,L,440,T002,140,-28.03222363955665,28.953522041650487,-21.681008635740177,True,0,mapped,True,0.0
T049,L,441,T002,141,-27.513478607945604,29.076845196298507,-20.67736041351853,True,0,mapped,True,0.0
T049,L,442,T002,142,-26.93155125285287,29.04484232136799,-19.947328253333765,True,0,mapped,True,0.0
T049,L,443,T002,143,-26.3879979999584,29.022053624361057,-19.03778411798277,True,0,mapped,True,0.0
T049,L,444,T002,144,-25.745197377668088,28.992541642936963,-18.1285164508588,True,0,mapped,True,0.0
T049,L,445,T002,145,-24.983759998862315,28.98593471720351,-17.324897188477227,True,0,mapped,True,0.0
T049,L,446,T002,146,-24.18058509875702,28.95288655019236,-16.38024730606114,True,0,mapped,True,0.0
T049,L,447,T002,147,-23.058711779863295,28.75738871287408,-15.47009189495907,True,0,mapped,True,0.0
T049,L,448,T002,148,-22.00779593916037,28.43874245511492,-14.641895286160947,True,0,mapped,True,0.0
T049,L,449,T002,149,-21.09252231627397,27.923564495970133,-14.01821303313668,True,0,mapped,True,0.0
T049,L,450,T002,150,-20.078617112556397,27.32559286832156,-13.372651026106164,True,0,mapped,True,0.0
T049,L,451,T002,151,-19.216964709547323,26.603404156234937,-12.706143924871997,True,0,mapped,True,0.0
T049,L,452,T002,152,-18.684691468123148,25.6228491770141,-11.965699300248342,True,0,mapped,True,0.0
T049,L,453,T002,153,-18.267481748086063,24.634160785865603,-11.054662850622028,True,0,mapped,True,0.0
T049,L,453,T004,18,-18.267481748086063,24.634160785865603,-11.05466285062203,True,0,mapped,False,1.7763568394002505e-15
T049,L,454,T002,154,-30.49537849426269,27.37486659220312,-24.475008788804168,True,0,mapped,True,0.0
T049,L,455,T002,155,-30.03195202239858,28.0300625063727,-23.635031246392632,True,0,mapped,True,0.0
T049,L,456,T002,156,-29.392673918435243,28.49296777920319,-22.96971762420023,True,0,mapped,True,0.0
T049,L,457,T002,157,-29.03386324346576,28.972833918773468,-22.29182897871572,True,0,mapped,True,0.0
T049,L,458,T002,158,-28.544806876230343,29.229638942405263,-21.43430442305325,True,0,mapped,True,0.0
T049,L,459,T002,159,-27.955326732619863,29.208538749550637,-20.42966000136851,True,0,mapped,True,0.0
T049,L,460,T002,160,-27.42239086831927,29.145295207879126,-19.5168317375259,True,0,mapped,True,0.0
T049,L,461,T002,161,-26.834038088479588,29.12005906174746,-18.67859828733502,True,0,mapped,True,0.0
T049,L,462,T002,162,-26.247682889307715,29.092298800371964,-17.83496520009567,True,0,mapped,True,0.0
T049,L,463,T002,163,-25.69236877519563,29.191646125297503,-17.051601274734367,True,0,mapped,True,0.0
T049,L,464,T002,164,-24.801865898069323,29.256935169718894,-15.961472163314856,True,0,mapped,True,0.0
T049,L,465,T002,165,-23.813726664940468,29.209574258627708,-14.86251949845811,True,0,mapped,True,0.0
T049,L,466,T002,166,-22.612175060369687,28.91535465550209,-13.924719157151625,True,0,mapped,True,0.0
T049,L,467,T002,167,-21.518803579092577,28.42741856613029,-13.166527247243115,True,0,mapped,True,0.0
T049,L,468,T002,168,-20.51841089711948,27.877473665161972,-12.428787856158255,True,0,mapped,True,0.0
T049,L,469,T002,169,-19.466921157312814,27.10806436507172,-11.796592585220337,True,0,mapped,True,0.0
T049,L,470,T002,170,-18.61255280276377,26.3032945235038,-11.205978707963492,True,0,mapped,True,0.0
T049,L,471,T002,171,-18.04378224177349,25.424150878547685,-10.532515795179402,True,0,mapped,True,0.0
T049,L,471,T004,17,-18.04378224177349,25.42415087854768,-10.5325157951794,True,0,mapped,False,3.972054645195637e-15
T049,L,472,T002,172,-30.49537849426269,28.244606705381827,-23.448833816665,True,0,mapped,True,0.0
T049,L,473,T002,173,-29.82564554839078,28.83052455396811,-22.71572806833776,True,0,mapped,True,0.0
T049,L,474,T002,174,-29.481121729673063,29.21535307367914,-22.034280734573056,True,0,mapped,True,0.0
T049,L,475,T002,175,-29.09568463476614,29.305658458350795,-21.06639783073309,True,0,mapped,True,0.0
T049,L,476,T002,176,-28.47183784132388,29.230517667264543,-20.15106518563833,True,0,mapped,True,0.0
T049,L,477,T002,177,-27.9481257779777,29.115755292862385,-19.275519002308386,True,0,mapped,True,0.0
T049,L,478,T002,178,-27.45337705259492,29.06456472752512,-18.3695344787756,True,0,mapped,True,0.0
T049,L,479,T002,179,-26.89185897328791,29.06309343968703,-17.510031911892007,True,0,mapped,True,0.0
T049,L,480,T002,180,-26.49849532629204,29.1291267698735,-16.57779262792681,True,0,mapped,True,0.0
T049,L,481,T002,181,-25.73654660564968,29.29879527354765,-15.515478595183335,True,0,mapped,True,0.0
T049,L,482,T002,182,-24.719702952259357,29.310251141537087,-14.11907101616275,True,0,mapped,True,0.0
T049,L,483,T002,183,-23.611822727007688,29.00529796229129,-13.041122843234309,True,0,mapped,True,0.0
T049,L,484,T002,184,-22.49029379285913,28.51242463502917,-12.206643163794393,True,0,mapped,True,0.0
T049,L,485,T002,185,-21.309329054322674,27.86203443211723,-11.670029252016114,True,0,mapped,True,0.0
T049,L,486,T002,186,-20.27994700503113,27.07030990024663,-11.065312287273851,True,0,mapped,True,0.0
T049,L,487,T002,187,-19.336128481710684,26.234876531875088,-10.394792964004171,True,0,mapped,True,0.0
T049,L,488,T002,188,-18.467738219484445,25.478948176582936,-9.709832324181944,True,0,mapped,True,0.0
T049,L,488,T004,16,-18.46773821948444,25.47894817658293,-9.70983232418194,True,0,mapped,False,1.0658141036401503e-14
T049,L,489,T002,189,-30.384273104067475,29.094029581178283,-22.521302998259017,True,0,mapped,True,0.0
T049,L,490,T002,190,-29.898154057827487,29.422171646348595,-21.62689778731329,True,0,mapped,True,0.0
T049,L,491,T002,191,-29.559888651730574,29.2563800749557,-20.865534777839493,True,0,mapped,True,0.0
T049,L,492,T002,192,-29.002160425111253,29.068327954072775,-19.8996919828181,True,0,mapped,True,0.0
T049,L,493,T002,193,-28.535910136658305,28.90209421015209,-19.021475708149943,True,0,mapped,True,0.0
T049,L,494,T002,194,-27.99034693550377,28.840683950611563,-18.19518047758968,True,0,mapped,True,0.0
T049,L,495,T002,195,-27.48270353994229,28.880352248593542,-17.396394169247948,True,0,mapped,True,0.0
T049,L,496,T002,196,-27.070578687076573,28.86016006325382,-16.257131847855785,True,0,mapped,True,0.0
T049,L,497,T002,197,-26.61646528946484,28.947962651174336,-15.136148521138098,True,0,mapped,True,0.0
T049,L,498,T002,198,-25.761572194020548,29.04616887170368,-13.764678830915445,True,0,mapped,True,0.0
T049,L,499,T002,199,-24.688000588165306,28.78602814733043,-12.45627175817339,True,0,mapped,True,0.0
T049,L,500,T002,200,-23.400416902894637,28.15902112547901,-11.628336718143036,True,0,mapped,True,0.0
T049,L,501,T002,201,-22.21900430408332,27.42838327962607,-11.157397274606533,True,0,mapped,True,0.0
T049,L,502,T002,202,-21.08197364734342,26.654448252821265,-10.756489245713398,True,0,mapped,True,0.0
T049,L,503,T002,203,-20.1224819671573,25.96504386951973,-10.226840969639085,True,0,mapped,True,0.0
T049,L,504,T002,204,-19.39093110516936,25.37503863574676,-9.489197731018066,True,0,mapped,True,0.0
T049,L,504,T004,15,-19.39093110516936,25.37503863574676,-9.489197731018066,True,0,mapped,False,0.0
T049,L,505,T002,205,-30.50193123015027,29.43801287070961,-21.30238718186992,True,0,mapped,True,0.0
T049,L,506,T002,206,-30.03734608100823,29.00848065030157,-20.525123789206987,True,0,mapped,True,0.0
T049,L,507,T002,207,-29.52397452576024,28.66662396579236,-19.57450501258665,True,0,mapped,True,0.0
T049,L,508,T002,208,-29.041711789836143,28.475159372831584,-18.75504991740741,True,0,mapped,True,0.0
T049,L,509,T002,209,-28.53363088339417,28.40256639042596,-17.99757598888717,True,0,mapped,True,0.0
T049,L,510,T002,210,-28.149485080977165,28.33787187455146,-17.13370903828391,True,0,mapped,True,0.0
T049,L,511,T002,211,-27.74526253047061,28.297183631436145,-15.878479997638404,True,0,mapped,True,0.0
T049,L,512,T002,212,-27.329340445400355,28.30307219835321,-14.689933570537848,True,0,mapped,True,0.0
T049,L,513,T002,213,-26.70811710716452,28.411168796573257,-13.445624899449632,True,0,mapped,True,0.0
T049,L,514,T002,214,-25.75217858362228,28.25061958013608,-12.10430031825249,True,0,mapped,True,0.0
T049,L,515,T002,215,-24.579869049516194,27.5202681983155,-11.171870885668731,True,0,mapped,True,0.0
T049,L,516,T002,216,-23.19612438052282,26.710501620271486,-10.77553059941528,True,0,mapped,True,0.0
T049,L,517,T002,217,-21.860872460415305,25.89494105689848,-10.598773515365425,True,0,mapped,True,0.0
T049,L,518,T002,218,-20.982537685538468,25.37163463553797,-10.31946218294552,True,0,mapped,True,0.0
T049,L,519,T002,219,-20.175953747694543,24.814689938835254,-9.628628072791953,True,0,mapped,True,0.0
T049,L,519,T004,14,-20.175953747694543,24.81468993883525,-9.62862807279195,True,0,mapped,False,5.0242958677880805e-15
T049,L,520,T002,220,-30.49537849426269,28.570462441238227,-20.286265189864057,True,0,mapped,True,0.0
T049,L,521,T002,221,-30.01693723972573,28.20218428638661,-19.423799539641173,True,0,mapped,True,0.0
T049,L,522,T002,222,-29.492219625875254,27.95310198477197,-18.60145736410865,True,0,mapped,True,0.0
T049,L,523,T002,223,-29.096350414495177,27.733015847359702,-17.850751159576213,True,0,mapped,True,0.0
T049,L,524,T002,224,-28.700954198412287,27.671553757967157,-17.098014036139674,True,0,mapped,True,0.0
T049,L,525,T002,225,-28.357712596215418,27.547290074107387,-15.97698345270443,True,0,mapped,True,0.0
T049,L,526,T002,226,-27.984037946919603,27.646814390033786,-14.663850623232031,True,0,mapped,True,0.0
T049,L,527,T002,227,-27.583049043315064,27.61300562220739,-13.327342744765932,True,0,mapped,True,0.0
T049,L,528,T002,228,-26.695119182454576,27.34076082290548,-11.84823121155127,True,0,mapped,True,0.0
T049,L,529,T002,229,-25.524957939153875,26.77213576649476,-10.890000901026529,True,0,mapped,True,0.0
T049,L,530,T002,230,-24.150781864853656,26.096754260165422,-10.588885683652832,True,0,mapped,True,0.0
T049,L,531,T002,231,-22.808884357194167,24.894391503019094,-10.588807027946494,True,0,mapped,True,0.0
T049,L,532,T002,232,-21.653420388034327,24.48319513457411,-10.41000160320904,True,0,mapped,True,0.0
T049,L,533,T002,233,-20.703608681686287,23.996298568331238,-9.689197540283203,True,0,mapped,True,0.0
T049,L,533,T004,13,-20.703608681686287,23.99629856833123,-9.689197540283203,True,0,mapped,False,7.105427357601002e-15
T049,L,534,T002,234,-30.49537849426269,27.651394425326863,-19.305655595939136,True,0,mapped,True,0.0
T049,L,535,T002,235,-29.89376117838672,27.289962496287867,-18.5129920316483,True,0,mapped,True,0.0
T049,L,536,T002,236,-29.42064600668041,27.03834966137801,-17.809067956916493,True,0,mapped,True,0.0
T049,L,537,T002,237,-29.001134878533872,26.85409971819296,-16.976908575399072,True,0,mapped,True,0.0
T049,L,538,T002,238,-28.77337577188866,26.754992534514944,-15.99257901645025,True,0,mapped,True,0.0
T049,L,539,T002,239,-28.56564203223105,26.700885763718272,-14.813006049638812,True,0,mapped,True,0.0
T049,L,540,T002,240,-28.252695642757907,26.59241237264358,-13.332882376475666,True,0,mapped,True,0.0
T049,L,541,T002,241,-27.60633516844233,26.247649854825973,-11.823481803644276,True,0,mapped,True,0.0
T049,L,542,T002,242,-26.49741216888866,25.73155059194405,-10.790049660283175,True,0,mapped,True,0.0
T049,L,543,T002,243,-25.185370671874715,24.95014567555888,-10.545372029555924,True,0,mapped,True,0.0
T049,L,544,T002,244,-23.428313143905086,24.237020935564995,-10.550436481741118,True,0,mapped,True,0.0
T049,L,545,T002,245,-22.304783548491898,23.60819638392032,-10.461790661467392,True,0,mapped,True,0.0
T049,L,546,T002,246,-21.281840679281093,23.193858974712825,-9.689197540283203,True,0,mapped,True,0.0
T049,L,546,T004,12,-21.281840679281093,23.193858974712818,-9.689197540283203,True,0,mapped,False,7.105427357601002e-15
T049,L,547,T002,247,-30.49537849426269,26.526699635331823,-18.56676238173121,True,0,mapped,True,0.0
T049,L,548,T002,248,-29.823840042672728,26.233998307571973,-17.875093175710912,True,0,mapped,True,0.0
T049,L,549,T002,249,-29.40107841662892,25.891568492806307,-17.09077479214971,True,0,mapped,True,0.0
T049,L,550,T002,250,-29.1197624235238,25.78190903007184,-16.105964289401133,True,0,mapped,True,0.0
T049,L,551,T002,251,-28.95571002834556,25.67458678926252,-14.891000924684205,True,0,mapped,True,0.0
T049,L,552,T002,252,-28.712915687970856,25.456470118077902,-13.525598728425468,True,0,mapped,True,0.0
T049,L,553,T002,253,-28.174445590590103,25.10686473305797,-12.064666712622056,True,0,mapped,True,0.0
T049,L,554,T002,254,-27.15803229299484,24.69606796476357,-11.008474342320705,True,0,mapped,True,0.0
T049,L,555,T002,255,-25.71838350398413,24.10519076523441,-10.63274365797854,True,0,mapped,True,0.0
T049,L,556,T002,256,-24.34639698034484,23.208678410140152,-10.540388431927584,True,0,mapped,True,0.0
T049,L,557,T002,257,-22.98603150289432,22.74421559586533,-10.450036128676432,True,0,mapped,True,0.0
T049,L,558,T002,258,-21.89561161149785,22.40580993896809,-9.689197540283203,True,0,mapped,True,0.0
T049,L,558,T004,11,-21.89561161149785,22.40580993896809,-9.689197540283203,True,0,mapped,False,0.0
T049,L,559,T002,259,-30.47777896432237,25.34635467620012,-17.923974833292917,True,0,mapped,True,0.0
T049,L,560,T002,260,-29.96706907389673,25.10140190905315,-17.167127331999904,True,0,mapped,True,0.0
T049,L,561,T002,261,-29.608191421974404,24.87421262908442,-16.22715442105737,True,0,mapped,True,0.0
T049,L,562,T002,262,-29.387685213545467,24.60727804741005,-15.115312098782583,True,0,mapped,True,0.0
T049,L,563,T002,263,-29.07001961189351,24.400406728285155,-13.892046190719576,True,0,mapped,True,0.0
T049,L,564,T002,264,-28.517264740575136,24.1046370477868,-12.65034303807229,True,0,mapped,True,0.0
T049,L,565,T002,265,-27.52926807996969,23.585621215375348,-11.554432827998074,True,0,mapped,True,0.0
T049,L,566,T002,266,-26.269937640002425,23.1484607956528,-10.84020452093833,True,0,mapped,True,0.0
T049,L,567,T002,267,-24.72241873386588,22.554012487563348,-10.6309542035477,True,0,mapped,True,0.0
T049,L,568,T002,268,-23.52824501115445,21.886596036174275,-10.438084931485031,True,0,mapped,True,0.0
T049,L,569,T002,269,-22.482529015110696,21.59754416258753,-9.689197540283208,True,0,mapped,True,0.0
T049,L,569,T004,10,-22.4825290151107,21.59754416258752,-9.689197540283203,True,0,mapped,False,9.565974336450906e-15
T049,L,570,T002,270,-30.49537849426269,24.08704901640136,-17.489341322335004,True,0,mapped,True,0.0
T049,L,571,T002,271,-30.008094570393965,23.98389194261789,-16.651787371270593,True,0,mapped,True,0.0
T049,L,572,T002,272,-29.54402167988814,23.67954447936072,-15.482157478916402,True,0,mapped,True,0.0
T049,L,573,T002,273,-29.186603371982383,23.27727029637955,-14.458980572882226,True,0,mapped,True,0.0
T049,L,574,T002,274,-28.744855498732512,22.92890087888316,-13.186280668887452,True,0,mapped,True,0.0
T049,L,575,T002,275,-27.853713467761235,22.656843456625094,-12.14192807738403,True,0,mapped,True,0.0
T049,L,576,T002,276,-26.556014654661176,22.19577867313521,-11.367542416995844,True,0,mapped,True,0.0
T049,L,577,T002,277,-25.23628948280164,21.662977570834407,-11.003432824707568,True,0,mapped,True,0.0
T049,L,578,T002,278,-23.96103066815288,21.246148502350277,-10.669762498762449,True,0,mapped,True,0.0
T049,L,579,T002,279,-22.98208114976561,20.77172383211416,-9.847386138115636,True,0,mapped,True,0.0
T049,L,579,T004,9,-22.98208114976561,20.77172383211416,-9.847386138115638,True,0,mapped,False,1.7763568394002505e-15
T049,L,580,T002,280,-30.365728916889736,22.818181755382216,-17.23528902426319,True,0,mapped,True,0.0
T049,L,581,T002,281,-29.72101621014464,22.65543067162397,-16.14246955245699,True,0,mapped,True,0.0
T049,L,582,T002,282,-29.326470958555777,22.342615654435463,-14.87452350376771,True,0,mapped,True,0.0
T049,L,583,T002,283,-28.91360513341482,22.024837958504303,-13.67633974720013,True,0,mapped,True,0.0
T049,L,584,T002,284,-28.07800041684419,21.74391369070756,-12.726886212931348,True,0,mapped,True,0.0
T049,L,585,T002,285,-26.8797622957496,21.31485734219398,-11.996140609377404,True,0,mapped,True,0.0
T049,L,586,T002,286,-25.5056988076199,20.92631818789506,-11.63706635461979,True,0,mapped,True,0.0
T049,L,587,T002,287,-24.36125242421262,20.53872607730614,-11.141369001932732,True,0,mapped,True,0.0
T049,L,588,T002,288,-23.454604452056472,20.095264434814453,-10.306670446983045,True,0,mapped,True,0.0
T049,L,588,T004,8,-23.45460445205648,20.095264434814453,-10.306670446983045,True,0,mapped,False,7.105427357601002e-15
T049,L,589,T002,289,-30.095378875732425,21.6603517256644,-16.790958182291003,True,0,mapped,True,0.0
T049,L,590,T002,290,-29.521742259556994,21.458247416750098,-15.590105887475868,True,0,mapped,True,0.0
T049,L,591,T002,291,-28.90219041968067,21.080306008391695,-14.417082419373406,True,0,mapped,True,0.0
T049,L,592,T002,292,-28.107348860139883,20.84410966966168,-13.571877032689756,True,0,mapped,True,0.0
T049,L,593,T002,293,-26.84687159482484,20.524760146671795,-12.679074876397054,True,0,mapped,True,0.0
T049,L,594,T002,294,-25.769633159671294,20.08254605683061,-12.243003780900231,True,0,mapped,True,0.0
T049,L,595,T002,295,-24.590134411626146,19.78043244229393,-11.609409054762656,True,0,mapped,True,0.0
T049,L,596,T002,296,-23.745595277757023,19.296318148356526,-10.68880056373707,True,0,mapped,True,0.0
T049,L,596,T004,7,-23.745595277757023,19.296318148356523,-10.688800563737068,True,0,mapped,False,3.972054645195637e-15
T049,L,597,T002,297,-29.676866579604653,20.660453160750613,-16.16927586246657,True,0,mapped,True,0.0
T049,L,598,T002,298,-28.95790297712444,20.19227237616013,-15.273320358952796,True,0,mapped,True,0.0
T049,L,599,T002,299,-28.103623395048945,19.99298965578246,-14.381278074589892,True,0,mapped,True,0.0
T049,L,600,T002,300,-27.06954910994605,19.835014920906232,-13.48431125128835,True,0,mapped,True,0.0
T049,L,601,T002,301,-25.78614101539313,19.332192497697847,-12.82527077605224,True,0,mapped,True,0.0
T049,L,602,T002,302,-24.74456650764233,19.07013323930612,-12.147247623248658,True,0,mapped,True,0.0
T049,L,603,T002,303,-24.055578862702525,18.75645453886463,-11.28919792175293,True,0,mapped,True,0.0
T049,L,603,T004,6,-24.055578862702525,18.75645453886463,-11.28919792175293,True,0,mapped,False,0.0
T049,L,604,T002,304,-29.133608295581187,19.499540485479155,-15.889198303222656,True,0,mapped,True,0.0
T049,L,605,T002,305,-28.17944922845941,19.25475225890912,-15.021939640323987,True,0,mapped,True,0.0
T049,L,606,T002,306,-27.148823721517203,19.033718942129408,-14.171640907600842,True,0,mapped,True,0.0
T049,L,607,T002,307,-25.89891956839004,18.707856312574776,-13.340800273273048,True,0,mapped,True,0.0
T049,L,608,T002,308,-24.96185820126512,18.35197239205212,-12.699246373671336,True,0,mapped,True,0.0
T049,L,609,T002,309,-24.28150157629076,17.939107661666185,-11.772889546766,True,0,mapped,True,0.0
T049,L,609,T004,5,-24.28150157629076,17.939107661666185,-11.772889546766,True,0,mapped,False,0.0
T049,L,610,T002,310,-28.41932048115552,18.431890016784884,-15.68919849395752,True,0,mapped,True,0.0
T049,L,611,T002,311,-27.37517521247485,18.29606233181816,-14.797363235697322,True,0,mapped,True,0.0
T049,L,612,T002,312,-26.314586120189787,17.970348359786684,-14.014321555562042,True,0,mapped,True,0.0
T049,L,613,T002,313,-25.267519018046183,17.50318778559946,-13.20572031339736,True,0,mapped,True,0.0
T049,L,614,T002,314,-24.67751862236777,17.13009903457318,-12.200954948306244,True,0,mapped,True,0.0
T049,L,614,T004,4,-24.67751862236777,17.13009903457318,-12.200954948306242,True,0,mapped,False,1.7763568394002505e-15
T049,L,615,T002,315,-27.88452789010921,17.210477522903545,-15.68919849395752,True,0,mapped,True,0.0
T049,L,616,T002,316,-26.727238943204405,17.055801778541287,-14.67885021518535,True,0,mapped,True,0.0
T049,L,617,T002,317,-25.71906618232829,16.9009104303633,-13.709362345043292,True,0,mapped,True,0.0
T049,L,618,T002,318,-25.090872408334796,16.305144085787948,-12.574928314149265,True,0,mapped,True,0.0
T049,L,618,T004,3,-25.09087240833479,16.305144085787944,-12.574928314149265,True,0,mapped,False,7.944109290391274e-15
T049,L,619,T002,319,-27.23825176166931,16.202986227757265,-15.35351951380632,True,0,mapped,True,0.0
T049,L,620,T002,320,-26.268972229260218,16.051888286364218,-14.327351353111382,True,0,mapped,True,0.0
T049,L,621,T002,321,-25.545356175159185,15.81146260006848,-13.236928547471065,True,0,mapped,True,0.0
T049,L,621,T004,2,-25.545356175159185,15.811462600068484,-13.236928547471065,True,0,mapped,False,3.552713678800501e-15
T049,L,622,T002,322,-26.700219921796343,15.109449779056977,-14.814209764335482,True,0,mapped,True,0.0
T049,L,623,T002,323,-25.99295334679629,15.1223414631929,-13.67404439777275,True,0,mapped,True,0.0
T049,L,623,T004,1,-25.99295334679629,15.1223414631929,-13.674044397772752,True,0,mapped,False,1.7763568394002505e-15
T049,L,624,T002,324,-26.33935546875,14.29526424407959,-14.089198112487791,True,0,mapped,False,0.0
T049,L,624,T003,0,-26.33935546875,14.29526424407959,-14.089198112487791,True,-1,landmark_vertex,True,0.0
T049,L,624,T004,0,-26.33935546875,14.29526424407959,-14.089198112487791,True,0,mapped,False,0.0
T049,L,624,T005,0,-26.33935546875,14.29526424407959,-14.089198112487791,True,0,mapped,False,0.0
T049,L,625,T003,1,-27.03032540888186,13.84456204753642,-11.247474491473731,True,2,smooth_near_vertex,False,2.4554946796755783
T049,L,625,T005,25,-26.15816573953612,14.095264434814451,-13.52912738928595,True,0,mapped,True,0.0
T049,L,626,T003,2,-27.40251466291712,13.599109580206562,-9.712895502990818,True,2,smooth_near_vertex,False,3.497909300319101
T049,L,626,T005,49,-25.997920767709346,14.095264434814451,-12.877751869882204,True,0,mapped,True,0.0
T049,L,627,T003,3,-27.643766327408983,13.435193193875428,-8.711069965761487,True,3,smooth_internal,False,3.977793713215246
T049,L,627,T005,72,-25.89537811279297,14.016259648409685,-12.23645551223744,True,0,mapped,True,0.0
T049,L,628,T003,4,-27.811920819325124,13.314060425332356,-8.002230464767885,True,3,smooth_internal,False,4.086993891484171
T049,L,628,T005,94,-25.93507497379185,13.895263671875,-11.585967554363284,True,0,mapped,True,0.0
T049,L,629,T003,5,-27.93008808551584,13.220110915737353,-7.48975880756885,True,3,smooth_internal,False,3.9782976511936363
T049,L,629,T005,115,-26.03928782218108,13.895263671875,-10.924274104018371,True,0,mapped,True,0.0
T049,L,630,T003,6,-28.00962273960789,13.146052374869148,-7.125764830888057,True,3,smooth_internal,False,3.6917998129638527
T049,L,630,T005,135,-26.270524962437,13.895263671875,-10.294929896465742,True,0,mapped,True,0.0
T049,L,631,T003,7,-28.057622532398558,13.088447642646935,-6.880713728541583,True,3,smooth_internal,False,3.2891890517753177
T049,L,631,T005,154,-26.49533869749736,13.788365929433528,-9.68929846633155,True,0,mapped,True,0.0
T049,L,632,T003,8,-28.078698135501824,13.046275589773549,-6.734671629568695,True,3,smooth_internal,False,2.802014754583775
T049,L,632,T005,172,-26.65187148839446,13.684030120549458,-9.060337461644387,True,0,mapped,True,0.0
T049,L,633,T003,9,-28.080926377250798,13.022024466803442,-6.661194333899602,True,3,smooth_internal,False,2.22809038471948
T049,L,633,T005,189,-26.873608050039163,13.495264053344728,-8.473047946360756,True,0,mapped,True,0.0
T049,L,634,T003,10,-28.058405732072867,13.017483846148192,-6.666309258914258,True,3,smooth_internal,False,1.5474647603813543
T049,L,634,T005,205,-27.192019042640517,13.328008855368177,-7.910333176548281,True,0,mapped,True,0.0
T049,L,635,T003,11,-28.06099013407413,13.017446231781207,-6.6347556407756265,True,3,smooth_internal,False,0.9479400785572643
T049,L,635,T005,220,-27.54008409521352,13.095264434814451,-7.422912743446392,True,0,mapped,True,0.0
T049,L,636,T003,12,-27.934927114787737,13.08910424213587,-6.883037186243731,True,0,mapped,True,0.0
T049,L,636,T005,234,-27.934927114787733,13.08910424213587,-6.883037186243732,True,0,mapped,False,3.66205343881779e-15
T049,L,637,T003,13,-28.199028836163983,12.895263671875,-6.346611650203926,True,0,mapped,True,0.0
T049,L,637,T005,247,-28.199028836163983,12.895263671875,-6.346611650203929,True,0,mapped,False,3.552713678800501e-15
T049,L,638,T003,14,-28.40572702348198,12.895263671875,-5.713700008461728,True,0,mapped,True,0.0
T049,L,638,T005,259,-28.40572702348198,12.895263671875,-5.71370000846173,True,0,mapped,False,1.7763568394002505e-15
T049,L,639,T003,15,-28.56002189150628,12.895263671875,-5.060605098082917,True,0,mapped,True,0.0
T049,L,639,T005,270,-28.560021891506285,12.895263671875,-5.06060509808292,True,0,mapped,False,5.0242958677880805e-15
T049,L,640,T003,16,-28.650349126694906,12.895263671875,-4.396349185098612,True,0,mapped,True,0.0
T049,L,640,T005,280,-28.65034912669491,12.895263671875,-4.396349185098614,True,0,mapped,False,3.972054645195637e-15
T049,L,641,T003,17,-28.606434410996908,12.895263671875,-3.727346609779932,True,0,mapped,True,0.0
T049,L,641,T005,289,-28.60643441099691,12.895263671875,-3.7273466097799344,True,0,mapped,False,4.189529226675416e-15
T049,L,642,T003,18,-28.49102325761295,12.867218648944554,-3.069604974931428,True,0,mapped,True,0.0
T049,L,642,T005,297,-28.491023257612948,12.867218648944553,-3.069604974931432,True,0,mapped,False,5.634860374059478e-15
T049,L,643,T003,19,-28.27421301865706,12.820560257997176,-2.453517139977372,True,0,mapped,True,0.0
T049,L,643,T005,304,-28.27421301865706,12.820560257997176,-2.4535171399773748,True,0,mapped,False,2.6645352591003757e-15
T049,L,644,T003,20,-27.958106243985256,12.695263862609863,-1.9042368006626635,True,0,mapped,True,0.0
T049,L,644,T005,310,-27.95810624398525,12.695263862609863,-1.9042368006626664,True,0,mapped,False,7.66938336801217e-15
T049,L,645,T003,21,-27.590589882443822,12.600055943176915,-1.3809260241659191,True,0,mapped,True,0.0
T049,L,645,T005,315,-27.590589882443822,12.60005594317692,-1.3809260241659218,True,0,mapped,False,5.9580819677934555e-15
T049,L,646,T003,22,-27.20077979187525,12.23106124481123,-0.9814001641728988,True,0,mapped,True,0.0
T049,L,646,T005,319,-27.200779791875256,12.231061244811231,-0.9814001641729004,True,0,mapped,False,7.51105057065564e-15
T049,L,647,T003,23,-26.69150720963128,12.095264434814451,-0.5849762407616627,True,0,mapped,True,0.0
T049,L,647,T005,322,-26.691507209631283,12.095264434814451,-0.5849762407616635,True,0,mapped,False,3.66205343881779e-15
T049,L,648,T003,24,-26.090171813964844,12.095264434814451,-0.2891972064971924,True,0,mapped,False,0.0
T049,L,648,T005,324,-26.090171813964844,12.095264434814451,-0.2891972064971924,True,0,mapped,False,0.0
T049,L,648,T006,324,-26.090171813964844,12.095264434814451,-0.2891972064971924,True,-1,landmark_vertex,True,0.0
T049,L,648,T009,0,-26.090171813964844,12.095264434814451,-0.2891972064971924,True,0,mapped,False,0.0
T049,L,648,T010,0,-26.090171813964844,12.095264434814451,-0.2891972064971924,True,-1,landmark_vertex,False,0.0
T049,L,649,T003,25,-27.033643576955534,13.844006065670484,-11.236144849308934,True,2,smooth_near_vertex,False,1.8585878345691673
T049,L,649,T004,25,-25.970944313104177,14.095264434814451,-12.740102377084703,True,0,mapped,True,0.0
T049,L,650,T003,26,-27.34687242184087,13.639263239526196,-9.9473433368135,True,2,smooth_near_vertex,True,0.0
T049,L,651,T003,27,-27.59067262740761,13.47653954680303,-8.93941371333229,True,3,smooth_internal,True,0.0
T049,L,652,T003,28,-27.77170131597238,13.350090681581532,-8.182799658166928,True,3,smooth_internal,True,0.0
T049,L,653,T003,29,-27.903811008137584,13.24990864197443,-7.61859500075636,True,3,smooth_internal,True,0.0
T049,L,654,T003,30,-27.996465160652377,13.169604860881066,-7.206607027631374,True,3,smooth_internal,True,0.0
T049,L,655,T003,31,-28.055477175542062,13.105399253327448,-6.921357510674148,True,3,smooth_internal,True,0.0
T049,L,656,T003,32,-28.08752156504193,13.05560193273711,-6.737761872939352,True,3,smooth_internal,True,0.0
T049,L,657,T003,33,-28.08924397237761,13.018738186741665,-6.656941144108021,True,3,smooth_internal,True,0.0
T049,L,658,T003,34,-28.097635659055346,13.0054457995396,-6.5857499776246256,True,3,smooth_internal,True,0.0
T049,L,659,T003,35,-27.994183183807777,13.02495645451721,-6.783090109995844,True,0,mapped,True,0.0
T049,L,660,T003,36,-28.25647397181448,12.93822402731194,-6.206468868464956,True,0,mapped,True,0.0
T049,L,661,T003,37,-28.448475286598264,12.926963632464927,-5.567790116844394,True,0,mapped,True,0.0
T049,L,662,T003,38,-28.59111865891172,12.924887245906888,-4.912757495193585,True,0,mapped,True,0.0
T049,L,663,T003,39,-28.65145303297311,12.922786003005005,-4.246342856637321,True,0,mapped,True,0.0
T049,L,664,T003,40,-28.591493052198715,12.920876791631478,-3.5786323857443385,True,0,mapped,True,0.0
T049,L,665,T003,41,-28.46187184611348,12.91592822569704,-2.92488880639856,True,0,mapped,True,0.0
T049,L,666,T003,42,-28.20842418629981,12.783192066113491,-2.3315444129540124,True,0,mapped,True,0.0
T049,L,667,T003,43,-27.88141991257755,12.734157708774315,-1.768902807426977,True,0,mapped,True,0.0
T049,L,668,T003,44,-27.482917807798184,12.594415751854603,-1.2551176106772577,True,0,mapped,True,0.0
T049,L,669,T003,45,-27.042825764600742,12.267312121831978,-0.8503810182980085,True,0,mapped,True,0.0
T049,L,670,T003,46,-26.550773662410776,12.124563586737,-0.5130077891303595,True,0,mapped,True,0.0
T049,L,671,T003,47,-25.933292851890137,12.152072541590892,-0.2474965664620596,True,0,mapped,True,0.0
T049,L,672,T003,48,-25.287688529614936,12.095264434814457,-0.15062286732985,True,0,mapped,True,0.0
T049,L,672,T006,322,-24.922605489069777,12.076098546787476,-0.3065216464524497,True,2,smooth_near_vertex,False,0.39743853246694366
T049,L,673,T003,49,-27.419086686539742,13.596340117210111,-9.656322097522477,True,2,smooth_near_vertex,False,2.221781449558345
T049,L,673,T004,49,-25.961996440765,13.895263671875,-11.306729784651989,True,0,mapped,True,0.0
T049,L,674,T003,50,-27.607227145675527,13.473774839251666,-8.88291207737335,True,3,smooth_internal,True,0.0
T049,L,675,T003,51,-27.774499706400007,13.360385807863024,-8.189330361548985,True,3,smooth_internal,True,0.0
T049,L,676,T003,52,-27.90807325257684,13.2630426894265,-7.626067693936005,True,3,smooth_internal,True,0.0
T049,L,677,T003,53,-28.00689229538403,13.18127468025338,-7.195055155544591,True,3,smooth_internal,True,0.0
T049,L,678,T003,54,-28.07474966564432,13.113853105423464,-6.881751190718735,True,3,smooth_internal,True,0.0
T049,L,679,T003,55,-28.10823314945064,13.058083379927671,-6.6901696888883295,True,3,smooth_internal,True,0.0
T049,L,680,T003,56,-28.13672236130682,13.016184889347704,-6.539265786427037,True,3,smooth_internal,True,0.0
T049,L,681,T003,57,-28.05441677971765,12.966642443069365,-6.681185876030463,True,0,mapped,True,0.0
T049,L,682,T003,58,-28.30882011196668,12.98272819890666,-6.0650547227701175,True,0,mapped,True,0.0
T049,L,683,T003,59,-28.48561212387058,12.956905164509624,-5.421154130620764,True,0,mapped,True,0.0
T049,L,684,T003,60,-28.616424281529863,12.95356876542826,-4.764224562238307,True,0,mapped,True,0.0
T049,L,685,T003,61,-28.63988697132759,12.949442217230809,-4.096905509704349,True,0,mapped,True,0.0
T049,L,686,T003,62,-28.574930737061727,12.94561533967932,-3.43042020674706,True,0,mapped,True,0.0
T049,L,687,T003,63,-28.41932479390249,12.943087009093176,-2.7827627297133275,True,0,mapped,True,0.0
T049,L,688,T003,64,-28.137529181348288,12.79882733697174,-2.19674767632179,True,0,mapped,True,0.0
T049,L,689,T003,65,-27.78869679446844,12.777437867214603,-1.636174135379503,True,0,mapped,True,0.0
T049,L,690,T003,66,-27.35003577806096,12.578739135999443,-1.113059361980739,True,0,mapped,True,0.0
T049,L,691,T003,67,-26.886269939067287,12.320052673486744,-0.7345713078796751,True,0,mapped,True,0.0
T049,L,692,T003,68,-26.400482082463327,12.17927780223122,-0.4402979914898615,True,0,mapped,True,0.0
T049,L,693,T003,69,-25.7842794585677,12.20430690853182,-0.2077901590585794,True,0,mapped,True,0.0
T049,L,694,T003,70,-25.124438746138125,12.161908435576493,-0.156588481271392,True,0,mapped,True,0.0
T049,L,695,T003,71,-24.469960582996546,12.095264434814457,-0.2004622295083297,True,0,mapped,True,0.0
T049,L,695,T006,319,-24.222050761414124,12.069112713273755,-0.3326436624661726,True,2,smooth_near_vertex,False,0.2821615200472226
T049,L,696,T003,72,-27.690091126143017,13.427486348587127,-8.55296785986443,True,3,smooth_internal,False,1.9135041079269737
T049,L,696,T004,72,-26.41307111232985,13.895263671875,-9.899037037578433,True,0,mapped,True,0.0
T049,L,697,T003,73,-27.82455414579428,13.341287341395862,-8.002488441432016,True,3,smooth_internal,True,0.0
T049,L,698,T003,74,-27.947159196717887,13.256247146331354,-7.492791693290183,True,3,smooth_internal,True,0.0
T049,L,699,T003,75,-28.046526610086573,13.179150334595136,-7.069276731426726,True,3,smooth_internal,True,0.0
T049,L,700,T003,76,-28.113476273077797,13.111114502756992,-6.761077916979619,True,3,smooth_internal,True,0.0
T049,L,701,T003,77,-28.16921710887744,13.05693869169546,-6.511214952568455,True,3,smooth_internal,True,0.0
T049,L,702,T003,78,-28.12647570242912,13.000096964767192,-6.546625377444286,True,0,mapped,True,0.0
T049,L,703,T003,79,-28.354808223806742,12.997743368446583,-5.921458336249813,True,0,mapped,True,0.0
T049,L,704,T003,80,-28.51976745135983,12.98637563813693,-5.27400476304534,True,0,mapped,True,0.0
T049,L,705,T003,81,-28.635292339117083,12.981020963674812,-4.615241882929814,True,0,mapped,True,0.0
T049,L,706,T003,82,-28.62277972016499,12.97591932428304,-3.94804374994302,True,0,mapped,True,0.0
T049,L,707,T003,83,-28.549261637062543,12.970692188570183,-3.2834878438666,True,0,mapped,True,0.0
T049,L,708,T003,84,-28.368721950793837,12.966183538992226,-2.6432517943913387,True,0,mapped,True,0.0
T049,L,709,T003,85,-28.063211439612815,12.81895467354553,-2.0687129932758856,True,0,mapped,True,0.0
T049,L,710,T003,86,-27.68718229926012,12.819520859051408,-1.5153286374452697,True,0,mapped,True,0.0
T049,L,711,T003,87,-27.296796349439568,12.530405397079054,-1.061041960345262,True,0,mapped,True,0.0
T049,L,712,T003,88,-26.817960615286086,12.341411923479576,-0.6966545287143977,True,0,mapped,True,0.0
T049,L,713,T003,89,-26.20950548662646,12.297385983242652,-0.3655119984277087,True,0,mapped,True,0.0
T049,L,714,T003,90,-25.63733399635141,12.270390284126048,-0.1770636650200825,True,0,mapped,True,0.0
T049,L,715,T003,91,-24.95052325423949,12.229082223639244,-0.1560408269540775,True,0,mapped,True,0.0
T049,L,716,T003,92,-24.312658001052174,12.168482619864584,-0.2239500154243314,True,0,mapped,True,0.0
T049,L,717,T003,93,-23.670737828092644,12.095264434814451,-0.3820078500549871,True,0,mapped,True,0.0
T049,L,717,T006,315,-23.670737828092644,12.095264434814451,-0.3820078500549871,True,0,mapped,False,0.0
T049,L,718,T003,94,-27.911001752576592,13.29770327274682,-7.664158151252423,True,3,smooth_internal,False,1.4244849264405253
T049,L,718,T004,94,-26.834662155158732,13.495264053344728,-8.576090229126741,True,0,mapped,True,0.0
T049,L,719,T003,95,-28.01948882868149,13.230931222652314,-7.224242315841667,True,3,smooth_internal,True,0.0
T049,L,720,T003,96,-28.111687741980603,13.161639809715716,-6.83788269076864,True,3,smooth_internal,True,0.0
T049,L,721,T003,97,-28.19334678464018,13.100760544575596,-6.49691265577711,True,3,smooth_internal,True,0.0
T049,L,722,T003,98,-28.19110956007952,13.03416130847097,-6.408340444455548,True,0,mapped,True,0.0
T049,L,723,T003,99,-28.401784885516754,13.02402975180619,-5.777230404913066,True,0,mapped,True,0.0
T049,L,724,T003,100,-28.553917344554137,13.01503186436342,-5.127155102977045,True,0,mapped,True,0.0
T049,L,725,T003,101,-28.647799440634827,13.007000435978863,-4.466166866766976,True,0,mapped,True,0.0
T049,L,726,T003,102,-28.607439804662175,13.00138924348439,-3.799414565045478,True,0,mapped,True,0.0
T049,L,727,T003,103,-28.52087359508805,12.986179349172753,-3.1382879207821155,True,0,mapped,True,0.0
T049,L,728,T003,104,-28.30876348787316,12.947209660036805,-2.506894262235458,True,0,mapped,True,0.0
T049,L,729,T003,105,-27.96652959196429,12.874780839733614,-1.912493395994221,True,0,mapped,True,0.0
T049,L,730,T003,106,-27.623174314222723,12.839619978339316,-1.442597263839029,True,0,mapped,True,0.0
T049,L,731,T003,107,-27.115350312961755,12.615923812944407,-0.9307344723047336,True,0,mapped,True,0.0
T049,L,732,T003,108,-26.70651346974596,12.406631543799351,-0.6429432485512859,True,0,mapped,True,0.0
T049,L,733,T003,109,-26.065248824832597,12.41514025509752,-0.3221099334835837,True,0,mapped,True,0.0
T049,L,734,T003,110,-25.4890552020994,12.35059598131188,-0.1500750788773875,True,0,mapped,True,0.0
T049,L,735,T003,111,-24.78620357074288,12.29218798578055,-0.1540276140369166,True,0,mapped,True,0.0
T049,L,736,T003,112,-24.163466561575824,12.268557508299564,-0.2364415230889392,True,0,mapped,True,0.0
T049,L,737,T003,113,-23.51883120476825,12.180321330722268,-0.4272569009556808,True,0,mapped,True,0.0
T049,L,738,T003,114,-22.90170321446977,12.095264434814451,-0.665441703328554,True,0,mapped,True,0.0
T049,L,738,T006,310,-22.90170321446976,12.095264434814451,-0.665441703328555,True,0,mapped,False,1.0704876105541625e-14
T049,L,739,T003,115,-28.111085600095667,13.190431596459137,-6.872107622828934,True,3,smooth_internal,False,0.7696092985803624
T049,L,739,T004,115,-27.557919195415025,13.095264434814457,-7.398651649989574,True,0,mapped,True,0.0
T049,L,740,T003,116,-28.212942824644568,13.137442381136047,-6.470062494666899,True,3,smooth_internal,True,0.0
T049,L,741,T003,117,-28.251728068321103,13.06471287164271,-6.269768741384535,True,0,mapped,True,0.0
T049,L,742,T003,118,-28.446169002597177,13.053440805395798,-5.632676178273118,True,0,mapped,True,0.0
T049,L,743,T003,119,-28.584772949320477,13.042840684381355,-4.979945110165044,True,0,mapped,True,0.0
T049,L,744,T003,120,-28.65301033849452,13.03287532752502,-4.31665992297755,True,0,mapped,True,0.0
T049,L,745,T003,121,-28.59771618366373,13.024911806264653,-3.651004640123741,True,0,mapped,True,0.0
T049,L,746,T003,122,-28.489271018374257,13.0100607735571,-2.993842710119298,True,0,mapped,True,0.0
T049,L,747,T003,123,-28.24193739304237,12.955270314107038,-2.36606680354978,True,0,mapped,True,0.0
T049,L,748,T003,124,-27.89609384996065,12.942741159388303,-1.803252674853932,True,0,mapped,True,0.0
T049,L,749,T003,125,-27.475585560241427,12.830822679875904,-1.27008161421657,True,0,mapped,True,0.0
T049,L,750,T003,126,-27.043499647725355,12.637112884453368,-0.876808501539023,True,0,mapped,True,0.0
T049,L,751,T003,127,-26.568961729532617,12.45937640604569,-0.5738496878984429,True,0,mapped,True,0.0
T049,L,752,T003,128,-25.923643078581303,12.40625738580002,-0.277383188305312,True,0,mapped,True,0.0
T049,L,753,T003,129,-25.32759936083927,12.401352754145632,-0.1322396508771614,True,0,mapped,True,0.0
T049,L,754,T003,130,-24.628905172817685,12.355421913286468,-0.1592252264095079,True,0,mapped,True,0.0
T049,L,755,T003,131,-24.00601951115351,12.353936215145213,-0.2553668514590961,True,0,mapped,True,0.0
T049,L,756,T003,132,-23.37915952417582,12.23067371923202,-0.4833026484708331,True,0,mapped,True,0.0
T049,L,757,T003,133,-22.7609769134582,12.15585296150264,-0.7243694254662861,True,0,mapped,True,0.0
T049,L,758,T003,134,-22.188685448229,12.095264434814451,-1.0686336443036804,True,0,mapped,True,0.0
T049,L,758,T006,304,-22.188685448228995,12.095264434814451,-1.0686336443036817,True,0,mapped,False,3.794299872214038e-15
T049,L,759,T003,135,-28.30159921319967,13.095264434814451,-6.1272205579479895,True,0,mapped,True,0.0
T049,L,759,T004,135,-28.30159921319967,13.095264434814451,-6.1272205579479895,True,0,mapped,False,0.0
T049,L,760,T003,136,-28.482696959826505,13.081323225008234,-5.486647946496774,True,0,mapped,True,0.0
T049,L,761,T003,137,-28.6109366285156,13.0695605042819,-4.832302174958121,True,0,mapped,True,0.0
T049,L,762,T003,138,-28.643707074457986,13.058808880418542,-4.167498166684326,True,0,mapped,True,0.0
T049,L,763,T003,139,-28.58645853193964,13.048942390413874,-3.502554342197953,True,0,mapped,True,0.0
T049,L,764,T003,140,-28.45191480737771,13.040555096169417,-2.850723172375668,True,0,mapped,True,0.0
T049,L,765,T003,141,-28.175249454122948,12.976972450712166,-2.2390931402150867,True,0,mapped,True,0.0
T049,L,766,T003,142,-27.81838468621713,12.937971529127251,-1.6877427336262578,True,0,mapped,True,0.0
T049,L,767,T003,143,-27.336786344199425,12.856101326442529,-1.1242525957180018,True,0,mapped,True,0.0
T049,L,768,T003,144,-26.914083049752,12.639303696075428,-0.7572900838175444,True,0,mapped,True,0.0
T049,L,769,T003,145,-26.423760406581074,12.535154096805927,-0.4985792003355019,True,0,mapped,True,0.0
T049,L,770,T003,146,-25.77807556406509,12.450831598052686,-0.2403504133099674,True,0,mapped,True,0.0
T049,L,771,T003,147,-25.13856792598872,12.489158069363809,-0.1304484209803576,True,0,mapped,True,0.0
T049,L,772,T003,148,-24.47385057904353,12.426271870800107,-0.1712284788752817,True,0,mapped,True,0.0
T049,L,773,T003,149,-23.89007085167808,12.346405763472182,-0.2814453505506873,True,0,mapped,True,0.0
T049,L,774,T003,150,-23.25882627587902,12.277737443919715,-0.5273694599600856,True,0,mapped,True,0.0
T049,L,775,T003,151,-22.59824455010655,12.226069453863836,-0.7985123986964159,True,0,mapped,True,0.0
T049,L,776,T003,152,-22.049216106934608,12.180385062700491,-1.1386641567518274,True,0,mapped,True,0.0
T049,L,777,T003,153,-21.478581003901688,12.095264434814451,-1.4749956980032384,True,0,mapped,True,0.0
T049,L,777,T006,297,-21.478581003901688,12.095264434814451,-1.4749956980032382,True,0,mapped,False,2.220446049250313e-16
T049,L,778,T003,154,-28.630669871390296,13.095264434814451,-4.684050918361634,True,0,mapped,True,0.0
T049,L,778,T004,154,-28.630669871390293,13.095264434814451,-4.684050918361635,True,0,mapped,False,3.66205343881779e-15
T049,L,779,T003,155,-28.627353817643755,13.083329923761312,-4.019283635038297,True,0,mapped,True,0.0
T049,L,780,T003,156,-28.571471249955707,13.07221882692598,-3.3546682406762938,True,0,mapped,True,0.0
T049,L,781,T003,157,-28.405732359394623,13.062645352138611,-2.7098164685853723,True,0,mapped,True,0.0
T049,L,782,T003,158,-28.102529269040318,13.00277483800908,-2.117275887147953,True,0,mapped,True,0.0
T049,L,783,T003,159,-27.709067585015823,12.992202382086337,-1.5742675805916302,True,0,mapped,True,0.0
T049,L,784,T003,160,-27.21289302693473,12.891421668545537,-1.020353027185268,True,0,mapped,True,0.0
T049,L,785,T003,161,-26.822944635578907,12.761188452290522,-0.6899949495289505,True,0,mapped,True,0.0
T049,L,786,T003,162,-26.26678133021418,12.629071362580914,-0.4138764877711335,True,0,mapped,True,0.0
T049,L,787,T003,163,-25.61497249501369,12.529718936358147,-0.2035176752040099,True,0,mapped,True,0.0
T049,L,788,T003,164,-24.951885575094582,12.59481205765572,-0.1346211427549572,True,0,mapped,True,0.0
T049,L,789,T003,165,-24.321537172751285,12.503721270916657,-0.1786580323794342,True,0,mapped,True,0.0
T049,L,790,T003,166,-23.739294881391665,12.363269322127046,-0.3280052684768808,True,0,mapped,True,0.0
T049,L,791,T003,167,-23.068300109939,12.317876829112176,-0.5837125279881239,True,0,mapped,True,0.0
T049,L,792,T003,168,-22.46647361149049,12.292630747558666,-0.8657633859880133,True,0,mapped,True,0.0
T049,L,793,T003,169,-21.877347526588157,12.262524802783105,-1.2160350335778398,True,0,mapped,True,0.0
T049,L,794,T003,170,-21.35050944292012,12.16605052522213,-1.5740645956727564,True,0,mapped,True,0.0
T049,L,795,T003,171,-20.8323851681737,12.223812950971077,-1.938257076885456,True,0,mapped,True,0.0
T049,L,795,T006,289,-20.832385168173698,12.223812950971078,-1.938257076885458,True,0,mapped,False,4.446439748506845e-15
T049,L,796,T003,172,-28.54855661011265,13.095264434814451,-3.208102587493784,True,0,mapped,True,0.0
T049,L,796,T004,172,-28.54855661011265,13.095264434814451,-3.208102587493784,True,0,mapped,False,0.0
T049,L,797,T003,173,-28.347815351795557,13.084507693495931,-2.5736864330987825,True,0,mapped,True,0.0
T049,L,798,T003,174,-28.020365840712024,13.049019636411764,-1.9940884173590367,True,0,mapped,True,0.0
T049,L,799,T003,175,-27.625175549504345,13.03211783551504,-1.4908260127304491,True,0,mapped,True,0.0
T049,L,800,T003,176,-27.11551483669482,12.958524625978791,-0.9516203979495352,True,0,mapped,True,0.0
T049,L,801,T003,177,-26.723180142931252,12.77674055933912,-0.6274094308854696,True,0,mapped,True,0.0
T049,L,802,T003,178,-26.06336176178412,12.69082731443625,-0.3499065379418288,True,0,mapped,True,0.0
T049,L,803,T003,179,-25.458239940271994,12.621649106034138,-0.1704818513476844,True,0,mapped,True,0.0
T049,L,804,T003,180,-24.78564182839896,12.623044262196633,-0.1361510504446776,True,0,mapped,True,0.0
T049,L,805,T003,181,-24.16949602718698,12.58197114203044,-0.1951892378693382,True,0,mapped,True,0.0
T049,L,806,T003,182,-23.61004672929262,12.419888282770236,-0.3638447905163782,True,0,mapped,True,0.0
T049,L,807,T003,183,-22.927846360089685,12.41074424768157,-0.6092125020882175,True,0,mapped,True,0.0
T049,L,808,T003,184,-22.38834027537456,12.32655639597072,-0.919911337644388,True,0,mapped,True,0.0
T049,L,809,T003,185,-21.75433676034474,12.286565792563907,-1.2887538568794004,True,0,mapped,True,0.0
T049,L,810,T003,186,-21.235834305356065,12.239759254912675,-1.6727187797955128,True,0,mapped,True,0.0
T049,L,811,T003,187,-20.743066428515963,12.32558760939997,-2.022068149914063,True,0,mapped,True,0.0
T049,L,812,T003,188,-20.222060754336017,12.29526424407959,-2.462278815856381,True,0,mapped,True,0.0
T049,L,812,T006,280,-20.222060754336013,12.29526424407959,-2.462278815856382,True,0,mapped,False,3.66205343881779e-15
T049,L,813,T003,189,-27.936737716338666,13.095264434814457,-1.8718623723137748,True,0,mapped,True,0.0
T049,L,813,T004,189,-27.936737716338666,13.095264434814457,-1.8718623723137748,True,0,mapped,False,0.0
T049,L,814,T003,190,-27.512770374011478,13.051434920765294,-1.3479795785465791,True,0,mapped,True,0.0
T049,L,815,T003,191,-27.06547046392779,12.988285564867082,-0.9140189949950644,True,0,mapped,True,0.0
T049,L,816,T003,192,-26.58124801618927,12.821281376569058,-0.5414940355157547,True,0,mapped,True,0.0
T049,L,817,T003,193,-25.90119677175066,12.6823700504782,-0.3157119142988209,True,0,mapped,True,0.0
T049,L,818,T003,194,-25.308235586957203,12.710078144807795,-0.1417714291631709,True,0,mapped,True,0.0
T049,L,819,T003,195,-24.632611658979904,12.644965874838864,-0.1330722032840749,True,0,mapped,True,0.0
T049,L,820,T003,196,-24.024912874945933,12.66131087180134,-0.2165408289258367,True,0,mapped,True,0.0
T049,L,821,T003,197,-23.4619151779114,12.494070370884932,-0.4052216542428362,True,0,mapped,True,0.0
T049,L,822,T003,198,-22.79486205342586,12.44931453402688,-0.6568684406340879,True,0,mapped,True,0.0
T049,L,823,T003,199,-22.26868439188614,12.38096630493421,-0.9959642217738258,True,0,mapped,True,0.0
T049,L,824,T003,200,-21.69925608408746,12.295055030879864,-1.329380125919135,True,0,mapped,True,0.0
T049,L,825,T003,201,-21.13154183787961,12.290737913999305,-1.754755336513708,True,0,mapped,True,0.0
T049,L,826,T003,202,-20.676780853271516,12.406104702947808,-2.0978004292514147,True,0,mapped,True,0.0
T049,L,827,T003,203,-20.11345269546428,12.336480973046829,-2.568101704430769,True,0,mapped,True,0.0
T049,L,828,T003,204,-19.58787643211977,12.323703617545398,-2.970814459589058,True,0,mapped,True,0.0
T049,L,828,T006,270,-19.58787643211977,12.3237036175454,-2.970814459589058,True,0,mapped,False,1.7763568394002505e-15
T049,L,829,T003,205,-26.91899894952294,13.095264434814451,-0.8038714105317886,True,0,mapped,True,0.0
T049,L,829,T004,205,-26.91899894952294,13.095264434814451,-0.8038714105317886,True,0,mapped,False,0.0
T049,L,830,T003,206,-26.42994425684521,12.877278760900634,-0.4642059261077903,True,0,mapped,True,0.0
T049,L,831,T003,207,-25.787378457922628,12.808459875078984,-0.2835157018626531,True,0,mapped,True,0.0
T049,L,832,T003,208,-25.151885857049383,12.790963386485538,-0.1266134909292677,True,0,mapped,True,0.0
T049,L,833,T003,209,-24.484603523991773,12.740944728090405,-0.1319691427971529,True,0,mapped,True,0.0
T049,L,834,T003,210,-23.882117552483937,12.72650769853443,-0.2417780370452272,True,0,mapped,True,0.0
T049,L,835,T003,211,-23.282977717932155,12.482075526006128,-0.478040332459552,True,0,mapped,True,0.0
T049,L,836,T003,212,-22.634513659297223,12.50162971779066,-0.7277278752830052,True,0,mapped,True,0.0
T049,L,837,T003,213,-22.10950356861092,12.467586807001563,-1.0768932684793764,True,0,mapped,True,0.0
T049,L,838,T003,214,-21.49222640866729,12.432685009257206,-1.4622285948352096,True,0,mapped,True,0.0
T049,L,839,T003,215,-21.02106532658871,12.35728659938058,-1.8431871390581211,True,0,mapped,True,0.0
T049,L,840,T003,216,-20.55851042556905,12.441411320275066,-2.2274384852707545,True,0,mapped,True,0.0
T049,L,841,T003,217,-20.00578548604753,12.38318486226773,-2.6813469609019696,True,0,mapped,True,0.0
T049,L,842,T003,218,-19.50563363423088,12.392125012309876,-3.112054482402035,True,0,mapped,True,0.0
T049,L,843,T003,219,-19.079117478049515,12.495264053344728,-3.564587116955472,True,0,mapped,True,0.0
T049,L,843,T006,259,-19.079117478049508,12.495264053344728,-3.5645871169554737,True,0,mapped,False,7.32410687763558e-15
T049,L,844,T003,220,-25.6392199116264,12.895263671875,-0.2409453242820479,True,0,mapped,True,0.0
T049,L,844,T004,220,-25.6392199116264,12.895263671875,-0.240945324282048,True,0,mapped,False,1.1102230246251565e-16
T049,L,845,T003,221,-24.99245536663928,12.86236619990869,-0.117906449321792,True,0,mapped,True,0.0
T049,L,846,T003,222,-24.33148223983411,12.820795947075467,-0.1466163122439867,True,0,mapped,True,0.0
T049,L,847,T003,223,-23.740125111964154,12.712578262926932,-0.2816901866917382,True,0,mapped,True,0.0
T049,L,848,T003,224,-23.137379639444568,12.543966839406684,-0.5155484868568936,True,0,mapped,True,0.0
T049,L,849,T003,225,-22.48841356169349,12.562775378328,-0.8050922414607375,True,0,mapped,True,0.0
T049,L,850,T003,226,-21.95877131674473,12.493961192577418,-1.1551805729745683,True,0,mapped,True,0.0
T049,L,851,T003,227,-21.40284252108152,12.434371142539009,-1.5362890981525106,True,0,mapped,True,0.0
T049,L,852,T003,228,-20.937333055442245,12.448445030786964,-1.9211200301239837,True,0,mapped,True,0.0
T049,L,853,T003,229,-20.43726772195316,12.45600818547314,-2.350366983710144,True,0,mapped,True,0.0
T049,L,854,T003,230,-19.85800405498412,12.404311928941734,-2.8253968724152205,True,0,mapped,True,0.0
T049,L,855,T003,231,-19.43312170003284,12.43210090605884,-3.218467536510068,True,0,mapped,True,0.0
T049,L,856,T003,232,-18.96487164485476,12.522338858260236,-3.67280189239238,True,0,mapped,True,0.0
T049,L,857,T003,233,-18.341316088572373,12.488834022757016,-3.88919734954834,True,0,mapped,True,0.0
T049,L,857,T006,247,-18.34131608857237,12.488834022757016,-3.88919734954834,True,0,mapped,False,3.552713678800501e-15
T049,L,858,T003,234,-24.174245165935,12.895263671875,-0.165972241916203,True,0,mapped,True,0.0
T049,L,858,T004,234,-24.174245165935,12.895263671875,-0.165972241916203,True,0,mapped,False,0.0
T049,L,859,T003,235,-23.59091323809261,12.705704942963855,-0.3238220135207696,True,0,mapped,True,0.0
T049,L,860,T003,236,-22.97365494551774,12.627613413877636,-0.5532703621878671,True,0,mapped,True,0.0
T049,L,861,T003,237,-22.397305636067287,12.601442933024176,-0.8645802021951309,True,0,mapped,True,0.0
T049,L,862,T003,238,-21.80655744726866,12.60209443216166,-1.2256840892437215,True,0,mapped,True,0.0
T049,L,863,T003,239,-21.264685882104096,12.50316285834723,-1.656043319031801,True,0,mapped,True,0.0
T049,L,864,T003,240,-20.85558592582384,12.521935742744876,-1.9972290009611504,True,0,mapped,True,0.0
T049,L,865,T003,241,-20.32485165513675,12.477912196649536,-2.4667604546796587,True,0,mapped,True,0.0
T049,L,866,T003,242,-19.746330768875005,12.4540221018658,-2.9678422773827786,True,0,mapped,True,0.0
T049,L,867,T003,243,-19.352393746611018,12.491112868064183,-3.357173112577808,True,0,mapped,True,0.0
T049,L,868,T003,244,-18.857793986355468,12.575995767024189,-3.8146866531529313,True,0,mapped,True,0.0
T049,L,869,T003,245,-18.22873881989933,12.568109105387206,-4.023411886606225,True,0,mapped,True,0.0
T049,L,870,T003,246,-17.679962696682693,12.700767456214596,-4.219899594445929,True,0,mapped,True,0.0
T049,L,870,T006,234,-17.679962696682693,12.700767456214596,-4.219899594445929,True,0,mapped,False,0.0
T049,L,871,T003,247,-22.818896939260146,12.695263862609863,-0.5951818741624137,True,0,mapped,True,0.0
T049,L,871,T004,247,-22.818896939260146,12.695263862609863,-0.5951818741624137,True,0,mapped,False,0.0
T049,L,872,T003,248,-22.258564736222727,12.664330149917458,-0.9434331616833034,True,0,mapped,True,0.0
T049,L,873,T003,249,-21.67428579051533,12.671275800137582,-1.3006330679541458,True,0,mapped,True,0.0
T049,L,874,T003,250,-21.17580467768441,12.573636387488849,-1.7285096761961896,True,0,mapped,True,0.0
T049,L,875,T003,251,-20.73287688778113,12.542943525843718,-2.09004078553557,True,0,mapped,True,0.0
T049,L,876,T003,252,-20.22115408042491,12.552300877403264,-2.6073115901636745,True,0,mapped,True,0.0
T049,L,877,T003,253,-19.68963859401034,12.503977905588757,-3.07175364608294,True,0,mapped,True,0.0
T049,L,878,T003,254,-19.28012520533534,12.54782269595641,-3.4839646346717856,True,0,mapped,True,0.0
T049,L,879,T003,255,-18.73130793260819,12.560121380903608,-3.87251393687841,True,0,mapped,True,0.0
T049,L,880,T003,256,-18.15127034435872,12.632068510323151,-4.124826061074042,True,0,mapped,True,0.0
T049,L,881,T003,257,-17.543563427141287,12.756606523989348,-4.282429582300879,True,0,mapped,True,0.0
T049,L,882,T003,258,-17.797953080085257,12.677619148598634,-4.194890400905315,True,3,smooth_internal,False,0.922214860935291
T049,L,882,T006,220,-16.963544015944947,12.980340016785917,-4.445093996751434,True,0,mapped,True,0.0
T049,L,883,T003,259,-21.562954908311102,12.695263862609863,-1.3771427195659374,True,0,mapped,True,0.0
T049,L,883,T004,259,-21.562954908311102,12.695263862609863,-1.3771427195659374,True,0,mapped,False,0.0
T049,L,884,T003,260,-21.06761158890063,12.646280246863766,-1.826622572393489,True,0,mapped,True,0.0
T049,L,885,T003,261,-20.60081455907919,12.610648145626133,-2.2315367282308984,True,0,mapped,True,0.0
T049,L,886,T003,262,-20.121148693778625,12.614868225094687,-2.74217357598269,True,0,mapped,True,0.0
T049,L,887,T003,263,-19.629090894653554,12.566074124739938,-3.184539312931012,True,0,mapped,True,0.0
T049,L,888,T003,264,-19.18117756716325,12.610462804801402,-3.634472897335347,True,0,mapped,True,0.0
T049,L,889,T003,265,-18.59222409497996,12.612669986553234,-4.013050480102411,True,0,mapped,True,0.0
T049,L,890,T003,266,-18.00288205918802,12.650227248288854,-4.147814407538756,True,0,mapped,True,0.0
T049,L,891,T003,267,-18.06692410433639,12.62458439210691,-4.163703224439378,True,3,smooth_internal,True,0.0
T049,L,892,T003,268,-17.847199906250662,12.661270926081384,-4.23828664939628,True,3,smooth_internal,True,0.0
T049,L,893,T003,269,-17.73960835273701,12.684999199625883,-4.253782033063954,True,3,smooth_internal,False,1.6410697150391826
T049,L,893,T006,205,-16.268306656953808,13.30966478440835,-4.62549971732532,True,0,mapped,True,0.0
T049,L,894,T003,270,-20.482430536814142,12.695263862609863,-2.388800275721105,True,0,mapped,True,0.0
T049,L,894,T004,270,-20.482430536814142,12.695263862609863,-2.3888002757211053,True,0,mapped,False,4.440892098500626e-16
T049,L,895,T003,271,-20.01719933872104,12.661969859129664,-2.876097066525884,True,0,mapped,True,0.0
T049,L,896,T003,272,-19.50199299141064,12.569207070479967,-3.318144849558159,True,0,mapped,True,0.0
T049,L,897,T003,273,-19.07238681058304,12.65409606698107,-3.768908946801938,True,0,mapped,True,0.0
T049,L,898,T003,274,-18.466096991001205,12.65846985806074,-4.122769169032893,True,0,mapped,True,0.0
T049,L,899,T003,275,-17.904877040155508,12.691491547992994,-4.2148185771524975,True,0,mapped,True,0.0
T049,L,900,T003,276,-17.949731701885494,12.629298491066647,-4.257521380240671,True,3,smooth_internal,True,0.0
T049,L,901,T003,277,-17.85696248235455,12.61897006013242,-4.293197675142,True,3,smooth_internal,True,0.0
T049,L,902,T003,278,-17.812322766247238,12.62488632305413,-4.305326702722735,True,3,smooth_internal,True,0.0
T049,L,903,T003,279,-17.769952814789814,12.644522364335076,-4.299372404106421,True,3,smooth_internal,False,2.4810446687480625
T049,L,903,T006,189,-15.518753724881488,13.61184943886771,-4.689197540283203,True,0,mapped,True,0.0
T049,L,904,T003,280,-19.474433831701493,12.695263862609863,-3.4751017421352994,True,0,mapped,True,0.0
T049,L,904,T004,280,-19.474433831701493,12.695263862609863,-3.4751017421352994,True,0,mapped,False,0.0
T049,L,905,T003,281,-18.960110129745228,12.688285781358244,-3.8940234420467785,True,0,mapped,True,0.0
T049,L,906,T003,282,-18.345010269801868,12.672845979954284,-4.169861725749186,True,0,mapped,True,0.0
T049,L,907,T003,283,-17.735301547285278,12.72519788176842,-4.262931916728489,True,0,mapped,True,0.0
T049,L,908,T003,284,-17.784303312769687,12.64024256511379,-4.37215586769229,True,3,smooth_internal,True,0.0
T049,L,909,T003,285,-17.68391558301252,12.610662241927791,-4.428625294941512,True,3,smooth_internal,True,0.0
T049,L,910,T003,286,-17.658180847469204,12.59183335981651,-4.447207202740521,True,3,smooth_internal,True,0.0
T049,L,911,T003,287,-17.65263767741195,12.593077618068143,-4.437039094257831,True,3,smooth_internal,True,0.0
T049,L,912,T003,288,-17.681235962809993,12.606985714626456,-4.399742344252978,True,3,smooth_internal,False,3.1333761789880383
T049,L,912,T006,172,-14.85620585290453,13.7663871938539,-5.101909964655987,True,0,mapped,True,0.0
T049,L,913,T003,289,-18.22623876543937,12.695263862609863,-4.21789389678311,True,0,mapped,True,0.0
T049,L,913,T004,289,-18.22623876543937,12.695263862609863,-4.21789389678311,True,0,mapped,False,0.0
T049,L,914,T003,290,-18.0766201727738,12.635790891654352,-4.328046024840888,True,3,smooth_internal,True,0.0
T049,L,915,T003,291,-17.726305361446205,12.615984223190935,-4.47029629219789,True,3,smooth_internal,True,0.0
T049,L,916,T003,292,-17.49845642159296,12.593232211184436,-4.570763203864879,True,3,smooth_internal,True,0.0
T049,L,917,T003,293,-17.418026342384177,12.562487090077626,-4.63248130875277,True,3,smooth_internal,True,0.0
T049,L,918,T003,294,-17.389662370490047,12.54874768948478,-4.646746083568502,True,3,smooth_internal,True,0.0
T049,L,919,T003,295,-17.4177550341986,12.550398336889856,-4.619108419526505,True,3,smooth_internal,True,0.0
T049,L,920,T003,296,-17.490996157706796,12.565549247148702,-4.556618534147342,True,3,smooth_internal,False,3.4370326714556003
T049,L,920,T006,154,-14.292961354086064,13.407610877997255,-5.492940695231015,True,0,mapped,True,0.0
T049,L,921,T003,297,-17.73254531295656,12.592684030868051,-4.532389057644537,True,3,smooth_internal,False,0.973335725893554
T049,L,921,T004,297,-16.865843248268224,13.03352916748551,-4.489197254180908,True,0,mapped,True,0.0
T049,L,922,T003,298,-17.47028226355853,12.549760706037178,-4.683316686185026,True,3,smooth_internal,True,0.0
T049,L,923,T003,299,-17.233320762474126,12.51919617139196,-4.80611460459706,True,3,smooth_internal,True,0.0
T049,L,924,T003,300,-17.09507770946098,12.496446966482727,-4.87957693373336,True,3,smooth_internal,True,0.0
T049,L,925,T003,301,-17.058791845583315,12.485796084593645,-4.895710803044061,True,3,smooth_internal,True,0.0
T049,L,926,T003,302,-17.103616720688507,12.491538059631663,-4.855868552127075,True,3,smooth_internal,True,0.0
T049,L,927,T003,303,-17.21379255837418,12.511875150705636,-4.769670630126641,True,3,smooth_internal,False,3.549653776349405
T049,L,927,T006,135,-13.970683641425554,13.09506572342821,-6.089585491262545,True,0,mapped,True,0.0
T049,L,928,T003,304,-17.157942846573143,12.490013610056618,-4.899719803182495,True,3,smooth_internal,False,1.9651677679514952
T049,L,928,T004,304,-15.551100332110549,13.601598904460404,-4.689197540283203,True,0,mapped,True,0.0
T049,L,929,T003,305,-16.89689258365375,12.445093925996924,-5.062093067033803,True,3,smooth_internal,True,0.0
T049,L,930,T003,306,-16.71529720657369,12.414902810010156,-5.169110577215393,True,3,smooth_internal,True,0.0
T049,L,931,T003,307,-16.649340300154833,12.403347680861998,-5.201509368635528,True,3,smooth_internal,True,0.0
T049,L,932,T003,308,-16.700047498345278,12.412512068449418,-5.1561518430981765,True,3,smooth_internal,True,0.0
T049,L,933,T003,309,-16.844723304114645,12.44020456184008,-5.04586238550668,True,3,smooth_internal,False,3.627947285006445
T049,L,933,T006,115,-13.662914404542938,12.745222277988656,-6.761979462581386,True,0,mapped,True,0.0
T049,L,934,T003,310,-16.533718879751348,12.372687484203178,-5.32000933963444,True,3,smooth_internal,False,2.4235240392611335
T049,L,934,T004,310,-14.401205147624983,13.519255682751115,-5.426006119055432,True,0,mapped,True,0.0
T049,L,935,T003,311,-16.273771485169444,12.324308703590932,-5.492375557875267,True,3,smooth_internal,True,0.0
T049,L,936,T003,312,-16.146718054392412,12.30136448052317,-5.570853189449836,True,3,smooth_internal,True,0.0
T049,L,937,T003,313,-16.183689497818776,12.309426868939198,-5.535359627105396,True,3,smooth_internal,True,0.0
T049,L,938,T003,314,-16.36378533465207,12.34512781589524,-5.400257738623743,True,3,smooth_internal,False,3.6235484175555572
T049,L,938,T006,94,-13.323682519004034,12.359573437456271,-7.371975093793083,True,0,mapped,True,0.0
T049,L,939,T003,315,-15.808502545001565,12.23156377665096,-5.8244140958554205,True,3,smooth_internal,False,2.208538518789595
T049,L,939,T004,315,-13.809108225911212,12.896968657784171,-6.485701544648047,True,0,mapped,True,0.0
T049,L,940,T003,316,-15.545163885021966,12.18061635614264,-6.00542044810589,True,3,smooth_internal,True,0.0
T049,L,941,T003,317,-15.516925939683356,12.17598136960934,-6.018854509320579,True,3,smooth_internal,True,0.0
T049,L,942,T003,318,-15.72931714243984,12.218634254747048,-5.861969552215603,True,3,smooth_internal,False,3.554519380575413
T049,L,942,T006,72,-12.86635373721694,12.095264434814457,-7.965021728166195,True,0,mapped,True,0.0
T049,L,943,T003,319,-14.88384797283795,12.048899343261246,-6.478250299384637,True,2,smooth_near_vertex,False,2.0555927132802907
T049,L,943,T004,319,-13.16762767432179,12.239953759760086,-7.59339490874632,True,0,mapped,True,0.0
T049,L,944,T003,320,-14.645064888266036,12.001976189295108,-6.645304401865315,True,2,smooth_near_vertex,True,0.0
T049,L,945,T003,321,-14.855558474798473,12.044275346585234,-6.49168120494674,True,2,smooth_near_vertex,False,3.2110094076561726
T049,L,945,T006,49,-12.348035972690589,11.895263671875,-8.491858156688538,True,0,mapped,True,0.0
T049,L,946,T003,322,-13.538998467809575,11.781682060703066,-7.436360406269536,True,2,smooth_near_vertex,False,1.7269339551090999
T049,L,946,T004,322,-12.248358396837046,11.836915882364044,-8.582439948645852,True,0,mapped,True,0.0
T049,L,947,T003,323,-13.53333754949372,11.78075700168129,-7.439048469041162,True,2,smooth_near_vertex,True,0.0
T049,L,947,T006,25,-11.85158017524178,11.57824614521446,-8.794330633258156,True,2,smooth_near_vertex,False,2.169356645985718
T049,L,948,T003,324,-11.095377922058104,11.29526424407959,-9.181788444519045,True,-1,landmark_vertex,True,0.0
T049,L,948,T004,324,-11.095377922058104,11.29526424407959,-9.181788444519045,True,0,mapped,False,0.0
T049,L,948,T006,0,-11.095377922058104,11.29526424407959,-9.181788444519045,True,-1,landmark_vertex,False,0.0
T049,L,948,T007,0,-11.095377922058104,11.29526424407959,-9.181788444519045,True,0,mapped,False,0.0
T049,L,949,T004,26,-25.698545134392997,14.771844865274517,-12.253667266595858,True,0,mapped,True,0.0
T049,L,950,T004,27,-25.322569816338195,15.499414794860083,-11.745677764616538,True,0,mapped,True,0.0
T049,L,951,T004,28,-24.92434199094265,16.204355624214816,-11.330136547648369,True,0,mapped,True,0.0
T049,L,952,T004,29,-24.481173527661003,16.918213666999012,-10.734863107992084,True,0,mapped,True,0.0
T049,L,953,T004,30,-24.07342956690078,17.66584965983382,-10.216130153307097,True,0,mapped,True,0.0
T049,L,954,T004,31,-23.70167984231947,18.413032695818103,-9.758581279996106,True,0,mapped,True,0.0
T049,L,955,T004,32,-23.26221211666033,19.25146249366356,-9.378952819558188,True,0,mapped,True,0.0
T049,L,956,T004,33,-22.83438431878555,20.094928155776984,-9.064580063658578,True,0,mapped,True,0.0
T049,L,957,T004,34,-22.169253398383205,20.90355262194244,-8.729768908008735,True,0,mapped,True,0.0
T049,L,958,T004,35,-21.546553577070966,21.65059703867847,-8.618396111292412,True,0,mapped,True,0.0
T049,L,959,T004,36,-20.99443181872064,22.694954163689125,-8.566737961522845,True,0,mapped,True,0.0
T049,L,960,T004,37,-20.3717176227145,23.43358859557556,-8.532669476136409,True,0,mapped,True,0.0
T049,L,961,T004,38,-19.720483548805856,24.29914648651942,-8.541159931009123,True,0,mapped,True,0.0
T049,L,962,T004,39,-18.939272214046824,24.89727898059316,-8.573584830897044,True,0,mapped,True,0.0
T049,L,963,T004,40,-18.09536666553011,25.04699601627645,-9.158930703743964,True,0,mapped,True,0.0
T049,L,964,T004,41,-17.75539853824398,24.45852143530308,-9.82570455094433,True,0,mapped,True,0.0
T049,L,965,T004,42,-18.12350375628169,23.78973516436198,-10.407816151465385,True,0,mapped,True,0.0
T049,L,966,T004,43,-18.792439156940738,23.1686887819268,-10.814128176497686,True,0,mapped,True,0.0
T049,L,967,T004,44,-19.509904839244683,22.64769264309673,-11.274368672880945,True,0,mapped,True,0.0
T049,L,968,T004,45,-19.93011223784197,21.991412534339418,-11.759075491571403,True,0,mapped,True,0.0
T049,L,969,T004,46,-19.87576584783967,21.18287500455758,-12.342651314430348,True,0,mapped,True,0.0
T049,L,970,T004,47,-19.330825637310767,20.699008768194727,-12.618887727639772,True,0,mapped,True,0.0
T049,L,971,T004,48,-18.524365395101263,20.50578396132897,-12.855134321163392,True,0,mapped,True,0.0
T049,L,972,T004,50,-25.87397090474593,14.784129977361722,-10.748404116045531,True,0,mapped,True,0.0
T049,L,973,T004,51,-25.61493549167721,15.365321639438116,-10.296855666732686,True,0,mapped,True,0.0
T049,L,974,T004,52,-25.11445206972788,16.211983879546885,-9.8512199583147,True,0,mapped,True,0.0
T049,L,975,T004,53,-24.6720825262332,16.96161584161276,-9.311281757622265,True,0,mapped,True,0.0
T049,L,976,T004,54,-24.15167457699765,17.784531722272874,-8.787262937302984,True,0,mapped,True,0.0
T049,L,977,T004,55,-23.564017472865523,18.66353251700565,-8.341171610436326,True,0,mapped,True,0.0
T049,L,978,T004,56,-22.99482898427139,19.546468520716125,-7.951813583982727,True,0,mapped,True,0.0
T049,L,979,T004,57,-22.38020646703637,20.442202635340912,-7.64605167873278,True,0,mapped,True,0.0
T049,L,980,T004,58,-21.68654654659349,21.42715375026668,-7.453373717658443,True,0,mapped,True,0.0
T049,L,981,T004,59,-20.984928337078475,22.492191920706077,-7.347285804505635,True,0,mapped,True,0.0
T049,L,982,T004,60,-20.19911162298318,23.42773899637036,-7.313999379501649,True,0,mapped,True,0.0
T049,L,983,T004,61,-19.48400307863617,24.243145319176318,-7.426232781536193,True,0,mapped,True,0.0
T049,L,984,T004,62,-18.609910462972124,24.58197928835804,-7.6630033492570995,True,0,mapped,True,0.0
T049,L,985,T004,63,-17.621335281118018,24.41134114483876,-8.463493220930015,True,0,mapped,True,0.0
T049,L,986,T004,64,-17.584024272380468,23.6341116421033,-9.227740559835386,True,0,mapped,True,0.0
T049,L,987,T004,65,-18.10688788809044,22.99980569949674,-9.744507894748049,True,0,mapped,True,0.0
T049,L,988,T004,66,-18.90443342616715,22.41920072468922,-10.252527200283248,True,0,mapped,True,0.0
T049,L,989,T004,67,-19.60273350048976,21.961092006889167,-10.78478275055091,True,0,mapped,True,0.0
T049,L,990,T004,68,-19.91660228572661,21.321682386658036,-11.356381359530207,True,0,mapped,True,0.0
T049,L,991,T004,69,-19.7269334403205,20.615515933313752,-11.88990195402918,True,0,mapped,True,0.0
T049,L,992,T004,70,-19.017169131496665,20.18866665552975,-12.343266016539326,True,0,mapped,True,0.0
T049,L,993,T004,71,-18.13485759536473,20.13246382003271,-12.554169851791713,True,0,mapped,True,0.0
T049,L,994,T004,73,-26.25539015058621,14.687514061551164,-9.456501803631854,True,0,mapped,True,0.0
T049,L,995,T004,74,-25.97891160557516,15.55150950503326,-8.941235315862434,True,0,mapped,True,0.0
T049,L,996,T004,75,-25.568048523241185,16.467787182691357,-8.510909588604113,True,0,mapped,True,0.0
T049,L,997,T004,76,-25.09253834138138,17.37242514236279,-8.032170008912077,True,0,mapped,True,0.0
T049,L,998,T004,77,-24.496257800231103,18.328024946074603,-7.522350266724281,True,0,mapped,True,0.0
T049,L,999,T004,78,-23.87438144528684,19.271477638609248,-6.998985158695284,True,0,mapped,True,0.0
T049,L,1000,T004,79,-23.07303136068317,20.242808179842545,-6.652963504541065,True,0,mapped,True,0.0
T049,L,1001,T004,80,-22.273886356444883,21.28201856533472,-6.367469244251774,True,0,mapped,True,0.0
T049,L,1002,T004,81,-21.464074659163963,22.353711779283145,-6.156638193314636,True,0,mapped,True,0.0
T049,L,1003,T004,82,-20.471120900272663,23.483450848301853,-6.14867167713912,True,0,mapped,True,0.0
T049,L,1004,T004,83,-19.405273058127637,24.256045001799293,-6.21304758489492,True,0,mapped,True,0.0
T049,L,1005,T004,84,-18.04855791052229,24.25914391957989,-6.723367408721857,True,0,mapped,True,0.0
T049,L,1006,T004,85,-17.188445073421843,23.68365115632091,-7.652544423855128,True,0,mapped,True,0.0
T049,L,1007,T004,86,-17.53088868728768,22.90899612524904,-8.50008247880813,True,0,mapped,True,0.0
T049,L,1008,T004,87,-18.260504361585344,22.291757712480745,-9.198912222554316,True,0,mapped,True,0.0
T049,L,1009,T004,88,-19.082604218573348,21.76912354235676,-9.794489818446268,True,0,mapped,True,0.0
T049,L,1010,T004,89,-19.73381871102199,21.27953719634663,-10.4000509622455,True,0,mapped,True,0.0
T049,L,1011,T004,90,-19.869232613948142,20.668527428868785,-10.981320606592329,True,0,mapped,True,0.0
T049,L,1012,T004,91,-19.5276277191718,20.033289045104738,-11.575023384963716,True,0,mapped,True,0.0
T049,L,1013,T004,92,-18.78135781052429,19.70678097956393,-11.95762195172962,True,0,mapped,True,0.0
T049,L,1014,T004,93,-17.795532940168435,19.76611941359104,-12.208228749581613,True,0,mapped,True,0.0
T049,L,1015,T004,95,-26.76019302359717,14.733290479284886,-8.130823616491279,True,0,mapped,True,0.0
T049,L,1016,T004,96,-26.588014838998838,15.875013725058713,-7.778591817847426,True,0,mapped,True,0.0
T049,L,1017,T004,97,-26.329268698864595,17.002261070915758,-7.337038087222021,True,0,mapped,True,0.0
T049,L,1018,T004,98,-25.77888719451317,18.118322318095824,-6.877230203147238,True,0,mapped,True,0.0
T049,L,1019,T004,99,-25.051553320567507,19.152536346000492,-6.34166283258282,True,0,mapped,True,0.0
T049,L,1020,T004,100,-24.18608044569321,20.19360347371795,-5.725413978578599,True,0,mapped,True,0.0
T049,L,1021,T004,101,-23.15029776721245,21.2836840119256,-5.230638321193927,True,0,mapped,True,0.0
T049,L,1022,T004,102,-22.10212955382329,22.43233646389217,-4.925334624971447,True,0,mapped,True,0.0
T049,L,1023,T004,103,-20.913700767211346,23.677707550713063,-4.81534136012139,True,0,mapped,True,0.0
T049,L,1024,T004,104,-19.20200007234417,24.10511860530588,-4.963173969545644,True,0,mapped,True,0.0
T049,L,1025,T004,105,-17.696925354947414,23.667935848697727,-5.699195697294852,True,0,mapped,True,0.0
T049,L,1026,T004,106,-17.013500402089267,22.78922945057822,-6.794787100937383,True,0,mapped,True,0.0
T049,L,1027,T004,107,-17.799002413838963,22.132852948698627,-7.730882399687559,True,0,mapped,True,0.0
T049,L,1028,T004,108,-18.49880462418141,21.511268868157792,-8.56947770629776,True,0,mapped,True,0.0
T049,L,1029,T004,109,-19.31407709866121,21.023859929920704,-9.266733860166667,True,0,mapped,True,0.0
T049,L,1030,T004,110,-19.82302372335317,20.53567037177635,-9.986802737222126,True,0,mapped,True,0.0
T049,L,1031,T004,111,-19.78198440171019,20.042240092700105,-10.632688749940504,True,0,mapped,True,0.0
T049,L,1032,T004,112,-19.265654043838243,19.389170036168053,-11.165157425097853,True,0,mapped,True,0.0
T049,L,1033,T004,113,-18.291234108849157,19.320754124334435,-11.697465431550352,True,0,mapped,True,0.0
T049,L,1034,T004,114,-17.52062796759122,19.39158301006505,-11.80168442646272,True,0,mapped,True,0.0
T049,L,1035,T004,116,-27.66000077059292,14.746185628028252,-7.022926160318973,True,0,mapped,True,0.0
T049,L,1036,T004,117,-27.670012592494597,16.344326772871746,-6.790534089133103,True,0,mapped,True,0.0
T049,L,1037,T004,118,-27.265304469129216,17.6940453765131,-6.309989752936261,True,0,mapped,True,0.0
T049,L,1038,T004,119,-26.50736469999647,19.08134282502036,-5.606659151125166,True,0,mapped,True,0.0
T049,L,1039,T004,120,-25.37921759284704,20.125769230378754,-4.7800230250971065,True,0,mapped,True,0.0
T049,L,1040,T004,121,-24.169900181108467,21.128964410184608,-4.029905627372905,True,0,mapped,True,0.0
T049,L,1041,T004,122,-22.836516845769907,22.229730558244533,-3.503952273158213,True,0,mapped,True,0.0
T049,L,1042,T004,123,-21.20503869290218,23.55877450226544,-3.047646242995357,True,0,mapped,True,0.0
T049,L,1043,T004,124,-19.10938290450682,23.493513415316524,-3.3994822637316577,True,0,mapped,True,0.0
T049,L,1044,T004,125,-17.48223637176569,22.55331044546731,-4.335319241891094,True,0,mapped,True,0.0
T049,L,1045,T004,126,-17.473256462303596,21.811653209021785,-5.838454315551279,True,0,mapped,True,0.0
T049,L,1046,T004,127,-18.372996077660822,21.33201957839689,-6.93432770121069,True,0,mapped,True,0.0
T049,L,1047,T004,128,-18.73735718158106,20.698575560479448,-8.017441138889307,True,0,mapped,True,0.0
T049,L,1048,T004,129,-19.639327960435192,20.28442000795803,-8.848796003464097,True,0,mapped,True,0.0
T049,L,1049,T004,130,-19.83405788866209,19.81416259343838,-9.643427037726113,True,0,mapped,True,0.0
T049,L,1050,T004,131,-19.621359613388726,19.341418655414785,-10.321816069529376,True,0,mapped,True,0.0
T049,L,1051,T004,132,-18.959031503984207,18.94563895065649,-10.950881707437652,True,0,mapped,True,0.0
T049,L,1052,T004,133,-18.17357920323309,18.87286454310369,-11.299717046356152,True,0,mapped,True,0.0
T049,L,1053,T004,134,-17.262539252584094,19.019345544179703,-11.397189431294054,True,0,mapped,True,0.0
T049,L,1054,T004,136,-28.4599303696981,14.912037841184098,-5.868697231034775,True,0,mapped,True,0.0
T049,L,1055,T004,137,-28.0638598010052,16.529774807715455,-5.083091306862137,True,0,mapped,True,0.0
T049,L,1056,T004,138,-27.263768801658664,17.850694131768872,-4.350498269962371,True,0,mapped,True,0.0
T049,L,1057,T004,139,-26.15023476750614,19.182001318395717,-3.75091603084837,True,0,mapped,True,0.0
T049,L,1058,T004,140,-24.959762268025823,20.25110091813579,-2.8724222395174714,True,0,mapped,True,0.0
T049,L,1059,T004,141,-23.442605614683718,21.545996203046368,-1.8257868517812263,True,0,mapped,True,0.0
T049,L,1060,T004,142,-21.376212361775004,22.45187994790704,-1.4410599388575602,True,0,mapped,True,0.0
T049,L,1061,T004,143,-19.00657758502328,22.474986244591182,-1.9572955129354712,True,0,mapped,True,0.0
T049,L,1062,T004,144,-17.584991506608965,21.420959896042163,-3.227621666838022,True,0,mapped,True,0.0
T049,L,1063,T004,145,-18.527659083120778,21.377426583204667,-4.876800396145936,True,0,mapped,True,0.0
T049,L,1064,T004,146,-18.925315797442583,20.66747076542016,-6.2662741076567245,True,0,mapped,True,0.0
T049,L,1065,T004,147,-19.105074334395564,19.85380658531793,-7.561896877775219,True,0,mapped,True,0.0
T049,L,1066,T004,148,-19.87870890742004,19.507092705061275,-8.499218440831836,True,0,mapped,True,0.0
T049,L,1067,T004,149,-19.827730173085712,19.111875319167066,-9.210696352630375,True,0,mapped,True,0.0
T049,L,1068,T004,150,-19.415533865824703,18.64664207762213,-10.020455115976546,True,0,mapped,True,0.0
T049,L,1069,T004,151,-18.67555630266009,18.36349930036971,-10.538526834757729,True,0,mapped,True,0.0
T049,L,1070,T004,152,-17.76708779648762,18.47374218726414,-10.947589861366165,True,0,mapped,True,0.0
T049,L,1071,T004,153,-16.929774024050932,18.702809689873646,-11.015513129367273,True,0,mapped,True,0.0
T049,L,1072,T004,155,-28.500851175725977,14.895600060313562,-4.068071578038124,True,0,mapped,True,0.0
T049,L,1073,T004,156,-27.689820818817275,16.46534293798954,-3.302664255865324,True,0,mapped,True,0.0
T049,L,1074,T004,157,-26.331513631618773,17.685838064116645,-2.6329151701384346,True,0,mapped,True,0.0
T049,L,1075,T004,158,-24.997251122111244,18.73012745344259,-2.085750426063567,True,0,mapped,True,0.0
T049,L,1076,T004,159,-23.566088796312307,19.79707130770001,-0.9638010522070176,True,0,mapped,True,0.0
T049,L,1077,T004,160,-21.442847466378836,20.929563019763865,-0.4489871951089108,True,0,mapped,True,0.0
T049,L,1078,T004,161,-19.003644492222097,20.90534822802204,-0.94647014033392,True,0,mapped,True,0.0
T049,L,1079,T004,162,-18.286072354176767,20.43202831884674,-2.563701356109912,True,0,mapped,True,0.0
T049,L,1080,T004,163,-19.438377953195896,20.847310124713825,-4.168507438939031,True,0,mapped,True,0.0
T049,L,1081,T004,164,-19.03774208846054,19.69156645276142,-5.692885456882807,True,0,mapped,True,0.0
T049,L,1082,T004,165,-19.51537209551717,19.04276175243628,-7.02334498553951,True,0,mapped,True,0.0
T049,L,1083,T004,166,-19.853960525643537,18.692656835499623,-8.095290824533146,True,0,mapped,True,0.0
T049,L,1084,T004,167,-19.70116179913615,18.390325815416425,-8.881834205642575,True,0,mapped,True,0.0
T049,L,1085,T004,168,-19.151827163996987,18.072327080265445,-9.772972869707583,True,0,mapped,True,0.0
T049,L,1086,T004,169,-18.283835300989782,17.96602404101203,-10.302934703939274,True,0,mapped,True,0.0
T049,L,1087,T004,170,-17.296551633959346,18.087543631930775,-10.540718159424674,True,0,mapped,True,0.0
T049,L,1088,T004,171,-16.418752168012976,18.495264053344727,-10.717594218547427,True,0,mapped,True,0.0
T049,L,1089,T004,173,-27.876347529698627,14.90941657008917,-2.391096267508498,True,0,mapped,True,0.0
T049,L,1090,T004,174,-26.87567041657966,16.086524436402858,-1.6959943040512764,True,0,mapped,True,0.0
T049,L,1091,T004,175,-25.37059008755612,17.26598828041033,-1.0653957208453608,True,0,mapped,True,0.0
T049,L,1092,T004,176,-23.70089133023788,18.328936439400945,-0.2350323449895139,True,0,mapped,True,0.0
T049,L,1093,T004,177,-21.67630997001921,19.16776634344992,0.1222335194143078,True,0,mapped,True,0.0
T049,L,1094,T004,178,-19.439574932331404,19.20946103088867,-0.4704744840884393,True,0,mapped,True,0.0
T049,L,1095,T004,179,-18.928233684329896,19.22394197281777,-2.0200015507672453,True,0,mapped,True,0.0
T049,L,1096,T004,180,-19.92652422059436,19.32259094714257,-3.649159425750153,True,0,mapped,True,0.0
T049,L,1097,T004,181,-19.31405724460303,18.737992670923678,-5.138560873347451,True,0,mapped,True,0.0
T049,L,1098,T004,182,-19.76443348651538,18.19006606403952,-6.5971058046623785,True,0,mapped,True,0.0
T049,L,1099,T004,183,-19.824535157902535,17.93532991313904,-7.67343512450038,True,0,mapped,True,0.0
T049,L,1100,T004,184,-19.501633388335414,17.67005907468163,-8.7067169676664,True,0,mapped,True,0.0
T049,L,1101,T004,185,-18.725712041011604,17.34737560302967,-9.45690732403324,True,0,mapped,True,0.0
T049,L,1102,T004,186,-17.91216799278391,17.490339479136004,-9.999490930762558,True,0,mapped,True,0.0
T049,L,1103,T004,187,-16.795407560583904,17.90997869508822,-10.278114472198908,True,0,mapped,True,0.0
T049,L,1104,T004,188,-15.932300932053868,18.3552549781341,-10.358925976237114,True,0,mapped,True,0.0
T049,L,1105,T004,190,-26.96862102474652,14.6472042539739,-1.132417302193859,True,0,mapped,True,0.0
T049,L,1106,T004,191,-25.54150644987031,15.869115373502517,-0.5405937531006788,True,0,mapped,True,0.0
T049,L,1107,T004,192,-23.94645655656765,16.779455480524184,0.1632991949125961,True,0,mapped,True,0.0
T049,L,1108,T004,193,-21.91559207698693,17.523468256219306,0.3269015692761087,True,0,mapped,True,0.0
T049,L,1109,T004,194,-19.83475711258416,17.66227465019181,-0.3000029916105162,True,0,mapped,True,0.0
T049,L,1110,T004,195,-18.99568084162519,17.625815496515628,-1.96037131885448,True,0,mapped,True,0.0
T049,L,1111,T004,196,-20.08414861696807,17.970744718656018,-3.4266733762751445,True,0,mapped,True,0.0
T049,L,1112,T004,197,-19.652956927984,17.656243350410456,-5.0165207213581295,True,0,mapped,True,0.0
T049,L,1113,T004,198,-19.787202865146533,17.444905343571953,-6.240705773477084,True,0,mapped,True,0.0
T049,L,1114,T004,199,-19.714478957558335,17.16207417250966,-7.35320543794806,True,0,mapped,True,0.0
T049,L,1115,T004,200,-19.192666755988977,16.867343064735895,-8.41547092880518,True,0,mapped,True,0.0
T049,L,1116,T004,201,-18.461210141167424,16.89119656816463,-9.134516684264009,True,0,mapped,True,0.0
T049,L,1117,T004,202,-17.290538934700955,17.191284118059748,-9.70007947919284,True,0,mapped,True,0.0
T049,L,1118,T004,203,-16.327696921949766,17.642437148699447,-9.864782413366989,True,0,mapped,True,0.0
T049,L,1119,T004,204,-15.392223209781417,18.29218782172854,-10.044013722089156,True,0,mapped,True,0.0
T049,L,1120,T004,206,-25.54332220937788,14.387405623875154,-0.309910672651367,True,0,mapped,True,0.0
T049,L,1121,T004,207,-24.07564756345108,15.502173384051405,0.1830708679417434,True,0,mapped,True,0.0
T049,L,1122,T004,208,-22.144405816948936,16.078190888903055,0.2486696259178662,True,0,mapped,True,0.0
T049,L,1123,T004,209,-20.38742684240137,16.367162817223168,-0.3975659304890228,True,0,mapped,True,0.0
T049,L,1124,T004,210,-19.31990691570297,16.436169348552784,-1.9246815659283267,True,0,mapped,True,0.0
T049,L,1125,T004,211,-20.12533103370585,16.785082883802172,-3.3787127948590987,True,0,mapped,True,0.0
T049,L,1126,T004,212,-19.84239770919728,16.71847338624009,-4.887066211171229,True,0,mapped,True,0.0
T049,L,1127,T004,213,-19.712615875239948,16.659828502571724,-6.184791482768221,True,0,mapped,True,0.0
T049,L,1128,T004,214,-19.508828539975877,16.411325432665667,-7.146278076449783,True,0,mapped,True,0.0
T049,L,1129,T004,215,-18.922184852746664,16.271727024808804,-8.088502751537211,True,0,mapped,True,0.0
T049,L,1130,T004,216,-18.001605739477593,16.48754162393238,-8.891622892002047,True,0,mapped,True,0.0
T049,L,1131,T004,217,-16.87845789259883,16.933209565638077,-9.33183910493456,True,0,mapped,True,0.0
T049,L,1132,T004,218,-15.854825198535826,17.491318177048758,-9.494216033296476,True,0,mapped,True,0.0
T049,L,1133,T004,219,-14.896564311605722,18.18617613400513,-9.690383739095951,True,0,mapped,True,0.0
T049,L,1134,T004,221,-24.04840766461441,14.029168810282414,-0.0197055419627511,True,0,mapped,True,0.0
T049,L,1135,T004,222,-22.50607701073016,14.878826404679714,-0.0163088494102922,True,0,mapped,True,0.0
T049,L,1136,T004,223,-20.74574548177187,15.374621497299351,-0.6499441331398719,True,0,mapped,True,0.0
T049,L,1137,T004,224,-19.789892575744226,15.477805017864966,-1.940184273089781,True,0,mapped,True,0.0
T049,L,1138,T004,225,-19.94882899532268,15.792483263760689,-3.382225071891236,True,0,mapped,True,0.0
T049,L,1139,T004,226,-19.776776697069213,15.897793334788052,-4.7981621682711415,True,0,mapped,True,0.0
T049,L,1140,T004,227,-19.626493421946087,15.991746299359178,-6.014839934297645,True,0,mapped,True,0.0
T049,L,1141,T004,228,-19.238387611480206,15.839612651958568,-7.016207241769946,True,0,mapped,True,0.0
T049,L,1142,T004,229,-18.38434451062706,15.744496725191569,-7.889057273126555,True,0,mapped,True,0.0
T049,L,1143,T004,230,-17.31268711235778,16.00374895133536,-8.379298186302034,True,0,mapped,True,0.0
T049,L,1144,T004,231,-16.329821091297262,16.615354329508886,-8.796190944968016,True,0,mapped,True,0.0
T049,L,1145,T004,232,-15.45508565742341,17.25856435878204,-9.113789949432135,True,0,mapped,True,0.0
T049,L,1146,T004,233,-14.394688842049618,18.02449480290017,-9.370860358695031,True,0,mapped,True,0.0
T049,L,1147,T004,235,-22.724965279896367,13.778634795695202,-0.2850314674535523,True,0,mapped,True,0.0
T049,L,1148,T004,236,-21.07915210603089,14.521727056756214,-0.9346853238114772,True,0,mapped,True,0.0
T049,L,1149,T004,237,-20.1600027513638,14.763242348444772,-2.045164180747245,True,0,mapped,True,0.0
T049,L,1150,T004,238,-19.86186492084567,14.93693222833604,-3.3409607312489946,True,0,mapped,True,0.0
T049,L,1151,T004,239,-19.720887360300992,15.244563711976136,-4.698847515764959,True,0,mapped,True,0.0
T049,L,1152,T004,240,-19.465821983652432,15.320164190478758,-5.832040574593498,True,0,mapped,True,0.0
T049,L,1153,T004,241,-18.858977905656868,15.253353513837991,-6.8061765297247545,True,0,mapped,True,0.0
T049,L,1154,T004,242,-17.981274043875835,15.4547114380789,-7.66210307955957,True,0,mapped,True,0.0
T049,L,1155,T004,243,-16.80836132587257,15.870970998438729,-8.151932160865814,True,0,mapped,True,0.0
T049,L,1156,T004,244,-15.964608692700814,16.474466074895233,-8.492029417118392,True,0,mapped,True,0.0
T049,L,1157,T004,245,-15.042704763464256,17.065058068885417,-8.708467794986861,True,0,mapped,True,0.0
T049,L,1158,T004,246,-13.898349444220989,17.7616659342385,-9.091029254013618,True,0,mapped,True,0.0
T049,L,1159,T004,248,-21.288364573986808,13.645531605507792,-1.2787583513162932,True,0,mapped,True,0.0
T049,L,1160,T004,249,-20.428108325106688,14.02155841807479,-2.286836085485424,True,0,mapped,True,0.0
T049,L,1161,T004,250,-19.96512565703168,14.259721538966655,-3.4181610123469777,True,0,mapped,True,0.0
T049,L,1162,T004,251,-19.668115651646264,14.479892447878177,-4.641353249499305,True,0,mapped,True,0.0
T049,L,1163,T004,252,-19.15716179235269,14.642546911356646,-5.705564209990607,True,0,mapped,True,0.0
T049,L,1164,T004,253,-18.43096648967927,14.848774893787075,-6.693474813651029,True,0,mapped,True,0.0
T049,L,1165,T004,254,-17.456385407687904,15.12625929241388,-7.340063781320365,True,0,mapped,True,0.0
T049,L,1166,T004,255,-16.40624206735544,15.626363559206926,-7.730894242185977,True,0,mapped,True,0.0
T049,L,1167,T004,256,-15.577901441061918,16.325343614188725,-8.144504715463029,True,0,mapped,True,0.0
T049,L,1168,T004,257,-14.663075020444138,16.691494464053672,-8.319593153933068,True,0,mapped,True,0.0
T049,L,1169,T004,258,-13.493969658056114,17.38699640466806,-8.88761876364462,True,0,mapped,True,0.0
T049,L,1170,T004,260,-20.499738562514185,13.462370733787346,-2.4364588145642303,True,0,mapped,True,0.0
T049,L,1171,T004,261,-19.939295488582783,13.7230422450694,-3.49978180059224,True,0,mapped,True,0.0
T049,L,1172,T004,262,-19.41299736530788,13.867941799606568,-4.599264484848329,True,0,mapped,True,0.0
T049,L,1173,T004,263,-18.80306265403815,14.226718985458534,-5.678779386428012,True,0,mapped,True,0.0
T049,L,1174,T004,264,-17.97592341816221,14.494317120035223,-6.492701892897476,True,0,mapped,True,0.0
T049,L,1175,T004,265,-16.901764758651073,14.91335006748715,-7.031395846590726,True,0,mapped,True,0.0
T049,L,1176,T004,266,-16.004549317590797,15.500846955785532,-7.430588553037371,True,0,mapped,True,0.0
T049,L,1177,T004,267,-15.258787666524768,16.077012515425743,-7.787763890269757,True,0,mapped,True,0.0
T049,L,1178,T004,268,-14.156178108028648,16.537395419526852,-8.248733280570363,True,0,mapped,True,0.0
T049,L,1179,T004,269,-13.111357782426142,16.91124353224303,-8.752879431297256,True,0,mapped,True,0.0
T049,L,1180,T004,271,-19.747747714888355,13.111545155521426,-3.5185759020086538,True,0,mapped,True,0.0
T049,L,1181,T004,272,-19.155508095748715,13.48439612314201,-4.612193971855618,True,0,mapped,True,0.0
T049,L,1182,T004,273,-18.47555088711293,13.833057639301884,-5.505297141093116,True,0,mapped,True,0.0
T049,L,1183,T004,274,-17.56233725158463,14.18907071860522,-6.2124668522132,True,0,mapped,True,0.0
T049,L,1184,T004,275,-16.476037067489326,14.67326264607846,-6.631122834988978,True,0,mapped,True,0.0
T049,L,1185,T004,276,-15.578423928943415,15.303488737852437,-7.097180396198334,True,0,mapped,True,0.0
T049,L,1186,T004,277,-14.75014035564136,15.830764167183773,-7.560399490283792,True,0,mapped,True,0.0
T049,L,1187,T004,278,-13.786463963374638,16.182632512626824,-8.141669620425539,True,0,mapped,True,0.0
T049,L,1188,T004,279,-12.687843206141991,16.512867170696442,-8.689197540283203,True,0,mapped,True,0.0
T049,L,1189,T004,281,-18.75536650376649,13.018567721891976,-4.46823503871655,True,0,mapped,True,0.0
T049,L,1190,T004,282,-17.916563496104573,13.441347689983534,-5.251965617109428,True,0,mapped,True,0.0
T049,L,1191,T004,283,-16.96694860954323,13.8326301967042,-5.793026703661022,True,0,mapped,True,0.0
T049,L,1192,T004,284,-16.002607456665906,14.523658916601214,-6.3241912014542985,True,0,mapped,True,0.0
T049,L,1193,T004,285,-15.17181817127786,15.082982757753523,-6.847172822717743,True,0,mapped,True,0.0
T049,L,1194,T004,286,-14.342584676040584,15.44271801883426,-7.437670507853754,True,0,mapped,True,0.0
T049,L,1195,T004,287,-13.381894999085144,15.66548524776466,-8.02463831835162,True,0,mapped,True,0.0
T049,L,1196,T004,288,-12.306696665153511,16.004127452598162,-8.689197540283203,True,0,mapped,True,0.0
T049,L,1197,T004,290,-17.329093035154457,13.115972584604725,-4.845984630330504,True,0,mapped,True,0.0
T049,L,1198,T004,291,-16.48999373529588,13.780286156376915,-5.584030554180939,True,0,mapped,True,0.0
T049,L,1199,T004,292,-15.642626968433795,14.34498264883458,-6.028455471613626,True,0,mapped,True,0.0
T049,L,1200,T004,293,-14.87051430184821,14.761539737395092,-6.630908250326062,True,0,mapped,True,0.0
T049,L,1201,T004,294,-14.029217255119269,14.92322974120917,-7.245557696207053,True,0,mapped,True,0.0
T049,L,1202,T004,295,-13.07255804660741,15.141667314536068,-7.981457165354101,True,0,mapped,True,0.0
T049,L,1203,T004,296,-11.979924230805135,15.460432648550968,-8.689197540283201,True,0,mapped,True,0.0
T049,L,1204,T004,298,-16.056595344232733,13.67142141854173,-5.190942213297729,True,0,mapped,True,0.0
T049,L,1205,T004,299,-15.148259464081304,14.25319151810358,-5.878914922288021,True,0,mapped,True,0.0
T049,L,1206,T004,300,-14.394858111040056,14.372230396277676,-6.5335754369388646,True,0,mapped,True,0.0
T049,L,1207,T004,301,-13.599661725917931,14.514522482988108,-7.331150640835851,True,0,mapped,True,0.0
T049,L,1208,T004,302,-12.76976916519452,14.61435601609801,-8.030243424400371,True,0,mapped,True,0.0
T049,L,1209,T004,303,-11.778743037719456,14.86065105997034,-8.689197540283203,True,0,mapped,True,0.0
T049,L,1210,T004,305,-14.821938776844211,13.981497722092705,-5.6465182296746566,True,0,mapped,True,0.0
T049,L,1211,T004,306,-14.181232206840818,14.009158838966943,-6.459593220160688,True,0,mapped,True,0.0
T049,L,1212,T004,307,-13.474049826384046,14.001125037920392,-7.2919107782415935,True,0,mapped,True,0.0
T049,L,1213,T004,308,-12.674564583903411,14.11864963051167,-8.014789296954284,True,0,mapped,True,0.0
T049,L,1214,T004,309,-11.691659760869909,14.234909936986012,-8.689197540283203,True,0,mapped,True,0.0
T049,L,1215,T004,311,-13.953590543399118,13.501824697384809,-6.521225942709161,True,0,mapped,True,0.0
T049,L,1216,T004,312,-13.31134116638099,13.442120854541916,-7.438617851827523,True,0,mapped,True,0.0
T049,L,1217,T004,313,-12.518442131396633,13.581346074837024,-8.164133235196505,True,0,mapped,True,0.0
T049,L,1218,T004,314,-11.4953784942627,13.703773973018071,-8.820949098904805,True,0,mapped,True,0.0
T049,L,1219,T004,316,-13.269159660745125,12.8148213876647,-7.46960398077721,True,0,mapped,True,0.0
T049,L,1220,T004,317,-12.40433877193601,13.01156417702782,-8.30146366133965,True,0,mapped,True,0.0
T049,L,1221,T004,318,-11.295377731323242,13.132027911046908,-8.951153413229104,True,0,mapped,True,0.0
T049,L,1222,T004,320,-12.243929682779427,12.414267984419991,-8.485113436921365,True,0,mapped,True,0.0
T049,L,1223,T004,321,-11.295377731323242,12.498277785690291,-9.00201533498,True,0,mapped,True,0.0
T049,L,1224,T004,323,-11.108899396514309,11.926058384656471,-9.144496111017602,True,0,mapped,True,0.0
T049,L,1225,T005,1,-26.453631311047356,13.592783836276,-14.089198112487791,True,0,mapped,True,0.0
T049,L,1226,T005,2,-26.49537849426269,12.916839330265413,-13.909504365788845,True,0,mapped,True,0.0
T049,L,1227,T005,3,-26.49537849426269,12.245320932673843,-13.673216172995708,True,0,mapped,True,0.0
T049,L,1228,T005,4,-26.49537849426269,11.565221564655626,-13.48816143693896,True,0,mapped,True,0.0
T049,L,1229,T005,5,-26.49537849426269,10.853294952578082,-13.479813252501726,True,0,mapped,True,0.0
T049,L,1230,T005,6,-26.447368553016712,10.195372530362958,-13.28919792175293,True,0,mapped,True,0.0
T049,L,1231,T005,7,-26.42397747262593,9.48356587597967,-13.289197921752928,True,0,mapped,True,0.0
T049,L,1232,T005,8,-26.341600740761237,8.776245685441715,-13.28919792175293,True,0,mapped,True,0.0
T049,L,1233,T005,9,-26.20554578648779,8.076772331492242,-13.28919792175293,True,0,mapped,True,0.0
T049,L,1234,T005,10,-26.029873150476604,7.386671373285408,-13.28919792175293,True,0,mapped,True,0.0
T049,L,1235,T005,11,-25.767489057810845,6.724397459602057,-13.28919792175293,True,0,mapped,True,0.0
T049,L,1236,T005,12,-25.500017587433216,6.162430107325415,-13.102938683984538,True,0,mapped,True,0.0
T049,L,1237,T005,13,-25.26970664561239,5.49524338175679,-13.089198112487791,True,0,mapped,True,0.0
T049,L,1238,T005,14,-25.00264400838112,4.834876086629165,-13.089198112487791,True,0,mapped,True,0.0
T049,L,1239,T005,15,-24.672648661536837,4.203558024859166,-13.089198112487791,True,0,mapped,True,0.0
T049,L,1240,T005,16,-24.330498887944515,3.625853157660188,-12.889198303222656,True,0,mapped,True,0.0
T049,L,1241,T005,17,-23.96843596891535,3.015767323228409,-12.86465143215948,True,0,mapped,True,0.0
T049,L,1242,T005,18,-23.599569856444173,2.4548837696009342,-12.689197540283203,True,0,mapped,True,0.0
T049,L,1243,T005,19,-23.234870591753225,1.8431356484023855,-12.689197540283203,True,0,mapped,True,0.0
T049,L,1244,T005,20,-22.86339715247444,1.2360020963354128,-12.689197540283203,True,0,mapped,True,0.0
T049,L,1245,T005,21,-22.474265480248,0.6392538600682621,-12.689197540283203,True,0,mapped,True,0.0
T049,L,1246,T005,22,-22.09797438568296,0.0602256528696521,-12.685677436770478,True,0,mapped,True,0.0
T049,L,1247,T005,23,-21.801719296195184,-0.5842049787704062,-12.689197540283203,True,0,mapped,True,0.0
T049,L,1248,T005,24,-21.49537849426269,-1.1047366857528689,-12.585755348205566,True,-1,landmark_vertex,True,0.0
T049,L,1248,T008,324,-21.49537849426269,-1.1047366857528689,-12.585755348205566,True,0,mapped,False,0.0
T049,L,1248,T009,324,-21.49537849426269,-1.1047366857528689,-12.585755348205566,True,0,mapped,False,0.0
T049,L,1248,T011,0,-21.49537849426269,-1.1047366857528689,-12.585755348205566,True,-1,landmark_vertex,False,0.0
T049,L,1249,T005,26,-26.25385978263039,13.474889400489412,-13.353496559400533,True,0,mapped,True,0.0
T049,L,1250,T005,27,-26.356518536039296,12.685117668894982,-13.268163057725694,True,0,mapped,True,0.0
T049,L,1251,T005,28,-26.37466609072801,12.022380795456392,-13.087601174946377,True,0,mapped,True,0.0
T049,L,1252,T005,29,-26.38153708076699,11.325232682381888,-12.8900284399838,True,0,mapped,True,0.0
T049,L,1253,T005,30,-26.39319051469274,10.671645984394631,-12.91159699796409,True,0,mapped,True,0.0
T049,L,1254,T005,31,-26.396969559265493,10.077350018794506,-12.706686897373189,True,0,mapped,True,0.0
T049,L,1255,T005,32,-26.35555401684418,9.520705891697002,-12.78708563270226,True,0,mapped,True,0.0
T049,L,1256,T005,33,-26.305200599770803,8.825483228403725,-12.705756351021726,True,0,mapped,True,0.0
T049,L,1257,T005,34,-26.186045798127477,8.01441921409377,-12.6572094856268,True,0,mapped,True,0.0
T049,L,1258,T005,35,-26.010775873041936,7.314752872414484,-12.571037384769472,True,0,mapped,True,0.0
T049,L,1259,T005,36,-25.75642223500938,6.666455723195419,-12.484699691086062,True,0,mapped,True,0.0
T049,L,1260,T005,37,-25.448044921460163,5.950205997979301,-12.5020038657382,True,0,mapped,True,0.0
T049,L,1261,T005,38,-25.233436646286545,5.303594730705303,-12.430229366252751,True,0,mapped,True,0.0
T049,L,1262,T005,39,-24.920341481281262,4.662876669476219,-12.272284443996666,True,0,mapped,True,0.0
T049,L,1263,T005,40,-24.54107658461105,4.017736276701212,-12.28535724508405,True,0,mapped,True,0.0
T049,L,1264,T005,41,-24.197434453424123,3.474200024464022,-12.293601798582396,True,0,mapped,True,0.0
T049,L,1265,T005,42,-23.83945805701256,2.9010028129707868,-12.180002320799748,True,0,mapped,True,0.0
T049,L,1266,T005,43,-23.471083655279983,2.347935740592451,-12.112397862149994,True,0,mapped,True,0.0
T049,L,1267,T005,44,-23.065156626987772,1.776704972980021,-12.15351669841421,True,0,mapped,True,0.0
T049,L,1268,T005,45,-22.708154307685067,1.3201195998438224,-12.147325648600134,True,0,mapped,True,0.0
T049,L,1269,T005,46,-22.217752645743232,0.7452387754841558,-12.116537446559146,True,0,mapped,True,0.0
T049,L,1270,T005,47,-21.837726241807683,0.269192400908105,-12.154761223051274,True,0,mapped,True,0.0
T049,L,1271,T005,48,-21.49537849426269,-0.2956007883282772,-12.238369596348043,True,0,mapped,True,0.0
T049,L,1271,T009,322,-21.49537849426269,-0.2956007883282774,-12.238369596348043,True,0,mapped,False,2.220446049250313e-16
T049,L,1272,T005,50,-26.1717899922088,13.263115982109271,-12.773344625862762,True,0,mapped,True,0.0
T049,L,1273,T005,51,-26.253467103688475,12.546666890417002,-12.542585886887046,True,0,mapped,True,0.0
T049,L,1274,T005,52,-26.31342872653915,11.67233945349497,-12.489122040916644,True,0,mapped,True,0.0
T049,L,1275,T005,53,-26.36516162612824,10.917870706104845,-12.297904880584634,True,0,mapped,True,0.0
T049,L,1276,T005,54,-26.383267451138337,10.38182478875052,-12.384518209333203,True,0,mapped,True,0.0
T049,L,1277,T005,55,-26.391992439548726,9.870989749012848,-12.43468339157211,True,0,mapped,True,0.0
T049,L,1278,T005,56,-26.355771546432848,9.246943036625735,-12.24744860437956,True,0,mapped,True,0.0
T049,L,1279,T005,57,-26.30548742972317,8.534650916147678,-12.114529547336064,True,0,mapped,True,0.0
T049,L,1280,T005,58,-26.16550249352716,7.773319232940291,-12.048775340122546,True,0,mapped,True,0.0
T049,L,1281,T005,59,-26.02534368776833,7.111839391801862,-11.983676897579755,True,0,mapped,True,0.0
T049,L,1282,T005,60,-25.77830974845887,6.428766431289963,-11.905793872297892,True,0,mapped,True,0.0
T049,L,1283,T005,61,-25.52003416361125,5.771535300116794,-11.778780453695257,True,0,mapped,True,0.0
T049,L,1284,T005,62,-25.25303238635688,5.151382970117636,-11.75175103023485,True,0,mapped,True,0.0
T049,L,1285,T005,63,-24.909135439705363,4.499388970576093,-11.702031571130949,True,0,mapped,True,0.0
T049,L,1286,T005,64,-24.53648903820209,3.88363171051198,-11.605500009837016,True,0,mapped,True,0.0
T049,L,1287,T005,65,-24.14855733274542,3.278748906714116,-11.570943677430597,True,0,mapped,True,0.0
T049,L,1288,T005,66,-23.73774039337884,2.675300926075521,-11.5070415423202,True,0,mapped,True,0.0
T049,L,1289,T005,67,-23.341568306596017,2.164658205167147,-11.51537209647195,True,0,mapped,True,0.0
T049,L,1290,T005,68,-22.87608874489996,1.6147564071415688,-11.558136205079377,True,0,mapped,True,0.0
T049,L,1291,T005,69,-22.524853426984023,1.219506830127472,-11.561137058115662,True,0,mapped,True,0.0
T049,L,1292,T005,70,-22.0788716706914,0.7321859526229231,-11.645935584865498,True,0,mapped,True,0.0
T049,L,1293,T005,71,-21.59436743536727,0.2245978639996389,-11.556255279542228,True,0,mapped,True,0.0
T049,L,1293,T009,319,-21.594367435367275,0.2245978639996389,-11.556255279542228,True,0,mapped,False,3.552713678800501e-15
T049,L,1294,T005,73,-26.133074360679167,13.069745219481396,-12.142612410728892,True,0,mapped,True,0.0
T049,L,1295,T005,74,-26.24694383610157,12.207350908680688,-11.953434919003868,True,0,mapped,True,0.0
T049,L,1296,T005,75,-26.315178408622103,11.590836355552756,-11.742241855277264,True,0,mapped,True,0.0
T049,L,1297,T005,76,-26.37754107726778,10.93123219408522,-11.80826286234664,True,0,mapped,True,0.0
T049,L,1298,T005,77,-26.40065165009128,10.250022231081315,-11.940392486529932,True,0,mapped,True,0.0
T049,L,1299,T005,78,-26.404125986494098,9.593644908304189,-11.8968315477896,True,0,mapped,True,0.0
T049,L,1300,T005,79,-26.407686250489053,8.900434756109647,-11.66135583836307,True,0,mapped,True,0.0
T049,L,1301,T005,80,-26.378959654264843,8.265021315379068,-11.515565668235658,True,0,mapped,True,0.0
T049,L,1302,T005,81,-26.218566893473728,7.491452190886871,-11.49706506653696,True,0,mapped,True,0.0
T049,L,1303,T005,82,-26.097165069425195,6.916803697231019,-11.36406295827027,True,0,mapped,True,0.0
T049,L,1304,T005,83,-25.8829524803172,6.264903495391259,-11.289525694604908,True,0,mapped,True,0.0
T049,L,1305,T005,84,-25.57886426869361,5.533328196656473,-11.214988395040674,True,0,mapped,True,0.0
T049,L,1306,T005,85,-25.288291572134018,4.93001793113174,-11.138795051966325,True,0,mapped,True,0.0
T049,L,1307,T005,86,-24.92501525860265,4.2916924274661605,-11.09212461735553,True,0,mapped,True,0.0
T049,L,1308,T005,87,-24.592620214580844,3.7132213138981705,-10.937905140041886,True,0,mapped,True,0.0
T049,L,1309,T005,88,-24.16850679659504,3.09375363614862,-10.914520174084116,True,0,mapped,True,0.0
T049,L,1310,T005,89,-23.75991199331251,2.559451354801453,-10.9091370057845,True,0,mapped,True,0.0
T049,L,1311,T005,90,-23.235721805591425,1.9915168323435253,-10.957385690726236,True,0,mapped,True,0.0
T049,L,1312,T005,91,-22.80301012686468,1.5314044256991743,-11.01235630424617,True,0,mapped,True,0.0
T049,L,1313,T005,92,-22.3869789316334,1.087798745904082,-10.936657120681271,True,0,mapped,True,0.0
T049,L,1314,T005,93,-21.883980556458788,0.5828174110409389,-10.913918105822814,True,0,mapped,True,0.0
T049,L,1314,T009,315,-21.88398055645879,0.582817411040939,-10.913918105822814,True,0,mapped,False,3.554447978966673e-15
T049,L,1315,T005,95,-26.139109207826287,13.0027477739037,-11.365361777607166,True,0,mapped,True,0.0
T049,L,1316,T005,96,-26.25351296437613,12.3153097670788,-11.33947937217753,True,0,mapped,True,0.0
T049,L,1317,T005,97,-26.3584354148499,11.576123026185469,-11.225912435033573,True,0,mapped,True,0.0
T049,L,1318,T005,98,-26.430392910795597,10.9468116937665,-11.293682409337046,True,0,mapped,True,0.0
T049,L,1319,T005,99,-26.47689430678871,10.155024034673785,-11.353299787135562,True,0,mapped,True,0.0
T049,L,1320,T005,100,-26.49738821947832,9.364709054424832,-11.244175811611225,True,0,mapped,True,0.0
T049,L,1321,T005,101,-26.50285825660956,8.705548342271705,-11.159683539367062,True,0,mapped,True,0.0
T049,L,1322,T005,102,-26.476046087274952,7.98229826509939,-10.965219155041954,True,0,mapped,True,0.0
T049,L,1323,T005,103,-26.31041942452763,7.292738738411111,-10.892850812355649,True,0,mapped,True,0.0
T049,L,1324,T005,104,-26.17061852283041,6.617934602490541,-10.816075776783345,True,0,mapped,True,0.0
T049,L,1325,T005,105,-25.985895461176124,6.016080429254933,-10.679487117613151,True,0,mapped,True,0.0
T049,L,1326,T005,106,-25.703716949905843,5.336085292203983,-10.592427254836103,True,0,mapped,True,0.0
T049,L,1327,T005,107,-25.363192362188865,4.69267929855721,-10.553028158729829,True,0,mapped,True,0.0
T049,L,1328,T005,108,-25.04206644652168,4.121465143633162,-10.46553922240928,True,0,mapped,True,0.0
T049,L,1329,T005,109,-24.659574373701258,3.518628905553535,-10.349146844384316,True,0,mapped,True,0.0
T049,L,1330,T005,110,-24.25244994430403,2.958338544376075,-10.280104358345143,True,0,mapped,True,0.0
T049,L,1331,T005,111,-23.77089018411579,2.4131656697134374,-10.17867942748141,True,0,mapped,True,0.0
T049,L,1332,T005,112,-23.247984007102996,1.908178156273628,-10.30937835928997,True,0,mapped,True,0.0
T049,L,1333,T005,113,-22.80529307801226,1.4792947614419143,-10.430491590576418,True,0,mapped,True,0.0
T049,L,1334,T005,114,-22.291878973335265,0.9737368342367956,-10.297243666564407,True,0,mapped,True,0.0
T049,L,1334,T009,310,-22.291878973335265,0.9737368342367956,-10.297243666564407,True,0,mapped,False,0.0
T049,L,1335,T005,116,-26.21402289460585,13.114910995215173,-10.740794909647205,True,0,mapped,True,0.0
T049,L,1336,T005,117,-26.3685227820644,12.271880951128043,-10.67332967577594,True,0,mapped,True,0.0
T049,L,1337,T005,118,-26.430264755975728,11.617284501288188,-10.71576423199546,True,0,mapped,True,0.0
T049,L,1338,T005,119,-26.542466599720903,10.773208437731764,-10.71011501050882,True,0,mapped,True,0.0
T049,L,1339,T005,120,-26.595908350772323,10.04381666714275,-10.747484286500397,True,0,mapped,True,0.0
T049,L,1340,T005,121,-26.6225307708879,9.327149763170704,-10.719852705953624,True,0,mapped,True,0.0
T049,L,1341,T005,122,-26.671774613113342,8.417896641354167,-10.478915054220266,True,0,mapped,True,0.0
T049,L,1342,T005,123,-26.658707338233963,7.733282943983598,-10.298964285625337,True,0,mapped,True,0.0
T049,L,1343,T005,124,-26.526140325273307,7.081243753835793,-10.241998942846823,True,0,mapped,True,0.0
T049,L,1344,T005,125,-26.338435021262605,6.38162353621042,-10.21579608906926,True,0,mapped,True,0.0
T049,L,1345,T005,126,-26.103283255747257,5.7425941452677165,-10.11625313945596,True,0,mapped,True,0.0
T049,L,1346,T005,127,-25.784043253471737,5.014927282500834,-9.977828409484356,True,0,mapped,True,0.0
T049,L,1347,T005,128,-25.481351275769438,4.459687945942881,-9.912893319898938,True,0,mapped,True,0.0
T049,L,1348,T005,129,-25.09519864972869,3.853965478765199,-9.903232928920811,True,0,mapped,True,0.0
T049,L,1349,T005,130,-24.74404895246888,3.2707715200182523,-9.727616337379482,True,0,mapped,True,0.0
T049,L,1350,T005,131,-24.205509339143205,2.663740719178417,-9.685691975943172,True,0,mapped,True,0.0
T049,L,1351,T005,132,-23.695852638044947,2.2281424214746406,-9.760285182879676,True,0,mapped,True,0.0
T049,L,1352,T005,133,-23.210489818258164,1.8103292701051503,-9.814486362186864,True,0,mapped,True,0.0
T049,L,1353,T005,134,-22.72146315477238,1.3744231755770886,-9.685959418652155,True,0,mapped,True,0.0
T049,L,1353,T009,304,-22.721463154772383,1.3744231755770882,-9.685959418652152,True,0,mapped,False,5.043883840194739e-15
T049,L,1354,T005,136,-26.42386763980056,13.091576824867444,-10.150106841191617,True,0,mapped,True,0.0
T049,L,1355,T005,137,-26.50252642108158,12.239156231591238,-10.120619578019175,True,0,mapped,True,0.0
T049,L,1356,T005,138,-26.565776654455284,11.492330762978096,-10.103942355888986,True,0,mapped,True,0.0
T049,L,1357,T005,139,-26.68478012907331,10.76744662901049,-10.078719705614011,True,0,mapped,True,0.0
T049,L,1358,T005,140,-26.76059973931723,9.887565281273355,-10.15201055330299,True,0,mapped,True,0.0
T049,L,1359,T005,141,-26.812677533898324,9.174452626264555,-10.05692142382259,True,0,mapped,True,0.0
T049,L,1360,T005,142,-26.86004187899713,8.247987994847344,-9.870255146169969,True,0,mapped,True,0.0
T049,L,1361,T005,143,-26.831052352299864,7.598831793146147,-9.789163755553496,True,0,mapped,True,0.0
T049,L,1362,T005,144,-26.71720952071581,6.88365751977433,-9.693672332562786,True,0,mapped,True,0.0
T049,L,1363,T005,145,-26.541640955420945,6.154884669719195,-9.558307441004706,True,0,mapped,True,0.0
T049,L,1364,T005,146,-26.185919099995115,5.34764392719362,-9.481141660388044,True,0,mapped,True,0.0
T049,L,1365,T005,147,-25.89077247452952,4.794258757584851,-9.44806068214706,True,0,mapped,True,0.0
T049,L,1366,T005,148,-25.56387040593854,4.2103583282125845,-9.334321485547482,True,0,mapped,True,0.0
T049,L,1367,T005,149,-25.131435833479976,3.5182249009969966,-9.295834635991593,True,0,mapped,True,0.0
T049,L,1368,T005,150,-24.74719167717696,2.978978970116297,-9.217083382145074,True,0,mapped,True,0.0
T049,L,1369,T005,151,-24.2487694869746,2.4352679892518334,-9.148924554675032,True,0,mapped,True,0.0
T049,L,1370,T005,152,-23.66423667453057,1.955934817398505,-8.986214299767601,True,0,mapped,True,0.0
T049,L,1371,T005,153,-23.16246258786491,1.6087889746012751,-8.989716299066657,True,0,mapped,True,0.0
T049,L,1371,T009,297,-23.1624625878649,1.6087889746012751,-8.989716299066654,True,0,mapped,False,7.944109290391274e-15
T049,L,1372,T005,155,-26.640701379606845,13.018518271264467,-9.582042332658062,True,0,mapped,True,0.0
T049,L,1373,T005,156,-26.679722470264547,12.146019518223095,-9.511535660302757,True,0,mapped,True,0.0
T049,L,1374,T005,157,-26.765148441307478,11.397636552137122,-9.483422648702044,True,0,mapped,True,0.0
T049,L,1375,T005,158,-26.852259690707623,10.713135747762047,-9.47594082969687,True,0,mapped,True,0.0
T049,L,1376,T005,159,-26.95462557843257,9.805752740080385,-9.472115391652508,True,0,mapped,True,0.0
T049,L,1377,T005,160,-26.98735086665212,9.0008525837804,-9.438437785999657,True,0,mapped,True,0.0
T049,L,1378,T005,161,-27.05998545458843,8.207698140002789,-9.296279857517488,True,0,mapped,True,0.0
T049,L,1379,T005,162,-27.0454904391775,7.371077049887869,-9.167071533186324,True,0,mapped,True,0.0
T049,L,1380,T005,163,-26.938275101401576,6.636389902238365,-9.000193292405957,True,0,mapped,True,0.0
T049,L,1381,T005,164,-26.692778343484743,5.880963002763137,-8.940305788369335,True,0,mapped,True,0.0
T049,L,1382,T005,165,-26.33217899384213,5.126147419699328,-8.813053382723362,True,0,mapped,True,0.0
T049,L,1383,T005,166,-25.965303351074382,4.480699190726812,-8.747399129001554,True,0,mapped,True,0.0
T049,L,1384,T005,167,-25.639927165979103,3.900207083150313,-8.673048767156914,True,0,mapped,True,0.0
T049,L,1385,T005,168,-25.26194098065625,3.283496947175501,-8.591401655792591,True,0,mapped,True,0.0
T049,L,1386,T005,169,-24.74504469214777,2.663146684374212,-8.584199870147726,True,0,mapped,True,0.0
T049,L,1387,T005,170,-24.21270387372541,2.148430907481199,-8.43310815763138,True,0,mapped,True,0.0
T049,L,1388,T005,171,-23.729028453872715,1.8009679398593708,-8.361130999757169,True,0,mapped,True,0.0
T049,L,1388,T009,289,-23.729028453872715,1.8009679398593703,-8.361130999757167,True,0,mapped,False,1.831026719408895e-15
T049,L,1389,T005,173,-26.77658544449474,12.808264116343995,-9.111491392083122,True,0,mapped,True,0.0
T049,L,1390,T005,174,-26.863459449394817,12.0893234371895,-8.975408116971963,True,0,mapped,True,0.0
T049,L,1391,T005,175,-26.97970613396865,11.251075391089378,-8.927483983418881,True,0,mapped,True,0.0
T049,L,1392,T005,176,-27.079581207643937,10.553939515940254,-8.843733237599825,True,0,mapped,True,0.0
T049,L,1393,T005,177,-27.130016895704195,9.626781941806962,-8.87669114784736,True,0,mapped,True,0.0
T049,L,1394,T005,178,-27.197083276852048,8.841301518098767,-8.73508114197995,True,0,mapped,True,0.0
T049,L,1395,T005,179,-27.267348474309514,8.135413577621177,-8.673759920508875,True,0,mapped,True,0.0
T049,L,1396,T005,180,-27.254690550122884,7.093818604346068,-8.490051776465148,True,0,mapped,True,0.0
T049,L,1397,T005,181,-27.095321696083317,6.28279871521365,-8.334793128527576,True,0,mapped,True,0.0
T049,L,1398,T005,182,-26.826745788435414,5.605455507165575,-8.197492757419656,True,0,mapped,True,0.0
T049,L,1399,T005,183,-26.40448368665019,4.859946199811313,-8.13215105949808,True,0,mapped,True,0.0
T049,L,1400,T005,184,-26.04465486751833,4.209018232658092,-8.089363868115516,True,0,mapped,True,0.0
T049,L,1401,T005,185,-25.65681909330271,3.5490889396170195,-8.059675349492393,True,0,mapped,True,0.0
T049,L,1402,T005,186,-25.279970543393496,2.9109740002378395,-7.873338454550623,True,0,mapped,True,0.0
T049,L,1403,T005,187,-24.86630005558101,2.408321336725725,-7.889363077209241,True,0,mapped,True,0.0
T049,L,1404,T005,188,-24.291516212589663,1.8952634334564211,-7.73075480298284,True,0,mapped,True,0.0
T049,L,1404,T009,280,-24.291516212589663,1.895263433456421,-7.730754802982839,True,0,mapped,False,1.790180836524724e-15
T049,L,1405,T005,190,-26.94948753869837,12.690500399229736,-8.5718515880462,True,0,mapped,True,0.0
T049,L,1406,T005,191,-27.11134508038584,11.86682493862248,-8.367716104415152,True,0,mapped,True,0.0
T049,L,1407,T005,192,-27.21636180877508,11.175510830319164,-8.317822640608563,True,0,mapped,True,0.0
T049,L,1408,T005,193,-27.317082639809552,10.385875366219516,-8.20069847970986,True,0,mapped,True,0.0
T049,L,1409,T005,194,-27.35012581380208,9.496855109317956,-8.208018079081711,True,0,mapped,True,0.0
T049,L,1410,T005,195,-27.40281370621824,8.667605562441263,-8.186935818356929,True,0,mapped,True,0.0
T049,L,1411,T005,196,-27.4816115716651,7.82362546318318,-8.031079027792575,True,0,mapped,True,0.0
T049,L,1412,T005,197,-27.42803990979869,6.914043052444162,-7.833117202223329,True,0,mapped,True,0.0
T049,L,1413,T005,198,-27.263244453306623,6.120634957014094,-7.655353185124194,True,0,mapped,True,0.0
T049,L,1414,T005,199,-26.877740351577163,5.311094139015976,-7.545650116247829,True,0,mapped,True,0.0
T049,L,1415,T005,200,-26.46660450375653,4.570982485630953,-7.47594827231215,True,0,mapped,True,0.0
T049,L,1416,T005,201,-26.047759838417043,3.795432377982793,-7.387514199946793,True,0,mapped,True,0.0
T049,L,1417,T005,202,-25.690973174034124,3.220376896304421,-7.301637997070676,True,0,mapped,True,0.0
T049,L,1418,T005,203,-25.266510688783743,2.652833754043312,-7.293310087463542,True,0,mapped,True,0.0
T049,L,1419,T005,204,-24.867333286737217,2.0798989814194675,-7.106012623242164,True,0,mapped,True,0.0
T049,L,1419,T009,270,-24.86733328673721,2.0798989814194675,-7.106012623242164,True,0,mapped,False,7.105427357601002e-15
T049,L,1420,T005,206,-27.242211624900158,12.38762112761559,-8.000396424864288,True,0,mapped,True,0.0
T049,L,1421,T005,207,-27.36554101766861,11.596135818221036,-7.883443582883476,True,0,mapped,True,0.0
T049,L,1422,T005,208,-27.47519796602585,11.005462003622704,-7.782075272524004,True,0,mapped,True,0.0
T049,L,1423,T005,209,-27.51163887476626,10.204816311268734,-7.694506667520478,True,0,mapped,True,0.0
T049,L,1424,T005,210,-27.566040996899027,9.256751981330726,-7.5778758033473,True,0,mapped,True,0.0
T049,L,1425,T005,211,-27.60705739080181,8.497406180360738,-7.592059788196699,True,0,mapped,True,0.0
T049,L,1426,T005,212,-27.647985636423584,7.53274248684299,-7.359037820863561,True,0,mapped,True,0.0
T049,L,1427,T005,213,-27.584886929591157,6.6857393680605135,-7.046671772187848,True,0,mapped,True,0.0
T049,L,1428,T005,214,-27.30977224530773,5.71066999293827,-6.831801124689241,True,0,mapped,True,0.0
T049,L,1429,T005,215,-26.927582610649544,5.0073641993526525,-6.82556926874167,True,0,mapped,True,0.0
T049,L,1430,T005,216,-26.484401403284423,4.270898559096452,-6.716549466207363,True,0,mapped,True,0.0
T049,L,1431,T005,217,-26.085449355805228,3.602751801148593,-6.607648501812689,True,0,mapped,True,0.0
T049,L,1432,T005,218,-25.69680047251865,3.023073732671248,-6.485502823292806,True,0,mapped,True,0.0
T049,L,1433,T005,219,-25.235748084011647,2.370315905286166,-6.383954531820567,True,0,mapped,True,0.0
T049,L,1433,T009,259,-25.235748084011647,2.370315905286166,-6.3839545318205655,True,0,mapped,False,1.7763568394002505e-15
T049,L,1434,T005,221,-27.60104994995361,12.28729172234945,-7.367227466849355,True,0,mapped,True,0.0
T049,L,1435,T005,222,-27.676212306509523,11.588773584939515,-7.266757137146204,True,0,mapped,True,0.0
T049,L,1436,T005,223,-27.72421599499453,10.789101349268115,-7.185741515011532,True,0,mapped,True,0.0
T049,L,1437,T005,224,-27.720022904802438,10.084447907070183,-7.104879967832905,True,0,mapped,True,0.0
T049,L,1438,T005,225,-27.774800143754515,9.062095644927089,-6.902191414974816,True,0,mapped,True,0.0
T049,L,1439,T005,226,-27.798468080804827,8.205085456966321,-6.923308206031795,True,0,mapped,True,0.0
T049,L,1440,T005,227,-27.79734078110257,7.280160120979332,-6.557896801791643,True,0,mapped,True,0.0
T049,L,1441,T005,228,-27.6129002485704,6.298525060350861,-6.301747642224166,True,0,mapped,True,0.0
T049,L,1442,T005,229,-27.271737735122937,5.44130548300344,-6.139351144314556,True,0,mapped,True,0.0
T049,L,1443,T005,230,-26.90100122311531,4.811315266857936,-6.025709192808755,True,0,mapped,True,0.0
T049,L,1444,T005,231,-26.47867115914624,4.177013429240784,-5.974505523791748,True,0,mapped,True,0.0
T049,L,1445,T005,232,-25.94660338021327,3.3995064194464213,-5.7811443326485925,True,0,mapped,True,0.0
T049,L,1446,T005,233,-25.49537849426269,2.7387042338669803,-5.662279180839494,True,0,mapped,True,0.0
T049,L,1446,T009,247,-25.49537849426269,2.73870423386698,-5.662279180839493,True,0,mapped,False,9.930136612989092e-16
T049,L,1447,T005,235,-27.888032803813605,12.180758349417284,-6.858755217357194,True,0,mapped,True,0.0
T049,L,1448,T005,236,-27.90826030121383,11.414329746896362,-6.777719579055885,True,0,mapped,True,0.0
T049,L,1449,T005,237,-27.913819380524814,10.671851966601174,-6.67643278831623,True,0,mapped,True,0.0
T049,L,1450,T005,238,-27.93644146866822,9.8324021229678,-6.411901972980861,True,0,mapped,True,0.0
T049,L,1451,T005,239,-27.95699289993537,8.937605909289354,-6.184147431172371,True,0,mapped,True,0.0
T049,L,1452,T005,240,-27.96008866181496,7.9882259808828255,-6.036969038409669,True,0,mapped,True,0.0
T049,L,1453,T005,241,-27.803738088727524,6.822874835531216,-5.753638974627128,True,0,mapped,True,0.0
T049,L,1454,T005,242,-27.547109609277264,6.0106683677322215,-5.536129882310044,True,0,mapped,True,0.0
T049,L,1455,T005,243,-27.12570159915641,5.190147568891907,-5.389732302253309,True,0,mapped,True,0.0
T049,L,1456,T005,244,-26.64210100919546,4.511086261071848,-5.225667346033222,True,0,mapped,True,0.0
T049,L,1457,T005,245,-26.121921807423867,3.798239122681288,-5.123724155898527,True,0,mapped,True,0.0
T049,L,1458,T005,246,-25.579575191805624,3.047852758145659,-4.909563374894815,True,0,mapped,True,0.0
T049,L,1458,T009,234,-25.579575191805624,3.047852758145658,-4.909563374894814,True,0,mapped,False,1.2560739669470201e-15
T049,L,1459,T005,248,-28.159011029834804,12.210579743654288,-6.251183530414275,True,0,mapped,True,0.0
T049,L,1460,T005,249,-28.14622302650246,11.354572048921709,-6.136505214442577,True,0,mapped,True,0.0
T049,L,1461,T005,250,-28.129876697386376,10.48438873513508,-5.893893146981381,True,0,mapped,True,0.0
T049,L,1462,T005,251,-28.098424868437554,9.536033448764432,-5.622983862846979,True,0,mapped,True,0.0
T049,L,1463,T005,252,-28.09480583997679,8.525638616222793,-5.355698141326578,True,0,mapped,True,0.0
T049,L,1464,T005,253,-27.98626289785042,7.46263932609938,-5.0829776542066085,True,0,mapped,True,0.0
T049,L,1465,T005,254,-27.72166898247581,6.489387241688142,-4.978304723940469,True,0,mapped,True,0.0
T049,L,1466,T005,255,-27.37863525061884,5.727761175419784,-4.841960050956733,True,0,mapped,True,0.0
T049,L,1467,T005,256,-26.796641066217138,4.98635230214692,-4.510210987804889,True,0,mapped,True,0.0
T049,L,1468,T005,257,-26.242227252561516,4.201158416531108,-4.474667613285296,True,0,mapped,True,0.0
T049,L,1469,T005,258,-25.69537925720215,3.5204543490314046,-4.222256238770516,True,0,mapped,True,0.0
T049,L,1469,T009,220,-25.69537925720215,3.5204543490314038,-4.222256238770514,True,0,mapped,False,1.9860273225978185e-15
T049,L,1470,T005,260,-28.367909840906947,12.07455506840701,-5.58135054458251,True,0,mapped,True,0.0
T049,L,1471,T005,261,-28.32920813240719,11.157424190353751,-5.43410288903277,True,0,mapped,True,0.0
T049,L,1472,T005,262,-28.226524004468303,10.104608635273705,-5.1953968966327135,True,0,mapped,True,0.0
T049,L,1473,T005,263,-28.20849252616094,9.140068005612388,-4.842817324140087,True,0,mapped,True,0.0
T049,L,1474,T005,264,-28.121415641653147,8.097550113538363,-4.518733145123711,True,0,mapped,True,0.0
T049,L,1475,T005,265,-27.920188827235517,7.209396857352568,-4.3909187536757885,True,0,mapped,True,0.0
T049,L,1476,T005,266,-27.62864206661007,6.4304649021913765,-4.1525151427832885,True,0,mapped,True,0.0
T049,L,1477,T005,267,-27.0734023835042,5.524795595820462,-4.0524888947055375,True,0,mapped,True,0.0
T049,L,1478,T005,268,-26.42266491351805,4.809931719780504,-3.868093629239256,True,0,mapped,True,0.0
T049,L,1479,T005,269,-25.92715044846786,4.171467777466994,-3.747536498888768,True,0,mapped,True,0.0
T049,L,1479,T009,205,-25.92715044846786,4.171467777466994,-3.747536498888767,True,0,mapped,False,8.881784197001252e-16
T049,L,1480,T005,271,-28.52127963202758,11.924262351618117,-4.904360746876304,True,0,mapped,True,0.0
T049,L,1481,T005,272,-28.42070617228137,10.838756160520344,-4.67737486608297,True,0,mapped,True,0.0
T049,L,1482,T005,273,-28.30887993826933,9.843371102025914,-4.287009252365633,True,0,mapped,True,0.0
T049,L,1483,T005,274,-28.21219165888565,8.715641218695009,-4.0279670271434815,True,0,mapped,True,0.0
T049,L,1484,T005,275,-28.069810663012976,7.985664635714141,-3.756295984259372,True,0,mapped,True,0.0
T049,L,1485,T005,276,-27.805252191316363,7.163546212942334,-3.615037934846372,True,0,mapped,True,0.0
T049,L,1486,T005,277,-27.30250614910521,6.25881139049781,-3.3682006038684085,True,0,mapped,True,0.0
T049,L,1487,T005,278,-26.7450021312859,5.580637153382278,-3.3061144106258245,True,0,mapped,True,0.0
T049,L,1488,T005,279,-26.095378875732425,4.857588589457158,-3.2452884844176837,True,0,mapped,True,0.0
T049,L,1488,T009,189,-26.095378875732425,4.857588589457158,-3.2452884844176837,True,0,mapped,False,0.0
T049,L,1489,T005,281,-28.553283793573947,11.556023417281152,-4.083546672397401,True,0,mapped,True,0.0
T049,L,1490,T005,282,-28.41363844669452,10.544817643969186,-3.988586322872715,True,0,mapped,True,0.0
T049,L,1491,T005,283,-28.307309305074156,9.621892821408036,-3.551536274970886,True,0,mapped,True,0.0
T049,L,1492,T005,284,-28.155126210963587,8.878709295224219,-3.302490649312826,True,0,mapped,True,0.0
T049,L,1493,T005,285,-27.97066956241478,8.028409742004873,-3.094682757603393,True,0,mapped,True,0.0
T049,L,1494,T005,286,-27.48508104791071,7.056568490553545,-2.893536728135912,True,0,mapped,True,0.0
T049,L,1495,T005,287,-26.90899633293067,6.365812717754098,-2.669840709815177,True,0,mapped,True,0.0
T049,L,1496,T005,288,-26.07509608604879,5.53303587858342,-2.665912352231236,True,0,mapped,True,0.0
T049,L,1496,T009,172,-26.075096086048788,5.53303587858342,-2.665912352231235,True,0,mapped,False,3.66205343881779e-15
T049,L,1497,T005,290,-28.4982842734563,11.729440541497,-3.347204760124807,True,0,mapped,True,0.0
T049,L,1498,T005,291,-28.37443237671164,10.741826114136522,-3.119395347273377,True,0,mapped,True,0.0
T049,L,1499,T005,292,-28.220976583007403,9.836085554696062,-2.7442245352425543,True,0,mapped,True,0.0
T049,L,1500,T005,293,-27.99239409633756,8.891159581052367,-2.5355734447960034,True,0,mapped,True,0.0
T049,L,1501,T005,294,-27.520135063860387,7.875464945725057,-2.2950990598375447,True,0,mapped,True,0.0
T049,L,1502,T005,295,-26.865603530231944,7.139374672950185,-2.084408074473438,True,0,mapped,True,0.0
T049,L,1503,T005,296,-26.088807401552664,6.2449725536929535,-2.139488490878111,True,0,mapped,True,0.0
T049,L,1503,T009,154,-26.088807401552664,6.244972553692953,-2.1394884908781098,True,0,mapped,False,1.6011864169946884e-15
T049,L,1504,T005,298,-28.32547259614421,11.881184069232589,-2.685213105627944,True,0,mapped,True,0.0
T049,L,1505,T005,299,-28.192908359612534,10.808524422879758,-2.3539125551176405,True,0,mapped,True,0.0
T049,L,1506,T005,300,-27.956084584825888,9.775016691897005,-2.0523532232961967,True,0,mapped,True,0.0
T049,L,1507,T005,301,-27.49464275060981,8.6558020828083,-1.7952815446871928,True,0,mapped,True,0.0
T049,L,1508,T005,302,-26.897577660994664,7.872672000662916,-1.6828161878820618,True,0,mapped,True,0.0
T049,L,1509,T005,303,-26.095378875732425,7.007456465896215,-1.6841561409449364,True,0,mapped,True,0.0
T049,L,1509,T009,135,-26.095378875732425,7.007456465896216,-1.6841561409449357,True,0,mapped,False,1.1102230246251565e-15
T049,L,1510,T005,305,-28.07217765557826,11.718255867835104,-2.180104745698894,True,0,mapped,True,0.0
T049,L,1511,T005,306,-27.900624972336765,10.653342166126528,-1.7941748204350385,True,0,mapped,True,0.0
T049,L,1512,T005,307,-27.49687503953154,9.523197227682475,-1.472977885064862,True,0,mapped,True,0.0
T049,L,1513,T005,308,-26.894965534696624,8.675558617716032,-1.3082204249760665,True,0,mapped,True,0.0
T049,L,1514,T005,309,-26.095378875732425,7.806691591271954,-1.2887365355285954,True,0,mapped,True,0.0
T049,L,1514,T009,115,-26.095378875732425,7.806691591271954,-1.288736535528595,True,0,mapped,False,4.440892098500626e-16
T049,L,1515,T005,311,-27.82624336303843,11.608798725999623,-1.6059043836772262,True,0,mapped,True,0.0
T049,L,1516,T005,312,-27.541610573368057,10.497170347500344,-1.3403543605084582,True,0,mapped,True,0.0
T049,L,1517,T005,313,-26.911202290615275,9.509453984941556,-0.9768685159273576,True,0,mapped,True,0.0
T049,L,1518,T005,314,-26.095378875732425,8.615458393778825,-0.915786685664528,True,0,mapped,True,0.0
T049,L,1518,T009,94,-26.095378875732425,8.615458393778825,-0.9157866856645276,True,0,mapped,False,4.440892098500626e-16
T049,L,1519,T005,316,-27.366232568167263,11.594241501450508,-1.0980935500997138,True,0,mapped,True,0.0
T049,L,1520,T005,317,-26.79709458391636,10.430196432672949,-0.7951666280224525,True,0,mapped,True,0.0
T049,L,1521,T005,318,-26.095378875732425,9.467939159035446,-0.6545894361485274,True,0,mapped,True,0.0
T049,L,1521,T009,72,-26.095378875732425,9.467939159035446,-0.6545894361485274,True,0,mapped,False,0.0
T049,L,1522,T005,320,-26.795990573722264,11.442161010803076,-0.6702925562958488,True,0,mapped,True,0.0
T049,L,1523,T005,321,-26.12198571996003,10.323959821346612,-0.4207662694891277,True,0,mapped,True,0.0
T049,L,1523,T009,49,-26.12198571996003,10.323959821346612,-0.4207662694891273,True,0,mapped,False,3.885780586188048e-16
T049,L,1524,T005,323,-26.095378875732425,11.209229776160432,-0.3514870492948396,True,0,mapped,True,0.0
T049,L,1524,T009,25,-26.095378875732425,11.209229776160434,-0.3514870492948388,True,0,mapped,False,1.9389211565826713e-15
T049,L,1525,T006,1,-11.772732982989952,11.498246221508406,-8.854813508820374,True,2,smooth_near_vertex,False,0.3014716189686524
T049,L,1525,T007,1,-11.503017554883742,11.495264053344728,-8.989460571759407,True,0,mapped,True,0.0
T049,L,1526,T006,2,-11.953800011431449,11.495264053344728,-8.794272534499637,True,0,mapped,True,0.0
T049,L,1526,T007,2,-11.953800011431449,11.495264053344728,-8.794272534499637,True,0,mapped,False,0.0
T049,L,1527,T006,3,-12.360642034141362,11.478656249507516,-8.517925386394484,True,0,mapped,True,0.0
T049,L,1527,T007,3,-12.360642034141364,11.478656249507516,-8.517925386394484,True,0,mapped,False,1.7763568394002505e-15
T049,L,1528,T006,4,-12.672380967935378,11.66128888017818,-8.21419470269345,True,0,mapped,True,0.0
T049,L,1528,T007,4,-12.672380967935378,11.66128888017818,-8.214194702693451,True,0,mapped,False,1.7763568394002505e-15
T049,L,1529,T006,5,-12.93922665710619,11.67943188098129,-7.817420755824523,True,0,mapped,True,0.0
T049,L,1529,T007,5,-12.93922665710619,11.67943188098129,-7.817420755824523,True,0,mapped,False,0.0
T049,L,1530,T006,6,-13.135797802624252,11.68675896638848,-7.3690974835985426,True,0,mapped,True,0.0
T049,L,1530,T007,6,-13.135797802624252,11.68675896638848,-7.3690974835985426,True,0,mapped,False,0.0
T049,L,1531,T006,7,-13.228869179040569,11.696879632521588,-6.8858205215030015,True,0,mapped,True,0.0
T049,L,1531,T007,7,-13.22886917904057,11.696879632521588,-6.8858205215030015,True,0,mapped,False,1.7763568394002505e-15
T049,L,1532,T006,8,-13.29537868499756,11.80701777434965,-6.423805854885503,True,0,mapped,True,0.0
T049,L,1532,T007,8,-13.29537868499756,11.807017774349648,-6.423805854885503,True,0,mapped,False,1.7763568394002505e-15
T049,L,1533,T006,9,-13.29537868499756,11.899569197890322,-5.945027815862666,True,0,mapped,True,0.0
T049,L,1533,T007,9,-13.29537868499756,11.899569197890322,-5.945027815862666,True,0,mapped,False,0.0
T049,L,1534,T006,10,-13.29549269772085,12.031221531926311,-5.46888274418512,True,0,mapped,True,0.0
T049,L,1534,T007,10,-13.295492697720851,12.031221531926311,-5.46888274418512,True,0,mapped,False,1.7763568394002505e-15
T049,L,1535,T006,11,-13.29537868499756,12.199964450672327,-5.00460875585186,True,0,mapped,True,0.0
T049,L,1535,T007,11,-13.29537868499756,12.19996445067233,-5.00460875585186,True,0,mapped,False,1.7763568394002505e-15
T049,L,1536,T006,12,-13.29493268656142,12.34333407855286,-4.532419428411239,True,0,mapped,True,0.0
T049,L,1536,T007,12,-13.29493268656142,12.34333407855286,-4.532419428411239,True,0,mapped,False,0.0
T049,L,1537,T006,13,-13.416335122521938,12.575487510407882,-4.151262902788717,True,0,mapped,True,0.0
T049,L,1537,T007,13,-13.416335122521938,12.575487510407882,-4.151262902788717,True,0,mapped,False,0.0
T049,L,1538,T006,14,-13.493655802103778,12.75803604843543,-3.708177800802341,True,0,mapped,True,0.0
T049,L,1538,T007,14,-13.493655802103778,12.75803604843543,-3.708177800802341,True,0,mapped,False,0.0
T049,L,1539,T006,15,-13.495378494262695,12.8677379656826,-3.226744003797479,True,0,mapped,True,0.0
T049,L,1539,T007,15,-13.495378494262695,12.8677379656826,-3.226744003797479,True,0,mapped,False,0.0
T049,L,1540,T006,16,-13.495378494262695,12.972117611007414,-2.743857109136551,True,0,mapped,True,0.0
T049,L,1540,T007,16,-13.495378494262695,12.972117611007413,-2.743857109136551,True,0,mapped,False,1.7763568394002505e-15
T049,L,1541,T006,17,-13.52003297029484,13.123811792373004,-2.28175281172177,True,0,mapped,True,0.0
T049,L,1541,T007,17,-13.520032970294835,13.123811792373,-2.28175281172177,True,0,mapped,False,6.4047456679787536e-15
T049,L,1542,T006,18,-13.574886889155929,13.30895833240942,-1.850320472639165,True,0,mapped,True,0.0
T049,L,1542,T007,18,-13.574886889155929,13.30895833240942,-1.850320472639165,True,0,mapped,False,0.0
T049,L,1543,T006,19,-13.63424838788979,13.53615745496501,-1.4201908585655818,True,0,mapped,True,0.0
T049,L,1543,T007,19,-13.634248387889787,13.53615745496501,-1.4201908585655816,True,0,mapped,False,3.5596458096434965e-15
T049,L,1544,T006,20,-13.646754439671025,13.771827019959916,-0.998759467530427,True,0,mapped,True,0.0
T049,L,1544,T007,20,-13.646754439671025,13.771827019959916,-0.998759467530427,True,0,mapped,False,0.0
T049,L,1545,T006,21,-13.741262538317562,13.986673233395368,-0.5700661172379506,True,0,mapped,True,0.0
T049,L,1545,T007,21,-13.741262538317562,13.986673233395363,-0.5700661172379506,True,0,mapped,False,5.329070518200751e-15
T049,L,1546,T006,22,-13.695378303527832,14.16689734272159,-0.1140306891837469,True,0,mapped,True,0.0
T049,L,1546,T007,22,-13.695378303527832,14.16689734272159,-0.1140306891837469,True,0,mapped,False,0.0
T049,L,1547,T006,23,-13.588245256555265,14.290661183876711,0.3398989993597033,True,0,mapped,True,0.0
T049,L,1547,T007,23,-13.588245256555265,14.290661183876711,0.3398989993597033,True,0,mapped,False,0.0
T049,L,1548,T006,24,-13.331907272338867,14.330754280090332,0.7588016986846924,True,0,mapped,True,0.0
T049,L,1548,T007,24,-13.331907272338867,14.330754280090332,0.7588016986846924,True,0,mapped,False,0.0
T049,L,1548,T010,324,-13.331907272338867,14.330754280090332,0.7588016986846924,True,0,mapped,False,0.0
T049,L,1548,T013,324,-13.331907272338867,14.330754280090332,0.7588016986846924,True,0,mapped,False,0.0
T049,L,1549,T006,26,-12.190173823228474,11.624210443394848,-8.648862423004665,True,0,mapped,True,0.0
T049,L,1550,T006,27,-12.494180118057534,11.775020757251957,-8.383316245048462,True,0,mapped,True,0.0
T049,L,1551,T006,28,-12.852834684533123,11.844944530222593,-7.976967785502017,True,0,mapped,True,0.0
T049,L,1552,T006,29,-13.087239838614746,11.855699015573954,-7.614045951053612,True,0,mapped,True,0.0
T049,L,1553,T006,30,-13.259590219331246,11.853220697443646,-7.143406281851299,True,0,mapped,True,0.0
T049,L,1554,T006,31,-13.355504636352547,11.90900742832959,-6.684220923410486,True,0,mapped,True,0.0
T049,L,1555,T006,32,-13.454259556910165,12.10311041182306,-6.178561421597696,True,0,mapped,True,0.0
T049,L,1556,T006,33,-13.42637145912938,12.139076573996672,-5.7598292775164905,True,0,mapped,True,0.0
T049,L,1557,T006,34,-13.476664533125703,12.300503502565828,-5.336645791102976,True,0,mapped,True,0.0
T049,L,1558,T006,35,-13.443302969479022,12.419209923537885,-4.864963000794822,True,0,mapped,True,0.0
T049,L,1559,T006,36,-13.590430754102677,12.682378321516792,-4.437478681347727,True,0,mapped,True,0.0
T049,L,1560,T006,37,-13.569812459049595,12.765580587356745,-3.927134677460335,True,0,mapped,True,0.0
T049,L,1561,T006,38,-13.68386423676166,12.945637180336012,-3.672772833401519,True,0,mapped,True,0.0
T049,L,1562,T006,39,-13.72345483901135,13.050292766870518,-3.172405198076816,True,0,mapped,True,0.0
T049,L,1563,T006,40,-13.780854653052664,13.114706116433672,-2.696229556864377,True,0,mapped,True,0.0
T049,L,1564,T006,41,-13.82458258347419,13.185496421326,-2.314061653695765,True,0,mapped,True,0.0
T049,L,1565,T006,42,-13.878536989364514,13.325616403712315,-1.908841203390656,True,0,mapped,True,0.0
T049,L,1566,T006,43,-13.94214478302492,13.491874614676655,-1.5310537728675362,True,0,mapped,True,0.0
T049,L,1567,T006,44,-14.008517182421864,13.682805890371652,-1.172766843849567,True,0,mapped,True,0.0
T049,L,1568,T006,45,-14.101833690837694,13.863849190510926,-0.7975643588735154,True,0,mapped,True,0.0
T049,L,1569,T006,46,-14.063738679782858,14.02302642387355,-0.3510639493284384,True,0,mapped,True,0.0
T049,L,1570,T006,47,-14.027892553119086,14.104990498725003,0.1571112195718169,True,0,mapped,True,0.0
T049,L,1571,T006,48,-13.848059788681384,14.118507831087529,0.6084043424582731,True,0,mapped,True,0.0
T049,L,1571,T010,322,-13.848059788681384,14.118507831087529,0.6084043424582736,True,0,mapped,False,4.440892098500626e-16
T049,L,1572,T006,50,-12.669609748446494,11.98717366847571,-8.182097012901806,True,0,mapped,True,0.0
T049,L,1573,T006,51,-13.018685398226712,11.943609650854896,-7.747016032840818,True,0,mapped,True,0.0
T049,L,1574,T006,52,-13.236975821375218,12.024403631610207,-7.378553148162674,True,0,mapped,True,0.0
T049,L,1575,T006,53,-13.383168838793283,12.041770035895068,-6.9514670622363495,True,0,mapped,True,0.0
T049,L,1576,T006,54,-13.496736525095118,12.168953786137404,-6.456756192120505,True,0,mapped,True,0.0
T049,L,1577,T006,55,-13.529769494881164,12.25122926642254,-6.05986392991039,True,0,mapped,True,0.0
T049,L,1578,T006,56,-13.575332189352366,12.398150298124731,-5.519930929938535,True,0,mapped,True,0.0
T049,L,1579,T006,57,-13.589747647177298,12.501394170315676,-5.12615716219795,True,0,mapped,True,0.0
T049,L,1580,T006,58,-13.787236708877227,12.81040389689306,-4.78784365822535,True,0,mapped,True,0.0
T049,L,1581,T006,59,-13.747924326099309,12.890237230383969,-4.258944498967459,True,0,mapped,True,0.0
T049,L,1582,T006,60,-13.843929384797878,13.043228881753732,-3.8950735198101554,True,0,mapped,True,0.0
T049,L,1583,T006,61,-13.880421319046135,13.167161334487758,-3.560343666977923,True,0,mapped,True,0.0
T049,L,1584,T006,62,-13.858716371257998,13.142064263294015,-3.095125323999059,True,0,mapped,True,0.0
T049,L,1585,T006,63,-14.093292811901376,13.25614203707563,-2.687184792159242,True,0,mapped,True,0.0
T049,L,1586,T006,64,-14.143251583002485,13.253795508536976,-2.326249972856189,True,0,mapped,True,0.0
T049,L,1587,T006,65,-14.194164838269982,13.328467174048503,-1.939999340431976,True,0,mapped,True,0.0
T049,L,1588,T006,66,-14.283316598766628,13.454115249207696,-1.582700413000373,True,0,mapped,True,0.0
T049,L,1589,T006,67,-14.348244920569348,13.57842075496579,-1.3061452246361869,True,0,mapped,True,0.0
T049,L,1590,T006,68,-14.423753265926058,13.771102303852738,-0.9072919511374612,True,0,mapped,True,0.0
T049,L,1591,T006,69,-14.459804988715176,13.85376869627591,-0.5101832555628849,True,0,mapped,True,0.0
T049,L,1592,T006,70,-14.413482892210428,13.87442591988069,0.0486384385758374,True,0,mapped,True,0.0
T049,L,1593,T006,71,-14.3186106141273,13.756605600095751,0.4939999144316687,True,0,mapped,True,0.0
T049,L,1593,T010,319,-14.318610614127302,13.756605600095751,0.4939999144316689,True,0,mapped,False,1.790180836524724e-15
T049,L,1594,T006,73,-13.165767143605038,12.157236901203111,-7.570698092997939,True,0,mapped,True,0.0
T049,L,1595,T006,74,-13.37280568530589,12.25974611710948,-7.222402476448193,True,0,mapped,True,0.0
T049,L,1596,T006,75,-13.516808208165642,12.266294935703742,-6.717861016420619,True,0,mapped,True,0.0
T049,L,1597,T006,76,-13.611217114613186,12.410789708247004,-6.356854055595788,True,0,mapped,True,0.0
T049,L,1598,T006,77,-13.677993627551842,12.516171382767247,-5.799308425579653,True,0,mapped,True,0.0
T049,L,1599,T006,78,-13.716657585970184,12.62603654165438,-5.41320157818717,True,0,mapped,True,0.0
T049,L,1600,T006,79,-13.886001144292065,12.887104448859692,-4.952052397208937,True,0,mapped,True,0.0
T049,L,1601,T006,80,-13.9427703790343,13.019789646891237,-4.638944249464333,True,0,mapped,True,0.0
T049,L,1602,T006,81,-14.08931929874927,13.264481201479454,-4.080110661062607,True,0,mapped,True,0.0
T049,L,1603,T006,82,-14.086679726799488,13.287143013234855,-3.843209868857232,True,0,mapped,True,0.0
T049,L,1604,T006,83,-14.063239195448675,13.307735863272285,-3.493156706936261,True,0,mapped,True,0.0
T049,L,1605,T006,84,-14.212718089371853,13.352893280089994,-3.0596318916013208,True,0,mapped,True,0.0
T049,L,1606,T006,85,-14.382621298599595,13.3374356232451,-2.734334236160935,True,0,mapped,True,0.0
T049,L,1607,T006,86,-14.494289566456333,13.278017374344923,-2.2812471422015,True,0,mapped,True,0.0
T049,L,1608,T006,87,-14.495637289953828,13.30694820796429,-1.9804299671810952,True,0,mapped,True,0.0
T049,L,1609,T006,88,-14.644736786987878,13.398791214025763,-1.5347229978049308,True,0,mapped,True,0.0
T049,L,1610,T006,89,-14.78036693135332,13.489122056345046,-1.2829912959070486,True,0,mapped,True,0.0
T049,L,1611,T006,90,-14.86154945939028,13.604830446104994,-0.9830049790067976,True,0,mapped,True,0.0
T049,L,1612,T006,91,-14.872616055636428,13.63844980908523,-0.6571818027514676,True,0,mapped,True,0.0
T049,L,1613,T006,92,-14.900567620983214,13.621909300322612,-0.1274565819886604,True,0,mapped,True,0.0
T049,L,1614,T006,93,-14.81665022035663,13.526086990837886,0.2342676112977681,True,0,mapped,True,0.0
T049,L,1614,T010,315,-14.81665022035663,13.526086990837886,0.2342676112977681,True,0,mapped,False,0.0
T049,L,1615,T006,95,-13.520030376841364,12.512662674937308,-6.992446902888768,True,0,mapped,True,0.0
T049,L,1616,T006,96,-13.64938269045992,12.567968539546287,-6.591484588818372,True,0,mapped,True,0.0
T049,L,1617,T006,97,-13.75753504411522,12.652639440522806,-6.105468400082824,True,0,mapped,True,0.0
T049,L,1618,T006,98,-13.838688201879664,12.779701031907573,-5.696176486698629,True,0,mapped,True,0.0
T049,L,1619,T006,99,-14.02660471637442,13.046218559095308,-5.215717038334741,True,0,mapped,True,0.0
T049,L,1620,T006,100,-14.073741793204604,13.12242215958095,-4.837752741166453,True,0,mapped,True,0.0
T049,L,1621,T006,101,-14.130767788392978,13.233266443663377,-4.412282989564793,True,0,mapped,True,0.0
T049,L,1622,T006,102,-14.275801888073058,13.376702492912331,-3.9574457172309234,True,0,mapped,True,0.0
T049,L,1623,T006,103,-14.33611661190917,13.420957507493396,-3.7118031918823937,True,0,mapped,True,0.0
T049,L,1624,T006,104,-14.35632855187986,13.425623669267726,-3.362942872507636,True,0,mapped,True,0.0
T049,L,1625,T006,105,-14.551301064766747,13.42192502357559,-2.999639980676454,True,0,mapped,True,0.0
T049,L,1626,T006,106,-14.685899763212044,13.35033250222352,-2.655079473331851,True,0,mapped,True,0.0
T049,L,1627,T006,107,-14.819633551858512,13.245426799379803,-2.31377708267884,True,0,mapped,True,0.0
T049,L,1628,T006,108,-14.889238282761308,13.222811303448044,-2.00818214931075,True,0,mapped,True,0.0
T049,L,1629,T006,109,-15.04981813007868,13.235939451847935,-1.633769072048676,True,0,mapped,True,0.0
T049,L,1630,T006,110,-15.152773636603198,13.318334861645145,-1.3244264283735514,True,0,mapped,True,0.0
T049,L,1631,T006,111,-15.332014531635425,13.340964295452634,-1.0481062763740452,True,0,mapped,True,0.0
T049,L,1632,T006,112,-15.318473169318432,13.389938817863614,-0.7481350322409199,True,0,mapped,True,0.0
T049,L,1633,T006,113,-15.31499954609971,13.415850956386164,-0.3974096446358855,True,0,mapped,True,0.0
T049,L,1634,T006,114,-15.32548538809147,13.279193697554822,-0.0094456637963266,True,0,mapped,True,0.0
T049,L,1634,T010,310,-15.325485388091472,13.279193697554822,-0.0094456637963268,True,0,mapped,False,1.7875237502269687e-15
T049,L,1635,T006,116,-13.815208344325868,12.844491830812458,-6.346781375375476,True,0,mapped,True,0.0
T049,L,1636,T006,117,-13.949124898587051,12.993148495090765,-5.894938713990584,True,0,mapped,True,0.0
T049,L,1637,T006,118,-14.0725528779061,13.126125871275734,-5.543146701043281,True,0,mapped,True,0.0
T049,L,1638,T006,119,-14.181716517683082,13.22444505953544,-5.11578376655821,True,0,mapped,True,0.0
T049,L,1639,T006,120,-14.258003225282676,13.307465781544888,-4.751906803017103,True,0,mapped,True,0.0
T049,L,1640,T006,121,-14.47125461138,13.451809676345368,-4.250077439707003,True,0,mapped,True,0.0
T049,L,1641,T006,122,-14.539409520534008,13.46861337580292,-3.963280678219898,True,0,mapped,True,0.0
T049,L,1642,T006,123,-14.6266760128749,13.47706878641149,-3.633872053522405,True,0,mapped,True,0.0
T049,L,1643,T006,124,-14.779352070981428,13.455500453172526,-3.2621447518681226,True,0,mapped,True,0.0
T049,L,1644,T006,125,-14.931036473838564,13.388253185030452,-3.0100894754203,True,0,mapped,True,0.0
T049,L,1645,T006,126,-15.016183118926712,13.28027032228555,-2.685525354259771,True,0,mapped,True,0.0
T049,L,1646,T006,127,-15.15576145385504,13.146829795520278,-2.396798422480213,True,0,mapped,True,0.0
T049,L,1647,T006,128,-15.24963899883599,13.077626405610934,-2.0802954653658587,True,0,mapped,True,0.0
T049,L,1648,T006,129,-15.31871164862283,13.068372204513144,-1.786294428562929,True,0,mapped,True,0.0
T049,L,1649,T006,130,-15.533854529845346,13.063963205042873,-1.467420588877125,True,0,mapped,True,0.0
T049,L,1650,T006,131,-15.674403290048742,13.117215600903473,-1.174268028489436,True,0,mapped,True,0.0
T049,L,1651,T006,132,-15.734093686361904,13.16837060176188,-0.8570426961815791,True,0,mapped,True,0.0
T049,L,1652,T006,133,-15.792058569133127,13.11465764527129,-0.5438829100087105,True,0,mapped,True,0.0
T049,L,1653,T006,134,-15.81443503787498,13.016206653007169,-0.2660935278710666,True,0,mapped,True,0.0
T049,L,1653,T010,304,-15.81443503787498,13.016206653007169,-0.2660935278710666,True,0,mapped,False,0.0
T049,L,1654,T006,136,-14.107529278485323,13.227689247316484,-5.751443546002882,True,0,mapped,True,0.0
T049,L,1655,T006,137,-14.269953288499792,13.3348455994678,-5.277806391042795,True,0,mapped,True,0.0
T049,L,1656,T006,138,-14.32383769137562,13.36097651744072,-4.88875604550153,True,0,mapped,True,0.0
T049,L,1657,T006,139,-14.532963359492548,13.502210462033071,-4.633911581866027,True,0,mapped,True,0.0
T049,L,1658,T006,140,-14.68403983533556,13.533086251774334,-4.333669503795935,True,0,mapped,True,0.0
T049,L,1659,T006,141,-14.93027971111071,13.50198391706092,-3.921244407251317,True,0,mapped,True,0.0
T049,L,1660,T006,142,-15.095298544746576,13.441666822824676,-3.612428044032389,True,0,mapped,True,0.0
T049,L,1661,T006,143,-15.1936972411013,13.366395204560844,-3.390896321292745,True,0,mapped,True,0.0
T049,L,1662,T006,144,-15.324547807305452,13.247057615128709,-3.0957553968784595,True,0,mapped,True,0.0
T049,L,1663,T006,145,-15.42350154334175,13.09342117012061,-2.728148619576972,True,0,mapped,True,0.0
T049,L,1664,T006,146,-15.509222565735117,12.987943893054958,-2.446765711965189,True,0,mapped,True,0.0
T049,L,1665,T006,147,-15.63328084801851,12.905949227590682,-2.1823387110059107,True,0,mapped,True,0.0
T049,L,1666,T006,148,-15.728305507766988,12.87471926262039,-1.8195259465829257,True,0,mapped,True,0.0
T049,L,1667,T006,149,-15.9114807466942,12.85997014087028,-1.5747726098508057,True,0,mapped,True,0.0
T049,L,1668,T006,150,-16.059882218002762,12.878591489373218,-1.3002104099916365,True,0,mapped,True,0.0
T049,L,1669,T006,151,-16.204964716146183,12.801091386424796,-0.9917327937660004,True,0,mapped,True,0.0
T049,L,1670,T006,152,-16.208304784552354,12.778031952595406,-0.6948013880636285,True,0,mapped,True,0.0
T049,L,1671,T006,153,-16.294352974464598,12.632121836724547,-0.2891972064971924,True,0,mapped,True,0.0
T049,L,1671,T010,297,-16.294352974464598,12.632121836724547,-0.2891972064971924,True,0,mapped,False,0.0
T049,L,1672,T006,155,-14.478437893374943,13.524817599176986,-5.151712171820502,True,0,mapped,True,0.0
T049,L,1673,T006,156,-14.722516280079718,13.630450682040577,-4.83715028101506,True,0,mapped,True,0.0
T049,L,1674,T006,157,-14.866265133798525,13.611577113922465,-4.547156986412099,True,0,mapped,True,0.0
T049,L,1675,T006,158,-15.113519251544632,13.538354445128483,-4.2074417036433465,True,0,mapped,True,0.0
T049,L,1676,T006,159,-15.343889146061796,13.40964057680846,-3.901358709941827,True,0,mapped,True,0.0
T049,L,1677,T006,160,-15.41074975628188,13.325401845318408,-3.6917295151431153,True,0,mapped,True,0.0
T049,L,1678,T006,161,-15.56411229479578,13.18552048766897,-3.40405263081344,True,0,mapped,True,0.0
T049,L,1679,T006,162,-15.655668000328852,13.06385369420656,-3.078577277526939,True,0,mapped,True,0.0
T049,L,1680,T006,163,-15.840994267201753,12.93685523286185,-2.848726683368918,True,0,mapped,True,0.0
T049,L,1681,T006,164,-15.90148153253998,12.848130092194236,-2.5179179225869,True,0,mapped,True,0.0
T049,L,1682,T006,165,-16.101603135305417,12.687712035233748,-2.251965789225106,True,0,mapped,True,0.0
T049,L,1683,T006,166,-16.279875898286164,12.5599066488691,-1.8833208594625173,True,0,mapped,True,0.0
T049,L,1684,T006,167,-16.351415794150448,12.601974662479876,-1.64723859686664,True,0,mapped,True,0.0
T049,L,1685,T006,168,-16.52044101332533,12.533467565418915,-1.3622280745755686,True,0,mapped,True,0.0
T049,L,1686,T006,169,-16.54752681960525,12.491474168833498,-1.032709378072288,True,0,mapped,True,0.0
T049,L,1687,T006,170,-16.70425588465842,12.338007810473457,-0.7043975005559144,True,0,mapped,True,0.0
T049,L,1688,T006,171,-16.729008061930873,12.270089704888251,-0.4625772397799127,True,0,mapped,True,0.0
T049,L,1688,T010,289,-16.729008061930873,12.270089704888251,-0.4625772397799122,True,0,mapped,False,4.996003610813204e-16
T049,L,1689,T006,173,-15.060489911829816,13.698779613612148,-4.783344100002132,True,0,mapped,True,0.0
T049,L,1690,T006,174,-15.30043733419268,13.599793811563472,-4.495865603283676,True,0,mapped,True,0.0
T049,L,1691,T006,175,-15.528405855447726,13.446409221618186,-4.223647005564398,True,0,mapped,True,0.0
T049,L,1692,T006,176,-15.725143790631972,13.318937649843146,-4.028762277313501,True,0,mapped,True,0.0
T049,L,1693,T006,177,-15.812286398899149,13.188839792404083,-3.7499371422137537,True,0,mapped,True,0.0
T049,L,1694,T006,178,-15.969043289173388,13.026378291066877,-3.461572290235844,True,0,mapped,True,0.0
T049,L,1695,T006,179,-16.0944338531285,12.892726002715415,-3.16404015958646,True,0,mapped,True,0.0
T049,L,1696,T006,180,-16.229591739048267,12.755799230269064,-2.853367608365062,True,0,mapped,True,0.0
T049,L,1697,T006,181,-16.357201284847733,12.616864560153996,-2.607572196074547,True,0,mapped,True,0.0
T049,L,1698,T006,182,-16.466884318330834,12.47580837780345,-2.3024966100050808,True,0,mapped,True,0.0
T049,L,1699,T006,183,-16.638209703272,12.34962726036957,-2.0053165868277367,True,0,mapped,True,0.0
T049,L,1700,T006,184,-16.764877751034497,12.3360317311238,-1.7263863480582962,True,0,mapped,True,0.0
T049,L,1701,T006,185,-16.838557510225872,12.254932050752446,-1.4422656573843224,True,0,mapped,True,0.0
T049,L,1702,T006,186,-16.9822617904656,12.133430915303524,-1.165755565381214,True,0,mapped,True,0.0
T049,L,1703,T006,187,-17.059958483760393,12.089338037478294,-0.8497855960727392,True,0,mapped,True,0.0
T049,L,1704,T006,188,-17.212308778707673,11.970726711480808,-0.6061278068903478,True,0,mapped,True,0.0
T049,L,1704,T010,280,-17.212308778707676,11.97072671148081,-0.6061278068903483,True,0,mapped,False,3.9968028886505635e-15
T049,L,1705,T006,190,-15.77407540109793,13.458450790193586,-4.513974480111008,True,0,mapped,True,0.0
T049,L,1706,T006,191,-16.00329333211396,13.289952948223108,-4.2866921997765175,True,0,mapped,True,0.0
T049,L,1707,T006,192,-16.17584289206226,13.120764126994343,-4.0321961310733,True,0,mapped,True,0.0
T049,L,1708,T006,193,-16.297913991595703,12.953119377830188,-3.7410251406682056,True,0,mapped,True,0.0
T049,L,1709,T006,194,-16.43359476620066,12.811712488025895,-3.476085307120473,True,0,mapped,True,0.0
T049,L,1710,T006,195,-16.562408157873616,12.67285107800175,-3.2281847558929906,True,0,mapped,True,0.0
T049,L,1711,T006,196,-16.700265423264774,12.519441155696338,-2.9367902531520924,True,0,mapped,True,0.0
T049,L,1712,T006,197,-16.811810890593534,12.382366689905036,-2.669319096314533,True,0,mapped,True,0.0
T049,L,1713,T006,198,-16.87639827490432,12.268944496596731,-2.436483597121624,True,0,mapped,True,0.0
T049,L,1714,T006,199,-17.061777472152407,12.145540362843766,-2.0553589158633705,True,0,mapped,True,0.0
T049,L,1715,T006,200,-17.152204106463394,12.110577976984624,-1.7903603426574826,True,0,mapped,True,0.0
T049,L,1716,T006,201,-17.333677508045426,11.991561143973264,-1.505274226026589,True,0,mapped,True,0.0
T049,L,1717,T006,202,-17.474591604589094,11.919077015133176,-1.3087548014178505,True,0,mapped,True,0.0
T049,L,1718,T006,203,-17.567896810712284,11.8482219675221,-1.0286910943496956,True,0,mapped,True,0.0
T049,L,1719,T006,204,-17.73924645082849,11.715289177797883,-0.6891972422599792,True,0,mapped,True,0.0
T049,L,1719,T010,270,-17.739246450828492,11.715289177797883,-0.6891972422599792,True,0,mapped,False,3.552713678800501e-15
T049,L,1720,T006,206,-16.447203817136106,13.101524515061026,-4.319499190138051,True,0,mapped,True,0.0
T049,L,1721,T006,207,-16.636110538807372,12.923164652276371,-4.102684576884751,True,0,mapped,True,0.0
T049,L,1722,T006,208,-16.748845640848636,12.785491646487138,-3.853896685572986,True,0,mapped,True,0.0
T049,L,1723,T006,209,-16.892330770838097,12.64962563393354,-3.604461306212575,True,0,mapped,True,0.0
T049,L,1724,T006,210,-17.081174116782808,12.448983083839202,-3.2622530019495266,True,0,mapped,True,0.0
T049,L,1725,T006,211,-17.195015399072116,12.285626974147748,-2.9478961969218997,True,0,mapped,True,0.0
T049,L,1726,T006,212,-17.291647943009547,12.176614324640283,-2.73184267384938,True,0,mapped,True,0.0
T049,L,1727,T006,213,-17.386712761277465,12.051160770930808,-2.493866011668744,True,0,mapped,True,0.0
T049,L,1728,T006,214,-17.44578853449975,11.994545114941625,-2.186200007247352,True,0,mapped,True,0.0
T049,L,1729,T006,215,-17.640789292129085,11.91099200305701,-1.925039896285744,True,0,mapped,True,0.0
T049,L,1730,T006,216,-17.748103376524174,11.819207225647965,-1.5845726301136966,True,0,mapped,True,0.0
T049,L,1731,T006,217,-17.953486824429845,11.730530360775326,-1.419783995774627,True,0,mapped,True,0.0
T049,L,1732,T006,218,-18.124875165354567,11.598945045250012,-1.0991469422609643,True,0,mapped,True,0.0
T049,L,1733,T006,219,-18.306251454887786,11.492004414693731,-0.7488704542744016,True,0,mapped,True,0.0
T049,L,1733,T010,259,-18.306251454887786,11.492004414693731,-0.7488704542744018,True,0,mapped,False,2.220446049250313e-16
T049,L,1734,T006,221,-17.1076663529672,12.78015632543713,-4.142532429840388,True,0,mapped,True,0.0
T049,L,1735,T006,222,-17.28119283869009,12.62803741528904,-3.910912441851222,True,0,mapped,True,0.0
T049,L,1736,T006,223,-17.47516965321329,12.436372102903782,-3.5707800195816897,True,0,mapped,True,0.0
T049,L,1737,T006,224,-17.635310697137747,12.28831127542652,-3.338069916698799,True,0,mapped,True,0.0
T049,L,1738,T006,225,-17.697429364349688,12.183209159696698,-3.107414607664746,True,0,mapped,True,0.0
T049,L,1739,T006,226,-17.8273214389806,12.066852304320864,-2.896866448046564,True,0,mapped,True,0.0
T049,L,1740,T006,227,-17.90251892457714,11.945675630539776,-2.586441455815117,True,0,mapped,True,0.0
T049,L,1741,T006,228,-18.07561875187176,11.82721168639824,-2.2607077409331056,True,0,mapped,True,0.0
T049,L,1742,T006,229,-18.189031496495957,11.742492717578374,-2.0507695978822835,True,0,mapped,True,0.0
T049,L,1743,T006,230,-18.371323746890276,11.630557429858658,-1.7412553939929731,True,0,mapped,True,0.0
T049,L,1744,T006,231,-18.51746251241696,11.561064333807792,-1.5884607863754092,True,0,mapped,True,0.0
T049,L,1745,T006,232,-18.63536140514186,11.447581086832788,-1.309994355752013,True,0,mapped,True,0.0
T049,L,1746,T006,233,-18.7692266638987,11.34423805632044,-1.123615108573306,True,0,mapped,True,0.0
T049,L,1746,T010,247,-18.7692266638987,11.34423805632044,-1.123615108573306,True,0,mapped,False,0.0
T049,L,1747,T006,235,-17.884361747040703,12.511859667432182,-3.8952476121483466,True,0,mapped,True,0.0
T049,L,1748,T006,236,-17.97624675157798,12.362528274664836,-3.620556474752237,True,0,mapped,True,0.0
T049,L,1749,T006,237,-18.08268429207233,12.214933725160009,-3.3504929631666887,True,0,mapped,True,0.0
T049,L,1750,T006,238,-18.271732872600754,12.089080308049844,-3.114961186264689,True,0,mapped,True,0.0
T049,L,1751,T006,239,-18.35254493598304,12.01954866120734,-2.945684402491512,True,0,mapped,True,0.0
T049,L,1752,T006,240,-18.49272357203654,11.85399340446448,-2.5928739239044174,True,0,mapped,True,0.0
T049,L,1753,T006,241,-18.618493350945048,11.746634369954847,-2.351349771081896,True,0,mapped,True,0.0
T049,L,1754,T006,242,-18.76875146455796,11.61877272090089,-2.113580468564553,True,0,mapped,True,0.0
T049,L,1755,T006,243,-18.90172843719564,11.50485787205573,-1.8785928007413828,True,0,mapped,True,0.0
T049,L,1756,T006,244,-19.079992017322017,11.365957001402345,-1.6388460977536523,True,0,mapped,True,0.0
T049,L,1757,T006,245,-19.17509562096229,11.262608002879237,-1.4768825314936591,True,0,mapped,True,0.0
T049,L,1758,T006,246,-19.30819998232044,11.132745561334518,-1.2891972064971924,True,0,mapped,True,0.0
T049,L,1758,T010,234,-19.30819998232044,11.132745561334518,-1.2891972064971924,True,0,mapped,False,0.0
T049,L,1759,T006,248,-18.516670318924746,12.358875618256093,-3.633930119832202,True,0,mapped,True,0.0
T049,L,1760,T006,249,-18.66189384486213,12.231573599169176,-3.3641623403264966,True,0,mapped,True,0.0
T049,L,1761,T006,250,-18.74674140069673,12.096619107239082,-3.095791532989556,True,0,mapped,True,0.0
T049,L,1762,T006,251,-18.87728955254134,11.966196212797296,-2.8265033245220383,True,0,mapped,True,0.0
T049,L,1763,T006,252,-18.987919010457787,11.781725327859036,-2.485056592596539,True,0,mapped,True,0.0
T049,L,1764,T006,253,-19.19969452700522,11.6659022977942,-2.320579467150332,True,0,mapped,True,0.0
T049,L,1765,T006,254,-19.29904790832715,11.53301382971402,-2.124605583015335,True,0,mapped,True,0.0
T049,L,1766,T006,255,-19.40519763458346,11.404302979132558,-1.904738578077687,True,0,mapped,True,0.0
T049,L,1767,T006,256,-19.59097382188711,11.280035479739896,-1.7290444170615713,True,0,mapped,True,0.0
T049,L,1768,T006,257,-19.708224235597395,11.170270867238626,-1.5679035564961512,True,0,mapped,True,0.0
T049,L,1769,T006,258,-19.874137575739137,11.09493104866434,-1.4846792063781995,True,0,mapped,True,0.0
T049,L,1769,T010,220,-19.87413757573914,11.09493104866434,-1.4846792063781995,True,0,mapped,False,3.552713678800501e-15
T049,L,1770,T006,260,-19.12847118946543,12.292565112810436,-3.2429422390455844,True,0,mapped,True,0.0
T049,L,1771,T006,261,-19.301155413054182,12.162632261781528,-2.966401290336701,True,0,mapped,True,0.0
T049,L,1772,T006,262,-19.4564029212432,11.991285630787091,-2.682176667696822,True,0,mapped,True,0.0
T049,L,1773,T006,263,-19.59881184669326,11.820470183047444,-2.4262987298813763,True,0,mapped,True,0.0
T049,L,1774,T006,264,-19.673041151673665,11.594039153828248,-2.1626710986739166,True,0,mapped,True,0.0
T049,L,1775,T006,265,-19.85202861343576,11.541085412371933,-2.066443091141987,True,0,mapped,True,0.0
T049,L,1776,T006,266,-20.003337746915644,11.419941762347426,-1.8898999251342357,True,0,mapped,True,0.0
T049,L,1777,T006,267,-20.17503891047868,11.289298882029907,-1.7063040728746963,True,0,mapped,True,0.0
T049,L,1778,T006,268,-20.341575119938614,11.168965774066931,-1.573164782981865,True,0,mapped,True,0.0
T049,L,1779,T006,269,-20.488405575256287,11.079054506255812,-1.4891972541809082,True,0,mapped,True,0.0
T049,L,1779,T010,205,-20.48840557525629,11.079054506255812,-1.4891972541809082,True,0,mapped,False,3.552713678800501e-15
T049,L,1780,T006,271,-19.69060675251925,12.153081634593615,-2.721940794713253,True,0,mapped,True,0.0
T049,L,1781,T006,272,-19.83445227007145,11.97403195393968,-2.4628444071027653,True,0,mapped,True,0.0
T049,L,1782,T006,273,-19.99339422666232,11.856741806974116,-2.288898133737642,True,0,mapped,True,0.0
T049,L,1783,T006,274,-20.21827473812622,11.768827400813356,-2.122452891136888,True,0,mapped,True,0.0
T049,L,1784,T006,275,-20.32434121875846,11.69487679157774,-2.018486444125098,True,0,mapped,True,0.0
T049,L,1785,T006,276,-20.427537383540184,11.485272551137475,-1.7981770691786896,True,0,mapped,True,0.0
T049,L,1786,T006,277,-20.66893314209904,11.410157650758045,-1.6459787179707948,True,0,mapped,True,0.0
T049,L,1787,T006,278,-20.837162429959207,11.339290482912048,-1.562791681760746,True,0,mapped,True,0.0
T049,L,1788,T006,279,-21.057782970620487,11.29526424407959,-1.4711652881935506,True,0,mapped,True,0.0
T049,L,1788,T010,189,-21.05778297062049,11.29526424407959,-1.4711652881935509,True,0,mapped,False,3.5596458096434965e-15
T049,L,1789,T006,281,-20.3768082975248,12.097543870224108,-2.217897532467883,True,0,mapped,True,0.0
T049,L,1790,T006,282,-20.54331847899114,12.019842751552382,-2.047234025400998,True,0,mapped,True,0.0
T049,L,1791,T006,283,-20.65171024177698,11.880233710081509,-1.907846463290514,True,0,mapped,True,0.0
T049,L,1792,T006,284,-20.81411579391312,11.749801897415288,-1.761980525749704,True,0,mapped,True,0.0
T049,L,1793,T006,285,-20.972501518551667,11.661092210087704,-1.653435367213414,True,0,mapped,True,0.0
T049,L,1794,T006,286,-21.171276760808205,11.56435842309897,-1.5237519854897443,True,0,mapped,True,0.0
T049,L,1795,T006,287,-21.32796405965251,11.47160253830571,-1.402884947576426,True,0,mapped,True,0.0
T049,L,1796,T006,288,-21.56967127781624,11.480012752066177,-1.2891972064971924,True,0,mapped,True,0.0
T049,L,1796,T010,172,-21.56967127781624,11.480012752066177,-1.2891972064971924,True,0,mapped,False,0.0
T049,L,1797,T006,290,-20.964768650124206,12.056600428801657,-1.79900563639115,True,0,mapped,True,0.0
T049,L,1798,T006,291,-21.20034423484515,11.913740466890753,-1.6317574927344178,True,0,mapped,True,0.0
T049,L,1799,T006,292,-21.35719325875256,11.790141251533694,-1.497604616920666,True,0,mapped,True,0.0
T049,L,1800,T006,293,-21.51848674836229,11.757893016501782,-1.393565573128553,True,0,mapped,True,0.0
T049,L,1801,T006,294,-21.695924267728984,11.70244017778128,-1.2888181047945977,True,0,mapped,True,0.0
T049,L,1802,T006,295,-21.859706053574527,11.755354115137768,-1.204819216467502,True,0,mapped,True,0.0
T049,L,1803,T006,296,-22.03036333785019,11.800996796362767,-1.1165859290027442,True,0,mapped,True,0.0
T049,L,1803,T010,154,-22.03036333785019,11.800996796362767,-1.1165859290027438,True,0,mapped,False,4.440892098500626e-16
T049,L,1804,T006,298,-21.67633458446457,12.017790094895709,-1.3484841840942383,True,0,mapped,True,0.0
T049,L,1805,T006,299,-21.81468819906251,11.959945659264209,-1.2575390987473098,True,0,mapped,True,0.0
T049,L,1806,T006,300,-21.97699648602601,11.898557827747,-1.1595573335566722,True,0,mapped,True,0.0
T049,L,1807,T006,301,-22.18855793900521,11.931852430678951,-1.0537057612962557,True,0,mapped,True,0.0
T049,L,1808,T006,302,-22.377504697790247,11.93890876980803,-0.9485154929516836,True,0,mapped,True,0.0
T049,L,1809,T006,303,-22.56161867076168,11.895263671875,-0.8443225217644135,True,0,mapped,True,0.0
T049,L,1809,T010,135,-22.56161867076168,11.895263671875,-0.8443225217644135,True,0,mapped,False,0.0
T049,L,1810,T006,305,-22.36687469869243,12.064472258285566,-0.9602524334562632,True,0,mapped,True,0.0
T049,L,1811,T006,306,-22.546977187061024,12.026198965674087,-0.8517696754989484,True,0,mapped,True,0.0
T049,L,1812,T006,307,-22.73031103635725,11.990940284818375,-0.7501907002472465,True,0,mapped,True,0.0
T049,L,1813,T006,308,-22.92414413095628,11.945160580916395,-0.6643155457402965,True,0,mapped,True,0.0
T049,L,1814,T006,309,-23.12414865017153,11.895263671875,-0.5906550501812214,True,0,mapped,True,0.0
T049,L,1814,T010,115,-23.12414865017153,11.895263671875,-0.5906550501812213,True,0,mapped,False,1.1102230246251565e-16
T049,L,1815,T006,311,-23.098897193919377,12.055414735551668,-0.5907755862436385,True,0,mapped,True,0.0
T049,L,1816,T006,312,-23.301092021129445,12.010322162062902,-0.5264903962791156,True,0,mapped,True,0.0
T049,L,1817,T006,313,-23.50299525077133,11.957261274820372,-0.4559913633168293,True,0,mapped,True,0.0
T049,L,1818,T006,314,-23.711987240935027,11.895263671874998,-0.3995571393752198,True,0,mapped,True,0.0
T049,L,1818,T010,94,-23.71198724093503,11.895263671875,-0.3995571393752197,True,0,mapped,False,3.973605926116015e-15
T049,L,1819,T006,316,-23.880371195783766,12.04113787269756,-0.3346380329882908,True,0,mapped,True,0.0
T049,L,1820,T006,317,-24.07061534478997,12.052328639081034,-0.2895723712381123,True,0,mapped,True,0.0
T049,L,1821,T006,318,-24.261495502367453,12.08347504452604,-0.2430955622805734,True,0,mapped,True,0.0
T049,L,1821,T010,72,-24.261495502367453,12.08347504452604,-0.2430955622805733,True,0,mapped,False,1.1102230246251565e-16
T049,L,1822,T006,320,-24.414488532710312,12.06394999879553,-0.3074071203689628,True,2,smooth_near_vertex,True,0.0
T049,L,1823,T006,321,-24.42757755701439,12.068955180667192,-0.2842284125912799,True,2,smooth_near_vertex,False,0.4574787152138429
T049,L,1823,T010,49,-24.872338899571663,12.095264434814451,-0.180392261918323,True,0,mapped,True,0.0
T049,L,1824,T006,323,-24.96371084818983,12.076067040266164,-0.2968385964774712,True,2,smooth_near_vertex,False,0.5462964869052367
T049,L,1824,T010,25,-25.489376588211687,12.095264434814451,-0.1493704934353756,True,0,mapped,True,0.0
T049,L,1825,T007,25,-11.095377922058104,10.89669252724947,-9.169876761983945,True,0,mapped,True,0.0
T049,L,1826,T007,26,-11.483402318168132,10.97163060630514,-8.996019943487278,True,0,mapped,True,0.0
T049,L,1827,T007,27,-11.95775112428466,10.93056376343284,-8.673961720700227,True,0,mapped,True,0.0
T049,L,1828,T007,28,-12.317288208467737,11.023657994410492,-8.399832297725442,True,0,mapped,True,0.0
T049,L,1829,T007,29,-12.617235495689322,11.0875999493343,-8.028674567072027,True,0,mapped,True,0.0
T049,L,1830,T007,30,-12.788024561477172,11.11585079671237,-7.617074787792992,True,0,mapped,True,0.0
T049,L,1831,T007,31,-12.91881754864465,11.222678854627702,-7.139531376093979,True,0,mapped,True,0.0
T049,L,1832,T007,32,-12.991316039686655,11.329369538358316,-6.741518584314333,True,0,mapped,True,0.0
T049,L,1833,T007,33,-13.070770671116025,11.518195158511432,-6.166997831345332,True,0,mapped,True,0.0
T049,L,1834,T007,34,-13.05542377820387,11.646074103495414,-5.711394782400522,True,0,mapped,True,0.0
T049,L,1835,T007,35,-13.053323390549242,11.807256142703013,-5.229438499193071,True,0,mapped,True,0.0
T049,L,1836,T007,36,-13.07033087155198,11.975712832028208,-4.863580379904706,True,0,mapped,True,0.0
T049,L,1837,T007,37,-13.082281493912724,12.159202234201508,-4.4303226092836825,True,0,mapped,True,0.0
T049,L,1838,T007,38,-13.15041091811867,12.372158497929902,-4.045364476985603,True,0,mapped,True,0.0
T049,L,1839,T007,39,-13.199133307797815,12.555158186689871,-3.627859244116744,True,0,mapped,True,0.0
T049,L,1840,T007,40,-13.214097359446656,12.709191095458287,-3.168435742984012,True,0,mapped,True,0.0
T049,L,1841,T007,41,-13.229435947701484,12.87141117426832,-2.713614605826479,True,0,mapped,True,0.0
T049,L,1842,T007,42,-13.219898470871255,13.044788687346134,-2.2698092667271057,True,0,mapped,True,0.0
T049,L,1843,T007,43,-13.240020076092076,13.250544260273369,-1.8442206969654844,True,0,mapped,True,0.0
T049,L,1844,T007,44,-13.265305107020367,13.488132164418491,-1.420166362443143,True,0,mapped,True,0.0
T049,L,1845,T007,45,-13.27245784754006,13.735895325302607,-0.9856504549005934,True,0,mapped,True,0.0
T049,L,1846,T007,46,-13.231066547092198,13.969191364268813,-0.5390432423599041,True,0,mapped,True,0.0
T049,L,1847,T007,47,-13.132646516009167,14.183304824432064,-0.0959523918533568,True,0,mapped,True,0.0
T049,L,1848,T007,48,-12.956132690564363,14.329776896255286,0.3361553282347693,True,0,mapped,True,0.0
T049,L,1848,T013,322,-12.956132690564369,14.329776896255288,0.3361553282347694,True,0,mapped,False,5.618430578060438e-15
T049,L,1849,T007,49,-11.095377922058104,10.504591454106995,-9.091859816572072,True,0,mapped,True,0.0
T049,L,1850,T007,50,-11.435500014162349,10.527619179143286,-8.94203723786474,True,0,mapped,True,0.0
T049,L,1851,T007,51,-11.809160432098448,10.60289594197949,-8.67608845426594,True,0,mapped,True,0.0
T049,L,1852,T007,52,-12.17257449579612,10.612512628312864,-8.262143126732402,True,0,mapped,True,0.0
T049,L,1853,T007,53,-12.442919118312885,10.69258211408885,-7.76534114550754,True,0,mapped,True,0.0
T049,L,1854,T007,54,-12.667543883550197,10.893898305342484,-7.422492814435585,True,0,mapped,True,0.0
T049,L,1855,T007,55,-12.67793132247983,10.937976429659171,-6.985171960567995,True,0,mapped,True,0.0
T049,L,1856,T007,56,-12.718532548793911,11.096932296368212,-6.55285776797259,True,0,mapped,True,0.0
T049,L,1857,T007,57,-12.789410380103575,11.250586419214644,-6.056952889003306,True,0,mapped,True,0.0
T049,L,1858,T007,58,-12.84298704086597,11.446500391228168,-5.4880903274010775,True,0,mapped,True,0.0
T049,L,1859,T007,59,-12.806680069161036,11.585979662521282,-5.072070610366053,True,0,mapped,True,0.0
T049,L,1860,T007,60,-12.822559730588296,11.766181848439867,-4.724470222981247,True,0,mapped,True,0.0
T049,L,1861,T007,61,-12.845834266591012,11.976834688231085,-4.332396280064808,True,0,mapped,True,0.0
T049,L,1862,T007,62,-12.88996170439449,12.19407845345818,-3.947342147156325,True,0,mapped,True,0.0
T049,L,1863,T007,63,-12.920627710669963,12.392763846953253,-3.5482419364531945,True,0,mapped,True,0.0
T049,L,1864,T007,64,-12.936058616531898,12.575013002174938,-3.1194136087653,True,0,mapped,True,0.0
T049,L,1865,T007,65,-12.937023272442987,12.76523489491138,-2.68152568828714,True,0,mapped,True,0.0
T049,L,1866,T007,66,-12.92838117385622,12.963594210970363,-2.2515771063026504,True,0,mapped,True,0.0
T049,L,1867,T007,67,-12.920356572877877,13.186795250565826,-1.8317844841734243,True,0,mapped,True,0.0
T049,L,1868,T007,68,-12.91469791694804,13.427833644104728,-1.4084868433841446,True,0,mapped,True,0.0
T049,L,1869,T007,69,-12.878577555360332,13.676107320218003,-0.971201977380728,True,0,mapped,True,0.0
T049,L,1870,T007,70,-12.780844359144536,13.899451506452229,-0.5319919500722062,True,0,mapped,True,0.0
T049,L,1871,T007,71,-12.639723255544304,14.086134462777204,-0.1112088198107692,True,0,mapped,True,0.0
T049,L,1871,T013,319,-12.639723255544304,14.086134462777204,-0.1112088198107692,True,0,mapped,False,0.0
T049,L,1872,T007,72,-10.945294320105246,10.136125994038734,-9.08232792493632,True,0,mapped,True,0.0
T049,L,1873,T007,73,-11.387406171497872,10.140728788529715,-8.792011802633915,True,0,mapped,True,0.0
T049,L,1874,T007,74,-11.671081753122971,10.11913171464747,-8.392732569753914,True,0,mapped,True,0.0
T049,L,1875,T007,75,-11.913858065784282,10.192395844600618,-8.048947933035425,True,0,mapped,True,0.0
T049,L,1876,T007,76,-11.995672009230432,10.234461506431831,-7.553066753652946,True,0,mapped,True,0.0
T049,L,1877,T007,77,-12.142214578915146,10.425640871303498,-7.175536887020757,True,0,mapped,True,0.0
T049,L,1878,T007,78,-12.275262488024794,10.673898454815088,-6.769380056808988,True,0,mapped,True,0.0
T049,L,1879,T007,79,-12.294133552348017,10.74170810083402,-6.430513523349715,True,0,mapped,True,0.0
T049,L,1880,T007,80,-12.415967183877552,10.9197993780664,-5.7697744312284565,True,0,mapped,True,0.0
T049,L,1881,T007,81,-12.560330897023114,11.17110863563672,-5.421292953430012,True,0,mapped,True,0.0
T049,L,1882,T007,82,-12.532604757012647,11.3313429867173,-5.014835106356478,True,0,mapped,True,0.0
T049,L,1883,T007,83,-12.552295880427298,11.562916572311927,-4.598969499133931,True,0,mapped,True,0.0
T049,L,1884,T007,84,-12.57817740099376,11.791269766106923,-4.219808135477978,True,0,mapped,True,0.0
T049,L,1885,T007,85,-12.61061196152937,12.020328769567517,-3.846369520886797,True,0,mapped,True,0.0
T049,L,1886,T007,86,-12.630352951801695,12.237002643596927,-3.462376420254587,True,0,mapped,True,0.0
T049,L,1887,T007,87,-12.638905149060784,12.445429801455044,-3.0589031447612536,True,0,mapped,True,0.0
T049,L,1888,T007,88,-12.639082659562453,12.655685094626715,-2.6431394312988443,True,0,mapped,True,0.0
T049,L,1889,T007,89,-12.62621198825638,12.876971208577142,-2.2273679725146502,True,0,mapped,True,0.0
T049,L,1890,T007,90,-12.606085726525055,13.112829631816489,-1.812677247063616,True,0,mapped,True,0.0
T049,L,1891,T007,91,-12.583674074297118,13.358677098184245,-1.3963835708730066,True,0,mapped,True,0.0
T049,L,1892,T007,92,-12.51214426557603,13.599497541503958,-0.959038342630542,True,0,mapped,True,0.0
T049,L,1893,T007,93,-12.28722018543186,13.827766340299462,-0.4553148264978339,True,0,mapped,True,0.0
T049,L,1893,T013,315,-12.28722018543186,13.827766340299462,-0.4553148264978339,True,0,mapped,False,0.0
T049,L,1894,T007,94,-10.802816518786631,9.798773250022814,-8.93953420720176,True,0,mapped,True,0.0
T049,L,1895,T007,95,-11.195038537137684,9.758895856211913,-8.594546554150536,True,0,mapped,True,0.0
T049,L,1896,T007,96,-11.410370597740426,9.79182402301749,-8.226524590259235,True,0,mapped,True,0.0
T049,L,1897,T007,97,-11.577478441006608,9.868343947191804,-7.81900394475341,True,0,mapped,True,0.0
T049,L,1898,T007,98,-11.739291430600852,10.100627784276142,-7.304114514795353,True,0,mapped,True,0.0
T049,L,1899,T007,99,-11.814396339327548,10.232972086255868,-6.984825759371569,True,0,mapped,True,0.0
T049,L,1900,T007,100,-11.889835426366805,10.335228441377309,-6.6677593688109145,True,0,mapped,True,0.0
T049,L,1901,T007,101,-12.070722726203217,10.512561137621798,-6.156175340285314,True,0,mapped,True,0.0
T049,L,1902,T007,102,-12.079401628029077,10.631674853056664,-5.675285499867459,True,0,mapped,True,0.0
T049,L,1903,T007,103,-12.20719882984085,10.915569709807418,-5.267132515306852,True,0,mapped,True,0.0
T049,L,1904,T007,104,-12.24743152063127,11.142693483085967,-4.859115126286532,True,0,mapped,True,0.0
T049,L,1905,T007,105,-12.269807257963564,11.374477176988782,-4.466876326357915,True,0,mapped,True,0.0
T049,L,1906,T007,106,-12.296233670936685,11.612304626689884,-4.099423924408091,True,0,mapped,True,0.0
T049,L,1907,T007,107,-12.322237740334772,11.85305970285522,-3.743158476903901,True,0,mapped,True,0.0
T049,L,1908,T007,108,-12.337821966496454,12.085682939786707,-3.376838973514542,True,0,mapped,True,0.0
T049,L,1909,T007,109,-12.340565544433694,12.315709157942123,-2.99439228948584,True,0,mapped,True,0.0
T049,L,1910,T007,110,-12.336090762289878,12.547766460640524,-2.6017615168346784,True,0,mapped,True,0.0
T049,L,1911,T007,111,-12.318405653204156,12.785624112943752,-2.198632377299736,True,0,mapped,True,0.0
T049,L,1912,T007,112,-12.287113700175816,13.032135000757744,-1.7893176128151087,True,0,mapped,True,0.0
T049,L,1913,T007,113,-12.264831773136256,13.281485589115196,-1.3842122506264964,True,0,mapped,True,0.0
T049,L,1914,T007,114,-12.210321966841256,13.517779233561036,-0.9656661396546722,True,0,mapped,True,0.0
T049,L,1914,T013,310,-12.210321966841256,13.517779233561036,-0.9656661396546722,True,0,mapped,False,0.0
T049,L,1915,T007,115,-10.69947495930012,9.50164370340456,-8.712940255919111,True,0,mapped,True,0.0
T049,L,1916,T007,116,-10.94384468639313,9.457249572037854,-8.428964525529793,True,0,mapped,True,0.0
T049,L,1917,T007,117,-11.175214434949112,9.548625516470995,-8.090305384879656,True,0,mapped,True,0.0
T049,L,1918,T007,118,-11.348155411187944,9.71749382560176,-7.587180929867147,True,0,mapped,True,0.0
T049,L,1919,T007,119,-11.43268031367635,9.89332581794796,-7.225062720036201,True,0,mapped,True,0.0
T049,L,1920,T007,120,-11.554531155326927,10.055077821455214,-6.817967208228696,True,0,mapped,True,0.0
T049,L,1921,T007,121,-11.667292772626734,10.119463398888705,-6.362286169321511,True,0,mapped,True,0.0
T049,L,1922,T007,122,-11.802546010233351,10.297218048447547,-5.9731002154420345,True,0,mapped,True,0.0
T049,L,1923,T007,123,-11.869081865788951,10.466916899027272,-5.616871238172909,True,0,mapped,True,0.0
T049,L,1924,T007,124,-11.944926483115808,10.720811776752306,-5.165109815191894,True,0,mapped,True,0.0
T049,L,1925,T007,125,-11.971658935768408,10.966702543386468,-4.730436992991589,True,0,mapped,True,0.0
T049,L,1926,T007,126,-11.99202175867591,11.205785398646444,-4.337274632371321,True,0,mapped,True,0.0
T049,L,1927,T007,127,-12.015867991097952,11.447492993397594,-3.984891632915193,True,0,mapped,True,0.0
T049,L,1928,T007,128,-12.037789958194717,11.695360606689029,-3.6454878651851055,True,0,mapped,True,0.0
T049,L,1929,T007,129,-12.045463424798651,11.942618544439574,-3.297138197326458,True,0,mapped,True,0.0
T049,L,1930,T007,130,-12.042291512360675,12.187965023849983,-2.9313416413033546,True,0,mapped,True,0.0
T049,L,1931,T007,131,-12.03284018254454,12.43593882960652,-2.555688595806603,True,0,mapped,True,0.0
T049,L,1932,T007,132,-12.014810213456776,12.687933423262422,-2.171580692161533,True,0,mapped,True,0.0
T049,L,1933,T007,133,-11.96262264364827,12.945296187028712,-1.7603099285671986,True,0,mapped,True,0.0
T049,L,1934,T007,134,-11.917018100525809,13.198966682178446,-1.3475305976421847,True,0,mapped,True,0.0
T049,L,1934,T013,304,-11.917018100525809,13.198966682178444,-1.3475305976421847,True,0,mapped,False,1.7763568394002505e-15
T049,L,1935,T007,135,-10.55103194998404,9.253789509713028,-8.489197731018066,True,0,mapped,True,0.0
T049,L,1936,T007,136,-10.75686235778445,9.25216930373185,-8.144745434906426,True,0,mapped,True,0.0
T049,L,1937,T007,137,-10.880995537199857,9.326515932194358,-7.757889212755174,True,0,mapped,True,0.0
T049,L,1938,T007,138,-11.08613332703321,9.577016575777597,-7.35950558263564,True,0,mapped,True,0.0
T049,L,1939,T007,139,-11.215913255374716,9.760437523774543,-6.942935179129755,True,0,mapped,True,0.0
T049,L,1940,T007,140,-11.290540953328447,9.78652669398521,-6.541475860542047,True,0,mapped,True,0.0
T049,L,1941,T007,141,-11.433712411023992,9.9316389931066,-6.146855777900356,True,0,mapped,True,0.0
T049,L,1942,T007,142,-11.555482100163822,10.124544231580494,-5.796254321331366,True,0,mapped,True,0.0
T049,L,1943,T007,143,-11.636072888578706,10.337181535001609,-5.4307678848817655,True,0,mapped,True,0.0
T049,L,1944,T007,144,-11.68246456580754,10.569372061175814,-5.021395790179297,True,0,mapped,True,0.0
T049,L,1945,T007,145,-11.706042936148323,10.811652660076229,-4.604185934594113,True,0,mapped,True,0.0
T049,L,1946,T007,146,-11.722700004313666,11.050934466824902,-4.224573418182807,True,0,mapped,True,0.0
T049,L,1947,T007,147,-11.740985206096326,11.29450436118958,-3.8862590950344327,True,0,mapped,True,0.0
T049,L,1948,T007,148,-11.756028001701592,11.545101289497158,-3.559362204646371,True,0,mapped,True,0.0
T049,L,1949,T007,149,-11.756583807825278,11.8011189084452,-3.2238848989489868,True,0,mapped,True,0.0
T049,L,1950,T007,150,-11.742400949971222,12.0603191026882,-2.8704515318886563,True,0,mapped,True,0.0
T049,L,1951,T007,151,-11.724401330226955,12.32206841449092,-2.506258600643025,True,0,mapped,True,0.0
T049,L,1952,T007,152,-11.720921562785517,12.582521416542283,-2.1492434445347115,True,0,mapped,True,0.0
T049,L,1953,T007,153,-11.666848404870098,12.85126989646192,-1.744513212548085,True,0,mapped,True,0.0
T049,L,1953,T013,297,-11.666848404870098,12.85126989646192,-1.744513212548085,True,0,mapped,False,0.0
T049,L,1954,T007,154,-10.327904884092886,9.057276120948105,-8.28919792175293,True,0,mapped,True,0.0
T049,L,1955,T007,155,-10.503931389658757,9.085244350291042,-7.952253141372132,True,0,mapped,True,0.0
T049,L,1956,T007,156,-10.712044733628607,9.25642643093461,-7.542787591694761,True,0,mapped,True,0.0
T049,L,1957,T007,157,-10.913201948528704,9.48737726920271,-7.121959583429426,True,0,mapped,True,0.0
T049,L,1958,T007,158,-11.005694657560046,9.56710973431664,-6.83577259939732,True,0,mapped,True,0.0
T049,L,1959,T007,159,-11.070606572666463,9.565452874798156,-6.330054421967753,True,0,mapped,True,0.0
T049,L,1960,T007,160,-11.16882220517414,9.736024259457457,-5.999400526353656,True,0,mapped,True,0.0
T049,L,1961,T007,161,-11.283237767114024,9.953458790450204,-5.616925582884177,True,0,mapped,True,0.0
T049,L,1962,T007,162,-11.362647092153288,10.185314847796,-5.246484761725391,True,0,mapped,True,0.0
T049,L,1963,T007,163,-11.41134465400321,10.42162209318427,-4.860718749448727,True,0,mapped,True,0.0
T049,L,1964,T007,164,-11.437708955648246,10.65926542314024,-4.482205230946107,True,0,mapped,True,0.0
T049,L,1965,T007,165,-11.454766524251191,10.898551068308748,-4.125483370113344,True,0,mapped,True,0.0
T049,L,1966,T007,166,-11.468742932615768,11.144186533388634,-3.802548443863357,True,0,mapped,True,0.0
T049,L,1967,T007,167,-11.478108466933104,11.397634472853705,-3.4871707592735737,True,0,mapped,True,0.0
T049,L,1968,T007,168,-11.472261278980891,11.65972882752482,-3.1631251621842087,True,0,mapped,True,0.0
T049,L,1969,T007,169,-11.442152211441432,11.9294504941869,-2.8142079820663786,True,0,mapped,True,0.0
T049,L,1970,T007,170,-11.404117354580944,12.204639399837838,-2.448114858158746,True,0,mapped,True,0.0
T049,L,1971,T007,171,-11.398096507666462,12.480314848735604,-2.0976664653829453,True,0,mapped,True,0.0
T049,L,1971,T013,289,-11.398096507666462,12.480314848735606,-2.097666465382945,True,0,mapped,False,1.831026719408895e-15
T049,L,1972,T007,172,-10.089845396125046,8.853341663671602,-8.089197158813477,True,0,mapped,True,0.0
T049,L,1973,T007,173,-10.178931308271252,8.906546279576519,-7.718767935063914,True,0,mapped,True,0.0
T049,L,1974,T007,174,-10.36690917753064,9.075407789527874,-7.359587216075298,True,0,mapped,True,0.0
T049,L,1975,T007,175,-10.525151566346192,9.186664289512144,-6.964003590743183,True,0,mapped,True,0.0
T049,L,1976,T007,176,-10.7282648266032,9.302381823453448,-6.762974865699772,True,0,mapped,True,0.0
T049,L,1977,T007,177,-10.806310460910714,9.362714785838357,-6.26893745210167,True,0,mapped,True,0.0
T049,L,1978,T007,178,-10.877030002995426,9.506852591540934,-5.892349633288427,True,0,mapped,True,0.0
T049,L,1979,T007,179,-10.985561243106384,9.785056811463186,-5.430677372662032,True,0,mapped,True,0.0
T049,L,1980,T007,180,-11.075086284838472,10.025053081239175,-5.05951565880189,True,0,mapped,True,0.0
T049,L,1981,T007,181,-11.128784124039166,10.266253587358952,-4.697417813247784,True,0,mapped,True,0.0
T049,L,1982,T007,182,-11.161582062434086,10.503706598206914,-4.353524424219939,True,0,mapped,True,0.0
T049,L,1983,T007,183,-11.180644720588583,10.743856772893071,-4.032292904765424,True,0,mapped,True,0.0
T049,L,1984,T007,184,-11.194718511123453,10.991418093222991,-3.7275961830561615,True,0,mapped,True,0.0
T049,L,1985,T007,185,-11.204224884548736,11.247249328438766,-3.4282919049215854,True,0,mapped,True,0.0
T049,L,1986,T007,186,-11.19995080073512,11.513828500172544,-3.12028842395529,True,0,mapped,True,0.0
T049,L,1987,T007,187,-11.150639922479373,11.79183166959164,-2.770316477415974,True,0,mapped,True,0.0
T049,L,1988,T007,188,-11.071738070640656,12.082035145399235,-2.3868136255837875,True,0,mapped,True,0.0
T049,L,1988,T013,280,-11.071738070640656,12.082035145399235,-2.3868136255837875,True,0,mapped,False,0.0
T049,L,1989,T007,189,-9.744305214077224,8.652243138635594,-8.089197158813477,True,0,mapped,True,0.0
T049,L,1990,T007,190,-9.879635396223073,8.733357528719853,-7.541319116836427,True,0,mapped,True,0.0
T049,L,1991,T007,191,-10.082220320984533,8.920487032733067,-7.273940262212335,True,0,mapped,True,0.0
T049,L,1992,T007,192,-10.17495760159952,9.053029973856626,-6.853124606001638,True,0,mapped,True,0.0
T049,L,1993,T007,193,-10.330431078367209,9.109452183495248,-6.5132111285665255,True,0,mapped,True,0.0
T049,L,1994,T007,194,-10.4298918489675,9.169523360325249,-6.141359518768697,True,0,mapped,True,0.0
T049,L,1995,T007,195,-10.594670451663848,9.380051615572444,-5.684642690824923,True,0,mapped,True,0.0
T049,L,1996,T007,196,-10.699052481495762,9.609919282659783,-5.2650576760908665,True,0,mapped,True,0.0
T049,L,1997,T007,197,-10.781854266354353,9.859693603354636,-4.884151600907692,True,0,mapped,True,0.0
T049,L,1998,T007,198,-10.837155091003126,10.103648368764784,-4.5433746085067686,True,0,mapped,True,0.0
T049,L,1999,T007,199,-10.871977177465396,10.342631530230763,-4.231020961457965,True,0,mapped,True,0.0
T049,L,2000,T007,200,-10.894987528727944,10.584551553398786,-3.9385817686893048,True,0,mapped,True,0.0
T049,L,2001,T007,201,-10.914043776700446,10.832851951102322,-3.653260417778869,True,0,mapped,True,0.0
T049,L,2002,T007,202,-10.928277839389413,11.090962301363517,-3.376708096523078,True,0,mapped,True,0.0
T049,L,2003,T007,203,-10.939924001563814,11.3599530289422,-3.093989070602813,True,0,mapped,True,0.0
T049,L,2004,T007,204,-10.89568367246198,11.646964202365536,-2.75551232414585,True,0,mapped,True,0.0
T049,L,2004,T013,270,-10.89568367246198,11.646964202365536,-2.75551232414585,True,0,mapped,False,0.0
T049,L,2005,T007,205,-9.428063323481869,8.44193473305343,-7.9814711792741395,True,0,mapped,True,0.0
T049,L,2006,T007,206,-9.672162446102336,8.603267283310323,-7.461319942673111,True,0,mapped,True,0.0
T049,L,2007,T007,207,-9.681181197697164,8.704846231946549,-7.111129602891893,True,0,mapped,True,0.0
T049,L,2008,T007,208,-9.855780054438751,8.916597395110543,-6.666676930512198,True,0,mapped,True,0.0
T049,L,2009,T007,209,-10.056649510356554,8.975711840001514,-6.318524491756607,True,0,mapped,True,0.0
T049,L,2010,T007,210,-10.141333391642856,9.037443670670491,-5.965635054699848,True,0,mapped,True,0.0
T049,L,2011,T007,211,-10.26296593458331,9.196732543151796,-5.515335428215323,True,0,mapped,True,0.0
T049,L,2012,T007,212,-10.383218922238353,9.432918794035276,-5.10138757864098,True,0,mapped,True,0.0
T049,L,2013,T007,213,-10.47284718398378,9.68597328932371,-4.73342546643235,True,0,mapped,True,0.0
T049,L,2014,T007,214,-10.533630352056392,9.933484016965934,-4.406203497498897,True,0,mapped,True,0.0
T049,L,2015,T007,215,-10.572116161272978,10.1764616880679,-4.111956561513688,True,0,mapped,True,0.0
T049,L,2016,T007,216,-10.5967387019251,10.420030688157908,-3.839889724300385,True,0,mapped,True,0.0
T049,L,2017,T007,217,-10.621103760283871,10.667773918103205,-3.579992200204412,True,0,mapped,True,0.0
T049,L,2018,T007,218,-10.639435719635362,10.924688153257222,-3.320861173131388,True,0,mapped,True,0.0
T049,L,2019,T007,219,-10.658198229311347,11.197627499609949,-3.0565949997238464,True,0,mapped,True,0.0
T049,L,2019,T013,259,-10.658198229311347,11.197627499609949,-3.056594999723845,True,0,mapped,False,1.3322676295501878e-15
T049,L,2020,T007,220,-9.166779161520498,8.233553641013891,-7.792998745324766,True,0,mapped,True,0.0
T049,L,2021,T007,221,-9.289892934449824,8.351504189339918,-7.290556456083277,True,0,mapped,True,0.0
T049,L,2022,T007,222,-9.478049324443376,8.62641129702533,-6.9115066992137,True,0,mapped,True,0.0
T049,L,2023,T007,223,-9.488296854905478,8.706942077032528,-6.539356108785951,True,0,mapped,True,0.0
T049,L,2024,T007,224,-9.633759621133391,8.742407152626285,-6.21479671608941,True,0,mapped,True,0.0
T049,L,2025,T007,225,-9.76181918609225,8.839848642091809,-5.770019803295064,True,0,mapped,True,0.0
T049,L,2026,T007,226,-9.919589244183465,9.025287515546236,-5.3406821108287765,True,0,mapped,True,0.0
T049,L,2027,T007,227,-10.051385497134111,9.258593304667706,-4.9448992470675135,True,0,mapped,True,0.0
T049,L,2028,T007,228,-10.15097794952,9.511204529232067,-4.59915514042622,True,0,mapped,True,0.0
T049,L,2029,T007,229,-10.213262593156964,9.761351571953536,-4.286978819101233,True,0,mapped,True,0.0
T049,L,2030,T007,230,-10.252845907281904,10.008068321758554,-3.99826717076934,True,0,mapped,True,0.0
T049,L,2031,T007,231,-10.280164216948156,10.25270947228594,-3.7372213542428008,True,0,mapped,True,0.0
T049,L,2032,T007,232,-10.313088998641517,10.494789744008104,-3.5045144297219664,True,0,mapped,True,0.0
T049,L,2033,T007,233,-10.354439436858982,10.74459929343704,-3.282548300373007,True,0,mapped,True,0.0
T049,L,2033,T013,247,-10.35443943685898,10.744599293437044,-3.282548300373007,True,0,mapped,False,5.617333549722722e-15
T049,L,2034,T007,234,-8.94061852375133,8.045057181239148,-7.574552351000367,True,0,mapped,True,0.0
T049,L,2035,T007,235,-9.104183504357003,8.266991717399744,-7.0475223428823135,True,0,mapped,True,0.0
T049,L,2036,T007,236,-9.207621226088357,8.433701300313631,-6.844420162233208,True,0,mapped,True,0.0
T049,L,2037,T007,237,-9.229672168238448,8.54522171407335,-6.444361937225079,True,0,mapped,True,0.0
T049,L,2038,T007,238,-9.372570674353891,8.596321243234968,-6.097212479294143,True,0,mapped,True,0.0
T049,L,2039,T007,239,-9.466959819437369,8.688601180984003,-5.596035590858585,True,0,mapped,True,0.0
T049,L,2040,T007,240,-9.603033180886989,8.86543253987736,-5.160552952167325,True,0,mapped,True,0.0
T049,L,2041,T007,241,-9.736159424075844,9.09480111636555,-4.795744491273862,True,0,mapped,True,0.0
T049,L,2042,T007,242,-9.836996081361598,9.345286440959269,-4.473282404315911,True,0,mapped,True,0.0
T049,L,2043,T007,243,-9.890045275821814,9.595718112591872,-4.166779503931689,True,0,mapped,True,0.0
T049,L,2044,T007,244,-9.913052705751744,9.842943040777914,-3.8802667300694615,True,0,mapped,True,0.0
T049,L,2045,T007,245,-9.928174253568258,10.08583194275764,-3.6193869025037735,True,0,mapped,True,0.0
T049,L,2046,T007,246,-9.931200766580456,10.335985363971634,-3.3667801066463783,True,0,mapped,True,0.0
T049,L,2046,T013,234,-9.931200766580456,10.335985363971632,-3.3667801066463783,True,0,mapped,False,1.7763568394002505e-15
T049,L,2047,T007,247,-8.739364268389386,7.874135805341023,-7.2891974449157715,True,0,mapped,True,0.0
T049,L,2048,T007,248,-8.869743992450546,8.046523282148604,-6.929724449313125,True,0,mapped,True,0.0
T049,L,2049,T007,249,-8.966506056134614,8.199055659796779,-6.775738352439549,True,0,mapped,True,0.0
T049,L,2050,T007,250,-8.966208159508627,8.304810616562467,-6.322147482901068,True,0,mapped,True,0.0
T049,L,2051,T007,251,-9.08343971359331,8.372585287598236,-5.835031383583116,True,0,mapped,True,0.0
T049,L,2052,T007,252,-9.21756251695518,8.544074947589174,-5.381487705890041,True,0,mapped,True,0.0
T049,L,2053,T007,253,-9.301581574301288,8.702923390545172,-5.015392035565188,True,0,mapped,True,0.0
T049,L,2054,T007,254,-9.430153500099149,8.932429869415019,-4.675045142376028,True,0,mapped,True,0.0
T049,L,2055,T007,255,-9.523896344827058,9.1828781943621,-4.362803525944787,True,0,mapped,True,0.0
T049,L,2056,T007,256,-9.555690607703564,9.434958739148094,-4.0451116478868965,True,0,mapped,True,0.0
T049,L,2057,T007,257,-9.540329192592402,9.686887174195544,-3.7357405652122697,True,0,mapped,True,0.0
T049,L,2058,T007,258,-9.516441578430976,9.936473657941592,-3.44953430931018,True,0,mapped,True,0.0
T049,L,2058,T013,220,-9.516441578430976,9.936473657941594,-3.44953430931018,True,0,mapped,False,1.7763568394002505e-15
T049,L,2059,T007,259,-8.457284880194,7.615289004724346,-7.243935985787917,True,0,mapped,True,0.0
T049,L,2060,T007,260,-8.60527323040895,7.803421481477934,-6.875308116337196,True,0,mapped,True,0.0
T049,L,2061,T007,261,-8.64974222888506,7.925669072313027,-6.583675629871497,True,0,mapped,True,0.0
T049,L,2062,T007,262,-8.767866892588778,8.090184974611752,-6.074222610293196,True,0,mapped,True,0.0
T049,L,2063,T007,263,-8.896309500665987,8.23859749943771,-5.603651813045939,True,0,mapped,True,0.0
T049,L,2064,T007,264,-8.891424583928028,8.32710444623196,-5.256745771989665,True,0,mapped,True,0.0
T049,L,2065,T007,265,-8.981202506932291,8.520252657442587,-4.902322438895478,True,0,mapped,True,0.0
T049,L,2066,T007,266,-9.095048827592128,8.755893191859913,-4.581918258859139,True,0,mapped,True,0.0
T049,L,2067,T007,267,-9.174750495437536,9.009908217812075,-4.2565318748147165,True,0,mapped,True,0.0
T049,L,2068,T007,268,-9.181968733821789,9.267397259053446,-3.9063166335586033,True,0,mapped,True,0.0
T049,L,2069,T007,269,-9.123106975388245,9.531812829365332,-3.5462515998797874,True,0,mapped,True,0.0
T049,L,2069,T013,205,-9.123106975388245,9.53181282936533,-3.5462515998797866,True,0,mapped,False,1.9860273225978185e-15
T049,L,2070,T007,270,-8.241487890582382,7.393299116960338,-7.009811182226665,True,0,mapped,True,0.0
T049,L,2071,T007,271,-8.353159798509104,7.581667210421205,-6.745609487416899,True,0,mapped,True,0.0
T049,L,2072,T007,272,-8.379779688618015,7.72707139875543,-6.387906527173804,True,0,mapped,True,0.0
T049,L,2073,T007,273,-8.541549675003244,7.851976737798832,-5.923292988931697,True,0,mapped,True,0.0
T049,L,2074,T007,274,-8.578264095540282,7.980811727746041,-5.517527319297678,True,0,mapped,True,0.0
T049,L,2075,T007,275,-8.614927852631794,8.157084792138662,-5.211410167556343,True,0,mapped,True,0.0
T049,L,2076,T007,276,-8.497003230688744,8.295662332257114,-4.688784114485866,True,0,mapped,True,0.0
T049,L,2077,T007,277,-8.749468329536025,8.572907136492805,-4.482771345144354,True,0,mapped,True,0.0
T049,L,2078,T007,278,-8.814238361805124,8.82802645274483,-4.128260899310036,True,0,mapped,True,0.0
T049,L,2079,T007,279,-8.79028910562386,9.08110847963762,-3.742207028670673,True,0,mapped,True,0.0
T049,L,2079,T013,189,-8.79028910562386,9.08110847963762,-3.742207028670673,True,0,mapped,False,0.0
T049,L,2080,T007,280,-8.058811276243242,7.151988489844978,-6.798574760273052,True,0,mapped,True,0.0
T049,L,2081,T007,281,-8.104310024589045,7.333134036957389,-6.438201014533997,True,0,mapped,True,0.0
T049,L,2082,T007,282,-8.164812673302261,7.553299558104788,-6.119746994862921,True,0,mapped,True,0.0
T049,L,2083,T007,283,-8.232298519440587,7.629990110713217,-5.790435905357379,True,0,mapped,True,0.0
T049,L,2084,T007,284,-8.251579589578563,7.760654723796343,-5.403734276638159,True,0,mapped,True,0.0
T049,L,2085,T007,285,-8.32043420377654,8.018074303787763,-5.036694052764815,True,0,mapped,True,0.0
T049,L,2086,T007,286,-8.298859819904965,8.128209389832584,-4.735670907726114,True,0,mapped,True,0.0
T049,L,2087,T007,287,-8.422018516569008,8.406557786968428,-4.305522686530695,True,0,mapped,True,0.0
T049,L,2088,T007,288,-8.443934753752393,8.63221707553765,-3.94543395630187,True,0,mapped,True,0.0
T049,L,2088,T013,172,-8.443934753752393,8.63221707553765,-3.94543395630187,True,0,mapped,False,0.0
T049,L,2089,T007,289,-7.897209401847121,6.954669750481774,-6.492267812588659,True,0,mapped,True,0.0
T049,L,2090,T007,290,-7.89850595038673,7.096243810830928,-6.219534414035261,True,0,mapped,True,0.0
T049,L,2091,T007,291,-7.889959213061003,7.260877808993715,-5.970046482857414,True,0,mapped,True,0.0
T049,L,2092,T007,292,-7.979134872006518,7.434922572718168,-5.622225426839583,True,0,mapped,True,0.0
T049,L,2093,T007,293,-7.969636757348928,7.548809669340167,-5.222677085104173,True,0,mapped,True,0.0
T049,L,2094,T007,294,-8.017079102151248,7.80771027635934,-4.856637266454006,True,0,mapped,True,0.0
T049,L,2095,T007,295,-8.014428905467923,7.952986571086177,-4.5533686631615815,True,0,mapped,True,0.0
T049,L,2096,T007,296,-8.053415255765973,8.190214244745235,-4.062725756386903,True,0,mapped,True,0.0
T049,L,2096,T013,154,-8.053415255765973,8.190214244745233,-4.062725756386902,True,0,mapped,False,1.9860273225978185e-15
T049,L,2097,T007,297,-7.664297133482094,6.658626163606541,-6.372439214932691,True,0,mapped,True,0.0
T049,L,2098,T007,298,-7.687755070521227,6.847142545056561,-6.067805013533963,True,0,mapped,True,0.0
T049,L,2099,T007,299,-7.711191121059778,6.9943997723666245,-5.840680821656562,True,0,mapped,True,0.0
T049,L,2100,T007,300,-7.763196087201665,7.125969287633164,-5.494825160220728,True,0,mapped,True,0.0
T049,L,2101,T007,301,-7.7458648851180145,7.260043438087631,-5.095941953516813,True,0,mapped,True,0.0
T049,L,2102,T007,302,-7.730227420962508,7.467394689166998,-4.675545628516884,True,0,mapped,True,0.0
T049,L,2103,T007,303,-7.810115644135255,7.745642253489311,-4.376282519704322,True,0,mapped,True,0.0
T049,L,2103,T013,135,-7.810115644135255,7.745642253489311,-4.376282519704322,True,0,mapped,False,0.0
T049,L,2104,T007,304,-7.43042797361448,6.354454778958487,-6.289197444915772,True,0,mapped,True,0.0
T049,L,2105,T007,305,-7.506665465720694,6.576803533693681,-6.020557516114791,True,0,mapped,True,0.0
T049,L,2106,T007,306,-7.503752050406023,6.673271368779695,-5.6715624794728186,True,0,mapped,True,0.0
T049,L,2107,T007,307,-7.582266017157557,6.8697991576047,-5.294096293480381,True,0,mapped,True,0.0
T049,L,2108,T007,308,-7.635883431197639,7.10418416451317,-5.006156861531178,True,0,mapped,True,0.0
T049,L,2109,T007,309,-7.591400148492984,7.241207404264703,-4.621327416300289,True,0,mapped,True,0.0
T049,L,2109,T013,115,-7.591400148492983,7.241207404264701,-4.621327416300289,True,0,mapped,False,1.9860273225978185e-15
T049,L,2110,T007,310,-7.2076596583212815,6.050872680085356,-6.2315393593138335,True,0,mapped,True,0.0
T049,L,2111,T007,311,-7.235061472265885,6.208726769691183,-5.87452112128967,True,0,mapped,True,0.0
T049,L,2112,T007,312,-7.37914490621533,6.455516483467997,-5.5698097347223605,True,0,mapped,True,0.0
T049,L,2113,T007,313,-7.376646203326649,6.56567669336987,-5.171608118054281,True,0,mapped,True,0.0
T049,L,2114,T007,314,-7.295377731323242,6.738556622498216,-4.693590227518629,True,0,mapped,True,0.0
T049,L,2114,T013,94,-7.295377731323242,6.7385566224982165,-4.69359022751863,True,0,mapped,False,1.2560739669470201e-15
T049,L,2115,T007,315,-6.984200893978651,5.839038240934243,-6.000270116796557,True,0,mapped,True,0.0
T049,L,2116,T007,316,-7.028872092673851,5.984765606788568,-5.730811674810267,True,0,mapped,True,0.0
T049,L,2117,T007,317,-7.232008357113038,6.263481616407304,-5.490968712074401,True,0,mapped,True,0.0
T049,L,2118,T007,318,-7.098622325511382,6.301551483557814,-5.041729400403413,True,0,mapped,True,0.0
T049,L,2118,T013,72,-7.098622325511382,6.301551483557816,-5.041729400403413,True,0,mapped,False,1.7763568394002505e-15
T049,L,2119,T007,319,-6.716931489496869,5.606724504661499,-5.889197349548339,True,0,mapped,True,0.0
T049,L,2120,T007,320,-6.861886532585834,5.828703686431711,-5.658788936749634,True,0,mapped,True,0.0
T049,L,2121,T007,321,-6.914421532454971,5.946898524862992,-5.457927654324845,True,0,mapped,True,0.0
T049,L,2121,T013,49,-6.91442153245497,5.946898524862993,-5.457927654324844,True,0,mapped,False,1.538370149106851e-15
T049,L,2122,T007,322,-6.398480851663476,5.369293415779197,-5.864574027922735,True,0,mapped,True,0.0
T049,L,2123,T007,323,-6.562970533296997,5.565886657709547,-5.670086051733915,True,0,mapped,True,0.0
T049,L,2123,T013,25,-6.562970533296996,5.565886657709546,-5.670086051733914,True,0,mapped,False,2.175583928816829e-15
T049,L,2124,T007,324,-6.0953779220581055,5.191436767578125,-5.689197540283203,True,0,mapped,True,0.0
T049,L,2124,T012,0,-6.0953779220581055,5.191436767578125,-5.689197540283203,True,0,mapped,False,0.0
T049,L,2124,T013,0,-6.0953779220581055,5.191436767578125,-5.689197540283203,True,0,mapped,False,0.0
T049,L,2125,T008,0,-26.227325439453125,4.495263576507568,3.1108028888702397,True,0,mapped,True,0.0
T049,L,2126,T008,1,-26.095378875732425,3.1493099553681483,2.434873620650937,True,0,mapped,True,0.0
T049,L,2127,T008,2,-25.98510578870143,1.9165218631795544,1.515773638308005,True,0,mapped,True,0.0
T049,L,2128,T008,3,-25.89537811279297,0.6931683798070493,0.5488587469716734,True,0,mapped,True,0.0
T049,L,2129,T008,4,-25.89537811279297,-0.4857819554462167,-0.5057122862559085,True,0,mapped,True,0.0
T049,L,2130,T008,5,-25.396053529985387,-1.7138498970809255,-1.2946913213000193,True,0,mapped,True,0.0
T049,L,2131,T008,6,-24.89537811279297,-2.6854542269317685,-2.2745414400653186,True,0,mapped,True,0.0
T049,L,2132,T008,7,-24.31717127844348,-3.684843071883089,-3.269303568785555,True,0,mapped,True,0.0
T049,L,2133,T008,8,-24.095378875732425,-4.766929117466674,-4.242499413839697,True,0,mapped,True,0.0
T049,L,2134,T008,9,-24.214532544778915,-6.28971661903262,-4.489197254180908,True,0,mapped,True,0.0
T049,L,2135,T008,10,-24.295379638671875,-7.805508120943297,-4.878991731577781,True,0,mapped,True,0.0
T049,L,2136,T008,11,-24.304818860808403,-9.051014927398818,-5.823568058227932,True,0,mapped,True,0.0
T049,L,2137,T008,12,-23.882984738463392,-9.979573890720484,-6.904459497186657,True,0,mapped,True,0.0
T049,L,2138,T008,13,-23.043513913507965,-10.304737091064451,-8.109444283832204,True,0,mapped,True,0.0
T049,L,2139,T008,14,-21.89537811279297,-10.05809405912182,-9.060936645080382,True,0,mapped,True,0.0
T049,L,2140,T008,15,-20.99413221689415,-9.034758171044883,-9.488027491686516,True,0,mapped,True,0.0
T049,L,2141,T008,16,-20.486204953239174,-7.682161782507373,-9.047574609041463,True,0,mapped,True,0.0
T049,L,2142,T008,17,-20.015614243053097,-6.740819145037878,-7.944205134929247,True,0,mapped,True,0.0
T049,L,2143,T008,18,-18.827467450900897,-5.731435874340852,-7.889197826385498,True,0,mapped,True,0.0
T049,L,2144,T008,19,-17.47446588120909,-4.906415287455079,-7.889197826385498,True,0,mapped,True,0.0
T049,L,2145,T008,20,-16.336822324312486,-3.813315387660365,-7.889197826385498,True,0,mapped,True,0.0
T049,L,2146,T008,21,-15.304918903087646,-2.620044144664736,-7.889197826385498,True,0,mapped,True,0.0
T049,L,2147,T008,22,-13.896446441165828,-1.9434758854791725,-7.889197826385497,True,0,mapped,True,0.0
T049,L,2148,T008,23,-12.672218870230136,-1.0815772317490064,-7.927075838696928,True,0,mapped,True,0.0
T049,L,2149,T008,24,-11.695378303527832,-0.1047366857528686,-7.6051154136657715,True,0,mapped,False,0.0
T049,L,2149,T011,324,-11.695378303527832,-0.1047366857528686,-7.6051154136657715,True,0,mapped,False,0.0
T049,L,2149,T014,0,-11.695378303527832,-0.1047366857528686,-7.6051154136657715,True,0,mapped,False,0.0
T049,L,2149,T015,0,-11.695378303527832,-0.1047366857528686,-7.6051154136657715,True,-1,landmark_vertex,True,0.0
T049,L,2150,T008,25,-26.49537849426269,3.6598961537031953,2.252984398597297,True,0,mapped,True,0.0
T049,L,2151,T008,26,-26.265218436013782,2.295556810103601,1.4590883771809116,True,0,mapped,True,0.0
T049,L,2152,T008,27,-26.07371689083888,1.0218183165451842,0.5838494514343762,True,0,mapped,True,0.0
T049,L,2153,T008,28,-26.00571387194857,-0.2247003343404392,-0.4163475591068533,True,0,mapped,True,0.0
T049,L,2154,T008,29,-25.6579071462019,-1.4348606003073594,-1.3500336645463975,True,0,mapped,True,0.0
T049,L,2155,T008,30,-25.173028972247945,-2.415126488490079,-2.257179280838582,True,0,mapped,True,0.0
T049,L,2156,T008,31,-24.67183288129962,-3.335757302029764,-3.3034472762526708,True,0,mapped,True,0.0
T049,L,2157,T008,32,-24.300165395859864,-4.412204195449453,-4.287828628625195,True,0,mapped,True,0.0
T049,L,2158,T008,33,-24.400868797666845,-5.849863886525637,-4.637172329788692,True,0,mapped,True,0.0
T049,L,2159,T008,34,-24.58581311341134,-7.384381288089596,-4.976193170350109,True,0,mapped,True,0.0
T049,L,2160,T008,35,-24.61459351419753,-8.618555361978883,-5.815919997409681,True,0,mapped,True,0.0
T049,L,2161,T008,36,-24.26783120616358,-9.704035735425034,-6.912883074257081,True,0,mapped,True,0.0
T049,L,2162,T008,37,-23.50112949413959,-10.11537095722531,-8.108990462517149,True,0,mapped,True,0.0
T049,L,2163,T008,38,-22.365994778983023,-9.968979572753389,-9.115582426402526,True,0,mapped,True,0.0
T049,L,2164,T008,39,-21.452825306608855,-9.094956816818945,-9.634816709722733,True,0,mapped,True,0.0
T049,L,2165,T008,40,-20.704578403241303,-7.786614984510136,-9.273289514128845,True,0,mapped,True,0.0
T049,L,2166,T008,41,-20.287812219919086,-6.911176459373348,-8.252374558069203,True,0,mapped,True,0.0
T049,L,2167,T008,42,-19.154633497611727,-5.767066964106673,-8.125502528733021,True,0,mapped,True,0.0
T049,L,2168,T008,43,-17.928048327690554,-4.982062127691116,-8.16261092060381,True,0,mapped,True,0.0
T049,L,2169,T008,44,-16.691195522359546,-3.965771231087916,-8.093358239952964,True,0,mapped,True,0.0
T049,L,2170,T008,45,-15.742719890755934,-2.8066586864688645,-7.966382399814024,True,0,mapped,True,0.0
T049,L,2171,T008,46,-14.496500941993574,-1.9808444450491491,-7.9511793559517185,True,0,mapped,True,0.0
T049,L,2172,T008,47,-13.125987249423272,-1.1783675492253596,-7.943768574984728,True,0,mapped,True,0.0
T049,L,2173,T008,48,-12.130015993088014,-0.3047367036342629,-7.759282986778194,True,0,mapped,True,0.0
T049,L,2173,T011,322,-12.130015993088012,-0.3047367036342621,-7.759282986778194,True,0,mapped,False,1.961830370053296e-15
T049,L,2174,T008,49,-26.49537849426269,2.6584144597684443,1.4572007433613707,True,0,mapped,True,0.0
T049,L,2175,T008,50,-26.266211594830366,1.4247648601498757,0.6469973560595355,True,0,mapped,True,0.0
T049,L,2176,T008,51,-26.157203688182697,0.0895065197294884,-0.3189397083002128,True,0,mapped,True,0.0
T049,L,2177,T008,52,-25.9746349500467,-1.0073722870687514,-1.318667757401237,True,0,mapped,True,0.0
T049,L,2178,T008,53,-25.484950331310344,-2.1064211970534017,-2.31103879488109,True,0,mapped,True,0.0
T049,L,2179,T008,54,-25.02163929848904,-2.971218804323528,-3.318244753176921,True,0,mapped,True,0.0
T049,L,2180,T008,55,-24.59507401534058,-3.943243034176093,-4.295585238259122,True,0,mapped,True,0.0
T049,L,2181,T008,56,-24.703979247676635,-5.436536113666948,-4.8652144343484816,True,0,mapped,True,0.0
T049,L,2182,T008,57,-24.726666377104216,-6.969598793140164,-4.970358187380406,True,0,mapped,True,0.0
T049,L,2183,T008,58,-24.920560043626686,-8.17875287758832,-5.768466495886713,True,0,mapped,True,0.0
T049,L,2184,T008,59,-24.61397075096974,-9.369987818663198,-6.804253346339387,True,0,mapped,True,0.0
T049,L,2185,T008,60,-23.94351735224936,-9.911007353818276,-8.056891335913084,True,0,mapped,True,0.0
T049,L,2186,T008,61,-22.84844277625101,-9.804710929816991,-9.23562632346596,True,0,mapped,True,0.0
T049,L,2187,T008,62,-21.86804147312827,-9.161084636767804,-9.741381999992171,True,0,mapped,True,0.0
T049,L,2188,T008,63,-21.04441840374491,-7.768277363564239,-9.538170200091995,True,0,mapped,True,0.0
T049,L,2189,T008,64,-20.612109903205948,-6.892149502405184,-8.578967386263015,True,0,mapped,True,0.0
T049,L,2190,T008,65,-19.585589282282385,-5.791995655540387,-8.349381466287111,True,0,mapped,True,0.0
T049,L,2191,T008,66,-18.316573133546708,-5.083662840943696,-8.303031666321305,True,0,mapped,True,0.0
T049,L,2192,T008,67,-17.098454683671424,-4.099441125476373,-8.367031201089441,True,0,mapped,True,0.0
T049,L,2193,T008,68,-16.086675425435775,-3.01319929229574,-8.082080295663326,True,0,mapped,True,0.0
T049,L,2194,T008,69,-14.967338646127828,-2.026916078385516,-8.012742201156808,True,0,mapped,True,0.0
T049,L,2195,T008,70,-13.605841673949511,-1.2533403445672249,-7.967061772776765,True,0,mapped,True,0.0
T049,L,2196,T008,71,-12.63592302816991,-0.3047367036342631,-7.826749750667687,True,0,mapped,True,0.0
T049,L,2196,T011,319,-12.635923028169907,-0.3047367036342621,-7.826749750667687,True,0,mapped,False,3.6905523389740094e-15
T049,L,2197,T008,72,-26.49537849426269,1.751390144384292,0.5685907879892275,True,0,mapped,True,0.0
T049,L,2198,T008,73,-26.36099898932629,0.4235429144765648,-0.3061106389376197,True,0,mapped,True,0.0
T049,L,2199,T008,74,-26.172514899259472,-0.7306074503119584,-1.2687058311532489,True,0,mapped,True,0.0
T049,L,2200,T008,75,-25.806419929012748,-1.751881041671611,-2.300071591105683,True,0,mapped,True,0.0
T049,L,2201,T008,76,-25.367051180518697,-2.619062161866136,-3.3307193363233862,True,0,mapped,True,0.0
T049,L,2202,T008,77,-24.901550350768535,-3.543525690656177,-4.224949019527831,True,0,mapped,True,0.0
T049,L,2203,T008,78,-24.87585417927078,-5.013390510398281,-5.007534735335118,True,0,mapped,True,0.0
T049,L,2204,T008,79,-25.05591750281884,-6.567888854704426,-5.167087991417629,True,0,mapped,True,0.0
T049,L,2205,T008,80,-25.14210176262174,-7.7689478324711,-5.741203138995654,True,0,mapped,True,0.0
T049,L,2206,T008,81,-24.95165661332286,-9.056718152808678,-6.792361203965698,True,0,mapped,True,0.0
T049,L,2207,T008,82,-24.32653517381143,-9.728432924242718,-7.956156655898528,True,0,mapped,True,0.0
T049,L,2208,T008,83,-23.3328756712518,-9.705018790084484,-9.18696445719286,True,0,mapped,True,0.0
T049,L,2209,T008,84,-22.329838079863848,-9.295250477629212,-9.760216572706671,True,0,mapped,True,0.0
T049,L,2210,T008,85,-21.30933985525804,-7.883629589968643,-9.793590041234502,True,0,mapped,True,0.0
T049,L,2211,T008,86,-20.89328898744695,-6.914235250880285,-8.869357806888507,True,0,mapped,True,0.0
T049,L,2212,T008,87,-19.945941799535014,-5.85225030871288,-8.467590052735712,True,0,mapped,True,0.0
T049,L,2213,T008,88,-18.69109329557088,-5.077371287052014,-8.595426360556806,True,0,mapped,True,0.0
T049,L,2214,T008,89,-17.491714736063646,-4.3094438364444105,-8.514717977373579,True,0,mapped,True,0.0
T049,L,2215,T008,90,-16.424753432649027,-3.2313363253634337,-8.246376656880587,True,0,mapped,True,0.0
T049,L,2216,T008,91,-15.459415047000068,-2.108558109847853,-8.089609323007966,True,0,mapped,True,0.0
T049,L,2217,T008,92,-14.036773377806162,-1.2917045593108487,-7.988225515946189,True,0,mapped,True,0.0
T049,L,2218,T008,93,-13.146908125161424,-0.3047367036342621,-7.831380425059127,True,0,mapped,True,0.0
T049,L,2218,T011,315,-13.146908125161422,-0.3047367036342621,-7.831380425059126,True,0,mapped,False,1.9860273225978185e-15
T049,L,2219,T008,94,-26.49537849426269,0.7346197251887394,-0.21177043886773,True,0,mapped,True,0.0
T049,L,2220,T008,95,-26.366756228918828,-0.4437743778303412,-1.1781288810451591,True,0,mapped,True,0.0
T049,L,2221,T008,96,-26.03758124230549,-1.4919442804693162,-2.2637448556845445,True,0,mapped,True,0.0
T049,L,2222,T008,97,-25.68953564230438,-2.2972640819864543,-3.3457830502533943,True,0,mapped,True,0.0
T049,L,2223,T008,98,-25.2374909588587,-3.0975569393050115,-4.265698932066242,True,0,mapped,True,0.0
T049,L,2224,T008,99,-25.003167439631007,-4.477408664969218,-5.110774861605677,True,0,mapped,True,0.0
T049,L,2225,T008,100,-25.0995358418624,-5.933336657908468,-5.131841276623543,True,0,mapped,True,0.0
T049,L,2226,T008,101,-25.36822545471092,-7.395508620605039,-5.75516751339338,True,0,mapped,True,0.0
T049,L,2227,T008,102,-25.291857609640232,-8.674350050523987,-6.7888787790983205,True,0,mapped,True,0.0
T049,L,2228,T008,103,-24.72160747591185,-9.502915228714302,-7.879321052004379,True,0,mapped,True,0.0
T049,L,2229,T008,104,-23.81279187194176,-9.615740377850331,-9.140976003552876,True,0,mapped,True,0.0
T049,L,2230,T008,105,-22.79756690967636,-9.183601993911616,-9.888786032135146,True,0,mapped,True,0.0
T049,L,2231,T008,106,-21.677698417572383,-8.01685538748537,-9.998021973424322,True,0,mapped,True,0.0
T049,L,2232,T008,107,-21.223156468049616,-6.928284925681045,-9.207669439555128,True,0,mapped,True,0.0
T049,L,2233,T008,108,-20.34366714543697,-5.885170473790882,-8.690069396301144,True,0,mapped,True,0.0
T049,L,2234,T008,109,-19.106566831610568,-5.182273915196594,-8.776905042041616,True,0,mapped,True,0.0
T049,L,2235,T008,110,-17.941390968846026,-4.349135910203499,-8.833087309867889,True,0,mapped,True,0.0
T049,L,2236,T008,111,-16.742054497012337,-3.2466266074298646,-8.498091231707097,True,0,mapped,True,0.0
T049,L,2237,T008,112,-15.8578944314916,-2.248080855094318,-8.140525197500008,True,0,mapped,True,0.0
T049,L,2238,T008,113,-14.54155209796256,-1.322376157173263,-8.044611023354573,True,0,mapped,True,0.0
T049,L,2239,T008,114,-13.657903505512516,-0.3047367036342646,-7.828862300939274,True,0,mapped,True,0.0
T049,L,2239,T011,310,-13.657903505512516,-0.3047367036342621,-7.828862300939273,True,0,mapped,False,3.0652009135941955e-15
T049,L,2240,T008,115,-26.49537849426269,-0.1903063972131368,-1.0977573907646836,True,0,mapped,True,0.0
T049,L,2241,T008,116,-26.22205566641854,-1.2184986224875944,-2.1417415526964803,True,0,mapped,True,0.0
T049,L,2242,T008,117,-25.979502513315804,-1.9964541391142212,-3.336496127785206,True,0,mapped,True,0.0
T049,L,2243,T008,118,-25.49828627433257,-2.7961059717793244,-4.38194111669354,True,0,mapped,True,0.0
T049,L,2244,T008,119,-25.22979879387094,-3.991863114350133,-5.247523685920971,True,0,mapped,True,0.0
T049,L,2245,T008,120,-25.521486460697275,-5.536592301897427,-5.461903120750144,True,0,mapped,True,0.0
T049,L,2246,T008,121,-25.593530527571158,-6.944910133284002,-5.790340033576555,True,0,mapped,True,0.0
T049,L,2247,T008,122,-25.527348846188996,-8.287728799245453,-6.6819414050357535,True,0,mapped,True,0.0
T049,L,2248,T008,123,-25.07213040308865,-9.266647019092144,-7.792590614387397,True,0,mapped,True,0.0
T049,L,2249,T008,124,-24.270319669164103,-9.4773028774002,-9.050626309971172,True,0,mapped,True,0.0
T049,L,2250,T008,125,-23.20446862154372,-9.14496742416334,-9.91941547853786,True,0,mapped,True,0.0
T049,L,2251,T008,126,-22.048061920872176,-8.140967948495485,-10.157870768805084,True,0,mapped,True,0.0
T049,L,2252,T008,127,-21.516120590009344,-6.997182689281035,-9.552499277114986,True,0,mapped,True,0.0
T049,L,2253,T008,128,-20.67609663834332,-5.894105061441799,-8.886896043489312,True,0,mapped,True,0.0
T049,L,2254,T008,129,-19.43791134757987,-5.151248557645928,-9.063441540446776,True,0,mapped,True,0.0
T049,L,2255,T008,130,-18.289113044717254,-4.519178244998279,-8.969325308069871,True,0,mapped,True,0.0
T049,L,2256,T008,131,-17.139577153890382,-3.36870024094661,-8.804950055083914,True,0,mapped,True,0.0
T049,L,2257,T008,132,-16.25792059302803,-2.458409036472975,-8.262485768755354,True,0,mapped,True,0.0
T049,L,2258,T008,133,-15.200971813604848,-1.3414079783722346,-8.080783377841698,True,0,mapped,True,0.0
T049,L,2259,T008,134,-14.100815154696097,-0.5047367215156565,-7.896076088582776,True,0,mapped,True,0.0
T049,L,2259,T011,304,-14.100815154696091,-0.5047367215156555,-7.896076088582776,True,0,mapped,False,5.421936431859633e-15
T049,L,2260,T008,135,-26.50870573329648,-0.9224743949354566,-2.130808793600753,True,0,mapped,True,0.0
T049,L,2261,T008,136,-26.20138496871425,-1.7779246529718018,-3.334092437428525,True,0,mapped,True,0.0
T049,L,2262,T008,137,-25.750993866714296,-2.510322197996217,-4.3546027071788656,True,0,mapped,True,0.0
T049,L,2263,T008,138,-25.536298620172484,-3.5427691466647997,-5.430831118348423,True,0,mapped,True,0.0
T049,L,2264,T008,139,-25.590655092770877,-5.066817956294731,-5.501256051986173,True,0,mapped,True,0.0
T049,L,2265,T008,140,-25.82281516444321,-6.6339680903455,-5.916373877576499,True,0,mapped,True,0.0
T049,L,2266,T008,141,-25.934183790990453,-7.795850807840755,-6.698038470037081,True,0,mapped,True,0.0
T049,L,2267,T008,142,-25.48392554399635,-8.930279991677413,-7.666770410491026,True,0,mapped,True,0.0
T049,L,2268,T008,143,-24.739573917970425,-9.275535222085598,-9.0634730697592,True,0,mapped,True,0.0
T049,L,2269,T008,144,-23.70566538717412,-9.09288627216038,-9.915722499920555,True,0,mapped,True,0.0
T049,L,2270,T008,145,-22.477432094377104,-8.20438273206667,-10.349522104988596,True,0,mapped,True,0.0
T049,L,2271,T008,146,-21.779571381416584,-7.013544065514459,-9.828038874941145,True,0,mapped,True,0.0
T049,L,2272,T008,147,-21.093627550229662,-6.047233241571836,-8.980348831053469,True,0,mapped,True,0.0
T049,L,2273,T008,148,-19.83983326884731,-5.165577736342119,-9.236898356999848,True,0,mapped,True,0.0
T049,L,2274,T008,149,-18.528719296160748,-4.468417025103747,-9.19548469834898,True,0,mapped,True,0.0
T049,L,2275,T008,150,-17.454009881072924,-3.5363112952400435,-9.01922418359641,True,0,mapped,True,0.0
T049,L,2276,T008,151,-16.562122535823825,-2.5055181691259927,-8.424288266012814,True,0,mapped,True,0.0
T049,L,2277,T008,152,-15.790278240322262,-1.542095767484378,-8.129731681332354,True,0,mapped,True,0.0
T049,L,2278,T008,153,-14.610453455237575,-0.5355619297399052,-7.889197826385498,True,0,mapped,True,0.0
T049,L,2278,T011,297,-14.610453455237575,-0.5355619297399052,-7.889197826385498,True,0,mapped,False,0.0
T049,L,2279,T008,154,-26.49537849426269,-1.473756896208884,-3.2838347223495097,True,0,mapped,True,0.0
T049,L,2280,T008,155,-26.11788639200709,-2.128256888034111,-4.343054143106191,True,0,mapped,True,0.0
T049,L,2281,T008,156,-25.792729777023556,-3.0818597589499888,-5.505774539400267,True,0,mapped,True,0.0
T049,L,2282,T008,157,-25.84450371289429,-4.562961047920207,-5.732679724484033,True,0,mapped,True,0.0
T049,L,2283,T008,158,-26.10661795621306,-6.289322497514097,-6.06187370279077,True,0,mapped,True,0.0
T049,L,2284,T008,159,-26.124400850617825,-7.473161982626058,-6.678230409591096,True,0,mapped,True,0.0
T049,L,2285,T008,160,-25.814610240819206,-8.622024529174665,-7.625318217900409,True,0,mapped,True,0.0
T049,L,2286,T008,161,-25.155531434974755,-9.121219009747977,-8.93111171844453,True,0,mapped,True,0.0
T049,L,2287,T008,162,-23.98504013454972,-9.053811312381406,-9.90918192918033,True,0,mapped,True,0.0
T049,L,2288,T008,163,-22.933784084096352,-8.297797904841211,-10.436165578500637,True,0,mapped,True,0.0
T049,L,2289,T008,164,-22.012855651785927,-7.0425047753234935,-10.049338001335236,True,0,mapped,True,0.0
T049,L,2290,T008,165,-21.491859448390805,-6.056547186100592,-9.212225372999027,True,0,mapped,True,0.0
T049,L,2291,T008,166,-20.24468070599001,-5.14705619648855,-9.462602843435572,True,0,mapped,True,0.0
T049,L,2292,T008,167,-19.049137612293016,-4.543343203474527,-9.5293585151426,True,0,mapped,True,0.0
T049,L,2293,T008,168,-17.879114567834364,-3.730783919311031,-9.3146387479082,True,0,mapped,True,0.0
T049,L,2294,T008,169,-16.816430564278136,-2.695644354915546,-8.637204675577953,True,0,mapped,True,0.0
T049,L,2295,T008,170,-16.105129054235743,-1.6966169157615074,-8.18368646678347,True,0,mapped,True,0.0
T049,L,2296,T008,171,-15.11565379357856,-0.6104878385726911,-7.889197826385499,True,0,mapped,True,0.0
T049,L,2296,T011,289,-15.115653793578558,-0.6104878385726897,-7.889197826385498,True,0,mapped,False,2.3914935841127266e-15
T049,L,2297,T008,172,-26.4953784942627,-1.7608207615800158,-4.531636569275582,True,0,mapped,True,0.0
T049,L,2298,T008,173,-26.08541249614236,-2.5527881865977853,-5.484742566358537,True,0,mapped,True,0.0
T049,L,2299,T008,174,-26.081847963665524,-4.028672519847874,-5.924308622875754,True,0,mapped,True,0.0
T049,L,2300,T008,175,-26.311306490175387,-5.753707502654917,-6.079375909611789,True,0,mapped,True,0.0
T049,L,2301,T008,176,-26.29757892482155,-7.101466207710482,-6.620777726227021,True,0,mapped,True,0.0
T049,L,2302,T008,177,-26.13197352694888,-8.33594983919777,-7.659869902713156,True,0,mapped,True,0.0
T049,L,2303,T008,178,-25.52251827566932,-8.976381523424466,-8.821808014372381,True,0,mapped,True,0.0
T049,L,2304,T008,179,-24.472388430784694,-8.837698737521858,-10.017233673805244,True,0,mapped,True,0.0
T049,L,2305,T008,180,-23.394985399934285,-8.362653601594326,-10.528880572592527,True,0,mapped,True,0.0
T049,L,2306,T008,181,-22.38086001659777,-7.077927710089028,-10.31633353888872,True,0,mapped,True,0.0
T049,L,2307,T008,182,-21.85014182576652,-6.1338526477679896,-9.42549556476784,True,0,mapped,True,0.0
T049,L,2308,T008,183,-20.603883949573387,-5.226994305978918,-9.583250930405702,True,0,mapped,True,0.0
T049,L,2309,T008,184,-19.32514849101709,-4.5137205233951,-9.725546247734156,True,0,mapped,True,0.0
T049,L,2310,T008,185,-18.22088530951403,-3.752517752123744,-9.649299464162,True,0,mapped,True,0.0
T049,L,2311,T008,186,-17.333310337343676,-2.798510981370184,-9.147817052501296,True,0,mapped,True,0.0
T049,L,2312,T008,187,-16.52059458883881,-1.7875764608360316,-8.30069986127301,True,0,mapped,True,0.0
T049,L,2313,T008,188,-15.61051901976579,-0.7379113464061855,-7.889197826385498,True,0,mapped,True,0.0
T049,L,2313,T011,280,-15.610519019765787,-0.7379113464061842,-7.889197826385498,True,0,mapped,False,3.794299872214038e-15
T049,L,2314,T008,189,-26.49537849426269,-2.0909914073750397,-5.764017540514295,True,0,mapped,True,0.0
T049,L,2315,T008,190,-26.29042884829594,-3.542195562186627,-6.135643861988905,True,0,mapped,True,0.0
T049,L,2316,T008,191,-26.470150782915542,-5.2034146881219705,-6.153829439740534,True,0,mapped,True,0.0
T049,L,2317,T008,192,-26.490065323020097,-6.646335321616759,-6.577556223181742,True,0,mapped,True,0.0
T049,L,2318,T008,193,-26.43933013089605,-7.989970897033933,-7.629437393583452,True,0,mapped,True,0.0
T049,L,2319,T008,194,-25.917411904569143,-8.72570159992777,-8.75181789147501,True,0,mapped,True,0.0
T049,L,2320,T008,195,-24.8801953651804,-8.773679256690821,-9.9415551657068,True,0,mapped,True,0.0
T049,L,2321,T008,196,-23.788716888572544,-8.26785969103398,-10.638096964771206,True,0,mapped,True,0.0
T049,L,2322,T008,197,-22.678165427827565,-7.148202800088921,-10.540601881341786,True,0,mapped,True,0.0
T049,L,2323,T008,198,-22.204201298280985,-6.260182965883638,-9.753035354279628,True,0,mapped,True,0.0
T049,L,2324,T008,199,-21.07614938620976,-5.281204944494797,-9.681174127344905,True,0,mapped,True,0.0
T049,L,2325,T008,200,-19.718679022738737,-4.529087846702631,-9.920642458905988,True,0,mapped,True,0.0
T049,L,2326,T008,201,-18.56970536789221,-3.77402890216438,-9.961130472341184,True,0,mapped,True,0.0
T049,L,2327,T008,202,-17.644541194159835,-2.8780775573165727,-9.50437087309346,True,0,mapped,True,0.0
T049,L,2328,T008,203,-16.89187664701511,-1.9706488412510643,-8.509230555066944,True,0,mapped,True,0.0
T049,L,2329,T008,204,-16.09303968249218,-0.9040309735826098,-7.893673383632998,True,0,mapped,True,0.0
T049,L,2329,T011,270,-16.09303968249218,-0.9040309735826098,-7.893673383632998,True,0,mapped,False,0.0
T049,L,2330,T008,205,-26.66116577719348,-3.070523447309959,-6.433507016098029,True,0,mapped,True,0.0
T049,L,2331,T008,206,-26.734128508071745,-4.721271260375523,-6.328458049892184,True,0,mapped,True,0.0
T049,L,2332,T008,207,-26.762344586751816,-6.332944133661324,-6.70631061574708,True,0,mapped,True,0.0
T049,L,2333,T008,208,-26.74238668194143,-7.608500620169305,-7.582008224720244,True,0,mapped,True,0.0
T049,L,2334,T008,209,-26.185861098479972,-8.536220963189077,-8.684453240418875,True,0,mapped,True,0.0
T049,L,2335,T008,210,-25.33590255906728,-8.649071550136979,-9.866811764741822,True,0,mapped,True,0.0
T049,L,2336,T008,211,-24.20997181241653,-8.26246437348702,-10.67105411548343,True,0,mapped,True,0.0
T049,L,2337,T008,212,-23.10769323991169,-7.140337505220849,-10.789629438104209,True,0,mapped,True,0.0
T049,L,2338,T008,213,-22.50242525895129,-6.201977408560425,-9.99804473541052,True,0,mapped,True,0.0
T049,L,2339,T008,214,-21.421247417628056,-5.2220869611314,-9.833779956632403,True,0,mapped,True,0.0
T049,L,2340,T008,215,-20.10414561984306,-4.53340887595111,-10.126338011765425,True,0,mapped,True,0.0
T049,L,2341,T008,216,-18.9791289990603,-3.891780860670281,-10.20035510206336,True,0,mapped,True,0.0
T049,L,2342,T008,217,-17.92393131429489,-2.9489419216385926,-9.816698065832064,True,0,mapped,True,0.0
T049,L,2343,T008,218,-17.244409898333284,-1.981923570415834,-8.771619971472008,True,0,mapped,True,0.0
T049,L,2344,T008,219,-16.482116111084455,-1.1047366857528709,-7.987908299165848,True,0,mapped,True,0.0
T049,L,2344,T011,259,-16.482116111084455,-1.1047366857528689,-7.987908299165847,True,0,mapped,False,2.1868857395626282e-15
T049,L,2345,T008,220,-26.960072092442864,-4.2437186409325065,-6.489197731018066,True,0,mapped,True,0.0
T049,L,2346,T008,221,-27.11335904772173,-5.908044455981512,-6.8566759338468,True,0,mapped,True,0.0
T049,L,2347,T008,222,-27.043818477276304,-7.122619208487102,-7.511095327355583,True,0,mapped,True,0.0
T049,L,2348,T008,223,-26.588219293529058,-8.241080906683166,-8.613109879297419,True,0,mapped,True,0.0
T049,L,2349,T008,224,-25.813262012213023,-8.499889389022538,-9.791860415373886,True,0,mapped,True,0.0
T049,L,2350,T008,225,-24.75259054209918,-8.217073467215187,-10.6880909540505,True,0,mapped,True,0.0
T049,L,2351,T008,226,-23.57360864023549,-7.231043635313677,-11.005173597082669,True,0,mapped,True,0.0
T049,L,2352,T008,227,-22.86533142114778,-6.131408247480858,-10.259093655103758,True,0,mapped,True,0.0
T049,L,2353,T008,228,-21.894980769731337,-5.329046785749693,-9.87774480799435,True,0,mapped,True,0.0
T049,L,2354,T008,229,-20.49191748033761,-4.525989784489568,-10.31028319004589,True,0,mapped,True,0.0
T049,L,2355,T008,230,-19.344434283286866,-3.8796209195478273,-10.430008617112527,True,0,mapped,True,0.0
T049,L,2356,T008,231,-18.12799152364492,-2.954380054005901,-10.077032354333012,True,0,mapped,True,0.0
T049,L,2357,T008,232,-17.546061921076493,-2.076823954712038,-9.197346129317358,True,0,mapped,True,0.0
T049,L,2358,T008,233,-16.908643494446398,-1.3047367334365854,-8.122725231158515,True,0,mapped,True,0.0
T049,L,2358,T011,247,-16.908643494446398,-1.3047367334365845,-8.122725231158514,True,0,mapped,False,1.9860273225978185e-15
T049,L,2359,T008,234,-27.420960777612255,-5.3175905140174,-6.898224747048469,True,0,mapped,True,0.0
T049,L,2360,T008,235,-27.16228620026262,-6.829574588584819,-7.417373204525415,True,0,mapped,True,0.0
T049,L,2361,T008,236,-26.913485187095965,-7.973091400536426,-8.466221893628452,True,0,mapped,True,0.0
T049,L,2362,T008,237,-26.237978548199138,-8.321090571960312,-9.767093267579892,True,0,mapped,True,0.0
T049,L,2363,T008,238,-25.192130217507685,-8.092677185590514,-10.74003935103104,True,0,mapped,True,0.0
T049,L,2364,T008,239,-23.96827678699937,-7.269703622142813,-11.14680568853174,True,0,mapped,True,0.0
T049,L,2365,T008,240,-23.19822212456429,-6.1512988562153685,-10.567859037267151,True,0,mapped,True,0.0
T049,L,2366,T008,241,-22.26124020028697,-5.225789184275268,-10.057998659704849,True,0,mapped,True,0.0
T049,L,2367,T008,242,-20.937092826494567,-4.571569673285683,-10.411571718885654,True,0,mapped,True,0.0
T049,L,2368,T008,243,-19.755099176473102,-3.909556631332495,-10.657057912979658,True,0,mapped,True,0.0
T049,L,2369,T008,244,-18.47692159236734,-3.0656220594844865,-10.39622992035041,True,0,mapped,True,0.0
T049,L,2370,T008,245,-17.83502898753834,-2.108264437089303,-9.665531014977576,True,0,mapped,True,0.0
T049,L,2371,T008,246,-17.402817533117968,-1.3047367334365845,-8.235958374728668,True,0,mapped,True,0.0
T049,L,2371,T011,234,-17.402817533117968,-1.3047367334365845,-8.235958374728668,True,0,mapped,False,0.0
T049,L,2372,T008,247,-27.49537849426269,-6.439847631564631,-7.481531385327488,True,0,mapped,True,0.0
T049,L,2373,T008,248,-27.208952270492688,-7.717296325507897,-8.475487432884613,True,0,mapped,True,0.0
T049,L,2374,T008,249,-26.65014590904799,-8.113116110765976,-9.683213783907709,True,0,mapped,True,0.0
T049,L,2375,T008,250,-25.58950761513768,-8.062577338127225,-10.677878720357509,True,0,mapped,True,0.0
T049,L,2376,T008,251,-24.36902576667235,-7.323309027203567,-11.231933438012732,True,0,mapped,True,0.0
T049,L,2377,T008,252,-23.513139298110666,-6.169950273829137,-10.864827472351436,True,0,mapped,True,0.0
T049,L,2378,T008,253,-22.71246152300035,-5.258162039103906,-10.184979600083397,True,0,mapped,True,0.0
T049,L,2379,T008,254,-21.3982050466658,-4.551323035682102,-10.544922753636747,True,0,mapped,True,0.0
T049,L,2380,T008,255,-20.05283027929848,-3.872809419652087,-10.836019613280223,True,0,mapped,True,0.0
T049,L,2381,T008,256,-18.8616473965553,-3.111024334591323,-10.69871263524622,True,0,mapped,True,0.0
T049,L,2382,T008,257,-18.05975265146236,-2.014830488101576,-9.987198877528584,True,0,mapped,True,0.0
T049,L,2383,T008,258,-17.792811282309415,-1.3047367334365867,-8.55485843085102,True,0,mapped,True,0.0
T049,L,2383,T011,220,-17.79281128230942,-1.3047367334365845,-8.554858430851018,True,0,mapped,False,4.550560269027492e-15
T049,L,2384,T008,259,-27.5060708302708,-7.3615188605749635,-8.358219737680457,True,0,mapped,True,0.0
T049,L,2385,T008,260,-27.025330970519853,-7.903688364830762,-9.61766900842488,True,0,mapped,True,0.0
T049,L,2386,T008,261,-26.103046050160227,-7.855671593664534,-10.800737346626622,True,0,mapped,True,0.0
T049,L,2387,T008,262,-24.852816291206477,-7.416873253316563,-11.31053311586679,True,0,mapped,True,0.0
T049,L,2388,T008,263,-23.84841164445641,-6.114376773579405,-11.088284424090896,True,0,mapped,True,0.0
T049,L,2389,T008,264,-23.14485697282295,-5.156627066725262,-10.39858983337141,True,0,mapped,True,0.0
T049,L,2390,T008,265,-21.886644849432013,-4.589574512087351,-10.59593976932835,True,0,mapped,True,0.0
T049,L,2391,T008,266,-20.40683643651864,-3.891797653613377,-10.93060321251026,True,0,mapped,True,0.0
T049,L,2392,T008,267,-19.24861566592572,-3.0073407185755627,-10.971049011245633,True,0,mapped,True,0.0
T049,L,2393,T008,268,-18.30821849034669,-2.032563566580006,-10.335800433879228,True,0,mapped,True,0.0
T049,L,2394,T008,269,-18.04434183576967,-1.3047367334365867,-8.998493257456289,True,0,mapped,True,0.0
T049,L,2394,T011,205,-18.04434183576967,-1.3047367334365845,-8.998493257456285,True,0,mapped,False,4.189529226675416e-15
T049,L,2395,T008,270,-27.38935393674239,-7.704737186431885,-9.54103445353543,True,0,mapped,True,0.0
T049,L,2396,T008,271,-26.42846256171196,-7.766817804430071,-10.75959121139913,True,0,mapped,True,0.0
T049,L,2397,T008,272,-25.32106436669496,-7.282047878226223,-11.437364500698902,True,0,mapped,True,0.0
T049,L,2398,T008,273,-24.249301386416725,-6.216989230997097,-11.393383602347257,True,0,mapped,True,0.0
T049,L,2399,T008,274,-23.55903625556165,-5.203506734994907,-10.576381032415146,True,0,mapped,True,0.0
T049,L,2400,T008,275,-22.153735786430893,-4.460488171069367,-10.768268268935357,True,0,mapped,True,0.0
T049,L,2401,T008,276,-20.838474723533103,-3.866831054803036,-11.098652921006735,True,0,mapped,True,0.0
T049,L,2402,T008,277,-19.63004119422319,-3.0182377588623903,-11.206879904292911,True,0,mapped,True,0.0
T049,L,2403,T008,278,-18.6386955417434,-2.032120245264795,-10.684991077764073,True,0,mapped,True,0.0
T049,L,2404,T008,279,-18.245895286377618,-1.3047367334365845,-9.468091393050292,True,0,mapped,True,0.0
T049,L,2404,T011,189,-18.245895286377618,-1.3047367334365845,-9.468091393050292,True,0,mapped,False,0.0
T049,L,2405,T008,280,-26.89804530158113,-7.623162295343546,-10.677122816668852,True,0,mapped,True,0.0
T049,L,2406,T008,281,-25.81084401237986,-7.230439370905824,-11.488788938029778,True,0,mapped,True,0.0
T049,L,2407,T008,282,-24.516613731488505,-6.319205350420939,-11.548424341919556,True,0,mapped,True,0.0
T049,L,2408,T008,283,-23.90683351792341,-5.3145490445016215,-10.770391512788144,True,0,mapped,True,0.0
T049,L,2409,T008,284,-22.59582437201308,-4.392157586846007,-10.873249569771378,True,0,mapped,True,0.0
T049,L,2410,T008,285,-21.346836003193506,-3.837850545956357,-11.250098931234938,True,0,mapped,True,0.0
T049,L,2411,T008,286,-20.101149173520668,-3.06999271637222,-11.46840160108352,True,0,mapped,True,0.0
T049,L,2412,T008,287,-19.097536164349204,-2.0052599386686825,-11.039207995248171,True,0,mapped,True,0.0
T049,L,2413,T008,288,-18.48358092278509,-1.304736733436586,-9.919555879760484,True,0,mapped,True,0.0
T049,L,2413,T011,172,-18.48358092278509,-1.3047367334365845,-9.919555879760482,True,0,mapped,False,2.3603665272841412e-15
T049,L,2414,T008,289,-26.29568973668723,-7.124179223621328,-11.551213080688475,True,0,mapped,True,0.0
T049,L,2415,T008,290,-24.94788090548541,-6.38218258585547,-11.720917521268335,True,0,mapped,True,0.0
T049,L,2416,T008,291,-24.26816635925064,-5.332684005269394,-11.053874737084325,True,0,mapped,True,0.0
T049,L,2417,T008,292,-23.129095327122773,-4.331085751728418,-10.991038358189726,True,0,mapped,True,0.0
T049,L,2418,T008,293,-21.916751566341603,-3.72610783760956,-11.449852214915992,True,0,mapped,True,0.0
T049,L,2419,T008,294,-20.551436971908863,-3.1039349701035204,-11.635767094306829,True,0,mapped,True,0.0
T049,L,2420,T008,295,-19.390125074692,-2.055448382774191,-11.260964428610585,True,0,mapped,True,0.0
T049,L,2421,T008,296,-18.878674267687867,-1.1138752276359258,-10.166660212749663,True,0,mapped,True,0.0
T049,L,2421,T011,154,-18.34324544492821,-1.2697137787960522,-9.556643783826914,True,3,smooth_internal,False,0.8264924209120988
T049,L,2422,T008,297,-25.463818039455298,-6.340628681269049,-11.88919734954834,True,0,mapped,True,0.0
T049,L,2423,T008,298,-24.591647014794848,-5.338372714474178,-11.330034949026604,True,0,mapped,True,0.0
T049,L,2424,T008,299,-23.62098095383576,-4.2936326312061865,-11.06900796653079,True,0,mapped,True,0.0
T049,L,2425,T008,300,-22.1911990405432,-3.751644815375073,-11.498787216440874,True,0,mapped,True,0.0
T049,L,2426,T008,301,-20.99273958428427,-3.1175688128994743,-11.772153015739685,True,0,mapped,True,0.0
T049,L,2427,T008,302,-19.909810861713247,-2.141423072030644,-11.640653212750006,True,0,mapped,True,0.0
T049,L,2428,T008,303,-19.244355243759383,-1.1047366857528689,-10.518323258801509,True,0,mapped,True,0.0
T049,L,2428,T011,135,-18.44379713010704,-1.2540520775768251,-9.714814016218376,True,3,smooth_internal,False,1.1440347383216378
T049,L,2429,T008,304,-24.89537811279297,-5.343614509702244,-11.551697924469718,True,0,mapped,True,0.0
T049,L,2430,T008,305,-24.051836472178163,-4.2683999036190015,-11.117167967044214,True,0,mapped,True,0.0
T049,L,2431,T008,306,-22.66534669371397,-3.725679139332227,-11.526029933544336,True,0,mapped,True,0.0
T049,L,2432,T008,307,-21.45727233916693,-3.0589849478731765,-11.926267187055124,True,0,mapped,True,0.0
T049,L,2433,T008,308,-20.22977267520211,-2.147542175180113,-11.851859081418745,True,0,mapped,True,0.0
T049,L,2434,T008,309,-19.59644553719895,-1.1047366857528704,-10.88848793112193,True,0,mapped,True,0.0
T049,L,2434,T011,115,-18.557927652941085,-1.2219993055024454,-9.815154233077523,True,3,smooth_internal,False,1.4981038499622261
T049,L,2435,T008,310,-24.498962158271357,-4.308320737984938,-11.174582018952531,True,0,mapped,True,0.0
T049,L,2436,T008,311,-23.259675733947702,-3.643148748631183,-11.661899857852616,True,0,mapped,True,0.0
T049,L,2437,T008,312,-21.914829966872794,-3.0536589157190805,-12.059079053257232,True,0,mapped,True,0.0
T049,L,2438,T008,313,-20.61857904808396,-2.113194298453532,-12.10274377449592,True,0,mapped,True,0.0
T049,L,2439,T008,314,-19.94943309208443,-1.1047366857528698,-11.257952316270025,True,0,mapped,True,0.0
T049,L,2439,T011,94,-18.69566452353448,-1.1833234967979318,-9.889606131717745,True,3,smooth_internal,False,1.85754752055844
T049,L,2440,T008,315,-23.69537925720215,-3.572339195420325,-11.706965109809596,True,0,mapped,True,0.0
T049,L,2441,T008,316,-22.38716127367248,-3.011264019886639,-12.134911280853094,True,0,mapped,True,0.0
T049,L,2442,T008,317,-21.135535058609957,-2.181851259894764,-12.286551715480018,True,0,mapped,True,0.0
T049,L,2443,T008,318,-20.296494561356237,-1.1047366857528689,-11.63265944360008,True,0,mapped,True,0.0
T049,L,2443,T011,72,-18.95697717277821,-1.1547760497281798,-10.125202792337497,True,3,smooth_internal,False,2.017234822147821
T049,L,2444,T008,319,-22.74610143619052,-2.993008631134708,-12.244766971572622,True,0,mapped,True,0.0
T049,L,2445,T008,320,-21.593118699596516,-2.156555070674302,-12.468036241675843,True,0,mapped,True,0.0
T049,L,2446,T008,321,-20.67857059617339,-1.1047366857528695,-11.971941863168183,True,0,mapped,True,0.0
T049,L,2446,T011,49,-19.381068597196496,-1.1351083511150308,-10.521326888880823,True,2,smooth_near_vertex,False,1.9464628635123318
T049,L,2447,T008,322,-22.16079791028735,-2.1017826628055367,-12.689197540283203,True,0,mapped,True,0.0
T049,L,2448,T008,323,-21.08329975561017,-1.1047366857528722,-12.283868336371995,True,0,mapped,True,0.0
T049,L,2448,T011,25,-20.098680488710023,-1.120713470593568,-11.21235034191911,True,2,smooth_near_vertex,False,1.455294187043005
T049,L,2449,T009,1,-25.36191096536747,11.561795697288227,-0.2032858109418002,True,0,mapped,True,0.0
T049,L,2449,T010,1,-25.36191096536747,11.561795697288227,-0.2032858109418002,True,0,mapped,False,0.0
T049,L,2450,T009,2,-24.600352276440805,11.07953424930676,-0.2714432339006307,True,0,mapped,True,0.0
T049,L,2450,T010,2,-24.600352276440805,11.07953424930676,-0.2714432339006307,True,0,mapped,False,0.0
T049,L,2451,T009,3,-23.72652717315733,10.895263671875,-0.4798629412792166,True,0,mapped,True,0.0
T049,L,2451,T010,3,-23.72652717315733,10.895263671875,-0.4798629412792166,True,0,mapped,False,0.0
T049,L,2452,T009,4,-22.8047675799559,10.895263671875,-0.745899862013589,True,0,mapped,True,0.0
T049,L,2452,T010,4,-22.8047675799559,10.895263671875,-0.745899862013589,True,0,mapped,False,0.0
T049,L,2453,T009,5,-21.886153972413023,10.895263671875,-1.0231516398927696,True,0,mapped,True,0.0
T049,L,2453,T010,5,-21.886153972413027,10.895263671875,-1.0231516398927696,True,0,mapped,False,3.552713678800501e-15
T049,L,2454,T009,6,-20.96845883052251,10.895263671875,-1.3026351197113657,True,0,mapped,True,0.0
T049,L,2454,T010,6,-20.968458830522515,10.895263671875,-1.3026351197113657,True,0,mapped,False,3.552713678800501e-15
T049,L,2455,T009,7,-20.029768349569373,10.889292509797322,-1.2637464020411118,True,0,mapped,True,0.0
T049,L,2455,T010,7,-20.029768349569373,10.889292509797322,-1.2637464020411118,True,0,mapped,False,0.0
T049,L,2456,T009,8,-19.22872499725876,11.037400723265035,-0.8649081497938758,True,0,mapped,True,0.0
T049,L,2456,T010,8,-19.22872499725876,11.037400723265035,-0.8649081497938758,True,0,mapped,False,0.0
T049,L,2457,T009,9,-18.50506368755564,11.29166921944296,-0.3893701952565542,True,0,mapped,True,0.0
T049,L,2457,T010,9,-18.50506368755564,11.29166921944296,-0.3893701952565542,True,0,mapped,False,0.0
T049,L,2458,T009,10,-17.76122919210173,11.59269635196085,0.044952491781406,True,0,mapped,True,0.0
T049,L,2458,T010,10,-17.76122919210173,11.59269635196085,0.044952491781406,True,0,mapped,False,0.0
T049,L,2459,T009,11,-17.00503093103857,11.852584947842036,0.539317669197134,True,0,mapped,True,0.0
T049,L,2459,T010,11,-17.00503093103857,11.852584947842036,0.539317669197134,True,0,mapped,False,0.0
T049,L,2460,T009,12,-16.233805177781367,11.895263671875,1.081104298389398,True,0,mapped,True,0.0
T049,L,2460,T010,12,-16.233805177781367,11.895263671875,1.081104298389398,True,0,mapped,False,0.0
T049,L,2461,T009,13,-15.354181033231518,11.895263671875,1.461390009902312,True,0,mapped,True,0.0
T049,L,2461,T010,13,-15.354181033231518,11.895263671875,1.461390009902312,True,0,mapped,False,0.0
T049,L,2462,T009,14,-14.436276224643237,11.895263671875,1.7401374094292132,True,0,mapped,True,0.0
T049,L,2462,T010,14,-14.436276224643237,11.895263671875,1.7401374094292132,True,0,mapped,False,0.0
T049,L,2463,T009,15,-13.52437666166785,11.895263671875,2.0344121743101056,True,0,mapped,True,0.0
T049,L,2463,T010,15,-13.52437666166785,11.895263671875,2.0344121743101056,True,0,mapped,False,0.0
T049,L,2464,T009,16,-12.639642123539812,11.895263671875,2.4046164093255014,True,0,mapped,True,0.0
T049,L,2464,T010,16,-12.639642123539812,11.895263671875,2.4046164093255014,True,0,mapped,False,0.0
T049,L,2465,T009,17,-11.817170380116746,11.895263671875,2.8931990958773905,True,0,mapped,True,0.0
T049,L,2465,T010,17,-11.817170380116748,11.895263671875,2.8931990958773905,True,0,mapped,False,1.7763568394002505e-15
T049,L,2466,T009,18,-11.096733896405835,12.001189652427817,3.4924603369084077,True,0,mapped,True,0.0
T049,L,2466,T010,18,-11.096733896405835,12.001189652427817,3.4924603369084077,True,0,mapped,False,0.0
T049,L,2467,T009,19,-10.218284060645232,12.095264434814451,3.823096048471748,True,0,mapped,True,0.0
T049,L,2467,T010,19,-10.218284060645232,12.095264434814451,3.823096048471748,True,0,mapped,False,0.0
T049,L,2468,T009,20,-9.333852095908451,12.060134734755612,4.186805148182749,True,0,mapped,True,0.0
T049,L,2468,T010,20,-9.333852095908451,12.06013473475561,4.186805148182748,True,0,mapped,False,1.9860273225978185e-15
T049,L,2469,T009,21,-8.395701028737212,12.096699267824482,4.129927005701991,True,0,mapped,True,0.0
T049,L,2469,T010,21,-8.395701028737212,12.09669926782448,4.12992700570199,True,0,mapped,False,1.9860273225978185e-15
T049,L,2470,T009,22,-7.474248940245624,11.895263671875002,3.998063807135976,True,0,mapped,True,0.0
T049,L,2470,T010,22,-7.474248940245623,11.895263671875,3.998063807135975,True,0,mapped,False,2.175583928816829e-15
T049,L,2471,T009,23,-6.641500692014686,11.666040665520798,3.9864506494842487,True,0,mapped,True,0.0
T049,L,2471,T010,23,-6.761844563413399,11.847440397375545,3.924437008702442,True,2,smooth_near_vertex,False,0.2263497332519274
T049,L,2472,T009,24,-5.695377826690674,11.695263862609863,3.870019197463989,True,0,mapped,False,0.0
T049,L,2472,T010,24,-5.695377826690674,11.695263862609863,3.870019197463989,True,-1,landmark_vertex,True,0.0
T049,L,2472,T011,24,-5.695377826690674,11.695263862609863,3.870019197463989,True,-1,landmark_vertex,False,0.0
T049,L,2472,T012,24,-5.695377826690674,11.695263862609863,3.870019197463989,True,0,mapped,False,0.0
T049,L,2472,T013,24,-5.695377826690674,11.695263862609863,3.870019197463989,True,0,mapped,False,0.0
T049,L,2472,T015,24,-5.695377826690674,11.695263862609863,3.870019197463989,True,-1,landmark_vertex,False,0.0
T049,L,2473,T009,26,-25.47412022170645,10.609145244662104,-0.3284229854688396,True,0,mapped,True,0.0
T049,L,2474,T009,27,-24.581509820514786,10.2694647417758,-0.3585176887710468,True,0,mapped,True,0.0
T049,L,2475,T009,28,-23.719459268680858,10.21879935923575,-0.5579980612829644,True,0,mapped,True,0.0
T049,L,2476,T009,29,-23.013360328000324,10.192262245662295,-0.7403772414639436,True,0,mapped,True,0.0
T049,L,2477,T009,30,-22.00035900996024,10.112806793426886,-0.873104977858833,True,0,mapped,True,0.0
T049,L,2478,T009,31,-21.02307479255548,10.09406338775985,-0.761131736872486,True,0,mapped,True,0.0
T049,L,2479,T009,32,-20.24246162656559,10.235548096189618,-0.4551568274018285,True,0,mapped,True,0.0
T049,L,2480,T009,33,-19.53490418952021,10.498146434712798,0.1329915487729214,True,0,mapped,True,0.0
T049,L,2481,T009,34,-18.901147189306485,10.733980839109927,0.669603926445368,True,0,mapped,True,0.0
T049,L,2482,T009,35,-18.14152302788063,11.02625195512344,1.1345553443230163,True,0,mapped,True,0.0
T049,L,2483,T009,36,-17.29300077273836,11.107625978169322,1.5980882325267662,True,0,mapped,True,0.0
T049,L,2484,T009,37,-16.283128141533194,10.930169587776776,1.9714642016970263,True,0,mapped,True,0.0
T049,L,2485,T009,38,-15.181735916123628,10.78229878389448,2.2262441360439955,True,0,mapped,True,0.0
T049,L,2486,T009,39,-14.213583887506424,10.680349001086716,2.36768259561492,True,0,mapped,True,0.0
T049,L,2487,T009,40,-13.186285210035413,10.518581205202755,2.5673251652661704,True,0,mapped,True,0.0
T049,L,2488,T009,41,-12.274546487004548,10.532021972044287,2.8164516617045843,True,0,mapped,True,0.0
T049,L,2489,T009,42,-11.4704534372685,10.517871302216864,3.1581337098747944,True,0,mapped,True,0.0
T049,L,2490,T009,43,-10.706973949493582,10.743566540943888,3.5438043157143624,True,0,mapped,True,0.0
T049,L,2491,T009,44,-9.72671282218764,10.762294293518751,4.011436712585861,True,0,mapped,True,0.0
T049,L,2492,T009,45,-8.761878944072892,10.62089833642666,4.153943959425598,True,0,mapped,True,0.0
T049,L,2493,T009,46,-7.82586658159057,10.590780074611782,4.084566187196402,True,0,mapped,True,0.0
T049,L,2494,T009,47,-7.045820386330965,10.518803783885048,3.950076436434394,True,0,mapped,True,0.0
T049,L,2495,T009,48,-6.0613955397940895,10.42969218762766,3.7108030319213863,True,0,mapped,True,0.0
T049,L,2495,T011,23,-6.061395539794088,10.429692187627662,3.7108030319213863,True,0,mapped,False,2.5121479338940403e-15
T049,L,2496,T009,50,-25.323969497876764,9.755040111109055,-0.4128402577431952,True,0,mapped,True,0.0
T049,L,2497,T009,51,-24.58151807222482,9.54901961158037,-0.4966826050182146,True,0,mapped,True,0.0
T049,L,2498,T009,52,-23.763182377764263,9.537084033812068,-0.6135234055131134,True,0,mapped,True,0.0
T049,L,2499,T009,53,-22.931284236072287,9.38238248450144,-0.7137971996741788,True,0,mapped,True,0.0
T049,L,2500,T009,54,-22.048489731162377,9.356623899301336,-0.6580262503481364,True,0,mapped,True,0.0
T049,L,2501,T009,55,-21.20845312247612,9.418928054788374,-0.3203706090219708,True,0,mapped,True,0.0
T049,L,2502,T009,56,-20.49093992268746,9.594836214768304,0.2124400045484722,True,0,mapped,True,0.0
T049,L,2503,T009,57,-19.912179087906637,9.897415846819593,0.8285128398015079,True,0,mapped,True,0.0
T049,L,2504,T009,58,-19.148757015357084,10.213701898934596,1.472216578449546,True,0,mapped,True,0.0
T049,L,2505,T009,59,-18.37647598227064,10.319968785853828,2.0458013075882318,True,0,mapped,True,0.0
T049,L,2506,T009,60,-17.520331635920375,10.070682393945845,2.5401454303922266,True,0,mapped,True,0.0
T049,L,2507,T009,61,-16.37133332385068,9.837235850156034,2.830387242273933,True,0,mapped,True,0.0
T049,L,2508,T009,62,-15.134101444382566,9.715971989971134,2.945953727973248,True,0,mapped,True,0.0
T049,L,2509,T009,63,-14.002369780174469,9.483304141769914,3.060481442109815,True,0,mapped,True,0.0
T049,L,2510,T009,64,-12.9869727866401,9.345488385635347,3.0952651204720043,True,0,mapped,True,0.0
T049,L,2511,T009,65,-12.06755757257667,9.214342919138232,3.2232212297675487,True,0,mapped,True,0.0
T049,L,2512,T009,66,-11.058061431362749,9.288567772278142,3.4361192943472,True,0,mapped,True,0.0
T049,L,2513,T009,67,-10.007995740532635,9.332163344810816,3.81024338958626,True,0,mapped,True,0.0
T049,L,2514,T009,68,-8.999523878709875,9.372488461903965,4.032105516702448,True,0,mapped,True,0.0
T049,L,2515,T009,69,-8.218811473183429,9.332004817932027,4.112697604615606,True,0,mapped,True,0.0
T049,L,2516,T009,70,-7.267819513859406,9.291823292913556,4.049921871595534,True,0,mapped,True,0.0
T049,L,2517,T009,71,-6.394402526245601,9.13631159679095,3.8910469759737296,True,0,mapped,True,0.0
T049,L,2517,T011,22,-6.394402526245599,9.136311596790952,3.8910469759737287,True,0,mapped,False,3.3232593448441795e-15
T049,L,2518,T009,73,-25.3577377107377,9.0023734981819,-0.5931892289005126,True,0,mapped,True,0.0
T049,L,2519,T009,74,-24.645219499635388,8.859836142105362,-0.628038579104594,True,0,mapped,True,0.0
T049,L,2520,T009,75,-23.88609222488341,8.782089817518528,-0.644830225337553,True,0,mapped,True,0.0
T049,L,2521,T009,76,-22.92714114102096,8.559492266254964,-0.6312206414117919,True,0,mapped,True,0.0
T049,L,2522,T009,77,-22.109242550961618,8.668212486710487,-0.4707316499340124,True,0,mapped,True,0.0
T049,L,2523,T009,78,-21.450952218396832,8.67725576424256,0.0516901061591168,True,0,mapped,True,0.0
T049,L,2524,T009,79,-20.940558952893728,8.806692089925917,0.7050981904921421,True,0,mapped,True,0.0
T049,L,2525,T009,80,-20.45136239163682,8.897911450240047,1.4614994516907784,True,0,mapped,True,0.0
T049,L,2526,T009,81,-19.622185910458636,9.230095875542755,2.183522209146123,True,0,mapped,True,0.0
T049,L,2527,T009,82,-18.63179988624922,9.216954694884889,2.9731403381863704,True,0,mapped,True,0.0
T049,L,2528,T009,83,-17.699911419606472,8.977678564356648,3.406592430945845,True,0,mapped,True,0.0
T049,L,2529,T009,84,-16.43261742453135,8.775151991134583,3.692036920053935,True,0,mapped,True,0.0
T049,L,2530,T009,85,-15.040346678801932,8.554288269491298,3.815437782398124,True,0,mapped,True,0.0
T049,L,2531,T009,86,-13.992643985924506,8.407974462496963,3.7333382382977103,True,0,mapped,True,0.0
T049,L,2532,T009,87,-12.823321706281144,8.204572813176407,3.690476089985253,True,0,mapped,True,0.0
T049,L,2533,T009,88,-11.845415167634796,8.006982394952484,3.753266185278649,True,0,mapped,True,0.0
T049,L,2534,T009,89,-10.731442746841102,7.888712057588937,3.883001852338829,True,0,mapped,True,0.0
T049,L,2535,T009,90,-9.729868358248623,7.998703851390053,4.068177212455723,True,0,mapped,True,0.0
T049,L,2536,T009,91,-8.717282904880662,8.10316047376328,4.24255169518091,True,0,mapped,True,0.0
T049,L,2537,T009,92,-7.598258060811522,8.152155513801954,4.335208808824835,True,0,mapped,True,0.0
T049,L,2538,T009,93,-6.705409429641846,7.878495810779095,4.315680619915449,True,0,mapped,True,0.0
T049,L,2538,T011,21,-6.705409429641846,7.878495810779099,4.315680619915447,True,0,mapped,False,3.972054645195637e-15
T049,L,2539,T009,95,-25.374180949416548,8.413851251939338,-0.7718869451374946,True,0,mapped,True,0.0
T049,L,2540,T009,96,-24.66705122469473,8.175526993478192,-0.7525611234591865,True,0,mapped,True,0.0
T049,L,2541,T009,97,-23.86657544962993,7.948829202900647,-0.7170639442259082,True,0,mapped,True,0.0
T049,L,2542,T009,98,-22.994353315933083,7.737846389667069,-0.6045432325625275,True,0,mapped,True,0.0
T049,L,2543,T009,99,-22.133086644734306,7.798632716594003,-0.2792943183361145,True,0,mapped,True,0.0
T049,L,2544,T009,100,-21.524854215433784,7.759868902791943,0.4013512038324914,True,0,mapped,True,0.0
T049,L,2545,T009,101,-21.1185920160297,7.830996327639157,1.2163924955484278,True,0,mapped,True,0.0
T049,L,2546,T009,102,-20.541401117703373,7.936461132378945,2.157121388775108,True,0,mapped,True,0.0
T049,L,2547,T009,103,-19.8863341327026,7.894024616344685,3.086634252377779,True,0,mapped,True,0.0
T049,L,2548,T009,104,-18.92483394103217,8.120947440405867,3.712721154852797,True,0,mapped,True,0.0
T049,L,2549,T009,105,-17.63696855196158,7.929044507345242,4.221577893071493,True,0,mapped,True,0.0
T049,L,2550,T009,106,-16.255189360509764,7.671245868615691,4.509840254376094,True,0,mapped,True,0.0
T049,L,2551,T009,107,-14.97173796858999,7.431487706274054,4.557996770150878,True,0,mapped,True,0.0
T049,L,2552,T009,108,-13.80911403516399,7.274758363760354,4.422508815750915,True,0,mapped,True,0.0
T049,L,2553,T009,109,-12.575282831463886,6.993109480058836,4.3278744295247495,True,0,mapped,True,0.0
T049,L,2554,T009,110,-11.50218277228054,6.70777634224925,4.293797643100303,True,0,mapped,True,0.0
T049,L,2555,T009,111,-10.276438561625351,6.545410045709517,4.356122339068625,True,0,mapped,True,0.0
T049,L,2556,T009,112,-9.24668262329675,6.596543815643681,4.44757943094953,True,0,mapped,True,0.0
T049,L,2557,T009,113,-7.990662147491689,6.726705145471806,4.5746008383941525,True,0,mapped,True,0.0
T049,L,2558,T009,114,-6.8953781127929705,6.555418177471637,4.599350057853959,True,0,mapped,True,0.0
T049,L,2558,T011,20,-6.895378112792969,6.555418177471634,4.599350057853959,True,0,mapped,False,3.2023728339893768e-15
T049,L,2559,T009,116,-25.297792567523384,7.727962469117905,-0.9973555846672468,True,0,mapped,True,0.0
T049,L,2560,T009,117,-24.45793534735802,7.380696348370309,-0.8663638364916563,True,0,mapped,True,0.0
T049,L,2561,T009,118,-23.647824264262717,7.125528252246408,-0.7673774068951527,True,0,mapped,True,0.0
T049,L,2562,T009,119,-22.876645256511264,7.053924354606234,-0.552720076220543,True,0,mapped,True,0.0
T049,L,2563,T009,120,-22.248513947486742,6.797111545234484,-0.1494393686643391,True,0,mapped,True,0.0
T049,L,2564,T009,121,-21.556143338377964,6.843246289680231,0.6769727715759266,True,0,mapped,True,0.0
T049,L,2565,T009,122,-21.184412219787244,6.829472945957633,1.6874179931418245,True,0,mapped,True,0.0
T049,L,2566,T009,123,-20.70339423227396,6.797605461658675,2.7654704674625963,True,0,mapped,True,0.0
T049,L,2567,T009,124,-19.976594172126216,6.844953924141501,3.741871920726783,True,0,mapped,True,0.0
T049,L,2568,T009,125,-18.91112774536396,6.842249947467676,4.496943130180068,True,0,mapped,True,0.0
T049,L,2569,T009,126,-17.587148853636887,6.683182663636762,5.010472419433734,True,0,mapped,True,0.0
T049,L,2570,T009,127,-16.125646895321893,6.398183859677923,5.2641809145968566,True,0,mapped,True,0.0
T049,L,2571,T009,128,-14.817599875848488,6.228849528339839,5.256222550096387,True,0,mapped,True,0.0
T049,L,2572,T009,129,-13.462031991558897,5.912618833022383,5.096836078551878,True,0,mapped,True,0.0
T049,L,2573,T009,130,-12.053270112365498,5.620719169554501,4.8718372778078205,True,0,mapped,True,0.0
T049,L,2574,T009,131,-10.890050800716269,5.4222747045347255,4.7083230783508006,True,0,mapped,True,0.0
T049,L,2575,T009,132,-9.774676104365238,5.342711101944923,4.662090372662275,True,0,mapped,True,0.0
T049,L,2576,T009,133,-8.467474092263675,5.235014414116067,4.663725701292261,True,0,mapped,True,0.0
T049,L,2577,T009,134,-7.095377922058107,5.239643074211573,4.631443571815069,True,0,mapped,True,0.0
T049,L,2577,T011,19,-7.0953779220581055,5.239643074211564,4.631443571815068,True,0,mapped,False,9.101120538054984e-15
T049,L,2578,T009,136,-25.33230971797578,6.795104118135317,-1.3575657582711955,True,0,mapped,True,0.0
T049,L,2579,T009,137,-24.446277749586457,6.566651392577429,-1.0578791545159132,True,0,mapped,True,0.0
T049,L,2580,T009,138,-23.53302417638804,6.235802388944913,-0.8268746947988201,True,0,mapped,True,0.0
T049,L,2581,T009,139,-22.94730651504439,6.072392513339654,-0.5313566224701263,True,0,mapped,True,0.0
T049,L,2582,T009,140,-22.2424491630843,5.945333604002816,0.0588484401810222,True,0,mapped,True,0.0
T049,L,2583,T009,141,-21.847833097621628,5.724986467531854,0.9618348416494328,True,0,mapped,True,0.0
T049,L,2584,T009,142,-21.384313605088025,5.66025837573982,2.083524890348393,True,0,mapped,True,0.0
T049,L,2585,T009,143,-20.742492711440185,5.567879280671441,3.304216552465146,True,0,mapped,True,0.0
T049,L,2586,T009,144,-19.97023407427638,5.477111167116616,4.172474103523759,True,0,mapped,True,0.0
T049,L,2587,T009,145,-18.89628017904949,5.121619065559143,5.003366394894947,True,0,mapped,True,0.0
T049,L,2588,T009,146,-17.46936964041863,4.93555765693467,5.567930372101941,True,0,mapped,True,0.0
T049,L,2589,T009,147,-15.778208056308417,4.99378950135339,5.76762908756442,True,0,mapped,True,0.0
T049,L,2590,T009,148,-14.265261082772298,4.686266072652423,5.717668703681911,True,0,mapped,True,0.0
T049,L,2591,T009,149,-12.823928361587315,4.41316420938064,5.519459023511603,True,0,mapped,True,0.0
T049,L,2592,T009,150,-11.33973270674379,4.145503819596962,5.170060518816854,True,0,mapped,True,0.0
T049,L,2593,T009,151,-10.003125825950011,4.003811304113508,4.800332057799621,True,0,mapped,True,0.0
T049,L,2594,T009,152,-8.789422874466773,3.839696930181576,4.676154488264627,True,0,mapped,True,0.0
T049,L,2595,T009,153,-7.276769576396553,3.91387161056578,4.5571222692511775,True,0,mapped,True,0.0
T049,L,2595,T011,18,-7.276769576396559,3.913871610565775,4.5571222692511775,True,0,mapped,False,7.229248575812844e-15
T049,L,2596,T009,155,-25.260754093570057,5.982743647588456,-1.6826951641887584,True,0,mapped,True,0.0
T049,L,2597,T009,156,-24.4882875212618,5.702090427043285,-1.304255035611122,True,0,mapped,True,0.0
T049,L,2598,T009,157,-23.587078931578453,5.387016313033901,-0.9437359903794034,True,0,mapped,True,0.0
T049,L,2599,T009,158,-22.898475086427243,5.207626085750162,-0.5228366887564664,True,0,mapped,True,0.0
T049,L,2600,T009,159,-22.37754983554933,4.980746852145151,0.1506964314987447,True,0,mapped,True,0.0
T049,L,2601,T009,160,-21.965700024736083,4.654534142810039,1.1123167605163669,True,0,mapped,True,0.0
T049,L,2602,T009,161,-21.543159924450684,4.386291874125153,2.237753524572554,True,0,mapped,True,0.0
T049,L,2603,T009,162,-20.854870247793716,3.9698707153090513,3.290797242501295,True,0,mapped,True,0.0
T049,L,2604,T009,163,-19.9104976365274,3.768572436529845,4.334545517047922,True,0,mapped,True,0.0
T049,L,2605,T009,164,-18.642473696855564,3.5410408171010186,5.156687313970334,True,0,mapped,True,0.0
T049,L,2606,T009,165,-17.03700323843412,3.2229758438785767,5.680873856949168,True,0,mapped,True,0.0
T049,L,2607,T009,166,-15.320657494331792,3.064031388893211,5.8898056053240255,True,0,mapped,True,0.0
T049,L,2608,T009,167,-13.38116341564672,2.962120731121141,5.812578288967034,True,0,mapped,True,0.0
T049,L,2609,T009,168,-11.91354458469182,2.779347950209345,5.445508153102109,True,0,mapped,True,0.0
T049,L,2610,T009,169,-10.668295309325242,2.74297361215449,4.960546668562468,True,0,mapped,True,0.0
T049,L,2611,T009,170,-9.5088980056424,2.762043935424731,4.625750393939978,True,0,mapped,True,0.0
T049,L,2612,T009,171,-8.12178358019663,2.868857743839879,4.439031705877923,True,0,mapped,True,0.0
T049,L,2612,T011,17,-8.121783580196631,2.8688577438398686,4.43903170587792,True,0,mapped,False,1.0959200373197812e-14
T049,L,2613,T009,173,-25.21500397918009,5.278737686605862,-2.004431123102306,True,0,mapped,True,0.0
T049,L,2614,T009,174,-24.51067167063512,4.867663047991704,-1.6487975669101984,True,0,mapped,True,0.0
T049,L,2615,T009,175,-23.737105356346127,4.586961499985976,-1.1480728941253924,True,0,mapped,True,0.0
T049,L,2616,T009,176,-23.06352710830921,4.21760181355943,-0.6542458399416187,True,0,mapped,True,0.0
T049,L,2617,T009,177,-22.560660451735288,3.882488411715526,0.0988051665653541,True,0,mapped,True,0.0
T049,L,2618,T009,178,-22.08461887812461,3.446596341826404,1.057093308190837,True,0,mapped,True,0.0
T049,L,2619,T009,179,-21.50559131163449,3.10245574138037,2.2067099067681,True,0,mapped,True,0.0
T049,L,2620,T009,180,-20.668215884874737,2.5317152268325263,3.204861783087859,True,0,mapped,True,0.0
T049,L,2621,T009,181,-19.485196975649597,2.2605830638573727,4.16920634574015,True,0,mapped,True,0.0
T049,L,2622,T009,182,-17.845400915393633,1.8830293023518732,4.855873506268467,True,0,mapped,True,0.0
T049,L,2623,T009,183,-16.330887708170117,1.5435603889286882,5.257238638254848,True,0,mapped,True,0.0
T049,L,2624,T009,184,-14.581929603797215,1.347670072353962,5.458410557097706,True,0,mapped,True,0.0
T049,L,2625,T009,185,-12.88369408447126,1.3431230986993916,5.2769438105667685,True,0,mapped,True,0.0
T049,L,2626,T009,186,-11.364367140357212,1.4967097703851897,4.916525433894468,True,0,mapped,True,0.0
T049,L,2627,T009,187,-10.162669709441031,1.7021596477133751,4.364216107889415,True,0,mapped,True,0.0
T049,L,2628,T009,188,-8.847540282923774,1.7891400965484927,4.03678103047952,True,0,mapped,True,0.0
T049,L,2628,T011,16,-8.847540282923777,1.7891400965484832,4.036781030479513,True,0,mapped,False,1.2420612335037436e-14
T049,L,2629,T009,190,-25.31639696939924,4.541209373478656,-2.5398976267335573,True,0,mapped,True,0.0
T049,L,2630,T009,191,-24.56911366927124,4.128110547930447,-1.974590766692464,True,0,mapped,True,0.0
T049,L,2631,T009,192,-23.831772644750465,3.6787077658096257,-1.4102440792965183,True,0,mapped,True,0.0
T049,L,2632,T009,193,-23.170829432793447,3.337957665825603,-0.8254208038941964,True,0,mapped,True,0.0
T049,L,2633,T009,194,-22.5036893321402,2.857446160005009,-0.036789156620937,True,0,mapped,True,0.0
T049,L,2634,T009,195,-21.926383381305957,2.3064288232624044,0.8423309537387825,True,0,mapped,True,0.0
T049,L,2635,T009,196,-21.290623537229425,1.74415924716459,1.7672140023896874,True,0,mapped,True,0.0
T049,L,2636,T009,197,-20.237467102450065,1.146774067873475,2.6144795853206384,True,0,mapped,True,0.0
T049,L,2637,T009,198,-18.63836713452381,0.7643686001467381,3.535449490193069,True,0,mapped,True,0.0
T049,L,2638,T009,199,-17.185213625155598,0.5531855143669122,4.015635751839412,True,0,mapped,True,0.0
T049,L,2639,T009,200,-15.554410462323348,0.3900093884873565,4.288566587716956,True,0,mapped,True,0.0
T049,L,2640,T009,201,-13.88873832261912,0.3577443035171229,4.285920400154812,True,0,mapped,True,0.0
T049,L,2641,T009,202,-12.379883430850306,0.4740375816266125,4.025998710995337,True,0,mapped,True,0.0
T049,L,2642,T009,203,-10.842093185250476,0.80346390312464,3.5867908783096327,True,0,mapped,True,0.0
T049,L,2643,T009,204,-9.612520400953764,1.069391713346083,3.2591037973953574,True,0,mapped,True,0.0
T049,L,2643,T011,15,-9.612520400953766,1.06939171334608,3.259103797395352,True,0,mapped,False,6.420123230733026e-15
T049,L,2644,T009,206,-25.322138598031724,3.77077258619778,-3.1172260072303786,True,0,mapped,True,0.0
T049,L,2645,T009,207,-24.667792847094248,3.36081046499533,-2.4759484923476625,True,0,mapped,True,0.0
T049,L,2646,T009,208,-23.871302445954267,2.872525621501569,-1.8084436353339548,True,0,mapped,True,0.0
T049,L,2647,T009,209,-23.143415031373078,2.3819811116307577,-1.2495055012518774,True,0,mapped,True,0.0
T049,L,2648,T009,210,-22.398482615362678,1.9386792910260424,-0.5332804438168081,True,0,mapped,True,0.0
T049,L,2649,T009,211,-21.68127392114772,1.2121243820494552,0.2323590102079474,True,0,mapped,True,0.0
T049,L,2650,T009,212,-20.773288128735324,0.5631850446594948,1.0487008633583286,True,0,mapped,True,0.0
T049,L,2651,T009,213,-19.43893316260446,0.0204330086234593,1.925523204987812,True,0,mapped,True,0.0
T049,L,2652,T009,214,-17.97294197520969,-0.1707139724837531,2.62084319640514,True,0,mapped,True,0.0
T049,L,2653,T009,215,-16.39025326021831,-0.1841537931845352,2.9255427931341043,True,0,mapped,True,0.0
T049,L,2654,T009,216,-14.789220870649888,-0.1817980029746014,3.016474744381924,True,0,mapped,True,0.0
T049,L,2655,T009,217,-13.11477092612881,0.0063257950680686,2.6903389276244667,True,0,mapped,True,0.0
T049,L,2656,T009,218,-11.669445963546236,0.3054944069281912,2.5530709468084494,True,0,mapped,True,0.0
T049,L,2657,T009,219,-10.20705483207962,0.6499138350645721,2.2283473672025296,True,0,mapped,True,0.0
T049,L,2657,T011,14,-10.207054832079622,0.6499138350645672,2.2283473672025185,True,0,mapped,False,1.2258792862456023e-14
T049,L,2658,T009,221,-25.21141150498364,3.09055679326141,-3.6290987046312666,True,0,mapped,True,0.0
T049,L,2659,T009,222,-24.61930885542738,2.571409305161882,-3.0684313005856336,True,0,mapped,True,0.0
T049,L,2660,T009,223,-23.884612503021312,2.0547065153983883,-2.462113915047218,True,0,mapped,True,0.0
T049,L,2661,T009,224,-22.965834770268053,1.4339019804252549,-1.9531670469366955,True,0,mapped,True,0.0
T049,L,2662,T009,225,-22.05168463061762,0.8745844310805408,-1.2268462943355367,True,0,mapped,True,0.0
T049,L,2663,T009,226,-21.26272698997849,0.2901208277758812,-0.4475708045839665,True,0,mapped,True,0.0
T049,L,2664,T009,227,-20.11947726725023,-0.3601376828821061,0.3269054563108496,True,0,mapped,True,0.0
T049,L,2665,T009,228,-18.672110146025812,-0.7441561640436098,1.14967391091519,True,0,mapped,True,0.0
T049,L,2666,T009,229,-17.046606942902503,-0.7821974910251741,1.644496132683814,True,0,mapped,True,0.0
T049,L,2667,T009,230,-15.445476636589031,-0.6389831988782831,1.7110789402136024,True,0,mapped,True,0.0
T049,L,2668,T009,231,-13.736807591188567,-0.2646854885438429,1.4586292338603994,True,0,mapped,True,0.0
T049,L,2669,T009,232,-12.29219742248286,0.0060966920343482,1.298465153133462,True,0,mapped,True,0.0
T049,L,2670,T009,233,-10.837885515533593,0.3253482808554002,1.0622287764712193,True,0,mapped,True,0.0
T049,L,2670,T011,13,-10.837885515533594,0.3253482808553997,1.0622287764712115,True,0,mapped,False,7.987628383798307e-15
T049,L,2671,T009,235,-24.98015043995639,2.37144535708479,-4.267172282970138,True,0,mapped,True,0.0
T049,L,2672,T009,236,-24.44267158061368,1.861844053948788,-3.675541664804258,True,0,mapped,True,0.0
T049,L,2673,T009,237,-23.58277059313517,1.1942619858204246,-3.1492006203093634,True,0,mapped,True,0.0
T049,L,2674,T009,238,-22.5556660521004,0.6953178604554137,-2.469698762691793,True,0,mapped,True,0.0
T049,L,2675,T009,239,-21.598382720417625,0.0133655683535797,-1.941827792281172,True,0,mapped,True,0.0
T049,L,2676,T009,240,-20.68902590584154,-0.5489941520818515,-1.2165158640158646,True,0,mapped,True,0.0
T049,L,2677,T009,241,-19.396088724896806,-1.091401504018898,-0.5911421527366066,True,0,mapped,True,0.0
T049,L,2678,T009,242,-17.852516909922553,-1.204940177102055,0.2263736487930878,True,0,mapped,True,0.0
T049,L,2679,T009,243,-16.08148210687106,-1.0591904280546367,0.3131199923548615,True,0,mapped,True,0.0
T049,L,2680,T009,244,-14.493483379889575,-0.6108460087154541,0.2532760044652684,True,0,mapped,True,0.0
T049,L,2681,T009,245,-13.1548666443245,-0.2096048559184952,0.1115152661528309,True,0,mapped,True,0.0
T049,L,2682,T009,246,-11.683249721475272,0.2265826245564911,0.0010955151121215,True,0,mapped,True,0.0
T049,L,2682,T011,12,-11.683249721475274,0.2265826245564924,0.0010955151121121,True,0,mapped,False,9.651226245060202e-15
T049,L,2683,T009,248,-24.84228640927217,1.927158481905482,-4.955738318392335,True,0,mapped,True,0.0
T049,L,2684,T009,249,-24.165479688901,1.284436914994439,-4.228941768317712,True,0,mapped,True,0.0
T049,L,2685,T009,250,-23.23433238559315,0.6108933645068052,-3.6631878545245193,True,0,mapped,True,0.0
T049,L,2686,T009,251,-22.15320808799266,0.0339626775296692,-3.118748321433712,True,0,mapped,True,0.0
T049,L,2687,T009,252,-21.15867070954759,-0.5510315693149278,-2.669337344376507,True,0,mapped,True,0.0
T049,L,2688,T009,253,-20.102103553156404,-1.0987252585652492,-2.154938215404325,True,0,mapped,True,0.0
T049,L,2689,T009,254,-18.644595408183857,-1.4827400636298678,-1.4168763002997449,True,0,mapped,True,0.0
T049,L,2690,T009,255,-16.84470103408589,-1.3666046657690878,-1.137238198658977,True,0,mapped,True,0.0
T049,L,2691,T009,256,-15.372611837786414,-0.9123381210255,-0.9135543766128555,True,0,mapped,True,0.0
T049,L,2692,T009,257,-13.978887023297276,-0.3456173066403156,-0.9346431648328248,True,0,mapped,True,0.0
T049,L,2693,T009,258,-12.55480628986703,0.2393118563904473,-1.0502850350412405,True,0,mapped,True,0.0
T049,L,2693,T011,11,-12.554806289867033,0.2393118563904466,-1.0502850350412434,True,0,mapped,False,4.62985963945236e-15
T049,L,2694,T009,260,-24.68047684683745,1.637505983088173,-5.775598639214344,True,0,mapped,True,0.0
T049,L,2695,T009,261,-23.882223594506733,0.8371473954206217,-5.020372240069898,True,0,mapped,True,0.0
T049,L,2696,T009,262,-22.738800638280495,0.2542687155859593,-4.598548796119528,True,0,mapped,True,0.0
T049,L,2697,T009,263,-21.61992962548373,-0.47549165258683,-3.992857795541957,True,0,mapped,True,0.0
T049,L,2698,T009,264,-20.673345209155865,-1.004195463284687,-3.596624989261389,True,0,mapped,True,0.0
T049,L,2699,T009,265,-19.36003582927823,-1.387816066977703,-3.105973931814244,True,0,mapped,True,0.0
T049,L,2700,T009,266,-17.77979762703997,-1.446397963369146,-2.5764395231383737,True,0,mapped,True,0.0
T049,L,2701,T009,267,-16.282309603238243,-0.9817987790197378,-2.209897121458719,True,0,mapped,True,0.0
T049,L,2702,T009,268,-14.889625148480182,-0.3787085936594884,-2.034510960981572,True,0,mapped,True,0.0
T049,L,2703,T009,269,-13.475812009304772,0.3008043092929525,-1.9993912038725072,True,0,mapped,True,0.0
T049,L,2703,T011,10,-13.475812009304772,0.3008043092929571,-1.999391203872517,True,0,mapped,False,1.0801876677261053e-14
T049,L,2704,T009,271,-24.14826725184093,1.1816268422835023,-6.422389155820122,True,0,mapped,True,0.0
T049,L,2705,T009,272,-23.173434496523925,0.593487161962903,-5.9301976718746285,True,0,mapped,True,0.0
T049,L,2706,T009,273,-22.098569874286827,-0.0033293635657091,-5.425105428960913,True,0,mapped,True,0.0
T049,L,2707,T009,274,-21.123631235374585,-0.5229314620721222,-4.930477053939491,True,0,mapped,True,0.0
T049,L,2708,T009,275,-19.891599666504234,-0.8982367358349148,-4.403640505156512,True,0,mapped,True,0.0
T049,L,2709,T009,276,-18.60872152552481,-1.1005709732225353,-3.835712803904883,True,0,mapped,True,0.0
T049,L,2710,T009,277,-17.202249624094556,-0.8819625935242924,-3.4116997454609344,True,0,mapped,True,0.0
T049,L,2711,T009,278,-15.787765419577727,-0.3290276631258444,-3.127000160392414,True,0,mapped,True,0.0
T049,L,2712,T009,279,-14.423617932517557,0.3365342715021823,-2.912505261836296,True,0,mapped,True,0.0
T049,L,2712,T011,9,-14.423617932517558,0.3365342715021813,-2.912505261836298,True,0,mapped,False,2.7035697373913694e-15
T049,L,2713,T009,281,-23.41595465167705,1.1534554442250484,-7.225068730563017,True,0,mapped,True,0.0
T049,L,2714,T009,282,-22.390521512049023,0.4870443493668369,-6.682487940153865,True,0,mapped,True,0.0
T049,L,2715,T009,283,-21.455694210392235,-0.0273689033666025,-6.122335417442731,True,0,mapped,True,0.0
T049,L,2716,T009,284,-20.410061809553756,-0.4247800461818973,-5.62414523575446,True,0,mapped,True,0.0
T049,L,2717,T009,285,-19.27608151730068,-0.6844105678859403,-5.050335108838483,True,0,mapped,True,0.0
T049,L,2718,T009,286,-18.03961142099535,-0.6545481324258051,-4.625079024358224,True,0,mapped,True,0.0
T049,L,2719,T009,287,-16.667460307856096,-0.278242628309427,-4.26251620418701,True,0,mapped,True,0.0
T049,L,2720,T009,288,-15.34751441799354,0.3245692147485698,-3.9175715812028735,True,0,mapped,True,0.0
T049,L,2720,T011,8,-15.347514417993546,0.3245692147485725,-3.917571581202884,True,0,mapped,False,1.2210434516706244e-14
T049,L,2721,T009,290,-22.76722780100493,1.0422844420517343,-7.835875397646634,True,0,mapped,True,0.0
T049,L,2722,T009,291,-21.778946002451956,0.4168559807948378,-7.360071169790518,True,0,mapped,True,0.0
T049,L,2723,T009,292,-20.784370949302897,-0.0861709508393718,-6.807551645998075,True,0,mapped,True,0.0
T049,L,2724,T009,293,-19.78478607732783,-0.4103370157187345,-6.280520773265312,True,0,mapped,True,0.0
T049,L,2725,T009,294,-18.697390738878035,-0.5233325026802571,-5.758431558197659,True,0,mapped,True,0.0
T049,L,2726,T009,295,-17.474526338446463,-0.3418973576289732,-5.337672831635199,True,0,mapped,True,0.0
T049,L,2727,T009,296,-16.239916034609923,0.1527014321224695,-4.959495044660247,True,0,mapped,True,0.0
T049,L,2727,T011,7,-16.23991603460993,0.1527014321224686,-4.959495044660255,True,0,mapped,False,1.073423338393673e-14
T049,L,2728,T009,298,-22.28045417710838,0.9382856155961444,-8.472625906467153,True,0,mapped,True,0.0
T049,L,2729,T009,299,-21.27169222398255,0.2958763055876007,-7.978080798911529,True,0,mapped,True,0.0
T049,L,2730,T009,300,-20.139127124386,-0.238220881438344,-7.471139345842741,True,0,mapped,True,0.0
T049,L,2731,T009,301,-19.17255007158652,-0.4525545703646262,-6.948846238984875,True,0,mapped,True,0.0
T049,L,2732,T009,302,-18.18952701979141,-0.4431360069374027,-6.49521938633235,True,0,mapped,True,0.0
T049,L,2733,T009,303,-17.131285408814495,-0.1142432776779248,-6.002921928306629,True,0,mapped,True,0.0
T049,L,2733,T011,6,-17.1312854088145,-0.1142432776779258,-6.002921928306634,True,0,mapped,False,6.482219462087268e-15
T049,L,2734,T009,305,-21.90251400570105,0.7757395807906622,-9.086375385824349,True,0,mapped,True,0.0
T049,L,2735,T009,306,-20.759188400595573,0.1794994077789272,-8.634995204084793,True,0,mapped,True,0.0
T049,L,2736,T009,307,-19.64577354443441,-0.2838753166194587,-8.167742526644172,True,0,mapped,True,0.0
T049,L,2737,T009,308,-18.700303012874013,-0.7180124170767737,-7.564560788565538,True,0,mapped,True,0.0
T049,L,2738,T009,309,-17.642295763160988,-0.7172748267221891,-7.118161233128008,True,0,mapped,True,0.0
T049,L,2738,T011,5,-17.64229576316099,-0.7172748267221924,-7.118161233128015,True,0,mapped,False,8.614071563282455e-15
T049,L,2739,T009,311,-21.494305585315427,0.356163112495461,-9.76974606559568,True,0,mapped,True,0.0
T049,L,2740,T009,312,-20.348134416721276,-0.1540685594548578,-9.362378840672775,True,0,mapped,True,0.0
T049,L,2741,T009,313,-19.074413261612115,-0.5823996882541997,-8.877931788283501,True,0,mapped,True,0.0
T049,L,2742,T009,314,-17.977654851553336,-1.1047366857528669,-8.34051816734278,True,0,mapped,True,0.0
T049,L,2742,T011,4,-17.97765485155334,-1.1047366857528689,-8.340518167342797,True,0,mapped,False,1.6498676192586646e-14
T049,L,2743,T009,316,-21.074953511954813,-0.0310043608828602,-10.496192544786204,True,0,mapped,True,0.0
T049,L,2744,T009,317,-19.89768637433663,-0.5368950220631715,-10.1067588857091,True,0,mapped,True,0.0
T049,L,2745,T009,318,-18.548137183784085,-1.1047366857528689,-9.621257667377527,True,0,mapped,True,0.0
T049,L,2745,T011,3,-18.54813718378409,-1.1047366857528689,-9.621257667377536,True,0,mapped,False,9.565974336450906e-15
T049,L,2746,T009,320,-20.67364985129881,-0.4592001392491556,-11.252272391329011,True,0,mapped,True,0.0
T049,L,2747,T009,321,-19.42769561378406,-1.1047366857528689,-10.701318182577804,True,0,mapped,True,0.0
T049,L,2747,T011,2,-19.237308435369474,-1.1179556577057692,-10.335408920634205,True,2,smooth_near_vertex,False,0.41268826843062617
T049,L,2748,T009,323,-20.3905782130062,-1.104736685752867,-11.721673710669831,True,0,mapped,True,0.0
T049,L,2748,T011,1,-20.06992845495197,-1.1172829319113005,-11.175166746813144,True,2,smooth_near_vertex,False,0.6337535303071372
T049,L,2749,T010,26,-24.754330239722503,11.542057460428143,-0.2059988036909108,True,0,mapped,True,0.0
T049,L,2750,T010,27,-23.912841303274263,11.221808301682843,-0.4209601499374023,True,0,mapped,True,0.0
T049,L,2751,T010,28,-23.062709404374203,11.103428984674126,-0.6405368783659402,True,0,mapped,True,0.0
T049,L,2752,T010,29,-22.24755918971142,11.07748555499398,-0.926393795833908,True,0,mapped,True,0.0
T049,L,2753,T010,30,-21.292817585845345,10.963206531034787,-1.2286937504119386,True,0,mapped,True,0.0
T049,L,2754,T010,31,-20.349927472987968,10.910841986774676,-1.37077129362942,True,0,mapped,True,0.0
T049,L,2755,T010,32,-19.473207687130618,10.988245318523989,-1.102632023921402,True,0,mapped,True,0.0
T049,L,2756,T010,33,-18.766470398915125,11.21991513624546,-0.6179012096702385,True,0,mapped,True,0.0
T049,L,2757,T010,34,-18.007969213369577,11.498175715532872,-0.161794439460975,True,0,mapped,True,0.0
T049,L,2758,T010,35,-17.243075188835583,11.808693418627586,0.2939751185326955,True,0,mapped,True,0.0
T049,L,2759,T010,36,-16.495850918833664,11.98586094876742,0.7928556469838892,True,0,mapped,True,0.0
T049,L,2760,T010,37,-15.69517218703612,12.016813868512164,1.2158084952018229,True,0,mapped,True,0.0
T049,L,2761,T010,38,-14.76549539074351,12.006662341982294,1.567124746035964,True,0,mapped,True,0.0
T049,L,2762,T010,39,-13.845212371448657,12.01325187910217,1.86783167869736,True,0,mapped,True,0.0
T049,L,2763,T010,40,-12.947411942515208,12.076452744981474,2.230474317584304,True,0,mapped,True,0.0
T049,L,2764,T010,41,-12.139345128910351,12.08139906200964,2.6681221191554987,True,0,mapped,True,0.0
T049,L,2765,T010,42,-11.3969647835361,12.097876344009968,3.2582388606718014,True,0,mapped,True,0.0
T049,L,2766,T010,43,-10.552376933975092,12.180863696205588,3.6735398598926303,True,0,mapped,True,0.0
T049,L,2767,T010,44,-9.65784697286064,12.191775721227518,3.9525887222672846,True,0,mapped,True,0.0
T049,L,2768,T010,45,-8.733150957947572,12.170994928091044,4.114616292411896,True,0,mapped,True,0.0
T049,L,2769,T010,46,-7.796181442903646,12.06561288030708,3.960462999224865,True,0,mapped,True,0.0
T049,L,2770,T010,47,-7.185351261861253,11.937920785904046,3.9270629710380023,True,2,smooth_near_vertex,True,0.0
T049,L,2771,T010,48,-6.692400224856046,11.86131326911326,3.902602059171802,True,2,smooth_near_vertex,False,0.6397497956733824
T049,L,2771,T013,48,-6.075334442165931,11.696656002571428,3.939986621121124,True,0,mapped,True,0.0
T049,L,2772,T010,50,-24.16499238748472,11.488692388955387,-0.3485785270053653,True,0,mapped,True,0.0
T049,L,2773,T010,51,-23.292014159924086,11.289215218707849,-0.5688651390658818,True,0,mapped,True,0.0
T049,L,2774,T010,52,-22.415673316064336,11.20593554062459,-0.8695178985474444,True,0,mapped,True,0.0
T049,L,2775,T010,53,-21.604788509325683,11.015121808256412,-1.130958200662464,True,0,mapped,True,0.0
T049,L,2776,T010,54,-20.68165252575884,10.94894401215495,-1.383605460652948,True,0,mapped,True,0.0
T049,L,2777,T010,55,-19.7745653321408,10.935203530489904,-1.214438704241792,True,0,mapped,True,0.0
T049,L,2778,T010,56,-18.98315521911448,11.146780010360365,-0.7891178876494847,True,0,mapped,True,0.0
T049,L,2779,T010,57,-18.24375608824217,11.415001780835532,-0.3250167806408002,True,0,mapped,True,0.0
T049,L,2780,T010,58,-17.509010367536412,11.698098655800406,0.1415598445196509,True,0,mapped,True,0.0
T049,L,2781,T010,59,-16.708870095748807,12.004925596920634,0.5609000851667283,True,0,mapped,True,0.0
T049,L,2782,T010,60,-15.89512231953016,12.049476420485302,1.0904628727393515,True,0,mapped,True,0.0
T049,L,2783,T010,61,-15.135779740419286,12.115396562135942,1.3665081856379508,True,0,mapped,True,0.0
T049,L,2784,T010,62,-14.20519375049341,12.17314132755555,1.6861689541226323,True,0,mapped,True,0.0
T049,L,2785,T010,63,-13.254135434583544,12.143794036953215,2.078327904615205,True,0,mapped,True,0.0
T049,L,2786,T010,64,-12.423576983241023,12.186339397450755,2.471962114948361,True,0,mapped,True,0.0
T049,L,2787,T010,65,-11.641609841062412,12.270718775730884,3.0479887235919687,True,0,mapped,True,0.0
T049,L,2788,T010,66,-10.897410485718735,12.314556824210776,3.478952997407559,True,0,mapped,True,0.0
T049,L,2789,T010,67,-9.972097701180196,12.278606104750171,3.725018654867177,True,0,mapped,True,0.0
T049,L,2790,T010,68,-9.07736135017874,12.248876939512002,4.006998302286901,True,0,mapped,True,0.0
T049,L,2791,T010,69,-8.118861896137698,12.19156592224046,3.9156836313079513,True,0,mapped,True,0.0
T049,L,2792,T010,70,-7.260405152289953,11.993266466189793,3.8879228925101614,True,0,mapped,True,0.0
T049,L,2793,T010,71,-7.127027247458858,11.96462803056359,3.8888890594827727,True,2,smooth_near_vertex,False,0.7262806166805327
T049,L,2793,T013,71,-6.459556033716752,11.695263862609869,3.985887296652807,True,0,mapped,True,0.0
T049,L,2794,T010,73,-23.51195679755564,11.538732030820498,-0.4974895291585962,True,0,mapped,True,0.0
T049,L,2795,T010,74,-22.656546508174948,11.372225256703498,-0.7656079923381947,True,0,mapped,True,0.0
T049,L,2796,T010,75,-21.86707006432586,11.178699023674618,-1.0730489768924991,True,0,mapped,True,0.0
T049,L,2797,T010,76,-21.013067271716903,11.027183772021496,-1.3589547634124792,True,0,mapped,True,0.0
T049,L,2798,T010,77,-20.071565399231112,10.932823403348491,-1.331378401100506,True,0,mapped,True,0.0
T049,L,2799,T010,78,-19.256030488480167,11.073362156989534,-1.043185095472449,True,0,mapped,True,0.0
T049,L,2800,T010,79,-18.51903611110972,11.3124286794168,-0.4773035932109519,True,0,mapped,True,0.0
T049,L,2801,T010,80,-17.701259274836335,11.648138939575912,-0.067000036165324,True,0,mapped,True,0.0
T049,L,2802,T010,81,-17.03376930863036,11.911320070571476,0.3061773358419255,True,0,mapped,True,0.0
T049,L,2803,T010,82,-16.23999177109599,12.088667751021882,0.8399852922627009,True,0,mapped,True,0.0
T049,L,2804,T010,83,-15.410991260303213,12.152732770182125,1.2340094213430683,True,0,mapped,True,0.0
T049,L,2805,T010,84,-14.54613521717962,12.211033410347191,1.5337621198200873,True,0,mapped,True,0.0
T049,L,2806,T010,85,-13.571062496886388,12.22627077069571,1.9088681201495536,True,0,mapped,True,0.0
T049,L,2807,T010,86,-12.74440868704156,12.311010166148856,2.290023581746652,True,0,mapped,True,0.0
T049,L,2808,T010,87,-11.893882471205142,12.354470870799773,2.8680585537507475,True,0,mapped,True,0.0
T049,L,2809,T010,88,-11.227452312661503,12.44365601826551,3.2495757295708017,True,0,mapped,True,0.0
T049,L,2810,T010,89,-10.31829529009001,12.359245763553195,3.563799909313074,True,0,mapped,True,0.0
T049,L,2811,T010,90,-9.40943111509744,12.33008840864716,3.8189502144120673,True,0,mapped,True,0.0
T049,L,2812,T010,91,-8.462297363386572,12.280460337335525,3.872742984848472,True,0,mapped,True,0.0
T049,L,2813,T010,92,-7.556907335392518,12.138403568960738,3.8029004524874175,True,0,mapped,True,0.0
T049,L,2814,T010,93,-7.3699523508281795,12.066011601047263,3.837968315211124,True,3,smooth_internal,False,0.6572967413602743
T049,L,2814,T013,93,-6.79022920139935,11.790117983634108,3.9788327468105793,True,0,mapped,True,0.0
T049,L,2815,T010,95,-22.859393866137854,11.653794690295014,-0.677416106651059,True,0,mapped,True,0.0
T049,L,2816,T010,96,-22.16454531362884,11.406874927291542,-0.9998618705256868,True,0,mapped,True,0.0
T049,L,2817,T010,97,-21.29372391175424,11.101368190329731,-1.2877125967487215,True,0,mapped,True,0.0
T049,L,2818,T010,98,-20.39701971855935,10.957576931473705,-1.4129908074343271,True,0,mapped,True,0.0
T049,L,2819,T010,99,-19.49235926947321,11.022812293817053,-1.19659877304127,True,0,mapped,True,0.0
T049,L,2820,T010,100,-18.76199329568467,11.250429487847772,-0.7133754304556272,True,0,mapped,True,0.0
T049,L,2821,T010,101,-18.012138760780598,11.53007158291392,-0.298353968625944,True,0,mapped,True,0.0
T049,L,2822,T010,102,-17.233826746277078,11.839189080856244,0.1732816585211412,True,0,mapped,True,0.0
T049,L,2823,T010,103,-16.52235787246135,12.11447183335376,0.5652156297618699,True,0,mapped,True,0.0
T049,L,2824,T010,104,-15.715797560506916,12.246405761232673,1.0019894176697195,True,0,mapped,True,0.0
T049,L,2825,T010,105,-14.83181821705148,12.23393071198086,1.3955434954109875,True,0,mapped,True,0.0
T049,L,2826,T010,106,-13.949828952906344,12.359002339123125,1.6960344773672904,True,0,mapped,True,0.0
T049,L,2827,T010,107,-13.033637622758324,12.422081578931566,2.111551703890234,True,0,mapped,True,0.0
T049,L,2828,T010,108,-12.322111406971043,12.487858269364406,2.5380919266663806,True,0,mapped,True,0.0
T049,L,2829,T010,109,-11.48016235521834,12.492853001405395,3.093413335392305,True,0,mapped,True,0.0
T049,L,2830,T010,110,-10.684281135749607,12.49414438733458,3.376765126106897,True,0,mapped,True,0.0
T049,L,2831,T010,111,-9.73379009287066,12.41604453209375,3.603346942196201,True,0,mapped,True,0.0
T049,L,2832,T010,112,-8.811134884161888,12.366869132699902,3.780928021191096,True,0,mapped,True,0.0
T049,L,2833,T010,113,-7.86680622026547,12.276658794715614,3.717352072550805,True,0,mapped,True,0.0
T049,L,2834,T010,114,-7.535469668171389,12.167748338474937,3.7721608563641382,True,3,smooth_internal,False,0.49209459320752547
T049,L,2834,T013,114,-7.122684140071163,11.94408434512188,3.919604454164996,True,0,mapped,True,0.0
T049,L,2835,T010,116,-22.3789431410594,11.654788580471896,-0.9254368815719884,True,0,mapped,True,0.0
T049,L,2836,T010,117,-21.587469335019648,11.249919355321188,-1.2016800007278328,True,0,mapped,True,0.0
T049,L,2837,T010,118,-20.72410878850185,11.070553379831214,-1.4415714469933507,True,0,mapped,True,0.0
T049,L,2838,T010,119,-19.813049358214425,10.967020717004509,-1.278427237951659,True,0,mapped,True,0.0
T049,L,2839,T010,120,-18.998231019122223,11.178518509709278,-0.9252336228182196,True,0,mapped,True,0.0
T049,L,2840,T010,121,-18.226465710443616,11.4558095215816,-0.4389062322302557,True,0,mapped,True,0.0
T049,L,2841,T010,122,-17.526981820212075,11.72751492012496,-0.0323928104239193,True,0,mapped,True,0.0
T049,L,2842,T010,123,-16.77295157060159,12.055350602037588,0.3381120868129235,True,0,mapped,True,0.0
T049,L,2843,T010,124,-15.996418216226663,12.19312448334298,0.8904617090174862,True,0,mapped,True,0.0
T049,L,2844,T010,125,-15.180831627076202,12.30769271306998,1.2101509361004563,True,0,mapped,True,0.0
T049,L,2845,T010,126,-14.289038879595251,12.451575089715956,1.527223922707255,True,0,mapped,True,0.0
T049,L,2846,T010,127,-13.272709014943606,12.518426631135648,1.9302676885406165,True,0,mapped,True,0.0
T049,L,2847,T010,128,-12.509175927095292,12.492712612836094,2.4114590445838924,True,0,mapped,True,0.0
T049,L,2848,T010,129,-11.771156887432282,12.675581946018568,2.868253033254492,True,0,mapped,True,0.0
T049,L,2849,T010,130,-10.939812662253974,12.625228855322064,3.1476360450995333,True,0,mapped,True,0.0
T049,L,2850,T010,131,-10.06303688872223,12.518236744307243,3.4138310710936333,True,0,mapped,True,0.0
T049,L,2851,T010,132,-9.148036481976328,12.453126734558882,3.6261068923736417,True,0,mapped,True,0.0
T049,L,2852,T010,133,-8.202804746897646,12.381487813401067,3.640423776380772,True,0,mapped,True,0.0
T049,L,2853,T010,134,-7.348212766199389,12.18991938917613,3.730422585207208,True,0,mapped,True,0.0
T049,L,2853,T013,134,-7.348212766199389,12.18991938917613,3.730422585207208,True,0,mapped,False,0.0
T049,L,2854,T010,136,-21.8979579401847,11.472566079383904,-1.1336610018889366,True,0,mapped,True,0.0
T049,L,2855,T010,137,-21.041086765869085,11.142025304161017,-1.410608221494762,True,0,mapped,True,0.0
T049,L,2856,T010,138,-20.113707109464883,10.9899370550558,-1.4079556017916937,True,0,mapped,True,0.0
T049,L,2857,T010,139,-19.27996994863398,11.093377524200587,-1.1458406774485874,True,0,mapped,True,0.0
T049,L,2858,T010,140,-18.53265402863763,11.360421105460867,-0.6492406253801515,True,0,mapped,True,0.0
T049,L,2859,T010,141,-17.73389770075208,11.665700046191857,-0.2311997538202783,True,0,mapped,True,0.0
T049,L,2860,T010,142,-16.976304038284965,11.985048559139248,0.1747180132203848,True,0,mapped,True,0.0
T049,L,2861,T010,143,-16.30660762247814,12.236684851667398,0.6052180255313995,True,0,mapped,True,0.0
T049,L,2862,T010,144,-15.465384282234275,12.348733356355837,1.0536806338353064,True,0,mapped,True,0.0
T049,L,2863,T010,145,-14.585569362898807,12.464202971265983,1.37603732418279,True,0,mapped,True,0.0
T049,L,2864,T010,146,-13.699653823564743,12.605491059536645,1.715178562103571,True,0,mapped,True,0.0
T049,L,2865,T010,147,-12.77042883746282,12.696694416770132,2.2160477808544083,True,0,mapped,True,0.0
T049,L,2866,T010,148,-12.127324616002522,12.737408368498432,2.665122962133414,True,0,mapped,True,0.0
T049,L,2867,T010,149,-11.25356443839135,12.75420216505991,2.934991635012074,True,0,mapped,True,0.0
T049,L,2868,T010,150,-10.376499919751833,12.63964381151215,3.2152488484640145,True,0,mapped,True,0.0
T049,L,2869,T010,151,-9.477920905998118,12.541610340851522,3.439350423467906,True,0,mapped,True,0.0
T049,L,2870,T010,152,-8.544706650639915,12.481145278700042,3.5266113533493817,True,0,mapped,True,0.0
T049,L,2871,T010,153,-7.588219554924354,12.393922045252248,3.5093806815662774,True,0,mapped,True,0.0
T049,L,2871,T013,153,-7.588219554924353,12.393922045252248,3.509380681566277,True,0,mapped,False,9.930136612989092e-16
T049,L,2872,T010,155,-21.328425850680027,11.242879787738977,-1.330692170899722,True,0,mapped,True,0.0
T049,L,2873,T010,156,-20.442866034600343,11.016780672284996,-1.451545242499103,True,0,mapped,True,0.0
T049,L,2874,T010,157,-19.521762056454683,11.05671140904042,-1.2904927270923487,True,0,mapped,True,0.0
T049,L,2875,T010,158,-18.750427235755534,11.27992401354279,-0.8004716053497151,True,0,mapped,True,0.0
T049,L,2876,T010,159,-17.996297682569637,11.554131975180486,-0.3709564362781637,True,0,mapped,True,0.0
T049,L,2877,T010,160,-17.260522319532416,11.86521883411944,0.0156662508269013,True,0,mapped,True,0.0
T049,L,2878,T010,161,-16.489663412863077,12.275149355298158,0.3049883265036389,True,0,mapped,True,0.0
T049,L,2879,T010,162,-15.70820940504976,12.469800799761638,0.8155619165990944,True,0,mapped,True,0.0
T049,L,2880,T010,163,-14.896701522692608,12.507883124193562,1.2078354503797537,True,0,mapped,True,0.0
T049,L,2881,T010,164,-14.03001647973263,12.71279898828896,1.5411068156322767,True,0,mapped,True,0.0
T049,L,2882,T010,165,-13.12681193019283,12.792274825357302,1.948746699987962,True,0,mapped,True,0.0
T049,L,2883,T010,166,-12.435356515595538,12.822541198715912,2.4389685550995184,True,0,mapped,True,0.0
T049,L,2884,T010,167,-11.499597548589405,12.934858975536876,2.7317396201747988,True,0,mapped,True,0.0
T049,L,2885,T010,168,-10.655395684260377,12.77480907563249,2.995536155219148,True,0,mapped,True,0.0
T049,L,2886,T010,169,-9.798092494583464,12.641395119532609,3.2442678763327057,True,0,mapped,True,0.0
T049,L,2887,T010,170,-8.880563926761106,12.575719268273089,3.3892109692183547,True,0,mapped,True,0.0
T049,L,2888,T010,171,-7.960888384017255,12.46892878037513,3.435710652281072,True,0,mapped,True,0.0
T049,L,2888,T013,171,-7.9608883840172515,12.468928780375132,3.4357106522810703,True,0,mapped,False,4.351167857633658e-15
T049,L,2889,T010,173,-20.774943070430275,11.134351632140577,-1.469077215732468,True,0,mapped,True,0.0
T049,L,2890,T010,174,-19.837721041023,11.001383941154272,-1.3442643191357604,True,0,mapped,True,0.0
T049,L,2891,T010,175,-19.0122721442492,11.214139407858116,-1.0948477511325865,True,0,mapped,True,0.0
T049,L,2892,T010,176,-18.250604325161767,11.482248738238262,-0.5855082997001333,True,0,mapped,True,0.0
T049,L,2893,T010,177,-17.50926649674487,11.77380771533028,-0.2133028606855198,True,0,mapped,True,0.0
T049,L,2894,T010,178,-16.792251900315986,12.098430384825503,0.1739634448188519,True,0,mapped,True,0.0
T049,L,2895,T010,179,-16.017316304616745,12.507465565273774,0.5139792636806303,True,0,mapped,True,0.0
T049,L,2896,T010,180,-15.214342646733115,12.576633259276765,1.03682453143672,True,0,mapped,True,0.0
T049,L,2897,T010,181,-14.32979451155563,12.71777308256795,1.3923492621032685,True,0,mapped,True,0.0
T049,L,2898,T010,182,-13.38715166474423,12.910976654060118,1.7787021151756708,True,0,mapped,True,0.0
T049,L,2899,T010,183,-12.655006828923582,12.9302523175968,2.2733680465309583,True,0,mapped,True,0.0
T049,L,2900,T010,184,-11.878672333086596,13.097820142233584,2.585847587822348,True,0,mapped,True,0.0
T049,L,2901,T010,185,-10.904842906557658,12.939310209223011,2.756753191324723,True,0,mapped,True,0.0
T049,L,2902,T010,186,-10.095304825856784,12.76385469978465,3.0370665945290902,True,0,mapped,True,0.0
T049,L,2903,T010,187,-9.21873187081258,12.654400482300238,3.239947075515989,True,0,mapped,True,0.0
T049,L,2904,T010,188,-8.286627154578749,12.585266744193842,3.2714531447654585,True,0,mapped,True,0.0
T049,L,2904,T013,188,-8.286627154578747,12.585266744193843,3.2714531447654585,True,0,mapped,False,2.5121479338940403e-15
T049,L,2905,T010,190,-20.1575595911169,11.040678047055383,-1.4690773805743886,True,0,mapped,True,0.0
T049,L,2906,T010,191,-19.29791665558845,11.110416525768263,-1.2184686946380876,True,0,mapped,True,0.0
T049,L,2907,T010,192,-18.53600779148149,11.38525405605784,-0.7537657510389577,True,0,mapped,True,0.0
T049,L,2908,T010,193,-17.73277619481118,11.689584522420573,-0.3849666310941196,True,0,mapped,True,0.0
T049,L,2909,T010,194,-17.031708559011747,12.003762392430817,-0.0111819596472694,True,0,mapped,True,0.0
T049,L,2910,T010,195,-16.304384779742374,12.386703314775644,0.3721357126526656,True,0,mapped,True,0.0
T049,L,2911,T010,196,-15.497709890623224,12.699346529577134,0.7430609402100947,True,0,mapped,True,0.0
T049,L,2912,T010,197,-14.625649479947914,12.708597652950951,1.243208736782512,True,0,mapped,True,0.0
T049,L,2913,T010,198,-13.778618140825271,12.946907833837146,1.5800813752991074,True,0,mapped,True,0.0
T049,L,2914,T010,199,-12.884269681659823,13.036385098394495,2.0914361523661764,True,0,mapped,True,0.0
T049,L,2915,T010,200,-12.242497714000956,13.176122811141742,2.4619073238597755,True,0,mapped,True,0.0
T049,L,2916,T010,201,-11.30669268145759,13.079688609250168,2.58577974225818,True,0,mapped,True,0.0
T049,L,2917,T010,202,-10.353303576342846,12.909559014172617,2.800349599090681,True,0,mapped,True,0.0
T049,L,2918,T010,203,-9.5480809489207,12.742429886748535,3.0713518516505856,True,0,mapped,True,0.0
T049,L,2919,T010,204,-8.587371471493356,12.700974363432865,3.0693615660004587,True,0,mapped,True,0.0
T049,L,2919,T013,204,-8.587371471493356,12.700974363432865,3.0693615660004587,True,0,mapped,False,0.0
T049,L,2920,T010,206,-19.570614032707983,11.072944991552497,-1.3521433211089824,True,0,mapped,True,0.0
T049,L,2921,T010,207,-18.757203493545557,11.310132823784896,-0.955925434251504,True,0,mapped,True,0.0
T049,L,2922,T010,208,-17.991565499623665,11.581048350305384,-0.4822954813200562,True,0,mapped,True,0.0
T049,L,2923,T010,209,-17.265617083171463,11.899396250186726,-0.1685073804336396,True,0,mapped,True,0.0
T049,L,2924,T010,210,-16.530581573359726,12.27957029100865,0.2175287413113014,True,0,mapped,True,0.0
T049,L,2925,T010,211,-15.73115027987116,12.669876615620495,0.5704738382246325,True,0,mapped,True,0.0
T049,L,2926,T010,212,-14.927932225499838,12.838006714243932,0.9900292598665535,True,0,mapped,True,0.0
T049,L,2927,T010,213,-14.114318218813048,12.980486490703909,1.3921823060558622,True,0,mapped,True,0.0
T049,L,2928,T010,214,-13.24623572356806,13.158890533890544,1.812284963741372,True,0,mapped,True,0.0
T049,L,2929,T010,215,-12.576874693968085,13.239445388726558,2.283120020753393,True,0,mapped,True,0.0
T049,L,2930,T010,216,-11.589968187977668,13.232615603212968,2.459593031714973,True,0,mapped,True,0.0
T049,L,2931,T010,217,-10.578751498348892,13.083468624920712,2.5264391993530166,True,0,mapped,True,0.0
T049,L,2932,T010,218,-9.840155203165285,12.859805766920877,2.862379993351273,True,0,mapped,True,0.0
T049,L,2933,T010,219,-8.94040717554455,12.766027264465464,2.973454877705349,True,0,mapped,True,0.0
T049,L,2933,T013,219,-8.940407175544546,12.766027264465468,2.973454877705347,True,0,mapped,False,5.4930801582266845e-15
T049,L,2934,T010,221,-19.03266049222345,11.235587685753202,-1.1988774877750057,True,0,mapped,True,0.0
T049,L,2935,T010,222,-18.290630121444718,11.490573989888452,-0.7045614110982441,True,0,mapped,True,0.0
T049,L,2936,T010,223,-17.4797837768117,11.812446068819106,-0.3711417738085464,True,0,mapped,True,0.0
T049,L,2937,T010,224,-16.77747609109108,12.162250469436522,0.0143575455182833,True,0,mapped,True,0.0
T049,L,2938,T010,225,-16.07817655556756,12.568823524414167,0.342410646602196,True,0,mapped,True,0.0
T049,L,2939,T010,226,-15.156546830410294,12.870252172421734,0.813730116030662,True,0,mapped,True,0.0
T049,L,2940,T010,227,-14.429699578946336,12.937443143988853,1.2276978941412051,True,0,mapped,True,0.0
T049,L,2941,T010,228,-13.604852067593049,13.215559873493095,1.5784885017625248,True,0,mapped,True,0.0
T049,L,2942,T010,229,-12.827693041134362,13.329957318906375,2.0955708471794225,True,0,mapped,True,0.0
T049,L,2943,T010,230,-11.984297411646356,13.42401966321288,2.338221263707008,True,0,mapped,True,0.0
T049,L,2944,T010,231,-10.895850288565232,13.185018375822333,2.4190978527861677,True,0,mapped,True,0.0
T049,L,2945,T010,232,-10.07736115734528,13.00988093339874,2.6084515211735986,True,0,mapped,True,0.0
T049,L,2946,T010,233,-9.307664646654375,12.82070659742318,2.8963053450277747,True,0,mapped,True,0.0
T049,L,2946,T013,233,-9.307664646654374,12.820706597423182,2.8963053450277743,True,0,mapped,False,2.5510982866352577e-15
T049,L,2947,T010,235,-18.54082941398425,11.402694858020702,-0.851600762874233,True,0,mapped,True,0.0
T049,L,2948,T010,236,-17.728444549578988,11.708038364313223,-0.5454792087129822,True,0,mapped,True,0.0
T049,L,2949,T010,237,-17.019330083402366,12.04081456180838,-0.1966140816847049,True,0,mapped,True,0.0
T049,L,2950,T010,238,-16.392640803244294,12.410860230270352,0.1659912664451929,True,0,mapped,True,0.0
T049,L,2951,T010,239,-15.432812932773874,12.924704420535562,0.5066016270832384,True,0,mapped,True,0.0
T049,L,2952,T010,240,-14.652992729442277,12.966506912766704,1.0514346549185771,True,0,mapped,True,0.0
T049,L,2953,T010,241,-13.925593048411978,13.276266198225397,1.3344221291266274,True,0,mapped,True,0.0
T049,L,2954,T010,242,-13.040700049829352,13.380937795326544,1.9135369723820703,True,0,mapped,True,0.0
T049,L,2955,T010,243,-12.336513184348146,13.53514232703969,2.2521928191052605,True,0,mapped,True,0.0
T049,L,2956,T010,244,-11.264616740845844,13.352356480508998,2.281823943789601,True,0,mapped,True,0.0
T049,L,2957,T010,245,-10.324549663874734,13.155322360798404,2.373307709447438,True,0,mapped,True,0.0
T049,L,2958,T010,246,-9.622387655304646,12.924894125448231,2.7114882532500157,True,0,mapped,True,0.0
T049,L,2958,T013,246,-9.622387655304646,12.92489412544823,2.7114882532500157,True,0,mapped,False,1.7763568394002505e-15
T049,L,2959,T010,248,-18.00282368732436,11.599509966543954,-0.6119273134040035,True,0,mapped,True,0.0
T049,L,2960,T010,249,-17.264602976293737,11.92238328581564,-0.4001107853171683,True,0,mapped,True,0.0
T049,L,2961,T010,250,-16.567315732911684,12.305445637791816,0.0548869599269994,True,0,mapped,True,0.0
T049,L,2962,T010,251,-15.69511447653999,12.865308284988584,0.2997105291298998,True,0,mapped,True,0.0
T049,L,2963,T010,252,-14.927478528437767,13.056647232422804,0.7769094141101311,True,0,mapped,True,0.0
T049,L,2964,T010,253,-14.21639910733689,13.186369019543571,1.1971328553805551,True,0,mapped,True,0.0
T049,L,2965,T010,254,-13.339196928815706,13.47178765329642,1.660498250640932,True,0,mapped,True,0.0
T049,L,2966,T010,255,-12.64694877988202,13.63115540860601,2.0944253897539364,True,0,mapped,True,0.0
T049,L,2967,T010,256,-11.628145999441998,13.536255589966428,2.181241244202524,True,0,mapped,True,0.0
T049,L,2968,T010,257,-10.61462149129352,13.289447442416114,2.195211427341865,True,0,mapped,True,0.0
T049,L,2969,T010,258,-9.839063786258883,13.074647868760124,2.4275451513220254,True,0,mapped,True,0.0
T049,L,2969,T013,258,-9.83906378625888,13.074647868760126,2.4275451513220245,True,0,mapped,False,4.070144838902081e-15
T049,L,2970,T010,260,-17.459265576521847,11.84161008700192,-0.5470528733553782,True,0,mapped,True,0.0
T049,L,2971,T010,261,-16.69175388843208,12.257181088523494,-0.1620995887867464,True,0,mapped,True,0.0
T049,L,2972,T010,262,-16.06613722153275,12.697033759510417,0.1094800399612503,True,0,mapped,True,0.0
T049,L,2973,T010,263,-15.20296786802106,13.07540655878756,0.5107660492483956,True,0,mapped,True,0.0
T049,L,2974,T010,264,-14.416644909992026,13.18740787791732,1.035768614427401,True,0,mapped,True,0.0
T049,L,2975,T010,265,-13.709983361950693,13.499274897209997,1.3290123838440933,True,0,mapped,True,0.0
T049,L,2976,T010,266,-12.91800957349474,13.703487871629523,1.9071523125233687,True,0,mapped,True,0.0
T049,L,2977,T010,267,-11.987562138179443,13.735484336459027,2.09167720905618,True,0,mapped,True,0.0
T049,L,2978,T010,268,-10.937088361568415,13.434156767038465,2.062835628674029,True,0,mapped,True,0.0
T049,L,2979,T010,269,-10.082125103577289,13.221850058212013,2.165830881747417,True,0,mapped,True,0.0
T049,L,2979,T013,269,-10.082125103577289,13.221850058212013,2.165830881747417,True,0,mapped,False,0.0
T049,L,2980,T010,271,-16.975326804115866,12.084199687278517,-0.3862200996788569,True,0,mapped,True,0.0
T049,L,2981,T010,272,-16.37638837233988,12.480329354999675,-0.0013266098892461,True,0,mapped,True,0.0
T049,L,2982,T010,273,-15.487436519367506,13.00653044471654,0.3126074875636884,True,0,mapped,True,0.0
T049,L,2983,T010,274,-14.625661374924952,13.299298109080407,0.7583335501049442,True,0,mapped,True,0.0
T049,L,2984,T010,275,-13.972553176535268,13.480319820067796,1.1318653904719986,True,0,mapped,True,0.0
T049,L,2985,T010,276,-13.17410869183999,13.754184709005196,1.6810369295786307,True,0,mapped,True,0.0
T049,L,2986,T010,277,-12.338181284230702,13.881086371043368,1.989081194545949,True,0,mapped,True,0.0
T049,L,2987,T010,278,-11.276806796643037,13.598176509798698,1.9490359492543816,True,0,mapped,True,0.0
T049,L,2988,T010,279,-10.346726018485764,13.3620760690807,1.949896674802764,True,0,mapped,True,0.0
T049,L,2988,T013,279,-10.346726018485766,13.362076069080702,1.949896674802764,True,0,mapped,False,2.5121479338940403e-15
T049,L,2989,T010,281,-16.540082068950802,12.388242375433816,-0.1909677114119792,True,0,mapped,True,0.0
T049,L,2990,T010,282,-15.78491914028375,12.898570643351722,0.126811188862574,True,0,mapped,True,0.0
T049,L,2991,T010,283,-15.019284779540076,13.243895400546164,0.4396534900368197,True,0,mapped,True,0.0
T049,L,2992,T010,284,-14.19332707626392,13.44787455211777,0.9731945416724872,True,0,mapped,True,0.0
T049,L,2993,T010,285,-13.428350663924927,13.77160669832582,1.4070855491928456,True,0,mapped,True,0.0
T049,L,2994,T010,286,-12.674070170224736,13.963084820310058,1.8295697157934336,True,0,mapped,True,0.0
T049,L,2995,T010,287,-11.626048175203833,13.780458523899028,1.848777525925911,True,0,mapped,True,0.0
T049,L,2996,T010,288,-10.683045870546977,13.494559641330149,1.817155859371865,True,0,mapped,True,0.0
T049,L,2996,T013,288,-10.683045870546977,13.494559641330149,1.8171558593718649,True,0,mapped,False,2.220446049250313e-16
T049,L,2997,T010,290,-16.11914860789173,12.729755732854157,-0.0723388436787874,True,0,mapped,True,0.0
T049,L,2998,T010,291,-15.301330171354945,13.127762981410797,0.3164222997933585,True,0,mapped,True,0.0
T049,L,2999,T010,292,-14.444781615846326,13.491846406677878,0.704371612486073,True,0,mapped,True,0.0
T049,L,3000,T010,293,-13.695586112711087,13.756910437430871,1.141909956593146,True,0,mapped,True,0.0
T049,L,3001,T010,294,-13.011567375970571,13.989334701096992,1.633914502398231,True,0,mapped,True,0.0
T049,L,3002,T010,295,-11.977760685458035,13.979601826735882,1.7626803526526036,True,0,mapped,True,0.0
T049,L,3003,T010,296,-10.971386052313104,13.641875795337254,1.6351331970331138,True,0,mapped,True,0.0
T049,L,3003,T013,296,-10.9713860523131,13.641875795337253,1.6351331970331122,True,0,mapped,False,4.265337574760008e-15
T049,L,3004,T010,298,-15.542925052907997,13.110784195165657,0.0091024545108839,True,0,mapped,True,0.0
T049,L,3005,T010,299,-14.724791727024533,13.45786154757175,0.4535610848753976,True,0,mapped,True,0.0
T049,L,3006,T010,300,-13.977004816123578,13.713308514287906,0.9220662773896064,True,0,mapped,True,0.0
T049,L,3007,T010,301,-13.332125933222713,13.912760553824016,1.411129203455885,True,0,mapped,True,0.0
T049,L,3008,T010,302,-12.33259513992406,14.116811990546632,1.6426298880085128,True,0,mapped,True,0.0
T049,L,3009,T010,303,-11.294799371767208,13.797043262622672,1.489066948355206,True,0,mapped,True,0.0
T049,L,3009,T013,303,-11.294799371767208,13.797043262622672,1.489066948355206,True,0,mapped,False,0.0
T049,L,3010,T010,305,-15.034939401139876,13.363857627748157,0.2249948047522885,True,0,mapped,True,0.0
T049,L,3011,T010,306,-14.267458144353643,13.68548650299715,0.655937480299411,True,0,mapped,True,0.0
T049,L,3012,T010,307,-13.568573180714097,13.925943167578614,1.147517757797951,True,0,mapped,True,0.0
T049,L,3013,T010,308,-12.683057227931176,14.19913367022942,1.4948951735614742,True,0,mapped,True,0.0
T049,L,3014,T010,309,-11.638559477437528,13.949261561104931,1.4293215814258724,True,0,mapped,True,0.0
T049,L,3014,T013,309,-11.638559477437523,13.94926156110493,1.429321581425871,True,0,mapped,False,5.773159728050814e-15
T049,L,3015,T010,311,-14.530643553635068,13.613215243094608,0.448223065612636,True,0,mapped,True,0.0
T049,L,3016,T010,312,-13.822498009957576,13.9062187631129,0.8925434203895595,True,0,mapped,True,0.0
T049,L,3017,T010,313,-13.03025444818378,14.208190555839296,1.3279235892152792,True,0,mapped,True,0.0
T049,L,3018,T010,314,-11.989677405808967,14.100864387145045,1.372283742441332,True,0,mapped,True,0.0
T049,L,3018,T013,314,-11.989677405808967,14.100864387145045,1.372283742441331,True,0,mapped,False,1.1102230246251565e-15
T049,L,3019,T010,316,-14.057864946236984,13.9125191968046,0.6175859471020001,True,0,mapped,True,0.0
T049,L,3020,T010,317,-13.345452578112544,14.210019130372253,1.0866120411704403,True,0,mapped,True,0.0
T049,L,3021,T010,318,-12.327880649660973,14.232221793604731,1.248109594972144,True,0,mapped,True,0.0
T049,L,3021,T013,318,-12.327880649660976,14.232221793604737,1.2481095949721437,True,0,mapped,False,6.408593517931132e-15
T049,L,3022,T010,320,-13.603897456949475,14.183339398107966,0.8239681560752509,True,0,mapped,True,0.0
T049,L,3023,T010,321,-12.677484665731871,14.311462384847772,1.140966511965888,True,0,mapped,True,0.0
T049,L,3023,T013,321,-12.677484665731871,14.311462384847772,1.1409665119658867,True,0,mapped,False,1.3322676295501878e-15
T049,L,3024,T010,323,-13.0240329153834,14.336409436033785,0.9924845612522484,True,0,mapped,True,0.0
T049,L,3024,T013,323,-13.0240329153834,14.336409436033785,0.992484561252248,True,0,mapped,False,3.3306690738754696e-16
T049,L,3025,T011,26,-19.448346347817647,-1.125725913576984,-10.567152320380435,True,2,smooth_near_vertex,True,0.0
T049,L,3026,T011,27,-18.882821707178653,-1.1240770995676754,-9.978058898026193,True,3,smooth_internal,True,0.0
T049,L,3027,T011,28,-18.32136522311968,-1.1226603410422646,-9.181337335555131,True,0,mapped,True,0.0
T049,L,3028,T011,29,-17.81839264905276,-1.0127389092531176,-7.925829019545577,True,0,mapped,True,0.0
T049,L,3029,T011,30,-17.28884084714055,-0.5001560577807849,-6.837562449347986,True,0,mapped,True,0.0
T049,L,3030,T011,31,-16.760197318661938,0.0461244484435977,-5.775101254153643,True,0,mapped,True,0.0
T049,L,3031,T011,32,-15.80954167375004,0.372606858528112,-4.797659818668292,True,0,mapped,True,0.0
T049,L,3032,T011,33,-14.957351660703283,0.4671991312265632,-3.703391948976241,True,0,mapped,True,0.0
T049,L,3033,T011,34,-13.98246303352738,0.499298320688764,-2.771012065040909,True,0,mapped,True,0.0
T049,L,3034,T011,35,-13.041375494729316,0.4059312260161936,-1.832335472541335,True,0,mapped,True,0.0
T049,L,3035,T011,36,-12.094591735019495,0.3249684273872638,-0.8708672995734359,True,0,mapped,True,0.0
T049,L,3036,T011,37,-11.20678520428671,0.3189066738000315,0.1784684477814021,True,0,mapped,True,0.0
T049,L,3037,T011,38,-10.417341379230868,0.4100462399704841,1.2592720132409447,True,0,mapped,True,0.0
T049,L,3038,T011,39,-9.792732263942773,0.7805280112061694,2.383962877214103,True,0,mapped,True,0.0
T049,L,3039,T011,40,-9.131676873105173,1.1731687834402902,3.333971456760003,True,0,mapped,True,0.0
T049,L,3040,T011,41,-8.446575274616096,1.9913466376296007,4.046899167730316,True,0,mapped,True,0.0
T049,L,3041,T011,42,-7.67748491268852,3.1020665479809164,4.454912768694736,True,0,mapped,True,0.0
T049,L,3042,T011,43,-6.946446763173264,4.229207812931004,4.545333501682171,True,0,mapped,True,0.0
T049,L,3043,T011,44,-6.675405701824439,5.485309688283718,4.627444158056836,True,0,mapped,True,0.0
T049,L,3044,T011,45,-6.569691132710919,6.905660920632816,4.51225528510089,True,0,mapped,True,0.0
T049,L,3045,T011,46,-6.430641144817153,8.137310778415092,4.206190796902309,True,0,mapped,True,0.0
T049,L,3046,T011,47,-6.065396045169158,9.384367443139396,3.7431976772657367,True,0,mapped,True,0.0
T049,L,3047,T011,48,-5.695377826690674,10.739333068528548,3.632705998314503,True,0,mapped,True,0.0
T049,L,3047,T015,23,-5.695377826690674,10.739333068528548,3.632705998314503,True,0,mapped,False,0.0
T049,L,3048,T011,50,-19.020270301917343,-1.1392179705382433,-10.18060201975936,True,3,smooth_internal,True,0.0
T049,L,3049,T011,51,-18.72150269805953,-1.1341660287741044,-9.982595069010696,True,0,mapped,True,0.0
T049,L,3050,T011,52,-18.120847475160616,-1.1275207592806018,-8.715562848992978,True,0,mapped,True,0.0
T049,L,3051,T011,53,-17.50145854473228,-0.9060649758309282,-7.648210595262498,True,0,mapped,True,0.0
T049,L,3052,T011,54,-17.125144339126116,-0.2778054495149845,-6.532580273518428,True,0,mapped,True,0.0
T049,L,3053,T011,55,-16.376516158731604,0.2153843863991381,-5.598779503435108,True,0,mapped,True,0.0
T049,L,3054,T011,56,-15.385329079978629,0.5868676007879963,-4.594785782194637,True,0,mapped,True,0.0
T049,L,3055,T011,57,-14.534689235384564,0.6368673993561408,-3.521660097957096,True,0,mapped,True,0.0
T049,L,3056,T011,58,-13.548694962878123,0.6226801850953381,-2.60659707819846,True,0,mapped,True,0.0
T049,L,3057,T011,59,-12.570232077278156,0.5252924197408311,-1.706875991201453,True,0,mapped,True,0.0
T049,L,3058,T011,60,-11.59006229175192,0.4173347965595329,-0.7097301316339553,True,0,mapped,True,0.0
T049,L,3059,T011,61,-10.702600105364253,0.4125680477941826,0.3292256894321515,True,0,mapped,True,0.0
T049,L,3060,T011,62,-9.941960998273109,0.5747667514717637,1.5088072649547204,True,0,mapped,True,0.0
T049,L,3061,T011,63,-9.45527441136543,0.8535573204235473,2.4877244717570504,True,0,mapped,True,0.0
T049,L,3062,T011,64,-8.635346483696708,1.3588726385110952,3.4396952260963123,True,0,mapped,True,0.0
T049,L,3063,T011,65,-8.031427354474562,2.2677937286824466,4.081136228006127,True,0,mapped,True,0.0
T049,L,3064,T011,66,-7.247404317563619,3.344300895215067,4.475121708948823,True,0,mapped,True,0.0
T049,L,3065,T011,67,-6.735615837867279,4.594849421871674,4.5631044138188805,True,0,mapped,True,0.0
T049,L,3066,T011,68,-6.407338953121504,5.9425083027781085,4.612746881745156,True,0,mapped,True,0.0
T049,L,3067,T011,69,-6.313148250279071,7.165443736042995,4.411145095083985,True,0,mapped,True,0.0
T049,L,3068,T011,70,-6.064586051080086,8.442321418752599,4.016051285222035,True,0,mapped,True,0.0
T049,L,3069,T011,71,-5.695377826690675,9.743112380371208,3.5827522366210456,True,0,mapped,True,0.0
T049,L,3069,T015,22,-5.695377826690674,9.743112380371212,3.5827522366210447,True,0,mapped,False,3.76822190084106e-15
T049,L,3070,T011,73,-18.73090520072656,-1.1614543804412971,-9.909276058141431,True,3,smooth_internal,True,0.0
T049,L,3071,T011,74,-18.45416842754964,-1.1621784852856902,-9.56885887929123,True,0,mapped,True,0.0
T049,L,3072,T011,75,-17.867213980422736,-1.1377065637478336,-8.278732059435566,True,0,mapped,True,0.0
T049,L,3073,T011,76,-17.296659004770724,-0.7179849718210132,-7.318830129122034,True,0,mapped,True,0.0
T049,L,3074,T011,77,-16.783894111542274,0.0131459834789324,-6.313492899521086,True,0,mapped,True,0.0
T049,L,3075,T011,78,-15.964500633477378,0.425535639031921,-5.42639494394904,True,0,mapped,True,0.0
T049,L,3076,T011,79,-14.96033053963713,0.7845545146657185,-4.359514923489179,True,0,mapped,True,0.0
T049,L,3077,T011,80,-14.079297840230574,0.8343478136323044,-3.3899146309485486,True,0,mapped,True,0.0
T049,L,3078,T011,81,-13.071934740820751,0.7526854824374228,-2.4587231684591617,True,0,mapped,True,0.0
T049,L,3079,T011,82,-12.073206010879035,0.5973187643597586,-1.518218852494849,True,0,mapped,True,0.0
T049,L,3080,T011,83,-11.094974396388327,0.4806135733599714,-0.5189617324806577,True,0,mapped,True,0.0
T049,L,3081,T011,84,-10.198837117770363,0.4934090410262145,0.5260022751964679,True,0,mapped,True,0.0
T049,L,3082,T011,85,-9.510831315583408,0.688773720606792,1.7067603328425376,True,0,mapped,True,0.0
T049,L,3083,T011,86,-8.920659520204094,0.9433784043574736,2.679459568213481,True,0,mapped,True,0.0
T049,L,3084,T011,87,-8.29615570473512,1.5050966289993917,3.510609855064213,True,0,mapped,True,0.0
T049,L,3085,T011,88,-7.6145221176369535,2.546080329289202,4.140159975880104,True,0,mapped,True,0.0
T049,L,3086,T011,89,-6.851831721866723,3.606433247678086,4.48335667615042,True,0,mapped,True,0.0
T049,L,3087,T011,90,-6.466355062149839,4.9308775932943165,4.569466823012333,True,0,mapped,True,0.0
T049,L,3088,T011,91,-6.24853687327432,6.163892640766587,4.576983945536362,True,0,mapped,True,0.0
T049,L,3089,T011,92,-6.019004467508228,7.473203992570105,4.29107170474798,True,0,mapped,True,0.0
T049,L,3090,T011,93,-5.695377826690674,8.768998790031649,3.7970897374356527,True,0,mapped,True,0.0
T049,L,3090,T015,21,-5.695377826690674,8.768998790031645,3.7970897374356536,True,0,mapped,False,3.66205343881779e-15
T049,L,3091,T011,95,-18.53684802106624,-1.1950642515058896,-9.708791394546171,True,3,smooth_internal,True,0.0
T049,L,3092,T011,96,-18.22702137456651,-1.1858724448758466,-9.122447664738155,True,0,mapped,True,0.0
T049,L,3093,T011,97,-17.61837072815872,-1.057089036830004,-7.939903240754516,True,0,mapped,True,0.0
T049,L,3094,T011,98,-17.006528780146834,-0.4900277690845223,-7.020028244566627,True,0,mapped,True,0.0
T049,L,3095,T011,99,-16.416010564747246,0.2545849713531157,-6.151804873736457,True,0,mapped,True,0.0
T049,L,3096,T011,100,-15.531317227924577,0.6778270104181945,-5.260121776552661,True,0,mapped,True,0.0
T049,L,3097,T011,101,-14.541323677571244,0.9790151090982508,-4.160823669461005,True,0,mapped,True,0.0
T049,L,3098,T011,102,-13.627848437949918,0.9936064156403858,-3.2437599028150315,True,0,mapped,True,0.0
T049,L,3099,T011,103,-12.573198976070096,0.874495857690637,-2.3314561029234886,True,0,mapped,True,0.0
T049,L,3100,T011,104,-11.562951379639829,0.6619033379546595,-1.3554392796789734,True,0,mapped,True,0.0
T049,L,3101,T011,105,-10.596682905677904,0.5377184882071575,-0.3540465608519441,True,0,mapped,True,0.0
T049,L,3102,T011,106,-9.643741103120696,0.5796786830492096,0.7791649732288077,True,0,mapped,True,0.0
T049,L,3103,T011,107,-9.090495110217574,0.768462173500172,1.7939301605722895,True,0,mapped,True,0.0
T049,L,3104,T011,108,-8.543988947536956,1.0299563538676724,2.741739253207545,True,0,mapped,True,0.0
T049,L,3105,T011,109,-7.718546751516079,1.8625675380485296,3.672757337002775,True,0,mapped,True,0.0
T049,L,3106,T011,110,-7.232164545724552,2.6859428304949526,4.169472138974664,True,0,mapped,True,0.0
T049,L,3107,T011,111,-6.517256368528634,3.877810214720725,4.473504623974537,True,0,mapped,True,0.0
T049,L,3108,T011,112,-6.1591728903624015,5.25249424244684,4.575557972023978,True,0,mapped,True,0.0
T049,L,3109,T011,113,-5.988950898015373,6.513003477536934,4.482961129045471,True,0,mapped,True,0.0
T049,L,3110,T011,114,-5.695377826690675,7.822225465784263,4.120954424973649,True,0,mapped,True,0.0
T049,L,3110,T015,20,-5.695377826690674,7.822225465784264,4.120954424973649,True,0,mapped,False,1.2560739669470201e-15
T049,L,3111,T011,116,-18.55540091367165,-1.2555573961221562,-9.9474053653683,True,0,mapped,True,0.0
T049,L,3112,T011,117,-18.06165050522709,-1.1475170863439448,-8.647676420088011,True,0,mapped,True,0.0
T049,L,3113,T011,118,-17.28382393453933,-0.9480812399226702,-7.742093468429514,True,0,mapped,True,0.0
T049,L,3114,T011,119,-16.695521512633636,-0.257300031969138,-6.797053803904364,True,0,mapped,True,0.0
T049,L,3115,T011,120,-16.089995313073175,0.4373633354714132,-6.06058018628131,True,0,mapped,True,0.0
T049,L,3116,T011,121,-15.090725681366866,0.9238708241278736,-5.059685356147215,True,0,mapped,True,0.0
T049,L,3117,T011,122,-14.120495967098996,1.1871603826955552,-4.052134189758819,True,0,mapped,True,0.0
T049,L,3118,T011,123,-13.149737028258604,1.1277190393376155,-3.0897662489851863,True,0,mapped,True,0.0
T049,L,3119,T011,124,-12.06637101590082,0.944233075720945,-2.1674751733285187,True,0,mapped,True,0.0
T049,L,3120,T011,125,-11.068108525231365,0.7115428106323181,-1.214266634917046,True,0,mapped,True,0.0
T049,L,3121,T011,126,-10.111600914929342,0.5832465219626639,-0.1986605103023909,True,0,mapped,True,0.0
T049,L,3122,T011,127,-9.164710730002964,0.6838192132722776,0.9106205308113264,True,0,mapped,True,0.0
T049,L,3123,T011,128,-8.718332354603133,0.8331446876976165,1.835777240887231,True,0,mapped,True,0.0
T049,L,3124,T011,129,-8.035484126709658,1.1770926879446293,2.879417755004525,True,0,mapped,True,0.0
T049,L,3125,T011,130,-7.263698805529891,2.033320286037898,3.67601517248231,True,0,mapped,True,0.0
T049,L,3126,T011,131,-6.799398134212614,2.979353469179679,4.256423027572106,True,0,mapped,True,0.0
T049,L,3127,T011,132,-6.224421687901629,4.1857034294383,4.456034943858385,True,0,mapped,True,0.0
T049,L,3128,T011,133,-5.871970349130789,5.551463068297701,4.571235472863807,True,0,mapped,True,0.0
T049,L,3129,T011,134,-5.695377826690674,6.841788829256455,4.313009096003662,True,0,mapped,True,0.0
T049,L,3129,T015,19,-5.695377826690673,6.8417888292564575,4.313009096003661,True,0,mapped,False,2.945754565036118e-15
T049,L,3130,T011,136,-18.31861450103308,-1.268937829884303,-9.540052674385745,True,0,mapped,True,0.0
T049,L,3131,T011,137,-17.699558267740226,-1.2145032413272596,-8.27266849519983,True,0,mapped,True,0.0
T049,L,3132,T011,138,-17.002108055900038,-0.7178284756715796,-7.473269408866444,True,0,mapped,True,0.0
T049,L,3133,T011,139,-16.38683056799413,-0.0027785563191751,-6.598795404373131,True,0,mapped,True,0.0
T049,L,3134,T011,140,-15.625528539299829,0.7191691584458288,-5.955607043026321,True,0,mapped,True,0.0
T049,L,3135,T011,141,-14.636177708256238,1.163351532946434,-4.863181879386474,True,0,mapped,True,0.0
T049,L,3136,T011,142,-13.684201366427738,1.36597569272728,-3.942128206873323,True,0,mapped,True,0.0
T049,L,3137,T011,143,-12.60894347934042,1.2486443851703823,-2.9609848030767223,True,0,mapped,True,0.0
T049,L,3138,T011,144,-11.571470383370242,0.980908855606492,-2.008154090371731,True,0,mapped,True,0.0
T049,L,3139,T011,145,-10.589990626908662,0.7322753805237183,-1.0576140506922145,True,0,mapped,True,0.0
T049,L,3140,T011,146,-9.58668202176098,0.6130039866071565,-0.0223764301511551,True,0,mapped,True,0.0
T049,L,3141,T011,147,-8.782512728238835,0.7526866106829897,1.0914834414231829,True,0,mapped,True,0.0
T049,L,3142,T011,148,-8.221049077162114,0.9078246786972128,1.971319821841099,True,0,mapped,True,0.0
T049,L,3143,T011,149,-7.576591240336798,1.3743310012499192,3.0269253179260485,True,0,mapped,True,0.0
T049,L,3144,T011,150,-6.928523221472805,2.2401521932217365,3.759168965457659,True,0,mapped,True,0.0
T049,L,3145,T011,151,-6.486520959857684,3.3122752910706765,4.317116565263343,True,0,mapped,True,0.0
T049,L,3146,T011,152,-5.944868322985718,4.517023740635173,4.437448965565952,True,0,mapped,True,0.0
T049,L,3147,T011,153,-5.695377826690675,5.867103416811108,4.537508952516844,True,0,mapped,True,0.0
T049,L,3147,T015,18,-5.695377826690674,5.867103416811116,4.537508952516844,True,0,mapped,False,8.042797661766892e-15
T049,L,3148,T011,155,-18.126989223394627,-1.2511284742857818,-9.052152562440074,True,0,mapped,True,0.0
T049,L,3149,T011,156,-17.397310824891655,-1.128108287270218,-7.999119084935105,True,0,mapped,True,0.0
T049,L,3150,T011,157,-16.69705598562706,-0.5030502800511498,-7.28822354601113,True,0,mapped,True,0.0
T049,L,3151,T011,158,-15.898442479712145,0.2780379643222589,-6.638725626087182,True,0,mapped,True,0.0
T049,L,3152,T011,159,-15.1672590554365,0.9948087013793048,-5.793060246418087,True,0,mapped,True,0.0
T049,L,3153,T011,160,-14.203819032340636,1.387350848379142,-4.749621387716831,True,0,mapped,True,0.0
T049,L,3154,T011,161,-13.225657687638492,1.4550530501883925,-3.7640832548371472,True,0,mapped,True,0.0
T049,L,3155,T011,162,-12.06675371635668,1.3193046916772142,-2.819233729373025,True,0,mapped,True,0.0
T049,L,3156,T011,163,-11.086879174713877,1.015025302291204,-1.899925040698553,True,0,mapped,True,0.0
T049,L,3157,T011,164,-10.105815525046506,0.7384820464150721,-0.8871247138972311,True,0,mapped,True,0.0
T049,L,3158,T011,165,-8.979262505469773,0.6646643158352885,0.2175794665022828,True,0,mapped,True,0.0
T049,L,3159,T011,166,-8.377445810968199,0.8217277551807871,1.1223837759113922,True,0,mapped,True,0.0
T049,L,3160,T011,167,-7.819198428101467,0.9936534725583436,2.1045641919875866,True,0,mapped,True,0.0
T049,L,3161,T011,168,-7.16189237214018,1.510400627719811,3.077083484324552,True,0,mapped,True,0.0
T049,L,3162,T011,169,-6.527321212226907,2.504138492271203,3.867044132825289,True,0,mapped,True,0.0
T049,L,3163,T011,170,-6.071601855725561,3.611711435681301,4.3408595374669785,True,0,mapped,True,0.0
T049,L,3164,T011,171,-5.695377826690674,4.872450572980818,4.475913755506064,True,0,mapped,True,0.0
T049,L,3164,T015,17,-5.695377826690674,4.872450572980824,4.475913755506065,True,0,mapped,False,6.2803698347351005e-15
T049,L,3165,T011,173,-17.910695889179024,-1.249456362717046,-8.604170962644396,True,0,mapped,True,0.0
T049,L,3166,T011,174,-17.10959160924718,-1.0480428900999117,-7.881824996980745,True,0,mapped,True,0.0
T049,L,3167,T011,175,-16.35318333075952,-0.2373381368824819,-7.1230195293172205,True,0,mapped,True,0.0
T049,L,3168,T011,176,-15.638925290733232,0.4660096946606675,-6.551954712220153,True,0,mapped,True,0.0
T049,L,3169,T011,177,-14.75405580988371,1.2101042266380382,-5.6321705714573165,True,0,mapped,True,0.0
T049,L,3170,T011,178,-13.78207958920964,1.583821918662946,-4.672335062059858,True,0,mapped,True,0.0
T049,L,3171,T011,179,-12.690852944739165,1.5741525011983333,-3.659346220859784,True,0,mapped,True,0.0
T049,L,3172,T011,180,-11.55767361095852,1.347448185974368,-2.688420639846185,True,0,mapped,True,0.0
T049,L,3173,T011,181,-10.579378236165825,1.0256729283990802,-1.7809430016953618,True,0,mapped,True,0.0
T049,L,3174,T011,182,-9.5880073975217,0.7495286950766993,-0.7503346183589521,True,0,mapped,True,0.0
T049,L,3175,T011,183,-8.4977944053298,0.7366278761536214,0.3821015931048815,True,0,mapped,True,0.0
T049,L,3176,T011,184,-7.986176523492739,0.8692197187155268,1.1652660284137175,True,0,mapped,True,0.0
T049,L,3177,T011,185,-7.412661072632233,1.0767322106899793,2.1779234651116086,True,0,mapped,True,0.0
T049,L,3178,T011,186,-6.610454944397199,1.827194351582232,3.2863809453980064,True,0,mapped,True,0.0
T049,L,3179,T011,187,-6.152235954225501,2.699969361298136,3.90664548896364,True,0,mapped,True,0.0
T049,L,3180,T011,188,-5.695377826690675,3.8803291961320223,4.355735049414129,True,0,mapped,True,0.0
T049,L,3180,T015,16,-5.695377826690674,3.8803291961320303,4.355735049414131,True,0,mapped,False,8.236627820231227e-15
T049,L,3181,T011,190,-17.564895516586077,-1.2429914128161448,-8.234410218996786,True,0,mapped,True,0.0
T049,L,3182,T011,191,-16.762075714167917,-0.8096520122322366,-7.682287629518073,True,0,mapped,True,0.0
T049,L,3183,T011,192,-16.022674493706738,-0.0246750934806504,-7.052818576334266,True,0,mapped,True,0.0
T049,L,3184,T011,193,-15.17144316150785,0.7266062094636525,-6.421500358492051,True,0,mapped,True,0.0
T049,L,3185,T011,194,-14.279747227052145,1.446690151267025,-5.556562381827815,True,0,mapped,True,0.0
T049,L,3186,T011,195,-13.357385108983202,1.699822499688968,-4.611662946594393,True,0,mapped,True,0.0
T049,L,3187,T011,196,-12.02793689169389,1.6243897686470152,-3.426414842788065,True,0,mapped,True,0.0
T049,L,3188,T011,197,-11.069571861057348,1.3530916328047549,-2.5842040605070924,True,0,mapped,True,0.0
T049,L,3189,T011,198,-10.064260739095424,1.0047918837915222,-1.6202630509248142,True,0,mapped,True,0.0
T049,L,3190,T011,199,-9.068635210868644,0.7643275479249518,-0.661659294282312,True,0,mapped,True,0.0
T049,L,3191,T011,200,-8.034559325031815,0.779310493634017,0.3722510726945998,True,0,mapped,True,0.0
T049,L,3192,T011,201,-7.486094694498362,0.9262796734530612,1.3674485950178532,True,0,mapped,True,0.0
T049,L,3193,T011,202,-6.920995725075096,1.225429310778723,2.3653052266571954,True,0,mapped,True,0.0
T049,L,3194,T011,203,-6.249791855230428,1.9668211521552692,3.3097956021542565,True,0,mapped,True,0.0
T049,L,3195,T011,204,-5.742988198864293,2.9754036797778287,3.954693296869038,True,0,mapped,True,0.0
T049,L,3195,T015,15,-5.74298819886429,2.975403679777836,3.954693296869042,True,0,mapped,False,8.576787243010016e-15
T049,L,3196,T011,206,-17.211623836013757,-1.227339365035604,-8.084738688486901,True,0,mapped,True,0.0
T049,L,3197,T011,207,-16.34744184573636,-0.50692637473045,-7.500873623465251,True,0,mapped,True,0.0
T049,L,3198,T011,208,-15.666501232010074,0.1513001880200287,-7.0769391807156445,True,0,mapped,True,0.0
T049,L,3199,T011,209,-14.719394169887414,1.0360444850430033,-6.27171864163876,True,0,mapped,True,0.0
T049,L,3200,T011,210,-13.886547347375348,1.5975481055542462,-5.442890173566155,True,0,mapped,True,0.0
T049,L,3201,T011,211,-12.790713912105849,1.793295295957088,-4.448557868889049,True,0,mapped,True,0.0
T049,L,3202,T011,212,-11.50807049375378,1.6378397228165391,-3.2947007006551283,True,0,mapped,True,0.0
T049,L,3203,T011,213,-10.555559776000344,1.34268559048125,-2.498437945402629,True,0,mapped,True,0.0
T049,L,3204,T011,214,-9.572156142564555,0.9836277348790188,-1.483568079266069,True,0,mapped,True,0.0
T049,L,3205,T011,215,-8.551299616995882,0.7867966549143239,-0.6652710549081995,True,0,mapped,True,0.0
T049,L,3206,T011,216,-7.605647424231365,0.8121528441548891,0.4364483012634405,True,0,mapped,True,0.0
T049,L,3207,T011,217,-7.077208726625347,0.9780746636525814,1.456623466064904,True,0,mapped,True,0.0
T049,L,3208,T011,218,-6.437589917829607,1.4122253195000571,2.5428974811972984,True,0,mapped,True,0.0
T049,L,3209,T011,219,-5.8953776359558105,2.193805104988243,3.3973314486473587,True,0,mapped,True,0.0
T049,L,3209,T015,14,-5.8953776359558105,2.1938051049882485,3.397331448647363,True,0,mapped,False,6.936895214610187e-15
T049,L,3210,T011,221,-16.80110401176056,-1.061323537765354,-7.917340368096173,True,0,mapped,True,0.0
T049,L,3211,T011,222,-15.975318828297969,-0.2835023641556631,-7.430896826548457,True,0,mapped,True,0.0
T049,L,3212,T011,223,-15.217970791437995,0.4438939289983771,-6.955408474890376,True,0,mapped,True,0.0
T049,L,3213,T011,224,-14.296628924833453,1.2458411290122071,-6.217363348492318,True,0,mapped,True,0.0
T049,L,3214,T011,225,-13.3446441558749,1.7500601104669846,-5.301735454941878,True,0,mapped,True,0.0
T049,L,3215,T011,226,-12.198148040189926,1.861959759922164,-4.276618576367827,True,0,mapped,True,0.0
T049,L,3216,T011,227,-11.026411511993642,1.6157955327433844,-3.206165934888268,True,0,mapped,True,0.0
T049,L,3217,T011,228,-9.998095635149545,1.3042310175748384,-2.3824941642045334,True,0,mapped,True,0.0
T049,L,3218,T011,229,-9.076073330921968,0.9665011645601478,-1.368855520176093,True,0,mapped,True,0.0
T049,L,3219,T011,230,-7.972545898269019,0.798757972604941,-0.5033084082646174,True,0,mapped,True,0.0
T049,L,3220,T011,231,-7.207318493267791,0.8569382890080965,0.5148580647834234,True,0,mapped,True,0.0
T049,L,3221,T011,232,-6.607890791454331,1.0770240467635055,1.5678916195571346,True,0,mapped,True,0.0
T049,L,3222,T011,233,-5.947113070664303,1.5784550841377163,2.6304966781217227,True,0,mapped,True,0.0
T049,L,3222,T015,13,-5.947113070664298,1.5784550841377198,2.630496678121728,True,0,mapped,False,7.793734002518813e-15
T049,L,3223,T011,235,-16.38138912301304,-0.9177723536500132,-7.868223846948565,True,0,mapped,True,0.0
T049,L,3224,T011,236,-15.534600691348375,-0.1234600367082245,-7.456111716682338,True,0,mapped,True,0.0
T049,L,3225,T011,237,-14.806932435875742,0.6968205728929786,-6.857232061965663,True,0,mapped,True,0.0
T049,L,3226,T011,238,-13.739282542905784,1.4255001031949672,-6.198416769910397,True,0,mapped,True,0.0
T049,L,3227,T011,239,-12.814612103817437,1.8329662556854032,-5.28578190864676,True,0,mapped,True,0.0
T049,L,3228,T011,240,-11.491265447710148,1.8193852564691824,-3.968978990006157,True,0,mapped,True,0.0
T049,L,3229,T011,241,-10.526238617012575,1.582855580116104,-3.1681746183336186,True,0,mapped,True,0.0
T049,L,3230,T011,242,-9.469725001013371,1.2469971791032517,-2.2627038390474423,True,0,mapped,True,0.0
T049,L,3231,T011,243,-8.577495867548462,0.9459243668978686,-1.2540283183679524,True,0,mapped,True,0.0
T049,L,3232,T011,244,-7.411047965281299,0.8143497866150645,-0.3399766986619533,True,0,mapped,True,0.0
T049,L,3233,T011,245,-6.671460981973138,0.9322820875294222,0.7287436831804305,True,0,mapped,True,0.0
T049,L,3234,T011,246,-6.095377922058106,1.2001179754935265,1.7428859412965187,True,0,mapped,True,0.0
T049,L,3234,T015,12,-6.0953779220581055,1.2001179754935285,1.7428859412965243,True,0,mapped,False,5.966351342998345e-15
T049,L,3235,T011,248,-16.01986910514691,-0.6200912458368197,-7.726033394631306,True,0,mapped,True,0.0
T049,L,3236,T011,249,-15.171646457350764,0.0863595554651149,-7.403507245251071,True,0,mapped,True,0.0
T049,L,3237,T011,250,-14.27301055925431,0.9031396698475376,-6.850620728010128,True,0,mapped,True,0.0
T049,L,3238,T011,251,-13.156242801312086,1.5809310438561353,-6.168702607737489,True,0,mapped,True,0.0
T049,L,3239,T011,252,-12.14276180129608,1.8939596919207924,-5.272936170222845,True,0,mapped,True,0.0
T049,L,3240,T011,253,-10.84590081107484,1.759633690635031,-3.985187125868989,True,0,mapped,True,0.0
T049,L,3241,T011,254,-9.977378465197615,1.518043387460918,-3.108441875394776,True,0,mapped,True,0.0
T049,L,3242,T011,255,-8.975788370913474,1.188407199553664,-2.149785484282216,True,0,mapped,True,0.0
T049,L,3243,T011,256,-8.083241368307178,0.9457272757137528,-1.201044450465027,True,0,mapped,True,0.0
T049,L,3244,T011,257,-6.95326185670732,0.8415544765952212,-0.2054335110544406,True,0,mapped,True,0.0
T049,L,3245,T011,258,-6.295377731323242,1.0049863695980914,0.8091451020586655,True,0,mapped,True,0.0
T049,L,3245,T015,11,-6.295377731323242,1.004986369598093,0.8091451020586728,True,0,mapped,False,7.490509454225691e-15
T049,L,3246,T011,260,-15.618842152697486,-0.4117206293280818,-7.675405987975283,True,0,mapped,True,0.0
T049,L,3247,T011,261,-14.840735317938378,0.2786319364444279,-7.342197785896427,True,0,mapped,True,0.0
T049,L,3248,T011,262,-13.841938827110791,1.0278712358736313,-6.860715681053325,True,0,mapped,True,0.0
T049,L,3249,T011,263,-12.67996308918816,1.683798253458602,-6.05133245133643,True,0,mapped,True,0.0
T049,L,3250,T011,264,-11.39622586739629,1.8638825419475944,-5.027117342146764,True,0,mapped,True,0.0
T049,L,3251,T011,265,-10.2825322389413,1.654963022945005,-3.9655198379243055,True,0,mapped,True,0.0
T049,L,3252,T011,266,-9.369636529266756,1.3954386610674163,-2.977472103344713,True,0,mapped,True,0.0
T049,L,3253,T011,267,-8.448850997790807,1.1215378981634627,-1.9882433756226652,True,0,mapped,True,0.0
T049,L,3254,T011,268,-7.6331357162714815,0.9276431247457472,-1.0657752327586758,True,0,mapped,True,0.0
T049,L,3255,T011,269,-6.495378017425538,0.883281923008345,-0.1337077338553029,True,0,mapped,True,0.0
T049,L,3255,T015,10,-6.495378017425537,0.8832819230083447,-0.1337077338552946,True,0,mapped,False,8.349262835428205e-15
T049,L,3256,T011,271,-15.23138455893247,-0.2730334096106102,-7.668809490340743,True,0,mapped,True,0.0
T049,L,3257,T011,272,-14.320686025991904,0.4096900947115539,-7.366344396382974,True,0,mapped,True,0.0
T049,L,3258,T011,273,-13.24368274194223,1.161568656239913,-6.866595676706498,True,0,mapped,True,0.0
T049,L,3259,T011,274,-12.074642516086184,1.714860836302615,-6.007142079756019,True,0,mapped,True,0.0
T049,L,3260,T011,275,-10.799824263902009,1.753323066435465,-4.776431006074898,True,0,mapped,True,0.0
T049,L,3261,T011,276,-9.701928943468522,1.5278040834859952,-3.9236617317015208,True,0,mapped,True,0.0
T049,L,3262,T011,277,-8.826402523796972,1.2867018784922195,-2.929961499337096,True,0,mapped,True,0.0
T049,L,3263,T011,278,-7.992829608786293,1.0642968886759874,-1.8473771591158243,True,0,mapped,True,0.0
T049,L,3264,T011,279,-7.087369743790296,0.911457449715525,-0.8811890735203749,True,0,mapped,True,0.0
T049,L,3264,T015,9,-7.087369743790291,0.9114574497155244,-0.8811890735203702,True,0,mapped,False,6.463176473049563e-15
T049,L,3265,T011,281,-14.62075563640964,-0.1051163524324818,-7.679463580612024,True,0,mapped,True,0.0
T049,L,3266,T011,282,-13.819566670591993,0.6135205699268667,-7.287191647088461,True,0,mapped,True,0.0
T049,L,3267,T011,283,-12.563475017545048,1.316546409826056,-6.779571696741632,True,0,mapped,True,0.0
T049,L,3268,T011,284,-11.533703855960216,1.710037518382009,-5.823932824469548,True,0,mapped,True,0.0
T049,L,3269,T011,285,-10.241758460260591,1.6274434733340222,-4.706051272481453,True,0,mapped,True,0.0
T049,L,3270,T011,286,-9.35152698889784,1.430965155743185,-3.744080665087844,True,0,mapped,True,0.0
T049,L,3271,T011,287,-8.38245582585069,1.1912085044020386,-2.799530385272551,True,0,mapped,True,0.0
T049,L,3272,T011,288,-7.509854619418598,1.0181718931039976,-1.7290917328142648,True,0,mapped,True,0.0
T049,L,3272,T015,8,-7.509854619418592,1.0181718931039965,-1.7290917328142568,True,0,mapped,False,1.0187468421700229e-14
T049,L,3273,T011,290,-14.23445635431264,0.0426157391341742,-7.642221740734495,True,0,mapped,True,0.0
T049,L,3274,T011,291,-13.283024504567878,0.7121968385862024,-7.288967039424167,True,0,mapped,True,0.0
T049,L,3275,T011,292,-12.043390805588952,1.333313800508756,-6.70512791016833,True,0,mapped,True,0.0
T049,L,3276,T011,293,-10.944785040890531,1.6485526241910975,-5.557985376011156,True,0,mapped,True,0.0
T049,L,3277,T011,294,-9.759688032734712,1.4844564577974635,-4.6788557091711365,True,0,mapped,True,0.0
T049,L,3278,T011,295,-8.814770831202473,1.2556144367656568,-3.647071499237704,True,0,mapped,True,0.0
T049,L,3279,T011,296,-7.873532993366302,1.0952633619308472,-2.639682960104583,True,0,mapped,True,0.0
T049,L,3279,T015,7,-7.8735329933663,1.0952633619308472,-2.639682960104577,True,0,mapped,False,6.466036496704424e-15
T049,L,3280,T011,298,-13.74848019795212,0.1296714483421663,-7.637065037876566,True,0,mapped,True,0.0
T049,L,3281,T011,299,-12.56061591449122,0.7950467062351947,-7.262185650681349,True,0,mapped,True,0.0
T049,L,3282,T011,300,-11.383252855916512,1.328963746094702,-6.548011532834878,True,0,mapped,True,0.0
T049,L,3283,T011,301,-10.32701589791343,1.4866441405545348,-5.437302815626806,True,0,mapped,True,0.0
T049,L,3284,T011,302,-9.250984778581914,1.3203759969419917,-4.551847408493107,True,0,mapped,True,0.0
T049,L,3285,T011,303,-8.376301213155545,1.0952633619308472,-3.4977172004833488,True,0,mapped,True,0.0
T049,L,3285,T015,6,-8.376301213155545,1.095263361930847,-3.497717200483342,True,0,mapped,False,6.6650378637527805e-15
T049,L,3286,T011,305,-13.144029632101638,0.2311555187597561,-7.608420379746913,True,0,mapped,True,0.0
T049,L,3287,T011,306,-11.954428221374393,0.9202981696643708,-7.119276610886129,True,0,mapped,True,0.0
T049,L,3288,T011,307,-10.868461520748932,1.3125299122670075,-6.30577203678941,True,0,mapped,True,0.0
T049,L,3289,T011,308,-9.783652372109884,1.316112490212339,-5.279020711175667,True,0,mapped,True,0.0
T049,L,3290,T011,309,-8.668823687852743,1.0952633619308472,-4.4550833329374,True,0,mapped,True,0.0
T049,L,3290,T015,5,-8.668823687852742,1.0952633619308472,-4.455083332937396,True,0,mapped,False,4.782987168225453e-15
T049,L,3291,T011,311,-12.690043345150997,0.3015220573508185,-7.56464370564645,True,0,mapped,True,0.0
T049,L,3292,T011,312,-11.44634349172224,0.8744611202701134,-7.047407754686796,True,0,mapped,True,0.0
T049,L,3293,T011,313,-10.384836527193858,1.188126701075598,-6.174946382308509,True,0,mapped,True,0.0
T049,L,3294,T011,314,-9.190808605575212,1.0952633619308474,-5.287014224403815,True,0,mapped,True,0.0
T049,L,3294,T015,4,-9.190808605575208,1.0952633619308474,-5.287014224403811,True,0,mapped,False,5.0242958677880805e-15
T049,L,3295,T011,316,-12.105254825220216,0.3531837538661003,-7.493061347316567,True,0,mapped,True,0.0
T049,L,3296,T011,317,-10.989446143505402,0.9083501475283372,-6.872637093173148,True,0,mapped,True,0.0
T049,L,3297,T011,318,-9.865857165808956,1.0570087911072803,-5.999562630695793,True,0,mapped,True,0.0
T049,L,3297,T015,3,-9.865857165808956,1.05700879110728,-5.999562630695795,True,0,mapped,False,1.790180836524724e-15
T049,L,3298,T011,320,-11.49852480439382,0.3594896234173692,-7.38006054298447,True,0,mapped,True,0.0
T049,L,3299,T011,321,-10.498871373938291,0.8816128700335942,-6.689197540283203,True,0,mapped,True,0.0
T049,L,3299,T015,2,-10.498871373938297,0.8816128700335958,-6.689197540283203,True,0,mapped,False,5.551115123125783e-15
T049,L,3300,T011,323,-10.95046355910163,0.3397904873522646,-7.25935548882456,True,0,mapped,True,0.0
T049,L,3300,T015,1,-10.950463559101628,0.3397904873522647,-7.259355488824559,True,0,mapped,False,1.9891280697202825e-15
T049,L,3301,T012,1,-6.0953779220581055,5.411767961084664,-5.167745279221531,True,0,mapped,True,0.0
T049,L,3301,T013,1,-6.0953779220581055,5.411767961084664,-5.167745279221531,True,0,mapped,False,0.0
T049,L,3302,T012,2,-6.0953779220581055,5.6983887165679015,-4.67696675786628,True,0,mapped,True,0.0
T049,L,3302,T013,2,-6.0953779220581055,5.6983887165679015,-4.67696675786628,True,0,mapped,False,0.0
T049,L,3303,T012,3,-6.0953779220581055,5.910192858741061,-4.149298340617992,True,0,mapped,True,0.0
T049,L,3303,T013,3,-6.0953779220581055,5.910192858741062,-4.149298340617992,True,0,mapped,False,8.881784197001252e-16
T049,L,3304,T012,4,-6.095377922058105,6.22766451317991,-3.678722183969092,True,0,mapped,True,0.0
T049,L,3304,T013,4,-6.0953779220581055,6.227664513179911,-3.678722183969092,True,0,mapped,False,1.2560739669470201e-15
T049,L,3305,T012,5,-6.0953779220581055,6.624961511630231,-3.272379317944521,True,0,mapped,True,0.0
T049,L,3305,T013,5,-6.0953779220581055,6.624961511630231,-3.272379317944521,True,0,mapped,False,0.0
T049,L,3306,T012,6,-6.033624900096684,7.024159561163324,-2.8775511016399187,True,0,mapped,True,0.0
T049,L,3306,T013,6,-6.033624900096685,7.024159561163324,-2.8775511016399187,True,0,mapped,False,8.881784197001252e-16
T049,L,3307,T012,7,-5.9046491063289,7.413608313086317,-2.5082920391576824,True,0,mapped,True,0.0
T049,L,3307,T013,7,-5.9046491063289,7.413608313086318,-2.5082920391576824,True,0,mapped,False,8.881784197001252e-16
T049,L,3308,T012,8,-5.666221539726887,7.738106441365797,-2.1623572779520366,True,0,mapped,True,0.0
T049,L,3308,T013,8,-5.666221539726886,7.738106441365797,-2.1623572779520366,True,0,mapped,False,1.7763568394002505e-15
T049,L,3309,T012,9,-5.352411758157979,8.035923722435424,-1.807932850945536,True,0,mapped,True,0.0
T049,L,3309,T013,9,-5.352411758157978,8.035923722435424,-1.807932850945536,True,0,mapped,False,8.881784197001252e-16
T049,L,3310,T012,10,-5.227561716196013,8.491664811885602,-1.512597072529687,True,0,mapped,True,0.0
T049,L,3310,T013,10,-5.227561716196013,8.491664811885602,-1.512597072529687,True,0,mapped,False,0.0
T049,L,3311,T012,11,-4.911054659948317,8.792298275976087,-1.1539211768907554,True,0,mapped,True,0.0
T049,L,3311,T013,11,-4.911054659948317,8.792298275976085,-1.1539211768907554,True,0,mapped,False,1.7763568394002505e-15
T049,L,3312,T012,12,-4.653797502737966,9.135511544213616,-0.8060965086573288,True,0,mapped,True,0.0
T049,L,3312,T013,12,-4.653797502737966,9.135511544213616,-0.8060965086573288,True,0,mapped,False,0.0
T049,L,3313,T012,13,-4.376011884489986,9.430471854462793,-0.4335761660137741,True,0,mapped,True,0.0
T049,L,3313,T013,13,-4.376011884489986,9.430471854462793,-0.4335761660137741,True,0,mapped,False,0.0
T049,L,3314,T012,14,-4.076457083896735,9.633135858091736,-0.0126180387336797,True,0,mapped,True,0.0
T049,L,3314,T013,14,-4.0764570838967344,9.633135858091736,-0.0126180387336797,True,0,mapped,False,8.881784197001252e-16
T049,L,3315,T012,15,-3.874699416272828,9.898481246371684,0.4298257197195522,True,0,mapped,True,0.0
T049,L,3315,T013,15,-3.874699416272827,9.898481246371684,0.4298257197195522,True,0,mapped,False,8.881784197001252e-16
T049,L,3316,T012,16,-3.813591176721463,10.260639995816394,0.8520065789174195,True,0,mapped,True,0.0
T049,L,3316,T013,16,-3.813591176721463,10.260639995816394,0.8520065789174195,True,0,mapped,False,0.0
T049,L,3317,T012,17,-3.695377826690674,10.459443045803637,1.3233102911913714,True,0,mapped,True,0.0
T049,L,3317,T013,17,-3.695377826690674,10.459443045803637,1.3233102911913714,True,0,mapped,False,0.0
T049,L,3318,T012,18,-3.705043140247168,10.78333171629864,1.788908382246647,True,0,mapped,True,0.0
T049,L,3318,T013,18,-3.705043140247167,10.78333171629864,1.7889083822466467,True,0,mapped,False,9.155133597044475e-16
T049,L,3319,T012,19,-3.761898356185783,11.149309259801976,2.2099825719778803,True,0,mapped,True,0.0
T049,L,3319,T013,19,-3.761898356185783,11.149309259801976,2.2099825719778803,True,0,mapped,False,0.0
T049,L,3320,T012,20,-3.950295029166959,11.288915866102384,2.7195833338976656,True,0,mapped,True,0.0
T049,L,3320,T013,20,-3.950295029166959,11.288915866102384,2.7195833338976656,True,0,mapped,False,0.0
T049,L,3321,T012,21,-4.232679121064384,11.63912397933474,3.062939561056138,True,0,mapped,True,0.0
T049,L,3321,T013,21,-4.232679121064384,11.63912397933474,3.062939561056138,True,0,mapped,False,0.0
T049,L,3322,T012,22,-4.669641371053254,11.695263862609863,3.392815248621683,True,0,mapped,True,0.0
T049,L,3322,T013,22,-4.669641371053254,11.695263862609863,3.392815248621683,True,0,mapped,False,0.0
T049,L,3323,T012,23,-5.161837687296277,11.695263862609863,3.678240651116451,True,0,mapped,True,0.0
T049,L,3323,T013,23,-5.161837687296276,11.695263862609863,3.678240651116451,True,0,mapped,False,8.881784197001252e-16
T049,L,3324,T012,25,-5.822823955284339,5.105169023446782,-5.489197254180908,True,0,mapped,True,0.0
T049,L,3325,T012,26,-5.895931788401461,5.449154258274048,-4.896370542391284,True,0,mapped,True,0.0
T049,L,3326,T012,27,-5.901861698169977,5.649029382885762,-4.44462246608016,True,0,mapped,True,0.0
T049,L,3327,T012,28,-5.810734477104022,5.830549407648565,-3.891674350316306,True,0,mapped,True,0.0
T049,L,3328,T012,29,-5.823593326417563,6.150445708279271,-3.4717121851224584,True,0,mapped,True,0.0
T049,L,3329,T012,30,-5.796992214849558,6.599677007406424,-3.0083924359976164,True,0,mapped,True,0.0
T049,L,3330,T012,31,-5.704884358220851,6.9579125966709725,-2.659421166447184,True,0,mapped,True,0.0
T049,L,3331,T012,32,-5.547126232930184,7.287927350604832,-2.334798239846441,True,0,mapped,True,0.0
T049,L,3332,T012,33,-5.348970767837087,7.637524683023633,-2.005100052807668,True,0,mapped,True,0.0
T049,L,3333,T012,34,-5.10021235126716,7.971574448692321,-1.6690605898131303,True,0,mapped,True,0.0
T049,L,3334,T012,35,-4.890893009022423,8.341968821408042,-1.344730440657559,True,0,mapped,True,0.0
T049,L,3335,T012,36,-4.615690269636132,8.65521676523184,-0.9910399976121966,True,0,mapped,True,0.0
T049,L,3336,T012,37,-4.335704254870438,8.9436539609082,-0.6262308815750546,True,0,mapped,True,0.0
T049,L,3337,T012,38,-4.065683389247521,9.243674351010062,-0.2259735417734688,True,0,mapped,True,0.0
T049,L,3338,T012,39,-3.86566931268116,9.523909024570184,0.1986681769930338,True,0,mapped,True,0.0
T049,L,3339,T012,40,-3.7089956806070608,9.848576287251134,0.659426192237644,True,0,mapped,True,0.0
T049,L,3340,T012,41,-3.6307683785620086,10.037064702895837,1.0841223648791258,True,0,mapped,True,0.0
T049,L,3341,T012,42,-3.6445069339749967,10.353831853117342,1.4607910910424964,True,0,mapped,True,0.0
T049,L,3342,T012,43,-3.690519095471448,10.708589945731052,1.972008388720088,True,0,mapped,True,0.0
T049,L,3343,T012,44,-3.808270666320641,10.862324527263736,2.464395586653461,True,0,mapped,True,0.0
T049,L,3344,T012,45,-4.076064932859421,10.92185803957942,2.7947946285618865,True,0,mapped,True,0.0
T049,L,3345,T012,46,-4.467228790011278,11.12163640706892,3.119938600150752,True,0,mapped,True,0.0
T049,L,3346,T012,47,-4.972664463126337,11.277600210445156,3.3959014411029105,True,0,mapped,True,0.0
T049,L,3347,T012,48,-5.495378017425537,11.342342220695954,3.660967579106965,True,0,mapped,True,0.0
T049,L,3347,T015,48,-5.495378017425539,11.342342220695953,3.660967579106965,True,0,mapped,False,2.5121479338940403e-15
T049,L,3348,T012,49,-5.634652080973513,5.095263481140137,-5.185968526448246,True,0,mapped,True,0.0
T049,L,3349,T012,50,-5.644626089970268,5.288745883256495,-4.729963147244081,True,0,mapped,True,0.0
T049,L,3350,T012,51,-5.635732264251178,5.539646019650276,-4.2192604481982325,True,0,mapped,True,0.0
T049,L,3351,T012,52,-5.554618277258895,5.745885625358652,-3.7122505081124855,True,0,mapped,True,0.0
T049,L,3352,T012,53,-5.494898435422431,6.132289716007084,-3.1729993580308204,True,0,mapped,True,0.0
T049,L,3353,T012,54,-5.443111079487293,6.499206790791318,-2.7964469339713744,True,0,mapped,True,0.0
T049,L,3354,T012,55,-5.382197310621304,6.850785870490465,-2.484243849708995,True,0,mapped,True,0.0
T049,L,3355,T012,56,-5.242697754846394,7.187385353760055,-2.174327579056837,True,0,mapped,True,0.0
T049,L,3356,T012,57,-5.048964767005732,7.536782923504607,-1.84887459329563,True,0,mapped,True,0.0
T049,L,3357,T012,58,-4.8236331466039815,7.879272911765271,-1.5190080653270228,True,0,mapped,True,0.0
T049,L,3358,T012,59,-4.591081439564661,8.226523688843574,-1.176872546401539,True,0,mapped,True,0.0
T049,L,3359,T012,60,-4.318295644363976,8.527000720256403,-0.8080182990594629,True,0,mapped,True,0.0
T049,L,3360,T012,61,-4.031809606643721,8.773623882903532,-0.4257726380250484,True,0,mapped,True,0.0
T049,L,3361,T012,62,-3.787745441361333,9.153176979651258,0.0128521913878169,True,0,mapped,True,0.0
T049,L,3362,T012,63,-3.6582507772156094,9.5250957997051,0.4657366261096381,True,0,mapped,True,0.0
T049,L,3363,T012,64,-3.525887438313205,9.675668764724168,0.886170796666091,True,0,mapped,True,0.0
T049,L,3364,T012,65,-3.511000951456973,9.864920652726727,1.3047735249614625,True,0,mapped,True,0.0
T049,L,3365,T012,66,-3.5958961934597315,10.209346668742892,1.7202802565593085,True,0,mapped,True,0.0
T049,L,3366,T012,67,-3.6916050649195697,10.397006098070117,2.194151597766368,True,0,mapped,True,0.0
T049,L,3367,T012,68,-3.885855679590644,10.600400749463612,2.5292382562345668,True,0,mapped,True,0.0
T049,L,3368,T012,69,-4.314735670635644,10.725108471468094,2.9103474020447537,True,0,mapped,True,0.0
T049,L,3369,T012,70,-4.741267824761348,10.864838194319915,3.13476173282605,True,0,mapped,True,0.0
T049,L,3370,T012,71,-5.300309962552,10.90299887430796,3.424234633702746,True,0,mapped,True,0.0
T049,L,3370,T015,71,-5.300309962551999,10.90299887430796,3.4242346337027456,True,0,mapped,False,9.930136612989092e-16
T049,L,3371,T012,72,-5.390215906665914,5.01285268966221,-4.984035524891012,True,0,mapped,True,0.0
T049,L,3372,T012,73,-5.381824322846633,5.229008787377989,-4.490230758026532,True,0,mapped,True,0.0
T049,L,3373,T012,74,-5.319766107390248,5.420706314935648,-3.993140865595627,True,0,mapped,True,0.0
T049,L,3374,T012,75,-5.344576012753034,5.671793580675517,-3.553117737940922,True,0,mapped,True,0.0
T049,L,3375,T012,76,-5.21986266999992,6.019099683081398,-3.0198690442527782,True,0,mapped,True,0.0
T049,L,3376,T012,77,-5.099745003710354,6.35830267945993,-2.611297680696991,True,0,mapped,True,0.0
T049,L,3377,T012,78,-5.052733329085645,6.718449313910168,-2.3123941537895525,True,0,mapped,True,0.0
T049,L,3378,T012,79,-4.928327855751295,7.073164813038106,-2.0068788973911857,True,0,mapped,True,0.0
T049,L,3379,T012,80,-4.742856727066121,7.428119889802749,-1.6833390767298757,True,0,mapped,True,0.0
T049,L,3380,T012,81,-4.530739184904641,7.772978561776384,-1.3575543136241606,True,0,mapped,True,0.0
T049,L,3381,T012,82,-4.282436774507378,8.12130890977366,-0.9865128809898328,True,0,mapped,True,0.0
T049,L,3382,T012,83,-4.030442745867324,8.382566460058618,-0.6251767118894013,True,0,mapped,True,0.0
T049,L,3383,T012,84,-3.743340078754793,8.578607623271402,-0.2540540876387845,True,0,mapped,True,0.0
T049,L,3384,T012,85,-3.623456914999608,9.068635376400128,0.1874338650251321,True,0,mapped,True,0.0
T049,L,3385,T012,86,-3.4526430877624765,9.305110444360327,0.7082091271048511,True,0,mapped,True,0.0
T049,L,3386,T012,87,-3.435824634112965,9.555592985274137,1.093917228614783,True,0,mapped,True,0.0
T049,L,3387,T012,88,-3.4951326553572573,9.800172848584074,1.448934856155889,True,0,mapped,True,0.0
T049,L,3388,T012,89,-3.5887610368673863,9.955456587400455,1.942898301845447,True,0,mapped,True,0.0
T049,L,3389,T012,90,-3.718713416508392,10.2637586139322,2.3061129570322203,True,0,mapped,True,0.0
T049,L,3390,T012,91,-4.097369299276852,10.47723807011426,2.690710176884108,True,0,mapped,True,0.0
T049,L,3391,T012,92,-4.488114094549911,10.47185756579182,2.98928811686108,True,0,mapped,True,0.0
T049,L,3392,T012,93,-5.044042094035208,10.504822536806731,3.310802936553955,True,0,mapped,True,0.0
T049,L,3392,T015,93,-5.044042094035209,10.504822536806731,3.310802936553955,True,0,mapped,False,8.881784197001252e-16
T049,L,3393,T012,94,-5.130104023281372,4.997108131506581,-4.723923641506469,True,0,mapped,True,0.0
T049,L,3394,T012,95,-5.07432794387361,5.153988365984456,-4.262848570925938,True,0,mapped,True,0.0
T049,L,3395,T012,96,-5.16901140128496,5.407328481893668,-3.763602237836535,True,0,mapped,True,0.0
T049,L,3396,T012,97,-5.078045123122676,5.630164832548544,-3.312232995010781,True,0,mapped,True,0.0
T049,L,3397,T012,98,-4.969538997789893,5.964749874685098,-2.8318769376649358,True,0,mapped,True,0.0
T049,L,3398,T012,99,-4.736463734326098,6.21867565160612,-2.397729608494802,True,0,mapped,True,0.0
T049,L,3399,T012,100,-4.734389651012132,6.585440783460683,-2.1428456406416814,True,0,mapped,True,0.0
T049,L,3400,T012,101,-4.607091047506007,6.950489146229564,-1.8296977519838669,True,0,mapped,True,0.0
T049,L,3401,T012,102,-4.427213694806138,7.306346409240065,-1.5065649431258152,True,0,mapped,True,0.0
T049,L,3402,T012,103,-4.217909848828073,7.647421143657842,-1.1749243631818376,True,0,mapped,True,0.0
T049,L,3403,T012,104,-3.950136949570157,8.003074593426,-0.7647838581234662,True,0,mapped,True,0.0
T049,L,3404,T012,105,-3.6892555163216607,8.32174587593182,-0.339967957395769,True,0,mapped,True,0.0
T049,L,3405,T012,106,-3.443658124728236,8.4437429626471,0.0303645680713101,True,0,mapped,True,0.0
T049,L,3406,T012,107,-3.338407753904334,8.788973515525903,0.4419385839041926,True,0,mapped,True,0.0
T049,L,3407,T012,108,-3.325238918384496,9.15825876349122,0.926704338490246,True,0,mapped,True,0.0
T049,L,3408,T012,109,-3.389001383790013,9.436621304097624,1.247646423579016,True,0,mapped,True,0.0
T049,L,3409,T012,110,-3.4495369074304207,9.58867084731607,1.6159551496745366,True,0,mapped,True,0.0
T049,L,3410,T012,111,-3.6055815529517785,9.723030962905446,2.121804010311347,True,0,mapped,True,0.0
T049,L,3411,T012,112,-3.854991965256128,9.975900968955322,2.515546401547009,True,0,mapped,True,0.0
T049,L,3412,T012,113,-4.320723666016102,10.146952455566872,2.882204867252825,True,0,mapped,True,0.0
T049,L,3413,T012,114,-4.832786620490609,10.072749040863414,3.189890178986957,True,0,mapped,True,0.0
T049,L,3413,T015,114,-4.83278662049061,10.072749040863414,3.189890178986957,True,0,mapped,False,8.881784197001252e-16
T049,L,3414,T012,115,-4.866107660467798,4.95957911408535,-4.472314836447175,True,0,mapped,True,0.0
T049,L,3415,T012,116,-4.893548496433175,5.118023941410701,-4.0361890191276455,True,0,mapped,True,0.0
T049,L,3416,T012,117,-4.883883915984551,5.312822981034403,-3.523301554367816,True,0,mapped,True,0.0
T049,L,3417,T012,118,-4.806690683362271,5.549724494828384,-3.106534826793715,True,0,mapped,True,0.0
T049,L,3418,T012,119,-4.733671044071064,5.931883006693729,-2.636613346574612,True,0,mapped,True,0.0
T049,L,3419,T012,120,-4.494627585695389,6.179979002462502,-2.216219721817905,True,0,mapped,True,0.0
T049,L,3420,T012,121,-4.437042466702191,6.4696436804997735,-1.9710022819157929,True,0,mapped,True,0.0
T049,L,3421,T012,122,-4.293615777362639,6.829048403605657,-1.6453616556928936,True,0,mapped,True,0.0
T049,L,3422,T012,123,-4.114238600021904,7.174415375430663,-1.3241199425801933,True,0,mapped,True,0.0
T049,L,3423,T012,124,-3.900528459906136,7.499279003296802,-0.9803073432661767,True,0,mapped,True,0.0
T049,L,3424,T012,125,-3.640873665764241,7.839843013560586,-0.5586805173879631,True,0,mapped,True,0.0
T049,L,3425,T012,126,-3.5351136870387503,8.158639133302419,-0.2511947128962042,True,0,mapped,True,0.0
T049,L,3426,T012,127,-3.297356168665916,8.28395716056443,0.1351251018625397,True,0,mapped,True,0.0
T049,L,3427,T012,128,-3.2396872282537563,8.717295603085578,0.6150531441437891,True,0,mapped,True,0.0
T049,L,3428,T012,129,-3.252707778353149,8.983130931899373,1.0432024674850289,True,0,mapped,True,0.0
T049,L,3429,T012,130,-3.3394071659907003,9.238864540261568,1.43586549976958,True,0,mapped,True,0.0
T049,L,3430,T012,131,-3.4385414967192878,9.288555536148962,1.8918616201386704,True,0,mapped,True,0.0
T049,L,3431,T012,132,-3.692634147122313,9.617466804603904,2.308748596835356,True,0,mapped,True,0.0
T049,L,3432,T012,133,-4.004259560023332,9.776132473926555,2.6734464940732683,True,0,mapped,True,0.0
T049,L,3433,T012,134,-4.435630736467196,9.806467219351216,2.956936339707716,True,0,mapped,True,0.0
T049,L,3433,T015,134,-4.435630736467197,9.806467219351218,2.9569363397077164,True,0,mapped,False,2.0350724194510405e-15
T049,L,3434,T012,135,-4.562636585614453,4.822630400152221,-4.317662563332337,True,0,mapped,True,0.0
T049,L,3435,T012,136,-4.683240956736122,5.070151389201049,-3.780866693366181,True,0,mapped,True,0.0
T049,L,3436,T012,137,-4.638278239788901,5.227365024724897,-3.359849162558448,True,0,mapped,True,0.0
T049,L,3437,T012,138,-4.520163362713401,5.449554909288303,-2.913732236271736,True,0,mapped,True,0.0
T049,L,3438,T012,139,-4.438098656541773,5.782713126573103,-2.4894729589768687,True,0,mapped,True,0.0
T049,L,3439,T012,140,-4.2809754472636925,5.994323328571588,-2.1538110263075883,True,0,mapped,True,0.0
T049,L,3440,T012,141,-4.132654229918226,6.32642691986056,-1.7931337168800587,True,0,mapped,True,0.0
T049,L,3441,T012,142,-4.000068522251971,6.71586801463507,-1.4625794445143474,True,0,mapped,True,0.0
T049,L,3442,T012,143,-3.812434947076901,7.035779410255494,-1.1430838656203082,True,0,mapped,True,0.0
T049,L,3443,T012,144,-3.631670892320797,7.337170570347405,-0.818778157152329,True,0,mapped,True,0.0
T049,L,3444,T012,145,-3.384513309212929,7.625647543392807,-0.383014261741772,True,0,mapped,True,0.0
T049,L,3445,T012,146,-3.25244496746122,7.916558473400324,-0.0122810731132088,True,0,mapped,True,0.0
T049,L,3446,T012,147,-3.125502637404756,8.177279836532433,0.4143266358002043,True,0,mapped,True,0.0
T049,L,3447,T012,148,-3.098399556763335,8.501656204909683,0.9075791885810972,True,0,mapped,True,0.0
T049,L,3448,T012,149,-3.1824845705027505,8.776053357189705,1.2469453767691876,True,0,mapped,True,0.0
T049,L,3449,T012,150,-3.284694618209369,8.91258379256129,1.6287475807538063,True,0,mapped,True,0.0
T049,L,3450,T012,151,-3.482286207711885,9.08763738442594,2.059833652036656,True,0,mapped,True,0.0
T049,L,3451,T012,152,-3.837220140304349,9.409059797696772,2.503453591923705,True,0,mapped,True,0.0
T049,L,3452,T012,153,-4.1387853005057575,9.495264053344728,2.762921353600877,True,0,mapped,True,0.0
T049,L,3452,T015,153,-4.1387853005057575,9.495264053344728,2.762921353600877,True,0,mapped,False,0.0
T049,L,3453,T012,154,-4.332408821494506,4.695263385772705,-4.073032238702674,True,0,mapped,True,0.0
T049,L,3454,T012,155,-4.418283432567642,4.962760550246549,-3.503230474281016,True,0,mapped,True,0.0
T049,L,3455,T012,156,-4.394029421921454,5.126012936678089,-3.18570161490533,True,0,mapped,True,0.0
T049,L,3456,T012,157,-4.289910755236258,5.319057474616109,-2.8089946327780098,True,0,mapped,True,0.0
T049,L,3457,T012,158,-4.1946347336236895,5.576670518843748,-2.429025931534471,True,0,mapped,True,0.0
T049,L,3458,T012,159,-4.040535967007744,5.888674163914141,-1.9983674124991315,True,0,mapped,True,0.0
T049,L,3459,T012,160,-3.883534724984489,6.297246893408131,-1.5951472009758183,True,0,mapped,True,0.0
T049,L,3460,T012,161,-3.732042185892186,6.60810117141838,-1.2899256993053243,True,0,mapped,True,0.0
T049,L,3461,T012,162,-3.53983626902288,6.8943120905729,-0.9739493309836644,True,0,mapped,True,0.0
T049,L,3462,T012,163,-3.316820126266017,7.0711559630536645,-0.6563349708773887,True,0,mapped,True,0.0
T049,L,3463,T012,164,-3.205992697149931,7.5028714500598594,-0.2183778949018457,True,0,mapped,True,0.0
T049,L,3464,T012,165,-3.0409708638503794,7.691313945677029,0.249832572877323,True,0,mapped,True,0.0
T049,L,3465,T012,166,-2.9719801696079604,7.971078236986981,0.6822245216891356,True,0,mapped,True,0.0
T049,L,3466,T012,167,-3.01751365901806,8.306681441728664,1.0927997659479152,True,0,mapped,True,0.0
T049,L,3467,T012,168,-3.117078564157752,8.492039908117455,1.4443191388755294,True,0,mapped,True,0.0
T049,L,3468,T012,169,-3.312519500600062,8.73054928704487,1.866585407182971,True,0,mapped,True,0.0
T049,L,3469,T012,170,-3.575848437246877,8.938622633970866,2.2617680262022564,True,0,mapped,True,0.0
T049,L,3470,T012,171,-3.852127659624804,9.155139385456652,2.5263164268788723,True,0,mapped,True,0.0
T049,L,3470,T015,171,-3.852127659624805,9.155139385456652,2.526316426878873,True,0,mapped,False,1.2560739669470201e-15
T049,L,3471,T012,172,-4.194207812480734,4.695263385772705,-3.7324208804227057,True,0,mapped,True,0.0
T049,L,3472,T012,173,-4.1596028195181045,4.795526327076294,-3.344585936376401,True,0,mapped,True,0.0
T049,L,3473,T012,174,-4.065776728443845,4.899332692517868,-3.0523383362897984,True,0,mapped,True,0.0
T049,L,3474,T012,175,-4.039579683603992,5.195591077870395,-2.659502359102146,True,0,mapped,True,0.0
T049,L,3475,T012,176,-4.027084108740441,5.587991114573523,-2.2415255058710053,True,0,mapped,True,0.0
T049,L,3476,T012,177,-3.852530575987041,5.94819659632776,-1.7787267450985182,True,0,mapped,True,0.0
T049,L,3477,T012,178,-3.656069262134653,6.193606494497305,-1.4498603016309215,True,0,mapped,True,0.0
T049,L,3478,T012,179,-3.4882332537461327,6.49493307033188,-1.130486574697786,True,0,mapped,True,0.0
T049,L,3479,T012,180,-3.293671730766613,6.7521341995487365,-0.8138155187885084,True,0,mapped,True,0.0
T049,L,3480,T012,181,-3.097531944626632,6.982323278020738,-0.4576173739121504,True,0,mapped,True,0.0
T049,L,3481,T012,182,-2.9538314380594666,7.216944876579239,-0.0669382264517044,True,0,mapped,True,0.0
T049,L,3482,T012,183,-2.916973461498153,7.564353860461312,0.4889567077003529,True,0,mapped,True,0.0
T049,L,3483,T012,184,-2.8961776056329724,7.865977773312739,0.8810310502971117,True,0,mapped,True,0.0
T049,L,3484,T012,185,-2.92892699881872,8.078876658310339,1.3421652349539137,True,0,mapped,True,0.0
T049,L,3485,T012,186,-3.107850887656037,8.322829086177183,1.6530558402384188,True,0,mapped,True,0.0
T049,L,3486,T012,187,-3.3058126986394054,8.513288908381092,2.0476424396225847,True,0,mapped,True,0.0
T049,L,3487,T012,188,-3.564658402917705,8.740505062721196,2.3341359752209163,True,0,mapped,True,0.0
T049,L,3487,T015,188,-3.564658402917706,8.740505062721196,2.3341359752209163,True,0,mapped,False,8.881784197001252e-16
T049,L,3488,T012,189,-3.958195204378157,4.5831983883919385,-3.512164820201548,True,0,mapped,True,0.0
T049,L,3489,T012,190,-3.941233377491842,4.696779007039939,-3.174446593777441,True,0,mapped,True,0.0
T049,L,3490,T012,191,-3.85489390023713,4.871672181782424,-2.819540399280645,True,0,mapped,True,0.0
T049,L,3491,T012,192,-3.846774366934962,5.169067911193083,-2.470551162216163,True,0,mapped,True,0.0
T049,L,3492,T012,193,-3.807694679970833,5.543824490640132,-2.0477232369371743,True,0,mapped,True,0.0
T049,L,3493,T012,194,-3.597801767807569,5.803814182191412,-1.632890014002503,True,0,mapped,True,0.0
T049,L,3494,T012,195,-3.425873710019584,6.097193479442522,-1.288275458025174,True,0,mapped,True,0.0
T049,L,3495,T012,196,-3.2560269847953265,6.367097148678007,-0.974336010755238,True,0,mapped,True,0.0
T049,L,3496,T012,197,-3.061169668091468,6.602178862664171,-0.6547291805036997,True,0,mapped,True,0.0
T049,L,3497,T012,198,-2.830812493278017,6.760972375279507,-0.2930578284257403,True,0,mapped,True,0.0
T049,L,3498,T012,199,-2.86761603141858,7.127933995053068,0.0122204219948361,True,0,mapped,True,0.0
T049,L,3499,T012,200,-2.8305804828971968,7.412987225866154,0.6295181158277401,True,0,mapped,True,0.0
T049,L,3500,T012,201,-2.832506516888379,7.72511856909705,1.083432799250793,True,0,mapped,True,0.0
T049,L,3501,T012,202,-2.903230478518358,7.900686820515856,1.52987939263794,True,0,mapped,True,0.0
T049,L,3502,T012,203,-3.0729852224095087,8.090977219053638,1.8426082990149788,True,0,mapped,True,0.0
T049,L,3503,T012,204,-3.299841739854154,8.301043632024603,2.207665128513808,True,0,mapped,True,0.0
T049,L,3503,T015,204,-3.299841739854154,8.301043632024601,2.207665128513808,True,0,mapped,False,1.7763568394002505e-15
T049,L,3504,T012,205,-3.657084855994092,4.409718042229637,-3.4509045219029058,True,0,mapped,True,0.0
T049,L,3505,T012,206,-3.709640422426733,4.609286061594647,-3.01694761187707,True,0,mapped,True,0.0
T049,L,3506,T012,207,-3.6389691168399567,4.805023415219613,-2.672278302766351,True,0,mapped,True,0.0
T049,L,3507,T012,208,-3.6263846601908174,5.06604354354149,-2.3323887253687934,True,0,mapped,True,0.0
T049,L,3508,T012,209,-3.6169136505839656,5.51726544958153,-1.8685137003046663,True,0,mapped,True,0.0
T049,L,3509,T012,210,-3.2896627480414264,5.676618799226751,-1.4230240346732157,True,0,mapped,True,0.0
T049,L,3510,T012,211,-3.216342589820726,5.967172635684085,-1.1519134242681657,True,0,mapped,True,0.0
T049,L,3511,T012,212,-3.029037140635981,6.244255407739399,-0.7958489996221545,True,0,mapped,True,0.0
T049,L,3512,T012,213,-2.849412073219735,6.400161662566821,-0.5144737051294874,True,0,mapped,True,0.0
T049,L,3513,T012,214,-2.691079113946514,6.661753183922236,-0.1443306771190291,True,0,mapped,True,0.0
T049,L,3514,T012,215,-2.6806501911445912,6.99923364751521,0.3599522737940365,True,0,mapped,True,0.0
T049,L,3515,T012,216,-2.704195998039429,7.215888849044375,0.852545573140485,True,0,mapped,True,0.0
T049,L,3516,T012,217,-2.742169436588876,7.47976893725065,1.2636008815104676,True,0,mapped,True,0.0
T049,L,3517,T012,218,-2.8564534035447604,7.704401054201567,1.7713491524386942,True,0,mapped,True,0.0
T049,L,3518,T012,219,-3.034386957300863,7.849195878706913,2.1108028888702384,True,0,mapped,True,0.0
T049,L,3518,T015,219,-3.0343869573008626,7.849195878706911,2.110802888870241,True,0,mapped,False,3.794299872214038e-15
T049,L,3519,T012,220,-3.3810461069522324,4.328040261184363,-3.227876074759259,True,0,mapped,True,0.0
T049,L,3520,T012,221,-3.376787843654396,4.518745579334559,-2.811897681662796,True,0,mapped,True,0.0
T049,L,3521,T012,222,-3.334312237252522,4.676430598370047,-2.503409550225329,True,0,mapped,True,0.0
T049,L,3522,T012,223,-3.304421991238333,4.79344103188737,-2.2905957437470783,True,0,mapped,True,0.0
T049,L,3523,T012,224,-3.2733002502079915,5.4447621769218575,-1.584616183761593,True,0,mapped,True,0.0
T049,L,3524,T012,225,-3.108270625027157,5.601404783279856,-1.2744601121044232,True,0,mapped,True,0.0
T049,L,3525,T012,226,-3.0135704338062848,5.83096040413352,-1.0146828575719316,True,0,mapped,True,0.0
T049,L,3526,T012,227,-2.8351016768677586,6.110868718775878,-0.6309156843772137,True,0,mapped,True,0.0
T049,L,3527,T012,228,-2.6367349056868727,6.246676817111606,-0.3153223890453262,True,0,mapped,True,0.0
T049,L,3528,T012,229,-2.515300870200099,6.475607226974597,0.1202570837968925,True,0,mapped,True,0.0
T049,L,3529,T012,230,-2.534229875015209,6.794244941900962,0.5860139072938908,True,0,mapped,True,0.0
T049,L,3530,T012,231,-2.5861836141289176,7.002403816031876,1.0986746406183472,True,0,mapped,True,0.0
T049,L,3531,T012,232,-2.6704880247692584,7.241318181435692,1.6338323269258432,True,0,mapped,True,0.0
T049,L,3532,T012,233,-2.816500639973655,7.351017989107318,2.110802888870239,True,0,mapped,True,0.0
T049,L,3532,T015,233,-2.816500639973655,7.351017989107317,2.11080288887024,True,0,mapped,False,2.220446049250313e-15
T049,L,3533,T012,234,-3.081027592587424,4.176859423507731,-3.07877641000421,True,0,mapped,True,0.0
T049,L,3534,T012,235,-3.109881201092516,4.427834627191457,-2.597984840099794,True,0,mapped,True,0.0
T049,L,3535,T012,236,-3.0785144184437927,4.54924724398321,-2.3277397136287274,True,0,mapped,True,0.0
T049,L,3536,T012,237,-3.109416599449148,4.825132788309142,-2.0072278955202942,True,0,mapped,True,0.0
T049,L,3537,T012,238,-2.989855315357782,5.206596905475747,-1.4792427642214103,True,0,mapped,True,0.0
T049,L,3538,T012,239,-2.907442665875296,5.500729067836187,-1.126454914604131,True,0,mapped,True,0.0
T049,L,3539,T012,240,-2.779335073190765,5.749503170330408,-0.7663611759477428,True,0,mapped,True,0.0
T049,L,3540,T012,241,-2.664117322266632,5.912835276552238,-0.4874446811035533,True,0,mapped,True,0.0
T049,L,3541,T012,242,-2.4895922903552505,6.113088029137032,-0.1153634297572368,True,0,mapped,True,0.0
T049,L,3542,T012,243,-2.388441649620012,6.27089195148724,0.3539978005414163,True,0,mapped,True,0.0
T049,L,3543,T012,244,-2.416265503116908,6.529878699687649,0.8296120334307313,True,0,mapped,True,0.0
T049,L,3544,T012,245,-2.4953398430211653,6.774850216117077,1.359118392331373,True,0,mapped,True,0.0
T049,L,3545,T012,246,-2.59786468250894,6.902194003873142,1.9153374551585416,True,0,mapped,True,0.0
T049,L,3545,T015,246,-2.59786468250894,6.902194003873142,1.9153374551585416,True,0,mapped,False,0.0
T049,L,3546,T012,247,-2.8613068386578586,4.108821685182006,-2.8315005975050638,True,0,mapped,True,0.0
T049,L,3547,T012,248,-2.8561365949014523,4.249972272877047,-2.471891038050021,True,0,mapped,True,0.0
T049,L,3548,T012,249,-2.893437233921255,4.428955870756512,-2.2088143450551034,True,0,mapped,True,0.0
T049,L,3549,T012,250,-2.8105401836780115,4.717193995823673,-1.752693468845807,True,0,mapped,True,0.0
T049,L,3550,T012,251,-2.716536444451002,5.017706134742854,-1.3257993283570704,True,0,mapped,True,0.0
T049,L,3551,T012,252,-2.599377714871902,5.280395577032991,-0.9044009850612308,True,0,mapped,True,0.0
T049,L,3552,T012,253,-2.5567751606998383,5.514215874176111,-0.5870232620252518,True,0,mapped,True,0.0
T049,L,3553,T012,254,-2.482295349285739,5.74360294079579,-0.2785679847744132,True,0,mapped,True,0.0
T049,L,3554,T012,255,-2.381172211404239,5.884049795985167,0.0377704609738651,True,0,mapped,True,0.0
T049,L,3555,T012,256,-2.3053778703919745,6.141419716731935,0.5447378506663818,True,0,mapped,True,0.0
T049,L,3556,T012,257,-2.3352771274273727,6.369292655283765,1.1087958510397526,True,0,mapped,True,0.0
T049,L,3557,T012,258,-2.366970954590676,6.475927953628302,1.6858230108086778,True,0,mapped,True,0.0
T049,L,3557,T015,258,-2.366970954590676,6.475927953628302,1.6858230108086782,True,0,mapped,False,4.440892098500626e-16
T049,L,3558,T012,259,-2.618473283726847,3.976833966119244,-2.6598864977616827,True,0,mapped,True,0.0
T049,L,3559,T012,260,-2.6279298852127937,4.138066161386321,-2.2879772293677663,True,0,mapped,True,0.0
T049,L,3560,T012,261,-2.690759363755812,4.340564546691372,-2.0331406789081146,True,0,mapped,True,0.0
T049,L,3561,T012,262,-2.5758265503535536,4.530989978821324,-1.6610747269235926,True,0,mapped,True,0.0
T049,L,3562,T012,263,-2.530918707713508,4.801368753438532,-1.3078141896325712,True,0,mapped,True,0.0
T049,L,3563,T012,264,-2.5009279325720537,5.084089924364555,-0.9507802462338572,True,0,mapped,True,0.0
T049,L,3564,T012,265,-2.426940475652058,5.317983730276727,-0.5318907804026376,True,0,mapped,True,0.0
T049,L,3565,T012,266,-2.375401956355908,5.543757754272519,-0.1925144686337386,True,0,mapped,True,0.0
T049,L,3566,T012,267,-2.2561236274531606,5.6998736434361925,0.2491385074976449,True,0,mapped,True,0.0
T049,L,3567,T012,268,-2.2011398982407098,5.950534257968335,0.7992849339470175,True,0,mapped,True,0.0
T049,L,3568,T012,269,-2.2229875101157104,6.1131128705339695,1.328652185460394,True,0,mapped,True,0.0
T049,L,3568,T015,269,-2.222987510115709,6.113112870533966,1.3286521854603974,True,0,mapped,False,5.04876895886056e-15
T049,L,3569,T012,270,-2.329906394955972,3.806740729926435,-2.5105659140577483,True,0,mapped,True,0.0
T049,L,3570,T012,271,-2.3637875782772872,3.9742127396843214,-2.176855370427166,True,0,mapped,True,0.0
T049,L,3571,T012,272,-2.3766861723844595,4.157110899774804,-1.848112069649407,True,0,mapped,True,0.0
T049,L,3572,T012,273,-2.4022664623848,4.376865132936369,-1.6029546615476056,True,0,mapped,True,0.0
T049,L,3573,T012,274,-2.4242728344085496,4.709236953611773,-1.245033621025592,True,0,mapped,True,0.0
T049,L,3574,T012,275,-2.3423661608345485,4.931940243361158,-0.8262000457294592,True,0,mapped,True,0.0
T049,L,3575,T012,276,-2.281781911670439,5.143807601407988,-0.3992569560363477,True,0,mapped,True,0.0
T049,L,3576,T012,277,-2.201398252387383,5.297709735862812,-0.0038076566250343,True,0,mapped,True,0.0
T049,L,3577,T012,278,-2.1055488004674507,5.480516907499819,0.5453757053620005,True,0,mapped,True,0.0
T049,L,3578,T012,279,-2.0626346118462706,5.695890662553821,1.062146047615344,True,0,mapped,True,0.0
T049,L,3578,T015,279,-2.0626346118462706,5.695890662553821,1.0621460476153446,True,0,mapped,False,6.661338147750939e-16
T049,L,3579,T012,280,-2.1038246702671866,3.695263624191284,-2.251866643245678,True,0,mapped,True,0.0
T049,L,3580,T012,281,-2.1618794549534663,3.862843119626766,-1.9763413741281572,True,0,mapped,True,0.0
T049,L,3581,T012,282,-2.2138939600742007,4.075086033234188,-1.7116140872296433,True,0,mapped,True,0.0
T049,L,3582,T012,283,-2.2728467273400765,4.2960919549464265,-1.4956019599883787,True,0,mapped,True,0.0
T049,L,3583,T012,284,-2.230144613765199,4.533041431933261,-1.1002201286584337,True,0,mapped,True,0.0
T049,L,3584,T012,285,-2.14171795380632,4.691208043611943,-0.6860117710749826,True,0,mapped,True,0.0
T049,L,3585,T012,286,-2.1326976410525065,4.95254531159372,-0.2527289855214689,True,0,mapped,True,0.0
T049,L,3586,T012,287,-2.06090147050383,5.06684602629999,0.152076749669867,True,0,mapped,True,0.0
T049,L,3587,T012,288,-2.014380087501309,5.291496139350352,0.7070352297067288,True,0,mapped,True,0.0
T049,L,3587,T015,288,-2.014380087501309,5.291496139350352,0.7070352297067288,True,0,mapped,False,0.0
T049,L,3588,T012,289,-1.9489263610790175,3.559378036544562,-1.9943370233814248,True,0,mapped,True,0.0
T049,L,3589,T012,290,-1.9843379335273328,3.691770659263232,-1.8297731698848003,True,0,mapped,True,0.0
T049,L,3590,T012,291,-2.023104423960437,3.85409391052667,-1.601677092523272,True,0,mapped,True,0.0
T049,L,3591,T012,292,-2.076136235210871,4.092431782701157,-1.322479850356248,True,0,mapped,True,0.0
T049,L,3592,T012,293,-2.0860150287043155,4.3813031749556135,-0.9278073871661492,True,0,mapped,True,0.0
T049,L,3593,T012,294,-2.022370092870754,4.538449257682196,-0.5577209394032132,True,0,mapped,True,0.0
T049,L,3594,T012,295,-2.004292761460015,4.741403928896284,-0.1241088004146712,True,0,mapped,True,0.0
T049,L,3595,T012,296,-1.963099164221657,4.9087410700497465,0.3242802275691553,True,0,mapped,True,0.0
T049,L,3595,T015,296,-1.9630991642216569,4.908741070049745,0.3242802275691554,True,0,mapped,False,1.793620188084545e-15
T049,L,3596,T012,297,-1.722925467816807,3.2952635288238525,-1.885625152329785,True,0,mapped,True,0.0
T049,L,3597,T012,298,-1.857722857376455,3.5573245560090827,-1.683681578593729,True,0,mapped,True,0.0
T049,L,3598,T012,299,-1.880386100484472,3.703927273746435,-1.4062983502403923,True,0,mapped,True,0.0
T049,L,3599,T012,300,-1.9194554580014889,3.912895338265909,-1.0947178048963215,True,0,mapped,True,0.0
T049,L,3600,T012,301,-1.953584423487685,4.133636402009559,-0.8310101992321105,True,0,mapped,True,0.0
T049,L,3601,T012,302,-1.906540165675305,4.319269380053605,-0.4470027623231453,True,0,mapped,True,0.0
T049,L,3602,T012,303,-1.8953776359558103,4.519385222497249,0.0198470360511801,True,0,mapped,True,0.0
T049,L,3602,T015,303,-1.8953776359558103,4.519385222497249,0.0198470360511801,True,0,mapped,False,0.0
T049,L,3603,T012,304,-1.5321477498150875,3.1033331742115218,-1.6933087366090755,True,0,mapped,True,0.0
T049,L,3604,T012,305,-1.6797138353803251,3.3382539898759127,-1.4640870616585715,True,0,mapped,True,0.0
T049,L,3605,T012,306,-1.7186982023282855,3.4776303279391327,-1.2478984428883295,True,0,mapped,True,0.0
T049,L,3606,T012,307,-1.7954774269159586,3.705285167428409,-1.0273597769902467,True,0,mapped,True,0.0
T049,L,3607,T012,308,-1.8440876282571053,3.926066034134423,-0.6818783889713601,True,0,mapped,True,0.0
T049,L,3608,T012,309,-1.8248916468240952,4.105171521770403,-0.2792891798928309,True,0,mapped,True,0.0
T049,L,3608,T015,309,-1.8248916468240952,4.105171521770402,-0.2792891798928306,True,0,mapped,False,9.485749680535094e-16
T049,L,3609,T012,310,-1.3693669753490811,2.8721989283624145,-1.4891972541809084,True,0,mapped,True,0.0
T049,L,3610,T012,311,-1.5098619252512,3.086922103257405,-1.3585501489011165,True,0,mapped,True,0.0
T049,L,3611,T012,312,-1.6068130546040222,3.2848728494012738,-1.0717331626105229,True,0,mapped,True,0.0
T049,L,3612,T012,313,-1.6788838425436832,3.508428638073923,-0.9154046801931476,True,0,mapped,True,0.0
T049,L,3613,T012,314,-1.7445136163202792,3.7269129844220976,-0.6575478490162786,True,0,mapped,True,0.0
T049,L,3613,T015,314,-1.7445136163202786,3.726912984422097,-0.6575478490162785,True,0,mapped,False,8.08254562088053e-16
T049,L,3614,T012,315,-1.2953776121139526,2.6307765234448626,-1.2952727734280125,True,0,mapped,True,0.0
T049,L,3615,T012,316,-1.4232755447921364,2.881846425773376,-1.1870029128874442,True,0,mapped,True,0.0
T049,L,3616,T012,317,-1.5145096843586408,3.0334643009160684,-0.9506866512452474,True,0,mapped,True,0.0
T049,L,3617,T012,318,-1.581050912015964,3.2231378722845148,-0.6891972422599792,True,0,mapped,True,0.0
T049,L,3617,T015,318,-1.5810509120159644,3.2231378722845148,-0.6891972422599794,True,0,mapped,False,4.577566798522237e-16
T049,L,3618,T012,319,-1.3033513959839889,2.401563751109585,-1.029033639558551,True,0,mapped,True,0.0
T049,L,3619,T012,320,-1.3709499520381725,2.5750047697916227,-0.9936494545433762,True,0,mapped,True,0.0
T049,L,3620,T012,321,-1.4566528638512144,2.7609850726246816,-0.8811123975811094,True,0,mapped,True,0.0
T049,L,3620,T015,321,-1.4566528638512144,2.760985072624679,-0.8811123975811074,True,0,mapped,False,3.3306690738754696e-15
T049,L,3621,T012,322,-1.3182796715865877,2.226565055055404,-0.9510579571440196,True,2,smooth_near_vertex,True,0.0
T049,L,3622,T012,323,-1.3241550820833452,2.2344283135477023,-0.8923515041351007,True,0,mapped,True,0.0
T049,L,3622,T015,323,-1.3241550820833454,2.234428313547701,-0.8923515041350999,True,0,mapped,False,1.5582722720639762e-15
T049,L,3623,T012,324,-1.2746622562408447,1.695263385772705,-0.8891972303390503,True,-1,landmark_vertex,True,0.0
T049,L,3623,T014,324,-1.2746622562408447,1.695263385772705,-0.8891972303390503,True,0,mapped,False,0.0
T049,L,3623,T015,324,-1.2746622562408447,1.695263385772705,-0.8891972303390503,True,0,mapped,False,0.0
T049,L,3624,T013,26,-6.486647161836147,5.718055651153077,-5.057628724033023,True,0,mapped,True,0.0
T049,L,3625,T013,27,-6.456328446022909,6.009558331525248,-4.480127952447435,True,0,mapped,True,0.0
T049,L,3626,T013,28,-6.408514844891619,6.231496000089004,-4.057447255890522,True,0,mapped,True,0.0
T049,L,3627,T013,29,-6.488890236174109,6.735034587379341,-3.557878308841975,True,0,mapped,True,0.0
T049,L,3628,T013,30,-6.334807996526781,7.08660503032495,-3.0845210677039145,True,0,mapped,True,0.0
T049,L,3629,T013,31,-6.15779460997942,7.446398842368314,-2.6656374484177907,True,0,mapped,True,0.0
T049,L,3630,T013,32,-6.009217740728197,7.832311391792354,-2.3351109623340727,True,0,mapped,True,0.0
T049,L,3631,T013,33,-5.817324880618095,8.205215637115824,-2.0232267511588287,True,0,mapped,True,0.0
T049,L,3632,T013,34,-5.599887937139831,8.575408314008905,-1.716989572627838,True,0,mapped,True,0.0
T049,L,3633,T013,35,-5.371979087615284,8.9413306338235,-1.41052233796437,True,0,mapped,True,0.0
T049,L,3634,T013,36,-5.119890038717419,9.287461237134396,-1.095053563246132,True,0,mapped,True,0.0
T049,L,3635,T013,37,-4.880365650703762,9.628227441158955,-0.7758928975980922,True,0,mapped,True,0.0
T049,L,3636,T013,38,-4.64255881265558,9.94520902505587,-0.4266704095914136,True,0,mapped,True,0.0
T049,L,3637,T013,39,-4.443367388055872,10.29677208195848,-0.0219802585241253,True,0,mapped,True,0.0
T049,L,3638,T013,40,-4.279903913925415,10.632930234548976,0.4125274558295647,True,0,mapped,True,0.0
T049,L,3639,T013,41,-4.137145434961541,10.940558500373212,0.8544029685985899,True,0,mapped,True,0.0
T049,L,3640,T013,42,-3.997795657891461,11.231603811220284,1.332950357746732,True,0,mapped,True,0.0
T049,L,3641,T013,43,-3.96467754024056,11.637279997425878,1.8717922147599029,True,0,mapped,True,0.0
T049,L,3642,T013,44,-4.039990856082539,11.928516749888953,2.409619760748565,True,0,mapped,True,0.0
T049,L,3643,T013,45,-4.27699390910308,12.112867808345332,2.974667924275354,True,0,mapped,True,0.0
T049,L,3644,T013,46,-4.7220461262161,12.17261359458086,3.53619940177798,True,0,mapped,True,0.0
T049,L,3645,T013,47,-5.326693721334122,12.074375207049831,3.9350836886117073,True,0,mapped,True,0.0
T049,L,3646,T013,50,-6.770979655574895,6.099445858432263,-4.81485202728534,True,0,mapped,True,0.0
T049,L,3647,T013,51,-6.679538930376947,6.343802582872704,-4.262695536649988,True,0,mapped,True,0.0
T049,L,3648,T013,52,-6.819450710394695,6.759923889056618,-3.915595897385417,True,0,mapped,True,0.0
T049,L,3649,T013,53,-6.646790599837315,7.1760362612094175,-3.3093127053560263,True,0,mapped,True,0.0
T049,L,3650,T013,54,-6.469015903021239,7.528757449245361,-2.8548164761382755,True,0,mapped,True,0.0
T049,L,3651,T013,55,-6.337478648956096,7.918359090898225,-2.5031623090967456,True,0,mapped,True,0.0
T049,L,3652,T013,56,-6.185828099806839,8.306269148480132,-2.1998391985671386,True,0,mapped,True,0.0
T049,L,3653,T013,57,-6.001135614662866,8.688568054958669,-1.9107613794839629,True,0,mapped,True,0.0
T049,L,3654,T013,58,-5.793591983142496,9.066930944880642,-1.6219290312661658,True,0,mapped,True,0.0
T049,L,3655,T013,59,-5.5675244984515935,9.437216313495824,-1.325360108377053,True,0,mapped,True,0.0
T049,L,3656,T013,60,-5.338556536919008,9.804123874321307,-1.0220699109464575,True,0,mapped,True,0.0
T049,L,3657,T013,61,-5.119334360520184,10.170497397692646,-0.6920465129944675,True,0,mapped,True,0.0
T049,L,3658,T013,62,-4.926056286616673,10.555832870497031,-0.3300535711650214,True,0,mapped,True,0.0
T049,L,3659,T013,63,-4.757436468928169,10.93538018128457,0.0679964486775326,True,0,mapped,True,0.0
T049,L,3660,T013,64,-4.596096155482793,11.289602857622368,0.4946734689080994,True,0,mapped,True,0.0
T049,L,3661,T013,65,-4.448508272928232,11.651872177242838,0.9849854017179648,True,0,mapped,True,0.0
T049,L,3662,T013,66,-4.402003940458344,12.03972893356652,1.5184057640097022,True,0,mapped,True,0.0
T049,L,3663,T013,67,-4.502661340907434,12.36335309807406,2.099842433187146,True,0,mapped,True,0.0
T049,L,3664,T013,68,-4.611582492072632,12.538264228541369,2.818863080208745,True,0,mapped,True,0.0
T049,L,3665,T013,69,-5.003825415715849,12.669097552484551,3.54766327911155,True,0,mapped,True,0.0
T049,L,3666,T013,70,-5.744555558391908,12.412741710599846,4.109043112778023,True,0,mapped,True,0.0
T049,L,3667,T013,73,-7.000151130953884,6.481343205758866,-4.5637787521851285,True,0,mapped,True,0.0
T049,L,3668,T013,74,-7.019700573225478,6.868256689317218,-4.0666197508747,True,0,mapped,True,0.0
T049,L,3669,T013,75,-6.932133892444084,7.270606522208141,-3.52698194205888,True,0,mapped,True,0.0
T049,L,3670,T013,76,-6.817420215378958,7.635904291900473,-3.088910207897233,True,0,mapped,True,0.0
T049,L,3671,T013,77,-6.679627235074748,8.015385911931121,-2.6898407795639594,True,0,mapped,True,0.0
T049,L,3672,T013,78,-6.550397624114768,8.40464121866456,-2.3745929205550484,True,0,mapped,True,0.0
T049,L,3673,T013,79,-6.390585708872333,8.79508752132251,-2.0878574086695223,True,0,mapped,True,0.0
T049,L,3674,T013,80,-6.203527313252809,9.183869397996764,-1.806861328065864,True,0,mapped,True,0.0
T049,L,3675,T013,81,-5.996870601745954,9.56971510717734,-1.5200309169833783,True,0,mapped,True,0.0
T049,L,3676,T013,82,-5.7828278213079045,9.955707854616003,-1.2227207311344126,True,0,mapped,True,0.0
T049,L,3677,T013,83,-5.574339701174496,10.347258916847627,-0.9068843103747952,True,0,mapped,True,0.0
T049,L,3678,T013,84,-5.381334759890721,10.74621337111888,-0.5608736060957207,True,0,mapped,True,0.0
T049,L,3679,T013,85,-5.210169462847487,11.145255192634824,-0.1791146083749027,True,0,mapped,True,0.0
T049,L,3680,T013,86,-5.059879410491959,11.530428465836543,0.2435281137031613,True,0,mapped,True,0.0
T049,L,3681,T013,87,-4.94660064451629,11.907300832179908,0.721199595949097,True,0,mapped,True,0.0
T049,L,3682,T013,88,-4.926811887971022,12.281481984802218,1.2545391700203652,True,0,mapped,True,0.0
T049,L,3683,T013,89,-5.019239335892051,12.601824216883298,1.84660791545076,True,0,mapped,True,0.0
T049,L,3684,T013,90,-5.218191258623225,12.825118835012502,2.553354848587655,True,0,mapped,True,0.0
T049,L,3685,T013,91,-5.618862384564747,12.894565556399662,3.345857637732345,True,0,mapped,True,0.0
T049,L,3686,T013,92,-6.288311456678658,12.60574895024001,3.970600522407925,True,0,mapped,True,0.0
T049,L,3687,T013,95,-7.255578477869292,7.008142277394979,-4.25203158866009,True,0,mapped,True,0.0
T049,L,3688,T013,96,-7.285459629869579,7.366172918034912,-3.862682821811471,True,0,mapped,True,0.0
T049,L,3689,T013,97,-7.163896055961459,7.746245680315188,-3.338771553818048,True,0,mapped,True,0.0
T049,L,3690,T013,98,-7.041244215912847,8.123931236330717,-2.913586421930356,True,0,mapped,True,0.0
T049,L,3691,T013,99,-6.922372507766689,8.50761464392428,-2.565909292230268,True,0,mapped,True,0.0
T049,L,3692,T013,100,-6.780844872072116,8.89936869527303,-2.265526458374237,True,0,mapped,True,0.0
T049,L,3693,T013,101,-6.61021782161194,9.293529483916874,-1.9799005815850796,True,0,mapped,True,0.0
T049,L,3694,T013,102,-6.4193555772844615,9.68907912164378,-1.6943812731157213,True,0,mapped,True,0.0
T049,L,3695,T013,103,-6.219037829502266,10.085359033419898,-1.3976551122710257,True,0,mapped,True,0.0
T049,L,3696,T013,104,-6.020084964220143,10.486956794190204,-1.0843613564840753,True,0,mapped,True,0.0
T049,L,3697,T013,105,-5.832500857067901,10.89189797905782,-0.7437307739116464,True,0,mapped,True,0.0
T049,L,3698,T013,106,-5.663404202444349,11.297931156365529,-0.3692747909063217,True,0,mapped,True,0.0
T049,L,3699,T013,107,-5.521128847904578,11.690991850724862,0.049893843967665,True,0,mapped,True,0.0
T049,L,3700,T013,108,-5.4333139305054265,12.053093085811772,0.535201779397862,True,0,mapped,True,0.0
T049,L,3701,T013,109,-5.416663046673789,12.39047534652671,1.073378012729859,True,0,mapped,True,0.0
T049,L,3702,T013,110,-5.494132639800066,12.663044411924163,1.676169445569833,True,0,mapped,True,0.0
T049,L,3703,T013,111,-5.704199578573199,12.833413381752456,2.371808045517679,True,0,mapped,True,0.0
T049,L,3704,T013,112,-6.211201050740142,12.898166891800992,3.099803514373071,True,0,mapped,True,0.0
T049,L,3705,T013,113,-6.745717270872007,12.635212179174363,3.572697531494154,True,0,mapped,True,0.0
T049,L,3706,T013,116,-7.54899629706857,7.549980653195362,-4.101687741154587,True,0,mapped,True,0.0
T049,L,3707,T013,117,-7.487866547382659,7.8770705892717565,-3.602750399782233,True,0,mapped,True,0.0
T049,L,3708,T013,118,-7.4053064467012,8.241542353470255,-3.1578436828042915,True,0,mapped,True,0.0
T049,L,3709,T013,119,-7.3040269838648975,8.619417237056258,-2.782770153876223,True,0,mapped,True,0.0
T049,L,3710,T013,120,-7.178372197775277,9.005798220594993,-2.4563855059090307,True,0,mapped,True,0.0
T049,L,3711,T013,121,-7.022568965645356,9.399311027024918,-2.1556536958534886,True,0,mapped,True,0.0
T049,L,3712,T013,122,-6.843446829371633,9.79812367897896,-1.86253828675572,True,0,mapped,True,0.0
T049,L,3713,T013,123,-6.652889830124956,10.200215769463204,-1.563061603979138,True,0,mapped,True,0.0
T049,L,3714,T013,124,-6.462183181699773,10.604926117392264,-1.2460723255454973,True,0,mapped,True,0.0
T049,L,3715,T013,125,-6.281033072832989,11.010465437272927,-0.9031269654222897,True,0,mapped,True,0.0
T049,L,3716,T013,126,-6.121119480554937,11.409763614242848,-0.522568025252987,True,0,mapped,True,0.0
T049,L,3717,T013,127,-5.99067131411219,11.795132454617267,-0.1006084559267697,True,0,mapped,True,0.0
T049,L,3718,T013,128,-5.913618133008422,12.144995221669962,0.381805800780643,True,0,mapped,True,0.0
T049,L,3719,T013,129,-5.903802236457774,12.453998034089103,0.9209961223203056,True,0,mapped,True,0.0
T049,L,3720,T013,130,-5.987978460857224,12.6864854875616,1.5251418630817055,True,0,mapped,True,0.0
T049,L,3721,T013,131,-6.244586463190303,12.832863363009556,2.2078943348232083,True,0,mapped,True,0.0
T049,L,3722,T013,132,-6.692047910559593,12.8476775826561,2.812489679134265,True,0,mapped,True,0.0
T049,L,3723,T013,133,-7.101876534954658,12.639576869472137,3.2640161304236903,True,0,mapped,True,0.0
T049,L,3724,T013,136,-7.785388229189782,8.034584659328258,-3.849257194667202,True,0,mapped,True,0.0
T049,L,3725,T013,137,-7.759933597662316,8.374852137645908,-3.40675383896636,True,0,mapped,True,0.0
T049,L,3726,T013,138,-7.687069335724071,8.739184377029163,-3.012686887433913,True,0,mapped,True,0.0
T049,L,3727,T013,139,-7.581823884721464,9.115720856105488,-2.6622220587358223,True,0,mapped,True,0.0
T049,L,3728,T013,140,-7.441398129693953,9.503614460149333,-2.3419372676866965,True,0,mapped,True,0.0
T049,L,3729,T013,141,-7.274274618346668,9.900417770743768,-2.03311356800398,True,0,mapped,True,0.0
T049,L,3730,T013,142,-7.090891390701845,10.30333681240851,-1.7242195369526916,True,0,mapped,True,0.0
T049,L,3731,T013,143,-6.906003953123701,10.707214764268423,-1.400248333896622,True,0,mapped,True,0.0
T049,L,3732,T013,144,-6.729654537149221,11.1102519132135,-1.0516256589222306,True,0,mapped,True,0.0
T049,L,3733,T013,145,-6.574890598196804,11.503408210378613,-0.6675717082730501,True,0,mapped,True,0.0
T049,L,3734,T013,146,-6.453776633503832,11.877695671430391,-0.2410386965871839,True,0,mapped,True,0.0
T049,L,3735,T013,147,-6.385252416037959,12.215007091226356,0.2404767534601679,True,0,mapped,True,0.0
T049,L,3736,T013,148,-6.385495083923917,12.50282695963726,0.7752745598782603,True,0,mapped,True,0.0
T049,L,3737,T013,149,-6.48930261917558,12.71164086504846,1.3667583668702896,True,0,mapped,True,0.0
T049,L,3738,T013,150,-6.736403636468423,12.830456295211093,1.996978582596588,True,0,mapped,True,0.0
T049,L,3739,T013,151,-7.099027584540306,12.822841346030687,2.5699705067641108,True,0,mapped,True,0.0
T049,L,3740,T013,152,-7.425555986199453,12.666797095595172,3.058962522515204,True,0,mapped,True,0.0
T049,L,3741,T013,155,-8.104313575807764,8.515952084395416,-3.650563533930886,True,0,mapped,True,0.0
T049,L,3742,T013,156,-8.068588468516433,8.862223515625239,-3.2486139448455065,True,0,mapped,True,0.0
T049,L,3743,T013,157,-7.985535504436099,9.226899444881992,-2.8796806278186646,True,0,mapped,True,0.0
T049,L,3744,T013,158,-7.865015883030389,9.60621199966494,-2.5383874162049707,True,0,mapped,True,0.0
T049,L,3745,T013,159,-7.711147733662867,9.997268532685249,-2.21245083976237,True,0,mapped,True,0.0
T049,L,3746,T013,160,-7.534857212569446,10.398149475278249,-1.8890943533829008,True,0,mapped,True,0.0
T049,L,3747,T013,161,-7.353131736044743,10.800012714025556,-1.5544371357222675,True,0,mapped,True,0.0
T049,L,3748,T013,162,-7.180380194570196,11.197586790153451,-1.1961679902110696,True,0,mapped,True,0.0
T049,L,3749,T013,163,-7.0273967626311125,11.584545638750823,-0.8081390972788087,True,0,mapped,True,0.0
T049,L,3750,T013,164,-6.909945965835802,11.94942046478732,-0.3793447042161961,True,0,mapped,True,0.0
T049,L,3751,T013,165,-6.84682030368498,12.27351870036438,0.1011563787535297,True,0,mapped,True,0.0
T049,L,3752,T013,166,-6.851257083147075,12.546884812660451,0.6296801150579128,True,0,mapped,True,0.0
T049,L,3753,T013,167,-6.952354382665448,12.7435196327021,1.204229432484136,True,0,mapped,True,0.0
T049,L,3754,T013,168,-7.169333762238193,12.847669093787855,1.799245706206159,True,0,mapped,True,0.0
T049,L,3755,T013,169,-7.462028994037412,12.84166819962511,2.3693782581272185,True,0,mapped,True,0.0
T049,L,3756,T013,170,-7.7459955350662035,12.717668686958724,2.8965626615890656,True,0,mapped,True,0.0
T049,L,3757,T013,173,-8.439852282606356,8.979916400111788,-3.49269961003658,True,0,mapped,True,0.0
T049,L,3758,T013,174,-8.380063576420207,9.335110787670356,-3.106061288227433,True,0,mapped,True,0.0
T049,L,3759,T013,175,-8.286047214250962,9.704414232518786,-2.747275483667482,True,0,mapped,True,0.0
T049,L,3760,T013,176,-8.149040379890447,10.088372098740663,-2.404511736082251,True,0,mapped,True,0.0
T049,L,3761,T013,177,-7.983452257801781,10.483732698325303,-2.063578885545404,True,0,mapped,True,0.0
T049,L,3762,T013,178,-7.804657366275816,10.882969189209849,-1.7135887904249747,True,0,mapped,True,0.0
T049,L,3763,T013,179,-7.6310120749789085,11.27805178458157,-1.345460601483729,True,0,mapped,True,0.0
T049,L,3764,T013,180,-7.478349482900022,11.658425199083624,-0.9495275973821368,True,0,mapped,True,0.0
T049,L,3765,T013,181,-7.361709141146452,12.013678637429614,-0.5163616507851498,True,0,mapped,True,0.0
T049,L,3766,T013,182,-7.297746544320159,12.328776152613052,-0.0378387083904665,True,0,mapped,True,0.0
T049,L,3767,T013,183,-7.299708275313677,12.588525975306126,0.4850175124181839,True,0,mapped,True,0.0
T049,L,3768,T013,184,-7.382745282603879,12.783560161621708,1.042926954353116,True,0,mapped,True,0.0
T049,L,3769,T013,185,-7.564242980705103,12.8848554157578,1.6212154106946792,True,0,mapped,True,0.0
T049,L,3770,T013,186,-7.810762657240366,12.888112367491289,2.191115508179009,True,0,mapped,True,0.0
T049,L,3771,T013,187,-8.0627727151953,12.78323660044416,2.7379375060618028,True,0,mapped,True,0.0
T049,L,3772,T013,190,-8.757753257627792,9.436549301181106,-3.330394261285007,True,0,mapped,True,0.0
T049,L,3773,T013,191,-8.69367859609428,9.796327191480312,-2.9656346914747527,True,0,mapped,True,0.0
T049,L,3774,T013,192,-8.58553082746233,10.17016107521052,-2.6096762060045204,True,0,mapped,True,0.0
T049,L,3775,T013,193,-8.434621204441026,10.559767369515486,-2.2511030206869367,True,0,mapped,True,0.0
T049,L,3776,T013,194,-8.259171482332473,10.956983533172227,-1.884882311688476,True,0,mapped,True,0.0
T049,L,3777,T013,195,-8.084435682341223,11.348978952525089,-1.5010011743421192,True,0,mapped,True,0.0
T049,L,3778,T013,196,-7.929147785020511,11.725382224521454,-1.094244116389343,True,0,mapped,True,0.0
T049,L,3779,T013,197,-7.808162048817753,12.0760627423515,-0.6565786305141235,True,0,mapped,True,0.0
T049,L,3780,T013,198,-7.738095307729631,12.384883157541635,-0.1788826655313906,True,0,mapped,True,0.0
T049,L,3781,T013,199,-7.729454930825597,12.639152979240617,0.3373512075812991,True,0,mapped,True,0.0
T049,L,3782,T013,200,-7.793022072469657,12.829794559774074,0.884083786858105,True,0,mapped,True,0.0
T049,L,3783,T013,201,-7.942223943190666,12.934761704016148,1.4514859394974304,True,0,mapped,True,0.0
T049,L,3784,T013,202,-8.150987815755329,12.9493333719201,2.020659363146404,True,0,mapped,True,0.0
T049,L,3785,T013,203,-8.382007319453104,12.8614943498113,2.575568110550197,True,0,mapped,True,0.0
T049,L,3786,T013,206,-9.093704368304396,9.881900222613828,-3.1847547585110094,True,0,mapped,True,0.0
T049,L,3787,T013,207,-9.021834045941953,10.242706239941626,-2.828786188558628,True,0,mapped,True,0.0
T049,L,3788,T013,208,-8.888577857508494,10.625432507578385,-2.453981144585128,True,0,mapped,True,0.0
T049,L,3789,T013,209,-8.71897050885783,11.019255893662006,-2.0681756765472614,True,0,mapped,True,0.0
T049,L,3790,T013,210,-8.539257764831827,11.413140112814837,-1.6691635199801027,True,0,mapped,True,0.0
T049,L,3791,T013,211,-8.379516550183064,11.78799154981975,-1.2485676776801573,True,0,mapped,True,0.0
T049,L,3792,T013,212,-8.252388504635656,12.136571735533728,-0.8025591221767945,True,0,mapped,True,0.0
T049,L,3793,T013,213,-8.168684396064133,12.447063747179858,-0.3260599465511588,True,0,mapped,True,0.0
T049,L,3794,T013,214,-8.143912476584687,12.701257744768885,0.1848660876348464,True,0,mapped,True,0.0
T049,L,3795,T013,215,-8.187466217241083,12.889898161925352,0.7239381254473127,True,0,mapped,True,0.0
T049,L,3796,T013,216,-8.306424759971842,12.996938116225689,1.2826838313217148,True,0,mapped,True,0.0
T049,L,3797,T013,217,-8.484203544695351,13.020063501341594,1.849930122528514,True,0,mapped,True,0.0
T049,L,3798,T013,218,-8.701845989817118,12.936416950968216,2.414213978903842,True,0,mapped,True,0.0
T049,L,3799,T013,221,-9.470317322251969,10.298844019161454,-3.075848057396508,True,0,mapped,True,0.0
T049,L,3800,T013,222,-9.350818214344615,10.680922279279326,-2.6782345856766048,True,0,mapped,True,0.0
T049,L,3801,T013,223,-9.184143450498263,11.07331335225471,-2.268710233930123,True,0,mapped,True,0.0
T049,L,3802,T013,224,-9.001569989142414,11.466283779467997,-1.847877860736932,True,0,mapped,True,0.0
T049,L,3803,T013,225,-8.830768687888405,11.846114109484969,-1.4128166902424224,True,0,mapped,True,0.0
T049,L,3804,T013,226,-8.693459559047703,12.196615120891124,-0.957787452832412,True,0,mapped,True,0.0
T049,L,3805,T013,227,-8.596381794975159,12.51008584093547,-0.4786344633783473,True,0,mapped,True,0.0
T049,L,3806,T013,228,-8.552327521124447,12.769368354304104,0.0285385791092259,True,0,mapped,True,0.0
T049,L,3807,T013,229,-8.572120068523176,12.960181670061557,0.5611868851024696,True,0,mapped,True,0.0
T049,L,3808,T013,230,-8.661308002381764,13.069521912808217,1.1117612867587958,True,0,mapped,True,0.0
T049,L,3809,T013,231,-8.809965792468962,13.096598136342386,1.6724522834803963,True,0,mapped,True,0.0
T049,L,3810,T013,232,-9.016871979466089,13.021362783526993,2.2476210269420296,True,0,mapped,True,0.0
T049,L,3811,T013,235,-9.828018891650297,10.723517394644588,-2.938415124646511,True,0,mapped,True,0.0
T049,L,3812,T013,236,-9.65855441886148,11.120641767240516,-2.492516337669912,True,0,mapped,True,0.0
T049,L,3813,T013,237,-9.46710587749028,11.515579573342,-2.043643805293144,True,0,mapped,True,0.0
T049,L,3814,T013,238,-9.285359028158169,11.898256988928347,-1.5888226036812747,True,0,mapped,True,0.0
T049,L,3815,T013,239,-9.134261658489574,12.254484736149251,-1.122639325659871,True,0,mapped,True,0.0
T049,L,3816,T013,240,-9.02356421156173,12.572822847573391,-0.6382505002336032,True,0,mapped,True,0.0
T049,L,3817,T013,241,-8.961903143675832,12.837939322286202,-0.1311138309683024,True,0,mapped,True,0.0
T049,L,3818,T013,242,-8.959303856039872,13.031798976601422,0.3979636052926181,True,0,mapped,True,0.0
T049,L,3819,T013,243,-9.017337511868243,13.149464317493758,0.940934594388514,True,0,mapped,True,0.0
T049,L,3820,T013,244,-9.132946855183116,13.184102935056623,1.4913416460527702,True,0,mapped,True,0.0
T049,L,3821,T013,245,-9.309931039998038,13.125917187538471,2.0522505015486856,True,0,mapped,True,0.0
T049,L,3822,T013,248,-10.1458757326713,11.16016293302754,-2.7512819938869764,True,0,mapped,True,0.0
T049,L,3823,T013,249,-9.936799334168334,11.56070031493897,-2.258310764905719,True,0,mapped,True,0.0
T049,L,3824,T013,250,-9.742210837921522,11.946236948917436,-1.7780197764429369,True,0,mapped,True,0.0
T049,L,3825,T013,251,-9.578705753143549,12.30623115217194,-1.2959639034254773,True,0,mapped,True,0.0
T049,L,3826,T013,252,-9.455455868435166,12.62837267401575,-0.8028443906350984,True,0,mapped,True,0.0
T049,L,3827,T013,253,-9.376044121929516,12.90215151151526,-0.2930741877025899,True,0,mapped,True,0.0
T049,L,3828,T013,254,-9.34756184703767,13.109916884025507,0.2339695144215887,True,0,mapped,True,0.0
T049,L,3829,T013,255,-9.376714921314674,13.232997178118936,0.7713468163992595,True,0,mapped,True,0.0
T049,L,3830,T013,256,-9.457095900093648,13.27922927434487,1.3101982818837596,True,0,mapped,True,0.0
T049,L,3831,T013,257,-9.59912899787789,13.2333791478504,1.847751632543897,True,0,mapped,True,0.0
T049,L,3832,T013,260,-10.410408769637831,11.602076232542826,-2.493846503721985,True,0,mapped,True,0.0
T049,L,3833,T013,261,-10.19901762104259,11.990723138529304,-1.9786389619644749,True,0,mapped,True,0.0
T049,L,3834,T013,262,-10.02527904814245,12.355199703113248,-1.4803586769978037,True,0,mapped,True,0.0
T049,L,3835,T013,263,-9.885339684566745,12.6871920696498,-0.9765634344356856,True,0,mapped,True,0.0
T049,L,3836,T013,264,-9.790007924436008,12.968590547217785,-0.4598591041510933,True,0,mapped,True,0.0
T049,L,3837,T013,265,-9.738958863597716,13.189771961996776,0.0691925760447606,True,0,mapped,True,0.0
T049,L,3838,T013,266,-9.738495530351852,13.32819541872812,0.6045523719356506,True,0,mapped,True,0.0
T049,L,3839,T013,267,-9.789904025362716,13.3785046334508,1.1353285146978251,True,0,mapped,True,0.0
T049,L,3840,T013,268,-9.894612280583914,13.34667965245345,1.6512780025530676,True,0,mapped,True,0.0
T049,L,3841,T013,271,-10.646428578508036,12.034651584190364,-2.1862405173348773,True,0,mapped,True,0.0
T049,L,3842,T013,272,-10.472442454548716,12.401521390497557,-1.6728951109108463,True,0,mapped,True,0.0
T049,L,3843,T013,273,-10.319974840519112,12.740072486245104,-1.157173868070281,True,0,mapped,True,0.0
T049,L,3844,T013,274,-10.206454651480652,13.032991217007623,-0.6312454003094736,True,0,mapped,True,0.0
T049,L,3845,T013,275,-10.13355442428928,13.269474373528816,-0.0969852218247332,True,0,mapped,True,0.0
T049,L,3846,T013,276,-10.111393721496368,13.41846404968478,0.4404513133868717,True,0,mapped,True,0.0
T049,L,3847,T013,277,-10.135538923572447,13.482856681888626,0.9694651371397937,True,0,mapped,True,0.0
T049,L,3848,T013,278,-10.208965514980308,13.463305823588268,1.4765950296830082,True,0,mapped,True,0.0
T049,L,3849,T013,281,-10.920530126296557,12.44366671867894,-1.8716967412673169,True,0,mapped,True,0.0
T049,L,3850,T013,282,-10.7604044803323,12.785674495965743,-1.3445975592454509,True,0,mapped,True,0.0
T049,L,3851,T013,283,-10.62659514635948,13.091092778795936,-0.8061569850161792,True,0,mapped,True,0.0
T049,L,3852,T013,284,-10.532016317626915,13.34453486262403,-0.2638581881395347,True,0,mapped,True,0.0
T049,L,3853,T013,285,-10.48753720743904,13.513037610703172,0.2788879354856832,True,0,mapped,True,0.0
T049,L,3854,T013,286,-10.492540269605987,13.589203831017995,0.8098679903637023,True,0,mapped,True,0.0
T049,L,3855,T013,287,-10.540148161813253,13.586640313246397,1.317475931009373,True,0,mapped,True,0.0
T049,L,3856,T013,290,-11.208341014359284,12.822677047295173,-1.5410216634242553,True,0,mapped,True,0.0
T049,L,3857,T013,291,-11.050175558026702,13.14139824085309,-0.9849913157839888,True,0,mapped,True,0.0
T049,L,3858,T013,292,-10.93536238131034,13.409568018494998,-0.4313751602466691,True,0,mapped,True,0.0
T049,L,3859,T013,293,-10.86996223609728,13.59971701847036,0.1187408097051749,True,0,mapped,True,0.0
T049,L,3860,T013,294,-10.854722824015743,13.701611629431042,0.6562686528192074,True,0,mapped,True,0.0
T049,L,3861,T013,295,-10.886851674597049,13.711325081043396,1.1669762286808527,True,0,mapped,True,0.0
T049,L,3862,T013,298,-11.477693022853604,13.175699279121933,-1.1636890706146366,True,0,mapped,True,0.0
T049,L,3863,T013,299,-11.341951101578475,13.461161780060706,-0.5996390900722661,True,0,mapped,True,0.0
T049,L,3864,T013,300,-11.250990807327172,13.681384174054678,-0.0393566290819821,True,0,mapped,True,0.0
T049,L,3865,T013,301,-11.219469898701314,13.814232480254864,0.5059989220834941,True,0,mapped,True,0.0
T049,L,3866,T013,302,-11.235576638971212,13.846649725494244,1.0294835891571286,True,0,mapped,True,0.0
T049,L,3867,T013,305,-11.750413823944308,13.497232365392916,-0.7686302390869381,True,0,mapped,True,0.0
T049,L,3868,T013,306,-11.6280048113724,13.747277136351212,-0.1949928918583808,True,0,mapped,True,0.0
T049,L,3869,T013,307,-11.583669833251903,13.917303070030444,0.3566759290074068,True,0,mapped,True,0.0
T049,L,3870,T013,308,-11.589547269155052,13.980023987503092,0.9001597013644657,True,0,mapped,True,0.0
T049,L,3871,T013,311,-11.984267707651243,13.796096370517224,-0.3407027944797245,True,0,mapped,True,0.0
T049,L,3872,T013,312,-11.942521178242036,14.005572213574562,0.2077103115231701,True,0,mapped,True,0.0
T049,L,3873,T013,313,-11.942898569657556,14.111383427703355,0.7673260380221387,True,0,mapped,True,0.0
T049,L,3874,T013,316,-12.291860606614572,14.069798758312,0.0552993015257313,True,0,mapped,True,0.0
T049,L,3875,T013,317,-12.289333306638426,14.234439624637272,0.6232992294150667,True,0,mapped,True,0.0
T049,L,3876,T013,320,-12.63148305477138,14.31246895191344,0.4807853519116437,True,0,mapped,True,0.0
T049,L,3877,T014,1,-10.721285654091496,-1.0788293120262076,-7.573716971885563,True,0,mapped,True,0.0
T049,L,3878,T014,2,-9.82714085224394,-1.8721019107005723,-7.2995601615198975,True,0,mapped,True,0.0
T049,L,3879,T014,3,-8.922524656598034,-2.62494306117112,-6.80473978961454,True,0,mapped,True,0.0
T049,L,3880,T014,4,-8.216645815191592,-3.304736852645874,-6.075407004100715,True,0,mapped,True,0.0
T049,L,3881,T014,5,-7.399518883092892,-3.905292411075771,-5.288362878038857,True,0,mapped,True,0.0
T049,L,3882,T014,6,-6.47397751862032,-4.625509670047115,-4.677661360603207,True,0,mapped,True,0.0
T049,L,3883,T014,7,-5.495378017425537,-5.261281648849479,-4.06044584267824,True,0,mapped,True,0.0
T049,L,3884,T014,8,-4.581756315789986,-5.704737186431885,-3.3061451395778367,True,0,mapped,True,0.0
T049,L,3885,T014,9,-3.77780306709524,-6.089038219013423,-2.366814498513526,True,0,mapped,True,0.0
T049,L,3886,T014,10,-3.1933707880928965,-6.696267045661754,-1.3231647879664312,True,0,mapped,True,0.0
T049,L,3887,T014,11,-2.653339631516106,-7.250709639064935,-0.204915445336577,True,0,mapped,True,0.0
T049,L,3888,T014,12,-1.924115004229829,-7.649358027743203,0.8135928079165322,True,0,mapped,True,0.0
T049,L,3889,T014,13,-0.9850492929249134,-8.104737281799316,1.5444665318955668,True,0,mapped,True,0.0
T049,L,3890,T014,14,0.1740465926336258,-8.42475702166082,2.142896298820271,True,0,mapped,True,0.0
T049,L,3891,T014,15,1.1834038453194426,-9.074303026523024,2.5509606195018204,True,0,mapped,True,0.0
T049,L,3892,T014,16,2.3148029452299905,-9.51491723182066,3.149584269807,True,0,mapped,True,0.0
T049,L,3893,T014,17,3.2210590449856946,-10.19135367066917,3.7646872107236495,True,0,mapped,True,0.0
T049,L,3894,T014,18,4.163348408338745,-10.705337626517926,4.511215459760467,True,0,mapped,True,0.0
T049,L,3895,T014,19,4.915216867635404,-11.328891930875606,5.342728585948757,True,0,mapped,True,0.0
T049,L,3896,T014,20,5.717787724104589,-11.743069830142485,6.177958179894721,True,0,mapped,True,0.0
T049,L,3897,T014,21,6.40758901507515,-12.160690049263833,7.213769492217483,True,0,mapped,True,0.0
T049,L,3898,T014,22,6.621146595866222,-12.476304107338638,7.8322413250311635,True,2,smooth_near_vertex,True,0.0
T049,L,3899,T014,23,6.949417272685182,-13.011593535386409,8.793540054137232,True,2,smooth_near_vertex,True,0.0
T049,L,3900,T014,24,7.504622936248779,-14.003339767456056,10.51080322265625,True,-1,landmark_vertex,True,0.0
T049,L,3901,T014,25,-11.18539258724386,0.0536265571234654,-7.447402694482205,True,0,mapped,True,0.0
T049,L,3901,T015,25,-10.972383584411824,0.2319814003362324,-7.299796108246296,True,2,smooth_near_vertex,False,0.3145965506568184
T049,L,3902,T014,26,-10.17453070416019,-0.8451924157685032,-7.429500855700654,True,0,mapped,True,0.0
T049,L,3903,T014,27,-9.181611985768916,-1.7013623914302085,-7.172578692861912,True,0,mapped,True,0.0
T049,L,3904,T014,28,-8.348833272257362,-2.476858879502197,-6.648412205102741,True,0,mapped,True,0.0
T049,L,3905,T014,29,-7.489158124445935,-3.175929116836855,-5.902166730630208,True,0,mapped,True,0.0
T049,L,3906,T014,30,-6.726769093991512,-3.826105589053649,-5.15492622416744,True,0,mapped,True,0.0
T049,L,3907,T014,31,-5.716724428508023,-4.500434611151062,-4.542049994206584,True,0,mapped,True,0.0
T049,L,3908,T014,32,-4.896965514936907,-5.101606516806702,-3.867897504907376,True,0,mapped,True,0.0
T049,L,3909,T014,33,-4.119673274796076,-5.65989308800713,-2.916331608444661,True,0,mapped,True,0.0
T049,L,3910,T014,34,-3.345721374904318,-6.028061329004929,-1.964371234145761,True,0,mapped,True,0.0
T049,L,3911,T014,35,-2.7973248844674705,-6.609297376082413,-0.8360632306081577,True,0,mapped,True,0.0
T049,L,3912,T014,36,-2.245524637012956,-7.032002129284246,0.2794521308913804,True,0,mapped,True,0.0
T049,L,3913,T014,37,-1.5099896399392423,-7.392585449911649,1.1929329668236075,True,0,mapped,True,0.0
T049,L,3914,T014,38,-0.4724411996482048,-7.895377519839292,1.8991654812995715,True,0,mapped,True,0.0
T049,L,3915,T014,39,0.5887007668697932,-8.346372158306425,2.393859044678875,True,0,mapped,True,0.0
T049,L,3916,T014,40,1.7258179513036578,-8.8492131228968,2.904123065442813,True,0,mapped,True,0.0
T049,L,3917,T014,41,2.77995018931242,-9.40910014716251,3.472630604361292,True,0,mapped,True,0.0
T049,L,3918,T014,42,3.721281883172006,-10.031737211806032,4.081712885077911,True,0,mapped,True,0.0
T049,L,3919,T014,43,4.467767990066944,-10.67241956301168,4.743505853361956,True,0,mapped,True,0.0
T049,L,3920,T014,44,5.319369440433063,-11.232516124583457,5.629641265146649,True,0,mapped,True,0.0
T049,L,3921,T014,45,5.974658130284489,-11.841651012397438,6.484840000627475,True,0,mapped,True,0.0
T049,L,3922,T014,46,6.423436881850649,-12.177371632080764,7.303468604804517,True,3,smooth_internal,True,0.0
T049,L,3923,T014,47,6.704143213952464,-12.55556121266707,8.018187149115658,True,2,smooth_near_vertex,True,0.0
T049,L,3924,T014,48,6.967756344784342,-13.011169054132909,8.812928519915165,True,2,smooth_near_vertex,True,0.0
T049,L,3925,T014,49,-10.667091912056454,0.1800504779723529,-7.274068410135358,True,0,mapped,True,0.0
T049,L,3925,T015,49,-10.667091912056454,0.1800504779723529,-7.274068410135358,True,0,mapped,False,0.0
T049,L,3926,T014,50,-9.56844731505154,-0.7456944316774543,-7.249231280524992,True,0,mapped,True,0.0
T049,L,3927,T014,51,-8.590020161346224,-1.6215920151533867,-7.001148421669791,True,0,mapped,True,0.0
T049,L,3928,T014,52,-7.715965180840655,-2.448863037386117,-6.432595580963309,True,0,mapped,True,0.0
T049,L,3929,T014,53,-6.921676424017011,-3.116113468214224,-5.677537621923019,True,0,mapped,True,0.0
T049,L,3930,T014,54,-6.099504650740741,-3.7467658407983215,-4.988974184621204,True,0,mapped,True,0.0
T049,L,3931,T014,55,-5.112762986164984,-4.435925530261938,-4.267773666887496,True,0,mapped,True,0.0
T049,L,3932,T014,56,-4.355347982736799,-5.037854019586687,-3.485259767643867,True,0,mapped,True,0.0
T049,L,3933,T014,57,-3.5943195207383414,-5.380602529342383,-2.603999836348528,True,0,mapped,True,0.0
T049,L,3934,T014,58,-2.975716465318873,-5.930367051901795,-1.585479807372515,True,0,mapped,True,0.0
T049,L,3935,T014,59,-2.4446679225705408,-6.439707721233841,-0.3978815462767037,True,0,mapped,True,0.0
T049,L,3936,T014,60,-1.8787931331718548,-6.728969032209294,0.6936274739775652,True,0,mapped,True,0.0
T049,L,3937,T014,61,-1.0396487554999272,-7.228126367819319,1.5857959536944204,True,0,mapped,True,0.0
T049,L,3938,T014,62,-0.0183876086895771,-7.672337171350814,2.189982383712341,True,0,mapped,True,0.0
T049,L,3939,T014,63,1.031089432464639,-8.237585400805294,2.6772658243562204,True,0,mapped,True,0.0
T049,L,3940,T014,64,2.3088113635365017,-8.784992558127318,3.257513535409884,True,0,mapped,True,0.0
T049,L,3941,T014,65,3.1610679122273893,-9.316653609360795,3.697432925660747,True,0,mapped,True,0.0
T049,L,3942,T014,66,4.061171559445072,-9.989562049000112,4.321501894979357,True,0,mapped,True,0.0
T049,L,3943,T014,67,4.9458554165809785,-10.668300331625,5.0867837635954585,True,0,mapped,True,0.0
T049,L,3944,T014,68,5.732046192699599,-11.238044994272803,5.9112047872921085,True,0,mapped,True,0.0
T049,L,3945,T014,69,6.2828241036719445,-11.847276164786534,6.8340129248172925,True,0,mapped,True,0.0
T049,L,3946,T014,70,6.550260232353682,-12.182747246075268,7.437760737170546,True,3,smooth_internal,True,0.0
T049,L,3947,T014,71,6.712841956369204,-12.474181701074322,7.929183653931783,True,2,smooth_near_vertex,True,0.0
T049,L,3948,T014,72,-10.17163796069764,0.2952633500099182,-7.062164732902658,True,0,mapped,True,0.0
T049,L,3948,T015,72,-10.171637960697636,0.2952633500099182,-7.062164732902657,True,0,mapped,False,3.66205343881779e-15
T049,L,3949,T014,73,-9.028898836535612,-0.6992656726003672,-7.077074065038413,True,0,mapped,True,0.0
T049,L,3950,T014,74,-7.9920249219092945,-1.5184944592077274,-6.784028322742393,True,0,mapped,True,0.0
T049,L,3951,T014,75,-7.075463103684285,-2.273691868068588,-6.208748449191364,True,0,mapped,True,0.0
T049,L,3952,T014,76,-6.290797464155512,-2.9588809890537915,-5.463910022922493,True,0,mapped,True,0.0
T049,L,3953,T014,77,-5.422590366861207,-3.62677309172546,-4.740715661209064,True,0,mapped,True,0.0
T049,L,3954,T014,78,-4.711128864426707,-4.290822686802938,-4.028498862182291,True,0,mapped,True,0.0
T049,L,3955,T014,79,-3.906000296670285,-4.845355842969632,-3.121647063454347,True,0,mapped,True,0.0
T049,L,3956,T014,80,-3.149517855168347,-5.313421334465609,-2.1861807617354048,True,0,mapped,True,0.0
T049,L,3957,T014,81,-2.5661117830739792,-5.736717329607611,-1.110860213218803,True,0,mapped,True,0.0
T049,L,3958,T014,82,-2.089358128798554,-6.237070050355919,0.0559874596890725,True,0,mapped,True,0.0
T049,L,3959,T014,83,-1.5201590756122871,-6.483658818640903,1.0890649876912253,True,0,mapped,True,0.0
T049,L,3960,T014,84,-0.5438944469486967,-6.9848838003899765,1.9381806652535245,True,0,mapped,True,0.0
T049,L,3961,T014,85,0.4955147878914149,-7.531199563437276,2.463658128717305,True,0,mapped,True,0.0
T049,L,3962,T014,86,1.5894811155470814,-8.1492034480948,2.992030316242376,True,0,mapped,True,0.0
T049,L,3963,T014,87,2.7258105022854555,-8.663162541602965,3.4823379102634764,True,0,mapped,True,0.0
T049,L,3964,T014,88,3.599468083052603,-9.306000189470168,3.962760256380893,True,0,mapped,True,0.0
T049,L,3965,T014,89,4.473483399939536,-9.949294635597251,4.583305236322387,True,0,mapped,True,0.0
T049,L,3966,T014,90,5.364712608977153,-10.603856421631528,5.341636754564956,True,0,mapped,True,0.0
T049,L,3967,T014,91,6.094960330479992,-11.182360749439235,6.1711746600237385,True,0,mapped,True,0.0
T049,L,3968,T014,92,6.549107203889168,-11.894843474419847,7.093853880824703,True,0,mapped,True,0.0
T049,L,3969,T014,93,6.629208034514496,-12.147249291478634,7.447858209721126,True,3,smooth_internal,True,0.0
T049,L,3970,T014,94,-9.649289272247316,0.2952633500099182,-6.829595192749474,True,0,mapped,True,0.0
T049,L,3970,T015,94,-9.649289272247316,0.2952633500099182,-6.829595192749474,True,0,mapped,False,0.0
T049,L,3971,T014,95,-8.517604615915996,-0.7033406595841298,-6.901699733315514,True,0,mapped,True,0.0
T049,L,3972,T014,96,-7.413610602266837,-1.387169333538183,-6.5707661376644975,True,0,mapped,True,0.0
T049,L,3973,T014,97,-6.430098074200636,-2.129401128134431,-5.924329386798962,True,0,mapped,True,0.0
T049,L,3974,T014,98,-5.696826497231062,-2.843448522407251,-5.21175853068536,True,0,mapped,True,0.0
T049,L,3975,T014,99,-4.9149207017735765,-3.4894634651534115,-4.437464102979079,True,0,mapped,True,0.0
T049,L,3976,T014,100,-4.181116954099018,-4.204543985750376,-3.605868131143087,True,0,mapped,True,0.0
T049,L,3977,T014,101,-3.4752204125303026,-4.715460877574343,-2.7941835463158187,True,0,mapped,True,0.0
T049,L,3978,T014,102,-2.75500014766555,-5.159140417773428,-1.774674323687217,True,0,mapped,True,0.0
T049,L,3979,T014,103,-2.2734120173986065,-5.607924267673303,-0.6969305386300078,True,0,mapped,True,0.0
T049,L,3980,T014,104,-1.7658012004114183,-5.955724294444373,0.5520976337960927,True,0,mapped,True,0.0
T049,L,3981,T014,105,-0.9834465935491152,-6.290402576403903,1.6101737202515107,True,0,mapped,True,0.0
T049,L,3982,T014,106,0.0116118170130282,-6.868663191015603,2.2883473653903046,True,0,mapped,True,0.0
T049,L,3983,T014,107,1.045232786350401,-7.495151706125334,2.7997782119441776,True,0,mapped,True,0.0
T049,L,3984,T014,108,2.125187329583683,-8.105933615039126,3.2618425279667846,True,0,mapped,True,0.0
T049,L,3985,T014,109,3.1262936395232157,-8.596812968563627,3.6743269681961066,True,0,mapped,True,0.0
T049,L,3986,T014,110,3.995765788020548,-9.29578013534144,4.208087184426074,True,0,mapped,True,0.0
T049,L,3987,T014,111,5.004720333368586,-9.902960204220792,4.874127660310773,True,0,mapped,True,0.0
T049,L,3988,T014,112,5.743927285476667,-10.599447967618923,5.622860532606891,True,0,mapped,True,0.0
T049,L,3989,T014,113,6.442368433667202,-11.202604226746864,6.473391180138156,True,0,mapped,True,0.0
T049,L,3990,T014,114,6.704622745513916,-12.03722474437512,7.330634567061098,True,0,mapped,True,0.0
T049,L,3991,T014,115,-9.130378342265375,0.2952633500099182,-6.589216483825183,True,0,mapped,True,0.0
T049,L,3991,T015,115,-9.130378342265375,0.2952633500099182,-6.589216483825183,True,0,mapped,False,0.0
T049,L,3992,T014,116,-7.955204927215596,-0.5103701506526291,-6.601792425882893,True,0,mapped,True,0.0
T049,L,3993,T014,117,-6.893500438625551,-1.2614718141506018,-6.317191033452897,True,0,mapped,True,0.0
T049,L,3994,T014,118,-5.912697161207211,-2.019306745626298,-5.660323935026803,True,0,mapped,True,0.0
T049,L,3995,T014,119,-5.150522056734018,-2.67827138000395,-4.889013525072038,True,0,mapped,True,0.0
T049,L,3996,T014,120,-4.458532714490825,-3.4475510044438806,-4.078261942591715,True,0,mapped,True,0.0
T049,L,3997,T014,121,-3.726695283589076,-4.076577818701391,-3.296137278080603,True,0,mapped,True,0.0
T049,L,3998,T014,122,-2.990701652125379,-4.578703394749856,-2.373544224067012,True,0,mapped,True,0.0
T049,L,3999,T014,123,-2.441151638302601,-5.0248346705350695,-1.3839108193734466,True,0,mapped,True,0.0
T049,L,4000,T014,124,-1.97680210488828,-5.465345012098775,-0.2354129030937455,True,0,mapped,True,0.0
T049,L,4001,T014,125,-1.4239244579222523,-5.712134594516057,0.987035373303274,True,0,mapped,True,0.0
T049,L,4002,T014,126,-0.5689489777956721,-6.147258770955646,1.953209999263472,True,0,mapped,True,0.0
T049,L,4003,T014,127,0.4338885285033005,-6.698754073968747,2.5429271078017144,True,0,mapped,True,0.0
T049,L,4004,T014,128,1.4779062831750902,-7.39093637073902,3.0493768361063203,True,0,mapped,True,0.0
T049,L,4005,T014,129,2.557134261224831,-8.009966019007626,3.464750259563923,True,0,mapped,True,0.0
T049,L,4006,T014,130,3.527310747302315,-8.496742334728571,3.8714073452999545,True,0,mapped,True,0.0
T049,L,4007,T014,131,4.549522353840655,-9.219698865404936,4.476438877874231,True,0,mapped,True,0.0
T049,L,4008,T014,132,5.452477276605889,-9.918425482727011,5.165488471584665,True,0,mapped,True,0.0
T049,L,4009,T014,133,6.106606983644144,-10.61499950013786,5.882643567639409,True,0,mapped,True,0.0
T049,L,4010,T014,134,6.684254727208558,-11.282622922982386,6.698769387736309,True,0,mapped,True,0.0
T049,L,4011,T014,135,-8.617122234612964,0.2952633500099182,-6.337744902996279,True,0,mapped,True,0.0
T049,L,4011,T015,135,-8.617122234612964,0.2952633500099182,-6.337744902996279,True,0,mapped,False,0.0
T049,L,4012,T014,136,-7.513930204976344,-0.3815095191800813,-6.311764029170629,True,0,mapped,True,0.0
T049,L,4013,T014,137,-6.3536740687583615,-1.1864935039732205,-6.003398714442553,True,0,mapped,True,0.0
T049,L,4014,T014,138,-5.476810729948554,-1.8829095351180156,-5.401647647026373,True,0,mapped,True,0.0
T049,L,4015,T014,139,-4.665437851847326,-2.652121139993984,-4.516484194331118,True,0,mapped,True,0.0
T049,L,4016,T014,140,-4.041727742847246,-3.303681652296188,-3.775763896053145,True,0,mapped,True,0.0
T049,L,4017,T014,141,-3.261158537755508,-4.002730337442204,-2.894121563885154,True,0,mapped,True,0.0
T049,L,4018,T014,142,-2.576707326937064,-4.410831906083683,-1.956573446640107,True,0,mapped,True,0.0
T049,L,4019,T014,143,-2.116634186721571,-4.921373976987612,-0.9434919586657688,True,0,mapped,True,0.0
T049,L,4020,T014,144,-1.654112912259834,-5.2370969424823,0.2770016866381716,True,0,mapped,True,0.0
T049,L,4021,T014,145,-1.032587483714408,-5.477516824816935,1.3878803538897997,True,0,mapped,True,0.0
T049,L,4022,T014,146,-0.0692252742284575,-5.953807179892344,2.2527208725803822,True,0,mapped,True,0.0
T049,L,4023,T014,147,0.954371005176662,-6.564956519801323,2.8173215547023065,True,0,mapped,True,0.0
T049,L,4024,T014,148,1.9532635529366804,-7.393613899142103,3.2536612426343625,True,0,mapped,True,0.0
T049,L,4025,T014,149,3.023745382795923,-7.867970324955297,3.645926439652424,True,0,mapped,True,0.0
T049,L,4026,T014,150,3.988890219111121,-8.521700539064708,4.110320627295767,True,0,mapped,True,0.0
T049,L,4027,T014,151,5.002722517246366,-9.185704390614234,4.693730823341346,True,0,mapped,True,0.0
T049,L,4028,T014,152,5.9302854229123065,-9.913133407145484,5.423343350814871,True,0,mapped,True,0.0
T049,L,4029,T014,153,6.504622936248779,-10.578995256128994,6.169122733050033,True,0,mapped,True,0.0
T049,L,4030,T014,154,-8.144796123200846,0.2952633500099182,-6.036604275800036,True,0,mapped,True,0.0
T049,L,4030,T015,154,-8.144796123200846,0.2952633500099182,-6.036604275800036,True,0,mapped,False,0.0
T049,L,4031,T014,155,-7.04149484343599,-0.3557481265979133,-6.034660369965884,True,0,mapped,True,0.0
T049,L,4032,T014,156,-5.917025178653516,-1.1208497562334014,-5.682913665923576,True,0,mapped,True,0.0
T049,L,4033,T014,157,-5.08454901961538,-1.7870430546133356,-5.057111856034124,True,0,mapped,True,0.0
T049,L,4034,T014,158,-4.217032505834804,-2.5555179056674278,-4.106427562587278,True,0,mapped,True,0.0
T049,L,4035,T014,159,-3.574275193019405,-3.393052911082641,-3.36664777416457,True,0,mapped,True,0.0
T049,L,4036,T014,160,-2.88825276660486,-3.939702092920242,-2.5187568713111546,True,0,mapped,True,0.0
T049,L,4037,T014,161,-2.2867112991719574,-4.252319799301409,-1.6359482882227196,True,0,mapped,True,0.0
T049,L,4038,T014,162,-1.8208422873561767,-4.705299802940106,-0.508165658108808,True,0,mapped,True,0.0
T049,L,4039,T014,163,-1.3521993766545477,-4.967542720498291,0.6718194113089522,True,0,mapped,True,0.0
T049,L,4040,T014,164,-0.6270591515884237,-5.333493563729054,1.7425210896419756,True,0,mapped,True,0.0
T049,L,4041,T014,165,0.3790635025436926,-5.831918962476671,2.472941359663147,True,0,mapped,True,0.0
T049,L,4042,T014,166,1.4404783353454582,-6.552773705122522,3.029861889986746,True,0,mapped,True,0.0
T049,L,4043,T014,167,2.511980781449781,-7.151853818010568,3.4617539321834454,True,0,mapped,True,0.0
T049,L,4044,T014,168,3.439421436128281,-7.778922776634873,3.8147351270164704,True,0,mapped,True,0.0
T049,L,4045,T014,169,4.518743306135109,-8.461693086103299,4.352292243396922,True,0,mapped,True,0.0
T049,L,4046,T014,170,5.566645892297169,-9.116188094869113,4.941064263075956,True,0,mapped,True,0.0
T049,L,4047,T014,171,6.29590625427239,-9.890643943053252,5.650947649792052,True,0,mapped,True,0.0
T049,L,4048,T014,172,-7.665631831336375,0.2952633500099182,-5.724396623621406,True,0,mapped,True,0.0
T049,L,4048,T015,172,-7.665631831336375,0.2952633500099182,-5.724396623621406,True,0,mapped,False,0.0
T049,L,4049,T014,173,-6.63809051380235,-0.2872338210385598,-5.676993146999402,True,0,mapped,True,0.0
T049,L,4050,T014,174,-5.44425266317797,-0.9412783791833952,-5.222776524120574,True,0,mapped,True,0.0
T049,L,4051,T014,175,-4.462097058689016,-1.7285863741286862,-4.446095533848131,True,0,mapped,True,0.0
T049,L,4052,T014,176,-3.808331407336,-2.4793747372653048,-3.6987779919293775,True,0,mapped,True,0.0
T049,L,4053,T014,177,-3.0891242357062816,-3.3260897018434497,-2.9367787032121084,True,0,mapped,True,0.0
T049,L,4054,T014,178,-2.511071092212076,-3.810002403255154,-2.1216877401641483,True,0,mapped,True,0.0
T049,L,4055,T014,179,-1.97999107922372,-4.124417618424181,-1.219739909186614,True,0,mapped,True,0.0
T049,L,4056,T014,180,-1.5098438384253758,-4.452182794888191,-0.0401756890242274,True,0,mapped,True,0.0
T049,L,4057,T014,181,-0.94498637462374,-4.702441961641529,1.0858289331743818,True,0,mapped,True,0.0
T049,L,4058,T014,182,-0.2636975918590019,-5.153448230326121,1.9757351890202357,True,0,mapped,True,0.0
T049,L,4059,T014,183,0.8720578457424917,-5.703104024433973,2.7034936107231826,True,0,mapped,True,0.0
T049,L,4060,T014,184,1.8884625380921616,-6.476855736510547,3.2105542497413184,True,0,mapped,True,0.0
T049,L,4061,T014,185,3.015611384081171,-7.090969045339095,3.617694565174,True,0,mapped,True,0.0
T049,L,4062,T014,186,4.05254914232226,-7.700226215804808,4.027628780659952,True,0,mapped,True,0.0
T049,L,4063,T014,187,5.091278154677434,-8.349446202631272,4.555436788923322,True,0,mapped,True,0.0
T049,L,4064,T014,188,6.086444213316472,-9.07430837780912,5.225722255211004,True,0,mapped,True,0.0
T049,L,4065,T014,189,-7.224866774096537,0.2952633500099182,-5.361291289068035,True,0,mapped,True,0.0
T049,L,4065,T015,189,-7.224866774096537,0.2952633500099182,-5.361291289068035,True,0,mapped,False,0.0
T049,L,4066,T014,190,-6.132189787143986,-0.1982196178870909,-5.175407628990163,True,0,mapped,True,0.0
T049,L,4067,T014,191,-4.897985911556564,-0.92787934825265,-4.677844564317141,True,0,mapped,True,0.0
T049,L,4068,T014,192,-4.184627159761493,-1.64167923306663,-4.079946502877964,True,0,mapped,True,0.0
T049,L,4069,T014,193,-3.484769926886293,-2.4101141462513995,-3.3488948172081345,True,0,mapped,True,0.0
T049,L,4070,T014,194,-2.782773272806529,-3.153958233607866,-2.6019168892252296,True,0,mapped,True,0.0
T049,L,4071,T014,195,-2.143835754283336,-3.5717540494582485,-1.6927840250436064,True,0,mapped,True,0.0
T049,L,4072,T014,196,-1.6886576251832837,-3.8849614130911343,-0.8487953513403943,True,0,mapped,True,0.0
T049,L,4073,T014,197,-1.2310444116722183,-4.259533410823602,0.3803019453320151,True,0,mapped,True,0.0
T049,L,4074,T014,198,-0.5798549104894684,-4.61343114914528,1.4680850158408771,True,0,mapped,True,0.0
T049,L,4075,T014,199,0.2985439446013306,-5.112933539078644,2.2899882837426047,True,0,mapped,True,0.0
T049,L,4076,T014,200,1.4469175924904705,-5.707021780434346,2.9159876228807047,True,0,mapped,True,0.0
T049,L,4077,T014,201,2.57832606629333,-6.42482057352304,3.3924901591559298,True,0,mapped,True,0.0
T049,L,4078,T014,202,3.611399229292053,-7.034025645336522,3.776918282787885,True,0,mapped,True,0.0
T049,L,4079,T014,203,4.702748942782304,-7.668340956544021,4.241108384382427,True,0,mapped,True,0.0
T049,L,4080,T014,204,5.704622745513916,-8.287388800066214,4.779564172976277,True,0,mapped,True,0.0
T049,L,4081,T014,205,-6.826865517892353,0.2952633500099182,-4.950835148668086,True,0,mapped,True,0.0
T049,L,4081,T015,205,-6.826865517892353,0.2952633500099182,-4.950835148668087,True,0,mapped,False,8.881784197001252e-16
T049,L,4082,T014,206,-5.689300173530839,-0.1464606753170799,-4.662841134172369,True,0,mapped,True,0.0
T049,L,4083,T014,207,-4.649259584870478,-0.9046636931507992,-4.307065876506548,True,0,mapped,True,0.0
T049,L,4084,T014,208,-3.8443412424910735,-1.545295907212712,-3.603781961599356,True,0,mapped,True,0.0
T049,L,4085,T014,209,-3.096679817016573,-2.383106232330606,-2.939536693795409,True,0,mapped,True,0.0
T049,L,4086,T014,210,-2.329494038886932,-2.995128515860628,-2.071599807413214,True,0,mapped,True,0.0
T049,L,4087,T014,211,-1.9090251206832545,-3.415645739977372,-1.3809997257909163,True,0,mapped,True,0.0
T049,L,4088,T014,212,-1.4070475028511762,-3.728104892043161,-0.3568365598981609,True,0,mapped,True,0.0
T049,L,4089,T014,213,-0.9096807770327932,-4.013739957315977,0.73754895743307,True,0,mapped,True,0.0
T049,L,4090,T014,214,-0.0974344734426395,-4.481698697312697,1.805393814347301,True,0,mapped,True,0.0
T049,L,4091,T014,215,0.8581204887097662,-4.9800780426110345,2.4589358276735207,True,0,mapped,True,0.0
T049,L,4092,T014,216,1.9822174089859268,-5.638202370996812,3.0247998109362437,True,0,mapped,True,0.0
T049,L,4093,T014,217,3.098713252758837,-6.355730162144318,3.5013849946952407,True,0,mapped,True,0.0
T049,L,4094,T014,218,4.136441525364511,-6.9370209979714375,3.846383222977353,True,0,mapped,True,0.0
T049,L,4095,T014,219,5.43871501377086,-7.478293811710707,4.374976448169266,True,0,mapped,True,0.0
T049,L,4096,T014,220,-6.436675923635098,0.2952633500099182,-4.534190700881438,True,0,mapped,True,0.0
T049,L,4096,T015,220,-6.4366759236350966,0.2952633500099182,-4.534190700881437,True,0,mapped,False,1.9860273225978185e-15
T049,L,4097,T014,221,-5.291587165800227,-0.1771705099931775,-4.234277852007032,True,0,mapped,True,0.0
T049,L,4098,T014,222,-4.30035209632654,-0.8870598122511638,-3.775249806351889,True,0,mapped,True,0.0
T049,L,4099,T014,223,-3.501349931232984,-1.530289020127853,-3.1897992742583514,True,0,mapped,True,0.0
T049,L,4100,T014,224,-2.691198498588629,-2.2472996375349417,-2.495202465348429,True,0,mapped,True,0.0
T049,L,4101,T014,225,-2.0812196823977858,-2.8181477322939625,-1.7979819454920452,True,0,mapped,True,0.0
T049,L,4102,T014,226,-1.6652254348499644,-3.165176140524932,-1.0960419227984022,True,0,mapped,True,0.0
T049,L,4103,T014,227,-1.145268880663399,-3.5300705887246417,-0.0019519374701081,True,0,mapped,True,0.0
T049,L,4104,T014,228,-0.4719491626468937,-4.001284671579144,1.1941182341098755,True,0,mapped,True,0.0
T049,L,4105,T014,229,0.4762047765927794,-4.350426881764956,2.044310538971019,True,0,mapped,True,0.0
T049,L,4106,T014,230,1.4742503264474427,-4.917902578306035,2.563428538603308,True,0,mapped,True,0.0
T049,L,4107,T014,231,2.578214196439812,-5.581209149963456,3.108567014905609,True,0,mapped,True,0.0
T049,L,4108,T014,232,3.68081931479508,-6.348625151227344,3.525131328851455,True,0,mapped,True,0.0
T049,L,4109,T014,233,4.837164486119923,-6.866198902141897,3.974509415907467,True,0,mapped,True,0.0
T049,L,4110,T014,234,-6.070705222902275,0.2952633500099182,-4.09475067170317,True,0,mapped,True,0.0
T049,L,4110,T015,234,-6.070705222902276,0.2952633500099182,-4.09475067170317,True,0,mapped,False,1.7763568394002505e-15
T049,L,4111,T014,235,-4.978276004418129,-0.1841847187174139,-3.756410469935196,True,0,mapped,True,0.0
T049,L,4112,T014,236,-3.898441260211851,-0.9090983445070318,-3.266733967805827,True,0,mapped,True,0.0
T049,L,4113,T014,237,-3.1784801858641787,-1.52195033489189,-2.81235108376563,True,0,mapped,True,0.0
T049,L,4114,T014,238,-2.312712410401764,-2.186481519702426,-2.057954798069688,True,0,mapped,True,0.0
T049,L,4115,T014,239,-1.821594421521334,-2.636252459136726,-1.4980861750579648,True,0,mapped,True,0.0
T049,L,4116,T014,240,-1.3150841812657292,-2.935892615037696,-0.6381461935416467,True,0,mapped,True,0.0
T049,L,4117,T014,241,-0.8318212037437802,-3.375151650765265,0.3700693400472156,True,0,mapped,True,0.0
T049,L,4118,T014,242,0.085475072221043,-3.729212364736143,1.489572569623136,True,0,mapped,True,0.0
T049,L,4119,T014,243,1.0874957277495767,-4.231325710625947,2.1436136575914007,True,0,mapped,True,0.0
T049,L,4120,T014,244,2.113804182950936,-4.8943688254357305,2.697031718303272,True,0,mapped,True,0.0
T049,L,4121,T014,245,3.102994029561964,-5.64602812517468,3.1734379033843783,True,0,mapped,True,0.0
T049,L,4122,T014,246,4.237701420107857,-6.272728406506365,3.5636600203831605,True,0,mapped,True,0.0
T049,L,4123,T014,247,-5.710644211549319,0.2952633500099182,-3.650622514931566,True,0,mapped,True,0.0
T049,L,4123,T015,247,-5.710644211549319,0.2952633500099182,-3.650622514931566,True,0,mapped,False,0.0
T049,L,4124,T014,248,-4.6810558811526,-0.1495331247864954,-3.276998592590351,True,0,mapped,True,0.0
T049,L,4125,T014,249,-3.5439600182392166,-0.8671018861277353,-2.8021487743772946,True,0,mapped,True,0.0
T049,L,4126,T014,250,-2.704399268478153,-1.482972197000243,-2.274973044897525,True,0,mapped,True,0.0
T049,L,4127,T014,251,-2.0033685386287248,-2.033458239923478,-1.714289906594794,True,0,mapped,True,0.0
T049,L,4128,T014,252,-1.5787981744912951,-2.4331950073543087,-1.197431989823532,True,0,mapped,True,0.0
T049,L,4129,T014,253,-1.0686522245725545,-2.8936812310339457,-0.2963129215215523,True,0,mapped,True,0.0
T049,L,4130,T014,254,-0.3165828647362927,-3.255425632981709,0.878019791550188,True,0,mapped,True,0.0
T049,L,4131,T014,255,0.6247617120856694,-3.552473791402279,1.6657977970170332,True,0,mapped,True,0.0
T049,L,4132,T014,256,1.586105678519926,-4.22379145604835,2.238669864866343,True,0,mapped,True,0.0
T049,L,4133,T014,257,2.595872786866617,-4.93405868385979,2.758927837560424,True,0,mapped,True,0.0
T049,L,4134,T014,258,3.668286471053848,-5.672111248084029,3.196980193124705,True,0,mapped,True,0.0
T049,L,4135,T014,259,-5.37092879500732,0.2929669427833065,-3.190575687364838,True,0,mapped,True,0.0
T049,L,4135,T015,259,-5.37092879500732,0.2929669427833065,-3.190575687364838,True,0,mapped,False,0.0
T049,L,4136,T014,260,-4.203068585870755,-0.2430116807674671,-2.834485196483268,True,0,mapped,True,0.0
T049,L,4137,T014,261,-3.201375484086446,-0.7706188692256742,-2.3238774241541376,True,0,mapped,True,0.0
T049,L,4138,T014,262,-2.384711738556737,-1.3633640929878894,-1.931110400693996,True,0,mapped,True,0.0
T049,L,4139,T014,263,-1.769040057989584,-1.9142220576683036,-1.470382311231392,True,0,mapped,True,0.0
T049,L,4140,T014,264,-1.1951950944539902,-2.296030066508778,-0.7366052358525061,True,0,mapped,True,0.0
T049,L,4141,T014,265,-0.7093015297874432,-2.757614372239613,0.1014797335819391,True,0,mapped,True,0.0
T049,L,4142,T014,266,0.2206067727373248,-3.006935632011081,1.1435680528000292,True,0,mapped,True,0.0
T049,L,4143,T014,267,1.178225727881478,-3.464360787259189,1.7670500266730125,True,0,mapped,True,0.0
T049,L,4144,T014,268,2.182605949832328,-4.242132143780949,2.347815078496817,True,0,mapped,True,0.0
T049,L,4145,T014,269,3.104622602462767,-5.010795938109776,2.8234682410185226,True,0,mapped,True,0.0
T049,L,4146,T014,270,-5.015823495458003,0.2952633500099182,-2.7437670450247484,True,0,mapped,True,0.0
T049,L,4146,T015,270,-5.015823495458003,0.2952633500099182,-2.7437670450247484,True,0,mapped,False,0.0
T049,L,4147,T014,271,-3.79401490379997,-0.2622809959294018,-2.380795678100607,True,0,mapped,True,0.0
T049,L,4148,T014,272,-2.8498180918984963,-0.8016725930165286,-2.0686555494353307,True,0,mapped,True,0.0
T049,L,4149,T014,273,-2.0826675608845955,-1.2350416190245608,-1.6519573715947988,True,0,mapped,True,0.0
T049,L,4150,T014,274,-1.4618635635765012,-1.6521723532216614,-1.18018586079511,True,0,mapped,True,0.0
T049,L,4151,T014,275,-0.9321173707337524,-2.221522375488384,-0.4639574362928511,True,0,mapped,True,0.0
T049,L,4152,T014,276,-0.2006858824583734,-2.63652531354964,0.4998610849026623,True,0,mapped,True,0.0
T049,L,4153,T014,277,0.7787105312804576,-2.838751937456838,1.2659921962378826,True,0,mapped,True,0.0
T049,L,4154,T014,278,1.7120814016900514,-3.544961795252441,1.8847385739625808,True,0,mapped,True,0.0
T049,L,4155,T014,279,2.710693001703281,-4.311262760058076,2.395657247078997,True,0,mapped,True,0.0
T049,L,4156,T014,280,-4.628787207073841,0.2952633500099182,-2.322890989941889,True,0,mapped,True,0.0
T049,L,4156,T015,280,-4.628787207073841,0.2952633500099182,-2.322890989941889,True,0,mapped,False,0.0
T049,L,4157,T014,281,-3.426260500860646,-0.2776485148805399,-2.062679399213865,True,0,mapped,True,0.0
T049,L,4158,T014,282,-2.5084717336345177,-0.718014305537114,-1.816347504138924,True,0,mapped,True,0.0
T049,L,4159,T014,283,-1.7268170426386884,-1.0636873717483637,-1.379360169234456,True,0,mapped,True,0.0
T049,L,4160,T014,284,-1.151757677712821,-1.501339869248226,-0.918406232250736,True,0,mapped,True,0.0
T049,L,4161,T014,285,-0.5003288311659727,-2.1129001992537595,-0.084102454781844,True,0,mapped,True,0.0
T049,L,4162,T014,286,0.3661709927180385,-2.3340596101355326,0.759193133596517,True,0,mapped,True,0.0
T049,L,4163,T014,287,1.3774379899811156,-2.93135976535082,1.4523746373701216,True,0,mapped,True,0.0
T049,L,4164,T014,288,2.504622697830199,-3.5526832329886804,1.89633446785266,True,0,mapped,True,0.0
T049,L,4165,T014,289,-4.231312901197003,0.2952633500099182,-1.9124025169917709,True,0,mapped,True,0.0
T049,L,4165,T015,289,-4.231312901197003,0.2952633500099182,-1.9124025169917709,True,0,mapped,False,0.0
T049,L,4166,T014,290,-3.1077013745884607,-0.1274066993061499,-1.6782982012374184,True,0,mapped,True,0.0
T049,L,4167,T014,291,-2.178037240572423,-0.6066676186030042,-1.5171708476787202,True,0,mapped,True,0.0
T049,L,4168,T014,292,-1.40401843777797,-0.9522880889744988,-1.15733558648286,True,0,mapped,True,0.0
T049,L,4169,T014,293,-0.6913660783537462,-1.5244011313315111,-0.5432915899817093,True,0,mapped,True,0.0
T049,L,4170,T014,294,0.0653243490787257,-1.861266948736999,0.2088312800001277,True,0,mapped,True,0.0
T049,L,4171,T014,295,0.899649161832077,-2.2221764092067184,0.8856125940308153,True,0,mapped,True,0.0
T049,L,4172,T014,296,2.104622602462766,-2.9112811568268944,1.468730648603721,True,0,mapped,True,0.0
T049,L,4173,T014,297,-3.786632385825508,0.2952633500099182,-1.5532418639491508,True,0,mapped,True,0.0
T049,L,4173,T015,297,-3.786632385825507,0.2952633500099182,-1.5532418639491503,True,0,mapped,False,9.930136612989092e-16
T049,L,4174,T014,298,-2.724111342625408,-0.1202085256738893,-1.4811583538700002,True,0,mapped,True,0.0
T049,L,4175,T014,299,-1.740728133865964,-0.4887151182291898,-1.2826806262282202,True,0,mapped,True,0.0
T049,L,4176,T014,300,-1.0149723736387632,-0.8937745686586279,-0.9482938585699764,True,0,mapped,True,0.0
T049,L,4177,T014,301,-0.28777427129081,-1.339350788671139,-0.3132611604625351,True,0,mapped,True,0.0
T049,L,4178,T014,302,0.4737560114570472,-1.7572887463499591,0.4493615068156611,True,0,mapped,True,0.0
T049,L,4179,T014,303,1.6647632856576553,-2.2328223970257057,0.9861930916182357,True,0,mapped,True,0.0
T049,L,4180,T014,304,-3.290253893987078,0.2840529749817175,-1.287204467014043,True,0,mapped,True,0.0
T049,L,4180,T015,304,-3.290253893987078,0.2840529749817175,-1.287204467014043,True,0,mapped,False,0.0
T049,L,4181,T014,305,-2.2425107229770136,-0.0325882319196178,-1.2600026155677408,True,0,mapped,True,0.0
T049,L,4182,T014,306,-1.390162036819724,-0.3139331563772144,-1.136319773192907,True,0,mapped,True,0.0
T049,L,4183,T014,307,-0.6803191785536873,-0.7838130233286417,-0.7853352564568493,True,0,mapped,True,0.0
T049,L,4184,T014,308,0.1790182784237368,-1.1052188442058273,-0.1358236571478673,True,0,mapped,True,0.0
T049,L,4185,T014,309,1.0274831701962532,-1.6726761787434716,0.5737929261813403,True,0,mapped,True,0.0
T049,L,4186,T014,310,-2.7392068196809616,0.2952633500099182,-1.1442392155170178,True,0,mapped,True,0.0
T049,L,4186,T015,310,-2.7392068196809616,0.2952633500099182,-1.1442392155170176,True,0,mapped,False,2.220446049250313e-16
T049,L,4187,T014,311,-1.946372376063819,0.2216921777059965,-1.1127788652551438,True,0,mapped,True,0.0
T049,L,4188,T014,312,-1.0297386590644635,-0.1568511479037671,-1.0199163031121892,True,0,mapped,True,0.0
T049,L,4189,T014,313,-0.1766186136024411,-0.5968698975692754,-0.5860719498502504,True,0,mapped,True,0.0
T049,L,4190,T014,314,0.5924241347794481,-1.0464330167940772,0.0680610431530528,True,0,mapped,True,0.0
T049,L,4191,T014,315,-2.2829914512543663,0.5286355366733942,-0.9716365116801808,True,0,mapped,True,0.0
T049,L,4191,T015,315,-2.2829914512543663,0.5286355366733942,-0.9716365116801808,True,0,mapped,False,0.0
T049,L,4192,T014,316,-1.548682851712299,0.4477346521751834,-1.0196159881487912,True,0,mapped,True,0.0
T049,L,4193,T014,317,-0.639551002020135,0.0813347840300398,-0.9324147899835618,True,0,mapped,True,0.0
T049,L,4194,T014,318,0.5046225190162652,-0.2284228699426386,-0.4534354033509167,True,0,mapped,True,0.0
T049,L,4195,T014,319,-2.0417567899010223,0.9889326674600304,-0.7380824964006614,True,0,mapped,True,0.0
T049,L,4195,T015,319,-2.0417567899010223,0.9889326674600304,-0.7380824964006614,True,0,mapped,False,0.0
T049,L,4196,T014,320,-1.0407511811372985,0.7962834330420364,-0.991994266607177,True,0,mapped,True,0.0
T049,L,4197,T014,321,-0.1898951350827377,0.2514643081954051,-0.866558547392333,True,0,mapped,True,0.0
T049,L,4198,T014,322,-1.6677611041646003,1.3981117454437209,-0.6891972422599792,True,0,mapped,True,0.0
T049,L,4198,T015,322,-1.6677611041646003,1.3981117454437209,-0.6891972422599792,True,0,mapped,False,0.0
T049,L,4199,T014,323,-0.5800707192673031,1.063042637380966,-1.089197278022766,True,0,mapped,True,0.0
T049,L,4200,T015,26,-10.57660056296138,0.5128213217731807,-7.0606451203594975,True,0,mapped,True,0.0
T049,L,4201,T015,27,-9.962674703164229,0.8259881694710136,-6.453853793799763,True,0,mapped,True,0.0
T049,L,4202,T015,28,-9.27315597890206,0.9568465052368904,-5.7218245975230655,True,0,mapped,True,0.0
T049,L,4203,T015,29,-8.704393300438182,1.0194362170958953,-4.965088557720481,True,0,mapped,True,0.0
T049,L,4204,T015,30,-8.382019881863451,1.0293156956295988,-4.063264864548605,True,0,mapped,True,0.0
T049,L,4205,T015,31,-7.933472362378486,1.014025127644954,-3.1442494701161303,True,0,mapped,True,0.0
T049,L,4206,T015,32,-7.58764509918671,1.059009071866464,-2.2355722622478265,True,0,mapped,True,0.0
T049,L,4207,T015,33,-7.072151368613216,0.9581942698286484,-1.3484690633702423,True,0,mapped,True,0.0
T049,L,4208,T015,34,-6.518246342828877,0.902861464403286,-0.634561387247762,True,0,mapped,True,0.0
T049,L,4209,T015,35,-6.131892070611846,0.9245275569818424,0.2586269395121695,True,0,mapped,True,0.0
T049,L,4210,T015,36,-5.967159259768929,1.1127897106626192,1.1921435689552888,True,0,mapped,True,0.0
T049,L,4211,T015,37,-5.774783817723338,1.3656678416033587,2.105592280940539,True,0,mapped,True,0.0
T049,L,4212,T015,38,-5.584477184087509,1.8811327635910116,2.945358165194307,True,0,mapped,True,0.0
T049,L,4213,T015,39,-5.522897313716141,2.6177449744233283,3.61460523141509,True,0,mapped,True,0.0
T049,L,4214,T015,40,-5.336320000924507,3.4464247840606808,4.103806105529586,True,0,mapped,True,0.0
T049,L,4215,T015,41,-5.3060097707729,4.528189195452179,4.38223940040486,True,0,mapped,True,0.0
T049,L,4216,T015,42,-5.285244425941954,5.426590942771693,4.491632860630132,True,0,mapped,True,0.0
T049,L,4217,T015,43,-5.347368062807852,6.420685966856727,4.351206334678746,True,0,mapped,True,0.0
T049,L,4218,T015,44,-5.38111421796039,7.441717514484831,4.09051831741221,True,0,mapped,True,0.0
T049,L,4219,T015,45,-5.372247585372634,8.45384347855121,3.758350715738428,True,0,mapped,True,0.0
T049,L,4220,T015,46,-5.444457389037862,9.36119361455594,3.515311627091376,True,0,mapped,True,0.0
T049,L,4221,T015,47,-5.456530329652504,10.262218191820674,3.503854019233444,True,0,mapped,True,0.0
T049,L,4222,T015,50,-10.101107779800568,0.5677033560535389,-6.801464957494376,True,0,mapped,True,0.0
T049,L,4223,T015,51,-9.452232286050094,0.8550335255761138,-6.078311521153658,True,0,mapped,True,0.0
T049,L,4224,T015,52,-8.77872803423556,0.9173895435798988,-5.401538464402565,True,0,mapped,True,0.0
T049,L,4225,T015,53,-8.296004016283463,0.9345669426830436,-4.529465832901414,True,0,mapped,True,0.0
T049,L,4226,T015,54,-7.99283564474095,0.951629165110026,-3.560515690154481,True,0,mapped,True,0.0
T049,L,4227,T015,55,-7.587228628570609,1.0058922439039746,-2.7125859131193177,True,0,mapped,True,0.0
T049,L,4228,T015,56,-7.12321742368818,0.9858256770613412,-1.817348740067716,True,0,mapped,True,0.0
T049,L,4229,T015,57,-6.586315300559751,0.9220332013402204,-1.0190534243268146,True,0,mapped,True,0.0
T049,L,4230,T015,58,-6.091145566069422,0.911857422438516,-0.1879784116539473,True,0,mapped,True,0.0
T049,L,4231,T015,59,-5.884413519068591,1.0140398311899763,0.6131650890628605,True,0,mapped,True,0.0
T049,L,4232,T015,60,-5.668168951625687,1.2192434613175378,1.5155000937025376,True,0,mapped,True,0.0
T049,L,4233,T015,61,-5.452265199049625,1.6268760643557474,2.5167037252777584,True,0,mapped,True,0.0
T049,L,4234,T015,62,-5.269623957028208,2.297189566976693,3.2667511450387465,True,0,mapped,True,0.0
T049,L,4235,T015,63,-5.114984197742364,3.0116223833059994,3.759126508355534,True,0,mapped,True,0.0
T049,L,4236,T015,64,-4.991166358510691,4.070288062421632,4.238405178570647,True,0,mapped,True,0.0
T049,L,4237,T015,65,-4.8568227098195,5.188491510814065,4.343334261810033,True,0,mapped,True,0.0
T049,L,4238,T015,66,-4.896434838066402,6.019914510794255,4.347757724370752,True,0,mapped,True,0.0
T049,L,4239,T015,67,-5.041401829488281,7.025494666516003,4.128906375854832,True,0,mapped,True,0.0
T049,L,4240,T015,68,-5.01734533078051,8.065725011336655,3.770177523656504,True,0,mapped,True,0.0
T049,L,4241,T015,69,-5.156549714198872,8.971758064548377,3.4636051137859853,True,0,mapped,True,0.0
T049,L,4242,T015,70,-5.29083546612917,9.9424686529662,3.3925236467731383,True,0,mapped,True,0.0
T049,L,4243,T015,73,-9.505237994669873,0.5585847941377945,-6.495760844980526,True,0,mapped,True,0.0
T049,L,4244,T015,74,-8.853254230942532,0.7938856674974628,-5.761841078249016,True,0,mapped,True,0.0
T049,L,4245,T015,75,-8.333786270199665,0.8540875728665057,-5.02610953150425,True,0,mapped,True,0.0
T049,L,4246,T015,76,-7.92967434368054,0.887008232025918,-4.122805605701432,True,0,mapped,True,0.0
T049,L,4247,T015,77,-7.612738361736755,0.9143351552930944,-3.1963637534103606,True,0,mapped,True,0.0
T049,L,4248,T015,78,-7.130479733526506,0.9228227526921072,-2.3660025799037765,True,0,mapped,True,0.0
T049,L,4249,T015,79,-6.623376643936696,0.9291788570478636,-1.4390082114231193,True,0,mapped,True,0.0
T049,L,4250,T015,80,-6.177734959200841,0.914557714684195,-0.6618311131226018,True,0,mapped,True,0.0
T049,L,4251,T015,81,-5.7182320038000825,0.9425728164141368,0.0800247730383895,True,0,mapped,True,0.0
T049,L,4252,T015,82,-5.450252949847021,1.1316388009416458,0.9317157465021868,True,0,mapped,True,0.0
T049,L,4253,T015,83,-5.3100112172308105,1.368895954150901,1.820239995770765,True,0,mapped,True,0.0
T049,L,4254,T015,84,-5.059721093678808,1.952892833824636,2.7952922081163005,True,0,mapped,True,0.0
T049,L,4255,T015,85,-4.842292549895973,2.674595687406561,3.4327892038207084,True,0,mapped,True,0.0
T049,L,4256,T015,86,-4.679859540886259,3.6250565839199167,3.9841878831767015,True,0,mapped,True,0.0
T049,L,4257,T015,87,-4.5200365645548,4.657858317233636,4.227939321289413,True,0,mapped,True,0.0
T049,L,4258,T015,88,-4.470294352040336,5.691647915312843,4.232715968784491,True,0,mapped,True,0.0
T049,L,4259,T015,89,-4.660351848379781,6.707207415818183,4.109235535005887,True,0,mapped,True,0.0
T049,L,4260,T015,90,-4.760196340268628,7.6994131105797585,3.78745414256663,True,0,mapped,True,0.0
T049,L,4261,T015,91,-4.823568129029823,8.564594247910705,3.4299422442341445,True,0,mapped,True,0.0
T049,L,4262,T015,92,-4.92301788373334,9.555235477293609,3.2082555745813166,True,0,mapped,True,0.0
T049,L,4263,T015,95,-8.999133634632749,0.5554605761850017,-6.237137245426143,True,0,mapped,True,0.0
T049,L,4264,T015,96,-8.387260761726406,0.7258343813581792,-5.482882909819999,True,0,mapped,True,0.0
T049,L,4265,T015,97,-7.9758705795357425,0.7981197816996706,-4.63778641955837,True,0,mapped,True,0.0
T049,L,4266,T015,98,-7.548620471492663,0.8648430648335304,-3.720113967847652,True,0,mapped,True,0.0
T049,L,4267,T015,99,-7.216067362695874,0.8606004245595537,-2.812189496009761,True,0,mapped,True,0.0
T049,L,4268,T015,100,-6.721325242611036,0.9067484794269066,-1.9654303794780967,True,0,mapped,True,0.0
T049,L,4269,T015,101,-6.2402794262726005,0.9077748553147968,-1.1263188362580892,True,0,mapped,True,0.0
T049,L,4270,T015,102,-5.706183301695169,0.9184693034463088,-0.3947092454343514,True,0,mapped,True,0.0
T049,L,4271,T015,103,-5.454567006899555,1.0211602508106643,0.3913990168333507,True,0,mapped,True,0.0
T049,L,4272,T015,104,-5.207583520341384,1.2350091300359738,1.275334489851668,True,0,mapped,True,0.0
T049,L,4273,T015,105,-4.91776365868876,1.640421109549585,2.266792714752225,True,0,mapped,True,0.0
T049,L,4274,T015,106,-4.726920283321936,2.206226672727058,2.949465993951672,True,0,mapped,True,0.0
T049,L,4275,T015,107,-4.4316304746452975,3.111540589409355,3.6155204717672063,True,0,mapped,True,0.0
T049,L,4276,T015,108,-4.217889684081288,4.20003144176216,4.034274056951659,True,0,mapped,True,0.0
T049,L,4277,T015,109,-4.050399642273328,5.299528162201259,4.165584954160688,True,0,mapped,True,0.0
T049,L,4278,T015,110,-4.247017961065869,6.2360129688141335,4.067188800315073,True,0,mapped,True,0.0
T049,L,4279,T015,111,-4.358713489209714,7.313236031701383,3.756220134465908,True,0,mapped,True,0.0
T049,L,4280,T015,112,-4.488525630254528,8.241630813792785,3.370624884466421,True,0,mapped,True,0.0
T049,L,4281,T015,113,-4.651135043967022,9.1643104991075,3.111682423354425,True,0,mapped,True,0.0
T049,L,4282,T015,116,-8.525078261693594,0.5261920080026965,-5.972555610447471,True,0,mapped,True,0.0
T049,L,4283,T015,117,-7.984698042993875,0.6844097760815878,-5.099719737407401,True,0,mapped,True,0.0
T049,L,4284,T015,118,-7.604206802935408,0.8189670502549045,-4.205518093333562,True,0,mapped,True,0.0
T049,L,4285,T015,119,-7.231461634059632,0.7952896344775175,-3.316760559510924,True,0,mapped,True,0.0
T049,L,4286,T015,120,-6.737914473451287,0.8217323625666928,-2.443310106056414,True,0,mapped,True,0.0
T049,L,4287,T015,121,-6.262983060917714,0.8718823650647729,-1.623619809876055,True,0,mapped,True,0.0
T049,L,4288,T015,122,-5.772730483781988,0.9042570757947732,-0.7973509776569782,True,0,mapped,True,0.0
T049,L,4289,T015,123,-5.353574260716563,0.9362842864707654,-0.0391046897447926,True,0,mapped,True,0.0
T049,L,4290,T015,124,-5.005972856679176,1.104584368562029,0.710961753949944,True,0,mapped,True,0.0
T049,L,4291,T015,125,-4.808070103707235,1.416165732790966,1.6034724789753747,True,0,mapped,True,0.0
T049,L,4292,T015,126,-4.546051199943139,1.926769925431852,2.4927336420911663,True,0,mapped,True,0.0
T049,L,4293,T015,127,-4.322603928482158,2.666874743129356,3.187457081547246,True,0,mapped,True,0.0
T049,L,4294,T015,128,-3.9591657019712496,3.715879794482848,3.705173773064352,True,0,mapped,True,0.0
T049,L,4295,T015,129,-3.694052966671976,4.8401001579223735,3.9966351251878174,True,0,mapped,True,0.0
T049,L,4296,T015,130,-3.760263303042815,5.91622193445938,3.9528901481376497,True,0,mapped,True,0.0
T049,L,4297,T015,131,-3.966290715998429,6.894098395539453,3.730547672711225,True,0,mapped,True,0.0
T049,L,4298,T015,132,-4.134448750376817,7.761667237498639,3.335071431161607,True,0,mapped,True,0.0
T049,L,4299,T015,133,-4.339081574278181,8.801612675014207,3.031569823809772,True,0,mapped,True,0.0
T049,L,4300,T015,136,-8.000925151070419,0.4983903422175087,-5.583161703665235,True,0,mapped,True,0.0
T049,L,4301,T015,137,-7.668458715268389,0.7039398345687415,-4.665109544160391,True,0,mapped,True,0.0
T049,L,4302,T015,138,-7.18403089432644,0.7657156928352864,-3.752242528453248,True,0,mapped,True,0.0
T049,L,4303,T015,139,-6.847448989887984,0.7665676986886325,-2.870756167474725,True,0,mapped,True,0.0
T049,L,4304,T015,140,-6.3381191999937325,0.8216546433426812,-2.0407424740548503,True,0,mapped,True,0.0
T049,L,4305,T015,141,-5.809504854155699,0.8568939541990976,-1.2450195639813972,True,0,mapped,True,0.0
T049,L,4306,T015,142,-5.334503197324243,0.8965794191842348,-0.4577753244545704,True,0,mapped,True,0.0
T049,L,4307,T015,143,-5.071273599697541,1.0061346530029298,0.2984948531832562,True,0,mapped,True,0.0
T049,L,4308,T015,144,-4.721719602744953,1.249566658250766,1.0767644667961005,True,0,mapped,True,0.0
T049,L,4309,T015,145,-4.450161541706232,1.660823091144564,1.960483973938036,True,0,mapped,True,0.0
T049,L,4310,T015,146,-4.209968738426225,2.262023874557288,2.7024651384856844,True,0,mapped,True,0.0
T049,L,4311,T015,147,-3.7893120344045768,3.2905591241420056,3.3229548273726928,True,0,mapped,True,0.0
T049,L,4312,T015,148,-3.4785985324360307,4.249800012731127,3.6944336559816615,True,0,mapped,True,0.0
T049,L,4313,T015,149,-3.355311985460932,5.470419382412093,3.8374768499518375,True,0,mapped,True,0.0
T049,L,4314,T015,150,-3.646435788713344,6.479708416073443,3.653477157018645,True,0,mapped,True,0.0
T049,L,4315,T015,151,-3.793756547262954,7.397864705872634,3.2689502279954685,True,0,mapped,True,0.0
T049,L,4316,T015,152,-4.058764440434231,8.502731581326536,2.915828070782722,True,0,mapped,True,0.0
T049,L,4317,T015,155,-7.633012212603667,0.5143237905974226,-5.213726460045429,True,0,mapped,True,0.0
T049,L,4318,T015,156,-7.268592469631667,0.6930807327141715,-4.3069648166322745,True,0,mapped,True,0.0
T049,L,4319,T015,157,-6.839382079992253,0.6941260625813315,-3.3847069232260285,True,0,mapped,True,0.0
T049,L,4320,T015,158,-6.428625509729541,0.7656519171752766,-2.4435176936900778,True,0,mapped,True,0.0
T049,L,4321,T015,159,-5.936756874117068,0.8175059836786357,-1.6419771222019883,True,0,mapped,True,0.0
T049,L,4322,T015,160,-5.380818641145529,0.8585917757609223,-0.8447021526522062,True,0,mapped,True,0.0
T049,L,4323,T015,161,-5.0229654419851935,0.9176579344433776,-0.1158589718145762,True,0,mapped,True,0.0
T049,L,4324,T015,162,-4.608942628794536,1.1251443481699388,0.6598655386169263,True,0,mapped,True,0.0
T049,L,4325,T015,163,-4.367980607567321,1.4655079142544274,1.373462949510576,True,0,mapped,True,0.0
T049,L,4326,T015,164,-4.104110772572138,2.029440339820802,2.2998512279451666,True,0,mapped,True,0.0
T049,L,4327,T015,165,-3.7990427973335024,2.702283289939846,2.844680176980635,True,0,mapped,True,0.0
T049,L,4328,T015,166,-3.309964353164403,3.8315767619225816,3.389798232473729,True,0,mapped,True,0.0
T049,L,4329,T015,167,-3.1045429986888573,4.9841305428177565,3.662699909760053,True,0,mapped,True,0.0
T049,L,4330,T015,168,-3.2546539973148905,6.091055137567922,3.570346185049627,True,0,mapped,True,0.0
T049,L,4331,T015,169,-3.485293919965665,7.086579259020262,3.135969962410109,True,0,mapped,True,0.0
T049,L,4332,T015,170,-3.680145758648444,8.011230467561452,2.827770745450257,True,0,mapped,True,0.0
T049,L,4333,T015,173,-7.26464627441795,0.5035464163280909,-4.872497127053997,True,0,mapped,True,0.0
T049,L,4334,T015,174,-6.870242931189614,0.6172237980856372,-3.9154948491190176,True,0,mapped,True,0.0
T049,L,4335,T015,175,-6.484094998249239,0.6956923664630729,-2.935359974498326,True,0,mapped,True,0.0
T049,L,4336,T015,176,-6.053915508116076,0.7637673751730816,-2.041147977632209,True,0,mapped,True,0.0
T049,L,4337,T015,177,-5.51473527704909,0.8094096883107038,-1.248319043178586,True,0,mapped,True,0.0
T049,L,4338,T015,178,-4.959515573295325,0.8345440486778712,-0.4806835396596004,True,0,mapped,True,0.0
T049,L,4339,T015,179,-4.650113701811677,0.989629488170764,0.2137265171630221,True,0,mapped,True,0.0
T049,L,4340,T015,180,-4.308326314141094,1.2780363721763388,0.8901015945696921,True,0,mapped,True,0.0
T049,L,4341,T015,181,-3.955333284536085,1.724280685422166,1.714101147070476,True,0,mapped,True,0.0
T049,L,4342,T015,182,-3.719742002388432,2.2907084271403564,2.2941857817479816,True,0,mapped,True,0.0
T049,L,4343,T015,183,-3.211095660839549,3.3617570840132207,2.950190538233292,True,0,mapped,True,0.0
T049,L,4344,T015,184,-2.8648020941775685,4.391704363463365,3.310255358775992,True,0,mapped,True,0.0
T049,L,4345,T015,185,-2.9558038009029386,5.696705897298324,3.384165223723043,True,0,mapped,True,0.0
T049,L,4346,T015,186,-3.08856262163266,6.648991180379896,3.0670424299330894,True,0,mapped,True,0.0
T049,L,4347,T015,187,-3.3675839321238854,7.585277921135055,2.767222786192653,True,0,mapped,True,0.0
T049,L,4348,T015,190,-6.838147135301727,0.4908069249745837,-4.37597442543342,True,0,mapped,True,0.0
T049,L,4349,T015,191,-6.4778716531474,0.5900875776797943,-3.462842539816492,True,0,mapped,True,0.0
T049,L,4350,T015,192,-6.060530764479086,0.6686080388148902,-2.554973366618329,True,0,mapped,True,0.0
T049,L,4351,T015,193,-5.653433979613156,0.766571331266869,-1.6379426577677867,True,0,mapped,True,0.0
T049,L,4352,T015,194,-5.079069871581445,0.776723529673148,-0.87785377786109,True,0,mapped,True,0.0
T049,L,4353,T015,195,-4.592675801464106,0.8803644385235105,-0.1710113054275887,True,0,mapped,True,0.0
T049,L,4354,T015,196,-4.231382396306678,1.157369746299972,0.4730763269770984,True,0,mapped,True,0.0
T049,L,4355,T015,197,-3.9052627647235054,1.5721031233277167,1.2339904997518842,True,0,mapped,True,0.0
T049,L,4356,T015,198,-3.612887168326131,2.062282425403343,1.8815710273176245,True,0,mapped,True,0.0
T049,L,4357,T015,199,-3.147505815812488,2.9973812858856,2.5240373961305305,True,0,mapped,True,0.0
T049,L,4358,T015,200,-2.747937389112637,4.00762819110386,3.016735705993048,True,0,mapped,True,0.0
T049,L,4359,T015,201,-2.5659426347044514,5.15566540272803,3.1125576213097794,True,0,mapped,True,0.0
T049,L,4360,T015,202,-2.784925410674079,6.263316802743889,2.9529960501142503,True,0,mapped,True,0.0
T049,L,4361,T015,203,-3.0493952688362578,7.190995885480574,2.637109803767271,True,0,mapped,True,0.0
T049,L,4362,T015,206,-6.525885842934152,0.4946997752850335,-3.96786680871037,True,0,mapped,True,0.0
T049,L,4363,T015,207,-6.120327617048501,0.5920090653772486,-3.021294671481136,True,0,mapped,True,0.0
T049,L,4364,T015,208,-5.700479455915473,0.6899469078062573,-2.1114216050437395,True,0,mapped,True,0.0
T049,L,4365,T015,209,-5.213129461092351,0.7266939500636457,-1.280943702729317,True,0,mapped,True,0.0
T049,L,4366,T015,210,-4.662369814949376,0.7886011765090347,-0.5076052688778872,True,0,mapped,True,0.0
T049,L,4367,T015,211,-4.211511337457946,0.9629016541407251,0.0189920231586519,True,0,mapped,True,0.0
T049,L,4368,T015,212,-3.835319451935099,1.365630229941344,0.7027040721283027,True,0,mapped,True,0.0
T049,L,4369,T015,213,-3.473750501762825,1.87516578345587,1.4529229422347512,True,0,mapped,True,0.0
T049,L,4370,T015,214,-3.131533677151879,2.5910842767866398,1.9958071835693016,True,0,mapped,True,0.0
T049,L,4371,T015,215,-2.7065637476152977,3.4707187473886107,2.529117856959553,True,0,mapped,True,0.0
T049,L,4372,T015,216,-2.434211950766202,4.637527076218713,2.9160513246089748,True,0,mapped,True,0.0
T049,L,4373,T015,217,-2.5293449404919204,5.846836104877909,2.813246914249337,True,0,mapped,True,0.0
T049,L,4374,T015,218,-2.7732976827178675,6.79682412200607,2.493592926219307,True,0,mapped,True,0.0
T049,L,4375,T015,221,-6.082800922523813,0.470414597321701,-3.5488618206000333,True,0,mapped,True,0.0
T049,L,4376,T015,222,-5.746933771666964,0.6033602871403981,-2.538884049980461,True,0,mapped,True,0.0
T049,L,4377,T015,223,-5.309862764397755,0.6742422298438668,-1.7065553455641411,True,0,mapped,True,0.0
T049,L,4378,T015,224,-4.722658079859686,0.7063638823833897,-0.8739215284341593,True,0,mapped,True,0.0
T049,L,4379,T015,225,-4.278895193670813,0.8710137080166577,-0.2286155568850545,True,0,mapped,True,0.0
T049,L,4380,T015,226,-3.840050037563009,1.158760863273296,0.2871262026232863,True,0,mapped,True,0.0
T049,L,4381,T015,227,-3.4223714753772936,1.6473938969562163,1.007843407488263,True,0,mapped,True,0.0
T049,L,4382,T015,228,-3.075266194133916,2.159744488804067,1.4581713159208396,True,0,mapped,True,0.0
T049,L,4383,T015,229,-2.614727804221474,3.1453660867349327,2.0941469461258566,True,0,mapped,True,0.0
T049,L,4384,T015,230,-2.2716185179584345,4.194307913852565,2.4400453642488755,True,0,mapped,True,0.0
T049,L,4385,T015,231,-2.2507885136564747,5.286170417312111,2.5465543417232466,True,0,mapped,True,0.0
T049,L,4386,T015,232,-2.513957471373595,6.371544822973176,2.3285884692215,True,0,mapped,True,0.0
T049,L,4387,T015,235,-5.769575403172071,0.4760735549647368,-3.1069658354763665,True,0,mapped,True,0.0
T049,L,4388,T015,236,-5.388032918009777,0.6060852542256703,-2.119253197051862,True,0,mapped,True,0.0
T049,L,4389,T015,237,-4.863244482278386,0.6343992604580565,-1.3456587498595545,True,0,mapped,True,0.0
T049,L,4390,T015,238,-4.360867056261357,0.7614309838883155,-0.5334368345767746,True,0,mapped,True,0.0
T049,L,4391,T015,239,-3.820322425852326,0.9809732601642798,-0.0785910296451395,True,0,mapped,True,0.0
T049,L,4392,T015,240,-3.416087999179021,1.4228272036737966,0.5566664675310871,True,0,mapped,True,0.0
T049,L,4393,T015,241,-2.9848224071761296,1.9785951937506367,1.1199502225741305,True,0,mapped,True,0.0
T049,L,4394,T015,242,-2.595628861888531,2.6488368632764097,1.5828990024682597,True,0,mapped,True,0.0
T049,L,4395,T015,243,-2.2450792951862697,3.7234544105854073,2.002478994857465,True,0,mapped,True,0.0
T049,L,4396,T015,244,-2.098803671615287,4.916239466779669,2.2160282909395232,True,0,mapped,True,0.0
T049,L,4397,T015,245,-2.26055833128652,5.949583592963407,2.055064961263237,True,0,mapped,True,0.0
T049,L,4398,T015,248,-5.373233841873825,0.4620870011315071,-2.624253680250125,True,0,mapped,True,0.0
T049,L,4399,T015,249,-4.997541804951274,0.5875809873250057,-1.735890341009419,True,0,mapped,True,0.0
T049,L,4400,T015,250,-4.400546985438029,0.6269574517494819,-0.9706086984406846,True,0,mapped,True,0.0
T049,L,4401,T015,251,-3.9471324013658986,0.8242786651952694,-0.3739128948661189,True,0,mapped,True,0.0
T049,L,4402,T015,252,-3.427476895680852,1.175586628235762,0.1304297931145908,True,0,mapped,True,0.0
T049,L,4403,T015,253,-2.983627127715585,1.7472854892087597,0.7443266234033863,True,0,mapped,True,0.0
T049,L,4404,T015,254,-2.544533100949682,2.298021575458536,1.0964312493819093,True,0,mapped,True,0.0
T049,L,4405,T015,255,-2.1577798996250763,3.321705891189088,1.5140014008164195,True,0,mapped,True,0.0
T049,L,4406,T015,256,-1.99995361646808,4.448135552709905,1.850438224485743,True,0,mapped,True,0.0
T049,L,4407,T015,257,-2.0541479925278656,5.548437506585181,1.7885583443339588,True,0,mapped,True,0.0
T049,L,4408,T015,260,-5.025902587987519,0.4680114340365575,-2.211508618873686,True,0,mapped,True,0.0
T049,L,4409,T015,261,-4.566771874564395,0.5600837623156627,-1.348781481479696,True,0,mapped,True,0.0
T049,L,4410,T015,262,-3.948239955968301,0.6779265997951074,-0.680107098642487,True,0,mapped,True,0.0
T049,L,4411,T015,263,-3.4404181540305787,0.936214925638442,-0.2870309376703556,True,0,mapped,True,0.0
T049,L,4412,T015,264,-3.023447646933796,1.4767280493904238,0.3588658009512028,True,0,mapped,True,0.0
T049,L,4413,T015,265,-2.61041153186332,2.0241805750099235,0.7833135331621406,True,0,mapped,True,0.0
T049,L,4414,T015,266,-2.1390639253431343,2.9274240016503983,1.1620981244813668,True,0,mapped,True,0.0
T049,L,4415,T015,267,-1.9395048414580427,3.983577194724224,1.3848324996859178,True,0,mapped,True,0.0
T049,L,4416,T015,268,-1.9516804274748083,5.146584647438795,1.5410121868969675,True,0,mapped,True,0.0
T049,L,4417,T015,271,-4.636094276553799,0.465392440987601,-1.7617863397423064,True,0,mapped,True,0.0
T049,L,4418,T015,272,-4.117863723267469,0.5324107926410002,-1.0968954271147549,True,0,mapped,True,0.0
T049,L,4419,T015,273,-3.5187083614706087,0.7489615308058333,-0.5739714481449438,True,0,mapped,True,0.0
T049,L,4420,T015,274,-2.999828485785221,1.2238456348528888,-0.0428973855517503,True,0,mapped,True,0.0
T049,L,4421,T015,275,-2.642611622235484,1.7170013638224837,0.3925811101927781,True,0,mapped,True,0.0
T049,L,4422,T015,276,-2.203870060919505,2.5620679641189787,0.8960231031451948,True,0,mapped,True,0.0
T049,L,4423,T015,277,-1.9099009877182,3.5632861598896794,0.9944772907964132,True,0,mapped,True,0.0
T049,L,4424,T015,278,-1.880106626350979,4.673509326431199,1.1211883237360865,True,0,mapped,True,0.0
T049,L,4425,T015,281,-4.155707247604479,0.4267579454628297,-1.4671952729056237,True,0,mapped,True,0.0
T049,L,4426,T015,282,-3.651310298484916,0.6125800998893153,-0.8003820820934304,True,0,mapped,True,0.0
T049,L,4427,T015,283,-3.0641386186682293,1.0187587262696265,-0.2987844178517189,True,0,mapped,True,0.0
T049,L,4428,T015,284,-2.649052403192875,1.5071214338713834,0.0877321927516158,True,0,mapped,True,0.0
T049,L,4429,T015,285,-2.188046557643888,2.290978021864082,0.5680051982758595,True,0,mapped,True,0.0
T049,L,4430,T015,286,-1.8848621430289163,3.177922403306304,0.7287783033390687,True,0,mapped,True,0.0
T049,L,4431,T015,287,-1.8435447997576,4.230588709010702,0.7844218776153018,True,0,mapped,True,0.0
T049,L,4432,T015,290,-3.714413579498839,0.46018775186567,-1.1339889898450726,True,0,mapped,True,0.0
T049,L,4433,T015,291,-3.1665062050947044,0.6989628128687956,-0.6929938656110255,True,0,mapped,True,0.0
T049,L,4434,T015,292,-2.684907956769077,1.225839770665165,-0.2399459402140148,True,0,mapped,True,0.0
T049,L,4435,T015,293,-2.2432485762607834,1.8653890210761923,0.1337971824277961,True,0,mapped,True,0.0
T049,L,4436,T015,294,-1.8696335209440544,2.782484328888392,0.4345565631417468,True,0,mapped,True,0.0
T049,L,4437,T015,295,-1.7884224576446102,3.821860039049564,0.4328316306737492,True,0,mapped,True,0.0
T049,L,4438,T015,298,-3.1440985325658373,0.4858173470059326,-0.9892446972051184,True,0,mapped,True,0.0
T049,L,4439,T015,299,-2.6951234845490584,0.9555764677853102,-0.5281094373898851,True,0,mapped,True,0.0
T049,L,4440,T015,300,-2.2429372705147737,1.5551591704540515,-0.2000661803812535,True,0,mapped,True,0.0
T049,L,4441,T015,301,-1.912004600819646,2.370899896203833,0.1774638502872734,True,0,mapped,True,0.0
T049,L,4442,T015,302,-1.7350552319753971,3.420180854945325,0.1809741469215218,True,0,mapped,True,0.0
T049,L,4443,T015,305,-2.7579905782797725,0.6170926275390739,-0.866545746769819,True,0,mapped,True,0.0
T049,L,4444,T015,306,-2.3247834765256408,1.2376143433086395,-0.4336115988219392,True,0,mapped,True,0.0
T049,L,4445,T015,307,-2.016409736904889,1.951689252256033,-0.1043925405778447,True,0,mapped,True,0.0
T049,L,4446,T015,308,-1.6399818575697631,2.9425503801357125,-0.0889175292868162,True,0,mapped,True,0.0
T049,L,4447,T015,311,-2.38068674160584,0.9140141015006056,-0.6853926529151825,True,0,mapped,True,0.0
T049,L,4448,T015,312,-1.9649558826120608,1.65339321918517,-0.3694584134847928,True,0,mapped,True,0.0
T049,L,4449,T015,313,-1.578999733769938,2.478029770920941,-0.3689003294865386,True,0,mapped,True,0.0
T049,L,4450,T015,316,-2.0472243770751297,1.2752845276290068,-0.5486407788330993,True,0,mapped,True,0.0
T049,L,4451,T015,317,-1.6455337646037471,1.970025561126852,-0.4908933932251234,True,0,mapped,True,0.0
T049,L,4452,T015,320,-1.6755588315885688,1.762412696047681,-0.5369277083422376,True,0,mapped,True,0.0
