sample_id,side,global_vertex_id,region_id,region_point_id,x,y,z,candidate_finite,quality_rank,repair_method,selected,distance_to_selected_mm
T097,L,0,T001,0,-7.196503162384033,23.89609909057617,-19.06888961791992,True,-1,landmark_vertex,True,0.0
T097,L,0,T002,0,-7.196503162384033,23.89609909057617,-19.06888961791992,True,-1,landmark_vertex,False,0.0
T097,L,1,T001,1,-6.395681490436578,23.452000087221677,-19.06888961791992,True,0,mapped,True,0.0
T097,L,1,T002,1,-6.395681490436578,23.45200008722167,-19.06888961791992,True,0,mapped,False,7.105427357601002e-15
T097,L,2,T001,2,-5.684516114701221,22.88845904580717,-19.034960585775277,True,0,mapped,True,0.0
T097,L,2,T002,2,-5.684516114701221,22.88845904580717,-19.034960585775277,True,0,mapped,False,0.0
T097,L,3,T001,3,-4.988280839854333,22.44422390825355,-18.806358673861443,True,0,mapped,True,0.0
T097,L,3,T002,3,-4.988280839854333,22.44422390825355,-18.806358673861443,True,0,mapped,False,0.0
T097,L,4,T001,4,-4.276470223450413,22.052446365356445,-18.471398417230823,True,0,mapped,True,0.0
T097,L,4,T002,4,-4.2764702234504135,22.052446365356445,-18.471398417230827,True,0,mapped,False,3.66205343881779e-15
T097,L,5,T001,5,-3.662609254529316,21.65244674682617,-18.061198782088024,True,0,mapped,True,0.0
T097,L,5,T002,5,-3.662609254529316,21.65244674682617,-18.061198782088024,True,0,mapped,False,0.0
T097,L,6,T001,6,-3.053751824834181,21.21740558873644,-17.658027603129547,True,0,mapped,True,0.0
T097,L,6,T002,6,-3.053751824834181,21.21740558873644,-17.658027603129547,True,0,mapped,False,0.0
T097,L,7,T001,7,-2.5843445001027723,20.636917738332706,-17.231541357008055,True,0,mapped,True,0.0
T097,L,7,T002,7,-2.5843445001027723,20.636917738332706,-17.231541357008055,True,0,mapped,False,0.0
T097,L,8,T001,8,-2.1318518796903976,20.10138435609412,-16.703350592598472,True,0,mapped,True,0.0
T097,L,8,T002,8,-2.1318518796903976,20.10138435609412,-16.703350592598472,True,0,mapped,False,0.0
T097,L,9,T001,9,-1.8339994216872768,19.594316595371875,-16.12086445873604,True,0,mapped,True,0.0
T097,L,9,T002,9,-1.8339994216872768,19.594316595371875,-16.12086445873604,True,0,mapped,False,0.0
T097,L,10,T001,10,-1.5965030193328855,19.100719981199116,-15.425608852398616,True,0,mapped,True,0.0
T097,L,10,T002,10,-1.5965030193328855,19.100719981199116,-15.425608852398616,True,0,mapped,False,0.0
T097,L,11,T001,11,-1.2676001198288689,18.67609152304454,-14.720433222588632,True,0,mapped,True,0.0
T097,L,11,T002,11,-1.2676001198288689,18.67609152304454,-14.720433222588632,True,0,mapped,False,0.0
T097,L,12,T001,12,-0.9032390182399342,18.34257325987865,-13.975625664448737,True,0,mapped,True,0.0
T097,L,12,T002,12,-0.9032390182399344,18.34257325987866,-13.975625664448737,True,0,mapped,False,7.106294666405892e-15
T097,L,13,T001,13,-0.473863889817241,18.040266403068006,-13.24337734401333,True,0,mapped,True,0.0
T097,L,13,T002,13,-0.473863889817241,18.040266403068006,-13.24337734401333,True,0,mapped,False,0.0
T097,L,14,T001,14,-0.2132020502704026,17.71043422826953,-12.485589182290092,True,0,mapped,True,0.0
T097,L,14,T002,14,-0.2132020502704026,17.71043422826953,-12.485589182290092,True,0,mapped,False,0.0
T097,L,15,T001,15,-0.1965030431747436,17.3826557267938,-11.642831297549035,True,0,mapped,True,0.0
T097,L,15,T002,15,-0.1965030431747436,17.3826557267938,-11.64283129754904,True,0,mapped,False,5.329070518200751e-15
T097,L,16,T001,16,0.1575183462102068,17.06334691635148,-10.890803238983814,True,0,mapped,True,0.0
T097,L,16,T002,16,0.1575183462102068,17.06334691635148,-10.890803238983814,True,0,mapped,False,0.0
T097,L,17,T001,17,0.4063389858328626,16.670057264193794,-10.12059758232616,True,0,mapped,True,0.0
T097,L,17,T002,17,0.4063389858328626,16.670057264193794,-10.12059758232616,True,0,mapped,False,0.0
T097,L,18,T001,18,0.6034969687461853,16.242508187508086,-9.35872585428755,True,0,mapped,True,0.0
T097,L,18,T002,18,0.6034969687461853,16.242508187508086,-9.35872585428755,True,0,mapped,False,0.0
T097,L,19,T001,19,0.6034969687461853,15.89981700114181,-8.508359838317896,True,0,mapped,True,0.0
T097,L,19,T002,19,0.6034969687461853,15.89981700114181,-8.508359838317896,True,0,mapped,False,0.0
T097,L,20,T001,20,0.6034969687461853,15.472460377769442,-7.6995896112261875,True,0,mapped,True,0.0
T097,L,20,T002,20,0.6034969687461853,15.472460377769444,-7.6995896112261875,True,0,mapped,False,1.7763568394002505e-15
T097,L,21,T001,21,0.6034969687461853,14.826945634299667,-7.073295722638047,True,0,mapped,True,0.0
T097,L,21,T002,21,0.6034969687461853,14.826945634299667,-7.073295722638047,True,0,mapped,False,0.0
T097,L,22,T001,22,0.6034969687461854,14.038005052497017,-6.607923333012394,True,0,mapped,True,0.0
T097,L,22,T002,22,0.6034969687461853,14.038005052497017,-6.607923333012394,True,0,mapped,False,1.1102230246251565e-16
T097,L,23,T001,23,0.6034969687461853,13.251514905508223,-6.176772505498214,True,0,mapped,True,0.0
T097,L,23,T002,23,0.6034969687461853,13.251514905508222,-6.176772505498213,True,0,mapped,False,1.9860273225978185e-15
T097,L,24,T001,24,0.6034969687461853,12.48748016357422,-5.668889999389648,True,-1,landmark_vertex,True,0.0
T097,L,24,T002,24,0.6034969687461853,12.48748016357422,-5.668889999389648,True,0,mapped,False,0.0
T097,L,24,T004,24,0.6034969687461853,12.48748016357422,-5.668889999389648,True,0,mapped,False,0.0
T097,L,25,T001,25,-6.6036169047993525,23.852445602416992,-18.888123464304208,True,0,mapped,True,0.0
T097,L,26,T001,26,-5.770509081258807,23.3163791472095,-18.864130585933605,True,0,mapped,True,0.0
T097,L,27,T001,27,-5.122797929810015,22.877848872825705,-18.73666006502824,True,0,mapped,True,0.0
T097,L,28,T001,28,-4.4177216831515125,22.386693824374092,-18.477891122135382,True,0,mapped,True,0.0
T097,L,29,T001,29,-3.756448917156432,22.005589063082382,-18.09292099094652,True,0,mapped,True,0.0
T097,L,30,T001,30,-3.1347573133693176,21.56656076718199,-17.70478783394065,True,0,mapped,True,0.0
T097,L,31,T001,31,-2.6031700113924185,20.91081346086121,-17.29810248243252,True,0,mapped,True,0.0
T097,L,32,T001,32,-2.1013502450794053,20.4109218711201,-16.78156307331647,True,0,mapped,True,0.0
T097,L,33,T001,33,-1.7954396726445272,19.90693297794393,-16.295798485879384,True,0,mapped,True,0.0
T097,L,34,T001,34,-1.543055637218297,19.355604991884665,-15.626500851604202,True,0,mapped,True,0.0
T097,L,35,T001,35,-1.2564375059734694,18.92064101507628,-14.975949952996803,True,0,mapped,True,0.0
T097,L,36,T001,36,-0.9174600826127564,18.523245981575258,-14.262738628812976,True,0,mapped,True,0.0
T097,L,37,T001,37,-0.3914248238138137,18.266298953040888,-13.524434049169932,True,0,mapped,True,0.0
T097,L,38,T001,38,-0.1556677425908154,17.870509306895908,-12.786817362678796,True,0,mapped,True,0.0
T097,L,39,T001,39,0.0656985068936261,17.488975952038395,-11.981205148469748,True,0,mapped,True,0.0
T097,L,40,T001,40,0.2165254858412459,17.153400036121656,-11.21369675226795,True,0,mapped,True,0.0
T097,L,41,T001,41,0.461255284507926,16.775945694124932,-10.478639512138365,True,0,mapped,True,0.0
T097,L,42,T001,42,0.6384295574667538,16.383461785326944,-9.742263606436824,True,0,mapped,True,0.0
T097,L,43,T001,43,0.7611376182130403,15.94123940577573,-8.968918741732864,True,0,mapped,True,0.0
T097,L,44,T001,44,0.7487192610723172,15.492123506409534,-8.232736691556921,True,0,mapped,True,0.0
T097,L,45,T001,45,0.8043442097258987,14.860650100198136,-7.542213462263577,True,0,mapped,True,0.0
T097,L,46,T001,46,0.7650433522796034,14.220734107094868,-6.938119944655548,True,0,mapped,True,0.0
T097,L,47,T001,47,0.821009309652412,13.45292489225303,-6.495780056193121,True,0,mapped,True,0.0
T097,L,48,T001,48,0.7549733913020773,13.040978030561822,-6.14754948509313,True,2,smooth_near_vertex,True,0.0
T097,L,49,T001,49,-6.030901909334028,23.852445602416992,-18.61790900535488,True,0,mapped,True,0.0
T097,L,50,T001,50,-5.289162030689716,23.2702937192952,-18.63196783429457,True,0,mapped,True,0.0
T097,L,51,T001,51,-4.55117901221516,22.76623341840852,-18.44138581363355,True,0,mapped,True,0.0
T097,L,52,T001,52,-3.8957536504874,22.252444141197287,-18.130343927271092,True,0,mapped,True,0.0
T097,L,53,T001,53,-3.2329670990932327,21.815653504326814,-17.74321114490372,True,0,mapped,True,0.0
T097,L,54,T001,54,-2.7706663191846403,21.350658547127967,-17.422426489064343,True,0,mapped,True,0.0
T097,L,55,T001,55,-2.167895462705306,20.76155342317806,-16.928544627071343,True,0,mapped,True,0.0
T097,L,56,T001,56,-1.7824226191998849,20.214712433300036,-16.426322838184255,True,0,mapped,True,0.0
T097,L,57,T001,57,-1.4459019158158637,19.748665432599378,-15.892559883899995,True,0,mapped,True,0.0
T097,L,58,T001,58,-1.1817048281556033,19.216909382025328,-15.222396511646773,True,0,mapped,True,0.0
T097,L,59,T001,59,-0.8518709612457087,18.768747009354847,-14.534560805176977,True,0,mapped,True,0.0
T097,L,60,T001,60,-0.4111644595249318,18.45638816750932,-13.794564682859503,True,0,mapped,True,0.0
T097,L,61,T001,61,-0.0414670946973481,18.065268070966532,-13.032381530005106,True,0,mapped,True,0.0
T097,L,62,T001,62,0.2371388653390913,17.70178401186278,-12.34574943536703,True,0,mapped,True,0.0
T097,L,63,T001,63,0.327209141494043,17.279833352364374,-11.574800850314064,True,0,mapped,True,0.0
T097,L,64,T001,64,0.517317913668445,16.944825897113777,-10.847330335457569,True,0,mapped,True,0.0
T097,L,65,T001,65,0.7805868809471699,16.51341847191278,-10.135642102143276,True,0,mapped,True,0.0
T097,L,66,T001,66,0.9391079871052554,16.03078072158251,-9.398491698126184,True,0,mapped,True,0.0
T097,L,67,T001,67,0.8976646832898091,15.561135761103776,-8.582029108793929,True,0,mapped,True,0.0
T097,L,68,T001,68,0.9274459653357014,15.05275532032327,-7.967863314093487,True,0,mapped,True,0.0
T097,L,69,T001,69,0.908337029170818,14.425419005714788,-7.30831343590146,True,0,mapped,True,0.0
T097,L,70,T001,70,1.119887234304555,13.614593359881722,-6.822261298795663,True,0,mapped,True,0.0
T097,L,71,T001,71,0.9918903180635265,12.971992160911814,-6.248755379291536,True,0,mapped,True,0.0
T097,L,72,T001,72,-5.49038119291948,23.67076604568333,-18.46888923645019,True,0,mapped,True,0.0
T097,L,73,T001,73,-4.740164720108655,23.162580342753493,-18.368589596404167,True,0,mapped,True,0.0
T097,L,74,T001,74,-4.058763324673711,22.649139708391463,-18.13118035191941,True,0,mapped,True,0.0
T097,L,75,T001,75,-3.4300336600664325,22.170591410933305,-17.839989148872604,True,0,mapped,True,0.0
T097,L,76,T001,76,-2.832228066026234,21.690135510625925,-17.44691621661926,True,0,mapped,True,0.0
T097,L,77,T001,77,-2.29017206640854,21.153482771736503,-17.042765252103578,True,0,mapped,True,0.0
T097,L,78,T001,78,-1.790367601161548,20.48837635908765,-16.52674311229117,True,0,mapped,True,0.0
T097,L,79,T001,79,-1.3821867352343986,20.0313403639177,-15.976732263938038,True,0,mapped,True,0.0
T097,L,80,T001,80,-0.9909802481557636,19.609132239019203,-15.345278259727898,True,0,mapped,True,0.0
T097,L,81,T001,81,-0.8418675263356973,19.01902878612559,-14.772094618586678,True,0,mapped,True,0.0
T097,L,82,T001,82,-0.4164399355757218,18.64104401378691,-14.04440001544758,True,0,mapped,True,0.0
T097,L,83,T001,83,-0.0213519516124206,18.272814922401007,-13.27788688688658,True,0,mapped,True,0.0
T097,L,84,T001,84,0.37904985485085,17.91895816535258,-12.60860607570478,True,0,mapped,True,0.0
T097,L,85,T001,85,0.4827824659234285,17.4944624421436,-11.915150274094668,True,0,mapped,True,0.0
T097,L,86,T001,86,0.6242663271096738,17.092174817990934,-11.189407320852922,True,0,mapped,True,0.0
T097,L,87,T001,87,0.8574994578382423,16.651017429239808,-10.463177593475017,True,0,mapped,True,0.0
T097,L,88,T001,88,1.0557634500068729,16.226664029731246,-9.80944577383397,True,0,mapped,True,0.0
T097,L,89,T001,89,1.1477103751445388,15.686522988639885,-9.013750902178494,True,0,mapped,True,0.0
T097,L,90,T001,90,1.0993487521218646,15.14294780138174,-8.315976418610212,True,0,mapped,True,0.0
T097,L,91,T001,91,1.1525295982314478,14.62216112825805,-7.759808826198039,True,0,mapped,True,0.0
T097,L,92,T001,92,1.2907247070283685,13.76921501561785,-7.072157420752465,True,0,mapped,True,0.0
T097,L,93,T001,93,1.372162985926739,13.065217268679037,-6.51128178587946,True,0,mapped,True,0.0
T097,L,94,T001,94,-4.942581478538749,23.65244674682617,-18.16827208957221,True,0,mapped,True,0.0
T097,L,95,T001,95,-4.189596616372605,22.976626633783884,-18.09207902224153,True,0,mapped,True,0.0
T097,L,96,T001,96,-3.51702562914594,22.49914493336177,-17.828067188568664,True,0,mapped,True,0.0
T097,L,97,T001,97,-2.922329734197541,22.04115449086053,-17.481327506877033,True,0,mapped,True,0.0
T097,L,98,T001,98,-2.3591529996142158,21.545409848347266,-17.08898633590557,True,0,mapped,True,0.0
T097,L,99,T001,99,-1.8471622752870365,20.898106387003452,-16.644780011048816,True,0,mapped,True,0.0
T097,L,100,T001,100,-1.434237361428921,20.295235097432368,-16.11340302209499,True,0,mapped,True,0.0
T097,L,101,T001,101,-1.0414884923324252,19.829095518832965,-15.52403876326631,True,0,mapped,True,0.0
T097,L,102,T001,102,-0.6326066577632964,19.376931294371023,-14.87419372655654,True,0,mapped,True,0.0
T097,L,103,T001,103,-0.4668142651918996,18.97189663093138,-14.412185854861653,True,0,mapped,True,0.0
T097,L,104,T001,104,0.007405828340311,18.594893390464755,-13.66926074372519,True,0,mapped,True,0.0
T097,L,105,T001,105,0.4274038997120189,18.13082052938553,-12.843460863034007,True,0,mapped,True,0.0
T097,L,106,T001,106,0.7263940470144508,17.796996160156713,-12.271312898468864,True,0,mapped,True,0.0
T097,L,107,T001,107,0.8023233398034528,17.284865393373167,-11.501868465044245,True,0,mapped,True,0.0
T097,L,108,T001,108,1.01376822908194,16.833425872526632,-10.760600073996708,True,0,mapped,True,0.0
T097,L,109,T001,109,1.1397873707564838,16.410926364991383,-10.114961145535077,True,0,mapped,True,0.0
T097,L,110,T001,110,1.2906317169591468,15.894942646186257,-9.43315419258881,True,0,mapped,True,0.0
T097,L,111,T001,111,1.336340232307348,15.353931048590873,-8.766488319318796,True,0,mapped,True,0.0
T097,L,112,T001,112,1.4080514882440929,14.697274589317123,-8.04932656271058,True,0,mapped,True,0.0
T097,L,113,T001,113,1.4514434327265182,14.047687450970292,-7.422354844774932,True,0,mapped,True,0.0
T097,L,114,T001,114,1.7386901476298793,13.214774100713798,-6.78129235981632,True,0,mapped,True,0.0
T097,L,115,T001,115,-4.4328450122960215,23.45849699764253,-17.963427205235405,True,0,mapped,True,0.0
T097,L,116,T001,116,-3.680078186017768,22.74529031903349,-17.845537750277195,True,0,mapped,True,0.0
T097,L,117,T001,117,-3.1353705846235824,22.290760632299424,-17.581966613668524,True,0,mapped,True,0.0
T097,L,118,T001,118,-2.568191088181162,21.88248909339383,-17.210225090234164,True,0,mapped,True,0.0
T097,L,119,T001,119,-1.9370930468498675,21.32506365420798,-16.726444560749407,True,0,mapped,True,0.0
T097,L,120,T001,120,-1.4936777049783392,20.679592537199696,-16.258991618241904,True,0,mapped,True,0.0
T097,L,121,T001,121,-1.0455702984713544,20.136596226623357,-15.662319962880652,True,0,mapped,True,0.0
T097,L,122,T001,122,-0.6487740827502747,19.66729326372983,-15.04241106767287,True,0,mapped,True,0.0
T097,L,123,T001,123,-0.2911613926774787,19.26562691670572,-14.49231250939478,True,0,mapped,True,0.0
T097,L,124,T001,124,0.0341336468616014,18.839859680167685,-13.88707470655764,True,0,mapped,True,0.0
T097,L,125,T001,125,0.3901783610419838,18.33065331545272,-13.07977453740586,True,0,mapped,True,0.0
T097,L,126,T001,126,0.8192980575706621,18.030694287161264,-12.4790200590346,True,0,mapped,True,0.0
T097,L,127,T001,127,0.998146149526404,17.5248032198318,-11.785889741261318,True,0,mapped,True,0.0
T097,L,128,T001,128,1.1743837429026862,17.007331043042118,-11.009414610070245,True,0,mapped,True,0.0
T097,L,129,T001,129,1.2365615487303665,16.538009065056507,-10.336236232503282,True,0,mapped,True,0.0
T097,L,130,T001,130,1.3897347037935035,16.084192283868216,-9.740599939880834,True,0,mapped,True,0.0
T097,L,131,T001,131,1.5131516594653136,15.576097826870004,-9.095606914739957,True,0,mapped,True,0.0
T097,L,132,T001,132,1.4716888056642692,14.999966946935976,-8.418979686029616,True,0,mapped,True,0.0
T097,L,133,T001,133,1.5562293116328771,14.320141936832854,-7.745289186237127,True,0,mapped,True,0.0
T097,L,134,T001,134,1.834312905158816,13.526920656336006,-7.094561477751136,True,0,mapped,True,0.0
T097,L,135,T001,135,-3.9133232709733177,23.16926587301065,-17.779524251110605,True,0,mapped,True,0.0
T097,L,136,T001,136,-3.185656631252394,22.60689477159641,-17.528486904715276,True,0,mapped,True,0.0
T097,L,137,T001,137,-2.596233117891831,22.24223194042172,-17.160447939943353,True,0,mapped,True,0.0
T097,L,138,T001,138,-2.0112710317618308,21.701625800972696,-16.781849885657717,True,0,mapped,True,0.0
T097,L,139,T001,139,-1.545454589328014,21.030490924763093,-16.346588257923948,True,0,mapped,True,0.0
T097,L,140,T001,140,-1.0309994371194255,20.42097878535933,-15.751994848871163,True,0,mapped,True,0.0
T097,L,141,T001,141,-0.6471207986419664,19.938930078009157,-15.178378755062475,True,0,mapped,True,0.0
T097,L,142,T001,142,-0.1864112751218989,19.54394304892846,-14.594004156737093,True,0,mapped,True,0.0
T097,L,143,T001,143,0.1155372564505985,19.17150550264597,-14.062573142307816,True,0,mapped,True,0.0
T097,L,144,T001,144,0.3966133978836158,18.640029657489087,-13.395685688766005,True,0,mapped,True,0.0
T097,L,145,T001,145,0.8221209190095444,18.227963051446675,-12.685504918911642,True,0,mapped,True,0.0
T097,L,146,T001,146,1.0747429316098005,17.79425437145773,-12.07682859826592,True,0,mapped,True,0.0
T097,L,147,T001,147,1.3065976872931593,17.288626866605057,-11.319822823366032,True,0,mapped,True,0.0
T097,L,148,T001,148,1.5118111057576251,16.770330127762904,-10.65105401100458,True,0,mapped,True,0.0
T097,L,149,T001,149,1.5726083013809546,16.280284669618656,-9.98949187180074,True,0,mapped,True,0.0
T097,L,150,T001,150,1.7601545527151476,15.795485220867636,-9.42418213604278,True,0,mapped,True,0.0
T097,L,151,T001,151,1.793600032209144,15.133464525975407,-8.69614824845253,True,0,mapped,True,0.0
T097,L,152,T001,152,1.724235203708576,14.576144876948046,-8.092410885116696,True,0,mapped,True,0.0
T097,L,153,T001,153,2.0034968852996826,13.812104860076222,-7.398951422531399,True,0,mapped,True,0.0
T097,L,154,T001,154,-3.409222854152996,22.86100581869737,-17.59803055284633,True,0,mapped,True,0.0
T097,L,155,T001,155,-2.720466133493032,22.459024914695583,-17.200565129061516,True,0,mapped,True,0.0
T097,L,156,T001,156,-2.0944880979182288,22.05685915945228,-16.79862805930317,True,0,mapped,True,0.0
T097,L,157,T001,157,-1.6305901346574248,21.440051329313818,-16.444283962885883,True,0,mapped,True,0.0
T097,L,158,T001,158,-1.1969734571554795,20.82718155917896,-15.97636556052391,True,0,mapped,True,0.0
T097,L,159,T001,159,-0.6509644337893528,20.28175671376143,-15.3257405391827,True,0,mapped,True,0.0
T097,L,160,T001,160,-0.1854454637099838,19.84343809091801,-14.734569803407805,True,0,mapped,True,0.0
T097,L,161,T001,161,0.2408809120815579,19.49073427141994,-14.170326864386274,True,0,mapped,True,0.0
T097,L,162,T001,162,0.5589283205658662,18.989546133421552,-13.539305532767967,True,0,mapped,True,0.0
T097,L,163,T001,163,0.846477978946564,18.510695604086237,-12.910855034781775,True,0,mapped,True,0.0
T097,L,164,T001,164,1.1007536170518146,18.04495784259012,-12.318574415575377,True,0,mapped,True,0.0
T097,L,165,T001,165,1.3910709789041975,17.567734875451002,-11.587412709734735,True,0,mapped,True,0.0
T097,L,166,T001,166,1.672214887596164,17.09896647038852,-10.952558474019698,True,0,mapped,True,0.0
T097,L,167,T001,167,1.7292810586330982,16.506793045835387,-10.253395174750016,True,0,mapped,True,0.0
T097,L,168,T001,168,1.926190533284253,16.01439081887815,-9.683083620867386,True,0,mapped,True,0.0
T097,L,169,T001,169,1.9752697770941692,15.431703113309698,-9.025202880488497,True,0,mapped,True,0.0
T097,L,170,T001,170,2.015581339486192,14.839283512934934,-8.40899781388492,True,0,mapped,True,0.0
T097,L,171,T001,171,2.061697379970203,14.133796496490382,-7.750240130523585,True,0,mapped,True,0.0
T097,L,172,T001,172,-2.9062329409724423,22.65244674682617,-17.30125262833932,True,0,mapped,True,0.0
T097,L,173,T001,173,-2.305379375267641,22.261914066007648,-16.903996325338984,True,0,mapped,True,0.0
T097,L,174,T001,174,-1.7427901303428568,21.86739912299356,-16.50239671094278,True,0,mapped,True,0.0
T097,L,175,T001,175,-1.249924646116971,21.173095312104056,-16.086497757905775,True,0,mapped,True,0.0
T097,L,176,T001,176,-0.7661305953419373,20.69851484256409,-15.576769771538244,True,0,mapped,True,0.0
T097,L,177,T001,177,-0.2290344073432635,20.156898733663876,-14.890284459591369,True,0,mapped,True,0.0
T097,L,178,T001,178,0.2396088802685214,19.69646481242093,-14.285089052438629,True,0,mapped,True,0.0
T097,L,179,T001,179,0.6459633323681186,19.29526844638558,-13.658773194908616,True,0,mapped,True,0.0
T097,L,180,T001,180,0.9134601698349633,18.873664547031147,-13.139580600047918,True,0,mapped,True,0.0
T097,L,181,T001,181,1.2474391520582235,18.44829062343807,-12.544316250385933,True,0,mapped,True,0.0
T097,L,182,T001,182,1.5312674746816752,17.87513850771519,-11.801698255233692,True,0,mapped,True,0.0
T097,L,183,T001,183,1.6958998698687695,17.372389136574046,-11.223959228211864,True,0,mapped,True,0.0
T097,L,184,T001,184,1.9380439280021404,16.78925584401603,-10.50384467992964,True,0,mapped,True,0.0
T097,L,185,T001,185,2.022853397960165,16.248885254192384,-9.907819143346195,True,0,mapped,True,0.0
T097,L,186,T001,186,2.1642146575078365,15.688374267989644,-9.306654257973802,True,0,mapped,True,0.0
T097,L,187,T001,187,2.2286656862243834,15.09231678056413,-8.700122818908282,True,0,mapped,True,0.0
T097,L,188,T001,188,2.219186016132015,14.468135048332496,-8.056820675956592,True,0,mapped,True,0.0
T097,L,189,T001,189,-2.4318384949521024,22.60760189340953,-16.89212693936732,True,0,mapped,True,0.0
T097,L,190,T001,190,-1.8266029280392868,22.19114798372986,-16.515809308663634,True,0,mapped,True,0.0
T097,L,191,T001,191,-1.3967540391094244,21.49163863889592,-16.231916574946794,True,0,mapped,True,0.0
T097,L,192,T001,192,-0.8463575121001093,21.05309912185308,-15.692754729417846,True,0,mapped,True,0.0
T097,L,193,T001,193,-0.2829377948867937,20.451623993151426,-15.041751879770144,True,0,mapped,True,0.0
T097,L,194,T001,194,0.202949987573888,20.00892349946906,-14.454254704288791,True,0,mapped,True,0.0
T097,L,195,T001,195,0.645809307580156,19.620085113923093,-13.845353612811191,True,0,mapped,True,0.0
T097,L,196,T001,196,1.018913211806537,19.14007888627999,-13.19228968549876,True,0,mapped,True,0.0
T097,L,197,T001,197,1.2922947265272855,18.67362814574752,-12.65872386590436,True,0,mapped,True,0.0
T097,L,198,T001,198,1.5998376649141584,18.23630032882332,-12.032389100179438,True,0,mapped,True,0.0
T097,L,199,T001,199,1.7798930957807395,17.71605576937024,-11.497003889673774,True,0,mapped,True,0.0
T097,L,200,T001,200,2.0302697914241365,17.143724279103047,-10.782750829638283,True,0,mapped,True,0.0
T097,L,201,T001,201,2.177572590549328,16.57233496038326,-10.183177757879506,True,0,mapped,True,0.0
T097,L,202,T001,202,2.276190642986222,15.932443401383107,-9.55199277036224,True,0,mapped,True,0.0
T097,L,203,T001,203,2.386688777341082,15.368351029717202,-8.941544010080587,True,0,mapped,True,0.0
T097,L,204,T001,204,2.4766639089822693,14.751824652115491,-8.325776996998076,True,0,mapped,True,0.0
T097,L,205,T001,205,-1.969289811715143,22.45244598388672,-16.528174653327586,True,0,mapped,True,0.0
T097,L,206,T001,206,-1.3756066392495467,21.978425538331543,-16.154183220768523,True,0,mapped,True,0.0
T097,L,207,T001,207,-0.8903631671635148,21.340511776581632,-15.754465603614104,True,0,mapped,True,0.0
T097,L,208,T001,208,-0.2299675716783645,20.889827511743107,-15.059036484778549,True,0,mapped,True,0.0
T097,L,209,T001,209,0.1965765419081409,20.27931225638992,-14.53680136365406,True,0,mapped,True,0.0
T097,L,210,T001,210,0.7200930069528092,20.02434864566287,-13.918240789223434,True,0,mapped,True,0.0
T097,L,211,T001,211,1.058602429084889,19.51056921213656,-13.345681428785484,True,0,mapped,True,0.0
T097,L,212,T001,212,1.3512251525357222,19.04096940629313,-12.82440403614492,True,0,mapped,True,0.0
T097,L,213,T001,213,1.7345165043012274,18.540062320117244,-12.136872516402086,True,0,mapped,True,0.0
T097,L,214,T001,214,1.9557202976727983,18.083275510439197,-11.625057825376228,True,0,mapped,True,0.0
T097,L,215,T001,215,2.045193785879648,17.466229707146088,-11.081509004560266,True,0,mapped,True,0.0
T097,L,216,T001,216,2.236401084446834,16.907490824150386,-10.46056122749968,True,0,mapped,True,0.0
T097,L,217,T001,217,2.396154170079239,16.28438265430778,-9.830253575987086,True,0,mapped,True,0.0
T097,L,218,T001,218,2.6340276987630804,15.635534986158463,-9.140374093980885,True,0,mapped,True,0.0
T097,L,219,T001,219,2.803497076034543,14.979870737169437,-8.521210225207227,True,0,mapped,True,0.0
T097,L,220,T001,220,-1.5012187342609742,22.28140930276778,-16.178942003742133,True,0,mapped,True,0.0
T097,L,221,T001,221,-0.8748608537113036,21.636877348185592,-15.71099166532172,True,0,mapped,True,0.0
T097,L,222,T001,222,-0.3059570352557433,21.251566898090324,-15.157569550788608,True,0,mapped,True,0.0
T097,L,223,T001,223,0.0954066230100331,20.738983586083314,-14.677342723984072,True,0,mapped,True,0.0
T097,L,224,T001,224,0.6252706591774042,20.192328694265303,-14.053574099774732,True,0,mapped,True,0.0
T097,L,225,T001,225,1.043393775494453,19.825968714002265,-13.512731266286076,True,0,mapped,True,0.0
T097,L,226,T001,226,1.3890980030290194,19.345798669837933,-12.949699506235728,True,0,mapped,True,0.0
T097,L,227,T001,227,1.7587863959688943,18.85745451823256,-12.298396434313313,True,0,mapped,True,0.0
T097,L,228,T001,228,2.048757083934683,18.459927978788077,-11.781489744077714,True,0,mapped,True,0.0
T097,L,229,T001,229,2.2686443800289484,17.924475684254702,-11.260413324914824,True,0,mapped,True,0.0
T097,L,230,T001,230,2.37802149957359,17.315820991960855,-10.700691854780946,True,0,mapped,True,0.0
T097,L,231,T001,231,2.5795590621731805,16.678634865153104,-10.086737644062342,True,0,mapped,True,0.0
T097,L,232,T001,232,2.7511798759506854,15.984855191792333,-9.408368370437657,True,0,mapped,True,0.0
T097,L,233,T001,233,2.8525361858260414,15.34699278753708,-8.81270039934742,True,0,mapped,True,0.0
T097,L,234,T001,234,-1.0820661875665003,22.052446365356445,-15.817073686597476,True,0,mapped,True,0.0
T097,L,235,T001,235,-0.446152377899401,21.442807402752315,-15.286105905431064,True,0,mapped,True,0.0
T097,L,236,T001,236,0.0193809751518297,21.02229470030944,-14.786817996979158,True,0,mapped,True,0.0
T097,L,237,T001,237,0.4947006367539338,20.57195454916929,-14.273857729631652,True,0,mapped,True,0.0
T097,L,238,T001,238,1.0198643734215365,20.19563004521189,-13.60539865495347,True,0,mapped,True,0.0
T097,L,239,T001,239,1.4074349422304335,19.734073842052464,-13.078240046311386,True,0,mapped,True,0.0
T097,L,240,T001,240,1.7984936857679157,19.2532292706096,-12.433034471958416,True,0,mapped,True,0.0
T097,L,241,T001,241,2.145781564720457,18.70490210841968,-11.80602272587603,True,0,mapped,True,0.0
T097,L,242,T001,242,2.400827547315014,18.210827703215124,-11.306387963124935,True,0,mapped,True,0.0
T097,L,243,T001,243,2.534154117061384,17.71294166937975,-10.90751354468098,True,0,mapped,True,0.0
T097,L,244,T001,244,2.6840562737095466,17.061788216203105,-10.326471455412744,True,0,mapped,True,0.0
T097,L,245,T001,245,2.8276889676575587,16.3692815196437,-9.69662908440587,True,0,mapped,True,0.0
T097,L,246,T001,246,3.060886304919304,15.723656568384444,-9.02152910339025,True,0,mapped,True,0.0
T097,L,247,T001,247,-0.6980459866335179,21.852445602416992,-15.431609497958732,True,0,mapped,True,0.0
T097,L,248,T001,248,-0.1080977781203973,21.413843946930488,-14.898458374413812,True,0,mapped,True,0.0
T097,L,249,T001,249,0.395783291904618,20.97142023860432,-14.356115321711478,True,0,mapped,True,0.0
T097,L,250,T001,250,0.954804278472031,20.51803123919199,-13.726589376892871,True,0,mapped,True,0.0
T097,L,251,T001,251,1.3844796670610622,20.140225349240847,-13.177434327975831,True,0,mapped,True,0.0
T097,L,252,T001,252,1.7390535154504905,19.538838885715023,-12.627358719489358,True,0,mapped,True,0.0
T097,L,253,T001,253,2.070615866202417,19.038549341622264,-12.031102179089276,True,0,mapped,True,0.0
T097,L,254,T001,254,2.4258117501117127,18.56136028129136,-11.450972686890909,True,0,mapped,True,0.0
T097,L,255,T001,255,2.6141078646542604,18.07125050177832,-11.032034524619606,True,0,mapped,True,0.0
T097,L,256,T001,256,2.832647477071021,17.42585096729429,-10.452261717749629,True,0,mapped,True,0.0
T097,L,257,T001,257,2.935840587389333,16.734160758460376,-9.90431531885833,True,0,mapped,True,0.0
T097,L,258,T001,258,3.236787651537963,16.101102209405788,-9.22644404649124,True,0,mapped,True,0.0
T097,L,259,T001,259,-0.2822520619954672,21.7570561202728,-15.006482133829069,True,0,mapped,True,0.0
T097,L,260,T001,260,0.2171496370280902,21.440010982264983,-14.484750980560518,True,0,mapped,True,0.0
T097,L,261,T001,261,0.8235483308792606,20.877499218004,-13.890560911796545,True,0,mapped,True,0.0
T097,L,262,T001,262,1.3229696321118094,20.56333862018774,-13.25289211594398,True,0,mapped,True,0.0
T097,L,263,T001,263,1.7769938998142265,20.0705769832538,-12.640359546398615,True,0,mapped,True,0.0
T097,L,264,T001,264,2.1620411973225577,19.445060008403765,-12.04510696010999,True,0,mapped,True,0.0
T097,L,265,T001,265,2.498014016140436,18.93649064393422,-11.498636961525472,True,0,mapped,True,0.0
T097,L,266,T001,266,2.784299362551857,18.38269516372348,-11.005507389581217,True,0,mapped,True,0.0
T097,L,267,T001,267,2.915366881457287,17.80239349148008,-10.609769139477097,True,0,mapped,True,0.0
T097,L,268,T001,268,3.0659692362124265,17.201043558512403,-10.127507274282204,True,0,mapped,True,0.0
T097,L,269,T001,269,3.403496980667112,16.48580807720862,-9.383084227008377,True,0,mapped,True,0.0
T097,L,270,T001,270,0.1051513104224214,21.65244674682617,-14.561445384357343,True,0,mapped,True,0.0
T097,L,271,T001,271,0.7422280170937023,21.315454605420317,-13.889974814366056,True,0,mapped,True,0.0
T097,L,272,T001,272,1.197697566324249,20.90856073021026,-13.372588123545514,True,0,mapped,True,0.0
T097,L,273,T001,273,1.6761006575075972,20.480893288624618,-12.766697894438389,True,0,mapped,True,0.0
T097,L,274,T001,274,2.1140447345635955,19.90343259282147,-12.175228391031611,True,0,mapped,True,0.0
T097,L,275,T001,275,2.432654822664453,19.42511832268926,-11.681139808093429,True,0,mapped,True,0.0
T097,L,276,T001,276,2.73485404966806,18.673055561057254,-11.167123673671494,True,0,mapped,True,0.0
T097,L,277,T001,277,3.0062847098247096,18.141767795648583,-10.673589323759488,True,0,mapped,True,0.0
T097,L,278,T001,278,3.225098959042501,17.61283815471529,-10.194809976735746,True,0,mapped,True,0.0
T097,L,279,T001,279,3.4034969806671143,16.895327830105753,-9.63703724536961,True,0,mapped,True,0.0
T097,L,280,T001,280,0.5041745395335739,21.65244674682617,-14.068699719731,True,0,mapped,True,0.0
T097,L,281,T001,281,1.0229812767071695,21.28096280498469,-13.498745603489873,True,0,mapped,True,0.0
T097,L,282,T001,282,1.513040960202182,20.78285922619765,-12.989417521555024,True,0,mapped,True,0.0
T097,L,283,T001,283,2.009059092391717,20.32903018678842,-12.320352456231705,True,0,mapped,True,0.0
T097,L,284,T001,284,2.425272064343061,19.816183202321557,-11.715887361210124,True,0,mapped,True,0.0
T097,L,285,T001,285,2.815514608688364,19.139304548229557,-11.17992473406554,True,0,mapped,True,0.0
T097,L,286,T001,286,3.1142651036229374,18.57132295905285,-10.694416582748254,True,0,mapped,True,0.0
T097,L,287,T001,287,3.259268552278341,17.919490788867666,-10.30059704394304,True,0,mapped,True,0.0
T097,L,288,T001,288,3.4312937076802577,17.30710481524718,-9.860861655831346,True,0,mapped,True,0.0
T097,L,289,T001,289,0.8758435716793147,21.646462400553503,-13.555958816361002,True,0,mapped,True,0.0
T097,L,290,T001,290,1.3898580319219316,21.22224238590893,-13.01836887746578,True,0,mapped,True,0.0
T097,L,291,T001,291,1.846432775778665,20.75138027621192,-12.45038187630913,True,0,mapped,True,0.0
T097,L,292,T001,292,2.28881370185739,20.24407168409032,-11.890332326572882,True,0,mapped,True,0.0
T097,L,293,T001,293,2.786212302447152,19.66936648762761,-11.226850368637807,True,0,mapped,True,0.0
T097,L,294,T001,294,3.0687030978718277,18.95567478030625,-10.82674081310644,True,0,mapped,True,0.0
T097,L,295,T001,295,3.2743234275863995,18.286201310323776,-10.429158892362032,True,0,mapped,True,0.0
T097,L,296,T001,296,3.603497028350829,17.751421278628257,-9.88021609953868,True,0,mapped,True,0.0
T097,L,297,T001,297,1.216525862417238,21.65244674682617,-13.021431209850151,True,0,mapped,True,0.0
T097,L,298,T001,298,1.716661420377835,21.15440419005128,-12.505339604991992,True,0,mapped,True,0.0
T097,L,299,T001,299,2.1661659584218937,20.70994949692173,-11.959700157712774,True,0,mapped,True,0.0
T097,L,300,T001,300,2.647408917159084,20.13699275604627,-11.349950419880535,True,0,mapped,True,0.0
T097,L,301,T001,301,3.0894872865448573,19.439322360882876,-10.833374578117873,True,0,mapped,True,0.0
T097,L,302,T001,302,3.4080894380247373,18.82212810758892,-10.388976348483682,True,0,mapped,True,0.0
T097,L,303,T001,303,3.60349702835083,18.210270113603503,-10.024477554335611,True,0,mapped,True,0.0
T097,L,304,T001,304,1.5707235781714168,21.58770175773689,-12.508700346162286,True,0,mapped,True,0.0
T097,L,305,T001,305,2.0328782983982987,21.029305589168303,-12.029290273181452,True,0,mapped,True,0.0
T097,L,306,T001,306,2.508452310946864,20.519748752469653,-11.438693881378848,True,0,mapped,True,0.0
T097,L,307,T001,307,3.005972654453264,19.925908137893213,-10.888238028872614,True,0,mapped,True,0.0
T097,L,308,T001,308,3.467686900570961,19.312791020306182,-10.340782307538108,True,0,mapped,True,0.0
T097,L,309,T001,309,3.6714442312148137,18.67799561735819,-10.068889617919922,True,0,mapped,True,0.0
T097,L,310,T001,310,1.899973525927689,21.424850815624527,-12.0106116304463,True,0,mapped,True,0.0
T097,L,311,T001,311,2.398118652948785,20.91810119697757,-11.453984815006748,True,0,mapped,True,0.0
T097,L,312,T001,312,2.920622995495242,20.41280920218308,-10.895217232746528,True,0,mapped,True,0.0
T097,L,313,T001,313,3.369498261787638,19.84863578111658,-10.44319317425273,True,0,mapped,True,0.0
T097,L,314,T001,314,3.685445389522946,19.159759384685103,-10.068889617919922,True,0,mapped,True,0.0
T097,L,315,T001,315,2.254941555342298,21.252445220947266,-11.52753081608061,True,0,mapped,True,0.0
T097,L,316,T001,316,2.696516998565917,20.822252972890613,-11.038597717911005,True,0,mapped,True,0.0
T097,L,317,T001,317,3.203823502227826,20.349629623495822,-10.534381686051686,True,0,mapped,True,0.0
T097,L,318,T001,318,3.6709076574411017,19.64137074721293,-10.068889617919924,True,0,mapped,True,0.0
T097,L,319,T001,319,2.584479033074942,21.252445220947266,-10.987701028351198,True,0,mapped,True,0.0
T097,L,320,T001,320,3.1507948624740827,20.71867436846668,-10.474985216749246,True,0,mapped,True,0.0
T097,L,321,T001,321,3.623387035383135,20.119735002120667,-10.068889617919922,True,0,mapped,True,0.0
T097,L,322,T001,322,2.989413670486153,21.252445220947266,-10.499840095285478,True,0,mapped,True,0.0
T097,L,323,T001,323,3.538116064924921,20.59043962130798,-10.068889617919922,True,0,mapped,True,0.0
T097,L,324,T001,324,3.4044978618621826,21.052446365356445,-10.068889617919922,True,0,mapped,True,0.0
T097,L,325,T002,25,-6.600425810493384,22.972808234679817,-19.411933415718835,True,0,mapped,True,0.0
T097,L,326,T002,26,-5.85318952052873,22.41516140616481,-19.27604336607581,True,0,mapped,True,0.0
T097,L,327,T002,27,-5.16587706514397,21.82875285619532,-19.042276105642777,True,0,mapped,True,0.0
T097,L,328,T002,28,-4.5478265769693085,21.370534274227424,-18.69285076721314,True,0,mapped,True,0.0
T097,L,329,T002,29,-3.904928457563941,20.94957967796322,-18.2756135850136,True,0,mapped,True,0.0
T097,L,330,T002,30,-3.404580012634468,20.470140175669407,-17.827828887471377,True,0,mapped,True,0.0
T097,L,331,T002,31,-2.918463740470649,19.937495136352148,-17.28101509957417,True,0,mapped,True,0.0
T097,L,332,T002,32,-2.606369535771045,19.53896546243619,-16.731176128007608,True,0,mapped,True,0.0
T097,L,333,T002,33,-2.25609465040438,19.18093924144111,-16.066184589098917,True,0,mapped,True,0.0
T097,L,334,T002,34,-2.006149809460312,18.8326613660098,-15.315181691824744,True,0,mapped,True,0.0
T097,L,335,T002,35,-1.8095987033849377,18.453405610376716,-14.525766811593408,True,0,mapped,True,0.0
T097,L,336,T002,36,-1.6071801509516954,18.20963141799809,-13.79096996899911,True,0,mapped,True,0.0
T097,L,337,T002,37,-1.263305740980427,17.97536507988483,-13.017324079234395,True,0,mapped,True,0.0
T097,L,338,T002,38,-0.977056043574531,17.76007654462876,-12.061952204130598,True,0,mapped,True,0.0
T097,L,339,T002,39,-0.6134558088099898,17.525975690959726,-11.367663192222714,True,0,mapped,True,0.0
T097,L,340,T002,40,-0.3566684964888518,17.33781670917164,-10.476722269361357,True,0,mapped,True,0.0
T097,L,341,T002,41,-0.0095335800080909,17.00758919120728,-9.701879702796544,True,0,mapped,True,0.0
T097,L,342,T002,42,0.2231577392643005,16.664241716806476,-8.764234698796223,True,0,mapped,True,0.0
T097,L,343,T002,43,0.4450488775261642,16.25898455351841,-7.94710317804992,True,0,mapped,True,0.0
T097,L,344,T002,44,0.5417694756198908,15.869425031719102,-7.22832802233572,True,0,mapped,True,0.0
T097,L,345,T002,45,0.4769336655150872,15.03613670446618,-6.5819997616612405,True,0,mapped,True,0.0
T097,L,346,T002,46,0.3209866128916054,14.174875637191274,-6.114252058695088,True,0,mapped,True,0.0
T097,L,347,T002,47,0.0926922782232012,13.199447958851428,-5.633891477958195,True,0,mapped,True,0.0
T097,L,348,T002,48,-0.0323185798274988,12.37949705093678,-5.1759803329593055,True,0,mapped,True,0.0
T097,L,348,T004,23,-0.032318579827498,12.379497050936775,-5.1759803329593055,True,0,mapped,False,5.38848338364511e-15
T097,L,349,T002,49,-6.0442493423132095,21.94546356717487,-19.460727127832325,True,0,mapped,True,0.0
T097,L,350,T002,50,-5.487390427089024,21.450811981937235,-19.24364027651767,True,0,mapped,True,0.0
T097,L,351,T002,51,-4.804832467554428,20.836106627284888,-18.87917802519132,True,0,mapped,True,0.0
T097,L,352,T002,52,-4.270459640220681,20.340075950286355,-18.36550774831589,True,0,mapped,True,0.0
T097,L,353,T002,53,-3.830471845741205,19.866078191541423,-17.799498867522075,True,0,mapped,True,0.0
T097,L,354,T002,54,-3.44383649697752,19.450444362816715,-17.235328534388998,True,0,mapped,True,0.0
T097,L,355,T002,55,-3.047349181344406,19.173763274485545,-16.494573115310985,True,0,mapped,True,0.0
T097,L,356,T002,56,-2.796067400813465,18.870236294228096,-15.81348108779246,True,0,mapped,True,0.0
T097,L,357,T002,57,-2.5715115189495434,18.67401403313451,-15.1163950649046,True,0,mapped,True,0.0
T097,L,358,T002,58,-2.425809618126917,18.593036816873152,-14.28280712960331,True,0,mapped,True,0.0
T097,L,359,T002,59,-2.1432676244782893,18.500711975674385,-13.412261379074076,True,0,mapped,True,0.0
T097,L,360,T002,60,-1.769776516999542,18.29002023945936,-12.6861448020908,True,0,mapped,True,0.0
T097,L,361,T002,61,-1.427172593396977,18.19050471369305,-11.812645129650091,True,0,mapped,True,0.0
T097,L,362,T002,62,-1.113137034197202,18.02386857841194,-11.065286417532093,True,0,mapped,True,0.0
T097,L,363,T002,63,-0.6630884641772645,17.829993203875365,-10.135150015255732,True,0,mapped,True,0.0
T097,L,364,T002,64,-0.1853430236028142,17.52171917088792,-9.196524171259588,True,0,mapped,True,0.0
T097,L,365,T002,65,0.2056641061167433,17.161470753692154,-8.220980231312636,True,0,mapped,True,0.0
T097,L,366,T002,66,0.4460136467837671,16.821220503583923,-7.51571567617963,True,0,mapped,True,0.0
T097,L,367,T002,67,0.6381360668617551,16.20655907221,-6.63571060351454,True,0,mapped,True,0.0
T097,L,368,T002,68,0.4469635542418583,15.258597800666912,-5.81152573255148,True,0,mapped,True,0.0
T097,L,369,T002,69,0.1429134896840013,14.435622464290327,-5.3947024696239305,True,0,mapped,True,0.0
T097,L,370,T002,70,-0.2470573950170627,13.326948716140446,-5.109841902776816,True,0,mapped,True,0.0
T097,L,371,T002,71,-0.3309293673565859,11.81554097342609,-4.718070125172096,True,0,mapped,True,0.0
T097,L,371,T004,22,-0.3309293673565832,11.815540973426089,-4.718070125172098,True,0,mapped,False,3.7026395606548175e-15
T097,L,372,T002,72,-5.796503067016602,20.79995162961692,-19.39532575478216,True,0,mapped,True,0.0
T097,L,373,T002,73,-5.18454370514669,20.263086231021163,-18.96282549729284,True,0,mapped,True,0.0
T097,L,374,T002,74,-4.738459494957983,19.787884039832527,-18.380932233695862,True,0,mapped,True,0.0
T097,L,375,T002,75,-4.309771263982885,19.452657277512312,-17.657454903887245,True,0,mapped,True,0.0
T097,L,376,T002,76,-3.9851106757687993,19.21122933327992,-17.026995859855703,True,0,mapped,True,0.0
T097,L,377,T002,77,-3.678405719444317,19.039007356575347,-16.203956024296378,True,0,mapped,True,0.0
T097,L,378,T002,78,-3.341532681214363,18.95103960938882,-15.492205877961506,True,0,mapped,True,0.0
T097,L,379,T002,79,-2.9954078339815986,18.90625559660153,-14.696753300943136,True,0,mapped,True,0.0
T097,L,380,T002,80,-2.8430763317510435,18.999518363363443,-13.888451859571536,True,0,mapped,True,0.0
T097,L,381,T002,81,-2.459016823508457,18.89369517659231,-13.17412260468989,True,0,mapped,True,0.0
T097,L,382,T002,82,-2.162745180646932,18.86088584854977,-12.435216983947743,True,0,mapped,True,0.0
T097,L,383,T002,83,-1.7429757943726276,18.8109780821572,-11.569307294832669,True,0,mapped,True,0.0
T097,L,384,T002,84,-1.3649623941347824,18.8055931099529,-10.708398811152508,True,0,mapped,True,0.0
T097,L,385,T002,85,-0.7852547060780806,18.598186417487693,-9.7388735839842,True,0,mapped,True,0.0
T097,L,386,T002,86,-0.1857765181223992,18.389201444974937,-8.744001931621964,True,0,mapped,True,0.0
T097,L,387,T002,87,0.281463585003609,17.86358754647701,-7.838863020324147,True,0,mapped,True,0.0
T097,L,388,T002,88,0.6063158383076229,17.357027372650283,-7.090386359590853,True,0,mapped,True,0.0
T097,L,389,T002,89,0.781731985031531,16.46297864184028,-6.11355098207288,True,0,mapped,True,0.0
T097,L,390,T002,90,0.5659245711912879,15.488614503659416,-5.336095301061079,True,0,mapped,True,0.0
T097,L,391,T002,91,0.0878102175754498,14.554676355954062,-4.721245624942338,True,0,mapped,True,0.0
T097,L,392,T002,92,-0.6204866973365428,13.24527694943467,-4.409004824215689,True,0,mapped,True,0.0
T097,L,393,T002,93,-0.7903438497227255,11.478684281931898,-4.17143506259964,True,0,mapped,True,0.0
T097,L,393,T004,21,-0.7903438497227246,11.4786842819319,-4.171435062599642,True,0,mapped,False,2.6645352591003757e-15
T097,L,394,T002,94,-5.796503067016602,19.670153660490392,-19.012865445341543,True,0,mapped,True,0.0
T097,L,395,T002,95,-5.267288305728746,19.348231519252305,-18.27819019550712,True,0,mapped,True,0.0
T097,L,396,T002,96,-4.852661545253647,19.19592732889732,-17.44048838129483,True,0,mapped,True,0.0
T097,L,397,T002,97,-4.48865942052889,19.19790753769887,-16.65735286166115,True,0,mapped,True,0.0
T097,L,398,T002,98,-4.1416869612830665,19.29608048586528,-15.863369226116092,True,0,mapped,True,0.0
T097,L,399,T002,99,-3.75428810947636,19.29300354785784,-15.24653353196788,True,0,mapped,True,0.0
T097,L,400,T002,100,-3.555028355618936,19.449633862808845,-14.554430967271292,True,0,mapped,True,0.0
T097,L,401,T002,101,-3.254069787914366,19.51290552740262,-13.76093150991653,True,0,mapped,True,0.0
T097,L,402,T002,102,-2.9905288363872016,19.479412565040988,-13.087497128261951,True,0,mapped,True,0.0
T097,L,403,T002,103,-2.5539973296494973,19.46385621899734,-12.206709274856616,True,0,mapped,True,0.0
T097,L,404,T002,104,-2.1485737661949216,19.464701116795133,-11.285857126029208,True,0,mapped,True,0.0
T097,L,405,T002,105,-1.5215043688602925,19.490774275332534,-10.35658955480686,True,0,mapped,True,0.0
T097,L,406,T002,106,-0.9188431157455188,19.386003504894177,-9.46483638042218,True,0,mapped,True,0.0
T097,L,407,T002,107,-0.2052379421423061,19.11615925576456,-8.486287843957479,True,0,mapped,True,0.0
T097,L,408,T002,108,0.4060780489113366,18.63696958025401,-7.523531444007294,True,0,mapped,True,0.0
T097,L,409,T002,109,0.816274299308745,17.886545002737794,-6.5893557113686585,True,0,mapped,True,0.0
T097,L,410,T002,110,0.9758514111781456,16.826357411082967,-5.469022050822204,True,0,mapped,True,0.0
T097,L,411,T002,111,0.6948850669267523,15.59884296376103,-4.534019084973915,True,0,mapped,True,0.0
T097,L,412,T002,112,-0.0570546287064718,14.50356055109332,-3.9827727084654745,True,0,mapped,True,0.0
T097,L,413,T002,113,-0.9517852337496452,13.027587896317565,-3.701507792011098,True,0,mapped,True,0.0
T097,L,414,T002,114,-1.14665155833776,11.009215246042128,-3.637888744605593,True,0,mapped,True,0.0
T097,L,414,T004,20,-1.14665155833776,11.009215246042126,-3.637888744605592,True,0,mapped,False,1.9860273225978185e-15
T097,L,415,T002,115,-5.796503067016602,19.137819358945336,-18.002360797852756,True,0,mapped,True,0.0
T097,L,416,T002,116,-5.368384564488583,19.30899018394592,-17.194274446157266,True,0,mapped,True,0.0
T097,L,417,T002,117,-4.999465906676698,19.59083206620633,-16.407524638377026,True,0,mapped,True,0.0
T097,L,418,T002,118,-4.6346521580888105,19.834391632117,-15.681131200693656,True,0,mapped,True,0.0
T097,L,419,T002,119,-4.2306369053685255,19.870159482267617,-15.05345548365596,True,0,mapped,True,0.0
T097,L,420,T002,120,-4.036717280969782,19.9992760264994,-14.373026381948964,True,0,mapped,True,0.0
T097,L,421,T002,121,-3.792499779009972,20.04916757347165,-13.625120338099665,True,0,mapped,True,0.0
T097,L,422,T002,122,-3.431191826043793,20.099341723982885,-12.831887703817005,True,0,mapped,True,0.0
T097,L,423,T002,123,-2.828445973208384,20.20344164730885,-11.892107939319144,True,0,mapped,True,0.0
T097,L,424,T002,124,-2.330313576982201,20.248403584597146,-11.098593552428945,True,0,mapped,True,0.0
T097,L,425,T002,125,-1.670782590572779,20.273396901444336,-10.118918375996774,True,0,mapped,True,0.0
T097,L,426,T002,126,-1.0428180459729988,20.22797765915874,-9.150127878785746,True,0,mapped,True,0.0
T097,L,427,T002,127,-0.226562201600206,20.016642838033924,-8.06171554280901,True,0,mapped,True,0.0
T097,L,428,T002,128,0.5194436536567241,19.49203919160485,-6.945846162928894,True,0,mapped,True,0.0
T097,L,429,T002,129,0.9591892852119386,18.55795579398559,-5.862362289492364,True,0,mapped,True,0.0
T097,L,430,T002,130,1.143494263803973,17.204155280124162,-4.728508593993073,True,0,mapped,True,0.0
T097,L,431,T002,131,0.713077703337577,15.758447034908624,-3.646513296491348,True,0,mapped,True,0.0
T097,L,432,T002,132,-0.2604409787122303,14.34440815803372,-3.095974745894087,True,0,mapped,True,0.0
T097,L,433,T002,133,-1.211664405050646,12.830292717924548,-2.9080138386261347,True,0,mapped,True,0.0
T097,L,434,T002,134,-1.4903578669668411,10.493869583323375,-3.120461620394812,True,0,mapped,True,0.0
T097,L,434,T004,19,-1.4903578669668387,10.493869583323374,-3.120461620394813,True,0,mapped,False,3.1480255910393996e-15
T097,L,435,T002,135,-5.796503067016602,19.623692188174704,-16.920977224087217,True,0,mapped,True,0.0
T097,L,436,T002,136,-5.4849105626159,20.04184169533793,-16.310220576102978,True,0,mapped,True,0.0
T097,L,437,T002,137,-5.113218576079348,20.30232676182606,-15.626938050333017,True,0,mapped,True,0.0
T097,L,438,T002,138,-4.79021676223784,20.402458882992253,-14.936151790105976,True,0,mapped,True,0.0
T097,L,439,T002,139,-4.579284504075093,20.44211383134264,-14.188325551738505,True,0,mapped,True,0.0
T097,L,440,T002,140,-4.362677150311896,20.44082440552352,-13.341330914857878,True,0,mapped,True,0.0
T097,L,441,T002,141,-3.964867878925117,20.497625412321163,-12.580474097410027,True,0,mapped,True,0.0
T097,L,442,T002,142,-3.5118304986246462,20.72689838375645,-11.71344212728085,True,0,mapped,True,0.0
T097,L,443,T002,143,-2.857424449734311,20.87477516638042,-10.862946663310307,True,0,mapped,True,0.0
T097,L,444,T002,144,-2.206274271736507,21.046862019274585,-9.843098905586723,True,0,mapped,True,0.0
T097,L,445,T002,145,-1.4905065904870765,21.1157601989444,-8.821066514776167,True,0,mapped,True,0.0
T097,L,446,T002,146,-0.5995391241232677,21.004313496157128,-7.493879476388579,True,0,mapped,True,0.0
T097,L,447,T002,147,0.3509054096662034,20.22035339463808,-6.193012642971468,True,0,mapped,True,0.0
T097,L,448,T002,148,0.8391555419971736,19.29492505630683,-4.899871047771844,True,0,mapped,True,0.0
T097,L,449,T002,149,1.2139689869075037,17.89140831311429,-3.6941620392417542,True,0,mapped,True,0.0
T097,L,450,T002,150,0.8387068543664279,15.85696183465046,-2.597578863125244,True,0,mapped,True,0.0
T097,L,451,T002,151,-0.2650100036175933,14.373899215650008,-2.0614303008508563,True,0,mapped,True,0.0
T097,L,452,T002,152,-1.4408603697327214,12.578400241518112,-2.1589279196108304,True,0,mapped,True,0.0
T097,L,453,T002,153,-1.8319519402601403,10.033885900508364,-2.633440866598348,True,0,mapped,True,0.0
T097,L,453,T004,18,-1.8319519402601367,10.033885900508366,-2.6334408665983515,True,0,mapped,False,5.329070518200751e-15
T097,L,454,T002,154,-5.996502876281738,20.491455799488115,-16.174716898347015,True,0,mapped,True,0.0
T097,L,455,T002,155,-5.535969865463536,20.75277813070468,-15.46346467541047,True,0,mapped,True,0.0
T097,L,456,T002,156,-5.23483080647579,20.761198125201105,-14.703066720093531,True,0,mapped,True,0.0
T097,L,457,T002,157,-5.201680862912788,20.825944109832097,-13.904428673235776,True,0,mapped,True,0.0
T097,L,458,T002,158,-5.029080862283903,20.807790837970888,-13.07577077621936,True,0,mapped,True,0.0
T097,L,459,T002,159,-4.618568062593626,20.8537173341289,-12.183168785016104,True,0,mapped,True,0.0
T097,L,460,T002,160,-4.068103506412361,20.99133962446804,-11.388793264449204,True,0,mapped,True,0.0
T097,L,461,T002,161,-3.4990579116692806,21.1980659951754,-10.527750431702431,True,0,mapped,True,0.0
T097,L,462,T002,162,-2.967470154261325,21.445308835840912,-9.538520711334757,True,0,mapped,True,0.0
T097,L,463,T002,163,-2.264930466713478,21.62202016407153,-8.377475785882037,True,0,mapped,True,0.0
T097,L,464,T002,164,-1.2374751883876152,21.615941946358312,-6.949480534933688,True,0,mapped,True,0.0
T097,L,465,T002,165,-0.2805746124265692,20.956747731241556,-5.2607751955870246,True,0,mapped,True,0.0
T097,L,466,T002,166,0.3165179248333022,19.969567582512852,-3.8731179517233993,True,0,mapped,True,0.0
T097,L,467,T002,167,1.0092814023297194,18.27644542500482,-2.622392103381939,True,0,mapped,True,0.0
T097,L,468,T002,168,0.9315067360136406,16.225634248330863,-1.3781513418949778,True,0,mapped,True,0.0
T097,L,469,T002,169,-0.1742848899052615,14.154652061248395,-0.9562519072912894,True,0,mapped,True,0.0
T097,L,470,T002,170,-1.6168488020968976,12.275059630562229,-1.3397347506256236,True,0,mapped,True,0.0
T097,L,471,T002,171,-2.34887627822498,9.683968230399364,-2.126151443765923,True,0,mapped,True,0.0
T097,L,471,T004,17,-2.348876278224968,9.683968230399357,-2.1261514437659343,True,0,mapped,False,1.8099019058861317e-14
T097,L,472,T002,172,-6.170079176695372,21.154892680292622,-15.286249597263968,True,0,mapped,True,0.0
T097,L,473,T002,173,-5.843310281730751,21.10346390651134,-14.444825596944424,True,0,mapped,True,0.0
T097,L,474,T002,174,-5.698819995645306,21.044376204476112,-13.693051866892535,True,0,mapped,True,0.0
T097,L,475,T002,175,-5.620841180120901,21.038478521419563,-12.876140141648296,True,0,mapped,True,0.0
T097,L,476,T002,176,-5.149497124105886,21.00476280430596,-12.007449780577392,True,0,mapped,True,0.0
T097,L,477,T002,177,-4.674930667248448,21.101458949069755,-11.181099861141456,True,0,mapped,True,0.0
T097,L,478,T002,178,-4.206044471451371,21.264115065260263,-10.338756590832688,True,0,mapped,True,0.0
T097,L,479,T002,179,-3.84991020146811,21.54185371497386,-9.2324915533377,True,0,mapped,True,0.0
T097,L,480,T002,180,-3.311500692656495,21.867136435733634,-8.06593465072581,True,0,mapped,True,0.0
T097,L,481,T002,181,-2.192736716202406,22.06728557257984,-6.3102038405940535,True,0,mapped,True,0.0
T097,L,482,T002,182,-1.254508581091332,21.479629134101987,-4.518883732137673,True,0,mapped,True,0.0
T097,L,483,T002,183,-0.5067816118942108,20.293281923779507,-3.030815537496908,True,0,mapped,True,0.0
T097,L,484,T002,184,0.3285740726434604,18.74253264125186,-1.785500582910577,True,0,mapped,True,0.0
T097,L,485,T002,185,0.6540934127469317,16.616300154592384,-0.2476156015346386,True,0,mapped,True,0.0
T097,L,486,T002,186,-0.4037201941140475,14.02368184311828,0.1944193324264426,True,0,mapped,True,0.0
T097,L,487,T002,187,-1.962016518384533,11.9724694656483,-0.3444030020886172,True,0,mapped,True,0.0
T097,L,488,T002,188,-2.9182512322041334,9.494409002586618,-1.5500916841529857,True,0,mapped,True,0.0
T097,L,488,T004,16,-2.9182512322041294,9.494409002586616,-1.5500916841529904,True,0,mapped,False,6.393188222769894e-15
T097,L,489,T002,189,-6.476078253475397,21.305617845842438,-14.189314335080816,True,0,mapped,True,0.0
T097,L,490,T002,190,-6.394401574218264,21.20920696965909,-13.296245976408237,True,0,mapped,True,0.0
T097,L,491,T002,191,-6.248482489567103,21.10725834207303,-12.473357655724284,True,0,mapped,True,0.0
T097,L,492,T002,192,-5.837548656617502,21.055028156951167,-11.633052913487154,True,0,mapped,True,0.0
T097,L,493,T002,193,-5.483964670052133,21.09701027574901,-10.77071456028737,True,0,mapped,True,0.0
T097,L,494,T002,194,-5.173476134114378,21.174517563372994,-9.905636948653662,True,0,mapped,True,0.0
T097,L,495,T002,195,-4.872793559551938,21.370150113153844,-8.779988477161849,True,0,mapped,True,0.0
T097,L,496,T002,196,-4.389786516328131,21.833904514298634,-7.457821729088656,True,0,mapped,True,0.0
T097,L,497,T002,197,-3.67927853682684,22.192854756512094,-5.918850133579521,True,0,mapped,True,0.0
T097,L,498,T002,198,-2.631185946218314,21.54684137267101,-3.9466736876087496,True,0,mapped,True,0.0
T097,L,499,T002,199,-1.5939149443667502,20.23269775473761,-2.538093441878945,True,0,mapped,True,0.0
T097,L,500,T002,200,-0.9298160940416148,18.740926422630324,-1.1979151333909248,True,0,mapped,True,0.0
T097,L,501,T002,201,-0.1649902608343501,17.087374113211606,0.7297012373387873,True,0,mapped,True,0.0
T097,L,502,T002,202,-0.8158468310038481,14.076833551682816,1.411743951264683,True,0,mapped,True,0.0
T097,L,503,T002,203,-2.401822407072688,11.64757028366334,0.3792816616837203,True,0,mapped,True,0.0
T097,L,504,T002,204,-3.471070803191318,9.217089942689183,-0.9943219278100036,True,0,mapped,True,0.0
T097,L,504,T004,15,-3.471070803191316,9.217089942689183,-0.9943219278100056,True,0,mapped,False,2.9873046363423827e-15
T097,L,505,T002,205,-7.302019515752705,21.26200591972353,-13.31874351004754,True,0,mapped,True,0.0
T097,L,506,T002,206,-6.943055765981979,21.032662415902028,-12.345099511016937,True,0,mapped,True,0.0
T097,L,507,T002,207,-6.528351533585679,20.92108633925593,-11.476339633682644,True,0,mapped,True,0.0
T097,L,508,T002,208,-6.213833296078315,20.873293343599148,-10.57072641719024,True,0,mapped,True,0.0
T097,L,509,T002,209,-5.933771508676965,20.885009003457068,-9.644009635427643,True,0,mapped,True,0.0
T097,L,510,T002,210,-5.761253779119121,21.01995711697552,-8.599662474725612,True,0,mapped,True,0.0
T097,L,511,T002,211,-5.376763847282705,21.405589501416685,-7.1825660805866525,True,0,mapped,True,0.0
T097,L,512,T002,212,-4.828140532936494,21.811476946215127,-5.505487316944851,True,0,mapped,True,0.0
T097,L,513,T002,213,-3.941841404497967,21.302271986600974,-3.7172371075077097,True,0,mapped,True,0.0
T097,L,514,T002,214,-2.7894069485276334,20.07248615188129,-2.4214766530489493,True,0,mapped,True,0.0
T097,L,515,T002,215,-1.9691975767769985,18.23060197581617,-1.2712484128246857,True,0,mapped,True,0.0
T097,L,516,T002,216,-1.6369703976771073,17.173684787978264,1.1715593184718454,True,0,mapped,True,0.0
T097,L,517,T002,217,-1.6594762487005426,14.45782879090569,2.7401966878480155,True,0,mapped,True,0.0
T097,L,518,T002,218,-3.0496556858047077,11.400476315772137,1.2972487325859352,True,0,mapped,True,0.0
T097,L,519,T002,219,-4.080066212221125,9.052446365356454,-0.4678561585599197,True,0,mapped,True,0.0
T097,L,519,T004,14,-4.080066212221126,9.052446365356444,-0.4678561585599234,True,0,mapped,False,1.1427344976208455e-14
T097,L,520,T002,220,-7.692549474828271,20.85679597594881,-12.27658501683701,True,0,mapped,True,0.0
T097,L,521,T002,221,-7.232318877400014,20.67051459410209,-11.358662860996606,True,0,mapped,True,0.0
T097,L,522,T002,222,-6.840805498213485,20.586703110490085,-10.500659359891271,True,0,mapped,True,0.0
T097,L,523,T002,223,-6.638276280697292,20.54849357545816,-9.575278416437838,True,0,mapped,True,0.0
T097,L,524,T002,224,-6.493511809328085,20.57890371215651,-8.506327113618182,True,0,mapped,True,0.0
T097,L,525,T002,225,-6.266913702457208,20.826238436273293,-7.153314082694417,True,0,mapped,True,0.0
T097,L,526,T002,226,-5.82247315338692,21.22317981838915,-5.391672887393575,True,0,mapped,True,0.0
T097,L,527,T002,227,-5.271960178874387,20.81454050205402,-3.5913956753864555,True,0,mapped,True,0.0
T097,L,528,T002,228,-4.024626571459571,19.587816475052605,-2.367687657849981,True,0,mapped,True,0.0
T097,L,529,T002,229,-3.097834980924957,17.695305650557806,-1.531680610176403,True,0,mapped,True,0.0
T097,L,530,T002,230,-2.927085041013321,16.82095994680982,0.8752773068596827,True,0,mapped,True,0.0
T097,L,531,T002,231,-2.923702791352076,14.668516771091742,3.444075947014131,True,0,mapped,True,0.0
T097,L,532,T002,232,-4.043853898279418,11.106862986885853,2.0647728468073634,True,0,mapped,True,0.0
T097,L,533,T002,233,-4.701144752917935,9.052446365356449,0.1038632456516519,True,0,mapped,True,0.0
T097,L,533,T004,13,-4.701144752917934,9.052446365356444,0.1038632456516481,True,0,mapped,False,6.6065849834584775e-15
T097,L,534,T002,234,-7.997389797191826,20.32498190910327,-11.268889427185057,True,0,mapped,True,0.0
T097,L,535,T002,235,-7.67618706574604,20.183652357806075,-10.468369305886643,True,0,mapped,True,0.0
T097,L,536,T002,236,-7.301805271769895,20.13491736931896,-9.613224721683212,True,0,mapped,True,0.0
T097,L,537,T002,237,-7.297043267425997,20.000540368144325,-8.529194815346738,True,0,mapped,True,0.0
T097,L,538,T002,238,-6.969950248871266,20.25540403172053,-7.259845485365412,True,0,mapped,True,0.0
T097,L,539,T002,239,-6.820721249807505,20.456461014264505,-5.411733984717571,True,0,mapped,True,0.0
T097,L,540,T002,240,-6.290734389808305,20.31283618302541,-3.694256860860929,True,0,mapped,True,0.0
T097,L,541,T002,241,-5.276626214609932,18.9698325127452,-2.3706134380483133,True,0,mapped,True,0.0
T097,L,542,T002,242,-4.334743721947798,17.293330170627314,-1.7865817129663577,True,0,mapped,True,0.0
T097,L,543,T002,243,-4.032594635447544,16.096604400808204,0.3520769957386245,True,0,mapped,True,0.0
T097,L,544,T002,244,-4.623999212987048,14.920217583335544,3.421500542890265,True,0,mapped,True,0.0
T097,L,545,T002,245,-4.979929056210983,11.228923295509496,2.711479844783577,True,0,mapped,True,0.0
T097,L,546,T002,246,-5.343204369247109,9.048230307777123,0.6499737755912954,True,0,mapped,True,0.0
T097,L,546,T004,12,-5.343204369247106,9.04823030777712,0.6499737755912925,True,0,mapped,False,5.794470836795135e-15
T097,L,547,T002,247,-8.529781677138017,19.709769115861704,-10.608124049835446,True,0,mapped,True,0.0
T097,L,548,T002,248,-8.076777411565423,19.5970408018725,-9.58928414996922,True,0,mapped,True,0.0
T097,L,549,T002,249,-7.819366289989701,19.59196605170775,-8.591366046797749,True,0,mapped,True,0.0
T097,L,550,T002,250,-7.800546233614553,19.499417436733665,-7.2050885288371,True,0,mapped,True,0.0
T097,L,551,T002,251,-7.601594456404819,19.678908084166896,-5.5618641316916015,True,0,mapped,True,0.0
T097,L,552,T002,252,-7.419452661184653,19.496905944798897,-3.896386951157983,True,0,mapped,True,0.0
T097,L,553,T002,253,-6.535168574223463,18.48944065205789,-2.5617404392521395,True,0,mapped,True,0.0
T097,L,554,T002,254,-5.496704197743252,16.851025856279133,-1.8538231751470629,True,0,mapped,True,0.0
T097,L,555,T002,255,-4.839385954665545,15.309421914494129,-0.3595922188092524,True,0,mapped,True,0.0
T097,L,556,T002,256,-6.098179536782708,14.695661654021944,2.740133660965712,True,0,mapped,True,0.0
T097,L,557,T002,257,-6.124207772196268,11.271225693511225,2.999782605801657,True,0,mapped,True,0.0
T097,L,558,T002,258,-6.085962857410846,9.052446365356444,1.0472542909307363,True,0,mapped,True,0.0
T097,L,558,T004,11,-6.085962857410842,9.052446365356444,1.0472542909307352,True,0,mapped,False,3.722145839155691e-15
T097,L,559,T002,259,-8.796503067016602,19.09346454530127,-9.6661671360095,True,0,mapped,True,0.0
T097,L,560,T002,260,-8.516307582489413,18.961305326214237,-8.511853291360904,True,0,mapped,True,0.0
T097,L,561,T002,261,-8.36865936058075,18.94796091649846,-7.365433873255384,True,0,mapped,True,0.0
T097,L,562,T002,262,-8.406707150212046,18.9004492226558,-5.815193090618523,True,0,mapped,True,0.0
T097,L,563,T002,263,-8.293130503680622,18.76336789775789,-4.308094837285951,True,0,mapped,True,0.0
T097,L,564,T002,264,-7.589161968620582,17.927235134953037,-2.7718853044153087,True,0,mapped,True,0.0
T097,L,565,T002,265,-6.69778581044918,16.40428511355903,-1.9492806722335847,True,0,mapped,True,0.0
T097,L,566,T002,266,-5.897445304004101,14.614924357473935,-0.948901463559386,True,0,mapped,True,0.0
T097,L,567,T002,267,-7.038075797765309,14.426518396045786,1.6683429094823514,True,0,mapped,True,0.0
T097,L,568,T002,268,-7.375809714597274,11.652530396703291,2.911281389585444,True,0,mapped,True,0.0
T097,L,569,T002,269,-6.884112603161356,9.052446365356449,1.317019202897349,True,0,mapped,True,0.0
T097,L,569,T004,10,-6.88411260316135,9.052446365356444,1.317019202897344,True,0,mapped,False,9.650641979819565e-15
T097,L,570,T002,270,-9.083588692520053,18.48256510394414,-8.704643518815242,True,0,mapped,True,0.0
T097,L,571,T002,271,-8.946640746736806,18.346387142539985,-7.697770395860861,True,0,mapped,True,0.0
T097,L,572,T002,272,-8.984276270202187,18.18298648527214,-6.355926844663536,True,0,mapped,True,0.0
T097,L,573,T002,273,-8.94157962136333,18.035662955086234,-4.988524384784488,True,0,mapped,True,0.0
T097,L,574,T002,274,-8.647547751949507,17.3811885225235,-3.3297569321474216,True,0,mapped,True,0.0
T097,L,575,T002,275,-7.816479698353487,16.058004926254682,-2.1819660340438127,True,0,mapped,True,0.0
T097,L,576,T002,276,-6.828090300361353,14.352695878369468,-1.349667794849835,True,0,mapped,True,0.0
T097,L,577,T002,277,-7.443004270376338,13.56055832077718,0.8300847973695613,True,0,mapped,True,0.0
T097,L,578,T002,278,-8.27724805742037,11.835626244653074,2.466914559211816,True,0,mapped,True,0.0
T097,L,579,T002,279,-7.693537303082717,9.102171252864055,1.4837813981008914,True,0,mapped,True,0.0
T097,L,579,T004,9,-7.693537303082715,9.102171252864055,1.4837813981008905,True,0,mapped,False,1.9860273225978185e-15
T097,L,580,T002,280,-9.596503257751465,17.74796760332292,-8.101997104530964,True,0,mapped,True,0.0
T097,L,581,T002,281,-9.545043372517464,17.51245003699687,-7.076167992435693,True,0,mapped,True,0.0
T097,L,582,T002,282,-9.50366484006404,17.281537591540932,-5.656068355772371,True,0,mapped,True,0.0
T097,L,583,T002,283,-9.31801281129245,16.979533148633827,-4.023096093650784,True,0,mapped,True,0.0
T097,L,584,T002,284,-8.72774688646366,15.807734459427934,-2.6675672057803816,True,0,mapped,True,0.0
T097,L,585,T002,285,-7.834416265153246,14.015087100398947,-1.7152997732132027,True,0,mapped,True,0.0
T097,L,586,T002,286,-7.730810025096335,12.761020245530734,0.0008216592377198,True,0,mapped,True,0.0
T097,L,587,T002,287,-9.12063996661264,12.062522822919668,1.996530678442571,True,0,mapped,True,0.0
T097,L,588,T002,288,-8.494117658812776,9.284082646249596,1.5216240631226412,True,0,mapped,True,0.0
T097,L,588,T004,8,-8.494117658812772,9.28408264624959,1.5216240631226396,True,0,mapped,False,6.5906489508797204e-15
T097,L,589,T002,289,-10.206110005848036,16.83791139788071,-7.715765558946092,True,0,mapped,True,0.0
T097,L,590,T002,290,-10.00693905297137,16.678825285714343,-6.336634001486326,True,0,mapped,True,0.0
T097,L,591,T002,291,-9.885698141009309,16.35766818167328,-4.840446476427148,True,0,mapped,True,0.0
T097,L,592,T002,292,-9.450631900110556,15.55096653654628,-3.271507117932166,True,0,mapped,True,0.0
T097,L,593,T002,293,-8.699713216748385,13.978721834408804,-2.239258899236824,True,0,mapped,True,0.0
T097,L,594,T002,294,-8.367711843022992,12.386649952860193,-0.9984041465662448,True,0,mapped,True,0.0
T097,L,595,T002,295,-9.85811348320272,11.983977147556786,1.1344650114780253,True,0,mapped,True,0.0
T097,L,596,T002,296,-9.311151319977446,9.452445983886726,1.495899380780331,True,0,mapped,True,0.0
T097,L,596,T004,7,-9.311151319977444,9.45244598388672,1.4958993807803278,True,0,mapped,False,6.420123230733026e-15
T097,L,597,T002,297,-10.68510896561114,15.905695728191496,-7.322139775881301,True,0,mapped,True,0.0
T097,L,598,T002,298,-10.390927450732883,15.698744614892032,-5.663790998738737,True,0,mapped,True,0.0
T097,L,599,T002,299,-10.086548516931536,15.093630475206457,-4.071903682966865,True,0,mapped,True,0.0
T097,L,600,T002,300,-9.429499297873452,13.95117398014787,-2.8509622310049787,True,0,mapped,True,0.0
T097,L,601,T002,301,-8.784183132379345,12.34107368919091,-1.6685921309210916,True,0,mapped,True,0.0
T097,L,602,T002,302,-9.989265558614797,11.650784389530584,0.235635905135444,True,0,mapped,True,0.0
T097,L,603,T002,303,-10.12389568170518,9.45244598388672,1.2689590004973683,True,0,mapped,True,0.0
T097,L,603,T004,6,-10.12389568170518,9.45244598388672,1.2689590004973683,True,0,mapped,False,0.0
T097,L,604,T002,304,-10.923979208685743,14.9955825914076,-6.612026361014086,True,0,mapped,True,0.0
T097,L,605,T002,305,-10.610790052590184,14.627419899418754,-4.930527009433056,True,0,mapped,True,0.0
T097,L,606,T002,306,-10.106904730416735,13.791307739681113,-3.57161502662912,True,0,mapped,True,0.0
T097,L,607,T002,307,-9.380376003210872,12.327826669152934,-2.4439060615806274,True,0,mapped,True,0.0
T097,L,608,T002,308,-10.044470497077452,11.32372758562945,-0.6042401934549511,True,0,mapped,True,0.0
T097,L,609,T002,309,-10.830701874667792,9.652445793151855,0.9287635908519476,True,0,mapped,True,0.0
T097,L,609,T004,5,-10.830701874667794,9.652445793151855,0.9287635908519464,True,0,mapped,False,2.1556631856153973e-15
T097,L,610,T002,310,-11.09806441589722,14.10938581808131,-5.925829261379651,True,0,mapped,True,0.0
T097,L,611,T002,311,-10.622391248723194,13.499942509055588,-4.247537685945014,True,0,mapped,True,0.0
T097,L,612,T002,312,-10.01025633742846,12.384926306834508,-3.073442555299564,True,0,mapped,True,0.0
T097,L,613,T002,313,-10.24261356778202,11.07737248035786,-1.5057795921943278,True,0,mapped,True,0.0
T097,L,614,T002,314,-11.271656163206858,9.852445602416998,0.2896669348806337,True,0,mapped,True,0.0
T097,L,614,T004,4,-11.27165616320686,9.852445602416992,0.289666934880634,True,0,mapped,False,5.624186466202553e-15
T097,L,615,T002,315,-11.196502685546877,13.192865761991191,-5.241339529767201,True,0,mapped,True,0.0
T097,L,616,T002,316,-10.695352342162307,12.268576280048816,-3.6744611894713737,True,0,mapped,True,0.0
T097,L,617,T002,317,-10.381359468840005,11.115946336994185,-2.316809136274629,True,0,mapped,True,0.0
T097,L,618,T002,318,-11.40468800471956,9.852445602416992,-0.533686439272453,True,0,mapped,True,0.0
T097,L,618,T004,3,-11.314894700104702,9.872672525211774,-0.1127831541205325,True,3,smooth_internal,False,0.4308497898468579
T097,L,619,T002,319,-11.196502685546877,12.253469756376775,-4.488855271823631,True,0,mapped,True,0.0
T097,L,620,T002,320,-10.720651804561324,11.242181140572288,-3.0165086073028533,True,0,mapped,True,0.0
T097,L,621,T002,321,-11.396503448486325,9.926356619694904,-1.3670860713129604,True,0,mapped,True,0.0
T097,L,621,T004,2,-11.344865827157196,9.961748448481767,-0.6776839566140966,True,2,smooth_near_vertex,False,0.6922386158202058
T097,L,622,T002,322,-11.196502685546877,11.355662152927136,-3.6887653397305007,True,0,mapped,True,0.0
T097,L,623,T002,323,-11.396503448486325,10.15531587207717,-2.1787904848858703,True,0,mapped,True,0.0
T097,L,623,T004,1,-11.367910747615364,10.128783922056716,-1.4963579550902937,True,2,smooth_near_vertex,False,0.683546373436488
T097,L,624,T002,324,-11.396503448486328,10.45244598388672,-2.968279361724853,True,0,mapped,False,0.0
T097,L,624,T003,0,-11.396503448486328,10.45244598388672,-2.968279361724853,True,0,mapped,False,0.0
T097,L,624,T004,0,-11.396503448486328,10.45244598388672,-2.968279361724853,True,-1,landmark_vertex,True,0.0
T097,L,624,T005,0,-11.396503448486328,10.45244598388672,-2.968279361724853,True,0,mapped,False,0.0
T097,L,625,T003,1,-11.6098611351615,10.16258867863311,-2.813186987066136,True,0,mapped,True,0.0
T097,L,625,T005,25,-11.6098611351615,10.16258867863311,-2.813186987066136,True,0,mapped,False,0.0
T097,L,626,T003,2,-11.772376481103784,9.88418317700609,-2.591906399695672,True,0,mapped,True,0.0
T097,L,626,T005,49,-11.772376481103786,9.884183177006088,-2.591906399695672,True,0,mapped,False,2.5121479338940403e-15
T097,L,627,T003,3,-11.82242112426469,9.710142792102904,-2.2688896656036377,True,0,mapped,True,0.0
T097,L,627,T005,72,-11.822421124264691,9.710142792102904,-2.2688896656036377,True,0,mapped,False,1.7763568394002505e-15
T097,L,628,T003,4,-11.996502876281738,9.423836988185757,-2.079832013131909,True,0,mapped,True,0.0
T097,L,628,T005,94,-11.996502876281738,9.423836988185757,-2.079832013131907,True,0,mapped,False,2.220446049250313e-15
T097,L,629,T003,5,-12.006337268707796,9.266331982219551,-1.701919110287811,True,0,mapped,True,0.0
T097,L,629,T005,115,-12.006337268707796,9.26633198221955,-1.7019191102878095,True,0,mapped,False,2.3603665272841412e-15
T097,L,630,T003,6,-11.996502876281738,9.119533939225128,-1.3248440502338743,True,0,mapped,True,0.0
T097,L,630,T005,135,-11.996502876281738,9.119533939225128,-1.3248440502338734,True,0,mapped,False,8.881784197001252e-16
T097,L,631,T003,7,-11.996502876281737,8.877095609832022,-0.9986485621761344,True,0,mapped,True,0.0
T097,L,631,T005,154,-11.996502876281738,8.877095609832022,-0.9986485621761334,True,0,mapped,False,2.0380985511143445e-15
T097,L,632,T003,8,-11.996502876281738,8.63451947777148,-0.668937398048632,True,0,mapped,True,0.0
T097,L,632,T005,172,-11.99650287628174,8.63451947777148,-0.6689373980486301,True,0,mapped,False,2.5918417478740246e-15
T097,L,633,T003,9,-11.99190872909126,8.337794983275126,-0.3903167473289863,True,0,mapped,True,0.0
T097,L,633,T005,189,-11.99190872909126,8.337794983275126,-0.3903167473289843,True,0,mapped,False,1.9984014443252818e-15
T097,L,634,T003,10,-11.996502876281738,8.020904143466673,-0.1633810551869276,True,0,mapped,True,0.0
T097,L,634,T005,205,-11.996502876281738,8.020904143466671,-0.163381055186927,True,0,mapped,False,1.878377932716794e-15
T097,L,635,T003,11,-11.990955377327662,7.624528460919455,-0.0688897669315338,True,0,mapped,True,0.0
T097,L,635,T005,220,-11.990955377327664,7.624528460919453,-0.0688897669315338,True,0,mapped,False,3.2023728339893768e-15
T097,L,636,T003,12,-11.848743697263256,7.360393123337991,0.1869296897450701,True,0,mapped,True,0.0
T097,L,636,T005,234,-11.848743697263256,7.360393123337991,0.1869296897450706,True,0,mapped,False,4.996003610813204e-16
T097,L,637,T003,13,-11.7589100437914,6.994705033477663,0.2713291212366424,True,0,mapped,True,0.0
T097,L,637,T005,247,-11.7589100437914,6.994705033477662,0.271329121236643,True,0,mapped,False,1.0778315928076987e-15
T097,L,638,T003,14,-11.593186402165514,6.6416159734681965,0.3856251249891853,True,0,mapped,True,0.0
T097,L,638,T005,259,-11.593186402165514,6.641615973468195,0.3856251249891856,True,0,mapped,False,1.807312143953211e-15
T097,L,639,T003,15,-11.413836186374589,6.279307015446743,0.4115597571066982,True,0,mapped,True,0.0
T097,L,639,T005,270,-11.413836186374589,6.279307015446742,0.4115597571066982,True,0,mapped,False,8.881784197001252e-16
T097,L,640,T003,16,-11.396503448486328,5.874793017885747,0.4183072063908238,True,0,mapped,True,0.0
T097,L,640,T005,280,-11.396503448486328,5.874793017885747,0.4183072063908238,True,0,mapped,False,0.0
T097,L,641,T003,17,-11.13786182378754,5.566907704371943,0.4430739431151345,True,0,mapped,True,0.0
T097,L,641,T005,289,-11.13786182378754,5.566907704371942,0.4430739431151345,True,0,mapped,False,8.881784197001252e-16
T097,L,642,T003,18,-10.95432169323846,5.205688861971233,0.4823869969582065,True,0,mapped,True,0.0
T097,L,642,T005,297,-10.95432169323846,5.205688861971232,0.4823869969582068,True,0,mapped,False,1.7979101253009106e-15
T097,L,643,T003,19,-10.796503067016602,4.842936121539668,0.579224065192801,True,0,mapped,True,0.0
T097,L,643,T005,304,-10.796503067016602,4.842936121539668,0.579224065192801,True,0,mapped,False,0.0
T097,L,644,T003,20,-10.7871872029562,4.441983185822031,0.6418366583603528,True,0,mapped,True,0.0
T097,L,644,T005,310,-10.7871872029562,4.44198318582203,0.6418366583603531,True,0,mapped,False,9.485749680535094e-16
T097,L,645,T003,21,-10.60428808582918,4.123462423067618,0.7855645355695817,True,0,mapped,True,0.0
T097,L,645,T005,315,-10.604288085829175,4.1234624230676165,0.7855645355695822,True,0,mapped,False,5.634860374059478e-15
T097,L,646,T003,22,-10.488708566385016,3.784650040399635,0.974782066229868,True,0,mapped,True,0.0
T097,L,646,T005,319,-10.488708566385016,3.784650040399635,0.9747820662298684,True,0,mapped,False,4.440892098500626e-16
T097,L,647,T003,23,-10.396503448486328,3.4607718172067607,1.1822142485647975,True,0,mapped,True,0.0
T097,L,647,T005,322,-10.396503448486328,3.460771817206761,1.1822142485647975,True,0,mapped,False,4.440892098500626e-16
T097,L,648,T003,24,-10.196502685546877,3.252445936203003,1.4050482511520386,True,0,mapped,False,0.0
T097,L,648,T005,324,-10.196502685546877,3.252445936203003,1.4050482511520386,True,0,mapped,False,0.0
T097,L,648,T006,324,-10.196502685546877,3.252445936203003,1.4050482511520386,True,-1,landmark_vertex,True,0.0
T097,L,648,T009,0,-10.196502685546877,3.252445936203003,1.4050482511520386,True,0,mapped,False,0.0
T097,L,648,T010,0,-10.196502685546877,3.252445936203003,1.4050482511520386,True,-1,landmark_vertex,False,0.0
T097,L,649,T003,25,-11.396503448486328,10.176757713773531,-2.252438870488489,True,0,mapped,True,0.0
T097,L,649,T004,25,-11.372117608723,10.123804199870468,-1.506589292599878,True,2,smooth_near_vertex,False,0.7481245462169142
T097,L,650,T003,26,-11.527598866813548,9.96214540812726,-1.994354380429328,True,0,mapped,True,0.0
T097,L,651,T003,27,-11.696272678765258,9.692106570216056,-1.7570346856378611,True,0,mapped,True,0.0
T097,L,652,T003,28,-11.691263298285044,9.60528059040226,-1.3972169802510772,True,0,mapped,True,0.0
T097,L,653,T003,29,-11.817885654973065,9.342101767456136,-1.1516748174664622,True,0,mapped,True,0.0
T097,L,654,T003,30,-11.83444727386768,9.146795199719678,-0.859914391025581,True,0,mapped,True,0.0
T097,L,655,T003,31,-11.873389084640465,8.867391660311693,-0.5339918065772465,True,0,mapped,True,0.0
T097,L,656,T003,32,-11.892487696049384,8.565385470684483,-0.2350167200405874,True,0,mapped,True,0.0
T097,L,657,T003,33,-11.831530940370891,8.304692627806125,0.01030044936548,True,0,mapped,True,0.0
T097,L,658,T003,34,-11.79807285330488,7.978746196698305,0.1436121149704697,True,0,mapped,True,0.0
T097,L,659,T003,35,-11.715277240082578,7.708075526287565,0.3007304892536615,True,0,mapped,True,0.0
T097,L,660,T003,36,-11.624796797744605,7.334030235604256,0.3726292357690133,True,0,mapped,True,0.0
T097,L,661,T003,37,-11.506036870852142,6.971990315547952,0.4104775920555288,True,0,mapped,True,0.0
T097,L,662,T003,38,-11.25017648789914,6.584232076915618,0.4574725519791748,True,0,mapped,True,0.0
T097,L,663,T003,39,-11.08339937780024,6.242388597637133,0.5048015981296182,True,0,mapped,True,0.0
T097,L,664,T003,40,-10.895963620094156,5.93310479742251,0.5023032269426746,True,0,mapped,True,0.0
T097,L,665,T003,41,-10.68781681640812,5.552705099277567,0.5257851291280089,True,0,mapped,True,0.0
T097,L,666,T003,42,-10.554503477404054,5.151910326660546,0.5574582526949499,True,0,mapped,True,0.0
T097,L,667,T003,43,-10.463975535166728,4.91984762747323,0.5924308245265514,True,0,mapped,True,0.0
T097,L,668,T003,44,-10.405175393165615,4.664893345559298,0.6398592614694978,True,0,mapped,True,0.0
T097,L,669,T003,45,-10.168678855053871,4.308434532593068,0.8104581496812346,True,0,mapped,True,0.0
T097,L,670,T003,46,-9.976814784859956,4.029308308486323,1.0307181041202211,True,0,mapped,True,0.0
T097,L,671,T003,47,-9.84849296743215,3.755338525141756,1.2666848040896774,True,0,mapped,True,0.0
T097,L,672,T003,48,-9.812185593742084,3.4847842446647754,1.5311102867126456,True,0,mapped,True,0.0
T097,L,672,T006,322,-9.812185593742084,3.4847842446647754,1.5311102867126465,True,0,mapped,False,8.881784197001252e-16
T097,L,673,T003,49,-11.396503448486328,9.958268413802818,-1.517133084324722,True,0,mapped,True,0.0
T097,L,673,T004,49,-11.365900132695373,9.936849837550524,-0.728840644162019,True,2,smooth_near_vertex,False,0.7891769697372985
T097,L,674,T003,50,-11.470784147002975,9.81338152237059,-1.201615299574354,True,0,mapped,True,0.0
T097,L,675,T003,51,-11.629872467667989,9.549322485206432,-0.9604414468219812,True,0,mapped,True,0.0
T097,L,676,T003,52,-11.638929248031202,9.443862288125905,-0.6641677196657686,True,0,mapped,True,0.0
T097,L,677,T003,53,-11.732049147468157,9.11504198369325,-0.3243431505289059,True,0,mapped,True,0.0
T097,L,678,T003,54,-11.777534441579665,8.80096325806837,-0.0943344906887653,True,0,mapped,True,0.0
T097,L,679,T003,55,-11.70588851865238,8.596557034966267,0.1357717730562594,True,0,mapped,True,0.0
T097,L,680,T003,56,-11.610074180505327,8.283707915039262,0.315439242758125,True,0,mapped,True,0.0
T097,L,681,T003,57,-11.509501990682772,7.941983073297969,0.4283600630493888,True,0,mapped,True,0.0
T097,L,682,T003,58,-11.41333313125666,7.5944850850436785,0.4618905642697656,True,0,mapped,True,0.0
T097,L,683,T003,59,-11.297701500325958,7.22555826025063,0.4883861264839586,True,0,mapped,True,0.0
T097,L,684,T003,60,-11.143181918891122,6.925323083060311,0.5356853435061245,True,0,mapped,True,0.0
T097,L,685,T003,61,-10.954778430724314,6.657774523674107,0.5877195909731247,True,0,mapped,True,0.0
T097,L,686,T003,62,-10.672117289939145,6.271171681198204,0.5718382875679286,True,0,mapped,True,0.0
T097,L,687,T003,63,-10.370019569046033,5.885500438311073,0.5657918231110015,True,0,mapped,True,0.0
T097,L,688,T003,64,-10.262428525080605,5.546834869908478,0.5695582847427436,True,0,mapped,True,0.0
T097,L,689,T003,65,-10.177592885102785,5.300466890707053,0.5918245709712774,True,0,mapped,True,0.0
T097,L,690,T003,66,-10.089803412966628,5.073876086898766,0.6267913705967062,True,0,mapped,True,0.0
T097,L,691,T003,67,-9.969089917127748,4.78197625842049,0.736120346172962,True,0,mapped,True,0.0
T097,L,692,T003,68,-9.764692090010616,4.4554642965543945,0.9138283568940244,True,0,mapped,True,0.0
T097,L,693,T003,69,-9.538662856384702,4.236616277204458,1.1343650608691624,True,0,mapped,True,0.0
T097,L,694,T003,70,-9.491808697468027,4.00685819348578,1.314054307066472,True,0,mapped,True,0.0
T097,L,695,T003,71,-9.423780935565397,3.823489093169977,1.531110286712646,True,0,mapped,True,0.0
T097,L,695,T006,319,-9.423780935565391,3.823489093169977,1.5311102867126465,True,0,mapped,False,5.347542221830668e-15
T097,L,696,T003,72,-11.405773476001585,9.852445602416992,-0.7638023333304707,True,0,mapped,True,0.0
T097,L,696,T004,72,-11.373686251923171,9.803222473719458,-0.256806250693895,True,3,smooth_internal,False,0.5103895905645663
T097,L,697,T003,73,-11.50486871273952,9.654152699342925,-0.4393650419392879,True,0,mapped,True,0.0
T097,L,698,T003,74,-11.603708611289647,9.391523477226464,-0.2446337929439463,True,0,mapped,True,0.0
T097,L,699,T003,75,-11.61927858392916,9.131975519383126,0.0626775852350445,True,0,mapped,True,0.0
T097,L,700,T003,76,-11.551152873293413,8.873493370347727,0.3252377304091433,True,0,mapped,True,0.0
T097,L,701,T003,77,-11.381450258772166,8.532161742414905,0.4925082588132196,True,0,mapped,True,0.0
T097,L,702,T003,78,-11.313854918748271,8.259116014943913,0.547937211809119,True,0,mapped,True,0.0
T097,L,703,T003,79,-11.248298451321222,7.951047454338927,0.5762632903885803,True,0,mapped,True,0.0
T097,L,704,T003,80,-11.143881192718704,7.634815755554091,0.5984841507001859,True,0,mapped,True,0.0
T097,L,705,T003,81,-10.932406268293237,7.26807871718421,0.622691059575331,True,0,mapped,True,0.0
T097,L,706,T003,82,-10.70550502173943,6.877455155593141,0.6374748342567592,True,0,mapped,True,0.0
T097,L,707,T003,83,-10.528867224323587,6.569500571183907,0.6089822636738109,True,0,mapped,True,0.0
T097,L,708,T003,84,-10.258383457709437,6.233301664647779,0.5850710271435267,True,0,mapped,True,0.0
T097,L,709,T003,85,-9.962533321174124,5.894790583846289,0.5956280331692675,True,0,mapped,True,0.0
T097,L,710,T003,86,-9.88258565095322,5.652204121348845,0.6211390145136195,True,0,mapped,True,0.0
T097,L,711,T003,87,-9.828074347637504,5.446215850058479,0.653901384853991,True,0,mapped,True,0.0
T097,L,712,T003,88,-9.695360597975364,5.1750608742099065,0.7394537044732086,True,0,mapped,True,0.0
T097,L,713,T003,89,-9.588280788867188,4.92356106062977,0.8111929610695676,True,0,mapped,True,0.0
T097,L,714,T003,90,-9.39103139182863,4.702284965703496,0.9613197555394418,True,0,mapped,True,0.0
T097,L,715,T003,91,-9.181752714276255,4.481259293920408,1.169365527361862,True,0,mapped,True,0.0
T097,L,716,T003,92,-9.086311675371842,4.238356445221889,1.4168058197771487,True,0,mapped,True,0.0
T097,L,717,T003,93,-9.033015292125688,4.159475436001244,1.5311102867126465,True,0,mapped,True,0.0
T097,L,717,T006,315,-9.033015292125686,4.159475436001244,1.5311102867126465,True,0,mapped,False,1.7763568394002505e-15
T097,L,718,T003,94,-11.396503448486328,9.706512705326636,-0.0274700191162411,True,0,mapped,True,0.0
T097,L,718,T004,94,-11.396503448486328,9.706512705326636,-0.027470019116241,True,0,mapped,False,9.71445146547012e-17
T097,L,719,T003,95,-11.43898715621368,9.448727138508003,0.212682258422052,True,0,mapped,True,0.0
T097,L,720,T003,96,-11.408684785186956,9.167530801104828,0.4185657607526227,True,0,mapped,True,0.0
T097,L,721,T003,97,-11.272466187466524,8.800683805459279,0.5601518561847602,True,0,mapped,True,0.0
T097,L,722,T003,98,-11.114958658718024,8.539469103730521,0.6800088661027426,True,0,mapped,True,0.0
T097,L,723,T003,99,-10.971736472334696,8.249557651982954,0.7423227142956175,True,0,mapped,True,0.0
T097,L,724,T003,100,-10.852730289535192,7.85691432466197,0.7370164112682343,True,0,mapped,True,0.0
T097,L,725,T003,101,-10.67055907697832,7.43713329444965,0.717046231664787,True,0,mapped,True,0.0
T097,L,726,T003,102,-10.519981156117243,7.116138694429826,0.6931214871777998,True,0,mapped,True,0.0
T097,L,727,T003,103,-10.323743842252592,6.854997479960325,0.6395855827048383,True,0,mapped,True,0.0
T097,L,728,T003,104,-10.147268628830924,6.561809373892058,0.6170718703286527,True,0,mapped,True,0.0
T097,L,729,T003,105,-9.82420736073053,6.166965559901819,0.6293839555035232,True,0,mapped,True,0.0
T097,L,730,T003,106,-9.640811383853473,5.941459436637551,0.6628847303725969,True,0,mapped,True,0.0
T097,L,731,T003,107,-9.533026957051346,5.710761930126054,0.7131295328789696,True,0,mapped,True,0.0
T097,L,732,T003,108,-9.44588585721254,5.435467810745879,0.7667510271460971,True,0,mapped,True,0.0
T097,L,733,T003,109,-9.319905925450502,5.277341833318419,0.8154139262167581,True,0,mapped,True,0.0
T097,L,734,T003,110,-9.19167108863283,5.046336257477396,0.9185584354629032,True,0,mapped,True,0.0
T097,L,735,T003,111,-9.00490490836448,4.85483253256596,1.0752513100991643,True,0,mapped,True,0.0
T097,L,736,T003,112,-8.82246108538697,4.664174798915614,1.28220746619908,True,0,mapped,True,0.0
T097,L,737,T003,113,-8.714798926447015,4.519369757906035,1.4643385024673612,True,0,mapped,True,0.0
T097,L,738,T003,114,-8.61705125197639,4.363836964382327,1.7241935711304903,True,0,mapped,True,0.0
T097,L,738,T006,310,-8.61705125197639,4.363836964382327,1.7241935711304917,True,0,mapped,False,1.3322676295501878e-15
T097,L,739,T003,115,-11.230426951690042,9.375007287394018,0.5525637490176649,True,0,mapped,True,0.0
T097,L,739,T004,115,-11.230426951690044,9.37500728739402,0.5525637490176649,True,0,mapped,False,2.5121479338940403e-15
T097,L,740,T003,116,-11.146035534864776,9.105459455223436,0.6342010551123373,True,0,mapped,True,0.0
T097,L,741,T003,117,-11.006604903530688,8.861133368574308,0.7566278633132024,True,0,mapped,True,0.0
T097,L,742,T003,118,-10.808753857064474,8.444663635902495,0.8165632884094499,True,0,mapped,True,0.0
T097,L,743,T003,119,-10.61537123244471,8.105412172525284,0.8368357553523212,True,0,mapped,True,0.0
T097,L,744,T003,120,-10.437693073997902,7.777202606241538,0.8368777922482618,True,0,mapped,True,0.0
T097,L,745,T003,121,-10.25848715371628,7.41888705139997,0.7820262675406572,True,0,mapped,True,0.0
T097,L,746,T003,122,-10.096769241456244,7.164549326236742,0.7204717080399279,True,0,mapped,True,0.0
T097,L,747,T003,123,-9.92779126336441,6.777425668294139,0.6576502462461903,True,0,mapped,True,0.0
T097,L,748,T003,124,-9.635564629002213,6.405893812040677,0.6788492932962256,True,0,mapped,True,0.0
T097,L,749,T003,125,-9.460326992632648,6.205462687178764,0.7245078654934388,True,0,mapped,True,0.0
T097,L,750,T003,126,-9.285444557209567,5.956601823198072,0.7573257305981325,True,0,mapped,True,0.0
T097,L,751,T003,127,-9.196208672532666,5.759878098192459,0.7875754684145596,True,0,mapped,True,0.0
T097,L,752,T003,128,-9.078705348207455,5.609775108769853,0.8212959267873952,True,0,mapped,True,0.0
T097,L,753,T003,129,-8.962863911371718,5.480586117568172,0.85594411285024,True,0,mapped,True,0.0
T097,L,754,T003,130,-8.787341927683686,5.292059098742769,0.9886279354522524,True,0,mapped,True,0.0
T097,L,755,T003,131,-8.6336747957734,5.06822731295027,1.1445171301933788,True,0,mapped,True,0.0
T097,L,756,T003,132,-8.45663591202436,4.920440269125849,1.3131951738180732,True,0,mapped,True,0.0
T097,L,757,T003,133,-8.303008538856835,4.76339038630755,1.5470292043847715,True,0,mapped,True,0.0
T097,L,758,T003,134,-8.195547769128922,4.65298584923631,1.7483371157283365,True,0,mapped,True,0.0
T097,L,758,T006,304,-8.195547769128922,4.652985849236311,1.7483371157283367,True,0,mapped,False,9.155133597044475e-16
T097,L,759,T003,135,-10.723421427654303,9.126192833237525,0.9746720112343972,True,0,mapped,True,0.0
T097,L,759,T004,135,-10.723421427654303,9.126192833237525,0.974672011234397,True,0,mapped,False,2.220446049250313e-16
T097,L,760,T003,136,-10.6164492754028,8.832257582836084,1.0071325638998192,True,0,mapped,True,0.0
T097,L,761,T003,137,-10.421527809473549,8.395459098760968,0.9796481259905504,True,0,mapped,True,0.0
T097,L,762,T003,138,-10.209102824129232,7.950359768307343,0.9044119240148124,True,0,mapped,True,0.0
T097,L,763,T003,139,-10.061763650402971,7.725516451999228,0.8490681044391809,True,0,mapped,True,0.0
T097,L,764,T003,140,-9.849170004580706,7.448216059128276,0.7819647607120819,True,0,mapped,True,0.0
T097,L,765,T003,141,-9.60880659202521,7.109606040937318,0.7922529307257302,True,0,mapped,True,0.0
T097,L,766,T003,142,-9.427768973359983,6.787885545760554,0.7728388996139044,True,0,mapped,True,0.0
T097,L,767,T003,143,-9.33065695805379,6.524186971746127,0.7721125146912308,True,0,mapped,True,0.0
T097,L,768,T003,144,-9.158660422812124,6.242970233178526,0.7803625671606664,True,0,mapped,True,0.0
T097,L,769,T003,145,-8.931421063093358,6.063220780311858,0.7869768583015204,True,0,mapped,True,0.0
T097,L,770,T003,146,-8.811941050722423,5.928405787570029,0.8107604633993251,True,0,mapped,True,0.0
T097,L,771,T003,147,-8.699781945571697,5.780706283244267,0.8402717176712848,True,0,mapped,True,0.0
T097,L,772,T003,148,-8.573539264959571,5.577388914063016,0.9162579848038052,True,0,mapped,True,0.0
T097,L,773,T003,149,-8.37264893360239,5.45816889706535,1.0094053032799493,True,0,mapped,True,0.0
T097,L,774,T003,150,-8.150142700843215,5.298254935585675,1.183217441227399,True,0,mapped,True,0.0
T097,L,775,T003,151,-7.962295891336931,5.1604076790720885,1.3534666463732334,True,0,mapped,True,0.0
T097,L,776,T003,152,-7.873801815706538,5.010544077203987,1.5173266858715635,True,0,mapped,True,0.0
T097,L,777,T003,153,-7.7436346188464675,4.8980776869811935,1.7311102151870728,True,0,mapped,True,0.0
T097,L,777,T006,297,-7.7436346188464675,4.8980776869811935,1.7311102151870728,True,0,mapped,False,0.0
T097,L,778,T003,154,-10.171815380574625,8.627758488179603,1.060347971508669,True,0,mapped,True,0.0
T097,L,778,T004,154,-10.171815380574625,8.627758488179603,1.060347971508669,True,0,mapped,False,0.0
T097,L,779,T003,155,-9.968956123879272,8.229461187722414,0.9963702667603888,True,0,mapped,True,0.0
T097,L,780,T003,156,-9.81971129354925,7.95922641624904,0.9262829493205152,True,0,mapped,True,0.0
T097,L,781,T003,157,-9.660758155443125,7.621310776016486,0.8404810747853956,True,0,mapped,True,0.0
T097,L,782,T003,158,-9.434413324293567,7.253391498376757,0.8372211360831139,True,0,mapped,True,0.0
T097,L,783,T003,159,-9.230181060382874,6.905933653818948,0.8173301593570219,True,0,mapped,True,0.0
T097,L,784,T003,160,-9.076721421218329,6.713601419400442,0.796712775517643,True,0,mapped,True,0.0
T097,L,785,T003,161,-8.920890353380814,6.575811183817772,0.7831009366793087,True,0,mapped,True,0.0
T097,L,786,T003,162,-8.666255839230553,6.41424654632857,0.7775522260044023,True,0,mapped,True,0.0
T097,L,787,T003,163,-8.531301904650366,6.25451407251774,0.7871367475643058,True,0,mapped,True,0.0
T097,L,788,T003,164,-8.358427599176231,6.088472501022174,0.804643834836779,True,0,mapped,True,0.0
T097,L,789,T003,165,-8.301812365846622,5.838934742216716,0.8537960621713557,True,0,mapped,True,0.0
T097,L,790,T003,166,-8.088461023664571,5.703987989179529,0.9529106357383614,True,0,mapped,True,0.0
T097,L,791,T003,167,-7.895265842408796,5.617007215460385,1.016634695335678,True,0,mapped,True,0.0
T097,L,792,T003,168,-7.794224324476884,5.481369170230882,1.1244890695642136,True,0,mapped,True,0.0
T097,L,793,T003,169,-7.635644368743659,5.296942397119604,1.3110629822562614,True,0,mapped,True,0.0
T097,L,794,T003,170,-7.412793620788972,5.145703917758721,1.5137652306966551,True,0,mapped,True,0.0
T097,L,795,T003,171,-7.246057595557113,5.028012258839207,1.7311102151870723,True,0,mapped,True,0.0
T097,L,795,T006,289,-7.246057595557112,5.028012258839206,1.7311102151870728,True,0,mapped,False,2.0350724194510405e-15
T097,L,796,T003,172,-9.574215773794377,8.230158690664492,1.0346879531477715,True,0,mapped,True,0.0
T097,L,796,T004,172,-9.574215773794377,8.230158690664492,1.0346879531477715,True,0,mapped,False,0.0
T097,L,797,T003,173,-9.424402041300446,7.80425505883391,0.9478059476291024,True,0,mapped,True,0.0
T097,L,798,T003,174,-9.22632096355642,7.483085362755983,0.908933196479726,True,0,mapped,True,0.0
T097,L,799,T003,175,-8.995760129252464,7.183011466624991,0.8526736650858726,True,0,mapped,True,0.0
T097,L,800,T003,176,-8.848596589452873,6.991778660746929,0.8075492302159786,True,0,mapped,True,0.0
T097,L,801,T003,177,-8.70462359552501,6.857211770546551,0.7767145843367165,True,0,mapped,True,0.0
T097,L,802,T003,178,-8.542211406510596,6.684816325586668,0.7671930989808418,True,0,mapped,True,0.0
T097,L,803,T003,179,-8.319440684550694,6.460662777853978,0.7739340433359442,True,0,mapped,True,0.0
T097,L,804,T003,180,-8.129765831029154,6.232105866580502,0.7785844741415554,True,0,mapped,True,0.0
T097,L,805,T003,181,-8.008281358006258,6.008490781718708,0.813701105640327,True,0,mapped,True,0.0
T097,L,806,T003,182,-7.832901914617763,5.850311629423558,0.8621195613871148,True,0,mapped,True,0.0
T097,L,807,T003,183,-7.64150182694339,5.721489743677963,0.9488712126442228,True,0,mapped,True,0.0
T097,L,808,T003,184,-7.452020449373684,5.578010414716695,1.0875250664704448,True,0,mapped,True,0.0
T097,L,809,T003,185,-7.265506603006118,5.440074261635795,1.2312758327904154,True,0,mapped,True,0.0
T097,L,810,T003,186,-7.087732301941094,5.302015891150911,1.3709253212602728,True,0,mapped,True,0.0
T097,L,811,T003,187,-6.938232253124946,5.207291802660199,1.504170691931341,True,0,mapped,True,0.0
T097,L,812,T003,188,-6.73618300426693,5.079585745714039,1.7311102151870723,True,0,mapped,True,0.0
T097,L,812,T006,280,-6.736183004266929,5.079585745714039,1.731110215187073,True,0,mapped,False,1.897149936107019e-15
T097,L,813,T003,189,-8.997518143073773,7.734112396717456,0.984129615137917,True,0,mapped,True,0.0
T097,L,813,T004,189,-8.997518143073773,7.734112396717456,0.984129615137917,True,0,mapped,False,0.0
T097,L,814,T003,190,-8.790396607155852,7.429241600391184,0.8537945091922423,True,0,mapped,True,0.0
T097,L,815,T003,191,-8.622287029397464,7.234535970551866,0.7985459534302304,True,0,mapped,True,0.0
T097,L,816,T003,192,-8.452564468952172,7.115884198773061,0.7731592632648938,True,0,mapped,True,0.0
T097,L,817,T003,193,-8.301320055375845,6.866254360043167,0.7314999106997964,True,0,mapped,True,0.0
T097,L,818,T003,194,-8.118474855925681,6.595050985742338,0.7335376370618468,True,0,mapped,True,0.0
T097,L,819,T003,195,-7.885052907943923,6.4573594277434925,0.7093073631141021,True,0,mapped,True,0.0
T097,L,820,T003,196,-7.714206452030703,6.207719212412963,0.7195003642559212,True,0,mapped,True,0.0
T097,L,821,T003,197,-7.508807785569529,6.033413922284386,0.7850903828101273,True,0,mapped,True,0.0
T097,L,822,T003,198,-7.372662689466453,5.821138328021789,0.916355537943918,True,0,mapped,True,0.0
T097,L,823,T003,199,-7.1827615697185365,5.651079578515122,1.0415283332794398,True,0,mapped,True,0.0
T097,L,824,T003,200,-6.927940747451068,5.55480122368537,1.128464549632399,True,0,mapped,True,0.0
T097,L,825,T003,201,-6.841003964996154,5.453259950253344,1.223726236921693,True,0,mapped,True,0.0
T097,L,826,T003,202,-6.559008386499831,5.342330037519398,1.341154242099794,True,0,mapped,True,0.0
T097,L,827,T003,203,-6.315154234276058,5.215332284427363,1.498368013799526,True,0,mapped,True,0.0
T097,L,828,T003,204,-6.221195911373307,5.088207570798155,1.7311102151870728,True,0,mapped,True,0.0
T097,L,828,T006,270,-6.221195911373307,5.088207570798155,1.7311102151870728,True,0,mapped,False,0.0
T097,L,829,T003,205,-8.362708897009528,7.452445983886719,0.8076013430293052,True,0,mapped,True,0.0
T097,L,829,T004,205,-8.362708897009528,7.452445983886719,0.8076013430293052,True,0,mapped,False,0.0
T097,L,830,T003,206,-8.207372952148411,7.285707321478917,0.7774567347678255,True,0,mapped,True,0.0
T097,L,831,T003,207,-7.971623469551073,7.08444124954346,0.6982267902981546,True,0,mapped,True,0.0
T097,L,832,T003,208,-7.868563877230673,6.866578352681779,0.6581073625012998,True,0,mapped,True,0.0
T097,L,833,T003,209,-7.612611101453657,6.630182853808448,0.6507564028831918,True,0,mapped,True,0.0
T097,L,834,T003,210,-7.360236231089538,6.370043948789801,0.6694542275815843,True,0,mapped,True,0.0
T097,L,835,T003,211,-7.163457747906249,6.155612121500563,0.7409613285792729,True,0,mapped,True,0.0
T097,L,836,T003,212,-6.998187472615513,5.990239705742883,0.8193100215882697,True,0,mapped,True,0.0
T097,L,837,T003,213,-6.828485943466697,5.800751893727492,0.9050109045642368,True,0,mapped,True,0.0
T097,L,838,T003,214,-6.733179222174156,5.695694347542188,0.978986928149618,True,0,mapped,True,0.0
T097,L,839,T003,215,-6.512028412733565,5.561601999371652,1.0952888233380529,True,0,mapped,True,0.0
T097,L,840,T003,216,-6.255125473966183,5.398905622910841,1.244229215807144,True,0,mapped,True,0.0
T097,L,841,T003,217,-6.054259957995315,5.271999982175971,1.383121968704015,True,0,mapped,True,0.0
T097,L,842,T003,218,-5.846575716656428,5.174092372568154,1.5158813634531452,True,0,mapped,True,0.0
T097,L,843,T003,219,-5.7132822678807695,5.052445888519287,1.7407905279136278,True,0,mapped,True,0.0
T097,L,843,T006,259,-5.713282267880769,5.052445888519287,1.740790527913628,True,0,mapped,False,9.155133597044475e-16
T097,L,844,T003,220,-7.65076254420228,7.287331857041036,0.6754167511824387,True,0,mapped,True,0.0
T097,L,844,T004,220,-7.65076254420228,7.287331857041036,0.6754167511824387,True,0,mapped,False,0.0
T097,L,845,T003,221,-7.506469735284549,7.105401589775699,0.6227883975553274,True,0,mapped,True,0.0
T097,L,846,T003,222,-7.375101843268104,6.9084875570701785,0.6030129093406054,True,0,mapped,True,0.0
T097,L,847,T003,223,-7.113693864391509,6.585063559500603,0.6073860779765962,True,0,mapped,True,0.0
T097,L,848,T003,224,-6.873907862315439,6.356856540592677,0.6127173120677858,True,0,mapped,True,0.0
T097,L,849,T003,225,-6.670824576053846,6.166768885889845,0.6654842647213914,True,0,mapped,True,0.0
T097,L,850,T003,226,-6.570311069685919,5.999902472600223,0.7510712918412366,True,0,mapped,True,0.0
T097,L,851,T003,227,-6.338566387595513,5.871266318200655,0.7932055411145811,True,0,mapped,True,0.0
T097,L,852,T003,228,-6.18302950669432,5.76346641546459,0.8486738788064918,True,0,mapped,True,0.0
T097,L,853,T003,229,-6.030707084509638,5.587368412849946,0.9676394802728931,True,0,mapped,True,0.0
T097,L,854,T003,230,-5.814546071632648,5.42700849865139,1.1056708056727214,True,0,mapped,True,0.0
T097,L,855,T003,231,-5.62370532650124,5.270824797786666,1.2862243371990776,True,0,mapped,True,0.0
T097,L,856,T003,232,-5.438024715160895,5.116589997312333,1.538618950500762,True,0,mapped,True,0.0
T097,L,857,T003,233,-5.205560025465055,5.051542080825229,1.6885722257932676,True,0,mapped,True,0.0
T097,L,857,T006,247,-5.205560025465054,5.051542080825228,1.6885722257932674,True,0,mapped,False,1.2755491433176288e-15
T097,L,858,T003,234,-6.992089006853318,7.052445888519287,0.525351025985861,True,0,mapped,True,0.0
T097,L,858,T004,234,-6.992089006853318,7.052445888519287,0.525351025985861,True,0,mapped,False,0.0
T097,L,859,T003,235,-6.802480476633504,6.88278093979629,0.4663466389487956,True,0,mapped,True,0.0
T097,L,860,T003,236,-6.586964143920477,6.663913907049239,0.4405324670825027,True,0,mapped,True,0.0
T097,L,861,T003,237,-6.416556701734851,6.365110086428595,0.5142952802902252,True,0,mapped,True,0.0
T097,L,862,T003,238,-6.25612462282029,6.196005061927068,0.5561220562151679,True,0,mapped,True,0.0
T097,L,863,T003,239,-6.075657506529525,6.039808021571013,0.6032517892531214,True,0,mapped,True,0.0
T097,L,864,T003,240,-5.958222261203572,5.800075748584334,0.7432661877865907,True,0,mapped,True,0.0
T097,L,865,T003,241,-5.771571329349379,5.630736594286095,0.8424909823760209,True,0,mapped,True,0.0
T097,L,866,T003,242,-5.52491446179548,5.461342185745927,0.9747726105103696,True,0,mapped,True,0.0
T097,L,867,T003,243,-5.342008279926522,5.31610014132845,1.1311546185493917,True,0,mapped,True,0.0
T097,L,868,T003,244,-5.060243566690377,5.2158526751051655,1.255458707220053,True,0,mapped,True,0.0
T097,L,869,T003,245,-4.953348648438285,5.122884973713107,1.4667171414521267,True,0,mapped,True,0.0
T097,L,870,T003,246,-4.694786009993839,5.052445888519287,1.6321184253804617,True,0,mapped,True,0.0
T097,L,870,T006,234,-4.694786009993839,5.052445888519287,1.6321184253804617,True,0,mapped,False,0.0
T097,L,871,T003,247,-6.332395347457656,6.85244607925415,0.3466041171401178,True,0,mapped,True,0.0
T097,L,871,T004,247,-6.332395347457656,6.85244607925415,0.3466041171401178,True,0,mapped,False,0.0
T097,L,872,T003,248,-6.158870802500314,6.629466048840295,0.3468164760865013,True,0,mapped,True,0.0
T097,L,873,T003,249,-5.981575319450768,6.332436994766254,0.3901105727262186,True,0,mapped,True,0.0
T097,L,874,T003,250,-5.808183005208479,6.179846440377251,0.4269966241421954,True,0,mapped,True,0.0
T097,L,875,T003,251,-5.570843788460553,5.9395613595133,0.5002350417243723,True,0,mapped,True,0.0
T097,L,876,T003,252,-5.4459402879514265,5.757543214811777,0.6161261432146505,True,0,mapped,True,0.0
T097,L,877,T003,253,-5.270060665006426,5.594212637415637,0.7115106765506123,True,0,mapped,True,0.0
T097,L,878,T003,254,-4.977696632879913,5.447658260746271,0.7823721609500869,True,0,mapped,True,0.0
T097,L,879,T003,255,-4.852981951747946,5.305719126634188,0.9739886274642038,True,0,mapped,True,0.0
T097,L,880,T003,256,-4.585613351431053,5.225196076063688,1.1073400826361548,True,0,mapped,True,0.0
T097,L,881,T003,257,-4.435540802707736,5.151661168204564,1.284732112337419,True,0,mapped,True,0.0
T097,L,882,T003,258,-4.1955613075156615,5.0766023689243935,1.5311102867126458,True,0,mapped,True,0.0
T097,L,882,T006,220,-4.195561307515659,5.0766023689243935,1.5311102867126465,True,0,mapped,False,2.7465400791133423e-15
T097,L,883,T003,259,-5.694702603037468,6.494190450860897,0.2070418102601686,True,0,mapped,True,0.0
T097,L,883,T004,259,-5.694702603037468,6.494190450860897,0.2070418102601686,True,0,mapped,False,0.0
T097,L,884,T003,260,-5.514478682866155,6.2814116571186895,0.2501185643437101,True,0,mapped,True,0.0
T097,L,885,T003,261,-5.2836305808073485,6.085412371160745,0.2705348142815784,True,0,mapped,True,0.0
T097,L,886,T003,262,-5.109448878676753,5.951655428967213,0.2957346077092351,True,0,mapped,True,0.0
T097,L,887,T003,263,-4.944235799403727,5.766569812071271,0.3888863402608478,True,0,mapped,True,0.0
T097,L,888,T003,264,-4.716999424468544,5.58394974935795,0.4993477622102071,True,0,mapped,True,0.0
T097,L,889,T003,265,-4.48312596360014,5.434184165441398,0.6799918606132236,True,0,mapped,True,0.0
T097,L,890,T003,266,-4.292420125440058,5.301680013826436,0.912538097314116,True,0,mapped,True,0.0
T097,L,891,T003,267,-4.106307273212302,5.250246793230664,1.0464649893814155,True,0,mapped,True,0.0
T097,L,892,T003,268,-3.946798575394441,5.197381469373664,1.2276930668148107,True,0,mapped,True,0.0
T097,L,893,T003,269,-3.685858989356383,5.150224926638796,1.531110286712646,True,0,mapped,True,0.0
T097,L,893,T006,205,-3.685858989356382,5.150224926638796,1.5311102867126465,True,0,mapped,False,1.4043333874306805e-15
T097,L,894,T003,270,-4.992638424189239,6.452445983886719,-0.0681149489230311,True,0,mapped,True,0.0
T097,L,894,T004,270,-4.99263842418924,6.452445983886719,-0.0681149489230311,True,0,mapped,False,8.881784197001252e-16
T097,L,895,T003,271,-4.782268600606731,6.164882960109901,0.000637018665646,True,0,mapped,True,0.0
T097,L,896,T003,272,-4.5455225388149945,5.9626580971247485,0.0641341415230824,True,0,mapped,True,0.0
T097,L,897,T003,273,-4.322592121032115,5.710596189689767,0.2763289026167599,True,0,mapped,True,0.0
T097,L,898,T003,274,-4.151887314635181,5.556861082933617,0.4742706148819236,True,0,mapped,True,0.0
T097,L,899,T003,275,-3.9536052863268742,5.477080296468792,0.61402862775803,True,0,mapped,True,0.0
T097,L,900,T003,276,-3.749457417963926,5.426625229058894,0.755345723829874,True,0,mapped,True,0.0
T097,L,901,T003,277,-3.5574159890446504,5.362860040224401,1.017402535140271,True,0,mapped,True,0.0
T097,L,902,T003,278,-3.352979895171222,5.330464171326655,1.2533382186337994,True,0,mapped,True,0.0
T097,L,903,T003,279,-3.1935264390297298,5.299168630198839,1.5311102867126465,True,0,mapped,True,0.0
T097,L,903,T006,189,-3.1935264390297298,5.29916863019884,1.5311102867126465,True,0,mapped,False,8.881784197001252e-16
T097,L,904,T003,280,-4.282368731998782,6.366485115865702,-0.2688897848129272,True,0,mapped,True,0.0
T097,L,904,T004,280,-4.282368731998782,6.366485115865702,-0.2688897848129272,True,0,mapped,False,0.0
T097,L,905,T003,281,-4.1072536833767606,6.218902377316001,-0.1891387748236127,True,0,mapped,True,0.0
T097,L,906,T003,282,-3.82406126977686,5.9656430739681765,0.0135552009155242,True,0,mapped,True,0.0
T097,L,907,T003,283,-3.738042262533913,5.746944895681107,0.2560183857817057,True,0,mapped,True,0.0
T097,L,908,T003,284,-3.4371505469925374,5.687347144742683,0.463682065150524,True,0,mapped,True,0.0
T097,L,909,T003,285,-3.2664297933236206,5.566596176562447,0.7618366709128663,True,0,mapped,True,0.0
T097,L,910,T003,286,-3.1121093235927426,5.515987120660723,1.0306494061476084,True,0,mapped,True,0.0
T097,L,911,T003,287,-2.9240017002113667,5.510038821097977,1.2597639066103143,True,0,mapped,True,0.0
T097,L,912,T003,288,-2.7283930804105325,5.521100305807482,1.531110286712646,True,0,mapped,True,0.0
T097,L,912,T006,172,-2.728393080410532,5.521100305807483,1.5311102867126465,True,0,mapped,False,1.0877919644084146e-15
T097,L,913,T003,289,-3.529010644443606,6.289511505356792,-0.2401033639985507,True,0,mapped,True,0.0
T097,L,913,T004,289,-3.529010644443606,6.289511505356792,-0.2401033639985507,True,0,mapped,False,0.0
T097,L,914,T003,290,-3.291637787154151,6.147350108689934,-0.0456057879865291,True,0,mapped,True,0.0
T097,L,915,T003,291,-3.1729115891160045,5.963986601785042,0.2244598284374345,True,0,mapped,True,0.0
T097,L,916,T003,292,-2.953334667554708,5.8594297170173935,0.5047785728904024,True,0,mapped,True,0.0
T097,L,917,T003,293,-2.7829528745003493,5.818438541779342,0.68055731961871,True,0,mapped,True,0.0
T097,L,918,T003,294,-2.556978736401483,5.780509709319057,0.9360159725735928,True,0,mapped,True,0.0
T097,L,919,T003,295,-2.388001808349694,5.76121512963409,1.2368189356098922,True,0,mapped,True,0.0
T097,L,920,T003,296,-2.262209156037966,5.740653108695774,1.5311102867126458,True,0,mapped,True,0.0
T097,L,920,T006,154,-2.262209156037964,5.740653108695774,1.5311102867126465,True,0,mapped,False,2.318213734067276e-15
T097,L,921,T003,297,-2.81536650686071,6.252446174621582,0.0279817346774833,True,0,mapped,True,0.0
T097,L,921,T004,297,-2.81536650686071,6.252446174621582,0.0279817346774833,True,0,mapped,False,0.0
T097,L,922,T003,298,-2.657393047849811,6.097551181215457,0.3252405613655412,True,0,mapped,True,0.0
T097,L,923,T003,299,-2.465977002820208,6.044873483889346,0.5189587918404265,True,0,mapped,True,0.0
T097,L,924,T003,300,-2.261584503614425,5.9997184686827865,0.7798418962415565,True,0,mapped,True,0.0
T097,L,925,T003,301,-2.0568466083120494,5.991118454548464,1.0164496777013317,True,0,mapped,True,0.0
T097,L,926,T003,302,-1.903143213158669,5.963854837470891,1.2815177424300317,True,0,mapped,True,0.0
T097,L,927,T003,303,-1.7944532812473466,5.945613303217245,1.5311102867126465,True,0,mapped,True,0.0
T097,L,927,T006,135,-1.7944532812473466,5.945613303217245,1.5311102867126465,True,0,mapped,False,0.0
T097,L,928,T003,304,-2.152451601252774,6.249897273910095,0.4113885472619212,True,0,mapped,True,0.0
T097,L,928,T004,304,-2.152451601252774,6.249897273910095,0.4113885472619213,True,0,mapped,False,1.1102230246251565e-16
T097,L,929,T003,305,-2.0018540645949594,6.161225464911516,0.6814047755088547,True,0,mapped,True,0.0
T097,L,930,T003,306,-1.823827196139571,6.1181483607068,0.9356706931739448,True,0,mapped,True,0.0
T097,L,931,T003,307,-1.622650056307669,6.125029656958866,1.1286857565484554,True,0,mapped,True,0.0
T097,L,932,T003,308,-1.4416293578076278,6.1216372060615765,1.3267759725439194,True,0,mapped,True,0.0
T097,L,933,T003,309,-1.304743308036478,6.098086042967782,1.5311102867126465,True,0,mapped,True,0.0
T097,L,933,T006,115,-1.304743308036477,6.098086042967783,1.5311102867126465,True,0,mapped,False,1.4217791915866692e-15
T097,L,934,T003,310,-1.5017220607723123,6.252446174621582,0.8140719905859857,True,0,mapped,True,0.0
T097,L,934,T004,310,-1.5017220607723123,6.252446174621582,0.8140719905859857,True,0,mapped,False,0.0
T097,L,935,T003,311,-1.3398119167035354,6.209334515429385,1.0445385134167031,True,0,mapped,True,0.0
T097,L,936,T003,312,-1.178182379297156,6.175897984376928,1.2509926265208853,True,0,mapped,True,0.0
T097,L,937,T003,313,-0.9835729253127912,6.145152677434194,1.437170253303803,True,0,mapped,True,0.0
T097,L,938,T003,314,-0.7908729402401492,6.112699644332713,1.5311102867126465,True,0,mapped,True,0.0
T097,L,938,T006,94,-0.7908729402401488,6.112699644332713,1.5311102867126465,True,0,mapped,False,4.440892098500626e-16
T097,L,939,T003,315,-0.9084104814965814,6.199521089805937,1.2192027911979406,True,0,mapped,True,0.0
T097,L,939,T004,315,-0.9084104814965814,6.199521089805937,1.2192027911979406,True,0,mapped,False,0.0
T097,L,940,T003,316,-0.7245356222370307,6.147630814833546,1.3809727274882435,True,0,mapped,True,0.0
T097,L,941,T003,317,-0.5049042359582414,6.08692423071744,1.4577892919720652,True,0,mapped,True,0.0
T097,L,942,T003,318,-0.2943625646425847,5.985889324717121,1.5311102867126465,True,0,mapped,True,0.0
T097,L,942,T006,72,-0.294362564642585,5.985889324717121,1.5311102867126465,True,0,mapped,False,2.7755575615628914e-16
T097,L,943,T003,319,-0.5023953797244607,5.934378661561787,1.3721131630042307,True,2,smooth_near_vertex,False,0.2682348857209848
T097,L,943,T004,319,-0.2784999935364444,5.987718566663968,1.5098653480509991,True,0,mapped,True,0.0
T097,L,944,T003,320,-0.3405292874518666,5.849675586122885,1.4352871973056966,True,2,smooth_near_vertex,True,0.0
T097,L,945,T003,321,-0.2830060894263591,5.86218435913944,1.4744089682670012,True,2,smooth_near_vertex,False,0.450594018393366
T097,L,945,T006,49,0.1368271619614956,5.709593756294354,1.5334946548954629,True,0,mapped,True,0.0
T097,L,946,T003,322,-0.0361061277123642,5.540687155484784,1.4529899360250425,True,2,smooth_near_vertex,False,0.36462762855068864
T097,L,946,T004,322,0.3192213621914057,5.520667457919432,1.5323303048833803,True,0,mapped,True,0.0
T097,L,947,T003,323,0.0077717303472561,5.526248295000315,1.4734490970775966,True,2,smooth_near_vertex,False,0.504298277167802
T097,L,947,T006,25,0.4615754259684964,5.313988677067961,1.5311102867126465,True,0,mapped,True,0.0
T097,L,948,T003,324,0.6907284259796143,4.85244607925415,1.5311102867126465,True,-1,landmark_vertex,True,0.0
T097,L,948,T004,324,0.6907284259796143,4.85244607925415,1.5311102867126465,True,-1,landmark_vertex,False,0.0
T097,L,948,T006,0,0.6907284259796143,4.85244607925415,1.5311102867126465,True,0,mapped,False,0.0
T097,L,948,T007,0,0.6907284259796143,4.85244607925415,1.5311102867126465,True,0,mapped,False,0.0
T097,L,949,T004,26,-11.358156105894336,9.977137053794026,-0.8328791993809243,True,2,smooth_near_vertex,True,0.0
T097,L,950,T004,27,-11.338501754800438,9.868400290524772,-0.2687155071554012,True,3,smooth_internal,True,0.0
T097,L,951,T004,28,-11.304555055142783,9.808095758203764,0.2055999179897827,True,0,mapped,True,0.0
T097,L,952,T004,29,-10.9420737647873,9.553899422056698,0.8334421780891629,True,0,mapped,True,0.0
T097,L,953,T004,30,-10.225973043570296,9.35265448409011,1.21906637011291,True,0,mapped,True,0.0
T097,L,954,T004,31,-9.401006195959395,9.30160721174679,1.4285710166476708,True,0,mapped,True,0.0
T097,L,955,T004,32,-8.667779658499105,9.201419114573838,1.4679502780280316,True,0,mapped,True,0.0
T097,L,956,T004,33,-7.800941071327466,9.045360926904086,1.4552315761661625,True,0,mapped,True,0.0
T097,L,957,T004,34,-7.014923175489119,8.843327558993568,1.179222629465825,True,0,mapped,True,0.0
T097,L,958,T004,35,-6.182781696083667,8.813817874408855,0.914955460907964,True,0,mapped,True,0.0
T097,L,959,T004,36,-5.501241332402779,8.884900852930349,0.6139033307594199,True,0,mapped,True,0.0
T097,L,960,T004,37,-4.900931583670081,8.895496484046717,0.1537586518298966,True,0,mapped,True,0.0
T097,L,961,T004,38,-4.247857674526448,8.902679471295551,-0.4123328445382589,True,0,mapped,True,0.0
T097,L,962,T004,39,-3.608348761725479,9.090524447736405,-0.8952339326655835,True,0,mapped,True,0.0
T097,L,963,T004,40,-3.026136048435619,9.289291237110238,-1.4732959757770985,True,0,mapped,True,0.0
T097,L,964,T004,41,-2.4634892677195293,9.540989766468368,-1.9997997023444951,True,0,mapped,True,0.0
T097,L,965,T004,42,-1.940049799921518,9.816865864695906,-2.475498486265327,True,0,mapped,True,0.0
T097,L,966,T004,43,-1.3929148907043736,10.057355971879163,-3.0115079855913853,True,0,mapped,True,0.0
T097,L,967,T004,44,-1.0918869401866722,10.443178101327362,-3.4435458405881487,True,0,mapped,True,0.0
T097,L,968,T004,45,-0.7808371385182143,11.001572934712184,-3.966706621258184,True,0,mapped,True,0.0
T097,L,969,T004,46,-0.4167685539442733,11.385832937502329,-4.457512642485071,True,0,mapped,True,0.0
T097,L,970,T004,47,0.0684738267095682,11.791472585089874,-4.946700384853157,True,0,mapped,True,0.0
T097,L,971,T004,48,0.5913938200152834,12.135694743652367,-5.400879770929907,True,0,mapped,True,0.0
T097,L,972,T004,50,-11.359640564027048,9.843235620478367,-0.3190878232641435,True,3,smooth_internal,True,0.0
T097,L,973,T004,51,-11.34889827625848,9.747512334593855,0.1245411833740275,True,0,mapped,True,0.0
T097,L,974,T004,52,-11.022395150586432,9.504420896427064,0.7603517256270181,True,0,mapped,True,0.0
T097,L,975,T004,53,-10.36141227253314,9.270249386865776,1.1791090576493968,True,0,mapped,True,0.0
T097,L,976,T004,54,-9.54528216270875,9.14897749191472,1.3384355968212254,True,0,mapped,True,0.0
T097,L,977,T004,55,-8.733997898359604,8.988843837554265,1.3837085281619586,True,0,mapped,True,0.0
T097,L,978,T004,56,-7.908685558682664,8.831671729259913,1.3381847199071772,True,0,mapped,True,0.0
T097,L,979,T004,57,-7.1656524166718825,8.797114618074753,1.1770331293550256,True,0,mapped,True,0.0
T097,L,980,T004,58,-6.37038486266218,8.708099640086033,0.9022645375676416,True,0,mapped,True,0.0
T097,L,981,T004,59,-5.642391281397934,8.720125657232895,0.5670162831480756,True,0,mapped,True,0.0
T097,L,982,T004,60,-5.082375253940501,8.676601875068005,0.1331642391201007,True,0,mapped,True,0.0
T097,L,983,T004,61,-4.401512189159472,8.86743439177545,-0.2941113536683157,True,0,mapped,True,0.0
T097,L,984,T004,62,-3.7240526745035294,8.847820438788606,-0.8920343630402028,True,0,mapped,True,0.0
T097,L,985,T004,63,-3.1745925987883776,8.992217918600613,-1.3467198343905231,True,0,mapped,True,0.0
T097,L,986,T004,64,-2.570168914628898,9.315986957923831,-1.8664376326643308,True,0,mapped,True,0.0
T097,L,987,T004,65,-2.0499190359736,9.48031065040368,-2.299722733229838,True,0,mapped,True,0.0
T097,L,988,T004,66,-1.6005492600672544,9.78136793619704,-2.722710535502083,True,0,mapped,True,0.0
T097,L,989,T004,67,-1.0208519319482188,10.088261528409758,-3.250892309634922,True,0,mapped,True,0.0
T097,L,990,T004,68,-0.711944917343262,10.53000213117712,-3.723256616894328,True,0,mapped,True,0.0
T097,L,991,T004,69,-0.3867877771120058,10.919642560924167,-4.171621955011981,True,0,mapped,True,0.0
T097,L,992,T004,70,0.0286371099386326,11.388567260310175,-4.668165209440063,True,0,mapped,True,0.0
T097,L,993,T004,71,0.6034969687461847,11.77353288699723,-5.141978132144881,True,0,mapped,True,0.0
T097,L,994,T004,73,-11.372700862372405,9.726291730302496,0.0481734893498722,True,0,mapped,True,0.0
T097,L,995,T004,74,-11.092853256259763,9.429734864976028,0.6893474653851227,True,0,mapped,True,0.0
T097,L,996,T004,75,-10.455237981419176,9.214105116039589,1.1396941007104653,True,0,mapped,True,0.0
T097,L,997,T004,76,-9.709407915175644,8.99013941351938,1.2434122609748626,True,0,mapped,True,0.0
T097,L,998,T004,77,-8.893455907749043,8.811569981059622,1.3224748682287712,True,0,mapped,True,0.0
T097,L,999,T004,78,-8.063056737153143,8.709173490543769,1.2737932951207973,True,0,mapped,True,0.0
T097,L,1000,T004,79,-7.29841618430983,8.647845848731487,1.1237346708744564,True,0,mapped,True,0.0
T097,L,1001,T004,80,-6.526088831367481,8.579682376971963,0.8812740103705916,True,0,mapped,True,0.0
T097,L,1002,T004,81,-5.781559266915616,8.545560036892935,0.5062047596980344,True,0,mapped,True,0.0
T097,L,1003,T004,82,-5.20594862290009,8.54479781150821,0.1315409397682778,True,0,mapped,True,0.0
T097,L,1004,T004,83,-4.418748240751534,8.723438264728697,-0.3514442276116534,True,0,mapped,True,0.0
T097,L,1005,T004,84,-3.873486477737071,8.73415241658292,-0.7984283645959046,True,0,mapped,True,0.0
T097,L,1006,T004,85,-3.266877013514074,8.82442776752883,-1.2796493516654497,True,0,mapped,True,0.0
T097,L,1007,T004,86,-2.654954570343585,9.025258113848572,-1.756383255137091,True,0,mapped,True,0.0
T097,L,1008,T004,87,-2.2060966243249998,9.21537371371102,-2.106338988941541,True,0,mapped,True,0.0
T097,L,1009,T004,88,-1.6204797567936198,9.460605219285744,-2.5537971276235694,True,0,mapped,True,0.0
T097,L,1010,T004,89,-1.1307560037650424,9.79274784396799,-2.99640640692432,True,0,mapped,True,0.0
T097,L,1011,T004,90,-0.6893346441463722,10.098412609092287,-3.407499574907523,True,0,mapped,True,0.0
T097,L,1012,T004,91,-0.2835332520189246,10.561700437252842,-3.929838141871617,True,0,mapped,True,0.0
T097,L,1013,T004,92,0.0837267448091942,11.057215955480109,-4.44440512953596,True,0,mapped,True,0.0
T097,L,1014,T004,93,0.60248692698046,11.417137459049822,-4.876619534696843,True,0,mapped,True,0.0
T097,L,1015,T004,95,-11.195552524518202,9.351628770701655,0.588300156267576,True,0,mapped,True,0.0
T097,L,1016,T004,96,-10.53542694818166,9.190314773044571,1.103863067137616,True,0,mapped,True,0.0
T097,L,1017,T004,97,-9.833608387057094,8.913656553199996,1.1969985562546677,True,0,mapped,True,0.0
T097,L,1018,T004,98,-9.056415670007556,8.636779826924531,1.2573860587797188,True,0,mapped,True,0.0
T097,L,1019,T004,99,-8.210694685159162,8.49536457722867,1.19240298430594,True,0,mapped,True,0.0
T097,L,1020,T004,100,-7.383310571941928,8.501497630917047,1.0721273694194045,True,0,mapped,True,0.0
T097,L,1021,T004,101,-6.651988218891693,8.377883325858006,0.821583382311037,True,0,mapped,True,0.0
T097,L,1022,T004,102,-5.942221241668689,8.386748950447737,0.4822982164961976,True,0,mapped,True,0.0
T097,L,1023,T004,103,-5.354914173645917,8.381611452005934,0.1429158058615214,True,0,mapped,True,0.0
T097,L,1024,T004,104,-4.557774818445348,8.581277392862052,-0.3110021474073817,True,0,mapped,True,0.0
T097,L,1025,T004,105,-4.042697677841489,8.635452953074957,-0.688314930423674,True,0,mapped,True,0.0
T097,L,1026,T004,106,-3.360787669750549,8.50961882450939,-1.2178833540747829,True,0,mapped,True,0.0
T097,L,1027,T004,107,-2.7803753935090425,8.758110486499149,-1.6205392854324332,True,0,mapped,True,0.0
T097,L,1028,T004,108,-2.265654490686733,8.91866181747869,-1.9501890324172677,True,0,mapped,True,0.0
T097,L,1029,T004,109,-1.6804661387799138,9.106936740277847,-2.327680594165158,True,0,mapped,True,0.0
T097,L,1030,T004,110,-1.1589888458736222,9.47905822556602,-2.7807586720778765,True,0,mapped,True,0.0
T097,L,1031,T004,111,-0.709055400333948,9.824236458240511,-3.178669806704732,True,0,mapped,True,0.0
T097,L,1032,T004,112,-0.2842791278592396,10.202752263025852,-3.6139636314455448,True,0,mapped,True,0.0
T097,L,1033,T004,113,0.0351050360049256,10.60945230184448,-4.069698310860373,True,0,mapped,True,0.0
T097,L,1034,T004,114,0.6034969687461843,11.081864154280398,-4.582095104399587,True,0,mapped,True,0.0
T097,L,1035,T004,116,-10.59248412358212,9.145428112128206,1.0667173455786545,True,0,mapped,True,0.0
T097,L,1036,T004,117,-9.9407975410355,8.781632189911715,1.133213663177404,True,0,mapped,True,0.0
T097,L,1037,T004,118,-9.166205364395315,8.536510347849832,1.2181462577533573,True,0,mapped,True,0.0
T097,L,1038,T004,119,-8.357948242936576,8.385643055261427,1.1402343104777226,True,0,mapped,True,0.0
T097,L,1039,T004,120,-7.555044082791191,8.345502534599877,1.026692464445477,True,0,mapped,True,0.0
T097,L,1040,T004,121,-6.808526839843632,8.203912603883262,0.7881469135360185,True,0,mapped,True,0.0
T097,L,1041,T004,122,-6.065817310433019,8.240521281041302,0.4640047230096833,True,0,mapped,True,0.0
T097,L,1042,T004,123,-5.449149884336891,8.26935228298826,0.1469489100891921,True,0,mapped,True,0.0
T097,L,1043,T004,124,-4.722237219582369,8.401089746798096,-0.278227366615719,True,0,mapped,True,0.0
T097,L,1044,T004,125,-4.129627169624398,8.363864881626107,-0.6881785143216089,True,0,mapped,True,0.0
T097,L,1045,T004,126,-3.490048472445712,8.343834801359296,-1.118887876955288,True,0,mapped,True,0.0
T097,L,1046,T004,127,-2.88773791839486,8.504161883738494,-1.5064318587826864,True,0,mapped,True,0.0
T097,L,1047,T004,128,-2.327246664454921,8.683886683125364,-1.8145227320557096,True,0,mapped,True,0.0
T097,L,1048,T004,129,-1.7509746698191972,8.891923120981819,-2.171206425988954,True,0,mapped,True,0.0
T097,L,1049,T004,130,-1.1878377611799875,9.242383113433698,-2.58361484216759,True,0,mapped,True,0.0
T097,L,1050,T004,131,-0.7760719074513867,9.570202039480115,-2.960332139921095,True,0,mapped,True,0.0
T097,L,1051,T004,132,-0.2847328808703255,9.837505872071125,-3.2776533577738416,True,0,mapped,True,0.0
T097,L,1052,T004,133,-0.0152953479547091,10.255621264035527,-3.738727971616463,True,0,mapped,True,0.0
T097,L,1053,T004,134,0.6034969687461841,10.75818118645414,-4.274984608445599,True,0,mapped,True,0.0
T097,L,1054,T004,136,-10.015452178258329,8.677557992301383,1.0911088483676386,True,0,mapped,True,0.0
T097,L,1055,T004,137,-9.274213467874883,8.427344321174656,1.171558031152904,True,0,mapped,True,0.0
T097,L,1056,T004,138,-8.516003552284246,8.254871016383001,1.0941529376443313,True,0,mapped,True,0.0
T097,L,1057,T004,139,-7.710092004647924,8.144427922607738,0.9686309276264642,True,0,mapped,True,0.0
T097,L,1058,T004,140,-6.94097951067662,8.085270417223127,0.7642394235040597,True,0,mapped,True,0.0
T097,L,1059,T004,141,-6.24239311493628,8.081219642160427,0.4778288422613361,True,0,mapped,True,0.0
T097,L,1060,T004,142,-5.572613747561987,8.08426188193734,0.1270686219335216,True,0,mapped,True,0.0
T097,L,1061,T004,143,-4.853647623600622,8.193327973069902,-0.2849117305190077,True,0,mapped,True,0.0
T097,L,1062,T004,144,-4.207827145519339,8.174571448159897,-0.6751386343664029,True,0,mapped,True,0.0
T097,L,1063,T004,145,-3.5814705700316214,8.101948085129822,-1.046285489754355,True,0,mapped,True,0.0
T097,L,1064,T004,146,-2.932877262612503,8.256408209286922,-1.3998125832193908,True,0,mapped,True,0.0
T097,L,1065,T004,147,-2.4044847116603503,8.436906352021197,-1.6654708153945363,True,0,mapped,True,0.0
T097,L,1066,T004,148,-1.80913719451139,8.67699438210612,-2.006879917438749,True,0,mapped,True,0.0
T097,L,1067,T004,149,-1.173186575707973,8.957450162631885,-2.3534426252258163,True,0,mapped,True,0.0
T097,L,1068,T004,150,-0.8104503842592764,9.168587408210689,-2.6091266943301035,True,0,mapped,True,0.0
T097,L,1069,T004,151,-0.2491822985615808,9.611743995979298,-3.0711239231346434,True,0,mapped,True,0.0
T097,L,1070,T004,152,0.170205072423809,9.961537107924274,-3.4691815179141816,True,0,mapped,True,0.0
T097,L,1071,T004,153,0.6034969687461853,10.442685200297984,-3.959188048147696,True,0,mapped,True,0.0
T097,L,1072,T004,155,-9.438472134801671,8.335193979009091,1.105109186416016,True,0,mapped,True,0.0
T097,L,1073,T004,156,-8.704326351605761,8.031029455469664,1.047555966189213,True,0,mapped,True,0.0
T097,L,1074,T004,157,-7.870858501665477,8.014513491902722,0.9575260268756938,True,0,mapped,True,0.0
T097,L,1075,T004,158,-7.0593333234807965,7.94604945595181,0.7388613734275411,True,0,mapped,True,0.0
T097,L,1076,T004,159,-6.364759234802534,7.892320622858715,0.4355504483701579,True,0,mapped,True,0.0
T097,L,1077,T004,160,-5.738915458912707,7.839984419956346,0.1169174315412934,True,0,mapped,True,0.0
T097,L,1078,T004,161,-4.990267004196093,7.99336111452344,-0.2697324882025156,True,0,mapped,True,0.0
T097,L,1079,T004,162,-4.291719819407274,7.952801509138787,-0.6687453176188467,True,0,mapped,True,0.0
T097,L,1080,T004,163,-3.6999142718103446,7.907423214074256,-0.9726516181845772,True,0,mapped,True,0.0
T097,L,1081,T004,164,-3.0463398428957,8.025279102704573,-1.2739102834851126,True,0,mapped,True,0.0
T097,L,1082,T004,165,-2.39340916060766,8.19053353124929,-1.5375303584433135,True,0,mapped,True,0.0
T097,L,1083,T004,166,-1.8261202490280444,8.463679214773258,-1.845649801934785,True,0,mapped,True,0.0
T097,L,1084,T004,167,-1.3382137586667469,8.600502506971178,-2.05005302258337,True,0,mapped,True,0.0
T097,L,1085,T004,168,-0.8282074455320405,8.978449905931114,-2.4360841025154314,True,0,mapped,True,0.0
T097,L,1086,T004,169,-0.3239104039389017,9.347435247176582,-2.8270558754987403,True,0,mapped,True,0.0
T097,L,1087,T004,170,0.203687577076167,9.73494752023962,-3.2196512764874248,True,0,mapped,True,0.0
T097,L,1088,T004,171,0.6034969687461835,10.141341507365532,-3.630434946989995,True,0,mapped,True,0.0
T097,L,1089,T004,173,-8.87595853331154,7.846392198924693,1.0032171999068082,True,0,mapped,True,0.0
T097,L,1090,T004,174,-8.030857274299782,7.8782073233016305,0.9168953616760448,True,0,mapped,True,0.0
T097,L,1091,T004,175,-7.17682515655618,7.761377518260713,0.6915958938264248,True,0,mapped,True,0.0
T097,L,1092,T004,176,-6.497370477147465,7.701612739849059,0.4165762694756706,True,0,mapped,True,0.0
T097,L,1093,T004,177,-5.810464594307393,7.723847956106483,0.1327543628017731,True,0,mapped,True,0.0
T097,L,1094,T004,178,-5.113634444008134,7.775458049992622,-0.2577399285613703,True,0,mapped,True,0.0
T097,L,1095,T004,179,-4.391968985716949,7.678413035494067,-0.6313073046269793,True,0,mapped,True,0.0
T097,L,1096,T004,180,-3.789170759493509,7.727856723786958,-0.9215628089299708,True,0,mapped,True,0.0
T097,L,1097,T004,181,-3.1249660214065096,7.811504104549786,-1.178505104901794,True,0,mapped,True,0.0
T097,L,1098,T004,182,-2.467607536258081,7.977573838189969,-1.3934270675119589,True,0,mapped,True,0.0
T097,L,1099,T004,183,-1.9620690838930903,8.176359680815448,-1.6153425425084065,True,0,mapped,True,0.0
T097,L,1100,T004,184,-1.414126173880991,8.38803114500301,-1.8514136462348467,True,0,mapped,True,0.0
T097,L,1101,T004,185,-0.7428693530027779,8.714884275395764,-2.185663944937969,True,0,mapped,True,0.0
T097,L,1102,T004,186,-0.333130714051328,9.109206354053642,-2.57787286108145,True,0,mapped,True,0.0
T097,L,1103,T004,187,0.243800789495185,9.518341798360524,-2.971197912547628,True,0,mapped,True,0.0
T097,L,1104,T004,188,0.6034969687461849,9.865444336152237,-3.2802295511708515,True,0,mapped,True,0.0
T097,L,1105,T004,190,-8.129844121579843,7.667834587847195,0.8461174027423564,True,0,mapped,True,0.0
T097,L,1106,T004,191,-7.319050006469223,7.59551033479811,0.6556165211720897,True,0,mapped,True,0.0
T097,L,1107,T004,192,-6.6771878327573,7.542785162940602,0.4520773441431849,True,0,mapped,True,0.0
T097,L,1108,T004,193,-5.892781905702568,7.5659693757757935,0.1425368930586492,True,0,mapped,True,0.0
T097,L,1109,T004,194,-5.200822120128811,7.514030969633263,-0.2664316201107277,True,0,mapped,True,0.0
T097,L,1110,T004,195,-4.512538434467747,7.491924232801174,-0.571059963808918,True,0,mapped,True,0.0
T097,L,1111,T004,196,-3.86283680419535,7.50211001790454,-0.8399320979027791,True,0,mapped,True,0.0
T097,L,1112,T004,197,-3.214150394193832,7.603822632968538,-1.0829795402542848,True,0,mapped,True,0.0
T097,L,1113,T004,198,-2.546937441982837,7.785820030736107,-1.2746648461794083,True,0,mapped,True,0.0
T097,L,1114,T004,199,-1.9606555705851465,7.984202019177026,-1.4625080830997377,True,0,mapped,True,0.0
T097,L,1115,T004,200,-1.4140688236354069,8.180224625903191,-1.6483162426578164,True,0,mapped,True,0.0
T097,L,1116,T004,201,-0.8264534761036434,8.486489263447442,-1.943364785077084,True,0,mapped,True,0.0
T097,L,1117,T004,202,-0.330078049987408,8.796196181367879,-2.212404145107659,True,0,mapped,True,0.0
T097,L,1118,T004,203,0.1309610539131024,9.149053865565374,-2.5239695448414965,True,0,mapped,True,0.0
T097,L,1119,T004,204,0.6034969687461853,9.579922720344598,-2.938265690539519,True,0,mapped,True,0.0
T097,L,1120,T004,206,-7.4683651097033295,7.436998151475981,0.651166700580958,True,0,mapped,True,0.0
T097,L,1121,T004,207,-6.811634760158057,7.368067656611899,0.4779131890506631,True,0,mapped,True,0.0
T097,L,1122,T004,208,-5.967529586726855,7.302671673911731,0.1678146527057831,True,0,mapped,True,0.0
T097,L,1123,T004,209,-5.340790221283343,7.388873990383549,-0.2049619640368142,True,0,mapped,True,0.0
T097,L,1124,T004,210,-4.612972101286874,7.336364979567982,-0.5173557802992881,True,0,mapped,True,0.0
T097,L,1125,T004,211,-3.939560738046451,7.317349206749034,-0.7704006887432261,True,0,mapped,True,0.0
T097,L,1126,T004,212,-3.292234321380074,7.438660249748245,-0.984921697101134,True,0,mapped,True,0.0
T097,L,1127,T004,213,-2.638565869166711,7.639627310179612,-1.1766826482889887,True,0,mapped,True,0.0
T097,L,1128,T004,214,-2.0286336978013737,7.769277189840563,-1.3012777683356582,True,0,mapped,True,0.0
T097,L,1129,T004,215,-1.448428197668881,7.9995956266414705,-1.47299668214428,True,0,mapped,True,0.0
T097,L,1130,T004,216,-0.8671631623862366,8.298317551932996,-1.726504638092015,True,0,mapped,True,0.0
T097,L,1131,T004,217,-0.3344022059193983,8.525813043250878,-1.8856018404836088,True,0,mapped,True,0.0
T097,L,1132,T004,218,0.0878773206710465,8.913297368420201,-2.2421420264036174,True,0,mapped,True,0.0
T097,L,1133,T004,219,0.603496968746184,9.300878654377534,-2.5904521964706184,True,0,mapped,True,0.0
T097,L,1134,T004,221,-6.89260555767061,7.240266808473698,0.4995037741766904,True,0,mapped,True,0.0
T097,L,1135,T004,222,-6.084364565587276,7.161896120029867,0.2186240243967043,True,0,mapped,True,0.0
T097,L,1136,T004,223,-5.470282822088916,7.232070588748629,-0.1340157865645072,True,0,mapped,True,0.0
T097,L,1137,T004,224,-4.6797845209674485,7.149343150632875,-0.445651881014912,True,0,mapped,True,0.0
T097,L,1138,T004,225,-3.999998226807509,7.150913277822975,-0.7083718481522394,True,0,mapped,True,0.0
T097,L,1139,T004,226,-3.319404544561229,7.238701031509521,-0.8736425199243993,True,0,mapped,True,0.0
T097,L,1140,T004,227,-2.6451766519737734,7.412175599315507,-1.0355026982385709,True,0,mapped,True,0.0
T097,L,1141,T004,228,-2.119315336618392,7.6247024157946175,-1.16852561558914,True,0,mapped,True,0.0
T097,L,1142,T004,229,-1.448639396722338,7.799350826042726,-1.280421634171537,True,0,mapped,True,0.0
T097,L,1143,T004,230,-0.9502253772055368,7.997580851594307,-1.3736070191005276,True,0,mapped,True,0.0
T097,L,1144,T004,231,-0.3594825329304205,8.3794806442984,-1.6992588972641491,True,0,mapped,True,0.0
T097,L,1145,T004,232,0.1055287090926259,8.685181110209706,-1.9199660233867517,True,0,mapped,True,0.0
T097,L,1146,T004,233,0.6034969687461846,9.06480529470025,-2.2290252266253887,True,0,mapped,True,0.0
T097,L,1147,T004,235,-6.237680678662417,7.062331844874684,0.2746898862039177,True,0,mapped,True,0.0
T097,L,1148,T004,236,-5.559046285200436,6.998131044441351,-0.0410050740561464,True,0,mapped,True,0.0
T097,L,1149,T004,237,-4.7358146350381904,7.025447845786003,-0.3892810988440152,True,0,mapped,True,0.0
T097,L,1150,T004,238,-4.051796914980304,6.990153439448148,-0.6324882633309445,True,0,mapped,True,0.0
T097,L,1151,T004,239,-3.319584643291078,7.064883544472528,-0.7931301459425673,True,0,mapped,True,0.0
T097,L,1152,T004,240,-2.651214042927891,7.203850548393134,-0.8774555439864757,True,0,mapped,True,0.0
T097,L,1153,T004,241,-2.1514337650778974,7.467735517611595,-1.04397550933048,True,0,mapped,True,0.0
T097,L,1154,T004,242,-1.5143467217960822,7.628195555668441,-1.121709396250385,True,0,mapped,True,0.0
T097,L,1155,T004,243,-0.9840606890265934,7.824170437342986,-1.186902761020941,True,0,mapped,True,0.0
T097,L,1156,T004,244,-0.3660031547942504,8.125720020423543,-1.3674814471635033,True,0,mapped,True,0.0
T097,L,1157,T004,245,0.1384896449057028,8.473740539593027,-1.5965290674583712,True,0,mapped,True,0.0
T097,L,1158,T004,246,0.585780207322231,8.817550879145568,-1.862341067921239,True,0,mapped,True,0.0
T097,L,1159,T004,248,-5.592799155811621,6.750374289223853,0.0553329005692862,True,0,mapped,True,0.0
T097,L,1160,T004,249,-4.828119201622239,6.819442653203623,-0.29041867524799,True,0,mapped,True,0.0
T097,L,1161,T004,250,-4.096100231264681,6.832816982098064,-0.5592185886252142,True,0,mapped,True,0.0
T097,L,1162,T004,251,-3.363661068024583,6.893217245989017,-0.6777167910732501,True,0,mapped,True,0.0
T097,L,1163,T004,252,-2.7418193044815515,7.066368653093804,-0.7881867318050295,True,0,mapped,True,0.0
T097,L,1164,T004,253,-2.215003385160078,7.245278512076499,-0.846212680706525,True,0,mapped,True,0.0
T097,L,1165,T004,254,-1.503888335883421,7.445339443243284,-0.9125632141157348,True,0,mapped,True,0.0
T097,L,1166,T004,255,-0.9589521414836468,7.65863251662637,-0.9995855997531052,True,0,mapped,True,0.0
T097,L,1167,T004,256,-0.4129409877113155,7.903359021331386,-1.0612632675738598,True,0,mapped,True,0.0
T097,L,1168,T004,257,0.1361907229699841,8.229955371669313,-1.2547632460682658,True,0,mapped,True,0.0
T097,L,1169,T004,258,0.6034969687461844,8.57480879121205,-1.4984029621137718,True,0,mapped,True,0.0
T097,L,1170,T004,260,-4.916383142788376,6.6495974479534015,-0.1951325875493996,True,0,mapped,True,0.0
T097,L,1171,T004,261,-4.157535145801735,6.632457824227254,-0.4564754883830679,True,0,mapped,True,0.0
T097,L,1172,T004,262,-3.4622195291397224,6.665889964469452,-0.5410562756305274,True,0,mapped,True,0.0
T097,L,1173,T004,263,-2.7200434483873828,6.903066684296002,-0.6437775369449572,True,0,mapped,True,0.0
T097,L,1174,T004,264,-2.147440168080598,7.009717491351624,-0.6065319586053393,True,0,mapped,True,0.0
T097,L,1175,T004,265,-1.470900597860782,7.240726177889635,-0.6805396554413783,True,0,mapped,True,0.0
T097,L,1176,T004,266,-1.0002215654747184,7.446034493683612,-0.7552595840085299,True,0,mapped,True,0.0
T097,L,1177,T004,267,-0.4789159034450144,7.708450446359686,-0.844985535085838,True,0,mapped,True,0.0
T097,L,1178,T004,268,0.1000732263480903,8.01430554086333,-0.965810140786919,True,0,mapped,True,0.0
T097,L,1179,T004,269,0.5987532715345324,8.301465940029672,-1.1462239986784055,True,0,mapped,True,0.0
T097,L,1180,T004,271,-4.200176415723149,6.502662481882576,-0.3847523797451221,True,0,mapped,True,0.0
T097,L,1181,T004,272,-3.4405480907466,6.570113569748175,-0.4628181955530971,True,0,mapped,True,0.0
T097,L,1182,T004,273,-2.734694244666952,6.717357282412634,-0.4822518478094806,True,0,mapped,True,0.0
T097,L,1183,T004,274,-2.19881556857257,6.784567196669665,-0.3718352507360348,True,0,mapped,True,0.0
T097,L,1184,T004,275,-1.5259120602450766,7.020202358314032,-0.440038014241938,True,0,mapped,True,0.0
T097,L,1185,T004,276,-0.9665856472572136,7.246456561982812,-0.498923448492425,True,0,mapped,True,0.0
T097,L,1186,T004,277,-0.4536232850077868,7.498830006447724,-0.5714275524888693,True,0,mapped,True,0.0
T097,L,1187,T004,278,0.1268519839753921,7.769410483122902,-0.6720502943015406,True,0,mapped,True,0.0
T097,L,1188,T004,279,0.6034969687461853,8.03092429905028,-0.7925418851431247,True,0,mapped,True,0.0
T097,L,1189,T004,281,-3.485733391953901,6.440101687379817,-0.3669763423911687,True,0,mapped,True,0.0
T097,L,1190,T004,282,-2.7995327128769816,6.491965417093706,-0.258686156491985,True,0,mapped,True,0.0
T097,L,1191,T004,283,-2.2134092500491223,6.6487379460157054,-0.2118154112904645,True,0,mapped,True,0.0
T097,L,1192,T004,284,-1.6100715142903412,6.816675661223024,-0.1916977188720247,True,0,mapped,True,0.0
T097,L,1193,T004,285,-1.012908884860932,7.047608048622943,-0.2539414624867398,True,0,mapped,True,0.0
T097,L,1194,T004,286,-0.4852605704390413,7.230725415434609,-0.2486104584014553,True,0,mapped,True,0.0
T097,L,1195,T004,287,0.1852886724833702,7.5599467679474674,-0.4140047220314106,True,0,mapped,True,0.0
T097,L,1196,T004,288,0.6034969687461853,7.718826334474201,-0.4735991496394156,True,0,mapped,True,0.0
T097,L,1197,T004,290,-2.796895887990776,6.367062495892656,-0.1060489534477593,True,0,mapped,True,0.0
T097,L,1198,T004,291,-2.162218780579241,6.511569566083089,-0.0166521994980988,True,0,mapped,True,0.0
T097,L,1199,T004,292,-1.5623685610522784,6.6806199890244375,0.0046471704587527,True,0,mapped,True,0.0
T097,L,1200,T004,293,-1.004423079899416,6.868951950980339,0.0038139805585039,True,0,mapped,True,0.0
T097,L,1201,T004,294,-0.5424476211129017,7.006897140281811,0.0177756834568753,True,0,mapped,True,0.0
T097,L,1202,T004,295,0.10036655181889,7.175125672257533,-0.0313295556661337,True,0,mapped,True,0.0
T097,L,1203,T004,296,0.6034969687461839,7.406907211503238,-0.1549843707930077,True,0,mapped,True,0.0
T097,L,1204,T004,298,-2.1285159798330846,6.41874766452072,0.1305729978221929,True,0,mapped,True,0.0
T097,L,1205,T004,299,-1.557702935016526,6.564382251822817,0.1753974515853757,True,0,mapped,True,0.0
T097,L,1206,T004,300,-0.9622545715152208,6.706153494381806,0.2292603595450175,True,0,mapped,True,0.0
T097,L,1207,T004,301,-0.492348617694158,6.826690989059333,0.2457000412629779,True,0,mapped,True,0.0
T097,L,1208,T004,302,0.0839604672915639,6.947942112131369,0.1872469065190595,True,0,mapped,True,0.0
T097,L,1209,T004,303,0.6034969687461853,7.053994457979263,0.1175408010233439,True,0,mapped,True,0.0
T097,L,1210,T004,305,-1.5722403489584906,6.395979240714045,0.4747725882582546,True,0,mapped,True,0.0
T097,L,1211,T004,306,-0.9910752008939012,6.494389947648323,0.5790913290554063,True,0,mapped,True,0.0
T097,L,1212,T004,307,-0.4116067780906846,6.619602139579584,0.5456706683408667,True,0,mapped,True,0.0
T097,L,1213,T004,308,0.097911081966921,6.664995883849541,0.4791715387578852,True,0,mapped,True,0.0
T097,L,1214,T004,309,0.6034969687461851,6.703041651905831,0.3892959359066151,True,0,mapped,True,0.0
T097,L,1215,T004,311,-0.95107736390505,6.361316710997257,0.8273483899971616,True,0,mapped,True,0.0
T097,L,1216,T004,312,-0.4220486571498013,6.437883517295569,0.7935142726844068,True,0,mapped,True,0.0
T097,L,1217,T004,313,0.0889171404201972,6.440322056808078,0.7228118179929208,True,0,mapped,True,0.0
T097,L,1218,T004,314,0.6162960468661285,6.356954270463252,0.6680060053453036,True,0,mapped,True,0.0
T097,L,1219,T004,316,-0.2945842337233602,6.208227793739162,1.1035411170240466,True,0,mapped,True,0.0
T097,L,1220,T004,317,0.1138382744534548,6.132269613462416,1.04410943790371,True,0,mapped,True,0.0
T097,L,1221,T004,318,0.603496968746185,5.982526959759804,0.9062924623272236,True,0,mapped,True,0.0
T097,L,1222,T004,320,0.1758055657953487,5.839717549969793,1.339837924293005,True,0,mapped,True,0.0
T097,L,1223,T004,321,0.6034969687461851,5.599191392585956,1.132439135534388,True,0,mapped,True,0.0
T097,L,1224,T004,323,0.6034969687461851,5.236476781936881,1.39261587498541,True,0,mapped,True,0.0
T097,L,1225,T005,1,-11.736483846426998,10.160515475734504,-3.0409792659927213,True,0,mapped,True,0.0
T097,L,1226,T005,2,-12.06031717701058,9.847112478388448,-3.0790430703161964,True,0,mapped,True,0.0
T097,L,1227,T005,3,-12.31334521296447,9.673289423515849,-3.424983869096626,True,0,mapped,True,0.0
T097,L,1228,T005,4,-12.567696969581156,9.452628072757571,-3.668815242718907,True,0,mapped,True,0.0
T097,L,1229,T005,5,-12.838404844292128,9.07788718042783,-3.668889760971069,True,0,mapped,True,0.0
T097,L,1230,T005,6,-13.085462343516353,8.833165539382165,-3.910138899872563,True,0,mapped,True,0.0
T097,L,1231,T005,7,-13.33307142898557,8.547993122852155,-4.100122318598549,True,0,mapped,True,0.0
T097,L,1232,T005,8,-13.56862177654618,8.198367296270105,-4.268889904022217,True,0,mapped,True,0.0
T097,L,1233,T005,9,-13.824996866020856,7.937348581304375,-4.4688897132873535,True,0,mapped,True,0.0
T097,L,1234,T005,10,-14.057027674811524,7.5662691475976835,-4.598125495621204,True,0,mapped,True,0.0
T097,L,1235,T005,11,-14.285068378038076,7.184148299880112,-4.668889999389648,True,0,mapped,True,0.0
T097,L,1236,T005,12,-14.506006167654894,6.787383918374202,-4.704967201906428,True,0,mapped,True,0.0
T097,L,1237,T005,13,-14.73790541084464,6.425581807702553,-4.868889808654785,True,0,mapped,True,0.0
T097,L,1238,T005,14,-14.917866188968738,6.00538822621035,-4.893024713508781,True,0,mapped,True,0.0
T097,L,1239,T005,15,-15.105149404143331,5.629114895179897,-5.0854935320916255,True,0,mapped,True,0.0
T097,L,1240,T005,16,-15.268777489944672,5.245086002892098,-5.268889904022217,True,0,mapped,True,0.0
T097,L,1241,T005,17,-15.398789405073884,4.84529852843209,-5.410353532423776,True,0,mapped,True,0.0
T097,L,1242,T005,18,-15.504812368870944,4.404542449166331,-5.4688897132873535,True,0,mapped,True,0.0
T097,L,1243,T005,19,-15.60919165209181,3.953980469415775,-5.4688897132873535,True,0,mapped,True,0.0
T097,L,1244,T005,20,-15.72067867180406,3.5052127055250226,-5.4688897132873535,True,0,mapped,True,0.0
T097,L,1245,T005,21,-15.871426705464176,3.1087048138381914,-5.632268826570151,True,0,mapped,True,0.0
T097,L,1246,T005,22,-16.078703310743624,2.7414184739906653,-5.816643344111911,True,0,mapped,True,0.0
T097,L,1247,T005,23,-16.280498923685265,2.368450046141137,-5.896533782071272,True,0,mapped,True,0.0
T097,L,1248,T005,24,-16.59650230407715,2.052445888519287,-6.005181312561035,True,0,mapped,False,0.0
T097,L,1248,T008,324,-16.59650230407715,2.052445888519287,-6.005181312561035,True,0,mapped,False,0.0
T097,L,1248,T009,324,-16.59650230407715,2.052445888519287,-6.005181312561035,True,-1,landmark_vertex,True,0.0
T097,L,1248,T011,0,-16.59650230407715,2.052445888519287,-6.005181312561035,True,0,mapped,False,0.0
T097,L,1249,T005,26,-11.9689031271201,9.84324913581113,-2.8783050121955736,True,0,mapped,True,0.0
T097,L,1250,T005,27,-12.150672832968624,9.644155544266129,-2.957297096149942,True,0,mapped,True,0.0
T097,L,1251,T005,28,-12.397825669458774,9.438240887020587,-3.1951419397999548,True,0,mapped,True,0.0
T097,L,1252,T005,29,-12.645037689949255,9.128947658812978,-3.276117026872138,True,0,mapped,True,0.0
T097,L,1253,T005,30,-12.938535315865074,8.782393918742084,-3.413207373966337,True,0,mapped,True,0.0
T097,L,1254,T005,31,-13.198223622988758,8.472494303329391,-3.5748894965368656,True,0,mapped,True,0.0
T097,L,1255,T005,32,-13.420657579620444,8.232762039955752,-3.773119664471775,True,0,mapped,True,0.0
T097,L,1256,T005,33,-13.62369260580097,7.950160672712382,-3.9276224266455175,True,0,mapped,True,0.0
T097,L,1257,T005,34,-13.828206599881096,7.610766660039878,-4.05266252580506,True,0,mapped,True,0.0
T097,L,1258,T005,35,-14.062986002576984,7.19218175668056,-4.178776889784816,True,0,mapped,True,0.0
T097,L,1259,T005,36,-14.276279872215069,6.832878875855491,-4.254000502515571,True,0,mapped,True,0.0
T097,L,1260,T005,37,-14.528891231309167,6.449024292117411,-4.381297899228724,True,0,mapped,True,0.0
T097,L,1261,T005,38,-14.741262899868694,6.051479877774905,-4.499398202373714,True,0,mapped,True,0.0
T097,L,1262,T005,39,-14.93108834071901,5.68813994792359,-4.655075398494245,True,0,mapped,True,0.0
T097,L,1263,T005,40,-15.092236434378515,5.311673147833816,-4.795185657097005,True,0,mapped,True,0.0
T097,L,1264,T005,41,-15.275228595418891,4.821192348004376,-4.899721972181707,True,0,mapped,True,0.0
T097,L,1265,T005,42,-15.36977449530671,4.471334289491721,-4.999032569205608,True,0,mapped,True,0.0
T097,L,1266,T005,43,-15.488397435998756,4.026637423409133,-5.094396942270551,True,0,mapped,True,0.0
T097,L,1267,T005,44,-15.608479267761828,3.606353345952176,-5.162355794622594,True,0,mapped,True,0.0
T097,L,1268,T005,45,-15.719872480049847,3.222439272889636,-5.316479547226656,True,0,mapped,True,0.0
T097,L,1269,T005,46,-15.833379024701289,2.8180788294601813,-5.429374903396692,True,0,mapped,True,0.0
T097,L,1270,T005,47,-16.017543549487513,2.4330690387198204,-5.605924898749765,True,0,mapped,True,0.0
T097,L,1271,T005,48,-16.249080022314086,2.0520261035280547,-5.731986368811932,True,0,mapped,True,0.0
T097,L,1271,T009,322,-16.027743631071687,2.097638213652676,-5.300720291346913,True,2,smooth_near_vertex,False,0.4868887883801526
T097,L,1272,T005,50,-12.02571269735875,9.62609423812097,-2.6508754930914726,True,0,mapped,True,0.0
T097,L,1273,T005,51,-12.275474362478167,9.364316515644251,-2.7320232718478703,True,0,mapped,True,0.0
T097,L,1274,T005,52,-12.549776436786724,9.060429844550924,-2.876896559875936,True,0,mapped,True,0.0
T097,L,1275,T005,53,-12.78023372891743,8.814460880461793,-3.0477027424183056,True,0,mapped,True,0.0
T097,L,1276,T005,54,-13.01054221839313,8.506507162183887,-3.173267514080763,True,0,mapped,True,0.0
T097,L,1277,T005,55,-13.229617913672987,8.195666085993935,-3.328600607319691,True,0,mapped,True,0.0
T097,L,1278,T005,56,-13.488700399676064,7.8974875931192,-3.470623838409671,True,0,mapped,True,0.0
T097,L,1279,T005,57,-13.669567819189584,7.634197579852531,-3.563509647880025,True,0,mapped,True,0.0
T097,L,1280,T005,58,-13.880983181308157,7.302139490581277,-3.7053741427181297,True,0,mapped,True,0.0
T097,L,1281,T005,59,-14.109497892975016,6.838756728041298,-3.785273979427013,True,0,mapped,True,0.0
T097,L,1282,T005,60,-14.327735291780929,6.455978209133129,-3.9247652913202336,True,0,mapped,True,0.0
T097,L,1283,T005,61,-14.550479171361754,6.031353252952043,-4.011784038711177,True,0,mapped,True,0.0
T097,L,1284,T005,62,-14.773680968726534,5.621650989634769,-4.178621021886265,True,0,mapped,True,0.0
T097,L,1285,T005,63,-14.936638060694111,5.276568661570832,-4.279599928712054,True,0,mapped,True,0.0
T097,L,1286,T005,64,-15.092835245688857,4.9053497583735375,-4.40461329044773,True,0,mapped,True,0.0
T097,L,1287,T005,65,-15.253273940549729,4.4595627782871,-4.579727259505976,True,0,mapped,True,0.0
T097,L,1288,T005,66,-15.376921312133597,4.079955651382716,-4.699972969771561,True,0,mapped,True,0.0
T097,L,1289,T005,67,-15.481326534626692,3.68327469593114,-4.786110790833411,True,0,mapped,True,0.0
T097,L,1290,T005,68,-15.60607056791934,3.246835510909155,-4.928657161828998,True,0,mapped,True,0.0
T097,L,1291,T005,69,-15.695511257851788,2.9380268055648093,-5.092604129244539,True,0,mapped,True,0.0
T097,L,1292,T005,70,-15.815861578517447,2.538648514650147,-5.247721796928345,True,0,mapped,True,0.0
T097,L,1293,T005,71,-15.969223121238413,2.1793779943110096,-5.421723151087465,True,0,mapped,True,0.0
T097,L,1293,T009,319,-15.969223121238413,2.179377994311009,-5.421723151087464,True,0,mapped,False,9.930136612989092e-16
T097,L,1294,T005,73,-12.120557606454982,9.39180306163123,-2.4069802980978947,True,0,mapped,True,0.0
T097,L,1295,T005,74,-12.342034306350802,9.160172651834808,-2.509949345377676,True,0,mapped,True,0.0
T097,L,1296,T005,75,-12.583166569661444,8.865718221642595,-2.620225835079004,True,0,mapped,True,0.0
T097,L,1297,T005,76,-12.809031892129491,8.536653398033394,-2.679724572280773,True,0,mapped,True,0.0
T097,L,1298,T005,77,-13.063899043869938,8.193061426015571,-2.8519936388012592,True,0,mapped,True,0.0
T097,L,1299,T005,78,-13.292486672773205,7.880578070345345,-3.040500293976608,True,0,mapped,True,0.0
T097,L,1300,T005,79,-13.476474975479697,7.585805165695104,-3.114654682324572,True,0,mapped,True,0.0
T097,L,1301,T005,80,-13.693062590639936,7.240172981078105,-3.234912944227249,True,0,mapped,True,0.0
T097,L,1302,T005,81,-13.85139324288086,6.924330667143983,-3.3227260122468647,True,0,mapped,True,0.0
T097,L,1303,T005,82,-14.140022139906002,6.435215763131903,-3.4582892164972083,True,0,mapped,True,0.0
T097,L,1304,T005,83,-14.349529195679988,6.052503209488171,-3.6387966084650207,True,0,mapped,True,0.0
T097,L,1305,T005,84,-14.556700239978426,5.627134336313614,-3.788973840865575,True,0,mapped,True,0.0
T097,L,1306,T005,85,-14.770970206282811,5.22604306759047,-3.862341244730848,True,0,mapped,True,0.0
T097,L,1307,T005,86,-14.93783270054954,4.867916010884136,-3.9513827191260895,True,0,mapped,True,0.0
T097,L,1308,T005,87,-15.099832395602473,4.512699631725466,-4.113181173106719,True,0,mapped,True,0.0
T097,L,1309,T005,88,-15.199277430473698,4.143090972895872,-4.2513210966435535,True,0,mapped,True,0.0
T097,L,1310,T005,89,-15.353098184348806,3.782383012514349,-4.424452314787138,True,0,mapped,True,0.0
T097,L,1311,T005,90,-15.4780807146965,3.342426480884485,-4.572672596244581,True,0,mapped,True,0.0
T097,L,1312,T005,91,-15.59371427164166,2.993406698025256,-4.73072102494369,True,0,mapped,True,0.0
T097,L,1313,T005,92,-15.667526593497872,2.6225631133681766,-4.877695714063052,True,0,mapped,True,0.0
T097,L,1314,T005,93,-15.78422372049101,2.235362427156666,-5.0371968624049375,True,0,mapped,True,0.0
T097,L,1314,T009,315,-15.78422372049101,2.235362427156666,-5.0371968624049375,True,0,mapped,False,0.0
T097,L,1315,T005,95,-12.196299843687765,9.170806646394588,-2.1507066377923394,True,0,mapped,True,0.0
T097,L,1316,T005,96,-12.384941443323324,8.932612135038626,-2.217912164351503,True,0,mapped,True,0.0
T097,L,1317,T005,97,-12.606039124648207,8.621173054245565,-2.332721363886727,True,0,mapped,True,0.0
T097,L,1318,T005,98,-12.832367633803948,8.31958639007792,-2.4776719460496714,True,0,mapped,True,0.0
T097,L,1319,T005,99,-13.09901654011003,7.916588248687861,-2.6319282402870097,True,0,mapped,True,0.0
T097,L,1320,T005,100,-13.309664283698968,7.557527092337938,-2.7752364017071107,True,0,mapped,True,0.0
T097,L,1321,T005,101,-13.472876878102694,7.220662800721618,-2.80362637416348,True,0,mapped,True,0.0
T097,L,1322,T005,102,-13.660241334803285,6.933677797513145,-2.9062528333733986,True,0,mapped,True,0.0
T097,L,1323,T005,103,-13.872782777595932,6.5520257553518,-2.9847506841415963,True,0,mapped,True,0.0
T097,L,1324,T005,104,-14.08920382210751,6.191983119741487,-3.0933882926932594,True,0,mapped,True,0.0
T097,L,1325,T005,105,-14.35574017745106,5.7213978303402335,-3.2794610520194087,True,0,mapped,True,0.0
T097,L,1326,T005,106,-14.542217134480383,5.300283643784284,-3.432575340422692,True,0,mapped,True,0.0
T097,L,1327,T005,107,-14.715671217186824,4.920311735414296,-3.5383655519050743,True,0,mapped,True,0.0
T097,L,1328,T005,108,-14.904054132782512,4.492735844027517,-3.668099677106989,True,0,mapped,True,0.0
T097,L,1329,T005,109,-15.05983866247202,4.163773977927416,-3.815177413505052,True,0,mapped,True,0.0
T097,L,1330,T005,110,-15.22412451931315,3.791806940970292,-4.034584037218509,True,0,mapped,True,0.0
T097,L,1331,T005,111,-15.340426957652898,3.39987785789138,-4.1667590903605705,True,0,mapped,True,0.0
T097,L,1332,T005,112,-15.48574186137092,3.043897183335388,-4.329760682186026,True,0,mapped,True,0.0
T097,L,1333,T005,113,-15.58763672442015,2.693173349420924,-4.464104957190311,True,0,mapped,True,0.0
T097,L,1334,T005,114,-15.667025827664649,2.252445936203004,-4.61221308020092,True,0,mapped,True,0.0
T097,L,1334,T009,310,-15.667025827664649,2.252445936203003,-4.612213080200919,True,0,mapped,False,1.2560739669470201e-15
T097,L,1335,T005,116,-12.222301552816134,8.990775527829964,-1.8702657639491944,True,0,mapped,True,0.0
T097,L,1336,T005,117,-12.43051830017914,8.636528335534024,-1.887751695919738,True,0,mapped,True,0.0
T097,L,1337,T005,118,-12.628124386563716,8.379260285517972,-2.0694412229768524,True,0,mapped,True,0.0
T097,L,1338,T005,119,-12.825988839699509,8.020928033763878,-2.171217779570491,True,0,mapped,True,0.0
T097,L,1339,T005,120,-13.058536641922618,7.673306255812475,-2.3459377284034604,True,0,mapped,True,0.0
T097,L,1340,T005,121,-13.263265866253828,7.262875810343489,-2.4021890317683154,True,0,mapped,True,0.0
T097,L,1341,T005,122,-13.428398018855123,6.913709282923009,-2.4599605115826497,True,0,mapped,True,0.0
T097,L,1342,T005,123,-13.672843034010963,6.563487347116224,-2.641756902484986,True,0,mapped,True,0.0
T097,L,1343,T005,124,-13.912851030624712,6.196575505596376,-2.820098675900386,True,0,mapped,True,0.0
T097,L,1344,T005,125,-14.100741657143626,5.776668355267667,-2.871322409803914,True,0,mapped,True,0.0
T097,L,1345,T005,126,-14.331357594435673,5.442849898438734,-3.049038217154253,True,0,mapped,True,0.0
T097,L,1346,T005,127,-14.489300794161492,4.991997636151432,-3.1296192143593404,True,0,mapped,True,0.0
T097,L,1347,T005,128,-14.652387753117017,4.577857219345301,-3.248033975460289,True,0,mapped,True,0.0
T097,L,1348,T005,129,-14.85267846474994,4.195588397750979,-3.4248146716112062,True,0,mapped,True,0.0
T097,L,1349,T005,130,-15.0538551160759,3.795834253405277,-3.5979490602634074,True,0,mapped,True,0.0
T097,L,1350,T005,131,-15.199728392117542,3.4118869968557,-3.756351183198614,True,0,mapped,True,0.0
T097,L,1351,T005,132,-15.299590045292334,3.068218088015437,-3.864907403523941,True,0,mapped,True,0.0
T097,L,1352,T005,133,-15.48433026636783,2.7248873708121164,-4.066815759133801,True,0,mapped,True,0.0
T097,L,1353,T005,134,-15.577448453782871,2.381011512105515,-4.208387122080671,True,0,mapped,True,0.0
T097,L,1353,T009,304,-15.577448453782877,2.381011512105515,-4.208387122080671,True,0,mapped,False,5.329070518200751e-15
T097,L,1354,T005,136,-12.214516628210164,8.798654879360118,-1.5166215216139425,True,0,mapped,True,0.0
T097,L,1355,T005,137,-12.442451141815429,8.39666101256878,-1.6364813713618436,True,0,mapped,True,0.0
T097,L,1356,T005,138,-12.626149126136555,8.041633954480593,-1.7181334321012534,True,0,mapped,True,0.0
T097,L,1357,T005,139,-12.830107170929216,7.677187440398563,-1.850747839376892,True,0,mapped,True,0.0
T097,L,1358,T005,140,-13.044160965279383,7.334220076995997,-2.019346016006605,True,0,mapped,True,0.0
T097,L,1359,T005,141,-13.227738920907242,6.943069543969311,-2.0535574487516985,True,0,mapped,True,0.0
T097,L,1360,T005,142,-13.425599348152735,6.607163020242782,-2.219351517460662,True,0,mapped,True,0.0
T097,L,1361,T005,143,-13.626348886821434,6.193692012797702,-2.3237252760569,True,0,mapped,True,0.0
T097,L,1362,T005,144,-13.843011591954337,5.8667678180361404,-2.4760770160227885,True,0,mapped,True,0.0
T097,L,1363,T005,145,-14.048560597087612,5.426418632857954,-2.586747592515913,True,0,mapped,True,0.0
T097,L,1364,T005,146,-14.2576362491759,5.073596064728102,-2.7554007131035534,True,0,mapped,True,0.0
T097,L,1365,T005,147,-14.42519989139648,4.630098676754388,-2.83500809963153,True,0,mapped,True,0.0
T097,L,1366,T005,148,-14.622354695674282,4.265952461141028,-3.035407937674539,True,0,mapped,True,0.0
T097,L,1367,T005,149,-14.799942454357469,3.88328035110534,-3.2202390895834165,True,0,mapped,True,0.0
T097,L,1368,T005,150,-15.004083764109572,3.429200748266108,-3.3242398295158693,True,0,mapped,True,0.0
T097,L,1369,T005,151,-15.167665530944952,3.128787990496191,-3.5205619749361654,True,0,mapped,True,0.0
T097,L,1370,T005,152,-15.304211947410582,2.7794356696180182,-3.647757086829389,True,0,mapped,True,0.0
T097,L,1371,T005,153,-15.449024477110758,2.4524459838867188,-3.80171382749327,True,0,mapped,True,0.0
T097,L,1371,T009,297,-15.449024477110758,2.4524459838867188,-3.8017138274932702,True,0,mapped,False,4.440892098500626e-16
T097,L,1372,T005,155,-12.197962081708855,8.52107227900451,-1.1700723624142626,True,0,mapped,True,0.0
T097,L,1373,T005,156,-12.410591002514163,8.143619036315263,-1.3345770048220742,True,0,mapped,True,0.0
T097,L,1374,T005,157,-12.596097639428455,7.735395583225576,-1.4362834013427184,True,0,mapped,True,0.0
T097,L,1375,T005,158,-12.80739986729226,7.362103091358286,-1.5519748132278623,True,0,mapped,True,0.0
T097,L,1376,T005,159,-12.985735095118024,7.0114066977119975,-1.6488710998224425,True,0,mapped,True,0.0
T097,L,1377,T005,160,-13.193448795095971,6.666432835103492,-1.8323107195377517,True,0,mapped,True,0.0
T097,L,1378,T005,161,-13.400770149223494,6.216651067670053,-1.9266717590695075,True,0,mapped,True,0.0
T097,L,1379,T005,162,-13.57604946340042,5.869528555437008,-2.042583270595379,True,0,mapped,True,0.0
T097,L,1380,T005,163,-13.79266078347444,5.4523142873272095,-2.199564564531536,True,0,mapped,True,0.0
T097,L,1381,T005,164,-14.003106319608452,5.0446445839307925,-2.327778921649592,True,0,mapped,True,0.0
T097,L,1382,T005,165,-14.187707572561468,4.727552845045437,-2.485172490800368,True,0,mapped,True,0.0
T097,L,1383,T005,166,-14.384731706324358,4.307308535803365,-2.6317217230613767,True,0,mapped,True,0.0
T097,L,1384,T005,167,-14.57879557441429,3.916943232371999,-2.81595930833378,True,0,mapped,True,0.0
T097,L,1385,T005,168,-14.762282805443244,3.542298645804112,-2.946093136982155,True,0,mapped,True,0.0
T097,L,1386,T005,169,-14.927450448127056,3.181333263477224,-3.1137693027547115,True,0,mapped,True,0.0
T097,L,1387,T005,170,-15.10220596071668,2.7966066642031047,-3.264709490941021,True,0,mapped,True,0.0
T097,L,1388,T005,171,-15.268606642101227,2.4512464384273684,-3.397423043966933,True,0,mapped,True,0.0
T097,L,1388,T009,289,-15.268606642101226,2.451246438427367,-3.397423043966932,True,0,mapped,False,2.3914935841127266e-15
T097,L,1389,T005,173,-12.194215478717982,8.233615756348389,-0.8844311227361445,True,0,mapped,True,0.0
T097,L,1390,T005,174,-12.402230692281517,7.813505290128246,-1.0844146376916484,True,0,mapped,True,0.0
T097,L,1391,T005,175,-12.556038761098216,7.418714760754334,-1.1525046116339648,True,0,mapped,True,0.0
T097,L,1392,T005,176,-12.76798525521728,7.019728611635139,-1.2892582075924,True,0,mapped,True,0.0
T097,L,1393,T005,177,-12.949410686089404,6.641383795833254,-1.4029130824774296,True,0,mapped,True,0.0
T097,L,1394,T005,178,-13.13132596225062,6.326399233936137,-1.5569702356512207,True,0,mapped,True,0.0
T097,L,1395,T005,179,-13.31909419687255,5.959160448150684,-1.6841951137476043,True,0,mapped,True,0.0
T097,L,1396,T005,180,-13.530814133269551,5.486350298827698,-1.8190666028079028,True,0,mapped,True,0.0
T097,L,1397,T005,181,-13.696808306639271,5.122769426426982,-1.923817364344557,True,0,mapped,True,0.0
T097,L,1398,T005,182,-13.915443353774252,4.762939914440678,-2.0872864936187576,True,0,mapped,True,0.0
T097,L,1399,T005,183,-14.153815828174784,4.316036902175745,-2.2696355139728848,True,0,mapped,True,0.0
T097,L,1400,T005,184,-14.307461094791918,3.968713667728341,-2.337091317256068,True,0,mapped,True,0.0
T097,L,1401,T005,185,-14.516015740707134,3.581147101540286,-2.4998556447336187,True,0,mapped,True,0.0
T097,L,1402,T005,186,-14.722457438475397,3.2026183070813907,-2.673082586362431,True,0,mapped,True,0.0
T097,L,1403,T005,187,-14.879824569285754,2.800647797066732,-2.830192432748847,True,0,mapped,True,0.0
T097,L,1404,T005,188,-15.052561302755436,2.45244598388672,-3.010494520928238,True,0,mapped,True,0.0
T097,L,1404,T009,280,-15.052561302755436,2.4524459838867188,-3.010494520928238,True,0,mapped,False,1.3322676295501878e-15
T097,L,1405,T005,190,-12.201208730441222,7.86901599862747,-0.5588607939535253,True,0,mapped,True,0.0
T097,L,1406,T005,191,-12.390029440885506,7.45180227497342,-0.7261728561928963,True,0,mapped,True,0.0
T097,L,1407,T005,192,-12.573849816886582,7.065387201948334,-0.8968554383317261,True,0,mapped,True,0.0
T097,L,1408,T005,193,-12.749993386790187,6.740387204044831,-1.0965276748324224,True,0,mapped,True,0.0
T097,L,1409,T005,194,-12.945753047934437,6.36130310171604,-1.2818595785135212,True,0,mapped,True,0.0
T097,L,1410,T005,195,-13.106660637062951,6.055506845141866,-1.4239662515870397,True,0,mapped,True,0.0
T097,L,1411,T005,196,-13.241646515955637,5.610420745398063,-1.4570939210033362,True,0,mapped,True,0.0
T097,L,1412,T005,197,-13.476665336107631,5.178482921202429,-1.6341529092719356,True,0,mapped,True,0.0
T097,L,1413,T005,198,-13.666925483796852,4.755005764252355,-1.744373950785033,True,0,mapped,True,0.0
T097,L,1414,T005,199,-13.82855106914781,4.441809326043055,-1.8586990519021132,True,0,mapped,True,0.0
T097,L,1415,T005,200,-14.09466096675764,3.9810724804925055,-2.035114087257856,True,0,mapped,True,0.0
T097,L,1416,T005,201,-14.303953609629222,3.655594701393155,-2.199942116098692,True,0,mapped,True,0.0
T097,L,1417,T005,202,-14.467119500798155,3.245993738188006,-2.2552019131473915,True,0,mapped,True,0.0
T097,L,1418,T005,203,-14.698173946948394,2.8132102646815405,-2.4707342987530905,True,0,mapped,True,0.0
T097,L,1419,T005,204,-14.853076005556094,2.4524459838867188,-2.6148003671536117,True,0,mapped,True,0.0
T097,L,1419,T009,270,-14.853076005556096,2.4524459838867188,-2.6148003671536117,True,0,mapped,False,1.7763568394002505e-15
T097,L,1420,T005,206,-12.201439924622315,7.569365352353595,-0.3639488224770737,True,0,mapped,True,0.0
T097,L,1421,T005,207,-12.33471011689772,7.209084234024015,-0.4772721429217034,True,0,mapped,True,0.0
T097,L,1422,T005,208,-12.516938551108538,6.796911593208389,-0.68409581985693,True,0,mapped,True,0.0
T097,L,1423,T005,209,-12.68109136266816,6.406750590183614,-0.8683342816866159,True,0,mapped,True,0.0
T097,L,1424,T005,210,-12.825945120883032,6.106623443352731,-1.0213690536100102,True,0,mapped,True,0.0
T097,L,1425,T005,211,-13.03576545646139,5.698308137541334,-1.1941344627050636,True,0,mapped,True,0.0
T097,L,1426,T005,212,-13.255789589433835,5.254919152761344,-1.3606577226155707,True,0,mapped,True,0.0
T097,L,1427,T005,213,-13.421558503102265,4.828976588426006,-1.4470876002620476,True,0,mapped,True,0.0
T097,L,1428,T005,214,-13.651881532153975,4.425698956647025,-1.6052249692081315,True,0,mapped,True,0.0
T097,L,1429,T005,215,-13.871115974766692,4.050862896594877,-1.784644403984513,True,0,mapped,True,0.0
T097,L,1430,T005,216,-14.019731366498329,3.661663086582776,-1.8062248213390943,True,0,mapped,True,0.0
T097,L,1431,T005,217,-14.27790733309366,3.2846458178710014,-1.9845975057442988,True,0,mapped,True,0.0
T097,L,1432,T005,218,-14.432854819283532,2.847167330227771,-2.0407737263881933,True,0,mapped,True,0.0
T097,L,1433,T005,219,-14.646697742082472,2.4524459838867205,-2.222659650255926,True,0,mapped,True,0.0
T097,L,1433,T009,259,-14.646697742082472,2.4524459838867188,-2.222659650255925,True,0,mapped,False,2.220446049250313e-15
T097,L,1434,T005,221,-12.135132170407903,7.254271538834162,-0.1375200437747482,True,0,mapped,True,0.0
T097,L,1435,T005,222,-12.33005280251036,6.850301460149947,-0.3360675872704389,True,0,mapped,True,0.0
T097,L,1436,T005,223,-12.454112442590423,6.436106165083924,-0.4511015819600764,True,0,mapped,True,0.0
T097,L,1437,T005,224,-12.625367187604269,6.148023041869932,-0.6498970846392685,True,0,mapped,True,0.0
T097,L,1438,T005,225,-12.81046611083417,5.721653681633328,-0.8518778390973751,True,0,mapped,True,0.0
T097,L,1439,T005,226,-13.006409745678663,5.331216115675385,-1.0187240585537725,True,0,mapped,True,0.0
T097,L,1440,T005,227,-13.201136065320815,4.923504626399793,-1.1646912002447825,True,0,mapped,True,0.0
T097,L,1441,T005,228,-13.395213393227433,4.43905988863399,-1.2915342562455634,True,0,mapped,True,0.0
T097,L,1442,T005,229,-13.569931813100297,4.160958610916921,-1.424894287473483,True,0,mapped,True,0.0
T097,L,1443,T005,230,-13.76787008490402,3.7031230232740686,-1.4996799581183335,True,0,mapped,True,0.0
T097,L,1444,T005,231,-13.935368976118848,3.366810217038706,-1.592493457958173,True,0,mapped,True,0.0
T097,L,1445,T005,232,-14.229620712753238,2.896002824706822,-1.7647803236551225,True,0,mapped,True,0.0
T097,L,1446,T005,233,-14.4004771053427,2.542434564813074,-1.874124564209665,True,0,mapped,True,0.0
T097,L,1446,T009,247,-14.4004771053427,2.5424345648130737,-1.874124564209664,True,0,mapped,False,9.930136612989092e-16
T097,L,1447,T005,235,-12.125387574733146,6.910292169205784,-0.0352632628819965,True,0,mapped,True,0.0
T097,L,1448,T005,236,-12.283114835975796,6.609357326845636,-0.1555554078358496,True,0,mapped,True,0.0
T097,L,1449,T005,237,-12.416696596871446,6.209064259666244,-0.3162962564517627,True,0,mapped,True,0.0
T097,L,1450,T005,238,-12.595803269467805,5.807869705251988,-0.5280429420215724,True,0,mapped,True,0.0
T097,L,1451,T005,239,-12.788331946405856,5.345763439667412,-0.7053009017873075,True,0,mapped,True,0.0
T097,L,1452,T005,240,-12.932017404683569,5.016878135676837,-0.797232636092099,True,0,mapped,True,0.0
T097,L,1453,T005,241,-13.116883754821265,4.589605087254219,-0.9450592746909804,True,0,mapped,True,0.0
T097,L,1454,T005,242,-13.30387248052353,4.180572294142976,-1.084834249757153,True,0,mapped,True,0.0
T097,L,1455,T005,243,-13.52944429957337,3.804544975410004,-1.2432929919949327,True,0,mapped,True,0.0
T097,L,1456,T005,244,-13.673645624233988,3.4157385367593958,-1.2599132983752075,True,0,mapped,True,0.0
T097,L,1457,T005,245,-13.928609242181428,3.0270669378982307,-1.4455971152207248,True,0,mapped,True,0.0
T097,L,1458,T005,246,-14.137928234779595,2.6524460315704346,-1.5447602753481275,True,0,mapped,True,0.0
T097,L,1458,T009,234,-14.137928234779595,2.6524460315704346,-1.5447602753481275,True,0,mapped,False,0.0
T097,L,1459,T005,248,-11.95267621649472,6.680015383738076,0.1918327007863243,True,0,mapped,True,0.0
T097,L,1460,T005,249,-12.174094206004876,6.283856320192142,0.0848884062334555,True,0,mapped,True,0.0
T097,L,1461,T005,250,-12.385895160906417,5.877949270710672,-0.1339383955311546,True,0,mapped,True,0.0
T097,L,1462,T005,251,-12.571023902444557,5.42334193964904,-0.337706991574655,True,0,mapped,True,0.0
T097,L,1463,T005,252,-12.721940768754404,5.091379041701621,-0.4972687967583519,True,0,mapped,True,0.0
T097,L,1464,T005,253,-12.88291460225862,4.707903617006964,-0.667432251502107,True,0,mapped,True,0.0
T097,L,1465,T005,254,-13.098497775671596,4.266441119182247,-0.8691336607540006,True,0,mapped,True,0.0
T097,L,1466,T005,255,-13.218653609474789,3.897709699126251,-0.8809897758980265,True,0,mapped,True,0.0
T097,L,1467,T005,256,-13.43411422592416,3.441298469433479,-1.0048813101045908,True,0,mapped,True,0.0
T097,L,1468,T005,257,-13.583804295041729,3.0561721119786185,-1.0466268793882132,True,0,mapped,True,0.0
T097,L,1469,T005,258,-13.86098792069987,2.6524460315704346,-1.198898603249674,True,0,mapped,True,0.0
T097,L,1469,T009,220,-13.86098792069987,2.6524460315704346,-1.198898603249674,True,0,mapped,False,0.0
T097,L,1470,T005,260,-11.819610459781618,6.319573224736748,0.2686751692930598,True,0,mapped,True,0.0
T097,L,1471,T005,261,-12.119336265055006,5.8712045736616485,0.1519044144843421,True,0,mapped,True,0.0
T097,L,1472,T005,262,-12.32846748799411,5.546299341645861,0.0343613664782394,True,0,mapped,True,0.0
T097,L,1473,T005,263,-12.46939658699218,5.11996916079476,-0.0562257695179341,True,0,mapped,True,0.0
T097,L,1474,T005,264,-12.648032356638796,4.717764463468259,-0.2415520228535384,True,0,mapped,True,0.0
T097,L,1475,T005,265,-12.813290198613329,4.42430636659542,-0.438636149019798,True,0,mapped,True,0.0
T097,L,1476,T005,266,-12.977446821374038,4.005997352277493,-0.5946025907314407,True,0,mapped,True,0.0
T097,L,1477,T005,267,-13.179657881859509,3.5213167312103337,-0.6808817867813064,True,0,mapped,True,0.0
T097,L,1478,T005,268,-13.341543306602514,3.098474194262014,-0.7638287223588107,True,0,mapped,True,0.0
T097,L,1479,T005,269,-13.559914552376204,2.652446031570436,-0.8750117069613704,True,0,mapped,True,0.0
T097,L,1479,T009,205,-13.559914552376204,2.6524460315704346,-0.87501170696137,True,0,mapped,False,1.4043333874306805e-15
T097,L,1480,T005,271,-11.727148773223584,5.841010261686465,0.3555805185154614,True,0,mapped,True,0.0
T097,L,1481,T005,272,-11.938054177724895,5.509716588852168,0.2971954358984433,True,0,mapped,True,0.0
T097,L,1482,T005,273,-12.248293284504111,5.204663854676991,0.1669557067274354,True,0,mapped,True,0.0
T097,L,1483,T005,274,-12.439665060180902,4.819859049395343,0.022410048749639,True,0,mapped,True,0.0
T097,L,1484,T005,275,-12.635173066855945,4.43887217188691,-0.131741068489599,True,0,mapped,True,0.0
T097,L,1485,T005,276,-12.775652212054016,4.03540357149591,-0.2677905347261227,True,0,mapped,True,0.0
T097,L,1486,T005,277,-12.910753778978268,3.654611958880961,-0.3357879385585369,True,0,mapped,True,0.0
T097,L,1487,T005,278,-13.122408721277488,3.1892334749465525,-0.4843089194248864,True,0,mapped,True,0.0
T097,L,1488,T005,279,-13.299593920068236,2.6524460315704346,-0.5165516421783674,True,0,mapped,True,0.0
T097,L,1488,T009,189,-13.299593920068231,2.6524460315704346,-0.5165516421783672,True,0,mapped,False,5.3302268750589315e-15
T097,L,1489,T005,281,-11.55172840539438,5.519200349700973,0.4092462550839271,True,0,mapped,True,0.0
T097,L,1490,T005,282,-11.841325302322025,5.097655230282445,0.3961461398624496,True,0,mapped,True,0.0
T097,L,1491,T005,283,-12.1169048490502,4.768129012575975,0.3101615082235613,True,0,mapped,True,0.0
T097,L,1492,T005,284,-12.286091207390909,4.458947259753088,0.2234721183186719,True,0,mapped,True,0.0
T097,L,1493,T005,285,-12.557329825620716,4.184793355723274,0.0294979715441731,True,0,mapped,True,0.0
T097,L,1494,T005,286,-12.67644958520588,3.81057151366249,-0.0318624420011948,True,0,mapped,True,0.0
T097,L,1495,T005,287,-12.895725081079709,3.34988383650118,-0.238992279383241,True,0,mapped,True,0.0
T097,L,1496,T005,288,-13.038423981695328,2.8505166489868934,-0.2700777507088822,True,0,mapped,True,0.0
T097,L,1496,T009,172,-13.038423981695328,2.8505166489868925,-0.2700777507088813,True,0,mapped,False,1.2560739669470201e-15
T097,L,1497,T005,290,-11.401504554623022,5.199537165302584,0.4489724415598779,True,0,mapped,True,0.0
T097,L,1498,T005,291,-11.754694866087616,4.798739258391087,0.4358729815039886,True,0,mapped,True,0.0
T097,L,1499,T005,292,-11.979702437386262,4.412098776277717,0.4325080111843595,True,0,mapped,True,0.0
T097,L,1500,T005,293,-12.27453788528372,4.1729335602942745,0.2901804773184492,True,0,mapped,True,0.0
T097,L,1501,T005,294,-12.408028375712563,3.78276374540438,0.231882099400029,True,0,mapped,True,0.0
T097,L,1502,T005,295,-12.649328950115116,3.41735802181067,0.0708627298547405,True,0,mapped,True,0.0
T097,L,1503,T005,296,-12.797062895707358,3.0524458885192884,0.001304684477484,True,0,mapped,True,0.0
T097,L,1503,T009,154,-12.797062895707358,3.0524458885192867,0.0013046844774846,True,0,mapped,False,1.874950825913725e-15
T097,L,1504,T005,298,-11.329209953463344,4.84238849932686,0.5025999078269088,True,0,mapped,True,0.0
T097,L,1505,T005,299,-11.569921405602315,4.452542095914456,0.5656128456310577,True,0,mapped,True,0.0
T097,L,1506,T005,300,-11.871520264448163,4.121106261937184,0.5311185454639378,True,0,mapped,True,0.0
T097,L,1507,T005,301,-12.172633008793255,3.772992126890511,0.4502269514187755,True,0,mapped,True,0.0
T097,L,1508,T005,302,-12.219414341847054,3.442131847354573,0.4577568803149678,True,0,mapped,True,0.0
T097,L,1509,T005,303,-12.48475756279676,3.052445888519287,0.3146723724900918,True,0,mapped,True,0.0
T097,L,1509,T009,135,-12.484757562796757,3.052445888519287,0.3146723724900918,True,0,mapped,False,3.552713678800501e-15
T097,L,1510,T005,305,-11.144856605534628,4.474440267566635,0.6085813085790392,True,0,mapped,True,0.0
T097,L,1511,T005,306,-11.47435022271358,4.126416572927246,0.6368821627077811,True,0,mapped,True,0.0
T097,L,1512,T005,307,-11.750657567893114,3.758314439407358,0.640591720552156,True,0,mapped,True,0.0
T097,L,1513,T005,308,-12.001292853317048,3.3968368922395475,0.6119363389072393,True,0,mapped,True,0.0
T097,L,1514,T005,309,-12.14881102488076,3.0837481978443373,0.5957361528786258,True,0,mapped,True,0.0
T097,L,1514,T009,115,-12.148811024880764,3.0837481978443373,0.5957361528786258,True,0,mapped,False,3.552713678800501e-15
T097,L,1515,T005,311,-11.078707718705926,4.172602910863697,0.6996935806477862,True,0,mapped,True,0.0
T097,L,1516,T005,312,-11.32742334895262,3.823782968519793,0.7556785728153321,True,0,mapped,True,0.0
T097,L,1517,T005,313,-11.58923721981391,3.422725041766828,0.7893150621023574,True,0,mapped,True,0.0
T097,L,1518,T005,314,-11.768166236472693,3.0543939517732275,0.8101042290257623,True,0,mapped,True,0.0
T097,L,1518,T009,94,-11.768166236472693,3.0543939517732266,0.8101042290257625,True,0,mapped,False,9.155133597044475e-16
T097,L,1519,T005,316,-10.902684264152064,3.803333497645008,0.852693317441771,True,0,mapped,True,0.0
T097,L,1520,T005,317,-11.152730717900216,3.42604084388135,0.9188356710584452,True,0,mapped,True,0.0
T097,L,1521,T005,318,-11.356338388982026,3.052445888519287,0.9704117295391702,True,0,mapped,True,0.0
T097,L,1521,T009,72,-11.356338388982024,3.052445888519287,0.9704117295391702,True,0,mapped,False,1.7763568394002505e-15
T097,L,1522,T005,320,-10.704944331764644,3.452642947740196,1.0580147982598311,True,0,mapped,True,0.0
T097,L,1523,T005,321,-10.953645359061962,3.042634189510561,1.1514168050105178,True,0,mapped,True,0.0
T097,L,1523,T009,49,-10.95364535906196,3.042634189510561,1.151416805010518,True,0,mapped,False,1.790180836524724e-15
T097,L,1524,T005,323,-10.56245097322286,3.0790790868329543,1.3311102390289302,True,0,mapped,True,0.0
T097,L,1524,T009,25,-10.56245097322286,3.079079086832954,1.3311102390289309,True,0,mapped,False,8.005932084973442e-16
T097,L,1525,T006,1,0.5505946542427151,4.85244607925415,1.82350585212092,True,0,mapped,True,0.0
T097,L,1525,T007,1,0.5505946542427151,4.85244607925415,1.82350585212092,True,0,mapped,False,0.0
T097,L,1526,T006,2,0.4521444822603062,4.852573184533377,2.1324459926686563,True,0,mapped,True,0.0
T097,L,1526,T007,2,0.4521444822603062,4.852573184533377,2.1324459926686563,True,0,mapped,False,0.0
T097,L,1527,T006,3,0.3961025199069806,4.85244607925415,2.4464572921982075,True,0,mapped,True,0.0
T097,L,1527,T007,3,0.3961025199069806,4.85244607925415,2.4464572921982075,True,0,mapped,False,0.0
T097,L,1528,T006,4,0.3719920802806132,4.85244607925415,2.7701238323498765,True,0,mapped,True,0.0
T097,L,1528,T007,4,0.3719920802806132,4.85244607925415,2.7701238323498765,True,0,mapped,False,0.0
T097,L,1529,T006,5,0.3568859196829987,4.85244607925415,3.0944161758336493,True,0,mapped,True,0.0
T097,L,1529,T007,5,0.3568859196829987,4.85244607925415,3.0944161758336493,True,0,mapped,False,0.0
T097,L,1530,T006,6,0.3399952111629109,4.85244607925415,3.4186233858643806,True,0,mapped,True,0.0
T097,L,1530,T007,6,0.3399952111629109,4.85244607925415,3.4186233858643806,True,0,mapped,False,0.0
T097,L,1531,T006,7,0.2944669193811776,4.8524460792541495,3.739399299997819,True,0,mapped,True,0.0
T097,L,1531,T007,7,0.2944669193811776,4.8524460792541495,3.739399299997819,True,0,mapped,False,0.0
T097,L,1532,T006,8,0.2080300241027629,4.85244607925415,4.051821618129897,True,0,mapped,True,0.0
T097,L,1532,T007,8,0.2080300241027629,4.85244607925415,4.051821618129897,True,0,mapped,False,0.0
T097,L,1533,T006,9,0.1564027412317193,4.85244607925415,4.372302131189235,True,0,mapped,True,0.0
T097,L,1533,T007,9,0.1564027412317193,4.85244607925415,4.372302131189235,True,0,mapped,False,0.0
T097,L,1534,T006,10,0.1101624872150651,4.941010661996723,4.667371047779576,True,0,mapped,True,0.0
T097,L,1534,T007,10,0.1101624872150651,4.941010661996723,4.667371047779576,True,0,mapped,False,0.0
T097,L,1535,T006,11,0.0524312916682823,5.058849661002386,4.961752493683363,True,0,mapped,True,0.0
T097,L,1535,T007,11,0.0524312916682823,5.058849661002386,4.961752493683363,True,0,mapped,False,0.0
T097,L,1536,T006,12,-0.0221228225730747,5.0870166722455,5.273491257206587,True,0,mapped,True,0.0
T097,L,1536,T007,12,-0.0221228225730747,5.0870166722455,5.273491257206587,True,0,mapped,False,0.0
T097,L,1537,T006,13,-0.0194575975874734,5.073411473530577,5.597510007284061,True,0,mapped,True,0.0
T097,L,1537,T007,13,-0.0194575975874734,5.073411473530577,5.597510007284061,True,0,mapped,False,0.0
T097,L,1538,T006,14,0.0281709079615669,5.049917950892663,5.916617258505652,True,0,mapped,True,0.0
T097,L,1538,T007,14,0.0281709079615669,5.049917950892663,5.916617258505651,True,0,mapped,False,8.881784197001252e-16
T097,L,1539,T006,15,0.0527310171440955,5.16618132580075,6.214194689722257,True,0,mapped,True,0.0
T097,L,1539,T007,15,0.0527310171440955,5.16618132580075,6.214194689722257,True,0,mapped,False,0.0
T097,L,1540,T006,16,0.0976820322251796,5.270940628843134,6.509501543444268,True,0,mapped,True,0.0
T097,L,1540,T007,16,0.0976820322251796,5.2709406288431335,6.509501543444267,True,0,mapped,False,1.2560739669470201e-15
T097,L,1541,T006,17,0.1836356445164185,5.29820093030698,6.8197722619218055,True,0,mapped,True,0.0
T097,L,1541,T007,17,0.1836356445164185,5.29820093030698,6.819772261921805,True,0,mapped,False,8.881784197001252e-16
T097,L,1542,T006,18,0.2485677807339719,5.386748722853668,7.124295503565435,True,0,mapped,True,0.0
T097,L,1542,T007,18,0.2485677807339719,5.386748722853668,7.124295503565435,True,0,mapped,False,0.0
T097,L,1543,T006,19,0.2657770343460778,5.563142669033892,7.391978593346688,True,0,mapped,True,0.0
T097,L,1543,T007,19,0.2657770343460778,5.563142669033892,7.391978593346688,True,0,mapped,False,0.0
T097,L,1544,T006,20,0.2755782614796576,5.709176948061608,7.679127755587782,True,0,mapped,True,0.0
T097,L,1544,T007,20,0.2755782614796576,5.709176948061608,7.679127755587782,True,0,mapped,False,0.0
T097,L,1545,T006,21,0.2786599164341893,5.767842078557138,7.995246079272317,True,0,mapped,True,0.0
T097,L,1545,T007,21,0.2786599164341893,5.767842078557138,7.995246079272317,True,0,mapped,False,0.0
T097,L,1546,T006,22,0.2130445069139581,5.833371074646879,8.301223065923848,True,0,mapped,True,0.0
T097,L,1546,T007,22,0.2130445069139581,5.833371074646879,8.30122306592385,True,0,mapped,False,1.7763568394002505e-15
T097,L,1547,T006,23,0.2329800049608337,5.738001853926061,8.602444003709605,True,0,mapped,True,0.0
T097,L,1547,T007,23,0.2329800049608337,5.738001853926061,8.602444003709605,True,0,mapped,False,0.0
T097,L,1548,T006,24,0.2034969627857208,5.652445793151856,8.914228439331055,True,0,mapped,False,0.0
T097,L,1548,T007,24,0.2034969627857208,5.652445793151856,8.914228439331055,True,0,mapped,False,0.0
T097,L,1548,T010,324,0.2034969627857208,5.652445793151856,8.914228439331055,True,-1,landmark_vertex,True,0.0
T097,L,1548,T013,324,0.2034969627857208,5.652445793151856,8.914228439331055,True,0,mapped,False,0.0
T097,L,1549,T006,26,0.3641264394151915,5.239365016298386,1.7848357851698662,True,0,mapped,True,0.0
T097,L,1550,T006,27,0.2424888418399536,5.207744951497741,2.1936871391786616,True,0,mapped,True,0.0
T097,L,1551,T006,28,0.2001556437875287,5.218021073499632,2.393087114002843,True,0,mapped,True,0.0
T097,L,1552,T006,29,0.1327883131324112,5.261387871993681,2.7517095856616742,True,0,mapped,True,0.0
T097,L,1553,T006,30,0.1495518539074252,5.249499031594205,3.057403889968949,True,0,mapped,True,0.0
T097,L,1554,T006,31,0.1302975434262353,5.269784731637273,3.3656649774301464,True,0,mapped,True,0.0
T097,L,1555,T006,32,0.0217857372240613,5.274516748547409,3.67014419703772,True,0,mapped,True,0.0
T097,L,1556,T006,33,-0.0701715801979813,5.3047190533907,3.975486134136462,True,0,mapped,True,0.0
T097,L,1557,T006,34,-0.0920303890149151,5.407072155907274,4.265524112590767,True,0,mapped,True,0.0
T097,L,1558,T006,35,-0.108460177436206,5.497484363132113,4.6255526664315285,True,0,mapped,True,0.0
T097,L,1559,T006,36,-0.190869061323267,5.494544135482473,5.015259988712954,True,0,mapped,True,0.0
T097,L,1560,T006,37,-0.2465012258258756,5.475468987160364,5.239613677266376,True,0,mapped,True,0.0
T097,L,1561,T006,38,-0.2517412636010032,5.5501394499221695,5.623438204480826,True,0,mapped,True,0.0
T097,L,1562,T006,39,-0.2238896099035139,5.713372587971792,5.9370456528997,True,0,mapped,True,0.0
T097,L,1563,T006,40,-0.1621005163265416,5.914420322203803,6.264610551921098,True,0,mapped,True,0.0
T097,L,1564,T006,41,-0.0762151364384186,5.958630817040316,6.586517317323832,True,0,mapped,True,0.0
T097,L,1565,T006,42,-0.0076210839515742,6.122130588797708,6.973287509489106,True,0,mapped,True,0.0
T097,L,1566,T006,43,0.037521426742339,6.308255980292996,7.349057957996418,True,0,mapped,True,0.0
T097,L,1567,T006,44,0.0377095483429553,6.381997099235027,7.7201022125536,True,0,mapped,True,0.0
T097,L,1568,T006,45,0.0285282368801011,6.298407016859029,8.128771774159736,True,0,mapped,True,0.0
T097,L,1569,T006,46,-0.1254656524981918,6.2381308244173965,8.648098973005105,True,0,mapped,True,0.0
T097,L,1570,T006,47,-0.2108245101184436,6.081281933407452,8.951319140067397,True,0,mapped,True,0.0
T097,L,1571,T006,48,-0.1138553954496633,5.640057372346549,9.413846766800535,True,0,mapped,True,0.0
T097,L,1571,T010,322,-0.2047279875548021,5.620706711113115,9.409185984940674,True,2,smooth_near_vertex,False,0.09302687231990149
T097,L,1572,T006,50,-0.0104964748012745,5.667448338102529,1.828103318141341,True,0,mapped,True,0.0
T097,L,1573,T006,51,-0.1243688051300484,5.627168009439685,2.21195220065099,True,0,mapped,True,0.0
T097,L,1574,T006,52,-0.1711111322008142,5.627798673446756,2.3861254357112966,True,0,mapped,True,0.0
T097,L,1575,T006,53,-0.2201016868842317,5.637341953868291,2.6873792363089564,True,0,mapped,True,0.0
T097,L,1576,T006,54,-0.201530553195878,5.644163639264857,3.096159268789332,True,0,mapped,True,0.0
T097,L,1577,T006,55,-0.1853941634532206,5.647032109940838,3.2719147437917457,True,0,mapped,True,0.0
T097,L,1578,T006,56,-0.2038472512930235,5.716288371165702,3.5477809609785798,True,0,mapped,True,0.0
T097,L,1579,T006,57,-0.2714647337191835,5.788599774177052,4.006858382434624,True,0,mapped,True,0.0
T097,L,1580,T006,58,-0.3753546923835288,5.831890985396534,4.315354582089347,True,0,mapped,True,0.0
T097,L,1581,T006,59,-0.4923653091185199,5.858468222937539,4.6324645234197295,True,0,mapped,True,0.0
T097,L,1582,T006,60,-0.5620585869031293,5.912076986162917,4.993613889950836,True,0,mapped,True,0.0
T097,L,1583,T006,61,-0.5589414148329468,6.04546520502214,5.351269723245665,True,0,mapped,True,0.0
T097,L,1584,T006,62,-0.482830677252714,6.27780362529654,5.621674957874574,True,0,mapped,True,0.0
T097,L,1585,T006,63,-0.3127257813739809,6.465173653728636,5.968052679161306,True,0,mapped,True,0.0
T097,L,1586,T006,64,-0.1982338336707092,6.61435186727058,6.313542293532886,True,0,mapped,True,0.0
T097,L,1587,T006,65,-0.1357835212885137,6.823564593028281,6.75495561915675,True,0,mapped,True,0.0
T097,L,1588,T006,66,-0.1623476701627214,6.986168024981821,7.279319381200864,True,0,mapped,True,0.0
T097,L,1589,T006,67,-0.2169264872487835,7.028658165099446,7.752685028608501,True,0,mapped,True,0.0
T097,L,1590,T006,68,-0.3395659016828986,6.910852539671647,8.292351830897532,True,0,mapped,True,0.0
T097,L,1591,T006,69,-0.4954655118544516,6.64156247078299,8.884035374944425,True,0,mapped,True,0.0
T097,L,1592,T006,70,-0.6456677990278488,6.24493328656628,9.226481996928516,True,0,mapped,True,0.0
T097,L,1593,T006,71,-0.6899371726750216,5.652445793151856,9.666619568229269,True,0,mapped,True,0.0
T097,L,1593,T010,319,-0.6899371726750221,5.652445793151856,9.666619568229269,True,0,mapped,False,4.440892098500626e-16
T097,L,1594,T006,73,-0.3674175824516843,5.913257038648142,1.8345177611347707,True,0,mapped,True,0.0
T097,L,1595,T006,74,-0.4670239842629851,5.889829963434085,2.1435251236155115,True,0,mapped,True,0.0
T097,L,1596,T006,75,-0.5462242264880022,5.900323077216443,2.357926530230709,True,0,mapped,True,0.0
T097,L,1597,T006,76,-0.5368635534544514,5.867437247491959,2.6831890919839485,True,0,mapped,True,0.0
T097,L,1598,T006,77,-0.5848027006863957,5.938891689642173,3.0513607631395185,True,0,mapped,True,0.0
T097,L,1599,T006,78,-0.6359089926619471,6.012146994114088,3.324841807774207,True,0,mapped,True,0.0
T097,L,1600,T006,79,-0.5919812281828682,6.060640305189343,3.614799288032173,True,0,mapped,True,0.0
T097,L,1601,T006,80,-0.5947069556432655,6.1712629452723045,3.911617317842687,True,0,mapped,True,0.0
T097,L,1602,T006,81,-0.6225845781614163,6.273342296242666,4.228513519676425,True,0,mapped,True,0.0
T097,L,1603,T006,82,-0.6860321304436133,6.367220856957189,4.601542174745536,True,0,mapped,True,0.0
T097,L,1604,T006,83,-0.6835949471933807,6.4851335481125805,4.948519726274454,True,0,mapped,True,0.0
T097,L,1605,T006,84,-0.6805284975188458,6.712440905116206,5.278971832481656,True,0,mapped,True,0.0
T097,L,1606,T006,85,-0.6469753979690755,6.944975123592211,5.595311232792637,True,0,mapped,True,0.0
T097,L,1607,T006,86,-0.5601901555998826,7.123070201104536,5.954465205363153,True,0,mapped,True,0.0
T097,L,1608,T006,87,-0.552998176182514,7.326810021986225,6.395360573950112,True,0,mapped,True,0.0
T097,L,1609,T006,88,-0.5597962066164602,7.503440491051515,6.935187062080876,True,0,mapped,True,0.0
T097,L,1610,T006,89,-0.6980789652388683,7.630348893145842,7.6308148591277405,True,0,mapped,True,0.0
T097,L,1611,T006,90,-1.0321021673097386,7.592576490887184,8.329211594367104,True,0,mapped,True,0.0
T097,L,1612,T006,91,-1.098992921232525,7.155502097818527,9.082786092537058,True,0,mapped,True,0.0
T097,L,1613,T006,92,-1.227091292406865,6.380550517501247,9.532229490946309,True,0,mapped,True,0.0
T097,L,1614,T006,93,-1.3254745653801585,5.652445793151856,9.717248015843888,True,0,mapped,True,0.0
T097,L,1614,T010,315,-1.3254745653801585,5.652445793151856,9.717248015843888,True,0,mapped,False,0.0
T097,L,1615,T006,95,-0.7930133509486805,6.035337186626638,1.85844224355853,True,0,mapped,True,0.0
T097,L,1616,T006,96,-0.9767714956229188,6.035793684161979,2.1777473350622256,True,0,mapped,True,0.0
T097,L,1617,T006,97,-0.9892941766762824,6.050929422178558,2.4159708767806283,True,0,mapped,True,0.0
T097,L,1618,T006,98,-1.012175413299666,6.058454810673462,2.691846245877459,True,0,mapped,True,0.0
T097,L,1619,T006,99,-0.9995650189073856,6.099927513697532,3.0472176881200346,True,0,mapped,True,0.0
T097,L,1620,T006,100,-0.9839622588778298,6.167342148081651,3.3118984219312035,True,0,mapped,True,0.0
T097,L,1621,T006,101,-1.0876553630735837,6.277269568904007,3.6286694849646377,True,0,mapped,True,0.0
T097,L,1622,T006,102,-1.14386773471367,6.4207329509190405,3.9738100331576,True,0,mapped,True,0.0
T097,L,1623,T006,103,-1.1040701891296971,6.518836728036553,4.207664883591818,True,0,mapped,True,0.0
T097,L,1624,T006,104,-1.1440451455060932,6.674583235440029,4.5234064910409,True,0,mapped,True,0.0
T097,L,1625,T006,105,-1.1120702051624105,6.820103592649195,4.945557976913108,True,0,mapped,True,0.0
T097,L,1626,T006,106,-1.194887340555073,7.0142964097453255,5.344793866991959,True,0,mapped,True,0.0
T097,L,1627,T006,107,-1.265183192822087,7.173362008028711,5.708170251760922,True,0,mapped,True,0.0
T097,L,1628,T006,108,-1.331903495238976,7.3219210539834,6.074598771177209,True,0,mapped,True,0.0
T097,L,1629,T006,109,-1.3618417856246077,7.563122489239058,6.642741762881565,True,0,mapped,True,0.0
T097,L,1630,T006,110,-1.5021156793140795,7.685956220872832,7.257347847499977,True,0,mapped,True,0.0
T097,L,1631,T006,111,-1.762711145973259,7.523773167483505,8.024178654262723,True,0,mapped,True,0.0
T097,L,1632,T006,112,-1.807757004848556,7.05464238343801,8.625480952304667,True,0,mapped,True,0.0
T097,L,1633,T006,113,-1.9169405823558532,6.307200423298516,9.187793291294524,True,0,mapped,True,0.0
T097,L,1634,T006,114,-1.8961066234635096,5.652445793151857,9.510655593044817,True,0,mapped,True,0.0
T097,L,1634,T010,310,-1.8961066234635104,5.652445793151856,9.510655593044817,True,0,mapped,False,1.2560739669470201e-15
T097,L,1635,T006,116,-1.3790532023995792,6.038557152332416,1.8689009808545696,True,0,mapped,True,0.0
T097,L,1636,T006,117,-1.391826548094612,6.046923297521568,2.185990664773206,True,0,mapped,True,0.0
T097,L,1637,T006,118,-1.4616422221229517,6.052821293455351,2.4501799042544894,True,0,mapped,True,0.0
T097,L,1638,T006,119,-1.5140508963397654,6.06920635809082,2.766699158854828,True,0,mapped,True,0.0
T097,L,1639,T006,120,-1.5131180103735034,6.115334880585046,3.0650867449272607,True,0,mapped,True,0.0
T097,L,1640,T006,121,-1.5319921200996447,6.1905594924491325,3.398471116525192,True,0,mapped,True,0.0
T097,L,1641,T006,122,-1.5532059962464522,6.235637770039625,3.76481422568166,True,0,mapped,True,0.0
T097,L,1642,T006,123,-1.5936752212898178,6.302360183867709,4.085278644564492,True,0,mapped,True,0.0
T097,L,1643,T006,124,-1.6543435334089214,6.451483490188824,4.381367960279092,True,0,mapped,True,0.0
T097,L,1644,T006,125,-1.7159323905133352,6.630790772794449,4.717419681774291,True,0,mapped,True,0.0
T097,L,1645,T006,126,-1.8704340559073784,6.714463793418938,5.038190110475536,True,0,mapped,True,0.0
T097,L,1646,T006,127,-1.8973020018998052,7.052198506599227,5.408641017136163,True,0,mapped,True,0.0
T097,L,1647,T006,128,-2.00727877116101,7.292398185590107,5.831060925934177,True,0,mapped,True,0.0
T097,L,1648,T006,129,-2.140997626166084,7.450937118141418,6.275365045548156,True,0,mapped,True,0.0
T097,L,1649,T006,130,-2.301353987360632,7.450451474113648,6.896375657582984,True,0,mapped,True,0.0
T097,L,1650,T006,131,-2.342186941142753,7.138128211739991,7.43077902465822,True,0,mapped,True,0.0
T097,L,1651,T006,132,-2.254935053848569,6.644825612194005,8.128018304416244,True,0,mapped,True,0.0
T097,L,1652,T006,133,-2.252305539978395,6.08534665751472,8.598032974635828,True,0,mapped,True,0.0
T097,L,1653,T006,134,-2.2706907877415703,5.498164602525165,9.032129010996986,True,0,mapped,True,0.0
T097,L,1653,T010,304,-2.270690787741571,5.498164602525163,9.032129010996986,True,0,mapped,False,1.9860273225978185e-15
T097,L,1654,T006,136,-1.845121324090931,5.88098319990976,1.8360040747345583,True,0,mapped,True,0.0
T097,L,1655,T006,137,-1.895637512971188,5.856187814451164,2.2548845248100347,True,0,mapped,True,0.0
T097,L,1656,T006,138,-1.9282775182564504,5.889818422762724,2.5742092481270262,True,0,mapped,True,0.0
T097,L,1657,T006,139,-1.937822436186761,5.907932975146925,2.934519999859061,True,0,mapped,True,0.0
T097,L,1658,T006,140,-1.8778099072071823,5.79665929085656,3.184291728898293,True,0,mapped,True,0.0
T097,L,1659,T006,141,-1.844860071841228,5.762042340712857,3.531921023275715,True,0,mapped,True,0.0
T097,L,1660,T006,142,-1.85322255694147,5.813537764831329,3.9197958205332593,True,0,mapped,True,0.0
T097,L,1661,T006,143,-1.9084520329439216,5.897633093320075,4.31272480104457,True,0,mapped,True,0.0
T097,L,1662,T006,144,-2.0023857360803845,6.051235775817391,4.670748687404757,True,0,mapped,True,0.0
T097,L,1663,T006,145,-2.134033223294099,6.266139942367698,5.01842851831854,True,0,mapped,True,0.0
T097,L,1664,T006,146,-2.2520811264870666,6.546601823615149,5.325710670166278,True,0,mapped,True,0.0
T097,L,1665,T006,147,-2.384098025166032,6.870029735072106,5.638659961107235,True,0,mapped,True,0.0
T097,L,1666,T006,148,-2.6943677326672644,7.071053549796936,6.061560885750211,True,0,mapped,True,0.0
T097,L,1667,T006,149,-2.78187698490018,7.090450810533592,6.622698526515707,True,0,mapped,True,0.0
T097,L,1668,T006,150,-2.8202858856419,6.7940083559784,7.050860611326384,True,0,mapped,True,0.0
T097,L,1669,T006,151,-2.7665832827283925,6.339860244456661,7.570293565487326,True,0,mapped,True,0.0
T097,L,1670,T006,152,-2.6353340557791696,5.883367919220681,8.09896103460376,True,0,mapped,True,0.0
T097,L,1671,T006,153,-2.6138764814220776,5.252446174621582,8.623209166691842,True,0,mapped,True,0.0
T097,L,1671,T010,297,-2.6138764814220776,5.252446174621582,8.623209166691842,True,0,mapped,False,0.0
T097,L,1672,T006,155,-2.288247832648949,5.680170966400445,1.8580150613727435,True,0,mapped,True,0.0
T097,L,1673,T006,156,-2.3311774959377205,5.647862146506996,2.261218708126731,True,0,mapped,True,0.0
T097,L,1674,T006,157,-2.375113782442205,5.655637612164048,2.6324416483564987,True,0,mapped,True,0.0
T097,L,1675,T006,158,-2.3599349715280984,5.609981488393066,2.938777865973746,True,0,mapped,True,0.0
T097,L,1676,T006,159,-2.3225600669498445,5.570729251501076,3.248759870843097,True,0,mapped,True,0.0
T097,L,1677,T006,160,-2.283366112826139,5.571065560207673,3.6295865829814833,True,0,mapped,True,0.0
T097,L,1678,T006,161,-2.3654291488150725,5.60641890470056,4.0633924425661245,True,0,mapped,True,0.0
T097,L,1679,T006,162,-2.439569618311223,5.725056183518732,4.510812861128297,True,0,mapped,True,0.0
T097,L,1680,T006,163,-2.5307630158098533,5.8586296217608815,4.789858900090703,True,0,mapped,True,0.0
T097,L,1681,T006,164,-2.6323829496490725,6.084959628418797,5.132124212157014,True,0,mapped,True,0.0
T097,L,1682,T006,165,-2.792026247080604,6.428949967786212,5.549937879941309,True,0,mapped,True,0.0
T097,L,1683,T006,166,-2.9601121787531053,6.642285881222383,5.818144887199991,True,0,mapped,True,0.0
T097,L,1684,T006,167,-3.2189279000874054,6.778875690664375,6.202477278391883,True,0,mapped,True,0.0
T097,L,1685,T006,168,-3.245914584036833,6.576131858484076,6.63622417979575,True,0,mapped,True,0.0
T097,L,1686,T006,169,-3.202789122976993,6.13312421017919,7.1427899444496,True,0,mapped,True,0.0
T097,L,1687,T006,170,-3.016423890429372,5.773438368634138,7.607230941976631,True,0,mapped,True,0.0
T097,L,1688,T006,171,-2.982310597686731,5.252446174621585,8.102512616477004,True,0,mapped,True,0.0
T097,L,1688,T010,289,-2.982310597686733,5.252446174621582,8.102512616477004,True,0,mapped,False,3.4684476073050936e-15
T097,L,1689,T006,173,-2.735848123421114,5.467828448171312,1.867381095580103,True,0,mapped,True,0.0
T097,L,1690,T006,174,-2.762553994407748,5.448425521543683,2.2794482430790266,True,0,mapped,True,0.0
T097,L,1691,T006,175,-2.787381108115227,5.449114064356849,2.6467938237741997,True,0,mapped,True,0.0
T097,L,1692,T006,176,-2.763616522355193,5.429944407225205,2.970775714184305,True,0,mapped,True,0.0
T097,L,1693,T006,177,-2.758356629506419,5.430149704310937,3.33648481214064,True,0,mapped,True,0.0
T097,L,1694,T006,178,-2.855341042470544,5.4427916592593775,3.722823375909563,True,0,mapped,True,0.0
T097,L,1695,T006,179,-2.9542744704307307,5.485886247951511,4.096502515600301,True,0,mapped,True,0.0
T097,L,1696,T006,180,-3.022980897029117,5.598168441977404,4.47106424720795,True,0,mapped,True,0.0
T097,L,1697,T006,181,-3.075851531432117,5.72203475085957,4.729304155169107,True,0,mapped,True,0.0
T097,L,1698,T006,182,-3.2503964465032973,5.969311675512022,5.172198405045503,True,0,mapped,True,0.0
T097,L,1699,T006,183,-3.484160572643768,6.1695149209094335,5.504130054625358,True,0,mapped,True,0.0
T097,L,1700,T006,184,-3.6372385477513047,6.338707040680792,5.797745061165702,True,0,mapped,True,0.0
T097,L,1701,T006,185,-3.721454094533599,6.302512073923705,6.238575026345179,True,0,mapped,True,0.0
T097,L,1702,T006,186,-3.68085784601827,5.984899827415003,6.661194587008337,True,0,mapped,True,0.0
T097,L,1703,T006,187,-3.4916984490571066,5.611940008673312,7.203529584318606,True,0,mapped,True,0.0
T097,L,1704,T006,188,-3.3850040646964943,5.252446174621583,7.608717257692152,True,0,mapped,True,0.0
T097,L,1704,T010,280,-3.3850040646964947,5.252446174621582,7.608717257692152,True,0,mapped,False,9.930136612989092e-16
T097,L,1705,T006,190,-3.169945585958009,5.266205309871037,1.9251151210980555,True,0,mapped,True,0.0
T097,L,1706,T006,191,-3.1932408915007158,5.250360520381856,2.2938773417600973,True,0,mapped,True,0.0
T097,L,1707,T006,192,-3.258787878937813,5.2163232352158495,2.684535364350096,True,0,mapped,True,0.0
T097,L,1708,T006,193,-3.1884469963342417,5.227002110681316,3.0916640666495683,True,0,mapped,True,0.0
T097,L,1709,T006,194,-3.3090925282331862,5.20885436581289,3.400943965938512,True,0,mapped,True,0.0
T097,L,1710,T006,195,-3.388973074313164,5.249557215339715,3.79920093122992,True,0,mapped,True,0.0
T097,L,1711,T006,196,-3.4289559498280813,5.343665646314098,4.106317927616917,True,0,mapped,True,0.0
T097,L,1712,T006,197,-3.553741008076577,5.497402644094893,4.447559662350386,True,0,mapped,True,0.0
T097,L,1713,T006,198,-3.682083343856683,5.663623419150085,4.768848537190391,True,0,mapped,True,0.0
T097,L,1714,T006,199,-3.909277615110465,5.878953912116735,5.131463487604209,True,0,mapped,True,0.0
T097,L,1715,T006,200,-4.087531011898217,5.984654509375613,5.530291344161748,True,0,mapped,True,0.0
T097,L,1716,T006,201,-4.12112612959786,5.94602289815087,5.977931310585018,True,0,mapped,True,0.0
T097,L,1717,T006,202,-4.061770251504187,5.7992680398969885,6.371243121970236,True,0,mapped,True,0.0
T097,L,1718,T006,203,-3.9940483716030286,5.577416593822155,6.715843051092141,True,0,mapped,True,0.0
T097,L,1719,T006,204,-3.8725281644653737,5.252446174621582,7.198125808993089,True,0,mapped,True,0.0
T097,L,1719,T010,270,-3.8725281644653737,5.252446174621582,7.198125808993089,True,0,mapped,False,0.0
T097,L,1720,T006,206,-3.6251672670317463,5.097251140792258,1.932389477288224,True,0,mapped,True,0.0
T097,L,1721,T006,207,-3.72112066312193,5.059838766916705,2.3391931529252576,True,0,mapped,True,0.0
T097,L,1722,T006,208,-3.700887944890008,5.0570195892341765,2.7147673928385783,True,0,mapped,True,0.0
T097,L,1723,T006,209,-3.656546539059121,5.052946921828148,3.1194545205840654,True,0,mapped,True,0.0
T097,L,1724,T006,210,-3.7161255259956265,5.072869775780744,3.49920870286601,True,0,mapped,True,0.0
T097,L,1725,T006,211,-3.848799890449031,5.133710028808481,3.8209134835864513,True,0,mapped,True,0.0
T097,L,1726,T006,212,-3.9738915697065713,5.262903526736791,4.126582977327956,True,0,mapped,True,0.0
T097,L,1727,T006,213,-4.084592738744802,5.435866748448106,4.408768214632273,True,0,mapped,True,0.0
T097,L,1728,T006,214,-4.333831778712305,5.576482164927947,4.712699631436137,True,0,mapped,True,0.0
T097,L,1729,T006,215,-4.469033612036282,5.674273504853299,5.072758340794982,True,0,mapped,True,0.0
T097,L,1730,T006,216,-4.498635481084819,5.738956879784721,5.535301658115428,True,0,mapped,True,0.0
T097,L,1731,T006,217,-4.561791566960941,5.65152258196791,5.926937279259595,True,0,mapped,True,0.0
T097,L,1732,T006,218,-4.482060785427883,5.48542688939251,6.37371458533292,True,0,mapped,True,0.0
T097,L,1733,T006,219,-4.367004475377714,5.252404750273531,6.795200392377254,True,0,mapped,True,0.0
T097,L,1733,T010,259,-4.367004475377715,5.252404750273529,6.795200392377255,True,0,mapped,False,2.175583928816829e-15
T097,L,1734,T006,221,-4.2039487706640735,5.004093056797492,1.9665664404514924,True,0,mapped,True,0.0
T097,L,1735,T006,222,-4.181271572651784,4.982372194797583,2.32239751372069,True,0,mapped,True,0.0
T097,L,1736,T006,223,-4.135552502959358,4.973396892721485,2.691035750595471,True,0,mapped,True,0.0
T097,L,1737,T006,224,-4.087004524672254,4.974511874819214,3.0487733665852828,True,0,mapped,True,0.0
T097,L,1738,T006,225,-4.276442842093064,5.025847556554768,3.499487714185644,True,0,mapped,True,0.0
T097,L,1739,T006,226,-4.4493652675188935,5.139077319473648,3.759804734316333,True,0,mapped,True,0.0
T097,L,1740,T006,227,-4.551713960739448,5.260805244823844,4.026267453551242,True,0,mapped,True,0.0
T097,L,1741,T006,228,-4.68800014841384,5.371615606939015,4.38598015966486,True,0,mapped,True,0.0
T097,L,1742,T006,229,-4.836961075496316,5.4323933157573485,4.775860256768757,True,0,mapped,True,0.0
T097,L,1743,T006,230,-4.915722678247835,5.476417612826351,5.1604701830715545,True,0,mapped,True,0.0
T097,L,1744,T006,231,-5.013292211916559,5.474069298941181,5.5847294439317166,True,0,mapped,True,0.0
T097,L,1745,T006,232,-4.977959444290736,5.453931180989935,5.95322090666015,True,0,mapped,True,0.0
T097,L,1746,T006,233,-4.909936708464509,5.252446174621583,6.46155204644076,True,0,mapped,True,0.0
T097,L,1746,T010,247,-4.909936708464509,5.252446174621582,6.46155204644076,True,0,mapped,False,8.881784197001252e-16
T097,L,1747,T006,235,-4.7211874854950056,4.997440682565582,1.936503828180923,True,0,mapped,True,0.0
T097,L,1748,T006,236,-4.723363619661046,4.954582271693317,2.291763887690222,True,0,mapped,True,0.0
T097,L,1749,T006,237,-4.628321811779294,4.936375594928782,2.6362702546409014,True,0,mapped,True,0.0
T097,L,1750,T006,238,-4.700494633945256,4.933703562469669,2.997511529777933,True,0,mapped,True,0.0
T097,L,1751,T006,239,-4.805190351481072,4.971171445577782,3.2863649463046336,True,0,mapped,True,0.0
T097,L,1752,T006,240,-5.0081245728946175,5.060582788575337,3.734138445215661,True,0,mapped,True,0.0
T097,L,1753,T006,241,-5.122664911334842,5.159588657563173,4.076707957519197,True,0,mapped,True,0.0
T097,L,1754,T006,242,-5.2024376331820426,5.253229480260012,4.484760949558413,True,0,mapped,True,0.0
T097,L,1755,T006,243,-5.314380810323436,5.316268017518143,4.882794599621607,True,0,mapped,True,0.0
T097,L,1756,T006,244,-5.430821309437299,5.325872158459255,5.245244485542875,True,0,mapped,True,0.0
T097,L,1757,T006,245,-5.400888824269589,5.320235503559628,5.628235984560609,True,0,mapped,True,0.0
T097,L,1758,T006,246,-5.387060552337737,5.252446174621582,6.043899917734931,True,0,mapped,True,0.0
T097,L,1758,T010,234,-5.387060552337737,5.252446174621582,6.043899917734931,True,0,mapped,False,0.0
T097,L,1759,T006,248,-5.233329151553739,4.97993551949999,1.988025588312917,True,0,mapped,True,0.0
T097,L,1760,T006,249,-5.177925150635389,4.935592899149577,2.3287087074953985,True,0,mapped,True,0.0
T097,L,1761,T006,250,-5.075546147842324,4.915848258921908,2.707399882017742,True,0,mapped,True,0.0
T097,L,1762,T006,251,-5.135785254592103,4.908425957930071,3.0303671788710567,True,0,mapped,True,0.0
T097,L,1763,T006,252,-5.332199990662366,4.929134120604109,3.3685098977230767,True,0,mapped,True,0.0
T097,L,1764,T006,253,-5.527738534573432,4.983812307651181,3.715533481933062,True,0,mapped,True,0.0
T097,L,1765,T006,254,-5.63169440226463,5.065261233239431,4.102383915148084,True,0,mapped,True,0.0
T097,L,1766,T006,255,-5.695741567349527,5.1372737510259165,4.495072255949227,True,0,mapped,True,0.0
T097,L,1767,T006,256,-5.788415320918698,5.179350984582977,4.825129111036838,True,0,mapped,True,0.0
T097,L,1768,T006,257,-5.82989108393171,5.200743694421861,5.175800544066655,True,0,mapped,True,0.0
T097,L,1769,T006,258,-5.873947262350873,5.171731854135576,5.653665900643511,True,0,mapped,True,0.0
T097,L,1769,T010,220,-5.873947262350874,5.171731854135576,5.653665900643512,True,0,mapped,False,1.2560739669470201e-15
T097,L,1770,T006,260,-5.73406824673939,4.960961775720142,2.015072292921143,True,0,mapped,True,0.0
T097,L,1771,T006,261,-5.68336720446815,4.8991079271715545,2.3033239192086943,True,0,mapped,True,0.0
T097,L,1772,T006,262,-5.600481281172293,4.873785267224438,2.630145506407108,True,0,mapped,True,0.0
T097,L,1773,T006,263,-5.627228213704432,4.87705725220801,3.031286502243707,True,0,mapped,True,0.0
T097,L,1774,T006,264,-5.821888953151991,4.911046720331605,3.464795760323273,True,0,mapped,True,0.0
T097,L,1775,T006,265,-5.980238540642109,4.947444816246806,3.814734080245027,True,0,mapped,True,0.0
T097,L,1776,T006,266,-6.132718559053069,4.97580700526893,4.146785505513068,True,0,mapped,True,0.0
T097,L,1777,T006,267,-6.194746067699958,5.014323340289134,4.467183374891119,True,0,mapped,True,0.0
T097,L,1778,T006,268,-6.2880203832890365,5.042364741538371,4.883400352115747,True,0,mapped,True,0.0
T097,L,1779,T006,269,-6.360565221891926,5.031730309358595,5.331110477447508,True,0,mapped,True,0.0
T097,L,1779,T010,205,-6.360565221891929,5.0317303093585934,5.33111047744751,True,0,mapped,False,3.66205343881779e-15
T097,L,1780,T006,271,-6.200438537333791,4.997151842272717,1.93854236624357,True,0,mapped,True,0.0
T097,L,1781,T006,272,-6.1315635766263945,4.87430561615021,2.300288377022748,True,0,mapped,True,0.0
T097,L,1782,T006,273,-6.16172905742813,4.831621009888892,2.63625318072815,True,0,mapped,True,0.0
T097,L,1783,T006,274,-6.243565578266397,4.821311477523713,3.090008831923694,True,0,mapped,True,0.0
T097,L,1784,T006,275,-6.331901455904227,4.829950946733923,3.4573633071395093,True,0,mapped,True,0.0
T097,L,1785,T006,276,-6.514114410704622,4.836412301843065,3.840698067922327,True,0,mapped,True,0.0
T097,L,1786,T006,277,-6.645169880744046,4.86606699915515,4.229709088369042,True,0,mapped,True,0.0
T097,L,1787,T006,278,-6.756722745770515,4.866891895835635,4.619009371952264,True,0,mapped,True,0.0
T097,L,1788,T006,279,-6.855333362345824,4.829294162548749,5.069261151991395,True,0,mapped,True,0.0
T097,L,1788,T010,189,-6.855333362345824,4.829294162548749,5.069261151991395,True,0,mapped,False,0.0
T097,L,1789,T006,281,-6.79415178600384,4.938775578263689,1.9814019102147595,True,0,mapped,True,0.0
T097,L,1790,T006,282,-6.784337369134582,4.784672828010318,2.3557281411456863,True,0,mapped,True,0.0
T097,L,1791,T006,283,-6.773370418285483,4.7594083538799214,2.760917831167988,True,0,mapped,True,0.0
T097,L,1792,T006,284,-6.745605339015961,4.747068527505826,3.100659434765998,True,0,mapped,True,0.0
T097,L,1793,T006,285,-6.8790128711542495,4.719294347305732,3.540981563600776,True,0,mapped,True,0.0
T097,L,1794,T006,286,-6.991590656706596,4.714879791971936,3.9272207699453423,True,0,mapped,True,0.0
T097,L,1795,T006,287,-7.196164617530034,4.68112048259332,4.341837448665993,True,0,mapped,True,0.0
T097,L,1796,T006,288,-7.301534262585487,4.64203067367853,4.689882311754819,True,0,mapped,True,0.0
T097,L,1796,T010,172,-7.301534262585488,4.64203067367853,4.689882311754819,True,0,mapped,False,8.881784197001252e-16
T097,L,1797,T006,290,-7.321023334739548,4.830263927881785,2.0690222563181155,True,0,mapped,True,0.0
T097,L,1798,T006,291,-7.260832367155061,4.755051072943155,2.3130576439967343,True,0,mapped,True,0.0
T097,L,1799,T006,292,-7.236826767511618,4.699704808038278,2.613919149990143,True,0,mapped,True,0.0
T097,L,1800,T006,293,-7.289902068049194,4.648042108313096,2.9767932000446176,True,0,mapped,True,0.0
T097,L,1801,T006,294,-7.326312551518937,4.601198774952607,3.3416432397731315,True,0,mapped,True,0.0
T097,L,1802,T006,295,-7.47599649391568,4.551594929174117,3.751858061818746,True,0,mapped,True,0.0
T097,L,1803,T006,296,-7.596503257751464,4.51467195442327,4.178668124441094,True,0,mapped,True,0.0
T097,L,1803,T010,154,-7.596503257751465,4.51467195442327,4.178668124441094,True,0,mapped,False,8.881784197001252e-16
T097,L,1804,T006,298,-7.706639372762092,4.710014643291194,2.040229484357081,True,0,mapped,True,0.0
T097,L,1805,T006,299,-7.662841125254173,4.638164869305869,2.311491507833936,True,0,mapped,True,0.0
T097,L,1806,T006,300,-7.688131105712916,4.566803293353084,2.547023554591327,True,0,mapped,True,0.0
T097,L,1807,T006,301,-7.740369080783624,4.492786006344859,2.853658323733705,True,0,mapped,True,0.0
T097,L,1808,T006,302,-7.774531904529144,4.434545167793317,3.293643938010557,True,0,mapped,True,0.0
T097,L,1809,T006,303,-7.8831729048826205,4.370680412123937,3.644440393211748,True,0,mapped,True,0.0
T097,L,1809,T010,135,-7.8831729048826205,4.370680412123937,3.644440393211748,True,0,mapped,False,0.0
T097,L,1810,T006,305,-8.118816386526897,4.528012271374036,2.0012795102859897,True,0,mapped,True,0.0
T097,L,1811,T006,306,-8.052960936080105,4.457927426098723,2.277168888962754,True,0,mapped,True,0.0
T097,L,1812,T006,307,-8.084881454878676,4.38269565629708,2.494109482453469,True,0,mapped,True,0.0
T097,L,1813,T006,308,-8.099575896863398,4.316648281729796,2.851594294038013,True,0,mapped,True,0.0
T097,L,1814,T006,309,-8.146732826585374,4.252446174621582,3.194727276003832,True,0,mapped,True,0.0
T097,L,1814,T010,115,-8.146732826585374,4.252446174621582,3.194727276003832,True,0,mapped,False,0.0
T097,L,1815,T006,311,-8.470705376642325,4.350861878893248,1.9369619084210183,True,0,mapped,True,0.0
T097,L,1816,T006,312,-8.442890107136337,4.2366299247026005,2.235793546093741,True,0,mapped,True,0.0
T097,L,1817,T006,313,-8.416177535912624,4.204119563123546,2.413707463421204,True,0,mapped,True,0.0
T097,L,1818,T006,314,-8.410019602224155,4.152279605296989,2.715183337525148,True,0,mapped,True,0.0
T097,L,1818,T010,94,-8.410019602224155,4.152279605296988,2.7151833375251475,True,0,mapped,False,9.930136612989092e-16
T097,L,1819,T006,316,-8.936672030441661,3.9676408985931655,1.9006115002420043,True,0,mapped,True,0.0
T097,L,1820,T006,317,-8.839496350682689,3.967880741574474,2.048831122281402,True,0,mapped,True,0.0
T097,L,1821,T006,318,-8.815489217404025,3.8781159260576583,2.3311102390289307,True,0,mapped,True,0.0
T097,L,1821,T010,72,-8.815489217404025,3.878115926057659,2.3311102390289307,True,0,mapped,False,8.881784197001252e-16
T097,L,1822,T006,320,-9.342504226436372,3.658838530165744,1.8342606973782452,True,0,mapped,True,0.0
T097,L,1823,T006,321,-9.274823435297158,3.6225463178851953,2.065089068188162,True,0,mapped,True,0.0
T097,L,1823,T010,49,-9.274823435297158,3.6225463178851953,2.065089068188162,True,0,mapped,False,0.0
T097,L,1824,T006,323,-9.747946109393434,3.3547808163517066,1.7513344085769125,True,0,mapped,True,0.0
T097,L,1824,T010,25,-9.747946109393434,3.354780816351706,1.7513344085769125,True,0,mapped,False,4.440892098500626e-16
T097,L,1825,T007,25,0.7836785231918078,4.565980640254021,1.595759072808224,True,0,mapped,True,0.0
T097,L,1826,T007,26,0.6331287275499502,4.5521977371089,1.9860186456498627,True,0,mapped,True,0.0
T097,L,1827,T007,27,0.5675843074105129,4.56230463822174,2.3390450615371146,True,0,mapped,True,0.0
T097,L,1828,T007,28,0.5214603523730235,4.598706209522941,2.525621011443894,True,0,mapped,True,0.0
T097,L,1829,T007,29,0.4729686378075883,4.633920218230817,2.776288729158202,True,0,mapped,True,0.0
T097,L,1830,T007,30,0.4317943774755449,4.669010868417933,3.122758867243835,True,0,mapped,True,0.0
T097,L,1831,T007,31,0.444199961425939,4.677240355090008,3.519016357553241,True,0,mapped,True,0.0
T097,L,1832,T007,32,0.4130314979133075,4.666509065801609,3.831593737114187,True,0,mapped,True,0.0
T097,L,1833,T007,33,0.3628806190931644,4.615641295610066,4.130376565688892,True,0,mapped,True,0.0
T097,L,1834,T007,34,0.2202780284073948,4.705371187298692,4.401988995805819,True,0,mapped,True,0.0
T097,L,1835,T007,35,0.1666712217872776,4.722588487283178,4.678133625969878,True,0,mapped,True,0.0
T097,L,1836,T007,36,0.1199958687076123,4.797707887485171,4.960100200079202,True,0,mapped,True,0.0
T097,L,1837,T007,37,0.085884510162567,4.834550260326479,5.265110533099614,True,0,mapped,True,0.0
T097,L,1838,T007,38,0.0815115474246672,4.839135889099632,5.585577215324126,True,0,mapped,True,0.0
T097,L,1839,T007,39,0.1149782250886122,4.847510871435955,5.904263047751966,True,0,mapped,True,0.0
T097,L,1840,T007,40,0.1602931986830482,4.901507242988132,6.210249758473639,True,0,mapped,True,0.0
T097,L,1841,T007,41,0.2104879057799974,4.983221882255763,6.505135861194951,True,0,mapped,True,0.0
T097,L,1842,T007,42,0.2753786273544362,5.063812403901169,6.797335868807076,True,0,mapped,True,0.0
T097,L,1843,T007,43,0.3371552386130648,5.169541823047301,7.087178516507699,True,0,mapped,True,0.0
T097,L,1844,T007,44,0.3809857652591946,5.308571314889597,7.369239610903246,True,0,mapped,True,0.0
T097,L,1845,T007,45,0.4108923661360091,5.439676175408842,7.65410882273056,True,0,mapped,True,0.0
T097,L,1846,T007,46,0.4416372996621373,5.5082093148834925,7.96282941296626,True,0,mapped,True,0.0
T097,L,1847,T007,47,0.4588054369125169,5.516222005020447,8.29356884580356,True,0,mapped,True,0.0
T097,L,1848,T007,48,0.4439869551068489,5.506301270297998,8.58673930852485,True,0,mapped,True,0.0
T097,L,1848,T013,322,0.4439869551068493,5.506301270297998,8.58673930852485,True,0,mapped,False,4.440892098500626e-16
T097,L,1849,T007,49,0.7977688562089298,4.299463414360829,1.802490726531762,True,0,mapped,True,0.0
T097,L,1850,T007,50,0.725720674843837,4.284235131802227,2.155221284660998,True,0,mapped,True,0.0
T097,L,1851,T007,51,0.6759154989817882,4.311855451834004,2.421361627190155,True,0,mapped,True,0.0
T097,L,1852,T007,52,0.6465006296900411,4.32265056622111,2.6361980181353246,True,0,mapped,True,0.0
T097,L,1853,T007,53,0.5937865593640532,4.378202895342591,2.945829728964549,True,0,mapped,True,0.0
T097,L,1854,T007,54,0.5766298828364985,4.415663327922378,3.272278849273623,True,0,mapped,True,0.0
T097,L,1855,T007,55,0.5820488254773908,4.437761784832727,3.635803497067864,True,0,mapped,True,0.0
T097,L,1856,T007,56,0.5025525423113333,4.475224240762681,3.9047142224025095,True,0,mapped,True,0.0
T097,L,1857,T007,57,0.4099561124058536,4.479471755121936,4.170377481804201,True,0,mapped,True,0.0
T097,L,1858,T007,58,0.293113972104446,4.528939744161922,4.423618689901553,True,0,mapped,True,0.0
T097,L,1859,T007,59,0.2215787570366405,4.550450908240679,4.694127711762782,True,0,mapped,True,0.0
T097,L,1860,T007,60,0.1978239986276667,4.564003903484884,4.982877011769806,True,0,mapped,True,0.0
T097,L,1861,T007,61,0.1802225866239863,4.594422783948161,5.272452097095687,True,0,mapped,True,0.0
T097,L,1862,T007,62,0.1860581842510977,4.61422780264709,5.57688381307588,True,0,mapped,True,0.0
T097,L,1863,T007,63,0.2129992849517127,4.632970697682652,5.889393017198138,True,0,mapped,True,0.0
T097,L,1864,T007,64,0.2597867125655963,4.670889678757381,6.198414722298722,True,0,mapped,True,0.0
T097,L,1865,T007,65,0.314932594657844,4.745351210751393,6.492768633388746,True,0,mapped,True,0.0
T097,L,1866,T007,66,0.374482845086674,4.839102473942577,6.777501714468168,True,0,mapped,True,0.0
T097,L,1867,T007,67,0.4348891858362935,4.953469997718152,7.056863528882541,True,0,mapped,True,0.0
T097,L,1868,T007,68,0.4896105901257287,5.087133218190253,7.335727627554649,True,0,mapped,True,0.0
T097,L,1869,T007,69,0.5427306953922457,5.206347434973661,7.623650154369556,True,0,mapped,True,0.0
T097,L,1870,T007,70,0.6052057770176373,5.277796654062065,7.94145910894516,True,0,mapped,True,0.0
T097,L,1871,T007,71,0.7125489012246949,5.239508644682838,8.333660540031799,True,0,mapped,True,0.0
T097,L,1871,T013,319,0.7125489012246952,5.239508644682838,8.333660540031797,True,0,mapped,False,1.790180836524724e-15
T097,L,1872,T007,72,0.8925191530202867,4.019160274753517,1.9643958964763493,True,0,mapped,True,0.0
T097,L,1873,T007,73,0.7968480353787591,4.064715266828203,2.291050572583317,True,0,mapped,True,0.0
T097,L,1874,T007,74,0.7922137269295767,4.023360470814112,2.529041628532283,True,0,mapped,True,0.0
T097,L,1875,T007,75,0.7687666435651406,4.047256396558549,2.8365035857482788,True,0,mapped,True,0.0
T097,L,1876,T007,76,0.7180994064550814,4.141027944788972,3.042802722843525,True,0,mapped,True,0.0
T097,L,1877,T007,77,0.7154723601893043,4.189213215399576,3.400131896336733,True,0,mapped,True,0.0
T097,L,1878,T007,78,0.6716935117593588,4.238835352520675,3.696014900455776,True,0,mapped,True,0.0
T097,L,1879,T007,79,0.5735831642503695,4.231387900413333,3.903619354224893,True,0,mapped,True,0.0
T097,L,1880,T007,80,0.4891843625426498,4.183287805611021,4.205724763194978,True,0,mapped,True,0.0
T097,L,1881,T007,81,0.402641527746408,4.241924215223099,4.441457506719646,True,0,mapped,True,0.0
T097,L,1882,T007,82,0.3283848033076941,4.266256358062053,4.781634839072602,True,0,mapped,True,0.0
T097,L,1883,T007,83,0.2909974622123809,4.321007684333036,4.989508185275746,True,0,mapped,True,0.0
T097,L,1884,T007,84,0.2717964280783661,4.358033500467229,5.267826164069975,True,0,mapped,True,0.0
T097,L,1885,T007,85,0.2753327694303648,4.389728498776128,5.564279376357292,True,0,mapped,True,0.0
T097,L,1886,T007,86,0.3044411282166828,4.420843817169527,5.872564574976634,True,0,mapped,True,0.0
T097,L,1887,T007,87,0.3519045562905672,4.460747678850799,6.181322013056157,True,0,mapped,True,0.0
T097,L,1888,T007,88,0.4128970392918581,4.526124715131871,6.478152677588887,True,0,mapped,True,0.0
T097,L,1889,T007,89,0.4760154588139712,4.625514193807721,6.761228267091567,True,0,mapped,True,0.0
T097,L,1890,T007,90,0.5376411709765399,4.745676632370103,7.033533108131503,True,0,mapped,True,0.0
T097,L,1891,T007,91,0.5939246344113728,4.882899299358177,7.301748629866687,True,0,mapped,True,0.0
T097,L,1892,T007,92,0.6538148312023219,5.011715915973413,7.583697597132559,True,0,mapped,True,0.0
T097,L,1893,T007,93,0.7471035816827758,5.079094767080361,7.918100726308866,True,0,mapped,True,0.0
T097,L,1893,T013,315,0.7471035816827758,5.079094767080361,7.918100726308866,True,0,mapped,False,0.0
T097,L,1894,T007,94,0.965502130430376,3.7616196464584526,2.1708190715078297,True,0,mapped,True,0.0
T097,L,1895,T007,95,0.9275058569224748,3.7518817827718585,2.3769931135008457,True,0,mapped,True,0.0
T097,L,1896,T007,96,0.8709670661864274,3.824575594037857,2.5686101220865742,True,0,mapped,True,0.0
T097,L,1897,T007,97,0.8324801172821717,3.869899083469904,2.8196812234613917,True,0,mapped,True,0.0
T097,L,1898,T007,98,0.8121207465659381,3.9130143137265394,3.193130709637248,True,0,mapped,True,0.0
T097,L,1899,T007,99,0.8314899939984726,3.9549341320265934,3.4945523878507623,True,0,mapped,True,0.0
T097,L,1900,T007,100,0.7830969752951056,3.9731820030800815,3.76209592913459,True,0,mapped,True,0.0
T097,L,1901,T007,101,0.6658076811840625,3.981234868353437,3.973228098892751,True,0,mapped,True,0.0
T097,L,1902,T007,102,0.5822301757389885,3.977856278004892,4.241580177112281,True,0,mapped,True,0.0
T097,L,1903,T007,103,0.5056338807113904,4.021849121971759,4.475955709322065,True,0,mapped,True,0.0
T097,L,1904,T007,104,0.4475012753862256,4.0396370601607305,4.697542455635839,True,0,mapped,True,0.0
T097,L,1905,T007,105,0.3879863994575564,4.08935188383126,4.981994788407723,True,0,mapped,True,0.0
T097,L,1906,T007,106,0.3604026833019614,4.129026939063067,5.2574451799907065,True,0,mapped,True,0.0
T097,L,1907,T007,107,0.3583912472494654,4.169874568022648,5.550972984911184,True,0,mapped,True,0.0
T097,L,1908,T007,108,0.3848596839280815,4.211385320014353,5.857473204218056,True,0,mapped,True,0.0
T097,L,1909,T007,109,0.4352912563803801,4.260999021769077,6.165533699916347,True,0,mapped,True,0.0
T097,L,1910,T007,110,0.5035538271685268,4.324465857133462,6.465118993442074,True,0,mapped,True,0.0
T097,L,1911,T007,111,0.5769040983090026,4.416871496768921,6.751309336444194,True,0,mapped,True,0.0
T097,L,1912,T007,112,0.6449117247468868,4.539955769353479,7.021997578328721,True,0,mapped,True,0.0
T097,L,1913,T007,113,0.6922255965070814,4.689574668916093,7.267432643800436,True,0,mapped,True,0.0
T097,L,1914,T007,114,0.7538243235245059,4.828293948938155,7.541318500444532,True,0,mapped,True,0.0
T097,L,1914,T013,310,0.7538243235245062,4.828293948938155,7.541318500444531,True,0,mapped,False,9.485749680535094e-16
T097,L,1915,T007,115,1.0559022304525698,3.467719743411796,2.322514093805608,True,0,mapped,True,0.0
T097,L,1916,T007,116,1.017722959881884,3.486311977343683,2.504843989233458,True,0,mapped,True,0.0
T097,L,1917,T007,117,0.9808612361969788,3.499899999314223,2.7721192752247705,True,0,mapped,True,0.0
T097,L,1918,T007,118,0.9294996439981272,3.523358058515405,3.007270553145435,True,0,mapped,True,0.0
T097,L,1919,T007,119,0.9079215297616788,3.6159517808634254,3.266158770639528,True,0,mapped,True,0.0
T097,L,1920,T007,120,0.9491703915855526,3.6756794835420057,3.53561055775328,True,0,mapped,True,0.0
T097,L,1921,T007,121,0.8783846902114778,3.812766403224124,3.8247475168894063,True,0,mapped,True,0.0
T097,L,1922,T007,122,0.7892118802656845,3.809924240932129,4.046414430773815,True,0,mapped,True,0.0
T097,L,1923,T007,123,0.6650222981295255,3.861781436418044,4.262381603529424,True,0,mapped,True,0.0
T097,L,1924,T007,124,0.6064721588243758,3.846141364186786,4.50492806042517,True,0,mapped,True,0.0
T097,L,1925,T007,125,0.5447619277862455,3.8203533760357367,4.733665052323363,True,0,mapped,True,0.0
T097,L,1926,T007,126,0.4726571303255724,3.88214940131151,4.9943996276354845,True,0,mapped,True,0.0
T097,L,1927,T007,127,0.4367150094443225,3.917321303582301,5.256459367803104,True,0,mapped,True,0.0
T097,L,1928,T007,128,0.4289804531013993,3.960256127784949,5.546254761804816,True,0,mapped,True,0.0
T097,L,1929,T007,129,0.4489927295034096,4.006110954167913,5.84940873447482,True,0,mapped,True,0.0
T097,L,1930,T007,130,0.5032760656229518,4.057599222710803,6.156248176100284,True,0,mapped,True,0.0
T097,L,1931,T007,131,0.5793354033110183,4.122976246727889,6.461535427337125,True,0,mapped,True,0.0
T097,L,1932,T007,132,0.670289575295753,4.207016404135028,6.757549581341114,True,0,mapped,True,0.0
T097,L,1933,T007,133,0.7585781924584392,4.326475569488337,7.029903078929369,True,0,mapped,True,0.0
T097,L,1934,T007,134,0.8142086686496848,4.482726003204137,7.268072191593947,True,0,mapped,True,0.0
T097,L,1934,T013,304,0.8142086686496849,4.482726003204137,7.268072191593947,True,0,mapped,False,1.1102230246251565e-16
T097,L,1935,T007,135,1.172765940707107,3.1478051115302152,2.3411311022809342,True,0,mapped,True,0.0
T097,L,1936,T007,136,1.111154167375773,3.168988265522315,2.58102390985642,True,0,mapped,True,0.0
T097,L,1937,T007,137,1.081150590294214,3.1740713119217965,2.798409166567004,True,0,mapped,True,0.0
T097,L,1938,T007,138,1.0123300013642378,3.2265784744593486,3.0575333680716565,True,0,mapped,True,0.0
T097,L,1939,T007,139,0.9914164058051722,3.3273436212487115,3.3397741101354,True,0,mapped,True,0.0
T097,L,1940,T007,140,1.0368486184771069,3.450432209962071,3.645529487901917,True,0,mapped,True,0.0
T097,L,1941,T007,141,1.0092068179097646,3.540219432597953,3.9055643122243007,True,0,mapped,True,0.0
T097,L,1942,T007,142,0.9356698312032752,3.6047543338554378,4.158586701554523,True,0,mapped,True,0.0
T097,L,1943,T007,143,0.8208898615732718,3.640976436737216,4.384223419841169,True,0,mapped,True,0.0
T097,L,1944,T007,144,0.7263799586174834,3.633716861544187,4.563211107845813,True,0,mapped,True,0.0
T097,L,1945,T007,145,0.6013873278349116,3.663896406602429,4.762708837833488,True,0,mapped,True,0.0
T097,L,1946,T007,146,0.5283525165332608,3.683862050543949,5.029332189157329,True,0,mapped,True,0.0
T097,L,1947,T007,147,0.4905288718645579,3.7207272252472894,5.282008550868051,True,0,mapped,True,0.0
T097,L,1948,T007,148,0.4771229676164396,3.762184006897909,5.560082220469317,True,0,mapped,True,0.0
T097,L,1949,T007,149,0.4967789126606011,3.805833589593061,5.852935308064327,True,0,mapped,True,0.0
T097,L,1950,T007,150,0.5496706170774507,3.853954758444978,6.157600200036812,True,0,mapped,True,0.0
T097,L,1951,T007,151,0.6338327715493293,3.915036188801099,6.4667403631938685,True,0,mapped,True,0.0
T097,L,1952,T007,152,0.7476517729646971,3.995554710278316,6.771406040529392,True,0,mapped,True,0.0
T097,L,1953,T007,153,0.9022502346308456,4.072494907140185,7.103187434738774,True,0,mapped,True,0.0
T097,L,1953,T013,297,0.9022502346308456,4.072494907140185,7.103187434738774,True,0,mapped,False,0.0
T097,L,1954,T007,154,1.2839770165441924,2.8243347407855155,2.3311102390289307,True,0,mapped,True,0.0
T097,L,1955,T007,155,1.178173852722852,2.8254925230143457,2.667360469285033,True,0,mapped,True,0.0
T097,L,1956,T007,156,1.1343796003279685,2.873499152251968,2.908600231709248,True,0,mapped,True,0.0
T097,L,1957,T007,157,1.1323211907275983,2.8751274916495806,3.1222198862053205,True,0,mapped,True,0.0
T097,L,1958,T007,158,1.1081904593807534,2.9972994105107222,3.408102690245361,True,0,mapped,True,0.0
T097,L,1959,T007,159,1.119611072369383,3.175104688905523,3.711171912555704,True,0,mapped,True,0.0
T097,L,1960,T007,160,1.0930827449096137,3.2515318956218437,3.9713863834399823,True,0,mapped,True,0.0
T097,L,1961,T007,161,1.0252170605221025,3.305764071619828,4.22791318038042,True,0,mapped,True,0.0
T097,L,1962,T007,162,0.9048805529668924,3.337607526632248,4.4669810838785295,True,0,mapped,True,0.0
T097,L,1963,T007,163,0.7556828664802323,3.3808763516828817,4.671103049756489,True,0,mapped,True,0.0
T097,L,1964,T007,164,0.6257057593152797,3.428296405377375,4.864530929801145,True,0,mapped,True,0.0
T097,L,1965,T007,165,0.5496381546088721,3.4740616058051152,5.0777977749733765,True,0,mapped,True,0.0
T097,L,1966,T007,166,0.5054418146291518,3.5195453045392826,5.320151500604099,True,0,mapped,True,0.0
T097,L,1967,T007,167,0.4942666679637592,3.565303008349685,5.582483736238906,True,0,mapped,True,0.0
T097,L,1968,T007,168,0.5134735236482925,3.6065882177898714,5.865380471514605,True,0,mapped,True,0.0
T097,L,1969,T007,169,0.5691298294870901,3.647342085722875,6.168789135675353,True,0,mapped,True,0.0
T097,L,1970,T007,170,0.6625075924858131,3.6970153276024726,6.483114989056183,True,0,mapped,True,0.0
T097,L,1971,T007,171,0.7995509099103786,3.756319043675023,6.808698294018709,True,0,mapped,True,0.0
T097,L,1971,T013,289,0.7995509099103787,3.756319043675023,6.8086982940187095,True,0,mapped,False,8.95090418262362e-16
T097,L,1972,T007,172,1.3753337216901935,2.493308903640136,2.3311102390289307,True,0,mapped,True,0.0
T097,L,1973,T007,173,1.2793228691635474,2.5104415246852287,2.667515360701282,True,0,mapped,True,0.0
T097,L,1974,T007,174,1.2058986926192403,2.5552319426809538,2.9251816924602085,True,0,mapped,True,0.0
T097,L,1975,T007,175,1.1805522548220395,2.6023492480597934,3.22933121764762,True,0,mapped,True,0.0
T097,L,1976,T007,176,1.1627309969790145,2.722490685108819,3.4556387484615554,True,0,mapped,True,0.0
T097,L,1977,T007,177,1.1622568214164355,2.87233535368485,3.742305372486892,True,0,mapped,True,0.0
T097,L,1978,T007,178,1.1363525910766237,2.9454662037791084,4.006323672528657,True,0,mapped,True,0.0
T097,L,1979,T007,179,1.0643807328868882,2.9791521269574948,4.241495499751577,True,0,mapped,True,0.0
T097,L,1980,T007,180,0.9182235415509878,3.004990782035922,4.484544272018224,True,0,mapped,True,0.0
T097,L,1981,T007,181,0.7354809106233614,3.083213261237889,4.687726879579024,True,0,mapped,True,0.0
T097,L,1982,T007,182,0.5889586646801315,3.1442906701957387,4.911493875287198,True,0,mapped,True,0.0
T097,L,1983,T007,183,0.5329281855675403,3.2362175809179634,5.130563871616985,True,0,mapped,True,0.0
T097,L,1984,T007,184,0.4926184508717144,3.2961801971659277,5.366674727389996,True,0,mapped,True,0.0
T097,L,1985,T007,185,0.484650051067602,3.3538992463564394,5.613016494638998,True,0,mapped,True,0.0
T097,L,1986,T007,186,0.5023636395841652,3.4053576184033445,5.872121953763994,True,0,mapped,True,0.0
T097,L,1987,T007,187,0.5583762490187316,3.439011805657592,6.17337531561399,True,0,mapped,True,0.0
T097,L,1988,T007,188,0.6617520842672924,3.448097420182222,6.521701025975326,True,0,mapped,True,0.0
T097,L,1988,T013,280,0.6617520842672923,3.448097420182222,6.521701025975326,True,0,mapped,False,1.1102230246251565e-16
T097,L,1989,T007,189,1.4034969806671145,2.1992238284590906,2.46956587940739,True,0,mapped,True,0.0
T097,L,1990,T007,190,1.307904455653992,2.2636262261558744,2.793421799699555,True,0,mapped,True,0.0
T097,L,1991,T007,191,1.2489138183598796,2.300678107277903,3.0082956552962314,True,0,mapped,True,0.0
T097,L,1992,T007,192,1.209959153122146,2.367254303574754,3.2870359616665423,True,0,mapped,True,0.0
T097,L,1993,T007,193,1.1859149454125435,2.4312848840898047,3.605524554268008,True,0,mapped,True,0.0
T097,L,1994,T007,194,1.1660818500039742,2.551535057033462,3.778970085391962,True,0,mapped,True,0.0
T097,L,1995,T007,195,1.1301331624943804,2.609960669582782,3.99826677595216,True,0,mapped,True,0.0
T097,L,1996,T007,196,1.0562029745685793,2.66954577636945,4.253201390509457,True,0,mapped,True,0.0
T097,L,1997,T007,197,0.8580984284998447,2.7133548019556164,4.479346430005885,True,0,mapped,True,0.0
T097,L,1998,T007,198,0.6596175282932946,2.786651561331876,4.70668707011802,True,0,mapped,True,0.0
T097,L,1999,T007,199,0.5221049347999582,2.8745026289079263,4.933704889594093,True,0,mapped,True,0.0
T097,L,2000,T007,200,0.4710866199507708,2.960481197095219,5.177227314593374,True,0,mapped,True,0.0
T097,L,2001,T007,201,0.4492216726648808,3.0393970035515943,5.419896653570115,True,0,mapped,True,0.0
T097,L,2002,T007,202,0.4504306079966997,3.106347705158397,5.652337554064042,True,0,mapped,True,0.0
T097,L,2003,T007,203,0.4708558867581383,3.189104100133964,5.875191846069466,True,0,mapped,True,0.0
T097,L,2004,T007,204,0.5187282319204731,3.250125868758106,6.136833112854266,True,0,mapped,True,0.0
T097,L,2004,T013,270,0.5187282319204731,3.250125868758106,6.136833112854266,True,0,mapped,False,0.0
T097,L,2005,T007,205,1.4060552720338872,1.8946142476133017,2.6093903011257416,True,0,mapped,True,0.0
T097,L,2006,T007,206,1.2949835304174322,1.9438033366702003,2.950310768421316,True,0,mapped,True,0.0
T097,L,2007,T007,207,1.242335283470526,2.003486915704702,3.195014076355108,True,0,mapped,True,0.0
T097,L,2008,T007,208,1.2135669008934016,2.0598509896246875,3.4416701233661646,True,0,mapped,True,0.0
T097,L,2009,T007,209,1.2009839623878067,2.1234085674519854,3.6013537464424834,True,0,mapped,True,0.0
T097,L,2010,T007,210,1.1721559139898536,2.2169481749253857,3.940602527699936,True,0,mapped,True,0.0
T097,L,2011,T007,211,1.146222022730206,2.286798593907135,4.157255304642908,True,0,mapped,True,0.0
T097,L,2012,T007,212,1.0506620376312814,2.367944792720205,4.410602381439463,True,0,mapped,True,0.0
T097,L,2013,T007,213,0.8829237041115603,2.455514104399744,4.561172722176541,True,0,mapped,True,0.0
T097,L,2014,T007,214,0.6136349910744582,2.474899103415514,4.788692401225584,True,0,mapped,True,0.0
T097,L,2015,T007,215,0.4696731554303501,2.563915821759167,5.005619430809167,True,0,mapped,True,0.0
T097,L,2016,T007,216,0.419180697496907,2.657335799179555,5.229326514849314,True,0,mapped,True,0.0
T097,L,2017,T007,217,0.3953099403391903,2.737375091505005,5.478659686138747,True,0,mapped,True,0.0
T097,L,2018,T007,218,0.3921871614922131,2.8075724625821787,5.713766803550819,True,0,mapped,True,0.0
T097,L,2019,T007,219,0.4097994537055391,2.890841765125747,5.929828996206545,True,0,mapped,True,0.0
T097,L,2019,T013,259,0.4097994537055389,2.8908417651257463,5.929828996206545,True,0,mapped,False,9.155133597044475e-16
T097,L,2020,T007,220,1.4034969806671145,1.5671142686688433,2.7095767430488302,True,0,mapped,True,0.0
T097,L,2021,T007,221,1.284013226986267,1.6320366956042047,3.004098313458728,True,0,mapped,True,0.0
T097,L,2022,T007,222,1.2237623071376138,1.674426983104334,3.286826496770918,True,0,mapped,True,0.0
T097,L,2023,T007,223,1.187727941425378,1.6607395685619073,3.4648121825018983,True,0,mapped,True,0.0
T097,L,2024,T007,224,1.1534398797912897,1.7753221933979213,3.714228495285637,True,0,mapped,True,0.0
T097,L,2025,T007,225,1.154763431200441,1.9389836995634715,3.9521392629110568,True,0,mapped,True,0.0
T097,L,2026,T007,226,1.157114723610953,1.9675643526616649,4.231051460206335,True,0,mapped,True,0.0
T097,L,2027,T007,227,1.072735498332656,2.0429903413390864,4.499124796633393,True,0,mapped,True,0.0
T097,L,2028,T007,228,0.8854609111709395,2.127260533069704,4.7289572241377495,True,0,mapped,True,0.0
T097,L,2029,T007,229,0.5947687567361059,2.1873231853427484,4.9385812574538726,True,0,mapped,True,0.0
T097,L,2030,T007,230,0.457319270763176,2.243173492008127,5.16276827974844,True,0,mapped,True,0.0
T097,L,2031,T007,231,0.4044190197702776,2.3229944026096576,5.318155922694723,True,0,mapped,True,0.0
T097,L,2032,T007,232,0.3531588973192525,2.412172210689694,5.539549266231414,True,0,mapped,True,0.0
T097,L,2033,T007,233,0.3205058404637382,2.478379756303198,5.787855057350183,True,0,mapped,True,0.0
T097,L,2033,T013,247,0.3205058404637381,2.4783797563031977,5.787855057350183,True,0,mapped,False,4.577566798522237e-16
T097,L,2034,T007,234,1.409058669958638,1.22619423347427,2.7311103343963627,True,0,mapped,True,0.0
T097,L,2035,T007,235,1.2661650707252203,1.3219756292036524,3.01034993816391,True,0,mapped,True,0.0
T097,L,2036,T007,236,1.1824350997950286,1.3289170231491876,3.2940699504947184,True,0,mapped,True,0.0
T097,L,2037,T007,237,1.1378646596046922,1.3978888603928197,3.545718484141615,True,0,mapped,True,0.0
T097,L,2038,T007,238,1.1052704751442013,1.5539508665819417,3.7726179741536994,True,0,mapped,True,0.0
T097,L,2039,T007,239,1.1060311754892105,1.6427886350562382,4.030902311494245,True,0,mapped,True,0.0
T097,L,2040,T007,240,1.1051036638036582,1.6429410919072605,4.300186707354731,True,0,mapped,True,0.0
T097,L,2041,T007,241,1.041801099106471,1.7235456671757023,4.541157970658546,True,0,mapped,True,0.0
T097,L,2042,T007,242,0.8801683564284483,1.7980500937545676,4.751915246505785,True,0,mapped,True,0.0
T097,L,2043,T007,243,0.7025515316206252,1.8541353581488385,4.939276445283767,True,0,mapped,True,0.0
T097,L,2044,T007,244,0.5424383427569085,1.977600053031992,5.113285662719218,True,0,mapped,True,0.0
T097,L,2045,T007,245,0.4069577554774048,2.0592065627358846,5.345837509746612,True,0,mapped,True,0.0
T097,L,2046,T007,246,0.3196826142923324,2.1056463971935795,5.577817396494587,True,0,mapped,True,0.0
T097,L,2046,T013,234,0.3196826142923324,2.1056463971935795,5.577817396494587,True,0,mapped,False,0.0
T097,L,2047,T007,247,1.4058313393618829,0.8884591887066938,2.772697552499172,True,0,mapped,True,0.0
T097,L,2048,T007,248,1.2786127918979455,0.9825512552650192,2.996249389749786,True,0,mapped,True,0.0
T097,L,2049,T007,249,1.1670528442073649,0.9983781207641118,3.2677813715377497,True,0,mapped,True,0.0
T097,L,2050,T007,250,1.104754487608026,1.1443786299400764,3.537171873395439,True,0,mapped,True,0.0
T097,L,2051,T007,251,1.0636241068967671,1.3032555335860103,3.782496118235653,True,0,mapped,True,0.0
T097,L,2052,T007,252,1.0151704074462296,1.2508938915139254,4.159539868068236,True,0,mapped,True,0.0
T097,L,2053,T007,253,1.0275531521723338,1.3290246430669548,4.401438379728359,True,0,mapped,True,0.0
T097,L,2054,T007,254,1.001754848551665,1.3828037184375748,4.572324117690263,True,0,mapped,True,0.0
T097,L,2055,T007,255,0.9196992557416204,1.4515276912792991,4.772201956311553,True,0,mapped,True,0.0
T097,L,2056,T007,256,0.7756283301719131,1.552755618382408,4.997311756268338,True,0,mapped,True,0.0
T097,L,2057,T007,257,0.598436040559904,1.6810225077450125,5.162995264282369,True,0,mapped,True,0.0
T097,L,2058,T007,258,0.4644551723004045,1.7472711609522138,5.355054033298918,True,0,mapped,True,0.0
T097,L,2058,T013,220,0.4644551723004047,1.7472711609522134,5.355054033298918,True,0,mapped,False,4.742874840267547e-16
T097,L,2059,T007,259,1.4034969806671145,0.5493586184043651,2.825179958563753,True,0,mapped,True,0.0
T097,L,2060,T007,260,1.284821137232903,0.6835716408278028,3.004349062275272,True,0,mapped,True,0.0
T097,L,2061,T007,261,1.156587750451525,0.7069326778405778,3.253041847237286,True,0,mapped,True,0.0
T097,L,2062,T007,262,1.0643583101876364,0.8489137628303564,3.539824227596289,True,0,mapped,True,0.0
T097,L,2063,T007,263,0.9888503217084876,0.914380900010432,3.8314911152652646,True,0,mapped,True,0.0
T097,L,2064,T007,264,0.941659389540659,0.9917447354463952,4.167798740332643,True,0,mapped,True,0.0
T097,L,2065,T007,265,0.9328698600885944,1.0246064094191285,4.40164533313742,True,0,mapped,True,0.0
T097,L,2066,T007,266,0.921282041432722,1.0858331753016444,4.605182339651558,True,0,mapped,True,0.0
T097,L,2067,T007,267,0.8772641797365766,1.1790849652417017,4.816971160261563,True,0,mapped,True,0.0
T097,L,2068,T007,268,0.8064850379336652,1.2615134075327292,5.056525765975475,True,0,mapped,True,0.0
T097,L,2069,T007,269,0.6569973492990646,1.3424172482976404,5.278447323707025,True,0,mapped,True,0.0
T097,L,2069,T013,205,0.6569973492990646,1.3424172482976398,5.278447323707025,True,0,mapped,False,6.661338147750939e-16
T097,L,2070,T007,270,1.4034969806671145,0.2077752059880938,2.8578445296641566,True,0,mapped,True,0.0
T097,L,2071,T007,271,1.2509865206651118,0.3664296067235307,3.0498938397884667,True,0,mapped,True,0.0
T097,L,2072,T007,272,1.0707596050023234,0.4218078705753034,3.3615228889194024,True,0,mapped,True,0.0
T097,L,2073,T007,273,0.9643950420374308,0.464794243240501,3.617013254350225,True,0,mapped,True,0.0
T097,L,2074,T007,274,0.9030852114727554,0.5515109384100512,3.874439353531145,True,0,mapped,True,0.0
T097,L,2075,T007,275,0.869977842045937,0.6759428619959841,4.103594466866097,True,0,mapped,True,0.0
T097,L,2076,T007,276,0.8450518590507152,0.7574886664047341,4.356407180475075,True,0,mapped,True,0.0
T097,L,2077,T007,277,0.8221137354615649,0.7940429682931716,4.5797793146730745,True,0,mapped,True,0.0
T097,L,2078,T007,278,0.8018758405655535,0.8840858900844728,4.885065442676374,True,0,mapped,True,0.0
T097,L,2079,T007,279,0.8031787313410828,0.9702454952687156,5.0825258849892405,True,0,mapped,True,0.0
T097,L,2079,T013,189,0.8031787313410828,0.9702454952687154,5.0825258849892405,True,0,mapped,False,2.220446049250313e-16
T097,L,2080,T007,280,1.4034969806671145,-0.134482663882196,2.884783326662321,True,0,mapped,True,0.0
T097,L,2081,T007,281,1.157766809857363,-0.0608918210392718,3.147473335441222,True,0,mapped,True,0.0
T097,L,2082,T007,282,1.0151472658774583,0.0754403389058786,3.3820624331129903,True,0,mapped,True,0.0
T097,L,2083,T007,283,0.9205585180899916,0.0985006554528192,3.6049952082776215,True,0,mapped,True,0.0
T097,L,2084,T007,284,0.8362463926985482,0.2873285110649556,3.9321921673922953,True,0,mapped,True,0.0
T097,L,2085,T007,285,0.7881188382920323,0.3428716077131331,4.15689205564005,True,0,mapped,True,0.0
T097,L,2086,T007,286,0.7252008839302693,0.3767612207161059,4.416660399993614,True,0,mapped,True,0.0
T097,L,2087,T007,287,0.7004568371492667,0.5002322041021444,4.634463843884468,True,0,mapped,True,0.0
T097,L,2088,T007,288,0.6992610741130306,0.5856223431899799,4.879951537781526,True,0,mapped,True,0.0
T097,L,2088,T013,172,0.6992610741130305,0.5856223431899793,4.879951537781527,True,0,mapped,False,1.0532500405730103e-15
T097,L,2089,T007,289,1.4034969806671145,-0.4706567273273088,2.9540222052998297,True,0,mapped,True,0.0
T097,L,2090,T007,290,1.1076273592108845,-0.4380743552226352,3.254013152128959,True,0,mapped,True,0.0
T097,L,2091,T007,291,0.9807865431324378,-0.3079422010064316,3.434820243693013,True,0,mapped,True,0.0
T097,L,2092,T007,292,0.8563536962325832,-0.1377354429519271,3.7152791436715846,True,0,mapped,True,0.0
T097,L,2093,T007,293,0.7905356589314244,-0.1470123119387559,3.902743406924365,True,0,mapped,True,0.0
T097,L,2094,T007,294,0.7172055430728985,-0.0303590005064299,4.19998238439848,True,0,mapped,True,0.0
T097,L,2095,T007,295,0.6708753960469558,0.1086102489850159,4.460747543478469,True,0,mapped,True,0.0
T097,L,2096,T007,296,0.6087779691405558,0.1896664800380446,4.73899925035644,True,0,mapped,True,0.0
T097,L,2096,T013,154,0.6087779691405556,0.1896664800380441,4.73899925035644,True,0,mapped,False,5.4672143489065705e-16
T097,L,2097,T007,297,1.4034969806671145,-0.8023014810088334,3.042900671297595,True,0,mapped,True,0.0
T097,L,2098,T007,298,1.163745386455152,-0.7675491000718815,3.277068502678852,True,0,mapped,True,0.0
T097,L,2099,T007,299,0.9833289062077368,-0.6471829396282984,3.5023259708684567,True,0,mapped,True,0.0
T097,L,2100,T007,300,0.8270220239131499,-0.5992375315160405,3.796400623926381,True,0,mapped,True,0.0
T097,L,2101,T007,301,0.7518611922550428,-0.4466425723663553,3.96445165987366,True,0,mapped,True,0.0
T097,L,2102,T007,302,0.669755620733512,-0.3054846982431718,4.264942867175108,True,0,mapped,True,0.0
T097,L,2103,T007,303,0.6052537273468314,-0.2392190958070071,4.601067798992488,True,0,mapped,True,0.0
T097,L,2103,T013,135,0.6052537273468314,-0.2392190958070068,4.601067798992487,True,0,mapped,False,9.39188966358397e-16
T097,L,2104,T007,304,1.4207107131805314,-1.1289650040224275,3.131110191345215,True,0,mapped,True,0.0
T097,L,2105,T007,305,1.1239239779544836,-1.0527570043482088,3.407601058541581,True,0,mapped,True,0.0
T097,L,2106,T007,306,0.9399122379767136,-0.9517418246550255,3.6482771038657305,True,0,mapped,True,0.0
T097,L,2107,T007,307,0.8068946330162293,-0.903463703713408,3.892842841686088,True,0,mapped,True,0.0
T097,L,2108,T007,308,0.700662464604643,-0.7530187960005434,4.0997255597847255,True,0,mapped,True,0.0
T097,L,2109,T007,309,0.6034969687461853,-0.6566046231838039,4.434066746745532,True,0,mapped,True,0.0
T097,L,2109,T013,115,0.6034969687461853,-0.6566046231838041,4.434066746745531,True,0,mapped,False,9.155133597044475e-16
T097,L,2110,T007,310,1.4034969806671145,-1.4370402068643078,3.27069512803676,True,0,mapped,True,0.0
T097,L,2111,T007,311,1.1440564471823311,-1.369773617684274,3.500980373758261,True,0,mapped,True,0.0
T097,L,2112,T007,312,0.9749344023768148,-1.311110268534311,3.7238335611943225,True,0,mapped,True,0.0
T097,L,2113,T007,313,0.7796574967323705,-1.1215599953657658,4.038086190310011,True,0,mapped,True,0.0
T097,L,2114,T007,314,0.6510499228719768,-1.0919076481579058,4.33111047744751,True,0,mapped,True,0.0
T097,L,2114,T013,94,0.6510499228719768,-1.0919076481579066,4.33111047744751,True,0,mapped,False,8.881784197001252e-16
T097,L,2115,T007,315,1.4034969806671145,-1.7510149931490049,3.408990262874912,True,0,mapped,True,0.0
T097,L,2116,T007,316,1.1231196188601338,-1.668860235276046,3.70048902220182,True,0,mapped,True,0.0
T097,L,2117,T007,317,0.9495751913659858,-1.5518451306405447,3.8785023814351383,True,0,mapped,True,0.0
T097,L,2118,T007,318,0.7754263796912628,-1.4512383435316023,4.183839972146554,True,0,mapped,True,0.0
T097,L,2118,T013,72,0.7754263796912627,-1.4512383435316023,4.183839972146554,True,0,mapped,False,1.1102230246251565e-16
T097,L,2119,T007,319,1.4052705358344064,-2.036646837893421,3.5961244490057567,True,0,mapped,True,0.0
T097,L,2120,T007,320,1.1384460742863405,-1.9359031719165276,3.864781798956948,True,0,mapped,True,0.0
T097,L,2121,T007,321,0.9213461154158514,-1.855482063768402,4.131110191345215,True,0,mapped,True,0.0
T097,L,2121,T013,49,0.9213461154158512,-1.8554820637684024,4.131110191345215,True,0,mapped,False,4.965068306494546e-16
T097,L,2122,T007,322,1.4034969806671145,-2.304368532533604,3.810268986154336,True,0,mapped,True,0.0
T097,L,2123,T007,323,1.135074044568399,-2.2575066723388826,4.131110191345215,True,0,mapped,True,0.0
T097,L,2123,T013,25,1.135074044568399,-2.2575066723388835,4.131110191345215,True,0,mapped,False,8.881784197001252e-16
T097,L,2124,T007,324,1.4034969806671145,-2.547554016113281,4.052680015563965,True,0,mapped,False,0.0
T097,L,2124,T012,0,1.4034969806671145,-2.547554016113281,4.052680015563965,True,0,mapped,False,0.0
T097,L,2124,T013,0,1.4034969806671145,-2.547554016113281,4.052680015563965,True,-1,landmark_vertex,True,0.0
T097,L,2125,T008,0,-13.796503067016602,0.7137740850448608,8.731110572814941,True,0,mapped,True,0.0
T097,L,2126,T008,1,-13.196502685546877,0.464558256398173,7.482969170305292,True,0,mapped,True,0.0
T097,L,2127,T008,2,-13.316545950149225,-0.5578325287147687,6.481272446532355,True,0,mapped,True,0.0
T097,L,2128,T008,3,-13.904661808681418,-1.4007662666377354,5.500554819502102,True,0,mapped,True,0.0
T097,L,2129,T008,4,-15.027631856869064,-2.2380038031960394,5.122123095762823,True,0,mapped,True,0.0
T097,L,2130,T008,5,-16.1589863896831,-3.237683942689145,5.1217558562294485,True,0,mapped,True,0.0
T097,L,2131,T008,6,-17.393030746470114,-4.027847917969242,5.1442131243292994,True,0,mapped,True,0.0
T097,L,2132,T008,7,-18.55130265868464,-4.863254859042625,5.257048117152338,True,0,mapped,True,0.0
T097,L,2133,T008,8,-19.688937143850776,-5.85940728178444,5.313689843355024,True,0,mapped,True,0.0
T097,L,2134,T008,9,-20.79244252829991,-6.857028600849944,5.132641567577412,True,0,mapped,True,0.0
T097,L,2135,T008,10,-21.606841345226066,-8.058749378623009,4.931110382080078,True,0,mapped,True,0.0
T097,L,2136,T008,11,-21.99650382995605,-9.436677122776208,4.613566080826113,True,0,mapped,True,0.0
T097,L,2137,T008,12,-21.99650382995605,-10.671269146841096,3.806759028182717,True,0,mapped,True,0.0
T097,L,2138,T008,13,-21.54287376648842,-11.52124142519528,2.7311103343963623,True,0,mapped,True,0.0
T097,L,2139,T008,14,-20.4984181002048,-12.147554397583008,1.964518188460427,True,0,mapped,True,0.0
T097,L,2140,T008,15,-19.09296289650638,-12.122958303805676,1.53175790378019,True,0,mapped,True,0.0
T097,L,2141,T008,16,-17.796396909022718,-11.405250105611072,1.5311102867126465,True,0,mapped,True,0.0
T097,L,2142,T008,17,-16.786791206228656,-10.269068883658298,1.5311102867126465,True,0,mapped,True,0.0
T097,L,2143,T008,18,-15.421524925016042,-9.643132260367322,1.5311102867126465,True,0,mapped,True,0.0
T097,L,2144,T008,19,-14.056714899755292,-9.178277847063772,1.2529999851596283,True,0,mapped,True,0.0
T097,L,2145,T008,20,-12.658453398530463,-8.65246928702259,1.1311101913452148,True,0,mapped,True,0.0
T097,L,2146,T008,21,-11.202691928885807,-8.21923791886465,1.1311101913452148,True,0,mapped,True,0.0
T097,L,2147,T008,22,-9.705919168882446,-7.952693674821251,1.1311101913452148,True,0,mapped,True,0.0
T097,L,2148,T008,23,-8.297138744709036,-7.458105598577168,1.1336040068860336,True,0,mapped,True,0.0
T097,L,2149,T008,24,-6.906720161437988,-7.14755392074585,1.3311102390289309,True,-1,landmark_vertex,True,0.0
T097,L,2149,T011,324,-6.906720161437988,-7.14755392074585,1.3311102390289309,True,0,mapped,False,0.0
T097,L,2149,T014,0,-6.906720161437988,-7.14755392074585,1.3311102390289309,True,0,mapped,False,0.0
T097,L,2149,T015,0,-6.906720161437988,-7.14755392074585,1.3311102390289309,True,-1,landmark_vertex,False,0.0
T097,L,2150,T008,25,-13.49644025798902,0.8524459600448608,7.418753572889685,True,0,mapped,True,0.0
T097,L,2151,T008,26,-13.548976901162805,0.1058490545960489,6.25212458998281,True,0,mapped,True,0.0
T097,L,2152,T008,27,-14.008199703486316,-0.6906668667773023,5.265549220278469,True,0,mapped,True,0.0
T097,L,2153,T008,28,-15.082785577285003,-1.7182684548513012,4.854489360945746,True,0,mapped,True,0.0
T097,L,2154,T008,29,-16.33917535949292,-2.6457178939692394,4.726173314285178,True,0,mapped,True,0.0
T097,L,2155,T008,30,-17.442521719936206,-3.442379448765406,4.76000524479687,True,0,mapped,True,0.0
T097,L,2156,T008,31,-18.525755110225184,-4.299224624847714,4.895211522930143,True,0,mapped,True,0.0
T097,L,2157,T008,32,-19.7176383748705,-5.280950040665092,4.981442935676137,True,0,mapped,True,0.0
T097,L,2158,T008,33,-20.740208552144885,-6.28197711432327,4.888634926840718,True,0,mapped,True,0.0
T097,L,2159,T008,34,-21.67015417043688,-7.365832120439491,4.532601291813208,True,0,mapped,True,0.0
T097,L,2160,T008,35,-22.31418363802247,-8.791141611519066,4.116959696686462,True,0,mapped,True,0.0
T097,L,2161,T008,36,-22.336998762645397,-10.003075934888082,3.4599448651821034,True,0,mapped,True,0.0
T097,L,2162,T008,37,-21.997900103319694,-10.91591262460247,2.3772036319687366,True,0,mapped,True,0.0
T097,L,2163,T008,38,-20.9464960614852,-11.648169468776178,1.5217288212783868,True,0,mapped,True,0.0
T097,L,2164,T008,39,-19.589776336875424,-11.66331590088545,0.9661321022749558,True,0,mapped,True,0.0
T097,L,2165,T008,40,-18.344573773390525,-11.026162353126985,0.9514481761340308,True,0,mapped,True,0.0
T097,L,2166,T008,41,-17.102960652975284,-9.9602733005743,1.1961278679582257,True,0,mapped,True,0.0
T097,L,2167,T008,42,-15.730342120311926,-9.332824160103929,1.0902159842267125,True,0,mapped,True,0.0
T097,L,2168,T008,43,-14.323576586823528,-8.950089099692761,0.8799932539749457,True,0,mapped,True,0.0
T097,L,2169,T008,44,-13.033415900404927,-8.53335624226975,0.8143728395134938,True,0,mapped,True,0.0
T097,L,2170,T008,45,-11.768461175082178,-7.934701417797104,0.804625059815111,True,0,mapped,True,0.0
T097,L,2171,T008,46,-10.370525094457523,-7.68301664185958,0.9004236509042355,True,0,mapped,True,0.0
T097,L,2172,T008,47,-8.804786573764124,-7.246800178893245,1.0307356352676456,True,0,mapped,True,0.0
T097,L,2173,T008,48,-8.040653491967971,-7.110637003331304,1.1690426507391452,True,2,smooth_near_vertex,False,0.4147906333764583
T097,L,2173,T011,322,-7.628303201188631,-7.115753977308684,1.2136781053503831,True,0,mapped,True,0.0
T097,L,2174,T008,49,-13.809934173597105,0.8524459600448608,6.049148150201605,True,0,mapped,True,0.0
T097,L,2175,T008,50,-14.147070291657966,-0.0463888480570899,5.043034354040781,True,0,mapped,True,0.0
T097,L,2176,T008,51,-15.192364716037025,-1.0071695179396654,4.519887280866072,True,0,mapped,True,0.0
T097,L,2177,T008,52,-16.487749420352333,-2.0449257000097654,4.3421935279459465,True,0,mapped,True,0.0
T097,L,2178,T008,53,-17.553129507409334,-2.845360034625528,4.36476548150761,True,0,mapped,True,0.0
T097,L,2179,T008,54,-18.604904042256276,-3.675633477205528,4.467682990387537,True,0,mapped,True,0.0
T097,L,2180,T008,55,-19.795864672640548,-4.685814654292415,4.538808349635642,True,0,mapped,True,0.0
T097,L,2181,T008,56,-20.94793771443237,-5.644132293649658,4.431607065878284,True,0,mapped,True,0.0
T097,L,2182,T008,57,-21.819097526527383,-6.786033813431864,4.219050495215955,True,0,mapped,True,0.0
T097,L,2183,T008,58,-22.569201809285644,-8.007924481752385,3.712548097109831,True,0,mapped,True,0.0
T097,L,2184,T008,59,-22.66847692354193,-9.34509882923247,3.1257865668335967,True,0,mapped,True,0.0
T097,L,2185,T008,60,-22.392620610076825,-10.3224295553318,2.0941016979674,True,0,mapped,True,0.0
T097,L,2186,T008,61,-21.446543584460017,-11.093726735071517,1.1556699414582634,True,0,mapped,True,0.0
T097,L,2187,T008,62,-20.031380461832068,-11.189297110949322,0.4902269666111747,True,0,mapped,True,0.0
T097,L,2188,T008,63,-18.68456846903022,-10.705128428093628,0.5449692765637285,True,0,mapped,True,0.0
T097,L,2189,T008,64,-17.39240870555006,-9.68670044290928,0.8543502251183742,True,0,mapped,True,0.0
T097,L,2190,T008,65,-16.153243320234484,-9.16520887468026,0.814388314988904,True,0,mapped,True,0.0
T097,L,2191,T008,66,-14.65228773424369,-8.754840790647854,0.4959489631341459,True,0,mapped,True,0.0
T097,L,2192,T008,67,-13.39545456928312,-8.416570540995464,0.5067488988123404,True,0,mapped,True,0.0
T097,L,2193,T008,68,-12.169890510868353,-7.83104496926418,0.5702218743970786,True,0,mapped,True,0.0
T097,L,2194,T008,69,-10.872540818277503,-7.415894054860368,0.6974392248078947,True,0,mapped,True,0.0
T097,L,2195,T008,70,-9.365301288452477,-6.933457940606852,0.9005060056164608,True,0,mapped,True,0.0
T097,L,2196,T008,71,-8.153968487960732,-6.59008831510895,1.1807207217739708,True,0,mapped,True,0.0
T097,L,2196,T011,319,-8.153968487960732,-6.590088315108949,1.180720721773971,True,0,mapped,False,9.155133597044475e-16
T097,L,2197,T008,72,-14.367744164580603,0.6524459719657898,4.831524091659597,True,0,mapped,True,0.0
T097,L,2198,T008,73,-15.22884559300402,-0.26490045341611,4.176682196687878,True,0,mapped,True,0.0
T097,L,2199,T008,74,-16.58868135187373,-1.3628235344906203,3.954645566374852,True,0,mapped,True,0.0
T097,L,2200,T008,75,-17.665577844846986,-2.224246002468556,3.9699352022290575,True,0,mapped,True,0.0
T097,L,2201,T008,76,-18.69057390240522,-3.0324766651470725,4.054023757501934,True,0,mapped,True,0.0
T097,L,2202,T008,77,-19.8562493536388,-3.993523605905146,4.080266045892833,True,0,mapped,True,0.0
T097,L,2203,T008,78,-21.08133234894016,-5.152527089184074,4.030571909058513,True,0,mapped,True,0.0
T097,L,2204,T008,79,-21.951617552323736,-6.173269921353761,3.768934105665404,True,0,mapped,True,0.0
T097,L,2205,T008,80,-22.735128366009903,-7.3398303109714815,3.3742489624520147,True,0,mapped,True,0.0
T097,L,2206,T008,81,-22.969517049859284,-8.619199494466528,2.871489645505738,True,0,mapped,True,0.0
T097,L,2207,T008,82,-22.750699116953417,-9.818523991676496,1.757037950570479,True,0,mapped,True,0.0
T097,L,2208,T008,83,-21.874986734644292,-10.580344515187017,0.8698049181157141,True,0,mapped,True,0.0
T097,L,2209,T008,84,-20.573144444191183,-10.771493306272289,0.1050699035848972,True,0,mapped,True,0.0
T097,L,2210,T008,85,-19.08795367651135,-10.36459633878455,0.0983934690105075,True,0,mapped,True,0.0
T097,L,2211,T008,86,-17.902291835426638,-9.443548337956749,0.3860342556811015,True,0,mapped,True,0.0
T097,L,2212,T008,87,-16.428338265480043,-8.873570802734534,0.45033655538243,True,0,mapped,True,0.0
T097,L,2213,T008,88,-14.965199337119872,-8.607364328382129,0.2624490245469386,True,0,mapped,True,0.0
T097,L,2214,T008,89,-13.60060771736214,-8.170056326774956,0.10657325949444,True,0,mapped,True,0.0
T097,L,2215,T008,90,-12.565110728228015,-7.585657894723472,0.2869873444743985,True,0,mapped,True,0.0
T097,L,2216,T008,91,-11.310052577406584,-7.096941493045673,0.500429791254299,True,0,mapped,True,0.0
T097,L,2217,T008,92,-9.98348773688372,-6.558579113558705,0.7767577139013961,True,0,mapped,True,0.0
T097,L,2218,T008,93,-8.758760789274598,-6.237550739894483,1.1311101913452148,True,0,mapped,True,0.0
T097,L,2218,T011,315,-8.758760789274598,-6.237550739894483,1.1311101913452148,True,0,mapped,False,0.0
T097,L,2219,T008,94,-15.22525371985005,0.6874246961240889,3.7630110721590166,True,0,mapped,True,0.0
T097,L,2220,T008,95,-16.56254902820737,-0.5611429427063361,3.587341336364034,True,0,mapped,True,0.0
T097,L,2221,T008,96,-17.746751303263423,-1.5688783318404451,3.579358530499936,True,0,mapped,True,0.0
T097,L,2222,T008,97,-18.769175642911662,-2.392960933899197,3.6713820289997625,True,0,mapped,True,0.0
T097,L,2223,T008,98,-19.90723655341441,-3.3066434512213445,3.6837991468232567,True,0,mapped,True,0.0
T097,L,2224,T008,99,-21.138752073116255,-4.444237262171643,3.610533230337462,True,0,mapped,True,0.0
T097,L,2225,T008,100,-22.057494404226148,-5.636218214593,3.453811515731664,True,0,mapped,True,0.0
T097,L,2226,T008,101,-22.875524567930597,-6.736556689101682,3.055606990683758,True,0,mapped,True,0.0
T097,L,2227,T008,102,-23.235522695429434,-7.997650791386334,2.5550081791019643,True,0,mapped,True,0.0
T097,L,2228,T008,103,-23.1556343313089,-9.17108351390658,1.5141630559324977,True,0,mapped,True,0.0
T097,L,2229,T008,104,-22.312670129433226,-10.032928371532773,0.4866211727989298,True,0,mapped,True,0.0
T097,L,2230,T008,105,-21.06945922531249,-10.343552663299626,-0.2467913483599023,True,0,mapped,True,0.0
T097,L,2231,T008,106,-19.534250545393263,-9.995440442105275,-0.3491661707318231,True,0,mapped,True,0.0
T097,L,2232,T008,107,-18.28964368841286,-9.200171406453514,-0.0045447267370779,True,0,mapped,True,0.0
T097,L,2233,T008,108,-16.912301138956863,-8.598599439630574,0.1038262086145799,True,0,mapped,True,0.0
T097,L,2234,T008,109,-15.34301327346344,-8.370812632916975,-0.1190334193746771,True,0,mapped,True,0.0
T097,L,2235,T008,110,-13.990876491718376,-7.919590055275739,-0.305247791005737,True,0,mapped,True,0.0
T097,L,2236,T008,111,-12.86139385338749,-7.370295015171504,0.0113213265224479,True,0,mapped,True,0.0
T097,L,2237,T008,112,-11.78436638751344,-6.780511439276875,0.3329880082316085,True,0,mapped,True,0.0
T097,L,2238,T008,113,-10.640212508517392,-6.369958016643055,0.6354333558540337,True,0,mapped,True,0.0
T097,L,2239,T008,114,-9.42489953480239,-5.933335283928389,1.1161325571995409,True,0,mapped,True,0.0
T097,L,2239,T011,310,-9.424899534802387,-5.933335283928388,1.1161325571995415,True,0,mapped,False,3.722145839155691e-15
T097,L,2240,T008,115,-16.450888290787617,0.2938085904912919,3.2433677471052884,True,0,mapped,True,0.0
T097,L,2241,T008,116,-17.768763067704324,-0.8534945030838481,3.193790734736437,True,0,mapped,True,0.0
T097,L,2242,T008,117,-18.840334422491537,-1.7537234617966535,3.309477203478766,True,0,mapped,True,0.0
T097,L,2243,T008,118,-19.952424507016996,-2.6559363539800245,3.338509436791685,True,0,mapped,True,0.0
T097,L,2244,T008,119,-21.280099670363708,-3.694537817016532,3.1961614743603977,True,0,mapped,True,0.0
T097,L,2245,T008,120,-22.142945388488734,-5.029945244475727,3.202740546156205,True,0,mapped,True,0.0
T097,L,2246,T008,121,-22.98810924316296,-6.112539146073027,2.7309151388061084,True,0,mapped,True,0.0
T097,L,2247,T008,122,-23.555355789163368,-7.340051897329658,2.135531875150525,True,0,mapped,True,0.0
T097,L,2248,T008,123,-23.467447483791425,-8.60786503744619,1.2272670936131709,True,0,mapped,True,0.0
T097,L,2249,T008,124,-22.78638649946925,-9.390047084679583,0.0990465722954959,True,0,mapped,True,0.0
T097,L,2250,T008,125,-21.594835276774937,-9.780560376313776,-0.6601207010860677,True,0,mapped,True,0.0
T097,L,2251,T008,126,-19.970530259547036,-9.735843086581328,-0.7121647053173662,True,0,mapped,True,0.0
T097,L,2252,T008,127,-18.64076761680128,-8.792402547778554,-0.4387576215835988,True,0,mapped,True,0.0
T097,L,2253,T008,128,-17.348470570747036,-8.253167940367025,-0.2800901651006742,True,0,mapped,True,0.0
T097,L,2254,T008,129,-15.788914717440631,-8.132802691193957,-0.4071866791553399,True,0,mapped,True,0.0
T097,L,2255,T008,130,-14.35265323560744,-7.740639733005892,-0.5926722893045924,True,0,mapped,True,0.0
T097,L,2256,T008,131,-13.17412364789756,-7.150941619382312,-0.3070875610197573,True,0,mapped,True,0.0
T097,L,2257,T008,132,-12.288797867401795,-6.426830718805244,0.148983664514499,True,0,mapped,True,0.0
T097,L,2258,T008,133,-11.213510824791154,-6.011657532509949,0.5706704168284149,True,0,mapped,True,0.0
T097,L,2259,T008,134,-10.105387121620346,-5.6336729599692354,1.131110191345214,True,0,mapped,True,0.0
T097,L,2259,T011,304,-10.105387121620346,-5.633672959969235,1.1311101913452148,True,0,mapped,False,1.2560739669470201e-15
T097,L,2260,T008,135,-17.723410909455705,-0.0119491294612783,2.7907447694887377,True,0,mapped,True,0.0
T097,L,2261,T008,136,-18.906239109514715,-1.1036148332626232,2.942860274995258,True,0,mapped,True,0.0
T097,L,2262,T008,137,-19.98468724693601,-2.034576887898874,3.023902955491909,True,0,mapped,True,0.0
T097,L,2263,T008,138,-21.307370234351303,-3.026541453899558,2.8729574600772088,True,0,mapped,True,0.0
T097,L,2264,T008,139,-22.37610349916079,-4.28830578914769,2.7841878861063063,True,0,mapped,True,0.0
T097,L,2265,T008,140,-23.139908028284275,-5.425550057063122,2.3670831989185475,True,0,mapped,True,0.0
T097,L,2266,T008,141,-23.80532497583602,-6.6225071511469285,1.822051759532036,True,0,mapped,True,0.0
T097,L,2267,T008,142,-23.850912146985404,-7.969887867693357,0.9021447158143584,True,0,mapped,True,0.0
T097,L,2268,T008,143,-23.271371601898835,-8.854868985590747,-0.0314764443807613,True,0,mapped,True,0.0
T097,L,2269,T008,144,-21.961035145645056,-9.33368144897858,-1.0061865337021465,True,0,mapped,True,0.0
T097,L,2270,T008,145,-20.408646682500624,-9.33424974938314,-1.1354434860576317,True,0,mapped,True,0.0
T097,L,2271,T008,146,-19.069351196096136,-8.535845489692512,-0.878682513017115,True,0,mapped,True,0.0
T097,L,2272,T008,147,-17.795636813335264,-7.889854790202456,-0.6930256059653721,True,0,mapped,True,0.0
T097,L,2273,T008,148,-16.2046029423243,-7.792162674895252,-0.8318548489254167,True,0,mapped,True,0.0
T097,L,2274,T008,149,-14.763243630165254,-7.5348201941177155,-0.9385806219383552,True,0,mapped,True,0.0
T097,L,2275,T008,150,-13.51762357829386,-6.835552788328336,-0.6682759002716981,True,0,mapped,True,0.0
T097,L,2276,T008,151,-12.721644394614827,-6.168133036701178,-0.0920025645226743,True,0,mapped,True,0.0
T097,L,2277,T008,152,-11.809738158340686,-5.661297560444158,0.4946765707402275,True,0,mapped,True,0.0
T097,L,2278,T008,153,-10.78699063307296,-5.3475542068481445,1.1177870201182505,True,0,mapped,True,0.0
T097,L,2278,T011,297,-10.78699063307296,-5.3475542068481445,1.1177870201182505,True,0,mapped,False,0.0
T097,L,2279,T008,154,-19.01126486717772,-0.3338640451698794,2.506843989367264,True,0,mapped,True,0.0
T097,L,2280,T008,155,-20.05041938088523,-1.436090645589604,2.7068912994286576,True,0,mapped,True,0.0
T097,L,2281,T008,156,-21.263972841829013,-2.454620940413048,2.6205765141667583,True,0,mapped,True,0.0
T097,L,2282,T008,157,-22.445022293970624,-3.555818013539507,2.422708528434232,True,0,mapped,True,0.0
T097,L,2283,T008,158,-23.15703569747369,-4.825019135309083,2.112081307721129,True,0,mapped,True,0.0
T097,L,2284,T008,159,-24.03856370751093,-5.95276238564054,1.4858113099762096,True,0,mapped,True,0.0
T097,L,2285,T008,160,-24.125205765869524,-7.3107369613447055,0.7862315338411653,True,0,mapped,True,0.0
T097,L,2286,T008,161,-23.59832075067011,-8.311891410900515,-0.3433195422344507,True,0,mapped,True,0.0
T097,L,2287,T008,162,-22.334005735392857,-8.824135688801775,-1.3294055643242668,True,0,mapped,True,0.0
T097,L,2288,T008,163,-20.85363260736973,-8.87169534860788,-1.5710273471436569,True,0,mapped,True,0.0
T097,L,2289,T008,164,-19.454220049673783,-8.248739075962579,-1.2950748973103865,True,0,mapped,True,0.0
T097,L,2290,T008,165,-18.21622220954885,-7.576749374865655,-1.0368004550891017,True,0,mapped,True,0.0
T097,L,2291,T008,166,-16.654683250008606,-7.405403910771539,-1.271149540745834,True,0,mapped,True,0.0
T097,L,2292,T008,167,-15.205440333573986,-7.12554664501715,-1.4288303292764644,True,0,mapped,True,0.0
T097,L,2293,T008,168,-13.917014670266717,-6.561358949424181,-1.0530941611430171,True,0,mapped,True,0.0
T097,L,2294,T008,169,-13.101196652118084,-5.905022393793577,-0.3736649890342747,True,0,mapped,True,0.0
T097,L,2295,T008,170,-12.31732511194556,-5.287938636395479,0.3731322929444084,True,0,mapped,True,0.0
T097,L,2296,T008,171,-11.406708856041991,-4.9415905796412005,1.142659603555667,True,0,mapped,True,0.0
T097,L,2296,T011,289,-11.406708856041991,-4.941590579641198,1.1426596035556704,True,0,mapped,False,4.265337574760008e-15
T097,L,2297,T008,172,-20.20738968198943,-0.8530734005295996,2.3534192615744005,True,0,mapped,True,0.0
T097,L,2298,T008,173,-21.281028497988626,-1.9298821072534975,2.351099249951329,True,0,mapped,True,0.0
T097,L,2299,T008,174,-22.541525769413205,-2.9900449936768383,2.104866929293196,True,0,mapped,True,0.0
T097,L,2300,T008,175,-23.295895035664188,-4.163640669648342,1.8078984116041097,True,0,mapped,True,0.0
T097,L,2301,T008,176,-24.206784534944056,-5.254254354353373,1.193274174055651,True,0,mapped,True,0.0
T097,L,2302,T008,177,-24.43372926595888,-6.587455006314399,0.4397659204304877,True,0,mapped,True,0.0
T097,L,2303,T008,178,-23.99141152202401,-7.719650576371733,-0.648610801425504,True,0,mapped,True,0.0
T097,L,2304,T008,179,-22.73320016411583,-8.374308510862333,-1.5621578533467044,True,0,mapped,True,0.0
T097,L,2305,T008,180,-21.29163894386445,-8.306550810276697,-2.0258819352492483,True,0,mapped,True,0.0
T097,L,2306,T008,181,-19.87933308747859,-7.891784216125746,-1.7333745022165004,True,0,mapped,True,0.0
T097,L,2307,T008,182,-18.62142394243006,-7.171732430951672,-1.4180522672181977,True,0,mapped,True,0.0
T097,L,2308,T008,183,-17.05205348090412,-6.940781487432385,-1.6138238128022129,True,0,mapped,True,0.0
T097,L,2309,T008,184,-15.543608702563496,-6.824442435533045,-1.719513036459372,True,0,mapped,True,0.0
T097,L,2310,T008,185,-14.241605783240155,-6.242771061537008,-1.4108866560393691,True,0,mapped,True,0.0
T097,L,2311,T008,186,-13.518123425253036,-5.594981970780339,-0.7800331460180392,True,0,mapped,True,0.0
T097,L,2312,T008,187,-12.843383312178288,-4.982756454664431,0.1106483695856242,True,0,mapped,True,0.0
T097,L,2313,T008,188,-12.016680737257596,-4.674320708219649,0.9214104945413392,True,0,mapped,True,0.0
T097,L,2313,T011,280,-12.016680737257596,-4.674320708219649,0.9214104945413402,True,0,mapped,False,9.992007221626409e-16
T097,L,2314,T008,189,-21.440817176804565,-1.4270809638003468,2.0284599074864103,True,0,mapped,True,0.0
T097,L,2315,T008,190,-22.577131841520146,-2.366037940976806,1.8083551992835023,True,0,mapped,True,0.0
T097,L,2316,T008,191,-23.558789722337384,-3.4436140361538943,1.3353543295663577,True,0,mapped,True,0.0
T097,L,2317,T008,192,-24.34616331198185,-4.570995150405398,0.8946862349066869,True,0,mapped,True,0.0
T097,L,2318,T008,193,-24.708398220700214,-5.913001570660575,0.1057457161374751,True,0,mapped,True,0.0
T097,L,2319,T008,194,-24.323229001245544,-7.111721920542858,-0.9102702987035284,True,0,mapped,True,0.0
T097,L,2320,T008,195,-23.284775835230956,-7.818043206681411,-1.7420931235116903,True,0,mapped,True,0.0
T097,L,2321,T008,196,-21.761859427519205,-7.900660819480925,-2.355893411114387,True,0,mapped,True,0.0
T097,L,2322,T008,197,-20.29318577145339,-7.59344894667006,-2.164044152277798,True,0,mapped,True,0.0
T097,L,2323,T008,198,-18.994866082668743,-6.766736846210378,-1.7675976896493475,True,0,mapped,True,0.0
T097,L,2324,T008,199,-17.55477660278504,-6.648040569586961,-1.805055576744244,True,0,mapped,True,0.0
T097,L,2325,T008,200,-16.04875591149399,-6.343779736619736,-2.033728441116545,True,0,mapped,True,0.0
T097,L,2326,T008,201,-14.568226093843052,-5.906229122228654,-1.7367934126507854,True,0,mapped,True,0.0
T097,L,2327,T008,202,-13.873216589293271,-5.146418223773692,-1.1750697796971077,True,0,mapped,True,0.0
T097,L,2328,T008,203,-13.321381818075784,-4.5719405715953885,-0.191129619543713,True,0,mapped,True,0.0
T097,L,2329,T008,204,-12.58377794801156,-4.351274561571331,0.5878766788080642,True,0,mapped,True,0.0
T097,L,2329,T011,270,-12.58377794801156,-4.351274561571331,0.5878766788080642,True,0,mapped,False,0.0
T097,L,2330,T008,205,-22.68192489707158,-1.8181824265647428,1.4913240682115263,True,0,mapped,True,0.0
T097,L,2331,T008,206,-23.59327818858257,-2.8302168929653795,1.0445733444922725,True,0,mapped,True,0.0
T097,L,2332,T008,207,-24.422807360011504,-3.7592869126340784,0.581484520344649,True,0,mapped,True,0.0
T097,L,2333,T008,208,-24.929946222369093,-5.258517234599522,-0.2489577854685862,True,0,mapped,True,0.0
T097,L,2334,T008,209,-24.65208229727189,-6.453435338592794,-1.2302105244304482,True,0,mapped,True,0.0
T097,L,2335,T008,210,-23.599367517025534,-7.325750477634239,-2.082297541022206,True,0,mapped,True,0.0
T097,L,2336,T008,211,-22.23137661257076,-7.363723242531547,-2.737825252272533,True,0,mapped,True,0.0
T097,L,2337,T008,212,-20.730127861347245,-7.10146056970972,-2.560786365458014,True,0,mapped,True,0.0
T097,L,2338,T008,213,-19.422435166921236,-6.466070039159847,-2.0964525532745304,True,0,mapped,True,0.0
T097,L,2339,T008,214,-18.03183854265791,-6.098120367005996,-2.2191945613460984,True,0,mapped,True,0.0
T097,L,2340,T008,215,-16.466006851840234,-5.986224807560883,-2.316271756785645,True,0,mapped,True,0.0
T097,L,2341,T008,216,-14.988147990399437,-5.535746661107088,-2.10131809622902,True,0,mapped,True,0.0
T097,L,2342,T008,217,-14.20710012843073,-4.76092220724472,-1.4996973346821387,True,0,mapped,True,0.0
T097,L,2343,T008,218,-13.762473253247157,-4.149447631284671,-0.5015446236808039,True,0,mapped,True,0.0
T097,L,2344,T008,219,-12.969410260663924,-3.787812080401512,0.4620908537922834,True,0,mapped,True,0.0
T097,L,2344,T011,259,-12.969410260663922,-3.787812080401507,0.4620908537922853,True,0,mapped,False,5.5491718927078335e-15
T097,L,2345,T008,220,-23.819698149213377,-2.047696256416797,0.7600730888930489,True,0,mapped,True,0.0
T097,L,2346,T008,221,-24.60006172931628,-3.063500480774496,0.1488265098002383,True,0,mapped,True,0.0
T097,L,2347,T008,222,-25.12519197984465,-4.547447176218247,-0.5325748466547486,True,0,mapped,True,0.0
T097,L,2348,T008,223,-24.94317581107986,-5.785020026229835,-1.6392971514858654,True,0,mapped,True,0.0
T097,L,2349,T008,224,-24.05398163510425,-6.627594219237123,-2.445920734769656,True,0,mapped,True,0.0
T097,L,2350,T008,225,-22.63432874149666,-6.8751347705446815,-3.04286832954324,True,0,mapped,True,0.0
T097,L,2351,T008,226,-21.096704233392423,-6.662519742899476,-2.939283266219463,True,0,mapped,True,0.0
T097,L,2352,T008,227,-19.844953291979163,-6.104392680160246,-2.475365702934238,True,0,mapped,True,0.0
T097,L,2353,T008,228,-18.489147403859967,-5.698567415911093,-2.4109741652775645,True,0,mapped,True,0.0
T097,L,2354,T008,229,-16.88816364394532,-5.47669418342611,-2.637088413198956,True,0,mapped,True,0.0
T097,L,2355,T008,230,-15.432047956635955,-5.138252704678062,-2.4755154765403105,True,0,mapped,True,0.0
T097,L,2356,T008,231,-14.553380060778531,-4.391371967312496,-1.873388627806248,True,0,mapped,True,0.0
T097,L,2357,T008,232,-14.057862876502822,-3.840498011645953,-0.7280737546893952,True,0,mapped,True,0.0
T097,L,2358,T008,233,-13.344389836256925,-3.2104281362256533,0.2446867266011367,True,0,mapped,True,0.0
T097,L,2358,T011,247,-13.344389836256925,-3.2104281362256506,0.244686726601138,True,0,mapped,False,2.9667321830339973e-15
T097,L,2359,T008,234,-24.72667506133096,-2.4235194215859632,-0.1990620392558866,True,0,mapped,True,0.0
T097,L,2360,T008,235,-25.29721813585077,-3.720775614265075,-0.7811686028988467,True,0,mapped,True,0.0
T097,L,2361,T008,236,-25.202612395004856,-5.178004321975709,-1.900389424845404,True,0,mapped,True,0.0
T097,L,2362,T008,237,-24.384316250279564,-6.068865352506832,-2.745167787793036,True,0,mapped,True,0.0
T097,L,2363,T008,238,-23.06251060796294,-6.321333736158398,-3.457668432282742,True,0,mapped,True,0.0
T097,L,2364,T008,239,-21.480149642138983,-6.220849443326753,-3.3122774232615364,True,0,mapped,True,0.0
T097,L,2365,T008,240,-20.277529470170894,-5.685823488407203,-2.871560369804812,True,0,mapped,True,0.0
T097,L,2366,T008,241,-18.88418781316305,-5.320438329265903,-2.634686108938518,True,0,mapped,True,0.0
T097,L,2367,T008,242,-17.355963549841093,-5.0359354903558575,-2.922575128707827,True,0,mapped,True,0.0
T097,L,2368,T008,243,-15.85839600317443,-4.697887391798558,-2.843640805286599,True,0,mapped,True,0.0
T097,L,2369,T008,244,-14.82084131810597,-3.996604627330728,-2.2082534352412555,True,0,mapped,True,0.0
T097,L,2370,T008,245,-14.386023699882198,-3.3721281762302087,-1.0631021845131323,True,0,mapped,True,0.0
T097,L,2371,T008,246,-13.73098505704798,-2.710641563176454,-0.0776920807771358,True,0,mapped,True,0.0
T097,L,2371,T011,234,-13.73098505704798,-2.710641563176454,-0.0776920807771358,True,0,mapped,False,0.0
T097,L,2372,T008,247,-25.50434858998602,-2.755190135717276,-1.2778406348046694,True,0,mapped,True,0.0
T097,L,2373,T008,248,-25.474054315448004,-4.476952757716408,-2.0887194521270924,True,0,mapped,True,0.0
T097,L,2374,T008,249,-24.755655744704065,-5.391209142541426,-2.9929135220047423,True,0,mapped,True,0.0
T097,L,2375,T008,250,-23.469069184039245,-5.766012210220569,-3.776425850398113,True,0,mapped,True,0.0
T097,L,2376,T008,251,-21.87178577058826,-5.644375809772059,-3.773380043086063,True,0,mapped,True,0.0
T097,L,2377,T008,252,-20.63431880468086,-5.208079081836817,-3.26580014180386,True,0,mapped,True,0.0
T097,L,2378,T008,253,-19.30148761136433,-4.824203331537154,-2.927129304101917,True,0,mapped,True,0.0
T097,L,2379,T008,254,-17.816734069378644,-4.468558996672799,-3.264617674642816,True,0,mapped,True,0.0
T097,L,2380,T008,255,-16.3271475574009,-4.286214542245452,-3.167979124883608,True,0,mapped,True,0.0
T097,L,2381,T008,256,-15.183518582602286,-3.717764626914596,-2.705445939546107,True,0,mapped,True,0.0
T097,L,2382,T008,257,-14.702534717286731,-2.905859844304068,-1.331868503488073,True,0,mapped,True,0.0
T097,L,2383,T008,258,-14.087228913971622,-2.2005406476073373,-0.4275522536473915,True,0,mapped,True,0.0
T097,L,2383,T011,220,-14.087228913971623,-2.200540647607335,-0.4275522536473904,True,0,mapped,False,3.052608629176561e-15
T097,L,2384,T008,259,-25.728990584368795,-3.6017901251551656,-2.323125774645522,True,0,mapped,True,0.0
T097,L,2385,T008,260,-25.116917086328407,-4.75609465622134,-3.3122395006844028,True,0,mapped,True,0.0
T097,L,2386,T008,261,-23.92687957166548,-5.3270306358963975,-3.965726130805834,True,0,mapped,True,0.0
T097,L,2387,T008,262,-22.25561520320559,-5.205489181365676,-4.168389476482145,True,0,mapped,True,0.0
T097,L,2388,T008,263,-20.98726974443111,-4.757035653300955,-3.657142807846188,True,0,mapped,True,0.0
T097,L,2389,T008,264,-19.72430983314422,-4.269572281034609,-3.220207068763958,True,0,mapped,True,0.0
T097,L,2390,T008,265,-18.23993921777576,-4.023896917483185,-3.4782464267254305,True,0,mapped,True,0.0
T097,L,2391,T008,266,-16.73028979169766,-3.8221888568825455,-3.5437971578859324,True,0,mapped,True,0.0
T097,L,2392,T008,267,-15.433572628330175,-3.220976606612564,-3.0632111328191645,True,0,mapped,True,0.0
T097,L,2393,T008,268,-15.028428511309356,-2.430342675422454,-1.880764048640312,True,0,mapped,True,0.0
T097,L,2394,T008,269,-14.40172034293375,-1.7282335572671683,-0.8031309908628408,True,0,mapped,True,0.0
T097,L,2394,T011,205,-14.40172034293375,-1.7282335572671652,-0.8031309908628398,True,0,mapped,False,3.2652638748082423e-15
T097,L,2395,T008,270,-25.40618359804477,-4.14755392074585,-3.509657241006224,True,0,mapped,True,0.0
T097,L,2396,T008,271,-24.2985474849861,-4.749381982698014,-4.278576198894151,True,0,mapped,True,0.0
T097,L,2397,T008,272,-22.6683933898666,-4.796439844491289,-4.542619075512034,True,0,mapped,True,0.0
T097,L,2398,T008,273,-21.302241620621825,-4.350371687030383,-4.023016250653667,True,0,mapped,True,0.0
T097,L,2399,T008,274,-20.191262760390632,-3.743675861402911,-3.5394212662509346,True,0,mapped,True,0.0
T097,L,2400,T008,275,-18.632102040757857,-3.4662309524108323,-3.7138953779454633,True,0,mapped,True,0.0
T097,L,2401,T008,276,-17.15631312558591,-3.2849517458152437,-3.9030683575332095,True,0,mapped,True,0.0
T097,L,2402,T008,277,-15.791522898238018,-2.840009002905473,-3.5259244829587804,True,0,mapped,True,0.0
T097,L,2403,T008,278,-15.22511294232842,-2.054223196940141,-2.359748662268527,True,0,mapped,True,0.0
T097,L,2404,T008,279,-14.710721262347304,-1.357615061191624,-1.2588288052633487,True,0,mapped,True,0.0
T097,L,2404,T011,189,-14.710721262347306,-1.357615061191624,-1.2588288052633485,True,0,mapped,False,1.790180836524724e-15
T097,L,2405,T008,280,-24.578076960053167,-4.14755392074585,-4.641685622773741,True,0,mapped,True,0.0
T097,L,2406,T008,281,-22.99727893318824,-4.384606671317012,-4.880437645075094,True,0,mapped,True,0.0
T097,L,2407,T008,282,-21.65991284685965,-3.7732550465291226,-4.486373224189544,True,0,mapped,True,0.0
T097,L,2408,T008,283,-20.63199155494408,-3.2451570971710573,-3.8764463322643854,True,0,mapped,True,0.0
T097,L,2409,T008,284,-19.06448225282388,-2.9672082832848408,-3.917907859363838,True,0,mapped,True,0.0
T097,L,2410,T008,285,-17.628564113093418,-2.8186913984485917,-4.152851558960332,True,0,mapped,True,0.0
T097,L,2411,T008,286,-16.192270491760276,-2.3595483348777857,-4.030725132122432,True,0,mapped,True,0.0
T097,L,2412,T008,287,-15.361220062184342,-1.7518247504895137,-3.0623194523163013,True,0,mapped,True,0.0
T097,L,2413,T008,288,-14.994604732921916,-0.947554051876068,-1.7555090306637178,True,0,mapped,True,0.0
T097,L,2413,T011,172,-14.994604732921914,-0.947554051876068,-1.7555090306637176,True,0,mapped,False,1.790180836524724e-15
T097,L,2414,T008,289,-23.406177473443798,-3.885046529343697,-5.268889904022217,True,0,mapped,True,0.0
T097,L,2415,T008,290,-21.999881965103874,-3.3432280265909275,-4.868387176337494,True,0,mapped,True,0.0
T097,L,2416,T008,291,-21.015017285167367,-2.778392527923144,-4.2292702199993535,True,0,mapped,True,0.0
T097,L,2417,T008,292,-19.50437697688617,-2.38385614089675,-4.1279711196679845,True,0,mapped,True,0.0
T097,L,2418,T008,293,-18.074506015204804,-2.1308199555587857,-4.441544232916301,True,0,mapped,True,0.0
T097,L,2419,T008,294,-16.479634467506244,-1.9292745617094893,-4.365347116776081,True,0,mapped,True,0.0
T097,L,2420,T008,295,-15.521132179642914,-1.3611793735521691,-3.50433427701434,True,0,mapped,True,0.0
T097,L,2421,T008,296,-15.196502685546877,-0.464293178328957,-2.1716567187767137,True,0,mapped,True,0.0
T097,L,2421,T011,154,-15.196502685546877,-0.4642931783289502,-2.1716567187767115,True,0,mapped,False,7.179847579402122e-15
T097,L,2422,T008,297,-22.345654967432484,-3.0497157896537344,-5.268889904022217,True,0,mapped,True,0.0
T097,L,2423,T008,298,-21.39814261621841,-2.260260292262588,-4.627649921841861,True,0,mapped,True,0.0
T097,L,2424,T008,299,-20.02921151013742,-1.8459360922438075,-4.333625050387111,True,0,mapped,True,0.0
T097,L,2425,T008,300,-18.5394521152836,-1.6535551044178043,-4.621468725843799,True,0,mapped,True,0.0
T097,L,2426,T008,301,-16.888013144534074,-1.421076098366195,-4.715656676290339,True,0,mapped,True,0.0
T097,L,2427,T008,302,-15.669087877653034,-0.9509845610316628,-3.919331564751664,True,0,mapped,True,0.0
T097,L,2428,T008,303,-15.355308002217578,0.0324086092726856,-2.6488524243452622,True,0,mapped,True,0.0
T097,L,2428,T011,135,-15.35530800221758,0.0324086092726856,-2.6488524243452622,True,0,mapped,False,1.7763568394002505e-15
T097,L,2429,T008,304,-21.74049391394576,-1.8295586768219725,-5.094295904406344,True,0,mapped,True,0.0
T097,L,2430,T008,305,-20.543254586010757,-1.289902612763712,-4.614873902278724,True,0,mapped,True,0.0
T097,L,2431,T008,306,-18.95867247205153,-1.074030696856298,-4.804961769264902,True,0,mapped,True,0.0
T097,L,2432,T008,307,-17.29745103228575,-0.9724196704833928,-4.96606275303985,True,0,mapped,True,0.0
T097,L,2433,T008,308,-15.894872049193951,-0.389118105838391,-4.422332608840721,True,0,mapped,True,0.0
T097,L,2434,T008,309,-15.503944472162228,0.4034680356865582,-3.219911978326102,True,0,mapped,True,0.0
T097,L,2434,T011,115,-15.503944472162228,0.403468035686559,-3.2199119783261017,True,0,mapped,False,8.95090418262362e-16
T097,L,2435,T008,310,-20.97153188295589,-0.7129072179584118,-4.967388526071392,True,0,mapped,True,0.0
T097,L,2436,T008,311,-19.49981914736832,-0.4890006431757286,-4.998626336832609,True,0,mapped,True,0.0
T097,L,2437,T008,312,-17.86008399703666,-0.4646297931167673,-5.2378172189338725,True,0,mapped,True,0.0
T097,L,2438,T008,313,-16.26186815058426,-0.0339971344781135,-4.948137831651924,True,0,mapped,True,0.0
T097,L,2439,T008,314,-15.586711266596732,0.7790958845067983,-3.807493274645383,True,0,mapped,True,0.0
T097,L,2439,T011,94,-15.586711266596732,0.7790958845068019,-3.807493274645382,True,0,mapped,False,3.66205343881779e-15
T097,L,2440,T008,315,-20.104969372395203,0.3439797812992544,-5.302458968121826,True,0,mapped,True,0.0
T097,L,2441,T008,316,-18.294965177602048,0.1479508569612007,-5.507137002799614,True,0,mapped,True,0.0
T097,L,2442,T008,317,-16.667045622626418,0.4370324618165607,-5.387914915737256,True,0,mapped,True,0.0
T097,L,2443,T008,318,-15.6947880852177,1.1724724825003685,-4.388916354920482,True,0,mapped,True,0.0
T097,L,2443,T011,72,-15.6947880852177,1.1724724825003685,-4.388916354920482,True,0,mapped,False,0.0
T097,L,2444,T008,319,-18.912106518143,0.8524459600448608,-5.763233108762694,True,0,mapped,True,0.0
T097,L,2445,T008,320,-17.218778683343384,0.8472949803035438,-5.751330432690903,True,0,mapped,True,0.0
T097,L,2446,T008,321,-15.87208722578142,1.5390637007725658,-4.955507473912435,True,0,mapped,True,0.0
T097,L,2446,T011,49,-15.87208722578142,1.539063700772567,-4.955507473912433,True,0,mapped,False,2.886579864025407e-15
T097,L,2447,T008,322,-17.756548884262507,1.3489173485673844,-6.068889617919922,True,0,mapped,True,0.0
T097,L,2448,T008,323,-16.154562576591477,1.8524459600448568,-5.539381459482678,True,0,mapped,True,0.0
T097,L,2448,T011,25,-16.154562576591477,1.8524459600448608,-5.539381459482678,True,0,mapped,False,3.9968028886505635e-15
T097,L,2449,T009,1,-9.69294728188668,3.252445936203003,2.0090375117280264,True,0,mapped,True,0.0
T097,L,2449,T010,1,-9.69294728188668,3.252445936203003,2.0090375117280264,True,0,mapped,False,0.0
T097,L,2450,T009,2,-9.452577822926026,3.252445936203003,2.77121730570534,True,0,mapped,True,0.0
T097,L,2450,T010,2,-9.452577822926026,3.252445936203003,2.77121730570534,True,0,mapped,False,0.0
T097,L,2451,T009,3,-9.32146209247568,3.252445936203003,3.5608153451839604,True,0,mapped,True,0.0
T097,L,2451,T010,3,-9.321462092475675,3.252445936203003,3.56081534518396,True,0,mapped,False,5.347542221830668e-15
T097,L,2452,T009,4,-9.101359178766682,3.4246482025592746,4.280796746354341,True,0,mapped,True,0.0
T097,L,2452,T010,4,-9.101359178766682,3.4246482025592746,4.280796746354341,True,0,mapped,False,0.0
T097,L,2453,T009,5,-8.917414549455312,3.4524459838867188,5.050855774469488,True,0,mapped,True,0.0
T097,L,2453,T010,5,-8.917414549455312,3.4524459838867188,5.050855774469488,True,0,mapped,False,0.0
T097,L,2454,T009,6,-8.639560379062951,3.4524459838867188,5.805515317979715,True,0,mapped,True,0.0
T097,L,2454,T010,6,-8.639560379062951,3.4524459838867188,5.805515317979715,True,0,mapped,False,0.0
T097,L,2455,T009,7,-8.268681364037931,3.4524459838867188,6.507207272375973,True,0,mapped,True,0.0
T097,L,2455,T010,7,-8.268681364037931,3.4524459838867188,6.507207272375973,True,0,mapped,False,0.0
T097,L,2456,T009,8,-7.852560608058649,3.4524459838867188,7.170066668083182,True,0,mapped,True,0.0
T097,L,2456,T010,8,-7.852560608058649,3.4524459838867188,7.170066668083182,True,0,mapped,False,0.0
T097,L,2457,T009,9,-7.17729902686794,3.4524459838867188,7.602794598356299,True,0,mapped,True,0.0
T097,L,2457,T010,9,-7.17729902686794,3.4524459838867188,7.602794598356299,True,0,mapped,False,0.0
T097,L,2458,T009,10,-6.5066344009751695,3.297744707610404,7.97682355204897,True,0,mapped,True,0.0
T097,L,2458,T010,10,-6.5066344009751695,3.297744707610404,7.97682355204897,True,0,mapped,False,0.0
T097,L,2459,T009,11,-5.85064985522321,3.052445888519287,8.326706241170859,True,0,mapped,True,0.0
T097,L,2459,T010,11,-5.85064985522321,3.052445888519287,8.326706241170859,True,0,mapped,False,0.0
T097,L,2460,T009,12,-5.122059038085863,2.9335928614602254,8.584335620811874,True,0,mapped,True,0.0
T097,L,2460,T010,12,-5.122059038085863,2.9335928614602254,8.584335620811874,True,0,mapped,False,0.0
T097,L,2461,T009,13,-4.554465822981418,2.6524460315704346,8.970827568729089,True,0,mapped,True,0.0
T097,L,2461,T010,13,-4.554465822981418,2.6524460315704346,8.970827568729089,True,0,mapped,False,0.0
T097,L,2462,T009,14,-3.838117693918647,2.581876372388094,9.30672901561487,True,0,mapped,True,0.0
T097,L,2462,T010,14,-3.838117693918647,2.581876372388094,9.30672901561487,True,0,mapped,False,0.0
T097,L,2463,T009,15,-3.152590557106426,2.4333119393391054,9.62602008175425,True,0,mapped,True,0.0
T097,L,2463,T010,15,-3.152590557106426,2.433311939339106,9.626020081754252,True,0,mapped,False,1.831026719408895e-15
T097,L,2464,T009,16,-2.5512246452810663,2.1800852629049707,10.04875682835062,True,0,mapped,True,0.0
T097,L,2464,T010,16,-2.551224645281066,2.1800852629049707,10.04875682835062,True,0,mapped,False,4.440892098500626e-16
T097,L,2465,T009,17,-2.018150245694769,1.8844153113534747,10.45791305853124,True,0,mapped,True,0.0
T097,L,2465,T010,17,-2.018150245694769,1.8844153113534747,10.45791305853124,True,0,mapped,False,0.0
T097,L,2466,T009,18,-1.429014991199724,1.8524459600448608,10.986884829039584,True,0,mapped,True,0.0
T097,L,2466,T010,18,-1.429014991199724,1.8524459600448608,10.986884829039584,True,0,mapped,False,0.0
T097,L,2467,T009,19,-0.8292420839216113,1.8524459600448608,11.524105506245595,True,0,mapped,True,0.0
T097,L,2467,T010,19,-0.8292420839216111,1.8524459600448608,11.524105506245595,True,0,mapped,False,1.1102230246251565e-16
T097,L,2468,T009,20,-0.2191482106187975,1.652445912361145,11.985030594459005,True,0,mapped,True,0.0
T097,L,2468,T010,20,-0.2191482106187975,1.652445912361145,11.985030594459005,True,0,mapped,False,0.0
T097,L,2469,T009,21,0.4374115654222186,1.3823421042136734,12.346227187970957,True,0,mapped,True,0.0
T097,L,2469,T010,21,0.4374115654222186,1.3823421042136734,12.346227187970957,True,0,mapped,False,0.0
T097,L,2470,T009,22,1.0486108205945417,1.0073320724337178,12.633949464619745,True,0,mapped,True,0.0
T097,L,2470,T010,22,1.0486108205945412,1.0073320724337178,12.633949464619745,True,0,mapped,False,4.440892098500626e-16
T097,L,2471,T009,23,1.660556740185422,0.5953862346235098,12.814223593050928,True,0,mapped,True,0.0
T097,L,2471,T010,23,1.660556740185422,0.5953862346235098,12.81422359305093,True,0,mapped,False,1.7763568394002505e-15
T097,L,2472,T009,24,2.4034969806671143,0.4524459540843963,12.871942520141602,True,-1,landmark_vertex,True,0.0
T097,L,2472,T010,24,2.4034969806671143,0.4524459540843963,12.871942520141602,True,0,mapped,False,0.0
T097,L,2472,T011,24,2.4034969806671143,0.4524459540843963,12.871942520141602,True,0,mapped,False,0.0
T097,L,2472,T012,24,2.4034969806671143,0.4524459540843963,12.871942520141602,True,-1,landmark_vertex,False,0.0
T097,L,2472,T013,24,2.4034969806671143,0.4524459540843963,12.871942520141602,True,0,mapped,False,0.0
T097,L,2472,T015,24,2.4034969806671143,0.4524459540843963,12.871942520141602,True,-1,landmark_vertex,False,0.0
T097,L,2473,T009,26,-9.989469464264072,3.098756376168157,1.733287161141221,True,0,mapped,True,0.0
T097,L,2474,T009,27,-9.684228376102649,3.10138081569892,2.339089225881396,True,0,mapped,True,0.0
T097,L,2475,T009,28,-9.53642673575858,3.0734304988218155,3.1362551333628805,True,0,mapped,True,0.0
T097,L,2476,T009,29,-9.319348185000456,3.2068217009640088,3.962247470340009,True,0,mapped,True,0.0
T097,L,2477,T009,30,-9.1258595024904,3.275998392727861,4.694900511861489,True,0,mapped,True,0.0
T097,L,2478,T009,31,-8.913314610192767,3.313117257661858,5.443969314575016,True,0,mapped,True,0.0
T097,L,2479,T009,32,-8.588640492410297,3.282246616375476,6.230504169318216,True,0,mapped,True,0.0
T097,L,2480,T009,33,-8.198837371765322,3.3012518551702064,6.940697657190476,True,0,mapped,True,0.0
T097,L,2481,T009,34,-7.638377307755892,3.296009402549919,7.508084529204025,True,0,mapped,True,0.0
T097,L,2482,T009,35,-6.918807579048641,3.230682172840522,7.921249350912934,True,0,mapped,True,0.0
T097,L,2483,T009,36,-6.332567104811302,3.0758068619409915,8.18918367802991,True,0,mapped,True,0.0
T097,L,2484,T009,37,-5.658491622633408,2.808125345323462,8.54287161745561,True,0,mapped,True,0.0
T097,L,2485,T009,38,-5.014296807286655,2.6220486695640344,8.844106970052591,True,0,mapped,True,0.0
T097,L,2486,T009,39,-4.38889037382838,2.4372287597683653,9.181116452738893,True,0,mapped,True,0.0
T097,L,2487,T009,40,-3.696030897812548,2.2531537021847345,9.537407902661306,True,0,mapped,True,0.0
T097,L,2488,T009,41,-2.9333499580477618,2.05716509752326,9.889725812279998,True,0,mapped,True,0.0
T097,L,2489,T009,42,-2.415794844000545,1.707491798620069,10.25921108999438,True,0,mapped,True,0.0
T097,L,2490,T009,43,-1.8341412888093125,1.5537906321360984,10.736290917119868,True,0,mapped,True,0.0
T097,L,2491,T009,44,-1.2233526857712298,1.3920921532610009,11.2206044822764,True,0,mapped,True,0.0
T097,L,2492,T009,45,-0.6246774071861638,1.2941253182704506,11.677721880273651,True,0,mapped,True,0.0
T097,L,2493,T009,46,-0.0399510274712182,1.0059866281396923,12.061260829933442,True,0,mapped,True,0.0
T097,L,2494,T009,47,0.5354042226857868,0.7022075432840353,12.377282025051349,True,0,mapped,True,0.0
T097,L,2495,T009,48,1.2134882920561725,0.4524459540843968,12.696316395014406,True,0,mapped,True,0.0
T097,L,2495,T011,23,1.2134882920561776,0.4524459540843963,12.696316395014408,True,0,mapped,False,5.430171067337229e-15
T097,L,2496,T009,50,-10.36193929451467,3.014419475413754,1.480705947391319,True,0,mapped,True,0.0
T097,L,2497,T009,51,-9.886230290599151,3.0226655572470755,2.048228353795734,True,0,mapped,True,0.0
T097,L,2498,T009,52,-9.620390573445682,3.055670528229358,2.8061968589885624,True,0,mapped,True,0.0
T097,L,2499,T009,53,-9.46023831631696,3.0847961937854755,3.589455508331693,True,0,mapped,True,0.0
T097,L,2500,T009,54,-9.23045259319014,3.263112663215646,4.300418308106711,True,0,mapped,True,0.0
T097,L,2501,T009,55,-9.04450358494912,3.28530210628703,5.114305702387683,True,0,mapped,True,0.0
T097,L,2502,T009,56,-8.822137529181695,3.197971952706407,5.8621992098165725,True,0,mapped,True,0.0
T097,L,2503,T009,57,-8.469436456960027,3.2115525980658037,6.588322929178471,True,0,mapped,True,0.0
T097,L,2504,T009,58,-7.991975937689733,3.256494025808566,7.266229388059531,True,0,mapped,True,0.0
T097,L,2505,T009,59,-7.431390393363249,3.089015610238991,7.828464597630834,True,0,mapped,True,0.0
T097,L,2506,T009,60,-6.769810189386992,2.973837174537706,8.156292428817414,True,0,mapped,True,0.0
T097,L,2507,T009,61,-6.1626108917797975,2.845911781488794,8.40812971930971,True,0,mapped,True,0.0
T097,L,2508,T009,62,-5.408397810361709,2.511947668147651,8.812204287253945,True,0,mapped,True,0.0
T097,L,2509,T009,63,-4.861180949250443,2.301152835072461,9.117060303584552,True,0,mapped,True,0.0
T097,L,2510,T009,64,-4.182356650402317,2.1475734406735647,9.435083793169603,True,0,mapped,True,0.0
T097,L,2511,T009,65,-3.4521388922823446,1.9089757900750444,9.76600310185554,True,0,mapped,True,0.0
T097,L,2512,T009,66,-2.7903904080699804,1.6152161067412556,10.13752642708742,True,0,mapped,True,0.0
T097,L,2513,T009,67,-2.27060705996618,1.303822438102597,10.548220114885853,True,0,mapped,True,0.0
T097,L,2514,T009,68,-1.6069056207974073,1.1251839937642294,11.04061566368006,True,0,mapped,True,0.0
T097,L,2515,T009,69,-1.1237181409292651,0.9191326318377978,11.412127986575442,True,0,mapped,True,0.0
T097,L,2516,T009,70,-0.4922556903125178,0.7593015820262798,11.816462728061346,True,0,mapped,True,0.0
T097,L,2517,T009,71,0.1341034693133247,0.4524459540843967,12.157919069866992,True,0,mapped,True,0.0
T097,L,2517,T011,22,0.1341034693133342,0.4524459540843963,12.157919069866995,True,0,mapped,False,1.0142906654273203e-14
T097,L,2518,T009,73,-10.737406461352329,2.8892945454037724,1.3523802087797216,True,0,mapped,True,0.0
T097,L,2519,T009,74,-10.189871103600758,2.87479483094501,1.7623807099929762,True,0,mapped,True,0.0
T097,L,2520,T009,75,-9.881039438003958,2.8791111801197298,2.3709598623313606,True,0,mapped,True,0.0
T097,L,2521,T009,76,-9.625358547681842,2.9596299794228007,3.181590662466017,True,0,mapped,True,0.0
T097,L,2522,T009,77,-9.415314690665916,3.0746247782690883,3.9946680005396105,True,0,mapped,True,0.0
T097,L,2523,T009,78,-9.242483362527109,3.122884553931333,4.70005910041033,True,0,mapped,True,0.0
T097,L,2524,T009,79,-9.02242408711266,3.1485564897682705,5.511250750948032,True,0,mapped,True,0.0
T097,L,2525,T009,80,-8.75671892783541,3.035101653353728,6.298156717747787,True,0,mapped,True,0.0
T097,L,2526,T009,81,-8.401056110781248,3.056090124689518,6.968145752274433,True,0,mapped,True,0.0
T097,L,2527,T009,82,-7.792415531201236,3.0638031935117565,7.636462553695021,True,0,mapped,True,0.0
T097,L,2528,T009,83,-7.236532098232987,2.8472623997064077,8.091810751539999,True,0,mapped,True,0.0
T097,L,2529,T009,84,-6.564768551199608,2.7424835306584394,8.375306602798965,True,0,mapped,True,0.0
T097,L,2530,T009,85,-5.887519684869777,2.5754843994237024,8.676788857919018,True,0,mapped,True,0.0
T097,L,2531,T009,86,-5.276591548007108,2.251728164205032,9.036778017009052,True,0,mapped,True,0.0
T097,L,2532,T009,87,-4.66386040797812,2.0538187577141063,9.350366996438556,True,0,mapped,True,0.0
T097,L,2533,T009,88,-3.9283038998042032,1.7887827733836028,9.69592988178244,True,0,mapped,True,0.0
T097,L,2534,T009,89,-3.280185171837106,1.5389911445010334,10.009820702416478,True,0,mapped,True,0.0
T097,L,2535,T009,90,-2.6931664312103,1.1973838800694203,10.380135185912952,True,0,mapped,True,0.0
T097,L,2536,T009,91,-2.1294370467624297,0.9817230716385398,10.773769981135294,True,0,mapped,True,0.0
T097,L,2537,T009,92,-1.4928191827286836,0.6937997540334542,11.269219510534644,True,0,mapped,True,0.0
T097,L,2538,T009,93,-0.9538035420253,0.4524459540843963,11.64120222206618,True,0,mapped,True,0.0
T097,L,2538,T011,21,-0.953803542025294,0.4524459540843964,11.641202222066182,True,0,mapped,False,6.253818398919214e-15
T097,L,2539,T009,95,-11.113648274070314,2.8715268978694586,1.1500478894441974,True,0,mapped,True,0.0
T097,L,2540,T009,96,-10.518194318823936,2.857990900216941,1.5353135304452936,True,0,mapped,True,0.0
T097,L,2541,T009,97,-10.072639081551012,2.749167015764644,2.0801388077022867,True,0,mapped,True,0.0
T097,L,2542,T009,98,-9.819745639131463,2.801305530210487,2.745755244090702,True,0,mapped,True,0.0
T097,L,2543,T009,99,-9.55571829981326,2.971911838795121,3.6064604257374784,True,0,mapped,True,0.0
T097,L,2544,T009,100,-9.426527072998612,2.9962140169417486,4.313563894349184,True,0,mapped,True,0.0
T097,L,2545,T009,101,-9.192780244833834,3.0514554047362346,5.114957268589924,True,0,mapped,True,0.0
T097,L,2546,T009,102,-8.927752489967075,2.991627210358013,5.947963759666965,True,0,mapped,True,0.0
T097,L,2547,T009,103,-8.636994266681803,2.9046969151331,6.685742876750223,True,0,mapped,True,0.0
T097,L,2548,T009,104,-8.244999272632455,2.974345021757339,7.3256120617780836,True,0,mapped,True,0.0
T097,L,2549,T009,105,-7.692529482424613,2.8224807556021334,7.898348693372521,True,0,mapped,True,0.0
T097,L,2550,T009,106,-7.062722327051517,2.6442191548163945,8.311914543265601,True,0,mapped,True,0.0
T097,L,2551,T009,107,-6.369559852196257,2.484717527654995,8.61645659326722,True,0,mapped,True,0.0
T097,L,2552,T009,108,-5.6707499009306765,2.263752529894734,8.928734596285302,True,0,mapped,True,0.0
T097,L,2553,T009,109,-5.0526277115396185,1.9956509416663757,9.29210193594308,True,0,mapped,True,0.0
T097,L,2554,T009,110,-4.415279475846306,1.7207298354887854,9.625396294048814,True,0,mapped,True,0.0
T097,L,2555,T009,111,-3.728694698133874,1.4829553512510327,9.909839689227102,True,0,mapped,True,0.0
T097,L,2556,T009,112,-3.187910010696841,1.0866523780312711,10.253915703268236,True,0,mapped,True,0.0
T097,L,2557,T009,113,-2.5619771730192764,0.8214077957246189,10.650573337521486,True,0,mapped,True,0.0
T097,L,2558,T009,114,-2.0138260751785566,0.4618391509164891,11.065319853055186,True,0,mapped,True,0.0
T097,L,2558,T011,20,-2.013826075178553,0.4618391509164865,11.06531985305519,True,0,mapped,False,5.661321026272457e-15
T097,L,2559,T009,116,-11.472972120162671,2.8678555717170333,0.9954427046082972,True,0,mapped,True,0.0
T097,L,2560,T009,117,-10.810346560176754,2.820923631513905,1.344361102901433,True,0,mapped,True,0.0
T097,L,2561,T009,118,-10.297323745181105,2.726912201336826,1.825409885357571,True,0,mapped,True,0.0
T097,L,2562,T009,119,-9.966158654987264,2.71981150530092,2.452603182951817,True,0,mapped,True,0.0
T097,L,2563,T009,120,-9.73906296107549,2.814414955162524,3.2152586104997942,True,0,mapped,True,0.0
T097,L,2564,T009,121,-9.577802507357765,2.8517631070427782,4.018355154012968,True,0,mapped,True,0.0
T097,L,2565,T009,122,-9.344369999917165,2.975447906052461,4.7577444075887225,True,0,mapped,True,0.0
T097,L,2566,T009,123,-9.144296758805954,2.946592576876708,5.561520525525221,True,0,mapped,True,0.0
T097,L,2567,T009,124,-8.844228064331537,2.8673429985723247,6.338192642359093,True,0,mapped,True,0.0
T097,L,2568,T009,125,-8.58151019725073,2.768302622824941,7.018374922760492,True,0,mapped,True,0.0
T097,L,2569,T009,126,-8.06897865322106,2.6966253291734,7.719776148954978,True,0,mapped,True,0.0
T097,L,2570,T009,127,-7.551202095172255,2.541918938506228,8.215174430343762,True,0,mapped,True,0.0
T097,L,2571,T009,128,-6.787128207774874,2.415573139547305,8.548285737384749,True,0,mapped,True,0.0
T097,L,2572,T009,129,-6.102145985589521,2.2254063104401265,8.8705621206284,True,0,mapped,True,0.0
T097,L,2573,T009,130,-5.5111114012323394,1.94057533101462,9.192734020168478,True,0,mapped,True,0.0
T097,L,2574,T009,131,-4.891234193130417,1.67354340748309,9.530885030916874,True,0,mapped,True,0.0
T097,L,2575,T009,132,-4.189389530246165,1.4692030038530015,9.825148005822172,True,0,mapped,True,0.0
T097,L,2576,T009,133,-3.6345864628871487,1.0511726507213504,10.14609325168837,True,0,mapped,True,0.0
T097,L,2577,T009,134,-3.0462237854091985,0.6524459719657901,10.528747948205512,True,0,mapped,True,0.0
T097,L,2577,T011,19,-3.046223785409191,0.6524459719657898,10.528747948205517,True,0,mapped,False,9.246898212642509e-15
T097,L,2578,T009,136,-11.821661287229112,2.906583279776102,0.817187744576609,True,0,mapped,True,0.0
T097,L,2579,T009,137,-11.19600138585542,2.718962187262583,1.1829203932063956,True,0,mapped,True,0.0
T097,L,2580,T009,138,-10.698363558449952,2.6500127752831424,1.5447150131726854,True,0,mapped,True,0.0
T097,L,2581,T009,139,-10.182523340553551,2.6095395230912137,2.0835718328425887,True,0,mapped,True,0.0
T097,L,2582,T009,140,-9.930755655889673,2.62447868201583,2.824629313451509,True,0,mapped,True,0.0
T097,L,2583,T009,141,-9.648534789991857,2.8566922583625405,3.624304141452812,True,0,mapped,True,0.0
T097,L,2584,T009,142,-9.543245539277532,2.8164218930829588,4.38192901858013,True,0,mapped,True,0.0
T097,L,2585,T009,143,-9.33250813234065,2.7902206327305468,5.155504604526947,True,0,mapped,True,0.0
T097,L,2586,T009,144,-9.109412472447552,2.7114171780815446,5.96538361129551,True,0,mapped,True,0.0
T097,L,2587,T009,145,-8.786359309779252,2.6412135475116747,6.690678554815463,True,0,mapped,True,0.0
T097,L,2588,T009,146,-8.4664343453868,2.536331461235688,7.476657207098338,True,0,mapped,True,0.0
T097,L,2589,T009,147,-7.912712150383003,2.491223114881688,8.05430040745228,True,0,mapped,True,0.0
T097,L,2590,T009,148,-7.259893600212371,2.3808393521452698,8.421175426778763,True,0,mapped,True,0.0
T097,L,2591,T009,149,-6.5913191682453895,2.2054478762665504,8.76007675614005,True,0,mapped,True,0.0
T097,L,2592,T009,150,-5.911551756230551,1.9684502830146864,9.080579986120505,True,0,mapped,True,0.0
T097,L,2593,T009,151,-5.294072132607569,1.6553411293307967,9.443736823066766,True,0,mapped,True,0.0
T097,L,2594,T009,152,-4.649626536010575,1.4035495864973189,9.76533738620522,True,0,mapped,True,0.0
T097,L,2595,T009,153,-4.036351454640508,1.0590674382704568,10.028614376379252,True,0,mapped,True,0.0
T097,L,2595,T011,18,-4.036351454640498,1.0590674382704577,10.028614376379252,True,0,mapped,False,9.81025129326275e-15
T097,L,2596,T009,155,-12.248912728749689,2.8749101738462337,0.556910796386828,True,0,mapped,True,0.0
T097,L,2597,T009,156,-11.589113346894596,2.7363849039387094,0.996778456396686,True,0,mapped,True,0.0
T097,L,2598,T009,157,-10.977440445485954,2.582738681841902,1.3708597010972212,True,0,mapped,True,0.0
T097,L,2599,T009,158,-10.40929115605569,2.6006193636562696,1.851000247271188,True,0,mapped,True,0.0
T097,L,2600,T009,159,-10.103955378729715,2.494748424552633,2.474831950327862,True,0,mapped,True,0.0
T097,L,2601,T009,160,-9.833954038621274,2.6865279821243475,3.249469659763543,True,0,mapped,True,0.0
T097,L,2602,T009,161,-9.678933342677867,2.6892200535202706,4.007837906035363,True,0,mapped,True,0.0
T097,L,2603,T009,162,-9.507169393248075,2.7394956881214605,4.806066990200351,True,0,mapped,True,0.0
T097,L,2604,T009,163,-9.300948005959906,2.629404126927097,5.626410810714133,True,0,mapped,True,0.0
T097,L,2605,T009,164,-9.02324283659261,2.509017552065952,6.398868709409333,True,0,mapped,True,0.0
T097,L,2606,T009,165,-8.671539858822628,2.477595502351631,7.1538758577381625,True,0,mapped,True,0.0
T097,L,2607,T009,166,-8.272780387434292,2.4561790147366245,7.743830236054229,True,0,mapped,True,0.0
T097,L,2608,T009,167,-7.700228068113372,2.2947284667508296,8.333679288514944,True,0,mapped,True,0.0
T097,L,2609,T009,168,-7.042032627759849,2.197185283427001,8.627530750368958,True,0,mapped,True,0.0
T097,L,2610,T009,169,-6.33998069372908,1.977600330863403,8.989511877615659,True,0,mapped,True,0.0
T097,L,2611,T009,170,-5.73631242804774,1.6331840619591644,9.337562734014764,True,0,mapped,True,0.0
T097,L,2612,T009,171,-5.096985601083834,1.393169196767004,9.669222676359684,True,0,mapped,True,0.0
T097,L,2612,T011,17,-5.096985601083826,1.393169196766998,9.669222676359688,True,0,mapped,False,1.06048094183993e-14
T097,L,2613,T009,173,-12.537523787605942,2.851089012362279,0.3081735154446909,True,0,mapped,True,0.0
T097,L,2614,T009,174,-11.995530164951528,2.777296163472873,0.7691565561198683,True,0,mapped,True,0.0
T097,L,2615,T009,175,-11.309295926108655,2.5545968767831213,1.1885953364953288,True,0,mapped,True,0.0
T097,L,2616,T009,176,-10.767893159775433,2.520317395323983,1.5646106782207951,True,0,mapped,True,0.0
T097,L,2617,T009,177,-10.27420177892057,2.4773314868335587,2.123196447990778,True,0,mapped,True,0.0
T097,L,2618,T009,178,-10.01659687512378,2.4845648405698078,2.8654821894572446,True,0,mapped,True,0.0
T097,L,2619,T009,179,-9.831761508560716,2.5850368104514363,3.622011202430797,True,0,mapped,True,0.0
T097,L,2620,T009,180,-9.641722043379843,2.655553386331019,4.396244475523158,True,0,mapped,True,0.0
T097,L,2621,T009,181,-9.46656504713713,2.5153740454462032,5.19567693035044,True,0,mapped,True,0.0
T097,L,2622,T009,182,-9.221041571572496,2.4516662809990124,6.068066582405002,True,0,mapped,True,0.0
T097,L,2623,T009,183,-8.867716420570792,2.3738071504721403,6.818225178195806,True,0,mapped,True,0.0
T097,L,2624,T009,184,-8.609041443926824,2.242866811722018,7.491023173910442,True,0,mapped,True,0.0
T097,L,2625,T009,185,-8.050799675973703,2.2670094805035204,8.123832558371276,True,0,mapped,True,0.0
T097,L,2626,T009,186,-7.514072804643085,2.103875862481474,8.534635863143766,True,0,mapped,True,0.0
T097,L,2627,T009,187,-6.803815896205524,1.9607206404570423,8.86353367810427,True,0,mapped,True,0.0
T097,L,2628,T009,188,-6.157775993159341,1.6348173272006965,9.240896011243112,True,0,mapped,True,0.0
T097,L,2628,T011,16,-6.157775993159326,1.6348173272006896,9.24089601124312,True,0,mapped,False,1.805128410010917e-14
T097,L,2629,T009,190,-12.88049728611257,2.7966999293952632,-0.0506231038544761,True,0,mapped,True,0.0
T097,L,2630,T009,191,-12.279086063738037,2.709578408164745,0.5578248653030806,True,0,mapped,True,0.0
T097,L,2631,T009,192,-11.692859932186511,2.6040074208761417,0.978585536432328,True,0,mapped,True,0.0
T097,L,2632,T009,193,-11.060638280544456,2.432888159388201,1.39613533751995,True,0,mapped,True,0.0
T097,L,2633,T009,194,-10.4859859049856,2.4741587233713176,1.8800242251137165,True,0,mapped,True,0.0
T097,L,2634,T009,195,-10.223227720414952,2.345596051443481,2.453180739092219,True,0,mapped,True,0.0
T097,L,2635,T009,196,-9.982342510650373,2.463723215634448,3.245644164693916,True,0,mapped,True,0.0
T097,L,2636,T009,197,-9.787464927159167,2.463486379755997,4.059741044026513,True,0,mapped,True,0.0
T097,L,2637,T009,198,-9.622414915321984,2.4333043780801704,4.90804244870079,True,0,mapped,True,0.0
T097,L,2638,T009,199,-9.400091575265291,2.3438998732904763,5.70759857665182,True,0,mapped,True,0.0
T097,L,2639,T009,200,-9.097109798482162,2.2036746045241804,6.521038870527497,True,0,mapped,True,0.0
T097,L,2640,T009,201,-8.809471578551667,2.162719647471921,7.144606940232546,True,0,mapped,True,0.0
T097,L,2641,T009,202,-8.410557901279516,2.06555264195677,7.824453088472858,True,0,mapped,True,0.0
T097,L,2642,T009,203,-7.889402542182607,1.986145983828192,8.429300676529785,True,0,mapped,True,0.0
T097,L,2643,T009,204,-7.231216688830817,1.852445960044861,8.809100092576909,True,0,mapped,True,0.0
T097,L,2643,T011,15,-7.2312166888308,1.8524459600448608,8.809100092576914,True,0,mapped,False,1.7698222599439695e-14
T097,L,2644,T009,206,-13.135992861190438,2.6024063401299378,-0.307360133151636,True,0,mapped,True,0.0
T097,L,2645,T009,207,-12.579569930460782,2.6468373886341525,0.3122958100398816,True,0,mapped,True,0.0
T097,L,2646,T009,208,-12.069576615919862,2.5876489587988307,0.7547488264856732,True,0,mapped,True,0.0
T097,L,2647,T009,209,-11.41627127376584,2.464399112475589,1.155463624805264,True,0,mapped,True,0.0
T097,L,2648,T009,210,-10.82917693853496,2.389795557770349,1.5892086115950503,True,0,mapped,True,0.0
T097,L,2649,T009,211,-10.386076903583648,2.3130593081166912,2.18416442850418,True,0,mapped,True,0.0
T097,L,2650,T009,212,-10.14647634434564,2.2440895645513343,2.9591686089831115,True,0,mapped,True,0.0
T097,L,2651,T009,213,-9.94463817503116,2.3498151860917504,3.713373943654916,True,0,mapped,True,0.0
T097,L,2652,T009,214,-9.770707542069456,2.327605602689372,4.488792912445732,True,0,mapped,True,0.0
T097,L,2653,T009,215,-9.536913160190451,2.255717351529217,5.292722133011883,True,0,mapped,True,0.0
T097,L,2654,T009,216,-9.343301791688944,2.163364377829224,6.095813557363916,True,0,mapped,True,0.0
T097,L,2655,T009,217,-8.991973784017512,2.056042503061115,6.849402040015662,True,0,mapped,True,0.0
T097,L,2656,T009,218,-8.650974231259475,1.9872422052272705,7.551848812399802,True,0,mapped,True,0.0
T097,L,2657,T009,219,-8.261737789143535,1.8524459600448615,8.202151180805293,True,0,mapped,True,0.0
T097,L,2657,T011,14,-8.261737789143524,1.8524459600448608,8.202151180805302,True,0,mapped,False,1.3889773041094434e-14
T097,L,2658,T009,221,-13.385575175262275,2.5406181105768013,-0.5808579469497414,True,0,mapped,True,0.0
T097,L,2659,T009,222,-12.969576100807206,2.582997140006106,-0.0728994918683602,True,0,mapped,True,0.0
T097,L,2660,T009,223,-12.311162492846863,2.5197704879835245,0.5686874435409012,True,0,mapped,True,0.0
T097,L,2661,T009,224,-11.775438806565738,2.4879119934561325,0.9674218138775564,True,0,mapped,True,0.0
T097,L,2662,T009,225,-11.189329776795027,2.3003814376871845,1.3652023685002133,True,0,mapped,True,0.0
T097,L,2663,T009,226,-10.588822041150282,2.2884830737973463,1.9246028595847224,True,0,mapped,True,0.0
T097,L,2664,T009,227,-10.286131734573168,2.22812168033444,2.519069875516711,True,0,mapped,True,0.0
T097,L,2665,T009,228,-10.10584242423782,2.2313704064865503,3.325496147399787,True,0,mapped,True,0.0
T097,L,2666,T009,229,-9.900715520399013,2.235293280508494,4.09654162462393,True,0,mapped,True,0.0
T097,L,2667,T009,230,-9.726385596982963,2.146429923394176,4.922277011464471,True,0,mapped,True,0.0
T097,L,2668,T009,231,-9.502112975398347,2.056640886516451,5.709203850141042,True,0,mapped,True,0.0
T097,L,2669,T009,232,-9.234013065679836,1.9388012168609043,6.472718178754953,True,0,mapped,True,0.0
T097,L,2670,T009,233,-8.88564431932186,1.852445960044861,7.1725968537768345,True,0,mapped,True,0.0
T097,L,2670,T011,13,-8.885644319321857,1.8524459600448608,7.172596853776843,True,0,mapped,False,9.568551029921598e-15
T097,L,2671,T009,235,-13.591658952696436,2.5578161658892413,-0.8648034565771118,True,0,mapped,True,0.0
T097,L,2672,T009,236,-13.250611791205348,2.449365862157437,-0.3727934225566346,True,0,mapped,True,0.0
T097,L,2673,T009,237,-12.74591642168304,2.5134399226778816,0.2060311262152216,True,0,mapped,True,0.0
T097,L,2674,T009,238,-12.115144147424568,2.4336128673284216,0.7493134537785505,True,0,mapped,True,0.0
T097,L,2675,T009,239,-11.466983723808372,2.3067468140383216,1.1674540254515884,True,0,mapped,True,0.0
T097,L,2676,T009,240,-10.954754028852715,2.150091798354592,1.626546709305236,True,0,mapped,True,0.0
T097,L,2677,T009,241,-10.474135853671829,2.1549380694856577,2.2415294956934124,True,0,mapped,True,0.0
T097,L,2678,T009,242,-10.227104224364638,2.1304366958637884,2.95462876728216,True,0,mapped,True,0.0
T097,L,2679,T009,243,-10.071076580462858,2.120630751301903,3.730768407788711,True,0,mapped,True,0.0
T097,L,2680,T009,244,-9.889106191978462,2.0344202692460263,4.506067583234795,True,0,mapped,True,0.0
T097,L,2681,T009,245,-9.662606115349512,1.9547499156091064,5.3508229156729525,True,0,mapped,True,0.0
T097,L,2682,T009,246,-9.422644979356662,1.8524459600448608,6.097088934053957,True,0,mapped,True,0.0
T097,L,2682,T011,12,-9.422644979356658,1.8524459600448608,6.097088934053967,True,0,mapped,False,1.0395861869767154e-14
T097,L,2683,T009,248,-13.967074158097368,2.487911937357417,-1.2799358796394569,True,0,mapped,True,0.0
T097,L,2684,T009,249,-13.461262397895538,2.414214154139139,-0.6200753078919276,True,0,mapped,True,0.0
T097,L,2685,T009,250,-12.984721191380022,2.478104981903677,-0.0396952811758346,True,0,mapped,True,0.0
T097,L,2686,T009,251,-12.382024039232572,2.396715112939386,0.539129351466256,True,0,mapped,True,0.0
T097,L,2687,T009,252,-11.881799305822051,2.3115465959267087,0.9520854982619714,True,0,mapped,True,0.0
T097,L,2688,T009,253,-11.225136643048366,2.160827892725339,1.393249848759733,True,0,mapped,True,0.0
T097,L,2689,T009,254,-10.752465609070706,2.0801476121794464,1.8998764136248356,True,0,mapped,True,0.0
T097,L,2690,T009,255,-10.400397448267295,2.026661755870066,2.589756729964135,True,0,mapped,True,0.0
T097,L,2691,T009,256,-10.195454695778048,2.0455979116450447,3.323477789613005,True,0,mapped,True,0.0
T097,L,2692,T009,257,-10.014520923276638,1.973813546460661,4.118632594763041,True,0,mapped,True,0.0
T097,L,2693,T009,258,-9.81383712205075,1.852445960044861,4.9551352249167815,True,0,mapped,True,0.0
T097,L,2693,T011,11,-9.813837122050746,1.8524459600448608,4.955135224916791,True,0,mapped,False,1.0398232918234469e-14
T097,L,2694,T009,260,-14.220075465408936,2.4920472662040907,-1.5936308101942334,True,0,mapped,True,0.0
T097,L,2695,T009,261,-13.654806101837424,2.4770061979648266,-0.890925733609396,True,0,mapped,True,0.0
T097,L,2696,T009,262,-13.31329857551808,2.3653442030303564,-0.4108348946108653,True,0,mapped,True,0.0
T097,L,2697,T009,263,-12.814570978323632,2.381382663227826,0.1675705030348747,True,0,mapped,True,0.0
T097,L,2698,T009,264,-12.183178347863151,2.298492454802328,0.7363350373824717,True,0,mapped,True,0.0
T097,L,2699,T009,265,-11.560768292166316,2.213726598610981,1.1492491368745057,True,0,mapped,True,0.0
T097,L,2700,T009,266,-11.080219934142324,1.995735682856954,1.6133926009740265,True,0,mapped,True,0.0
T097,L,2701,T009,267,-10.577030256165152,1.9682731094792807,2.29614899290676,True,0,mapped,True,0.0
T097,L,2702,T009,268,-10.327919499681933,1.9474676555927957,2.9919827913794594,True,0,mapped,True,0.0
T097,L,2703,T009,269,-10.176108751692215,1.847324010172856,3.8025983554960257,True,0,mapped,True,0.0
T097,L,2703,T011,10,-10.176108751692214,1.847324010172856,3.802598355496036,True,0,mapped,False,1.0367366991496098e-14
T097,L,2704,T009,271,-14.445519524781073,2.425519989358794,-1.9109304777947185,True,0,mapped,True,0.0
T097,L,2705,T009,272,-14.040470658399077,2.390519978854832,-1.3328210683554604,True,0,mapped,True,0.0
T097,L,2706,T009,273,-13.573351537021546,2.261767130214987,-0.6980786109964432,True,0,mapped,True,0.0
T097,L,2707,T009,274,-13.040849216267729,2.3520567643624166,-0.0688359967797608,True,0,mapped,True,0.0
T097,L,2708,T009,275,-12.465611420239526,2.2906338200480696,0.4854267419834829,True,0,mapped,True,0.0
T097,L,2709,T009,276,-11.988070943648282,2.1237047952177166,0.930912382752558,True,0,mapped,True,0.0
T097,L,2710,T009,277,-11.3229772214442,2.004281339100978,1.3725674690765943,True,0,mapped,True,0.0
T097,L,2711,T009,278,-10.843698007882098,1.931627509963918,1.9184694843219416,True,0,mapped,True,0.0
T097,L,2712,T009,279,-10.501084622088603,1.8524459600448608,2.642946241764752,True,0,mapped,True,0.0
T097,L,2712,T011,9,-10.501084622088603,1.8524459600448608,2.64294624176476,True,0,mapped,False,7.993605777301127e-15
T097,L,2713,T009,281,-14.713506485054062,2.364181134329149,-2.309051744849337,True,0,mapped,True,0.0
T097,L,2714,T009,282,-14.309211622629988,2.339275728929086,-1.676632967206659,True,0,mapped,True,0.0
T097,L,2715,T009,283,-13.791745792621713,2.356784424178213,-0.9929671984326708,True,0,mapped,True,0.0
T097,L,2716,T009,284,-13.375852505885824,2.2298219066758778,-0.426336626659301,True,0,mapped,True,0.0
T097,L,2717,T009,285,-12.858525986661714,2.2729719675724334,0.1433261971643819,True,0,mapped,True,0.0
T097,L,2718,T009,286,-12.29561695486808,2.167823231261077,0.6815902011853939,True,0,mapped,True,0.0
T097,L,2719,T009,287,-11.671163953572076,2.094349019258235,1.1315585095703355,True,0,mapped,True,0.0
T097,L,2720,T009,288,-11.155234101100774,1.8524459600448608,1.641726625595156,True,0,mapped,True,0.0
T097,L,2720,T011,8,-11.155234101100772,1.8524459600448608,1.6417266255951586,True,0,mapped,False,3.2023728339893768e-15
T097,L,2721,T009,290,-14.932757661822738,2.339047634902002,-2.7119093415733446,True,0,mapped,True,0.0
T097,L,2722,T009,291,-14.515332964877818,2.263869701745067,-1.9541146717819344,True,0,mapped,True,0.0
T097,L,2723,T009,292,-14.111528631689328,2.263353072858741,-1.3750134513929615,True,0,mapped,True,0.0
T097,L,2724,T009,293,-13.641713439208829,2.138227901803944,-0.7329484124474341,True,0,mapped,True,0.0
T097,L,2725,T009,294,-13.143532100252312,2.173525454748788,-0.1404341583512832,True,0,mapped,True,0.0
T097,L,2726,T009,295,-12.603286552328246,2.1371348513793365,0.3834429962426368,True,0,mapped,True,0.0
T097,L,2727,T009,296,-12.048690204678524,2.052445888519287,0.910569939970144,True,0,mapped,True,0.0
T097,L,2727,T011,7,-12.048690204678524,2.052445888519287,0.910569939970142,True,0,mapped,False,1.9984014443252818e-15
T097,L,2728,T009,298,-15.135316716121762,2.3242889679582626,-3.0912037749151406,True,0,mapped,True,0.0
T097,L,2729,T009,299,-14.77494805226695,2.2889042344118025,-2.3954742106156965,True,0,mapped,True,0.0
T097,L,2730,T009,300,-14.378865094461789,2.197385693582619,-1.7320049970919855,True,0,mapped,True,0.0
T097,L,2731,T009,301,-13.892618703390603,2.1638592348188164,-1.0556918345634612,True,0,mapped,True,0.0
T097,L,2732,T009,302,-13.461326254641651,2.092936852572244,-0.4796175298467364,True,0,mapped,True,0.0
T097,L,2733,T009,303,-12.948919438917422,2.052445888519287,0.1077214020160591,True,0,mapped,True,0.0
T097,L,2733,T011,6,-12.948919438917422,2.052445888519287,0.1077214020160607,True,0,mapped,False,1.5959455978986625e-15
T097,L,2734,T009,305,-15.345268479622607,2.3067035769044804,-3.488475256720106,True,0,mapped,True,0.0
T097,L,2735,T009,306,-15.001383535783884,2.2057926709796805,-2.771760076813551,True,0,mapped,True,0.0
T097,L,2736,T009,307,-14.629030695910496,2.134211353742172,-2.058024568415262,True,0,mapped,True,0.0
T097,L,2737,T009,308,-14.206446387481003,2.096734993004421,-1.437261691794478,True,0,mapped,True,0.0
T097,L,2738,T009,309,-13.73798215178156,2.051763674411627,-0.8056503818411828,True,0,mapped,True,0.0
T097,L,2738,T011,5,-13.73798215178156,2.051763674411627,-0.8056503818411827,True,0,mapped,False,1.1102230246251565e-16
T097,L,2739,T009,311,-15.493582813019126,2.2564717505099017,-3.84471211161643,True,0,mapped,True,0.0
T097,L,2740,T009,312,-15.204108296193205,2.159026450553353,-3.1292200768376555,True,0,mapped,True,0.0
T097,L,2741,T009,313,-14.837046595739691,2.126589433001027,-2.4540220283903107,True,0,mapped,True,0.0
T097,L,2742,T009,314,-14.45347558342428,2.052445888519287,-1.7779697402614834,True,0,mapped,True,0.0
T097,L,2742,T011,4,-14.45347558342428,2.052445888519287,-1.7779697402614834,True,0,mapped,False,0.0
T097,L,2743,T009,316,-15.60195068691977,2.218381596053009,-4.254427074269403,True,0,mapped,True,0.0
T097,L,2744,T009,317,-15.406143564976908,2.113543060382816,-3.5200059713713845,True,0,mapped,True,0.0
T097,L,2745,T009,318,-15.071953024455528,2.052445888519287,-2.813612084086894,True,0,mapped,True,0.0
T097,L,2745,T011,3,-15.071953024455528,2.052445888519287,-2.813612084086894,True,0,mapped,False,0.0
T097,L,2746,T009,320,-15.698197310233764,2.106283083261121,-4.687014970787216,True,0,mapped,True,0.0
T097,L,2747,T009,321,-15.53782918257967,2.052445888519287,-3.9230229764229536,True,0,mapped,True,0.0
T097,L,2747,T011,2,-15.53782918257967,2.052445888519287,-3.9230229764229545,True,0,mapped,False,8.881784197001252e-16
T097,L,2748,T009,323,-15.847051788737428,2.052445888519287,-5.088961730951936,True,0,mapped,True,0.0
T097,L,2748,T011,1,-15.847051788737428,2.052445888519287,-5.088961730951939,True,0,mapped,False,3.552713678800501e-15
T097,L,2749,T010,26,-9.358319671986925,3.4278584823207403,2.4178210244142004,True,0,mapped,True,0.0
T097,L,2750,T010,27,-9.06442658497073,3.573027810480045,3.1092341484358434,True,0,mapped,True,0.0
T097,L,2751,T010,28,-8.984801539550622,3.570637151877333,3.981905933410631,True,0,mapped,True,0.0
T097,L,2752,T010,29,-8.7572922977851,3.696220618385749,4.697988282702677,True,0,mapped,True,0.0
T097,L,2753,T010,30,-8.515433368916907,3.675428294088043,5.479739233276293,True,0,mapped,True,0.0
T097,L,2754,T010,31,-8.204185956402794,3.679134190252836,6.229702288626159,True,0,mapped,True,0.0
T097,L,2755,T010,32,-7.760890133704072,3.701784853378534,6.927169549866815,True,0,mapped,True,0.0
T097,L,2756,T010,33,-7.200083790268189,3.685519048049673,7.366897055053662,True,0,mapped,True,0.0
T097,L,2757,T010,34,-6.555233341592656,3.4840940254821087,7.8210951631683825,True,0,mapped,True,0.0
T097,L,2758,T010,35,-5.946805792869336,3.3094885827821066,8.088036463477925,True,0,mapped,True,0.0
T097,L,2759,T010,36,-5.196568917071447,3.0299199240048047,8.495175716881445,True,0,mapped,True,0.0
T097,L,2760,T010,37,-4.562831869060398,2.8660102352512284,8.801651731735399,True,0,mapped,True,0.0
T097,L,2761,T010,38,-3.931680666829312,2.714031013931957,9.191615576047717,True,0,mapped,True,0.0
T097,L,2762,T010,39,-3.2425221212000754,2.5969375574982574,9.507376923754082,True,0,mapped,True,0.0
T097,L,2763,T010,40,-2.6179404411847966,2.458417634753919,9.926241438466608,True,0,mapped,True,0.0
T097,L,2764,T010,41,-2.109606734427496,2.263816377327222,10.316386507214071,True,0,mapped,True,0.0
T097,L,2765,T010,42,-1.6006067598501548,2.1174875257072534,10.785576061541494,True,0,mapped,True,0.0
T097,L,2766,T010,43,-0.9345291690223592,2.0593552491721208,11.416885560943792,True,0,mapped,True,0.0
T097,L,2767,T010,44,-0.3608656863282244,1.8703652185353816,11.92449809712961,True,0,mapped,True,0.0
T097,L,2768,T010,45,0.2388221213768194,1.6256061582973227,12.291244227415252,True,0,mapped,True,0.0
T097,L,2769,T010,46,0.852214564013844,1.2867942777138728,12.55378680053296,True,0,mapped,True,0.0
T097,L,2770,T010,47,1.446690381758998,1.0607186160532225,12.78983454863302,True,0,mapped,True,0.0
T097,L,2771,T010,48,2.129776013488188,0.7261668694904587,12.897869145628702,True,0,mapped,True,0.0
T097,L,2771,T013,48,2.129776013488192,0.7261668694904578,12.897869145628704,True,0,mapped,False,4.463041323674983e-15
T097,L,2772,T010,50,-8.982568442622618,3.676228690488637,2.91702357524571,True,0,mapped,True,0.0
T097,L,2773,T010,51,-8.824539913399292,3.732609698916362,3.5877226705993466,True,0,mapped,True,0.0
T097,L,2774,T010,52,-8.695341779819316,3.809319607225806,4.338994949714708,True,0,mapped,True,0.0
T097,L,2775,T010,53,-8.4646040375027,3.811929679484927,5.106767962608222,True,0,mapped,True,0.0
T097,L,2776,T010,54,-8.119808125836034,3.876592211168057,5.890198642285162,True,0,mapped,True,0.0
T097,L,2777,T010,55,-7.77553116893477,3.904298620242252,6.580604418750841,True,0,mapped,True,0.0
T097,L,2778,T010,56,-7.207689356651636,3.876939639714781,7.16033964018769,True,0,mapped,True,0.0
T097,L,2779,T010,57,-6.578088243521915,3.6666498519198383,7.6586912209797,True,0,mapped,True,0.0
T097,L,2780,T010,58,-5.976771553426296,3.497151418414805,7.935138047760845,True,0,mapped,True,0.0
T097,L,2781,T010,59,-5.218646964456794,3.1630316905260765,8.380448151924847,True,0,mapped,True,0.0
T097,L,2782,T010,60,-4.633929544437523,3.0131113501732374,8.677188672395852,True,0,mapped,True,0.0
T097,L,2783,T010,61,-4.006756905494826,2.852610877559272,9.064852471578432,True,0,mapped,True,0.0
T097,L,2784,T010,62,-3.373951668494368,2.7683372585500723,9.366833264136812,True,0,mapped,True,0.0
T097,L,2785,T010,63,-2.690180336863036,2.6858733529362318,9.797087867091264,True,0,mapped,True,0.0
T097,L,2786,T010,64,-2.246988854365457,2.5789198066268075,10.162553414857628,True,0,mapped,True,0.0
T097,L,2787,T010,65,-1.6929966368392204,2.4053633679336537,10.65688275295104,True,0,mapped,True,0.0
T097,L,2788,T010,66,-1.0358444580728738,2.2560059966964863,11.3103413565826,True,0,mapped,True,0.0
T097,L,2789,T010,67,-0.5228438956345638,2.130132828583669,11.824859604569106,True,0,mapped,True,0.0
T097,L,2790,T010,68,-0.0112016657342599,1.9474650030035447,12.20458656354262,True,0,mapped,True,0.0
T097,L,2791,T010,69,0.6257316019763527,1.6830241944472035,12.514518293273788,True,0,mapped,True,0.0
T097,L,2792,T010,70,1.2864915806115509,1.3332647532440498,12.767040920648848,True,0,mapped,True,0.0
T097,L,2793,T010,71,1.966466914910184,1.0431049229625786,12.931110382080078,True,0,mapped,True,0.0
T097,L,2793,T013,71,1.9664669149101863,1.0431049229625782,12.93111038208008,True,0,mapped,False,2.8780270159990897e-15
T097,L,2794,T010,73,-8.626348999673858,3.930195894000642,3.1649183467138986,True,0,mapped,True,0.0
T097,L,2795,T010,74,-8.60494456885077,3.919963541423823,3.976144427290625,True,0,mapped,True,0.0
T097,L,2796,T010,75,-8.355604790817296,3.974636358206177,4.78688991043971,True,0,mapped,True,0.0
T097,L,2797,T010,76,-8.088146824417265,3.990965235550185,5.538577409506601,True,0,mapped,True,0.0
T097,L,2798,T010,77,-7.778458868896532,4.050832130715735,6.241817366256908,True,0,mapped,True,0.0
T097,L,2799,T010,78,-7.199799403489018,4.084078005181563,6.889794393731458,True,0,mapped,True,0.0
T097,L,2800,T010,79,-6.5607438840354,3.9933756909818863,7.352952626612518,True,0,mapped,True,0.0
T097,L,2801,T010,80,-5.967160941646455,3.6857275117015584,7.77788058368468,True,0,mapped,True,0.0
T097,L,2802,T010,81,-5.236868360604909,3.37361716220705,8.203217241081592,True,0,mapped,True,0.0
T097,L,2803,T010,82,-4.712340489383825,3.196883215640204,8.529596704925108,True,0,mapped,True,0.0
T097,L,2804,T010,83,-4.042381516289511,3.063680266720866,8.892793537670254,True,0,mapped,True,0.0
T097,L,2805,T010,84,-3.4514235370707484,2.9669102596387487,9.231537793955384,True,0,mapped,True,0.0
T097,L,2806,T010,85,-2.7807048883612366,2.910647945845896,9.64793892688672,True,0,mapped,True,0.0
T097,L,2807,T010,86,-2.3638592254440893,2.798968694017884,10.015007247604984,True,0,mapped,True,0.0
T097,L,2808,T010,87,-1.7355530393459304,2.6326485601072585,10.607812794188725,True,0,mapped,True,0.0
T097,L,2809,T010,88,-1.1983775049745216,2.4976663693577543,11.156609600413454,True,0,mapped,True,0.0
T097,L,2810,T010,89,-0.6553497913890705,2.414139468506032,11.738697612755988,True,0,mapped,True,0.0
T097,L,2811,T010,90,-0.1292921342650906,2.254211325065645,12.178790058177247,True,0,mapped,True,0.0
T097,L,2812,T010,91,0.4066643376515821,1.9368617305989115,12.46066702732433,True,0,mapped,True,0.0
T097,L,2813,T010,92,1.0632019215143207,1.6448820225277825,12.720044611986472,True,0,mapped,True,0.0
T097,L,2814,T010,93,1.7144411251305498,1.33806389053261,12.931110382080078,True,0,mapped,True,0.0
T097,L,2814,T013,93,1.7144411251305498,1.33806389053261,12.931110382080078,True,0,mapped,False,0.0
T097,L,2815,T010,95,-8.39858100581232,4.065643877412591,3.582862893676914,True,0,mapped,True,0.0
T097,L,2816,T010,96,-8.205416165909691,4.158914659469014,4.423910107777736,True,0,mapped,True,0.0
T097,L,2817,T010,97,-7.973643209505356,4.158198046722664,5.198557279741706,True,0,mapped,True,0.0
T097,L,2818,T010,98,-7.748859823673677,4.163356436875392,5.938242457147503,True,0,mapped,True,0.0
T097,L,2819,T010,99,-7.206113988755149,4.242354123307423,6.631205290705138,True,0,mapped,True,0.0
T097,L,2820,T010,100,-6.623468325503769,4.188231457495216,7.120647233117453,True,0,mapped,True,0.0
T097,L,2821,T010,101,-6.025554736431941,3.861585036097153,7.616278856771501,True,0,mapped,True,0.0
T097,L,2822,T010,102,-5.32883890953395,3.578380188280909,8.007792191652188,True,0,mapped,True,0.0
T097,L,2823,T010,103,-4.751180332634025,3.3312345200897067,8.407354259505261,True,0,mapped,True,0.0
T097,L,2824,T010,104,-4.084098608291511,3.230587427145005,8.748726278362437,True,0,mapped,True,0.0
T097,L,2825,T010,105,-3.5130086193588745,3.139826853839743,9.10962163172802,True,0,mapped,True,0.0
T097,L,2826,T010,106,-2.8714834445164508,3.127573130612724,9.504545158578935,True,0,mapped,True,0.0
T097,L,2827,T010,107,-2.3969768674510608,2.9919173502379577,9.928645883883284,True,0,mapped,True,0.0
T097,L,2828,T010,108,-1.8866680412977743,2.804547666682699,10.43914883440246,True,0,mapped,True,0.0
T097,L,2829,T010,109,-1.2832138886961664,2.772414424562881,11.101124256552607,True,0,mapped,True,0.0
T097,L,2830,T010,110,-0.830098744954363,2.659167621619253,11.58888995865812,True,0,mapped,True,0.0
T097,L,2831,T010,111,-0.3669001832753255,2.611672813047201,12.114957829498207,True,0,mapped,True,0.0
T097,L,2832,T010,112,0.2062655499811017,2.325792842441148,12.433519574138597,True,0,mapped,True,0.0
T097,L,2833,T010,113,0.8396609186458864,1.9766392224552976,12.712087970808737,True,0,mapped,True,0.0
T097,L,2834,T010,114,1.4801380288566277,1.6471663798817364,12.931110382080078,True,0,mapped,True,0.0
T097,L,2834,T013,114,1.4801380288566306,1.6471663798817362,12.931110382080078,True,0,mapped,False,2.8951074449790722e-15
T097,L,2835,T010,116,-8.047662448596387,4.285738494047822,4.061541143101588,True,0,mapped,True,0.0
T097,L,2836,T010,117,-7.848256579128891,4.2994502158196255,4.855433280469702,True,0,mapped,True,0.0
T097,L,2837,T010,118,-7.620433342824779,4.328163260271435,5.624552858566417,True,0,mapped,True,0.0
T097,L,2838,T010,119,-7.150203430468007,4.4361047575164845,6.311115044715445,True,0,mapped,True,0.0
T097,L,2839,T010,120,-6.670879196804373,4.311765574619473,6.947703698396038,True,0,mapped,True,0.0
T097,L,2840,T010,121,-6.021867842756532,4.076293747060962,7.4307172634904335,True,0,mapped,True,0.0
T097,L,2841,T010,122,-5.417712233015187,3.7897060660466018,7.798220651678395,True,0,mapped,True,0.0
T097,L,2842,T010,123,-4.727110793921706,3.511993755182847,8.275566948854783,True,0,mapped,True,0.0
T097,L,2843,T010,124,-4.1396742680183385,3.338147711553592,8.64798353311697,True,0,mapped,True,0.0
T097,L,2844,T010,125,-3.5522626778648814,3.337475907556267,8.982178126040022,True,0,mapped,True,0.0
T097,L,2845,T010,126,-3.009968384621617,3.290473602631071,9.340297372212554,True,0,mapped,True,0.0
T097,L,2846,T010,127,-2.503249258074153,3.112294695084674,9.792146480276354,True,0,mapped,True,0.0
T097,L,2847,T010,128,-1.990472712130088,2.938109602303226,10.320771711152153,True,0,mapped,True,0.0
T097,L,2848,T010,129,-1.4093667739823754,2.9733295741579315,10.967969983955472,True,0,mapped,True,0.0
T097,L,2849,T010,130,-1.0211125502398737,2.900931856218614,11.471421448217711,True,0,mapped,True,0.0
T097,L,2850,T010,131,-0.5840439476362542,2.759755462360417,11.962669157272742,True,0,mapped,True,0.0
T097,L,2851,T010,132,0.0010098169871516,2.61807476344395,12.403695733964309,True,0,mapped,True,0.0
T097,L,2852,T010,133,0.6364897473638547,2.319919202445909,12.695855976071933,True,0,mapped,True,0.0
T097,L,2853,T010,134,1.2708467335131084,1.9739567774983533,12.931110382080078,True,0,mapped,True,0.0
T097,L,2853,T013,134,1.2708467335131104,1.973956777498353,12.931110382080078,True,0,mapped,False,2.010699415441723e-15
T097,L,2854,T010,136,-7.716868576875851,4.431876815671371,4.5482269095941685,True,0,mapped,True,0.0
T097,L,2855,T010,137,-7.492333104228145,4.479987335446808,5.276582341888087,True,0,mapped,True,0.0
T097,L,2856,T010,138,-7.166979475699762,4.535441778445921,5.974138021539484,True,0,mapped,True,0.0
T097,L,2857,T010,139,-6.615388113039126,4.556070241742482,6.618012181178018,True,0,mapped,True,0.0
T097,L,2858,T010,140,-5.9770041340103655,4.3847063246545055,7.133492488981343,True,0,mapped,True,0.0
T097,L,2859,T010,141,-5.467343950834314,4.067572423229696,7.54588053818146,True,0,mapped,True,0.0
T097,L,2860,T010,142,-4.798200435685803,3.77948303866318,8.031228876466898,True,0,mapped,True,0.0
T097,L,2861,T010,143,-4.215335133571919,3.5553434676848696,8.470986537049582,True,0,mapped,True,0.0
T097,L,2862,T010,144,-3.601176594918284,3.4454082916463693,8.88388930719018,True,0,mapped,True,0.0
T097,L,2863,T010,145,-3.00329965186871,3.4298500311613496,9.277505161591456,True,0,mapped,True,0.0
T097,L,2864,T010,146,-2.499612914198935,3.354878825486782,9.719130809702964,True,0,mapped,True,0.0
T097,L,2865,T010,147,-2.080389973347552,3.145198495646122,10.20003209230376,True,0,mapped,True,0.0
T097,L,2866,T010,148,-1.588842536497785,3.0987420742785607,10.77882764206787,True,0,mapped,True,0.0
T097,L,2867,T010,149,-1.1971562608461177,3.1487248037360374,11.32130447863336,True,0,mapped,True,0.0
T097,L,2868,T010,150,-0.7788402884952892,3.0535556013630507,11.904560868392096,True,0,mapped,True,0.0
T097,L,2869,T010,151,-0.2092020952105152,2.833921353324286,12.340598154969154,True,0,mapped,True,0.0
T097,L,2870,T010,152,0.4420149924653252,2.651473852945768,12.709277482413588,True,0,mapped,True,0.0
T097,L,2871,T010,153,1.062600198067535,2.3014296474897646,12.931110382080078,True,0,mapped,True,0.0
T097,L,2871,T013,153,1.062600198067535,2.3014296474897646,12.931110382080078,True,0,mapped,False,0.0
T097,L,2872,T010,155,-7.375579318596067,4.583107841220171,5.005034185158696,True,0,mapped,True,0.0
T097,L,2873,T010,156,-7.0424718109498725,4.650340278909522,5.738335302808146,True,0,mapped,True,0.0
T097,L,2874,T010,157,-6.586467438395069,4.742388888006942,6.316683601732541,True,0,mapped,True,0.0
T097,L,2875,T010,158,-6.012973018483704,4.533927206251924,6.948593068691313,True,0,mapped,True,0.0
T097,L,2876,T010,159,-5.538203126274016,4.275888729411568,7.350910132021166,True,0,mapped,True,0.0
T097,L,2877,T010,160,-4.827375403019782,3.955958688159893,7.868401687860068,True,0,mapped,True,0.0
T097,L,2878,T010,161,-4.251723041129881,3.741321192641445,8.32080305748569,True,0,mapped,True,0.0
T097,L,2879,T010,162,-3.714099315926977,3.662984085612589,8.674598554641566,True,0,mapped,True,0.0
T097,L,2880,T010,163,-3.0660865989237176,3.6643803951368112,9.120067508111005,True,0,mapped,True,0.0
T097,L,2881,T010,164,-2.54837691588694,3.5745342461615284,9.592336682802465,True,0,mapped,True,0.0
T097,L,2882,T010,165,-2.1657323471054992,3.3654927767813385,10.07240555585208,True,0,mapped,True,0.0
T097,L,2883,T010,166,-1.692550566707287,3.4011951635339424,10.666743566782024,True,0,mapped,True,0.0
T097,L,2884,T010,167,-1.3576699942555324,3.324234759898828,11.123734890067178,True,0,mapped,True,0.0
T097,L,2885,T010,168,-0.9236924119495968,3.252871026986413,11.799373446326676,True,0,mapped,True,0.0
T097,L,2886,T010,169,-0.3674078420551268,3.076044949244923,12.349222962183996,True,0,mapped,True,0.0
T097,L,2887,T010,170,0.2012747770903988,2.9024571462670123,12.69220655243063,True,0,mapped,True,0.0
T097,L,2888,T010,171,0.8451907380534813,2.6227881619946625,12.931110382080076,True,0,mapped,True,0.0
T097,L,2888,T013,171,0.845190738053486,2.6227881619946625,12.931110382080082,True,0,mapped,False,7.0810995818524236e-15
T097,L,2889,T010,173,-6.920804331200756,4.76559043681375,5.330366834106346,True,0,mapped,True,0.0
T097,L,2890,T010,174,-6.534737379588318,4.856817339503708,5.966272870295835,True,0,mapped,True,0.0
T097,L,2891,T010,175,-6.040202993581751,4.6910627456687575,6.712749480275463,True,0,mapped,True,0.0
T097,L,2892,T010,176,-5.535814651082696,4.483589127391007,7.157907107190002,True,0,mapped,True,0.0
T097,L,2893,T010,177,-4.85960022666899,4.139798806028431,7.6781001038448355,True,0,mapped,True,0.0
T097,L,2894,T010,178,-4.301515306261918,3.9204063057418,8.150041825013474,True,0,mapped,True,0.0
T097,L,2895,T010,179,-3.759397045441662,3.811338349553074,8.538603908985571,True,0,mapped,True,0.0
T097,L,2896,T010,180,-3.088132844979812,3.786327085715009,9.045908161570797,True,0,mapped,True,0.0
T097,L,2897,T010,181,-2.6413489024047285,3.645183651733419,9.476806560449027,True,0,mapped,True,0.0
T097,L,2898,T010,182,-2.207878493780557,3.639898983311648,9.96524502384297,True,0,mapped,True,0.0
T097,L,2899,T010,183,-1.873574795312316,3.623877800090176,10.433378726322749,True,0,mapped,True,0.0
T097,L,2900,T010,184,-1.462604685062015,3.6486235702876986,10.999241333486186,True,0,mapped,True,0.0
T097,L,2901,T010,185,-1.077241866501318,3.4339527480349314,11.630395213318597,True,0,mapped,True,0.0
T097,L,2902,T010,186,-0.6641573111475529,3.432112162324176,12.23127337074819,True,0,mapped,True,0.0
T097,L,2903,T010,187,-0.0442231135871449,3.176887626907268,12.643832243982892,True,0,mapped,True,0.0
T097,L,2904,T010,188,0.5828983317326379,2.908199247906192,12.931110382080078,True,0,mapped,True,0.0
T097,L,2904,T013,188,0.5828983317326407,2.9081992479061927,12.93111038208008,True,0,mapped,False,3.3251133250970925e-15
T097,L,2905,T010,190,-6.450186288081312,4.955795429548907,5.669361897943473,True,0,mapped,True,0.0
T097,L,2906,T010,191,-6.0032913094899,4.913040075249184,6.373853798663479,True,0,mapped,True,0.0
T097,L,2907,T010,192,-5.568160942733639,4.685950952562427,6.940560715075431,True,0,mapped,True,0.0
T097,L,2908,T010,193,-4.860374295180475,4.417126407399062,7.419682965157072,True,0,mapped,True,0.0
T097,L,2909,T010,194,-4.329327506176378,4.134850339759804,7.946692966858971,True,0,mapped,True,0.0
T097,L,2910,T010,195,-3.780933286361511,3.959317177971198,8.409216812892884,True,0,mapped,True,0.0
T097,L,2911,T010,196,-3.155670960592124,4.0203829217475295,8.857406872106543,True,0,mapped,True,0.0
T097,L,2912,T010,197,-2.667178433566836,3.9160908625891033,9.3423716765804,True,0,mapped,True,0.0
T097,L,2913,T010,198,-2.285755687596517,3.798307945006695,9.814482484918504,True,0,mapped,True,0.0
T097,L,2914,T010,199,-1.9653553796053984,3.731598882402632,10.29696079385231,True,0,mapped,True,0.0
T097,L,2915,T010,200,-1.558872869706084,3.792946704966684,10.844198489047235,True,0,mapped,True,0.0
T097,L,2916,T010,201,-1.1919086946566484,3.7033945224271183,11.497848982563047,True,0,mapped,True,0.0
T097,L,2917,T010,202,-0.7975718338435632,3.5832777983215887,12.143253861847146,True,0,mapped,True,0.0
T097,L,2918,T010,203,-0.188951173690714,3.4375515944393005,12.656869711750025,True,0,mapped,True,0.0
T097,L,2919,T010,204,0.338239196983871,3.2086518508656434,12.931110382080078,True,0,mapped,True,0.0
T097,L,2919,T013,204,0.338239196983871,3.2086518508656443,12.931110382080078,True,0,mapped,False,8.881784197001252e-16
T097,L,2920,T010,206,-5.967129546433259,5.040026130074072,6.041240281437349,True,0,mapped,True,0.0
T097,L,2921,T010,207,-5.468611374268557,4.909752710119854,6.713522263690013,True,0,mapped,True,0.0
T097,L,2922,T010,208,-4.999992622416941,4.641693409508213,7.16383993049028,True,0,mapped,True,0.0
T097,L,2923,T010,209,-4.340841352974346,4.383897668656995,7.7043649100365315,True,0,mapped,True,0.0
T097,L,2924,T010,210,-3.796213034308269,4.238997117803916,8.184716122279388,True,0,mapped,True,0.0
T097,L,2925,T010,211,-3.2050001586792707,4.136337787058569,8.741331595205132,True,0,mapped,True,0.0
T097,L,2926,T010,212,-2.6800893223299207,4.059303018716806,9.262532201036356,True,0,mapped,True,0.0
T097,L,2927,T010,213,-2.3136547794301903,3.955404909775811,9.728446988955458,True,0,mapped,True,0.0
T097,L,2928,T010,214,-1.992176052468018,3.929102549349852,10.212136218618094,True,0,mapped,True,0.0
T097,L,2929,T010,215,-1.6001721294551836,4.019916773772853,10.75282464091904,True,0,mapped,True,0.0
T097,L,2930,T010,216,-1.2861475055219302,3.9620062140716734,11.351457600797271,True,0,mapped,True,0.0
T097,L,2931,T010,217,-0.9435179408489353,3.9288623135766167,12.013825789597208,True,0,mapped,True,0.0
T097,L,2932,T010,218,-0.4247875238588043,3.675807798967832,12.55026732019106,True,0,mapped,True,0.0
T097,L,2933,T010,219,0.1129256134653968,3.522821487174804,12.929667390611185,True,0,mapped,True,0.0
T097,L,2933,T013,219,0.1129256134654022,3.5228214871748045,12.929667390611185,True,0,mapped,False,5.416694539824758e-15
T097,L,2934,T010,221,-5.460682820913899,5.09351025218807,6.424494527290147,True,0,mapped,True,0.0
T097,L,2935,T010,222,-4.883541266588487,4.898989864794008,6.937851625110023,True,0,mapped,True,0.0
T097,L,2936,T010,223,-4.307299644535132,4.634535631138135,7.485039064575,True,0,mapped,True,0.0
T097,L,2937,T010,224,-3.8450934514459942,4.368986486918196,8.041890834595446,True,0,mapped,True,0.0
T097,L,2938,T010,225,-3.206623995366588,4.25862785733938,8.658885194377563,True,0,mapped,True,0.0
T097,L,2939,T010,226,-2.7550570096538056,4.186988738508992,9.119948308987556,True,0,mapped,True,0.0
T097,L,2940,T010,227,-2.311998123322637,4.125287047540729,9.671901794356987,True,0,mapped,True,0.0
T097,L,2941,T010,228,-2.0115737497792705,4.102890510350526,10.139081171608716,True,0,mapped,True,0.0
T097,L,2942,T010,229,-1.7107795503788132,4.222669007154617,10.57010552912468,True,0,mapped,True,0.0
T097,L,2943,T010,230,-1.3724630373838445,4.173725230339132,11.151070754912665,True,0,mapped,True,0.0
T097,L,2944,T010,231,-1.0779330656916828,4.16461523774529,11.825927020417218,True,0,mapped,True,0.0
T097,L,2945,T010,232,-0.6354458624604695,4.080419633163406,12.459262012992513,True,0,mapped,True,0.0
T097,L,2946,T010,233,0.0279617897740254,3.8972052134890407,12.925356993044623,True,0,mapped,True,0.0
T097,L,2946,T013,233,0.0279617897740263,3.8972052134890407,12.925356993044629,True,0,mapped,False,5.404299284292361e-15
T097,L,2947,T010,235,-4.923896675712344,5.120337071732597,6.654250478083932,True,0,mapped,True,0.0
T097,L,2948,T010,236,-4.333710515864917,4.824988007386596,7.286764144199767,True,0,mapped,True,0.0
T097,L,2949,T010,237,-3.8441549361518943,4.57090401065834,7.866138972509058,True,0,mapped,True,0.0
T097,L,2950,T010,238,-3.2785262974934675,4.518052837987933,8.398503363245279,True,0,mapped,True,0.0
T097,L,2951,T010,239,-2.735201255794663,4.374596079035003,9.047686941656558,True,0,mapped,True,0.0
T097,L,2952,T010,240,-2.378841846230701,4.23491503808087,9.533399784418847,True,0,mapped,True,0.0
T097,L,2953,T010,241,-2.0734715956629755,4.34119422666366,9.97449858157302,True,0,mapped,True,0.0
T097,L,2954,T010,242,-1.7522566772235135,4.419667022696929,10.46631554063718,True,0,mapped,True,0.0
T097,L,2955,T010,243,-1.4283072075081238,4.465780121882288,11.03294768181124,True,0,mapped,True,0.0
T097,L,2956,T010,244,-1.1806948464187583,4.471156051057013,11.588453765346886,True,0,mapped,True,0.0
T097,L,2957,T010,245,-0.7541560693329431,4.3896497051537535,12.281074727922398,True,0,mapped,True,0.0
T097,L,2958,T010,246,-0.0161388163358099,4.2655490381987935,12.86223368680176,True,0,mapped,True,0.0
T097,L,2958,T013,246,-0.01613881633581,4.265549038198794,12.862233686801762,True,0,mapped,False,1.9885742871150788e-15
T097,L,2959,T010,248,-4.3509565601155735,5.0599953166026825,7.03744252713453,True,0,mapped,True,0.0
T097,L,2960,T010,249,-3.836022302460204,4.772622980605044,7.685012849540504,True,0,mapped,True,0.0
T097,L,2961,T010,250,-3.3351726137978885,4.681290473753442,8.202050493569182,True,0,mapped,True,0.0
T097,L,2962,T010,251,-2.7940934711590755,4.514834449276935,8.900677647923047,True,0,mapped,True,0.0
T097,L,2963,T010,252,-2.431599882597147,4.421514765930284,9.390124249651343,True,0,mapped,True,0.0
T097,L,2964,T010,253,-2.1007200890022464,4.497037933663648,9.88452776618304,True,0,mapped,True,0.0
T097,L,2965,T010,254,-1.7928026754667528,4.542702670162191,10.33851400756453,True,0,mapped,True,0.0
T097,L,2966,T010,255,-1.513289283048167,4.642674980391991,10.847231190142104,True,0,mapped,True,0.0
T097,L,2967,T010,256,-1.2344650910014698,4.614949739180122,11.400209060107604,True,0,mapped,True,0.0
T097,L,2968,T010,257,-0.8204101274884364,4.684001703376784,11.98640798187617,True,0,mapped,True,0.0
T097,L,2969,T010,258,-0.2140228941923162,4.4975504793882255,12.66289087935646,True,0,mapped,True,0.0
T097,L,2969,T013,258,-0.2140228941923146,4.497550479388227,12.662890879356462,True,0,mapped,False,2.983692104580424e-15
T097,L,2970,T010,260,-3.8957236125314543,4.98706784132167,7.427170309728164,True,0,mapped,True,0.0
T097,L,2971,T010,261,-3.332617277143823,4.878243424910259,8.039802699349378,True,0,mapped,True,0.0
T097,L,2972,T010,262,-2.8346131953953204,4.698893370516807,8.737296237977517,True,0,mapped,True,0.0
T097,L,2973,T010,263,-2.462991492944565,4.603426803041969,9.269151140724428,True,0,mapped,True,0.0
T097,L,2974,T010,264,-2.1664492572659637,4.67790890572205,9.7132932665157,True,0,mapped,True,0.0
T097,L,2975,T010,265,-1.8185958460824163,4.651577066076854,10.215767716544866,True,0,mapped,True,0.0
T097,L,2976,T010,266,-1.5125600985191507,4.831132561991732,10.6588203930231,True,0,mapped,True,0.0
T097,L,2977,T010,267,-1.2073937263018275,4.862693708275524,11.174615384162289,True,0,mapped,True,0.0
T097,L,2978,T010,268,-0.8100986057726705,4.8703220324201695,11.72922271656518,True,0,mapped,True,0.0
T097,L,2979,T010,269,-0.2795487827013228,4.776838988432342,12.406717271693251,True,0,mapped,True,0.0
T097,L,2979,T013,269,-0.2795487827013205,4.776838988432344,12.406717271693251,True,0,mapped,False,2.88711357575485e-15
T097,L,2980,T010,271,-3.385767806619925,4.996273422988189,7.874206664562815,True,0,mapped,True,0.0
T097,L,2981,T010,272,-2.91766554340891,4.849500091693681,8.523576060788855,True,0,mapped,True,0.0
T097,L,2982,T010,273,-2.485927652340607,4.776719789297297,9.14396621894904,True,0,mapped,True,0.0
T097,L,2983,T010,274,-2.162711145982244,4.8644208532941615,9.622903678978494,True,0,mapped,True,0.0
T097,L,2984,T010,275,-1.761471553526884,4.85836323680628,10.052750179205653,True,0,mapped,True,0.0
T097,L,2985,T010,276,-1.413801314593357,4.989817665039976,10.45961553773194,True,0,mapped,True,0.0
T097,L,2986,T010,277,-1.1702441969639534,5.018862360269848,10.94778745389968,True,0,mapped,True,0.0
T097,L,2987,T010,278,-0.8636249775831183,4.946002881047069,11.476219736128526,True,0,mapped,True,0.0
T097,L,2988,T010,279,-0.1933648735151253,5.031018710265595,12.133288602218496,True,0,mapped,True,0.0
T097,L,2988,T013,279,-0.1933648735151253,5.031018710265595,12.133288602218496,True,0,mapped,False,0.0
T097,L,2989,T010,281,-2.995722826800664,5.023107201253147,8.294079601257891,True,0,mapped,True,0.0
T097,L,2990,T010,282,-2.5064887482871745,4.946500574923481,8.999920230461399,True,0,mapped,True,0.0
T097,L,2991,T010,283,-2.1926812401117037,4.988836934887007,9.49761350267131,True,0,mapped,True,0.0
T097,L,2992,T010,284,-1.77270843527031,4.968196319629606,9.90563081444343,True,0,mapped,True,0.0
T097,L,2993,T010,285,-1.3834878120110994,5.014182913487275,10.279766626679695,True,0,mapped,True,0.0
T097,L,2994,T010,286,-1.1244462017476424,5.113692761436783,10.733337669798916,True,0,mapped,True,0.0
T097,L,2995,T010,287,-0.7605771597160804,5.098589314741083,11.209841609545032,True,0,mapped,True,0.0
T097,L,2996,T010,288,-0.2224161631729829,5.154038545512954,11.770518424475476,True,0,mapped,True,0.0
T097,L,2996,T013,288,-0.2224161631729805,5.154038545512956,11.770518424475474,True,0,mapped,False,3.4845132718063926e-15
T097,L,2997,T010,290,-2.5588022658806544,5.099403338313573,8.81100582508315,True,0,mapped,True,0.0
T097,L,2998,T010,291,-2.1988178255391584,5.139643310662746,9.391319048727084,True,0,mapped,True,0.0
T097,L,2999,T010,292,-1.8103484340744795,5.102245172526126,9.776458778565978,True,0,mapped,True,0.0
T097,L,3000,T010,293,-1.3853070722567382,5.032821397091579,10.070838115416072,True,0,mapped,True,0.0
T097,L,3001,T010,294,-1.062449327398483,5.181644205691004,10.498346324365627,True,0,mapped,True,0.0
T097,L,3002,T010,295,-0.6941762555828123,5.214915815141572,10.92485201737799,True,0,mapped,True,0.0
T097,L,3003,T010,296,-0.2078671151711091,5.257013911298219,11.403874359811482,True,0,mapped,True,0.0
T097,L,3003,T013,296,-0.2078671151711059,5.25701391129822,11.403874359811484,True,0,mapped,False,3.759318280208998e-15
T097,L,3004,T010,298,-2.2159286146222468,5.342026112778143,9.22725761604485,True,0,mapped,True,0.0
T097,L,3005,T010,299,-1.796691822081351,5.244789616897605,9.716513136025547,True,0,mapped,True,0.0
T097,L,3006,T010,300,-1.3625706015990002,5.164861922485949,9.903655228952069,True,0,mapped,True,0.0
T097,L,3007,T010,301,-0.96058885549685,5.23149524276819,10.254478615243848,True,0,mapped,True,0.0
T097,L,3008,T010,302,-0.6259962389953337,5.278323540773277,10.64218774951028,True,0,mapped,True,0.0
T097,L,3009,T010,303,-0.1614357917960893,5.324549858758214,11.025769319903247,True,0,mapped,True,0.0
T097,L,3009,T013,303,-0.1614357917960885,5.324549858758214,11.025769319903247,True,0,mapped,False,8.049116928532385e-16
T097,L,3010,T010,305,-1.8574045203920773,5.454508054415717,9.616515313964287,True,0,mapped,True,0.0
T097,L,3011,T010,306,-1.3386253815869102,5.3282109313523405,9.80030818832612,True,0,mapped,True,0.0
T097,L,3012,T010,307,-0.8972993347340076,5.301947579932057,10.041110956506907,True,0,mapped,True,0.0
T097,L,3013,T010,308,-0.5388897190235422,5.340449780924441,10.357255284914304,True,0,mapped,True,0.0
T097,L,3014,T010,309,-0.1682590259282323,5.352274886789608,10.68264591855642,True,0,mapped,True,0.0
T097,L,3014,T013,309,-0.1682590259282304,5.352274886789608,10.68264591855642,True,0,mapped,False,1.915134717478395e-15
T097,L,3015,T010,311,-1.3037696508848435,5.489271314582058,9.742681360174936,True,0,mapped,True,0.0
T097,L,3016,T010,312,-0.8142083881766562,5.413553728986315,9.885219710798374,True,0,mapped,True,0.0
T097,L,3017,T010,313,-0.4604574935961636,5.412189130377053,10.082851843985702,True,0,mapped,True,0.0
T097,L,3018,T010,314,0.0041039179836147,5.394618812268159,10.341629620842012,True,0,mapped,True,0.0
T097,L,3018,T013,314,0.0041039179836195,5.394618812268159,10.341629620842008,True,0,mapped,False,5.972429029387401e-15
T097,L,3019,T010,316,-0.723066730555805,5.547024442320834,9.759219363344824,True,0,mapped,True,0.0
T097,L,3020,T010,317,-0.3748806453992879,5.499671071378448,9.854824299051918,True,0,mapped,True,0.0
T097,L,3021,T010,318,-0.0369736883496165,5.450183972664696,9.968647225497891,True,0,mapped,True,0.0
T097,L,3021,T013,318,-0.0369736883496164,5.450183972664696,9.968647225497891,True,0,mapped,False,9.71445146547012e-17
T097,L,3022,T010,320,-0.2683432643462797,5.582743609651347,9.658783714574582,True,0,mapped,True,0.0
T097,L,3023,T010,321,0.0130603851808512,5.524870480073286,9.60625073166486,True,0,mapped,True,0.0
T097,L,3023,T013,321,0.0130603851808525,5.524870480073286,9.606250731664858,True,0,mapped,False,2.201852739414728e-15
T097,L,3024,T010,323,-0.0641284759836274,5.5951916484974005,9.397112217627791,True,2,smooth_near_vertex,False,0.20149838798052297
T097,L,3024,T013,323,0.0781137333948963,5.624531644864311,9.257441466061634,True,0,mapped,True,0.0
T097,L,3025,T011,26,-15.675622072684178,1.7481296786360463,-4.448946299388499,True,0,mapped,True,0.0
T097,L,3026,T011,27,-15.397493832000738,1.6389742372061076,-3.289489904167236,True,0,mapped,True,0.0
T097,L,3027,T011,28,-14.825080099972546,1.6576538078121246,-2.231394188729156,True,0,mapped,True,0.0
T097,L,3028,T011,29,-14.186958651484304,1.6612344807163073,-1.2642554851539487,True,0,mapped,True,0.0
T097,L,3029,T011,30,-13.498451880057043,1.705224783146246,-0.3658653824137505,True,0,mapped,True,0.0
T097,L,3030,T011,31,-12.62551779994204,1.6236249525630773,0.5092306096988921,True,0,mapped,True,0.0
T097,L,3031,T011,32,-11.731061003532432,1.4532662458376406,1.322015278253664,True,0,mapped,True,0.0
T097,L,3032,T011,33,-10.970019868813097,1.4093070997646329,2.180071381922602,True,0,mapped,True,0.0
T097,L,3033,T011,34,-10.462743629951362,1.4015525530428652,3.293759003744116,True,0,mapped,True,0.0
T097,L,3034,T011,35,-10.114629152031227,1.391663179315664,4.429036989540231,True,0,mapped,True,0.0
T097,L,3035,T011,36,-9.71563370109598,1.377383639490945,5.527804698178348,True,0,mapped,True,0.0
T097,L,3036,T011,37,-9.257444493011915,1.2394764706115269,6.702448334982541,True,0,mapped,True,0.0
T097,L,3037,T011,38,-8.739182868055979,1.3304041536884408,7.712249508911068,True,0,mapped,True,0.0
T097,L,3038,T011,39,-8.049420060051192,1.2894284704957577,8.685579288172942,True,0,mapped,True,0.0
T097,L,3039,T011,40,-6.946175894180341,1.190007381991029,9.323131251176465,True,0,mapped,True,0.0
T097,L,3040,T011,41,-5.763660713914122,0.9063263297125922,9.797126188319233,True,0,mapped,True,0.0
T097,L,3041,T011,42,-4.646212333356708,0.6112887545324117,10.199729529859717,True,0,mapped,True,0.0
T097,L,3042,T011,43,-3.5450742649800406,0.2404543100570916,10.589567926106518,True,0,mapped,True,0.0
T097,L,3043,T011,44,-2.5073231499937165,-0.0212386998229551,11.083443747685278,True,0,mapped,True,0.0
T097,L,3044,T011,45,-1.3215147583899751,-0.1854911831535928,11.633391552229902,True,0,mapped,True,0.0
T097,L,3045,T011,46,-0.232633118809334,-0.2154791293534105,12.114589759063014,True,0,mapped,True,0.0
T097,L,3046,T011,47,0.8926242518226336,-0.2634492021282313,12.59093128444542,True,0,mapped,True,0.0
T097,L,3047,T011,48,2.369487733669945,-0.387422955114555,12.730866232137624,True,0,mapped,True,0.0
T097,L,3047,T015,23,2.369487733669949,-0.3874229551145566,12.730866232137624,True,0,mapped,False,4.308824046522781e-15
T097,L,3048,T011,50,-15.583258322631794,1.4632990427201031,-3.8947819396358674,True,0,mapped,True,0.0
T097,L,3049,T011,51,-15.173665574331483,1.3721371398476514,-2.7858956586893315,True,0,mapped,True,0.0
T097,L,3050,T011,52,-14.59072308874946,1.3274868703357134,-1.6971966856185656,True,0,mapped,True,0.0
T097,L,3051,T011,53,-13.891464004600955,1.29677002858113,-0.7222882426567463,True,0,mapped,True,0.0
T097,L,3052,T011,54,-13.225402083956808,1.1773286873658786,0.0873928876477215,True,0,mapped,True,0.0
T097,L,3053,T011,55,-12.290696529756554,1.0919837939139776,0.968333481344539,True,0,mapped,True,0.0
T097,L,3054,T011,56,-11.413460403258773,1.014977567033762,1.871848018434624,True,0,mapped,True,0.0
T097,L,3055,T011,57,-10.848867763215775,0.9750076709805496,2.8594576631690263,True,0,mapped,True,0.0
T097,L,3056,T011,58,-10.402584243715724,0.9477238753709082,3.96082818213294,True,0,mapped,True,0.0
T097,L,3057,T011,59,-10.006648638358543,0.8211450121268096,5.024848205879142,True,0,mapped,True,0.0
T097,L,3058,T011,60,-9.51233364170471,0.730907284332762,6.129025402733924,True,0,mapped,True,0.0
T097,L,3059,T011,61,-9.07172900579513,0.7238198688796491,7.2089761602451485,True,0,mapped,True,0.0
T097,L,3060,T011,62,-8.500284144818657,0.7706452089427199,8.269667991378292,True,0,mapped,True,0.0
T097,L,3061,T011,63,-7.769687776575147,0.6770637168070616,9.179822978280066,True,0,mapped,True,0.0
T097,L,3062,T011,64,-6.554251700303489,0.4524642735154643,9.804614578414805,True,0,mapped,True,0.0
T097,L,3063,T011,65,-5.379398623733602,0.0287729350400247,10.293351378734716,True,0,mapped,True,0.0
T097,L,3064,T011,66,-4.222092823248508,-0.2793762116953049,10.71597310637419,True,0,mapped,True,0.0
T097,L,3065,T011,67,-3.040228729175368,-0.6184534862393417,11.180845778155035,True,0,mapped,True,0.0
T097,L,3066,T011,68,-1.7830779358836162,-0.7664806750567522,11.613784226925375,True,0,mapped,True,0.0
T097,L,3067,T011,69,-0.6218989400839179,-0.8614658639588338,12.12742813681218,True,0,mapped,True,0.0
T097,L,3068,T011,70,0.5813418153628198,-0.906116551075053,12.506373085615248,True,0,mapped,True,0.0
T097,L,3069,T011,71,1.884088132724143,-1.0902107327471835,12.729367429708288,True,0,mapped,True,0.0
T097,L,3069,T015,22,1.8840881327241452,-1.0902107327471835,12.72936742970829,True,0,mapped,False,2.8435583831733384e-15
T097,L,3070,T011,73,-15.466612394751614,0.9477619799061862,-3.221684614712388,True,0,mapped,True,0.0
T097,L,3071,T011,74,-14.968620101256212,0.9490508969765264,-2.21447867586726,True,0,mapped,True,0.0
T097,L,3072,T011,75,-14.2840784120969,1.0226033702750246,-1.1426434714357,True,0,mapped,True,0.0
T097,L,3073,T011,76,-13.73231513088933,0.9416315129117678,-0.4514705124179731,True,0,mapped,True,0.0
T097,L,3074,T011,77,-12.892205568428524,0.883010481233578,0.4789318961757209,True,0,mapped,True,0.0
T097,L,3075,T011,78,-11.942780794708046,0.7119141392489404,1.409561686064242,True,0,mapped,True,0.0
T097,L,3076,T011,79,-11.27588588541795,0.5716797439922374,2.2875286306492697,True,0,mapped,True,0.0
T097,L,3077,T011,80,-10.741017645885767,0.5398447546378595,3.38996514468137,True,0,mapped,True,0.0
T097,L,3078,T011,81,-10.273354223246578,0.3926344127742033,4.450596717891322,True,0,mapped,True,0.0
T097,L,3079,T011,82,-9.81943875423426,0.281811740150919,5.535621081392835,True,0,mapped,True,0.0
T097,L,3080,T011,83,-9.399101342477184,0.218137762507644,6.487816265342514,True,0,mapped,True,0.0
T097,L,3081,T011,84,-8.79307129361934,0.0068917138386288,7.665671246331003,True,0,mapped,True,0.0
T097,L,3082,T011,85,-8.217068788583186,-0.10017496370601,8.769713543990028,True,0,mapped,True,0.0
T097,L,3083,T011,86,-7.323561048480533,-0.2319835877012919,9.754294641709665,True,0,mapped,True,0.0
T097,L,3084,T011,87,-6.0958152667477625,-0.5520527085803422,10.354541817124092,True,0,mapped,True,0.0
T097,L,3085,T011,88,-4.806324328304559,-0.8543790600648373,10.80333800307094,True,0,mapped,True,0.0
T097,L,3086,T011,89,-3.5622205240942906,-1.1391767714037635,11.209156638457776,True,0,mapped,True,0.0
T097,L,3087,T011,90,-2.407706230654445,-1.3859777489481742,11.58212271616901,True,0,mapped,True,0.0
T097,L,3088,T011,91,-1.1606241080176976,-1.481894270078462,12.052238029882767,True,0,mapped,True,0.0
T097,L,3089,T011,92,0.0843532475946978,-1.5714928953509075,12.396222175184551,True,0,mapped,True,0.0
T097,L,3090,T011,93,1.4034969806671145,-1.7485138074051412,12.621361113523935,True,0,mapped,True,0.0
T097,L,3090,T015,21,1.4034969806671145,-1.7485138074051365,12.621361113523935,True,0,mapped,False,4.6629367034256575e-15
T097,L,3091,T011,95,-15.260064271005971,0.6920742464776204,-2.7391583680767275,True,0,mapped,True,0.0
T097,L,3092,T011,96,-14.756036901379664,0.5910133572207843,-1.6777399775645745,True,0,mapped,True,0.0
T097,L,3093,T011,97,-14.110668874555104,0.5721972404885842,-0.7847442855659352,True,0,mapped,True,0.0
T097,L,3094,T011,98,-13.3826301795412,0.4798398591921219,0.0759430702425074,True,0,mapped,True,0.0
T097,L,3095,T011,99,-12.49378386006218,0.2959713500112944,0.9921233076126044,True,0,mapped,True,0.0
T097,L,3096,T011,100,-11.633100424124258,0.1894741867691127,1.9176274756448304,True,0,mapped,True,0.0
T097,L,3097,T011,101,-11.05970616793635,0.0564583944365483,2.937015084123663,True,0,mapped,True,0.0
T097,L,3098,T011,102,-10.60289941320725,-0.0322245637278882,3.9455340692546303,True,0,mapped,True,0.0
T097,L,3099,T011,103,-10.09576727904239,-0.065162616853878,4.939270076379195,True,0,mapped,True,0.0
T097,L,3100,T011,104,-9.58343526839158,-0.4031134480052949,5.923660201033072,True,0,mapped,True,0.0
T097,L,3101,T011,105,-9.048411090116703,-0.4657847023091327,7.1318941318660585,True,0,mapped,True,0.0
T097,L,3102,T011,106,-8.440712028958359,-0.5850967778355823,8.26783863107648,True,0,mapped,True,0.0
T097,L,3103,T011,107,-7.784367536829148,-0.9341268185399734,9.278933556769246,True,0,mapped,True,0.0
T097,L,3104,T011,108,-6.770611479561073,-1.10861641516791,10.286924977590308,True,0,mapped,True,0.0
T097,L,3105,T011,109,-5.568828537332761,-1.546715666155061,10.805619305219254,True,0,mapped,True,0.0
T097,L,3106,T011,110,-4.184684565560897,-1.7891751448514552,11.197209858532286,True,0,mapped,True,0.0
T097,L,3107,T011,111,-2.977193836816185,-2.018983786454193,11.548849388605774,True,0,mapped,True,0.0
T097,L,3108,T011,112,-1.733206699607111,-2.0694644233750075,11.911388912349892,True,0,mapped,True,0.0
T097,L,3109,T011,113,-0.3458619677256765,-2.308003998223082,12.312046593826638,True,0,mapped,True,0.0
T097,L,3110,T011,114,1.0820734894929909,-2.468977484294002,12.484493531340378,True,0,mapped,True,0.0
T097,L,3110,T015,20,1.0820734894929993,-2.468977484294003,12.48449353134038,True,0,mapped,False,8.668275562203903e-15
T097,L,3111,T011,116,-15.067868860069884,0.2527269302881221,-2.18623133575221,True,0,mapped,True,0.0
T097,L,3112,T011,117,-14.497319612321448,0.2777921833249674,-1.2014744321273048,True,0,mapped,True,0.0
T097,L,3113,T011,118,-13.869416464334297,0.1830059144026772,-0.3762141692167097,True,0,mapped,True,0.0
T097,L,3114,T011,119,-13.010093317891542,0.122436621233065,0.5320252305172674,True,0,mapped,True,0.0
T097,L,3115,T011,120,-12.163072507654228,-0.0803960058641197,1.439665305815693,True,0,mapped,True,0.0
T097,L,3116,T011,121,-11.436069001744809,-0.2659806862101141,2.360004310767041,True,0,mapped,True,0.0
T097,L,3117,T011,122,-10.903365196689396,-0.3595154800144229,3.358955849148018,True,0,mapped,True,0.0
T097,L,3118,T011,123,-10.419411649068223,-0.5966228853386166,4.387828312442263,True,0,mapped,True,0.0
T097,L,3119,T011,124,-9.931158006772328,-0.7232867310551607,5.253089997879922,True,0,mapped,True,0.0
T097,L,3120,T011,125,-9.36696005091269,-0.9740312959371088,6.349252366551413,True,0,mapped,True,0.0
T097,L,3121,T011,126,-8.69101159034528,-1.2366920422968182,7.577455761606362,True,0,mapped,True,0.0
T097,L,3122,T011,127,-8.050782847641434,-1.3886750968214363,8.777688310685228,True,0,mapped,True,0.0
T097,L,3123,T011,128,-7.2169393815285,-1.7898331646725407,9.93554560106536,True,0,mapped,True,0.0
T097,L,3124,T011,129,-6.162839234629506,-2.1175131735601744,10.70273161276554,True,0,mapped,True,0.0
T097,L,3125,T011,130,-4.878778320830367,-2.3163414541989407,11.066259612469937,True,0,mapped,True,0.0
T097,L,3126,T011,131,-3.4874602600279814,-2.552699821049398,11.461311166494756,True,0,mapped,True,0.0
T097,L,3127,T011,132,-2.3149720176701303,-2.7680818980137207,11.77437249588692,True,0,mapped,True,0.0
T097,L,3128,T011,133,-0.6976659118471,-2.954502937504885,12.208215459491631,True,0,mapped,True,0.0
T097,L,3129,T011,134,0.6262804239722451,-3.134588158708633,12.33459133806037,True,0,mapped,True,0.0
T097,L,3129,T015,19,0.6262804239722475,-3.134588158708632,12.33459133806037,True,0,mapped,False,2.494915946531976e-15
T097,L,3130,T011,136,-14.829587380244046,-0.1827001908829205,-1.6364999969322709,True,0,mapped,True,0.0
T097,L,3131,T011,137,-14.270263281487509,-0.1629611712468421,-0.8282099310613964,True,0,mapped,True,0.0
T097,L,3132,T011,138,-13.506023897416403,-0.2254890970807147,0.0913563507852564,True,0,mapped,True,0.0
T097,L,3133,T011,139,-12.743569558229732,-0.3949515793970075,0.9196512874873712,True,0,mapped,True,0.0
T097,L,3134,T011,140,-11.988669277891155,-0.7481618039727705,1.9080003080293455,True,0,mapped,True,0.0
T097,L,3135,T011,141,-11.290362168482377,-0.878957587925502,2.858711537662635,True,0,mapped,True,0.0
T097,L,3136,T011,142,-10.744247944639726,-1.0289648698363345,3.7892181372962224,True,0,mapped,True,0.0
T097,L,3137,T011,143,-10.233072564607737,-1.151297082906889,4.779825560268047,True,0,mapped,True,0.0
T097,L,3138,T011,144,-9.566482002680976,-1.476643347582005,5.841780780576862,True,0,mapped,True,0.0
T097,L,3139,T011,145,-8.919560789990127,-1.6727009314950425,7.044053064606329,True,0,mapped,True,0.0
T097,L,3140,T011,146,-8.253491390586946,-1.9837342544623315,8.036498972819677,True,0,mapped,True,0.0
T097,L,3141,T011,147,-7.561037163768907,-2.253172326532248,9.193224751092805,True,0,mapped,True,0.0
T097,L,3142,T011,148,-6.717324691694,-2.8124767353537345,10.312966836288451,True,0,mapped,True,0.0
T097,L,3143,T011,149,-5.43540865097798,-3.0857745593337,10.92445771267102,True,0,mapped,True,0.0
T097,L,3144,T011,150,-3.97241691289642,-3.320756302003484,11.31299858421989,True,0,mapped,True,0.0
T097,L,3145,T011,151,-2.5775012353886435,-3.5031144591899364,11.668703054564505,True,0,mapped,True,0.0
T097,L,3146,T011,152,-1.0276699473581372,-3.706470274348072,12.031714083626316,True,0,mapped,True,0.0
T097,L,3147,T011,153,0.6034969687461853,-3.9658187495315538,12.11986661197907,True,0,mapped,True,0.0
T097,L,3147,T015,18,0.6034969687461853,-3.96581874953155,12.119866611979072,True,0,mapped,False,4.3737714791252564e-15
T097,L,3148,T011,155,-14.6129982465858,-0.6091214388971936,-1.1937004785625676,True,0,mapped,True,0.0
T097,L,3149,T011,156,-13.972472463354014,-0.5832453412461379,-0.3494414930848941,True,0,mapped,True,0.0
T097,L,3150,T011,157,-13.217205945176296,-0.6989176444838204,0.5157748342228019,True,0,mapped,True,0.0
T097,L,3151,T011,158,-12.52660500219377,-1.045126663481157,1.3312697599554395,True,0,mapped,True,0.0
T097,L,3152,T011,159,-11.693709559698696,-1.210702559379642,2.3050856296198083,True,0,mapped,True,0.0
T097,L,3153,T011,160,-11.056949462512325,-1.341069056079451,3.3589178896980507,True,0,mapped,True,0.0
T097,L,3154,T011,161,-10.516183989923798,-1.5559528071043214,4.272130563935171,True,0,mapped,True,0.0
T097,L,3155,T011,162,-9.97377328608492,-1.90096876975407,5.128632858157328,True,0,mapped,True,0.0
T097,L,3156,T011,163,-9.233282937533597,-2.14622032998832,6.388513097827028,True,0,mapped,True,0.0
T097,L,3157,T011,164,-8.554291964510046,-2.34377501451295,7.328868554215121,True,0,mapped,True,0.0
T097,L,3158,T011,165,-7.768257280951709,-2.6999217698158247,8.438706243318105,True,0,mapped,True,0.0
T097,L,3159,T011,166,-7.019549828649486,-3.274961590068493,9.521665261254569,True,0,mapped,True,0.0
T097,L,3160,T011,167,-5.9848959272779005,-3.636990283808184,10.542016223840305,True,0,mapped,True,0.0
T097,L,3161,T011,168,-4.418894503113009,-3.85541431272917,11.05494368782992,True,0,mapped,True,0.0
T097,L,3162,T011,169,-2.978010430749653,-4.19044043116088,11.44548294797803,True,0,mapped,True,0.0
T097,L,3163,T011,170,-1.344720248422636,-4.381405750245881,11.794800039786749,True,0,mapped,True,0.0
T097,L,3164,T011,171,0.2034969627857146,-4.591126401261963,11.87297543876172,True,0,mapped,True,0.0
T097,L,3164,T015,17,0.2034969627857208,-4.591126401261958,11.872975438761724,True,0,mapped,False,8.906772431878214e-15
T097,L,3165,T011,173,-14.312422790893736,-0.943142139546106,-0.7331552979618008,True,0,mapped,True,0.0
T097,L,3166,T011,174,-13.60828032973367,-1.019138513704257,0.1145883380331257,True,0,mapped,True,0.0
T097,L,3167,T011,175,-12.988699433307476,-1.237884840903862,0.8805870391292615,True,0,mapped,True,0.0
T097,L,3168,T011,176,-12.155222657169336,-1.5140413483234725,1.837137842262122,True,0,mapped,True,0.0
T097,L,3169,T011,177,-11.422119242126357,-1.7346865494172587,2.8114478515034262,True,0,mapped,True,0.0
T097,L,3170,T011,178,-10.904708112848777,-1.9146174503741635,3.635918612702129,True,0,mapped,True,0.0
T097,L,3171,T011,179,-10.290889765794809,-2.32341497681372,4.625566234538409,True,0,mapped,True,0.0
T097,L,3172,T011,180,-9.498870225562433,-2.62439805524404,5.733093216226306,True,0,mapped,True,0.0
T097,L,3173,T011,181,-8.786375625154797,-2.8494946504013003,6.74730520139616,True,0,mapped,True,0.0
T097,L,3174,T011,182,-7.971217525692033,-3.141103126240956,7.669248788336945,True,0,mapped,True,0.0
T097,L,3175,T011,183,-7.165823610549122,-3.577193899610619,8.7078481183357,True,0,mapped,True,0.0
T097,L,3176,T011,184,-6.403192437991954,-4.148761041474806,9.802774971205809,True,0,mapped,True,0.0
T097,L,3177,T011,185,-4.983697375824792,-4.445171781516484,10.633749610979256,True,0,mapped,True,0.0
T097,L,3178,T011,186,-3.36821282097377,-4.719842098820607,11.108699730325393,True,0,mapped,True,0.0
T097,L,3179,T011,187,-1.855932186205758,-5.010535033975567,11.404964615835782,True,0,mapped,True,0.0
T097,L,3180,T011,188,-0.2747120309999055,-5.1966493484635325,11.589724172622176,True,0,mapped,True,0.0
T097,L,3180,T015,16,-0.2747120309998995,-5.196649348463531,11.58972417262218,True,0,mapped,False,7.191640501203643e-15
T097,L,3181,T011,190,-14.14935681532123,-1.260471671936117,-0.4705024976462588,True,0,mapped,True,0.0
T097,L,3182,T011,191,-13.403271791435838,-1.4983007517890998,0.4244878635765747,True,0,mapped,True,0.0
T097,L,3183,T011,192,-12.62888928751988,-1.7973224918366428,1.3517302617031812,True,0,mapped,True,0.0
T097,L,3184,T011,193,-11.82135688327132,-2.140517300200913,2.290516506108066,True,0,mapped,True,0.0
T097,L,3185,T011,194,-11.24384222200244,-2.264053588604337,3.147675279379304,True,0,mapped,True,0.0
T097,L,3186,T011,195,-10.580091883707384,-2.652962259283966,4.117153916878408,True,0,mapped,True,0.0
T097,L,3187,T011,196,-9.812390149637004,-2.9458124030642017,5.079264634574098,True,0,mapped,True,0.0
T097,L,3188,T011,197,-8.98739498377498,-3.3235341232187188,6.013860500326724,True,0,mapped,True,0.0
T097,L,3189,T011,198,-8.071801555711573,-3.4686018227049957,6.938130769780804,True,0,mapped,True,0.0
T097,L,3190,T011,199,-7.235248783491803,-3.786766563771286,8.008531097419668,True,0,mapped,True,0.0
T097,L,3191,T011,200,-6.550177131898023,-4.328846835062642,8.873691972765487,True,0,mapped,True,0.0
T097,L,3192,T011,201,-5.3512625533352445,-4.988465855816605,9.984542842944826,True,0,mapped,True,0.0
T097,L,3193,T011,202,-3.865185505594686,-5.291835792247142,10.58009047381909,True,0,mapped,True,0.0
T097,L,3194,T011,203,-2.338376168988188,-5.45774630245676,11.008394219089295,True,0,mapped,True,0.0
T097,L,3195,T011,204,-0.7449594910527877,-5.709887585262249,11.254263701907584,True,0,mapped,True,0.0
T097,L,3195,T015,15,-0.7449594910527819,-5.709887585262244,11.254263701907586,True,0,mapped,False,7.49708873476879e-15
T097,L,3196,T011,206,-13.721590257257182,-1.7763930962998922,0.0798969991776339,True,0,mapped,True,0.0
T097,L,3197,T011,207,-13.118799727785596,-2.2050415139661323,0.7713253971823504,True,0,mapped,True,0.0
T097,L,3198,T011,208,-12.36560253115972,-2.4752993431848767,1.645382760632671,True,0,mapped,True,0.0
T097,L,3199,T011,209,-11.570313305666607,-2.698774014849402,2.631490813280394,True,0,mapped,True,0.0
T097,L,3200,T011,210,-10.980646956085131,-2.892504000251906,3.5374630872635,True,0,mapped,True,0.0
T097,L,3201,T011,211,-10.13983933742922,-3.38628630327544,4.41814441704389,True,0,mapped,True,0.0
T097,L,3202,T011,212,-9.365471839865831,-3.555493673104468,5.2757966514617,True,0,mapped,True,0.0
T097,L,3203,T011,213,-8.21191909281545,-3.731867644753651,6.295868195154103,True,0,mapped,True,0.0
T097,L,3204,T011,214,-7.218406069348066,-4.057503347909729,7.185248541995373,True,0,mapped,True,0.0
T097,L,3205,T011,215,-6.41930547028162,-4.552373016217983,8.331521057461892,True,0,mapped,True,0.0
T097,L,3206,T011,216,-5.617473246796132,-5.159768139470327,9.164933229183353,True,0,mapped,True,0.0
T097,L,3207,T011,217,-4.351125685397186,-5.60760346894267,9.927624444400678,True,0,mapped,True,0.0
T097,L,3208,T011,218,-2.7493362951811293,-5.92739991427866,10.438477675103917,True,0,mapped,True,0.0
T097,L,3209,T011,219,-1.1965030431747523,-6.17379654186856,10.79936017960114,True,0,mapped,True,0.0
T097,L,3209,T015,14,-1.1965030431747437,-6.17379654186856,10.799360179601145,True,0,mapped,False,1.0168091383860044e-14
T097,L,3210,T011,221,-13.37244165546992,-2.430504828457388,0.4143688402068768,True,0,mapped,True,0.0
T097,L,3211,T011,222,-12.70578604206615,-2.751561480875436,1.1592938904412595,True,0,mapped,True,0.0
T097,L,3212,T011,223,-12.004676521769763,-2.99181131237308,2.1243806505189053,True,0,mapped,True,0.0
T097,L,3213,T011,224,-11.236386325026178,-3.211626331442158,3.028737043154217,True,0,mapped,True,0.0
T097,L,3214,T011,225,-10.564724547772345,-3.595127051394688,3.8559269842713246,True,0,mapped,True,0.0
T097,L,3215,T011,226,-9.589304247572136,-3.839762522334592,4.616392512497537,True,0,mapped,True,0.0
T097,L,3216,T011,227,-8.566249310425073,-3.99237972752805,5.526166371098649,True,0,mapped,True,0.0
T097,L,3217,T011,228,-7.364591073944522,-4.161246673468107,6.45184863209338,True,0,mapped,True,0.0
T097,L,3218,T011,229,-6.5116848679560695,-4.576254220555882,7.298223436882901,True,0,mapped,True,0.0
T097,L,3219,T011,230,-5.611538618065452,-5.339753786476293,8.29333246693305,True,0,mapped,True,0.0
T097,L,3220,T011,231,-4.622559707092388,-5.874160483603187,9.12460097226715,True,0,mapped,True,0.0
T097,L,3221,T011,232,-3.20757773073479,-6.304782781481661,9.675831797206325,True,0,mapped,True,0.0
T097,L,3222,T011,233,-1.548475785735124,-6.621628359995108,10.192298173059074,True,0,mapped,True,0.0
T097,L,3222,T015,13,-1.5484757857351197,-6.621628359995106,10.19229817305908,True,0,mapped,False,7.025176893352192e-15
T097,L,3223,T011,235,-13.067153014466086,-2.9645789436494514,0.6437329793509858,True,0,mapped,True,0.0
T097,L,3224,T011,236,-12.279916134764283,-3.334383968273793,1.5734396595425064,True,0,mapped,True,0.0
T097,L,3225,T011,237,-11.552496896681822,-3.498636514779782,2.456626247500159,True,0,mapped,True,0.0
T097,L,3226,T011,238,-10.88755207118303,-3.754532501315252,3.2499913624275694,True,0,mapped,True,0.0
T097,L,3227,T011,239,-9.81988141246758,-4.134458487588849,4.04466420980067,True,0,mapped,True,0.0
T097,L,3228,T011,240,-8.85595495970769,-4.245547924771207,4.743772730716506,True,0,mapped,True,0.0
T097,L,3229,T011,241,-7.590926422689014,-4.311828216176713,5.681693612250255,True,0,mapped,True,0.0
T097,L,3230,T011,242,-6.60138039016728,-4.611329969296423,6.4444041677856445,True,0,mapped,True,0.0
T097,L,3231,T011,243,-5.742846489119782,-5.205431655184229,7.369114846296379,True,0,mapped,True,0.0
T097,L,3232,T011,244,-4.868160541458571,-5.913937207950858,8.194191449030539,True,0,mapped,True,0.0
T097,L,3233,T011,245,-3.514079540677684,-6.504893066630638,8.944261545782284,True,0,mapped,True,0.0
T097,L,3234,T011,246,-1.9106144204133488,-6.945145851953894,9.53789029730553,True,0,mapped,True,0.0
T097,L,3234,T015,12,-1.9106144204133424,-6.945145851953894,9.537890297305536,True,0,mapped,False,8.358438485664404e-15
T097,L,3235,T011,248,-12.560238012881172,-3.596070297229627,1.0136627730483894,True,0,mapped,True,0.0
T097,L,3236,T011,249,-11.877539499445213,-3.711371719240799,1.932568983972484,True,0,mapped,True,0.0
T097,L,3237,T011,250,-11.177946106499611,-3.9672350234089366,2.6377679399563734,True,0,mapped,True,0.0
T097,L,3238,T011,251,-10.187720153016157,-4.230619478724764,3.463231979566704,True,0,mapped,True,0.0
T097,L,3239,T011,252,-9.114160605585116,-4.445502201954728,4.065589754862587,True,0,mapped,True,0.0
T097,L,3240,T011,253,-7.996205993083173,-4.443786886098349,4.825633932948852,True,0,mapped,True,0.0
T097,L,3241,T011,254,-6.672785177268033,-4.692968596995934,5.726167042231521,True,0,mapped,True,0.0
T097,L,3242,T011,255,-5.8141728732908415,-5.158915823105062,6.427440458492034,True,0,mapped,True,0.0
T097,L,3243,T011,256,-4.908181680954332,-5.908562599536884,7.410517494519469,True,0,mapped,True,0.0
T097,L,3244,T011,257,-3.9497166870436335,-6.521124313031368,8.190720270752177,True,0,mapped,True,0.0
T097,L,3245,T011,258,-2.396502971649172,-7.06845060306023,8.871178961442382,True,0,mapped,True,0.0
T097,L,3245,T015,11,-2.39650297164917,-7.068450603060228,8.87117896144239,True,0,mapped,False,7.653294859905773e-15
T097,L,3246,T011,260,-12.123000008105707,-4.067687576333263,1.2532927677689554,True,0,mapped,True,0.0
T097,L,3247,T011,261,-11.45525949241895,-4.14039057092807,2.053677826733437,True,0,mapped,True,0.0
T097,L,3248,T011,262,-10.4855360091327,-4.373757069280496,2.8170921916620086,True,0,mapped,True,0.0
T097,L,3249,T011,263,-9.449185345977304,-4.575019269592678,3.4201177341673104,True,0,mapped,True,0.0
T097,L,3250,T011,264,-8.281899267770438,-4.625873549798873,4.064487936528966,True,0,mapped,True,0.0
T097,L,3251,T011,265,-7.011237365455344,-4.698634501023919,4.98079141923441,True,0,mapped,True,0.0
T097,L,3252,T011,266,-5.883516911040818,-5.113066155975545,5.627117888315004,True,0,mapped,True,0.0
T097,L,3253,T011,267,-5.006526480470859,-5.838728742179955,6.561828664753863,True,0,mapped,True,0.0
T097,L,3254,T011,268,-4.0648907328770685,-6.538393392006402,7.371342739166026,True,0,mapped,True,0.0
T097,L,3255,T011,269,-2.7230438690972467,-7.14755392074585,8.111785801537081,True,0,mapped,True,0.0
T097,L,3255,T015,10,-2.7230438690972414,-7.14755392074585,8.111785801537087,True,0,mapped,False,7.53644380168212e-15
T097,L,3256,T011,271,-11.66666274936137,-4.352668485270595,1.5346722542323612,True,0,mapped,True,0.0
T097,L,3257,T011,272,-10.800410701772677,-4.548803181349555,2.2447623559668286,True,0,mapped,True,0.0
T097,L,3258,T011,273,-9.794186778329072,-4.7144452277245685,2.746321355829468,True,0,mapped,True,0.0
T097,L,3259,T011,274,-8.649425605924543,-4.779924336624187,3.3760372251422752,True,0,mapped,True,0.0
T097,L,3260,T011,275,-7.360386638942095,-4.783332754019441,4.091108408203206,True,0,mapped,True,0.0
T097,L,3261,T011,276,-5.99481719576918,-5.082639840327318,5.036568784096748,True,0,mapped,True,0.0
T097,L,3262,T011,277,-5.247110549719217,-5.594476126058932,5.66302940204174,True,0,mapped,True,0.0
T097,L,3263,T011,278,-4.131517298093076,-6.551068169813227,6.585029609269944,True,0,mapped,True,0.0
T097,L,3264,T011,279,-3.116984789274432,-7.147553920745849,7.345573055079342,True,0,mapped,True,0.0
T097,L,3264,T015,9,-3.116984789274428,-7.14755392074585,7.345573055079349,True,0,mapped,False,8.200633644425975e-15
T097,L,3265,T011,281,-10.996064492990868,-4.720722285525934,1.709506413710867,True,0,mapped,True,0.0
T097,L,3266,T011,282,-10.148301835477524,-4.878991239592421,2.1489636193411554,True,0,mapped,True,0.0
T097,L,3267,T011,283,-9.108389607434932,-4.878888733904463,2.7404149186325166,True,0,mapped,True,0.0
T097,L,3268,T011,284,-7.889371780496813,-4.8973168088930095,3.354076356613251,True,0,mapped,True,0.0
T097,L,3269,T011,285,-6.388778089800382,-5.017279898099918,4.160025306609889,True,0,mapped,True,0.0
T097,L,3270,T011,286,-5.30485357995722,-5.566918285185236,4.841927146090353,True,0,mapped,True,0.0
T097,L,3271,T011,287,-4.362303069215841,-6.326613558962784,5.704318813301432,True,0,mapped,True,0.0
T097,L,3272,T011,288,-3.320310051996687,-7.14755392074585,6.508808013724974,True,0,mapped,True,0.0
T097,L,3272,T015,8,-3.3203100519966853,-7.14755392074585,6.508808013724979,True,0,mapped,False,4.782987168225453e-15
T097,L,3273,T011,290,-10.50433485140385,-5.007601635912264,1.6747407888498531,True,0,mapped,True,0.0
T097,L,3274,T011,291,-9.45342918549308,-5.057761762116974,2.098472665779516,True,0,mapped,True,0.0
T097,L,3275,T011,292,-8.297401711401948,-5.039133742666023,2.641322866258163,True,0,mapped,True,0.0
T097,L,3276,T011,293,-6.901332013010279,-5.057489140674851,3.3872700884420186,True,0,mapped,True,0.0
T097,L,3277,T011,294,-5.468288779438324,-5.51784240315746,4.088972863098066,True,0,mapped,True,0.0
T097,L,3278,T011,295,-4.535403900906729,-6.223646083570848,4.729757997896703,True,0,mapped,True,0.0
T097,L,3279,T011,296,-3.396502971649176,-7.153709996083842,5.648365537081687,True,0,mapped,True,0.0
T097,L,3279,T015,7,-3.39650297164917,-7.153709996083846,5.64836553708169,True,0,mapped,False,7.993605777301127e-15
T097,L,3280,T011,298,-9.774365264717154,-5.26658636796216,1.6583855736990214,True,0,mapped,True,0.0
T097,L,3281,T011,299,-8.757078144813262,-5.2479764099233135,1.9756158143347613,True,0,mapped,True,0.0
T097,L,3282,T011,300,-7.420488636744498,-5.216367913956718,2.5884728104275645,True,0,mapped,True,0.0
T097,L,3283,T011,301,-5.866875662783433,-5.444323669125441,3.263281573600576,True,0,mapped,True,0.0
T097,L,3284,T011,302,-4.636508493280717,-6.292852021806748,3.7425140902057983,True,0,mapped,True,0.0
T097,L,3285,T011,303,-3.5011319655620694,-7.14755392074585,4.791561831972748,True,0,mapped,True,0.0
T097,L,3285,T015,6,-3.501131965562069,-7.14755392074585,4.7915618319727535,True,0,mapped,False,5.347542221830668e-15
T097,L,3286,T011,305,-8.99433928562241,-5.582319790955444,1.491978036320767,True,0,mapped,True,0.0
T097,L,3287,T011,306,-7.84876727901999,-5.488922553026587,1.9137520454686243,True,0,mapped,True,0.0
T097,L,3288,T011,307,-6.383451902482184,-5.5295862494468695,2.486236039643336,True,0,mapped,True,0.0
T097,L,3289,T011,308,-5.000764416727508,-6.156104293789909,3.183909656350023,True,0,mapped,True,0.0
T097,L,3290,T011,309,-3.6868420892151903,-7.147553920745847,3.947872155804612,True,0,mapped,True,0.0
T097,L,3290,T015,5,-3.6868420892151863,-7.14755392074585,3.947872155804614,True,0,mapped,False,5.121486610213742e-15
T097,L,3291,T011,311,-8.255560601497727,-5.80332590133644,1.4653842954044878,True,0,mapped,True,0.0
T097,L,3292,T011,312,-6.98330839436555,-5.808510261746063,1.860998997720319,True,0,mapped,True,0.0
T097,L,3293,T011,313,-5.498478732978958,-6.0923189352121305,2.5522880079009527,True,0,mapped,True,0.0
T097,L,3294,T011,314,-4.082597428455335,-7.147553920745847,3.1818091477384143,True,0,mapped,True,0.0
T097,L,3294,T015,4,-4.082597428455331,-7.14755392074585,3.1818091477384165,True,0,mapped,False,5.634860374059478e-15
T097,L,3295,T011,316,-7.646786957160316,-6.153462868367141,1.4246912994028624,True,0,mapped,True,0.0
T097,L,3296,T011,317,-6.224784257534296,-6.309278601980788,1.832113965206649,True,0,mapped,True,0.0
T097,L,3297,T011,318,-4.639437616205771,-7.147553920745849,2.523158081976163,True,0,mapped,True,0.0
T097,L,3297,T015,3,-4.6394376162057664,-7.14755392074585,2.5231580819761663,True,0,mapped,False,5.4930801582266845e-15
T097,L,3298,T011,320,-6.907336024847906,-6.524983154859427,1.4611493295520006,True,0,mapped,True,0.0
T097,L,3299,T011,321,-5.316611042563261,-7.1606394169971175,1.9869673270951,True,0,mapped,True,0.0
T097,L,3299,T015,2,-5.1596244845821,-7.16365218630448,2.2047261850681115,True,2,smooth_near_vertex,False,0.26846373384757605
T097,L,3300,T011,323,-6.085558140311509,-7.147553920745848,1.5979336634324215,True,0,mapped,True,0.0
T097,L,3300,T015,1,-5.796093279610667,-7.163365982307975,1.8828472052493896,True,2,smooth_near_vertex,False,0.40646728427032297
T097,L,3301,T012,1,1.133077421029722,-2.547554016113281,4.450731708354087,True,0,mapped,True,0.0
T097,L,3301,T013,1,1.133077421029722,-2.547554016113281,4.450731708354087,True,0,mapped,False,0.0
T097,L,3302,T012,2,0.9507349493929792,-2.547554016113281,4.894949950404771,True,0,mapped,True,0.0
T097,L,3302,T013,2,0.9507349493929792,-2.547554016113281,4.894949950404771,True,0,mapped,False,0.0
T097,L,3303,T012,3,0.827906688862514,-2.547554016113281,5.360811545464659,True,0,mapped,True,0.0
T097,L,3303,T013,3,0.827906688862514,-2.547554016113281,5.360811545464659,True,0,mapped,False,0.0
T097,L,3304,T012,4,0.8097114195597288,-2.699819207565243,5.808149846215342,True,0,mapped,True,0.0
T097,L,3304,T013,4,0.8097114195597288,-2.699819207565243,5.808149846215342,True,0,mapped,False,0.0
T097,L,3305,T012,5,0.8034969568252563,-2.7451910939568984,6.281731914380462,True,0,mapped,True,0.0
T097,L,3305,T013,5,0.8034969568252563,-2.7451910939568984,6.281731914380462,True,0,mapped,False,0.0
T097,L,3306,T012,6,0.8027246498069809,-2.869570243390718,6.744345961234799,True,0,mapped,True,0.0
T097,L,3306,T013,6,0.8027246498069808,-2.869570243390718,6.744345961234799,True,0,mapped,False,1.1102230246251565e-16
T097,L,3307,T012,7,0.8055303359937465,-2.8490148985825936,7.223434800725659,True,0,mapped,True,0.0
T097,L,3307,T013,7,0.8055303359937465,-2.8490148985825936,7.223434800725659,True,0,mapped,False,0.0
T097,L,3308,T012,8,0.8034969568252563,-2.794589828496498,7.696857897540125,True,0,mapped,True,0.0
T097,L,3308,T013,8,0.8034969568252563,-2.794589828496498,7.696857897540125,True,0,mapped,False,0.0
T097,L,3309,T012,9,0.8143443550084831,-2.547554016113281,8.098120045395362,True,0,mapped,True,0.0
T097,L,3309,T013,9,0.8143443550084831,-2.547554016113281,8.098120045395362,True,0,mapped,False,0.0
T097,L,3310,T012,10,1.000211850682878,-2.4422560201382764,8.490762931465754,True,0,mapped,True,0.0
T097,L,3310,T013,10,1.000211850682878,-2.442256020138276,8.490762931465754,True,0,mapped,False,4.440892098500626e-16
T097,L,3311,T012,11,1.1526924043702915,-2.347553968429565,8.904865638655997,True,0,mapped,True,0.0
T097,L,3311,T013,11,1.1526924043702915,-2.347553968429565,8.904865638655997,True,0,mapped,False,0.0
T097,L,3312,T012,12,1.3853251571478613,-2.347553968429565,9.326246801968276,True,0,mapped,True,0.0
T097,L,3312,T013,12,1.385325157147861,-2.347553968429565,9.326246801968278,True,0,mapped,False,1.790180836524724e-15
T097,L,3313,T012,13,1.6971206930623417,-2.347553968429565,9.69226966816784,True,0,mapped,True,0.0
T097,L,3313,T013,13,1.6971206930623413,-2.347553968429565,9.69226966816784,True,0,mapped,False,4.440892098500626e-16
T097,L,3314,T012,14,2.037095817723772,-2.347553968429565,10.033668377983613,True,0,mapped,True,0.0
T097,L,3314,T013,14,2.037095817723772,-2.347553968429565,10.033668377983613,True,0,mapped,False,0.0
T097,L,3315,T012,15,2.3156498857051715,-2.147890891137003,10.293959428120386,True,0,mapped,True,0.0
T097,L,3315,T013,15,2.315649885705172,-2.147890891137003,10.293959428120386,True,0,mapped,False,4.440892098500626e-16
T097,L,3316,T012,16,2.57737376603137,-1.9584447345805565,10.59732126935689,True,0,mapped,True,0.0
T097,L,3316,T013,16,2.57737376603137,-1.9584447345805565,10.59732126935689,True,0,mapped,False,0.0
T097,L,3317,T012,17,2.8079885837094856,-1.7643092091047154,10.951006814870995,True,0,mapped,True,0.0
T097,L,3317,T013,17,2.8079885837094856,-1.7643092091047154,10.951006814870995,True,0,mapped,False,0.0
T097,L,3318,T012,18,2.986152857262605,-1.4784381210265691,11.280384423914064,True,0,mapped,True,0.0
T097,L,3318,T013,18,2.986152857262606,-1.478438121026569,11.280384423914066,True,0,mapped,False,1.9984014443252818e-15
T097,L,3319,T012,19,3.0669865028792973,-1.2250947851193528,11.678239778344585,True,0,mapped,True,0.0
T097,L,3319,T013,19,3.0669865028792973,-1.2250947851193528,11.678239778344585,True,0,mapped,False,0.0
T097,L,3320,T012,20,3.039708140690636,-0.9429331955096532,12.046231636386509,True,0,mapped,True,0.0
T097,L,3320,T013,20,3.039708140690637,-0.9429331955096532,12.046231636386509,True,0,mapped,False,8.881784197001252e-16
T097,L,3321,T012,21,2.8682565442660506,-0.6700172541286453,12.393687694085305,True,0,mapped,True,0.0
T097,L,3321,T013,21,2.8682565442660506,-0.6700172541286453,12.393687694085305,True,0,mapped,False,0.0
T097,L,3322,T012,22,2.6699939715539887,-0.3665688347304734,12.617866193027227,True,0,mapped,True,0.0
T097,L,3322,T013,22,2.6699939715539887,-0.3665688347304734,12.617866193027227,True,0,mapped,False,0.0
T097,L,3323,T012,23,2.4460302848286744,-0.0070135849074371,12.78451677285183,True,0,mapped,True,0.0
T097,L,3323,T013,23,2.4460302848286744,-0.0070135849074371,12.784516772851832,True,0,mapped,False,1.7763568394002505e-15
T097,L,3324,T012,25,1.4034969806671145,-2.8276990952734957,4.393726996036033,True,0,mapped,True,0.0
T097,L,3325,T012,26,1.2276275591271602,-2.8519460620987025,4.724181222258568,True,0,mapped,True,0.0
T097,L,3326,T012,27,1.0959428073495023,-2.9228564920865097,5.210948984324826,True,0,mapped,True,0.0
T097,L,3327,T012,28,1.0085407064574847,-2.9516025387677463,5.610399740105524,True,0,mapped,True,0.0
T097,L,3328,T012,29,1.0614818210602956,-3.037691250644587,6.1307962365335005,True,0,mapped,True,0.0
T097,L,3329,T012,30,1.052174781434342,-2.946000431291626,6.434221365614816,True,0,mapped,True,0.0
T097,L,3330,T012,31,1.0977906603971597,-2.976100977120552,6.997130643452763,True,0,mapped,True,0.0
T097,L,3331,T012,32,1.1056617342311226,-3.0864786036563343,7.470077065317696,True,0,mapped,True,0.0
T097,L,3332,T012,33,1.0659490711382729,-3.022993748025552,7.897381990657942,True,0,mapped,True,0.0
T097,L,3333,T012,34,1.227655006996244,-2.839113337195311,8.32200458019523,True,0,mapped,True,0.0
T097,L,3334,T012,35,1.3745662148131406,-2.7984188248835493,8.775187279946525,True,0,mapped,True,0.0
T097,L,3335,T012,36,1.4225250097103583,-2.726189669818281,9.09498412312356,True,0,mapped,True,0.0
T097,L,3336,T012,37,1.6650558802087696,-2.728034505035192,9.615982788971907,True,0,mapped,True,0.0
T097,L,3337,T012,38,1.966410198230976,-2.659092782116435,9.952175980567468,True,0,mapped,True,0.0
T097,L,3338,T012,39,2.239878166086747,-2.5697012764662315,10.224018986957836,True,0,mapped,True,0.0
T097,L,3339,T012,40,2.4917470060676306,-2.382466979479534,10.54523870983811,True,0,mapped,True,0.0
T097,L,3340,T012,41,2.6613528095125933,-2.1378761676795195,10.752491784999211,True,0,mapped,True,0.0
T097,L,3341,T012,42,2.8726362537476877,-1.854614105229428,11.149316056326809,True,0,mapped,True,0.0
T097,L,3342,T012,43,2.9756973066066,-1.5776955137605837,11.445758248418857,True,0,mapped,True,0.0
T097,L,3343,T012,44,2.9886695203133558,-1.2973179419844434,11.854086928754205,True,0,mapped,True,0.0
T097,L,3344,T012,45,2.885399628706879,-1.0119471371162565,12.22393842728828,True,0,mapped,True,0.0
T097,L,3345,T012,46,2.747927552816252,-0.7796571838234395,12.454134200043168,True,0,mapped,True,0.0
T097,L,3346,T012,47,2.512742013917153,-0.4297237722346903,12.674011945962024,True,0,mapped,True,0.0
T097,L,3347,T012,48,2.405324591255389,0.00561769851354188,12.797815246696807,True,4,edge_coupled_interpolation,True,0.0
T097,L,3347,T015,48,2.405324591255389,0.00561769851354188,12.797815246696807,True,4,edge_coupled_interpolation,False,0.0
T097,L,3348,T012,49,1.470929411333888,-3.121540443362973,4.707713036959289,True,0,mapped,True,0.0
T097,L,3349,T012,50,1.3781465544231422,-3.169949588455405,4.970770812167786,True,0,mapped,True,0.0
T097,L,3350,T012,51,1.265389164448424,-3.224611593676824,5.485799665480525,True,0,mapped,True,0.0
T097,L,3351,T012,52,1.227293279777642,-3.254723881314439,5.8803403525593705,True,0,mapped,True,0.0
T097,L,3352,T012,53,1.2606601247114595,-3.26274423768717,6.365858153004707,True,0,mapped,True,0.0
T097,L,3353,T012,54,1.3149529198585703,-3.2208932109688773,6.775421054870232,True,0,mapped,True,0.0
T097,L,3354,T012,55,1.318237003638388,-3.2947733599644486,7.240912751817767,True,0,mapped,True,0.0
T097,L,3355,T012,56,1.222436374101691,-3.305937153256326,7.707824699482103,True,0,mapped,True,0.0
T097,L,3356,T012,57,1.3673005395570106,-3.1803131029075917,8.239180019672329,True,0,mapped,True,0.0
T097,L,3357,T012,58,1.4262061913933324,-3.0681954974340644,8.59237345272888,True,0,mapped,True,0.0
T097,L,3358,T012,59,1.5331014606470523,-3.0172755374648594,9.039084902995915,True,0,mapped,True,0.0
T097,L,3359,T012,60,1.6082652437064846,-2.956447806296252,9.435713986041868,True,0,mapped,True,0.0
T097,L,3360,T012,61,1.9298244188132043,-2.9461164802880324,9.87959151909104,True,0,mapped,True,0.0
T097,L,3361,T012,62,2.2037036952929583,-2.8247530460572765,10.1561298226006,True,0,mapped,True,0.0
T097,L,3362,T012,63,2.349178440084006,-2.774328692633906,10.32584183200057,True,0,mapped,True,0.0
T097,L,3363,T012,64,2.606762250339824,-2.504096215889508,10.709154280188756,True,0,mapped,True,0.0
T097,L,3364,T012,65,2.7326526497463,-2.2431378285048384,10.96507101618148,True,0,mapped,True,0.0
T097,L,3365,T012,66,2.869159682697011,-2.03798004467073,11.373089030354434,True,0,mapped,True,0.0
T097,L,3366,T012,67,2.92229285465527,-1.7124938461515735,11.684416698424542,True,0,mapped,True,0.0
T097,L,3367,T012,68,2.88720270398,-1.3698048866784134,12.007921574799576,True,0,mapped,True,0.0
T097,L,3368,T012,69,2.7273574306266,-1.1037655241382314,12.345885684267856,True,0,mapped,True,0.0
T097,L,3369,T012,70,2.5483393119115427,-0.8281819232444165,12.5559342428695,True,0,mapped,True,0.0
T097,L,3370,T012,71,2.4034969806671143,-0.438649055676941,12.710066608485985,True,0,mapped,True,0.0
T097,L,3370,T015,71,2.2498754129931644,-0.8125488118809115,12.674465591675869,True,2,smooth_near_vertex,False,0.40579310755840187
T097,L,3371,T012,72,1.6223194472130524,-3.419838807187709,4.971390733945736,True,0,mapped,True,0.0
T097,L,3372,T012,73,1.525803719988934,-3.465799575579929,5.355491599998574,True,0,mapped,True,0.0
T097,L,3373,T012,74,1.4679954240443336,-3.475085715142611,5.703148710209833,True,0,mapped,True,0.0
T097,L,3374,T012,75,1.4120318995514756,-3.4914351589022603,6.180321285207175,True,0,mapped,True,0.0
T097,L,3375,T012,76,1.4509191782376358,-3.50672835912278,6.639883337544872,True,0,mapped,True,0.0
T097,L,3376,T012,77,1.496364037624173,-3.603369021660483,7.013572885220697,True,0,mapped,True,0.0
T097,L,3377,T012,78,1.403775260178536,-3.606907626634089,7.521143949193943,True,0,mapped,True,0.0
T097,L,3378,T012,79,1.5235281007790653,-3.528925277483475,8.042121522219652,True,0,mapped,True,0.0
T097,L,3379,T012,80,1.6178843425094454,-3.3497827268845866,8.410956359697346,True,0,mapped,True,0.0
T097,L,3380,T012,81,1.6734588187400372,-3.2724054772427293,8.938521741657167,True,0,mapped,True,0.0
T097,L,3381,T012,82,1.6888875846566245,-3.256622415139233,9.243843741911023,True,0,mapped,True,0.0
T097,L,3382,T012,83,1.8756026307585285,-3.2041332702459027,9.722580558977585,True,0,mapped,True,0.0
T097,L,3383,T012,84,2.118333493314206,-3.1171906184975398,10.004778449599588,True,0,mapped,True,0.0
T097,L,3384,T012,85,2.381717576609649,-3.0512250541967028,10.298960352137378,True,0,mapped,True,0.0
T097,L,3385,T012,86,2.49964402467329,-2.862494175467065,10.534908434608957,True,0,mapped,True,0.0
T097,L,3386,T012,87,2.6468735743843044,-2.6094191550851424,10.827877664299509,True,0,mapped,True,0.0
T097,L,3387,T012,88,2.781397909611786,-2.3768844543388803,11.218698108899366,True,0,mapped,True,0.0
T097,L,3388,T012,89,2.8145673147058945,-2.1490940348588574,11.62371502552392,True,0,mapped,True,0.0
T097,L,3389,T012,90,2.805603109736853,-1.802118508852896,11.920211499475675,True,0,mapped,True,0.0
T097,L,3390,T012,91,2.725617035983534,-1.4629994453952468,12.184088246727743,True,0,mapped,True,0.0
T097,L,3391,T012,92,2.5014880386625675,-1.23529935269794,12.46291770996545,True,0,mapped,True,0.0
T097,L,3392,T012,93,2.4034969806671143,-0.8797526530564679,12.60703769207066,True,0,mapped,True,0.0
T097,L,3392,T015,93,2.4034969806671143,-0.879752653056468,12.60703769207066,True,0,mapped,False,1.1102230246251565e-16
T097,L,3393,T012,94,1.784271170299546,-3.672347189633191,5.295020215356492,True,0,mapped,True,0.0
T097,L,3394,T012,95,1.636507374049987,-3.6242308959030014,5.602053297303349,True,0,mapped,True,0.0
T097,L,3395,T012,96,1.6469564816579902,-3.712912233176725,6.081167717180806,True,0,mapped,True,0.0
T097,L,3396,T012,97,1.5996353109845072,-3.746150058087621,6.463379817068102,True,0,mapped,True,0.0
T097,L,3397,T012,98,1.649347645818229,-3.82129404402375,6.853565654319837,True,0,mapped,True,0.0
T097,L,3398,T012,99,1.557699507086356,-3.8094327451393246,7.367826644528879,True,0,mapped,True,0.0
T097,L,3399,T012,100,1.5726768089353014,-3.772631124336562,7.811558671400226,True,0,mapped,True,0.0
T097,L,3400,T012,101,1.74033477936814,-3.633860275398225,8.222869466458917,True,0,mapped,True,0.0
T097,L,3401,T012,102,1.8391512653582245,-3.5066173516667414,8.659708530974607,True,0,mapped,True,0.0
T097,L,3402,T012,103,1.8612664670123045,-3.5045891061737904,9.098569419745026,True,0,mapped,True,0.0
T097,L,3403,T012,104,1.9218647967038096,-3.4872940690107983,9.494174582081108,True,0,mapped,True,0.0
T097,L,3404,T012,105,2.1122066797104706,-3.424760613956836,9.836595754032391,True,0,mapped,True,0.0
T097,L,3405,T012,106,2.319619225704356,-3.3021498608976327,10.130996878598085,True,0,mapped,True,0.0
T097,L,3406,T012,107,2.507399000221029,-3.133983819117437,10.467179573836184,True,0,mapped,True,0.0
T097,L,3407,T012,108,2.6044991389447105,-2.9821489485305275,10.693935920406735,True,0,mapped,True,0.0
T097,L,3408,T012,109,2.7094450379710704,-2.7285198845631644,11.044418403801483,True,0,mapped,True,0.0
T097,L,3409,T012,110,2.742693613097297,-2.5155872277743097,11.427018979817737,True,0,mapped,True,0.0
T097,L,3410,T012,111,2.707818848243116,-2.2613118427062675,11.818615418679345,True,0,mapped,True,0.0
T097,L,3411,T012,112,2.6502670230498038,-1.969505074890348,12.061219217733088,True,0,mapped,True,0.0
T097,L,3412,T012,113,2.472908309467661,-1.6111325892008188,12.35805918004229,True,0,mapped,True,0.0
T097,L,3413,T012,114,2.334796058782368,-1.3055879266128343,12.531110763549805,True,0,mapped,True,0.0
T097,L,3413,T015,114,2.3347960587823664,-1.305587926612835,12.531110763549805,True,0,mapped,False,1.897149936107019e-15
T097,L,3414,T012,115,2.027530341061592,-3.9121986185311695,5.531110286712647,True,0,mapped,True,0.0
T097,L,3415,T012,116,1.896535684054804,-3.910463182155959,5.894343102046799,True,0,mapped,True,0.0
T097,L,3416,T012,117,1.832752222176884,-3.940824000874797,6.345961372367382,True,0,mapped,True,0.0
T097,L,3417,T012,118,1.808097979585791,-3.97302112785693,6.674984936775396,True,0,mapped,True,0.0
T097,L,3418,T012,119,1.803866480942241,-4.029127499577302,7.05366017695229,True,0,mapped,True,0.0
T097,L,3419,T012,120,1.7400450822706075,-4.018308187980295,7.619499382587827,True,0,mapped,True,0.0
T097,L,3420,T012,121,1.841474856904795,-3.900054853008162,8.046036653558868,True,0,mapped,True,0.0
T097,L,3421,T012,122,1.9568154165447849,-3.779694112940505,8.415518095783485,True,0,mapped,True,0.0
T097,L,3422,T012,123,2.067379476132315,-3.6986478315251112,8.886062038745397,True,0,mapped,True,0.0
T097,L,3423,T012,124,2.093227878649264,-3.6854125800545834,9.287474140459556,True,0,mapped,True,0.0
T097,L,3424,T012,125,2.1871848621454424,-3.642467026498366,9.660235198667912,True,0,mapped,True,0.0
T097,L,3425,T012,126,2.3425810777371883,-3.5870468862429843,9.93680904978749,True,0,mapped,True,0.0
T097,L,3426,T012,127,2.474336647345185,-3.445816667980776,10.281041591968954,True,0,mapped,True,0.0
T097,L,3427,T012,128,2.5960396458262887,-3.2826968467734003,10.615626987590884,True,0,mapped,True,0.0
T097,L,3428,T012,129,2.631633581607534,-3.0651546181817397,10.763350782524965,True,0,mapped,True,0.0
T097,L,3429,T012,130,2.7011665118123207,-2.886743066490098,11.254643894343824,True,0,mapped,True,0.0
T097,L,3430,T012,131,2.653073073796021,-2.614201151235271,11.626865145911951,True,0,mapped,True,0.0
T097,L,3431,T012,132,2.5803865840937714,-2.353563303835311,11.95556111200527,True,0,mapped,True,0.0
T097,L,3432,T012,133,2.400122081455739,-1.9910829483795465,12.295445176831542,True,0,mapped,True,0.0
T097,L,3433,T012,134,2.203496932983399,-1.71925571802736,12.478121138695164,True,0,mapped,True,0.0
T097,L,3433,T015,134,2.203496932983398,-1.7192557180273609,12.478121138695164,True,0,mapped,False,1.2560739669470201e-15
T097,L,3434,T012,135,2.340311168822752,-4.186093005566014,5.580069132456343,True,0,mapped,True,0.0
T097,L,3435,T012,136,2.0539432026831115,-4.14703517466635,6.239737495588141,True,0,mapped,True,0.0
T097,L,3436,T012,137,2.0934007101995924,-4.239333179451962,6.554926761330876,True,0,mapped,True,0.0
T097,L,3437,T012,138,2.0186001974827783,-4.230304837202084,6.979241483007865,True,0,mapped,True,0.0
T097,L,3438,T012,139,1.9857492523642453,-4.252932698013668,7.434874298511299,True,0,mapped,True,0.0
T097,L,3439,T012,140,1.9880326360188445,-4.083499543961334,7.84566263752412,True,0,mapped,True,0.0
T097,L,3440,T012,141,2.1308338548865957,-3.9990102873732334,8.217744207114464,True,0,mapped,True,0.0
T097,L,3441,T012,142,2.193782571076479,-3.920970610836076,8.633996532443113,True,0,mapped,True,0.0
T097,L,3442,T012,143,2.290090595829516,-3.8383790902709354,9.071524271057264,True,0,mapped,True,0.0
T097,L,3443,T012,144,2.348930256383128,-3.8045184402747423,9.465364252429175,True,0,mapped,True,0.0
T097,L,3444,T012,145,2.4510011427829386,-3.7576187506949057,9.808239795340166,True,0,mapped,True,0.0
T097,L,3445,T012,146,2.4984033025078536,-3.699433910700612,10.126426150392284,True,0,mapped,True,0.0
T097,L,3446,T012,147,2.58787290534183,-3.5468892317852747,10.481817214885403,True,0,mapped,True,0.0
T097,L,3447,T012,148,2.631096484221244,-3.425964970062068,10.776217054310209,True,0,mapped,True,0.0
T097,L,3448,T012,149,2.6640481909522995,-3.243587063459409,11.048892233505228,True,0,mapped,True,0.0
T097,L,3449,T012,150,2.6140856453473127,-3.046064020963471,11.463692932938452,True,0,mapped,True,0.0
T097,L,3450,T012,151,2.545851786640283,-2.730784425327163,11.76266069046762,True,0,mapped,True,0.0
T097,L,3451,T012,152,2.3145799029866976,-2.501552624147103,12.126381471053914,True,0,mapped,True,0.0
T097,L,3452,T012,153,2.2034969329833984,-2.153014758754192,12.347649614398463,True,0,mapped,True,0.0
T097,L,3452,T015,153,2.2034969329833984,-2.153014758754192,12.347649614398463,True,0,mapped,False,0.0
T097,L,3453,T012,154,2.4099808878252307,-4.402182751557851,5.94771433704243,True,0,mapped,True,0.0
T097,L,3454,T012,155,2.3076265338472144,-4.455628127762866,6.446066443376933,True,0,mapped,True,0.0
T097,L,3455,T012,156,2.2270849599607083,-4.429005809568846,6.866625536358304,True,0,mapped,True,0.0
T097,L,3456,T012,157,2.190630456896994,-4.4131619871231145,7.241895874791975,True,0,mapped,True,0.0
T097,L,3457,T012,158,2.2005060818015307,-4.364167795273644,7.751014612991012,True,0,mapped,True,0.0
T097,L,3458,T012,159,2.280910611699214,-4.290734245540432,8.091093983291675,True,0,mapped,True,0.0
T097,L,3459,T012,160,2.3607520315473045,-4.236748473318508,8.450376259805331,True,0,mapped,True,0.0
T097,L,3460,T012,161,2.4272905165012224,-4.092781299724188,8.864510984682088,True,0,mapped,True,0.0
T097,L,3461,T012,162,2.4859959711220214,-3.9965264529274855,9.234636113671634,True,0,mapped,True,0.0
T097,L,3462,T012,163,2.5449017872590534,-3.9534682752779537,9.59889991403194,True,0,mapped,True,0.0
T097,L,3463,T012,164,2.5808987616031427,-3.958947365941269,9.949526975698896,True,0,mapped,True,0.0
T097,L,3464,T012,165,2.6064010951355567,-3.8467322107091615,10.301953269854536,True,0,mapped,True,0.0
T097,L,3465,T012,166,2.6418634664286498,-3.759388425516884,10.6181039627203,True,0,mapped,True,0.0
T097,L,3466,T012,167,2.6156589723934007,-3.5698358104299714,11.004143559051638,True,0,mapped,True,0.0
T097,L,3467,T012,168,2.5812552661777968,-3.387353005601739,11.301345710193829,True,0,mapped,True,0.0
T097,L,3468,T012,169,2.4810091449237914,-3.184402612631801,11.5950402883661,True,0,mapped,True,0.0
T097,L,3469,T012,170,2.2974189460295174,-2.904738893426441,11.948643562714436,True,0,mapped,True,0.0
T097,L,3470,T012,171,2.00741819472872,-2.535179862801775,12.287570896279007,True,0,mapped,True,0.0
T097,L,3470,T015,171,2.007418194728719,-2.535179862801776,12.287570896279007,True,0,mapped,False,1.6011864169946884e-15
T097,L,3471,T012,172,2.5672915737111546,-4.655181974451948,6.271708189301909,True,0,mapped,True,0.0
T097,L,3472,T012,173,2.4443254020102003,-4.655014652381279,6.70861313852042,True,0,mapped,True,0.0
T097,L,3473,T012,174,2.368972619792022,-4.642571262895848,7.232236464678843,True,0,mapped,True,0.0
T097,L,3474,T012,175,2.3291707178818584,-4.641312766056032,7.551444457447786,True,0,mapped,True,0.0
T097,L,3475,T012,176,2.3953700931934243,-4.649019553560095,7.976741962637675,True,0,mapped,True,0.0
T097,L,3476,T012,177,2.4318661181113512,-4.524523525231198,8.3362543404076,True,0,mapped,True,0.0
T097,L,3477,T012,178,2.5074861573094718,-4.429842462320383,8.71824517481987,True,0,mapped,True,0.0
T097,L,3478,T012,179,2.5538876493447957,-4.272723834215085,9.053787169617316,True,0,mapped,True,0.0
T097,L,3479,T012,180,2.6079430415356137,-4.202439687214054,9.382909840204192,True,0,mapped,True,0.0
T097,L,3480,T012,181,2.631435356960881,-4.14739646227392,9.782954405544436,True,0,mapped,True,0.0
T097,L,3481,T012,182,2.630916194565688,-4.120315027683096,10.18139647671975,True,0,mapped,True,0.0
T097,L,3482,T012,183,2.6372124321028507,-4.076093232541423,10.499936507451576,True,0,mapped,True,0.0
T097,L,3483,T012,184,2.606159852232776,-3.958812687685045,10.79323269121216,True,0,mapped,True,0.0
T097,L,3484,T012,185,2.546556010834096,-3.7421701253895927,11.095978654696022,True,0,mapped,True,0.0
T097,L,3485,T012,186,2.432315255136928,-3.5239050140375343,11.457020770631347,True,0,mapped,True,0.0
T097,L,3486,T012,187,2.2586424171594164,-3.2400021545871227,11.812969338537936,True,0,mapped,True,0.0
T097,L,3487,T012,188,2.003496885299683,-2.958975173516897,12.129837764052642,True,0,mapped,True,0.0
T097,L,3487,T015,188,2.003496885299682,-2.958975173516897,12.129837764052642,True,0,mapped,False,8.881784197001252e-16
T097,L,3488,T012,189,2.658352900473277,-4.862968514990592,6.6322761305388624,True,0,mapped,True,0.0
T097,L,3489,T012,190,2.570156409353877,-4.872794434129762,7.04879350191863,True,0,mapped,True,0.0
T097,L,3490,T012,191,2.5687158922313658,-4.964782615616784,7.461247831888109,True,0,mapped,True,0.0
T097,L,3491,T012,192,2.537782580332125,-4.950626328750726,7.853569823569234,True,0,mapped,True,0.0
T097,L,3492,T012,193,2.51985992216636,-4.87021544482244,8.19599651737847,True,0,mapped,True,0.0
T097,L,3493,T012,194,2.529107286550984,-4.745945424215118,8.537803024735645,True,0,mapped,True,0.0
T097,L,3494,T012,195,2.561769460268325,-4.584047611313394,8.89474953904504,True,0,mapped,True,0.0
T097,L,3495,T012,196,2.6060980953035413,-4.509831914757124,9.234931379991474,True,0,mapped,True,0.0
T097,L,3496,T012,197,2.6531049958709154,-4.507270974937091,9.524413191174675,True,0,mapped,True,0.0
T097,L,3497,T012,198,2.6493357480678044,-4.4177173293949545,9.992376666099137,True,0,mapped,True,0.0
T097,L,3498,T012,199,2.618511183980514,-4.360758898033475,10.376206532550832,True,0,mapped,True,0.0
T097,L,3499,T012,200,2.5642625863915613,-4.277290758708293,10.65572112797474,True,0,mapped,True,0.0
T097,L,3500,T012,201,2.4737241242481707,-4.124465014696393,10.98599854350097,True,0,mapped,True,0.0
T097,L,3501,T012,202,2.4025989567533808,-3.877419250170808,11.28108003118094,True,0,mapped,True,0.0
T097,L,3502,T012,203,2.293408231881892,-3.6413460844268193,11.558509797452285,True,0,mapped,True,0.0
T097,L,3503,T012,204,2.0034968852996826,-3.373828270409234,11.94802142077273,True,0,mapped,True,0.0
T097,L,3503,T015,204,2.0034968852996826,-3.3738282704092346,11.94802142077273,True,0,mapped,False,4.440892098500626e-16
T097,L,3504,T012,205,2.839606804795936,-5.118227190310399,6.880585688199986,True,0,mapped,True,0.0
T097,L,3505,T012,206,2.7577928876322977,-5.170741267800425,7.268709418912275,True,0,mapped,True,0.0
T097,L,3506,T012,207,2.64519259967938,-5.109805945697602,7.646623244627106,True,0,mapped,True,0.0
T097,L,3507,T012,208,2.606710387602433,-5.110238761025527,7.98911896104484,True,0,mapped,True,0.0
T097,L,3508,T012,209,2.5928031527746564,-5.068185987477529,8.336830944811823,True,0,mapped,True,0.0
T097,L,3509,T012,210,2.571700202595681,-4.924145292632435,8.67864647927723,True,0,mapped,True,0.0
T097,L,3510,T012,211,2.573276972038128,-4.857002269236032,9.04864774962568,True,0,mapped,True,0.0
T097,L,3511,T012,212,2.615746516703008,-4.896407949356468,9.392070434302754,True,0,mapped,True,0.0
T097,L,3512,T012,213,2.631467226706878,-4.822272556020495,9.796673005163516,True,0,mapped,True,0.0
T097,L,3513,T012,214,2.5984330940548466,-4.7174974241325724,10.176691383753344,True,0,mapped,True,0.0
T097,L,3514,T012,215,2.556910181058276,-4.5887343002322565,10.483088782185146,True,0,mapped,True,0.0
T097,L,3515,T012,216,2.4724492480259808,-4.445148110203448,10.787759557133434,True,0,mapped,True,0.0
T097,L,3516,T012,217,2.361847583557519,-4.310575671973727,11.079535721690144,True,0,mapped,True,0.0
T097,L,3517,T012,218,2.2593422188745915,-4.079430140144167,11.36587172854722,True,0,mapped,True,0.0
T097,L,3518,T012,219,2.003496885299683,-3.779189316622442,11.746116836576867,True,0,mapped,True,0.0
T097,L,3518,T015,219,2.0034968852996817,-3.779189316622442,11.746116836576867,True,0,mapped,False,1.3322676295501878e-15
T097,L,3519,T012,220,2.951509588098104,-5.426805369707449,7.161322866735333,True,0,mapped,True,0.0
T097,L,3520,T012,221,2.813464781376269,-5.381802904385076,7.519294236169662,True,0,mapped,True,0.0
T097,L,3521,T012,222,2.73297005952074,-5.335333840756713,7.970723096139679,True,0,mapped,True,0.0
T097,L,3522,T012,223,2.659672411002477,-5.236605431418717,8.258637577175937,True,0,mapped,True,0.0
T097,L,3523,T012,224,2.640856999435576,-5.2860287071242364,8.567962712237057,True,0,mapped,True,0.0
T097,L,3524,T012,225,2.572389040530465,-5.211556120771077,8.92810356555304,True,0,mapped,True,0.0
T097,L,3525,T012,226,2.5704420071590746,-5.131616583842652,9.28881920064804,True,0,mapped,True,0.0
T097,L,3526,T012,227,2.600315383726696,-5.121551522017159,9.693297836883437,True,0,mapped,True,0.0
T097,L,3527,T012,228,2.578738765784893,-5.029127995297526,10.00104909927254,True,0,mapped,True,0.0
T097,L,3528,T012,229,2.544337496633104,-4.879429146752826,10.275507110196449,True,0,mapped,True,0.0
T097,L,3529,T012,230,2.4979353541444254,-4.734581116949339,10.55383974998832,True,0,mapped,True,0.0
T097,L,3530,T012,231,2.384157180817378,-4.5689042337421615,10.900269739378944,True,0,mapped,True,0.0
T097,L,3531,T012,232,2.2049876334860685,-4.464463865354848,11.212235068519636,True,0,mapped,True,0.0
T097,L,3532,T012,233,2.003496885299683,-4.188854245486367,11.553524745850472,True,0,mapped,True,0.0
T097,L,3532,T015,233,2.003496885299682,-4.188854245486366,11.553524745850474,True,0,mapped,False,2.175583928816829e-15
T097,L,3533,T012,234,3.0034968852996826,-5.751257339872759,7.430336584097999,True,0,mapped,True,0.0
T097,L,3534,T012,235,2.8480543971251118,-5.578181514002395,7.831214510445127,True,0,mapped,True,0.0
T097,L,3535,T012,236,2.785268663845684,-5.571341488910142,8.286705441010419,True,0,mapped,True,0.0
T097,L,3536,T012,237,2.7183305809199925,-5.525818842252166,8.570306196032819,True,0,mapped,True,0.0
T097,L,3537,T012,238,2.6608056547820484,-5.529637992100524,8.821630326688346,True,0,mapped,True,0.0
T097,L,3538,T012,239,2.5963907848612333,-5.503526361457327,9.188659853923614,True,0,mapped,True,0.0
T097,L,3539,T012,240,2.560577474114736,-5.440595875759925,9.530461067466952,True,0,mapped,True,0.0
T097,L,3540,T012,241,2.554663239515605,-5.317016512164809,9.82512792477256,True,0,mapped,True,0.0
T097,L,3541,T012,242,2.5292689523213885,-5.188882175871658,10.098395984937657,True,0,mapped,True,0.0
T097,L,3542,T012,243,2.461993024839993,-5.058050610925096,10.392654370413208,True,0,mapped,True,0.0
T097,L,3543,T012,244,2.360705391052859,-4.974273228548858,10.68943996523508,True,0,mapped,True,0.0
T097,L,3544,T012,245,2.2161119858673963,-4.786617947702631,11.02089481245007,True,0,mapped,True,0.0
T097,L,3545,T012,246,2.003496885299683,-4.58640838031753,11.336570442685666,True,0,mapped,True,0.0
T097,L,3545,T015,246,2.003496885299682,-4.586408380317531,11.336570442685664,True,0,mapped,False,2.175583928816829e-15
T097,L,3546,T012,247,3.003496885299682,-5.955113149460482,7.821093268211267,True,0,mapped,True,0.0
T097,L,3547,T012,248,2.8928571876731595,-5.842713732552534,8.187312946923367,True,0,mapped,True,0.0
T097,L,3548,T012,249,2.81643682050378,-5.810967264415524,8.521898523167646,True,0,mapped,True,0.0
T097,L,3549,T012,250,2.737863302607292,-5.810603924443454,8.85012672919427,True,0,mapped,True,0.0
T097,L,3550,T012,251,2.681613826156174,-5.840758579996511,9.115909494898183,True,0,mapped,True,0.0
T097,L,3551,T012,252,2.6055398872567364,-5.751755469036337,9.37784887293495,True,0,mapped,True,0.0
T097,L,3552,T012,253,2.5426790061687994,-5.635902963214604,9.633500459858675,True,0,mapped,True,0.0
T097,L,3553,T012,254,2.5101607621503432,-5.51233522400243,9.90332257560525,True,0,mapped,True,0.0
T097,L,3554,T012,255,2.44781664433399,-5.410194938454965,10.195975945037231,True,0,mapped,True,0.0
T097,L,3555,T012,256,2.345630759142134,-5.349060666867614,10.469999811683822,True,0,mapped,True,0.0
T097,L,3556,T012,257,2.180944497885163,-5.251505058797324,10.78557261876945,True,0,mapped,True,0.0
T097,L,3557,T012,258,2.003496885299683,-4.987443380159909,11.12602511213681,True,0,mapped,True,0.0
T097,L,3557,T015,258,2.0034968852996826,-4.98744338015991,11.12602511213681,True,0,mapped,False,9.930136612989092e-16
T097,L,3558,T012,259,3.0034968852996826,-6.164302506362668,8.207650535459981,True,0,mapped,True,0.0
T097,L,3559,T012,260,2.905005818523349,-6.140018885007946,8.516499614137086,True,0,mapped,True,0.0
T097,L,3560,T012,261,2.798007385319603,-6.104382683621193,8.834342867274994,True,0,mapped,True,0.0
T097,L,3561,T012,262,2.7208871585704864,-6.101235090386567,9.112660906364162,True,0,mapped,True,0.0
T097,L,3562,T012,263,2.6495405450819858,-6.138706420580353,9.358415631731043,True,0,mapped,True,0.0
T097,L,3563,T012,264,2.5751383030048687,-5.960728540156896,9.495751835842778,True,0,mapped,True,0.0
T097,L,3564,T012,265,2.483184012187908,-5.849542297968773,9.74118930833587,True,0,mapped,True,0.0
T097,L,3565,T012,266,2.4220012704718403,-5.739123708693752,10.044066640534911,True,0,mapped,True,0.0
T097,L,3566,T012,267,2.3033304111652297,-5.6949986704646935,10.344847138370929,True,0,mapped,True,0.0
T097,L,3567,T012,268,2.162379720819324,-5.575348832948055,10.61260023740201,True,0,mapped,True,0.0
T097,L,3568,T012,269,2.0034968852996835,-5.384599508695691,10.908539791002676,True,0,mapped,True,0.0
T097,L,3568,T015,269,2.003496885299681,-5.384599508695693,10.908539791002678,True,0,mapped,False,4.165926057296536e-15
T097,L,3569,T012,270,3.0034968852996826,-6.482768594963685,8.51305850389041,True,0,mapped,True,0.0
T097,L,3570,T012,271,2.908880978443724,-6.441709218517005,8.760081303442846,True,0,mapped,True,0.0
T097,L,3571,T012,272,2.790110723900977,-6.3730497409085975,9.02861293156106,True,0,mapped,True,0.0
T097,L,3572,T012,273,2.699994445140676,-6.395177912281703,9.304738176413007,True,0,mapped,True,0.0
T097,L,3573,T012,274,2.601265657581507,-6.351074200483047,9.523341375644682,True,0,mapped,True,0.0
T097,L,3574,T012,275,2.480528057492574,-6.192954324270981,9.72243508647614,True,0,mapped,True,0.0
T097,L,3575,T012,276,2.402217580082057,-6.087087268977598,9.909290145019972,True,0,mapped,True,0.0
T097,L,3576,T012,277,2.277445967400495,-6.0133201055215215,10.199662719983095,True,0,mapped,True,0.0
T097,L,3577,T012,278,2.048942670708629,-5.952493034626639,10.528612950454692,True,0,mapped,True,0.0
T097,L,3578,T012,279,1.9327959007785191,-5.763453781511429,10.73111057281494,True,0,mapped,True,0.0
T097,L,3578,T015,279,1.9327959007785191,-5.763453781511429,10.73111057281494,True,0,mapped,False,0.0
T097,L,3579,T012,280,2.9904327463068485,-6.832437356570961,8.762605977782622,True,0,mapped,True,0.0
T097,L,3580,T012,281,2.8455020311017942,-6.713315740477273,9.05535964546966,True,0,mapped,True,0.0
T097,L,3581,T012,282,2.707547711881136,-6.653288511344724,9.32753650371694,True,0,mapped,True,0.0
T097,L,3582,T012,283,2.602736753903039,-6.661313876965199,9.506519603251212,True,0,mapped,True,0.0
T097,L,3583,T012,284,2.4718035112271863,-6.529760483831476,9.73077213285193,True,0,mapped,True,0.0
T097,L,3584,T012,285,2.34903609752946,-6.512566756270142,9.898019926861268,True,0,mapped,True,0.0
T097,L,3585,T012,286,2.2193350450473224,-6.3998313550326,10.101512132361034,True,0,mapped,True,0.0
T097,L,3586,T012,287,2.012954343052964,-6.303361624177967,10.39147149283997,True,0,mapped,True,0.0
T097,L,3587,T012,288,1.6671399000395075,-6.129729904462924,10.73111057281494,True,0,mapped,True,0.0
T097,L,3587,T015,288,1.6671399000395055,-6.129729904462925,10.73111057281494,True,0,mapped,False,2.1868857395626282e-15
T097,L,3588,T012,289,2.869104016118692,-7.102975350965147,9.086531621564513,True,0,mapped,True,0.0
T097,L,3589,T012,290,2.74246733354008,-6.985620076717226,9.265442668710474,True,0,mapped,True,0.0
T097,L,3590,T012,291,2.592728466599086,-6.981097468337143,9.456583398674674,True,0,mapped,True,0.0
T097,L,3591,T012,292,2.510797815791391,-6.970789866306671,9.567935626078308,True,0,mapped,True,0.0
T097,L,3592,T012,293,2.3693955569131413,-6.883833658396034,9.77073463390165,True,0,mapped,True,0.0
T097,L,3593,T012,294,2.1540397862746383,-6.807000550718236,9.996928716824783,True,0,mapped,True,0.0
T097,L,3594,T012,295,1.9004966741114664,-6.689290549268433,10.26486591462116,True,0,mapped,True,0.0
T097,L,3595,T012,296,1.6034970283508303,-6.528499801874954,10.543947885649205,True,0,mapped,True,0.0
T097,L,3595,T015,296,1.6034970283508296,-6.528499801874954,10.543947885649208,True,0,mapped,False,3.614624287906422e-15
T097,L,3596,T012,297,2.803497076034546,-7.503917767841445,9.2193748532997,True,0,mapped,True,0.0
T097,L,3597,T012,298,2.5671294804144287,-7.393242766390246,9.39737508067839,True,0,mapped,True,0.0
T097,L,3598,T012,299,2.4208792541194084,-7.356696518571008,9.56126671257209,True,0,mapped,True,0.0
T097,L,3599,T012,300,2.269491488101877,-7.356627527131257,9.727230712082116,True,0,mapped,True,0.0
T097,L,3600,T012,301,2.106137598017663,-7.151453787173326,9.91802762618083,True,0,mapped,True,0.0
T097,L,3601,T012,302,1.89881710648865,-7.007371910567741,10.120848775498889,True,0,mapped,True,0.0
T097,L,3602,T012,303,1.60349702835083,-6.92028742864266,10.316788197580255,True,0,mapped,True,0.0
T097,L,3602,T015,303,1.6034970283508303,-6.920287428642661,10.316788197580255,True,0,mapped,False,9.155133597044475e-16
T097,L,3603,T012,304,2.628537096396622,-7.870263796982398,9.36392966330244,True,0,mapped,True,0.0
T097,L,3604,T012,305,2.461550335935079,-7.7286558264717184,9.470191566562947,True,0,mapped,True,0.0
T097,L,3605,T012,306,2.2350009467310583,-7.594070761322341,9.677541722459996,True,0,mapped,True,0.0
T097,L,3606,T012,307,2.0418225136961543,-7.5412497368461855,9.812964744073252,True,0,mapped,True,0.0
T097,L,3607,T012,308,1.814590973116497,-7.4720719249734415,9.968211800060304,True,0,mapped,True,0.0
T097,L,3608,T012,309,1.6034970283508303,-7.3250487526165635,10.113904502162772,True,0,mapped,True,0.0
T097,L,3608,T015,309,1.60349702835083,-7.325048752616565,10.113904502162772,True,0,mapped,False,1.790180836524724e-15
T097,L,3609,T012,310,2.426788248908434,-8.237521266239398,9.447217663380314,True,0,mapped,True,0.0
T097,L,3610,T012,311,2.260215321966105,-8.074830867567293,9.549996763313388,True,0,mapped,True,0.0
T097,L,3611,T012,312,2.058933421878029,-7.928837804195004,9.69305710709446,True,0,mapped,True,0.0
T097,L,3612,T012,313,1.802778760432992,-7.836526129128999,9.822211002845576,True,0,mapped,True,0.0
T097,L,3613,T012,314,1.6034970283508303,-7.737895345189565,9.928115575371208,True,0,mapped,True,0.0
T097,L,3613,T015,314,1.60349702835083,-7.737895345189566,9.928115575371208,True,0,mapped,False,9.155133597044475e-16
T097,L,3614,T012,315,2.131071097228943,-8.49777510035884,9.55438031780158,True,0,mapped,True,0.0
T097,L,3615,T012,316,1.9327457266400367,-8.38358859266445,9.630350026929817,True,0,mapped,True,0.0
T097,L,3616,T012,317,1.760225076338471,-8.286836281560085,9.690288172282472,True,0,mapped,True,0.0
T097,L,3617,T012,318,1.448539312930386,-8.102512011625105,9.794550470717576,True,0,mapped,True,0.0
T097,L,3617,T015,318,1.4485393129303863,-8.102512011625103,9.794550470717576,True,0,mapped,False,1.790180836524724e-15
T097,L,3618,T012,319,1.7906599335685809,-8.75559110769018,9.586777225613767,True,0,mapped,True,0.0
T097,L,3619,T012,320,1.6124396379066694,-8.729191325799514,9.586814537471206,True,0,mapped,True,0.0
T097,L,3620,T012,321,1.4034969806671145,-8.505988043046292,9.635311600849722,True,0,mapped,True,0.0
T097,L,3620,T015,321,1.403496980667114,-8.505988043046292,9.635311600849722,True,0,mapped,False,4.440892098500626e-16
T097,L,3621,T012,322,1.5375209239147265,-8.93856337552552,9.49025656624535,True,2,smooth_near_vertex,True,0.0
T097,L,3622,T012,323,1.4034969806671145,-8.921916861764245,9.456324501286067,True,0,mapped,True,0.0
T097,L,3622,T015,323,1.403496980667114,-8.921916861764247,9.456324501286067,True,0,mapped,False,1.831026719408895e-15
T097,L,3623,T012,324,1.3434871435165403,-9.347554206848145,9.331110000610352,True,-1,landmark_vertex,True,0.0
T097,L,3623,T014,324,1.3434871435165403,-9.347554206848145,9.331110000610352,True,0,mapped,False,0.0
T097,L,3623,T015,324,1.3434871435165403,-9.347554206848145,9.331110000610352,True,0,mapped,False,0.0
T097,L,3624,T013,26,0.8574081106003614,-2.162499373424,4.561114156823907,True,0,mapped,True,0.0
T097,L,3625,T013,27,0.7464989024263873,-2.203770732330955,5.03555238215628,True,0,mapped,True,0.0
T097,L,3626,T013,28,0.6691429816788221,-2.2318333080049007,5.450322145432196,True,0,mapped,True,0.0
T097,L,3627,T013,29,0.5894903776019955,-2.3347485701692112,5.917466004559797,True,0,mapped,True,0.0
T097,L,3628,T013,30,0.4080504552229353,-2.4971762452755657,6.367988032549065,True,0,mapped,True,0.0
T097,L,3629,T013,31,0.1931585648620265,-2.7208790099915983,6.870326039166065,True,0,mapped,True,0.0
T097,L,3630,T013,32,0.2459724589571888,-2.497262610456165,7.45897598231133,True,0,mapped,True,0.0
T097,L,3631,T013,33,0.5107309845351027,-2.394105192893175,7.887565324942336,True,0,mapped,True,0.0
T097,L,3632,T013,34,0.6452144036677054,-2.046310909877724,8.371499601883592,True,0,mapped,True,0.0
T097,L,3633,T013,35,0.8986786238783672,-1.8076101981113504,8.8269892363549,True,0,mapped,True,0.0
T097,L,3634,T013,36,1.1704165619039475,-1.769847025737482,9.183851069492311,True,0,mapped,True,0.0
T097,L,3635,T013,37,1.501593941690722,-1.7066515530545885,9.48182273114458,True,0,mapped,True,0.0
T097,L,3636,T013,38,1.7755834327788615,-1.6056950388259912,9.703020393939596,True,0,mapped,True,0.0
T097,L,3637,T013,39,2.118960965806504,-1.5044146468895383,9.991410149755568,True,0,mapped,True,0.0
T097,L,3638,T013,40,2.4602269592442463,-1.3894172229145738,10.290362731163244,True,0,mapped,True,0.0
T097,L,3639,T013,41,2.77388740357266,-1.2574989095362443,10.658757840895028,True,0,mapped,True,0.0
T097,L,3640,T013,42,3.045179928421481,-1.1268891476124077,11.103213571240763,True,0,mapped,True,0.0
T097,L,3641,T013,43,3.194117612834034,-0.8523833380564636,11.476150126151223,True,0,mapped,True,0.0
T097,L,3642,T013,44,3.189042584311146,-0.58524156015486,11.957753632678909,True,0,mapped,True,0.0
T097,L,3643,T013,45,3.066945275468267,-0.2836961683519046,12.334627433460632,True,0,mapped,True,0.0
T097,L,3644,T013,46,2.7947847660068765,0.013540098198159,12.67419601522715,True,0,mapped,True,0.0
T097,L,3645,T013,47,2.64292337815406,0.404922010380524,12.82820062241364,True,0,mapped,True,0.0
T097,L,3646,T013,50,0.7168854683869245,-1.8426302012472653,4.638306790882662,True,0,mapped,True,0.0
T097,L,3647,T013,51,0.564491897372529,-1.822609896653988,5.135980831002245,True,0,mapped,True,0.0
T097,L,3648,T013,52,0.5115941209306539,-1.922502767326068,5.618554802611392,True,0,mapped,True,0.0
T097,L,3649,T013,53,0.2561280493663516,-1.9958902149271245,5.98745675673424,True,0,mapped,True,0.0
T097,L,3650,T013,54,-0.2215327915900542,-2.2354577291470417,6.378067753550644,True,0,mapped,True,0.0
T097,L,3651,T013,55,-0.2714144251892673,-2.192291792287864,7.103598444338154,True,0,mapped,True,0.0
T097,L,3652,T013,56,-0.0103938199279061,-1.9356241173646611,7.67833210089907,True,0,mapped,True,0.0
T097,L,3653,T013,57,0.3244665676713184,-1.6135415408422518,8.256656685743117,True,0,mapped,True,0.0
T097,L,3654,T013,58,0.6490559398084412,-1.309159223200966,8.702527285573366,True,0,mapped,True,0.0
T097,L,3655,T013,59,0.9836099763163516,-1.1735355652202044,8.999047962331936,True,0,mapped,True,0.0
T097,L,3656,T013,60,1.3035604602953028,-1.1157516124321851,9.21956725740134,True,0,mapped,True,0.0
T097,L,3657,T013,61,1.5969566961565267,-1.036477681531965,9.438184972734277,True,0,mapped,True,0.0
T097,L,3658,T013,62,1.9299703417234304,-0.9614102864770714,9.673803006412706,True,0,mapped,True,0.0
T097,L,3659,T013,63,2.3376279254113097,-0.886786944757707,9.992827140022603,True,0,mapped,True,0.0
T097,L,3660,T013,64,2.751047633715227,-0.7752225882198827,10.397446023059818,True,0,mapped,True,0.0
T097,L,3661,T013,65,3.106897572577343,-0.6168962264084707,10.886110133763204,True,0,mapped,True,0.0
T097,L,3662,T013,66,3.319313288357136,-0.4537389397319671,11.373893453715128,True,0,mapped,True,0.0
T097,L,3663,T013,67,3.335205720955966,-0.2661901239692089,11.911431493373277,True,0,mapped,True,0.0
T097,L,3664,T013,68,3.223230452919976,0.0387471594244385,12.335807461126215,True,0,mapped,True,0.0
T097,L,3665,T013,69,3.021658485235787,0.3838559591910844,12.691563117948576,True,0,mapped,True,0.0
T097,L,3666,T013,70,2.768630728894034,0.7141029140925925,12.898708365081877,True,0,mapped,True,0.0
T097,L,3667,T013,73,0.5826523889824626,-1.4959444252756242,4.7139908682763485,True,0,mapped,True,0.0
T097,L,3668,T013,74,0.4683333903107816,-1.4275418379973086,5.148624358077971,True,0,mapped,True,0.0
T097,L,3669,T013,75,0.380202563137762,-1.4960402805845123,5.679288778268802,True,0,mapped,True,0.0
T097,L,3670,T013,76,-0.1292490642051223,-1.591476999106457,5.984772146456811,True,0,mapped,True,0.0
T097,L,3671,T013,77,-0.5555702230532825,-1.556153545143977,6.552695183834449,True,0,mapped,True,0.0
T097,L,3672,T013,78,-0.4109613464333653,-1.4229465849860952,7.305309900755514,True,0,mapped,True,0.0
T097,L,3673,T013,79,-0.0436280407417699,-1.1565840065986623,7.962637472528831,True,0,mapped,True,0.0
T097,L,3674,T013,80,0.3511082384036089,-0.8698057295012438,8.439099267408878,True,0,mapped,True,0.0
T097,L,3675,T013,81,0.7362907560957095,-0.6766107447122606,8.759023666206943,True,0,mapped,True,0.0
T097,L,3676,T013,82,1.095586701923851,-0.5979037028103907,8.983678620445955,True,0,mapped,True,0.0
T097,L,3677,T013,83,1.4353351066237732,-0.5361061164656971,9.19340674227192,True,0,mapped,True,0.0
T097,L,3678,T013,84,1.8015835592111,-0.4924700861267144,9.437022444869644,True,0,mapped,True,0.0
T097,L,3679,T013,85,2.2383174894756195,-0.4458163188905932,9.759526388864588,True,0,mapped,True,0.0
T097,L,3680,T013,86,2.739396426103063,-0.3528351736457162,10.179801041445426,True,0,mapped,True,0.0
T097,L,3681,T013,87,3.1942533834847557,-0.213445827372513,10.721117280502924,True,0,mapped,True,0.0
T097,L,3682,T013,88,3.436960040418985,-0.1445713026552026,11.283340212019043,True,0,mapped,True,0.0
T097,L,3683,T013,89,3.544002458174542,0.1625382968907509,11.82721172276982,True,0,mapped,True,0.0
T097,L,3684,T013,90,3.430360751890353,0.365246952765986,12.310450405440664,True,0,mapped,True,0.0
T097,L,3685,T013,91,3.16177603758452,0.6810105734648602,12.747498308942376,True,0,mapped,True,0.0
T097,L,3686,T013,92,2.6804743623028453,0.990707471938529,13.001194104512766,True,0,mapped,True,0.0
T097,L,3687,T013,95,0.5300928637796092,-1.0775010033422667,4.834231827850873,True,0,mapped,True,0.0
T097,L,3688,T013,96,0.4652487741149641,-0.929452454742602,5.482709426908632,True,0,mapped,True,0.0
T097,L,3689,T013,97,0.2323418586840542,-0.9704594059669772,5.912709091883654,True,0,mapped,True,0.0
T097,L,3690,T013,98,-0.3495987628441467,-0.9164044227663396,6.135712649202526,True,0,mapped,True,0.0
T097,L,3691,T013,99,-0.5284210368589725,-0.8215530137066356,6.839031440400215,True,0,mapped,True,0.0
T097,L,3692,T013,100,-0.3117413522162837,-0.6842759145705896,7.548045360713349,True,0,mapped,True,0.0
T097,L,3693,T013,101,0.0671630720804819,-0.4650508121289267,8.071433568550983,True,0,mapped,True,0.0
T097,L,3694,T013,102,0.4699951202919767,-0.2690370563641713,8.442709103872867,True,0,mapped,True,0.0
T097,L,3695,T013,103,0.8612162230909111,-0.1453707506078655,8.71782128321545,True,0,mapped,True,0.0
T097,L,3696,T013,104,1.2481553250910091,-0.0805880393587183,8.956342242292472,True,0,mapped,True,0.0
T097,L,3697,T013,105,1.656444775654183,-0.0542519813052174,9.220343885186669,True,0,mapped,True,0.0
T097,L,3698,T013,106,2.122204546604736,-0.0373417953364063,9.555669175335884,True,0,mapped,True,0.0
T097,L,3699,T013,107,2.6654323113697336,0.0251005756771801,10.004233742564557,True,0,mapped,True,0.0
T097,L,3700,T013,108,3.2283599355347503,0.1703675592032394,10.579342561893649,True,0,mapped,True,0.0
T097,L,3701,T013,109,3.537744140607197,0.3113883384205237,11.067652554804488,True,0,mapped,True,0.0
T097,L,3702,T013,110,3.6479816397181226,0.4479078553377053,11.706464599667388,True,0,mapped,True,0.0
T097,L,3703,T013,111,3.606274230760413,0.7186730476967025,12.291817951551232,True,0,mapped,True,0.0
T097,L,3704,T013,112,3.2891526036604586,0.9957511155994102,12.848360162907014,True,0,mapped,True,0.0
T097,L,3705,T013,113,2.540038486128819,1.3348987574670936,13.112465846242069,True,0,mapped,True,0.0
T097,L,3706,T013,116,0.530389158173482,-0.5758462388420882,5.035694428988565,True,0,mapped,True,0.0
T097,L,3707,T013,117,0.4385608093184442,-0.386673906170568,5.686173081513325,True,0,mapped,True,0.0
T097,L,3708,T013,118,0.1920052456803571,-0.4006582118634554,5.962280401822784,True,0,mapped,True,0.0
T097,L,3709,T013,119,-0.3190283843449163,-0.339427107627994,6.416336749245158,True,0,mapped,True,0.0
T097,L,3710,T013,120,-0.3587975257853859,-0.2178585436063871,7.112076855010135,True,0,mapped,True,0.0
T097,L,3711,T013,121,-0.1192815675202676,-0.0554162939267896,7.664492585377512,True,0,mapped,True,0.0
T097,L,3712,T013,122,0.2418220351934114,0.1266784016362126,8.096089949876449,True,0,mapped,True,0.0
T097,L,3713,T013,123,0.6334799695357901,0.2660868092480836,8.431186767187853,True,0,mapped,True,0.0
T097,L,3714,T013,124,1.0464211989852832,0.3420547872148402,8.710360944752379,True,0,mapped,True,0.0
T097,L,3715,T013,125,1.4934250366295745,0.3734586219140789,8.997935817379023,True,0,mapped,True,0.0
T097,L,3716,T013,126,1.9900699313310568,0.3881049775419227,9.341251126241284,True,0,mapped,True,0.0
T097,L,3717,T013,127,2.594311382966484,0.4464785718338364,9.811456786979774,True,0,mapped,True,0.0
T097,L,3718,T013,128,3.2176432332980416,0.6063368098276726,10.36761430140861,True,0,mapped,True,0.0
T097,L,3719,T013,129,3.6205601228498367,0.764760057102521,10.912039305181588,True,0,mapped,True,0.0
T097,L,3720,T013,130,3.838517643056102,0.9179401494408028,11.592947344593142,True,0,mapped,True,0.0
T097,L,3721,T013,131,3.8378532629981934,1.1057914875175878,12.317485643834512,True,0,mapped,True,0.0
T097,L,3722,T013,132,3.4931996885341734,1.485144230298107,13.032908069779817,True,0,mapped,True,0.0
T097,L,3723,T013,133,2.4897380539844844,1.7419822313054294,13.272972084641047,True,0,mapped,True,0.0
T097,L,3724,T013,136,0.5601599909817139,-0.1151594414339467,5.297310343159097,True,0,mapped,True,0.0
T097,L,3725,T013,137,0.4806800529567671,0.0115282766041932,5.842268582391201,True,0,mapped,True,0.0
T097,L,3726,T013,138,0.1267703946657363,0.0966359658474344,6.245606149596698,True,0,mapped,True,0.0
T097,L,3727,T013,139,-0.255708918275443,0.1671664567514371,6.720164501135436,True,0,mapped,True,0.0
T097,L,3728,T013,140,-0.1886122463830604,0.3493920631096094,7.24206855063554,True,0,mapped,True,0.0
T097,L,3729,T013,141,0.08161654352856,0.5168369328660445,7.725142440095656,True,0,mapped,True,0.0
T097,L,3730,T013,142,0.4456640503898997,0.6557482912448529,8.11669775566785,True,0,mapped,True,0.0
T097,L,3731,T013,143,0.8649915945545661,0.7441536346217187,8.443835813507956,True,0,mapped,True,0.0
T097,L,3732,T013,144,1.3328522761322437,0.7934433513665194,8.765684870093665,True,0,mapped,True,0.0
T097,L,3733,T013,145,1.8623968993275684,0.8281528121049896,9.130625959651692,True,0,mapped,True,0.0
T097,L,3734,T013,146,2.5255450090946967,0.9070370618628096,9.62436932236742,True,0,mapped,True,0.0
T097,L,3735,T013,147,3.3828346159935605,1.1545256917414974,10.31466178938806,True,0,mapped,True,0.0
T097,L,3736,T013,148,3.717484631187157,1.1435507557438875,10.767959094898508,True,0,mapped,True,0.0
T097,L,3737,T013,149,4.0746694819680105,1.4301425821715368,11.52720231417243,True,0,mapped,True,0.0
T097,L,3738,T013,150,4.123519543775585,1.6246256384125617,12.40351619165303,True,0,mapped,True,0.0
T097,L,3739,T013,151,3.546593200238828,1.89325008282314,13.256511122466222,True,0,mapped,True,0.0
T097,L,3740,T013,152,2.3237289538255426,2.19348923810122,13.432947946039498,True,0,mapped,True,0.0
T097,L,3741,T013,155,0.6566876271502234,0.2923021122496574,5.465533105910456,True,0,mapped,True,0.0
T097,L,3742,T013,156,0.4216433455310538,0.4218644075047871,5.971510980454109,True,0,mapped,True,0.0
T097,L,3743,T013,157,-0.0504955754629048,0.5824807180999232,6.347711390958095,True,0,mapped,True,0.0
T097,L,3744,T013,158,-0.1755993468161751,0.7131315135415135,6.850731733974642,True,0,mapped,True,0.0
T097,L,3745,T013,159,-0.0089773630151338,0.8955833724279291,7.358956972709036,True,0,mapped,True,0.0
T097,L,3746,T013,160,0.3037353626095799,1.0318679419819494,7.792280814211301,True,0,mapped,True,0.0
T097,L,3747,T013,161,0.7062276868194625,1.1303230970978724,8.160008024213607,True,0,mapped,True,0.0
T097,L,3748,T013,162,1.1755574416622154,1.1992362425625138,8.514746468114215,True,0,mapped,True,0.0
T097,L,3749,T013,163,1.7134312923650912,1.25652055356034,8.895585495443626,True,0,mapped,True,0.0
T097,L,3750,T013,164,2.3946970324472114,1.339108455751634,9.382658736176968,True,0,mapped,True,0.0
T097,L,3751,T013,165,3.236894233092336,1.4758429084793432,10.009143185261234,True,0,mapped,True,0.0
T097,L,3752,T013,166,3.820097956631689,1.6146284044193433,10.550736209178996,True,0,mapped,True,0.0
T097,L,3753,T013,167,4.216936993026429,1.8745619176405095,11.389742872313803,True,0,mapped,True,0.0
T097,L,3754,T013,168,4.320043394623748,2.144108334814279,12.3438238684747,True,0,mapped,True,0.0
T097,L,3755,T013,169,3.6292924904454473,2.4415982627887,13.521421103606114,True,0,mapped,True,0.0
T097,L,3756,T013,170,2.163996444506,2.64220480482952,13.610772294025969,True,0,mapped,True,0.0
T097,L,3757,T013,173,0.6582681682719539,0.7135727674765622,5.546527346547113,True,0,mapped,True,0.0
T097,L,3758,T013,174,0.1932211082091491,0.8079520536263374,5.954553318824866,True,0,mapped,True,0.0
T097,L,3759,T013,175,-0.0961419141896412,1.1006495977599453,6.4976557207891545,True,0,mapped,True,0.0
T097,L,3760,T013,176,-0.0258859579094279,1.2558994170770996,7.01344165385127,True,0,mapped,True,0.0
T097,L,3761,T013,177,0.2105389677510692,1.3915440718386036,7.467222365490134,True,0,mapped,True,0.0
T097,L,3762,T013,178,0.5767990294299112,1.4940363289670753,7.868158132311533,True,0,mapped,True,0.0
T097,L,3763,T013,179,1.0250091998461504,1.5812590326565898,8.25134574755635,True,0,mapped,True,0.0
T097,L,3764,T013,180,1.559726590021355,1.6681261957375533,8.649716753069045,True,0,mapped,True,0.0
T097,L,3765,T013,181,2.215535727833551,1.7742991650878577,9.104495841971326,True,0,mapped,True,0.0
T097,L,3766,T013,182,3.0667434161138027,1.9227658264517724,9.66055303096996,True,0,mapped,True,0.0
T097,L,3767,T013,183,3.913397905675382,2.1209574644495897,10.215358014678957,True,0,mapped,True,0.0
T097,L,3768,T013,184,4.309174941174716,2.4273095638309674,11.059158242221848,True,0,mapped,True,0.0
T097,L,3769,T013,185,4.472084014603361,2.7945873043706704,12.214317452596145,True,0,mapped,True,0.0
T097,L,3770,T013,186,3.8376808026663154,3.136419660965048,13.72327736486848,True,0,mapped,True,0.0
T097,L,3771,T013,187,2.0146916971155053,3.0280766715321765,13.774349309398346,True,0,mapped,True,0.0
T097,L,3772,T013,190,0.3974278001959297,1.084198769831407,5.562609792176765,True,0,mapped,True,0.0
T097,L,3773,T013,191,0.0376453299103917,1.3679905712455962,6.032354939344363,True,0,mapped,True,0.0
T097,L,3774,T013,192,0.0130867088970113,1.5815021140993522,6.644194985947634,True,0,mapped,True,0.0
T097,L,3775,T013,193,0.1697040819262529,1.7193280291675033,7.140481490870231,True,0,mapped,True,0.0
T097,L,3776,T013,194,0.4760197879972626,1.8275100599667675,7.570768456262727,True,0,mapped,True,0.0
T097,L,3777,T013,195,0.8947324574757743,1.927022019423364,7.980127725926686,True,0,mapped,True,0.0
T097,L,3778,T013,196,1.4048910353674744,2.038380586019403,8.393956723197673,True,0,mapped,True,0.0
T097,L,3779,T013,197,2.0413726299073183,2.1780714972224358,8.841885391259684,True,0,mapped,True,0.0
T097,L,3780,T013,198,2.839060751432643,2.3637815281069128,9.324955594179633,True,0,mapped,True,0.0
T097,L,3781,T013,199,3.8373566242427337,2.454560297877253,9.885769516589312,True,0,mapped,True,0.0
T097,L,3782,T013,200,4.3011278564685504,2.990933429612582,10.617462550101909,True,0,mapped,True,0.0
T097,L,3783,T013,201,4.496051344866492,3.661470338248467,11.84854630576229,True,0,mapped,True,0.0
T097,L,3784,T013,202,3.994887419363356,4.167980136229858,13.85659196975736,True,0,mapped,True,0.0
T097,L,3785,T013,203,1.6010811923546604,3.6421471796394593,13.938558653658813,True,0,mapped,True,0.0
T097,L,3786,T013,206,0.2464239176758724,1.5588648181260996,5.639167577183136,True,0,mapped,True,0.0
T097,L,3787,T013,207,0.0952734562447194,1.8109253545820088,6.23214757144641,True,0,mapped,True,0.0
T097,L,3788,T013,208,0.181662715900639,1.9838784077525864,6.793581240073241,True,0,mapped,True,0.0
T097,L,3789,T013,209,0.4147209353598964,2.114704043127279,7.2634980092819665,True,0,mapped,True,0.0
T097,L,3790,T013,210,0.7897030790065234,2.230279400107368,7.700770756030314,True,0,mapped,True,0.0
T097,L,3791,T013,211,1.2738987831769546,2.354926765269994,8.13560973063443,True,0,mapped,True,0.0
T097,L,3792,T013,212,1.8756017311816413,2.5159258330886205,8.592696357348975,True,0,mapped,True,0.0
T097,L,3793,T013,213,2.646872346686803,2.735039971624241,9.073605597657853,True,0,mapped,True,0.0
T097,L,3794,T013,214,3.678403122373924,2.9754174428917777,9.499529246194028,True,0,mapped,True,0.0
T097,L,3795,T013,215,4.2546433549152045,3.4967298215995752,10.134699631014586,True,0,mapped,True,0.0
T097,L,3796,T013,216,4.397429972561199,4.346346239978541,11.32971183125326,True,0,mapped,True,0.0
T097,L,3797,T013,217,4.005023348945172,5.449206440681293,13.52498769849584,True,0,mapped,True,0.0
T097,L,3798,T013,218,1.4466958994316443,4.365387558713188,13.879555209278134,True,0,mapped,True,0.0
T097,L,3799,T013,221,0.2062983489573483,1.963810504240687,5.863824255957616,True,0,mapped,True,0.0
T097,L,3800,T013,222,0.2195560355186908,2.181123170040976,6.434988691940827,True,0,mapped,True,0.0
T097,L,3801,T013,223,0.3905814192497145,2.3477313607732517,6.9444536015251,True,0,mapped,True,0.0
T097,L,3802,T013,224,0.7070265515094252,2.4862630985386507,7.413297397824923,True,0,mapped,True,0.0
T097,L,3803,T013,225,1.1439841554249788,2.6287529477973988,7.869360256311058,True,0,mapped,True,0.0
T097,L,3804,T013,226,1.7126016507391495,2.799217542410973,8.341658487629052,True,0,mapped,True,0.0
T097,L,3805,T013,227,2.4335515391490263,3.0278370496869136,8.841691273584221,True,0,mapped,True,0.0
T097,L,3806,T013,228,3.3708962558672675,3.345821019512042,9.30851925802068,True,0,mapped,True,0.0
T097,L,3807,T013,229,4.000063433839382,3.892081600394097,9.83428210282403,True,0,mapped,True,0.0
T097,L,3808,T013,230,4.200546397810835,4.776706017546714,10.825463266551772,True,0,mapped,True,0.0
T097,L,3809,T013,231,3.65187475991383,6.337213009012542,12.37172944524472,True,0,mapped,True,0.0
T097,L,3810,T013,232,1.2833524838082078,4.900919666955208,13.544511653207282,True,0,mapped,True,0.0
T097,L,3811,T013,235,0.2635188224795877,2.3342404075317105,6.102240324981146,True,0,mapped,True,0.0
T097,L,3812,T013,236,0.3851702517491967,2.536540581906623,6.619260427738139,True,0,mapped,True,0.0
T097,L,3813,T013,237,0.6449360907544937,2.696891854957632,7.119683474241954,True,0,mapped,True,0.0
T097,L,3814,T013,238,1.0335120453861917,2.8549775979363754,7.598577133230274,True,0,mapped,True,0.0
T097,L,3815,T013,239,1.53995006588125,3.037192202376522,8.081942551939736,True,0,mapped,True,0.0
T097,L,3816,T013,240,2.195514124521975,3.2622114026179947,8.59500008004206,True,0,mapped,True,0.0
T097,L,3817,T013,241,2.983623249080708,3.5852698471048123,9.126117779139197,True,0,mapped,True,0.0
T097,L,3818,T013,242,3.605906862880286,4.1183162942421205,9.690421652566704,True,0,mapped,True,0.0
T097,L,3819,T013,243,3.741110511831204,4.918173432910285,10.40765305751949,True,0,mapped,True,0.0
T097,L,3820,T013,244,2.8314892896519126,5.842917175057112,11.780167385086722,True,0,mapped,True,0.0
T097,L,3821,T013,245,1.1433429125975552,5.237290931134383,13.07549753730702,True,0,mapped,True,0.0
T097,L,3822,T013,248,0.3868518718662335,2.7097634677046143,6.288411872203342,True,0,mapped,True,0.0
T097,L,3823,T013,249,0.5923850999627996,2.8771518783521515,6.819190675154782,True,0,mapped,True,0.0
T097,L,3824,T013,250,0.9283737303326022,3.040267016711576,7.325268859244887,True,0,mapped,True,0.0
T097,L,3825,T013,251,1.376134609866971,3.228035995660788,7.820531889360236,True,0,mapped,True,0.0
T097,L,3826,T013,252,1.9483747099610185,3.4523677158989106,8.33675589756018,True,0,mapped,True,0.0
T097,L,3827,T013,253,2.594183056572895,3.745152056757804,8.888513834574269,True,0,mapped,True,0.0
T097,L,3828,T013,254,3.124844874826815,4.173251802802534,9.496479729746907,True,0,mapped,True,0.0
T097,L,3829,T013,255,3.185689388074981,4.737114034599088,10.17075027203802,True,0,mapped,True,0.0
T097,L,3830,T013,256,2.3958989630982503,5.402635406334072,11.29901091491042,True,0,mapped,True,0.0
T097,L,3831,T013,257,1.02927846516102,5.391056373759897,12.551878649891377,True,0,mapped,True,0.0
T097,L,3832,T013,260,0.5494915687039663,3.046426477971306,6.506009283615034,True,0,mapped,True,0.0
T097,L,3833,T013,261,0.8308687228640095,3.1980467252685973,7.0510325715815725,True,0,mapped,True,0.0
T097,L,3834,T013,262,1.220085621505986,3.3861197018716966,7.559749283508673,True,0,mapped,True,0.0
T097,L,3835,T013,263,1.705554649885223,3.604600125627394,8.074422364253909,True,0,mapped,True,0.0
T097,L,3836,T013,264,2.2461416166369377,3.8716487145070095,8.623493071956037,True,0,mapped,True,0.0
T097,L,3837,T013,265,2.684948368878892,4.2246646471209,9.231851939999157,True,0,mapped,True,0.0
T097,L,3838,T013,266,2.748866481543603,4.667377611540472,9.916463089713371,True,0,mapped,True,0.0
T097,L,3839,T013,267,2.1553039513768493,5.210544390533341,10.863251167627618,True,0,mapped,True,0.0
T097,L,3840,T013,268,0.9794033300452742,5.458636843265011,11.95574079569758,True,0,mapped,True,0.0
T097,L,3841,T013,271,0.7389603108692409,3.332705943359758,6.782173103131541,True,0,mapped,True,0.0
T097,L,3842,T013,272,1.066840281293674,3.5224396609214232,7.301148419006269,True,0,mapped,True,0.0
T097,L,3843,T013,273,1.473848015549002,3.7348922170135017,7.814508579913804,True,0,mapped,True,0.0
T097,L,3844,T013,274,1.9242225326220044,3.979646594692668,8.350223508563392,True,0,mapped,True,0.0
T097,L,3845,T013,275,2.29743560288939,4.278288592437549,8.945634416635217,True,0,mapped,True,0.0
T097,L,3846,T013,276,2.388000972653944,4.649156761775835,9.623279621163306,True,0,mapped,True,0.0
T097,L,3847,T013,277,1.959278068363344,5.103977589014563,10.464785568835945,True,0,mapped,True,0.0
T097,L,3848,T013,278,0.9665250585165336,5.4479011730119895,11.431145141987898,True,0,mapped,True,0.0
T097,L,3849,T013,281,0.9250480782208148,3.6474099031087417,7.046440569442098,True,0,mapped,True,0.0
T097,L,3850,T013,282,1.2589765478491823,3.855450893056557,7.559037997338724,True,0,mapped,True,0.0
T097,L,3851,T013,283,1.628831863905616,4.083071030364248,8.0801168502767,True,0,mapped,True,0.0
T097,L,3852,T013,284,1.95694684127608,4.3411881460374016,8.656173102750486,True,0,mapped,True,0.0
T097,L,3853,T013,285,2.074351742426657,4.649194887238741,9.313419284859204,True,0,mapped,True,0.0
T097,L,3854,T013,286,1.7725070592537844,5.037049350690025,10.0953178402496,True,0,mapped,True,0.0
T097,L,3855,T013,287,0.9509850333448552,5.399417052502848,10.984619405488262,True,0,mapped,True,0.0
T097,L,3856,T013,290,1.060302351307664,3.97120827142312,7.314161336764648,True,0,mapped,True,0.0
T097,L,3857,T013,291,1.3550173629214188,4.191715414559809,7.816255118412741,True,0,mapped,True,0.0
T097,L,3858,T013,292,1.6425020150124374,4.416606459099002,8.373860866584819,True,0,mapped,True,0.0
T097,L,3859,T013,293,1.7840882467914567,4.671509481825938,9.007065607240524,True,0,mapped,True,0.0
T097,L,3860,T013,294,1.5886125629523025,4.997105562968927,9.7477341777337,True,0,mapped,True,0.0
T097,L,3861,T013,295,0.9188143124167084,5.342990684428729,10.589466551091984,True,0,mapped,True,0.0
T097,L,3862,T013,298,1.0940806247760428,4.316101523027388,7.5546754179230895,True,0,mapped,True,0.0
T097,L,3863,T013,299,1.350734481324117,4.511956300749451,8.099086071998245,True,0,mapped,True,0.0
T097,L,3864,T013,300,1.513127190610706,4.719753209577679,8.715817731963625,True,0,mapped,True,0.0
T097,L,3865,T013,301,1.407603068886531,4.982599685434731,9.418641642165326,True,0,mapped,True,0.0
T097,L,3866,T013,302,0.8772196703583033,5.296722786811209,10.213489530480263,True,0,mapped,True,0.0
T097,L,3867,T013,305,1.0612609590696718,4.640346214290387,7.830086182670088,True,0,mapped,True,0.0
T097,L,3868,T013,306,1.2548445614486297,4.796720205357613,8.440820504348455,True,0,mapped,True,0.0
T097,L,3869,T013,307,1.227530029453549,4.994495653561382,9.10734473767071,True,0,mapped,True,0.0
T097,L,3870,T013,308,0.8234752005833184,5.267349520865665,9.853655269026866,True,0,mapped,True,0.0
T097,L,3871,T013,311,1.009109364742668,4.908839767933743,8.174965924637645,True,0,mapped,True,0.0
T097,L,3872,T013,312,1.0423649329670863,5.0440015959752085,8.816507803961803,True,0,mapped,True,0.0
T097,L,3873,T013,313,0.7607126714482065,5.259313601089452,9.510877687098034,True,0,mapped,True,0.0
T097,L,3874,T013,316,0.8655597128773456,5.131594094732162,8.549589656639462,True,0,mapped,True,0.0
T097,L,3875,T013,317,0.6872995646048023,5.285811105688363,9.18903977649301,True,0,mapped,True,0.0
T097,L,3876,T013,320,0.5872133258208082,5.359832818158285,8.878531948485177,True,0,mapped,True,0.0
T097,L,3877,T014,1,-6.596503257751465,-8.299354558031427,1.5130754503351345,True,0,mapped,True,0.0
T097,L,3878,T014,2,-6.451663200860475,-9.471056425068152,2.0068067166877857,True,0,mapped,True,0.0
T097,L,3879,T014,3,-6.196503162384033,-10.476155071069403,2.697942213989757,True,0,mapped,True,0.0
T097,L,3880,T014,4,-5.796503067016602,-11.33700177814942,3.4594470646965974,True,0,mapped,True,0.0
T097,L,3881,T014,5,-5.268687370694446,-12.113914194116736,4.237093206982963,True,0,mapped,True,0.0
T097,L,3882,T014,6,-5.010535463199443,-12.77035361905958,5.275316488871962,True,0,mapped,True,0.0
T097,L,3883,T014,7,-4.596503257751465,-13.284154890784482,6.3592687540062585,True,0,mapped,True,0.0
T097,L,3884,T014,8,-4.169755090463674,-13.835475914304384,7.38274714479946,True,0,mapped,True,0.0
T097,L,3885,T014,9,-3.805358885681709,-14.771427926492496,8.11019259837557,True,0,mapped,True,0.0
T097,L,3886,T014,10,-3.0888969183891355,-15.5640062607996,8.69541400067685,True,0,mapped,True,0.0
T097,L,3887,T014,11,-2.631519463207744,-16.608168931275916,9.144432604916862,True,0,mapped,True,0.0
T097,L,3888,T014,12,-2.527816009713248,-17.887664667101724,9.315001029487457,True,0,mapped,True,0.0
T097,L,3889,T014,13,-2.1583100713014867,-19.00940041395125,9.787140986369383,True,0,mapped,True,0.0
T097,L,3890,T014,14,-1.4858016118884074,-20.058255503970464,9.798287727375325,True,0,mapped,True,0.0
T097,L,3891,T014,15,-0.5735780388317946,-20.992151645092303,9.877406043431566,True,0,mapped,True,0.0
T097,L,3892,T014,16,0.017466231825598,-21.9554787071247,10.235914766665566,True,0,mapped,True,0.0
T097,L,3893,T014,17,0.7227412879605557,-22.848305654314245,10.75919577199737,True,0,mapped,True,0.0
T097,L,3894,T014,18,1.2120738173880088,-23.708788162027776,11.428991688556057,True,0,mapped,True,0.0
T097,L,3895,T014,19,1.375855897616841,-24.76375972417311,12.143337192337889,True,0,mapped,True,0.0
T097,L,3896,T014,20,1.4034969806671145,-25.788305110313598,12.95777113902126,True,0,mapped,True,0.0
T097,L,3897,T014,21,1.6034970283508303,-26.656152793651287,13.888856316116524,True,0,mapped,True,0.0
T097,L,3898,T014,22,1.8034969568252563,-27.42169380109668,14.862069784123662,True,0,mapped,True,0.0
T097,L,3899,T014,23,2.0034968852996826,-28.20323588242902,15.831431141468068,True,0,mapped,True,0.0
T097,L,3900,T014,24,2.2034969329833984,-29.147554397583008,16.6815128326416,True,0,mapped,True,0.0
T097,L,3901,T014,25,-6.401819643179909,-7.14755392074585,1.472145337594826,True,0,mapped,True,0.0
T097,L,3901,T015,25,-5.811711037641904,-7.168164348584513,1.8739776285841487,True,2,smooth_near_vertex,False,0.7142283571431687
T097,L,3902,T014,26,-6.066274581653213,-8.366104626471245,1.633273999288222,True,0,mapped,True,0.0
T097,L,3903,T014,27,-5.853577480214865,-9.583966655681657,2.091490021766198,True,0,mapped,True,0.0
T097,L,3904,T014,28,-5.467071746919785,-10.665581611291596,2.7997580039324896,True,0,mapped,True,0.0
T097,L,3905,T014,29,-4.999275601845033,-11.516937511472252,3.5711142119009645,True,0,mapped,True,0.0
T097,L,3906,T014,30,-4.726761444467904,-12.294225723579306,4.379722477822961,True,0,mapped,True,0.0
T097,L,3907,T014,31,-4.494618939277187,-12.916150320521831,5.418224579791198,True,0,mapped,True,0.0
T097,L,3908,T014,32,-4.118520982159737,-13.467197836635709,6.534563545500273,True,0,mapped,True,0.0
T097,L,3909,T014,33,-3.6805175385398448,-14.135300243648508,7.579459477911637,True,0,mapped,True,0.0
T097,L,3910,T014,34,-3.214914782458241,-14.895714703256624,8.28429361372078,True,0,mapped,True,0.0
T097,L,3911,T014,35,-2.6969372261834,-15.73515312931844,8.86783213513789,True,0,mapped,True,0.0
T097,L,3912,T014,36,-2.3616468901464,-16.849050791521627,9.24971509653209,True,0,mapped,True,0.0
T097,L,3913,T014,37,-2.161644129211523,-18.085292509821382,9.48827549480336,True,0,mapped,True,0.0
T097,L,3914,T014,38,-1.7387644440838708,-19.185599590651567,9.922104331627374,True,0,mapped,True,0.0
T097,L,3915,T014,39,-0.9748724670244044,-20.248249187794883,9.83805472444155,True,0,mapped,True,0.0
T097,L,3916,T014,40,-0.2510875025049697,-21.132786189663904,10.024277484106392,True,0,mapped,True,0.0
T097,L,3917,T014,41,0.5005052233547715,-22.00511082452404,10.436827376780188,True,0,mapped,True,0.0
T097,L,3918,T014,42,0.9718260552573612,-23.036669409695943,11.008544017249127,True,0,mapped,True,0.0
T097,L,3919,T014,43,1.372131877996046,-23.970567030058533,11.665345407446866,True,0,mapped,True,0.0
T097,L,3920,T014,44,1.509101076115502,-24.9975704952356,12.374343101812393,True,0,mapped,True,0.0
T097,L,3921,T014,45,1.4954826882538017,-26.022546591343986,13.21883670674457,True,0,mapped,True,0.0
T097,L,3922,T014,46,1.832412085396947,-26.80270459679582,14.105367587312896,True,0,mapped,True,0.0
T097,L,3923,T014,47,1.9573362836571149,-27.608968881281665,15.11022743951126,True,0,mapped,True,0.0
T097,L,3924,T014,48,2.181362938325841,-28.46839093145524,16.05194730539916,True,0,mapped,True,0.0
T097,L,3925,T014,49,-5.916136167971533,-7.14755392074585,1.6690728690570156,True,0,mapped,True,0.0
T097,L,3925,T015,49,-5.237713274738158,-7.187644017687174,2.1603783017419858,True,2,smooth_near_vertex,False,0.8385975590959436
T097,L,3926,T014,50,-5.481963474226794,-8.452176156417321,1.809794013360985,True,0,mapped,True,0.0
T097,L,3927,T014,51,-5.28219044357483,-9.77260515593193,2.246884650316745,True,0,mapped,True,0.0
T097,L,3928,T014,52,-4.753989104369041,-10.800883973690848,2.934023264957739,True,0,mapped,True,0.0
T097,L,3929,T014,53,-4.320140768394961,-11.644679283322876,3.711574998869089,True,0,mapped,True,0.0
T097,L,3930,T014,54,-4.18154387127583,-12.456731583298216,4.6986208292313245,True,0,mapped,True,0.0
T097,L,3931,T014,55,-3.8428641221817337,-13.104968629457083,5.733706398596782,True,0,mapped,True,0.0
T097,L,3932,T014,56,-3.496440848339645,-13.571421402911902,6.769282153876414,True,0,mapped,True,0.0
T097,L,3933,T014,57,-3.240660975853458,-14.314168355989471,7.778221160345989,True,0,mapped,True,0.0
T097,L,3934,T014,58,-2.8230600161078865,-15.001319384504852,8.458078950942774,True,0,mapped,True,0.0
T097,L,3935,T014,59,-2.296323148126969,-15.959759249294825,9.093773684331891,True,0,mapped,True,0.0
T097,L,3936,T014,60,-2.074535276751714,-17.18127297449069,9.35651846992506,True,0,mapped,True,0.0
T097,L,3937,T014,61,-1.8196879478096628,-18.34454051166907,9.68382398658214,True,0,mapped,True,0.0
T097,L,3938,T014,62,-1.285171713995867,-19.380244433142728,9.874438287079338,True,0,mapped,True,0.0
T097,L,3939,T014,63,-0.5068926143581739,-20.448112257310928,9.922753334352471,True,0,mapped,True,0.0
T097,L,3940,T014,64,0.2179937496294073,-21.224955558640996,10.226729828512124,True,0,mapped,True,0.0
T097,L,3941,T014,65,0.8385466286852064,-22.18664132715958,10.670491390926562,True,0,mapped,True,0.0
T097,L,3942,T014,66,1.2760149017819136,-23.18254672338561,11.261329890237883,True,0,mapped,True,0.0
T097,L,3943,T014,67,1.5632968730475003,-24.26294081568344,11.934070205375129,True,0,mapped,True,0.0
T097,L,3944,T014,68,1.7061618841992876,-25.26319129729808,12.645383194112238,True,0,mapped,True,0.0
T097,L,3945,T014,69,1.831159210485873,-26.189152597455397,13.483865036997738,True,0,mapped,True,0.0
T097,L,3946,T014,70,2.005523528985566,-27.06665296577828,14.486777954100004,True,0,mapped,True,0.0
T097,L,3947,T014,71,2.2034969329833984,-27.828095207696293,15.387748620012974,True,0,mapped,True,0.0
T097,L,3948,T014,72,-5.448707285492032,-7.163655936925785,1.905081415601847,True,0,mapped,True,0.0
T097,L,3948,T015,72,-4.896711702157308,-7.216179310436103,2.329766205539123,True,3,smooth_internal,False,0.6984375416528059
T097,L,3949,T014,73,-5.0013036843796215,-8.558912322139404,1.9964077089142016,True,0,mapped,True,0.0
T097,L,3950,T014,74,-4.657494560543205,-9.795723744148194,2.423166788625917,True,0,mapped,True,0.0
T097,L,3951,T014,75,-4.117995253812323,-10.935080898971778,3.105002466464561,True,0,mapped,True,0.0
T097,L,3952,T014,76,-3.776832248516023,-11.766602983227642,3.945314207989537,True,0,mapped,True,0.0
T097,L,3953,T014,77,-3.6315059490694535,-12.570373564552575,4.991051075474765,True,0,mapped,True,0.0
T097,L,3954,T014,78,-3.3420904273315366,-13.121577845022152,5.97076067315386,True,0,mapped,True,0.0
T097,L,3955,T014,79,-3.166197625599921,-13.71690864540772,7.082964854956974,True,0,mapped,True,0.0
T097,L,3956,T014,80,-2.7082881411509847,-14.404106047654835,8.011124303136869,True,0,mapped,True,0.0
T097,L,3957,T014,81,-2.375501755973766,-15.199262228393932,8.725767528119494,True,0,mapped,True,0.0
T097,L,3958,T014,82,-1.99935528335732,-16.190363482495084,9.246759413695049,True,0,mapped,True,0.0
T097,L,3959,T014,83,-1.701254094553561,-17.331571206889066,9.505933105943551,True,0,mapped,True,0.0
T097,L,3960,T014,84,-1.3520882521300324,-18.537260760631547,9.818615077961711,True,0,mapped,True,0.0
T097,L,3961,T014,85,-0.9730581679327543,-19.49669700553244,9.883567257805572,True,0,mapped,True,0.0
T097,L,3962,T014,86,-0.0854224496191006,-20.457069406206987,10.061205298098262,True,0,mapped,True,0.0
T097,L,3963,T014,87,0.543623427643915,-21.405143649217607,10.37121029466356,True,0,mapped,True,0.0
T097,L,3964,T014,88,1.0633081066551635,-22.47737353948456,10.858921894775406,True,0,mapped,True,0.0
T097,L,3965,T014,89,1.490652737771108,-23.43903898415405,11.463348789489103,True,0,mapped,True,0.0
T097,L,3966,T014,90,1.7218505969082825,-24.47378218111313,12.13144302855344,True,0,mapped,True,0.0
T097,L,3967,T014,91,1.8206638797449464,-25.50868277673901,12.886686830052238,True,0,mapped,True,0.0
T097,L,3968,T014,92,2.01339150037879,-26.39094952507268,13.76393947931647,True,0,mapped,True,0.0
T097,L,3969,T014,93,2.2034969329833984,-27.21295051689907,14.694683333148584,True,0,mapped,True,0.0
T097,L,3970,T014,94,-5.020540604415663,-7.14755392074585,2.204392349054092,True,0,mapped,True,0.0
T097,L,3970,T015,94,-4.655244685587194,-7.271881618961901,2.45862679289825,True,3,smooth_internal,False,0.46209699987468555
T097,L,3971,T014,95,-4.539458589906025,-8.566507175968699,2.1875673584839768,True,0,mapped,True,0.0
T097,L,3972,T014,96,-4.055806261668631,-9.843448134498855,2.6218358942369786,True,0,mapped,True,0.0
T097,L,3973,T014,97,-3.592382686974166,-10.943847880930267,3.318579572575391,True,0,mapped,True,0.0
T097,L,3974,T014,98,-3.321578872728322,-11.807237003870544,4.1940046569413605,True,0,mapped,True,0.0
T097,L,3975,T014,99,-3.156947149863928,-12.673676622169577,5.356548936408059,True,0,mapped,True,0.0
T097,L,3976,T014,100,-2.911286989661753,-13.216712598885325,6.359249577095674,True,0,mapped,True,0.0
T097,L,3977,T014,101,-2.675323405330495,-13.815980080465094,7.380853737695906,True,0,mapped,True,0.0
T097,L,3978,T014,102,-2.316764245645626,-14.574765376755622,8.31343956288628,True,0,mapped,True,0.0
T097,L,3979,T014,103,-2.0014408631108176,-15.362599195779616,8.942431310064674,True,0,mapped,True,0.0
T097,L,3980,T014,104,-1.6699080877108177,-16.45380819469331,9.39910291856563,True,0,mapped,True,0.0
T097,L,3981,T014,105,-1.3333048481496386,-17.5499116463856,9.639401411037364,True,0,mapped,True,0.0
T097,L,3982,T014,106,-0.99337773994877,-18.64958803885232,9.846963553132108,True,0,mapped,True,0.0
T097,L,3983,T014,107,-0.4849053432954364,-19.69989897889844,9.931674368222904,True,0,mapped,True,0.0
T097,L,3984,T014,108,0.2299793937478669,-20.702938047509896,10.192001331392769,True,0,mapped,True,0.0
T097,L,3985,T014,109,0.8869289609753708,-21.599058897402895,10.554050432474488,True,0,mapped,True,0.0
T097,L,3986,T014,110,1.3299602352428042,-22.680418739019025,11.081592592562046,True,0,mapped,True,0.0
T097,L,3987,T014,111,1.7012027060573776,-23.707420029759746,11.712321493622085,True,0,mapped,True,0.0
T097,L,3988,T014,112,1.8465860561090743,-24.74824869432888,12.354574234433,True,0,mapped,True,0.0
T097,L,3989,T014,113,1.959319991995521,-25.70781631803501,13.121269705546196,True,0,mapped,True,0.0
T097,L,3990,T014,114,2.2034969329833984,-26.58284535300561,14.01494916480948,True,0,mapped,True,0.0
T097,L,3991,T014,115,-4.60092122645516,-7.345342525979624,2.443202233310507,True,0,mapped,True,0.0
T097,L,3991,T015,115,-4.60092122645516,-7.345342525979624,2.443202233310507,True,0,mapped,False,0.0
T097,L,3992,T014,116,-3.9874447444961314,-8.61641130720008,2.492662236257753,True,0,mapped,True,0.0
T097,L,3993,T014,117,-3.5064289483254023,-9.866136490976103,2.849290872686676,True,0,mapped,True,0.0
T097,L,3994,T014,118,-3.0691068256438614,-10.98075952047708,3.5905826813904067,True,0,mapped,True,0.0
T097,L,3995,T014,119,-2.8947312435718526,-11.888464813090586,4.548989051981166,True,0,mapped,True,0.0
T097,L,3996,T014,120,-2.7468982270735447,-12.61919228101422,5.766168288025778,True,0,mapped,True,0.0
T097,L,3997,T014,121,-2.5226011763519205,-13.293467616094858,6.777570651600529,True,0,mapped,True,0.0
T097,L,3998,T014,122,-2.1976050772634763,-13.929112496092282,7.714055815447288,True,0,mapped,True,0.0
T097,L,3999,T014,123,-2.0121604911359907,-14.680875361192868,8.503977994072539,True,0,mapped,True,0.0
T097,L,4000,T014,124,-1.6572697773477023,-15.575181808771102,9.148300948686364,True,0,mapped,True,0.0
T097,L,4001,T014,125,-1.352802537963465,-16.5979391479778,9.486359725572878,True,0,mapped,True,0.0
T097,L,4002,T014,126,-0.9661986128612592,-17.787456398735113,9.78066813384832,True,0,mapped,True,0.0
T097,L,4003,T014,127,-0.5681263700730865,-18.696142107842995,9.903023493299449,True,0,mapped,True,0.0
T097,L,4004,T014,128,-0.008445672832952,-19.73891658793586,10.060140954745622,True,0,mapped,True,0.0
T097,L,4005,T014,129,0.6660462946226464,-20.68119518105172,10.368243125685035,True,0,mapped,True,0.0
T097,L,4006,T014,130,1.1450267194945705,-21.848031075586448,10.775170657251078,True,0,mapped,True,0.0
T097,L,4007,T014,131,1.5567863593490652,-22.87293117769063,11.313102068007776,True,0,mapped,True,0.0
T097,L,4008,T014,132,1.8304151316006096,-23.958145441766533,11.942773680454266,True,0,mapped,True,0.0
T097,L,4009,T014,133,2.022646680525665,-24.964540299780744,12.610523477806725,True,0,mapped,True,0.0
T097,L,4010,T014,134,2.203496932983398,-25.910864601753232,13.37701977557814,True,0,mapped,True,0.0
T097,L,4011,T014,135,-4.202282241022331,-7.468977934778193,2.7279474245273643,True,0,mapped,True,0.0
T097,L,4011,T015,135,-4.20228224102233,-7.468977934778193,2.7279474245273643,True,0,mapped,False,8.881784197001252e-16
T097,L,4012,T014,136,-3.637341965046674,-8.619629733025619,2.7561448341334662,True,0,mapped,True,0.0
T097,L,4013,T014,137,-3.0217808893167435,-9.91608092303091,3.151934880585983,True,0,mapped,True,0.0
T097,L,4014,T014,138,-2.6707131502906174,-11.05368051924386,3.928231034680021,True,0,mapped,True,0.0
T097,L,4015,T014,139,-2.411761438434394,-12.018831386887737,5.046008699964567,True,0,mapped,True,0.0
T097,L,4016,T014,140,-2.3640893197588437,-12.713699488144524,6.211930525844654,True,0,mapped,True,0.0
T097,L,4017,T014,141,-2.156802909887771,-13.333971894128682,7.106936201609171,True,0,mapped,True,0.0
T097,L,4018,T014,142,-1.892657895342264,-14.065491618005098,8.055514469933563,True,0,mapped,True,0.0
T097,L,4019,T014,143,-1.6819136225598212,-14.847746591015056,8.78039725394542,True,0,mapped,True,0.0
T097,L,4020,T014,144,-1.2706879739572312,-15.745380935139956,9.327010157032426,True,0,mapped,True,0.0
T097,L,4021,T014,145,-0.938064914942523,-16.81695675379339,9.630624384988996,True,0,mapped,True,0.0
T097,L,4022,T014,146,-0.5891292125574242,-17.86207117153761,9.84548611938204,True,0,mapped,True,0.0
T097,L,4023,T014,147,-0.22216267339311,-18.95113774872845,9.993957600505388,True,0,mapped,True,0.0
T097,L,4024,T014,148,0.3234131879546684,-20.001015448000587,10.19476750492058,True,0,mapped,True,0.0
T097,L,4025,T014,149,0.9623799102599752,-20.982550132325688,10.557873651378992,True,0,mapped,True,0.0
T097,L,4026,T014,150,1.392376701833536,-22.091037602247155,10.970272526574773,True,0,mapped,True,0.0
T097,L,4027,T014,151,1.7944962161536673,-23.142888093323503,11.526678541424245,True,0,mapped,True,0.0
T097,L,4028,T014,152,2.033523636028421,-24.175005796181868,12.16607341137066,True,0,mapped,True,0.0
T097,L,4029,T014,153,2.19282626802418,-25.185577296058263,12.824496606682324,True,0,mapped,True,0.0
T097,L,4030,T014,154,-3.843691998163376,-7.541386945345348,3.102183456286007,True,0,mapped,True,0.0
T097,L,4030,T015,154,-3.8436919981633766,-7.541386945345349,3.102183456286007,True,0,mapped,False,9.930136612989092e-16
T097,L,4031,T014,155,-3.163856404144848,-8.69670401895711,3.1608997942314305,True,0,mapped,True,0.0
T097,L,4032,T014,156,-2.573235640964515,-9.938011443855018,3.517442573395954,True,0,mapped,True,0.0
T097,L,4033,T014,157,-2.189425552005722,-11.002988776241349,4.326572145012124,True,0,mapped,True,0.0
T097,L,4034,T014,158,-2.010703778831284,-12.034715433712542,5.523528016240937,True,0,mapped,True,0.0
T097,L,4035,T014,159,-1.9699925076881477,-12.743030688409805,6.525896286221995,True,0,mapped,True,0.0
T097,L,4036,T014,160,-1.785177714967553,-13.476664602346528,7.542048443112649,True,0,mapped,True,0.0
T097,L,4037,T014,161,-1.5766366387090405,-14.168576695853863,8.33674146479011,True,0,mapped,True,0.0
T097,L,4038,T014,162,-1.373068583530328,-15.011432537246757,9.01126319189528,True,0,mapped,True,0.0
T097,L,4039,T014,163,-0.9568062768212596,-15.934710645387494,9.48277439792614,True,0,mapped,True,0.0
T097,L,4040,T014,164,-0.6131428791368596,-17.032004726201688,9.757805695029344,True,0,mapped,True,0.0
T097,L,4041,T014,165,-0.2594148756919207,-18.02711017036638,9.92342490650304,True,0,mapped,True,0.0
T097,L,4042,T014,166,0.1554258310880041,-19.11760001787927,10.110457904403548,True,0,mapped,True,0.0
T097,L,4043,T014,167,0.7234373129468205,-20.19079707862164,10.377434824698469,True,0,mapped,True,0.0
T097,L,4044,T014,168,1.227471286535021,-21.23790455037874,10.731322649243658,True,0,mapped,True,0.0
T097,L,4045,T014,169,1.6600695579884652,-22.34464393299041,11.185303462854616,True,0,mapped,True,0.0
T097,L,4046,T014,170,2.011167084593228,-23.39896116144028,11.743396779514391,True,0,mapped,True,0.0
T097,L,4047,T014,171,2.2341761450055864,-24.40698415638616,12.40455128698931,True,0,mapped,True,0.0
T097,L,4048,T014,172,-3.5470214253640373,-7.547554016113281,3.5335256194150224,True,0,mapped,True,0.0
T097,L,4048,T015,172,-3.5470214253640373,-7.547554016113281,3.5335256194150224,True,0,mapped,False,0.0
T097,L,4049,T014,173,-2.7505386116873,-8.697003261593423,3.6316400582062913,True,0,mapped,True,0.0
T097,L,4050,T014,174,-2.0415571340225567,-9.98015693030775,4.12959072751763,True,0,mapped,True,0.0
T097,L,4051,T014,175,-1.8750564919361972,-11.138261457784177,4.780551233560076,True,0,mapped,True,0.0
T097,L,4052,T014,176,-1.7429638683462727,-12.064835435984651,5.9934627635393145,True,0,mapped,True,0.0
T097,L,4053,T014,177,-1.6625397955139958,-12.834543178713968,6.930845269134031,True,0,mapped,True,0.0
T097,L,4054,T014,178,-1.4082194706802893,-13.55133885769154,7.881064698496219,True,0,mapped,True,0.0
T097,L,4055,T014,179,-1.3364546398285393,-14.241358572362326,8.54447605143423,True,0,mapped,True,0.0
T097,L,4056,T014,180,-1.0950315024372272,-15.13144829598199,9.192969737977362,True,0,mapped,True,0.0
T097,L,4057,T014,181,-0.6164018411504527,-16.10591985861723,9.636538388786914,True,0,mapped,True,0.0
T097,L,4058,T014,182,-0.2794552284805812,-17.11698477103431,9.838780506575649,True,0,mapped,True,0.0
T097,L,4059,T014,183,0.0548934350777772,-18.23723139340474,10.012358323674848,True,0,mapped,True,0.0
T097,L,4060,T014,184,0.5070617455051185,-19.284659464431137,10.228799449907664,True,0,mapped,True,0.0
T097,L,4061,T014,185,1.1070567057373686,-20.41968337450077,10.585092288779787,True,0,mapped,True,0.0
T097,L,4062,T014,186,1.572128827318635,-21.37815467073928,10.930428082778668,True,0,mapped,True,0.0
T097,L,4063,T014,187,1.835330756675772,-22.565019856793064,11.380983114116724,True,0,mapped,True,0.0
T097,L,4064,T014,188,2.238949474579935,-23.59881134043862,12.004002234940303,True,0,mapped,True,0.0
T097,L,4065,T014,189,-3.3039357089416885,-7.574073599833202,3.990991073598072,True,0,mapped,True,0.0
T097,L,4065,T015,189,-3.303935708941688,-7.574073599833202,3.990991073598072,True,0,mapped,False,4.440892098500626e-16
T097,L,4066,T014,190,-2.444482819149028,-8.816270333497204,4.016497258065398,True,0,mapped,True,0.0
T097,L,4067,T014,191,-1.7928652339014728,-10.02586467504062,4.437231871548361,True,0,mapped,True,0.0
T097,L,4068,T014,192,-1.5552490678272632,-11.138140513282764,5.236109297506388,True,0,mapped,True,0.0
T097,L,4069,T014,193,-1.546194285219942,-12.10725179958935,6.2909773337379615,True,0,mapped,True,0.0
T097,L,4070,T014,194,-1.2568555531427663,-12.822715387124164,7.342343853991493,True,0,mapped,True,0.0
T097,L,4071,T014,195,-1.1209698077361956,-13.51830029110846,8.093846055364889,True,0,mapped,True,0.0
T097,L,4072,T014,196,-1.0355796979342895,-14.331265583719038,8.796431447624446,True,0,mapped,True,0.0
T097,L,4073,T014,197,-0.6997289703098305,-15.280853076344377,9.406828637965376,True,0,mapped,True,0.0
T097,L,4074,T014,198,-0.2966436541854247,-16.392152526327997,9.779027453670952,True,0,mapped,True,0.0
T097,L,4075,T014,199,-0.0106115433473773,-17.370895914528965,9.942360829628845,True,0,mapped,True,0.0
T097,L,4076,T014,200,0.4471683276146659,-18.342585221213284,10.151006867525297,True,0,mapped,True,0.0
T097,L,4077,T014,201,0.8892065823259321,-19.4583256654189,10.399290185895628,True,0,mapped,True,0.0
T097,L,4078,T014,202,1.4343151750060563,-20.51555983188961,10.759776285522976,True,0,mapped,True,0.0
T097,L,4079,T014,203,1.7879176812526536,-21.703018580116023,11.14724215359266,True,0,mapped,True,0.0
T097,L,4080,T014,204,1.9983649275887971,-22.84400397578171,11.568827378437446,True,0,mapped,True,0.0
T097,L,4081,T014,205,-2.9965031147003174,-7.762344360088351,4.353310984490394,True,0,mapped,True,0.0
T097,L,4081,T015,205,-2.9965031147003174,-7.76234436008835,4.353310984490394,True,0,mapped,False,8.881784197001252e-16
T097,L,4082,T014,206,-2.13065424761351,-8.851933903741298,4.456390013336733,True,0,mapped,True,0.0
T097,L,4083,T014,207,-1.540404336467216,-10.102735317044706,4.874412033591143,True,0,mapped,True,0.0
T097,L,4084,T014,208,-1.2359002457271513,-11.165092241233122,5.770445196653706,True,0,mapped,True,0.0
T097,L,4085,T014,209,-1.119402713684594,-12.03166534401219,6.739249288778847,True,0,mapped,True,0.0
T097,L,4086,T014,210,-1.0074780725615935,-12.86463628348565,7.640082297727744,True,0,mapped,True,0.0
T097,L,4087,T014,211,-0.8463696588141014,-13.552850179384183,8.368963154293496,True,0,mapped,True,0.0
T097,L,4088,T014,212,-0.6635629983815227,-14.461001322246386,9.078780497958093,True,0,mapped,True,0.0
T097,L,4089,T014,213,-0.2592373176081438,-15.462820603383124,9.64171076053248,True,0,mapped,True,0.0
T097,L,4090,T014,214,0.0543494173057991,-16.51369345069428,9.892189680294411,True,0,mapped,True,0.0
T097,L,4091,T014,215,0.392584737991673,-17.47420762717051,10.06164108878855,True,0,mapped,True,0.0
T097,L,4092,T014,216,0.8433922654103692,-18.535051988971517,10.305938256772585,True,0,mapped,True,0.0
T097,L,4093,T014,217,1.2155375568802376,-19.79104567271026,10.600467662811548,True,0,mapped,True,0.0
T097,L,4094,T014,218,1.7170949348433342,-20.80169787156376,10.94519746253113,True,0,mapped,True,0.0
T097,L,4095,T014,219,2.0034968852996826,-21.949772469760592,11.34452744478652,True,0,mapped,True,0.0
T097,L,4096,T014,220,-2.842151624717247,-7.7770715546636335,4.843840015772559,True,0,mapped,True,0.0
T097,L,4096,T015,220,-2.8421516247172467,-7.7770715546636335,4.843840015772558,True,0,mapped,False,1.831026719408895e-15
T097,L,4097,T014,221,-1.863049236492528,-8.948086562954426,4.9574498861986624,True,0,mapped,True,0.0
T097,L,4098,T014,222,-1.270349569636413,-10.202936114888288,5.36285412670398,True,0,mapped,True,0.0
T097,L,4099,T014,223,-1.0309362176203494,-11.2022906204071,6.187705846821719,True,0,mapped,True,0.0
T097,L,4100,T014,224,-0.9385909302708938,-12.18290529579484,7.150043802928221,True,0,mapped,True,0.0
T097,L,4101,T014,225,-0.6963328971017331,-12.904444786700996,8.004315625462013,True,0,mapped,True,0.0
T097,L,4102,T014,226,-0.5490612126113694,-13.753912093421867,8.744262762381847,True,0,mapped,True,0.0
T097,L,4103,T014,227,-0.2784418107672993,-14.556184258484384,9.326276835499977,True,0,mapped,True,0.0
T097,L,4104,T014,228,-0.0112367703142041,-15.731529357875717,9.802541186701994,True,0,mapped,True,0.0
T097,L,4105,T014,229,0.3900038506805561,-16.66884795863009,10.04089266496657,True,0,mapped,True,0.0
T097,L,4106,T014,230,0.6417883238310986,-17.813783039164246,10.18718581282774,True,0,mapped,True,0.0
T097,L,4107,T014,231,1.071475549750842,-18.844469122709405,10.42206611947366,True,0,mapped,True,0.0
T097,L,4108,T014,232,1.5677545090031608,-20.012219287926516,10.779949559836949,True,0,mapped,True,0.0
T097,L,4109,T014,233,2.0034968852996826,-21.042113868289828,11.161638189227537,True,0,mapped,True,0.0
T097,L,4110,T014,234,-2.533106404854673,-7.986764945666625,5.187752024251247,True,0,mapped,True,0.0
T097,L,4110,T015,234,-2.533106404854673,-7.986764945666625,5.187752024251247,True,0,mapped,False,0.0
T097,L,4111,T014,235,-1.5895758615809532,-9.068860547033372,5.451029556976761,True,0,mapped,True,0.0
T097,L,4112,T014,236,-1.0165199122284825,-10.31208836597465,5.866214064294447,True,0,mapped,True,0.0
T097,L,4113,T014,237,-0.8076550634227613,-11.357194065235712,6.675103089179553,True,0,mapped,True,0.0
T097,L,4114,T014,238,-0.6862557137976648,-12.264967728879425,7.555564772733132,True,0,mapped,True,0.0
T097,L,4115,T014,239,-0.4035051553270364,-13.064979786944408,8.41709394729663,True,0,mapped,True,0.0
T097,L,4116,T014,240,-0.2446674236935856,-13.78661243225079,9.00533239279061,True,0,mapped,True,0.0
T097,L,4117,T014,241,0.0257080492622823,-14.73966634166957,9.57009938705433,True,0,mapped,True,0.0
T097,L,4118,T014,242,0.3671635018796808,-15.81685536908432,9.937528549324396,True,0,mapped,True,0.0
T097,L,4119,T014,243,0.7026795247990563,-16.917862998512785,10.15471686866688,True,0,mapped,True,0.0
T097,L,4120,T014,244,1.0047238785194177,-17.895375591032963,10.337523224420629,True,0,mapped,True,0.0
T097,L,4121,T014,245,1.4008979726647983,-19.079616208693345,10.62851811608532,True,0,mapped,True,0.0
T097,L,4122,T014,246,2.0013754978887697,-20.14265629117653,10.99300818744431,True,0,mapped,True,0.0
T097,L,4123,T014,247,-2.2668253005722963,-8.147554397583008,5.594530465247326,True,0,mapped,True,0.0
T097,L,4123,T015,247,-2.2668253005722967,-8.147554397583008,5.594530465247326,True,0,mapped,False,4.440892098500626e-16
T097,L,4124,T014,248,-1.3479456121134648,-9.2343036589133,5.80805565390598,True,0,mapped,True,0.0
T097,L,4125,T014,249,-0.7850235469140708,-10.313347004371174,6.372096266986659,True,0,mapped,True,0.0
T097,L,4126,T014,250,-0.5653628871187678,-11.436522055165542,7.164163256727337,True,0,mapped,True,0.0
T097,L,4127,T014,251,-0.3927189609015752,-12.32462971382548,7.981727828664226,True,0,mapped,True,0.0
T097,L,4128,T014,252,-0.0236536619934037,-13.0461387574858,8.78504299660982,True,0,mapped,True,0.0
T097,L,4129,T014,253,0.0770338111394351,-13.91219755068512,9.283641345539122,True,0,mapped,True,0.0
T097,L,4130,T014,254,0.3453605703565602,-14.974849698911868,9.78242472158956,True,0,mapped,True,0.0
T097,L,4131,T014,255,0.696532489508306,-15.986518769625688,10.061864847582138,True,0,mapped,True,0.0
T097,L,4132,T014,256,1.011125276059564,-17.016395755505492,10.2582347474317,True,0,mapped,True,0.0
T097,L,4133,T014,257,1.287073897025827,-18.140433461836224,10.472474485428382,True,0,mapped,True,0.0
T097,L,4134,T014,258,1.8034969568252548,-19.28383310541899,10.84407514832142,True,0,mapped,True,0.0
T097,L,4135,T014,259,-2.0579411437166053,-8.200867164279583,6.05700825911285,True,0,mapped,True,0.0
T097,L,4135,T015,259,-2.0579411437166053,-8.200867164279583,6.05700825911285,True,0,mapped,False,0.0
T097,L,4136,T014,260,-1.031874511047393,-9.382317404764606,6.284421074162785,True,0,mapped,True,0.0
T097,L,4137,T014,261,-0.6008603618380894,-10.367466996012668,6.802683075531581,True,0,mapped,True,0.0
T097,L,4138,T014,262,-0.3595783224068254,-11.51053507701561,7.575495857163262,True,0,mapped,True,0.0
T097,L,4139,T014,263,-0.1847758761397776,-12.417624328257974,8.275298359123475,True,0,mapped,True,0.0
T097,L,4140,T014,264,0.2068725358253198,-13.080447812785811,9.01463562266073,True,0,mapped,True,0.0
T097,L,4141,T014,265,0.3619683655073246,-14.072855651909707,9.531260296138433,True,0,mapped,True,0.0
T097,L,4142,T014,266,0.688179156510999,-15.18121327643714,9.953027746343787,True,0,mapped,True,0.0
T097,L,4143,T014,267,0.9868761056769088,-16.227998395456595,10.18163950650738,True,0,mapped,True,0.0
T097,L,4144,T014,268,1.2429085385774474,-17.364770178505886,10.388949612092318,True,0,mapped,True,0.0
T097,L,4145,T014,269,1.6034970283508292,-18.43754554041071,10.64521930027905,True,0,mapped,True,0.0
T097,L,4146,T014,270,-1.7189554181588749,-8.386457681393848,6.400816843179353,True,0,mapped,True,0.0
T097,L,4146,T015,270,-1.7189554181588746,-8.386457681393848,6.400816843179353,True,0,mapped,False,2.220446049250313e-16
T097,L,4147,T014,271,-0.834477705797485,-9.511788705401903,6.655435046514556,True,0,mapped,True,0.0
T097,L,4148,T014,272,-0.3920888142854687,-10.44520409481894,7.263118042929762,True,0,mapped,True,0.0
T097,L,4149,T014,273,-0.1802745280113724,-11.571850393081252,7.898168415903587,True,0,mapped,True,0.0
T097,L,4150,T014,274,0.1281956153553774,-12.480475881411872,8.659271510135286,True,0,mapped,True,0.0
T097,L,4151,T014,275,0.4174260849607844,-13.260326865828665,9.254623451548756,True,0,mapped,True,0.0
T097,L,4152,T014,276,0.648310871233409,-14.250671714928188,9.735145888364308,True,0,mapped,True,0.0
T097,L,4153,T014,277,0.998211887250852,-15.24898695360193,10.062873095985534,True,0,mapped,True,0.0
T097,L,4154,T014,278,1.280122873553983,-16.346067324681112,10.274943421554134,True,0,mapped,True,0.0
T097,L,4155,T014,279,1.60349702835083,-17.514771113974394,10.562066157486743,True,0,mapped,True,0.0
T097,L,4156,T014,280,-1.4100017714440316,-8.547554016113281,6.78365764730083,True,0,mapped,True,0.0
T097,L,4156,T015,280,-1.4100017714440318,-8.547554016113281,6.78365764730083,True,0,mapped,False,2.220446049250313e-16
T097,L,4157,T014,281,-0.6723702552950552,-9.549693580067936,7.00117784849645,True,0,mapped,True,0.0
T097,L,4158,T014,282,-0.1660618492859317,-10.550527972974164,7.674093627567759,True,0,mapped,True,0.0
T097,L,4159,T014,283,0.1115559444792698,-11.616112969131525,8.32872981421508,True,0,mapped,True,0.0
T097,L,4160,T014,284,0.4032832535042759,-12.494758407168131,8.944535391815263,True,0,mapped,True,0.0
T097,L,4161,T014,285,0.6966427956953765,-13.330330018703584,9.47965786992584,True,0,mapped,True,0.0
T097,L,4162,T014,286,0.9905289967393298,-14.424570074017634,9.918183634881505,True,0,mapped,True,0.0
T097,L,4163,T014,287,1.2560974263698848,-15.533224187273516,10.188432171654409,True,0,mapped,True,0.0
T097,L,4164,T014,288,1.603497028350829,-16.596036522982693,10.441247870510216,True,0,mapped,True,0.0
T097,L,4165,T014,289,-1.1284402222059748,-8.700754111897766,7.131110191345215,True,0,mapped,True,0.0
T097,L,4165,T015,289,-1.1284402222059748,-8.700754111897764,7.131110191345214,True,0,mapped,False,1.9860273225978185e-15
T097,L,4166,T014,290,-0.4217216593607225,-9.65844562625235,7.44560611482432,True,0,mapped,True,0.0
T097,L,4167,T014,291,0.0766575351437527,-10.64277794733628,8.089808642064163,True,0,mapped,True,0.0
T097,L,4168,T014,292,0.3349765044718104,-11.699761255558585,8.624842805386114,True,0,mapped,True,0.0
T097,L,4169,T014,293,0.7482427581995033,-12.556641192196142,9.269819748340424,True,0,mapped,True,0.0
T097,L,4170,T014,294,0.995959773175752,-13.535766018857435,9.715770823162549,True,0,mapped,True,0.0
T097,L,4171,T014,295,1.3334097239095837,-14.567398053746109,10.061500471911897,True,0,mapped,True,0.0
T097,L,4172,T014,296,1.6034970283508292,-15.676541072354844,10.323085580011696,True,0,mapped,True,0.0
T097,L,4173,T014,297,-0.8876404457365119,-8.761954371856174,7.531110286712646,True,0,mapped,True,0.0
T097,L,4173,T015,297,-0.887640445736512,-8.761954371856175,7.5311102867126465,True,0,mapped,False,1.9891280697202825e-15
T097,L,4174,T014,298,-0.1886423744931451,-9.735191784216976,7.853979995862847,True,0,mapped,True,0.0
T097,L,4175,T014,299,0.2929549866645981,-10.840622656973434,8.351944396741663,True,0,mapped,True,0.0
T097,L,4176,T014,300,0.6834488883173173,-11.752697626260762,8.99729449185245,True,0,mapped,True,0.0
T097,L,4177,T014,301,1.010261552956928,-12.674102586911854,9.506898212810883,True,0,mapped,True,0.0
T097,L,4178,T014,302,1.278345328273608,-13.668807683256942,9.885928367524327,True,0,mapped,True,0.0
T097,L,4179,T014,303,1.60349702835083,-14.759099692911796,10.18932579937234,True,0,mapped,True,0.0
T097,L,4180,T014,304,-0.594597722665308,-8.947554588317871,7.8416750025652,True,0,mapped,True,0.0
T097,L,4180,T015,304,-0.594597722665308,-8.947554588317871,7.841675002565201,True,0,mapped,False,8.881784197001252e-16
T097,L,4181,T014,305,0.03095558949217,-9.852709866456152,8.122905385469107,True,0,mapped,True,0.0
T097,L,4182,T014,306,0.5484736410668645,-10.925060298526772,8.666291868847614,True,0,mapped,True,0.0
T097,L,4183,T014,307,1.0059111612541625,-11.859994018672804,9.278742263629796,True,0,mapped,True,0.0
T097,L,4184,T014,308,1.2643251652778875,-12.7743985690228,9.676544067744466,True,0,mapped,True,0.0
T097,L,4185,T014,309,1.6034970283508294,-13.84494578709574,10.035867312287856,True,0,mapped,True,0.0
T097,L,4186,T014,310,-0.2964043176938709,-8.945349726689482,8.267846550562767,True,0,mapped,True,0.0
T097,L,4186,T015,310,-0.2964043176938709,-8.94534972668948,8.267846550562767,True,0,mapped,False,1.7763568394002505e-15
T097,L,4187,T014,311,0.3940228651540983,-9.982211529282846,8.516086851844534,True,0,mapped,True,0.0
T097,L,4188,T014,312,0.9837529007459748,-10.954008143478449,9.04892266233279,True,0,mapped,True,0.0
T097,L,4189,T014,313,1.270701669659038,-11.933506704234464,9.471835366905166,True,0,mapped,True,0.0
T097,L,4190,T014,314,1.6034970283508294,-12.933976710419712,9.866624067751616,True,0,mapped,True,0.0
T097,L,4191,T014,315,0.0843837373480301,-9.087597703588605,8.578840916744292,True,0,mapped,True,0.0
T097,L,4191,T015,315,0.0843837373480301,-9.087597703588605,8.578840916744292,True,0,mapped,False,0.0
T097,L,4192,T014,316,0.8104424792500552,-10.019614504261376,8.878794999932946,True,0,mapped,True,0.0
T097,L,4193,T014,317,1.238321750327481,-11.061369453616503,9.243929495622265,True,0,mapped,True,0.0
T097,L,4194,T014,318,1.60349702835083,-12.028462991334685,9.671575988957269,True,0,mapped,True,0.0
T097,L,4195,T014,319,0.487025264769245,-9.231082624360647,8.827681714086433,True,0,mapped,True,0.0
T097,L,4195,T015,319,0.4870252647692451,-9.231082624360647,8.827681714086433,True,0,mapped,False,1.1102230246251565e-16
T097,L,4196,T014,320,1.072339907448536,-10.12168681064649,9.082790497350894,True,0,mapped,True,0.0
T097,L,4197,T014,321,1.60349702835083,-11.114262982732818,9.520790089099702,True,0,mapped,True,0.0
T097,L,4198,T014,322,0.8900055218168214,-9.354318049440264,9.069453134466592,True,0,mapped,True,0.0
T097,L,4198,T015,322,0.8900055218168214,-9.354318049440264,9.069453134466592,True,0,mapped,False,0.0
T097,L,4199,T014,323,1.5148862325036712,-10.23413249633126,9.371635725930538,True,0,mapped,True,0.0
T097,L,4200,T015,26,-5.306317434779738,-7.174093473597039,2.1215747683169224,True,2,smooth_near_vertex,True,0.0
T097,L,4201,T015,27,-4.896649607731562,-7.169595368567047,2.2913246847303625,True,0,mapped,True,0.0
T097,L,4202,T015,28,-4.27891079296468,-7.205272054910024,2.859698950857398,True,0,mapped,True,0.0
T097,L,4203,T015,29,-3.79827628424433,-7.193172646047096,3.596025621397592,True,0,mapped,True,0.0
T097,L,4204,T015,30,-3.48801225755157,-7.226714347152848,4.410769694594157,True,0,mapped,True,0.0
T097,L,4205,T015,31,-3.413135017303624,-7.169284572104015,5.253988633086482,True,0,mapped,True,0.0
T097,L,4206,T015,32,-3.2407902548539367,-7.252702701376208,6.114768392075902,True,0,mapped,True,0.0
T097,L,4207,T015,33,-3.2039520969976727,-7.182714655681131,6.901241110571624,True,0,mapped,True,0.0
T097,L,4208,T015,34,-2.8150341912125354,-7.225503966535544,7.714411495194222,True,0,mapped,True,0.0
T097,L,4209,T015,35,-2.365009914472917,-7.209353553157067,8.48226014400135,True,0,mapped,True,0.0
T097,L,4210,T015,36,-1.972826279608601,-7.117849827884328,9.148380891877505,True,0,mapped,True,0.0
T097,L,4211,T015,37,-1.5211701971478806,-6.907635447574087,9.847271533783072,True,0,mapped,True,0.0
T097,L,4212,T015,38,-1.2432475605685205,-6.4727373170226565,10.485708062202251,True,0,mapped,True,0.0
T097,L,4213,T015,39,-0.8894619953528526,-6.038711551433137,11.024834598774484,True,0,mapped,True,0.0
T097,L,4214,T015,40,-0.3098963466994667,-5.535610025280553,11.413420523729144,True,0,mapped,True,0.0
T097,L,4215,T015,41,0.1181029834774461,-5.00521418969722,11.714854226439188,True,0,mapped,True,0.0
T097,L,4216,T015,42,0.5357205308421407,-4.373705727769245,11.957058666863231,True,0,mapped,True,0.0
T097,L,4217,T015,43,0.7574775045649198,-3.620573354783201,12.22089517016191,True,0,mapped,True,0.0
T097,L,4218,T015,44,0.9958463282992608,-2.91274773986844,12.38965352745248,True,0,mapped,True,0.0
T097,L,4219,T015,45,1.4229229715197604,-2.186203903368579,12.53326395943948,True,0,mapped,True,0.0
T097,L,4220,T015,46,1.8114376908133376,-1.487209946289918,12.649280744338787,True,0,mapped,True,0.0
T097,L,4221,T015,47,2.1963095516197493,-0.7857330862100703,12.69969162043604,True,0,mapped,True,0.0
T097,L,4222,T015,50,-4.936112924372509,-7.192138938131019,2.316194604528446,True,3,smooth_internal,True,0.0
T097,L,4223,T015,51,-4.52150960289664,-7.192268791534428,2.6102585438546417,True,0,mapped,True,0.0
T097,L,4224,T015,52,-3.924843030220222,-7.275532084190363,3.26951898688062,True,0,mapped,True,0.0
T097,L,4225,T015,53,-3.5341936427587366,-7.269300210457295,4.084777426901314,True,0,mapped,True,0.0
T097,L,4226,T015,54,-3.3828111600469697,-7.247286828468443,4.844757446598853,True,0,mapped,True,0.0
T097,L,4227,T015,55,-3.169639046445478,-7.335860160815878,5.709904732397448,True,0,mapped,True,0.0
T097,L,4228,T015,56,-3.171851475401617,-7.24757182793751,6.547646010244629,True,0,mapped,True,0.0
T097,L,4229,T015,57,-2.848556731474524,-7.300732612422264,7.312053399079707,True,0,mapped,True,0.0
T097,L,4230,T015,58,-2.463390026097789,-7.293426143045901,8.08710992356691,True,0,mapped,True,0.0
T097,L,4231,T015,59,-2.0177891177390643,-7.269913125310552,8.76153079161393,True,0,mapped,True,0.0
T097,L,4232,T015,60,-1.6782118634761365,-7.089162915723266,9.443175998810766,True,0,mapped,True,0.0
T097,L,4233,T015,61,-1.2228146300392226,-6.811105790052759,10.152998157352323,True,0,mapped,True,0.0
T097,L,4234,T015,62,-0.9556585670890844,-6.342102207441206,10.72329607986986,True,0,mapped,True,0.0
T097,L,4235,T015,63,-0.5146089555405541,-5.9479005157914,11.166179858287954,True,0,mapped,True,0.0
T097,L,4236,T015,64,-0.0433050799518792,-5.320486712312058,11.539477794663942,True,0,mapped,True,0.0
T097,L,4237,T015,65,0.4616818462533084,-4.724775581176048,11.822965441924254,True,0,mapped,True,0.0
T097,L,4238,T015,66,0.8471025749574267,-4.022812538174206,12.064377627012927,True,0,mapped,True,0.0
T097,L,4239,T015,67,1.0621325521535951,-3.290023097366916,12.283599946372142,True,0,mapped,True,0.0
T097,L,4240,T015,68,1.3298601987423375,-2.588317857170962,12.438173661173428,True,0,mapped,True,0.0
T097,L,4241,T015,69,1.6945424178683213,-1.8921091676045716,12.570269301889295,True,0,mapped,True,0.0
T097,L,4242,T015,70,2.0949026999482987,-1.2013947834768226,12.64689156309899,True,0,mapped,True,0.0
T097,L,4243,T015,73,-4.757775923930664,-7.213052666964305,2.3838651229882277,True,0,mapped,True,0.0
T097,L,4244,T015,74,-4.135241823304896,-7.308147506145521,2.9368939032522308,True,0,mapped,True,0.0
T097,L,4245,T015,75,-3.674848249086564,-7.286223733623162,3.686995625026849,True,0,mapped,True,0.0
T097,L,4246,T015,76,-3.3713514132909173,-7.326574536325705,4.480878891207477,True,0,mapped,True,0.0
T097,L,4247,T015,77,-3.3291625443406296,-7.234345177784869,5.326388968669935,True,0,mapped,True,0.0
T097,L,4248,T015,78,-3.1010122760910974,-7.351437821616106,6.160302350254006,True,0,mapped,True,0.0
T097,L,4249,T015,79,-2.910353278849136,-7.345610678770902,6.96514019080771,True,0,mapped,True,0.0
T097,L,4250,T015,80,-2.498401991871925,-7.387232403963859,7.719550250612508,True,0,mapped,True,0.0
T097,L,4251,T015,81,-2.067970111218579,-7.341405790202598,8.511707617717516,True,0,mapped,True,0.0
T097,L,4252,T015,82,-1.796332575816057,-7.206936671291655,9.120456968239038,True,0,mapped,True,0.0
T097,L,4253,T015,83,-1.324024879367096,-7.010835883266431,9.830259462343856,True,0,mapped,True,0.0
T097,L,4254,T015,84,-0.9939430645759108,-6.655740253316279,10.423784160681318,True,0,mapped,True,0.0
T097,L,4255,T015,85,-0.7484688437259408,-6.210207447158357,10.913873381581451,True,0,mapped,True,0.0
T097,L,4256,T015,86,-0.0604108747284364,-5.712987474385262,11.342137168029314,True,0,mapped,True,0.0
T097,L,4257,T015,87,0.344911664627598,-5.131156717196256,11.64141647229558,True,0,mapped,True,0.0
T097,L,4258,T015,88,0.8146542919740619,-4.46762658533764,11.898074030461624,True,0,mapped,True,0.0
T097,L,4259,T015,89,1.024334354402202,-3.741276590290487,12.141330984505446,True,0,mapped,True,0.0
T097,L,4260,T015,90,1.3254888689366635,-3.036597415940939,12.30923872058193,True,0,mapped,True,0.0
T097,L,4261,T015,91,1.647865089970688,-2.332425827211577,12.464396576656505,True,0,mapped,True,0.0
T097,L,4262,T015,92,2.0119554435249483,-1.5401582057751608,12.58219110511942,True,0,mapped,True,0.0
T097,L,4263,T015,95,-4.365569889805405,-7.312951972467566,2.6776736097552845,True,0,mapped,True,0.0
T097,L,4264,T015,96,-3.7936874131230023,-7.367094981188259,3.36058148276776,True,0,mapped,True,0.0
T097,L,4265,T015,97,-3.4084747754210323,-7.375537686599422,4.1766714325948975,True,0,mapped,True,0.0
T097,L,4266,T015,98,-3.249453595609181,-7.359385459199288,4.9269891415199245,True,0,mapped,True,0.0
T097,L,4267,T015,99,-3.006101961719108,-7.459838437417229,5.786980203194219,True,0,mapped,True,0.0
T097,L,4268,T015,100,-2.8890631033589904,-7.425984493362735,6.61810995021641,True,0,mapped,True,0.0
T097,L,4269,T015,101,-2.5472200713050466,-7.450292203479813,7.3608896827271,True,0,mapped,True,0.0
T097,L,4270,T015,102,-2.194717431503914,-7.443686875506551,8.10197732230857,True,0,mapped,True,0.0
T097,L,4271,T015,103,-1.814396532051616,-7.366132882739421,8.754084268468311,True,0,mapped,True,0.0
T097,L,4272,T015,104,-1.402182267192664,-7.241151341986942,9.393787635280924,True,0,mapped,True,0.0
T097,L,4273,T015,105,-1.0233081274817497,-6.940612042270625,10.106764180315976,True,0,mapped,True,0.0
T097,L,4274,T015,106,-0.7653370744568172,-6.538500710164698,10.623053000112025,True,0,mapped,True,0.0
T097,L,4275,T015,107,-0.2291109287297205,-6.074661691499755,11.114530770067724,True,0,mapped,True,0.0
T097,L,4276,T015,108,0.2253442097618146,-5.488575302814509,11.4682161870082,True,0,mapped,True,0.0
T097,L,4277,T015,109,0.5987505764553254,-4.875608312633826,11.75192635479965,True,0,mapped,True,0.0
T097,L,4278,T015,110,0.9996821628556088,-4.1636769640495785,11.98859192614131,True,0,mapped,True,0.0
T097,L,4279,T015,111,1.2306798301182724,-3.467038404713869,12.197725560291662,True,0,mapped,True,0.0
T097,L,4280,T015,112,1.564753640922733,-2.7212902748002,12.359642662905657,True,0,mapped,True,0.0
T097,L,4281,T015,113,1.916208628997894,-2.0318237382293063,12.484018423986562,True,0,mapped,True,0.0
T097,L,4282,T015,116,-3.998870634411244,-7.406105875929102,3.0213635383270168,True,0,mapped,True,0.0
T097,L,4283,T015,117,-3.558451158329928,-7.3742410713739535,3.781809954911834,True,0,mapped,True,0.0
T097,L,4284,T015,118,-3.2758535695004367,-7.409492573614446,4.525840202777438,True,0,mapped,True,0.0
T097,L,4285,T015,119,-3.076412653499341,-7.448746742735994,5.376458603985816,True,0,mapped,True,0.0
T097,L,4286,T015,120,-2.9459766017763176,-7.465515187651381,6.188089164809194,True,0,mapped,True,0.0
T097,L,4287,T015,121,-2.626610357827864,-7.51729067097838,6.9158336480393405,True,0,mapped,True,0.0
T097,L,4288,T015,122,-2.2460694692518395,-7.531242285195969,7.725004380807889,True,0,mapped,True,0.0
T097,L,4289,T015,123,-1.871551294108531,-7.502768299221909,8.418265191985538,True,0,mapped,True,0.0
T097,L,4290,T015,124,-1.4489904690599795,-7.458603012799661,8.961767404524284,True,0,mapped,True,0.0
T097,L,4291,T015,125,-1.0775475142925477,-7.160498146557872,9.807346942051218,True,0,mapped,True,0.0
T097,L,4292,T015,126,-0.7483659588750875,-6.828583858001933,10.36686547353928,True,0,mapped,True,0.0
T097,L,4293,T015,127,-0.4078591240405369,-6.309244947032681,10.900886878392022,True,0,mapped,True,0.0
T097,L,4294,T015,128,0.1543343291072927,-5.8931208440785445,11.2483345207351,True,0,mapped,True,0.0
T097,L,4295,T015,129,0.519935288695046,-5.302769409742719,11.551535720285376,True,0,mapped,True,0.0
T097,L,4296,T015,130,1.00483405040959,-4.616792048845509,11.790592252269416,True,0,mapped,True,0.0
T097,L,4297,T015,131,1.220940063616014,-3.810354120332784,12.072784998854903,True,0,mapped,True,0.0
T097,L,4298,T015,132,1.5723468699106993,-3.1322902102044177,12.21253193394702,True,0,mapped,True,0.0
T097,L,4299,T015,133,1.8124311733845329,-2.394951846394473,12.402444220160522,True,0,mapped,True,0.0
T097,L,4300,T015,136,-3.687173001649647,-7.44534127901824,3.43906039190138,True,0,mapped,True,0.0
T097,L,4301,T015,137,-3.284943883966813,-7.497705556617354,4.223173346651952,True,0,mapped,True,0.0
T097,L,4302,T015,138,-3.1698300756819697,-7.419791636507014,5.022604010525685,True,0,mapped,True,0.0
T097,L,4303,T015,139,-2.8804407816351247,-7.553923164818281,5.809670037612611,True,0,mapped,True,0.0
T097,L,4304,T015,140,-2.677636752111363,-7.541937038549264,6.656793392924483,True,0,mapped,True,0.0
T097,L,4305,T015,141,-2.275757818179672,-7.624207558700126,7.330341184026972,True,0,mapped,True,0.0
T097,L,4306,T015,142,-1.9769920182289105,-7.567343547645896,8.072744607804253,True,0,mapped,True,0.0
T097,L,4307,T015,143,-1.5554629654523644,-7.561424299092235,8.676713643140983,True,0,mapped,True,0.0
T097,L,4308,T015,144,-1.2054325608198229,-7.3349385823045665,9.42248782963008,True,0,mapped,True,0.0
T097,L,4309,T015,145,-0.7903632281413229,-7.016879768767596,10.13736809908039,True,0,mapped,True,0.0
T097,L,4310,T015,146,-0.4161732328913403,-6.622129271996156,10.659170665826982,True,0,mapped,True,0.0
T097,L,4311,T015,147,0.0059846172836755,-6.124087945902204,11.097206814679156,True,0,mapped,True,0.0
T097,L,4312,T015,148,0.4846836696089075,-5.692138189822156,11.358518011234455,True,0,mapped,True,0.0
T097,L,4313,T015,149,0.8935310321537256,-4.988060047766199,11.654635593198211,True,0,mapped,True,0.0
T097,L,4314,T015,150,1.2485426600376122,-4.258984113376115,11.890546409980963,True,0,mapped,True,0.0
T097,L,4315,T015,151,1.462442781736173,-3.5397132282833885,12.108962512911578,True,0,mapped,True,0.0
T097,L,4316,T015,152,1.780802465319578,-2.802762733316376,12.2764224227292,True,0,mapped,True,0.0
T097,L,4317,T015,155,-3.440139422847813,-7.467280817664935,3.8781028733482543,True,0,mapped,True,0.0
T097,L,4318,T015,156,-3.154088971593599,-7.514763950580782,4.599980084577257,True,0,mapped,True,0.0
T097,L,4319,T015,157,-2.822208869210091,-7.665248145560726,5.405132029353589,True,0,mapped,True,0.0
T097,L,4320,T015,158,-2.777755399549388,-7.585770275311474,6.199715582727098,True,0,mapped,True,0.0
T097,L,4321,T015,159,-2.35078115222416,-7.70143820401876,6.951365275874872,True,0,mapped,True,0.0
T097,L,4322,T015,160,-1.9950340878692696,-7.6974034018032915,7.692170129821797,True,0,mapped,True,0.0
T097,L,4323,T015,161,-1.6232993922579169,-7.67353504823107,8.373981286231311,True,0,mapped,True,0.0
T097,L,4324,T015,162,-1.1789550425245483,-7.59959271044721,9.018463574617565,True,0,mapped,True,0.0
T097,L,4325,T015,163,-0.8374810117938727,-7.254885010438034,9.821184838418048,True,0,mapped,True,0.0
T097,L,4326,T015,164,-0.465740454508619,-6.931476819424358,10.348158544342889,True,0,mapped,True,0.0
T097,L,4327,T015,165,-0.0897605752634865,-6.472527710715188,10.816327110535507,True,0,mapped,True,0.0
T097,L,4328,T015,166,0.372785533888081,-6.013324390817681,11.16510020760024,True,0,mapped,True,0.0
T097,L,4329,T015,167,0.7822014453963226,-5.432691894064596,11.459489016308083,True,0,mapped,True,0.0
T097,L,4330,T015,168,1.2253009453880204,-4.671851074611344,11.687230181384514,True,0,mapped,True,0.0
T097,L,4331,T015,169,1.5199986983080769,-3.966913391702467,11.931098165941666,True,0,mapped,True,0.0
T097,L,4332,T015,170,1.789598758818415,-3.238223859370817,12.108294727915672,True,0,mapped,True,0.0
T097,L,4333,T015,173,-3.182849632612602,-7.591056185228134,4.273733009523796,True,0,mapped,True,0.0
T097,L,4334,T015,174,-2.962801688560217,-7.59199883990974,5.142185152289386,True,0,mapped,True,0.0
T097,L,4335,T015,175,-2.7628841210233253,-7.639563658281982,5.849790762268686,True,0,mapped,True,0.0
T097,L,4336,T015,176,-2.447811462793449,-7.701269867508288,6.66762281164748,True,0,mapped,True,0.0
T097,L,4337,T015,177,-2.097811592460085,-7.735949089646731,7.362230293826007,True,0,mapped,True,0.0
T097,L,4338,T015,178,-1.7194845912570336,-7.711228463487705,8.110679582869654,True,0,mapped,True,0.0
T097,L,4339,T015,179,-1.311187920296244,-7.698475986193437,8.722870423095399,True,0,mapped,True,0.0
T097,L,4340,T015,180,-0.9137437206290302,-7.4865479247522995,9.422067857786836,True,0,mapped,True,0.0
T097,L,4341,T015,181,-0.4849393320408387,-7.186476614777409,10.061132563917273,True,0,mapped,True,0.0
T097,L,4342,T015,182,-0.2500996786079531,-6.774932459146163,10.559989141682236,True,0,mapped,True,0.0
T097,L,4343,T015,183,0.3100024552557102,-6.289923652359278,10.968157147019236,True,0,mapped,True,0.0
T097,L,4344,T015,184,0.7104774023886451,-5.811276859821358,11.266469400039153,True,0,mapped,True,0.0
T097,L,4345,T015,185,1.1694853160262624,-5.13738380423731,11.5230380164475,True,0,mapped,True,0.0
T097,L,4346,T015,186,1.42928739418719,-4.417360834227472,11.747154027840132,True,0,mapped,True,0.0
T097,L,4347,T015,187,1.715684996895957,-3.665687204603096,11.966649410613195,True,0,mapped,True,0.0
T097,L,4348,T015,190,-2.982321639839693,-7.651828232802668,4.763461294384972,True,0,mapped,True,0.0
T097,L,4349,T015,191,-2.675663057063841,-7.777557250068186,5.468677162586953,True,0,mapped,True,0.0
T097,L,4350,T015,192,-2.4528776464748594,-7.80574095586972,6.251120817486745,True,0,mapped,True,0.0
T097,L,4351,T015,193,-2.1977174242125472,-7.8003388809090435,6.991787602157496,True,0,mapped,True,0.0
T097,L,4352,T015,194,-1.8368559757404253,-7.795772507981162,7.712954204087468,True,0,mapped,True,0.0
T097,L,4353,T015,195,-1.4329929519600575,-7.793223749868246,8.39124749843917,True,0,mapped,True,0.0
T097,L,4354,T015,196,-0.961772140524075,-7.675749043939603,9.08041164087352,True,0,mapped,True,0.0
T097,L,4355,T015,197,-0.5733189722951331,-7.417810382799421,9.77266102102895,True,0,mapped,True,0.0
T097,L,4356,T015,198,-0.3659135175825433,-6.991245508286525,10.31180552137219,True,0,mapped,True,0.0
T097,L,4357,T015,199,0.2083803640655191,-6.605313912208672,10.738959736463457,True,0,mapped,True,0.0
T097,L,4358,T015,200,0.6621737814955159,-6.093188708798805,11.081596719438624,True,0,mapped,True,0.0
T097,L,4359,T015,201,1.100375613679084,-5.578844043200009,11.3210744393608,True,0,mapped,True,0.0
T097,L,4360,T015,202,1.4628679451020636,-4.805569279403264,11.51994776113099,True,0,mapped,True,0.0
T097,L,4361,T015,203,1.732068660986906,-4.114132860362284,11.76459920471051,True,0,mapped,True,0.0
T097,L,4362,T015,206,-2.748945603153349,-7.7966946595545,5.120179887311795,True,0,mapped,True,0.0
T097,L,4363,T015,207,-2.5236540374376566,-7.817956915535333,5.927762890267347,True,0,mapped,True,0.0
T097,L,4364,T015,208,-2.163754992068593,-7.925709201905203,6.614495808851929,True,0,mapped,True,0.0
T097,L,4365,T015,209,-1.9129923689215853,-7.870427304845973,7.350270038307995,True,0,mapped,True,0.0
T097,L,4366,T015,210,-1.5674578326009003,-7.833831249397924,8.09964862558105,True,0,mapped,True,0.0
T097,L,4367,T015,211,-1.05761628430214,-7.844745626793987,8.725458494978241,True,0,mapped,True,0.0
T097,L,4368,T015,212,-0.624590612391551,-7.65097024920838,9.391726156887689,True,0,mapped,True,0.0
T097,L,4369,T015,213,-0.3974216317787331,-7.329223732473759,9.960455666059676,True,0,mapped,True,0.0
T097,L,4370,T015,214,0.0153949720992922,-6.878619852194645,10.49640934850008,True,0,mapped,True,0.0
T097,L,4371,T015,215,0.5754870954156557,-6.446266746735133,10.85465133569534,True,0,mapped,True,0.0
T097,L,4372,T015,216,1.0158396237647904,-5.95370666220539,11.13263450517931,True,0,mapped,True,0.0
T097,L,4373,T015,217,1.441651947477354,-5.2582981198748175,11.347629522827932,True,0,mapped,True,0.0
T097,L,4374,T015,218,1.6886853858654765,-4.532493188101653,11.553403819757715,True,0,mapped,True,0.0
T097,L,4375,T015,221,-2.522496792244452,-7.897921706409703,5.547445485012784,True,0,mapped,True,0.0
T097,L,4376,T015,222,-2.2197397616025416,-7.947018652200722,6.37047348847379,True,0,mapped,True,0.0
T097,L,4377,T015,223,-1.8981484242093247,-8.010845289694812,7.009067599718932,True,0,mapped,True,0.0
T097,L,4378,T015,224,-1.610511649366916,-7.946580545616115,7.780184085332722,True,0,mapped,True,0.0
T097,L,4379,T015,225,-1.196320725764417,-7.929188151279643,8.438375789523286,True,0,mapped,True,0.0
T097,L,4380,T015,226,-0.6864540661604703,-7.805447844227498,9.134742654761588,True,0,mapped,True,0.0
T097,L,4381,T015,227,-0.3629105510769854,-7.565138837371563,9.696889568119724,True,0,mapped,True,0.0
T097,L,4382,T015,228,-0.0118200896009573,-7.11906840682439,10.27378520411012,True,0,mapped,True,0.0
T097,L,4383,T015,229,0.5303290818440891,-6.702995942522537,10.685126327460988,True,0,mapped,True,0.0
T097,L,4384,T015,230,0.9468041164079892,-6.264430399627945,10.947766723348389,True,0,mapped,True,0.0
T097,L,4385,T015,231,1.35500351829545,-5.697517432197812,11.16201968990517,True,0,mapped,True,0.0
T097,L,4386,T015,232,1.7520545840428037,-4.89784948959389,11.344432371917538,True,0,mapped,True,0.0
T097,L,4387,T015,235,-2.198290893661522,-8.11105951970716,5.942035489821519,True,0,mapped,True,0.0
T097,L,4388,T015,236,-1.983352464429447,-8.037559174061135,6.733979727515612,True,0,mapped,True,0.0
T097,L,4389,T015,237,-1.5877689526486227,-8.125531074306364,7.411108750922695,True,0,mapped,True,0.0
T097,L,4390,T015,238,-1.2592542886817475,-8.076118382419851,8.116838115798192,True,0,mapped,True,0.0
T097,L,4391,T015,239,-0.7929016866203152,-7.973781333557845,8.802840499637265,True,0,mapped,True,0.0
T097,L,4392,T015,240,-0.3759219400346323,-7.797242437104985,9.406399601866667,True,0,mapped,True,0.0
T097,L,4393,T015,241,-0.084448820477573,-7.463220236901797,9.940210175028003,True,0,mapped,True,0.0
T097,L,4394,T015,242,0.3008415960886639,-6.972915158747531,10.462167081138244,True,0,mapped,True,0.0
T097,L,4395,T015,243,0.8563469592940829,-6.587094617583745,10.737634008180796,True,0,mapped,True,0.0
T097,L,4396,T015,244,1.2459626609837162,-5.973519552648152,11.04531187173583,True,0,mapped,True,0.0
T097,L,4397,T015,245,1.7050556988528274,-5.327566746153657,11.16933203899328,True,0,mapped,True,0.0
T097,L,4398,T015,248,-1.968131983247125,-8.176357485690067,6.348614077786537,True,0,mapped,True,0.0
T097,L,4399,T015,249,-1.619269159736615,-8.236036973627971,7.014468109649512,True,0,mapped,True,0.0
T097,L,4400,T015,250,-1.345883983484814,-8.159653970760123,7.813202152587031,True,0,mapped,True,0.0
T097,L,4401,T015,251,-0.9187972895055928,-8.069408159152506,8.543260859646574,True,0,mapped,True,0.0
T097,L,4402,T015,252,-0.462675356286982,-7.963248819395448,9.140608695085632,True,0,mapped,True,0.0
T097,L,4403,T015,253,-0.1521744014115196,-7.636832368825164,9.722210107783315,True,0,mapped,True,0.0
T097,L,4404,T015,254,0.1757500977248186,-7.357641502105067,10.14544800542154,True,0,mapped,True,0.0
T097,L,4405,T015,255,0.7770498461836158,-6.85215156752632,10.568281150875912,True,0,mapped,True,0.0
T097,L,4406,T015,256,1.1887617835920536,-6.376785696243989,10.81136003058658,True,0,mapped,True,0.0
T097,L,4407,T015,257,1.5841286968482944,-5.784196177968388,10.987780594969058,True,0,mapped,True,0.0
T097,L,4408,T015,260,-1.7196501005431712,-8.245846538418741,6.760531433256138,True,0,mapped,True,0.0
T097,L,4409,T015,261,-1.3842799029155168,-8.2905514675122,7.465706523910379,True,0,mapped,True,0.0
T097,L,4410,T015,262,-0.9867345820857644,-8.242656582816146,8.192317035960414,True,0,mapped,True,0.0
T097,L,4411,T015,263,-0.5903201493546083,-8.107492921881857,8.826576762304223,True,0,mapped,True,0.0
T097,L,4412,T015,264,-0.2138285837137167,-7.91333424179823,9.385616503951532,True,0,mapped,True,0.0
T097,L,4413,T015,265,0.1413913504090335,-7.567138030782804,9.928639228471212,True,0,mapped,True,0.0
T097,L,4414,T015,266,0.6172336508513294,-7.176980500464845,10.349717646235527,True,0,mapped,True,0.0
T097,L,4415,T015,267,1.1157619849743723,-6.765772167139123,10.57923971306844,True,0,mapped,True,0.0
T097,L,4416,T015,268,1.536778324880415,-6.113015940406111,10.819807528692792,True,0,mapped,True,0.0
T097,L,4417,T015,271,-1.4065808039546277,-8.421527763521908,7.122674648136529,True,0,mapped,True,0.0
T097,L,4418,T015,272,-1.082459554927906,-8.323433627005643,7.92549593810585,True,0,mapped,True,0.0
T097,L,4419,T015,273,-0.644975268772387,-8.289883774917401,8.539479022888916,True,0,mapped,True,0.0
T097,L,4420,T015,274,-0.2023310577313547,-8.14046247195846,9.107723059862588,True,0,mapped,True,0.0
T097,L,4421,T015,275,0.1077640846703655,-7.8458355779823234,9.627659470840264,True,0,mapped,True,0.0
T097,L,4422,T015,276,0.5017882230640669,-7.487611457309472,10.082990840185868,True,0,mapped,True,0.0
T097,L,4423,T015,277,1.068728088896065,-6.9593385676573485,10.463921662905964,True,0,mapped,True,0.0
T097,L,4424,T015,278,1.408029904026418,-6.454065201833194,10.673183043189642,True,0,mapped,True,0.0
T097,L,4425,T015,281,-1.118262408589071,-8.486029227531532,7.577695033935409,True,0,mapped,True,0.0
T097,L,4426,T015,282,-0.7086944462916186,-8.43220531543816,8.284283498412995,True,0,mapped,True,0.0
T097,L,4427,T015,283,-0.3951522264819579,-8.271986117488565,8.814315445340739,True,0,mapped,True,0.0
T097,L,4428,T015,284,0.0606234745644532,-8.125295470583886,9.318789702688226,True,0,mapped,True,0.0
T097,L,4429,T015,285,0.4357173385668565,-7.767110682619787,9.80734081071189,True,0,mapped,True,0.0
T097,L,4430,T015,286,0.9617412561257596,-7.385411228158658,10.177225007921985,True,0,mapped,True,0.0
T097,L,4431,T015,287,1.3432795485458071,-6.830070083947252,10.477515311402737,True,0,mapped,True,0.0
T097,L,4432,T015,290,-0.7734456508003159,-8.59893161203174,7.943554683131712,True,0,mapped,True,0.0
T097,L,4433,T015,291,-0.4397690366081773,-8.526286020052858,8.503293358683376,True,0,mapped,True,0.0
T097,L,4434,T015,292,-0.0847667216676391,-8.337107016673617,8.98700958895647,True,0,mapped,True,0.0
T097,L,4435,T015,293,0.4075678256117359,-8.060554544551506,9.57421537657802,True,0,mapped,True,0.0
T097,L,4436,T015,294,0.8611727755109294,-7.662904920643525,9.97790922274947,True,0,mapped,True,0.0
T097,L,4437,T015,295,1.270161873339327,-7.150725742429577,10.291884252288211,True,0,mapped,True,0.0
T097,L,4438,T015,298,-0.5240904538949076,-8.693301902778202,8.203307087506866,True,0,mapped,True,0.0
T097,L,4439,T015,299,-0.1142170534498021,-8.503924664365806,8.836404657958028,True,0,mapped,True,0.0
T097,L,4440,T015,300,0.3407726617896177,-8.372042625613922,9.25400502852538,True,0,mapped,True,0.0
T097,L,4441,T015,301,0.7143149760747443,-7.9982180948671875,9.720109930709976,True,0,mapped,True,0.0
T097,L,4442,T015,302,1.2752343228826368,-7.517813069318526,10.08409192761409,True,0,mapped,True,0.0
T097,L,4443,T015,305,-0.2008277873633085,-8.735321201611661,8.550450829754675,True,0,mapped,True,0.0
T097,L,4444,T015,306,0.2664278310225407,-8.66493310546269,9.001979335278694,True,0,mapped,True,0.0
T097,L,4445,T015,307,0.6189546381409815,-8.312804351852838,9.452496316487,True,0,mapped,True,0.0
T097,L,4446,T015,308,1.1066302829524242,-7.888895099741801,9.875505982580847,True,0,mapped,True,0.0
T097,L,4447,T015,311,0.1956062362413443,-8.952932211912705,8.747242225658646,True,0,mapped,True,0.0
T097,L,4448,T015,312,0.6411282944620741,-8.70982196156655,9.206057267573035,True,0,mapped,True,0.0
T097,L,4449,T015,313,1.0463387699285134,-8.274669158820128,9.662036132971505,True,0,mapped,True,0.0
T097,L,4450,T015,316,0.6052753771079041,-8.970094673682487,9.030884359518058,True,0,mapped,True,0.0
T097,L,4451,T015,317,1.0406656108721972,-8.56107707962821,9.492872136259033,True,0,mapped,True,0.0
T097,L,4452,T015,320,1.007406307990111,-8.943806930021676,9.27595963529681,True,0,mapped,True,0.0
