sample_id,side,global_vertex_id,chosen_region_id,chosen_region_point_id,chosen_quality_rank,chosen_repair_method,x,y,z,member_count,max_candidate_distance_mm,mean_candidate_distance_mm,topology_role
T094,L,0,T001,0,0,mapped,-13.029420073030614,41.74768585626039,-34.37585083871744,2,0.0,0.0,landmark
T094,L,1,T001,1,0,mapped,-12.017552804630101,41.66780137219236,-34.12483893220819,2,0.0,0.0,shared_edge
T094,L,2,T001,2,0,mapped,-11.099912079445279,41.56774614240844,-33.6319369361632,2,0.0,0.0,shared_edge
T094,L,3,T001,3,0,mapped,-10.213807604765915,41.46179081494566,-33.09851914814057,2,3.552713678800501e-15,1.7763568394002505e-15,shared_edge
T094,L,4,T001,4,0,mapped,-9.31468807607013,41.258178993089345,-32.68023774922969,2,0.0,0.0,shared_edge
T094,L,5,T001,5,0,mapped,-8.353753755022066,40.90829871435359,-32.46210877894214,2,7.105427357601002e-15,3.552713678800501e-15,shared_edge
T094,L,6,T001,6,0,mapped,-7.445567945604055,40.4383977354108,-32.250619380743146,2,0.0,0.0,shared_edge
T094,L,7,T001,7,0,mapped,-6.693648427609292,39.91986617538642,-31.818958242820504,2,3.552713678800501e-15,1.7763568394002505e-15,shared_edge
T094,L,8,T001,8,0,mapped,-5.992268997232858,39.271572016257394,-31.448256694327238,2,0.0,0.0,shared_edge
T094,L,9,T001,9,0,mapped,-5.418333782454154,38.43306326284926,-31.22628756553247,2,0.0,0.0,shared_edge
T094,L,10,T001,10,0,mapped,-5.069243234015657,37.50255884900368,-30.977771705052742,2,0.0,0.0,shared_edge
T094,L,11,T001,11,0,mapped,-4.866106788891511,36.7942981150878,-30.30286827437725,2,0.0,0.0,shared_edge
T094,L,12,T001,12,0,mapped,-4.798806989024213,35.96703049314627,-29.698405488456768,2,0.0,0.0,shared_edge
T094,L,13,T001,13,0,mapped,-4.854742862484467,35.17089093775306,-29.164154298781195,2,0.0,0.0,shared_edge
T094,L,14,T001,14,0,mapped,-5.0395919331174,34.47277064716522,-28.43354249874014,2,0.0,0.0,shared_edge
T094,L,15,T001,15,0,mapped,-5.2891090857737275,33.82776404446423,-27.64829353234972,2,0.0,0.0,shared_edge
T094,L,16,T001,16,0,mapped,-5.543768869800861,33.25929940196504,-26.808964714140416,2,0.0,0.0,shared_edge
T094,L,17,T001,17,0,mapped,-5.80620086699188,32.754342145280376,-25.93546361291908,2,0.0,0.0,shared_edge
T094,L,18,T001,18,0,mapped,-6.060805280987152,32.268670877371676,-25.095973773494027,2,0.0,0.0,shared_edge
T094,L,19,T001,19,0,mapped,-6.486985995226156,31.761480371955212,-24.33604195715335,2,0.0,0.0,shared_edge
T094,L,20,T001,20,0,mapped,-7.115372866687046,31.35659463487134,-23.629923549046424,2,0.0,0.0,shared_edge
T094,L,21,T001,21,0,mapped,-7.909140977803147,31.17101239296262,-22.985009983069997,2,0.0,0.0,shared_edge
T094,L,22,T001,22,0,mapped,-8.40729086732784,30.93679821141283,-22.159736803939854,2,0.0,0.0,shared_edge
T094,L,23,T001,23,0,mapped,-8.942325391102017,30.82186725768739,-21.309448119282827,2,0.0,0.0,shared_edge
T094,L,24,T001,24,-1,landmark_vertex,-9.225185676224857,30.3946920538156,-20.40310284237608,3,0.0,0.0,landmark
T094,L,25,T001,25,0,mapped,-12.63694206699501,41.80645516191373,-34.074143127199704,1,0.0,0.0,interior
T094,L,26,T001,26,0,mapped,-11.72492370464516,41.668321956523556,-33.83961455781876,1,0.0,0.0,interior
T094,L,27,T001,27,0,mapped,-10.778456599120233,41.57857903943649,-33.286216249372515,1,0.0,0.0,interior
T094,L,28,T001,28,0,mapped,-9.904251598420243,41.440671303288596,-32.693460160066806,1,0.0,0.0,interior
T094,L,29,T001,29,0,mapped,-8.983305387175644,41.16219014146144,-32.40575834386202,1,0.0,0.0,interior
T094,L,30,T001,30,0,mapped,-8.069508253711337,40.78206512394074,-32.21136594957808,1,0.0,0.0,interior
T094,L,31,T001,31,0,mapped,-7.133792460002121,40.29259361345329,-31.807423303452303,1,0.0,0.0,interior
T094,L,32,T001,32,0,mapped,-6.488744303368685,39.79524663478492,-31.432724589844405,1,0.0,0.0,interior
T094,L,33,T001,33,0,mapped,-5.7783029393933525,39.032550317330646,-31.07321436454467,1,0.0,0.0,interior
T094,L,34,T001,34,0,mapped,-5.2465509725061965,38.1590410299203,-30.943437756230722,1,0.0,0.0,interior
T094,L,35,T001,35,0,mapped,-4.9389685440097555,37.3051279746868,-30.34781736163625,1,0.0,0.0,interior
T094,L,36,T001,36,0,mapped,-4.760233617932519,36.54723654914497,-29.87137470277819,1,0.0,0.0,interior
T094,L,37,T001,37,0,mapped,-4.772015774876896,35.67466010872002,-29.293853142940428,1,0.0,0.0,interior
T094,L,38,T001,38,0,mapped,-4.81787963079473,35.025980383260034,-28.635143232452535,1,0.0,0.0,interior
T094,L,39,T001,39,0,mapped,-5.026363313157688,34.293565428905765,-27.917609141142638,1,0.0,0.0,interior
T094,L,40,T001,40,0,mapped,-5.318530371970783,33.606141928228155,-27.130134572822573,1,0.0,0.0,interior
T094,L,41,T001,41,0,mapped,-5.534798140673315,33.1100782926661,-26.309294277812736,1,0.0,0.0,interior
T094,L,42,T001,42,0,mapped,-5.8023227227827885,32.56380076953269,-25.455500695236246,1,0.0,0.0,interior
T094,L,43,T001,43,0,mapped,-6.092905172542896,32.09075266773726,-24.676526647803595,1,0.0,0.0,interior
T094,L,44,T001,44,0,mapped,-6.634215660397681,31.529539143423403,-23.97603088939115,1,0.0,0.0,interior
T094,L,45,T001,45,0,mapped,-7.409165940003993,31.236764695846755,-23.330851173120536,1,0.0,0.0,interior
T094,L,46,T001,46,0,mapped,-8.006996617987214,31.00779978406452,-22.601922064777238,1,0.0,0.0,interior
T094,L,47,T001,47,0,mapped,-8.447963298741302,30.659559584513044,-21.713921443099988,1,0.0,0.0,interior
T094,L,48,T001,48,0,mapped,-8.892801250046272,30.42693002374148,-20.909150917341854,1,0.0,0.0,interior
T094,L,49,T001,49,0,mapped,-12.207000799213185,41.777191809762684,-33.85636004548667,1,0.0,0.0,interior
T094,L,50,T001,50,0,mapped,-11.344837953526644,41.68001332112938,-33.44412886119501,1,0.0,0.0,interior
T094,L,51,T001,51,0,mapped,-10.421884409751115,41.552749673920445,-32.91880794063505,1,0.0,0.0,interior
T094,L,52,T001,52,0,mapped,-9.521403724235686,41.339623209560656,-32.50322906615189,1,0.0,0.0,interior
T094,L,53,T001,53,0,mapped,-8.55056262556015,41.00546352818755,-32.18820301297214,1,0.0,0.0,interior
T094,L,54,T001,54,0,mapped,-7.679826164837518,40.61911766038148,-31.79950488076784,1,0.0,0.0,interior
T094,L,55,T001,55,0,mapped,-6.839989614954446,40.091030297226425,-31.515660809276433,1,0.0,0.0,interior
T094,L,56,T001,56,0,mapped,-6.241231504733595,39.57105705884712,-31.095406845901486,1,0.0,0.0,interior
T094,L,57,T001,57,0,mapped,-5.525456719431107,38.725415128519145,-30.77121801101359,1,0.0,0.0,interior
T094,L,58,T001,58,0,mapped,-5.091504591705424,37.93513946825618,-30.485218400582625,1,0.0,0.0,interior
T094,L,59,T001,59,0,mapped,-4.80426061556564,37.04075134985794,-29.924048032579883,1,0.0,0.0,interior
T094,L,60,T001,60,0,mapped,-4.714173148323203,36.34089524816673,-29.427740516245283,1,0.0,0.0,interior
T094,L,61,T001,61,0,mapped,-4.717427366558631,35.53597844678761,-28.904944739887853,1,0.0,0.0,interior
T094,L,62,T001,62,0,mapped,-4.84267093341042,34.74042761251974,-28.156753161396235,1,0.0,0.0,interior
T094,L,63,T001,63,0,mapped,-5.052031948397855,34.07341581457672,-27.462903376160263,1,0.0,0.0,interior
T094,L,64,T001,64,0,mapped,-5.322602334920541,33.43134703734144,-26.663030321597695,1,0.0,0.0,interior
T094,L,65,T001,65,0,mapped,-5.550116154569304,32.88724509067639,-25.76948147746073,1,0.0,0.0,interior
T094,L,66,T001,66,0,mapped,-5.798567003310449,32.366413403843325,-24.997352948927347,1,0.0,0.0,interior
T094,L,67,T001,67,0,mapped,-6.241772530473801,31.854077665535353,-24.306215587263832,1,0.0,0.0,interior
T094,L,68,T001,68,0,mapped,-6.847419664775691,31.36183556035729,-23.64321754977593,1,0.0,0.0,interior
T094,L,69,T001,69,0,mapped,-7.504694689010213,31.087466249897677,-22.985823604105253,1,0.0,0.0,interior
T094,L,70,T001,70,0,mapped,-8.084229098161838,30.797172949331536,-22.1986766097699,1,0.0,0.0,interior
T094,L,71,T001,71,0,mapped,-8.53544271266993,30.49265080295697,-21.369521600482827,1,0.0,0.0,interior
T094,L,72,T001,72,0,mapped,-11.856082015043103,41.776020044017855,-33.48980619552397,1,0.0,0.0,interior
T094,L,73,T001,73,0,mapped,-10.932015121967272,41.6558341585602,-33.046942888627186,1,0.0,0.0,interior
T094,L,74,T001,74,0,mapped,-10.051655768525876,41.49388969783952,-32.528782656045195,1,0.0,0.0,interior
T094,L,75,T001,75,0,mapped,-9.113387036241804,41.223401752493245,-32.161244499376025,1,0.0,0.0,interior
T094,L,76,T001,76,0,mapped,-8.250824456924224,40.8968033473806,-31.7884171397901,1,0.0,0.0,interior
T094,L,77,T001,77,0,mapped,-7.379721703854033,40.49999267126148,-31.444819732436525,1,0.0,0.0,interior
T094,L,78,T001,78,0,mapped,-6.632213567411901,39.93495846665361,-31.103970259128726,1,0.0,0.0,interior
T094,L,79,T001,79,0,mapped,-5.948169578139889,39.304705933422255,-30.85412189224145,1,0.0,0.0,interior
T094,L,80,T001,80,0,mapped,-5.358628620528386,38.53293756370799,-30.439506359748922,1,0.0,0.0,interior
T094,L,81,T001,81,0,mapped,-4.986192925874587,37.687746234675686,-29.98177244322154,1,0.0,0.0,interior
T094,L,82,T001,82,0,mapped,-4.75345413910113,36.87893636117978,-29.528540413056028,1,0.0,0.0,interior
T094,L,83,T001,83,0,mapped,-4.681424345011486,36.11007951473525,-29.080910238587347,1,0.0,0.0,interior
T094,L,84,T001,84,0,mapped,-4.716483552216106,35.28419849384555,-28.406851801064448,1,0.0,0.0,interior
T094,L,85,T001,85,0,mapped,-4.827315145196703,34.5550430457824,-27.691823940161292,1,0.0,0.0,interior
T094,L,86,T001,86,0,mapped,-5.059093139021099,33.86654409808271,-26.931935592459514,1,0.0,0.0,interior
T094,L,87,T001,87,0,mapped,-5.263762636221541,33.267576403140865,-26.024289955705807,1,0.0,0.0,interior
T094,L,88,T001,88,0,mapped,-5.56950948839199,32.68000112917291,-25.299842456961805,1,0.0,0.0,interior
T094,L,89,T001,89,0,mapped,-5.827254388164146,32.16392036651985,-24.532213840816013,1,0.0,0.0,interior
T094,L,90,T001,90,0,mapped,-6.347635743390696,31.60239846383885,-23.916344001709465,1,0.0,0.0,interior
T094,L,91,T001,91,0,mapped,-7.018249072637395,31.21091398741478,-23.291749967214155,1,0.0,0.0,interior
T094,L,92,T001,92,0,mapped,-7.6659394512043795,30.890757949657367,-22.56031919884186,1,0.0,0.0,interior
T094,L,93,T001,93,0,mapped,-8.175032769816855,30.597108387387717,-21.82517631919708,1,0.0,0.0,interior
T094,L,94,T001,94,0,mapped,-11.470467550117883,41.75506753967143,-33.20222771379703,1,0.0,0.0,interior
T094,L,95,T001,95,0,mapped,-10.582824411094233,41.598060917312694,-32.74631702874605,1,0.0,0.0,interior
T094,L,96,T001,96,0,mapped,-9.64533066579693,41.36766096258124,-32.207700856688675,1,0.0,0.0,interior
T094,L,97,T001,97,0,mapped,-8.733510715456863,41.103383492271234,-31.88028528748458,1,0.0,0.0,interior
T094,L,98,T001,98,0,mapped,-7.974543787156627,40.80609293912336,-31.42523467690478,1,0.0,0.0,interior
T094,L,99,T001,99,0,mapped,-7.0477397693453,40.31048957031061,-31.102910844908777,1,0.0,0.0,interior
T094,L,100,T001,100,0,mapped,-6.446285792295363,39.79391824338083,-30.75297499271782,1,0.0,0.0,interior
T094,L,101,T001,101,0,mapped,-5.721826414520516,39.095462289698844,-30.454954891698282,1,0.0,0.0,interior
T094,L,102,T001,102,0,mapped,-5.1957826387074,38.24687722522752,-30.061713205923652,1,0.0,0.0,interior
T094,L,103,T001,103,0,mapped,-4.847293474767163,37.41497455595653,-29.498647154538638,1,0.0,0.0,interior
T094,L,104,T001,104,0,mapped,-4.693599143117244,36.662892895780416,-29.12358107288664,1,0.0,0.0,interior
T094,L,105,T001,105,0,mapped,-4.654831294742175,35.81558215073969,-28.614975498996735,1,0.0,0.0,interior
T094,L,106,T001,106,0,mapped,-4.665168893044738,35.06269615230018,-27.910759179347334,1,0.0,0.0,interior
T094,L,107,T001,107,0,mapped,-4.837820842257414,34.30839064614456,-27.239227165465135,1,0.0,0.0,interior
T094,L,108,T001,108,0,mapped,-5.0463283120773275,33.6871492280967,-26.47417900154298,1,0.0,0.0,interior
T094,L,109,T001,109,0,mapped,-5.30469206190557,33.065337370129086,-25.654080597683805,1,0.0,0.0,interior
T094,L,110,T001,110,0,mapped,-5.628050474718898,32.458430133156085,-24.927359351419287,1,0.0,0.0,interior
T094,L,111,T001,111,0,mapped,-5.929072937842282,31.936771039344062,-24.161136794089106,1,0.0,0.0,interior
T094,L,112,T001,112,0,mapped,-6.508934164794693,31.399769683511384,-23.55691073411433,1,0.0,0.0,interior
T094,L,113,T001,113,0,mapped,-7.133351870927152,31.045672011932364,-22.975667217240193,1,0.0,0.0,interior
T094,L,114,T001,114,0,mapped,-7.722273238640263,30.68437986063169,-22.163968185476588,1,0.0,0.0,interior
T094,L,115,T001,115,0,mapped,-11.195462809822178,41.71087540422759,-32.768092617506866,1,0.0,0.0,interior
T094,L,116,T001,116,0,mapped,-10.198595084829345,41.52804527635895,-32.36383428340453,1,0.0,0.0,interior
T094,L,117,T001,117,0,mapped,-9.273862453890017,41.255123767478494,-31.925827356626183,1,0.0,0.0,interior
T094,L,118,T001,118,0,mapped,-8.477661951468939,40.999581300098924,-31.542906836023793,1,0.0,0.0,interior
T094,L,119,T001,119,0,mapped,-7.614638699025443,40.663816331348286,-31.086034891925728,1,0.0,0.0,interior
T094,L,120,T001,120,0,mapped,-6.843576848409007,40.15290938633639,-30.75315583019561,1,0.0,0.0,interior
T094,L,121,T001,121,0,mapped,-6.153977858102507,39.5763748299172,-30.40531465613484,1,0.0,0.0,interior
T094,L,122,T001,122,0,mapped,-5.489310880136892,38.83691534743636,-29.995762336422175,1,0.0,0.0,interior
T094,L,123,T001,123,0,mapped,-5.043511978477911,38.01099783515801,-29.61437110875822,1,0.0,0.0,interior
T094,L,124,T001,124,0,mapped,-4.7922476320750365,37.24309021084693,-29.135980980140236,1,0.0,0.0,interior
T094,L,125,T001,125,0,mapped,-4.648167029947817,36.48084244844388,-28.71046373633358,1,0.0,0.0,interior
T094,L,126,T001,126,0,mapped,-4.619451413194243,35.53838809811678,-28.137250994380835,1,0.0,0.0,interior
T094,L,127,T001,127,0,mapped,-4.702920601143505,34.77407040380555,-27.456651080297387,1,0.0,0.0,interior
T094,L,128,T001,128,0,mapped,-4.867677025397893,34.05015534194632,-26.716400568782216,1,0.0,0.0,interior
T094,L,129,T001,129,0,mapped,-5.065953818184973,33.48233363323418,-25.952072209362097,1,0.0,0.0,interior
T094,L,130,T001,130,0,mapped,-5.340348143632451,32.820701475476085,-25.15632604158228,1,0.0,0.0,interior
T094,L,131,T001,131,0,mapped,-5.594325907886628,32.299726130183316,-24.477270710994926,1,0.0,0.0,interior
T094,L,132,T001,132,0,mapped,-6.069169311844974,31.709406828483257,-23.828558230002923,1,0.0,0.0,interior
T094,L,133,T001,133,0,mapped,-6.684282245446347,31.244087790834346,-23.24770988732801,1,0.0,0.0,interior
T094,L,134,T001,134,0,mapped,-7.28332753204982,30.822574752284016,-22.563504576423895,1,0.0,0.0,interior
T094,L,135,T001,135,0,mapped,-10.752861914815554,41.619850684986076,-32.57990780464257,1,0.0,0.0,interior
T094,L,136,T001,136,0,mapped,-9.801324492083024,41.40679492308598,-31.999228418839632,1,0.0,0.0,interior
T094,L,137,T001,137,0,mapped,-8.995958050954442,41.17788495661807,-31.61825468878952,1,0.0,0.0,interior
T094,L,138,T001,138,0,mapped,-8.145817636658943,40.864727353861085,-31.153354428761272,1,0.0,0.0,interior
T094,L,139,T001,139,0,mapped,-7.331722260022684,40.49715935928552,-30.70689931656898,1,0.0,0.0,interior
T094,L,140,T001,140,0,mapped,-6.647095886412802,39.98420876380533,-30.456910166612992,1,0.0,0.0,interior
T094,L,141,T001,141,0,mapped,-5.948264088644617,39.402057273074476,-30.040792024547862,1,0.0,0.0,interior
T094,L,142,T001,142,0,mapped,-5.346320148841247,38.603888083862074,-29.68678897301208,1,0.0,0.0,interior
T094,L,143,T001,143,0,mapped,-4.9567144739605835,37.85422695596324,-29.20285446398258,1,0.0,0.0,interior
T094,L,144,T001,144,0,mapped,-4.72276654828369,37.0306367155347,-28.768512707654327,1,0.0,0.0,interior
T094,L,145,T001,145,0,mapped,-4.59035574196085,36.19718220458954,-28.270108279930554,1,0.0,0.0,interior
T094,L,146,T001,146,0,mapped,-4.601019679152406,35.30525339246198,-27.674134376784497,1,0.0,0.0,interior
T094,L,147,T001,147,0,mapped,-4.7028687334641965,34.57202579989219,-27.078646221939525,1,0.0,0.0,interior
T094,L,148,T001,148,0,mapped,-4.872603643372378,33.89407895485344,-26.336724987179398,1,0.0,0.0,interior
T094,L,149,T001,149,0,mapped,-5.127834592808653,33.22408846628689,-25.572777563069767,1,0.0,0.0,interior
T094,L,150,T001,150,0,mapped,-5.332755292015214,32.60605509866855,-24.719384690867404,1,0.0,0.0,interior
T094,L,151,T001,151,0,mapped,-5.661588243981148,32.03961703859295,-24.06420755957486,1,0.0,0.0,interior
T094,L,152,T001,152,0,mapped,-6.217218272278709,31.481892008854462,-23.47330518968229,1,0.0,0.0,interior
T094,L,153,T001,153,0,mapped,-6.88583875766406,31.056568631704106,-22.95620872187839,1,0.0,0.0,interior
T094,L,154,T001,154,0,mapped,-10.491144742819664,41.54766887062374,-32.146462491466266,1,0.0,0.0,interior
T094,L,155,T001,155,0,mapped,-9.559905103895401,41.2728146350172,-31.646370277467067,1,0.0,0.0,interior
T094,L,156,T001,156,0,mapped,-8.695966662608535,41.078696083751524,-31.235375551929295,1,0.0,0.0,interior
T094,L,157,T001,157,0,mapped,-7.799291790998057,40.731562920466686,-30.71351714428957,1,0.0,0.0,interior
T094,L,158,T001,158,0,mapped,-7.071663433006844,40.33736619233409,-30.396574301514708,1,0.0,0.0,interior
T094,L,159,T001,159,0,mapped,-6.324932358295147,39.78045961790352,-30.097652548301888,1,0.0,0.0,interior
T094,L,160,T001,160,0,mapped,-5.695105147773738,39.11784327575704,-29.769345444780605,1,0.0,0.0,interior
T094,L,161,T001,161,0,mapped,-5.234302206339574,38.438852290127144,-29.288398207127674,1,0.0,0.0,interior
T094,L,162,T001,162,0,mapped,-4.875054903520265,37.61919424234928,-28.775084118256082,1,0.0,0.0,interior
T094,L,163,T001,163,0,mapped,-4.661054985053154,36.814169316432356,-28.366245566382666,1,0.0,0.0,interior
T094,L,164,T001,164,0,mapped,-4.552465753254523,35.89418345210122,-27.90485942352061,1,0.0,0.0,interior
T094,L,165,T001,165,0,mapped,-4.581129759022387,35.10379710361592,-27.283781622312524,1,0.0,0.0,interior
T094,L,166,T001,166,0,mapped,-4.6486046313366,34.40555756059662,-26.625614067028113,1,0.0,0.0,interior
T094,L,167,T001,167,0,mapped,-4.893081887759271,33.70616550859951,-25.925424569157084,1,0.0,0.0,interior
T094,L,168,T001,168,0,mapped,-5.12182082229841,32.97367155160073,-25.039141285875747,1,0.0,0.0,interior
T094,L,169,T001,169,0,mapped,-5.335681236327062,32.45715928225019,-24.389347263906153,1,0.0,0.0,interior
T094,L,170,T001,170,0,mapped,-5.796404961075315,31.80836419617935,-23.716593277865396,1,0.0,0.0,interior
T094,L,171,T001,171,0,mapped,-6.384017669095453,31.270024483961553,-23.142650009454847,1,0.0,0.0,interior
T094,L,172,T001,172,0,mapped,-10.131024122576976,41.47315835308457,-31.83952911921693,1,0.0,0.0,interior
T094,L,173,T001,173,0,mapped,-9.301362894081823,41.16364220927292,-31.38240629638397,1,0.0,0.0,interior
T094,L,174,T001,174,0,mapped,-8.336416199998096,40.917588056899916,-30.867781546491894,1,0.0,0.0,interior
T094,L,175,T001,175,0,mapped,-7.610669241251116,40.631420321732975,-30.450185842387583,1,0.0,0.0,interior
T094,L,176,T001,176,0,mapped,-6.87363730305845,40.18682854330851,-30.067747925722422,1,0.0,0.0,interior
T094,L,177,T001,177,0,mapped,-6.08774689658051,39.56158364100382,-29.687762762842194,1,0.0,0.0,interior
T094,L,178,T001,178,0,mapped,-5.4879862078082855,38.861072393159645,-29.29828527638364,1,0.0,0.0,interior
T094,L,179,T001,179,0,mapped,-5.096437600283288,38.15087811425731,-28.795850239655696,1,0.0,0.0,interior
T094,L,180,T001,180,0,mapped,-4.806659853711835,37.401059880664505,-28.373510424609364,1,0.0,0.0,interior
T094,L,181,T001,181,0,mapped,-4.580811289437268,36.55763954088508,-27.898003518045137,1,0.0,0.0,interior
T094,L,182,T001,182,0,mapped,-4.5200791674283165,35.671005335790724,-27.44378592825563,1,0.0,0.0,interior
T094,L,183,T001,183,0,mapped,-4.564511021829649,34.85890026044372,-26.82171073019011,1,0.0,0.0,interior
T094,L,184,T001,184,0,mapped,-4.6809741289962705,34.14486880114802,-26.14620361324991,1,0.0,0.0,interior
T094,L,185,T001,185,0,mapped,-4.848169681159559,33.4967218693244,-25.41619396435978,1,0.0,0.0,interior
T094,L,186,T001,186,0,mapped,-5.13164845164984,32.72394972739613,-24.578937576320826,1,0.0,0.0,interior
T094,L,187,T001,187,0,mapped,-5.417069034380013,32.12421151012293,-23.89180065632151,1,0.0,0.0,interior
T094,L,188,T001,188,0,mapped,-5.973097989032389,31.567522662217353,-23.42687238805745,1,0.0,0.0,interior
T094,L,189,T001,189,0,mapped,-9.801959229292962,41.32279464617011,-31.54873693784298,1,0.0,0.0,interior
T094,L,190,T001,190,0,mapped,-8.966176527817845,41.061168947704644,-30.930546709219474,1,0.0,0.0,interior
T094,L,191,T001,191,0,mapped,-8.048413431054026,40.83075754908121,-30.47196436706579,1,0.0,0.0,interior
T094,L,192,T001,192,0,mapped,-7.284913715859373,40.48494169312721,-30.09080628389655,1,0.0,0.0,interior
T094,L,193,T001,193,0,mapped,-6.574163553313341,39.998686295651225,-29.72889356197316,1,0.0,0.0,interior
T094,L,194,T001,194,0,mapped,-6.0100049644645335,39.45171105800608,-29.282636579687683,1,0.0,0.0,interior
T094,L,195,T001,195,0,mapped,-5.351960407234138,38.613685987509626,-28.92668039636117,1,0.0,0.0,interior
T094,L,196,T001,196,0,mapped,-4.984088291820434,37.88995904621508,-28.362988683155884,1,0.0,0.0,interior
T094,L,197,T001,197,0,mapped,-4.690073790251389,37.081158073106124,-27.991737657696756,1,0.0,0.0,interior
T094,L,198,T001,198,0,mapped,-4.525987472201063,36.306380732791325,-27.472514760376892,1,0.0,0.0,interior
T094,L,199,T001,199,0,mapped,-4.491715304840389,35.39360798012231,-26.98014418533514,1,0.0,0.0,interior
T094,L,200,T001,200,0,mapped,-4.555683263824627,34.59228547944902,-26.41483100007679,1,0.0,0.0,interior
T094,L,201,T001,201,0,mapped,-4.699484833203949,33.87002530739612,-25.737620695973074,1,0.0,0.0,interior
T094,L,202,T001,202,0,mapped,-4.909449025483566,33.1748505352474,-24.939717537976527,1,0.0,0.0,interior
T094,L,203,T001,203,0,mapped,-5.171581227020497,32.518315443296004,-24.249701540951204,1,0.0,0.0,interior
T094,L,204,T001,204,0,mapped,-5.47879303599276,31.859829504785015,-23.43994709212196,1,0.0,0.0,interior
T094,L,205,T001,205,0,mapped,-9.552494240334253,41.14120289401214,-31.135101653705416,1,0.0,0.0,interior
T094,L,206,T001,206,0,mapped,-8.634176010313968,40.92805977117773,-30.581377074831142,1,0.0,0.0,interior
T094,L,207,T001,207,0,mapped,-7.775112278961365,40.69397259919346,-30.09972401320059,1,0.0,0.0,interior
T094,L,208,T001,208,0,mapped,-7.133734308271202,40.344860829308104,-29.72078062048777,1,0.0,0.0,interior
T094,L,209,T001,209,0,mapped,-6.336344535055455,39.80755648468964,-29.30000300037616,1,0.0,0.0,interior
T094,L,210,T001,210,0,mapped,-5.685160794364339,39.05913766604685,-28.988477760205537,1,0.0,0.0,interior
T094,L,211,T001,211,0,mapped,-5.249975746996585,38.41930853172275,-28.49411840388894,1,0.0,0.0,interior
T094,L,212,T001,212,0,mapped,-4.864328491400966,37.62385348779614,-28.03041569531447,1,0.0,0.0,interior
T094,L,213,T001,213,0,mapped,-4.613046817933979,36.82571161065188,-27.619407886559493,1,0.0,0.0,interior
T094,L,214,T001,214,0,mapped,-4.475115037451548,35.99735970234153,-27.13661736446426,1,0.0,0.0,interior
T094,L,215,T001,215,0,mapped,-4.468065712900017,35.12615165746564,-26.63937385932877,1,0.0,0.0,interior
T094,L,216,T001,216,0,mapped,-4.566310249349957,34.3350231220019,-25.991834191681615,1,0.0,0.0,interior
T094,L,217,T001,217,0,mapped,-4.705808165240342,33.65992299513418,-25.350979671227442,1,0.0,0.0,interior
T094,L,218,T001,218,0,mapped,-4.897944097955059,32.934393141477216,-24.484105191522676,1,0.0,0.0,interior
T094,L,219,T001,219,0,mapped,-5.154677726040022,32.2214659420206,-23.761621373239137,1,0.0,0.0,interior
T094,L,220,T001,220,0,mapped,-9.2857819916661,41.01170156431941,-30.7145113184177,1,0.0,0.0,interior
T094,L,221,T001,221,0,mapped,-8.384028311913687,40.83826769746348,-30.139575610590068,1,0.0,0.0,interior
T094,L,222,T001,222,0,mapped,-7.495094600554433,40.5547925167664,-29.799976977849145,1,0.0,0.0,interior
T094,L,223,T001,223,0,mapped,-6.842963799837754,40.15816607732525,-29.340842973436608,1,0.0,0.0,interior
T094,L,224,T001,224,0,mapped,-6.172124507530016,39.559423130806934,-28.918583482171776,1,0.0,0.0,interior
T094,L,225,T001,225,0,mapped,-5.535695937434113,38.835912328582694,-28.45373778554821,1,0.0,0.0,interior
T094,L,226,T001,226,0,mapped,-5.119511675104812,38.19095284802742,-28.035099383222143,1,0.0,0.0,interior
T094,L,227,T001,227,0,mapped,-4.755877310899011,37.314827671240835,-27.694706218897977,1,0.0,0.0,interior
T094,L,228,T001,228,0,mapped,-4.5269861266428,36.570208522089104,-27.210814567982418,1,0.0,0.0,interior
T094,L,229,T001,229,0,mapped,-4.444116823636738,35.70631202836495,-26.81545834839981,1,0.0,0.0,interior
T094,L,230,T001,230,0,mapped,-4.447759518387364,34.88728758167463,-26.18046803019598,1,0.0,0.0,interior
T094,L,231,T001,231,0,mapped,-4.538420362222174,34.14702217130311,-25.614681843523822,1,0.0,0.0,interior
T094,L,232,T001,232,0,mapped,-4.720116745523094,33.38294111378413,-24.83947408280656,1,0.0,0.0,interior
T094,L,233,T001,233,0,mapped,-4.920067867688655,32.63446579483575,-24.067892853184006,1,0.0,0.0,interior
T094,L,234,T001,234,0,mapped,-9.049734883484982,40.91033032816404,-30.272061631844036,1,0.0,0.0,interior
T094,L,235,T001,235,0,mapped,-8.130787986291322,40.75991555861863,-29.845086262004532,1,0.0,0.0,interior
T094,L,236,T001,236,0,mapped,-7.365461009936559,40.390628490824156,-29.346652135366067,1,0.0,0.0,interior
T094,L,237,T001,237,0,mapped,-6.581724990187972,39.91595305439087,-28.902015771858526,1,0.0,0.0,interior
T094,L,238,T001,238,0,mapped,-6.017279822611494,39.384245170485855,-28.523437801264986,1,0.0,0.0,interior
T094,L,239,T001,239,0,mapped,-5.343336207294408,38.56887707112524,-28.09012638490794,1,0.0,0.0,interior
T094,L,240,T001,240,0,mapped,-4.938207602802413,37.887419707112784,-27.704109345166593,1,0.0,0.0,interior
T094,L,241,T001,241,0,mapped,-4.671156373909644,37.06396468787891,-27.371030413065547,1,0.0,0.0,interior
T094,L,242,T001,242,0,mapped,-4.473208349755276,36.33061310261806,-26.833452121901278,1,0.0,0.0,interior
T094,L,243,T001,243,0,mapped,-4.375132445499661,35.449016874857335,-26.39364535717298,1,0.0,0.0,interior
T094,L,244,T001,244,0,mapped,-4.446900338290463,34.56777547105028,-25.76707304831262,1,0.0,0.0,interior
T094,L,245,T001,245,0,mapped,-4.563201949017317,33.87194658821656,-25.237922905902607,1,0.0,0.0,interior
T094,L,246,T001,246,0,mapped,-4.697542812972167,33.10061721964567,-24.337781571415075,1,0.0,0.0,interior
T094,L,247,T001,247,0,mapped,-8.752266869065451,40.84633991092946,-29.853677383948536,1,0.0,0.0,interior
T094,L,248,T001,248,0,mapped,-7.902809087931953,40.59629523189305,-29.392320704987302,1,0.0,0.0,interior
T094,L,249,T001,249,0,mapped,-7.1067705546292474,40.234559723269754,-28.88586144733812,1,0.0,0.0,interior
T094,L,250,T001,250,0,mapped,-6.467533994612355,39.79444066614241,-28.601721845455973,1,0.0,0.0,interior
T094,L,251,T001,251,0,mapped,-5.831436393781164,39.208085068234936,-28.217031345706673,1,0.0,0.0,interior
T094,L,252,T001,252,0,mapped,-5.227244317975755,38.42675412378708,-27.699746584441897,1,0.0,0.0,interior
T094,L,253,T001,253,0,mapped,-4.840882307227016,37.63417902419495,-27.338285485821928,1,0.0,0.0,interior
T094,L,254,T001,254,0,mapped,-4.590884881609128,36.87012239403937,-26.91121816495805,1,0.0,0.0,interior
T094,L,255,T001,255,0,mapped,-4.406854738142004,36.065815147599395,-26.497821417583697,1,0.0,0.0,interior
T094,L,256,T001,256,0,mapped,-4.350150557936075,35.129410907260876,-25.92437461111293,1,0.0,0.0,interior
T094,L,257,T001,257,0,mapped,-4.4426036461468525,34.329245024127744,-25.455954991768163,1,0.0,0.0,interior
T094,L,258,T001,258,0,mapped,-4.561414769522079,33.5583607220984,-24.721535716736277,1,0.0,0.0,interior
T094,L,259,T001,259,0,mapped,-8.467304261700045,40.7340461389425,-29.464944322150824,1,0.0,0.0,interior
T094,L,260,T001,260,0,mapped,-7.66235255382466,40.427910885360504,-29.047695204401997,1,0.0,0.0,interior
T094,L,261,T001,261,0,mapped,-6.8504495250749855,40.07792684608444,-28.539565871271478,1,0.0,0.0,interior
T094,L,262,T001,262,0,mapped,-6.273236243388568,39.62537285536486,-28.170035127931982,1,0.0,0.0,interior
T094,L,263,T001,263,0,mapped,-5.552925720429827,38.907270055416916,-27.720459181853197,1,0.0,0.0,interior
T094,L,264,T001,264,0,mapped,-5.057340895453432,38.15726397589097,-27.337940204642834,1,0.0,0.0,interior
T094,L,265,T001,265,0,mapped,-4.743562689354012,37.39617212780884,-26.986370736067062,1,0.0,0.0,interior
T094,L,266,T001,266,0,mapped,-4.478371969981068,36.576692761936386,-26.51104521513231,1,0.0,0.0,interior
T094,L,267,T001,267,0,mapped,-4.325156137497392,35.7754080713874,-26.03522477972664,1,0.0,0.0,interior
T094,L,268,T001,268,0,mapped,-4.348331538631469,34.892419201873054,-25.676403939379217,1,0.0,0.0,interior
T094,L,269,T001,269,0,mapped,-4.432073895347006,34.04507558478872,-25.064308058296337,1,0.0,0.0,interior
T094,L,270,T001,270,0,mapped,-8.348523487616013,40.612905975986465,-29.126245344075894,1,0.0,0.0,interior
T094,L,271,T001,271,0,mapped,-7.348451613395734,40.345064264377314,-28.67933895638626,1,0.0,0.0,interior
T094,L,272,T001,272,0,mapped,-6.60949660588199,39.8980799665304,-28.2031471113791,1,0.0,0.0,interior
T094,L,273,T001,273,0,mapped,-6.019153999132409,39.41819133094184,-27.80485477350501,1,0.0,0.0,interior
T094,L,274,T001,274,0,mapped,-5.3377207716660475,38.6659716182849,-27.33123844740952,1,0.0,0.0,interior
T094,L,275,T001,275,0,mapped,-4.919143308945355,37.87514919179817,-26.989339088026885,1,0.0,0.0,interior
T094,L,276,T001,276,0,mapped,-4.615479302471574,37.18107402653624,-26.576398901097733,1,0.0,0.0,interior
T094,L,277,T001,277,0,mapped,-4.391188056129213,36.34888831776114,-26.187064021323184,1,0.0,0.0,interior
T094,L,278,T001,278,0,mapped,-4.262810212672209,35.47336843495181,-25.74793909558143,1,0.0,0.0,interior
T094,L,279,T001,279,0,mapped,-4.3173088586526065,34.58841712559894,-25.321428071342947,1,0.0,0.0,interior
T094,L,280,T001,280,0,mapped,-8.037995796462504,40.44839742847087,-28.758618449199,1,0.0,0.0,interior
T094,L,281,T001,281,0,mapped,-7.0634311063440975,40.20196907525869,-28.237263232222983,1,0.0,0.0,interior
T094,L,282,T001,282,0,mapped,-6.507389911145076,39.823873264964476,-27.936156050592896,1,0.0,0.0,interior
T094,L,283,T001,283,0,mapped,-5.7401235687269985,39.197669485648575,-27.396149626418786,1,0.0,0.0,interior
T094,L,284,T001,284,0,mapped,-5.145918550045625,38.381781832251576,-27.00416669604108,1,0.0,0.0,interior
T094,L,285,T001,285,0,mapped,-4.788975453260835,37.70285209244315,-26.667283689623314,1,0.0,0.0,interior
T094,L,286,T001,286,0,mapped,-4.507753793418942,36.97867253793254,-26.19075966248397,1,0.0,0.0,interior
T094,L,287,T001,287,0,mapped,-4.2960324964013585,36.12157798201051,-25.79708502460777,1,0.0,0.0,interior
T094,L,288,T001,288,0,mapped,-4.233679497766476,35.177396005937425,-25.42735879579883,1,0.0,0.0,interior
T094,L,289,T001,289,0,mapped,-7.7456728582624566,40.385181162761796,-28.356311567320585,1,0.0,0.0,interior
T094,L,290,T001,290,0,mapped,-6.853450832342412,40.0828595110104,-27.908277080559117,1,0.0,0.0,interior
T094,L,291,T001,291,0,mapped,-6.1783693288045605,39.59418904541336,-27.554248488181063,1,0.0,0.0,interior
T094,L,292,T001,292,0,mapped,-5.474554823744648,38.921280048912266,-27.043211445358317,1,0.0,0.0,interior
T094,L,293,T001,293,0,mapped,-4.981628720277699,38.17976962352559,-26.66092180971881,1,0.0,0.0,interior
T094,L,294,T001,294,0,mapped,-4.656936235674329,37.484850076438605,-26.288785957509457,1,0.0,0.0,interior
T094,L,295,T001,295,0,mapped,-4.380472039747559,36.67065299874028,-25.840710312365736,1,0.0,0.0,interior
T094,L,296,T001,296,0,mapped,-4.186451033350585,35.78269716227885,-25.450768164447467,1,0.0,0.0,interior
T094,L,297,T001,297,0,mapped,-7.368018220354259,40.29293113385825,-28.061742088143237,1,0.0,0.0,interior
T094,L,298,T001,298,0,mapped,-6.673974464364418,39.96724046002585,-27.586672558550337,1,0.0,0.0,interior
T094,L,299,T001,299,0,mapped,-5.858054189541672,39.34889751363387,-27.189803373640018,1,0.0,0.0,interior
T094,L,300,T001,300,0,mapped,-5.268486412747456,38.73823116705802,-26.678079083069633,1,0.0,0.0,interior
T094,L,301,T001,301,0,mapped,-4.844800469451549,38.045023365007864,-26.29211004252247,1,0.0,0.0,interior
T094,L,302,T001,302,0,mapped,-4.506145679031186,37.24937232951525,-25.924836077034755,1,0.0,0.0,interior
T094,L,303,T001,303,0,mapped,-4.238263753897975,36.39225554392566,-25.457585632112128,1,0.0,0.0,interior
T094,L,304,T001,304,0,mapped,-7.10267392858764,40.20677775135357,-27.625566423341436,1,0.0,0.0,interior
T094,L,305,T001,305,0,mapped,-6.329006353001134,39.76200411776904,-27.245524037947934,1,0.0,0.0,interior
T094,L,306,T001,306,0,mapped,-5.61645624630199,39.17529190879108,-26.76818608453921,1,0.0,0.0,interior
T094,L,307,T001,307,0,mapped,-5.073597614215852,38.52122733905688,-26.325815363389093,1,0.0,0.0,interior
T094,L,308,T001,308,0,mapped,-4.679193015454262,37.87659532197749,-25.92161334513303,1,0.0,0.0,interior
T094,L,309,T001,309,0,mapped,-4.333488301276979,36.9894955600075,-25.460083566880467,1,0.0,0.0,interior
T094,L,310,T001,310,0,mapped,-6.843326374882081,40.077869883934056,-27.195438251849524,1,0.0,0.0,interior
T094,L,311,T001,311,0,mapped,-6.065353759690419,39.597935638886,-26.85914327871263,1,0.0,0.0,interior
T094,L,312,T001,312,0,mapped,-5.301770278672554,38.97728628812709,-26.236329425526847,1,0.0,0.0,interior
T094,L,313,T001,313,0,mapped,-4.891230275443318,38.41090388920894,-25.916809343742877,1,0.0,0.0,interior
T094,L,314,T001,314,0,mapped,-4.461152420654878,37.58730631980342,-25.470327169263076,1,0.0,0.0,interior
T094,L,315,T001,315,0,mapped,-6.503651997363878,39.90607971411005,-26.90087432340631,1,0.0,0.0,interior
T094,L,316,T001,316,0,mapped,-5.772002470618278,39.44744563539976,-26.476674022572055,1,0.0,0.0,interior
T094,L,317,T001,317,0,mapped,-5.153274375866282,38.91182311420181,-25.93244595749254,1,0.0,0.0,interior
T094,L,318,T001,318,0,mapped,-4.589251596885093,38.18626677385818,-25.480635841247764,1,0.0,0.0,interior
T094,L,319,T001,319,0,mapped,-6.188959988600579,39.74896284092128,-26.53964421389457,1,0.0,0.0,interior
T094,L,320,T001,320,0,mapped,-5.449237021015147,39.325519080877044,-25.988842725542455,1,0.0,0.0,interior
T094,L,321,T001,321,0,mapped,-4.857867950070547,38.730541978983936,-25.526438487773557,1,0.0,0.0,interior
T094,L,322,T001,322,0,mapped,-5.911465387587271,39.70115133264788,-26.105233708558877,1,0.0,0.0,interior
T094,L,323,T001,323,0,mapped,-5.163991366048808,39.25739755587901,-25.5818111734086,1,0.0,0.0,interior
T094,L,324,T001,324,0,mapped,-5.579740838553949,39.650791945303325,-25.710118557814173,1,0.0,0.0,landmark
T094,L,325,T002,25,0,mapped,-12.428354910769452,41.11853096243752,-35.43855470920191,1,0.0,0.0,interior
T094,L,326,T002,26,0,mapped,-11.334254118976366,41.10035076187255,-35.09411022748421,1,0.0,0.0,interior
T094,L,327,T002,27,0,mapped,-10.270275948924045,40.97948673350169,-34.680469901330866,1,0.0,0.0,interior
T094,L,328,T002,28,0,mapped,-9.271069739960804,40.76125537386143,-34.26450753352249,1,0.0,0.0,interior
T094,L,329,T002,29,0,mapped,-8.287366895327368,40.38495343564141,-33.939540270953216,1,0.0,0.0,interior
T094,L,330,T002,30,0,mapped,-7.465647344056616,39.998883644074624,-33.511319029949405,1,0.0,0.0,interior
T094,L,331,T002,31,0,mapped,-6.5491322753488745,39.33345004489183,-32.91492374001584,1,0.0,0.0,interior
T094,L,332,T002,32,0,mapped,-5.942300504288477,38.46710382925977,-32.63717439394418,1,0.0,0.0,interior
T094,L,333,T002,33,0,mapped,-5.483659919046099,37.52621630865163,-32.16439951838106,1,0.0,0.0,interior
T094,L,334,T002,34,0,mapped,-5.193332346421756,36.60562819100595,-31.52221159426077,1,0.0,0.0,interior
T094,L,335,T002,35,0,mapped,-5.140367490717815,35.85799565819228,-30.931486575035734,1,0.0,0.0,interior
T094,L,336,T002,36,0,mapped,-5.165307985278188,35.06864206059329,-30.275285370928657,1,0.0,0.0,interior
T094,L,337,T002,37,0,mapped,-5.392261444265254,34.304828759807364,-29.42695141049309,1,0.0,0.0,interior
T094,L,338,T002,38,0,mapped,-5.535216528428893,33.762351036784764,-28.529097653188156,1,0.0,0.0,interior
T094,L,339,T002,39,0,mapped,-5.968237198238944,33.15329172867396,-27.813039653977327,1,0.0,0.0,interior
T094,L,340,T002,40,0,mapped,-6.283968009740965,32.76218983629555,-27.053678619477186,1,0.0,0.0,interior
T094,L,341,T002,41,0,mapped,-6.630028454201122,32.393172849759225,-26.10443377591614,1,0.0,0.0,interior
T094,L,342,T002,42,0,mapped,-6.952490192114596,32.04892073497028,-25.312289680248018,1,0.0,0.0,interior
T094,L,343,T002,43,0,mapped,-7.516639749111623,31.80360438161632,-24.523843997735028,1,0.0,0.0,interior
T094,L,344,T002,44,0,mapped,-8.112865191467957,31.679119965429056,-23.747160101362887,1,0.0,0.0,interior
T094,L,345,T002,45,0,mapped,-8.550900574368264,31.50706739868836,-22.812880953628675,1,0.0,0.0,interior
T094,L,346,T002,46,0,mapped,-9.005235644436416,31.443919693698664,-21.958827758358417,1,0.0,0.0,interior
T094,L,347,T002,47,0,mapped,-9.323533284232031,31.175779060202597,-20.830781563772398,1,0.0,0.0,interior
T094,L,348,T002,48,0,mapped,-9.508954786205567,30.766481637581986,-19.95481537878042,2,0.0,0.0,shared_edge
T094,L,349,T002,49,0,mapped,-11.704667290561899,40.35579948714491,-36.20235698004336,1,0.0,0.0,interior
T094,L,350,T002,50,0,mapped,-10.482495020116549,40.23752526399264,-35.77246071430977,1,0.0,0.0,interior
T094,L,351,T002,51,0,mapped,-9.416053668310248,40.02451630076898,-35.35296182317231,1,0.0,0.0,interior
T094,L,352,T002,52,0,mapped,-8.383960420563428,39.56379620866191,-34.99303508584639,1,0.0,0.0,interior
T094,L,353,T002,53,0,mapped,-7.519421750608925,38.947806628574,-34.53642412429451,1,0.0,0.0,interior
T094,L,354,T002,54,0,mapped,-6.727876436719171,38.38197414428983,-34.02803503847443,1,0.0,0.0,interior
T094,L,355,T002,55,0,mapped,-6.199469602676922,37.60321111595458,-33.50000835486274,1,0.0,0.0,interior
T094,L,356,T002,56,0,mapped,-5.804010372874554,36.56219675874142,-32.81199501819623,1,0.0,0.0,interior
T094,L,357,T002,57,0,mapped,-5.641518750569051,35.7374714882844,-32.143540090699304,1,0.0,0.0,interior
T094,L,358,T002,58,0,mapped,-5.624609028739753,34.93557385044059,-31.357612993865615,1,0.0,0.0,interior
T094,L,359,T002,59,0,mapped,-5.7430832826335,34.26014314531196,-30.412229266266518,1,0.0,0.0,interior
T094,L,360,T002,60,0,mapped,-6.069949123166424,33.60636975272361,-29.652551590380536,1,0.0,0.0,interior
T094,L,361,T002,61,0,mapped,-6.3588113010328815,33.15560546116234,-28.898175704387008,1,0.0,0.0,interior
T094,L,362,T002,62,0,mapped,-6.703961054589036,32.773920759976434,-27.967636715351205,1,0.0,0.0,interior
T094,L,363,T002,63,0,mapped,-7.14733205642867,32.51826682456367,-27.162937693110774,1,0.0,0.0,interior
T094,L,364,T002,64,0,mapped,-7.489324207092487,32.32640999420897,-26.19383943884736,1,0.0,0.0,interior
T094,L,365,T002,65,0,mapped,-7.823224210170994,32.232472349346935,-25.366887786635946,1,0.0,0.0,interior
T094,L,366,T002,66,0,mapped,-8.294309064574545,32.20812042666856,-24.38854031549952,1,0.0,0.0,interior
T094,L,367,T002,67,0,mapped,-8.72176793180434,32.21811550142712,-23.4063939049407,1,0.0,0.0,interior
T094,L,368,T002,68,0,mapped,-9.033249406991107,32.119537016490796,-22.456806426249653,1,0.0,0.0,interior
T094,L,369,T002,69,0,mapped,-9.302161226196812,31.831083071878037,-21.5142906610068,1,0.0,0.0,interior
T094,L,370,T002,70,0,mapped,-9.454331653504841,31.625550486714946,-20.43861528452229,1,0.0,0.0,interior
T094,L,371,T002,71,0,mapped,-9.563532251240627,31.174804936230824,-19.438889835331764,2,1.7763568394002505e-15,8.881784197001252e-16,shared_edge
T094,L,372,T002,72,0,mapped,-10.904156433868074,39.30208952957841,-36.55631399985519,1,0.0,0.0,interior
T094,L,373,T002,73,0,mapped,-9.84817101441085,39.02901149539872,-36.13877605889151,1,0.0,0.0,interior
T094,L,374,T002,74,0,mapped,-8.799294302764917,38.54034254173506,-35.71941091604238,1,0.0,0.0,interior
T094,L,375,T002,75,0,mapped,-7.893071258202791,37.96323028341445,-35.14945076129672,1,0.0,0.0,interior
T094,L,376,T002,76,0,mapped,-7.23606624523517,37.22224936786708,-34.63965517108292,1,0.0,0.0,interior
T094,L,377,T002,77,0,mapped,-6.638364618594185,36.38009771324718,-33.931535016997515,1,0.0,0.0,interior
T094,L,378,T002,78,0,mapped,-6.3046474810936415,35.61418648062917,-33.22492521990952,1,0.0,0.0,interior
T094,L,379,T002,79,0,mapped,-6.214384709280651,34.970537944642516,-32.50791452535188,1,0.0,0.0,interior
T094,L,380,T002,80,0,mapped,-6.2698421305275005,34.194286309106104,-31.44336774129254,1,0.0,0.0,interior
T094,L,381,T002,81,0,mapped,-6.548758790373482,33.62809553780856,-30.68716250114982,1,0.0,0.0,interior
T094,L,382,T002,82,0,mapped,-6.824637838174128,33.232251013501354,-29.835868110936175,1,0.0,0.0,interior
T094,L,383,T002,83,0,mapped,-7.251469225965328,32.89717100749995,-28.930789164769138,1,0.0,0.0,interior
T094,L,384,T002,84,0,mapped,-7.671576501961199,32.79800465284214,-27.979998398189927,1,0.0,0.0,interior
T094,L,385,T002,85,0,mapped,-7.93392439977959,32.78735856718944,-26.99683080301518,1,0.0,0.0,interior
T094,L,386,T002,86,0,mapped,-8.124207420392567,32.845413323493375,-26.152895026268137,1,0.0,0.0,interior
T094,L,387,T002,87,0,mapped,-8.30644366600518,32.79928043336774,-25.220774790428532,1,0.0,0.0,interior
T094,L,388,T002,88,0,mapped,-8.630288851090008,32.87383819101565,-24.28363975033767,1,0.0,0.0,interior
T094,L,389,T002,89,0,mapped,-8.902874125685779,33.000867716987386,-23.23014718835515,1,0.0,0.0,interior
T094,L,390,T002,90,0,mapped,-9.155869405385777,32.8710131890013,-22.17088317478355,1,0.0,0.0,interior
T094,L,391,T002,91,0,mapped,-9.314326977009536,32.39728710261862,-21.05381091306258,1,0.0,0.0,interior
T094,L,392,T002,92,0,mapped,-9.311365511807445,32.01522160867472,-19.9688724658151,1,0.0,0.0,interior
T094,L,393,T002,93,0,mapped,-9.347264161279732,31.566742750180392,-18.96489684620332,2,1.4210854715202004e-14,7.105427357601002e-15,shared_edge
T094,L,394,T002,94,0,mapped,-10.09932069721598,38.1361451855723,-36.56195653076557,1,0.0,0.0,interior
T094,L,395,T002,95,0,mapped,-9.22471941422611,37.6727554746453,-36.05377090350059,1,0.0,0.0,interior
T094,L,396,T002,96,0,mapped,-8.41451414995159,37.05566611425934,-35.5490554531422,1,0.0,0.0,interior
T094,L,397,T002,97,0,mapped,-7.713650936590958,36.2994276648061,-34.91826658421242,1,0.0,0.0,interior
T094,L,398,T002,98,0,mapped,-7.370071884025535,35.52484692413694,-34.25118306993424,1,0.0,0.0,interior
T094,L,399,T002,99,0,mapped,-7.174480157376509,34.84847669485025,-33.39484320288754,1,0.0,0.0,interior
T094,L,400,T002,100,0,mapped,-7.202848603724127,34.19169962058173,-32.65831641609711,1,0.0,0.0,interior
T094,L,401,T002,101,0,mapped,-7.269848675201711,33.79819082745723,-31.753456135986397,1,0.0,0.0,interior
T094,L,402,T002,102,0,mapped,-7.5375214608842525,33.522295621368016,-30.771918256367083,1,0.0,0.0,interior
T094,L,403,T002,103,0,mapped,-7.7960888296261395,33.39854548587175,-29.764831582645208,1,0.0,0.0,interior
T094,L,404,T002,104,0,mapped,-7.9609315284469115,33.286396106873866,-28.787767849425087,1,0.0,0.0,interior
T094,L,405,T002,105,0,mapped,-8.089519623638596,33.47687186010232,-27.73645333991395,1,0.0,0.0,interior
T094,L,406,T002,106,0,mapped,-8.155760283065721,33.58022485792783,-26.69041316655677,1,0.0,0.0,interior
T094,L,407,T002,107,0,mapped,-8.214884721814506,33.484117113642384,-25.83558014212752,1,0.0,0.0,interior
T094,L,408,T002,108,0,mapped,-8.455395719280489,33.607873062377905,-25.001873030028285,1,0.0,0.0,interior
T094,L,409,T002,109,0,mapped,-8.637904496132688,33.71253537045949,-23.980579003349273,1,0.0,0.0,interior
T094,L,410,T002,110,0,mapped,-8.834634844814534,33.66726938694394,-22.87883890957316,1,0.0,0.0,interior
T094,L,411,T002,111,0,mapped,-9.074772361530814,33.31686205086754,-21.860606886758493,1,0.0,0.0,interior
T094,L,412,T002,112,0,mapped,-9.022760029095757,32.949918303070405,-20.62276080278859,1,0.0,0.0,interior
T094,L,413,T002,113,0,mapped,-8.916678168991972,32.44352134926666,-19.508133421217966,1,0.0,0.0,interior
T094,L,414,T002,114,0,mapped,-8.991424611760795,31.953530159431647,-18.453268501252904,2,6.4047456679787536e-15,3.2023728339893768e-15,shared_edge
T094,L,415,T002,115,0,mapped,-9.741546976824731,36.831975402255736,-36.384113319187335,1,0.0,0.0,interior
T094,L,416,T002,116,0,mapped,-9.10437393364732,36.145265421177925,-35.78121530654103,1,0.0,0.0,interior
T094,L,417,T002,117,0,mapped,-8.49945567816242,35.54453365934097,-35.02584865466656,1,0.0,0.0,interior
T094,L,418,T002,118,0,mapped,-8.261878324708334,34.92244464715711,-34.236009620249106,1,0.0,0.0,interior
T094,L,419,T002,119,0,mapped,-8.10992750226237,34.392231744338574,-33.30656932515268,1,0.0,0.0,interior
T094,L,420,T002,120,0,mapped,-8.147863784910871,34.082780926117366,-32.390829648747015,1,0.0,0.0,interior
T094,L,421,T002,121,0,mapped,-8.207390517624681,34.09133363217124,-31.43952255153195,1,0.0,0.0,interior
T094,L,422,T002,122,0,mapped,-8.036042987146516,34.03168732412115,-30.45642069690076,1,0.0,0.0,interior
T094,L,423,T002,123,0,mapped,-8.043814719748365,34.00640664635152,-29.489461516310627,1,0.0,0.0,interior
T094,L,424,T002,124,0,mapped,-8.094512125802702,34.17342252178011,-28.544938348730664,1,0.0,0.0,interior
T094,L,425,T002,125,0,mapped,-8.065348785356953,34.30449961010561,-27.554491176337528,1,0.0,0.0,interior
T094,L,426,T002,126,0,mapped,-7.913764729899107,34.3451883117265,-26.57585373737033,1,0.0,0.0,interior
T094,L,427,T002,127,0,mapped,-8.109250920052421,34.248408268175226,-25.5530157489224,1,0.0,0.0,interior
T094,L,428,T002,128,0,mapped,-8.480579199126783,34.39157590263373,-24.78562986880986,1,0.0,0.0,interior
T094,L,429,T002,129,0,mapped,-8.67417450926256,34.53272912308056,-23.611588772231123,1,0.0,0.0,interior
T094,L,430,T002,130,0,mapped,-8.715620725432844,34.3521295045274,-22.619643145497406,1,0.0,0.0,interior
T094,L,431,T002,131,0,mapped,-8.69834185824309,33.99574644993487,-21.445765685832487,1,0.0,0.0,interior
T094,L,432,T002,132,0,mapped,-8.534320022273398,33.385216235666874,-20.128347331731455,1,0.0,0.0,interior
T094,L,433,T002,133,0,mapped,-8.463515276687229,32.84424176890953,-18.947638753671658,1,0.0,0.0,interior
T094,L,434,T002,134,0,mapped,-8.65576335709676,32.29349283693632,-17.919412332286605,2,3.972054645195637e-15,1.9860273225978185e-15,shared_edge
T094,L,435,T002,135,0,mapped,-9.801664901144049,35.59542713979545,-35.77612325853684,1,0.0,0.0,interior
T094,L,436,T002,136,0,mapped,-9.440891775108646,35.120458651356955,-34.81830444285468,1,0.0,0.0,interior
T094,L,437,T002,137,0,mapped,-9.162404370840683,34.774554714700045,-33.96185314906069,1,0.0,0.0,interior
T094,L,438,T002,138,0,mapped,-8.93641602462032,34.638350227455845,-32.88885066556193,1,0.0,0.0,interior
T094,L,439,T002,139,0,mapped,-8.739904797404837,34.6652280156013,-32.066364926505415,1,0.0,0.0,interior
T094,L,440,T002,140,0,mapped,-8.469125406349036,34.814453540966895,-31.162564243875398,1,0.0,0.0,interior
T094,L,441,T002,141,0,mapped,-8.4985687985195,34.83831523936027,-30.19616376057067,1,0.0,0.0,interior
T094,L,442,T002,142,0,mapped,-8.325357344103399,34.83777721648839,-29.14398706633865,1,0.0,0.0,interior
T094,L,443,T002,143,0,mapped,-8.198354810806357,35.02523343081154,-28.273529793891967,1,0.0,0.0,interior
T094,L,444,T002,144,0,mapped,-8.039376028790748,35.18122240762939,-27.355095100937362,1,0.0,0.0,interior
T094,L,445,T002,145,0,mapped,-7.950128722086985,35.14699785754881,-26.39179153615381,1,0.0,0.0,interior
T094,L,446,T002,146,0,mapped,-8.21093967079576,35.09816439830897,-25.465983390667844,1,0.0,0.0,interior
T094,L,447,T002,147,0,mapped,-8.493132967577296,35.30289499013321,-24.374885634344032,1,0.0,0.0,interior
T094,L,448,T002,148,0,mapped,-8.563796607849351,35.29112311238478,-23.319333142443526,1,0.0,0.0,interior
T094,L,449,T002,149,0,mapped,-8.377452257052116,35.133264463802746,-22.33887287269882,1,0.0,0.0,interior
T094,L,450,T002,150,0,mapped,-8.104030644512038,34.6225581716612,-20.994782004505538,1,0.0,0.0,interior
T094,L,451,T002,151,0,mapped,-7.949839222381247,33.83567828971894,-19.549700267065738,1,0.0,0.0,interior
T094,L,452,T002,152,0,mapped,-8.045679761666802,33.24602732708526,-18.341961440088294,1,0.0,0.0,interior
T094,L,453,T002,153,0,mapped,-8.444579525332298,32.47624217307863,-17.239035595764538,2,7.105427357601002e-15,3.552713678800501e-15,shared_edge
T094,L,454,T002,154,0,mapped,-10.150387304230176,35.06025952144557,-34.52415662651971,1,0.0,0.0,interior
T094,L,455,T002,155,0,mapped,-9.89405558550375,35.0591044823601,-33.64960583730702,1,0.0,0.0,interior
T094,L,456,T002,156,0,mapped,-9.602651330556743,35.091859047929944,-32.62015284740079,1,0.0,0.0,interior
T094,L,457,T002,157,0,mapped,-9.26023101641253,35.22524144214658,-31.709830973932743,1,0.0,0.0,interior
T094,L,458,T002,158,0,mapped,-9.135267699956707,35.438110282887465,-30.860814576940026,1,0.0,0.0,interior
T094,L,459,T002,159,0,mapped,-8.90894991458304,35.41305582783056,-29.943874631055625,1,0.0,0.0,interior
T094,L,460,T002,160,0,mapped,-8.573125965589664,35.47387654289278,-28.952972055106137,1,0.0,0.0,interior
T094,L,461,T002,161,0,mapped,-8.494879005920659,35.81026614039567,-27.9735090760594,1,0.0,0.0,interior
T094,L,462,T002,162,0,mapped,-8.2979988251965,35.862661364680065,-27.031980398158634,1,0.0,0.0,interior
T094,L,463,T002,163,0,mapped,-8.351835691240765,35.96314020114582,-26.166030931716875,1,0.0,0.0,interior
T094,L,464,T002,164,0,mapped,-8.460321164698048,35.93628001855714,-25.14365279528131,1,0.0,0.0,interior
T094,L,465,T002,165,0,mapped,-8.517444767128335,36.05015432609652,-24.096379765496028,1,0.0,0.0,interior
T094,L,466,T002,166,0,mapped,-8.401384659240033,35.97035658558406,-23.11619420978001,1,0.0,0.0,interior
T094,L,467,T002,167,0,mapped,-7.948294058963936,35.93029781971087,-22.047448487208673,1,0.0,0.0,interior
T094,L,468,T002,168,0,mapped,-7.396004876247313,35.27345740091063,-20.369008727121773,1,0.0,0.0,interior
T094,L,469,T002,169,0,mapped,-7.4643319423609915,34.31290087847408,-18.883641300546067,1,0.0,0.0,interior
T094,L,470,T002,170,0,mapped,-7.748432735857795,33.682931679940125,-17.752645602857708,1,0.0,0.0,interior
T094,L,471,T002,171,0,mapped,-8.121072100432606,32.881958377036085,-16.745791189468953,2,3.972054645195637e-15,1.9860273225978185e-15,shared_edge
T094,L,472,T002,172,0,mapped,-10.444205873933281,35.35085292207634,-33.15651346057325,1,0.0,0.0,interior
T094,L,473,T002,173,0,mapped,-10.051687727142813,35.55050208562035,-32.42200858632968,1,0.0,0.0,interior
T094,L,474,T002,174,0,mapped,-9.741065275300691,35.833772961670064,-31.539467055937997,1,0.0,0.0,interior
T094,L,475,T002,175,0,mapped,-9.378982575503095,36.00737974089709,-30.668800359842916,1,0.0,0.0,interior
T094,L,476,T002,176,0,mapped,-9.052126389859355,36.251174774812,-29.713216989224833,1,0.0,0.0,interior
T094,L,477,T002,177,0,mapped,-8.820475664326057,36.455348969200514,-28.80568019617005,1,0.0,0.0,interior
T094,L,478,T002,178,0,mapped,-8.631804619823555,36.52825682156535,-27.799282773156584,1,0.0,0.0,interior
T094,L,479,T002,179,0,mapped,-8.558374726546463,36.6312561749055,-26.904419697749976,1,0.0,0.0,interior
T094,L,480,T002,180,0,mapped,-8.556054762662388,36.69746661963947,-25.946608414110017,1,0.0,0.0,interior
T094,L,481,T002,181,0,mapped,-8.568839082515252,36.75867912586507,-24.93395927346346,1,0.0,0.0,interior
T094,L,482,T002,182,0,mapped,-8.559463614111687,36.87558181702485,-23.954314127415486,1,0.0,0.0,interior
T094,L,483,T002,183,0,mapped,-8.344572673696787,36.8076709201832,-22.743552769800093,1,0.0,0.0,interior
T094,L,484,T002,184,0,mapped,-7.566273423882801,36.780558618207195,-21.5561275300896,1,0.0,0.0,interior
T094,L,485,T002,185,0,mapped,-6.8968284496531815,36.060014445081734,-19.514907826265375,1,0.0,0.0,interior
T094,L,486,T002,186,0,mapped,-7.354703608233477,35.023226971151686,-18.12664935693306,1,0.0,0.0,interior
T094,L,487,T002,187,0,mapped,-7.902167026866921,34.090156399027435,-17.280412528812132,1,0.0,0.0,interior
T094,L,488,T002,188,0,mapped,-8.320141838161856,33.39622886513348,-16.466953830156477,2,3.552713678800501e-15,1.7763568394002505e-15,shared_edge
T094,L,489,T002,189,0,mapped,-10.356241805065995,36.237917516018854,-32.066100435284554,1,0.0,0.0,interior
T094,L,490,T002,190,0,mapped,-9.954533632871122,36.5854189491144,-31.41524965554058,1,0.0,0.0,interior
T094,L,491,T002,191,0,mapped,-9.546110219607547,36.84256487659688,-30.634254346968312,1,0.0,0.0,interior
T094,L,492,T002,192,0,mapped,-9.256222031557261,37.04154911324609,-29.662302148945113,1,0.0,0.0,interior
T094,L,493,T002,193,0,mapped,-9.102113414469061,37.22841336772548,-28.64601847646936,1,0.0,0.0,interior
T094,L,494,T002,194,0,mapped,-9.052097359621854,37.40511513586742,-27.641387198817306,1,0.0,0.0,interior
T094,L,495,T002,195,0,mapped,-8.944826016357494,37.40914289667967,-26.775787810846804,1,0.0,0.0,interior
T094,L,496,T002,196,0,mapped,-8.833108878754278,37.41873432167874,-25.799769007579233,1,0.0,0.0,interior
T094,L,497,T002,197,0,mapped,-8.848626585213019,37.596440491714645,-24.808713519622525,1,0.0,0.0,interior
T094,L,498,T002,198,0,mapped,-8.898805303103444,37.81632954333543,-23.641833752912767,1,0.0,0.0,interior
T094,L,499,T002,199,0,mapped,-8.664028222657794,37.63572506586114,-22.216157834735302,1,0.0,0.0,interior
T094,L,500,T002,200,0,mapped,-8.01242695223402,37.82983022562368,-20.615781366424905,1,0.0,0.0,interior
T094,L,501,T002,201,0,mapped,-7.841021991213028,36.7490800297448,-18.83368875240233,1,0.0,0.0,interior
T094,L,502,T002,202,0,mapped,-8.236689826939415,35.43810585932616,-17.967815364302236,1,0.0,0.0,interior
T094,L,503,T002,203,0,mapped,-8.753978370209506,34.19681654353721,-17.284858209447258,1,0.0,0.0,interior
T094,L,504,T002,204,0,mapped,-9.034998372994206,33.36310361986712,-16.626367099216825,2,1.7763568394002505e-15,8.881784197001252e-16,shared_edge
T094,L,505,T002,205,0,mapped,-10.081761594567208,37.4195475497247,-31.408920438200354,1,0.0,0.0,interior
T094,L,506,T002,206,0,mapped,-9.845485932826842,37.627021763826036,-30.572784928853462,1,0.0,0.0,interior
T094,L,507,T002,207,0,mapped,-9.733406932395594,37.698391436587315,-29.587169751908462,1,0.0,0.0,interior
T094,L,508,T002,208,0,mapped,-9.827641672675188,37.73629356669771,-28.61187574131042,1,0.0,0.0,interior
T094,L,509,T002,209,0,mapped,-9.68381114397803,37.63022592483436,-27.56394152139604,1,0.0,0.0,interior
T094,L,510,T002,210,0,mapped,-9.577162931869664,37.61275065768859,-26.747804558222846,1,0.0,0.0,interior
T094,L,511,T002,211,0,mapped,-9.64315622969458,37.668583675110625,-25.645730109634744,1,0.0,0.0,interior
T094,L,512,T002,212,0,mapped,-9.778143505054572,37.85150305357594,-24.61401586086332,1,0.0,0.0,interior
T094,L,513,T002,213,0,mapped,-9.704024229446077,38.20461819612612,-23.436387751397046,1,0.0,0.0,interior
T094,L,514,T002,214,0,mapped,-9.536340628122314,38.34201443445812,-21.820108308978455,1,0.0,0.0,interior
T094,L,515,T002,215,0,mapped,-9.41075313685311,37.83557355194969,-20.00526037820206,1,0.0,0.0,interior
T094,L,516,T002,216,0,mapped,-9.095581591248301,36.623731430928544,-18.640601063224047,1,0.0,0.0,interior
T094,L,517,T002,217,0,mapped,-9.339196131085266,35.455847847815605,-17.989233409171025,1,0.0,0.0,interior
T094,L,518,T002,218,0,mapped,-9.638096549341913,34.10459626158605,-17.439441791423782,1,0.0,0.0,interior
T094,L,519,T002,219,0,mapped,-9.744317909985542,33.235567818753665,-16.800142645825808,2,1.5072887603364242e-14,7.536443801682121e-15,shared_edge
T094,L,520,T002,220,0,mapped,-10.506528798644442,38.06544467695632,-30.36694468603889,1,0.0,0.0,interior
T094,L,521,T002,221,0,mapped,-10.592250405757849,37.89884021486813,-29.493820321227172,1,0.0,0.0,interior
T094,L,522,T002,222,0,mapped,-10.485973507638207,37.72428350937153,-28.546520347231517,1,0.0,0.0,interior
T094,L,523,T002,223,0,mapped,-10.33421105437521,37.603763492188406,-27.507515919008103,1,0.0,0.0,interior
T094,L,524,T002,224,0,mapped,-10.496529792169074,37.54566165989222,-26.404296296925892,1,0.0,0.0,interior
T094,L,525,T002,225,0,mapped,-10.722392789220812,37.56896849791855,-25.41900897803527,1,0.0,0.0,interior
T094,L,526,T002,226,0,mapped,-10.78751728489921,37.802487633543734,-24.29527070164956,1,0.0,0.0,interior
T094,L,527,T002,227,0,mapped,-10.830147381085752,38.09884735795089,-23.071746504507697,1,0.0,0.0,interior
T094,L,528,T002,228,0,mapped,-10.86122314514558,38.17824183859979,-21.506473452156143,1,0.0,0.0,interior
T094,L,529,T002,229,0,mapped,-10.740311646768582,37.71088056213782,-19.79054870784313,1,0.0,0.0,interior
T094,L,530,T002,230,0,mapped,-10.440916251955244,36.4964767395078,-18.647189762387843,1,0.0,0.0,interior
T094,L,531,T002,231,0,mapped,-10.41428196790569,35.24083795184261,-18.065041947430736,1,0.0,0.0,interior
T094,L,532,T002,232,0,mapped,-10.313171998531185,34.12398896033524,-17.658347669887522,1,0.0,0.0,interior
T094,L,533,T002,233,0,mapped,-10.42675792756491,33.00286061647097,-16.971754822047266,2,7.105427357601002e-15,3.552713678800501e-15,shared_edge
T094,L,534,T002,234,0,mapped,-11.307775325727256,37.8601771731788,-29.31346366080007,1,0.0,0.0,interior
T094,L,535,T002,235,0,mapped,-11.16762221964471,37.68435248410536,-28.336603789948803,1,0.0,0.0,interior
T094,L,536,T002,236,0,mapped,-11.150700801987716,37.4824399679144,-27.44056260534243,1,0.0,0.0,interior
T094,L,537,T002,237,0,mapped,-11.28441928022091,37.371413428570634,-26.36163869995541,1,0.0,0.0,interior
T094,L,538,T002,238,0,mapped,-11.556201362064622,37.29451794050412,-25.336488203642464,1,0.0,0.0,interior
T094,L,539,T002,239,0,mapped,-11.687109896796942,37.51709733972342,-24.171140491768032,1,0.0,0.0,interior
T094,L,540,T002,240,0,mapped,-11.871037393493152,37.82780578654575,-22.887384392876847,1,0.0,0.0,interior
T094,L,541,T002,241,0,mapped,-12.040497135824275,37.887989353861926,-21.423263850521995,1,0.0,0.0,interior
T094,L,542,T002,242,0,mapped,-11.883431572335773,37.29387033646715,-19.820078439359378,1,0.0,0.0,interior
T094,L,543,T002,243,0,mapped,-11.55900100206935,36.18557426955263,-18.725474045530714,1,0.0,0.0,interior
T094,L,544,T002,244,0,mapped,-11.261659345975307,34.990176185888984,-18.154673736946894,1,0.0,0.0,interior
T094,L,545,T002,245,0,mapped,-11.254463597634127,33.867644504882946,-17.813766647653967,1,0.0,0.0,interior
T094,L,546,T002,246,0,mapped,-11.105536417366517,32.757500676727574,-17.138467733147312,2,5.3290705182007506e-15,2.664535259100376e-15,shared_edge
T094,L,547,T002,247,0,mapped,-11.96711791217681,37.39390898369284,-28.245393523948,1,0.0,0.0,interior
T094,L,548,T002,248,0,mapped,-11.96983881917401,37.18421024111804,-27.29439568911891,1,0.0,0.0,interior
T094,L,549,T002,249,0,mapped,-12.073624381897357,36.993317300881486,-26.293492892965325,1,0.0,0.0,interior
T094,L,550,T002,250,0,mapped,-12.336913425253975,36.929113899496585,-25.23802570215872,1,0.0,0.0,interior
T094,L,551,T002,251,0,mapped,-12.532014450336279,37.100276402136544,-24.192583524647816,1,0.0,0.0,interior
T094,L,552,T002,252,0,mapped,-12.71187721841562,37.42123159546607,-22.88561137039326,1,0.0,0.0,interior
T094,L,553,T002,253,0,mapped,-13.000822163147445,37.39574928000988,-21.31491253286761,1,0.0,0.0,interior
T094,L,554,T002,254,0,mapped,-12.943750849410499,36.751084695390546,-19.91022546661039,1,0.0,0.0,interior
T094,L,555,T002,255,0,mapped,-12.51262572047175,35.85139824416855,-18.81163057684567,1,0.0,0.0,interior
T094,L,556,T002,256,0,mapped,-12.123625517714537,34.623953795871884,-18.255866075809056,1,0.0,0.0,interior
T094,L,557,T002,257,0,mapped,-11.858949570289447,33.49786799996488,-17.914516896186097,1,0.0,0.0,interior
T094,L,558,T002,258,0,mapped,-11.750343897712634,32.43389170399762,-17.30791694872028,2,7.944109290391274e-15,3.972054645195637e-15,shared_edge
T094,L,559,T002,259,0,mapped,-12.771817162975509,36.7973890403389,-27.254925090075417,1,0.0,0.0,interior
T094,L,560,T002,260,0,mapped,-12.764296241203455,36.60441496090904,-26.256484349163788,1,0.0,0.0,interior
T094,L,561,T002,261,0,mapped,-13.01079888058932,36.540957067095164,-25.22803017119235,1,0.0,0.0,interior
T094,L,562,T002,262,0,mapped,-13.182793941051859,36.69022043457521,-24.21976377883162,1,0.0,0.0,interior
T094,L,563,T002,263,0,mapped,-13.557775254070826,36.825024509616284,-23.031984091322183,1,0.0,0.0,interior
T094,L,564,T002,264,0,mapped,-13.935469116528164,36.7365565630227,-21.37416691610244,1,0.0,0.0,interior
T094,L,565,T002,265,0,mapped,-13.759807198068453,36.32222194926226,-20.028248619003495,1,0.0,0.0,interior
T094,L,566,T002,266,0,mapped,-13.41903964708668,35.26118463809922,-18.89616351726336,1,0.0,0.0,interior
T094,L,567,T002,267,0,mapped,-13.008090992368114,34.18074898821753,-18.440078865536258,1,0.0,0.0,interior
T094,L,568,T002,268,0,mapped,-12.607536327488729,33.1671999931588,-18.09256770629304,1,0.0,0.0,interior
T094,L,569,T002,269,0,mapped,-12.371194558636125,32.062175100873915,-17.46916204944336,2,1.7763568394002505e-14,8.881784197001252e-15,shared_edge
T094,L,570,T002,270,0,mapped,-13.441201501053753,36.16264238405677,-26.238269793087067,1,0.0,0.0,interior
T094,L,571,T002,271,0,mapped,-13.64434495128797,36.08504874795628,-25.28112515774239,1,0.0,0.0,interior
T094,L,572,T002,272,0,mapped,-13.924775086644486,36.06097866322179,-24.333560242659054,1,0.0,0.0,interior
T094,L,573,T002,273,0,mapped,-14.292542115652479,36.17871378562036,-23.170775362066166,1,0.0,0.0,interior
T094,L,574,T002,274,0,mapped,-14.606108311139904,36.162837847786946,-21.536773090852254,1,0.0,0.0,interior
T094,L,575,T002,275,0,mapped,-14.74605425857286,35.49963591452274,-20.261722185546727,1,0.0,0.0,interior
T094,L,576,T002,276,0,mapped,-14.251402772930458,34.782730107078166,-19.174734533430033,1,0.0,0.0,interior
T094,L,577,T002,277,0,mapped,-13.737000968847875,33.58274716589003,-18.5390188768193,1,0.0,0.0,interior
T094,L,578,T002,278,0,mapped,-13.362234901519722,32.61875155671274,-18.2837615936979,1,0.0,0.0,interior
T094,L,579,T002,279,0,mapped,-12.958931033150108,31.640299563830315,-17.624185152681722,2,5.024295867788081e-15,2.5121479338940407e-15,shared_edge
T094,L,580,T002,280,0,mapped,-14.346863102977505,35.44014871626031,-25.53801026718712,1,0.0,0.0,interior
T094,L,581,T002,281,0,mapped,-14.652613630710027,35.40282313820302,-24.46221678881405,1,0.0,0.0,interior
T094,L,582,T002,282,0,mapped,-15.025005583515304,35.449031135939094,-23.29502561809541,1,0.0,0.0,interior
T094,L,583,T002,283,0,mapped,-15.324926420662585,35.432464666991024,-21.839140697949237,1,0.0,0.0,interior
T094,L,584,T002,284,0,mapped,-15.366183582980725,34.96730097726281,-20.54976902355815,1,0.0,0.0,interior
T094,L,585,T002,285,0,mapped,-15.036652291378347,34.16443065889179,-19.475393280793906,1,0.0,0.0,interior
T094,L,586,T002,286,0,mapped,-14.553864903484993,32.9942815871527,-18.776976412426592,1,0.0,0.0,interior
T094,L,587,T002,287,0,mapped,-14.041051930402535,32.137585510140184,-18.47940334602368,1,0.0,0.0,interior
T094,L,588,T002,288,0,mapped,-13.554116963152868,31.227239849703256,-17.780691845119723,2,8.702335715267317e-15,4.3511678576336575e-15,shared_edge
T094,L,589,T002,289,0,mapped,-15.157973264816249,34.7436400373859,-24.707985528168663,1,0.0,0.0,interior
T094,L,590,T002,290,0,mapped,-15.5638576956398,34.76380004560974,-23.49820181257277,1,0.0,0.0,interior
T094,L,591,T002,291,0,mapped,-15.82516151292822,34.76803639014315,-22.19361755334331,1,0.0,0.0,interior
T094,L,592,T002,292,0,mapped,-15.93154334490191,34.28506156566213,-20.937885075227832,1,0.0,0.0,interior
T094,L,593,T002,293,0,mapped,-15.639688616324563,33.57502122888505,-19.827958713101406,1,0.0,0.0,interior
T094,L,594,T002,294,0,mapped,-15.225841752310776,32.51215014539598,-19.065622573460953,1,0.0,0.0,interior
T094,L,595,T002,295,0,mapped,-14.692545989037765,31.655388876034554,-18.621329772562486,1,0.0,0.0,interior
T094,L,596,T002,296,0,mapped,-14.122323110656062,30.79599958231857,-17.95568251981813,2,0.7305144537827152,0.3652572268913576,shared_edge
T094,L,597,T002,297,0,mapped,-15.993367241443874,34.12843599853046,-23.735581341744012,1,0.0,0.0,interior
T094,L,598,T002,298,0,mapped,-16.276498353014933,34.006106242595465,-22.54170394759754,1,0.0,0.0,interior
T094,L,599,T002,299,0,mapped,-16.33624843149792,33.624149039098185,-21.234760720846285,1,0.0,0.0,interior
T094,L,600,T002,300,0,mapped,-16.080848422805367,33.064351183415255,-20.172929075317494,1,0.0,0.0,interior
T094,L,601,T002,301,0,mapped,-15.741709982283227,32.082672760633955,-19.390765947566397,1,0.0,0.0,interior
T094,L,602,T002,302,0,mapped,-15.167110991038745,31.239041852748688,-18.88231649535089,1,0.0,0.0,interior
T094,L,603,T002,303,0,mapped,-14.674567179605683,30.479460090638486,-18.29296345582729,2,1.1830304941523426,0.5915152470761713,shared_edge
T094,L,604,T002,304,0,mapped,-16.58307077772342,33.29668189201861,-22.882096308318932,1,0.0,0.0,interior
T094,L,605,T002,305,0,mapped,-16.65791431521116,32.9626151089695,-21.573233254907425,1,0.0,0.0,interior
T094,L,606,T002,306,0,mapped,-16.453867720206098,32.433427139173105,-20.481327706814955,1,0.0,0.0,interior
T094,L,607,T002,307,0,mapped,-16.063753940570955,31.565219054907256,-19.654705327910186,1,0.0,0.0,interior
T094,L,608,T002,308,0,mapped,-15.60364705918797,30.844813061127144,-19.196907108973292,1,0.0,0.0,interior
T094,L,609,T002,309,0,mapped,-15.159784481013563,30.09696077872167,-18.61497695382058,2,1.6303575931319876,0.8151787965659938,shared_edge
T094,L,610,T002,310,0,mapped,-16.91205405165419,32.34798827496516,-21.88821314655689,1,0.0,0.0,interior
T094,L,611,T002,311,0,mapped,-16.761450870751375,31.75859610130789,-20.880823247316126,1,0.0,0.0,interior
T094,L,612,T002,312,0,mapped,-16.39011294315651,31.003810022564526,-20.043966381266486,1,0.0,0.0,interior
T094,L,613,T002,313,0,mapped,-16.00115251717198,30.497306905668385,-19.559299070897445,1,0.0,0.0,interior
T094,L,614,T002,314,0,mapped,-15.580974922236555,29.621353913613543,-18.93772096814887,2,1.9711600022216784,0.9855800011108392,shared_edge
T094,L,615,T002,315,0,mapped,-17.003753003296232,31.152873289668083,-21.28654090173169,1,0.0,0.0,interior
T094,L,616,T002,316,0,mapped,-16.720443689624364,30.47642843662236,-20.588197824459535,1,0.0,0.0,interior
T094,L,617,T002,317,0,mapped,-16.309469262175572,29.731694409602266,-19.92112977124892,1,0.0,0.0,interior
T094,L,618,T002,318,0,mapped,-15.95420707778114,28.990641688159872,-19.048495039206664,2,2.1181533585131618,1.0590766792565809,shared_edge
T094,L,619,T002,319,0,mapped,-16.92901347260134,29.91685222190689,-20.90907951516435,1,0.0,0.0,interior
T094,L,620,T002,320,0,mapped,-16.537664713621268,29.141765092111786,-20.132165634760398,1,0.0,0.0,interior
T094,L,621,T002,321,0,mapped,-16.34934881298621,28.44964357024634,-19.328136333197598,2,2.069311528058172,1.034655764029086,shared_edge
T094,L,622,T002,322,0,mapped,-16.879902917851695,28.63100711412098,-20.472626320323492,1,0.0,0.0,interior
T094,L,623,T002,323,0,mapped,-16.780542300008946,27.87700935309721,-19.49012035112084,2,1.587349395454495,0.7936746977272475,shared_edge
T094,L,624,T004,0,-1,landmark_vertex,-17.1738614954888,27.46501534217519,-19.803813260211754,4,0.0,0.0,landmark
T094,L,625,T003,1,0,mapped,-17.380896272902262,27.244576448469697,-19.121671991513413,2,0.0,0.0,shared_edge
T094,L,626,T003,2,0,mapped,-17.862511388775822,27.25054096380911,-18.468176586291655,2,0.0,0.0,shared_edge
T094,L,627,T003,3,0,mapped,-18.580850391392477,27.290249951644864,-18.056569141595098,2,0.0,0.0,shared_edge
T094,L,628,T003,4,0,mapped,-19.347632375130416,27.339619454268156,-17.74480960754714,2,0.0,0.0,shared_edge
T094,L,629,T003,5,0,mapped,-20.11053744749161,27.38799697668166,-17.42105987163171,2,7.32410687763558e-15,3.66205343881779e-15,shared_edge
T094,L,630,T003,6,0,mapped,-20.903447372007037,27.443461270750145,-17.179314978345683,2,3.552713678800501e-15,1.7763568394002505e-15,shared_edge
T094,L,631,T003,7,0,mapped,-21.614318816295423,27.48170547472269,-16.752761712827382,2,3.552713678800501e-15,1.7763568394002505e-15,shared_edge
T094,L,632,T003,8,0,mapped,-22.300249430615565,27.515490750852354,-16.284209290992134,2,0.0,0.0,shared_edge
T094,L,633,T003,9,0,mapped,-22.92838484870321,27.540164932441538,-15.740655918900977,2,7.944109290391274e-15,3.972054645195637e-15,shared_edge
T094,L,634,T003,10,0,mapped,-23.45308232745257,27.53324743786656,-15.103905252277835,2,3.552713678800501e-15,1.7763568394002505e-15,shared_edge
T094,L,635,T003,11,0,mapped,-23.878342919875806,27.35031542347767,-14.44132719906931,2,7.105427357601002e-15,3.552713678800501e-15,shared_edge
T094,L,636,T003,12,0,mapped,-24.114930243034046,27.11229373987663,-13.696261282254719,2,3.552713678800501e-15,1.7763568394002505e-15,shared_edge
T094,L,637,T003,13,0,mapped,-24.31837714448134,26.697098422849816,-13.00929406007245,2,8.881784197001252e-15,4.440892098500626e-15,shared_edge
T094,L,638,T003,14,0,mapped,-24.506330498437364,26.107406303388277,-12.46158938445738,2,5.024295867788081e-15,2.5121479338940407e-15,shared_edge
T094,L,639,T003,15,0,mapped,-24.432379118495554,25.68493187639096,-11.792201720248869,2,7.588599744428075e-15,3.794299872214038e-15,shared_edge
T094,L,640,T003,16,0,mapped,-24.166104831332547,25.382576621962553,-11.092590647644075,2,5.024295867788081e-15,2.5121479338940407e-15,shared_edge
T094,L,641,T003,17,0,mapped,-23.80252340519128,25.04978371239145,-10.531167695230206,2,4.440892098500626e-15,2.220446049250313e-15,shared_edge
T094,L,642,T003,18,0,mapped,-23.304293168364765,24.72109272268465,-10.013690850653479,2,3.66205343881779e-15,1.831026719408895e-15,shared_edge
T094,L,643,T003,19,0,mapped,-22.69392030084341,24.369913923152435,-9.613548977090943,2,8.881784197001252e-16,4.440892098500626e-16,shared_edge
T094,L,644,T003,20,0,mapped,-22.012067183559274,24.09179290172765,-9.28457509006885,2,0.0,0.0,shared_edge
T094,L,645,T003,21,0,mapped,-21.226413382874732,24.00958845965024,-9.026163760758712,2,0.0,0.0,shared_edge
T094,L,646,T003,22,0,mapped,-20.608969187890672,23.5370477026606,-8.981889764860375,2,5.024295867788081e-15,2.5121479338940407e-15,shared_edge
T094,L,647,T003,23,0,mapped,-20.038097039149797,23.087925665989683,-8.9929910472976,2,8.881784197001252e-16,4.440892098500626e-16,shared_edge
T094,L,648,T010,0,-1,landmark_vertex,-19.514959887637694,22.447665493763783,-8.910607836149204,5,0.0,0.0,landmark
T094,L,649,T003,25,0,mapped,-16.4805819253832,28.27822365960775,-19.404466556583824,2,1.1143749124654505,0.5571874562327253,shared_edge
T094,L,650,T003,26,0,mapped,-16.71618739069843,28.05056934191465,-18.44693793897206,1,0.0,0.0,interior
T094,L,651,T003,27,0,mapped,-17.14826097561493,28.031858445557187,-17.914596269369085,1,0.0,0.0,interior
T094,L,652,T003,28,0,mapped,-17.975563459909445,27.98277747887307,-17.39831652969188,1,0.0,0.0,interior
T094,L,653,T003,29,0,mapped,-18.766188914205102,28.387781996554917,-16.889367493261332,1,0.0,0.0,interior
T094,L,654,T003,30,0,mapped,-19.530510228508867,28.659006844467388,-16.672797559992496,1,0.0,0.0,interior
T094,L,655,T003,31,0,mapped,-20.39005688856539,29.01628720236994,-16.438743435409847,1,0.0,0.0,interior
T094,L,656,T003,32,0,mapped,-21.104988000247317,29.22436205385186,-16.24886799532537,1,0.0,0.0,interior
T094,L,657,T003,33,0,mapped,-21.945903209967803,29.408714009398818,-15.685243153784057,1,0.0,0.0,interior
T094,L,658,T003,34,0,mapped,-22.574039326715436,29.425334552608202,-14.843105164943971,1,0.0,0.0,interior
T094,L,659,T003,35,0,mapped,-22.99726590354591,29.206013449191207,-13.8671681818449,1,0.0,0.0,interior
T094,L,660,T003,36,0,mapped,-23.286560661681015,28.74424311528526,-13.047595100540919,1,0.0,0.0,interior
T094,L,661,T003,37,0,mapped,-23.461995595616735,28.257067432424417,-12.240238218228281,1,0.0,0.0,interior
T094,L,662,T003,38,0,mapped,-23.339631239718813,27.691268514247962,-11.438349521362294,1,0.0,0.0,interior
T094,L,663,T003,39,0,mapped,-23.046057331593175,27.162801882371586,-10.651085526637916,1,0.0,0.0,interior
T094,L,664,T003,40,0,mapped,-22.705555409328937,26.61708163162503,-10.121954422570447,1,0.0,0.0,interior
T094,L,665,T003,41,0,mapped,-22.28655443620677,26.015208548840857,-9.73934956589931,1,0.0,0.0,interior
T094,L,666,T003,42,0,mapped,-21.79555331000182,25.584823569861147,-9.322376508347274,1,0.0,0.0,interior
T094,L,667,T003,43,0,mapped,-21.34351621700204,25.080262999245296,-9.10560259718339,1,0.0,0.0,interior
T094,L,668,T003,44,0,mapped,-20.89183808041662,24.577653338140298,-8.976983757893017,1,0.0,0.0,interior
T094,L,669,T003,45,0,mapped,-20.383226988965767,24.1073134865714,-8.90597015072157,1,0.0,0.0,interior
T094,L,670,T003,46,0,mapped,-19.767816462156084,23.606179065374263,-8.972340147979924,1,0.0,0.0,interior
T094,L,671,T003,47,0,mapped,-19.34188919230033,23.06008390734578,-9.078333032364382,1,0.0,0.0,interior
T094,L,672,T003,48,0,mapped,-18.929302144476885,22.379794653756107,-9.050590116248188,2,3.66205343881779e-15,1.831026719408895e-15,shared_edge
T094,L,673,T003,49,0,mapped,-15.81012403533567,29.221092176317608,-19.006174483033387,2,1.194088190740427,0.5970440953702135,shared_edge
T094,L,674,T003,50,0,mapped,-15.895600794008686,28.835536006442762,-18.029354572177464,1,0.0,0.0,interior
T094,L,675,T003,51,0,mapped,-16.372198581323406,28.751371675519184,-17.185009133158825,1,0.0,0.0,interior
T094,L,676,T003,52,0,mapped,-17.231643270051308,28.92769424662818,-16.564339744581176,1,0.0,0.0,interior
T094,L,677,T003,53,0,mapped,-18.02712245173176,29.482981942427177,-16.222217322294853,1,0.0,0.0,interior
T094,L,678,T003,54,0,mapped,-18.82079328920986,30.074404042726197,-16.09263929678212,1,0.0,0.0,interior
T094,L,679,T003,55,0,mapped,-19.754786747279013,30.655902670653102,-16.067805609569398,1,0.0,0.0,interior
T094,L,680,T003,56,0,mapped,-20.73258627294389,31.0441358905026,-15.353670601556436,1,0.0,0.0,interior
T094,L,681,T003,57,0,mapped,-21.45489646621212,31.138708191558106,-14.400836956165165,1,0.0,0.0,interior
T094,L,682,T003,58,0,mapped,-21.901755975247198,30.906413941317968,-13.353246034462167,1,0.0,0.0,interior
T094,L,683,T003,59,0,mapped,-22.239298553442715,30.324690649885827,-12.315775285587396,1,0.0,0.0,interior
T094,L,684,T003,60,0,mapped,-22.230880714808777,29.66765270985213,-11.28575417771877,1,0.0,0.0,interior
T094,L,685,T003,61,0,mapped,-22.028457102321248,28.932262280686768,-10.540574283544897,1,0.0,0.0,interior
T094,L,686,T003,62,0,mapped,-21.723952731368293,28.195102088157032,-9.929500441057549,1,0.0,0.0,interior
T094,L,687,T003,63,0,mapped,-21.339258488656483,27.511825073043607,-9.442993794816132,1,0.0,0.0,interior
T094,L,688,T003,64,0,mapped,-20.97616810383417,26.77945415174074,-9.034175473095459,1,0.0,0.0,interior
T094,L,689,T003,65,0,mapped,-20.616550364316296,26.099760639213255,-8.871097176128352,1,0.0,0.0,interior
T094,L,690,T003,66,0,mapped,-20.135633521111117,25.395149689544876,-8.775817633580315,1,0.0,0.0,interior
T094,L,691,T003,67,0,mapped,-19.853190578671786,24.79260726748142,-8.825659349865392,1,0.0,0.0,interior
T094,L,692,T003,68,0,mapped,-19.49323782923593,24.26239815832201,-8.917108603406604,1,0.0,0.0,interior
T094,L,693,T003,69,0,mapped,-19.1084795381864,23.66101526295233,-9.129693287506557,1,0.0,0.0,interior
T094,L,694,T003,70,0,mapped,-18.8176917545835,23.010395909568715,-9.279831542310209,1,0.0,0.0,interior
T094,L,695,T003,71,0,mapped,-18.356940699600315,22.365510356650226,-9.242628051083306,2,7.160723346098895e-15,3.580361673049448e-15,shared_edge
T094,L,696,T003,72,0,mapped,-15.138734857516987,30.132595150407408,-18.608727342796303,2,0.9887763852263112,0.4943881926131556,shared_edge
T094,L,697,T003,73,0,mapped,-15.14322700425948,29.589434495437654,-17.539765865189466,1,0.0,0.0,interior
T094,L,698,T003,74,0,mapped,-15.640703847883257,29.494272050915814,-16.561100912201848,1,0.0,0.0,interior
T094,L,699,T003,75,0,mapped,-16.265041785719625,29.98940291312771,-15.886540031777292,1,0.0,0.0,interior
T094,L,700,T003,76,0,mapped,-17.105783370187375,30.69235467581606,-15.643093474449023,1,0.0,0.0,interior
T094,L,701,T003,77,0,mapped,-17.988631463055334,31.63900639585186,-15.58031427053422,1,0.0,0.0,interior
T094,L,702,T003,78,0,mapped,-18.965818967055384,32.32285013932318,-15.130581912478485,1,0.0,0.0,interior
T094,L,703,T003,79,0,mapped,-19.628770496458984,32.41364933774044,-14.009165347650796,1,0.0,0.0,interior
T094,L,704,T003,80,0,mapped,-20.043682696078633,32.06928840830136,-12.726107420562679,1,0.0,0.0,interior
T094,L,705,T003,81,0,mapped,-20.323301146435483,31.46653824358194,-11.673227534789895,1,0.0,0.0,interior
T094,L,706,T003,82,0,mapped,-20.526411158347216,30.633967032413818,-10.718114857598474,1,0.0,0.0,interior
T094,L,707,T003,83,0,mapped,-20.393796747329148,29.842617440821517,-9.922969470921126,1,0.0,0.0,interior
T094,L,708,T003,84,0,mapped,-20.178291844940198,28.926023562069584,-9.263800692412246,1,0.0,0.0,interior
T094,L,709,T003,85,0,mapped,-20.007982443150624,28.10584009796771,-8.798138231190714,1,0.0,0.0,interior
T094,L,710,T003,86,0,mapped,-19.809387245720295,27.233074618567894,-8.566370465375694,1,0.0,0.0,interior
T094,L,711,T003,87,0,mapped,-19.41215415870662,26.280850497416754,-8.481811955505378,1,0.0,0.0,interior
T094,L,712,T003,88,0,mapped,-19.073792627575223,25.612127921293652,-8.610065925832147,1,0.0,0.0,interior
T094,L,713,T003,89,0,mapped,-18.981910226129358,24.91436465147275,-8.780044150076243,1,0.0,0.0,interior
T094,L,714,T003,90,0,mapped,-18.762698900470042,24.315917049017852,-9.04968918701331,1,0.0,0.0,interior
T094,L,715,T003,91,0,mapped,-18.496764699024823,23.685118628398957,-9.373171575721663,1,0.0,0.0,interior
T094,L,716,T003,92,0,mapped,-18.28761124812663,22.999775064413914,-9.541786123116841,1,0.0,0.0,interior
T094,L,717,T003,93,0,mapped,-17.783811233522627,22.326507869557105,-9.4372502142402,2,0.0,0.0,shared_edge
T094,L,718,T003,94,0,mapped,-14.263188189029817,30.732042769717165,-18.06714268784045,2,0.520543502198296,0.260271751099148,shared_edge
T094,L,719,T003,95,0,mapped,-14.44048723201613,30.242047193256322,-16.973780608799558,1,0.0,0.0,interior
T094,L,720,T003,96,0,mapped,-14.833695768219464,30.44441602087465,-15.916104350393862,1,0.0,0.0,interior
T094,L,721,T003,97,0,mapped,-15.417421548047718,31.145995240000655,-15.345337659859329,1,0.0,0.0,interior
T094,L,722,T003,98,0,mapped,-16.06193569386057,32.127171276676734,-15.225688603939366,1,0.0,0.0,interior
T094,L,723,T003,99,0,mapped,-16.82479677027728,33.06346018272417,-14.766594253511975,1,0.0,0.0,interior
T094,L,724,T003,100,0,mapped,-17.559344711953862,33.19404269015324,-13.52905217528044,1,0.0,0.0,interior
T094,L,725,T003,101,0,mapped,-17.98960421092916,32.573550842719385,-12.29188876488551,1,0.0,0.0,interior
T094,L,726,T003,102,0,mapped,-18.314952913356827,31.869776546459644,-11.264662718124367,1,0.0,0.0,interior
T094,L,727,T003,103,0,mapped,-18.60222122170238,31.07920443920847,-10.37372098568125,1,0.0,0.0,interior
T094,L,728,T003,104,0,mapped,-18.7515467927798,30.200582101752023,-9.580327753536208,1,0.0,0.0,interior
T094,L,729,T003,105,0,mapped,-18.55663452658314,29.370807549903493,-8.887378365445064,1,0.0,0.0,interior
T094,L,730,T003,106,0,mapped,-18.48520026318826,28.43009014158444,-8.319760192397979,1,0.0,0.0,interior
T094,L,731,T003,107,0,mapped,-18.343316408860105,27.399119347790002,-8.084092833586642,1,0.0,0.0,interior
T094,L,732,T003,108,0,mapped,-18.220518281980844,26.411010148786144,-8.232330990642833,1,0.0,0.0,interior
T094,L,733,T003,109,0,mapped,-18.125150250466785,25.59786524709214,-8.60416802902265,1,0.0,0.0,interior
T094,L,734,T003,110,0,mapped,-18.104305894627817,24.81647164760607,-9.014526350112023,1,0.0,0.0,interior
T094,L,735,T003,111,0,mapped,-17.96672997614928,24.327561766455776,-9.386131199209094,1,0.0,0.0,interior
T094,L,736,T003,112,0,mapped,-17.87841883953572,23.628151845066157,-9.725714188196184,1,0.0,0.0,interior
T094,L,737,T003,113,0,mapped,-17.712610156098197,22.936390098381523,-9.780960311235466,1,0.0,0.0,interior
T094,L,738,T003,114,0,mapped,-17.225379009556427,22.290853737767414,-9.669793842161061,2,3.66205343881779e-15,1.831026719408895e-15,shared_edge
T094,L,739,T003,115,0,mapped,-13.360366870913536,31.13823194301383,-17.325814455278177,2,0.0,0.0,shared_edge
T094,L,740,T003,116,0,mapped,-13.456593515455056,31.108187228049257,-16.30250935037229,1,0.0,0.0,interior
T094,L,741,T003,117,0,mapped,-13.780912758604849,31.174206181821855,-15.432764385510431,1,0.0,0.0,interior
T094,L,742,T003,118,0,mapped,-14.1595637354927,32.19030975240321,-15.008040469033835,1,0.0,0.0,interior
T094,L,743,T003,119,0,mapped,-14.718817560281945,33.32295757894583,-14.495778725161953,1,0.0,0.0,interior
T094,L,744,T003,120,0,mapped,-15.485430861076354,33.45051836952567,-13.163471099387788,1,0.0,0.0,interior
T094,L,745,T003,121,0,mapped,-15.867354103291301,32.91135555332099,-11.942639972301683,1,0.0,0.0,interior
T094,L,746,T003,122,0,mapped,-16.365939706377915,32.11790357506557,-11.047637560982377,1,0.0,0.0,interior
T094,L,747,T003,123,0,mapped,-16.70571140691436,31.265622270297865,-10.149618835762066,1,0.0,0.0,interior
T094,L,748,T003,124,0,mapped,-16.90320144694205,30.261669059662932,-9.199652493413902,1,0.0,0.0,interior
T094,L,749,T003,125,0,mapped,-17.04242731097075,29.377693578598514,-8.558696445873492,1,0.0,0.0,interior
T094,L,750,T003,126,0,mapped,-17.078538620010306,28.486487200011236,-8.130009431250805,1,0.0,0.0,interior
T094,L,751,T003,127,0,mapped,-17.023861710816657,27.265239708937454,-7.940712628248528,1,0.0,0.0,interior
T094,L,752,T003,128,0,mapped,-17.19081747933441,26.28549442667953,-8.298809041791575,1,0.0,0.0,interior
T094,L,753,T003,129,0,mapped,-17.248525011169782,25.510656170886097,-8.830859663594882,1,0.0,0.0,interior
T094,L,754,T003,130,0,mapped,-17.474666809437476,24.8513039095381,-9.313711764038542,1,0.0,0.0,interior
T094,L,755,T003,131,0,mapped,-17.33278514619475,24.259415084110056,-9.863267528142716,1,0.0,0.0,interior
T094,L,756,T003,132,0,mapped,-17.324935495875025,23.469733118856315,-10.10741556557081,1,0.0,0.0,interior
T094,L,757,T003,133,0,mapped,-17.126717054747623,22.90045587152644,-10.11572936004829,1,0.0,0.0,interior
T094,L,758,T003,134,0,mapped,-16.673900223247735,22.251808264166115,-9.866214717291422,2,3.66205343881779e-15,1.831026719408895e-15,shared_edge
T094,L,759,T003,135,0,mapped,-12.414836491942458,31.77154871748124,-16.872198716528782,2,0.0,0.0,shared_edge
T094,L,760,T003,136,0,mapped,-12.420064773512959,31.57294716354261,-15.877496157586515,1,0.0,0.0,interior
T094,L,761,T003,137,0,mapped,-12.591027395660323,31.892715518893997,-14.855539825299092,1,0.0,0.0,interior
T094,L,762,T003,138,0,mapped,-12.951968830199432,33.008904645262305,-14.235106223332908,1,0.0,0.0,interior
T094,L,763,T003,139,0,mapped,-13.48089634933501,33.43636222795817,-12.929362035383887,1,0.0,0.0,interior
T094,L,764,T003,140,0,mapped,-13.887649247428092,32.89751744000583,-11.724449549237574,1,0.0,0.0,interior
T094,L,765,T003,141,0,mapped,-14.484876172019268,32.18979652767233,-10.755337425874963,1,0.0,0.0,interior
T094,L,766,T003,142,0,mapped,-14.838449359137343,31.47284154248521,-9.982188741126645,1,0.0,0.0,interior
T094,L,767,T003,143,0,mapped,-15.200696629829844,30.14814348595026,-8.82931272285777,1,0.0,0.0,interior
T094,L,768,T003,144,0,mapped,-15.494436986432989,29.270130149871196,-8.29668350966638,1,0.0,0.0,interior
T094,L,769,T003,145,0,mapped,-15.708650486626173,28.087927307823872,-7.904637987294732,1,0.0,0.0,interior
T094,L,770,T003,146,0,mapped,-15.960514998211588,27.098333231000137,-8.043286789135806,1,0.0,0.0,interior
T094,L,771,T003,147,0,mapped,-16.372148743836142,26.19572741987208,-8.520799807388483,1,0.0,0.0,interior
T094,L,772,T003,148,0,mapped,-16.57184032312446,25.596793848534258,-9.112466539591773,1,0.0,0.0,interior
T094,L,773,T003,149,0,mapped,-16.805616069594983,24.944766604388864,-9.751907654371587,1,0.0,0.0,interior
T094,L,774,T003,150,0,mapped,-16.81329252019342,24.293045071908065,-10.343195163860141,1,0.0,0.0,interior
T094,L,775,T003,151,0,mapped,-16.862081938732945,23.472045518377247,-10.45964700433985,1,0.0,0.0,interior
T094,L,776,T003,152,0,mapped,-16.450677723296817,22.828051006949377,-10.426744469529305,1,0.0,0.0,interior
T094,L,777,T003,153,0,mapped,-16.132368611839745,22.329572946913984,-10.058202269077592,2,0.0,0.0,shared_edge
T094,L,778,T003,154,0,mapped,-11.315720285507672,32.289807739712515,-16.591491207989197,2,0.0,0.0,shared_edge
T094,L,779,T003,155,0,mapped,-11.262317805657203,32.06354949769505,-15.430824230379022,1,0.0,0.0,interior
T094,L,780,T003,156,0,mapped,-11.29451852159436,32.67929191259404,-14.477994598270312,1,0.0,0.0,interior
T094,L,781,T003,157,0,mapped,-11.500535907028684,33.126024923359495,-13.22029592536863,1,0.0,0.0,interior
T094,L,782,T003,158,0,mapped,-12.10639614400453,32.935686438341435,-11.897703300127056,1,0.0,0.0,interior
T094,L,783,T003,159,0,mapped,-12.533015914113944,32.198423605401985,-10.603419844883735,1,0.0,0.0,interior
T094,L,784,T003,160,0,mapped,-12.961622560502008,31.319225480401084,-9.65879195866054,1,0.0,0.0,interior
T094,L,785,T003,161,0,mapped,-13.442007748198911,30.259323409419483,-8.850135900014353,1,0.0,0.0,interior
T094,L,786,T003,162,0,mapped,-13.950917982012403,29.02662532918733,-8.284850612183655,1,0.0,0.0,interior
T094,L,787,T003,163,0,mapped,-14.388914152818332,27.693612514818728,-8.15710251624606,1,0.0,0.0,interior
T094,L,788,T003,164,0,mapped,-15.009026960958684,26.752743760418785,-8.504551110410743,1,0.0,0.0,interior
T094,L,789,T003,165,0,mapped,-15.497806981111685,26.120454642903947,-9.0848401765026,1,0.0,0.0,interior
T094,L,790,T003,166,0,mapped,-15.959763142183698,25.618995109085358,-9.774909952883814,1,0.0,0.0,interior
T094,L,791,T003,167,0,mapped,-16.284679868176788,24.9624872530157,-10.260220990305585,1,0.0,0.0,interior
T094,L,792,T003,168,0,mapped,-16.426227139194513,24.263098661527156,-10.63562722783332,1,0.0,0.0,interior
T094,L,793,T003,169,0,mapped,-16.26246364923289,23.367288862895506,-10.785546295181415,1,0.0,0.0,interior
T094,L,794,T003,170,0,mapped,-15.942027503486774,22.741346837839238,-10.538665340686093,1,0.0,0.0,interior
T094,L,795,T003,171,0,mapped,-15.55092531370022,22.421892912933277,-10.107447675650446,2,3.972054645195637e-15,1.9860273225978185e-15,shared_edge
T094,L,796,T003,172,0,mapped,-10.15955666610314,32.64244172791018,-16.30275668134035,2,0.0,0.0,shared_edge
T094,L,797,T003,173,0,mapped,-9.926832028171134,32.291280875850106,-15.015825089110988,1,0.0,0.0,interior
T094,L,798,T003,174,0,mapped,-10.091693477583167,32.834460120242454,-13.662240162985741,1,0.0,0.0,interior
T094,L,799,T003,175,0,mapped,-10.337734560589517,32.5514109775186,-12.394849366464042,1,0.0,0.0,interior
T094,L,800,T003,176,0,mapped,-10.77733798198318,31.910883260310424,-11.082421317989184,1,0.0,0.0,interior
T094,L,801,T003,177,0,mapped,-11.399548400176993,30.866889029930608,-9.83484615158499,1,0.0,0.0,interior
T094,L,802,T003,178,0,mapped,-11.969697419809005,29.7156684500313,-9.08814398805243,1,0.0,0.0,interior
T094,L,803,T003,179,0,mapped,-12.582327594507055,28.47493204121162,-8.671802098729524,1,0.0,0.0,interior
T094,L,804,T003,180,0,mapped,-13.466693961159615,27.409374920768894,-8.94188489789807,1,0.0,0.0,interior
T094,L,805,T003,181,0,mapped,-14.280090121257121,26.804712485226244,-9.508778098610318,1,0.0,0.0,interior
T094,L,806,T003,182,0,mapped,-15.176806510327353,26.13195968023523,-9.855494453806951,1,0.0,0.0,interior
T094,L,807,T003,183,0,mapped,-15.568646621885973,25.60387318051696,-10.395040589703385,1,0.0,0.0,interior
T094,L,808,T003,184,0,mapped,-15.766247697662829,24.85761764441374,-10.875012231482668,1,0.0,0.0,interior
T094,L,809,T003,185,0,mapped,-15.941523219021057,24.202393364469916,-10.965667695530398,1,0.0,0.0,interior
T094,L,810,T003,186,0,mapped,-15.72334026029422,23.398276754031265,-11.056006162020479,1,0.0,0.0,interior
T094,L,811,T003,187,0,mapped,-15.405290410945874,22.822105119028866,-10.669267401754285,1,0.0,0.0,interior
T094,L,812,T003,188,0,mapped,-15.002747641845016,22.505974174076425,-10.211922826843063,2,3.552713678800501e-15,1.7763568394002505e-15,shared_edge
T094,L,813,T003,189,0,mapped,-9.009348739878696,33.01195326929546,-16.014874220557626,2,0.0,0.0,shared_edge
T094,L,814,T003,190,0,mapped,-8.682788764409189,32.69108670184613,-14.64238302863832,1,0.0,0.0,interior
T094,L,815,T003,191,0,mapped,-8.664227546997092,32.30015004419826,-13.099961049274034,1,0.0,0.0,interior
T094,L,816,T003,192,0,mapped,-9.110564466849691,31.40669791719456,-11.850921281378625,1,0.0,0.0,interior
T094,L,817,T003,193,0,mapped,-9.929251317500018,30.178419721302635,-10.66138379441351,1,0.0,0.0,interior
T094,L,818,T003,194,0,mapped,-11.073359562080753,29.249257923527292,-10.226267578787471,1,0.0,0.0,interior
T094,L,819,T003,195,0,mapped,-12.144028087506772,28.44059452277934,-10.10966048124423,1,0.0,0.0,interior
T094,L,820,T003,196,0,mapped,-13.133645822336259,27.72167950406472,-10.103932329985481,1,0.0,0.0,interior
T094,L,821,T003,197,0,mapped,-14.201497176183436,26.9936215889871,-10.285408943909387,1,0.0,0.0,interior
T094,L,822,T003,198,0,mapped,-14.798906420372678,26.467000397486924,-10.745372704775786,1,0.0,0.0,interior
T094,L,823,T003,199,0,mapped,-15.049685057126618,25.622274915207154,-11.107821377697498,1,0.0,0.0,interior
T094,L,824,T003,200,0,mapped,-15.216829639927642,24.775457914269968,-11.409154445621942,1,0.0,0.0,interior
T094,L,825,T003,201,0,mapped,-15.294642107445421,24.123470659189266,-11.395155917177012,1,0.0,0.0,interior
T094,L,826,T003,202,0,mapped,-15.110064818797387,23.415960291861364,-11.212617203024578,1,0.0,0.0,interior
T094,L,827,T003,203,0,mapped,-14.798883374216466,22.864442134475446,-10.768506540569128,1,0.0,0.0,interior
T094,L,828,T003,204,0,mapped,-14.428672960006788,22.602479674002087,-10.258401055929456,2,0.0,0.0,shared_edge
T094,L,829,T003,205,0,mapped,-8.351668921307297,32.517916447486414,-15.840378855016695,2,0.0,0.0,shared_edge
T094,L,830,T003,206,0,mapped,-8.552737331224604,31.93969909833905,-14.513320148324395,1,0.0,0.0,interior
T094,L,831,T003,207,0,mapped,-8.842939377837126,30.915260005310348,-13.18917854335842,1,0.0,0.0,interior
T094,L,832,T003,208,0,mapped,-9.885154025500768,29.99131514704474,-12.220691434518086,1,0.0,0.0,interior
T094,L,833,T003,209,0,mapped,-11.132705991620295,29.41694434290329,-11.48074326948769,1,0.0,0.0,interior
T094,L,834,T003,210,0,mapped,-12.275749868032573,28.788946244800652,-11.168319340609848,1,0.0,0.0,interior
T094,L,835,T003,211,0,mapped,-13.4299682180389,28.100592005800973,-11.152194999083479,1,0.0,0.0,interior
T094,L,836,T003,212,0,mapped,-13.926809431840201,27.080122333763644,-11.24383050455164,1,0.0,0.0,interior
T094,L,837,T003,213,0,mapped,-14.356033315461183,26.338277385747414,-11.409307012423406,1,0.0,0.0,interior
T094,L,838,T003,214,0,mapped,-14.639731851805136,25.504218882669743,-11.693873946266725,1,0.0,0.0,interior
T094,L,839,T003,215,0,mapped,-14.812213204874396,24.725641313466898,-11.738465761803022,1,0.0,0.0,interior
T094,L,840,T003,216,0,mapped,-14.692091042919635,23.976565980263477,-11.669467043635665,1,0.0,0.0,interior
T094,L,841,T003,217,0,mapped,-14.529823916848475,23.405756077889638,-11.350666689233194,1,0.0,0.0,interior
T094,L,842,T003,218,0,mapped,-14.20880010567831,22.914718579741237,-10.847151854053363,1,0.0,0.0,interior
T094,L,843,T003,219,0,mapped,-13.85737149822683,22.751977256981938,-10.116568207594236,2,3.972054645195637e-15,1.9860273225978185e-15,shared_edge
T094,L,844,T003,220,0,mapped,-9.18486452007642,31.70584332241815,-15.553665107926891,2,0.0,0.0,shared_edge
T094,L,845,T003,221,0,mapped,-9.62666152966799,31.156670172209058,-14.452639388029935,1,0.0,0.0,interior
T094,L,846,T003,222,0,mapped,-10.26032685558425,30.159658851400803,-13.555856793964,1,0.0,0.0,interior
T094,L,847,T003,223,0,mapped,-11.250872825612365,29.38689303983133,-12.716160060344498,1,0.0,0.0,interior
T094,L,848,T003,224,0,mapped,-12.114626552264548,28.763490582101863,-12.040372539227214,1,0.0,0.0,interior
T094,L,849,T003,225,0,mapped,-12.95222628807766,27.81254567943196,-12.004925994441573,1,0.0,0.0,interior
T094,L,850,T003,226,0,mapped,-13.544858402549968,27.057331392002457,-11.948949329200127,1,0.0,0.0,interior
T094,L,851,T003,227,0,mapped,-14.011840862991265,26.203943071098774,-12.02610232404151,1,0.0,0.0,interior
T094,L,852,T003,228,0,mapped,-14.271964572915994,25.352206550862295,-12.128626622387543,1,0.0,0.0,interior
T094,L,853,T003,229,0,mapped,-14.34466758019139,24.497273885085743,-12.024348424622655,1,0.0,0.0,interior
T094,L,854,T003,230,0,mapped,-14.118136752951326,23.79924261378811,-11.792878810600044,1,0.0,0.0,interior
T094,L,855,T003,231,0,mapped,-13.989855515811744,23.319608628999568,-11.330169218852584,1,0.0,0.0,interior
T094,L,856,T003,232,0,mapped,-13.67190706803159,22.997902334506353,-10.748189038551414,1,0.0,0.0,interior
T094,L,857,T003,233,0,mapped,-13.302368301266064,22.941077065806542,-9.961330717015725,2,1.7763568394002505e-15,8.881784197001252e-16,shared_edge
T094,L,858,T003,234,0,mapped,-10.111305360296058,30.911422726198357,-15.55429601794627,2,0.0,0.0,shared_edge
T094,L,859,T003,235,0,mapped,-10.658394733758088,30.081717289935572,-14.5432243968398,1,0.0,0.0,interior
T094,L,860,T003,236,0,mapped,-11.142609501731602,29.25380164763285,-13.954832753644503,1,0.0,0.0,interior
T094,L,861,T003,237,0,mapped,-11.8512795421124,28.652674371782194,-13.075271396942181,1,0.0,0.0,interior
T094,L,862,T003,238,0,mapped,-12.700260050971385,27.602271717592945,-12.756341457362206,1,0.0,0.0,interior
T094,L,863,T003,239,0,mapped,-13.258670419402238,26.927483548043593,-12.616130084298549,1,0.0,0.0,interior
T094,L,864,T003,240,0,mapped,-13.693798606002229,25.996155774065688,-12.59080465309519,1,0.0,0.0,interior
T094,L,865,T003,241,0,mapped,-13.87922387635112,25.166864444619154,-12.460182211467412,1,0.0,0.0,interior
T094,L,866,T003,242,0,mapped,-13.758263677303209,24.351729023240654,-12.297122843478409,1,0.0,0.0,interior
T094,L,867,T003,243,0,mapped,-13.721269096898403,23.739973139539856,-11.845337043866943,1,0.0,0.0,interior
T094,L,868,T003,244,0,mapped,-13.314404679680463,23.331333932715513,-11.288048189063241,1,0.0,0.0,interior
T094,L,869,T003,245,0,mapped,-13.026769848408408,23.161702704216182,-10.640243777288134,1,0.0,0.0,interior
T094,L,870,T003,246,0,mapped,-12.757656637056053,23.175333471933204,-9.8389424757057,2,3.552713678800501e-15,1.7763568394002505e-15,shared_edge
T094,L,871,T003,247,0,mapped,-10.689875203411031,29.84108275834718,-15.70184818847188,2,0.0,0.0,shared_edge
T094,L,872,T003,248,0,mapped,-11.173503388533526,29.07280982959011,-14.779846401408532,1,0.0,0.0,interior
T094,L,873,T003,249,0,mapped,-11.704949286420957,28.312289567291504,-14.027314071474041,1,0.0,0.0,interior
T094,L,874,T003,250,0,mapped,-12.47474986045969,27.434589108962353,-13.490995617408533,1,0.0,0.0,interior
T094,L,875,T003,251,0,mapped,-12.974600717334209,26.535296794603585,-13.25554608147803,1,0.0,0.0,interior
T094,L,876,T003,252,0,mapped,-13.27704283485024,25.71066561902307,-13.007432442184507,1,0.0,0.0,interior
T094,L,877,T003,253,0,mapped,-13.373386437885124,24.969248167248647,-12.757872966897118,1,0.0,0.0,interior
T094,L,878,T003,254,0,mapped,-13.327545701605226,24.223426387121375,-12.327466225401054,1,0.0,0.0,interior
T094,L,879,T003,255,0,mapped,-13.101764742791717,23.6963610667819,-11.837313977951842,1,0.0,0.0,interior
T094,L,880,T003,256,0,mapped,-12.82998326483581,23.39281832006265,-11.22357926857479,1,0.0,0.0,interior
T094,L,881,T003,257,0,mapped,-12.514803003268828,23.334101080151083,-10.472616734670455,1,0.0,0.0,interior
T094,L,882,T003,258,0,mapped,-12.190472747941941,23.322446335090593,-9.899543608320078,2,5.3290705182007506e-15,2.664535259100376e-15,shared_edge
T094,L,883,T003,259,0,mapped,-10.923221273267897,28.6534193113168,-15.592302474623592,2,0.0,0.0,shared_edge
T094,L,884,T003,260,0,mapped,-11.499612408244097,27.869180532815957,-14.873913614030345,1,0.0,0.0,interior
T094,L,885,T003,261,0,mapped,-12.186942592769533,27.128938549243177,-14.164404711338934,1,0.0,0.0,interior
T094,L,886,T003,262,0,mapped,-12.668741267587553,26.19036391287717,-13.61278486712465,1,0.0,0.0,interior
T094,L,887,T003,263,0,mapped,-12.911330897286936,25.48866958104703,-13.224895529281,1,0.0,0.0,interior
T094,L,888,T003,264,0,mapped,-12.86598685339446,24.689559140361364,-12.826810142259891,1,0.0,0.0,interior
T094,L,889,T003,265,0,mapped,-12.879523999420353,24.08816103918093,-12.324257221287793,1,0.0,0.0,interior
T094,L,890,T003,266,0,mapped,-12.620548133409484,23.671349457025528,-11.768319653648973,1,0.0,0.0,interior
T094,L,891,T003,267,0,mapped,-12.390102093411336,23.476420685530915,-11.066336364045279,1,0.0,0.0,interior
T094,L,892,T003,268,0,mapped,-12.021477920620562,23.426366896300763,-10.433518722332135,1,0.0,0.0,interior
T094,L,893,T003,269,0,mapped,-11.725002141260969,23.095174006399684,-10.006004098011166,2,6.153480596427404e-15,3.076740298213702e-15,shared_edge
T094,L,894,T003,270,0,mapped,-11.045509613153412,27.443510102514647,-15.571984738294484,2,0.0,0.0,shared_edge
T094,L,895,T003,271,0,mapped,-11.797105719878443,26.76172021686222,-14.585721936048209,1,0.0,0.0,interior
T094,L,896,T003,272,0,mapped,-12.259195911639678,25.959560627946924,-13.87448170893169,1,0.0,0.0,interior
T094,L,897,T003,273,0,mapped,-12.434183879863701,25.288359501344306,-13.40455283428318,1,0.0,0.0,interior
T094,L,898,T003,274,0,mapped,-12.49980483144913,24.567708835899882,-12.815873037381287,1,0.0,0.0,interior
T094,L,899,T003,275,0,mapped,-12.322651582795729,23.997491874566062,-12.239087127748494,1,0.0,0.0,interior
T094,L,900,T003,276,0,mapped,-12.130683934353444,23.694557575954246,-11.610411480439083,1,0.0,0.0,interior
T094,L,901,T003,277,0,mapped,-11.888377542736695,23.57982520431135,-10.975206866382333,1,0.0,0.0,interior
T094,L,902,T003,278,0,mapped,-11.593953196896077,23.137651264907614,-10.60295014648082,1,0.0,0.0,interior
T094,L,903,T003,279,0,mapped,-11.503322503062078,22.606305435901128,-10.175316879702612,2,1.7763568394002505e-15,8.881784197001252e-16,shared_edge
T094,L,904,T003,280,0,mapped,-11.312147815245606,26.46460281795986,-14.855035048145377,2,0.0,0.0,shared_edge
T094,L,905,T003,281,0,mapped,-11.728547603614897,25.72639896008919,-14.064002292905224,1,0.0,0.0,interior
T094,L,906,T003,282,0,mapped,-11.971706261127254,25.056510830009938,-13.41834457517058,1,0.0,0.0,interior
T094,L,907,T003,283,0,mapped,-12.05495990018447,24.459011266149144,-12.827879086122739,1,0.0,0.0,interior
T094,L,908,T003,284,0,mapped,-11.851159759518342,23.952768898736227,-12.121921138086414,1,0.0,0.0,interior
T094,L,909,T003,285,0,mapped,-11.633147379470941,23.751083814091178,-11.428532968836816,1,0.0,0.0,interior
T094,L,910,T003,286,0,mapped,-11.471510455894913,23.386383492928964,-11.044661903403064,1,0.0,0.0,interior
T094,L,911,T003,287,0,mapped,-11.49431888765716,22.78171524954076,-10.769055622899494,1,0.0,0.0,interior
T094,L,912,T003,288,0,mapped,-11.322732275430342,22.063452187801445,-10.332283951472741,2,0.0,0.0,shared_edge
T094,L,913,T003,289,0,mapped,-11.291854561896413,25.58087088576877,-14.113048904066666,2,0.0,0.0,shared_edge
T094,L,914,T003,290,0,mapped,-11.498157447659079,24.971698692658396,-13.40048754099995,1,0.0,0.0,interior
T094,L,915,T003,291,0,mapped,-11.569347958017167,24.36652784873264,-12.697878113559561,1,0.0,0.0,interior
T094,L,916,T003,292,0,mapped,-11.424211696962507,24.025912753232934,-11.992203356896763,1,0.0,0.0,interior
T094,L,917,T003,293,0,mapped,-11.32236091195725,23.630864088453496,-11.466861359931192,1,0.0,0.0,interior
T094,L,918,T003,294,0,mapped,-11.399159443654959,23.015555813242095,-11.220180704203775,1,0.0,0.0,interior
T094,L,919,T003,295,0,mapped,-11.347497638220949,22.328636070843633,-11.011870076064888,1,0.0,0.0,interior
T094,L,920,T003,296,0,mapped,-11.225982199839592,21.63826458075486,-10.749790695754262,2,1.7763568394002505e-15,8.881784197001252e-16,shared_edge
T094,L,921,T003,297,0,mapped,-11.0337246577463,24.823470768350138,-13.227703595030468,2,0.0,0.0,shared_edge
T094,L,922,T003,298,0,mapped,-11.214313737464996,24.357154626809713,-12.523015013782345,1,0.0,0.0,interior
T094,L,923,T003,299,0,mapped,-11.089103241467566,23.944375831752385,-11.864670694841136,1,0.0,0.0,interior
T094,L,924,T003,300,0,mapped,-11.180694795591037,23.346242601003194,-11.638564933848118,1,0.0,0.0,interior
T094,L,925,T003,301,0,mapped,-11.281733653342778,22.531128257202813,-11.615436988868536,1,0.0,0.0,interior
T094,L,926,T003,302,0,mapped,-11.242662228212223,21.856131275951007,-11.397035944423509,1,0.0,0.0,interior
T094,L,927,T003,303,0,mapped,-11.159777033587716,21.22494211040359,-11.189774789091008,2,1.7763568394002505e-15,8.881784197001252e-16,shared_edge
T094,L,928,T003,304,0,mapped,-10.72058074693209,24.299452448732435,-12.24948001972648,2,0.0,0.0,shared_edge
T094,L,929,T003,305,0,mapped,-10.854609461464356,23.583345055922486,-11.98957964553972,1,0.0,0.0,interior
T094,L,930,T003,306,0,mapped,-11.103778313630198,22.883799743067996,-12.02934273606616,1,0.0,0.0,interior
T094,L,931,T003,307,0,mapped,-11.154992726187603,22.071047010692258,-11.975743259465672,1,0.0,0.0,interior
T094,L,932,T003,308,0,mapped,-11.138468509220939,21.431620445581515,-11.79612640545023,1,0.0,0.0,interior
T094,L,933,T003,309,0,mapped,-11.012298421609575,20.7915156275089,-11.55978785661707,2,0.0,0.0,shared_edge
T094,L,934,T003,310,0,mapped,-10.805517125325736,23.198818393920053,-12.255485906619919,2,0.0,0.0,shared_edge
T094,L,935,T003,311,0,mapped,-10.9314478208087,22.452959225257306,-12.41352540388246,1,0.0,0.0,interior
T094,L,936,T003,312,0,mapped,-11.038367515837642,21.723033330354237,-12.215749370406193,1,0.0,0.0,interior
T094,L,937,T003,313,0,mapped,-10.977597363083493,20.97356110622752,-12.035599554831686,1,0.0,0.0,interior
T094,L,938,T003,314,0,mapped,-10.860043433100193,20.33352488620309,-11.866186487094339,2,1.7763568394002505e-15,8.881784197001252e-16,shared_edge
T094,L,939,T003,315,0,mapped,-10.742821610827963,22.06685409830533,-12.765734296124187,2,0.0,0.0,shared_edge
T094,L,940,T003,316,0,mapped,-10.812402596663844,21.342214831403915,-12.635205006924679,1,0.0,0.0,interior
T094,L,941,T003,317,0,mapped,-10.798677797017783,20.518321258203265,-12.399515439638783,1,0.0,0.0,interior
T094,L,942,T003,318,0,mapped,-10.712013625052165,19.946064130220698,-12.306231576271612,2,1.7763568394002505e-15,8.881784197001252e-16,shared_edge
T094,L,943,T003,319,0,mapped,-10.603010022685488,20.852363613574834,-12.900084218758385,2,1.7763568394002505e-15,8.881784197001252e-16,shared_edge
T094,L,944,T003,320,0,mapped,-10.607813430029058,20.113927401905023,-12.716910420777952,1,0.0,0.0,interior
T094,L,945,T003,321,0,mapped,-10.505329394893007,19.415246207530455,-12.431480769918062,2,1.7763568394002505e-15,8.881784197001252e-16,shared_edge
T094,L,946,T003,322,0,mapped,-10.330503097427847,19.67516002984133,-12.874859054650154,2,0.0,0.0,shared_edge
T094,L,947,T003,323,0,mapped,-10.276386621318386,18.908099669256227,-12.570452733070312,2,0.0,0.0,shared_edge
T094,L,948,T004,324,-1,landmark_vertex,-9.902235164392781,18.509882209872163,-12.811944092039276,4,0.0,0.0,landmark
T094,L,949,T004,26,2,smooth_near_vertex,-15.073292949633295,29.591883093301956,-18.50981908092005,1,0.0,0.0,interior
T094,L,950,T004,27,3,smooth_internal,-14.572806207648652,30.105733804361517,-18.207372449412432,1,0.0,0.0,interior
T094,L,951,T004,28,3,smooth_internal,-14.216770569619282,30.483810586085315,-17.99906760817654,1,0.0,0.0,interior
T094,L,952,T004,29,3,smooth_internal,-13.98559473522031,30.752249468501372,-17.87555734571469,1,0.0,0.0,interior
T094,L,953,T004,30,3,smooth_internal,-13.778637368727974,30.958433388055614,-17.77650581462989,1,0.0,0.0,interior
T094,L,954,T004,31,0,mapped,-13.73790250661975,31.055266179574577,-17.78571625589792,1,0.0,0.0,interior
T094,L,955,T004,32,0,mapped,-13.130168293553915,31.40382606895729,-17.536827413480243,1,0.0,0.0,interior
T094,L,956,T004,33,0,mapped,-12.56683576821849,31.873134564221484,-17.425930145817915,1,0.0,0.0,interior
T094,L,957,T004,34,0,mapped,-11.996069354196784,32.19785882605076,-17.226365769823648,1,0.0,0.0,interior
T094,L,958,T004,35,0,mapped,-11.313999759801792,32.58950474831987,-17.117792967181337,1,0.0,0.0,interior
T094,L,959,T004,36,0,mapped,-10.6618118895687,32.85910011412106,-16.947907711123875,1,0.0,0.0,interior
T094,L,960,T004,37,0,mapped,-10.015507001612963,33.059811835238094,-16.77882660830747,1,0.0,0.0,interior
T094,L,961,T004,38,0,mapped,-9.259278737130076,33.28757572108661,-16.631989577154055,1,0.0,0.0,interior
T094,L,962,T004,39,0,mapped,-8.547638011576392,33.390815946363986,-16.463806405495827,1,0.0,0.0,interior
T094,L,963,T004,40,0,mapped,-8.085862592971125,33.015922646040565,-16.533799413305726,1,0.0,0.0,interior
T094,L,964,T004,41,0,mapped,-8.344077960059368,32.58472147170842,-16.951651447480312,1,0.0,0.0,interior
T094,L,965,T004,42,0,mapped,-8.632198374887714,32.249551045925756,-17.450164455074827,1,0.0,0.0,interior
T094,L,966,T004,43,0,mapped,-8.925107530526528,31.95052458115317,-18.002336382173155,1,0.0,0.0,interior
T094,L,967,T004,44,0,mapped,-9.273967937402094,31.57175992272293,-18.492347360974875,1,0.0,0.0,interior
T094,L,968,T004,45,0,mapped,-9.59301666239969,31.182494416815583,-18.874981442384836,1,0.0,0.0,interior
T094,L,969,T004,46,0,mapped,-9.667387715105924,30.726220406378435,-19.298450605298118,1,0.0,0.0,interior
T094,L,970,T004,47,0,mapped,-9.531651317690368,30.297705454554663,-19.739017192885477,1,0.0,0.0,interior
T094,L,971,T004,48,0,mapped,-9.187796271204627,29.87324684866009,-19.97390217254796,1,0.0,0.0,interior
T094,L,972,T004,50,3,smooth_internal,-14.52647034103192,30.138796027423393,-18.167991007335253,1,0.0,0.0,interior
T094,L,973,T004,51,3,smooth_internal,-14.180851774220434,30.49360848959928,-17.963147272222546,1,0.0,0.0,interior
T094,L,974,T004,52,3,smooth_internal,-13.937946230508192,30.76637670302409,-17.82133308483669,1,0.0,0.0,interior
T094,L,975,T004,53,0,mapped,-13.91844962691838,30.916682590703264,-17.834063036976765,1,0.0,0.0,interior
T094,L,976,T004,54,0,mapped,-13.373162740229771,31.204954137762375,-17.528082285643276,1,0.0,0.0,interior
T094,L,977,T004,55,0,mapped,-12.733482662203174,31.691709152824853,-17.395291735211718,1,0.0,0.0,interior
T094,L,978,T004,56,0,mapped,-12.20839083484191,32.02536762810428,-17.20430941404001,1,0.0,0.0,interior
T094,L,979,T004,57,0,mapped,-11.469079633811807,32.41386926216671,-17.051331113372772,1,0.0,0.0,interior
T094,L,980,T004,58,0,mapped,-10.943635458662579,32.68716697478091,-16.92860297355099,1,0.0,0.0,interior
T094,L,981,T004,59,0,mapped,-10.197610843728722,32.94696662985248,-16.750177259522175,1,0.0,0.0,interior
T094,L,982,T004,60,0,mapped,-9.57806173458173,33.14172857701914,-16.598959501385632,1,0.0,0.0,interior
T094,L,983,T004,61,0,mapped,-8.81509615800783,33.28564146797861,-16.404332487682325,1,0.0,0.0,interior
T094,L,984,T004,62,0,mapped,-8.144134173804485,33.1670609183858,-16.3942103627667,1,0.0,0.0,interior
T094,L,985,T004,63,0,mapped,-8.274795547793856,32.653548073694736,-16.65667211160929,1,0.0,0.0,interior
T094,L,986,T004,64,0,mapped,-8.593139307371047,32.26777974268434,-17.082873719213378,1,0.0,0.0,interior
T094,L,987,T004,65,0,mapped,-8.87132975641084,31.954771382731725,-17.581151565377905,1,0.0,0.0,interior
T094,L,988,T004,66,0,mapped,-9.193087726804254,31.606053859497184,-18.049488145630672,1,0.0,0.0,interior
T094,L,989,T004,67,0,mapped,-9.522026706950347,31.21129234689513,-18.47975583165117,1,0.0,0.0,interior
T094,L,990,T004,68,0,mapped,-9.737299351276082,30.805935701244227,-18.828578594353544,1,0.0,0.0,interior
T094,L,991,T004,69,0,mapped,-9.687022908671558,30.36105295670495,-19.221983518059968,1,0.0,0.0,interior
T094,L,992,T004,70,0,mapped,-9.578697949934057,29.8889998140553,-19.318535864842037,1,0.0,0.0,interior
T094,L,993,T004,71,0,mapped,-9.312306224740063,29.475659196680457,-19.434662198199618,1,0.0,0.0,interior
T094,L,994,T004,73,3,smooth_internal,-14.067771900368632,30.592374445424017,-17.875784889444095,1,0.0,0.0,interior
T094,L,995,T004,74,3,smooth_internal,-13.763206984076305,30.874693382042775,-17.707249244431285,1,0.0,0.0,interior
T094,L,996,T004,75,0,mapped,-13.56272324494039,31.077293591133678,-17.548864394428325,1,0.0,0.0,interior
T094,L,997,T004,76,0,mapped,-12.944512206662045,31.49983644444578,-17.425502768441937,1,0.0,0.0,interior
T094,L,998,T004,77,0,mapped,-12.353776293208641,31.90029863603335,-17.174031840256333,1,0.0,0.0,interior
T094,L,999,T004,78,0,mapped,-11.69245368055015,32.26183772340278,-16.995290480773455,1,0.0,0.0,interior
T094,L,1000,T004,79,0,mapped,-11.098293250132494,32.54236796206858,-16.85070419848002,1,0.0,0.0,interior
T094,L,1001,T004,80,0,mapped,-10.381881392058222,32.835399979953365,-16.72187661995973,1,0.0,0.0,interior
T094,L,1002,T004,81,0,mapped,-9.73210181400944,33.05146300071216,-16.581275467771583,1,0.0,0.0,interior
T094,L,1003,T004,82,0,mapped,-9.057234878479338,33.21405658453901,-16.421199593498173,1,0.0,0.0,interior
T094,L,1004,T004,83,0,mapped,-8.285189858836944,33.282338392551324,-16.29761723287898,1,0.0,0.0,interior
T094,L,1005,T004,84,0,mapped,-8.20599988649624,32.74814532270142,-16.44374393729681,1,0.0,0.0,interior
T094,L,1006,T004,85,0,mapped,-8.533295197297168,32.33261933218826,-16.78406065948747,1,0.0,0.0,interior
T094,L,1007,T004,86,0,mapped,-8.829075928350353,31.973345477281153,-17.212195158606992,1,0.0,0.0,interior
T094,L,1008,T004,87,0,mapped,-9.127065042072928,31.632336677065123,-17.65011941011324,1,0.0,0.0,interior
T094,L,1009,T004,88,0,mapped,-9.442712270358662,31.265541162409637,-18.033453149110112,1,0.0,0.0,interior
T094,L,1010,T004,89,0,mapped,-9.719249459644816,30.81717689361081,-18.356094012993267,1,0.0,0.0,interior
T094,L,1011,T004,90,0,mapped,-9.817440990798307,30.424474464431764,-18.59527573632052,1,0.0,0.0,interior
T094,L,1012,T004,91,0,mapped,-9.756382046249364,29.92419469972901,-18.916081073759383,1,0.0,0.0,interior
T094,L,1013,T004,92,0,mapped,-9.66311194865228,29.455018268763165,-18.927476721322666,1,0.0,0.0,interior
T094,L,1014,T004,93,0,mapped,-9.41448761102799,29.037003520992652,-18.92315314310502,1,0.0,0.0,interior
T094,L,1015,T004,95,0,mapped,-13.71693925562995,30.984492626733203,-17.64885366696822,1,0.0,0.0,interior
T094,L,1016,T004,96,0,mapped,-13.112949825984481,31.334072211639015,-17.385475362359127,1,0.0,0.0,interior
T094,L,1017,T004,97,0,mapped,-12.544674833370241,31.744283857392436,-17.13962388160137,1,0.0,0.0,interior
T094,L,1018,T004,98,0,mapped,-11.960700997054456,32.0760630151961,-16.93313262570259,1,0.0,0.0,interior
T094,L,1019,T004,99,0,mapped,-11.25391879417604,32.43631136893906,-16.850697384121244,1,0.0,0.0,interior
T094,L,1020,T004,100,0,mapped,-10.630973913716927,32.695919333882074,-16.698200004316416,1,0.0,0.0,interior
T094,L,1021,T004,101,0,mapped,-9.950498536155735,32.90080121734245,-16.548820262199367,1,0.0,0.0,interior
T094,L,1022,T004,102,0,mapped,-9.225498611083149,33.201937976030635,-16.492500859903856,1,0.0,0.0,interior
T094,L,1023,T004,103,0,mapped,-8.523501661304916,33.293847559348805,-16.303348155293964,1,0.0,0.0,interior
T094,L,1024,T004,104,0,mapped,-8.158477762247749,32.873087762005426,-16.30701867046558,1,0.0,0.0,interior
T094,L,1025,T004,105,0,mapped,-8.468657562460628,32.407387420507845,-16.52833957238725,1,0.0,0.0,interior
T094,L,1026,T004,106,0,mapped,-8.792903963718842,32.01302864239068,-16.886689045952668,1,0.0,0.0,interior
T094,L,1027,T004,107,0,mapped,-9.082214865853159,31.652119933100703,-17.295871325283503,1,0.0,0.0,interior
T094,L,1028,T004,108,0,mapped,-9.380353475839225,31.2908074450667,-17.669884031832627,1,0.0,0.0,interior
T094,L,1029,T004,109,0,mapped,-9.655200089700598,30.91397716980911,-17.94638423611009,1,0.0,0.0,interior
T094,L,1030,T004,110,0,mapped,-9.850720027272885,30.434218915931854,-18.24146776516242,1,0.0,0.0,interior
T094,L,1031,T004,111,0,mapped,-9.911960876352397,29.959820755805634,-18.42588339564296,1,0.0,0.0,interior
T094,L,1032,T004,112,0,mapped,-9.844743948710638,29.486028222886443,-18.51540125908501,1,0.0,0.0,interior
T094,L,1033,T004,113,0,mapped,-9.670341611850873,29.110836208727758,-18.57739687310879,1,0.0,0.0,interior
T094,L,1034,T004,114,0,mapped,-9.304051907614625,28.523977192082004,-18.502615328687906,1,0.0,0.0,interior
T094,L,1035,T004,116,0,mapped,-12.800991912551677,31.51925492037822,-17.071390618842525,1,0.0,0.0,interior
T094,L,1036,T004,117,0,mapped,-12.183048794919735,31.95017439565363,-16.960235294540105,1,0.0,0.0,interior
T094,L,1037,T004,118,0,mapped,-11.524478331670172,32.252795529262144,-16.78901774952022,1,0.0,0.0,interior
T094,L,1038,T004,119,0,mapped,-10.85235074541705,32.57692559906667,-16.687545476727568,1,0.0,0.0,interior
T094,L,1039,T004,120,0,mapped,-10.229528909814059,32.74826771320441,-16.505645345632466,1,0.0,0.0,interior
T094,L,1040,T004,121,0,mapped,-9.450569436658949,33.062253438443946,-16.40904110970882,1,0.0,0.0,interior
T094,L,1041,T004,122,0,mapped,-8.781195667410278,33.21103496567311,-16.27180836957668,1,0.0,0.0,interior
T094,L,1042,T004,123,0,mapped,-8.171799437280193,33.00723101648592,-16.19788710468983,1,0.0,0.0,interior
T094,L,1043,T004,124,0,mapped,-8.395705960400143,32.49537822654108,-16.32545705529393,1,0.0,0.0,interior
T094,L,1044,T004,125,0,mapped,-8.748241250582378,32.075823579797216,-16.60545550040314,1,0.0,0.0,interior
T094,L,1045,T004,126,0,mapped,-9.055018447795675,31.682566337053718,-16.96832003672285,1,0.0,0.0,interior
T094,L,1046,T004,127,0,mapped,-9.340496497372698,31.302319220823367,-17.338583332327637,1,0.0,0.0,interior
T094,L,1047,T004,128,0,mapped,-9.637231322864407,30.892241192599766,-17.66262564404643,1,0.0,0.0,interior
T094,L,1048,T004,129,0,mapped,-9.897297448159597,30.394699467069852,-17.912608290586974,1,0.0,0.0,interior
T094,L,1049,T004,130,0,mapped,-9.973639300907639,30.011251802443834,-18.03441545996068,1,0.0,0.0,interior
T094,L,1050,T004,131,0,mapped,-9.945268143267763,29.56168751778844,-18.209589284343938,1,0.0,0.0,interior
T094,L,1051,T004,132,0,mapped,-9.882655990136888,29.04718019730468,-18.137495072210175,1,0.0,0.0,interior
T094,L,1052,T004,133,0,mapped,-9.63556690179783,28.548039962616816,-18.17003626129916,1,0.0,0.0,interior
T094,L,1053,T004,134,0,mapped,-9.267682815914645,28.069389223863833,-18.046888010944965,1,0.0,0.0,interior
T094,L,1054,T004,136,0,mapped,-11.736703007187465,32.14208022510874,-16.760945344810327,1,0.0,0.0,interior
T094,L,1055,T004,137,0,mapped,-11.093123767522528,32.42447444982366,-16.625119832346577,1,0.0,0.0,interior
T094,L,1056,T004,138,0,mapped,-10.389086193663504,32.68688135033487,-16.490763034502926,1,0.0,0.0,interior
T094,L,1057,T004,139,0,mapped,-9.748289595063994,32.87202600749531,-16.35936332398243,1,0.0,0.0,interior
T094,L,1058,T004,140,0,mapped,-9.046591846953742,33.11609905305015,-16.241246004536787,1,0.0,0.0,interior
T094,L,1059,T004,141,0,mapped,-8.28595602611379,33.127460085078894,-16.107403376880175,1,0.0,0.0,interior
T094,L,1060,T004,142,0,mapped,-8.326836498422995,32.593562221670496,-16.173768698946674,1,0.0,0.0,interior
T094,L,1061,T004,143,0,mapped,-8.6937681307211,32.148908057307054,-16.355922747702696,1,0.0,0.0,interior
T094,L,1062,T004,144,0,mapped,-9.032300586101083,31.736350887869254,-16.66547089067492,1,0.0,0.0,interior
T094,L,1063,T004,145,0,mapped,-9.32223667334733,31.32321319139192,-17.01585055898083,1,0.0,0.0,interior
T094,L,1064,T004,146,0,mapped,-9.605801838729661,30.908831126370057,-17.35132004156775,1,0.0,0.0,interior
T094,L,1065,T004,147,0,mapped,-9.902277446513246,30.434754547520395,-17.60002126679477,1,0.0,0.0,interior
T094,L,1066,T004,148,0,mapped,-10.051872457341982,29.92248507469873,-17.744848417921908,1,0.0,0.0,interior
T094,L,1067,T004,149,0,mapped,-10.054884748038322,29.504892737243868,-17.821478952098065,1,0.0,0.0,interior
T094,L,1068,T004,150,0,mapped,-10.037336645852985,29.023698616014645,-17.797315404998162,1,0.0,0.0,interior
T094,L,1069,T004,151,0,mapped,-9.86650586678406,28.505247330714848,-17.809581598474693,1,0.0,0.0,interior
T094,L,1070,T004,152,0,mapped,-9.544156871751024,27.99981452003981,-17.70530727541107,1,0.0,0.0,interior
T094,L,1071,T004,153,0,mapped,-9.31237059409495,27.643522402424257,-17.530509717665126,1,0.0,0.0,interior
T094,L,1072,T004,155,0,mapped,-10.612327847741183,32.597038648284624,-16.48155564937174,1,0.0,0.0,interior
T094,L,1073,T004,156,0,mapped,-9.908431593805464,32.78478437245852,-16.36614664069765,1,0.0,0.0,interior
T094,L,1074,T004,157,0,mapped,-9.288541147192987,33.01307555608818,-16.23302090839955,1,0.0,0.0,interior
T094,L,1075,T004,158,0,mapped,-8.525558376956145,33.15123192363717,-16.097072403783017,1,0.0,0.0,interior
T094,L,1076,T004,159,0,mapped,-8.274690115009854,32.72188075341293,-16.081765721514778,1,0.0,0.0,interior
T094,L,1077,T004,160,0,mapped,-8.62432627684937,32.23067201414675,-16.150615929461317,1,0.0,0.0,interior
T094,L,1078,T004,161,0,mapped,-9.002596425101103,31.805644980202334,-16.38372509739852,1,0.0,0.0,interior
T094,L,1079,T004,162,0,mapped,-9.327326898066806,31.372543427782663,-16.693483703483466,1,0.0,0.0,interior
T094,L,1080,T004,163,0,mapped,-9.600662259113724,30.932887199286863,-17.019575841938682,1,0.0,0.0,interior
T094,L,1081,T004,164,0,mapped,-9.89291403629905,30.464729071563927,-17.302530135142064,1,0.0,0.0,interior
T094,L,1082,T004,165,0,mapped,-10.142571869861348,29.939998790034213,-17.358339949764186,1,0.0,0.0,interior
T094,L,1083,T004,166,0,mapped,-10.15575057808461,29.44658491199912,-17.499850814028587,1,0.0,0.0,interior
T094,L,1084,T004,167,0,mapped,-10.160901104810046,29.001396286958393,-17.51917784272006,1,0.0,0.0,interior
T094,L,1085,T004,168,0,mapped,-10.052931926919161,28.5335365207799,-17.533211183561132,1,0.0,0.0,interior
T094,L,1086,T004,169,0,mapped,-9.801409947852438,27.955921650002377,-17.400369624154372,1,0.0,0.0,interior
T094,L,1087,T004,170,0,mapped,-9.544192155743346,27.61541337884314,-17.305831262693893,1,0.0,0.0,interior
T094,L,1088,T004,171,0,mapped,-9.286372775344425,27.21907852211378,-16.98994221321573,1,0.0,0.0,interior
T094,L,1089,T004,173,0,mapped,-9.466589786061082,32.92638656578649,-16.180460400982103,1,0.0,0.0,interior
T094,L,1090,T004,174,0,mapped,-8.761293585060315,33.09632155464723,-16.057662748590687,1,0.0,0.0,interior
T094,L,1091,T004,175,0,mapped,-8.209721733801102,32.83761231943447,-15.990152078426842,1,0.0,0.0,interior
T094,L,1092,T004,176,0,mapped,-8.537074822351755,32.319460073637146,-15.994469137273587,1,0.0,0.0,interior
T094,L,1093,T004,177,0,mapped,-8.953062332666086,31.882662512182097,-16.13148781662055,1,0.0,0.0,interior
T094,L,1094,T004,178,0,mapped,-9.328113977112011,31.447870840332076,-16.39174743875555,1,0.0,0.0,interior
T094,L,1095,T004,179,0,mapped,-9.632721602101359,30.978086772852276,-16.662644080170992,1,0.0,0.0,interior
T094,L,1096,T004,180,0,mapped,-9.875623987519909,30.52976744996756,-16.983502074940823,1,0.0,0.0,interior
T094,L,1097,T004,181,0,mapped,-10.168703604764454,29.968402941350913,-17.122744031903064,1,0.0,0.0,interior
T094,L,1098,T004,182,0,mapped,-10.238793015229039,29.45441619248476,-17.195801289840848,1,0.0,0.0,interior
T094,L,1099,T004,183,0,mapped,-10.265796166000404,28.91573344985979,-17.234426788775796,1,0.0,0.0,interior
T094,L,1100,T004,184,0,mapped,-10.218797641177018,28.461223209656193,-17.206576618483187,1,0.0,0.0,interior
T094,L,1101,T004,185,0,mapped,-10.052062441714853,27.998402048163573,-17.18988558780217,1,0.0,0.0,interior
T094,L,1102,T004,186,0,mapped,-9.857054740476165,27.596338645956404,-17.034853980571388,1,0.0,0.0,interior
T094,L,1103,T004,187,0,mapped,-9.526613108740161,27.184609133086884,-16.822475140164062,1,0.0,0.0,interior
T094,L,1104,T004,188,0,mapped,-9.12949676989578,26.846473378643086,-16.460885963149504,1,0.0,0.0,interior
T094,L,1105,T004,190,0,mapped,-8.30806980344023,32.981316586003985,-15.902078755676392,1,0.0,0.0,interior
T094,L,1106,T004,191,0,mapped,-8.444114745345344,32.41508773395617,-15.900910782024638,1,0.0,0.0,interior
T094,L,1107,T004,192,0,mapped,-8.883573193338954,31.96246016029676,-15.90798365740593,1,0.0,0.0,interior
T094,L,1108,T004,193,0,mapped,-9.305582342123657,31.537553987715757,-16.112474735985614,1,0.0,0.0,interior
T094,L,1109,T004,194,0,mapped,-9.679627151598686,31.071620147306948,-16.349043603100863,1,0.0,0.0,interior
T094,L,1110,T004,195,0,mapped,-9.955846928771589,30.598747052272454,-16.551496645203148,1,0.0,0.0,interior
T094,L,1111,T004,196,0,mapped,-10.231576821992574,30.01238127294584,-16.794048878727153,1,0.0,0.0,interior
T094,L,1112,T004,197,0,mapped,-10.32271486783772,29.564267869516303,-16.932152318409806,1,0.0,0.0,interior
T094,L,1113,T004,198,0,mapped,-10.367229356332569,28.891877189176878,-16.96251870787,1,0.0,0.0,interior
T094,L,1114,T004,199,0,mapped,-10.338431554791715,28.441898769851296,-16.958885053110468,1,0.0,0.0,interior
T094,L,1115,T004,200,0,mapped,-10.273559216737826,27.98506825252542,-16.89882989313233,1,0.0,0.0,interior
T094,L,1116,T004,201,0,mapped,-10.097209403625765,27.52863422038838,-16.717446300048813,1,0.0,0.0,interior
T094,L,1117,T004,202,0,mapped,-9.80630048131534,27.176601841001148,-16.617825860960707,1,0.0,0.0,interior
T094,L,1118,T004,203,0,mapped,-9.468243575379082,26.762024188416436,-16.326186956396562,1,0.0,0.0,interior
T094,L,1119,T004,204,0,mapped,-9.028622050631311,26.49118286754297,-15.905786098608635,1,0.0,0.0,interior
T094,L,1120,T004,206,0,mapped,-8.786949916884607,32.0434452612448,-15.705898755928665,1,0.0,0.0,interior
T094,L,1121,T004,207,0,mapped,-9.259457332781002,31.624643882982053,-15.841615798022778,1,0.0,0.0,interior
T094,L,1122,T004,208,0,mapped,-9.694065589197868,31.17776766158632,-16.06078717403162,1,0.0,0.0,interior
T094,L,1123,T004,209,0,mapped,-10.00733643097958,30.722174065777505,-16.255774474570458,1,0.0,0.0,interior
T094,L,1124,T004,210,0,mapped,-10.36151619857542,30.099653478447625,-16.396228095079096,1,0.0,0.0,interior
T094,L,1125,T004,211,0,mapped,-10.43628756171174,29.624772168202195,-16.60667440817308,1,0.0,0.0,interior
T094,L,1126,T004,212,0,mapped,-10.482359248745281,28.957749798142157,-16.624355740334497,1,0.0,0.0,interior
T094,L,1127,T004,213,0,mapped,-10.478868973604072,28.46142716506834,-16.70152716200272,1,0.0,0.0,interior
T094,L,1128,T004,214,0,mapped,-10.440691882919285,27.98373315616792,-16.661753115336452,1,0.0,0.0,interior
T094,L,1129,T004,215,0,mapped,-10.30504202474032,27.505486944619474,-16.53517044363573,1,0.0,0.0,interior
T094,L,1130,T004,216,0,mapped,-10.084991277674927,27.14522363385728,-16.38280543312018,1,0.0,0.0,interior
T094,L,1131,T004,217,0,mapped,-9.756931945368,26.724395833081946,-16.148382661342808,1,0.0,0.0,interior
T094,L,1132,T004,218,0,mapped,-9.403412266025766,26.419168068001785,-15.727768608940622,1,0.0,0.0,interior
T094,L,1133,T004,219,0,mapped,-8.95412807724412,26.206024183673012,-15.332803620703602,1,0.0,0.0,interior
T094,L,1134,T004,221,0,mapped,-9.669605582098885,31.27301297277413,-15.804170209259475,1,0.0,0.0,interior
T094,L,1135,T004,222,0,mapped,-10.098623459224646,30.79149223917808,-15.940524563907818,1,0.0,0.0,interior
T094,L,1136,T004,223,0,mapped,-10.389327498770967,30.244676243048065,-16.13364589276931,1,0.0,0.0,interior
T094,L,1137,T004,224,0,mapped,-10.540098263031918,29.71020061826439,-16.266427492016625,1,0.0,0.0,interior
T094,L,1138,T004,225,0,mapped,-10.572155931429755,29.018270270956837,-16.299839028710693,1,0.0,0.0,interior
T094,L,1139,T004,226,0,mapped,-10.589899535959578,28.482885518815575,-16.455563463915254,1,0.0,0.0,interior
T094,L,1140,T004,227,0,mapped,-10.580947034627435,27.964780339750522,-16.403520490519576,1,0.0,0.0,interior
T094,L,1141,T004,228,0,mapped,-10.496273316611113,27.523596667280703,-16.34505427628133,1,0.0,0.0,interior
T094,L,1142,T004,229,0,mapped,-10.330798031842935,27.040572895391772,-16.12122613485433,1,0.0,0.0,interior
T094,L,1143,T004,230,0,mapped,-10.001822287788638,26.689934305842964,-15.950037312630965,1,0.0,0.0,interior
T094,L,1144,T004,231,0,mapped,-9.699567163019816,26.364034882482212,-15.590993969380778,1,0.0,0.0,interior
T094,L,1145,T004,232,0,mapped,-9.336681148243304,26.093751328081456,-15.157689343133303,1,0.0,0.0,interior
T094,L,1146,T004,233,0,mapped,-9.112987430841812,25.853344755218966,-14.774305012143536,1,0.0,0.0,interior
T094,L,1147,T004,235,0,mapped,-10.444766234990954,30.3556473521484,-15.786415324576721,1,0.0,0.0,interior
T094,L,1148,T004,236,0,mapped,-10.620232506636288,29.76133270322929,-15.98744271226317,1,0.0,0.0,interior
T094,L,1149,T004,237,0,mapped,-10.696816616031406,29.12966829499869,-16.009305506439674,1,0.0,0.0,interior
T094,L,1150,T004,238,0,mapped,-10.678076247085988,28.50990760628658,-16.248097920169947,1,0.0,0.0,interior
T094,L,1151,T004,239,0,mapped,-10.711642184622583,28.06411538797472,-16.1949571323791,1,0.0,0.0,interior
T094,L,1152,T004,240,0,mapped,-10.65102961065303,27.498395356304126,-16.120586579333054,1,0.0,0.0,interior
T094,L,1153,T004,241,0,mapped,-10.511486655491975,27.01978673388192,-15.925692803273595,1,0.0,0.0,interior
T094,L,1154,T004,242,0,mapped,-10.251863431206164,26.59881334384956,-15.721500855547534,1,0.0,0.0,interior
T094,L,1155,T004,243,0,mapped,-9.952963734260674,26.27505167840064,-15.37426360180527,1,0.0,0.0,interior
T094,L,1156,T004,244,0,mapped,-9.769029628085491,25.98794788835733,-14.946933662259633,1,0.0,0.0,interior
T094,L,1157,T004,245,0,mapped,-9.475627590661011,25.77295026530403,-14.577981643363477,1,0.0,0.0,interior
T094,L,1158,T004,246,0,mapped,-9.252572124952192,25.537836540908227,-14.193962325346908,1,0.0,0.0,interior
T094,L,1159,T004,248,0,mapped,-10.809330058452268,29.14436980654804,-15.76786365159752,1,0.0,0.0,interior
T094,L,1160,T004,249,0,mapped,-10.807000271880675,28.604006607367115,-15.924767611725521,1,0.0,0.0,interior
T094,L,1161,T004,250,0,mapped,-10.81704387744999,28.008567219487883,-16.003938304930468,1,0.0,0.0,interior
T094,L,1162,T004,251,0,mapped,-10.750673655736119,27.495247709786934,-15.992533676361031,1,0.0,0.0,interior
T094,L,1163,T004,252,0,mapped,-10.690804464132647,27.004540917040057,-15.75116014889529,1,0.0,0.0,interior
T094,L,1164,T004,253,0,mapped,-10.447907121575478,26.56101539299883,-15.547916940425951,1,0.0,0.0,interior
T094,L,1165,T004,254,0,mapped,-10.247842923634915,26.241965889998827,-15.235883375335911,1,0.0,0.0,interior
T094,L,1166,T004,255,0,mapped,-10.068442513138905,25.90089732567969,-14.791339709217887,1,0.0,0.0,interior
T094,L,1167,T004,256,0,mapped,-9.792844572522977,25.653799110393496,-14.434904375128012,1,0.0,0.0,interior
T094,L,1168,T004,257,0,mapped,-9.500976204916915,25.400599362785787,-13.99750306451109,1,0.0,0.0,interior
T094,L,1169,T004,258,0,mapped,-9.256019948830097,25.206770057379085,-13.600189598808731,1,0.0,0.0,interior
T094,L,1170,T004,260,0,mapped,-10.966952950102577,28.000069644934708,-15.76475711298634,1,0.0,0.0,interior
T094,L,1171,T004,261,0,mapped,-10.915611340742013,27.458463303860487,-15.757254710656282,1,0.0,0.0,interior
T094,L,1172,T004,262,0,mapped,-10.812558500192774,26.881924616946943,-15.555852107839792,1,0.0,0.0,interior
T094,L,1173,T004,263,0,mapped,-10.636289888734751,26.50541392115588,-15.328460520896051,1,0.0,0.0,interior
T094,L,1174,T004,264,0,mapped,-10.612102696039102,26.18475087541,-15.028241628975387,1,0.0,0.0,interior
T094,L,1175,T004,265,0,mapped,-10.368306767830806,25.82376070293385,-14.630029589975463,1,0.0,0.0,interior
T094,L,1176,T004,266,0,mapped,-10.14607068847424,25.567006481182393,-14.255972104214413,1,0.0,0.0,interior
T094,L,1177,T004,267,0,mapped,-9.82297120323685,25.27190688221685,-13.795393512712225,1,0.0,0.0,interior
T094,L,1178,T004,268,0,mapped,-9.575559437743731,25.123068848580385,-13.4496145604816,1,0.0,0.0,interior
T094,L,1179,T004,269,0,mapped,-9.421802835399061,24.870551593174252,-13.03950935102914,1,0.0,0.0,interior
T094,L,1180,T004,271,0,mapped,-11.092173428454679,26.93458684793458,-15.34336409039767,1,0.0,0.0,interior
T094,L,1181,T004,272,0,mapped,-11.03286140090924,26.47330238356062,-15.052566656760245,1,0.0,0.0,interior
T094,L,1182,T004,273,0,mapped,-10.837578760476173,26.127567923545985,-14.845353578504167,1,0.0,0.0,interior
T094,L,1183,T004,274,0,mapped,-10.643994553279963,25.73905406420376,-14.467972029558316,1,0.0,0.0,interior
T094,L,1184,T004,275,0,mapped,-10.3579726802134,25.393835670281664,-14.039539665627874,1,0.0,0.0,interior
T094,L,1185,T004,276,0,mapped,-10.135987927156838,25.178266623983678,-13.630214626653007,1,0.0,0.0,interior
T094,L,1186,T004,277,0,mapped,-9.839582112505653,24.98830842959261,-13.260773544366769,1,0.0,0.0,interior
T094,L,1187,T004,278,0,mapped,-9.771860710398835,24.808598402480673,-12.96610746773746,1,0.0,0.0,interior
T094,L,1188,T004,279,0,mapped,-9.38092519230744,24.404760450322893,-12.56321674490935,1,0.0,0.0,interior
T094,L,1189,T004,281,0,mapped,-11.262541935250882,26.083335579759517,-14.589741079879088,1,0.0,0.0,interior
T094,L,1190,T004,282,0,mapped,-10.956578642055565,25.652183641633318,-14.28847440752702,1,0.0,0.0,interior
T094,L,1191,T004,283,0,mapped,-10.661392134994681,25.333335484159473,-13.939904959423213,1,0.0,0.0,interior
T094,L,1192,T004,284,0,mapped,-10.318089013205686,25.093449784201272,-13.52438031214849,1,0.0,0.0,interior
T094,L,1193,T004,285,0,mapped,-10.207987341712403,24.88338710924427,-13.172852289811575,1,0.0,0.0,interior
T094,L,1194,T004,286,0,mapped,-9.93284079809863,24.673801077606992,-12.7388843999854,1,0.0,0.0,interior
T094,L,1195,T004,287,0,mapped,-9.625339773845422,24.30724262374846,-12.48425566824029,1,0.0,0.0,interior
T094,L,1196,T004,288,0,mapped,-9.442141266760242,23.742092872283227,-12.524005459293383,1,0.0,0.0,interior
T094,L,1197,T004,290,0,mapped,-11.023534010607488,25.248168394347122,-13.795216696467286,1,0.0,0.0,interior
T094,L,1198,T004,291,0,mapped,-10.676886848048476,24.968085297294206,-13.36655727786133,1,0.0,0.0,interior
T094,L,1199,T004,292,0,mapped,-10.514634801787262,24.768163305193173,-12.993253230029827,1,0.0,0.0,interior
T094,L,1200,T004,293,0,mapped,-10.199416380794368,24.616817307863794,-12.683770858454267,1,0.0,0.0,interior
T094,L,1201,T004,294,0,mapped,-9.905265267802006,24.17609786526089,-12.378057189861169,1,0.0,0.0,interior
T094,L,1202,T004,295,0,mapped,-9.708355608243838,23.616565383897573,-12.534801740098567,1,0.0,0.0,interior
T094,L,1203,T004,296,0,mapped,-9.450747050385214,23.102555441807922,-12.787796072184443,1,0.0,0.0,interior
T094,L,1204,T004,298,0,mapped,-10.792795264135618,24.63202845095776,-12.85281130876188,1,0.0,0.0,interior
T094,L,1205,T004,299,0,mapped,-10.406059673792306,24.44345006007625,-12.42478936725661,1,0.0,0.0,interior
T094,L,1206,T004,300,0,mapped,-10.187581220310845,23.998655660515457,-12.313793350362952,1,0.0,0.0,interior
T094,L,1207,T004,301,0,mapped,-10.064697220487986,23.51365423567368,-12.50867628639944,1,0.0,0.0,interior
T094,L,1208,T004,302,0,mapped,-9.806927849857926,22.97134935464421,-12.815223973517998,1,0.0,0.0,interior
T094,L,1209,T004,303,0,mapped,-9.461719324039741,22.446905918638663,-13.017874895578656,1,0.0,0.0,interior
T094,L,1210,T004,305,0,mapped,-10.315791513171515,23.833066198919262,-12.285582187909593,1,0.0,0.0,interior
T094,L,1211,T004,306,0,mapped,-10.36011375557699,23.277921597988346,-12.4945404433026,1,0.0,0.0,interior
T094,L,1212,T004,307,0,mapped,-10.281959529891619,22.863210541180575,-12.764711631214642,1,0.0,0.0,interior
T094,L,1213,T004,308,0,mapped,-9.914240531831103,22.341103495590954,-13.062253176062605,1,0.0,0.0,interior
T094,L,1214,T004,309,0,mapped,-9.48241489567876,21.779745608613332,-13.211606686589521,1,0.0,0.0,interior
T094,L,1215,T004,311,0,mapped,-10.610458314944168,22.781601979256276,-12.645621981118575,1,0.0,0.0,interior
T094,L,1216,T004,312,0,mapped,-10.372817529917377,22.236511664074772,-12.986377027652145,1,0.0,0.0,interior
T094,L,1217,T004,313,0,mapped,-10.06241574893344,21.72345298299276,-13.209340956401356,1,0.0,0.0,interior
T094,L,1218,T004,314,0,mapped,-9.53151247717732,21.0928034450056,-13.29332906553765,1,0.0,0.0,interior
T094,L,1219,T004,316,0,mapped,-10.443038629562064,21.56358860558663,-13.057628152847808,1,0.0,0.0,interior
T094,L,1220,T004,317,0,mapped,-10.138859828208524,21.005491075630676,-13.254226112466641,1,0.0,0.0,interior
T094,L,1221,T004,318,0,mapped,-9.563909164410584,20.40288834404792,-13.34344626716295,1,0.0,0.0,interior
T094,L,1222,T004,320,0,mapped,-10.276821428422107,20.27140183005121,-13.10609163429712,1,0.0,0.0,interior
T094,L,1223,T004,321,0,mapped,-9.66033341382322,19.72801202263796,-13.237468019093459,1,0.0,0.0,interior
T094,L,1224,T004,323,0,mapped,-9.79017759137966,19.128386872524672,-13.025884958965515,1,0.0,0.0,interior
T094,L,1225,T005,1,0,mapped,-17.568965743187846,27.034661939801648,-19.93773370614287,1,0.0,0.0,interior
T094,L,1226,T005,2,0,mapped,-17.982097062517333,26.658452715857397,-20.151805504930433,1,0.0,0.0,interior
T094,L,1227,T005,3,0,mapped,-18.390420834959418,26.28983111885184,-20.39227354677054,1,0.0,0.0,interior
T094,L,1228,T005,4,0,mapped,-18.758145426009484,25.926695437082667,-20.66202699491737,1,0.0,0.0,interior
T094,L,1229,T005,5,0,mapped,-19.180760940978587,25.511052445602278,-20.762132490726515,1,0.0,0.0,interior
T094,L,1230,T005,6,0,mapped,-19.564548465139787,25.059426713528847,-20.869347315195704,1,0.0,0.0,interior
T094,L,1231,T005,7,0,mapped,-19.950449407107698,24.609664050405616,-20.977004716102872,1,0.0,0.0,interior
T094,L,1232,T005,8,0,mapped,-20.32303900584582,24.148203215300104,-21.081873317936896,1,0.0,0.0,interior
T094,L,1233,T005,9,0,mapped,-20.640082106276196,23.73595703196476,-21.349275030470775,1,0.0,0.0,interior
T094,L,1234,T005,10,0,mapped,-20.944081960593408,23.323759662126275,-21.61144123268553,1,0.0,0.0,interior
T094,L,1235,T005,11,0,mapped,-21.24369425376463,22.95004652689143,-21.90321044841435,1,0.0,0.0,interior
T094,L,1236,T005,12,0,mapped,-21.608711573210307,22.525412527868404,-22.062057340308954,1,0.0,0.0,interior
T094,L,1237,T005,13,0,mapped,-21.991039631400632,22.07331273838668,-22.168938922147873,1,0.0,0.0,interior
T094,L,1238,T005,14,0,mapped,-22.28138490152218,21.654397953441368,-22.451664178540263,1,0.0,0.0,interior
T094,L,1239,T005,15,0,mapped,-22.61798907865068,21.214347594446167,-22.664026850605726,1,0.0,0.0,interior
T094,L,1240,T005,16,0,mapped,-22.947331748018378,20.765727677744536,-22.853808364017237,1,0.0,0.0,interior
T094,L,1241,T005,17,0,mapped,-23.27402835316549,20.268941937006677,-22.94889200024496,1,0.0,0.0,interior
T094,L,1242,T005,18,0,mapped,-23.584659760841895,19.761786130222127,-23.040482514122573,1,0.0,0.0,interior
T094,L,1243,T005,19,0,mapped,-23.86429939309923,19.237539197125407,-23.125235330798528,1,0.0,0.0,interior
T094,L,1244,T005,20,0,mapped,-24.148545109103843,18.714163901132956,-23.21106108534691,1,0.0,0.0,interior
T094,L,1245,T005,21,0,mapped,-24.395556877065346,18.172297108223034,-23.288602542005158,1,0.0,0.0,interior
T094,L,1246,T005,22,0,mapped,-24.615461843839505,17.6164566153101,-23.360130308760375,1,0.0,0.0,interior
T094,L,1247,T005,23,0,mapped,-24.799443664319355,17.04742989183128,-23.423507255790014,1,0.0,0.0,interior
T094,L,1248,T009,324,-1,landmark_vertex,-24.996626034363445,16.482648508460095,-23.489899750363985,4,0.0,0.0,landmark
T094,L,1249,T005,26,0,mapped,-17.84353938670639,26.825695910828383,-19.25037980652586,1,0.0,0.0,interior
T094,L,1250,T005,27,0,mapped,-18.25177102760174,26.49811100105264,-19.451199898882443,1,0.0,0.0,interior
T094,L,1251,T005,28,0,mapped,-18.842039521139498,26.030675959112312,-19.585711682522092,1,0.0,0.0,interior
T094,L,1252,T005,29,0,mapped,-19.251250957335202,25.609051896333323,-19.75884216895909,1,0.0,0.0,interior
T094,L,1253,T005,30,0,mapped,-19.545392958022802,25.258030152404313,-19.99242374838865,1,0.0,0.0,interior
T094,L,1254,T005,31,0,mapped,-19.978363537444828,24.76196311584945,-20.141146189733107,1,0.0,0.0,interior
T094,L,1255,T005,32,0,mapped,-20.331296015630997,24.317142850937667,-20.33550166300954,1,0.0,0.0,interior
T094,L,1256,T005,33,0,mapped,-20.627604300529583,23.974843103597397,-20.357230299072864,1,0.0,0.0,interior
T094,L,1257,T005,34,0,mapped,-20.93958013817337,23.514353728165084,-20.61034308312579,1,0.0,0.0,interior
T094,L,1258,T005,35,0,mapped,-21.20543369447048,23.140534261831537,-20.85103176693487,1,0.0,0.0,interior
T094,L,1259,T005,36,0,mapped,-21.536772322053395,22.707851632245557,-21.197860763379165,1,0.0,0.0,interior
T094,L,1260,T005,37,0,mapped,-21.79563247963315,22.353992343757234,-21.29463018614787,1,0.0,0.0,interior
T094,L,1261,T005,38,0,mapped,-22.32878073369205,21.79416641672878,-21.552927812665192,1,0.0,0.0,interior
T094,L,1262,T005,39,0,mapped,-22.646806747675186,21.412354061510612,-21.69146791325627,1,0.0,0.0,interior
T094,L,1263,T005,40,0,mapped,-22.882116947812797,21.013871751669043,-21.996390537622492,1,0.0,0.0,interior
T094,L,1264,T005,41,0,mapped,-23.233541712020774,20.591740731466277,-22.111670756196197,1,0.0,0.0,interior
T094,L,1265,T005,42,0,mapped,-23.628536020351696,20.09724086226493,-22.1420972960473,1,0.0,0.0,interior
T094,L,1266,T005,43,0,mapped,-23.906913427247858,19.708637717533627,-22.17882252272075,1,0.0,0.0,interior
T094,L,1267,T005,44,0,mapped,-24.226405018758882,19.10155347365189,-22.314511064323668,1,0.0,0.0,interior
T094,L,1268,T005,45,0,mapped,-24.479317059503153,18.54170312280927,-22.433845768093715,1,0.0,0.0,interior
T094,L,1269,T005,46,0,mapped,-24.712106773648074,17.946309196250162,-22.5352520917572,1,0.0,0.0,interior
T094,L,1270,T005,47,0,mapped,-24.91731461489632,17.239989455687844,-22.6014272043926,1,0.0,0.0,interior
T094,L,1271,T005,48,0,mapped,-25.066828273010415,16.643116682666424,-22.637206040315558,2,3.552713678800501e-15,1.7763568394002505e-15,shared_edge
T094,L,1272,T005,50,0,mapped,-18.37375899466293,26.77090917686669,-18.756245542173456,1,0.0,0.0,interior
T094,L,1273,T005,51,0,mapped,-18.83928050967045,26.42917925183981,-18.923443121723125,1,0.0,0.0,interior
T094,L,1274,T005,52,0,mapped,-19.39223056528872,25.85741211314598,-19.138395252916908,1,0.0,0.0,interior
T094,L,1275,T005,53,0,mapped,-19.78113972985465,25.4176159800958,-19.328188672425792,1,0.0,0.0,interior
T094,L,1276,T005,54,0,mapped,-20.139370529223186,24.978517849418584,-19.442496839285422,1,0.0,0.0,interior
T094,L,1277,T005,55,0,mapped,-20.4729316040305,24.508324697544584,-19.59922820358451,1,0.0,0.0,interior
T094,L,1278,T005,56,0,mapped,-20.760528728507552,24.10335513694917,-19.724851550946685,1,0.0,0.0,interior
T094,L,1279,T005,57,0,mapped,-21.075222628347234,23.626149135364496,-19.878477900938783,1,0.0,0.0,interior
T094,L,1280,T005,58,0,mapped,-21.365102086508436,23.197249878610183,-19.983947828420135,1,0.0,0.0,interior
T094,L,1281,T005,59,0,mapped,-21.597707205583276,22.866731424900216,-20.19542061123731,1,0.0,0.0,interior
T094,L,1282,T005,60,0,mapped,-22.001910440296932,22.386429773565492,-20.554796167633054,1,0.0,0.0,interior
T094,L,1283,T005,61,0,mapped,-22.262877224679038,22.07557476689272,-20.67403014687511,1,0.0,0.0,interior
T094,L,1284,T005,62,0,mapped,-22.621471624419,21.6517507456055,-20.83612747856642,1,0.0,0.0,interior
T094,L,1285,T005,63,0,mapped,-22.967264647040935,21.255613652120907,-21.03742130108631,1,0.0,0.0,interior
T094,L,1286,T005,64,0,mapped,-23.23361503918489,20.847170761668462,-21.225725715956035,1,0.0,0.0,interior
T094,L,1287,T005,65,0,mapped,-23.614047516220886,20.43068874007705,-21.328813837361437,1,0.0,0.0,interior
T094,L,1288,T005,66,0,mapped,-23.944180317683312,19.993266457299544,-21.43823528542817,1,0.0,0.0,interior
T094,L,1289,T005,67,0,mapped,-24.27910438167966,19.54642491336577,-21.4422527692028,1,0.0,0.0,interior
T094,L,1290,T005,68,0,mapped,-24.537149435780734,19.01146582162461,-21.566631866699705,1,0.0,0.0,interior
T094,L,1291,T005,69,0,mapped,-24.811216462463953,18.435307478256263,-21.714851842535477,1,0.0,0.0,interior
T094,L,1292,T005,70,0,mapped,-25.011478019498718,17.838495618954518,-21.808628762094873,1,0.0,0.0,interior
T094,L,1293,T005,71,0,mapped,-25.17015546033273,17.13796431207092,-21.94425652414112,2,3.552713678800501e-15,1.7763568394002505e-15,shared_edge
T094,L,1294,T005,73,0,mapped,-18.945277655970585,26.872873223810206,-18.375589112838167,1,0.0,0.0,interior
T094,L,1295,T005,74,0,mapped,-19.574507666445044,26.340174743139098,-18.521920754128153,1,0.0,0.0,interior
T094,L,1296,T005,75,0,mapped,-19.87482515022606,25.931668204053853,-18.638415766262828,1,0.0,0.0,interior
T094,L,1297,T005,76,0,mapped,-20.20976746609501,25.45827380771841,-18.80346086484094,1,0.0,0.0,interior
T094,L,1298,T005,77,0,mapped,-20.54987694410375,24.962366135329855,-18.927880524331847,1,0.0,0.0,interior
T094,L,1299,T005,78,0,mapped,-20.89889213724763,24.436907751572054,-19.023533756152244,1,0.0,0.0,interior
T094,L,1300,T005,79,0,mapped,-21.22098925697101,23.930548057584556,-19.10380205874038,1,0.0,0.0,interior
T094,L,1301,T005,80,0,mapped,-21.51498079484984,23.38072423980426,-19.272100983665855,1,0.0,0.0,interior
T094,L,1302,T005,81,0,mapped,-21.8168048408993,22.899183860360505,-19.439607535875318,1,0.0,0.0,interior
T094,L,1303,T005,82,0,mapped,-22.068925072809094,22.597425956254206,-19.5842061958754,1,0.0,0.0,interior
T094,L,1304,T005,83,0,mapped,-22.461751549914062,22.15157535005921,-19.874448354436424,1,0.0,0.0,interior
T094,L,1305,T005,84,0,mapped,-22.751017500194756,21.83240255384857,-20.01122365430282,1,0.0,0.0,interior
T094,L,1306,T005,85,0,mapped,-23.117922398189805,21.353579142004694,-20.176608398844152,1,0.0,0.0,interior
T094,L,1307,T005,86,0,mapped,-23.374503957284745,21.05087925918635,-20.34440925138523,1,0.0,0.0,interior
T094,L,1308,T005,87,0,mapped,-23.726280619292595,20.61310079953583,-20.554635697911007,1,0.0,0.0,interior
T094,L,1309,T005,88,0,mapped,-24.00727246108866,20.292631161553896,-20.56968713563391,1,0.0,0.0,interior
T094,L,1310,T005,89,0,mapped,-24.315741601810807,19.88281579803811,-20.65617441357598,1,0.0,0.0,interior
T094,L,1311,T005,90,0,mapped,-24.60342957350234,19.40962982917283,-20.83468381925592,1,0.0,0.0,interior
T094,L,1312,T005,91,0,mapped,-24.891425028009692,18.912742920927098,-20.912976450619016,1,0.0,0.0,interior
T094,L,1313,T005,92,0,mapped,-25.069782202586183,18.352732988196646,-21.145411666715713,1,0.0,0.0,interior
T094,L,1314,T005,93,0,mapped,-25.259058779818403,17.747438168071856,-21.292437178713936,2,0.0,0.0,shared_edge
T094,L,1315,T005,95,0,mapped,-19.946063946693236,26.854539777163755,-17.922882966756223,1,0.0,0.0,interior
T094,L,1316,T005,96,0,mapped,-20.285857467601254,26.329734283892268,-18.077284999781128,1,0.0,0.0,interior
T094,L,1317,T005,97,0,mapped,-20.583735176091018,25.995947597305598,-18.080491575293905,1,0.0,0.0,interior
T094,L,1318,T005,98,0,mapped,-20.848307584446395,25.491237292211284,-18.216336167123657,1,0.0,0.0,interior
T094,L,1319,T005,99,0,mapped,-21.177239971569577,24.908128193455116,-18.3233654894785,1,0.0,0.0,interior
T094,L,1320,T005,100,0,mapped,-21.404479724042368,24.502386998885445,-18.36119748506105,1,0.0,0.0,interior
T094,L,1321,T005,101,0,mapped,-21.658796191274106,23.88784540051351,-18.520745850505268,1,0.0,0.0,interior
T094,L,1322,T005,102,0,mapped,-21.949229418807,23.285175879884196,-18.636795098594167,1,0.0,0.0,interior
T094,L,1323,T005,103,0,mapped,-22.319339688684295,22.80707413529307,-18.716704986708663,1,0.0,0.0,interior
T094,L,1324,T005,104,0,mapped,-22.558623033478767,22.453803030879715,-18.970981101450082,1,0.0,0.0,interior
T094,L,1325,T005,105,0,mapped,-22.941416574739293,21.99342760527987,-19.164986724960205,1,0.0,0.0,interior
T094,L,1326,T005,106,0,mapped,-23.26924142231421,21.581652994428453,-19.347133527330172,1,0.0,0.0,interior
T094,L,1327,T005,107,0,mapped,-23.48856836604277,21.254969180071715,-19.563111208277046,1,0.0,0.0,interior
T094,L,1328,T005,108,0,mapped,-23.851875876162396,20.803890207074947,-19.721083870904593,1,0.0,0.0,interior
T094,L,1329,T005,109,0,mapped,-24.093676190805745,20.510536770544217,-19.798720085433597,1,0.0,0.0,interior
T094,L,1330,T005,110,0,mapped,-24.39633505581807,20.115991888107345,-19.917099100888798,1,0.0,0.0,interior
T094,L,1331,T005,111,0,mapped,-24.68602776008145,19.690971584803403,-20.064481920219865,1,0.0,0.0,interior
T094,L,1332,T005,112,0,mapped,-24.962502498921246,19.258435429454877,-20.246578650797762,1,0.0,0.0,interior
T094,L,1333,T005,113,0,mapped,-25.22434505965071,18.750875496919395,-20.42894244932692,1,0.0,0.0,interior
T094,L,1334,T005,114,0,mapped,-25.44537355651707,18.182101352569077,-20.574126103122236,2,3.552713678800501e-15,1.7763568394002505e-15,shared_edge
T094,L,1335,T005,116,0,mapped,-20.5880935720637,26.85469174086514,-17.61436918197163,1,0.0,0.0,interior
T094,L,1336,T005,117,0,mapped,-20.91480921936565,26.423877357878634,-17.63865627762988,1,0.0,0.0,interior
T094,L,1337,T005,118,0,mapped,-21.26725608109362,25.957915771172072,-17.645910691992114,1,0.0,0.0,interior
T094,L,1338,T005,119,0,mapped,-21.501906111622198,25.483948396484283,-17.689157456847745,1,0.0,0.0,interior
T094,L,1339,T005,120,0,mapped,-21.723235124691335,24.964989476913647,-17.74382528884434,1,0.0,0.0,interior
T094,L,1340,T005,121,0,mapped,-21.966165166015266,24.429689270301733,-17.791288353723004,1,0.0,0.0,interior
T094,L,1341,T005,122,0,mapped,-22.206535621609845,23.861439262652514,-17.866158019167997,1,0.0,0.0,interior
T094,L,1342,T005,123,0,mapped,-22.42260728573745,23.299824720945942,-18.001360258234165,1,0.0,0.0,interior
T094,L,1343,T005,124,0,mapped,-22.707606872317513,22.79351807988898,-18.24112801660164,1,0.0,0.0,interior
T094,L,1344,T005,125,0,mapped,-23.082788879792773,22.337757415824285,-18.410829595219326,1,0.0,0.0,interior
T094,L,1345,T005,126,0,mapped,-23.403121410157546,21.884308127090826,-18.592577196661647,1,0.0,0.0,interior
T094,L,1346,T005,127,0,mapped,-23.683876126777157,21.4729934376217,-18.77713219904135,1,0.0,0.0,interior
T094,L,1347,T005,128,0,mapped,-23.979517994473618,21.04158125968775,-18.978687171281734,1,0.0,0.0,interior
T094,L,1348,T005,129,0,mapped,-24.234103362782427,20.7035000511166,-19.084718670365806,1,0.0,0.0,interior
T094,L,1349,T005,130,0,mapped,-24.49732768708681,20.325231434112997,-19.21291973399333,1,0.0,0.0,interior
T094,L,1350,T005,131,0,mapped,-24.801133772949512,19.909168588444217,-19.35119371211328,1,0.0,0.0,interior
T094,L,1351,T005,132,0,mapped,-25.11697550708265,19.469723583046157,-19.500949447943327,1,0.0,0.0,interior
T094,L,1352,T005,133,0,mapped,-25.354253983886146,19.11158522009346,-19.635507407504893,1,0.0,0.0,interior
T094,L,1353,T005,134,0,mapped,-25.57254038745014,18.661670854800562,-19.83295652089011,2,3.552713678800501e-15,1.7763568394002505e-15,shared_edge
T094,L,1354,T005,136,0,mapped,-21.31803110793581,26.9170450279647,-17.174586984419943,1,0.0,0.0,interior
T094,L,1355,T005,137,0,mapped,-21.58581700796229,26.420422024473726,-17.199043567762835,1,0.0,0.0,interior
T094,L,1356,T005,138,0,mapped,-21.808060913159544,25.975456631869978,-17.254478700533117,1,0.0,0.0,interior
T094,L,1357,T005,139,0,mapped,-22.053174859171904,25.450006724029105,-17.273136169323532,1,0.0,0.0,interior
T094,L,1358,T005,140,0,mapped,-22.289882288519422,24.9169064285222,-17.273250266670033,1,0.0,0.0,interior
T094,L,1359,T005,141,0,mapped,-22.561250140789234,24.3618473188448,-17.22170434889093,1,0.0,0.0,interior
T094,L,1360,T005,142,0,mapped,-22.7758895337911,23.785210338639704,-17.26284666610053,1,0.0,0.0,interior
T094,L,1361,T005,143,0,mapped,-22.94263436710012,23.287360526991815,-17.457443908288926,1,0.0,0.0,interior
T094,L,1362,T005,144,0,mapped,-23.24326865843259,22.77069109206347,-17.689727517535903,1,0.0,0.0,interior
T094,L,1363,T005,145,0,mapped,-23.538580139550845,22.30560942547196,-17.866895427180616,1,0.0,0.0,interior
T094,L,1364,T005,146,0,mapped,-23.842792037538302,21.814517906530792,-18.060692299345533,1,0.0,0.0,interior
T094,L,1365,T005,147,0,mapped,-24.095304411436842,21.42612594209281,-18.177401335215627,1,0.0,0.0,interior
T094,L,1366,T005,148,0,mapped,-24.394232919203944,20.937440318081595,-18.331082400095276,1,0.0,0.0,interior
T094,L,1367,T005,149,0,mapped,-24.679780108416914,20.568671417938408,-18.40461773898965,1,0.0,0.0,interior
T094,L,1368,T005,150,0,mapped,-24.942431601198166,20.19089872648755,-18.5611790177188,1,0.0,0.0,interior
T094,L,1369,T005,151,0,mapped,-25.195888600371298,19.82636556722415,-18.68993287588731,1,0.0,0.0,interior
T094,L,1370,T005,152,0,mapped,-25.492754860717767,19.37593694190623,-18.84518918692579,1,0.0,0.0,interior
T094,L,1371,T005,153,0,mapped,-25.735061947016327,18.979309625007133,-19.01027821799189,2,0.0,0.0,shared_edge
T094,L,1372,T005,155,0,mapped,-21.898250635418727,26.988246067301905,-16.788950018434452,1,0.0,0.0,interior
T094,L,1373,T005,156,0,mapped,-22.11622789256451,26.46296944459925,-16.82518449286039,1,0.0,0.0,interior
T094,L,1374,T005,157,0,mapped,-22.461380813129075,25.89010923492589,-16.781440621788562,1,0.0,0.0,interior
T094,L,1375,T005,158,0,mapped,-22.563366548734187,25.400189516734,-16.858550156645286,1,0.0,0.0,interior
T094,L,1376,T005,159,0,mapped,-22.897092164425374,24.864950530567743,-16.76591321666795,1,0.0,0.0,interior
T094,L,1377,T005,160,0,mapped,-23.042213196783052,24.346994745168704,-16.80669485298272,1,0.0,0.0,interior
T094,L,1378,T005,161,0,mapped,-23.29236015750024,23.720842909205068,-16.834694397670074,1,0.0,0.0,interior
T094,L,1379,T005,162,0,mapped,-23.508168643151187,23.2768940394796,-16.976854977335584,1,0.0,0.0,interior
T094,L,1380,T005,163,0,mapped,-23.7732668472455,22.814972846401066,-17.139235484428827,1,0.0,0.0,interior
T094,L,1381,T005,164,0,mapped,-23.994175855103506,22.35080317997341,-17.32271064204075,1,0.0,0.0,interior
T094,L,1382,T005,165,0,mapped,-24.290827350371956,21.8441193454383,-17.452664359897266,1,0.0,0.0,interior
T094,L,1383,T005,166,0,mapped,-24.528343043107085,21.370368850334142,-17.585851600924805,1,0.0,0.0,interior
T094,L,1384,T005,167,0,mapped,-24.813041850186018,20.9075655289848,-17.679953896391115,1,0.0,0.0,interior
T094,L,1385,T005,168,0,mapped,-25.07002713184864,20.50358297669746,-17.78877038011295,1,0.0,0.0,interior
T094,L,1386,T005,169,0,mapped,-25.374937286089796,20.042754675919337,-17.954942333393003,1,0.0,0.0,interior
T094,L,1387,T005,170,0,mapped,-25.66021877602781,19.65452273300307,-18.022135347171716,1,0.0,0.0,interior
T094,L,1388,T005,171,0,mapped,-25.900883442132262,19.27903616905359,-18.181172330625646,2,3.972054645195637e-15,1.9860273225978185e-15,shared_edge
T094,L,1389,T005,173,0,mapped,-22.574108329957816,26.951473275608077,-16.282933175523368,1,0.0,0.0,interior
T094,L,1390,T005,174,0,mapped,-22.7634681458455,26.377008615749066,-16.379541485197173,1,0.0,0.0,interior
T094,L,1391,T005,175,0,mapped,-22.913809658606596,25.88538229144149,-16.430258212011843,1,0.0,0.0,interior
T094,L,1392,T005,176,0,mapped,-23.226739462110558,25.32824664868821,-16.34547369153246,1,0.0,0.0,interior
T094,L,1393,T005,177,0,mapped,-23.346719234181826,24.78605190325693,-16.434925928517867,1,0.0,0.0,interior
T094,L,1394,T005,178,0,mapped,-23.596642682228655,24.221109003052828,-16.368202525494628,1,0.0,0.0,interior
T094,L,1395,T005,179,0,mapped,-23.845792507301155,23.758709025543208,-16.38761892914925,1,0.0,0.0,interior
T094,L,1396,T005,180,0,mapped,-24.053800839566946,23.32175039035655,-16.519052112851064,1,0.0,0.0,interior
T094,L,1397,T005,181,0,mapped,-24.25140302908639,22.844887489266014,-16.66621506099813,1,0.0,0.0,interior
T094,L,1398,T005,182,0,mapped,-24.459436245737933,22.420262567891704,-16.75122893828073,1,0.0,0.0,interior
T094,L,1399,T005,183,0,mapped,-24.707670233467077,21.90518661283162,-16.851289093642222,1,0.0,0.0,interior
T094,L,1400,T005,184,0,mapped,-24.958463159485802,21.37709064651979,-16.963722827521703,1,0.0,0.0,interior
T094,L,1401,T005,185,0,mapped,-25.24777527341722,20.860060049528826,-17.065581586698794,1,0.0,0.0,interior
T094,L,1402,T005,186,0,mapped,-25.527266809975373,20.40012219365318,-17.17725381722064,1,0.0,0.0,interior
T094,L,1403,T005,187,0,mapped,-25.779811099125347,20.00384440618105,-17.270571835921263,1,0.0,0.0,interior
T094,L,1404,T005,188,0,mapped,-26.070200790256848,19.558210588578483,-17.345922248935086,2,3.972054645195637e-15,1.9860273225978185e-15,shared_edge
T094,L,1405,T005,190,0,mapped,-23.086719976282758,26.902853814341288,-15.86206375750401,1,0.0,0.0,interior
T094,L,1406,T005,191,0,mapped,-23.330173308254977,26.342529903898285,-15.886902360243337,1,0.0,0.0,interior
T094,L,1407,T005,192,0,mapped,-23.521552685755644,25.812646903836114,-15.911996901186406,1,0.0,0.0,interior
T094,L,1408,T005,193,0,mapped,-23.714155173770784,25.22148889640434,-15.95354640684931,1,0.0,0.0,interior
T094,L,1409,T005,194,0,mapped,-23.86256205245177,24.73650015748667,-15.95899586411647,1,0.0,0.0,interior
T094,L,1410,T005,195,0,mapped,-24.19122918652962,24.219162086437212,-15.88053847708214,1,0.0,0.0,interior
T094,L,1411,T005,196,0,mapped,-24.326534494369405,23.860746943967634,-15.935686362155792,1,0.0,0.0,interior
T094,L,1412,T005,197,0,mapped,-24.51647846278538,23.37718363858272,-16.0240915632168,1,0.0,0.0,interior
T094,L,1413,T005,198,0,mapped,-24.76575921125736,22.899817682626285,-16.079922556557683,1,0.0,0.0,interior
T094,L,1414,T005,199,0,mapped,-24.98557032039973,22.411092838626047,-16.16551870853506,1,0.0,0.0,interior
T094,L,1415,T005,200,0,mapped,-25.206691561064673,21.9188665855781,-16.17389714414732,1,0.0,0.0,interior
T094,L,1416,T005,201,0,mapped,-25.37296203182514,21.44649911147034,-16.333071309998704,1,0.0,0.0,interior
T094,L,1417,T005,202,0,mapped,-25.629613132619916,20.8971389786583,-16.472697210671235,1,0.0,0.0,interior
T094,L,1418,T005,203,0,mapped,-25.913764726785573,20.403257891460534,-16.51841285217381,1,0.0,0.0,interior
T094,L,1419,T005,204,0,mapped,-26.223621495800245,19.915632003497677,-16.54502738289029,2,3.972054645195637e-15,1.9860273225978185e-15,shared_edge
T094,L,1420,T005,206,0,mapped,-23.72211318488644,26.835139697333698,-15.188039205734029,1,0.0,0.0,interior
T094,L,1421,T005,207,0,mapped,-23.883284777548916,26.249710350301644,-15.282387430743531,1,0.0,0.0,interior
T094,L,1422,T005,208,0,mapped,-24.066912609468147,25.766667150657153,-15.29057832903616,1,0.0,0.0,interior
T094,L,1423,T005,209,0,mapped,-24.26030695079354,25.213892685670917,-15.31104433001431,1,0.0,0.0,interior
T094,L,1424,T005,210,0,mapped,-24.42938263799762,24.741049233597995,-15.351243932976677,1,0.0,0.0,interior
T094,L,1425,T005,211,0,mapped,-24.620984679997306,24.2836826663539,-15.367722123943365,1,0.0,0.0,interior
T094,L,1426,T005,212,0,mapped,-24.846433706117942,23.772539872542854,-15.410129087356065,1,0.0,0.0,interior
T094,L,1427,T005,213,0,mapped,-25.039116652761848,23.3642491422815,-15.426035653937596,1,0.0,0.0,interior
T094,L,1428,T005,214,0,mapped,-25.296778014135,22.87428843460707,-15.473473174648406,1,0.0,0.0,interior
T094,L,1429,T005,215,0,mapped,-25.42650550010358,22.421169039060835,-15.581433987759311,1,0.0,0.0,interior
T094,L,1430,T005,216,0,mapped,-25.63673234713829,21.96687623589176,-15.643696514499341,1,0.0,0.0,interior
T094,L,1431,T005,217,0,mapped,-25.85985327685188,21.48574700814975,-15.682223829702838,1,0.0,0.0,interior
T094,L,1432,T005,218,0,mapped,-26.05603284385076,20.94728339475354,-15.792544785593037,1,0.0,0.0,interior
T094,L,1433,T005,219,0,mapped,-26.340718193916842,20.438665929672467,-15.82857189306118,2,5.3290705182007506e-15,2.664535259100376e-15,shared_edge
T094,L,1434,T005,221,0,mapped,-24.066387673855893,26.838890975014177,-14.505663995752226,1,0.0,0.0,interior
T094,L,1435,T005,222,0,mapped,-24.222905918248983,26.420631055645938,-14.523465567190488,1,0.0,0.0,interior
T094,L,1436,T005,223,0,mapped,-24.455352561868274,25.813347174143825,-14.617090244424475,1,0.0,0.0,interior
T094,L,1437,T005,224,0,mapped,-24.639424368763166,25.258827979049745,-14.67462696675496,1,0.0,0.0,interior
T094,L,1438,T005,225,0,mapped,-24.81537144574518,24.78801311932364,-14.692110206014512,1,0.0,0.0,interior
T094,L,1439,T005,226,0,mapped,-24.995262331359378,24.346450563963845,-14.765846241036343,1,0.0,0.0,interior
T094,L,1440,T005,227,0,mapped,-25.2105031702407,23.87047042629724,-14.783622314872478,1,0.0,0.0,interior
T094,L,1441,T005,228,0,mapped,-25.452014391289048,23.37000520053105,-14.801374843182533,1,0.0,0.0,interior
T094,L,1442,T005,229,0,mapped,-25.660918608110926,22.938043050108437,-14.861259506108484,1,0.0,0.0,interior
T094,L,1443,T005,230,0,mapped,-25.8578853519046,22.469142512690134,-14.935767371493691,1,0.0,0.0,interior
T094,L,1444,T005,231,0,mapped,-26.064659966946444,21.978151352489505,-15.006655344112469,1,0.0,0.0,interior
T094,L,1445,T005,232,0,mapped,-26.25022569468571,21.49067971172837,-15.088059327630313,1,0.0,0.0,interior
T094,L,1446,T005,233,0,mapped,-26.4393844114325,21.029215959601103,-15.160982614834404,2,1.7763568394002505e-15,8.881784197001252e-16,shared_edge
T094,L,1447,T005,235,0,mapped,-24.345573421236715,26.54127406863348,-13.773811441526497,1,0.0,0.0,interior
T094,L,1448,T005,236,0,mapped,-24.5165011630586,26.134895069019766,-13.87811712562721,1,0.0,0.0,interior
T094,L,1449,T005,237,0,mapped,-24.74482817449431,25.652450997171503,-13.880575399547057,1,0.0,0.0,interior
T094,L,1450,T005,238,0,mapped,-24.901657267069957,25.210973461493456,-13.946066271428037,1,0.0,0.0,interior
T094,L,1451,T005,239,0,mapped,-25.1246898315013,24.686781526786486,-13.952313795218398,1,0.0,0.0,interior
T094,L,1452,T005,240,0,mapped,-25.247586128660693,24.33689759105663,-14.065027869615454,1,0.0,0.0,interior
T094,L,1453,T005,241,0,mapped,-25.48073156710808,23.871582914424508,-14.071397564501046,1,0.0,0.0,interior
T094,L,1454,T005,242,0,mapped,-25.762406135916784,23.31631191396941,-14.19507925983848,1,0.0,0.0,interior
T094,L,1455,T005,243,0,mapped,-25.940833419946777,22.974909273273674,-14.190491159552197,1,0.0,0.0,interior
T094,L,1456,T005,244,0,mapped,-26.153132178573898,22.523487113286894,-14.200646623363584,1,0.0,0.0,interior
T094,L,1457,T005,245,0,mapped,-26.336698472196083,22.02403522609956,-14.342129666666827,1,0.0,0.0,interior
T094,L,1458,T005,246,0,mapped,-26.574303767987402,21.478920534234224,-14.399559550174304,2,0.0,0.0,shared_edge
T094,L,1459,T005,248,0,mapped,-24.572212614370102,26.223646640631554,-13.116351007129142,1,0.0,0.0,interior
T094,L,1460,T005,249,0,mapped,-24.76773260506414,25.755547071334274,-13.121355359770243,1,0.0,0.0,interior
T094,L,1461,T005,250,0,mapped,-24.947844010826927,25.299300890579186,-13.173457223238412,1,0.0,0.0,interior
T094,L,1462,T005,251,0,mapped,-25.088000476512278,24.894896198020557,-13.232048649385316,1,0.0,0.0,interior
T094,L,1463,T005,252,0,mapped,-25.28062247408851,24.465954239679323,-13.2640158195025,1,0.0,0.0,interior
T094,L,1464,T005,253,0,mapped,-25.492545085704307,24.103399412339957,-13.306043151952878,1,0.0,0.0,interior
T094,L,1465,T005,254,0,mapped,-25.68501796430207,23.680061588401458,-13.424844015871182,1,0.0,0.0,interior
T094,L,1466,T005,255,0,mapped,-25.915070477546735,23.199733915247386,-13.468409146497358,1,0.0,0.0,interior
T094,L,1467,T005,256,0,mapped,-26.131162675773474,22.8430428761363,-13.571339825316041,1,0.0,0.0,interior
T094,L,1468,T005,257,0,mapped,-26.371687780659464,22.369045191029418,-13.617880541613765,1,0.0,0.0,interior
T094,L,1469,T005,258,0,mapped,-26.583900625713994,21.83751401004012,-13.683727735326944,2,1.7763568394002505e-15,8.881784197001252e-16,shared_edge
T094,L,1470,T005,260,0,mapped,-24.67904605307865,25.730217751183975,-12.471630918639201,1,0.0,0.0,interior
T094,L,1471,T005,261,0,mapped,-24.835329527677665,25.32607179185383,-12.434680996670105,1,0.0,0.0,interior
T094,L,1472,T005,262,0,mapped,-25.010815289413948,24.906485277221687,-12.511811030806047,1,0.0,0.0,interior
T094,L,1473,T005,263,0,mapped,-25.146795759672344,24.578758842597534,-12.546395098847482,1,0.0,0.0,interior
T094,L,1474,T005,264,0,mapped,-25.315358497508768,24.191109467312483,-12.53777102204768,1,0.0,0.0,interior
T094,L,1475,T005,265,0,mapped,-25.50351239332948,23.769967639953055,-12.654047397996676,1,0.0,0.0,interior
T094,L,1476,T005,266,0,mapped,-25.6743034917096,23.477257419761802,-12.739542730711344,1,0.0,0.0,interior
T094,L,1477,T005,267,0,mapped,-26.0256318273401,23.05976817406698,-12.808170407173117,1,0.0,0.0,interior
T094,L,1478,T005,268,0,mapped,-26.227697575737743,22.642651349606034,-12.795423000769574,1,0.0,0.0,interior
T094,L,1479,T005,269,0,mapped,-26.421151600653232,22.206391872235574,-12.894712835634207,2,7.944109290391274e-15,3.972054645195637e-15,shared_edge
T094,L,1480,T005,271,0,mapped,-24.57653348106453,25.300255548347845,-11.738944164794805,1,0.0,0.0,interior
T094,L,1481,T005,272,0,mapped,-24.75751475480393,24.9558356069471,-11.784011342058482,1,0.0,0.0,interior
T094,L,1482,T005,273,0,mapped,-24.93456251865573,24.613564706625912,-11.88319909520102,1,0.0,0.0,interior
T094,L,1483,T005,274,0,mapped,-25.028897593489333,24.34678928417617,-11.892474707347898,1,0.0,0.0,interior
T094,L,1484,T005,275,0,mapped,-25.223060746219325,24.01750304663527,-11.949165556285966,1,0.0,0.0,interior
T094,L,1485,T005,276,0,mapped,-25.49398141362235,23.640957698795415,-12.033488222673693,1,0.0,0.0,interior
T094,L,1486,T005,277,0,mapped,-25.732165380803217,23.30860025278549,-12.052703954723222,1,0.0,0.0,interior
T094,L,1487,T005,278,0,mapped,-25.939098937494002,22.973611689894295,-12.103858405576736,1,0.0,0.0,interior
T094,L,1488,T005,279,0,mapped,-26.17448558501257,22.41754017231972,-12.13445762341554,2,3.66205343881779e-15,1.831026719408895e-15,shared_edge
T094,L,1489,T005,281,0,mapped,-24.307448691704657,24.968685776833492,-11.094666602228168,1,0.0,0.0,interior
T094,L,1490,T005,282,0,mapped,-24.449002034899614,24.64753129953733,-11.13265306200931,1,0.0,0.0,interior
T094,L,1491,T005,283,0,mapped,-24.578636913328687,24.391964643677337,-11.17127492599485,1,0.0,0.0,interior
T094,L,1492,T005,284,0,mapped,-24.84493957487652,23.983501278456224,-11.20792977688177,1,0.0,0.0,interior
T094,L,1493,T005,285,0,mapped,-25.072153889418452,23.621905501796096,-11.251471971578137,1,0.0,0.0,interior
T094,L,1494,T005,286,0,mapped,-25.258929108917656,23.345132913831755,-11.37359850032696,1,0.0,0.0,interior
T094,L,1495,T005,287,0,mapped,-25.46939102878732,22.96161058647921,-11.435468282195359,1,0.0,0.0,interior
T094,L,1496,T005,288,0,mapped,-25.80165482665604,22.55380372350178,-11.409472871978837,2,7.32410687763558e-15,3.66205343881779e-15,shared_edge
T094,L,1497,T005,290,0,mapped,-23.9308525827144,24.654201628118063,-10.554237880858183,1,0.0,0.0,interior
T094,L,1498,T005,291,0,mapped,-24.12160039653599,24.29814042371895,-10.622359843129628,1,0.0,0.0,interior
T094,L,1499,T005,292,0,mapped,-24.345653074590707,23.96901997053496,-10.688046588049085,1,0.0,0.0,interior
T094,L,1500,T005,293,0,mapped,-24.544610760625048,23.614629651574827,-10.717299013236788,1,0.0,0.0,interior
T094,L,1501,T005,294,0,mapped,-24.691938070732462,23.33618668981224,-10.749811468899226,1,0.0,0.0,interior
T094,L,1502,T005,295,0,mapped,-24.983749035102782,22.99179862871541,-10.737180448002567,1,0.0,0.0,interior
T094,L,1503,T005,296,0,mapped,-25.240463052191778,22.643922314373828,-10.780651836235725,2,3.972054645195637e-15,1.9860273225978185e-15,shared_edge
T094,L,1504,T005,298,0,mapped,-23.477214827939186,24.29455742560864,-10.030853199010139,1,0.0,0.0,interior
T094,L,1505,T005,299,0,mapped,-23.677957745439763,23.91251991036965,-10.089601849551332,1,0.0,0.0,interior
T094,L,1506,T005,300,0,mapped,-23.87327735520565,23.51698805176599,-10.138413686364002,1,0.0,0.0,interior
T094,L,1507,T005,301,0,mapped,-24.073905817181945,23.233595491329172,-10.208874889400425,1,0.0,0.0,interior
T094,L,1508,T005,302,0,mapped,-24.307687436474204,22.916051016645188,-10.244523805254163,1,0.0,0.0,interior
T094,L,1509,T005,303,0,mapped,-24.54099092310569,22.55329382093377,-10.231850260380698,2,8.881784197001252e-16,4.440892098500626e-16,shared_edge
T094,L,1510,T005,305,0,mapped,-22.8705404385717,23.988856390913778,-9.6480656792198,1,0.0,0.0,interior
T094,L,1511,T005,306,0,mapped,-23.08426579564803,23.60279423457329,-9.70156674905948,1,0.0,0.0,interior
T094,L,1512,T005,307,0,mapped,-23.319543354935192,23.232292700195057,-9.759786187919369,1,0.0,0.0,interior
T094,L,1513,T005,308,0,mapped,-23.56689855664238,22.89886226852122,-9.812572345840326,1,0.0,0.0,interior
T094,L,1514,T005,309,0,mapped,-23.758148048768312,22.45429143932133,-9.80807744783784,2,8.881784197001252e-16,4.440892098500626e-16,shared_edge
T094,L,1515,T005,311,0,mapped,-22.288898179692666,23.633723318729544,-9.364939373507589,1,0.0,0.0,interior
T094,L,1516,T005,312,0,mapped,-22.52026315742978,23.236090405172472,-9.442426663967767,1,0.0,0.0,interior
T094,L,1517,T005,313,0,mapped,-22.70342611299884,22.881917742228566,-9.478893066669063,1,0.0,0.0,interior
T094,L,1518,T005,314,0,mapped,-22.94416911612079,22.57968810257071,-9.56820054501552,2,0.0,0.0,shared_edge
T094,L,1519,T005,316,0,mapped,-21.616353160879093,23.493410487171502,-9.132823555396035,1,0.0,0.0,interior
T094,L,1520,T005,317,0,mapped,-21.954980359696087,23.016705715590426,-9.21374467529876,1,0.0,0.0,interior
T094,L,1521,T005,318,0,mapped,-22.110125440390718,22.49051964931213,-9.259135033113216,2,0.0,0.0,shared_edge
T094,L,1522,T005,320,0,mapped,-21.09343169029355,22.99115142433268,-9.037507403509032,1,0.0,0.0,interior
T094,L,1523,T005,321,0,mapped,-21.241361181848404,22.40398285998614,-9.053132179813643,2,3.972054645195637e-15,1.9860273225978185e-15,shared_edge
T094,L,1524,T005,323,0,mapped,-20.358685789238912,22.320908225787722,-8.932423355751975,2,3.552713678800501e-15,1.7763568394002505e-15,shared_edge
T094,L,1525,T006,1,0,mapped,-10.2848439641839,18.617286398648307,-12.504538458037755,2,0.0,0.0,shared_edge
T094,L,1526,T006,2,0,mapped,-10.512575490889391,18.825646673697495,-12.083079525191199,2,0.0,0.0,shared_edge
T094,L,1527,T006,3,0,mapped,-10.65519243190898,18.934090856049565,-11.618849917207083,2,3.552713678800501e-15,1.7763568394002505e-15,shared_edge
T094,L,1528,T006,4,0,mapped,-10.764694874517222,19.155784483063663,-11.190597725953864,2,0.0,0.0,shared_edge
T094,L,1529,T006,5,0,mapped,-10.881154313218058,19.48871691093618,-10.80076235704683,2,0.0,0.0,shared_edge
T094,L,1530,T006,6,0,mapped,-11.152696370650142,19.591344229104532,-10.366198021952002,2,0.0,0.0,shared_edge
T094,L,1531,T006,7,0,mapped,-11.295183880039913,19.79490635331103,-9.921853145686008,2,0.0,0.0,shared_edge
T094,L,1532,T006,8,0,mapped,-11.498757247210149,20.075874292556726,-9.581940389304357,2,0.0,0.0,shared_edge
T094,L,1533,T006,9,0,mapped,-11.546779665087369,20.158379945323542,-9.082485665985391,2,0.0,0.0,shared_edge
T094,L,1534,T006,10,0,mapped,-11.606776791159234,20.403918549715833,-8.641733137813581,2,7.536443801682121e-15,3.7682219008410606e-15,shared_edge
T094,L,1535,T006,11,0,mapped,-11.612496695765016,20.51853448447008,-8.145731330252854,2,0.0,0.0,shared_edge
T094,L,1536,T006,12,0,mapped,-11.49380031566594,20.723262472233728,-7.681724015199741,2,0.0,0.0,shared_edge
T094,L,1537,T006,13,0,mapped,-11.343042639453511,20.954581038060674,-7.228149895703707,2,0.0,0.0,shared_edge
T094,L,1538,T006,14,0,mapped,-11.182813860469643,21.137508952273425,-6.754270529018983,2,3.66205343881779e-15,1.831026719408895e-15,shared_edge
T094,L,1539,T006,15,0,mapped,-11.098925235565762,21.39228611592907,-6.355624303557932,2,0.0,0.0,shared_edge
T094,L,1540,T006,16,0,mapped,-10.984159106968463,21.607257361797103,-5.885023239400993,2,0.0,0.0,shared_edge
T094,L,1541,T006,17,0,mapped,-10.872974676183546,21.827329739130622,-5.444187434337011,2,0.0,0.0,shared_edge
T094,L,1542,T006,18,0,mapped,-10.690596194573917,21.932587021554472,-4.996782457496821,2,1.0658141036401504e-14,5.3290705182007506e-15,shared_edge
T094,L,1543,T006,19,0,mapped,-10.643585840497884,22.184693992838195,-4.533554998495133,2,8.881784197001252e-16,4.440892098500626e-16,shared_edge
T094,L,1544,T006,20,0,mapped,-10.408241629908442,22.221057533605524,-4.058439080054627,2,0.0,0.0,shared_edge
T094,L,1545,T006,21,0,mapped,-10.19221001588838,22.371816156541172,-3.612974582478219,2,4.440892098500626e-16,2.220446049250313e-16,shared_edge
T094,L,1546,T006,22,0,mapped,-10.345380184798602,22.68013184646982,-3.207443804939487,2,8.881784197001252e-16,4.440892098500626e-16,shared_edge
T094,L,1547,T006,23,0,mapped,-10.423524109131979,22.923337979785973,-2.741748684546831,2,1.7763568394002505e-15,8.881784197001252e-16,shared_edge
T094,L,1548,T006,24,-1,landmark_vertex,-10.333382582602475,22.951211505116643,-2.2361110745368773,4,0.0,0.0,landmark
T094,L,1549,T006,26,0,mapped,-10.498641728940001,19.110144772093857,-12.263311599962345,1,0.0,0.0,interior
T094,L,1550,T006,27,0,mapped,-10.648311580134521,19.272589587390634,-11.815313808157962,1,0.0,0.0,interior
T094,L,1551,T006,28,0,mapped,-10.769938615431286,19.518999285018623,-11.270712118544155,1,0.0,0.0,interior
T094,L,1552,T006,29,0,mapped,-10.916982354918167,19.728794398148445,-10.907249337882764,1,0.0,0.0,interior
T094,L,1553,T006,30,0,mapped,-11.066732514768542,19.865779563050765,-10.568476902460072,1,0.0,0.0,interior
T094,L,1554,T006,31,0,mapped,-11.211963208582851,20.151075574960206,-10.08526275225985,1,0.0,0.0,interior
T094,L,1555,T006,32,0,mapped,-11.462485592877892,20.329724312678376,-9.701040134829611,1,0.0,0.0,interior
T094,L,1556,T006,33,0,mapped,-11.43114666093179,20.434705323254562,-9.226432113851601,1,0.0,0.0,interior
T094,L,1557,T006,34,0,mapped,-11.544510783187473,20.58691365734246,-8.749268449625124,1,0.0,0.0,interior
T094,L,1558,T006,35,0,mapped,-11.64937046951548,20.81455540896285,-8.315596567809358,1,0.0,0.0,interior
T094,L,1559,T006,36,0,mapped,-11.55922418103053,21.024067625241948,-7.896543891707146,1,0.0,0.0,interior
T094,L,1560,T006,37,0,mapped,-11.436480264986228,21.25085447127942,-7.450478208538135,1,0.0,0.0,interior
T094,L,1561,T006,38,0,mapped,-11.328030941307786,21.415083321976518,-6.997979970101497,1,0.0,0.0,interior
T094,L,1562,T006,39,0,mapped,-11.26214778037972,21.591125820125825,-6.577558664335439,1,0.0,0.0,interior
T094,L,1563,T006,40,0,mapped,-11.217019798804152,21.802909776362352,-6.143288305604791,1,0.0,0.0,interior
T094,L,1564,T006,41,0,mapped,-11.11732416584293,21.99542042773192,-5.680541250984896,1,0.0,0.0,interior
T094,L,1565,T006,42,0,mapped,-11.004287830672892,22.165628709361783,-5.26515757255197,1,0.0,0.0,interior
T094,L,1566,T006,43,0,mapped,-10.935952127156181,22.365935986374026,-4.82030066634533,1,0.0,0.0,interior
T094,L,1567,T006,44,0,mapped,-10.887674282564038,22.501388067627886,-4.325071610926518,1,0.0,0.0,interior
T094,L,1568,T006,45,0,mapped,-10.80121359718937,22.512137283838452,-3.8642710954164006,1,0.0,0.0,interior
T094,L,1569,T006,46,0,mapped,-10.753999381290464,22.599456520017387,-3.430030021574054,1,0.0,0.0,interior
T094,L,1570,T006,47,0,mapped,-10.737623913589008,22.802900538893144,-3.0145336343329054,1,0.0,0.0,interior
T094,L,1571,T010,322,0,mapped,-10.675966512811812,22.971477750759345,-2.6051342174032643,2,0.1310310870210971,0.0655155435105485,shared_edge
T094,L,1572,T006,50,0,mapped,-10.655659481757827,19.51635318313195,-12.005984556899776,1,0.0,0.0,interior
T094,L,1573,T006,51,0,mapped,-10.79170895413141,19.847229286332748,-11.47404533685437,1,0.0,0.0,interior
T094,L,1574,T006,52,0,mapped,-11.011316113636735,20.017011865179057,-10.978788025427118,1,0.0,0.0,interior
T094,L,1575,T006,53,0,mapped,-11.126223910520977,20.134499399620225,-10.658900737067835,1,0.0,0.0,interior
T094,L,1576,T006,54,0,mapped,-11.209360480064138,20.420376813472135,-10.209932483068277,1,0.0,0.0,interior
T094,L,1577,T006,55,0,mapped,-11.409628290449561,20.576817794247212,-9.801499902027308,1,0.0,0.0,interior
T094,L,1578,T006,56,0,mapped,-11.334523915312145,20.726314552225624,-9.354169362310188,1,0.0,0.0,interior
T094,L,1579,T006,57,0,mapped,-11.476815108003327,20.860505592284326,-8.918982367898222,1,0.0,0.0,interior
T094,L,1580,T006,58,0,mapped,-11.693278788906122,21.059267415290563,-8.483438579549524,1,0.0,0.0,interior
T094,L,1581,T006,59,0,mapped,-11.626559658046496,21.277909102808085,-8.088495344862203,1,0.0,0.0,interior
T094,L,1582,T006,60,0,mapped,-11.529609826458818,21.52151938903903,-7.677115488005382,1,0.0,0.0,interior
T094,L,1583,T006,61,0,mapped,-11.469221420910147,21.683644349563554,-7.241824167565466,1,0.0,0.0,interior
T094,L,1584,T006,62,0,mapped,-11.451684942021231,21.845175360257993,-6.819205232296642,1,0.0,0.0,interior
T094,L,1585,T006,63,0,mapped,-11.461483808555565,22.039046958565567,-6.396203336653903,1,0.0,0.0,interior
T094,L,1586,T006,64,0,mapped,-11.427277324049998,22.22030898171646,-5.943119541942677,1,0.0,0.0,interior
T094,L,1587,T006,65,0,mapped,-11.325478095413763,22.382517279733783,-5.495847613720688,1,0.0,0.0,interior
T094,L,1588,T006,66,0,mapped,-11.23217976937752,22.553086816803198,-5.058563835964344,1,0.0,0.0,interior
T094,L,1589,T006,67,0,mapped,-11.21008167896756,22.68945776462238,-4.5673666985175485,1,0.0,0.0,interior
T094,L,1590,T006,68,0,mapped,-11.19976356720466,22.695393265950525,-4.094886975471122,1,0.0,0.0,interior
T094,L,1591,T006,69,0,mapped,-11.19929576320046,22.582431746984017,-3.6748033535738354,1,0.0,0.0,interior
T094,L,1592,T006,70,0,mapped,-11.176028761601682,22.689726007906064,-3.2435867259499984,1,0.0,0.0,interior
T094,L,1593,T006,71,0,mapped,-11.137717729608095,22.887282639961136,-2.8360916461171417,2,7.944109290391274e-15,3.972054645195637e-15,shared_edge
T094,L,1594,T006,73,0,mapped,-10.823966275878018,20.054378560207127,-11.729647811113193,1,0.0,0.0,interior
T094,L,1595,T006,74,0,mapped,-10.976074585973363,20.279911425170436,-11.166320914739527,1,0.0,0.0,interior
T094,L,1596,T006,75,0,mapped,-11.167730545742884,20.40257207849233,-10.766676162922153,1,0.0,0.0,interior
T094,L,1597,T006,76,0,mapped,-11.270185337596565,20.67602297013,-10.319093390685874,1,0.0,0.0,interior
T094,L,1598,T006,77,0,mapped,-11.324123129256865,20.80340796221846,-9.882485546937506,1,0.0,0.0,interior
T094,L,1599,T006,78,0,mapped,-11.280707109326796,21.00795255093539,-9.473847373484242,1,0.0,0.0,interior
T094,L,1600,T006,79,0,mapped,-11.443147167567924,21.165296652186036,-9.056475756298811,1,0.0,0.0,interior
T094,L,1601,T006,80,0,mapped,-11.687810655798607,21.343265698464766,-8.659872775932557,1,0.0,0.0,interior
T094,L,1602,T006,81,0,mapped,-11.669130456776763,21.502215500474787,-8.262578601584835,1,0.0,0.0,interior
T094,L,1603,T006,82,0,mapped,-11.623184506833525,21.747137243300635,-7.864648224709814,1,0.0,0.0,interior
T094,L,1604,T006,83,0,mapped,-11.602916395312677,21.93324603819687,-7.4656178212803335,1,0.0,0.0,interior
T094,L,1605,T006,84,0,mapped,-11.637062161952931,22.096063432023826,-7.049912507788739,1,0.0,0.0,interior
T094,L,1606,T006,85,0,mapped,-11.700988957360673,22.286175888272627,-6.638364705531579,1,0.0,0.0,interior
T094,L,1607,T006,86,0,mapped,-11.738457194010012,22.457985382511772,-6.206882395325819,1,0.0,0.0,interior
T094,L,1608,T006,87,0,mapped,-11.682737483370136,22.594754573474745,-5.747511894333006,1,0.0,0.0,interior
T094,L,1609,T006,88,0,mapped,-11.600753052794646,22.746054206499515,-5.287113643040697,1,0.0,0.0,interior
T094,L,1610,T006,89,0,mapped,-11.552527267344326,22.872379399203805,-4.798302643768064,1,0.0,0.0,interior
T094,L,1611,T006,90,0,mapped,-11.558108899080596,22.890842407134418,-4.293673104086618,1,0.0,0.0,interior
T094,L,1612,T006,91,0,mapped,-11.636483835645597,22.715210852016458,-3.886501175683132,1,0.0,0.0,interior
T094,L,1613,T006,92,0,mapped,-11.654980811823362,22.63436820227404,-3.4690882683945943,1,0.0,0.0,interior
T094,L,1614,T006,93,0,mapped,-11.63122513303214,22.83626616163227,-3.000363968363863,2,5.3290705182007506e-15,2.664535259100376e-15,shared_edge
T094,L,1615,T006,95,0,mapped,-10.985709022162206,20.59335562936721,-11.36666846666956,1,0.0,0.0,interior
T094,L,1616,T006,96,0,mapped,-11.193928166164035,20.72829260172017,-10.904124015990917,1,0.0,0.0,interior
T094,L,1617,T006,97,0,mapped,-11.293990304666913,20.926818538392983,-10.491176984859585,1,0.0,0.0,interior
T094,L,1618,T006,98,0,mapped,-11.347547196682617,21.098297507910875,-10.056216936109651,1,0.0,0.0,interior
T094,L,1619,T006,99,0,mapped,-11.285447534660909,21.31350111452073,-9.598350846273453,1,0.0,0.0,interior
T094,L,1620,T006,100,0,mapped,-11.395139198909307,21.458694076672383,-9.202703702746565,1,0.0,0.0,interior
T094,L,1621,T006,101,0,mapped,-11.656572360513438,21.581700257583936,-8.763577971327905,1,0.0,0.0,interior
T094,L,1622,T006,102,0,mapped,-11.711101746583617,21.807421371744287,-8.404559766709495,1,0.0,0.0,interior
T094,L,1623,T006,103,0,mapped,-11.725823810653598,21.925997097141185,-8.02021868609176,1,0.0,0.0,interior
T094,L,1624,T006,104,0,mapped,-11.766773731323806,22.14120719821517,-7.626123038857811,1,0.0,0.0,interior
T094,L,1625,T006,105,0,mapped,-11.815491355699445,22.304672222781527,-7.2513285935107685,1,0.0,0.0,interior
T094,L,1626,T006,106,0,mapped,-11.907969355596205,22.50219730173752,-6.851237335352057,1,0.0,0.0,interior
T094,L,1627,T006,107,0,mapped,-12.011960314114715,22.64546846880393,-6.436194615153405,1,0.0,0.0,interior
T094,L,1628,T006,108,0,mapped,-12.025945104383718,22.76883882926671,-6.00590285710903,1,0.0,0.0,interior
T094,L,1629,T006,109,0,mapped,-11.96612538101496,22.938413139709745,-5.550522097240388,1,0.0,0.0,interior
T094,L,1630,T006,110,0,mapped,-11.912030985212876,23.083858190769547,-5.057461169332343,1,0.0,0.0,interior
T094,L,1631,T006,111,0,mapped,-11.920235374805964,23.116382742405506,-4.4997424453183825,1,0.0,0.0,interior
T094,L,1632,T006,112,0,mapped,-12.007266001077594,23.006300682049304,-4.001721712775488,1,0.0,0.0,interior
T094,L,1633,T006,113,0,mapped,-12.104250215499126,22.803723216392978,-3.640313991912753,1,0.0,0.0,interior
T094,L,1634,T006,114,0,mapped,-12.041394873350646,22.762556442921902,-3.3028875382624543,2,3.552713678800501e-15,1.7763568394002505e-15,shared_edge
T094,L,1635,T006,116,0,mapped,-11.18726720895689,21.018737499381597,-11.059364037035781,1,0.0,0.0,interior
T094,L,1636,T006,117,0,mapped,-11.230190305777471,21.217942883943905,-10.679570141257884,1,0.0,0.0,interior
T094,L,1637,T006,118,0,mapped,-11.273765911101002,21.41458933027264,-10.216466259933842,1,0.0,0.0,interior
T094,L,1638,T006,119,0,mapped,-11.325677074092706,21.605893039177346,-9.665161463766628,1,0.0,0.0,interior
T094,L,1639,T006,120,0,mapped,-11.422989116184766,21.753127431652263,-9.33662302116737,1,0.0,0.0,interior
T094,L,1640,T006,121,0,mapped,-11.63785785284048,21.870191669072632,-8.972390311421462,1,0.0,0.0,interior
T094,L,1641,T006,122,0,mapped,-11.776630174996091,21.987153725548996,-8.524494203937317,1,0.0,0.0,interior
T094,L,1642,T006,123,0,mapped,-11.901491465064474,22.099645623178493,-8.167115786096096,1,0.0,0.0,interior
T094,L,1643,T006,124,0,mapped,-12.00158525931941,22.341102334388143,-7.80632021656583,1,0.0,0.0,interior
T094,L,1644,T006,125,0,mapped,-12.019247920826446,22.489896852592214,-7.484857517526216,1,0.0,0.0,interior
T094,L,1645,T006,126,0,mapped,-12.122869884192434,22.695142355421066,-7.000984505279609,1,0.0,0.0,interior
T094,L,1646,T006,127,0,mapped,-12.268786474173996,22.809219352666435,-6.623846972015796,1,0.0,0.0,interior
T094,L,1647,T006,128,0,mapped,-12.319592174838135,22.91071212891711,-6.247589368927288,1,0.0,0.0,interior
T094,L,1648,T006,129,0,mapped,-12.302687039540503,23.091449561942934,-5.840722377947596,1,0.0,0.0,interior
T094,L,1649,T006,130,0,mapped,-12.269861209556078,23.307594089424295,-5.349650892962544,1,0.0,0.0,interior
T094,L,1650,T006,131,0,mapped,-12.282613095095396,23.35983691230749,-4.761130548981917,1,0.0,0.0,interior
T094,L,1651,T006,132,0,mapped,-12.377114681236788,23.268960648794064,-4.201314133889839,1,0.0,0.0,interior
T094,L,1652,T006,133,0,mapped,-12.479165013376843,23.043534368219085,-3.776849892102831,1,0.0,0.0,interior
T094,L,1653,T006,134,0,mapped,-12.558395656081752,22.781950530697962,-3.4259829923252396,2,1.9860273225978185e-15,9.930136612989092e-16,shared_edge
T094,L,1654,T006,136,0,mapped,-11.200418737246597,21.452841761547067,-10.759432475444017,1,0.0,0.0,interior
T094,L,1655,T006,137,0,mapped,-11.238891001771746,21.647510788884247,-10.28525106030893,1,0.0,0.0,interior
T094,L,1656,T006,138,0,mapped,-11.353837353363685,21.7918760296783,-9.779033272072338,1,0.0,0.0,interior
T094,L,1657,T006,139,0,mapped,-11.512817999464046,22.056390430592078,-9.380647607828063,1,0.0,0.0,interior
T094,L,1658,T006,140,0,mapped,-11.665162018239398,22.109506558462265,-9.084119357867202,1,0.0,0.0,interior
T094,L,1659,T006,141,0,mapped,-11.821603778648667,22.155141734570776,-8.693179800326076,1,0.0,0.0,interior
T094,L,1660,T006,142,0,mapped,-11.942843527911327,22.263734645143916,-8.443713923721036,1,0.0,0.0,interior
T094,L,1661,T006,143,0,mapped,-12.19549456148136,22.457765663099494,-8.075566136256203,1,0.0,0.0,interior
T094,L,1662,T006,144,0,mapped,-12.321451405976092,22.696082420564224,-7.7142053723942166,1,0.0,0.0,interior
T094,L,1663,T006,145,0,mapped,-12.400755763839335,22.79783634424657,-7.3196908675470445,1,0.0,0.0,interior
T094,L,1664,T006,146,0,mapped,-12.524318004128824,22.94317973610172,-6.880127997240478,1,0.0,0.0,interior
T094,L,1665,T006,147,0,mapped,-12.571600436028753,23.11850039710182,-6.458694062965187,1,0.0,0.0,interior
T094,L,1666,T006,148,0,mapped,-12.598616427713276,23.304008909417046,-6.080752110736694,1,0.0,0.0,interior
T094,L,1667,T006,149,0,mapped,-12.67659184969958,23.491541306150957,-5.628282544990706,1,0.0,0.0,interior
T094,L,1668,T006,150,0,mapped,-12.735333148941155,23.538562045203413,-5.056120536915303,1,0.0,0.0,interior
T094,L,1669,T006,151,0,mapped,-12.847468534693618,23.40186646742753,-4.501244683806483,1,0.0,0.0,interior
T094,L,1670,T006,152,0,mapped,-12.9537435086148,23.13789216728937,-4.031185948973444,1,0.0,0.0,interior
T094,L,1671,T006,153,0,mapped,-13.011425134175783,22.804145333315955,-3.677110156115108,2,0.0,0.0,shared_edge
T094,L,1672,T006,155,0,mapped,-11.266195325426983,21.86986476180375,-10.316637510980659,1,0.0,0.0,interior
T094,L,1673,T006,156,0,mapped,-11.403082267633337,22.107869278300914,-9.871901775655337,1,0.0,0.0,interior
T094,L,1674,T006,157,0,mapped,-11.566312093150113,22.32428842530526,-9.458396152795908,1,0.0,0.0,interior
T094,L,1675,T006,158,0,mapped,-11.728098678733451,22.3679345946253,-9.156727938412288,1,0.0,0.0,interior
T094,L,1676,T006,159,0,mapped,-11.902911635093105,22.44461778151478,-8.861585385147391,1,0.0,0.0,interior
T094,L,1677,T006,160,0,mapped,-12.13654853833474,22.645506215923756,-8.558835043808022,1,0.0,0.0,interior
T094,L,1678,T006,161,0,mapped,-12.329334534900621,22.718767377090902,-8.312071055927417,1,0.0,0.0,interior
T094,L,1679,T006,162,0,mapped,-12.493548989586653,22.842066700534147,-7.933994210195635,1,0.0,0.0,interior
T094,L,1680,T006,163,0,mapped,-12.588521532780254,22.976823109179296,-7.6114798031482644,1,0.0,0.0,interior
T094,L,1681,T006,164,0,mapped,-12.682894326599348,23.10879680557094,-7.179868626727688,1,0.0,0.0,interior
T094,L,1682,T006,165,0,mapped,-12.804557778604492,23.292866098966382,-6.766474438241158,1,0.0,0.0,interior
T094,L,1683,T006,166,0,mapped,-12.94620400698657,23.44835084289334,-6.340401568959048,1,0.0,0.0,interior
T094,L,1684,T006,167,0,mapped,-13.06062525403965,23.54604442981974,-5.938526821967015,1,0.0,0.0,interior
T094,L,1685,T006,168,0,mapped,-13.238703037860532,23.527766126543423,-5.382568529475937,1,0.0,0.0,interior
T094,L,1686,T006,169,0,mapped,-13.26563751599542,23.43106097221071,-4.944888489091401,1,0.0,0.0,interior
T094,L,1687,T006,170,0,mapped,-13.406781820768575,23.15303484995502,-4.454323060252097,1,0.0,0.0,interior
T094,L,1688,T006,171,0,mapped,-13.416120285871688,22.857778959340305,-4.016533672838281,2,0.0,0.0,shared_edge
T094,L,1689,T006,173,0,mapped,-11.431998568084495,22.358390452280858,-9.991497152198821,1,0.0,0.0,interior
T094,L,1690,T006,174,0,mapped,-11.56120167081523,22.57768654747557,-9.612479818979939,1,0.0,0.0,interior
T094,L,1691,T006,175,0,mapped,-11.727817658375852,22.698001689468267,-9.283522567156531,1,0.0,0.0,interior
T094,L,1692,T006,176,0,mapped,-11.926557784249129,22.788540812685206,-8.987120924830894,1,0.0,0.0,interior
T094,L,1693,T006,177,0,mapped,-12.142068870932698,22.844851209255264,-8.714848836216184,1,0.0,0.0,interior
T094,L,1694,T006,178,0,mapped,-12.376385673789816,23.005568251464137,-8.494107451216939,1,0.0,0.0,interior
T094,L,1695,T006,179,0,mapped,-12.600350975273159,23.082319523205143,-8.1508226398376,1,0.0,0.0,interior
T094,L,1696,T006,180,0,mapped,-12.765781635564183,23.172759141714725,-7.790995184470925,1,0.0,0.0,interior
T094,L,1697,T006,181,0,mapped,-12.92259594766907,23.255472525737307,-7.402174060283132,1,0.0,0.0,interior
T094,L,1698,T006,182,0,mapped,-13.127940335597826,23.324021134640205,-6.997801591098223,1,0.0,0.0,interior
T094,L,1699,T006,183,0,mapped,-13.320102172832735,23.38715179063115,-6.539459676860363,1,0.0,0.0,interior
T094,L,1700,T006,184,0,mapped,-13.462659990031248,23.395742314428798,-6.231245840317622,1,0.0,0.0,interior
T094,L,1701,T006,185,0,mapped,-13.6033533632538,23.409776249265185,-5.754506315431205,1,0.0,0.0,interior
T094,L,1702,T006,186,0,mapped,-13.701572810096266,23.321042933420784,-5.338280486927264,1,0.0,0.0,interior
T094,L,1703,T006,187,0,mapped,-13.798894244029402,23.156495803441818,-4.8545411651466415,1,0.0,0.0,interior
T094,L,1704,T006,188,0,mapped,-13.76011613643512,22.909763296060074,-4.421916314505401,2,0.0,0.0,shared_edge
T094,L,1705,T006,190,0,mapped,-11.627069836137814,22.869069528256677,-9.809934264995569,1,0.0,0.0,interior
T094,L,1706,T006,191,0,mapped,-11.793708198075073,22.989105389340963,-9.466943304205367,1,0.0,0.0,interior
T094,L,1707,T006,192,0,mapped,-12.044079336800253,23.0728123367265,-9.152872039834017,1,0.0,0.0,interior
T094,L,1708,T006,193,0,mapped,-12.295003413363583,23.117003206429686,-8.874667339156995,1,0.0,0.0,interior
T094,L,1709,T006,194,0,mapped,-12.608053811951299,23.153249260271046,-8.622198529848525,1,0.0,0.0,interior
T094,L,1710,T006,195,0,mapped,-12.848126193538222,23.154351664719506,-8.313101535568006,1,0.0,0.0,interior
T094,L,1711,T006,196,0,mapped,-13.153616909694138,23.123444590354335,-7.990118550840364,1,0.0,0.0,interior
T094,L,1712,T006,197,0,mapped,-13.289179370141069,23.133365463954416,-7.567716899295204,1,0.0,0.0,interior
T094,L,1713,T006,198,0,mapped,-13.412348189446222,23.17954905459488,-7.216383811630008,1,0.0,0.0,interior
T094,L,1714,T006,199,0,mapped,-13.617465790651805,23.188023366033576,-6.861119088626274,1,0.0,0.0,interior
T094,L,1715,T006,200,0,mapped,-13.689738662044377,23.224949136528345,-6.455287665445382,1,0.0,0.0,interior
T094,L,1716,T006,201,0,mapped,-13.865515169878497,23.253774847415325,-6.074125863542565,1,0.0,0.0,interior
T094,L,1717,T006,202,0,mapped,-13.975846807050521,23.18572906953722,-5.601555376716606,1,0.0,0.0,interior
T094,L,1718,T006,203,0,mapped,-14.157868839234219,23.018708678526462,-5.190839552548485,1,0.0,0.0,interior
T094,L,1719,T006,204,0,mapped,-14.117156823808767,22.921340225215292,-4.798401449778749,2,4.440892098500626e-16,2.220446049250313e-16,shared_edge
T094,L,1720,T006,206,0,mapped,-11.96400984898064,23.228213905109765,-9.685391875657828,1,0.0,0.0,interior
T094,L,1721,T006,207,0,mapped,-12.254495228490024,23.230968935450615,-9.348115745165899,1,0.0,0.0,interior
T094,L,1722,T006,208,0,mapped,-12.56786391076833,23.19673412531202,-9.132958548909862,1,0.0,0.0,interior
T094,L,1723,T006,209,0,mapped,-12.887337344339935,23.10105643695305,-8.90734123571084,1,0.0,0.0,interior
T094,L,1724,T006,210,0,mapped,-13.096483858146755,23.063830106946213,-8.537677173835206,1,0.0,0.0,interior
T094,L,1725,T006,211,0,mapped,-13.305194028133169,23.049671721707906,-8.17775475483199,1,0.0,0.0,interior
T094,L,1726,T006,212,0,mapped,-13.483503232173854,23.011607339762023,-7.827083630890407,1,0.0,0.0,interior
T094,L,1727,T006,213,0,mapped,-13.690288713213484,22.98012596297547,-7.488660419636531,1,0.0,0.0,interior
T094,L,1728,T006,214,0,mapped,-13.85027497857972,23.008301298396084,-7.117504840841005,1,0.0,0.0,interior
T094,L,1729,T006,215,0,mapped,-13.967439258807065,23.042199915225257,-6.709554521389703,1,0.0,0.0,interior
T094,L,1730,T006,216,0,mapped,-14.10818154477039,23.05160543464856,-6.391222986637993,1,0.0,0.0,interior
T094,L,1731,T006,217,0,mapped,-14.264107488038228,23.022223596035897,-5.905377742899032,1,0.0,0.0,interior
T094,L,1732,T006,218,0,mapped,-14.49141954860348,22.864510017678295,-5.513094076054953,1,0.0,0.0,interior
T094,L,1733,T006,219,0,mapped,-14.530411118596787,22.759598886977333,-5.087300888902105,2,1.7763568394002505e-15,8.881784197001252e-16,shared_edge
T094,L,1734,T006,221,0,mapped,-12.51578057112523,23.235772108441047,-9.563496210459846,1,0.0,0.0,interior
T094,L,1735,T006,222,0,mapped,-12.80070362848291,23.139576615950112,-9.439356952196347,1,0.0,0.0,interior
T094,L,1736,T006,223,0,mapped,-13.041745431797723,23.042053258936004,-9.129363089534476,1,0.0,0.0,interior
T094,L,1737,T006,224,0,mapped,-13.340080099307746,22.91940304229004,-8.847770668093874,1,0.0,0.0,interior
T094,L,1738,T006,225,0,mapped,-13.55353494331922,22.858985927482575,-8.555246984278913,1,0.0,0.0,interior
T094,L,1739,T006,226,0,mapped,-13.754175585654966,22.82670982693925,-8.12924526996703,1,0.0,0.0,interior
T094,L,1740,T006,227,0,mapped,-13.980693194590927,22.781903088233783,-7.748322161702585,1,0.0,0.0,interior
T094,L,1741,T006,228,0,mapped,-14.045262627664085,22.852007932075505,-7.338901941726164,1,0.0,0.0,interior
T094,L,1742,T006,229,0,mapped,-14.266503325378697,22.784216684417963,-7.0774615392193265,1,0.0,0.0,interior
T094,L,1743,T006,230,0,mapped,-14.393395509831137,22.811428185915453,-6.667499906306964,1,0.0,0.0,interior
T094,L,1744,T006,231,0,mapped,-14.499870430787707,22.86588834399771,-6.204679847302522,1,0.0,0.0,interior
T094,L,1745,T006,232,0,mapped,-14.661985344101325,22.781474465506484,-5.7829250470345155,1,0.0,0.0,interior
T094,L,1746,T006,233,0,mapped,-14.882267240781193,22.639312111409417,-5.4274316544867585,2,1.9860273225978185e-15,9.930136612989092e-16,shared_edge
T094,L,1747,T006,235,0,mapped,-13.067807443144,23.033771891976485,-9.69638014649309,1,0.0,0.0,interior
T094,L,1748,T006,236,0,mapped,-13.2607049197885,22.937784820376308,-9.426920524329896,1,0.0,0.0,interior
T094,L,1749,T006,237,0,mapped,-13.480614164107674,22.829116814081857,-9.144668260552882,1,0.0,0.0,interior
T094,L,1750,T006,238,0,mapped,-13.727908028587484,22.713919226473937,-8.82885612326271,1,0.0,0.0,interior
T094,L,1751,T006,239,0,mapped,-14.037754542430198,22.58104466181146,-8.472283473185044,1,0.0,0.0,interior
T094,L,1752,T006,240,0,mapped,-14.16679319409986,22.590314363751517,-8.101279963692471,1,0.0,0.0,interior
T094,L,1753,T006,241,0,mapped,-14.26034512560722,22.634587189247117,-7.666355497884073,1,0.0,0.0,interior
T094,L,1754,T006,242,0,mapped,-14.537617373102544,22.56458809811546,-7.334268160142826,1,0.0,0.0,interior
T094,L,1755,T006,243,0,mapped,-14.644382589299806,22.620961840500534,-6.931427243403494,1,0.0,0.0,interior
T094,L,1756,T006,244,0,mapped,-14.909696114319416,22.559989573031597,-6.531077278101267,1,0.0,0.0,interior
T094,L,1757,T006,245,0,mapped,-15.059114151016754,22.517047675104205,-6.185947432465042,1,0.0,0.0,interior
T094,L,1758,T006,246,0,mapped,-15.243526844319943,22.4672115256842,-5.725516963564866,2,3.580361673049448e-15,1.790180836524724e-15,shared_edge
T094,L,1759,T006,248,0,mapped,-13.492933263493171,22.84330545590574,-9.74449860728631,1,0.0,0.0,interior
T094,L,1760,T006,249,0,mapped,-13.723790051200812,22.705604441086326,-9.454905847466334,1,0.0,0.0,interior
T094,L,1761,T006,250,0,mapped,-13.934634136427004,22.583077865648075,-9.163833666679636,1,0.0,0.0,interior
T094,L,1762,T006,251,0,mapped,-14.230206453557335,22.43795454402772,-8.801947977650338,1,0.0,0.0,interior
T094,L,1763,T006,252,0,mapped,-14.41778316908096,22.38094328516963,-8.432978083923128,1,0.0,0.0,interior
T094,L,1764,T006,253,0,mapped,-14.56114534572899,22.373636405216573,-7.997508376869908,1,0.0,0.0,interior
T094,L,1765,T006,254,0,mapped,-14.747662016161796,22.347826211803703,-7.659016100582487,1,0.0,0.0,interior
T094,L,1766,T006,255,0,mapped,-14.954256127005989,22.364825184273638,-7.200943806525358,1,0.0,0.0,interior
T094,L,1767,T006,256,0,mapped,-15.067833462549114,22.354909600809474,-6.928678797860271,1,0.0,0.0,interior
T094,L,1768,T006,257,0,mapped,-15.378658146902005,22.25331035270552,-6.447243583188364,1,0.0,0.0,interior
T094,L,1769,T006,258,0,mapped,-15.613798467181812,22.196761839551986,-5.945558377845839,2,3.552713678800501e-15,1.7763568394002505e-15,shared_edge
T094,L,1770,T006,260,0,mapped,-14.032539118333228,22.604884278792014,-9.742137788982912,1,0.0,0.0,interior
T094,L,1771,T006,261,0,mapped,-14.222791379233886,22.471005973255433,-9.486398607257899,1,0.0,0.0,interior
T094,L,1772,T006,262,0,mapped,-14.343557127968134,22.386661986768967,-9.058319242065753,1,0.0,0.0,interior
T094,L,1773,T006,263,0,mapped,-14.592515337099295,22.273527623551345,-8.860126684755226,1,0.0,0.0,interior
T094,L,1774,T006,264,0,mapped,-14.787435913133114,22.188684468028608,-8.37026957929514,1,0.0,0.0,interior
T094,L,1775,T006,265,0,mapped,-14.992923026934633,22.110278123886573,-8.058373922556111,1,0.0,0.0,interior
T094,L,1776,T006,266,0,mapped,-15.245622803821746,22.06477377878791,-7.529590901162828,1,0.0,0.0,interior
T094,L,1777,T006,267,0,mapped,-15.468575694707388,21.958410689540145,-7.246352863867768,1,0.0,0.0,interior
T094,L,1778,T006,268,0,mapped,-15.673063960148212,21.966696895933264,-6.7507147462872705,1,0.0,0.0,interior
T094,L,1779,T006,269,0,mapped,-15.927283603727968,21.935929790332036,-6.282691592519833,2,3.552713678800501e-15,1.7763568394002505e-15,shared_edge
T094,L,1780,T006,271,0,mapped,-14.581025601473224,22.46503481059113,-9.899437880929957,1,0.0,0.0,interior
T094,L,1781,T006,272,0,mapped,-14.65568236882731,22.35069979200624,-9.528793451149665,1,0.0,0.0,interior
T094,L,1782,T006,273,0,mapped,-14.89131945161699,22.196618466369536,-9.120980831380338,1,0.0,0.0,interior
T094,L,1783,T006,274,0,mapped,-15.093284863922658,22.06339582804412,-8.727708967028928,1,0.0,0.0,interior
T094,L,1784,T006,275,0,mapped,-15.337595886343603,21.916167747237857,-8.371663202548124,1,0.0,0.0,interior
T094,L,1785,T006,276,0,mapped,-15.56204331373639,21.784621862706913,-7.931979788999479,1,0.0,0.0,interior
T094,L,1786,T006,277,0,mapped,-15.825216132306082,21.669244043754112,-7.433732417296155,1,0.0,0.0,interior
T094,L,1787,T006,278,0,mapped,-15.90210421304824,21.753601010165102,-7.009503697617525,1,0.0,0.0,interior
T094,L,1788,T006,279,0,mapped,-16.229891948616547,21.706025851110162,-6.6047775755229345,2,0.0,0.0,shared_edge
T094,L,1789,T006,281,0,mapped,-15.090933966622174,22.329441997465704,-9.83742559768729,1,0.0,0.0,interior
T094,L,1790,T006,282,0,mapped,-15.32166658289819,22.137534546568943,-9.445534984861053,1,0.0,0.0,interior
T094,L,1791,T006,283,0,mapped,-15.498314276379443,21.929480757845642,-9.052720053868804,1,0.0,0.0,interior
T094,L,1792,T006,284,0,mapped,-15.655453589180512,21.797239007917867,-8.632160250583734,1,0.0,0.0,interior
T094,L,1793,T006,285,0,mapped,-15.839044032076547,21.639541824081302,-8.095480602392062,1,0.0,0.0,interior
T094,L,1794,T006,286,0,mapped,-16.06209395614817,21.52098785285898,-7.714605105201477,1,0.0,0.0,interior
T094,L,1795,T006,287,0,mapped,-16.26334603399444,21.482425100862695,-7.330596290263808,1,0.0,0.0,interior
T094,L,1796,T006,288,0,mapped,-16.637652572610513,21.45825912601388,-6.824622336940866,2,0.0,0.0,shared_edge
T094,L,1797,T006,290,0,mapped,-15.674851668038357,22.19188474365452,-9.72203348365888,1,0.0,0.0,interior
T094,L,1798,T006,291,0,mapped,-15.948389486526093,21.96618220399449,-9.379239540602116,1,0.0,0.0,interior
T094,L,1799,T006,292,0,mapped,-16.092062721250436,21.757684042112093,-8.959288817313064,1,0.0,0.0,interior
T094,L,1800,T006,293,0,mapped,-16.267417402060637,21.587824354419343,-8.508386476525128,1,0.0,0.0,interior
T094,L,1801,T006,294,0,mapped,-16.484740162265346,21.459715838103264,-8.045687479280337,1,0.0,0.0,interior
T094,L,1802,T006,295,0,mapped,-16.651164545677275,21.38824363676316,-7.609537126867,1,0.0,0.0,interior
T094,L,1803,T006,296,0,mapped,-17.008230538911917,21.345824383291752,-7.121323420283057,2,8.881784197001252e-16,4.440892098500626e-16,shared_edge
T094,L,1804,T006,298,0,mapped,-16.332615926432553,22.035874639714347,-9.60661441347003,1,0.0,0.0,interior
T094,L,1805,T006,299,0,mapped,-16.542829650847864,21.866746322894926,-9.278714136469263,1,0.0,0.0,interior
T094,L,1806,T006,300,0,mapped,-16.7030719125664,21.61535580414209,-8.764380571120205,1,0.0,0.0,interior
T094,L,1807,T006,301,0,mapped,-16.873088118365267,21.505205116232347,-8.466458339179955,1,0.0,0.0,interior
T094,L,1808,T006,302,0,mapped,-17.109912820746214,21.371076606309046,-8.004759985218474,1,0.0,0.0,interior
T094,L,1809,T006,303,0,mapped,-17.392699448637742,21.26872785470731,-7.396116573150576,2,3.66205343881779e-15,1.831026719408895e-15,shared_edge
T094,L,1810,T006,305,0,mapped,-16.825553299351824,22.025613474917893,-9.522000354790663,1,0.0,0.0,interior
T094,L,1811,T006,306,0,mapped,-17.072599174700194,21.79695745449616,-9.139764690319167,1,0.0,0.0,interior
T094,L,1812,T006,307,0,mapped,-17.3087726217493,21.632678679898422,-8.804576702076366,1,0.0,0.0,interior
T094,L,1813,T006,308,0,mapped,-17.457116318636462,21.443703040180136,-8.317982705166271,1,0.0,0.0,interior
T094,L,1814,T006,309,0,mapped,-17.672348034029667,21.286771586809245,-7.849599198513209,2,0.0,0.0,shared_edge
T094,L,1815,T006,311,0,mapped,-17.491662990057215,22.080637011111524,-9.34129038371161,1,0.0,0.0,interior
T094,L,1816,T006,312,0,mapped,-17.70217355776944,21.808239407262384,-8.986885983762255,1,0.0,0.0,interior
T094,L,1817,T006,313,0,mapped,-17.80352302500613,21.569619411223794,-8.629120983807889,1,0.0,0.0,interior
T094,L,1818,T006,314,0,mapped,-17.966936132522815,21.38787979718841,-8.2659590051484,2,3.66205343881779e-15,1.831026719408895e-15,shared_edge
T094,L,1819,T006,316,0,mapped,-17.951898253374296,21.99665429063813,-9.093064366004246,1,0.0,0.0,interior
T094,L,1820,T006,317,0,mapped,-18.19236818979104,21.831876027406697,-8.86340685273169,1,0.0,0.0,interior
T094,L,1821,T006,318,0,mapped,-18.370250892814713,21.570631582180873,-8.525841190099637,2,0.0,0.0,shared_edge
T094,L,1822,T006,320,0,mapped,-18.599813447950275,22.07529469684244,-8.957937221364407,1,0.0,0.0,interior
T094,L,1823,T006,321,0,mapped,-18.840097150211676,21.76364541378617,-8.667960584836779,2,3.552713678800501e-15,1.7763568394002505e-15,shared_edge
T094,L,1824,T006,323,0,mapped,-19.190426594280268,22.03565147193413,-8.812455002495764,2,0.2059873251762149,0.1029936625881074,shared_edge
T094,L,1825,T007,25,0,mapped,-9.941625978458887,18.298404643757973,-12.734232832317703,1,0.0,0.0,interior
T094,L,1826,T007,26,0,mapped,-10.308846354770441,18.431712945047078,-12.423745376525153,1,0.0,0.0,interior
T094,L,1827,T007,27,0,mapped,-10.513770457518937,18.53734706626552,-12.005307805217324,1,0.0,0.0,interior
T094,L,1828,T007,28,0,mapped,-10.649961358395117,18.68606460749005,-11.574640067052869,1,0.0,0.0,interior
T094,L,1829,T007,29,0,mapped,-10.746740948013656,19.00935685935376,-11.117942648683846,1,0.0,0.0,interior
T094,L,1830,T007,30,0,mapped,-10.88115070143786,19.167594352559362,-10.723262518630644,1,0.0,0.0,interior
T094,L,1831,T007,31,0,mapped,-11.227116553036709,19.350409776886966,-10.325158028212691,1,0.0,0.0,interior
T094,L,1832,T007,32,0,mapped,-11.411811903648177,19.55818751755946,-9.848855613431438,1,0.0,0.0,interior
T094,L,1833,T007,33,0,mapped,-11.574901437610682,19.84081729056505,-9.417083533490976,1,0.0,0.0,interior
T094,L,1834,T007,34,0,mapped,-11.64236560694557,19.946792633443174,-9.072598347115932,1,0.0,0.0,interior
T094,L,1835,T007,35,0,mapped,-11.667079114754262,20.16391529523621,-8.594945140259078,1,0.0,0.0,interior
T094,L,1836,T007,36,0,mapped,-11.633229899297422,20.304790114395495,-8.118354675658818,1,0.0,0.0,interior
T094,L,1837,T007,37,0,mapped,-11.493657485564244,20.53300316983048,-7.671892254795256,1,0.0,0.0,interior
T094,L,1838,T007,38,0,mapped,-11.332491743528491,20.787787745604795,-7.218902297235893,1,0.0,0.0,interior
T094,L,1839,T007,39,0,mapped,-11.154740893441744,20.97108031236303,-6.746431342929269,1,0.0,0.0,interior
T094,L,1840,T007,40,0,mapped,-11.000358046521336,21.15648821040387,-6.304657530573645,1,0.0,0.0,interior
T094,L,1841,T007,41,0,mapped,-10.884880118370393,21.396761291995443,-5.880407395550508,1,0.0,0.0,interior
T094,L,1842,T007,42,0,mapped,-10.736927164686119,21.5922534039654,-5.438637298834608,1,0.0,0.0,interior
T094,L,1843,T007,43,0,mapped,-10.603607311914836,21.78384706805329,-5.010299730545372,1,0.0,0.0,interior
T094,L,1844,T007,44,0,mapped,-10.526983743552112,22.026870320964637,-4.567335894036647,1,0.0,0.0,interior
T094,L,1845,T007,45,0,mapped,-10.320638194866808,22.12118337175816,-4.103837811010903,1,0.0,0.0,interior
T094,L,1846,T007,46,0,mapped,-10.115771302445035,22.303184357271654,-3.6625519349747306,1,0.0,0.0,interior
T094,L,1847,T007,47,0,mapped,-10.195438309484485,22.62864922390602,-3.2589683878450493,1,0.0,0.0,interior
T094,L,1848,T007,48,0,mapped,-10.183047392268087,22.874654275127543,-2.788375697068227,2,1.7763568394002505e-15,8.881784197001252e-16,shared_edge
T094,L,1849,T007,49,0,mapped,-9.983974122129588,18.09482570099658,-12.640657941516155,1,0.0,0.0,interior
T094,L,1850,T007,50,0,mapped,-10.3505528742268,18.28399049388072,-12.327355707336912,1,0.0,0.0,interior
T094,L,1851,T007,51,0,mapped,-10.521066897385216,18.35919289458066,-11.971025336102063,1,0.0,0.0,interior
T094,L,1852,T007,52,0,mapped,-10.64290726256142,18.465823854973497,-11.560314385790987,1,0.0,0.0,interior
T094,L,1853,T007,53,0,mapped,-10.731920266812072,18.821219250886358,-11.043159074043855,1,0.0,0.0,interior
T094,L,1854,T007,54,0,mapped,-10.94470997063436,18.922777350112455,-10.590159243243413,1,0.0,0.0,interior
T094,L,1855,T007,55,0,mapped,-11.272999289083698,19.15082184857644,-10.27243545708648,1,0.0,0.0,interior
T094,L,1856,T007,56,0,mapped,-11.46547742109165,19.39841067990409,-9.881470289083383,1,0.0,0.0,interior
T094,L,1857,T007,57,0,mapped,-11.651576249373802,19.609603252646096,-9.399311744417345,1,0.0,0.0,interior
T094,L,1858,T007,58,0,mapped,-11.720031904942404,19.79608463191859,-8.99863446422216,1,0.0,0.0,interior
T094,L,1859,T007,59,0,mapped,-11.723517645472622,19.944423163222478,-8.541126348487051,1,0.0,0.0,interior
T094,L,1860,T007,60,0,mapped,-11.64911701134523,20.11392445020422,-8.106896237987863,1,0.0,0.0,interior
T094,L,1861,T007,61,0,mapped,-11.502011957533371,20.347152771249274,-7.665355528954518,1,0.0,0.0,interior
T094,L,1862,T007,62,0,mapped,-11.327252362419921,20.60534122753906,-7.210180096952858,1,0.0,0.0,interior
T094,L,1863,T007,63,0,mapped,-11.135312342764077,20.799589600173576,-6.741757485622428,1,0.0,0.0,interior
T094,L,1864,T007,64,0,mapped,-10.962037431232961,20.987312501987297,-6.304587252146156,1,0.0,0.0,interior
T094,L,1865,T007,65,0,mapped,-10.81649224034609,21.213374233798312,-5.881460065690217,1,0.0,0.0,interior
T094,L,1866,T007,66,0,mapped,-10.657666423076211,21.42304866060785,-5.443747365414562,1,0.0,0.0,interior
T094,L,1867,T007,67,0,mapped,-10.521120031331938,21.635607472103032,-5.018956654686378,1,0.0,0.0,interior
T094,L,1868,T007,68,0,mapped,-10.417070504491566,21.86635805254285,-4.593391744224284,1,0.0,0.0,interior
T094,L,1869,T007,69,0,mapped,-10.232120317997683,22.019151980051255,-4.148578345391072,1,0.0,0.0,interior
T094,L,1870,T007,70,0,mapped,-10.056471355044408,22.233259999422998,-3.713596842046138,1,0.0,0.0,interior
T094,L,1871,T007,71,0,mapped,-10.068518302514256,22.57511292194886,-3.3125883790723076,2,3.66205343881779e-15,1.831026719408895e-15,shared_edge
T094,L,1872,T007,72,0,mapped,-10.025531502059119,17.888581224370714,-12.55155833427048,1,0.0,0.0,interior
T094,L,1873,T007,73,0,mapped,-10.365099615330582,18.108743975332697,-12.274756601331301,1,0.0,0.0,interior
T094,L,1874,T007,74,0,mapped,-10.515577307579203,18.20104005219006,-11.962612423193525,1,0.0,0.0,interior
T094,L,1875,T007,75,0,mapped,-10.667365745037031,18.316503430455153,-11.388193092318613,1,0.0,0.0,interior
T094,L,1876,T007,76,0,mapped,-10.749806480298366,18.550521868812687,-10.917166213090551,1,0.0,0.0,interior
T094,L,1877,T007,77,0,mapped,-10.987297853242058,18.728103944477905,-10.523925555281444,1,0.0,0.0,interior
T094,L,1878,T007,78,0,mapped,-11.327593392265827,18.980193425291294,-10.19197692313066,1,0.0,0.0,interior
T094,L,1879,T007,79,0,mapped,-11.571054206597474,19.174092257406166,-9.807969099802655,1,0.0,0.0,interior
T094,L,1880,T007,80,0,mapped,-11.740751712854983,19.406388277296532,-9.389426329933624,1,0.0,0.0,interior
T094,L,1881,T007,81,0,mapped,-11.802312603924369,19.594396056597663,-8.938135437101456,1,0.0,0.0,interior
T094,L,1882,T007,82,0,mapped,-11.779196574921297,19.724045217177245,-8.480443843410523,1,0.0,0.0,interior
T094,L,1883,T007,83,0,mapped,-11.682265137969557,19.896627286685494,-8.073449891790512,1,0.0,0.0,interior
T094,L,1884,T007,84,0,mapped,-11.512218437126696,20.143276190941744,-7.648555297176133,1,0.0,0.0,interior
T094,L,1885,T007,85,0,mapped,-11.323382219864145,20.406021974127675,-7.204400053422946,1,0.0,0.0,interior
T094,L,1886,T007,86,0,mapped,-11.123190641449336,20.618085721414573,-6.740987750699383,1,0.0,0.0,interior
T094,L,1887,T007,87,0,mapped,-10.930240953711415,20.813203921406796,-6.303500993688463,1,0.0,0.0,interior
T094,L,1888,T007,88,0,mapped,-10.760423394170976,21.035864674896043,-5.883132220374231,1,0.0,0.0,interior
T094,L,1889,T007,89,0,mapped,-10.592226759853434,21.25471255849109,-5.451702324349068,1,0.0,0.0,interior
T094,L,1890,T007,90,0,mapped,-10.438884174220005,21.474457572982868,-5.022383889012515,1,0.0,0.0,interior
T094,L,1891,T007,91,0,mapped,-10.324575783154414,21.713866073867063,-4.612756303301644,1,0.0,0.0,interior
T094,L,1892,T007,92,0,mapped,-10.133901551083051,21.892254114859462,-4.187231655079629,1,0.0,0.0,interior
T094,L,1893,T007,93,0,mapped,-9.99709782503913,22.163265139757264,-3.7645775988128687,2,0.0,0.0,shared_edge
T094,L,1894,T007,94,0,mapped,-10.06568035196997,17.678688917673874,-12.469966170516708,1,0.0,0.0,interior
T094,L,1895,T007,95,0,mapped,-10.3879235581162,17.92113822982897,-12.216850513823664,1,0.0,0.0,interior
T094,L,1896,T007,96,0,mapped,-10.558387919650094,17.95574027078694,-11.825111619960673,1,0.0,0.0,interior
T094,L,1897,T007,97,0,mapped,-10.67777453076572,18.018795611768383,-11.359514889657278,1,0.0,0.0,interior
T094,L,1898,T007,98,0,mapped,-10.787529836838779,18.256509374929827,-10.809103523738711,1,0.0,0.0,interior
T094,L,1899,T007,99,0,mapped,-11.037228919846253,18.512426339895786,-10.410830957424592,1,0.0,0.0,interior
T094,L,1900,T007,100,0,mapped,-11.361481659770746,18.719155237362788,-10.118552445398915,1,0.0,0.0,interior
T094,L,1901,T007,101,0,mapped,-11.618042809283974,18.9306065325225,-9.753360052840932,1,0.0,0.0,interior
T094,L,1902,T007,102,0,mapped,-11.822352189848822,19.20888665676276,-9.34795398777345,1,0.0,0.0,interior
T094,L,1903,T007,103,0,mapped,-11.879281856313252,19.384764660195756,-8.87557189055737,1,0.0,0.0,interior
T094,L,1904,T007,104,0,mapped,-11.829235901171263,19.50069502412991,-8.408941159814077,1,0.0,0.0,interior
T094,L,1905,T007,105,0,mapped,-11.709065803175402,19.678259085477233,-8.01718249098555,1,0.0,0.0,interior
T094,L,1906,T007,106,0,mapped,-11.520424622773415,19.934673172312056,-7.62084326902375,1,0.0,0.0,interior
T094,L,1907,T007,107,0,mapped,-11.322785680615253,20.197139662295353,-7.193299773714328,1,0.0,0.0,interior
T094,L,1908,T007,108,0,mapped,-11.113795052470897,20.4285704027529,-6.741684869206543,1,0.0,0.0,interior
T094,L,1909,T007,109,0,mapped,-10.907119585539473,20.636383785807634,-6.303767620402072,1,0.0,0.0,interior
T094,L,1910,T007,110,0,mapped,-10.717594252315777,20.861782508315812,-5.8849228365988,1,0.0,0.0,interior
T094,L,1911,T007,111,0,mapped,-10.54091704120571,21.088518405177627,-5.462134027732122,1,0.0,0.0,interior
T094,L,1912,T007,112,0,mapped,-10.364703763471072,21.30510415140966,-5.032002285220876,1,0.0,0.0,interior
T094,L,1913,T007,113,0,mapped,-10.226217681847615,21.55078590618657,-4.622658681261421,1,0.0,0.0,interior
T094,L,1914,T007,114,0,mapped,-10.048289990739512,21.759271479841274,-4.226796960590209,2,1.831026719408895e-15,9.155133597044477e-16,shared_edge
T094,L,1915,T007,115,0,mapped,-10.102846076315842,17.46310912559947,-12.40341421966021,1,0.0,0.0,interior
T094,L,1916,T007,116,0,mapped,-10.415966934787974,17.712702211004803,-12.145258844407909,1,0.0,0.0,interior
T094,L,1917,T007,117,0,mapped,-10.590810369149144,17.713338695147648,-11.716189804896244,1,0.0,0.0,interior
T094,L,1918,T007,118,0,mapped,-10.721172223681332,17.83922523127583,-11.256123340847957,1,0.0,0.0,interior
T094,L,1919,T007,119,0,mapped,-10.816658963913383,18.02606421182837,-10.783343048202582,1,0.0,0.0,interior
T094,L,1920,T007,120,0,mapped,-11.023344023157055,18.257998442606425,-10.336732998501585,1,0.0,0.0,interior
T094,L,1921,T007,121,0,mapped,-11.378908694905542,18.444553209833142,-10.036569414042516,1,0.0,0.0,interior
T094,L,1922,T007,122,0,mapped,-11.697388852401694,18.686295996408862,-9.696313074584362,1,0.0,0.0,interior
T094,L,1923,T007,123,0,mapped,-11.897292330617859,19.011218731839215,-9.289625805930488,1,0.0,0.0,interior
T094,L,1924,T007,124,0,mapped,-11.94235653687905,19.165095184451808,-8.810722054203557,1,0.0,0.0,interior
T094,L,1925,T007,125,0,mapped,-11.881321637243003,19.267231067866923,-8.316409075172649,1,0.0,0.0,interior
T094,L,1926,T007,126,0,mapped,-11.72715062302382,19.46475568431988,-7.937606966739692,1,0.0,0.0,interior
T094,L,1927,T007,127,0,mapped,-11.527499898086372,19.724346718751807,-7.576023921355008,1,0.0,0.0,interior
T094,L,1928,T007,128,0,mapped,-11.322929845217772,19.986189160139183,-7.173340388122523,1,0.0,0.0,interior
T094,L,1929,T007,129,0,mapped,-11.108063236058598,20.23116100200399,-6.736199236272029,1,0.0,0.0,interior
T094,L,1930,T007,130,0,mapped,-10.887462987957196,20.453492754309973,-6.301283998462287,1,0.0,0.0,interior
T094,L,1931,T007,131,0,mapped,-10.684915084162627,20.685995610175365,-5.885427691817679,1,0.0,0.0,interior
T094,L,1932,T007,132,0,mapped,-10.50107009822377,20.928396827158355,-5.47724358153087,1,0.0,0.0,interior
T094,L,1933,T007,133,0,mapped,-10.29791630868454,21.126841596813836,-5.044851398505375,1,0.0,0.0,interior
T094,L,1934,T007,134,0,mapped,-10.136811318869228,21.380891509699097,-4.635728757184278,2,5.1021965732705145e-15,2.5510982866352577e-15,shared_edge
T094,L,1935,T007,135,0,mapped,-10.133925532382783,17.240243182790483,-12.365726473806054,1,0.0,0.0,interior
T094,L,1936,T007,136,0,mapped,-10.437185976338633,17.486292053045478,-12.06219271742333,1,0.0,0.0,interior
T094,L,1937,T007,137,0,mapped,-10.642837305870113,17.450147742079537,-11.605233661622782,1,0.0,0.0,interior
T094,L,1938,T007,138,0,mapped,-10.7700581974251,17.65294733800386,-11.150408069835981,1,0.0,0.0,interior
T094,L,1939,T007,139,0,mapped,-10.858473552469558,17.80926634904026,-10.712952569095844,1,0.0,0.0,interior
T094,L,1940,T007,140,0,mapped,-11.069883160669635,18.019902409325752,-10.27993419099336,1,0.0,0.0,interior
T094,L,1941,T007,141,0,mapped,-11.423056478065012,18.179859523571086,-9.921113070660745,1,0.0,0.0,interior
T094,L,1942,T007,142,0,mapped,-11.768313899426369,18.45083597231163,-9.636495818475856,1,0.0,0.0,interior
T094,L,1943,T007,143,0,mapped,-11.95794887014035,18.786270266119264,-9.227671845503878,1,0.0,0.0,interior
T094,L,1944,T007,144,0,mapped,-11.977311299134561,18.951486878478182,-8.76033108291581,1,0.0,0.0,interior
T094,L,1945,T007,145,0,mapped,-11.904167843551564,19.05034419032724,-8.234880566900477,1,0.0,0.0,interior
T094,L,1946,T007,146,0,mapped,-11.740248747793803,19.257105154447764,-7.8522924424095475,1,0.0,0.0,interior
T094,L,1947,T007,147,0,mapped,-11.533554462304654,19.51994108508849,-7.513304532395642,1,0.0,0.0,interior
T094,L,1948,T007,148,0,mapped,-11.322957342926824,19.780447075614347,-7.143618530168589,1,0.0,0.0,interior
T094,L,1949,T007,149,0,mapped,-11.102601897026165,20.034496290528597,-6.723181190960364,1,0.0,0.0,interior
T094,L,1950,T007,150,0,mapped,-10.871629752792888,20.266989260262434,-6.294560239189841,1,0.0,0.0,interior
T094,L,1951,T007,151,0,mapped,-10.657525630617872,20.50352300357038,-5.880439861990743,1,0.0,0.0,interior
T094,L,1952,T007,152,0,mapped,-10.470082157714726,20.770804150943576,-5.492479371741149,1,0.0,0.0,interior
T094,L,1953,T007,153,0,mapped,-10.242901386993395,20.9458533267923,-5.062212477105469,2,0.0,0.0,shared_edge
T094,L,1954,T007,154,0,mapped,-10.14325439259462,17.020025155919278,-12.356048932597618,1,0.0,0.0,interior
T094,L,1955,T007,155,0,mapped,-10.468377827399365,17.27090544615606,-11.988952870068742,1,0.0,0.0,interior
T094,L,1956,T007,156,0,mapped,-10.670044969264543,17.240842575227052,-11.582944447622861,1,0.0,0.0,interior
T094,L,1957,T007,157,0,mapped,-10.813269147232631,17.39917128357937,-11.09135900989413,1,0.0,0.0,interior
T094,L,1958,T007,158,0,mapped,-10.926455648428462,17.51149464022765,-10.670121304463256,1,0.0,0.0,interior
T094,L,1959,T007,159,0,mapped,-11.180611773756688,17.79207518878862,-10.265937190311687,1,0.0,0.0,interior
T094,L,1960,T007,160,0,mapped,-11.45871783266443,18.005652215772926,-9.843925572702348,1,0.0,0.0,interior
T094,L,1961,T007,161,0,mapped,-11.80319047119315,18.23715977782264,-9.562272392335887,1,0.0,0.0,interior
T094,L,1962,T007,162,0,mapped,-12.0201172485051,18.52404625987943,-9.153530947308045,1,0.0,0.0,interior
T094,L,1963,T007,163,0,mapped,-12.005312998536558,18.719887109508022,-8.685812997467304,1,0.0,0.0,interior
T094,L,1964,T007,164,0,mapped,-11.912534942546444,18.84194004137966,-8.166063983448954,1,0.0,0.0,interior
T094,L,1965,T007,165,0,mapped,-11.744536239774131,19.062056874072034,-7.777262037357055,1,0.0,0.0,interior
T094,L,1966,T007,166,0,mapped,-11.53834793943747,19.324454318865772,-7.451519894890527,1,0.0,0.0,interior
T094,L,1967,T007,167,0,mapped,-11.324972059442095,19.582695598931352,-7.102587077206254,1,0.0,0.0,interior
T094,L,1968,T007,168,0,mapped,-11.097484900648519,19.846782085269286,-6.705181699084914,1,0.0,0.0,interior
T094,L,1969,T007,169,0,mapped,-10.859146912792799,20.083678002830183,-6.28202484939975,1,0.0,0.0,interior
T094,L,1970,T007,170,0,mapped,-10.629271815829224,20.314744742875035,-5.8701003180492295,1,0.0,0.0,interior
T094,L,1971,T007,171,0,mapped,-10.441001505801411,20.602050844980152,-5.499968909887748,2,3.66205343881779e-15,1.831026719408895e-15,shared_edge
T094,L,1972,T007,172,0,mapped,-10.19548536883929,16.808664515299085,-12.28691929407897,1,0.0,0.0,interior
T094,L,1973,T007,173,0,mapped,-10.485743991830427,17.079785807507275,-11.9730938453196,1,0.0,0.0,interior
T094,L,1974,T007,174,0,mapped,-10.722265871673645,17.04687009429618,-11.499588248607157,1,0.0,0.0,interior
T094,L,1975,T007,175,0,mapped,-10.839421910371033,17.165789334454594,-11.13878612299383,1,0.0,0.0,interior
T094,L,1976,T007,176,0,mapped,-10.991284418764891,17.272894750171492,-10.659154287209256,1,0.0,0.0,interior
T094,L,1977,T007,177,0,mapped,-11.269477403872989,17.56154471248221,-10.233259969330435,1,0.0,0.0,interior
T094,L,1978,T007,178,0,mapped,-11.451370244416012,17.821915036667527,-9.837619804749165,1,0.0,0.0,interior
T094,L,1979,T007,179,0,mapped,-11.793766134939691,17.983052897971103,-9.438315091586158,1,0.0,0.0,interior
T094,L,1980,T007,180,0,mapped,-12.046562827899413,18.23381684938247,-9.044287454207323,1,0.0,0.0,interior
T094,L,1981,T007,181,0,mapped,-12.031709119670728,18.458260059741384,-8.568807637180502,1,0.0,0.0,interior
T094,L,1982,T007,182,0,mapped,-11.92182792270734,18.633840868365933,-8.102137363410144,1,0.0,0.0,interior
T094,L,1983,T007,183,0,mapped,-11.750450807609639,18.870649683300076,-7.713933533524022,1,0.0,0.0,interior
T094,L,1984,T007,184,0,mapped,-11.543560668104309,19.135841412348825,-7.393184666656183,1,0.0,0.0,interior
T094,L,1985,T007,185,0,mapped,-11.327757157327794,19.39383438829299,-7.059310540028521,1,0.0,0.0,interior
T094,L,1986,T007,186,0,mapped,-11.096200547278997,19.660511375923747,-6.679166733776687,1,0.0,0.0,interior
T094,L,1987,T007,187,0,mapped,-10.85138878709267,19.912846510090617,-6.268032707038693,1,0.0,0.0,interior
T094,L,1988,T007,188,0,mapped,-10.598126884292839,20.106272683159837,-5.839922489351867,2,1.7763568394002505e-15,8.881784197001252e-16,shared_edge
T094,L,1989,T007,189,0,mapped,-10.23021309804766,16.589301275812055,-12.232294371633445,1,0.0,0.0,interior
T094,L,1990,T007,190,0,mapped,-10.537984576310656,16.803746931842557,-11.918366668955672,1,0.0,0.0,interior
T094,L,1991,T007,191,0,mapped,-10.781874042155165,16.83115530958679,-11.369128056301564,1,0.0,0.0,interior
T094,L,1992,T007,192,0,mapped,-10.889532994198182,16.943997954915876,-11.023107950474989,1,0.0,0.0,interior
T094,L,1993,T007,193,0,mapped,-11.044690298337922,17.075294575867115,-10.601345103123439,1,0.0,0.0,interior
T094,L,1994,T007,194,0,mapped,-11.286556416104391,17.321114905305713,-10.147673299758367,1,0.0,0.0,interior
T094,L,1995,T007,195,0,mapped,-11.402159351765317,17.631586863837015,-9.731921398916727,1,0.0,0.0,interior
T094,L,1996,T007,196,0,mapped,-11.817357035591114,17.720970539509075,-9.284064424396195,1,0.0,0.0,interior
T094,L,1997,T007,197,0,mapped,-12.077901534320214,17.95096369092926,-8.894831796660831,1,0.0,0.0,interior
T094,L,1998,T007,198,0,mapped,-12.059176443238558,18.182767285254446,-8.451218688066106,1,0.0,0.0,interior
T094,L,1999,T007,199,0,mapped,-11.940320808856816,18.410357306838897,-8.028008929310072,1,0.0,0.0,interior
T094,L,2000,T007,200,0,mapped,-11.75957830668871,18.67984779097981,-7.6615506340344375,1,0.0,0.0,interior
T094,L,2001,T007,201,0,mapped,-11.550803457213215,18.948082741386724,-7.339068727005113,1,0.0,0.0,interior
T094,L,2002,T007,202,0,mapped,-11.331511223654923,19.211191394284082,-7.015179821407095,1,0.0,0.0,interior
T094,L,2003,T007,203,0,mapped,-11.094844581919343,19.480028467875485,-6.647563605314419,1,0.0,0.0,interior
T094,L,2004,T007,204,0,mapped,-10.845960551215054,19.74015348317404,-6.249614252837182,2,0.0,0.0,shared_edge
T094,L,2005,T007,205,0,mapped,-10.26469516088142,16.36959110618847,-12.17885681119638,1,0.0,0.0,interior
T094,L,2006,T007,206,0,mapped,-10.61622769442692,16.56035858526853,-11.8243902984087,1,0.0,0.0,interior
T094,L,2007,T007,207,0,mapped,-10.801196876951991,16.645721890470902,-11.382779095315176,1,0.0,0.0,interior
T094,L,2008,T007,208,0,mapped,-10.932947480727755,16.709285227756812,-10.941653603645902,1,0.0,0.0,interior
T094,L,2009,T007,209,0,mapped,-11.077034090378742,16.839195212975298,-10.46246336164048,1,0.0,0.0,interior
T094,L,2010,T007,210,0,mapped,-11.253299274556358,17.07854286908346,-10.03546451676316,1,0.0,0.0,interior
T094,L,2011,T007,211,0,mapped,-11.373480015511445,17.348709857790155,-9.584702666917106,1,0.0,0.0,interior
T094,L,2012,T007,212,0,mapped,-11.849230952214734,17.486584483927224,-9.199131375157469,1,0.0,0.0,interior
T094,L,2013,T007,213,0,mapped,-12.130727959675628,17.744911542443383,-8.770316403302031,1,0.0,0.0,interior
T094,L,2014,T007,214,0,mapped,-12.123526536652136,17.892745347540668,-8.316070812891228,1,0.0,0.0,interior
T094,L,2015,T007,215,0,mapped,-11.9766526997988,18.18383911841793,-7.948967343883636,1,0.0,0.0,interior
T094,L,2016,T007,216,0,mapped,-11.77418881031319,18.484406818156778,-7.606569480668124,1,0.0,0.0,interior
T094,L,2017,T007,217,0,mapped,-11.559344815957038,18.753462763066477,-7.2853563754418404,1,0.0,0.0,interior
T094,L,2018,T007,218,0,mapped,-11.3388739457527,19.026373724256676,-6.971520015156858,1,0.0,0.0,interior
T094,L,2019,T007,219,0,mapped,-11.09579289123966,19.30293149351951,-6.613781900124238,2,8.881784197001252e-16,4.440892098500626e-16,shared_edge
T094,L,2020,T007,220,0,mapped,-10.282582290165593,16.147646178979205,-12.14475953136715,1,0.0,0.0,interior
T094,L,2021,T007,221,0,mapped,-10.647668570659004,16.38287252839121,-11.78777309712576,1,0.0,0.0,interior
T094,L,2022,T007,222,0,mapped,-10.852721671968721,16.4514078190167,-11.345681129334968,1,0.0,0.0,interior
T094,L,2023,T007,223,0,mapped,-10.96257364286842,16.550587418266556,-10.889572078675169,1,0.0,0.0,interior
T094,L,2024,T007,224,0,mapped,-11.098158423775892,16.712577982930725,-10.347889173839755,1,0.0,0.0,interior
T094,L,2025,T007,225,0,mapped,-11.219341905108578,16.86360172183251,-9.902216001825106,1,0.0,0.0,interior
T094,L,2026,T007,226,0,mapped,-11.388317791492426,17.073056458149793,-9.467286589624313,1,0.0,0.0,interior
T094,L,2027,T007,227,0,mapped,-11.868886044589368,17.242455511316184,-9.131667282392794,1,0.0,0.0,interior
T094,L,2028,T007,228,0,mapped,-12.176339383842567,17.44795656992765,-8.660956373378278,1,0.0,0.0,interior
T094,L,2029,T007,229,0,mapped,-12.166899063809945,17.6428131992387,-8.204004045785565,1,0.0,0.0,interior
T094,L,2030,T007,230,0,mapped,-12.011700636759919,17.958591059995914,-7.866253984746078,1,0.0,0.0,interior
T094,L,2031,T007,231,0,mapped,-11.788440996512096,18.261345384601324,-7.532859081585079,1,0.0,0.0,interior
T094,L,2032,T007,232,0,mapped,-11.566816010190257,18.5364444275682,-7.218525317045557,1,0.0,0.0,interior
T094,L,2033,T007,233,0,mapped,-11.348538390170793,18.82901597539334,-6.92397803842679,2,0.0,0.0,shared_edge
T094,L,2034,T007,234,0,mapped,-10.325578676098704,15.927498119774107,-12.107350832533042,1,0.0,0.0,interior
T094,L,2035,T007,235,0,mapped,-10.659342503994964,16.180191327802874,-11.78971381610622,1,0.0,0.0,interior
T094,L,2036,T007,236,0,mapped,-10.902903891014892,16.214168722013877,-11.342980400217703,1,0.0,0.0,interior
T094,L,2037,T007,237,0,mapped,-11.012168866900854,16.42787903927678,-10.802298012315402,1,0.0,0.0,interior
T094,L,2038,T007,238,0,mapped,-11.112733847011693,16.510159244632398,-10.316633105746023,1,0.0,0.0,interior
T094,L,2039,T007,239,0,mapped,-11.228710453665048,16.628738195673186,-9.823737562516515,1,0.0,0.0,interior
T094,L,2040,T007,240,0,mapped,-11.479669248576375,16.824761608610597,-9.35780887865327,1,0.0,0.0,interior
T094,L,2041,T007,241,0,mapped,-11.888902686335193,17.03277789021306,-9.028813520712884,1,0.0,0.0,interior
T094,L,2042,T007,242,0,mapped,-12.182108749404556,17.19379309658895,-8.55409556410378,1,0.0,0.0,interior
T094,L,2043,T007,243,0,mapped,-12.175552251988197,17.422266309524293,-8.100169870855542,1,0.0,0.0,interior
T094,L,2044,T007,244,0,mapped,-12.01871405809596,17.726411022311055,-7.759985222583135,1,0.0,0.0,interior
T094,L,2045,T007,245,0,mapped,-11.784359225457184,18.004955669161497,-7.416462363712366,1,0.0,0.0,interior
T094,L,2046,T007,246,0,mapped,-11.567086087695987,18.28324101001213,-7.123069130889991,2,0.0,0.0,shared_edge
T094,L,2047,T007,247,0,mapped,-10.348732228018932,15.699971940477909,-12.105215087143824,1,0.0,0.0,interior
T094,L,2048,T007,248,0,mapped,-10.654171951979457,15.954496106879795,-11.84124004045427,1,0.0,0.0,interior
T094,L,2049,T007,249,0,mapped,-10.962003483854721,16.013513345662474,-11.31916757722909,1,0.0,0.0,interior
T094,L,2050,T007,250,0,mapped,-11.081143642001111,16.245894867416077,-10.731301406256144,1,0.0,0.0,interior
T094,L,2051,T007,251,0,mapped,-11.174869285810308,16.274500236043455,-10.254980912645959,1,0.0,0.0,interior
T094,L,2052,T007,252,0,mapped,-11.281271587465527,16.399569987854594,-9.809951709779337,1,0.0,0.0,interior
T094,L,2053,T007,253,0,mapped,-11.503041662178822,16.61947136311584,-9.29700102247985,1,0.0,0.0,interior
T094,L,2054,T007,254,0,mapped,-11.859962266016453,16.808885764287307,-8.895099663800234,1,0.0,0.0,interior
T094,L,2055,T007,255,0,mapped,-12.172478256661178,16.943720554911206,-8.448647744953407,1,0.0,0.0,interior
T094,L,2056,T007,256,0,mapped,-12.145572169835859,17.18867003004035,-7.979092555189357,1,0.0,0.0,interior
T094,L,2057,T007,257,0,mapped,-11.97319998110906,17.45601565123139,-7.603578954689115,1,0.0,0.0,interior
T094,L,2058,T007,258,0,mapped,-11.735499056442569,17.69967536825986,-7.22520392838578,2,3.66205343881779e-15,1.831026719408895e-15,shared_edge
T094,L,2059,T007,259,0,mapped,-10.371492359992136,15.472376647587833,-12.104775620270878,1,0.0,0.0,interior
T094,L,2060,T007,260,0,mapped,-10.700835496762306,15.72745072294736,-11.82268376515375,1,0.0,0.0,interior
T094,L,2061,T007,261,0,mapped,-11.004721593830013,15.762854275239146,-11.341248849335006,1,0.0,0.0,interior
T094,L,2062,T007,262,0,mapped,-11.14790054327494,16.03777015125374,-10.72729742427377,1,0.0,0.0,interior
T094,L,2063,T007,263,0,mapped,-11.227262193166224,16.063749101188854,-10.23126196573619,1,0.0,0.0,interior
T094,L,2064,T007,264,0,mapped,-11.377913910715288,16.18311421151669,-9.729331914473063,1,0.0,0.0,interior
T094,L,2065,T007,265,0,mapped,-11.507924950514264,16.389914162670557,-9.293975032570511,1,0.0,0.0,interior
T094,L,2066,T007,266,0,mapped,-11.827437813745828,16.54261129286351,-8.76748478737126,1,0.0,0.0,interior
T094,L,2067,T007,267,0,mapped,-12.137593711518317,16.68185273620313,-8.334660126960019,1,0.0,0.0,interior
T094,L,2068,T007,268,0,mapped,-12.093317095788846,16.929692918042182,-7.834785686570882,1,0.0,0.0,interior
T094,L,2069,T007,269,0,mapped,-11.867910691725793,17.13591992297895,-7.36830317466717,2,8.881784197001252e-16,4.440892098500626e-16,shared_edge
T094,L,2070,T007,270,0,mapped,-10.395535833820535,15.244985357553276,-12.09881191398361,1,0.0,0.0,interior
T094,L,2071,T007,271,0,mapped,-10.84090192416948,15.452202175985235,-11.699418842441913,1,0.0,0.0,interior
T094,L,2072,T007,272,0,mapped,-11.051013178113006,15.554701822316922,-11.314782926206664,1,0.0,0.0,interior
T094,L,2073,T007,273,0,mapped,-11.197666192419874,15.849691419804053,-10.728412087695851,1,0.0,0.0,interior
T094,L,2074,T007,274,0,mapped,-11.282884017212904,15.845194059435887,-10.189387088456044,1,0.0,0.0,interior
T094,L,2075,T007,275,0,mapped,-11.425043828012349,15.935010559812962,-9.635105387048164,1,0.0,0.0,interior
T094,L,2076,T007,276,0,mapped,-11.511457945887345,16.16561714271315,-9.135286502185567,1,0.0,0.0,interior
T094,L,2077,T007,277,0,mapped,-11.788526430091178,16.292997635427298,-8.667395225176985,1,0.0,0.0,interior
T094,L,2078,T007,278,0,mapped,-12.077152618550024,16.433164160801102,-8.194486432152024,1,0.0,0.0,interior
T094,L,2079,T007,279,0,mapped,-12.000421562808258,16.682524315843338,-7.6699158078983745,2,1.9860273225978185e-15,9.930136612989092e-16,shared_edge
T094,L,2080,T007,280,0,mapped,-10.426323547262719,15.021764776954278,-12.062510030421906,1,0.0,0.0,interior
T094,L,2081,T007,281,0,mapped,-10.90708634368638,15.166315020553686,-11.6680342197436,1,0.0,0.0,interior
T094,L,2082,T007,282,0,mapped,-11.096810868341695,15.362626456639784,-11.291160561548816,1,0.0,0.0,interior
T094,L,2083,T007,283,0,mapped,-11.24757838937384,15.669537430427734,-10.708691692656766,1,0.0,0.0,interior
T094,L,2084,T007,284,0,mapped,-11.372615734766608,15.600446970970687,-10.143259814856199,1,0.0,0.0,interior
T094,L,2085,T007,285,0,mapped,-11.448897248742238,15.762217365214987,-9.6258073073157,1,0.0,0.0,interior
T094,L,2086,T007,286,0,mapped,-11.553181918257595,15.926284219014729,-9.02432456397825,1,0.0,0.0,interior
T094,L,2087,T007,287,0,mapped,-11.830479593200469,16.038096305690274,-8.570264903111578,1,0.0,0.0,interior
T094,L,2088,T007,288,0,mapped,-12.00658639492337,16.196557025961365,-8.020820151036382,2,3.552713678800501e-15,1.7763568394002505e-15,shared_edge
T094,L,2089,T007,289,0,mapped,-10.461271037179252,14.802733087316494,-12.006814009600047,1,0.0,0.0,interior
T094,L,2090,T007,290,0,mapped,-10.92420700746587,14.959732879714956,-11.653937515464863,1,0.0,0.0,interior
T094,L,2091,T007,291,0,mapped,-11.13302411796569,15.15612691082783,-11.2950488686105,1,0.0,0.0,interior
T094,L,2092,T007,292,0,mapped,-11.353402433319474,15.36454312948478,-10.619960866840954,1,0.0,0.0,interior
T094,L,2093,T007,293,0,mapped,-11.464066497529505,15.363728056492562,-10.069085807993192,1,0.0,0.0,interior
T094,L,2094,T007,294,0,mapped,-11.575741634444148,15.55323354776952,-9.568880283881873,1,0.0,0.0,interior
T094,L,2095,T007,295,0,mapped,-11.652195820595036,15.675590769766984,-8.958563779696902,1,0.0,0.0,interior
T094,L,2096,T007,296,0,mapped,-11.880946087578748,15.796404480081186,-8.47376887239032,2,8.881784197001252e-16,4.440892098500626e-16,shared_edge
T094,L,2097,T007,297,0,mapped,-10.495512411260783,14.582698783190477,-11.95453310247521,1,0.0,0.0,interior
T094,L,2098,T007,298,0,mapped,-10.950627953917014,14.761633438491259,-11.614858971292588,1,0.0,0.0,interior
T094,L,2099,T007,299,0,mapped,-11.199019782400976,14.888528129519162,-11.226291035574455,1,0.0,0.0,interior
T094,L,2100,T007,300,0,mapped,-11.403854520185742,15.079873631017293,-10.604204006352944,1,0.0,0.0,interior
T094,L,2101,T007,301,0,mapped,-11.540172787284126,15.193724495167451,-9.991337455294012,1,0.0,0.0,interior
T094,L,2102,T007,302,0,mapped,-11.709649999345006,15.285992967290596,-9.459782353840026,1,0.0,0.0,interior
T094,L,2103,T007,303,0,mapped,-11.769990974796507,15.453157820324599,-8.912737110083254,2,5.024295867788081e-15,2.5121479338940407e-15,shared_edge
T094,L,2104,T007,304,0,mapped,-10.528960566542384,14.361992970049386,-11.905896738519896,1,0.0,0.0,interior
T094,L,2105,T007,305,0,mapped,-11.010601407304433,14.526829735378172,-11.539284598656248,1,0.0,0.0,interior
T094,L,2106,T007,306,0,mapped,-11.28475098120631,14.571886794920736,-11.079482597442558,1,0.0,0.0,interior
T094,L,2107,T007,307,0,mapped,-11.482289209923428,14.747017371061656,-10.442643188020252,1,0.0,0.0,interior
T094,L,2108,T007,308,0,mapped,-11.646941018052516,14.933745228878035,-9.86143518639517,1,0.0,0.0,interior
T094,L,2109,T007,309,0,mapped,-11.790590333055603,14.977330162189755,-9.254459559347662,2,1.9860273225978185e-15,9.930136612989092e-16,shared_edge
T094,L,2110,T007,310,0,mapped,-10.569776768173238,14.154156119058438,-11.820609602461841,1,0.0,0.0,interior
T094,L,2111,T007,311,0,mapped,-11.058643131418588,14.314176061129892,-11.443234249856557,1,0.0,0.0,interior
T094,L,2112,T007,312,0,mapped,-11.325670795401537,14.331773936978404,-10.97513380856444,1,0.0,0.0,interior
T094,L,2113,T007,313,0,mapped,-11.50323472235203,14.53900650876247,-10.31539199663713,1,0.0,0.0,interior
T094,L,2114,T007,314,0,mapped,-11.687827763856985,14.680187952255501,-9.75322655481626,2,0.0,0.0,shared_edge
T094,L,2115,T007,315,0,mapped,-10.609891147039235,13.944303992513575,-11.739146561108724,1,0.0,0.0,interior
T094,L,2116,T007,316,0,mapped,-11.100665136652037,14.07925005719094,-11.303890530377835,1,0.0,0.0,interior
T094,L,2117,T007,317,0,mapped,-11.378438337912232,14.074796842511613,-10.772064466222274,1,0.0,0.0,interior
T094,L,2118,T007,318,0,mapped,-11.530269131073972,14.29931765173541,-10.139644734930393,2,0.0,0.0,shared_edge
T094,L,2119,T007,319,0,mapped,-10.655810763037335,13.752175410935678,-11.625607361145889,1,0.0,0.0,interior
T094,L,2120,T007,320,0,mapped,-11.148640510186137,13.84579819154872,-11.14224162419384,1,0.0,0.0,interior
T094,L,2121,T007,321,0,mapped,-11.403393720967454,13.87320611471603,-10.572873775808501,2,1.7763568394002505e-15,8.881784197001252e-16,shared_edge
T094,L,2122,T007,322,0,mapped,-10.705279567416248,13.574416661737281,-11.490966753907925,1,0.0,0.0,interior
T094,L,2123,T007,323,0,mapped,-11.126456168668689,13.594460766523863,-11.03882997387952,2,3.972054645195637e-15,1.9860273225978185e-15,shared_edge
T094,L,2124,T012,0,-1,landmark_vertex,-10.757486971656046,13.41252180646362,-11.338029379834255,3,0.0,0.0,landmark
T094,L,2125,T008,0,-1,landmark_vertex,-28.79593947729817,20.138585741409674,-5.550734095269635,1,0.0,0.0,landmark
T094,L,2126,T008,1,0,mapped,-28.795515134681082,18.51506683368555,-6.237384688083805,1,0.0,0.0,interior
T094,L,2127,T008,2,0,mapped,-28.975866904697668,16.9573403268335,-7.005094912690597,1,0.0,0.0,interior
T094,L,2128,T008,3,0,mapped,-29.071946965330987,15.15090366030044,-7.359966928444255,1,0.0,0.0,interior
T094,L,2129,T008,4,0,mapped,-29.221519564624785,13.36857488996544,-7.734530616309734,1,0.0,0.0,interior
T094,L,2130,T008,5,0,mapped,-29.584228297562532,11.789773505871384,-8.356724923282691,1,0.0,0.0,interior
T094,L,2131,T008,6,0,mapped,-29.63255797713164,10.036071302936598,-8.891694956477979,1,0.0,0.0,interior
T094,L,2132,T008,7,0,mapped,-29.60153441673736,8.407320252636481,-9.710217377065803,1,0.0,0.0,interior
T094,L,2133,T008,8,0,mapped,-30.26934268447757,6.873232767873688,-10.263701505665313,1,0.0,0.0,interior
T094,L,2134,T008,9,0,mapped,-31.248610945192716,5.353384238073193,-10.549757960146094,1,0.0,0.0,interior
T094,L,2135,T008,10,0,mapped,-31.970209392329423,3.6876042417206243,-10.806464159197507,1,0.0,0.0,interior
T094,L,2136,T008,11,0,mapped,-32.29927054686774,2.084094913971235,-11.48776785888466,1,0.0,0.0,interior
T094,L,2137,T008,12,0,mapped,-32.020165192477656,0.8302269051208988,-12.730873596782892,1,0.0,0.0,interior
T094,L,2138,T008,13,0,mapped,-31.31123962862248,0.23727960203073017,-14.213649831442677,1,0.0,0.0,interior
T094,L,2139,T008,14,0,mapped,-29.95764288401881,0.20206281188180775,-15.393617880659768,1,0.0,0.0,interior
T094,L,2140,T008,15,0,mapped,-28.474387921195245,0.886537511020137,-15.799729037672089,1,0.0,0.0,interior
T094,L,2141,T008,16,0,mapped,-27.332354658613205,1.9841034949055292,-15.185267118126188,1,0.0,0.0,interior
T094,L,2142,T008,17,0,mapped,-27.446001555883775,3.3420783627222654,-13.979926845559664,1,0.0,0.0,interior
T094,L,2143,T008,18,0,mapped,-27.250586707692186,4.4328933351371465,-12.710465715118259,1,0.0,0.0,interior
T094,L,2144,T008,19,0,mapped,-25.627422989259323,5.027252744921688,-12.301730793010801,1,0.0,0.0,interior
T094,L,2145,T008,20,0,mapped,-23.882966352642455,5.400610212607939,-11.871472270942428,1,0.0,0.0,interior
T094,L,2146,T008,21,0,mapped,-22.635315869993,6.642045406347403,-11.530634445220329,1,0.0,0.0,interior
T094,L,2147,T008,22,0,mapped,-21.535849889653015,7.988927064884873,-11.173931704290883,1,0.0,0.0,interior
T094,L,2148,T008,23,0,mapped,-20.021616678779417,8.867127250172189,-10.82937821353761,1,0.0,0.0,interior
T094,L,2149,T008,24,-1,landmark_vertex,-18.651501744065463,9.572399588576406,-10.126982749745583,4,0.0,0.0,landmark
T094,L,2150,T008,25,0,mapped,-28.884023356710003,19.225003588193413,-6.728966482163445,1,0.0,0.0,interior
T094,L,2151,T008,26,0,mapped,-29.119922326467638,17.82913233151788,-7.4182360053091605,1,0.0,0.0,interior
T094,L,2152,T008,27,0,mapped,-29.260869031523008,16.32704278692548,-8.023554706979874,1,0.0,0.0,interior
T094,L,2153,T008,28,0,mapped,-29.464409146614734,14.491938194368945,-8.541748828966016,1,0.0,0.0,interior
T094,L,2154,T008,29,0,mapped,-29.83696054762421,12.847990235259992,-9.15251971155407,1,0.0,0.0,interior
T094,L,2155,T008,30,0,mapped,-29.98093365769082,11.119146478397969,-9.669098341667006,1,0.0,0.0,interior
T094,L,2156,T008,31,0,mapped,-29.893619721528964,9.471003239002126,-10.565086014556014,1,0.0,0.0,interior
T094,L,2157,T008,32,0,mapped,-30.292605247789176,7.724470355460264,-11.110622955229013,1,0.0,0.0,interior
T094,L,2158,T008,33,0,mapped,-31.244280616617083,6.340567589886033,-11.519362705363312,1,0.0,0.0,interior
T094,L,2159,T008,34,0,mapped,-32.12112684253632,4.978410784763648,-11.682974441852378,1,0.0,0.0,interior
T094,L,2160,T008,35,0,mapped,-32.802705650480085,3.357544646430613,-12.371211116067457,1,0.0,0.0,interior
T094,L,2161,T008,36,0,mapped,-32.66546544109202,1.8046996162440898,-13.485044407612197,1,0.0,0.0,interior
T094,L,2162,T008,37,0,mapped,-31.863723074770526,0.9163749376927868,-14.629134430545175,1,0.0,0.0,interior
T094,L,2163,T008,38,0,mapped,-30.563204292697783,0.7991389988654252,-15.959174641008893,1,0.0,0.0,interior
T094,L,2164,T008,39,0,mapped,-29.01419585938274,1.2789353540875332,-16.34955840054036,1,0.0,0.0,interior
T094,L,2165,T008,40,0,mapped,-27.883282427234583,2.3572149763164933,-15.865971648864745,1,0.0,0.0,interior
T094,L,2166,T008,41,0,mapped,-27.76223946315276,3.57881599616249,-14.648488007541099,1,0.0,0.0,interior
T094,L,2167,T008,42,0,mapped,-27.53249956298403,4.749011471407853,-13.414376836019038,1,0.0,0.0,interior
T094,L,2168,T008,43,0,mapped,-26.000940486504966,5.26086390490153,-13.02219978369192,1,0.0,0.0,interior
T094,L,2169,T008,44,0,mapped,-24.2997692569824,5.436140681381351,-12.397750542093165,1,0.0,0.0,interior
T094,L,2170,T008,45,0,mapped,-23.03058245503616,6.426039542264345,-12.024054849238413,1,0.0,0.0,interior
T094,L,2171,T008,46,0,mapped,-22.28261329971177,7.559310280974447,-11.350694902571938,1,0.0,0.0,interior
T094,L,2172,T008,47,0,mapped,-20.921462301964787,8.698491157351235,-10.956919302810572,1,0.0,0.0,interior
T094,L,2173,T008,48,0,mapped,-19.524435612376088,9.658074260720227,-10.310629322109827,2,1.7763568394002505e-15,8.881784197001252e-16,shared_edge
T094,L,2174,T008,49,0,mapped,-29.29048558040907,18.73362574437602,-8.074544755690862,1,0.0,0.0,interior
T094,L,2175,T008,50,0,mapped,-29.438544814459632,17.280542210161503,-8.684274247255324,1,0.0,0.0,interior
T094,L,2176,T008,51,0,mapped,-29.622387245193984,15.498901185100447,-9.160101501940302,1,0.0,0.0,interior
T094,L,2177,T008,52,0,mapped,-30.010580776784494,13.811486548759216,-9.815288255707676,1,0.0,0.0,interior
T094,L,2178,T008,53,0,mapped,-30.220704880886558,12.101900948360914,-10.425320292842747,1,0.0,0.0,interior
T094,L,2179,T008,54,0,mapped,-30.156801588625683,10.443926679046509,-11.297300956629615,1,0.0,0.0,interior
T094,L,2180,T008,55,0,mapped,-30.261731630923272,8.717477996684533,-11.956355082935248,1,0.0,0.0,interior
T094,L,2181,T008,56,0,mapped,-31.124912335531008,7.237423856156585,-12.464907637120495,1,0.0,0.0,interior
T094,L,2182,T008,57,0,mapped,-32.03889586543896,5.966881508602343,-12.678206331324567,1,0.0,0.0,interior
T094,L,2183,T008,58,0,mapped,-32.94514840961501,4.690078213577834,-13.120124385915796,1,0.0,0.0,interior
T094,L,2184,T008,59,0,mapped,-33.226418438306816,2.912793511293952,-13.983921958328835,1,0.0,0.0,interior
T094,L,2185,T008,60,0,mapped,-32.569446683456356,1.8156138027466149,-15.251038792593482,1,0.0,0.0,interior
T094,L,2186,T008,61,0,mapped,-31.331041523455035,1.454632873675445,-16.49738999782637,1,0.0,0.0,interior
T094,L,2187,T008,62,0,mapped,-29.54689339918341,1.7829897976851612,-16.959490561295,1,0.0,0.0,interior
T094,L,2188,T008,63,0,mapped,-28.247373158169637,2.677003944888538,-16.482356712802588,1,0.0,0.0,interior
T094,L,2189,T008,64,0,mapped,-28.04071943111871,3.8956972720765517,-15.368802102083588,1,0.0,0.0,interior
T094,L,2190,T008,65,0,mapped,-27.817074090790733,5.001866554940994,-14.182270497861124,1,0.0,0.0,interior
T094,L,2191,T008,66,0,mapped,-26.28345105845601,5.428199844066718,-13.632831791968309,1,0.0,0.0,interior
T094,L,2192,T008,67,0,mapped,-24.64867537396853,5.571329659917318,-13.119030901041727,1,0.0,0.0,interior
T094,L,2193,T008,68,0,mapped,-23.297515505626386,6.319541160456708,-12.527663698768809,1,0.0,0.0,interior
T094,L,2194,T008,69,0,mapped,-22.809635054050155,7.426175084316586,-11.696505386582619,1,0.0,0.0,interior
T094,L,2195,T008,70,0,mapped,-21.660840014186064,8.307326155909308,-11.106912941882076,1,0.0,0.0,interior
T094,L,2196,T008,71,0,mapped,-20.38379222472662,9.536679927466025,-10.481794670904689,2,6.466036496704424e-15,3.233018248352212e-15,shared_edge
T094,L,2197,T008,72,0,mapped,-29.66553818034255,18.232427912706495,-9.420209222775522,1,0.0,0.0,interior
T094,L,2198,T008,73,0,mapped,-29.787079657540104,16.588265883837988,-9.92308731174036,1,0.0,0.0,interior
T094,L,2199,T008,74,0,mapped,-30.094813031232697,14.816425404810698,-10.516435783457771,1,0.0,0.0,interior
T094,L,2200,T008,75,0,mapped,-30.36698173487678,13.046232065929491,-11.110664625740725,1,0.0,0.0,interior
T094,L,2201,T008,76,0,mapped,-30.362756418838423,11.402512181204294,-11.996164673770538,1,0.0,0.0,interior
T094,L,2202,T008,77,0,mapped,-30.283199618036207,9.73418427092302,-12.701627344743349,1,0.0,0.0,interior
T094,L,2203,T008,78,0,mapped,-30.898375466801788,8.115387900300748,-13.411792442815514,1,0.0,0.0,interior
T094,L,2204,T008,79,0,mapped,-31.966941853722922,6.8698238783576535,-13.642592468178298,1,0.0,0.0,interior
T094,L,2205,T008,80,0,mapped,-32.9796687057653,5.6575881932968795,-13.963726369096157,1,0.0,0.0,interior
T094,L,2206,T008,81,0,mapped,-33.604526193345826,4.0830064088754945,-14.640139259870947,1,0.0,0.0,interior
T094,L,2207,T008,82,0,mapped,-33.13629067299527,2.7192805029485108,-15.96628945785124,1,0.0,0.0,interior
T094,L,2208,T008,83,0,mapped,-31.900722655631505,2.1864519578963115,-17.091486828804282,1,0.0,0.0,interior
T094,L,2209,T008,84,0,mapped,-30.032538867053375,2.213357350653908,-17.553443300292248,1,0.0,0.0,interior
T094,L,2210,T008,85,0,mapped,-28.67935347113906,3.013658343694054,-17.070457709493766,1,0.0,0.0,interior
T094,L,2211,T008,86,0,mapped,-28.306813336374454,4.254991961714239,-16.072240118753175,1,0.0,0.0,interior
T094,L,2212,T008,87,0,mapped,-28.08672261551815,5.263409769513087,-14.879130050248067,1,0.0,0.0,interior
T094,L,2213,T008,88,0,mapped,-26.672140113180824,5.622692227911147,-14.401730207731383,1,0.0,0.0,interior
T094,L,2214,T008,89,0,mapped,-24.969712383093423,5.732350491033655,-13.854112466541464,1,0.0,0.0,interior
T094,L,2215,T008,90,0,mapped,-23.46644338764642,6.295989423133065,-13.102473624652106,1,0.0,0.0,interior
T094,L,2216,T008,91,0,mapped,-23.09128872827265,7.391532154163231,-12.196422287384214,1,0.0,0.0,interior
T094,L,2217,T008,92,0,mapped,-22.48308226999996,8.086204330335246,-11.272558170887436,1,0.0,0.0,interior
T094,L,2218,T008,93,0,mapped,-21.187064994859696,9.196356786372693,-10.685639325515055,2,7.32410687763558e-15,3.66205343881779e-15,shared_edge
T094,L,2219,T008,94,0,mapped,-29.929204929777832,17.470074517322036,-10.706518674545341,1,0.0,0.0,interior
T094,L,2220,T008,95,0,mapped,-30.16274265771124,15.682149085979113,-11.257801173332224,1,0.0,0.0,interior
T094,L,2221,T008,96,0,mapped,-30.387146823149415,14.054354048309111,-11.774514733347614,1,0.0,0.0,interior
T094,L,2222,T008,97,0,mapped,-30.45308229809102,12.393899229394851,-12.648931134554752,1,0.0,0.0,interior
T094,L,2223,T008,98,0,mapped,-30.379032615012093,10.73199643626674,-13.518343356657828,1,0.0,0.0,interior
T094,L,2224,T008,99,0,mapped,-30.627219127337085,8.99576474269762,-14.200715859467588,1,0.0,0.0,interior
T094,L,2225,T008,100,0,mapped,-31.607360085231896,7.678394547099781,-14.427551894787442,1,0.0,0.0,interior
T094,L,2226,T008,101,0,mapped,-32.96008818429564,6.533138880293439,-14.817554414145672,1,0.0,0.0,interior
T094,L,2227,T008,102,0,mapped,-33.8940672701409,5.260571782318472,-15.416193977144326,1,0.0,0.0,interior
T094,L,2228,T008,103,0,mapped,-33.72801777910015,3.7691780048705716,-16.56073548247336,1,0.0,0.0,interior
T094,L,2229,T008,104,0,mapped,-32.43973019977497,2.960299440051754,-17.696638902675904,1,0.0,0.0,interior
T094,L,2230,T008,105,0,mapped,-30.71019047048369,2.748100987201692,-18.179589553052907,1,0.0,0.0,interior
T094,L,2231,T008,106,0,mapped,-29.123542668174487,3.2751079531905756,-17.77628431629838,1,0.0,0.0,interior
T094,L,2232,T008,107,0,mapped,-28.527228090070622,4.460692141632903,-16.888199835083967,1,0.0,0.0,interior
T094,L,2233,T008,108,0,mapped,-28.384514658906014,5.54454115053966,-15.679021464881478,1,0.0,0.0,interior
T094,L,2234,T008,109,0,mapped,-26.89843136915581,5.8625159858819735,-15.149120686767253,1,0.0,0.0,interior
T094,L,2235,T008,110,0,mapped,-25.380110867963516,5.920202970891587,-14.582757199162241,1,0.0,0.0,interior
T094,L,2236,T008,111,0,mapped,-23.836571056783633,6.1950981325688,-13.766921627765795,1,0.0,0.0,interior
T094,L,2237,T008,112,0,mapped,-23.17564757513164,7.361945684984001,-12.733943672753213,1,0.0,0.0,interior
T094,L,2238,T008,113,0,mapped,-23.047120094398835,8.019129398722376,-11.619378552627937,1,0.0,0.0,interior
T094,L,2239,T008,114,0,mapped,-21.95278371896783,8.771841584271595,-10.883355758875954,2,3.66205343881779e-15,1.831026719408895e-15,shared_edge
T094,L,2240,T008,115,0,mapped,-30.185779904060553,16.709214094158774,-11.93522416818395,1,0.0,0.0,interior
T094,L,2241,T008,116,0,mapped,-30.371839272883186,14.942563557716767,-12.45409910075994,1,0.0,0.0,interior
T094,L,2242,T008,117,0,mapped,-30.48112634961729,13.287897835077587,-13.23654691207681,1,0.0,0.0,interior
T094,L,2243,T008,118,0,mapped,-30.404892206514518,11.527799976753034,-14.224046825930982,1,0.0,0.0,interior
T094,L,2244,T008,119,0,mapped,-30.517750770699728,9.876942575435244,-15.121738400507674,1,0.0,0.0,interior
T094,L,2245,T008,120,0,mapped,-31.40114541844906,8.50772370735632,-15.448174480579711,1,0.0,0.0,interior
T094,L,2246,T008,121,0,mapped,-32.805553772190436,7.416691693393647,-15.576109342689527,1,0.0,0.0,interior
T094,L,2247,T008,122,0,mapped,-34.02248650157514,6.23885997579508,-16.113300951726266,1,0.0,0.0,interior
T094,L,2248,T008,123,0,mapped,-34.12097137630194,4.598699579950408,-17.079995056611846,1,0.0,0.0,interior
T094,L,2249,T008,124,0,mapped,-33.08457286676966,3.7196425209463584,-18.067537324212722,1,0.0,0.0,interior
T094,L,2250,T008,125,0,mapped,-31.34241936149116,3.439891991131546,-18.83864812480512,1,0.0,0.0,interior
T094,L,2251,T008,126,0,mapped,-29.636444291372165,3.67899389803277,-18.575816414861492,1,0.0,0.0,interior
T094,L,2252,T008,127,0,mapped,-28.771944574939795,4.658323195679534,-17.672324493678197,1,0.0,0.0,interior
T094,L,2253,T008,128,0,mapped,-28.693348174882672,5.740231471146757,-16.405558704328502,1,0.0,0.0,interior
T094,L,2254,T008,129,0,mapped,-27.13444527180156,6.104820733497803,-15.899838547877533,1,0.0,0.0,interior
T094,L,2255,T008,130,0,mapped,-25.651560433580585,6.129295604089851,-15.305356531582305,1,0.0,0.0,interior
T094,L,2256,T008,131,0,mapped,-24.209791411951116,6.410240438150293,-14.631181520778707,1,0.0,0.0,interior
T094,L,2257,T008,132,0,mapped,-23.271371526830656,7.448077449883279,-13.467291311562777,1,0.0,0.0,interior
T094,L,2258,T008,133,0,mapped,-23.344756872106238,8.067984487789168,-12.085555908059195,1,0.0,0.0,interior
T094,L,2259,T008,134,0,mapped,-22.770788204360876,8.489321698612606,-11.0887624207142,2,7.32410687763558e-15,3.66205343881779e-15,shared_edge
T094,L,2260,T008,135,0,mapped,-30.350523232436963,15.82223876874831,-13.194408885681362,1,0.0,0.0,interior
T094,L,2261,T008,136,0,mapped,-30.407665973099157,14.197106106432248,-13.918659372376936,1,0.0,0.0,interior
T094,L,2262,T008,137,0,mapped,-30.44296363241235,12.486604895741063,-14.890060750480796,1,0.0,0.0,interior
T094,L,2263,T008,138,0,mapped,-30.495692813635593,10.906808764229712,-15.824611319256253,1,0.0,0.0,interior
T094,L,2264,T008,139,0,mapped,-31.418396494389043,9.563104794215047,-16.300892504730367,1,0.0,0.0,interior
T094,L,2265,T008,140,0,mapped,-32.9335812503283,8.319406246708322,-16.22506147782166,1,0.0,0.0,interior
T094,L,2266,T008,141,0,mapped,-34.05372574814267,7.044458229495923,-16.75674549261975,1,0.0,0.0,interior
T094,L,2267,T008,142,0,mapped,-34.49909246587977,5.68421016975862,-17.49655770858227,1,0.0,0.0,interior
T094,L,2268,T008,143,0,mapped,-33.64377616719777,4.577820592561558,-18.696541123255688,1,0.0,0.0,interior
T094,L,2269,T008,144,0,mapped,-31.916950898607134,4.148028131328399,-19.400998823727285,1,0.0,0.0,interior
T094,L,2270,T008,145,0,mapped,-30.097636875939344,4.1109238506030135,-19.159437602119674,1,0.0,0.0,interior
T094,L,2271,T008,146,0,mapped,-29.075369330911826,5.012326561411783,-18.493480109571074,1,0.0,0.0,interior
T094,L,2272,T008,147,0,mapped,-28.95987177809861,6.029948141894309,-17.168732756010094,1,0.0,0.0,interior
T094,L,2273,T008,148,0,mapped,-27.467732643630455,6.345359778398169,-16.635351816874124,1,0.0,0.0,interior
T094,L,2274,T008,149,0,mapped,-25.92628778315155,6.3715157043486315,-16.020505626582338,1,0.0,0.0,interior
T094,L,2275,T008,150,0,mapped,-24.51634118189923,6.709763881712954,-15.424606865905014,1,0.0,0.0,interior
T094,L,2276,T008,151,0,mapped,-23.49018157469626,7.633846879256344,-14.231095925195605,1,0.0,0.0,interior
T094,L,2277,T008,152,0,mapped,-23.533118412873826,8.282742545548853,-12.766138185231775,1,0.0,0.0,interior
T094,L,2278,T008,153,0,mapped,-23.57952109849716,8.6603497434436,-11.376040937329643,2,0.0,0.0,shared_edge
T094,L,2279,T008,154,0,mapped,-30.34627110314632,15.054396143044585,-14.524509816035406,1,0.0,0.0,interior
T094,L,2280,T008,155,0,mapped,-30.420127987751798,13.399406761511539,-15.406701120786547,1,0.0,0.0,interior
T094,L,2281,T008,156,0,mapped,-30.47318810905086,11.834467529072949,-16.395347940393993,1,0.0,0.0,interior
T094,L,2282,T008,157,0,mapped,-31.607985861373393,10.474302776678844,-16.77910338530126,1,0.0,0.0,interior
T094,L,2283,T008,158,0,mapped,-33.01137391343293,9.586176908104786,-16.91872682985606,1,0.0,0.0,interior
T094,L,2284,T008,159,0,mapped,-34.122447833690174,8.124329157910338,-17.39574393010228,1,0.0,0.0,interior
T094,L,2285,T008,160,0,mapped,-34.80970691430027,6.730636589904609,-18.106572261732392,1,0.0,0.0,interior
T094,L,2286,T008,161,0,mapped,-34.15578846593118,5.44055469886322,-19.267414950558553,1,0.0,0.0,interior
T094,L,2287,T008,162,0,mapped,-32.381148456440634,4.854692383322945,-19.94692847824331,1,0.0,0.0,interior
T094,L,2288,T008,163,0,mapped,-30.50767809744294,4.707427955737064,-19.817291511085973,1,0.0,0.0,interior
T094,L,2289,T008,164,0,mapped,-29.341039746221234,5.3012437917222,-19.2398674948649,1,0.0,0.0,interior
T094,L,2290,T008,165,0,mapped,-29.18086422403251,6.3315147983388975,-17.95466147159367,1,0.0,0.0,interior
T094,L,2291,T008,166,0,mapped,-27.77149708931485,6.598453176790343,-17.31343936109634,1,0.0,0.0,interior
T094,L,2292,T008,167,0,mapped,-26.2187265386451,6.643237290866047,-16.85428744970263,1,0.0,0.0,interior
T094,L,2293,T008,168,0,mapped,-24.728471604566536,7.047963869070381,-16.067789283051024,1,0.0,0.0,interior
T094,L,2294,T008,169,0,mapped,-23.95453717424313,7.9078980852970755,-15.040124630942877,1,0.0,0.0,interior
T094,L,2295,T008,170,0,mapped,-23.754605528567595,8.51473186899237,-13.51745609718285,1,0.0,0.0,interior
T094,L,2296,T008,171,0,mapped,-23.932676846882927,8.734061994884314,-12.163992803472931,2,2.664535259100376e-15,1.3322676295501878e-15,shared_edge
T094,L,2297,T008,172,0,mapped,-30.38672096817112,14.652648775952308,-15.951234908794483,1,0.0,0.0,interior
T094,L,2298,T008,173,0,mapped,-30.445650177342984,12.929141863004283,-16.812672072317277,1,0.0,0.0,interior
T094,L,2299,T008,174,0,mapped,-31.634019592534827,11.524293442020205,-17.214755098773885,1,0.0,0.0,interior
T094,L,2300,T008,175,0,mapped,-32.95915269161286,10.61519389819371,-17.35441132748269,1,0.0,0.0,interior
T094,L,2301,T008,176,0,mapped,-34.19397734493578,9.400478210634308,-17.775847981354314,1,0.0,0.0,interior
T094,L,2302,T008,177,0,mapped,-34.998295450572215,7.821401447876946,-18.656366065724352,1,0.0,0.0,interior
T094,L,2303,T008,178,0,mapped,-34.69380382415859,6.539295796543687,-19.74879395811125,1,0.0,0.0,interior
T094,L,2304,T008,179,0,mapped,-33.020393982266775,5.69704575251469,-20.408857602620497,1,0.0,0.0,interior
T094,L,2305,T008,180,0,mapped,-31.07920178633625,5.303362651949321,-20.463366416966622,1,0.0,0.0,interior
T094,L,2306,T008,181,0,mapped,-29.658722396853932,5.7699040586946015,-19.956105367066087,1,0.0,0.0,interior
T094,L,2307,T008,182,0,mapped,-29.339312990244245,6.614149150772555,-18.658585260158677,1,0.0,0.0,interior
T094,L,2308,T008,183,0,mapped,-28.066026369509153,6.9189426771386024,-18.124624340055323,1,0.0,0.0,interior
T094,L,2309,T008,184,0,mapped,-26.502020900753166,6.972223054833844,-17.47833739071813,1,0.0,0.0,interior
T094,L,2310,T008,185,0,mapped,-25.125285747355548,7.400255172942568,-16.81811742236839,1,0.0,0.0,interior
T094,L,2311,T008,186,0,mapped,-24.247802295713704,8.124243882107493,-15.620990194444595,1,0.0,0.0,interior
T094,L,2312,T008,187,0,mapped,-24.138837534409973,8.808841040068913,-14.177132543282875,1,0.0,0.0,interior
T094,L,2313,T008,188,0,mapped,-24.3338424281715,9.055087764801517,-12.83027413769268,2,0.0,0.0,shared_edge
T094,L,2314,T008,189,0,mapped,-30.464603523953336,14.004233747307548,-17.303706785815464,1,0.0,0.0,interior
T094,L,2315,T008,190,0,mapped,-31.698785377681865,12.673104492219728,-17.72125384645428,1,0.0,0.0,interior
T094,L,2316,T008,191,0,mapped,-32.89964818774953,11.535063476247224,-17.74272208776198,1,0.0,0.0,interior
T094,L,2317,T008,192,0,mapped,-34.27899041994791,10.51167862386427,-18.306839856408747,1,0.0,0.0,interior
T094,L,2318,T008,193,0,mapped,-35.06700161604447,9.097474899935143,-18.988817650086425,1,0.0,0.0,interior
T094,L,2319,T008,194,0,mapped,-35.03988867093861,7.467938729250019,-20.171585193662178,1,0.0,0.0,interior
T094,L,2320,T008,195,0,mapped,-33.60241002897549,6.533995779372541,-20.93201131616429,1,0.0,0.0,interior
T094,L,2321,T008,196,0,mapped,-31.54846995551148,6.083796719555746,-21.14159144780784,1,0.0,0.0,interior
T094,L,2322,T008,197,0,mapped,-29.94814157061942,6.154243525227939,-20.583894405909362,1,0.0,0.0,interior
T094,L,2323,T008,198,0,mapped,-29.417726428834584,6.881461283006416,-19.388761418667602,1,0.0,0.0,interior
T094,L,2324,T008,199,0,mapped,-28.360534874236045,7.238593030887683,-18.70709841384057,1,0.0,0.0,interior
T094,L,2325,T008,200,0,mapped,-26.828130687475415,7.320505818702127,-18.241309005058646,1,0.0,0.0,interior
T094,L,2326,T008,201,0,mapped,-25.449175540987127,7.710195189518162,-17.41966335020035,1,0.0,0.0,interior
T094,L,2327,T008,202,0,mapped,-24.599402510860024,8.517176456817033,-16.309233146091834,1,0.0,0.0,interior
T094,L,2328,T008,203,0,mapped,-24.552331484408228,9.220403183560187,-14.767149783519894,1,0.0,0.0,interior
T094,L,2329,T008,204,0,mapped,-24.747370814370107,9.44408850944215,-13.381311595570615,2,0.0,0.0,shared_edge
T094,L,2330,T008,205,0,mapped,-31.622526825577133,13.691361548227619,-18.12279861422469,1,0.0,0.0,interior
T094,L,2331,T008,206,0,mapped,-32.90847821982678,12.535657669309568,-18.188685029546328,1,0.0,0.0,interior
T094,L,2332,T008,207,0,mapped,-34.29572297365763,11.590199458387652,-18.72310561340544,1,0.0,0.0,interior
T094,L,2333,T008,208,0,mapped,-35.15615081314381,10.25340136781745,-19.450661867832594,1,0.0,0.0,interior
T094,L,2334,T008,209,0,mapped,-35.357183427756645,8.631442839078009,-20.681892926657227,1,0.0,0.0,interior
T094,L,2335,T008,210,0,mapped,-34.14709172509562,7.524624704195045,-21.5014147787215,1,0.0,0.0,interior
T094,L,2336,T008,211,0,mapped,-32.0316937833855,6.907171537027368,-21.733015241958338,1,0.0,0.0,interior
T094,L,2337,T008,212,0,mapped,-30.280438015512438,6.837486790971006,-21.306448985716447,1,0.0,0.0,interior
T094,L,2338,T008,213,0,mapped,-29.59571084341419,7.44810595683772,-20.13044196824956,1,0.0,0.0,interior
T094,L,2339,T008,214,0,mapped,-28.69688044964323,7.675182294266307,-19.338588411402927,1,0.0,0.0,interior
T094,L,2340,T008,215,0,mapped,-27.12005192007154,7.621250824952606,-18.908303542366507,1,0.0,0.0,interior
T094,L,2341,T008,216,0,mapped,-25.766931580588903,8.081291274371225,-18.05893939649017,1,0.0,0.0,interior
T094,L,2342,T008,217,0,mapped,-24.960107451761417,8.891275897901753,-17.008177547039814,1,0.0,0.0,interior
T094,L,2343,T008,218,0,mapped,-24.853232348378434,9.573038274192353,-15.403611327415796,1,0.0,0.0,interior
T094,L,2344,T008,219,0,mapped,-25.159188074762163,9.90636929039211,-13.874186489090436,2,6.4047456679787536e-15,3.2023728339893768e-15,shared_edge
T094,L,2345,T008,220,0,mapped,-33.06021913230895,13.705766256835929,-18.683099717894635,1,0.0,0.0,interior
T094,L,2346,T008,221,0,mapped,-34.24226220467039,12.70405765962473,-19.15567588843852,1,0.0,0.0,interior
T094,L,2347,T008,222,0,mapped,-35.16195776634468,11.558138007231143,-19.914550568835562,1,0.0,0.0,interior
T094,L,2348,T008,223,0,mapped,-35.541210206870446,9.857874655082547,-21.071833777557064,1,0.0,0.0,interior
T094,L,2349,T008,224,0,mapped,-34.612809937556115,8.59698352457412,-21.99554082678804,1,0.0,0.0,interior
T094,L,2350,T008,225,0,mapped,-32.617161216218385,7.688887010167866,-22.233359421819284,1,0.0,0.0,interior
T094,L,2351,T008,226,0,mapped,-30.667246004624005,7.421052077341583,-21.941123667475605,1,0.0,0.0,interior
T094,L,2352,T008,227,0,mapped,-29.664019884906125,7.923618658553993,-20.828521448199208,1,0.0,0.0,interior
T094,L,2353,T008,228,0,mapped,-29.07835160745944,8.290960328374794,-19.952859114556215,1,0.0,0.0,interior
T094,L,2354,T008,229,0,mapped,-27.495899975236377,7.993399568769432,-19.503875756320333,1,0.0,0.0,interior
T094,L,2355,T008,230,0,mapped,-26.0825166137095,8.446403033035448,-18.724114632455045,1,0.0,0.0,interior
T094,L,2356,T008,231,0,mapped,-25.212862703015517,9.167206888558201,-17.70300072732239,1,0.0,0.0,interior
T094,L,2357,T008,232,0,mapped,-25.05154914535163,9.824759722505988,-16.262814375405316,1,0.0,0.0,interior
T094,L,2358,T008,233,0,mapped,-25.30934968173863,10.246745625505262,-14.622567764004634,2,5.3290705182007506e-15,2.664535259100376e-15,shared_edge
T094,L,2359,T008,234,0,mapped,-34.25876968210303,13.855478652561306,-19.600553958046667,1,0.0,0.0,interior
T094,L,2360,T008,235,0,mapped,-35.18771431890635,12.664448763545657,-20.38662212461815,1,0.0,0.0,interior
T094,L,2361,T008,236,0,mapped,-35.66029370904267,11.041638022392391,-21.415655441973183,1,0.0,0.0,interior
T094,L,2362,T008,237,0,mapped,-34.90880342813876,9.678924721037866,-22.452106142011758,1,0.0,0.0,interior
T094,L,2363,T008,238,0,mapped,-33.11261292001272,8.689030278285312,-22.7175412263292,1,0.0,0.0,interior
T094,L,2364,T008,239,0,mapped,-31.029354921381056,8.22272993624328,-22.6341044523321,1,0.0,0.0,interior
T094,L,2365,T008,240,0,mapped,-29.78227438270669,8.397332913919012,-21.601879565946934,1,0.0,0.0,interior
T094,L,2366,T008,241,0,mapped,-29.435107311198323,8.877736047839392,-20.3121560108717,1,0.0,0.0,interior
T094,L,2367,T008,242,0,mapped,-27.745201720912,8.51441685675968,-20.154887790814094,1,0.0,0.0,interior
T094,L,2368,T008,243,0,mapped,-26.442367392588395,8.848317198942365,-19.401439165589697,1,0.0,0.0,interior
T094,L,2369,T008,244,0,mapped,-25.495196472804558,9.535220976263613,-18.326044828784223,1,0.0,0.0,interior
T094,L,2370,T008,245,0,mapped,-25.3056376012919,10.266859785944067,-17.06084638159371,1,0.0,0.0,interior
T094,L,2371,T008,246,0,mapped,-25.494581771628823,10.659112193405857,-15.38906807053162,2,0.0,0.0,shared_edge
T094,L,2372,T008,247,0,mapped,-35.13900650432779,13.826377503847151,-20.917779850567133,1,0.0,0.0,interior
T094,L,2373,T008,248,0,mapped,-35.69067855449234,12.41243527314953,-21.706452129512833,1,0.0,0.0,interior
T094,L,2374,T008,249,0,mapped,-35.0308666861449,10.90078269569555,-22.987193158280064,1,0.0,0.0,interior
T094,L,2375,T008,250,0,mapped,-33.433455776717565,9.650694395322834,-23.198038789688336,1,0.0,0.0,interior
T094,L,2376,T008,251,0,mapped,-31.596597240840843,8.932919872631675,-23.253320481841687,1,0.0,0.0,interior
T094,L,2377,T008,252,0,mapped,-29.895833326580117,8.972346235030766,-22.29680310955337,1,0.0,0.0,interior
T094,L,2378,T008,253,0,mapped,-29.766641197957313,9.553045946736333,-20.83555198802352,1,0.0,0.0,interior
T094,L,2379,T008,254,0,mapped,-28.132520916858496,9.198434998569951,-20.71477070818649,1,0.0,0.0,interior
T094,L,2380,T008,255,0,mapped,-26.66585256495577,9.191143803970668,-20.023168383133527,1,0.0,0.0,interior
T094,L,2381,T008,256,0,mapped,-25.773281491485108,9.851665736988604,-19.04224589341598,1,0.0,0.0,interior
T094,L,2382,T008,257,0,mapped,-25.427155229586873,10.540459258882947,-17.738625545517422,1,0.0,0.0,interior
T094,L,2383,T008,258,0,mapped,-25.614737508437692,11.083545372000223,-16.161435697481256,2,3.552713678800501e-15,1.7763568394002505e-15,shared_edge
T094,L,2384,T008,259,0,mapped,-35.58351672584986,13.72090710841367,-22.392103792228603,1,0.0,0.0,interior
T094,L,2385,T008,260,0,mapped,-35.284885533222706,12.124711276880596,-23.281404541402946,1,0.0,0.0,interior
T094,L,2386,T008,261,0,mapped,-33.90040561382538,10.95776883201728,-23.735231424650877,1,0.0,0.0,interior
T094,L,2387,T008,262,0,mapped,-31.89513646065275,9.951019694074379,-23.75815751354633,1,0.0,0.0,interior
T094,L,2388,T008,263,0,mapped,-30.078156595977973,9.637645632288084,-23.043580014452697,1,0.0,0.0,interior
T094,L,2389,T008,264,0,mapped,-29.943931551176107,10.157740861725298,-21.360736725829153,1,0.0,0.0,interior
T094,L,2390,T008,265,0,mapped,-28.500170355051985,9.921674923336088,-21.11282588230719,1,0.0,0.0,interior
T094,L,2391,T008,266,0,mapped,-26.92338197429195,9.675741788108965,-20.65485799970472,1,0.0,0.0,interior
T094,L,2392,T008,267,0,mapped,-25.93737024178168,10.204913379842644,-19.65091849936341,1,0.0,0.0,interior
T094,L,2393,T008,268,0,mapped,-25.593840910756747,10.837905519623089,-18.587339171927738,1,0.0,0.0,interior
T094,L,2394,T008,269,0,mapped,-25.769641575178404,11.502780245561663,-16.937549432763802,2,0.0,0.0,shared_edge
T094,L,2395,T008,270,0,mapped,-35.29303735068634,13.57522289535742,-23.863748784601025,1,0.0,0.0,interior
T094,L,2396,T008,271,0,mapped,-34.06252051991155,12.11056653472044,-24.32238289015107,1,0.0,0.0,interior
T094,L,2397,T008,272,0,mapped,-32.26243866843704,11.040419822330467,-24.322753708825275,1,0.0,0.0,interior
T094,L,2398,T008,273,0,mapped,-30.321393325958887,10.334783928300872,-23.757692162456333,1,0.0,0.0,interior
T094,L,2399,T008,274,0,mapped,-29.96481356963764,10.796839729463894,-22.07416430144523,1,0.0,0.0,interior
T094,L,2400,T008,275,0,mapped,-28.93145132915631,10.658831942728408,-21.5164512664517,1,0.0,0.0,interior
T094,L,2401,T008,276,0,mapped,-27.160167130813072,10.296194147426913,-21.29463267103883,1,0.0,0.0,interior
T094,L,2402,T008,277,0,mapped,-26.10541472945883,10.643764424449127,-20.344944169830505,1,0.0,0.0,interior
T094,L,2403,T008,278,0,mapped,-25.725228362981213,11.273153517301015,-19.247543953419168,1,0.0,0.0,interior
T094,L,2404,T008,279,0,mapped,-25.805325728083666,11.815723037788477,-17.752638866181602,2,0.0,0.0,shared_edge
T094,L,2405,T008,280,0,mapped,-34.151027801364634,13.269425609025141,-24.81130580517315,1,0.0,0.0,interior
T094,L,2406,T008,281,0,mapped,-32.52110627288968,12.121665183122285,-24.803845358718306,1,0.0,0.0,interior
T094,L,2407,T008,282,0,mapped,-30.551290796975465,11.252287804765942,-24.50716245899814,1,0.0,0.0,interior
T094,L,2408,T008,283,0,mapped,-29.79894851481339,11.55148378918176,-22.981293615945713,1,0.0,0.0,interior
T094,L,2409,T008,284,0,mapped,-29.322498732620872,11.57508974902414,-21.920947117466437,1,0.0,0.0,interior
T094,L,2410,T008,285,0,mapped,-27.525340501611673,10.968278146686313,-21.87949502598907,1,0.0,0.0,interior
T094,L,2411,T008,286,0,mapped,-26.201353141553277,11.133243896952624,-20.936992306357276,1,0.0,0.0,interior
T094,L,2412,T008,287,0,mapped,-25.789259851608755,11.508249083956741,-19.937049694838933,1,0.0,0.0,interior
T094,L,2413,T008,288,0,mapped,-25.858832907755115,12.094124989295842,-18.578782591834464,2,0.0,0.0,shared_edge
T094,L,2414,T008,289,0,mapped,-32.69042743612627,13.229648185269319,-25.342994216217665,1,0.0,0.0,interior
T094,L,2415,T008,290,0,mapped,-30.84020245479401,12.233558421243082,-25.244139456587007,1,0.0,0.0,interior
T094,L,2416,T008,291,0,mapped,-29.529516742636048,12.233464807813458,-23.84650459917141,1,0.0,0.0,interior
T094,L,2417,T008,292,0,mapped,-29.6634206517344,12.544290813373504,-22.38403331063406,1,0.0,0.0,interior
T094,L,2418,T008,293,0,mapped,-27.87982962340927,11.810914632800976,-22.34409261881884,1,0.0,0.0,interior
T094,L,2419,T008,294,0,mapped,-26.290401774191892,11.657192824761239,-21.579364006050675,1,0.0,0.0,interior
T094,L,2420,T008,295,0,mapped,-25.80968757205921,12.110803287630596,-20.544747411395797,1,0.0,0.0,interior
T094,L,2421,T008,296,0,mapped,-25.883391571069843,12.565900688285367,-19.191250524531668,2,5.024295867788081e-15,2.5121479338940407e-15,shared_edge
T094,L,2422,T008,297,0,mapped,-31.204690970204105,13.150150018256028,-25.74835069832747,1,0.0,0.0,interior
T094,L,2423,T008,298,0,mapped,-29.48083182020767,12.866272882207578,-24.902861670259835,1,0.0,0.0,interior
T094,L,2424,T008,299,0,mapped,-29.72037853400031,13.420735942313513,-23.23496817143211,1,0.0,0.0,interior
T094,L,2425,T008,300,0,mapped,-28.246588567825604,12.68501953337012,-22.839207661534704,1,0.0,0.0,interior
T094,L,2426,T008,301,0,mapped,-26.394288139486193,12.24125781488421,-22.226639500630505,1,0.0,0.0,interior
T094,L,2427,T008,302,0,mapped,-25.7673715514846,12.627532197005483,-21.0744654097377,1,0.0,0.0,interior
T094,L,2428,T008,303,0,mapped,-25.934562752382632,13.217668790760431,-19.60070654574806,2,0.0,0.0,shared_edge
T094,L,2429,T008,304,0,mapped,-29.742671115659405,13.598695064730677,-25.856247405295157,1,0.0,0.0,interior
T094,L,2430,T008,305,0,mapped,-29.228485924746835,14.023174814923376,-24.21560523873821,1,0.0,0.0,interior
T094,L,2431,T008,306,0,mapped,-28.418545823837952,13.701550906214017,-23.36615699395565,1,0.0,0.0,interior
T094,L,2432,T008,307,0,mapped,-26.587020896475714,12.893375603857233,-22.9207697999519,1,0.0,0.0,interior
T094,L,2433,T008,308,0,mapped,-25.73722681347136,13.116686886517044,-21.69383333965936,1,0.0,0.0,interior
T094,L,2434,T008,309,0,mapped,-25.87057537006735,13.879505430056088,-20.20124324566738,2,1.7763568394002505e-15,8.881784197001252e-16,shared_edge
T094,L,2435,T008,310,0,mapped,-28.839144053046716,14.524814640962664,-25.196639616482294,1,0.0,0.0,interior
T094,L,2436,T008,311,0,mapped,-28.62967167252617,14.86124212370408,-23.924994187045012,1,0.0,0.0,interior
T094,L,2437,T008,312,0,mapped,-26.75691187009955,13.719532017696775,-23.605711015290932,1,0.0,0.0,interior
T094,L,2438,T008,313,0,mapped,-25.68238701822505,13.764163044711974,-22.42301696719084,1,0.0,0.0,interior
T094,L,2439,T008,314,0,mapped,-25.690055740059663,14.117031397377598,-20.982591434946805,2,3.552713678800501e-15,1.7763568394002505e-15,shared_edge
T094,L,2440,T008,315,0,mapped,-28.588667520746874,15.644213330076905,-24.372388896937803,1,0.0,0.0,interior
T094,L,2441,T008,316,0,mapped,-27.018858091456586,14.540385089128602,-24.20069878717344,1,0.0,0.0,interior
T094,L,2442,T008,317,0,mapped,-25.653385434427236,14.404956749185374,-23.10414732894974,1,0.0,0.0,interior
T094,L,2443,T008,318,0,mapped,-25.540304253160585,14.772961764068214,-21.575823066661336,2,3.552713678800501e-15,1.7763568394002505e-15,shared_edge
T094,L,2444,T008,319,0,mapped,-27.087036568267443,15.527794818449497,-24.77516987663325,1,0.0,0.0,interior
T094,L,2445,T008,320,0,mapped,-25.59156467813463,15.139926429082642,-23.770539998247884,1,0.0,0.0,interior
T094,L,2446,T008,321,0,mapped,-25.402160395150602,15.177977627168545,-22.325305313897708,2,0.0,0.0,shared_edge
T094,L,2447,T008,322,0,mapped,-25.66300440649721,15.81338836589467,-24.503464575477484,1,0.0,0.0,interior
T094,L,2448,T008,323,0,mapped,-25.20679666889226,15.831032379021021,-22.909333086135813,2,5.024295867788081e-15,2.5121479338940407e-15,shared_edge
T094,L,2449,T009,1,0,mapped,-19.214339291954524,21.851017996570818,-8.686459726287026,2,0.0,0.0,shared_edge
T094,L,2450,T009,2,0,mapped,-18.956839015264137,21.36620092214388,-8.23240647195627,2,0.0,0.0,shared_edge
T094,L,2451,T009,3,0,mapped,-18.693155696203235,21.10415604125138,-7.703904917619499,2,0.0,0.0,shared_edge
T094,L,2452,T009,4,0,mapped,-18.380773830371908,21.039145667268166,-7.010423898875287,2,0.0,0.0,shared_edge
T094,L,2453,T009,5,0,mapped,-18.235161433539787,20.985379680547656,-6.25840057841301,2,0.0,0.0,shared_edge
T094,L,2454,T009,6,0,mapped,-18.13648152118337,20.931497741080417,-5.504348986370993,2,7.944109290391274e-15,3.972054645195637e-15,shared_edge
T094,L,2455,T009,7,0,mapped,-17.705886548481942,20.985955596313108,-4.918720131919362,2,3.552713678800501e-15,1.7763568394002505e-15,shared_edge
T094,L,2456,T009,8,0,mapped,-17.264842066882885,20.800217679737365,-4.335323801093428,2,3.5596458096434965e-15,1.7798229048217487e-15,shared_edge
T094,L,2457,T009,9,0,mapped,-17.01313352437449,20.4279751517639,-3.7954806406642847,2,5.024295867788081e-15,2.5121479338940407e-15,shared_edge
T094,L,2458,T009,10,0,mapped,-16.519047032239225,20.074878906795593,-3.3596850542000154,2,3.552713678800501e-15,1.7763568394002505e-15,shared_edge
T094,L,2459,T009,11,0,mapped,-16.22497181772375,19.555524906830055,-2.9595982067952864,2,0.0,0.0,shared_edge
T094,L,2460,T009,12,0,mapped,-15.732353566792934,19.134061215620452,-2.550921713427985,2,3.552713678800501e-15,1.7763568394002505e-15,shared_edge
T094,L,2461,T009,13,0,mapped,-15.248097732518083,18.693883326269443,-2.177843790094988,2,0.0,0.0,shared_edge
T094,L,2462,T009,14,0,mapped,-14.842014039799071,18.25777119662209,-1.774547071827673,2,0.0,0.0,shared_edge
T094,L,2463,T009,15,0,mapped,-14.339494524239859,17.854160529607295,-1.3546449369080409,2,0.0,0.0,shared_edge
T094,L,2464,T009,16,0,mapped,-13.805137339489496,17.64069723440189,-0.8929239733451968,2,0.0,0.0,shared_edge
T094,L,2465,T009,17,0,mapped,-13.394303279697322,17.250760086762323,-0.4290943452664444,2,0.0,0.0,shared_edge
T094,L,2466,T009,18,0,mapped,-12.913054078034301,16.964845898181906,0.004408832955744776,2,7.105427357601002e-15,3.552713678800501e-15,shared_edge
T094,L,2467,T009,19,0,mapped,-12.4553869426582,16.403997932513928,0.2121511066559476,2,0.0,0.0,shared_edge
T094,L,2468,T009,20,0,mapped,-11.90858932707658,15.974309146635377,0.4077007540503829,2,3.552713678800501e-15,1.7763568394002505e-15,shared_edge
T094,L,2469,T009,21,0,mapped,-11.234796269100384,15.652620606925009,0.5566910202279354,2,7.95651227888113e-15,3.978256139440565e-15,shared_edge
T094,L,2470,T009,22,0,mapped,-10.52043312601139,15.439443699656945,0.7218075224213578,2,2.220446049250313e-16,1.1102230246251563e-16,shared_edge
T094,L,2471,T009,23,0,mapped,-9.841966051238511,15.130436716288791,0.6496085931844099,2,3.552713678800501e-15,1.7763568394002505e-15,shared_edge
T094,L,2472,T009,24,-1,landmark_vertex,-9.100686229909938,14.989304634633697,0.6784473325190018,6,0.0,0.0,landmark
T094,L,2473,T009,26,0,mapped,-19.980564454785664,21.86402038932668,-8.743218930970817,1,0.0,0.0,interior
T094,L,2474,T009,27,0,mapped,-19.6772839914075,21.470855512800846,-8.438846816951738,1,0.0,0.0,interior
T094,L,2475,T009,28,0,mapped,-19.504778440187437,21.096508674396834,-7.9992732699904945,1,0.0,0.0,interior
T094,L,2476,T009,29,0,mapped,-19.232211494759675,20.791323536814566,-7.309373319232621,1,0.0,0.0,interior
T094,L,2477,T009,30,0,mapped,-18.928125327092808,20.758126494407794,-6.619385346500849,1,0.0,0.0,interior
T094,L,2478,T009,31,0,mapped,-18.777872445327773,20.71484978424533,-5.925883949302619,1,0.0,0.0,interior
T094,L,2479,T009,32,0,mapped,-18.54682138533113,20.695588050761227,-5.171156994034929,1,0.0,0.0,interior
T094,L,2480,T009,33,0,mapped,-18.275194842052212,20.54261219063772,-4.504464575239112,1,0.0,0.0,interior
T094,L,2481,T009,34,0,mapped,-17.94016175812697,20.272450656758597,-3.9573139337782903,1,0.0,0.0,interior
T094,L,2482,T009,35,0,mapped,-17.478060797927633,19.906886591195633,-3.4924338303000417,1,0.0,0.0,interior
T094,L,2483,T009,36,0,mapped,-17.044432476738532,19.521826910373534,-3.091594486594488,1,0.0,0.0,interior
T094,L,2484,T009,37,0,mapped,-16.558723557840388,19.128236608733953,-2.818145952613313,1,0.0,0.0,interior
T094,L,2485,T009,38,0,mapped,-16.063377769964944,18.64299921398571,-2.387904012510214,1,0.0,0.0,interior
T094,L,2486,T009,39,0,mapped,-15.610054655635373,18.216436443292913,-2.0178947194182046,1,0.0,0.0,interior
T094,L,2487,T009,40,0,mapped,-15.106594225887138,17.82236953638611,-1.6568983518726375,1,0.0,0.0,interior
T094,L,2488,T009,41,0,mapped,-14.611619562797731,17.429121458565835,-1.3449259373084956,1,0.0,0.0,interior
T094,L,2489,T009,42,0,mapped,-14.084522340019694,17.12268297342467,-0.8686689878917325,1,0.0,0.0,interior
T094,L,2490,T009,43,0,mapped,-13.636622710412254,16.769189703373854,-0.49225984900594255,1,0.0,0.0,interior
T094,L,2491,T009,44,0,mapped,-13.111647878931368,16.50447445502463,-0.12437298368467725,1,0.0,0.0,interior
T094,L,2492,T009,45,0,mapped,-12.590390908817179,16.097668137392382,0.10592890360162673,1,0.0,0.0,interior
T094,L,2493,T009,46,0,mapped,-12.01039690504244,15.625090950780073,0.28091193895161704,1,0.0,0.0,interior
T094,L,2494,T009,47,0,mapped,-11.350978941852771,15.39051909097476,0.410974451801919,1,0.0,0.0,interior
T094,L,2495,T009,48,0,mapped,-10.629923165456743,15.128458186718749,0.556551935171578,2,1.2531265855673069e-14,6.265632927836534e-15,shared_edge
T094,L,2496,T009,50,0,mapped,-20.6224398637383,21.955106989730286,-8.932394583892895,1,0.0,0.0,interior
T094,L,2497,T009,51,0,mapped,-20.308541446625824,21.462619817712703,-8.644396712249643,1,0.0,0.0,interior
T094,L,2498,T009,52,0,mapped,-20.1048875866623,21.033352554039766,-8.19962708558949,1,0.0,0.0,interior
T094,L,2499,T009,53,0,mapped,-19.902769507471398,20.74949438252639,-7.691488151549178,1,0.0,0.0,interior
T094,L,2500,T009,54,0,mapped,-19.65242732251818,20.564523354240272,-7.059105001812131,1,0.0,0.0,interior
T094,L,2501,T009,55,0,mapped,-19.421554770593623,20.5129114245683,-6.305492190105256,1,0.0,0.0,interior
T094,L,2502,T009,56,0,mapped,-19.298111449048257,20.422885357369456,-5.561966095640631,1,0.0,0.0,interior
T094,L,2503,T009,57,0,mapped,-19.106033550366565,20.339800712803047,-4.892179062514044,1,0.0,0.0,interior
T094,L,2504,T009,58,0,mapped,-18.717634245436923,20.097572608949772,-4.211063175558088,1,0.0,0.0,interior
T094,L,2505,T009,59,0,mapped,-18.315620421317362,19.774195389403822,-3.6309455655158973,1,0.0,0.0,interior
T094,L,2506,T009,60,0,mapped,-17.844769510733787,19.40487091798103,-3.194761242770262,1,0.0,0.0,interior
T094,L,2507,T009,61,0,mapped,-17.40816979314443,18.997009772635984,-2.8338830668690895,1,0.0,0.0,interior
T094,L,2508,T009,62,0,mapped,-16.912918323221895,18.533393036715275,-2.606285485501561,1,0.0,0.0,interior
T094,L,2509,T009,63,0,mapped,-16.35229098067333,18.082806198184304,-2.2317150053373362,1,0.0,0.0,interior
T094,L,2510,T009,64,0,mapped,-15.885865730791856,17.622982806628844,-1.8837362483952553,1,0.0,0.0,interior
T094,L,2511,T009,65,0,mapped,-15.417209011506754,17.26934171968782,-1.5510960800525513,1,0.0,0.0,interior
T094,L,2512,T009,66,0,mapped,-14.83987731133325,16.912461187434698,-1.2597510532540286,1,0.0,0.0,interior
T094,L,2513,T009,67,0,mapped,-14.314646687162677,16.54477562684783,-0.8913105870293787,1,0.0,0.0,interior
T094,L,2514,T009,68,0,mapped,-13.797179922820236,16.279842990297936,-0.5210602700579616,1,0.0,0.0,interior
T094,L,2515,T009,69,0,mapped,-13.395360662484384,15.962211489596545,-0.25717646269731426,1,0.0,0.0,interior
T094,L,2516,T009,70,0,mapped,-12.69889878582552,15.659277608630468,0.014624028621416561,1,0.0,0.0,interior
T094,L,2517,T009,71,0,mapped,-12.122063739811916,15.28058613256232,0.2020700991149017,2,7.32410687763558e-15,3.66205343881779e-15,shared_edge
T094,L,2518,T009,73,0,mapped,-21.53761504398281,21.957065010644477,-9.098261546495541,1,0.0,0.0,interior
T094,L,2519,T009,74,0,mapped,-21.015353816024543,21.53193311824187,-8.923761043406031,1,0.0,0.0,interior
T094,L,2520,T009,75,0,mapped,-20.69077837449514,21.017310277367066,-8.545131028212682,1,0.0,0.0,interior
T094,L,2521,T009,76,0,mapped,-20.49159614781329,20.646768231361783,-8.05729468915023,1,0.0,0.0,interior
T094,L,2522,T009,77,0,mapped,-20.274312819141088,20.420440653335575,-7.411122006824373,1,0.0,0.0,interior
T094,L,2523,T009,78,0,mapped,-20.100686582245686,20.307326355810044,-6.748192307829481,1,0.0,0.0,interior
T094,L,2524,T009,79,0,mapped,-19.98624578880173,20.201505396482734,-6.006309307370113,1,0.0,0.0,interior
T094,L,2525,T009,80,0,mapped,-19.844083982679024,20.062343601278403,-5.2455800464767295,1,0.0,0.0,interior
T094,L,2526,T009,81,0,mapped,-19.5324044325773,19.969387320118134,-4.514424669494548,1,0.0,0.0,interior
T094,L,2527,T009,82,0,mapped,-19.12644685189317,19.756734210856457,-3.9413938916352045,1,0.0,0.0,interior
T094,L,2528,T009,83,0,mapped,-18.878432548272418,19.410066926673405,-3.4154449316054665,1,0.0,0.0,interior
T094,L,2529,T009,84,0,mapped,-18.23136700381577,18.96671614035807,-2.99919659246331,1,0.0,0.0,interior
T094,L,2530,T009,85,0,mapped,-17.785410934573854,18.44644631064577,-2.6266781540453983,1,0.0,0.0,interior
T094,L,2531,T009,86,0,mapped,-17.305933877494653,18.095128468075288,-2.3873537612019327,1,0.0,0.0,interior
T094,L,2532,T009,87,0,mapped,-16.86236490982631,17.65514494989726,-2.1206067025009157,1,0.0,0.0,interior
T094,L,2533,T009,88,0,mapped,-16.206150393422938,17.21257656079962,-1.7949898441774632,1,0.0,0.0,interior
T094,L,2534,T009,89,0,mapped,-15.794289061709463,16.753604570277638,-1.5285769195268966,1,0.0,0.0,interior
T094,L,2535,T009,90,0,mapped,-15.227170341606149,16.443237219699196,-1.2675848762464506,1,0.0,0.0,interior
T094,L,2536,T009,91,0,mapped,-14.600762866843436,16.089342761806595,-0.9819163079136486,1,0.0,0.0,interior
T094,L,2537,T009,92,0,mapped,-14.087754099562295,15.747106506699698,-0.6386788844602717,1,0.0,0.0,interior
T094,L,2538,T009,93,0,mapped,-13.54530270095192,15.431799790273274,-0.3712845092640461,2,0.0,0.0,shared_edge
T094,L,2539,T009,95,0,mapped,-22.55174080486949,21.834338231850886,-9.361269436307078,1,0.0,0.0,interior
T094,L,2540,T009,96,0,mapped,-21.919304861275727,21.37855263805078,-9.142931918562406,1,0.0,0.0,interior
T094,L,2541,T009,97,0,mapped,-21.498508982358807,20.917570695728134,-8.91791291278942,1,0.0,0.0,interior
T094,L,2542,T009,98,0,mapped,-21.094998142034292,20.444446036240386,-8.392164917544056,1,0.0,0.0,interior
T094,L,2543,T009,99,0,mapped,-20.88247999533506,20.21721207164984,-7.8538552982348895,1,0.0,0.0,interior
T094,L,2544,T009,100,0,mapped,-20.701569857194052,20.066901813064273,-7.174544888781497,1,0.0,0.0,interior
T094,L,2545,T009,101,0,mapped,-20.589434165170545,19.98192881331645,-6.423924676835017,1,0.0,0.0,interior
T094,L,2546,T009,102,0,mapped,-20.532540442125523,19.860378451099713,-5.614073907171805,1,0.0,0.0,interior
T094,L,2547,T009,103,0,mapped,-20.304336971267304,19.71566559101709,-5.00390653275771,1,0.0,0.0,interior
T094,L,2548,T009,104,0,mapped,-19.943538501643253,19.54391546541678,-4.1647479166887855,1,0.0,0.0,interior
T094,L,2549,T009,105,0,mapped,-19.56138495964985,19.199495563722103,-3.515124148521612,1,0.0,0.0,interior
T094,L,2550,T009,106,0,mapped,-19.275425753329024,18.676934337133556,-2.934028503973315,1,0.0,0.0,interior
T094,L,2551,T009,107,0,mapped,-18.66919032502242,18.354762073437467,-2.648451303545827,1,0.0,0.0,interior
T094,L,2552,T009,108,0,mapped,-18.199970262752657,17.936941830081665,-2.3164122363914337,1,0.0,0.0,interior
T094,L,2553,T009,109,0,mapped,-17.70835042785741,17.540194589790076,-2.1254043264143063,1,0.0,0.0,interior
T094,L,2554,T009,110,0,mapped,-17.18695008612311,17.116974791531007,-1.9408090924271884,1,0.0,0.0,interior
T094,L,2555,T009,111,0,mapped,-16.57691192045189,16.65166942960709,-1.6655235004102704,1,0.0,0.0,interior
T094,L,2556,T009,112,0,mapped,-16.107671014996914,16.2013016470892,-1.4509472615453909,1,0.0,0.0,interior
T094,L,2557,T009,113,0,mapped,-15.55670182072716,15.898501078163427,-1.2543938574322804,1,0.0,0.0,interior
T094,L,2558,T009,114,0,mapped,-14.946357261848892,15.588104314321406,-1.009547742712355,2,2.220446049250313e-16,1.1102230246251563e-16,shared_edge
T094,L,2559,T009,116,0,mapped,-23.440627877007323,21.878890913972477,-9.614432094251184,1,0.0,0.0,interior
T094,L,2560,T009,117,0,mapped,-22.817153163739277,21.16396850279598,-9.360517346511337,1,0.0,0.0,interior
T094,L,2561,T009,118,0,mapped,-22.39228177463928,20.774879876867793,-9.22670235008023,1,0.0,0.0,interior
T094,L,2562,T009,119,0,mapped,-21.874221426976717,20.275827529332894,-8.836635553321708,1,0.0,0.0,interior
T094,L,2563,T009,120,0,mapped,-21.490338841740957,19.884061066724247,-8.233225542767286,1,0.0,0.0,interior
T094,L,2564,T009,121,0,mapped,-21.278393948665467,19.732198258944877,-7.686243859330241,1,0.0,0.0,interior
T094,L,2565,T009,122,0,mapped,-21.161574970279098,19.667089040717947,-6.912731127345025,1,0.0,0.0,interior
T094,L,2566,T009,123,0,mapped,-21.10983719534132,19.621536384949998,-6.092692973491315,1,0.0,0.0,interior
T094,L,2567,T009,124,0,mapped,-20.994221955986298,19.482851895765165,-5.296573027664272,1,0.0,0.0,interior
T094,L,2568,T009,125,0,mapped,-20.77959928101656,19.276230048187838,-4.509053212817773,1,0.0,0.0,interior
T094,L,2569,T009,126,0,mapped,-20.47539229615473,19.045387250106728,-3.748451199424121,1,0.0,0.0,interior
T094,L,2570,T009,127,0,mapped,-20.203610975136385,18.721754607937186,-3.2207737780785703,1,0.0,0.0,interior
T094,L,2571,T009,128,0,mapped,-19.64370723799012,18.243403805913786,-2.6293846657622324,1,0.0,0.0,interior
T094,L,2572,T009,129,0,mapped,-19.131396102888978,17.77160584861038,-2.332233976260864,1,0.0,0.0,interior
T094,L,2573,T009,130,0,mapped,-18.659888703714252,17.412348916764284,-2.1219451355657295,1,0.0,0.0,interior
T094,L,2574,T009,131,0,mapped,-18.138172189940814,16.96072464285687,-1.9272242836680538,1,0.0,0.0,interior
T094,L,2575,T009,132,0,mapped,-17.554346489743455,16.490915470542763,-1.7375531024861433,1,0.0,0.0,interior
T094,L,2576,T009,133,0,mapped,-17.10720244799534,16.145896021874208,-1.5916511707192205,1,0.0,0.0,interior
T094,L,2577,T009,134,0,mapped,-16.440001944458658,15.738690899614738,-1.3967282508411905,2,2.220446049250313e-16,1.1102230246251563e-16,shared_edge
T094,L,2578,T009,136,0,mapped,-24.187325483637494,21.887796992091612,-9.852711482224748,1,0.0,0.0,interior
T094,L,2579,T009,137,0,mapped,-23.704238924426875,21.30286641442159,-9.586361961517747,1,0.0,0.0,interior
T094,L,2580,T009,138,0,mapped,-23.12763975031399,20.602854097391592,-9.392659310853226,1,0.0,0.0,interior
T094,L,2581,T009,139,0,mapped,-22.629666175871712,20.23829764220967,-9.164309076635126,1,0.0,0.0,interior
T094,L,2582,T009,140,0,mapped,-22.163764082180798,19.733141794752868,-8.680621955236994,1,0.0,0.0,interior
T094,L,2583,T009,141,0,mapped,-21.84564023559623,19.37752465217855,-8.044020232128704,1,0.0,0.0,interior
T094,L,2584,T009,142,0,mapped,-21.69339198843626,19.271659053518682,-7.357424859276454,1,0.0,0.0,interior
T094,L,2585,T009,143,0,mapped,-21.593931319541113,19.200968019054873,-6.63191546454036,1,0.0,0.0,interior
T094,L,2586,T009,144,0,mapped,-21.60790348637324,19.143978522518697,-5.809470749082154,1,0.0,0.0,interior
T094,L,2587,T009,145,0,mapped,-21.539381079138685,19.047001332764257,-5.002327634108589,1,0.0,0.0,interior
T094,L,2588,T009,146,0,mapped,-21.165655591834792,18.87959056036989,-4.161396081607433,1,0.0,0.0,interior
T094,L,2589,T009,147,0,mapped,-20.91654478674154,18.54487465946233,-3.42722946980582,1,0.0,0.0,interior
T094,L,2590,T009,148,0,mapped,-20.575836471708,18.120182243765512,-2.8634556898383945,1,0.0,0.0,interior
T094,L,2591,T009,149,0,mapped,-20.11512177533303,17.68430692615047,-2.4427068144596715,1,0.0,0.0,interior
T094,L,2592,T009,150,0,mapped,-19.733685914110403,17.137202524659784,-2.085302955719993,1,0.0,0.0,interior
T094,L,2593,T009,151,0,mapped,-19.115126962870193,16.796715766877615,-1.8972551866324756,1,0.0,0.0,interior
T094,L,2594,T009,152,0,mapped,-18.528896974757682,16.34642658598048,-1.6945557308498562,1,0.0,0.0,interior
T094,L,2595,T009,153,0,mapped,-17.976070882846336,15.881144790512401,-1.568119907014248,2,0.0,0.0,shared_edge
T094,L,2596,T009,155,0,mapped,-24.875063831108903,21.906792778778104,-10.212379733457928,1,0.0,0.0,interior
T094,L,2597,T009,156,0,mapped,-24.42540178119382,21.33852181246456,-9.783728602114955,1,0.0,0.0,interior
T094,L,2598,T009,157,0,mapped,-23.87960401345758,20.80450389866945,-9.539503944863878,1,0.0,0.0,interior
T094,L,2599,T009,158,0,mapped,-23.385253243342383,20.111592157219693,-9.345759155760247,1,0.0,0.0,interior
T094,L,2600,T009,159,0,mapped,-22.95939193719613,19.631366639732622,-9.056804834265167,1,0.0,0.0,interior
T094,L,2601,T009,160,0,mapped,-22.530351222834085,19.151890930683706,-8.49925137038551,1,0.0,0.0,interior
T094,L,2602,T009,161,0,mapped,-22.306021495617905,18.849244464174614,-7.7734043691363865,1,0.0,0.0,interior
T094,L,2603,T009,162,0,mapped,-22.177992658577537,18.820330993653666,-6.966425763604368,1,0.0,0.0,interior
T094,L,2604,T009,163,0,mapped,-22.178781560531398,18.72575083779713,-6.25753963523907,1,0.0,0.0,interior
T094,L,2605,T009,164,0,mapped,-22.105394859094737,18.71002654910416,-5.431347228925788,1,0.0,0.0,interior
T094,L,2606,T009,165,0,mapped,-21.89046871137446,18.638202992495234,-4.593085620516833,1,0.0,0.0,interior
T094,L,2607,T009,166,0,mapped,-21.62113091335354,18.369839212304424,-3.707344356922321,1,0.0,0.0,interior
T094,L,2608,T009,167,0,mapped,-21.368475621329495,18.004581800754718,-3.1372393313498637,1,0.0,0.0,interior
T094,L,2609,T009,168,0,mapped,-21.029380381325524,17.463088939796073,-2.4956199613959065,1,0.0,0.0,interior
T094,L,2610,T009,169,0,mapped,-20.606964503511804,16.887453866118317,-2.0958600036385424,1,0.0,0.0,interior
T094,L,2611,T009,170,0,mapped,-20.067734367980584,16.535755750939195,-1.9060833574926197,1,0.0,0.0,interior
T094,L,2612,T009,171,0,mapped,-19.513582241178256,16.013966462956212,-1.6171215923189568,2,1.0678937428930491e-14,5.339468714465245e-15,shared_edge
T094,L,2613,T009,173,0,mapped,-25.57559919402945,22.02113804154406,-10.718603210512917,1,0.0,0.0,interior
T094,L,2614,T009,174,0,mapped,-25.2431526538535,21.339047106163445,-10.196923961755264,1,0.0,0.0,interior
T094,L,2615,T009,175,0,mapped,-24.79562213532379,20.71625841704008,-9.768388197321901,1,0.0,0.0,interior
T094,L,2616,T009,176,0,mapped,-24.248160712442946,20.281891552515923,-9.51495205644336,1,0.0,0.0,interior
T094,L,2617,T009,177,0,mapped,-23.764881468311465,19.50970535020911,-9.273467713564479,1,0.0,0.0,interior
T094,L,2618,T009,178,0,mapped,-23.21547678408541,19.039294595791674,-8.875602377076355,1,0.0,0.0,interior
T094,L,2619,T009,179,0,mapped,-22.91143938725046,18.605617628926453,-8.258466752264395,1,0.0,0.0,interior
T094,L,2620,T009,180,0,mapped,-22.697848893397776,18.450301406661985,-7.540002993997665,1,0.0,0.0,interior
T094,L,2621,T009,181,0,mapped,-22.660526552334744,18.382251749159327,-6.898015806680028,1,0.0,0.0,interior
T094,L,2622,T009,182,0,mapped,-22.63957045311402,18.288596226158226,-6.088965311094345,1,0.0,0.0,interior
T094,L,2623,T009,183,0,mapped,-22.568135974278988,18.189668628661412,-5.102415344602672,1,0.0,0.0,interior
T094,L,2624,T009,184,0,mapped,-22.444511894626928,18.026808570620346,-4.381180845484153,1,0.0,0.0,interior
T094,L,2625,T009,185,0,mapped,-22.17630276571827,17.708192808833765,-3.3785785583222805,1,0.0,0.0,interior
T094,L,2626,T009,186,0,mapped,-21.939582223776384,17.20939693846651,-2.706039996407914,1,0.0,0.0,interior
T094,L,2627,T009,187,0,mapped,-21.54355955615383,16.697297139010274,-2.184853714330651,1,0.0,0.0,interior
T094,L,2628,T009,188,0,mapped,-21.047691637091674,16.151397257885012,-1.7937156993842036,2,1.1341676743656612e-14,5.670838371828306e-15,shared_edge
T094,L,2629,T009,190,0,mapped,-26.130985326990604,21.905533602858306,-11.335313380982777,1,0.0,0.0,interior
T094,L,2630,T009,191,0,mapped,-25.916811759961433,21.35395429363724,-10.76270323047563,1,0.0,0.0,interior
T094,L,2631,T009,192,0,mapped,-25.55670332589652,20.68046167031978,-10.153316639897655,1,0.0,0.0,interior
T094,L,2632,T009,193,0,mapped,-25.059282747904142,20.08230031319382,-9.720237895221237,1,0.0,0.0,interior
T094,L,2633,T009,194,0,mapped,-24.53992703364562,19.62420243389491,-9.458645779515814,1,0.0,0.0,interior
T094,L,2634,T009,195,0,mapped,-24.010216733964235,19.078087315608904,-9.151932572139243,1,0.0,0.0,interior
T094,L,2635,T009,196,0,mapped,-23.479391513553246,18.48482339982242,-8.653633457197714,1,0.0,0.0,interior
T094,L,2636,T009,197,0,mapped,-23.29846422587415,18.123089092616507,-8.053058651578725,1,0.0,0.0,interior
T094,L,2637,T009,198,0,mapped,-23.086870009778806,18.033110330283513,-7.325263950760977,1,0.0,0.0,interior
T094,L,2638,T009,199,0,mapped,-23.116843506083313,17.847849817950333,-6.596939339040561,1,0.0,0.0,interior
T094,L,2639,T009,200,0,mapped,-23.08437537098861,17.716055337206818,-5.632780682209918,1,0.0,0.0,interior
T094,L,2640,T009,201,0,mapped,-23.088477441575407,17.52747809447702,-4.802614347622493,1,0.0,0.0,interior
T094,L,2641,T009,202,0,mapped,-22.99709204759141,17.27034403569753,-3.928113402444122,1,0.0,0.0,interior
T094,L,2642,T009,203,0,mapped,-22.77011127053573,16.792052381914594,-3.0978779898655135,1,0.0,0.0,interior
T094,L,2643,T009,204,0,mapped,-22.479013006893574,16.313749563974458,-2.344766510851674,2,1.010973743638762e-14,5.05486871819381e-15,shared_edge
T094,L,2644,T009,206,0,mapped,-26.536093789350943,21.762500222229683,-12.05774148717171,1,0.0,0.0,interior
T094,L,2645,T009,207,0,mapped,-26.50255009874467,21.185924198333005,-11.341229128449026,1,0.0,0.0,interior
T094,L,2646,T009,208,0,mapped,-26.237885350851258,20.575843744913456,-10.75209706927494,1,0.0,0.0,interior
T094,L,2647,T009,209,0,mapped,-25.876239319954216,20.04415544692836,-10.140447450035328,1,0.0,0.0,interior
T094,L,2648,T009,210,0,mapped,-25.428828980816142,19.504990641694345,-9.724144886098202,1,0.0,0.0,interior
T094,L,2649,T009,211,0,mapped,-24.904286221686235,19.031351626550496,-9.395746558993292,1,0.0,0.0,interior
T094,L,2650,T009,212,0,mapped,-24.38348800425883,18.521399298307735,-9.046665395483403,1,0.0,0.0,interior
T094,L,2651,T009,213,0,mapped,-23.92746498854752,18.01807004123627,-8.542395850801041,1,0.0,0.0,interior
T094,L,2652,T009,214,0,mapped,-23.617631267065974,17.77586423755155,-7.890888814282399,1,0.0,0.0,interior
T094,L,2653,T009,215,0,mapped,-23.55295356334259,17.498777227509382,-7.079295696804895,1,0.0,0.0,interior
T094,L,2654,T009,216,0,mapped,-23.49524159333079,17.32198500171246,-6.221742666366698,1,0.0,0.0,interior
T094,L,2655,T009,217,0,mapped,-23.455576544690132,17.17497158636014,-5.296305281259737,1,0.0,0.0,interior
T094,L,2656,T009,218,0,mapped,-23.476404723997994,16.883269109215966,-4.450062028805217,1,0.0,0.0,interior
T094,L,2657,T009,219,0,mapped,-23.37617237390662,16.45880509037906,-3.5752267154677946,2,7.122969777763861e-15,3.5614848888819304e-15,shared_edge
T094,L,2658,T009,221,0,mapped,-26.798788093258878,21.469131474165067,-12.852538104814197,1,0.0,0.0,interior
T094,L,2659,T009,222,0,mapped,-26.85720242729748,20.947946134017183,-12.046180890047374,1,0.0,0.0,interior
T094,L,2660,T009,223,0,mapped,-26.74444481309247,20.54220787131009,-11.349779423015322,1,0.0,0.0,interior
T094,L,2661,T009,224,0,mapped,-26.452208698908308,19.916201890897877,-10.67627776783411,1,0.0,0.0,interior
T094,L,2662,T009,225,0,mapped,-26.117292834502635,19.405935889066853,-10.11628964272093,1,0.0,0.0,interior
T094,L,2663,T009,226,0,mapped,-25.67656884949779,18.867571863599405,-9.6594657920325,1,0.0,0.0,interior
T094,L,2664,T009,227,0,mapped,-25.253477604201386,18.377562487547813,-9.368249147037105,1,0.0,0.0,interior
T094,L,2665,T009,228,0,mapped,-24.5810275619195,17.849719071083072,-8.797002820587625,1,0.0,0.0,interior
T094,L,2666,T009,229,0,mapped,-24.250054681445974,17.557827166376985,-8.390643136974155,1,0.0,0.0,interior
T094,L,2667,T009,230,0,mapped,-23.98906043314485,17.21865144393433,-7.565268277966167,1,0.0,0.0,interior
T094,L,2668,T009,231,0,mapped,-23.94818466657111,16.91892001575321,-6.866399647601003,1,0.0,0.0,interior
T094,L,2669,T009,232,0,mapped,-23.85403105733114,16.706145429189615,-5.915778803472075,1,0.0,0.0,interior
T094,L,2670,T009,233,0,mapped,-23.860134818721107,16.507922982301178,-5.025164047481237,2,8.152394204457378e-15,4.076197102228689e-15,shared_edge
T094,L,2671,T009,235,0,mapped,-26.942658465977473,21.141687509834718,-13.637558594081371,1,0.0,0.0,interior
T094,L,2672,T009,236,0,mapped,-27.133635309613787,20.615281059903737,-12.822359503006776,1,0.0,0.0,interior
T094,L,2673,T009,237,0,mapped,-27.085045469041383,20.107806736837567,-12.0557255928817,1,0.0,0.0,interior
T094,L,2674,T009,238,0,mapped,-26.953207353116277,19.69571479967137,-11.324871962581073,1,0.0,0.0,interior
T094,L,2675,T009,239,0,mapped,-26.7607571367432,19.35505840365966,-10.763989757575299,1,0.0,0.0,interior
T094,L,2676,T009,240,0,mapped,-26.42396934071138,18.730226056366657,-10.179218467595025,1,0.0,0.0,interior
T094,L,2677,T009,241,0,mapped,-25.98606669103512,18.230099010331276,-9.713686236105369,1,0.0,0.0,interior
T094,L,2678,T009,242,0,mapped,-25.427973495963876,17.739098933309013,-9.222764310846186,1,0.0,0.0,interior
T094,L,2679,T009,243,0,mapped,-24.87914373353116,17.282808305724032,-8.656730551936752,1,0.0,0.0,interior
T094,L,2680,T009,244,0,mapped,-24.52150906540505,16.944627750484717,-8.031876335614859,1,0.0,0.0,interior
T094,L,2681,T009,245,0,mapped,-24.321929189165267,16.715076256584343,-7.385459231247045,1,0.0,0.0,interior
T094,L,2682,T009,246,0,mapped,-24.249719654041016,16.291174705599214,-6.476977455383628,2,8.343678738167853e-15,4.171839369083926e-15,shared_edge
T094,L,2683,T009,248,0,mapped,-26.899488617307874,20.718791650948457,-14.340052519577892,1,0.0,0.0,interior
T094,L,2684,T009,249,0,mapped,-27.19200461211029,20.362805852811917,-13.674766403822037,1,0.0,0.0,interior
T094,L,2685,T009,250,0,mapped,-27.390187759988137,19.657489027917876,-12.806109845160087,1,0.0,0.0,interior
T094,L,2686,T009,251,0,mapped,-27.325218469365062,19.30836584804083,-12.03027911124945,1,0.0,0.0,interior
T094,L,2687,T009,252,0,mapped,-27.139492663901827,19.016065138378266,-11.375187446148827,1,0.0,0.0,interior
T094,L,2688,T009,253,0,mapped,-26.949798368903195,18.534092814228565,-10.702675258609236,1,0.0,0.0,interior
T094,L,2689,T009,254,0,mapped,-26.585937896882335,18.03433858968333,-10.210536558878983,1,0.0,0.0,interior
T094,L,2690,T009,255,0,mapped,-26.204867123983895,17.49021257223083,-9.711050876072166,1,0.0,0.0,interior
T094,L,2691,T009,256,0,mapped,-25.61043131333021,17.02668869323988,-9.114661720617232,1,0.0,0.0,interior
T094,L,2692,T009,257,0,mapped,-25.21619636804124,16.699395540818912,-8.582324294128968,1,0.0,0.0,interior
T094,L,2693,T009,258,0,mapped,-24.841798048663826,16.420129964256954,-7.896215559531395,2,1.2121276483828486e-14,6.060638241914243e-15,shared_edge
T094,L,2694,T009,260,0,mapped,-26.81526228576797,20.18232110961632,-15.136058217435332,1,0.0,0.0,interior
T094,L,2695,T009,261,0,mapped,-27.144681432438986,20.0532233023875,-14.446505793135117,1,0.0,0.0,interior
T094,L,2696,T009,262,0,mapped,-27.446307971582087,19.483020055337562,-13.599112343971472,1,0.0,0.0,interior
T094,L,2697,T009,263,0,mapped,-27.506147948510524,18.89411174025351,-12.730662920379029,1,0.0,0.0,interior
T094,L,2698,T009,264,0,mapped,-27.474757626550044,18.454659952887113,-12.025825970601943,1,0.0,0.0,interior
T094,L,2699,T009,265,0,mapped,-27.37073300792855,18.12334706956532,-11.447739697977779,1,0.0,0.0,interior
T094,L,2700,T009,266,0,mapped,-27.09104337720383,17.719047690233868,-10.781523157959269,1,0.0,0.0,interior
T094,L,2701,T009,267,0,mapped,-26.69035450755824,17.246299629197093,-10.189562604046586,1,0.0,0.0,interior
T094,L,2702,T009,268,0,mapped,-26.30342975784351,16.80447712941853,-9.686712795775186,1,0.0,0.0,interior
T094,L,2703,T009,269,0,mapped,-25.8188283611939,16.3776224819014,-9.048993690122566,2,3.66205343881779e-15,1.831026719408895e-15,shared_edge
T094,L,2704,T009,271,0,mapped,-26.674740598847784,19.707673870369167,-15.866204411103599,1,0.0,0.0,interior
T094,L,2705,T009,272,0,mapped,-27.08174866583567,19.47085455235638,-15.124385528382039,1,0.0,0.0,interior
T094,L,2706,T009,273,0,mapped,-27.401610925973905,19.322554058959696,-14.267620513430444,1,0.0,0.0,interior
T094,L,2707,T009,274,0,mapped,-27.58741170670634,18.64360266460737,-13.372840957539628,1,0.0,0.0,interior
T094,L,2708,T009,275,0,mapped,-27.606681606081608,18.07052170006875,-12.685212695237675,1,0.0,0.0,interior
T094,L,2709,T009,276,0,mapped,-27.550677432945385,17.585726038393105,-12.068205264379046,1,0.0,0.0,interior
T094,L,2710,T009,277,0,mapped,-27.45772030948101,17.233809875387024,-11.430910103116435,1,0.0,0.0,interior
T094,L,2711,T009,278,0,mapped,-27.185497615360987,16.742286651656844,-10.867585285649975,1,0.0,0.0,interior
T094,L,2712,T009,279,0,mapped,-26.79404802679062,16.314127748419658,-10.216396026808685,2,0.0,0.0,shared_edge
T094,L,2713,T009,281,0,mapped,-26.61410475387904,19.20628258436984,-16.617726165284786,1,0.0,0.0,interior
T094,L,2714,T009,282,0,mapped,-27.00442263849868,18.938113062089805,-15.905937068852472,1,0.0,0.0,interior
T094,L,2715,T009,283,0,mapped,-27.33203284777212,18.70226078113931,-15.071653791949307,1,0.0,0.0,interior
T094,L,2716,T009,284,0,mapped,-27.555320883729188,18.162168647173186,-14.249494366516355,1,0.0,0.0,interior
T094,L,2717,T009,285,0,mapped,-27.651252577028835,17.72245550567585,-13.502730524705676,1,0.0,0.0,interior
T094,L,2718,T009,286,0,mapped,-27.659040305644268,17.259819478238352,-12.853487796006437,1,0.0,0.0,interior
T094,L,2719,T009,287,0,mapped,-27.638487274365268,16.76281257066343,-12.203441097951437,1,0.0,0.0,interior
T094,L,2720,T009,288,0,mapped,-27.488909213188457,16.246880771222237,-11.561462815532142,2,1.7763568394002505e-15,8.881784197001252e-16,shared_edge
T094,L,2721,T009,290,0,mapped,-26.54955589807392,18.794493401826614,-17.376124104736974,1,0.0,0.0,interior
T094,L,2722,T009,291,0,mapped,-26.88740118780381,18.494588814559247,-16.721030696837353,1,0.0,0.0,interior
T094,L,2723,T009,292,0,mapped,-27.227880046370785,18.228540066583204,-15.88357104750655,1,0.0,0.0,interior
T094,L,2724,T009,293,0,mapped,-27.495085318896265,17.711732267651495,-15.055536781525023,1,0.0,0.0,interior
T094,L,2725,T009,294,0,mapped,-27.586244436673674,17.1377844732971,-14.385356921323508,1,0.0,0.0,interior
T094,L,2726,T009,295,0,mapped,-27.66312266313701,16.796832477980455,-13.754918820758073,1,0.0,0.0,interior
T094,L,2727,T009,296,0,mapped,-27.695018729163635,16.145670930265734,-13.059627059173009,2,8.881784197001252e-16,4.440892098500626e-16,shared_edge
T094,L,2728,T009,298,0,mapped,-26.37580856680458,18.48662433086984,-18.224636894623764,1,0.0,0.0,interior
T094,L,2729,T009,299,0,mapped,-26.830073918921897,18.03438630045149,-17.460836815634252,1,0.0,0.0,interior
T094,L,2730,T009,300,0,mapped,-27.13166944088583,17.698548996502314,-16.736495779750218,1,0.0,0.0,interior
T094,L,2731,T009,301,0,mapped,-27.355229224448813,17.23648864385126,-15.929809625683927,1,0.0,0.0,interior
T094,L,2732,T009,302,0,mapped,-27.489234406190945,16.78133440103027,-15.275753208611567,1,0.0,0.0,interior
T094,L,2733,T009,303,0,mapped,-27.552419365307394,16.21789860664848,-14.605330418216486,2,7.944109290391274e-15,3.972054645195637e-15,shared_edge
T094,L,2734,T009,305,0,mapped,-26.180845988882183,18.14312314040294,-19.06782883794811,1,0.0,0.0,interior
T094,L,2735,T009,306,0,mapped,-26.69351461163061,17.709034975509663,-18.216124705054053,1,0.0,0.0,interior
T094,L,2736,T009,307,0,mapped,-26.989074356638298,17.233341356693565,-17.582559814586595,1,0.0,0.0,interior
T094,L,2737,T009,308,0,mapped,-27.221897579648136,16.772150787320268,-16.849320905011517,1,0.0,0.0,interior
T094,L,2738,T009,309,0,mapped,-27.358184676515116,16.285355638973588,-16.145600940558523,2,7.944109290391274e-15,3.972054645195637e-15,shared_edge
T094,L,2739,T009,311,0,mapped,-25.96484490832546,17.78568976106664,-19.86254647622847,1,0.0,0.0,interior
T094,L,2740,T009,312,0,mapped,-26.42377574420542,17.34662825369919,-19.246529161337794,1,0.0,0.0,interior
T094,L,2741,T009,313,0,mapped,-26.79046712961658,16.76496845360328,-18.494039706408124,1,0.0,0.0,interior
T094,L,2742,T009,314,0,mapped,-27.044240250254013,16.341355926357622,-17.66602781798012,2,8.881784197001252e-15,4.440892098500626e-15,shared_edge
T094,L,2743,T009,316,0,mapped,-25.733273707399427,17.322352231642213,-20.648797457273453,1,0.0,0.0,interior
T094,L,2744,T009,317,0,mapped,-26.140514374732362,16.880931903102613,-20.01433752041351,1,0.0,0.0,interior
T094,L,2745,T009,318,0,mapped,-26.556625701544284,16.379479524259438,-19.134718780512998,2,7.32410687763558e-15,3.66205343881779e-15,shared_edge
T094,L,2746,T009,320,0,mapped,-25.515049265498426,16.874540537508935,-21.307377813196545,1,0.0,0.0,interior
T094,L,2747,T009,321,0,mapped,-25.92397528458016,16.402191142400152,-20.551381792757557,2,1.637720085286689e-14,8.188600426433445e-15,shared_edge
T094,L,2748,T009,323,0,mapped,-25.307475945351214,16.426747241780426,-21.97618169714738,2,3.552713678800501e-15,1.7763568394002505e-15,shared_edge
T094,L,2749,T010,26,0,mapped,-18.827878687967594,21.565942501937315,-8.454186288473217,1,0.0,0.0,interior
T094,L,2750,T010,27,0,mapped,-18.600918136124626,21.244106168518062,-8.013499467468872,1,0.0,0.0,interior
T094,L,2751,T010,28,0,mapped,-18.298672686897483,21.112922183049402,-7.363643595763687,1,0.0,0.0,interior
T094,L,2752,T010,29,0,mapped,-18.092737603520305,21.071822873745372,-6.616925878608519,1,0.0,0.0,interior
T094,L,2753,T010,30,0,mapped,-17.9268863941087,21.084595243867792,-5.956188901850185,1,0.0,0.0,interior
T094,L,2754,T010,31,0,mapped,-17.67485732649704,21.08832551690382,-5.230582548673707,1,0.0,0.0,interior
T094,L,2755,T010,32,0,mapped,-17.26901749409931,20.9968477353021,-4.594302132865609,1,0.0,0.0,interior
T094,L,2756,T010,33,0,mapped,-16.944664566286896,20.752835665314787,-4.1141732998626335,1,0.0,0.0,interior
T094,L,2757,T010,34,0,mapped,-16.596890883245905,20.31302751596876,-3.555841601531365,1,0.0,0.0,interior
T094,L,2758,T010,35,0,mapped,-16.192713788741074,19.905843701601636,-3.1483524432463583,1,0.0,0.0,interior
T094,L,2759,T010,36,0,mapped,-15.70111406966347,19.479689724757712,-2.7273658799538825,1,0.0,0.0,interior
T094,L,2760,T010,37,0,mapped,-15.24563914247273,19.02755200772675,-2.34940205427503,1,0.0,0.0,interior
T094,L,2761,T010,38,0,mapped,-14.834740583252014,18.644397224169662,-1.9495070614678096,1,0.0,0.0,interior
T094,L,2762,T010,39,0,mapped,-14.34214598628703,18.274436865852564,-1.4918568072769383,1,0.0,0.0,interior
T094,L,2763,T010,40,0,mapped,-13.866198650493015,18.00024038063332,-1.02930923237965,1,0.0,0.0,interior
T094,L,2764,T010,41,0,mapped,-13.429361796452591,17.63057799369513,-0.5322105942992504,1,0.0,0.0,interior
T094,L,2765,T010,42,0,mapped,-12.96065675419179,17.306241847063593,-0.06447187416971703,1,0.0,0.0,interior
T094,L,2766,T010,43,0,mapped,-12.523962201808978,16.88940008796264,0.2807001867764798,1,0.0,0.0,interior
T094,L,2767,T010,44,0,mapped,-12.049463407011622,16.457562558713317,0.4684809542274711,1,0.0,0.0,interior
T094,L,2768,T010,45,0,mapped,-11.42361608108167,16.000771944611067,0.6406555541303411,1,0.0,0.0,interior
T094,L,2769,T010,46,0,mapped,-10.729719640217764,15.68669965340457,0.7874657368680067,1,0.0,0.0,interior
T094,L,2770,T010,47,0,mapped,-10.117392310938076,15.498738937737034,0.8172521673764329,1,0.0,0.0,interior
T094,L,2771,T010,48,0,mapped,-9.293582156928986,15.331457434618336,0.9040717499769796,2,2.7465400791133427e-15,1.3732700395566713e-15,shared_edge
T094,L,2772,T010,50,0,mapped,-18.51923761060904,21.357431519301446,-8.191033462906804,1,0.0,0.0,interior
T094,L,2773,T010,51,0,mapped,-18.22068330249255,21.165662070382606,-7.632495542859872,1,0.0,0.0,interior
T094,L,2774,T010,52,0,mapped,-17.931583940334647,21.12415379023728,-6.817234118212174,1,0.0,0.0,interior
T094,L,2775,T010,53,0,mapped,-17.8455514454397,21.144168162457646,-6.177778019719916,1,0.0,0.0,interior
T094,L,2776,T010,54,0,mapped,-17.52819552983278,21.22035392975899,-5.54323063611688,1,0.0,0.0,interior
T094,L,2777,T010,55,0,mapped,-17.249106245143913,21.141505339687527,-4.8699885719714135,1,0.0,0.0,interior
T094,L,2778,T010,56,0,mapped,-16.892468968660722,20.970387374825034,-4.314832603000032,1,0.0,0.0,interior
T094,L,2779,T010,57,0,mapped,-16.54618944855781,20.656734813208264,-3.8414903926238657,1,0.0,0.0,interior
T094,L,2780,T010,58,0,mapped,-16.149288590859786,20.17841121852435,-3.318688364290051,1,0.0,0.0,interior
T094,L,2781,T010,59,0,mapped,-15.751011733689163,19.74553312374116,-2.8956230630950466,1,0.0,0.0,interior
T094,L,2782,T010,60,0,mapped,-15.265697520581945,19.35627508943495,-2.4818645196729063,1,0.0,0.0,interior
T094,L,2783,T010,61,0,mapped,-14.80736256275965,19.073666948078237,-2.1895646501093884,1,0.0,0.0,interior
T094,L,2784,T010,62,0,mapped,-14.344103932897188,18.686849115462053,-1.694394612415626,1,0.0,0.0,interior
T094,L,2785,T010,63,0,mapped,-13.94098377134926,18.329478748229132,-1.2031608029639198,1,0.0,0.0,interior
T094,L,2786,T010,64,0,mapped,-13.455958166733044,18.096585674986894,-0.7071805146067366,1,0.0,0.0,interior
T094,L,2787,T010,65,0,mapped,-13.061561193827181,17.682877848068824,-0.21373744449699933,1,0.0,0.0,interior
T094,L,2788,T010,66,0,mapped,-12.582350190611137,17.292086618220086,0.23280625474477748,1,0.0,0.0,interior
T094,L,2789,T010,67,0,mapped,-12.201840483425855,16.86687819402255,0.4501474237772431,1,0.0,0.0,interior
T094,L,2790,T010,68,0,mapped,-11.622673327704856,16.360019999113877,0.6775018150516523,1,0.0,0.0,interior
T094,L,2791,T010,69,0,mapped,-10.914372795145105,16.041877103810606,0.87646390668346,1,0.0,0.0,interior
T094,L,2792,T010,70,0,mapped,-10.219458930378579,15.821723915571155,0.9796268574684242,1,0.0,0.0,interior
T094,L,2793,T010,71,0,mapped,-9.530905067520926,15.630436865764345,1.0222371343624155,2,1.7763568394002505e-15,8.881784197001252e-16,shared_edge
T094,L,2794,T010,73,0,mapped,-18.151284550756237,21.258179653657095,-7.932128585666449,1,0.0,0.0,interior
T094,L,2795,T010,74,0,mapped,-17.83796748268946,21.16267606199537,-7.140758602898672,1,0.0,0.0,interior
T094,L,2796,T010,75,0,mapped,-17.74674053692133,21.182350225702205,-6.563471103536354,1,0.0,0.0,interior
T094,L,2797,T010,76,0,mapped,-17.431224721073967,21.29988946728127,-5.933499316921659,1,0.0,0.0,interior
T094,L,2798,T010,77,0,mapped,-17.20076127859872,21.30520598620951,-5.229741220890878,1,0.0,0.0,interior
T094,L,2799,T010,78,0,mapped,-16.836996824985036,21.21461512333099,-4.624966270789589,1,0.0,0.0,interior
T094,L,2800,T010,79,0,mapped,-16.54165277933636,20.955874338809778,-4.147403137824453,1,0.0,0.0,interior
T094,L,2801,T010,80,0,mapped,-16.21489708236264,20.518415684962267,-3.578411503683903,1,0.0,0.0,interior
T094,L,2802,T010,81,0,mapped,-15.704058416681146,20.135065939687372,-3.1350910340935148,1,0.0,0.0,interior
T094,L,2803,T010,82,0,mapped,-15.2339746737504,19.765071784019767,-2.6733337507318895,1,0.0,0.0,interior
T094,L,2804,T010,83,0,mapped,-14.866213168029624,19.29973965051823,-2.3344194747474294,1,0.0,0.0,interior
T094,L,2805,T010,84,0,mapped,-14.363643206565067,19.05372851564915,-1.9485224164700314,1,0.0,0.0,interior
T094,L,2806,T010,85,0,mapped,-13.9301128925323,18.69429257487445,-1.3831843070507446,1,0.0,0.0,interior
T094,L,2807,T010,86,0,mapped,-13.434133673671996,18.450210468535897,-0.8247421242081544,1,0.0,0.0,interior
T094,L,2808,T010,87,0,mapped,-13.114069824088027,18.107614068949893,-0.38568861049304715,1,0.0,0.0,interior
T094,L,2809,T010,88,0,mapped,-12.712499156000474,17.6556957836975,0.10059768711591477,1,0.0,0.0,interior
T094,L,2810,T010,89,0,mapped,-12.26151854208711,17.280238024184268,0.47986891015761174,1,0.0,0.0,interior
T094,L,2811,T010,90,0,mapped,-11.833274859826489,16.853336009552162,0.7147596635852786,1,0.0,0.0,interior
T094,L,2812,T010,91,0,mapped,-11.148408806656235,16.387756265900183,0.9284037706531626,1,0.0,0.0,interior
T094,L,2813,T010,92,0,mapped,-10.517407067857576,16.23183137431861,1.1092682252140225,1,0.0,0.0,interior
T094,L,2814,T010,93,0,mapped,-9.760024783797029,15.918107401467708,1.1375367048311371,2,0.0,0.0,shared_edge
T094,L,2815,T010,95,0,mapped,-17.795320215623477,21.208542010720944,-7.466204630559054,1,0.0,0.0,interior
T094,L,2816,T010,96,0,mapped,-17.576934754733422,21.21845694576792,-6.861875032860286,1,0.0,0.0,interior
T094,L,2817,T010,97,0,mapped,-17.391153323706725,21.319128445744944,-6.19050259236729,1,0.0,0.0,interior
T094,L,2818,T010,98,0,mapped,-17.04367676900922,21.427297485169326,-5.538813505358424,1,0.0,0.0,interior
T094,L,2819,T010,99,0,mapped,-16.785876703734246,21.39014408588524,-4.896974663194892,1,0.0,0.0,interior
T094,L,2820,T010,100,0,mapped,-16.491697889045994,21.146778819499755,-4.3491221180018815,1,0.0,0.0,interior
T094,L,2821,T010,101,0,mapped,-16.124475313173214,20.874366742689062,-3.856047461513957,1,0.0,0.0,interior
T094,L,2822,T010,102,0,mapped,-15.740753754002794,20.390889139565505,-3.3253353812258344,1,0.0,0.0,interior
T094,L,2823,T010,103,0,mapped,-15.321602422933822,19.984220987286395,-2.8834400324129557,1,0.0,0.0,interior
T094,L,2824,T010,104,0,mapped,-14.818612824496803,19.630205707149933,-2.469209468955571,1,0.0,0.0,interior
T094,L,2825,T010,105,0,mapped,-14.479850271748315,19.329787910450236,-2.1414008805609623,1,0.0,0.0,interior
T094,L,2826,T010,106,0,mapped,-13.95353784327436,19.075038220693244,-1.6447617087024122,1,0.0,0.0,interior
T094,L,2827,T010,107,0,mapped,-13.508070129846732,18.799327887694588,-1.0449148612693866,1,0.0,0.0,interior
T094,L,2828,T010,108,0,mapped,-13.122480731429457,18.596425406081355,-0.5202381116016573,1,0.0,0.0,interior
T094,L,2829,T010,109,0,mapped,-12.74426918151836,18.079287464315506,0.004443406292931884,1,0.0,0.0,interior
T094,L,2830,T010,110,0,mapped,-12.316418060912763,17.618840075787897,0.44825098449587486,1,0.0,0.0,interior
T094,L,2831,T010,111,0,mapped,-11.926818933075685,17.25937815983685,0.7228329241654395,1,0.0,0.0,interior
T094,L,2832,T010,112,0,mapped,-11.30608982145088,16.858493574172687,1.040670271535462,1,0.0,0.0,interior
T094,L,2833,T010,113,0,mapped,-10.658677360654323,16.45554774270681,1.1735063898439713,1,0.0,0.0,interior
T094,L,2834,T010,114,0,mapped,-9.95356607583112,16.228314964856175,1.3157524287366247,2,6.4047456679787536e-15,3.2023728339893768e-15,shared_edge
T094,L,2835,T010,116,0,mapped,-17.44616035329548,21.25081744485807,-7.130262473984391,1,0.0,0.0,interior
T094,L,2836,T010,117,0,mapped,-17.25783479592225,21.33694007066299,-6.49076465485198,1,0.0,0.0,interior
T094,L,2837,T010,118,0,mapped,-16.881832285049807,21.531732507082978,-5.832503407721333,1,0.0,0.0,interior
T094,L,2838,T010,119,0,mapped,-16.711563526022264,21.535142499722163,-5.2098328755567,1,0.0,0.0,interior
T094,L,2839,T010,120,0,mapped,-16.471976735819766,21.317072406913752,-4.548671797057224,1,0.0,0.0,interior
T094,L,2840,T010,121,0,mapped,-16.079059525570482,21.088325379338343,-4.071433508288588,1,0.0,0.0,interior
T094,L,2841,T010,122,0,mapped,-15.632821728836431,20.696861147129667,-3.5126362570256675,1,0.0,0.0,interior
T094,L,2842,T010,123,0,mapped,-15.293496459355612,20.22953749967265,-3.0802157279473925,1,0.0,0.0,interior
T094,L,2843,T010,124,0,mapped,-14.81966647927554,19.958442213298234,-2.667346758860653,1,0.0,0.0,interior
T094,L,2844,T010,125,0,mapped,-14.462591004570529,19.660150825035664,-2.2882044378583957,1,0.0,0.0,interior
T094,L,2845,T010,126,0,mapped,-14.024773886434957,19.38120115886952,-1.8426944745663953,1,0.0,0.0,interior
T094,L,2846,T010,127,0,mapped,-13.505552506442287,19.20484976341239,-1.220015362927251,1,0.0,0.0,interior
T094,L,2847,T010,128,0,mapped,-13.145779334613357,18.806954756101625,-0.6233206155862431,1,0.0,0.0,interior
T094,L,2848,T010,129,0,mapped,-12.825565080701468,18.484323326938288,-0.1379137098282863,1,0.0,0.0,interior
T094,L,2849,T010,130,0,mapped,-12.321703544707148,18.04811863588719,0.36221982425926424,1,0.0,0.0,interior
T094,L,2850,T010,131,0,mapped,-12.000238515973463,17.669621661423335,0.688629435700197,1,0.0,0.0,interior
T094,L,2851,T010,132,0,mapped,-11.494700327004043,17.235499133302216,1.0585072041658727,1,0.0,0.0,interior
T094,L,2852,T010,133,0,mapped,-10.869999542949065,16.837742185932036,1.3079452241960592,1,0.0,0.0,interior
T094,L,2853,T010,134,0,mapped,-10.169628764472016,16.555325757413872,1.4944064426410244,2,3.552713678800501e-15,1.7763568394002505e-15,shared_edge
T094,L,2854,T010,136,0,mapped,-17.12096320143961,21.350326910765318,-6.801406399155651,1,0.0,0.0,interior
T094,L,2855,T010,137,0,mapped,-16.74039072377412,21.578645778485075,-6.152362121776051,1,0.0,0.0,interior
T094,L,2856,T010,138,0,mapped,-16.65279714225456,21.636328810020178,-5.587069140377149,1,0.0,0.0,interior
T094,L,2857,T010,139,0,mapped,-16.337073849396685,21.596375719197866,-4.879744870642362,1,0.0,0.0,interior
T094,L,2858,T010,140,0,mapped,-16.020769264973005,21.293483751517957,-4.304147247106617,1,0.0,0.0,interior
T094,L,2859,T010,141,0,mapped,-15.689179574635748,21.032964123796578,-3.8158068868426813,1,0.0,0.0,interior
T094,L,2860,T010,142,0,mapped,-15.26440913313076,20.598613771328647,-3.305764334399388,1,0.0,0.0,interior
T094,L,2861,T010,143,0,mapped,-14.832728875973588,20.28557517694818,-2.8253768541186375,1,0.0,0.0,interior
T094,L,2862,T010,144,0,mapped,-14.397439750221654,19.958663369031857,-2.4616761709889814,1,0.0,0.0,interior
T094,L,2863,T010,145,0,mapped,-13.96468998191044,19.723366058018698,-2.007155865689817,1,0.0,0.0,interior
T094,L,2864,T010,146,0,mapped,-13.541564797570642,19.54743838025633,-1.4974685450096585,1,0.0,0.0,interior
T094,L,2865,T010,147,0,mapped,-13.18674059518494,19.26593357162773,-0.8768656809659655,1,0.0,0.0,interior
T094,L,2866,T010,148,0,mapped,-12.85716428123745,18.909413880546456,-0.27778737308767115,1,0.0,0.0,interior
T094,L,2867,T010,149,0,mapped,-12.450838465368506,18.480861280180644,0.19280625982535948,1,0.0,0.0,interior
T094,L,2868,T010,150,0,mapped,-12.033785392375538,18.115121598817588,0.6559582944067262,1,0.0,0.0,interior
T094,L,2869,T010,151,0,mapped,-11.592011289803013,17.598590018655724,1.0807462795723117,1,0.0,0.0,interior
T094,L,2870,T010,152,0,mapped,-11.02828893495894,17.266776821327465,1.4485217793190939,1,0.0,0.0,interior
T094,L,2871,T010,153,0,mapped,-10.37558186624706,16.89972642662049,1.6375565069496616,2,0.0,0.0,shared_edge
T094,L,2872,T010,155,0,mapped,-16.771515686285078,21.500526939212783,-6.540407059634394,1,0.0,0.0,interior
T094,L,2873,T010,156,0,mapped,-16.48435111682401,21.72908289754199,-5.894066126914674,1,0.0,0.0,interior
T094,L,2874,T010,157,0,mapped,-16.272139146900667,21.78333469611969,-5.221032283535186,1,0.0,0.0,interior
T094,L,2875,T010,158,0,mapped,-15.869114301096387,21.608784890928067,-4.596348473121407,1,0.0,0.0,interior
T094,L,2876,T010,159,0,mapped,-15.587038563052733,21.31671410543423,-4.01319656858445,1,0.0,0.0,interior
T094,L,2877,T010,160,0,mapped,-15.167110411654427,20.897515823988606,-3.4721167519751517,1,0.0,0.0,interior
T094,L,2878,T010,161,0,mapped,-14.885466231349415,20.5890276653642,-3.068109898168556,1,0.0,0.0,interior
T094,L,2879,T010,162,0,mapped,-14.398503230193128,20.30249424070647,-2.6284384016090367,1,0.0,0.0,interior
T094,L,2880,T010,163,0,mapped,-13.967735901642847,20.016566432126833,-2.17335913630916,1,0.0,0.0,interior
T094,L,2881,T010,164,0,mapped,-13.512849704046207,19.79770970815645,-1.628740817988262,1,0.0,0.0,interior
T094,L,2882,T010,165,0,mapped,-13.167261939077699,19.59674538193689,-1.047482486095788,1,0.0,0.0,interior
T094,L,2883,T010,166,0,mapped,-12.838207366218827,19.280998791771,-0.424339802550706,1,0.0,0.0,interior
T094,L,2884,T010,167,0,mapped,-12.484279723589966,18.950945653154662,0.09031651057210797,1,0.0,0.0,interior
T094,L,2885,T010,168,0,mapped,-12.025957391311943,18.484992067979363,0.6366749381127371,1,0.0,0.0,interior
T094,L,2886,T010,169,0,mapped,-11.637518488745496,18.01637175954654,1.0926800223696866,1,0.0,0.0,interior
T094,L,2887,T010,170,0,mapped,-11.18476585814847,17.64974293473435,1.4704409284981426,1,0.0,0.0,interior
T094,L,2888,T010,171,0,mapped,-10.496208906311326,17.280678602712197,1.8278672335164605,2,8.702335715267317e-15,4.3511678576336575e-15,shared_edge
T094,L,2889,T010,173,0,mapped,-16.39847663095655,21.716644141843336,-6.256578094116682,1,0.0,0.0,interior
T094,L,2890,T010,174,0,mapped,-16.249722304870183,21.84780455506466,-5.610650406492693,1,0.0,0.0,interior
T094,L,2891,T010,175,0,mapped,-15.843987485667368,21.862502187644605,-4.881686321612147,1,0.0,0.0,interior
T094,L,2892,T010,176,0,mapped,-15.555886715270717,21.514798847915436,-4.245765671358928,1,0.0,0.0,interior
T094,L,2893,T010,177,0,mapped,-15.192322754167598,21.182085764496087,-3.7233618402374686,1,0.0,0.0,interior
T094,L,2894,T010,178,0,mapped,-14.797381886925919,20.913052823595134,-3.2212452207318427,1,0.0,0.0,interior
T094,L,2895,T010,179,0,mapped,-14.36682005031921,20.63040774215775,-2.7921301178999824,1,0.0,0.0,interior
T094,L,2896,T010,180,0,mapped,-13.969946326155434,20.342360970083053,-2.3398113817987563,1,0.0,0.0,interior
T094,L,2897,T010,181,0,mapped,-13.584038502481363,20.177093963252986,-1.8863823145511884,1,0.0,0.0,interior
T094,L,2898,T010,182,0,mapped,-13.179393887248239,19.88481538870754,-1.2744238374508383,1,0.0,0.0,interior
T094,L,2899,T010,183,0,mapped,-12.874323052569373,19.615833945772792,-0.6437905391867954,1,0.0,0.0,interior
T094,L,2900,T010,184,0,mapped,-12.552245140429259,19.37673638723318,-0.13617158255115938,1,0.0,0.0,interior
T094,L,2901,T010,185,0,mapped,-12.091246491241197,18.885763859595965,0.5201087245186775,1,0.0,0.0,interior
T094,L,2902,T010,186,0,mapped,-11.765574036197208,18.501490322285488,0.9713740814869192,1,0.0,0.0,interior
T094,L,2903,T010,187,0,mapped,-11.295428356402736,18.019972960007376,1.455839601845536,1,0.0,0.0,interior
T094,L,2904,T010,188,0,mapped,-10.736377013119068,17.651647482981033,1.8787690381215354,2,6.936895214610187e-15,3.4684476073050936e-15,shared_edge
T094,L,2905,T010,190,0,mapped,-16.1237444844568,21.890540222828548,-5.891727259504803,1,0.0,0.0,interior
T094,L,2906,T010,191,0,mapped,-15.90187475138764,22.002157616608624,-5.281518731408856,1,0.0,0.0,interior
T094,L,2907,T010,192,0,mapped,-15.490999083146233,21.857724434697833,-4.590657955654783,1,0.0,0.0,interior
T094,L,2908,T010,193,0,mapped,-15.154606784086518,21.498939243252465,-3.9778477164259023,1,0.0,0.0,interior
T094,L,2909,T010,194,0,mapped,-14.783322578268557,21.24095708037191,-3.464245358012097,1,0.0,0.0,interior
T094,L,2910,T010,195,0,mapped,-14.407295076283765,20.900509230516985,-2.977783527535712,1,0.0,0.0,interior
T094,L,2911,T010,196,0,mapped,-13.937527091995575,20.653004400814737,-2.534244188538648,1,0.0,0.0,interior
T094,L,2912,T010,197,0,mapped,-13.585794008292009,20.47702057720942,-2.0916221394249104,1,0.0,0.0,interior
T094,L,2913,T010,198,0,mapped,-13.203498039427386,20.29398336922317,-1.5744263881723835,1,0.0,0.0,interior
T094,L,2914,T010,199,0,mapped,-12.865121057705359,19.912743534888314,-0.8611212047840344,1,0.0,0.0,interior
T094,L,2915,T010,200,0,mapped,-12.557305009980332,19.65370110970995,-0.26424641813643046,1,0.0,0.0,interior
T094,L,2916,T010,201,0,mapped,-12.119653004002638,19.36558060376277,0.3365973114702451,1,0.0,0.0,interior
T094,L,2917,T010,202,0,mapped,-11.784298873842285,18.939830583747167,0.8631271449891945,1,0.0,0.0,interior
T094,L,2918,T010,203,0,mapped,-11.307598403686367,18.47882823323589,1.4464811987317916,1,0.0,0.0,interior
T094,L,2919,T010,204,0,mapped,-10.909438179094813,18.050160175805562,1.8131978807952045,2,0.0,0.0,shared_edge
T094,L,2920,T010,206,0,mapped,-15.71829479792242,22.144103298224703,-5.6525204859982034,1,0.0,0.0,interior
T094,L,2921,T010,207,0,mapped,-15.466399014881938,22.14036540781013,-4.941509717756279,1,0.0,0.0,interior
T094,L,2922,T010,208,0,mapped,-15.105539674931734,21.845639340825766,-4.26057841885963,1,0.0,0.0,interior
T094,L,2923,T010,209,0,mapped,-14.753524864275164,21.545406513908958,-3.6978881509306634,1,0.0,0.0,interior
T094,L,2924,T010,210,0,mapped,-14.384817222526753,21.273471779509286,-3.1813225536174974,1,0.0,0.0,interior
T094,L,2925,T010,211,0,mapped,-13.92611953315563,20.91384258532025,-2.687000964340447,1,0.0,0.0,interior
T094,L,2926,T010,212,0,mapped,-13.570905275732155,20.728216087148848,-2.250044014556292,1,0.0,0.0,interior
T094,L,2927,T010,213,0,mapped,-13.139164724874298,20.519113428007707,-1.6447786278908154,1,0.0,0.0,interior
T094,L,2928,T010,214,0,mapped,-12.846568579069332,20.289986061834767,-1.0621782909894664,1,0.0,0.0,interior
T094,L,2929,T010,215,0,mapped,-12.479152175023655,20.030650437559498,-0.4057429967931362,1,0.0,0.0,interior
T094,L,2930,T010,216,0,mapped,-12.188967249637303,19.7746288311129,0.10666762068834296,1,0.0,0.0,interior
T094,L,2931,T010,217,0,mapped,-11.763054804748435,19.346721885576127,0.7628072374313339,1,0.0,0.0,interior
T094,L,2932,T010,218,0,mapped,-11.289590284755077,18.923897070610483,1.3338406979803035,1,0.0,0.0,interior
T094,L,2933,T010,219,0,mapped,-10.860530776514304,18.4929737814283,1.7400416028561803,2,8.140289677804162e-15,4.070144838902081e-15,shared_edge
T094,L,2934,T010,221,0,mapped,-15.46310472247914,22.293967567590432,-5.302951831629533,1,0.0,0.0,interior
T094,L,2935,T010,222,0,mapped,-15.026603357413403,22.17735824501858,-4.580795165071458,1,0.0,0.0,interior
T094,L,2936,T010,223,0,mapped,-14.73934631191492,21.863996698562268,-3.99537728881909,1,0.0,0.0,interior
T094,L,2937,T010,224,0,mapped,-14.314266638798138,21.513960775557482,-3.350593579132414,1,0.0,0.0,interior
T094,L,2938,T010,225,0,mapped,-13.976664863512113,21.267862519816525,-2.9264510958823573,1,0.0,0.0,interior
T094,L,2939,T010,226,0,mapped,-13.519281291205742,20.994818206504707,-2.4009471805579743,1,0.0,0.0,interior
T094,L,2940,T010,227,0,mapped,-13.181508176986572,20.834228065689405,-1.9857332954137767,1,0.0,0.0,interior
T094,L,2941,T010,228,0,mapped,-12.76544759130968,20.62735764590584,-1.2114459879086608,1,0.0,0.0,interior
T094,L,2942,T010,229,0,mapped,-12.471639091540355,20.33192801398672,-0.5679789515693131,1,0.0,0.0,interior
T094,L,2943,T010,230,0,mapped,-12.168881623947325,19.976390148976492,0.026739456572380436,1,0.0,0.0,interior
T094,L,2944,T010,231,0,mapped,-11.74509245851649,19.785233725514704,0.6169465901463833,1,0.0,0.0,interior
T094,L,2945,T010,232,0,mapped,-11.286565058864479,19.354782217313065,1.2111452304553965,1,0.0,0.0,interior
T094,L,2946,T010,233,0,mapped,-10.788704387127751,18.922443479737353,1.6168400873797941,2,5.0438838401947385e-15,2.5219419200973697e-15,shared_edge
T094,L,2947,T010,235,0,mapped,-14.990836039553654,22.474390539924464,-5.0284629963943255,1,0.0,0.0,interior
T094,L,2948,T010,236,0,mapped,-14.596862484532698,22.22712444925687,-4.264472985449638,1,0.0,0.0,interior
T094,L,2949,T010,237,0,mapped,-14.204463722864999,21.88013075046096,-3.651059719279776,1,0.0,0.0,interior
T094,L,2950,T010,238,0,mapped,-14.007962312036229,21.50334061010874,-3.1258858840452235,1,0.0,0.0,interior
T094,L,2951,T010,239,0,mapped,-13.580473511247412,21.235076195002822,-2.635766879765845,1,0.0,0.0,interior
T094,L,2952,T010,240,0,mapped,-13.158191150763715,21.047198861239806,-2.161936072879787,1,0.0,0.0,interior
T094,L,2953,T010,241,0,mapped,-12.756346605879388,20.9119073051466,-1.4739229320694023,1,0.0,0.0,interior
T094,L,2954,T010,242,0,mapped,-12.494313321752454,20.615823380940032,-0.8245362772327028,1,0.0,0.0,interior
T094,L,2955,T010,243,0,mapped,-12.165841297007937,20.407733434790696,-0.20989538266598584,1,0.0,0.0,interior
T094,L,2956,T010,244,0,mapped,-11.756237491902747,20.07117081627079,0.37856173543851823,1,0.0,0.0,interior
T094,L,2957,T010,245,0,mapped,-11.261819548049468,19.816230718451923,0.9774389334971776,1,0.0,0.0,interior
T094,L,2958,T010,246,0,mapped,-10.702534200029508,19.31804991425089,1.4185718556027909,2,7.337557957613285e-15,3.6687789788066426e-15,shared_edge
T094,L,2959,T010,248,0,mapped,-14.608845433338642,22.538178360946972,-4.70363177199457,1,0.0,0.0,interior
T094,L,2960,T010,249,0,mapped,-14.222309050724803,22.225135067426674,-3.9871578403322383,1,0.0,0.0,interior
T094,L,2961,T010,250,0,mapped,-13.896070811928976,21.95422250063284,-3.452118301194066,1,0.0,0.0,interior
T094,L,2962,T010,251,0,mapped,-13.539365047991366,21.6036292398279,-2.8648896748466943,1,0.0,0.0,interior
T094,L,2963,T010,252,0,mapped,-13.150811012601086,21.36335825475371,-2.4031871619541563,1,0.0,0.0,interior
T094,L,2964,T010,253,0,mapped,-12.71232598567771,21.270029736290642,-1.853944494627341,1,0.0,0.0,interior
T094,L,2965,T010,254,0,mapped,-12.40949622639508,20.98619153899711,-1.0448220388246983,1,0.0,0.0,interior
T094,L,2966,T010,255,0,mapped,-12.155522688887679,20.76309473380688,-0.4267514389730964,1,0.0,0.0,interior
T094,L,2967,T010,256,0,mapped,-11.751934289851086,20.451228348396278,0.1777348441878932,1,0.0,0.0,interior
T094,L,2968,T010,257,0,mapped,-11.248118115587678,20.145379201012418,0.6880257870937841,1,0.0,0.0,interior
T094,L,2969,T010,258,0,mapped,-10.606300130253626,19.679442934922946,1.163225420797126,2,7.944109290391274e-15,3.972054645195637e-15,shared_edge
T094,L,2970,T010,260,0,mapped,-14.127223022349387,22.59099088772647,-4.328726168640603,1,0.0,0.0,interior
T094,L,2971,T010,261,0,mapped,-13.878964562687333,22.20452735987863,-3.683965353219231,1,0.0,0.0,interior
T094,L,2972,T010,262,0,mapped,-13.50257742735792,21.967067266365543,-3.1757773508325973,1,0.0,0.0,interior
T094,L,2973,T010,263,0,mapped,-13.12102223999169,21.595134517783336,-2.5835154619536054,1,0.0,0.0,interior
T094,L,2974,T010,264,0,mapped,-12.738207380876506,21.476347792765885,-2.0953743361389776,1,0.0,0.0,interior
T094,L,2975,T010,265,0,mapped,-12.376317356344071,21.32214603134464,-1.4101100235795139,1,0.0,0.0,interior
T094,L,2976,T010,266,0,mapped,-12.174652949345957,20.99665357387163,-0.6486026014020796,1,0.0,0.0,interior
T094,L,2977,T010,267,0,mapped,-11.754561061811243,20.784586429029883,-0.0379945095373672,1,0.0,0.0,interior
T094,L,2978,T010,268,0,mapped,-11.281537171315557,20.401640156303923,0.3233286583116105,1,0.0,0.0,interior
T094,L,2979,T010,269,0,mapped,-10.523807221565978,19.998570155002824,0.8533602764775083,2,7.32410687763558e-15,3.66205343881779e-15,shared_edge
T094,L,2980,T010,271,0,mapped,-13.815287488373917,22.544252900769695,-4.001077434384182,1,0.0,0.0,interior
T094,L,2981,T010,272,0,mapped,-13.476390154446323,22.229891890161937,-3.4067077303199595,1,0.0,0.0,interior
T094,L,2982,T010,273,0,mapped,-13.128854651657145,21.96309535116644,-2.9333888836305917,1,0.0,0.0,interior
T094,L,2983,T010,274,0,mapped,-12.68947538784316,21.824658366516907,-2.396500958296135,1,0.0,0.0,interior
T094,L,2984,T010,275,0,mapped,-12.393628380267295,21.569886975043108,-1.7016661813563072,1,0.0,0.0,interior
T094,L,2985,T010,276,0,mapped,-12.03081349901595,21.420263700717584,-0.9771717870738663,1,0.0,0.0,interior
T094,L,2986,T010,277,0,mapped,-11.776509833954814,21.161482152021634,-0.24995870440828516,1,0.0,0.0,interior
T094,L,2987,T010,278,0,mapped,-11.233060155281326,20.675233373704156,0.03356781083363206,1,0.0,0.0,interior
T094,L,2988,T010,279,0,mapped,-10.579488155072617,20.294563975126337,0.5290310360118532,2,3.972054645195637e-15,1.9860273225978185e-15,shared_edge
T094,L,2989,T010,281,0,mapped,-13.435555098168456,22.4750913299695,-3.6332922490456845,1,0.0,0.0,interior
T094,L,2990,T010,282,0,mapped,-13.067326518443464,22.214680792191828,-3.14590403424494,1,0.0,0.0,interior
T094,L,2991,T010,283,0,mapped,-12.699632496354521,21.98376456922272,-2.5876820812433277,1,0.0,0.0,interior
T094,L,2992,T010,284,0,mapped,-12.349282068809352,21.873298341080393,-2.016743128278901,1,0.0,0.0,interior
T094,L,2993,T010,285,0,mapped,-11.966445903052952,21.764939711004732,-1.2525097366701523,1,0.0,0.0,interior
T094,L,2994,T010,286,0,mapped,-11.77578996776097,21.52842305519578,-0.5837283907870219,1,0.0,0.0,interior
T094,L,2995,T010,287,0,mapped,-11.200224037798689,21.07902303207634,-0.09827751889085393,1,0.0,0.0,interior
T094,L,2996,T010,288,0,mapped,-10.697576795397225,20.540376282579064,0.22417557245848097,2,1.807312143953211e-15,9.036560719766057e-16,shared_edge
T094,L,2997,T010,290,0,mapped,-13.04602602672658,22.456428683842663,-3.3663087496990842,1,0.0,0.0,interior
T094,L,2998,T010,291,0,mapped,-12.593519907082776,22.333836572504534,-2.8890284979037264,1,0.0,0.0,interior
T094,L,2999,T010,292,0,mapped,-12.269851878073137,22.098395310625722,-2.2430815735546177,1,0.0,0.0,interior
T094,L,3000,T010,293,0,mapped,-11.919909864628348,22.040930902600632,-1.5608982999071717,1,0.0,0.0,interior
T094,L,3001,T010,294,0,mapped,-11.680832653620282,21.87896287729529,-0.8741018436508929,1,0.0,0.0,interior
T094,L,3002,T010,295,0,mapped,-11.229528754873888,21.476560717234182,-0.3532129759592501,1,0.0,0.0,interior
T094,L,3003,T010,296,0,mapped,-10.712853780157033,20.874564298275995,-0.06541080249533535,2,4.605753226070495e-15,2.3028766130352475e-15,shared_edge
T094,L,3004,T010,298,0,mapped,-12.586432502970991,22.60903193747608,-3.198388253884385,1,0.0,0.0,interior
T094,L,3005,T010,299,0,mapped,-12.239722432098311,22.3937643473165,-2.6013115795526063,1,0.0,0.0,interior
T094,L,3006,T010,300,0,mapped,-11.84448155574458,22.381132916579368,-1.9774347981569917,1,0.0,0.0,interior
T094,L,3007,T010,301,0,mapped,-11.617602083164444,22.291712640292488,-1.3661286250299323,1,0.0,0.0,interior
T094,L,3008,T010,302,0,mapped,-11.225436723400003,21.790195657822107,-0.6538954791324615,1,0.0,0.0,interior
T094,L,3009,T010,303,0,mapped,-10.706067279077981,21.139746162621616,-0.42258847954597406,2,0.0,0.0,shared_edge
T094,L,3010,T010,305,0,mapped,-12.130130822026425,22.7149304623638,-2.9070527291844233,1,0.0,0.0,interior
T094,L,3011,T010,306,0,mapped,-11.855696627782338,22.589586586846092,-2.3363484064668185,1,0.0,0.0,interior
T094,L,3012,T010,307,0,mapped,-11.498232331619098,22.549833937889048,-1.6093729163334287,1,0.0,0.0,interior
T094,L,3013,T010,308,0,mapped,-11.059327221575334,22.140273047896898,-0.9981872687800775,1,0.0,0.0,interior
T094,L,3014,T010,309,0,mapped,-10.59672265010298,21.391823377524002,-0.7796040662527058,2,9.992007221626409e-16,4.996003610813204e-16,shared_edge
T094,L,3015,T010,311,0,mapped,-11.789492716022133,22.771310037195526,-2.615333929200851,1,0.0,0.0,interior
T094,L,3016,T010,312,0,mapped,-11.379980930676597,22.77011723072325,-1.9007937353801312,1,0.0,0.0,interior
T094,L,3017,T010,313,0,mapped,-10.919597726026598,22.4810849069462,-1.303577449397883,1,0.0,0.0,interior
T094,L,3018,T010,314,0,mapped,-10.493422804941297,21.71289127983048,-1.0819022832168657,2,3.1563349657991457e-15,1.5781674828995729e-15,shared_edge
T094,L,3019,T010,316,0,mapped,-11.305974741288013,22.89846685212099,-2.3651111407604826,1,0.0,0.0,interior
T094,L,3020,T010,317,0,mapped,-10.860596167954437,22.784221380864228,-1.654015499495177,1,0.0,0.0,interior
T094,L,3021,T010,318,0,mapped,-10.38321001666274,22.045908246262037,-1.3661840389998487,2,0.0,0.0,shared_edge
T094,L,3022,T010,320,0,mapped,-10.802167945887188,22.973008343687344,-2.090519161528086,1,0.0,0.0,interior
T094,L,3023,T010,321,0,mapped,-10.278256208402993,22.374687048921555,-1.6562738632165372,2,8.530675149520015e-15,4.265337574760008e-15,shared_edge
T094,L,3024,T010,323,0,mapped,-10.266593813432,22.764583647183414,-1.8674664665594403,2,6.661338147750939e-16,3.3306690738754696e-16,shared_edge
T094,L,3025,T011,26,0,mapped,-25.585397556508127,15.840242002124697,-21.369788561561847,1,0.0,0.0,interior
T094,L,3026,T011,27,0,mapped,-26.2120434471326,15.768925378552044,-19.958473680193755,1,0.0,0.0,interior
T094,L,3027,T011,28,0,mapped,-26.74081401819928,15.663569318428223,-18.560595795278612,1,0.0,0.0,interior
T094,L,3028,T011,29,0,mapped,-27.140150895361565,15.777420465282432,-16.985293615360266,1,0.0,0.0,interior
T094,L,3029,T011,30,0,mapped,-27.348541823748413,15.650161680539501,-15.60658749371302,1,0.0,0.0,interior
T094,L,3030,T011,31,0,mapped,-27.591510507168948,15.577809211396218,-13.992740196956227,1,0.0,0.0,interior
T094,L,3031,T011,32,0,mapped,-27.613392216919003,15.66920881565677,-12.341346066332527,1,0.0,0.0,interior
T094,L,3032,T011,33,0,mapped,-27.230271208397014,15.614134491972688,-10.852087908795768,1,0.0,0.0,interior
T094,L,3033,T011,34,0,mapped,-26.460715302437798,15.743217737582487,-9.611146942760733,1,0.0,0.0,interior
T094,L,3034,T011,35,0,mapped,-25.556476749127185,15.678379547226537,-8.372557240236942,1,0.0,0.0,interior
T094,L,3035,T011,36,0,mapped,-24.819818064294758,15.688211978143531,-7.048782664974869,1,0.0,0.0,interior
T094,L,3036,T011,37,0,mapped,-24.416872132878716,15.74553903957404,-5.604121695813978,1,0.0,0.0,interior
T094,L,3037,T011,38,0,mapped,-23.94910740846337,15.793493591676501,-4.099732229459904,1,0.0,0.0,interior
T094,L,3038,T011,39,0,mapped,-23.172065384507775,15.704657978071804,-2.5244494868488427,1,0.0,0.0,interior
T094,L,3039,T011,40,0,mapped,-21.747808600030176,15.593550400433738,-1.657460603142449,1,0.0,0.0,interior
T094,L,3040,T011,41,0,mapped,-20.247191133359422,15.374880084857999,-1.3606280321106454,1,0.0,0.0,interior
T094,L,3041,T011,42,0,mapped,-18.540310500712536,15.13960081552824,-1.3014891994218023,1,0.0,0.0,interior
T094,L,3042,T011,43,0,mapped,-16.862725691400428,14.956993749107149,-1.2646806033971303,1,0.0,0.0,interior
T094,L,3043,T011,44,0,mapped,-15.498909112097962,14.662194798355127,-1.0652712597990466,1,0.0,0.0,interior
T094,L,3044,T011,45,0,mapped,-13.952368328854513,14.594856022111788,-0.5460588758895253,1,0.0,0.0,interior
T094,L,3045,T011,46,0,mapped,-12.275167502470445,14.2707714895447,-0.03334587554392046,1,0.0,0.0,interior
T094,L,3046,T011,47,0,mapped,-10.805851843374208,14.289249915347455,0.2530214119250759,1,0.0,0.0,interior
T094,L,3047,T011,48,0,mapped,-9.272497869576615,14.264240763536524,0.3568786125486753,2,3.923660740106592e-15,1.961830370053296e-15,shared_edge
T094,L,3048,T011,50,0,mapped,-25.821664082215747,15.259924585132797,-20.753157193055433,1,0.0,0.0,interior
T094,L,3049,T011,51,0,mapped,-26.38269555798685,15.107993513614819,-19.28550478651415,1,0.0,0.0,interior
T094,L,3050,T011,52,0,mapped,-26.82324519982791,15.087661424254797,-17.77421573609049,1,0.0,0.0,interior
T094,L,3051,T011,53,0,mapped,-27.087299013174736,15.12283563251718,-16.439640540086742,1,0.0,0.0,interior
T094,L,3052,T011,54,0,mapped,-27.382248974811283,15.050044916262788,-14.937783228215247,1,0.0,0.0,interior
T094,L,3053,T011,55,0,mapped,-27.594491389974266,15.052029692822757,-13.273600637882618,1,0.0,0.0,interior
T094,L,3054,T011,56,0,mapped,-27.49673470008363,15.219203717604955,-11.572071157720115,1,0.0,0.0,interior
T094,L,3055,T011,57,0,mapped,-26.961414811316246,15.008250309141307,-10.251173111751005,1,0.0,0.0,interior
T094,L,3056,T011,58,0,mapped,-26.168557271768435,15.142007264371102,-8.949625783537279,1,0.0,0.0,interior
T094,L,3057,T011,59,0,mapped,-25.331953999493855,15.118376258224291,-7.539729555786674,1,0.0,0.0,interior
T094,L,3058,T011,60,0,mapped,-24.838785422702912,14.972769058736251,-6.115225227772853,1,0.0,0.0,interior
T094,L,3059,T011,61,0,mapped,-24.41546391210813,15.157642129861632,-4.586639185711111,1,0.0,0.0,interior
T094,L,3060,T011,62,0,mapped,-23.816798521497866,15.058905490412329,-3.05162623067679,1,0.0,0.0,interior
T094,L,3061,T011,63,0,mapped,-22.64050280196585,14.88742537572378,-1.7270395703355423,1,0.0,0.0,interior
T094,L,3062,T011,64,0,mapped,-20.914180095603477,14.737779330204127,-1.1673346250517325,1,0.0,0.0,interior
T094,L,3063,T011,65,0,mapped,-19.161634767279935,14.44102465964329,-1.0377354944356503,1,0.0,0.0,interior
T094,L,3064,T011,66,0,mapped,-17.435269653504527,14.284760327219107,-1.1273712346998914,1,0.0,0.0,interior
T094,L,3065,T011,67,0,mapped,-15.80485859476533,13.924768650250346,-1.0118131857278045,1,0.0,0.0,interior
T094,L,3066,T011,68,0,mapped,-14.325465443165807,13.775851205109493,-0.7039210845143621,1,0.0,0.0,interior
T094,L,3067,T011,69,0,mapped,-12.746232380164047,13.47920176357134,-0.27741357732833066,1,0.0,0.0,interior
T094,L,3068,T011,70,0,mapped,-11.091897127351583,13.56269495031086,0.04548868229368229,1,0.0,0.0,interior
T094,L,3069,T011,71,0,mapped,-9.303621630305692,13.477101530272122,0.02563262864181541,2,4.3511678576336575e-15,2.1755839288168288e-15,shared_edge
T094,L,3070,T011,73,0,mapped,-26.023451905683288,14.693761688379563,-20.08974442506233,1,0.0,0.0,interior
T094,L,3071,T011,74,0,mapped,-26.498307137164538,14.607730312466757,-18.61099647373496,1,0.0,0.0,interior
T094,L,3072,T011,75,0,mapped,-26.801565038232745,14.56424848874029,-17.282310828369017,1,0.0,0.0,interior
T094,L,3073,T011,76,0,mapped,-27.090323867399135,14.62891680959875,-15.76227693033049,1,0.0,0.0,interior
T094,L,3074,T011,77,0,mapped,-27.377441193186087,14.394928615706252,-14.268831371741385,1,0.0,0.0,interior
T094,L,3075,T011,78,0,mapped,-27.571931711793262,14.511409140721454,-12.45631639419476,1,0.0,0.0,interior
T094,L,3076,T011,79,0,mapped,-27.32328417804986,14.489139089737016,-10.910028389212215,1,0.0,0.0,interior
T094,L,3077,T011,80,0,mapped,-26.68953628029837,14.487518501611312,-9.611979059693612,1,0.0,0.0,interior
T094,L,3078,T011,81,0,mapped,-25.897266831819024,14.432255972172538,-8.1459864696274,1,0.0,0.0,interior
T094,L,3079,T011,82,0,mapped,-25.301271136281528,14.41125902046257,-6.789286159095099,1,0.0,0.0,interior
T094,L,3080,T011,83,0,mapped,-24.898053484022235,14.298907871341424,-5.21897644113821,1,0.0,0.0,interior
T094,L,3081,T011,84,0,mapped,-24.30256817809287,14.344642073307242,-3.5985411967775485,1,0.0,0.0,interior
T094,L,3082,T011,85,0,mapped,-23.378637213104255,14.107714972171578,-1.9977996158698916,1,0.0,0.0,interior
T094,L,3083,T011,86,0,mapped,-21.773045946166697,14.133538511110402,-1.0664276329878184,1,0.0,0.0,interior
T094,L,3084,T011,87,0,mapped,-19.769542418692126,13.728072598499136,-0.7627719107733189,1,0.0,0.0,interior
T094,L,3085,T011,88,0,mapped,-17.868870870030236,13.476850029329277,-0.8883149987293356,1,0.0,0.0,interior
T094,L,3086,T011,89,0,mapped,-16.255713650335363,13.252036304833549,-0.9233736731236897,1,0.0,0.0,interior
T094,L,3087,T011,90,0,mapped,-14.756793098437843,12.926995917814956,-0.8132148642312136,1,0.0,0.0,interior
T094,L,3088,T011,91,0,mapped,-13.140048328575537,12.817788590052938,-0.43751412136236856,1,0.0,0.0,interior
T094,L,3089,T011,92,0,mapped,-11.493764157346554,12.829652628981819,-0.14010381372602543,1,0.0,0.0,interior
T094,L,3090,T011,93,0,mapped,-9.47967566242292,12.669018838859156,-0.1520248545134319,2,3.552713678800501e-15,1.7763568394002505e-15,shared_edge
T094,L,3091,T011,95,0,mapped,-26.126347369658077,14.126876626465645,-19.44869487524132,1,0.0,0.0,interior
T094,L,3092,T011,96,0,mapped,-26.512769909269693,14.069391388843027,-18.02813180951812,1,0.0,0.0,interior
T094,L,3093,T011,97,0,mapped,-26.788351177079015,14.103052983016376,-16.627468954363977,1,0.0,0.0,interior
T094,L,3094,T011,98,0,mapped,-26.993960780854664,13.800642533803057,-15.199202905932186,1,0.0,0.0,interior
T094,L,3095,T011,99,0,mapped,-27.394103915732757,13.877183774019503,-13.520930539254914,1,0.0,0.0,interior
T094,L,3096,T011,100,0,mapped,-27.512100510730527,13.952546112042452,-11.683800273642298,1,0.0,0.0,interior
T094,L,3097,T011,101,0,mapped,-27.135231520797028,13.868186898779395,-10.277747372151241,1,0.0,0.0,interior
T094,L,3098,T011,102,0,mapped,-26.479776394944608,13.86793324922197,-8.89125796731528,1,0.0,0.0,interior
T094,L,3099,T011,103,0,mapped,-25.765347335043174,13.73222790540969,-7.443138758119989,1,0.0,0.0,interior
T094,L,3100,T011,104,0,mapped,-25.23572022936071,13.649093282688469,-5.906983279633019,1,0.0,0.0,interior
T094,L,3101,T011,105,0,mapped,-24.768706947465105,13.509025182031262,-4.27285731919456,1,0.0,0.0,interior
T094,L,3102,T011,106,0,mapped,-23.987828017600783,13.34948105887673,-2.5681684065115182,1,0.0,0.0,interior
T094,L,3103,T011,107,0,mapped,-22.66505374395019,13.187151502074911,-1.059437731870823,1,0.0,0.0,interior
T094,L,3104,T011,108,0,mapped,-20.597843228372582,13.008837508141433,-0.5302521447578977,1,0.0,0.0,interior
T094,L,3105,T011,109,0,mapped,-18.490480002511994,12.75520686732969,-0.5564520437484962,1,0.0,0.0,interior
T094,L,3106,T011,110,0,mapped,-16.602562400649873,12.543744707277813,-0.8183361717101908,1,0.0,0.0,interior
T094,L,3107,T011,111,0,mapped,-15.060148666129274,12.290575107185798,-0.7822824269034947,1,0.0,0.0,interior
T094,L,3108,T011,112,0,mapped,-13.4981627925473,11.98685692569093,-0.4916224083117985,1,0.0,0.0,interior
T094,L,3109,T011,113,0,mapped,-11.774325377879665,12.073450214309407,-0.23858103221310534,1,0.0,0.0,interior
T094,L,3110,T011,114,0,mapped,-9.962133011667653,11.986732112735474,-0.29069682298352917,2,1.0910165673667116e-14,5.455082836833558e-15,shared_edge
T094,L,3111,T011,116,0,mapped,-26.20432088543994,13.63866528433455,-18.77415843989944,1,0.0,0.0,interior
T094,L,3112,T011,117,0,mapped,-26.485954310896062,13.620679225230308,-17.409702997725837,1,0.0,0.0,interior
T094,L,3113,T011,118,0,mapped,-26.74704671881952,13.594050006683876,-16.03413368852634,1,0.0,0.0,interior
T094,L,3114,T011,119,0,mapped,-27.068009657627798,13.405453719486111,-14.390871751027303,1,0.0,0.0,interior
T094,L,3115,T011,120,0,mapped,-27.372150380615786,13.28751188028859,-12.811196615559405,1,0.0,0.0,interior
T094,L,3116,T011,121,0,mapped,-27.372979379088193,13.295196578571986,-10.99654636180103,1,0.0,0.0,interior
T094,L,3117,T011,122,0,mapped,-26.916795884985994,13.14369473194039,-9.592002493916787,1,0.0,0.0,interior
T094,L,3118,T011,123,0,mapped,-26.231395419101545,13.101262822238823,-8.186547552363509,1,0.0,0.0,interior
T094,L,3119,T011,124,0,mapped,-25.68630424548843,12.962863905239907,-6.760068957940854,1,0.0,0.0,interior
T094,L,3120,T011,125,0,mapped,-25.21097062482061,12.813301022238484,-5.119751031962819,1,0.0,0.0,interior
T094,L,3121,T011,126,0,mapped,-24.604106569540953,12.53600830720832,-3.5312190513015196,1,0.0,0.0,interior
T094,L,3122,T011,127,0,mapped,-23.390978344602154,12.289428741851886,-1.5259441389099075,1,0.0,0.0,interior
T094,L,3123,T011,128,0,mapped,-21.41026534033484,12.119080063590097,-0.3704060492062196,1,0.0,0.0,interior
T094,L,3124,T011,129,0,mapped,-19.217122939400497,11.865507496325236,-0.27412282129120297,1,0.0,0.0,interior
T094,L,3125,T011,130,0,mapped,-17.037246573976475,11.847721526165952,-0.6266193342138814,1,0.0,0.0,interior
T094,L,3126,T011,131,0,mapped,-15.417788995826124,11.5504512688292,-0.7028053345386486,1,0.0,0.0,interior
T094,L,3127,T011,132,0,mapped,-13.828793061679153,11.2218885506336,-0.5536375179051216,1,0.0,0.0,interior
T094,L,3128,T011,133,0,mapped,-12.256574530037806,11.298354595266204,-0.3652171920068493,1,0.0,0.0,interior
T094,L,3129,T011,134,0,mapped,-10.425033276563179,11.280658278985907,-0.425495766397064,2,1.897149936107019e-15,9.485749680535094e-16,shared_edge
T094,L,3130,T011,136,0,mapped,-26.180070152273935,13.17271904711448,-18.23035272867184,1,0.0,0.0,interior
T094,L,3131,T011,137,0,mapped,-26.41599962178954,13.134698138230537,-16.76514481394181,1,0.0,0.0,interior
T094,L,3132,T011,138,0,mapped,-26.676853129972322,12.960543857333384,-15.262059348871272,1,0.0,0.0,interior
T094,L,3133,T011,139,0,mapped,-27.1164852205158,12.962179997291493,-13.60772338720088,1,0.0,0.0,interior
T094,L,3134,T011,140,0,mapped,-27.326058464800788,12.816922640577442,-11.996575942964284,1,0.0,0.0,interior
T094,L,3135,T011,141,0,mapped,-27.172157198871716,12.669851102346943,-10.314199735598063,1,0.0,0.0,interior
T094,L,3136,T011,142,0,mapped,-26.623859706492233,12.458360206628228,-8.896393998817347,1,0.0,0.0,interior
T094,L,3137,T011,143,0,mapped,-26.03796034823666,12.31148458336683,-7.512129706381284,1,0.0,0.0,interior
T094,L,3138,T011,144,0,mapped,-25.5549149086834,12.097917055541323,-6.026072655831394,1,0.0,0.0,interior
T094,L,3139,T011,145,0,mapped,-24.925756890269263,11.662529846659119,-4.204971243474343,1,0.0,0.0,interior
T094,L,3140,T011,146,0,mapped,-23.92710949339134,11.416634480449648,-2.3355891718229476,1,0.0,0.0,interior
T094,L,3141,T011,147,0,mapped,-22.340362367841003,11.069973522333072,-0.6204040951631414,1,0.0,0.0,interior
T094,L,3142,T011,148,0,mapped,-19.788636559721873,10.917394869448156,-0.1407603584591741,1,0.0,0.0,interior
T094,L,3143,T011,149,0,mapped,-17.62416387929757,10.871431496436543,-0.45432084812697726,1,0.0,0.0,interior
T094,L,3144,T011,150,0,mapped,-15.790261011856972,10.822619773145998,-0.63279530313886,1,0.0,0.0,interior
T094,L,3145,T011,151,0,mapped,-14.066864431538837,10.586128613324721,-0.5735465815545079,1,0.0,0.0,interior
T094,L,3146,T011,152,0,mapped,-12.768599601766736,10.613724439910104,-0.5482313824696738,1,0.0,0.0,interior
T094,L,3147,T011,153,0,mapped,-10.937145169919873,10.604264172064248,-0.5710658971231967,2,0.0,0.0,shared_edge
T094,L,3148,T011,155,0,mapped,-26.12233487233094,12.685299954346771,-17.651246109545223,1,0.0,0.0,interior
T094,L,3149,T011,156,0,mapped,-26.366646018499942,12.62753271761963,-16.103721268129707,1,0.0,0.0,interior
T094,L,3150,T011,157,0,mapped,-26.67604736331033,12.496170613621757,-14.490916706413596,1,0.0,0.0,interior
T094,L,3151,T011,158,0,mapped,-27.044487775771685,12.312034604000836,-12.91729505824233,1,0.0,0.0,interior
T094,L,3152,T011,159,0,mapped,-27.180728414431954,12.166973064141022,-11.216986125295607,1,0.0,0.0,interior
T094,L,3153,T011,160,0,mapped,-26.91802103889924,11.914170225545398,-9.628600852064416,1,0.0,0.0,interior
T094,L,3154,T011,161,0,mapped,-26.310734458693183,11.704497123446405,-8.237417077648868,1,0.0,0.0,interior
T094,L,3155,T011,162,0,mapped,-25.773817800170782,11.358421484324634,-6.7493997739810005,1,0.0,0.0,interior
T094,L,3156,T011,163,0,mapped,-25.189557386516533,11.054362038374673,-5.042263902678908,1,0.0,0.0,interior
T094,L,3157,T011,164,0,mapped,-24.325795865642384,10.451648807514879,-3.270857749797769,1,0.0,0.0,interior
T094,L,3158,T011,165,0,mapped,-22.88567526723194,10.248101656386279,-1.4200576156495321,1,0.0,0.0,interior
T094,L,3159,T011,166,0,mapped,-20.72276218096065,9.871567543428199,-0.3907198262162171,1,0.0,0.0,interior
T094,L,3160,T011,167,0,mapped,-18.39465558579955,10.07769490737875,-0.49946793442742354,1,0.0,0.0,interior
T094,L,3161,T011,168,0,mapped,-16.48318494229224,10.03405192860643,-0.679003967551865,1,0.0,0.0,interior
T094,L,3162,T011,169,0,mapped,-14.757154081368737,9.87693276471878,-0.7529304524703779,1,0.0,0.0,interior
T094,L,3163,T011,170,0,mapped,-13.193826832709915,9.972771895391759,-0.6437666366635612,1,0.0,0.0,interior
T094,L,3164,T011,171,0,mapped,-11.449186704291742,9.929386247073861,-0.7171096159117247,2,4.446439748506845e-15,2.2232198742534223e-15,shared_edge
T094,L,3165,T011,173,0,mapped,-26.08299011163932,12.310555232004617,-16.85180121868685,1,0.0,0.0,interior
T094,L,3166,T011,174,0,mapped,-26.25413216237149,12.101301016126566,-15.347278932739394,1,0.0,0.0,interior
T094,L,3167,T011,175,0,mapped,-26.66117077580143,12.007824617316583,-13.701976497793254,1,0.0,0.0,interior
T094,L,3168,T011,176,0,mapped,-26.992799795101433,11.829188390815393,-12.178757002116308,1,0.0,0.0,interior
T094,L,3169,T011,177,0,mapped,-26.957325893032632,11.4747849325949,-10.52697502239906,1,0.0,0.0,interior
T094,L,3170,T011,178,0,mapped,-26.531200614135273,11.202049105232977,-8.99616734218661,1,0.0,0.0,interior
T094,L,3171,T011,179,0,mapped,-25.938933342222953,10.867909506475737,-7.510460332681578,1,0.0,0.0,interior
T094,L,3172,T011,180,0,mapped,-25.367623959878784,10.541749068248876,-5.9977551513065555,1,0.0,0.0,interior
T094,L,3173,T011,181,0,mapped,-24.60004248174007,9.903140171084257,-4.4077970848226755,1,0.0,0.0,interior
T094,L,3174,T011,182,0,mapped,-23.176224866713113,9.491982497145823,-2.560530678969077,1,0.0,0.0,interior
T094,L,3175,T011,183,0,mapped,-21.321027015914176,8.94618592627306,-1.1832364885768138,1,0.0,0.0,interior
T094,L,3176,T011,184,0,mapped,-19.099746064780796,9.289587249116693,-0.8992135083800027,1,0.0,0.0,interior
T094,L,3177,T011,185,0,mapped,-17.070922145181797,9.269049099393794,-0.8034249477907586,1,0.0,0.0,interior
T094,L,3178,T011,186,0,mapped,-15.266676658442593,9.22397567423518,-0.9148404620823338,1,0.0,0.0,interior
T094,L,3179,T011,187,0,mapped,-13.649085200674401,9.280902861754335,-0.7834610520127419,1,0.0,0.0,interior
T094,L,3180,T011,188,0,mapped,-11.940247555635652,9.315345526204805,-0.9608365262110368,2,3.855927796350635e-15,1.9279638981753174e-15,shared_edge
T094,L,3181,T011,190,0,mapped,-25.98369541830344,11.767430586205549,-16.188263694227764,1,0.0,0.0,interior
T094,L,3182,T011,191,0,mapped,-26.201583075965523,11.705659504950624,-14.602513406643219,1,0.0,0.0,interior
T094,L,3183,T011,192,0,mapped,-26.633001882531723,11.552744901687241,-13.00195207930046,1,0.0,0.0,interior
T094,L,3184,T011,193,0,mapped,-26.766537366870125,11.183370656382774,-11.451982898970765,1,0.0,0.0,interior
T094,L,3185,T011,194,0,mapped,-26.563799225394654,10.74279810333745,-9.876583141898951,1,0.0,0.0,interior
T094,L,3186,T011,195,0,mapped,-26.070286379705102,10.50456521852609,-8.448228987147012,1,0.0,0.0,interior
T094,L,3187,T011,196,0,mapped,-25.388289843468414,10.064229554134375,-7.01223689229425,1,0.0,0.0,interior
T094,L,3188,T011,197,0,mapped,-24.63548999989881,9.53277626196163,-5.467359654870997,1,0.0,0.0,interior
T094,L,3189,T011,198,0,mapped,-23.362545607855097,9.088612541633115,-3.770138220342261,1,0.0,0.0,interior
T094,L,3190,T011,199,0,mapped,-21.642277103849544,8.213742217944464,-2.469729375030746,1,0.0,0.0,interior
T094,L,3191,T011,200,0,mapped,-19.71614840654646,8.476928955304121,-1.5436635113311763,1,0.0,0.0,interior
T094,L,3192,T011,201,0,mapped,-17.661171293040024,8.623466091262813,-1.292790927976245,1,0.0,0.0,interior
T094,L,3193,T011,202,0,mapped,-15.768299800822145,8.640409827364529,-1.1711843014793262,1,0.0,0.0,interior
T094,L,3194,T011,203,0,mapped,-14.113528489111689,8.64302785431979,-1.1211100975865622,1,0.0,0.0,interior
T094,L,3195,T011,204,0,mapped,-12.39645668162813,8.715708456240687,-1.2577471049026083,2,3.8857805861880484e-16,1.9428902930940242e-16,shared_edge
T094,L,3196,T011,206,0,mapped,-25.829701170442725,11.316524143272627,-15.36281375743919,1,0.0,0.0,interior
T094,L,3197,T011,207,0,mapped,-26.171947293768106,11.262093392342052,-13.976566450958627,1,0.0,0.0,interior
T094,L,3198,T011,208,0,mapped,-26.4880185466342,10.967264859363027,-12.328189105674992,1,0.0,0.0,interior
T094,L,3199,T011,209,0,mapped,-26.40894681762152,10.492067857706942,-10.755537839969733,1,0.0,0.0,interior
T094,L,3200,T011,210,0,mapped,-25.962956134670016,10.115082236606913,-9.328656136700152,1,0.0,0.0,interior
T094,L,3201,T011,211,0,mapped,-25.308553489127235,9.714991093334913,-7.884150814485684,1,0.0,0.0,interior
T094,L,3202,T011,212,0,mapped,-24.58958179826746,9.308676713652957,-6.48062144765828,1,0.0,0.0,interior
T094,L,3203,T011,213,0,mapped,-23.373880565559695,8.823147727827315,-4.876301854049284,1,0.0,0.0,interior
T094,L,3204,T011,214,0,mapped,-21.876106304429698,8.115555893840796,-3.5419019293973353,1,0.0,0.0,interior
T094,L,3205,T011,215,0,mapped,-20.0190245666508,7.796672051001405,-2.6000199268568984,1,0.0,0.0,interior
T094,L,3206,T011,216,0,mapped,-18.34991732312183,8.178320630867553,-1.9305661396894385,1,0.0,0.0,interior
T094,L,3207,T011,217,0,mapped,-16.165937464229415,8.079235183838199,-1.6582005323567595,1,0.0,0.0,interior
T094,L,3208,T011,218,0,mapped,-14.542520183144402,7.9788528014801585,-1.5776799563344668,1,0.0,0.0,interior
T094,L,3209,T011,219,0,mapped,-12.811411422204712,8.10544108071425,-1.67648584167307,2,4.000001285059396e-15,2.000000642529698e-15,shared_edge
T094,L,3210,T011,221,0,mapped,-25.785414255520337,10.956874322490979,-14.62940080616498,1,0.0,0.0,interior
T094,L,3211,T011,222,0,mapped,-26.10185147468389,10.834420719683479,-13.147568424658674,1,0.0,0.0,interior
T094,L,3212,T011,223,0,mapped,-26.123467129216067,10.302376488605407,-11.45016354811792,1,0.0,0.0,interior
T094,L,3213,T011,224,0,mapped,-25.892439152033063,9.920555117074386,-10.154258120181957,1,0.0,0.0,interior
T094,L,3214,T011,225,0,mapped,-25.179888448560867,9.514231185301227,-8.777770374257992,1,0.0,0.0,interior
T094,L,3215,T011,226,0,mapped,-24.496232707477574,9.209710211134208,-7.352424627829671,1,0.0,0.0,interior
T094,L,3216,T011,227,0,mapped,-23.489383331066115,8.820431547056451,-5.909071080308854,1,0.0,0.0,interior
T094,L,3217,T011,228,0,mapped,-22.00449162457599,8.278466328245827,-4.670448880438173,1,0.0,0.0,interior
T094,L,3218,T011,229,0,mapped,-20.279675800402686,7.790965500549186,-3.5598187475140572,1,0.0,0.0,interior
T094,L,3219,T011,230,0,mapped,-18.628294341884484,7.898761068865463,-2.7944951925295713,1,0.0,0.0,interior
T094,L,3220,T011,231,0,mapped,-16.921676624502616,7.735692952685508,-2.3333441678310893,1,0.0,0.0,interior
T094,L,3221,T011,232,0,mapped,-15.040032689908397,7.577459454189942,-2.156228886393677,1,0.0,0.0,interior
T094,L,3222,T011,233,0,mapped,-13.193488296623803,7.584168566155842,-2.180772955702691,2,9.992007221626409e-16,4.996003610813204e-16,shared_edge
T094,L,3223,T011,235,0,mapped,-25.711460865980904,10.577657321175359,-13.85328189336279,1,0.0,0.0,interior
T094,L,3224,T011,236,0,mapped,-25.78622594704825,10.220319366084489,-12.471231882247334,1,0.0,0.0,interior
T094,L,3225,T011,237,0,mapped,-25.70488184968297,9.808730996106302,-10.983851148290983,1,0.0,0.0,interior
T094,L,3226,T011,238,0,mapped,-25.196073083024267,9.488685246308865,-9.638948129262472,1,0.0,0.0,interior
T094,L,3227,T011,239,0,mapped,-24.429501062068596,9.162244353598751,-8.242591631114351,1,0.0,0.0,interior
T094,L,3228,T011,240,0,mapped,-23.595145804488496,8.860508566816208,-6.980438995552464,1,0.0,0.0,interior
T094,L,3229,T011,241,0,mapped,-22.1522254824429,8.572807087792906,-5.630885178692962,1,0.0,0.0,interior
T094,L,3230,T011,242,0,mapped,-20.628220394104176,8.264859150447332,-4.525272686747825,1,0.0,0.0,interior
T094,L,3231,T011,243,0,mapped,-18.905451865447837,8.280066404317147,-3.655775694852138,1,0.0,0.0,interior
T094,L,3232,T011,244,0,mapped,-17.344331286261006,7.681045905393221,-3.00755836931088,1,0.0,0.0,interior
T094,L,3233,T011,245,0,mapped,-15.471539157637904,7.363870820478297,-2.834098553752685,1,0.0,0.0,interior
T094,L,3234,T011,246,0,mapped,-13.71089929535125,7.2853080539965305,-2.741399916366698,2,0.0,0.0,shared_edge
T094,L,3235,T011,248,0,mapped,-25.332192832748113,9.95577108010336,-13.156079609543163,1,0.0,0.0,interior
T094,L,3236,T011,249,0,mapped,-25.49775001391341,9.817355684639086,-11.843192279885896,1,0.0,0.0,interior
T094,L,3237,T011,250,0,mapped,-25.127647622495672,9.465095727189492,-10.491870330551738,1,0.0,0.0,interior
T094,L,3238,T011,251,0,mapped,-24.414921338541113,9.18585529578979,-9.149939409560472,1,0.0,0.0,interior
T094,L,3239,T011,252,0,mapped,-23.505891229716767,9.032035106029529,-7.806481822458022,1,0.0,0.0,interior
T094,L,3240,T011,253,0,mapped,-22.35261765136051,8.873897342067693,-6.5155116848216865,1,0.0,0.0,interior
T094,L,3241,T011,254,0,mapped,-20.797503518541134,8.86651804081588,-5.373258808911598,1,0.0,0.0,interior
T094,L,3242,T011,255,0,mapped,-19.187329055754162,8.930068074738191,-4.363147991276021,1,0.0,0.0,interior
T094,L,3243,T011,256,0,mapped,-17.566373511227617,8.08579887823583,-3.734366550129865,1,0.0,0.0,interior
T094,L,3244,T011,257,0,mapped,-15.815820602047268,7.310093874479739,-3.6612007878541184,1,0.0,0.0,interior
T094,L,3245,T011,258,0,mapped,-14.141244404646976,7.066997357601917,-3.3514959782485576,2,6.661338147750939e-16,3.3306690738754696e-16,shared_edge
T094,L,3246,T011,260,0,mapped,-25.11018562207991,9.660756922710963,-12.603908737427135,1,0.0,0.0,interior
T094,L,3247,T011,261,0,mapped,-24.974769441056722,9.411715993582277,-11.235142643464066,1,0.0,0.0,interior
T094,L,3248,T011,262,0,mapped,-24.380171030186396,9.19682493445692,-9.877266239750462,1,0.0,0.0,interior
T094,L,3249,T011,263,0,mapped,-23.56594349478309,9.192325311208666,-8.636423012727011,1,0.0,0.0,interior
T094,L,3250,T011,264,0,mapped,-22.518027872577697,9.177474240442422,-7.406782588312614,1,0.0,0.0,interior
T094,L,3251,T011,265,0,mapped,-21.06604625243493,9.336817737618027,-6.21621722315037,1,0.0,0.0,interior
T094,L,3252,T011,266,0,mapped,-19.38599128428408,9.590921970240078,-5.040036598661062,1,0.0,0.0,interior
T094,L,3253,T011,267,0,mapped,-17.798688770684564,8.769164645314483,-4.326078079880577,1,0.0,0.0,interior
T094,L,3254,T011,268,0,mapped,-16.190677030833903,7.503844834928067,-4.307210611798233,1,0.0,0.0,interior
T094,L,3255,T011,269,0,mapped,-14.446263250644408,6.99964192602887,-4.107735070775887,2,9.930136612989092e-15,4.965068306494546e-15,shared_edge
T094,L,3256,T011,271,0,mapped,-24.73391597334234,9.296018255402103,-12.015573416377102,1,0.0,0.0,interior
T094,L,3257,T011,272,0,mapped,-24.40545567498824,9.157670123964564,-10.60115656020461,1,0.0,0.0,interior
T094,L,3258,T011,273,0,mapped,-23.642022775253444,9.226580627969813,-9.397529184620284,1,0.0,0.0,interior
T094,L,3259,T011,274,0,mapped,-22.724963803989816,9.362405243802932,-8.25688053847035,1,0.0,0.0,interior
T094,L,3260,T011,275,0,mapped,-21.40744619863061,9.64009891591515,-7.043596437883469,1,0.0,0.0,interior
T094,L,3261,T011,276,0,mapped,-19.674296093725722,10.077676528657793,-5.843496224650435,1,0.0,0.0,interior
T094,L,3262,T011,277,0,mapped,-17.90254822145181,9.345839212579783,-4.978101868891025,1,0.0,0.0,interior
T094,L,3263,T011,278,0,mapped,-16.589274346608903,7.90107663964522,-5.002963962744602,1,0.0,0.0,interior
T094,L,3264,T011,279,0,mapped,-14.897088292598317,7.065918095973585,-4.841970944981627,2,1.9860273225978185e-15,9.930136612989092e-16,shared_edge
T094,L,3265,T011,281,0,mapped,-24.230282894298163,9.009612693635486,-11.36704352572992,1,0.0,0.0,interior
T094,L,3266,T011,282,0,mapped,-23.499935783046915,9.076344947319122,-10.204596625251577,1,0.0,0.0,interior
T094,L,3267,T011,283,0,mapped,-22.727047630190484,9.421214414429205,-9.077649131377845,1,0.0,0.0,interior
T094,L,3268,T011,284,0,mapped,-21.65348587317836,9.940102105094581,-7.967360797941566,1,0.0,0.0,interior
T094,L,3269,T011,285,0,mapped,-20.02593618436584,10.411655106618486,-6.726573539221777,1,0.0,0.0,interior
T094,L,3270,T011,286,0,mapped,-18.183186615798874,9.874812850939325,-5.732386139033721,1,0.0,0.0,interior
T094,L,3271,T011,287,0,mapped,-16.786034758105494,8.38892087198597,-5.574717076075967,1,0.0,0.0,interior
T094,L,3272,T011,288,0,mapped,-15.196052605362338,7.278354583002926,-5.6109979815635445,2,2.664535259100376e-15,1.3322676295501878e-15,shared_edge
T094,L,3273,T011,290,0,mapped,-23.588124609445543,8.905176109911256,-10.813047386726428,1,0.0,0.0,interior
T094,L,3274,T011,291,0,mapped,-22.77284652314436,9.27221853024864,-9.902690293684417,1,0.0,0.0,interior
T094,L,3275,T011,292,0,mapped,-21.941446297560653,10.014425868869623,-8.834205669282902,1,0.0,0.0,interior
T094,L,3276,T011,293,0,mapped,-20.443332720398622,10.647771000500587,-7.5818775138442644,1,0.0,0.0,interior
T094,L,3277,T011,294,0,mapped,-18.456370355537935,10.381470879987866,-6.539263203788151,1,0.0,0.0,interior
T094,L,3278,T011,295,0,mapped,-17.069933587360985,9.000144118161995,-6.124398358683835,1,0.0,0.0,interior
T094,L,3279,T011,296,0,mapped,-15.556215194974822,7.608128800187393,-6.222476935704076,2,6.420123230733026e-15,3.210061615366513e-15,shared_edge
T094,L,3280,T011,298,0,mapped,-22.68783319084207,8.972641259353605,-10.555663961687651,1,0.0,0.0,interior
T094,L,3281,T011,299,0,mapped,-22.074063490983114,9.771046805401522,-9.59411641047448,1,0.0,0.0,interior
T094,L,3282,T011,300,0,mapped,-20.866562497231293,10.70573429443477,-8.594785652079295,1,0.0,0.0,interior
T094,L,3283,T011,301,0,mapped,-18.90511289272878,10.766532521903564,-7.386810329240027,1,0.0,0.0,interior
T094,L,3284,T011,302,0,mapped,-17.302339986607443,9.502423902926182,-6.847912459081466,1,0.0,0.0,interior
T094,L,3285,T011,303,0,mapped,-15.657213594728828,7.8738651314423755,-6.992025423878382,2,3.2023728339893768e-15,1.6011864169946884e-15,shared_edge
T094,L,3286,T011,305,0,mapped,-21.928858305163622,9.432015673707305,-10.231858402698919,1,0.0,0.0,interior
T094,L,3287,T011,306,0,mapped,-21.092069264921427,10.297642623665244,-9.428982628270264,1,0.0,0.0,interior
T094,L,3288,T011,307,0,mapped,-19.401824571629405,10.848323439196129,-8.505351562974594,1,0.0,0.0,interior
T094,L,3289,T011,308,0,mapped,-17.560704573425994,9.811821483369904,-7.587730885426521,1,0.0,0.0,interior
T094,L,3290,T011,309,0,mapped,-15.916621342213393,8.341581110924796,-7.6012398633264615,2,3.972054645195637e-15,1.9860273225978185e-15,shared_edge
T094,L,3291,T011,311,0,mapped,-21.04458579778212,9.818134915429322,-10.136468974630617,1,0.0,0.0,interior
T094,L,3292,T011,312,0,mapped,-19.929229152491516,10.542758911335959,-9.36348790399813,1,0.0,0.0,interior
T094,L,3293,T011,313,0,mapped,-17.98509906511493,10.127778105040125,-8.355577013198824,1,0.0,0.0,interior
T094,L,3294,T011,314,0,mapped,-16.481427150744796,8.88389580927402,-7.9237701113096595,2,8.140289677804162e-15,4.070144838902081e-15,shared_edge
T094,L,3295,T011,316,0,mapped,-20.240575603809575,10.071201853910647,-10.046437305158841,1,0.0,0.0,interior
T094,L,3296,T011,317,0,mapped,-18.490172722558825,10.195025249753034,-9.199357271092037,1,0.0,0.0,interior
T094,L,3297,T011,318,0,mapped,-16.99212398110366,9.329443401989451,-8.355092285463087,2,3.66205343881779e-15,1.831026719408895e-15,shared_edge
T094,L,3298,T011,320,0,mapped,-19.11060133723248,10.019194378568791,-9.859712302446871,1,0.0,0.0,interior
T094,L,3299,T011,321,0,mapped,-17.280722621047204,9.399919480542703,-9.145183297689234,2,0.2546545757038468,0.1273272878519234,shared_edge
T094,L,3300,T011,323,0,mapped,-17.878690234841464,9.48502686676376,-9.753790664926102,2,0.393533139750076,0.196766569875038,shared_edge
T094,L,3301,T012,1,0,mapped,-10.978087260768863,13.16881965638198,-10.843448242080449,2,0.0,0.0,shared_edge
T094,L,3302,T012,2,0,mapped,-11.192574072532857,13.155397040283926,-10.25857744414979,2,0.0,0.0,shared_edge
T094,L,3303,T012,3,0,mapped,-11.225414995247514,13.124040250330964,-9.633547490003975,2,2.5121479338940407e-15,1.2560739669470201e-15,shared_edge
T094,L,3304,T012,4,0,mapped,-11.417764720972153,13.108454462155638,-9.044192893672136,2,0.0,0.0,shared_edge
T094,L,3305,T012,5,0,mapped,-11.526806284315555,13.036211198144898,-8.435403368810602,2,0.0,0.0,shared_edge
T094,L,3306,T012,6,0,mapped,-11.52318464253462,13.036837244268398,-7.8228652712408575,2,0.0,0.0,shared_edge
T094,L,3307,T012,7,0,mapped,-11.429567601542233,13.008798061037236,-7.204315267683791,2,0.0,0.0,shared_edge
T094,L,3308,T012,8,0,mapped,-11.182103005749472,12.970541795693823,-6.630152174501764,2,0.0,0.0,shared_edge
T094,L,3309,T012,9,0,mapped,-10.953173819793854,13.123275899793502,-6.080229798634136,2,0.0,0.0,shared_edge
T094,L,3310,T012,10,0,mapped,-10.685611553246872,13.121395920545439,-5.530246377618712,2,0.0,0.0,shared_edge
T094,L,3311,T012,11,0,mapped,-10.243525062284926,13.203641102081903,-5.116909010167328,2,0.0,0.0,shared_edge
T094,L,3312,T012,12,0,mapped,-9.757981990124335,13.356246715540735,-4.751590844505945,2,0.0,0.0,shared_edge
T094,L,3313,T012,13,0,mapped,-9.397324912687,13.595787453842906,-4.303766398977805,2,3.552713678800501e-15,1.7763568394002505e-15,shared_edge
T094,L,3314,T012,14,0,mapped,-9.183577048537103,13.82899864655312,-3.767584817231842,2,0.0,0.0,shared_edge
T094,L,3315,T012,15,0,mapped,-8.967183598302753,13.924839921863004,-3.236435632768841,2,3.972054645195637e-15,1.9860273225978185e-15,shared_edge
T094,L,3316,T012,16,0,mapped,-8.655939895001467,13.88889610098181,-2.709496192974284,2,0.0,0.0,shared_edge
T094,L,3317,T012,17,0,mapped,-8.329899426580562,13.803225844483752,-2.2048599375622744,2,8.881784197001252e-16,4.440892098500626e-16,shared_edge
T094,L,3318,T012,18,0,mapped,-8.041526965531103,13.773871508492487,-1.6644343295048303,2,0.0,0.0,shared_edge
T094,L,3319,T012,19,0,mapped,-7.780221889058908,13.950223280798713,-1.1301516547247614,2,0.0,0.0,shared_edge
T094,L,3320,T012,20,0,mapped,-7.663529374373088,13.911753228380295,-0.5273811376364571,2,8.881784197001252e-16,4.440892098500626e-16,shared_edge
T094,L,3321,T012,21,0,mapped,-7.958011261279783,14.083122733564888,-0.034684097622586355,2,0.0,0.0,shared_edge
T094,L,3322,T012,22,0,mapped,-8.480511802397224,14.165323293553588,0.23976198342791052,2,0.0,0.0,shared_edge
T094,L,3323,T012,23,0,mapped,-8.875923353290432,14.534232316268657,0.4089056480409292,2,8.95090418262362e-16,4.47545209131181e-16,shared_edge
T094,L,3324,T012,25,0,mapped,-10.87264581484368,13.12641828035661,-10.955182470111339,1,0.0,0.0,interior
T094,L,3325,T012,26,0,mapped,-11.011344330047137,12.96274398700728,-10.397703318860648,1,0.0,0.0,interior
T094,L,3326,T012,27,0,mapped,-11.129225123271265,12.96401377481006,-9.901844539958338,1,0.0,0.0,interior
T094,L,3327,T012,28,0,mapped,-11.18473406255821,12.830836548990852,-9.334804977045287,1,0.0,0.0,interior
T094,L,3328,T012,29,0,mapped,-11.397211487854841,12.72291476235866,-8.76530268980033,1,0.0,0.0,interior
T094,L,3329,T012,30,0,mapped,-11.451818606162147,12.65042795621953,-8.056274039574834,1,0.0,0.0,interior
T094,L,3330,T012,31,0,mapped,-11.298369077295002,12.609899503560978,-7.518007046737853,1,0.0,0.0,interior
T094,L,3331,T012,32,0,mapped,-11.129325215650812,12.647823559307025,-6.929349788398849,1,0.0,0.0,interior
T094,L,3332,T012,33,0,mapped,-10.906249492896318,12.71480142347934,-6.2818028539706,1,0.0,0.0,interior
T094,L,3333,T012,34,0,mapped,-10.793566825884877,12.759768816587467,-5.725032761628248,1,0.0,0.0,interior
T094,L,3334,T012,35,0,mapped,-10.429008080289435,12.812340680619947,-5.261858387693895,1,0.0,0.0,interior
T094,L,3335,T012,36,0,mapped,-9.950520879886865,12.992855306333123,-4.9291049191291885,1,0.0,0.0,interior
T094,L,3336,T012,37,0,mapped,-9.46842409290542,13.275075165431545,-4.5426946500833845,1,0.0,0.0,interior
T094,L,3337,T012,38,0,mapped,-9.21766657821123,13.459275356491975,-4.010630041690263,1,0.0,0.0,interior
T094,L,3338,T012,39,0,mapped,-9.076376475535204,13.53967736370041,-3.423500274969957,1,0.0,0.0,interior
T094,L,3339,T012,40,0,mapped,-8.835613885833913,13.495764138338433,-2.8863385083723605,1,0.0,0.0,interior
T094,L,3340,T012,41,0,mapped,-8.471490581101396,13.424558825541808,-2.3899513213425245,1,0.0,0.0,interior
T094,L,3341,T012,42,0,mapped,-8.164347995985125,13.41541891059331,-1.868166805132227,1,0.0,0.0,interior
T094,L,3342,T012,43,0,mapped,-7.942863838576486,13.499912166161831,-1.3280942062337442,1,0.0,0.0,interior
T094,L,3343,T012,44,0,mapped,-7.779560543887932,13.548329148213007,-0.770323659521821,1,0.0,0.0,interior
T094,L,3344,T012,45,0,mapped,-7.923284458315806,13.625855933303452,-0.28183936200749754,1,0.0,0.0,interior
T094,L,3345,T012,46,0,mapped,-8.370399143783954,13.87803498677992,0.0798536322171707,1,0.0,0.0,interior
T094,L,3346,T012,47,0,mapped,-8.803007313039325,14.1023937671224,0.24529762891452372,1,0.0,0.0,interior
T094,L,3347,T012,48,0,mapped,-9.083301274194346,14.577729371545168,0.4311625979911506,2,0.3036171677355375,0.1518085838677687,shared_edge
T094,L,3348,T012,49,0,mapped,-10.809769338464267,12.809445002829051,-10.583926328800748,1,0.0,0.0,interior
T094,L,3349,T012,50,0,mapped,-10.920562279352875,12.728902409139252,-10.091479405558509,1,0.0,0.0,interior
T094,L,3350,T012,51,0,mapped,-11.012812217258432,12.61576343772417,-9.608760324626077,1,0.0,0.0,interior
T094,L,3351,T012,52,0,mapped,-11.25219235028286,12.383077843551408,-9.093075783746269,1,0.0,0.0,interior
T094,L,3352,T012,53,0,mapped,-11.304176819849676,12.344229351025131,-8.361899127220315,1,0.0,0.0,interior
T094,L,3353,T012,54,0,mapped,-11.175300566735688,12.365402870438388,-7.728958757545008,1,0.0,0.0,interior
T094,L,3354,T012,55,0,mapped,-10.936499149386597,12.388178947379028,-7.10335436134258,1,0.0,0.0,interior
T094,L,3355,T012,56,0,mapped,-10.85647108443774,12.337996202598212,-6.5286155687170915,1,0.0,0.0,interior
T094,L,3356,T012,57,0,mapped,-10.818617939952192,12.399805101775932,-5.94928605672504,1,0.0,0.0,interior
T094,L,3357,T012,58,0,mapped,-10.565750192080769,12.468305015275014,-5.434967869911113,1,0.0,0.0,interior
T094,L,3358,T012,59,0,mapped,-10.130386224965477,12.577559214802243,-5.075117101695043,1,0.0,0.0,interior
T094,L,3359,T012,60,0,mapped,-9.586539426519268,12.878002294799334,-4.751814577387492,1,0.0,0.0,interior
T094,L,3360,T012,61,0,mapped,-9.227519055395343,13.13051414369325,-4.281016196620363,1,0.0,0.0,interior
T094,L,3361,T012,62,0,mapped,-9.103434290437711,13.19447472291991,-3.6839938725529287,1,0.0,0.0,interior
T094,L,3362,T012,63,0,mapped,-8.94288868477392,13.154218780537839,-3.0896798907636303,1,0.0,0.0,interior
T094,L,3363,T012,64,0,mapped,-8.610504210401292,13.062768444255926,-2.5868294715333535,1,0.0,0.0,interior
T094,L,3364,T012,65,0,mapped,-8.252053580611406,13.044549810176786,-2.079426461090229,1,0.0,0.0,interior
T094,L,3365,T012,66,0,mapped,-8.036027082331188,13.110574527758768,-1.54792756942022,1,0.0,0.0,interior
T094,L,3366,T012,67,0,mapped,-7.910201585578947,13.16910873105525,-0.9921108290789422,1,0.0,0.0,interior
T094,L,3367,T012,68,0,mapped,-7.963427731555334,13.249368977506624,-0.4974906405696605,1,0.0,0.0,interior
T094,L,3368,T012,69,0,mapped,-8.33936085564453,13.44671072111759,-0.12773580523907493,1,0.0,0.0,interior
T094,L,3369,T012,70,0,mapped,-8.774005738195168,13.750365204748096,0.07302227038270077,1,0.0,0.0,interior
T094,L,3370,T012,71,0,mapped,-9.09462441581682,14.11808314378445,0.28525107089638635,2,3.552713678800501e-15,1.7763568394002505e-15,shared_edge
T094,L,3371,T012,72,0,mapped,-10.609065790690957,12.50306239976209,-10.302473263143959,1,0.0,0.0,interior
T094,L,3372,T012,73,0,mapped,-10.70934340635634,12.400138609986957,-9.839654939056325,1,0.0,0.0,interior
T094,L,3373,T012,74,0,mapped,-10.961032865543231,12.178895989046389,-9.354141317694987,1,0.0,0.0,interior
T094,L,3374,T012,75,0,mapped,-11.15103092830595,12.025957019699927,-8.709008124304795,1,0.0,0.0,interior
T094,L,3375,T012,76,0,mapped,-11.036528839282827,12.108899336672902,-8.09920991955673,1,0.0,0.0,interior
T094,L,3376,T012,77,0,mapped,-10.808224175579095,12.175675789727816,-7.402219718159186,1,0.0,0.0,interior
T094,L,3377,T012,78,0,mapped,-10.742401360193668,12.049346608202612,-6.788752482350963,1,0.0,0.0,interior
T094,L,3378,T012,79,0,mapped,-10.772776448853413,12.043663191155986,-6.15479602662066,1,0.0,0.0,interior
T094,L,3379,T012,80,0,mapped,-10.66529057665322,12.12288672873952,-5.635570555686711,1,0.0,0.0,interior
T094,L,3380,T012,81,0,mapped,-10.25763497008101,12.201286606975728,-5.22999236474236,1,0.0,0.0,interior
T094,L,3381,T012,82,0,mapped,-9.74524956110416,12.4022647842468,-4.894980146410021,1,0.0,0.0,interior
T094,L,3382,T012,83,0,mapped,-9.276070183221464,12.704962072208996,-4.511459353248676,1,0.0,0.0,interior
T094,L,3383,T012,84,0,mapped,-9.072600158322244,12.847350297284816,-3.994424634669694,1,0.0,0.0,interior
T094,L,3384,T012,85,0,mapped,-8.958755214127542,12.800181497792277,-3.3715287457133556,1,0.0,0.0,interior
T094,L,3385,T012,86,0,mapped,-8.67212758946011,12.739684687037908,-2.8189405362605697,1,0.0,0.0,interior
T094,L,3386,T012,87,0,mapped,-8.331112238860209,12.703010602667707,-2.320741757022651,1,0.0,0.0,interior
T094,L,3387,T012,88,0,mapped,-8.086299518208559,12.759209765412798,-1.8064097465473914,1,0.0,0.0,interior
T094,L,3388,T012,89,0,mapped,-7.969407934752126,12.826990831719591,-1.268490427192146,1,0.0,0.0,interior
T094,L,3389,T012,90,0,mapped,-8.019252671991127,12.89052420193757,-0.7210422387961362,1,0.0,0.0,interior
T094,L,3390,T012,91,0,mapped,-8.273170408528985,13.08146669944579,-0.29879067320292396,1,0.0,0.0,interior
T094,L,3391,T012,92,0,mapped,-8.733114613333871,13.374612537306092,-0.11301067900098657,1,0.0,0.0,interior
T094,L,3392,T012,93,0,mapped,-9.089562878180388,13.680759103170054,0.07932538306916097,2,3.552713678800501e-15,1.7763568394002505e-15,shared_edge
T094,L,3393,T012,94,0,mapped,-10.465533598839926,12.27833870949971,-9.887808087006437,1,0.0,0.0,interior
T094,L,3394,T012,95,0,mapped,-10.586113163798688,12.099370225580447,-9.432813780925407,1,0.0,0.0,interior
T094,L,3395,T012,96,0,mapped,-10.847592374439387,11.838217025194123,-9.01705762966909,1,0.0,0.0,interior
T094,L,3396,T012,97,0,mapped,-10.907752440802625,11.761877220786563,-8.376839202664224,1,0.0,0.0,interior
T094,L,3397,T012,98,0,mapped,-10.683755966317019,11.901177551900542,-7.8010740401329155,1,0.0,0.0,interior
T094,L,3398,T012,99,0,mapped,-10.581034968421193,11.818689243506281,-7.113508712821963,1,0.0,0.0,interior
T094,L,3399,T012,100,0,mapped,-10.650364543130472,11.757000845574044,-6.439397716481148,1,0.0,0.0,interior
T094,L,3400,T012,101,0,mapped,-10.670473807107602,11.777475071093711,-5.896500389126507,1,0.0,0.0,interior
T094,L,3401,T012,102,0,mapped,-10.34823477622805,11.860210449883745,-5.40953670469375,1,0.0,0.0,interior
T094,L,3402,T012,103,0,mapped,-9.872061780045883,11.993481167011222,-5.02606720513791,1,0.0,0.0,interior
T094,L,3403,T012,104,0,mapped,-9.390443341172919,12.252141859866587,-4.660909930763439,1,0.0,0.0,interior
T094,L,3404,T012,105,0,mapped,-9.062193538036105,12.431155856159737,-4.246194561993886,1,0.0,0.0,interior
T094,L,3405,T012,106,0,mapped,-8.932134344162806,12.422482534811934,-3.710150472853469,1,0.0,0.0,interior
T094,L,3406,T012,107,0,mapped,-8.673359418893122,12.392740186736901,-3.1105394991895734,1,0.0,0.0,interior
T094,L,3407,T012,108,0,mapped,-8.367527224708578,12.366495543858424,-2.581719920167653,1,0.0,0.0,interior
T094,L,3408,T012,109,0,mapped,-8.117828089278934,12.401000892953792,-2.0686807513230745,1,0.0,0.0,interior
T094,L,3409,T012,110,0,mapped,-7.986345774753821,12.480943158406681,-1.5531219875336428,1,0.0,0.0,interior
T094,L,3410,T012,111,0,mapped,-8.026091062609929,12.545213920161352,-1.0024684013765213,1,0.0,0.0,interior
T094,L,3411,T012,112,0,mapped,-8.300371143026354,12.646652948411262,-0.5143928846762965,1,0.0,0.0,interior
T094,L,3412,T012,113,0,mapped,-8.728966000792424,12.9064260369817,-0.2589631907265689,1,0.0,0.0,interior
T094,L,3413,T012,114,0,mapped,-9.089819402843194,13.23553902736386,-0.10739572034291292,2,3.554447978966673e-15,1.7772239894833365e-15,shared_edge
T094,L,3414,T012,115,0,mapped,-10.071977636474802,12.042724218183537,-9.73900485050832,1,0.0,0.0,interior
T094,L,3415,T012,116,0,mapped,-10.352111051268839,11.806588300734916,-9.170265757866982,1,0.0,0.0,interior
T094,L,3416,T012,117,0,mapped,-10.649211377393485,11.515909646704511,-8.69114676829147,1,0.0,0.0,interior
T094,L,3417,T012,118,0,mapped,-10.592342490201563,11.56736215697168,-8.14667519476492,1,0.0,0.0,interior
T094,L,3418,T012,119,0,mapped,-10.501552149500446,11.562032110917986,-7.445893632380893,1,0.0,0.0,interior
T094,L,3419,T012,120,0,mapped,-10.578737794380295,11.454218512153847,-6.731506876427935,1,0.0,0.0,interior
T094,L,3420,T012,121,0,mapped,-10.597660744634435,11.455584910719168,-6.071291675941697,1,0.0,0.0,interior
T094,L,3421,T012,122,0,mapped,-10.370687102055204,11.469895012874222,-5.5794066930515624,1,0.0,0.0,interior
T094,L,3422,T012,123,0,mapped,-9.955361229919177,11.608371368319904,-5.186487379409465,1,0.0,0.0,interior
T094,L,3423,T012,124,0,mapped,-9.503894842486455,11.80315739398571,-4.800542089866835,1,0.0,0.0,interior
T094,L,3424,T012,125,0,mapped,-9.119763473265698,11.984816952726675,-4.406127088465581,1,0.0,0.0,interior
T094,L,3425,T012,126,0,mapped,-8.892189195478366,12.045675578923792,-3.976852480382889,1,0.0,0.0,interior
T094,L,3426,T012,127,0,mapped,-8.649952133283676,12.04470975965199,-3.4349822208863166,1,0.0,0.0,interior
T094,L,3427,T012,128,0,mapped,-8.365306484831141,12.020747264606168,-2.8684033402364397,1,0.0,0.0,interior
T094,L,3428,T012,129,0,mapped,-8.146256969611514,12.02914978834303,-2.3398186076497365,1,0.0,0.0,interior
T094,L,3429,T012,130,0,mapped,-8.027416965281652,12.101428267148037,-1.8013734802874823,1,0.0,0.0,interior
T094,L,3430,T012,131,0,mapped,-8.03531682999851,12.161665584171356,-1.2721587462329291,1,0.0,0.0,interior
T094,L,3431,T012,132,0,mapped,-8.345995129501869,12.210725014834054,-0.7447505629145362,1,0.0,0.0,interior
T094,L,3432,T012,133,0,mapped,-8.720050847130244,12.483694048937263,-0.42199238284391577,1,0.0,0.0,interior
T094,L,3433,T012,134,0,mapped,-9.113471090024532,12.763206290924956,-0.20641638830361897,2,3.985994439185401e-15,1.9929972195927004e-15,shared_edge
T094,L,3434,T012,135,0,mapped,-9.84072494379329,11.813154259210915,-9.383374505661418,1,0.0,0.0,interior
T094,L,3435,T012,136,0,mapped,-10.229607652593147,11.456691595425816,-8.890863228287094,1,0.0,0.0,interior
T094,L,3436,T012,137,0,mapped,-10.47937144472878,11.247052690258947,-8.369978332403301,1,0.0,0.0,interior
T094,L,3437,T012,138,0,mapped,-10.439016153280857,11.229761651037936,-7.755298804995262,1,0.0,0.0,interior
T094,L,3438,T012,139,0,mapped,-10.590171751218396,11.138529445294388,-7.072632100541606,1,0.0,0.0,interior
T094,L,3439,T012,140,0,mapped,-10.561620565122992,11.074654401172033,-6.447125355295224,1,0.0,0.0,interior
T094,L,3440,T012,141,0,mapped,-10.369997063901,11.17845725994055,-5.797803170832636,1,0.0,0.0,interior
T094,L,3441,T012,142,0,mapped,-9.997255489715993,11.247254067532637,-5.365013508312081,1,0.0,0.0,interior
T094,L,3442,T012,143,0,mapped,-9.589676052613765,11.414514602978233,-4.96600383944564,1,0.0,0.0,interior
T094,L,3443,T012,144,0,mapped,-9.19853693537869,11.574510693858091,-4.567366617086656,1,0.0,0.0,interior
T094,L,3444,T012,145,0,mapped,-8.879960527114548,11.661053935046649,-4.156007177353836,1,0.0,0.0,interior
T094,L,3445,T012,146,0,mapped,-8.627735084407085,11.7117448563246,-3.7141962185651805,1,0.0,0.0,interior
T094,L,3446,T012,147,0,mapped,-8.363309833891972,11.69644847533539,-3.1751658293630878,1,0.0,0.0,interior
T094,L,3447,T012,148,0,mapped,-8.15410093473999,11.668128604520948,-2.631714725588618,1,0.0,0.0,interior
T094,L,3448,T012,149,0,mapped,-8.035175080212296,11.696828407577144,-2.102578945385387,1,0.0,0.0,interior
T094,L,3449,T012,150,0,mapped,-8.075576819669449,11.800311004798978,-1.4872594316434498,1,0.0,0.0,interior
T094,L,3450,T012,151,0,mapped,-8.334751791942562,11.80118670475711,-0.982579287516689,1,0.0,0.0,interior
T094,L,3451,T012,152,0,mapped,-8.709171916024896,12.080306869471922,-0.6151495685615989,1,0.0,0.0,interior
T094,L,3452,T012,153,0,mapped,-9.125716725381592,12.30232495476691,-0.3489398398192053,2,0.0,0.0,shared_edge
T094,L,3453,T012,154,0,mapped,-9.762034859445858,11.566655321361285,-8.967873385211856,1,0.0,0.0,interior
T094,L,3454,T012,155,0,mapped,-10.102158634204837,11.216308460538677,-8.533562666244817,1,0.0,0.0,interior
T094,L,3455,T012,156,0,mapped,-10.309966205675403,10.96735526036074,-8.026340422568651,1,0.0,0.0,interior
T094,L,3456,T012,157,0,mapped,-10.465634986273486,10.934654490061671,-7.367571151960522,1,0.0,0.0,interior
T094,L,3457,T012,158,0,mapped,-10.519438867028196,10.739376722516695,-6.729704379674586,1,0.0,0.0,interior
T094,L,3458,T012,159,0,mapped,-10.299476404113133,10.783001158232867,-6.021657098230219,1,0.0,0.0,interior
T094,L,3459,T012,160,0,mapped,-9.983531751288254,10.895578372156574,-5.567538524092138,1,0.0,0.0,interior
T094,L,3460,T012,161,0,mapped,-9.61855694245968,11.04471295934498,-5.168270944780621,1,0.0,0.0,interior
T094,L,3461,T012,162,0,mapped,-9.274365925712178,11.222060302174526,-4.752833617254727,1,0.0,0.0,interior
T094,L,3462,T012,163,0,mapped,-8.914066725314836,11.28434679261239,-4.3503877945639085,1,0.0,0.0,interior
T094,L,3463,T012,164,0,mapped,-8.63124517839822,11.348356508758819,-3.9505499970194524,1,0.0,0.0,interior
T094,L,3464,T012,165,0,mapped,-8.380322913537665,11.380055293765725,-3.481307289656863,1,0.0,0.0,interior
T094,L,3465,T012,166,0,mapped,-8.187349801126324,11.319974328297683,-2.9345129940824637,1,0.0,0.0,interior
T094,L,3466,T012,167,0,mapped,-8.060516283976787,11.342461155915935,-2.4529800265020336,1,0.0,0.0,interior
T094,L,3467,T012,168,0,mapped,-8.08122943905453,11.35830417827368,-1.8225603993383097,1,0.0,0.0,interior
T094,L,3468,T012,169,0,mapped,-8.295414654967708,11.47375131269779,-1.2918747962115231,1,0.0,0.0,interior
T094,L,3469,T012,170,0,mapped,-8.708225169425939,11.59941939369018,-0.8161040140433639,1,0.0,0.0,interior
T094,L,3470,T012,171,0,mapped,-9.12982092617727,11.851334615503905,-0.5217904281316451,2,2.2039045623040506e-15,1.1019522811520253e-15,shared_edge
T094,L,3471,T012,172,0,mapped,-9.655480442121057,11.265852441548834,-8.596160949627109,1,0.0,0.0,interior
T094,L,3472,T012,173,0,mapped,-9.967605073836364,10.91251927788634,-8.218762367310841,1,0.0,0.0,interior
T094,L,3473,T012,174,0,mapped,-10.172516288004054,10.709142352288982,-7.636192309046541,1,0.0,0.0,interior
T094,L,3474,T012,175,0,mapped,-10.338104844087823,10.473727209927965,-7.036185608576033,1,0.0,0.0,interior
T094,L,3475,T012,176,0,mapped,-10.24650836402694,10.463980827585502,-6.280218598922255,1,0.0,0.0,interior
T094,L,3476,T012,177,0,mapped,-9.922947871807725,10.526582658449044,-5.775003035850683,1,0.0,0.0,interior
T094,L,3477,T012,178,0,mapped,-9.581663223951558,10.690911789574692,-5.367085574054071,1,0.0,0.0,interior
T094,L,3478,T012,179,0,mapped,-9.292223829603829,10.83120576308508,-4.99304771804895,1,0.0,0.0,interior
T094,L,3479,T012,180,0,mapped,-8.97637322833022,10.904719263737267,-4.588755342524299,1,0.0,0.0,interior
T094,L,3480,T012,181,0,mapped,-8.67770268401934,10.947875939216438,-4.183398381371436,1,0.0,0.0,interior
T094,L,3481,T012,182,0,mapped,-8.429163484873705,10.986242897853398,-3.7665170041116856,1,0.0,0.0,interior
T094,L,3482,T012,183,0,mapped,-8.220675710529445,10.98386133658892,-3.257615003327981,1,0.0,0.0,interior
T094,L,3483,T012,184,0,mapped,-8.104965634530888,10.890945185974605,-2.6485098361424813,1,0.0,0.0,interior
T094,L,3484,T012,185,0,mapped,-8.09702753925664,10.906046151534358,-2.1752683161239244,1,0.0,0.0,interior
T094,L,3485,T012,186,0,mapped,-8.3098936059206,11.020392174265318,-1.5849488614911833,1,0.0,0.0,interior
T094,L,3486,T012,187,0,mapped,-8.634765778763771,11.201870495637397,-1.1218392513238031,1,0.0,0.0,interior
T094,L,3487,T012,188,0,mapped,-9.136958973362283,11.396257881095849,-0.6835088099359843,2,2.731253398295299e-15,1.3656266991476497e-15,shared_edge
T094,L,3488,T012,189,0,mapped,-9.463432019741074,10.958143393698414,-8.295625351266473,1,0.0,0.0,interior
T094,L,3489,T012,190,0,mapped,-9.800523375356327,10.582889908320027,-7.845252947207013,1,0.0,0.0,interior
T094,L,3490,T012,191,0,mapped,-9.985662804186287,10.381712726836987,-7.289083548172855,1,0.0,0.0,interior
T094,L,3491,T012,192,0,mapped,-10.080288373758057,10.117788338976137,-6.622983285278959,1,0.0,0.0,interior
T094,L,3492,T012,193,0,mapped,-9.874496423570598,10.196273850548227,-6.041093169949897,1,0.0,0.0,interior
T094,L,3493,T012,194,0,mapped,-9.504616752131579,10.360258146756092,-5.554506782307126,1,0.0,0.0,interior
T094,L,3494,T012,195,0,mapped,-9.248230986076083,10.466092640529698,-5.212681655386791,1,0.0,0.0,interior
T094,L,3495,T012,196,0,mapped,-8.993684203971654,10.525745692860827,-4.842145715836291,1,0.0,0.0,interior
T094,L,3496,T012,197,0,mapped,-8.744778403179245,10.542535860197418,-4.424550107197441,1,0.0,0.0,interior
T094,L,3497,T012,198,0,mapped,-8.495673996344216,10.562485915021163,-4.028977143878623,1,0.0,0.0,interior
T094,L,3498,T012,199,0,mapped,-8.275587670846328,10.533690674118855,-3.573668766597343,1,0.0,0.0,interior
T094,L,3499,T012,200,0,mapped,-8.178614983290693,10.540711706918962,-3.0275106014323674,1,0.0,0.0,interior
T094,L,3500,T012,201,0,mapped,-8.19109342034934,10.506230802857402,-2.38841717496856,1,0.0,0.0,interior
T094,L,3501,T012,202,0,mapped,-8.39507448092801,10.630528343254568,-1.8125571864288412,1,0.0,0.0,interior
T094,L,3502,T012,203,0,mapped,-8.688694603111552,10.742223659834671,-1.3753641851693919,1,0.0,0.0,interior
T094,L,3503,T012,204,0,mapped,-9.118035718818142,10.986294438075547,-0.9366321962452768,2,8.881784197001252e-16,4.440892098500626e-16,shared_edge
T094,L,3504,T012,205,0,mapped,-9.35212194319701,10.65506643198539,-7.961074644250116,1,0.0,0.0,interior
T094,L,3505,T012,206,0,mapped,-9.59935493155243,10.327531703814326,-7.522282403950132,1,0.0,0.0,interior
T094,L,3506,T012,207,0,mapped,-9.808933198602057,9.985447001798885,-6.948057990107597,1,0.0,0.0,interior
T094,L,3507,T012,208,0,mapped,-9.697386966718703,9.91036552638689,-6.2717390549006025,1,0.0,0.0,interior
T094,L,3508,T012,209,0,mapped,-9.357637544937203,10.079935360344873,-5.75101457566328,1,0.0,0.0,interior
T094,L,3509,T012,210,0,mapped,-9.149454922138748,10.194965224864468,-5.388843042927418,1,0.0,0.0,interior
T094,L,3510,T012,211,0,mapped,-8.978220370839523,10.194534368996742,-5.041589033054911,1,0.0,0.0,interior
T094,L,3511,T012,212,0,mapped,-8.794873469074442,10.1657609874166,-4.654581491572685,1,0.0,0.0,interior
T094,L,3512,T012,213,0,mapped,-8.579943582610314,10.123082111203754,-4.2233892776080495,1,0.0,0.0,interior
T094,L,3513,T012,214,0,mapped,-8.406607332671129,10.13172020615482,-3.8338374303274123,1,0.0,0.0,interior
T094,L,3514,T012,215,0,mapped,-8.274873551260297,10.138666075904677,-3.2841598954207574,1,0.0,0.0,interior
T094,L,3515,T012,216,0,mapped,-8.34764856592558,10.08093632555115,-2.680885924102142,1,0.0,0.0,interior
T094,L,3516,T012,217,0,mapped,-8.495974824147115,10.243552663377972,-2.119632943801017,1,0.0,0.0,interior
T094,L,3517,T012,218,0,mapped,-8.781524335347985,10.342970005070285,-1.5767912785404081,1,0.0,0.0,interior
T094,L,3518,T012,219,0,mapped,-9.146782425815363,10.587600687670989,-1.1718842465308483,2,4.171839369083926e-15,2.085919684541963e-15,shared_edge
T094,L,3519,T012,220,0,mapped,-9.265005075097477,10.350312215869437,-7.637739506529396,1,0.0,0.0,interior
T094,L,3520,T012,221,0,mapped,-9.49758164609047,9.990528506342411,-7.189108463072293,1,0.0,0.0,interior
T094,L,3521,T012,222,0,mapped,-9.499224405347398,9.790204258761847,-6.544938900092912,1,0.0,0.0,interior
T094,L,3522,T012,223,0,mapped,-9.236107533115092,9.888180474107859,-5.99539562283821,1,0.0,0.0,interior
T094,L,3523,T012,224,0,mapped,-9.023502846266885,9.97286091011632,-5.5951766183561835,1,0.0,0.0,interior
T094,L,3524,T012,225,0,mapped,-8.924292603170269,9.93311913993293,-5.189111019812215,1,0.0,0.0,interior
T094,L,3525,T012,226,0,mapped,-8.856083038629855,9.866305498771634,-4.83555663862263,1,0.0,0.0,interior
T094,L,3526,T012,227,0,mapped,-8.66857775891552,9.802722414276978,-4.411701147346348,1,0.0,0.0,interior
T094,L,3527,T012,228,0,mapped,-8.49821009276326,9.805820214935007,-3.9872902394839853,1,0.0,0.0,interior
T094,L,3528,T012,229,0,mapped,-8.41522415857774,9.740351270629386,-3.4863121152841847,1,0.0,0.0,interior
T094,L,3529,T012,230,0,mapped,-8.470816401634385,9.762262348390987,-2.900859571467728,1,0.0,0.0,interior
T094,L,3530,T012,231,0,mapped,-8.585119550788214,9.855100643605063,-2.3584456501361815,1,0.0,0.0,interior
T094,L,3531,T012,232,0,mapped,-8.883474483230522,9.930879527062807,-1.838279498145096,1,0.0,0.0,interior
T094,L,3532,T012,233,0,mapped,-9.314992781843959,10.185946423999535,-1.3144968669825696,2,4.490574227168739e-15,2.2452871135843694e-15,shared_edge
T094,L,3533,T012,234,0,mapped,-9.180674782670028,10.002126678207468,-7.314943938084692,1,0.0,0.0,interior
T094,L,3534,T012,235,0,mapped,-9.306923557792725,9.730931532332608,-6.770821928474251,1,0.0,0.0,interior
T094,L,3535,T012,236,0,mapped,-9.134258432711768,9.72307679684544,-6.257168791886191,1,0.0,0.0,interior
T094,L,3536,T012,237,0,mapped,-8.91850628231051,9.742898681570356,-5.816097905358935,1,0.0,0.0,interior
T094,L,3537,T012,238,0,mapped,-8.86080670169694,9.661186097754005,-5.333126129769779,1,0.0,0.0,interior
T094,L,3538,T012,239,0,mapped,-8.847750750192205,9.591945136376957,-4.894530853665812,1,0.0,0.0,interior
T094,L,3539,T012,240,0,mapped,-8.77559103591626,9.47253859820458,-4.628910278848037,1,0.0,0.0,interior
T094,L,3540,T012,241,0,mapped,-8.596137695269674,9.454135603665975,-4.167742737025977,1,0.0,0.0,interior
T094,L,3541,T012,242,0,mapped,-8.538946964965387,9.41861778186496,-3.6887117625007995,1,0.0,0.0,interior
T094,L,3542,T012,243,0,mapped,-8.58743769024149,9.37385118968599,-3.144954045689904,1,0.0,0.0,interior
T094,L,3543,T012,244,0,mapped,-8.680585219686677,9.50526477350343,-2.5944549222083015,1,0.0,0.0,interior
T094,L,3544,T012,245,0,mapped,-8.899922967410598,9.620318605154477,-2.1062899836120423,1,0.0,0.0,interior
T094,L,3545,T012,246,0,mapped,-9.284431678717574,9.801805700212142,-1.6060429957909503,2,9.155133597044477e-16,4.577566798522237e-16,shared_edge
T094,L,3546,T012,247,0,mapped,-9.076811578241221,9.685284636175062,-6.993555683831036,1,0.0,0.0,interior
T094,L,3547,T012,248,0,mapped,-9.05052595716799,9.611732572159823,-6.428621889286539,1,0.0,0.0,interior
T094,L,3548,T012,249,0,mapped,-8.883369324855497,9.524050117272285,-5.998554785243646,1,0.0,0.0,interior
T094,L,3549,T012,250,0,mapped,-8.822196315355917,9.431333347860196,-5.541635032135875,1,0.0,0.0,interior
T094,L,3550,T012,251,0,mapped,-8.81224250532136,9.295197130693438,-5.118017643224697,1,0.0,0.0,interior
T094,L,3551,T012,252,0,mapped,-8.794314261795273,9.251092653045351,-4.760117228862207,1,0.0,0.0,interior
T094,L,3552,T012,253,0,mapped,-8.709853440030988,9.179323952339235,-4.369737404354197,1,0.0,0.0,interior
T094,L,3553,T012,254,0,mapped,-8.669858058198724,9.106291982501688,-3.866768498183351,1,0.0,0.0,interior
T094,L,3554,T012,255,0,mapped,-8.736384005316204,9.062301125481369,-3.3657305350434505,1,0.0,0.0,interior
T094,L,3555,T012,256,0,mapped,-8.898122307509816,9.062189960772194,-2.8066027664973183,1,0.0,0.0,interior
T094,L,3556,T012,257,0,mapped,-9.005065045037256,9.232744775791577,-2.3450403244951383,1,0.0,0.0,interior
T094,L,3557,T012,258,0,mapped,-9.249742671495472,9.428729495455844,-1.9104138237018513,2,8.881784197001252e-16,4.440892098500626e-16,shared_edge
T094,L,3558,T012,259,0,mapped,-9.006455038041743,9.450377813196734,-6.572829111396125,1,0.0,0.0,interior
T094,L,3559,T012,260,0,mapped,-8.89129662701461,9.373056782390375,-6.129388413396624,1,0.0,0.0,interior
T094,L,3560,T012,261,0,mapped,-8.858773682624578,9.160275805049142,-5.735996752670663,1,0.0,0.0,interior
T094,L,3561,T012,262,0,mapped,-8.847936458164506,9.038648651029153,-5.353865833560829,1,0.0,0.0,interior
T094,L,3562,T012,263,0,mapped,-8.836267712550063,8.896836982886036,-4.879367184452942,1,0.0,0.0,interior
T094,L,3563,T012,264,0,mapped,-8.808989308259035,8.888065216363664,-4.462923947882863,1,0.0,0.0,interior
T094,L,3564,T012,265,0,mapped,-8.819459893822643,8.805125150146424,-4.022560490635558,1,0.0,0.0,interior
T094,L,3565,T012,266,0,mapped,-8.889770987081882,8.745728399859864,-3.5985860149978675,1,0.0,0.0,interior
T094,L,3566,T012,267,0,mapped,-9.019633915661736,8.74920129549686,-3.1393689845075223,1,0.0,0.0,interior
T094,L,3567,T012,268,0,mapped,-9.292926363101973,8.769748881702498,-2.550592814009182,1,0.0,0.0,interior
T094,L,3568,T012,269,0,mapped,-9.376152726219114,9.067689097382818,-2.131589301189832,2,5.1021965732705145e-15,2.5510982866352577e-15,shared_edge
T094,L,3569,T012,270,0,mapped,-8.90975950164154,9.186740987983544,-6.185461041017048,1,0.0,0.0,interior
T094,L,3570,T012,271,0,mapped,-8.89174831825393,8.966142515373726,-5.854409365464372,1,0.0,0.0,interior
T094,L,3571,T012,272,0,mapped,-8.92313666167463,8.747443097843213,-5.498307137935939,1,0.0,0.0,interior
T094,L,3572,T012,273,0,mapped,-8.93091387193224,8.630848308213174,-5.055339954660925,1,0.0,0.0,interior
T094,L,3573,T012,274,0,mapped,-8.92209431805203,8.583179690269677,-4.645426383159208,1,0.0,0.0,interior
T094,L,3574,T012,275,0,mapped,-8.94942895362622,8.516843541311903,-4.170329179776471,1,0.0,0.0,interior
T094,L,3575,T012,276,0,mapped,-9.027682723562496,8.462821212733463,-3.810207119518779,1,0.0,0.0,interior
T094,L,3576,T012,277,0,mapped,-9.152683672407909,8.490308224657564,-3.2618628836365287,1,0.0,0.0,interior
T094,L,3577,T012,278,0,mapped,-9.326377401390047,8.478441041547239,-2.866982949952115,1,0.0,0.0,interior
T094,L,3578,T012,279,0,mapped,-9.546854064426668,8.69805816999687,-2.391092840268571,2,0.0,0.0,shared_edge
T094,L,3579,T012,280,0,mapped,-8.944347230889818,8.719491713269992,-6.128293664573343,1,0.0,0.0,interior
T094,L,3580,T012,281,0,mapped,-8.98566521091978,8.562364258676286,-5.631082592534352,1,0.0,0.0,interior
T094,L,3581,T012,282,0,mapped,-9.028389564006329,8.39649751073578,-5.253240843730758,1,0.0,0.0,interior
T094,L,3582,T012,283,0,mapped,-9.066278596837954,8.30822083285014,-4.827205605917417,1,0.0,0.0,interior
T094,L,3583,T012,284,0,mapped,-9.08056076355256,8.246374134216659,-4.410541864914785,1,0.0,0.0,interior
T094,L,3584,T012,285,0,mapped,-9.100371398768484,8.293472072564725,-3.9749493674693914,1,0.0,0.0,interior
T094,L,3585,T012,286,0,mapped,-9.244422422633514,8.240116170899089,-3.534260571754391,1,0.0,0.0,interior
T094,L,3586,T012,287,0,mapped,-9.470432311284467,8.16360164152145,-3.099033208882383,1,0.0,0.0,interior
T094,L,3587,T012,288,0,mapped,-9.596342274225755,8.347827721961838,-2.696177112734745,2,1.7763568394002505e-15,8.881784197001252e-16,shared_edge
T094,L,3588,T012,289,0,mapped,-9.050130637418562,8.36094001967609,-5.831283178527138,1,0.0,0.0,interior
T094,L,3589,T012,290,0,mapped,-9.10570263132448,8.174913317857452,-5.3546687356736555,1,0.0,0.0,interior
T094,L,3590,T012,291,0,mapped,-9.197662830520915,8.023753946827101,-4.978603430978589,1,0.0,0.0,interior
T094,L,3591,T012,292,0,mapped,-9.200046938909328,8.044948317284904,-4.617188441829673,1,0.0,0.0,interior
T094,L,3592,T012,293,0,mapped,-9.28430760864876,7.982491310015197,-4.178244781785108,1,0.0,0.0,interior
T094,L,3593,T012,294,0,mapped,-9.44083363264265,7.92408137358907,-3.807707778033286,1,0.0,0.0,interior
T094,L,3594,T012,295,0,mapped,-9.5084335779954,8.009374908846436,-3.3108506676104916,1,0.0,0.0,interior
T094,L,3595,T012,296,0,mapped,-9.787172571804078,7.981351982822382,-2.93049782736916,2,1.7763568394002505e-15,8.881784197001252e-16,shared_edge
T094,L,3596,T012,297,0,mapped,-9.177202885334891,7.964365636420945,-5.651544197427558,1,0.0,0.0,interior
T094,L,3597,T012,298,0,mapped,-9.257653517348375,7.84000166091573,-5.153368994804071,1,0.0,0.0,interior
T094,L,3598,T012,299,0,mapped,-9.351385116250931,7.783867416912447,-4.746772018360218,1,0.0,0.0,interior
T094,L,3599,T012,300,0,mapped,-9.429350791486197,7.750329111962243,-4.3684938706557706,1,0.0,0.0,interior
T094,L,3600,T012,301,0,mapped,-9.546415332308314,7.715966427136433,-4.040662421817526,1,0.0,0.0,interior
T094,L,3601,T012,302,0,mapped,-9.783877275134001,7.6442382642788065,-3.6532776504024476,1,0.0,0.0,interior
T094,L,3602,T012,303,0,mapped,-9.939337841154842,7.696154500069754,-3.218538584510454,2,1.7763568394002505e-15,8.881784197001252e-16,shared_edge
T094,L,3603,T012,304,0,mapped,-9.35756752513898,7.61868908658688,-5.353387156502164,1,0.0,0.0,interior
T094,L,3604,T012,305,0,mapped,-9.50651996777583,7.5330466185454625,-4.917346033766597,1,0.0,0.0,interior
T094,L,3605,T012,306,0,mapped,-9.569677491155844,7.545833218966223,-4.557628625142358,1,0.0,0.0,interior
T094,L,3606,T012,307,0,mapped,-9.607248589176153,7.600993929569507,-4.2087364617798695,1,0.0,0.0,interior
T094,L,3607,T012,308,0,mapped,-9.850075265028261,7.5042271010751875,-3.885282084425965,1,0.0,0.0,interior
T094,L,3608,T012,309,0,mapped,-10.059045092902672,7.433550609642165,-3.5550593575207388,2,1.7763568394002505e-15,8.881784197001252e-16,shared_edge
T094,L,3609,T012,310,0,mapped,-9.608149842708242,7.3118638954815385,-5.103811725144912,1,0.0,0.0,interior
T094,L,3610,T012,311,0,mapped,-9.811589644393202,7.252181321703169,-4.734664475096958,1,0.0,0.0,interior
T094,L,3611,T012,312,0,mapped,-9.935268998143599,7.267749496510421,-4.358842681125622,1,0.0,0.0,interior
T094,L,3612,T012,313,0,mapped,-9.984064629376526,7.278082887153477,-4.211231864821887,1,0.0,0.0,interior
T094,L,3613,T012,314,0,mapped,-10.345450230381374,7.155688110592987,-3.7527332334083043,2,3.972054645195637e-15,1.9860273225978185e-15,shared_edge
T094,L,3614,T012,315,0,mapped,-9.932755636569611,7.01966187961075,-4.949238861947342,1,0.0,0.0,interior
T094,L,3615,T012,316,0,mapped,-10.148777315389246,6.958098260184077,-4.687366134579982,1,0.0,0.0,interior
T094,L,3616,T012,317,0,mapped,-10.34689788168242,6.929489007938775,-4.434132107777613,1,0.0,0.0,interior
T094,L,3617,T012,318,0,mapped,-10.546078535523572,6.936194280565182,-4.09327945154482,2,1.831026719408895e-15,9.155133597044477e-16,shared_edge
T094,L,3618,T012,319,0,mapped,-10.30853867788081,6.703607846298539,-4.922748323222418,1,0.0,0.0,interior
T094,L,3619,T012,320,0,mapped,-10.504572048794078,6.68869112732756,-4.692694468025944,1,0.0,0.0,interior
T094,L,3620,T012,321,0,mapped,-10.79770525813689,6.71651924714547,-4.374131224411722,2,1.7763568394002505e-15,8.881784197001252e-16,shared_edge
T094,L,3621,T012,322,0,mapped,-10.681505755406954,6.3909433907542805,-4.9917946179194725,1,0.0,0.0,interior
T094,L,3622,T012,323,0,mapped,-11.036607620302625,6.487885968449012,-4.665607700994127,2,1.831026719408895e-15,9.155133597044477e-16,shared_edge
T094,L,3623,T012,324,0,mapped,-11.111223718821913,6.225869080672137,-4.996883179959893,3,0.0,0.0,landmark
T094,L,3624,T013,26,0,mapped,-11.315841229781679,13.487683660537126,-10.439527772273165,1,0.0,0.0,interior
T094,L,3625,T013,27,0,mapped,-11.3627734725082,13.509683370842804,-9.878749868716262,1,0.0,0.0,interior
T094,L,3626,T013,28,0,mapped,-11.47372118010463,13.455956759585412,-9.230710259497524,1,0.0,0.0,interior
T094,L,3627,T013,29,0,mapped,-11.571351502189533,13.48387679666989,-8.614771364522642,1,0.0,0.0,interior
T094,L,3628,T013,30,0,mapped,-11.604190255634418,13.44299668698784,-7.984898051973689,1,0.0,0.0,interior
T094,L,3629,T013,31,0,mapped,-11.555617657510682,13.420081869258269,-7.362636479953843,1,0.0,0.0,interior
T094,L,3630,T013,32,0,mapped,-11.354188042399096,13.407052638391086,-6.74896961562675,1,0.0,0.0,interior
T094,L,3631,T013,33,0,mapped,-11.096503836229608,13.51912413724028,-6.2449765118705045,1,0.0,0.0,interior
T094,L,3632,T013,34,0,mapped,-10.81168057173877,13.625651455459057,-5.7478607884115895,1,0.0,0.0,interior
T094,L,3633,T013,35,0,mapped,-10.37263052147008,13.644944811582032,-5.290464955610703,1,0.0,0.0,interior
T094,L,3634,T013,36,0,mapped,-9.886945272240485,13.769937731291545,-4.855866988841927,1,0.0,0.0,interior
T094,L,3635,T013,37,0,mapped,-9.522600364491115,13.98377843529871,-4.397369466697058,1,0.0,0.0,interior
T094,L,3636,T013,38,0,mapped,-9.252560623568375,14.177225741499758,-3.8907162531678714,1,0.0,0.0,interior
T094,L,3637,T013,39,0,mapped,-8.994337726234665,14.278033309199085,-3.3602157478723944,1,0.0,0.0,interior
T094,L,3638,T013,40,0,mapped,-8.684941666420016,14.298799227210534,-2.835074917242813,1,0.0,0.0,interior
T094,L,3639,T013,41,0,mapped,-8.349449505414977,14.291509116303686,-2.322460472644506,1,0.0,0.0,interior
T094,L,3640,T013,42,0,mapped,-8.037110965224404,14.297587609424962,-1.7943032690425278,1,0.0,0.0,interior
T094,L,3641,T013,43,0,mapped,-7.734865453612248,14.33704569326229,-1.1904668370050924,1,0.0,0.0,interior
T094,L,3642,T013,44,0,mapped,-7.544866252114902,14.283877398552026,-0.5234244994232042,1,0.0,0.0,interior
T094,L,3643,T013,45,0,mapped,-7.721131628222778,14.399808294651866,0.09894391530685182,1,0.0,0.0,interior
T094,L,3644,T013,46,0,mapped,-8.140214327343877,14.616835255140465,0.4344010967975907,1,0.0,0.0,interior
T094,L,3645,T013,47,0,mapped,-8.651583499867218,14.97302174894996,0.6949357808313517,1,0.0,0.0,interior
T094,L,3646,T013,50,0,mapped,-11.4459571350899,13.843916019036289,-10.0640167245052,1,0.0,0.0,interior
T094,L,3647,T013,51,0,mapped,-11.576862183849286,13.835164257653876,-9.343215371128638,1,0.0,0.0,interior
T094,L,3648,T013,52,0,mapped,-11.611800577640984,13.873024001363415,-8.74683209929917,1,0.0,0.0,interior
T094,L,3649,T013,53,0,mapped,-11.681038530041253,13.870176009049516,-8.130020599864096,1,0.0,0.0,interior
T094,L,3650,T013,54,0,mapped,-11.654383871935885,13.858239250884019,-7.520123608396348,1,0.0,0.0,interior
T094,L,3651,T013,55,0,mapped,-11.494803921138093,13.888969552533688,-6.9252789350088015,1,0.0,0.0,interior
T094,L,3652,T013,56,0,mapped,-11.232303730509187,13.990054709342239,-6.395793853423725,1,0.0,0.0,interior
T094,L,3653,T013,57,0,mapped,-10.910828956934239,14.123268673711866,-5.924009040094798,1,0.0,0.0,interior
T094,L,3654,T013,58,0,mapped,-10.500423092321471,14.18669585526468,-5.468179457476358,1,0.0,0.0,interior
T094,L,3655,T013,59,0,mapped,-10.019038468422396,14.23995880077289,-5.00538784549357,1,0.0,0.0,interior
T094,L,3656,T013,60,0,mapped,-9.642398520965955,14.387744804437638,-4.520666630418209,1,0.0,0.0,interior
T094,L,3657,T013,61,0,mapped,-9.337558199338936,14.54489127360904,-4.016374034218892,1,0.0,0.0,interior
T094,L,3658,T013,62,0,mapped,-9.040818628978709,14.65089404219368,-3.4916898154586824,1,0.0,0.0,interior
T094,L,3659,T013,63,0,mapped,-8.71646855330322,14.701742445753858,-2.9640451916314805,1,0.0,0.0,interior
T094,L,3660,T013,64,0,mapped,-8.36569535707331,14.728980320444808,-2.4372722500922084,1,0.0,0.0,interior
T094,L,3661,T013,65,0,mapped,-8.021378059066986,14.75667650666578,-1.8860869615444906,1,0.0,0.0,interior
T094,L,3662,T013,66,0,mapped,-7.682341086943652,14.78063744075013,-1.2428322440974988,1,0.0,0.0,interior
T094,L,3663,T013,67,0,mapped,-7.430624620208873,14.691677429512712,-0.5567943078268407,1,0.0,0.0,interior
T094,L,3664,T013,68,0,mapped,-7.460901939831661,14.74339941790971,0.15391461543771084,1,0.0,0.0,interior
T094,L,3665,T013,69,0,mapped,-7.905857237226216,14.90221340305305,0.5896747629381054,1,0.0,0.0,interior
T094,L,3666,T013,70,0,mapped,-8.559497917481373,15.31742386240792,0.9115775623093098,1,0.0,0.0,interior
T094,L,3667,T013,73,0,mapped,-11.67369627123013,14.208799552745369,-9.55796019577578,1,0.0,0.0,interior
T094,L,3668,T013,74,0,mapped,-11.659841235122462,14.255895214953593,-8.866901954646957,1,0.0,0.0,interior
T094,L,3669,T013,75,0,mapped,-11.770034799990206,14.276152994527468,-8.262125465293495,1,0.0,0.0,interior
T094,L,3670,T013,76,0,mapped,-11.766313745634454,14.2992309376328,-7.664569770505844,1,0.0,0.0,interior
T094,L,3671,T013,77,0,mapped,-11.626908382110617,14.359218983035642,-7.083341123970439,1,0.0,0.0,interior
T094,L,3672,T013,78,0,mapped,-11.349774701316077,14.464775823408228,-6.533971315808934,1,0.0,0.0,interior
T094,L,3673,T013,79,0,mapped,-11.022544763953608,14.59720685355288,-6.057552152769454,1,0.0,0.0,interior
T094,L,3674,T013,80,0,mapped,-10.637524183569447,14.689140067213422,-5.607840812466415,1,0.0,0.0,interior
T094,L,3675,T013,81,0,mapped,-10.203809989741838,14.743300740908698,-5.142783887845577,1,0.0,0.0,interior
T094,L,3676,T013,82,0,mapped,-9.799456651502048,14.82273942506237,-4.6521997071332954,1,0.0,0.0,interior
T094,L,3677,T013,83,0,mapped,-9.448361487400453,14.935996431326924,-4.147945158227152,1,0.0,0.0,interior
T094,L,3678,T013,84,0,mapped,-9.112050915921373,15.032912458221784,-3.6278070342089643,1,0.0,0.0,interior
T094,L,3679,T013,85,0,mapped,-8.761404973381765,15.099996039696151,-3.0990318208010827,1,0.0,0.0,interior
T094,L,3680,T013,86,0,mapped,-8.391266042629798,15.150666673865818,-2.56022091936772,1,0.0,0.0,interior
T094,L,3681,T013,87,0,mapped,-8.016377720456502,15.20272531873394,-1.987318264199473,1,0.0,0.0,interior
T094,L,3682,T013,88,0,mapped,-7.650650052958408,15.260101635976,-1.3397330381254398,1,0.0,0.0,interior
T094,L,3683,T013,89,0,mapped,-7.368674955771613,15.217026425092826,-0.6317666201543216,1,0.0,0.0,interior
T094,L,3684,T013,90,0,mapped,-7.275845838434498,15.180623267054049,0.21497802467557509,1,0.0,0.0,interior
T094,L,3685,T013,91,0,mapped,-7.715784048234245,15.301513035836326,0.8014171610850146,1,0.0,0.0,interior
T094,L,3686,T013,92,0,mapped,-8.528150558356598,15.564963026117567,1.0801875375611958,1,0.0,0.0,interior
T094,L,3687,T013,95,0,mapped,-11.727459313666362,14.621403464279759,-9.112273796338028,1,0.0,0.0,interior
T094,L,3688,T013,96,0,mapped,-11.845835204499163,14.645352747911733,-8.453083700893144,1,0.0,0.0,interior
T094,L,3689,T013,97,0,mapped,-11.86159641510856,14.710845772101145,-7.827286196743006,1,0.0,0.0,interior
T094,L,3690,T013,98,0,mapped,-11.740578328358886,14.799067706574707,-7.228820417557501,1,0.0,0.0,interior
T094,L,3691,T013,99,0,mapped,-11.462838863362,14.91747011018013,-6.657599645457577,1,0.0,0.0,interior
T094,L,3692,T013,100,0,mapped,-11.13314067820303,15.029872284684256,-6.169352149525614,1,0.0,0.0,interior
T094,L,3693,T013,101,0,mapped,-10.77043298399127,15.1257693477373,-5.7181646038239755,1,0.0,0.0,interior
T094,L,3694,T013,102,0,mapped,-10.374667025998285,15.190710727580562,-5.259689233424444,1,0.0,0.0,interior
T094,L,3695,T013,103,0,mapped,-9.968623507161132,15.254079970801826,-4.781033011796783,1,0.0,0.0,interior
T094,L,3696,T013,104,0,mapped,-9.581225564784745,15.337943685614476,-4.282459754550271,1,0.0,0.0,interior
T094,L,3697,T013,105,0,mapped,-9.205553364790813,15.421075757084726,-3.7674468400768277,1,0.0,0.0,interior
T094,L,3698,T013,106,0,mapped,-8.825678865949453,15.494559258426921,-3.2390316794416143,1,0.0,0.0,interior
T094,L,3699,T013,107,0,mapped,-8.433676306671412,15.560229551346218,-2.6936457001838576,1,0.0,0.0,interior
T094,L,3700,T013,108,0,mapped,-8.037974673512881,15.629776287018608,-2.1072411030204505,1,0.0,0.0,interior
T094,L,3701,T013,109,0,mapped,-7.651992039042783,15.705494506644559,-1.46176499971767,1,0.0,0.0,interior
T094,L,3702,T013,110,0,mapped,-7.331677179490016,15.704148280220949,-0.7268185756193792,1,0.0,0.0,interior
T094,L,3703,T013,111,0,mapped,-7.145988924053922,15.63869465305207,0.2131040035117066,1,0.0,0.0,interior
T094,L,3704,T013,112,0,mapped,-7.45751140608997,15.660259814871836,1.0580344067286052,1,0.0,0.0,interior
T094,L,3705,T013,113,0,mapped,-8.480396149334423,15.96410070300037,1.3717863665437522,1,0.0,0.0,interior
T094,L,3706,T013,116,0,mapped,-11.876161375899033,15.008475397314847,-8.719106790843874,1,0.0,0.0,interior
T094,L,3707,T013,117,0,mapped,-11.927673448777178,15.082695451485836,-8.059475477617326,1,0.0,0.0,interior
T094,L,3708,T013,118,0,mapped,-11.810627461455612,15.18846597008045,-7.399604946984045,1,0.0,0.0,interior
T094,L,3709,T013,119,0,mapped,-11.565888778323105,15.29498403193804,-6.805607195982817,1,0.0,0.0,interior
T094,L,3710,T013,120,0,mapped,-11.250618563603481,15.410653970460196,-6.289166560186277,1,0.0,0.0,interior
T094,L,3711,T013,121,0,mapped,-10.906610446934144,15.514508681644067,-5.828016520818546,1,0.0,0.0,interior
T094,L,3712,T013,122,0,mapped,-10.532898129195113,15.596156166319762,-5.3761034308323845,1,0.0,0.0,interior
T094,L,3713,T013,123,0,mapped,-10.135668366877779,15.667291039477895,-4.908345871544419,1,0.0,0.0,interior
T094,L,3714,T013,124,0,mapped,-9.728421905440705,15.737415477969954,-4.419791440401026,1,0.0,0.0,interior
T094,L,3715,T013,125,0,mapped,-9.321061312316147,15.810683880321143,-3.91167678154904,1,0.0,0.0,interior
T094,L,3716,T013,126,0,mapped,-8.913124754065262,15.883293336195816,-3.3840794047250786,1,0.0,0.0,interior
T094,L,3717,T013,127,0,mapped,-8.50005463087254,15.957229245949495,-2.8327228705253025,1,0.0,0.0,interior
T094,L,3718,T013,128,0,mapped,-8.084049545089123,16.03927533302935,-2.2434022032166743,1,0.0,0.0,interior
T094,L,3719,T013,129,0,mapped,-7.681916996292132,16.124277496135793,-1.581870334441088,1,0.0,0.0,interior
T094,L,3720,T013,130,0,mapped,-7.308700249376083,16.155613177924547,-0.8048657944477997,1,0.0,0.0,interior
T094,L,3721,T013,131,0,mapped,-6.978941610984414,16.061161982606848,0.17480479400274224,1,0.0,0.0,interior
T094,L,3722,T013,132,0,mapped,-7.238758687757376,16.051261109812426,1.2818562656494998,1,0.0,0.0,interior
T094,L,3723,T013,133,0,mapped,-8.425238354775802,16.387611703141776,1.7188267699013,1,0.0,0.0,interior
T094,L,3724,T013,136,0,mapped,-11.933329452140915,15.429619434445936,-8.286422073343427,1,0.0,0.0,interior
T094,L,3725,T013,137,0,mapped,-11.880589191814815,15.546507375837109,-7.607394910827031,1,0.0,0.0,interior
T094,L,3726,T013,138,0,mapped,-11.66315569614399,15.629026523179348,-6.985456068747483,1,0.0,0.0,interior
T094,L,3727,T013,139,0,mapped,-11.371672203139,15.742037529205977,-6.439488112955561,1,0.0,0.0,interior
T094,L,3728,T013,140,0,mapped,-11.04225404470613,15.86272931821254,-5.9617868590227605,1,0.0,0.0,interior
T094,L,3729,T013,141,0,mapped,-10.68170100022839,15.96707801536487,-5.506285562597456,1,0.0,0.0,interior
T094,L,3730,T013,142,0,mapped,-10.293133701911598,16.053542964374326,-5.044124401709059,1,0.0,0.0,interior
T094,L,3731,T013,143,0,mapped,-9.878930225430096,16.126677488796872,-4.564476928301098,1,0.0,0.0,interior
T094,L,3732,T013,144,0,mapped,-9.451343903444076,16.196832604264447,-4.061450409684952,1,0.0,0.0,interior
T094,L,3733,T013,145,0,mapped,-9.019949528397781,16.26743343214705,-3.535865908425677,1,0.0,0.0,interior
T094,L,3734,T013,146,0,mapped,-8.588846887096949,16.34418637766168,-2.980594043394625,1,0.0,0.0,interior
T094,L,3735,T013,147,0,mapped,-8.159617451824282,16.435479763941885,-2.381663483937877,1,0.0,0.0,interior
T094,L,3736,T013,148,0,mapped,-7.740926367283701,16.540388941235157,-1.7086121842185966,1,0.0,0.0,interior
T094,L,3737,T013,149,0,mapped,-7.324258567939857,16.63545600744378,-0.9035637677360754,1,0.0,0.0,interior
T094,L,3738,T013,150,0,mapped,-6.841666687192601,16.655197599675628,0.17081366155952943,1,0.0,0.0,interior
T094,L,3739,T013,151,0,mapped,-6.906127584396209,16.518927188923563,1.519609414525511,1,0.0,0.0,interior
T094,L,3740,T013,152,0,mapped,-8.475955756167433,16.896955435921473,2.0710601573892413,1,0.0,0.0,interior
T094,L,3741,T013,155,0,mapped,-11.943981923968616,15.876312853855946,-7.818220335769597,1,0.0,0.0,interior
T094,L,3742,T013,156,0,mapped,-11.760686013630163,15.95256532778033,-7.185485375039885,1,0.0,0.0,interior
T094,L,3743,T013,157,0,mapped,-11.487193278975623,16.049850951802252,-6.618282482413269,1,0.0,0.0,interior
T094,L,3744,T013,158,0,mapped,-11.175713611919747,16.188262266410433,-6.122663804176429,1,0.0,0.0,interior
T094,L,3745,T013,159,0,mapped,-10.826893449926189,16.317228082098946,-5.661508269968091,1,0.0,0.0,interior
T094,L,3746,T013,160,0,mapped,-10.44534022235031,16.422753420455212,-5.197642182610016,1,0.0,0.0,interior
T094,L,3747,T013,161,0,mapped,-10.029731638499165,16.506717558443572,-4.720651448061988,1,0.0,0.0,interior
T094,L,3748,T013,162,0,mapped,-9.591776901758632,16.578925403811834,-4.2218691090818306,1,0.0,0.0,interior
T094,L,3749,T013,163,0,mapped,-9.142468581805604,16.64780211479807,-3.6977142029924086,1,0.0,0.0,interior
T094,L,3750,T013,164,0,mapped,-8.696397450032498,16.724830419339423,-3.136885700947153,1,0.0,0.0,interior
T094,L,3751,T013,165,0,mapped,-8.260707933679962,16.82120706340639,-2.5287686113744874,1,0.0,0.0,interior
T094,L,3752,T013,166,0,mapped,-7.839849104680119,16.947427731302916,-1.8460572412131822,1,0.0,0.0,interior
T094,L,3753,T013,167,0,mapped,-7.422736749624583,17.111107001698237,-1.0331078779220138,1,0.0,0.0,interior
T094,L,3754,T013,168,0,mapped,-6.900706653861673,17.405761168443966,0.06026076121235129,1,0.0,0.0,interior
T094,L,3755,T013,169,0,mapped,-6.476385783950355,17.296218084929667,1.5735821139348,1,0.0,0.0,interior
T094,L,3756,T013,170,0,mapped,-8.42084203278483,17.38369441164864,2.496122741624556,1,0.0,0.0,interior
T094,L,3757,T013,173,0,mapped,-11.85869281388941,16.285792253313907,-7.401005145997411,1,0.0,0.0,interior
T094,L,3758,T013,174,0,mapped,-11.60270624754295,16.365375225830448,-6.82124947382004,1,0.0,0.0,interior
T094,L,3759,T013,175,0,mapped,-11.305095702341834,16.513541613328396,-6.321485738476547,1,0.0,0.0,interior
T094,L,3760,T013,176,0,mapped,-10.970984690576543,16.66371467069444,-5.850831134079136,1,0.0,0.0,interior
T094,L,3761,T013,177,0,mapped,-10.595455345358253,16.786084010147984,-5.378588564907084,1,0.0,0.0,interior
T094,L,3762,T013,178,0,mapped,-10.180789943575366,16.8813849707549,-4.897997276015283,1,0.0,0.0,interior
T094,L,3763,T013,179,0,mapped,-9.737413617676033,16.95786581359363,-4.39963070179674,1,0.0,0.0,interior
T094,L,3764,T013,180,0,mapped,-9.277877689304932,17.02639490473938,-3.873067728872975,1,0.0,0.0,interior
T094,L,3765,T013,181,0,mapped,-8.82092274982266,17.100506110327725,-3.309843834621901,1,0.0,0.0,interior
T094,L,3766,T013,182,0,mapped,-8.37916877576558,17.19746456941056,-2.692616491724438,1,0.0,0.0,interior
T094,L,3767,T013,183,0,mapped,-7.976012660566391,17.343423765616507,-1.9954384191101386,1,0.0,0.0,interior
T094,L,3768,T013,184,0,mapped,-7.583158583283403,17.557596612620326,-1.1856942527775916,1,0.0,0.0,interior
T094,L,3769,T013,185,0,mapped,-7.146494435168377,18.009767183498717,-0.12565922596984416,1,0.0,0.0,interior
T094,L,3770,T013,186,0,mapped,-6.365712270986981,18.347960260009405,1.4417479771732655,1,0.0,0.0,interior
T094,L,3771,T013,187,0,mapped,-8.552868694799558,18.07316170508554,2.990609594676847,1,0.0,0.0,interior
T094,L,3772,T013,190,0,mapped,-11.725460982085801,16.719161194830736,-7.0594201609660745,1,0.0,0.0,interior
T094,L,3773,T013,191,0,mapped,-11.4416840291587,16.869941965920578,-6.569422799647395,1,0.0,0.0,interior
T094,L,3774,T013,192,0,mapped,-11.11348162276778,17.022767637527178,-6.086102800865395,1,0.0,0.0,interior
T094,L,3775,T013,193,0,mapped,-10.740502683551476,17.15279147362822,-5.59981613391909,1,0.0,0.0,interior
T094,L,3776,T013,194,0,mapped,-10.331978987209027,17.25633547190703,-5.103688578919308,1,0.0,0.0,interior
T094,L,3777,T013,195,0,mapped,-9.887892050973155,17.33706170050497,-4.597427149694488,1,0.0,0.0,interior
T094,L,3778,T013,196,0,mapped,-9.424390403605209,17.405613583308725,-4.067695247118318,1,0.0,0.0,interior
T094,L,3779,T013,197,0,mapped,-8.958348626613343,17.475359908929182,-3.500370903774093,1,0.0,0.0,interior
T094,L,3780,T013,198,0,mapped,-8.517747728533084,17.568365809427164,-2.876691856277259,1,0.0,0.0,interior
T094,L,3781,T013,199,0,mapped,-8.127482137457475,17.718771370163594,-2.17432119268916,1,0.0,0.0,interior
T094,L,3782,T013,200,0,mapped,-7.7794740334266885,17.97014023090468,-1.3659436280424613,1,0.0,0.0,interior
T094,L,3783,T013,201,0,mapped,-7.472168195903949,18.445406479133588,-0.38438192249674263,1,0.0,0.0,interior
T094,L,3784,T013,202,0,mapped,-6.907353637153764,19.08539207035129,1.0975544290751502,1,0.0,0.0,interior
T094,L,3785,T013,203,0,mapped,-9.078553743492694,19.222275365507805,3.5642124552178087,1,0.0,0.0,interior
T094,L,3786,T013,206,0,mapped,-11.593497272377084,17.27329135466977,-6.8774933739712445,1,0.0,0.0,interior
T094,L,3787,T013,207,0,mapped,-11.262106567211202,17.409539554914414,-6.3694016102873485,1,0.0,0.0,interior
T094,L,3788,T013,208,0,mapped,-10.889449102507403,17.535000922892344,-5.861213187438122,1,0.0,0.0,interior
T094,L,3789,T013,209,0,mapped,-10.480911431848174,17.637048116102555,-5.3436083104960685,1,0.0,0.0,interior
T094,L,3790,T013,210,0,mapped,-10.041319493078385,17.720046867163845,-4.821324737001961,1,0.0,0.0,interior
T094,L,3791,T013,211,0,mapped,-9.579401114160877,17.78891637047708,-4.282844425883094,1,0.0,0.0,interior
T094,L,3792,T013,212,0,mapped,-9.112635508106749,17.855488287879876,-3.712000662867122,1,0.0,0.0,interior
T094,L,3793,T013,213,0,mapped,-8.670246639020128,17.938901924569986,-3.084292200462388,1,0.0,0.0,interior
T094,L,3794,T013,214,0,mapped,-8.290470828186201,18.08039736945914,-2.3768864616462384,1,0.0,0.0,interior
T094,L,3795,T013,215,0,mapped,-7.980119813737927,18.33530557633142,-1.5701602031621633,1,0.0,0.0,interior
T094,L,3796,T013,216,0,mapped,-7.768667822956122,18.794388488239452,-0.6379530083023195,1,0.0,0.0,interior
T094,L,3797,T013,217,0,mapped,-7.573131024989934,19.47501478330393,0.6792769838332056,1,0.0,0.0,interior
T094,L,3798,T013,218,0,mapped,-9.080999695216189,19.848351775704725,2.5714153819296817,1,0.0,0.0,interior
T094,L,3799,T013,221,0,mapped,-11.41378259847509,17.83436464564511,-6.715958308037281,1,0.0,0.0,interior
T094,L,3800,T013,222,0,mapped,-11.039789696454616,17.93813353893236,-6.165740455934832,1,0.0,0.0,interior
T094,L,3801,T013,223,0,mapped,-10.633560597526882,18.029589558919895,-5.616034539905497,1,0.0,0.0,interior
T094,L,3802,T013,224,0,mapped,-10.197323077877922,18.108723548740016,-5.06877863019567,1,0.0,0.0,interior
T094,L,3803,T013,225,0,mapped,-9.739640684874672,18.178140492291146,-4.517518341686689,1,0.0,0.0,interior
T094,L,3804,T013,226,0,mapped,-9.273245724688914,18.241639515290114,-3.943273883874027,1,0.0,0.0,interior
T094,L,3805,T013,227,0,mapped,-8.83284010083943,18.31660543764968,-3.3141275522237734,1,0.0,0.0,interior
T094,L,3806,T013,228,0,mapped,-8.456733034525456,18.439120504046414,-2.603767742467518,1,0.0,0.0,interior
T094,L,3807,T013,229,0,mapped,-8.174189810396602,18.671307420104156,-1.7950261278214554,1,0.0,0.0,interior
T094,L,3808,T013,230,0,mapped,-8.026957047998579,19.104973596577693,-0.8878905889293041,1,0.0,0.0,interior
T094,L,3809,T013,231,0,mapped,-8.089793416892736,19.674859455697504,0.2740040662057223,1,0.0,0.0,interior
T094,L,3810,T013,232,0,mapped,-9.072069224128139,19.826677625350275,1.5766870248237808,1,0.0,0.0,interior
T094,L,3811,T013,235,0,mapped,-11.194665340307768,18.369031813239253,-6.520235459735999,1,0.0,0.0,interior
T094,L,3812,T013,236,0,mapped,-10.78742534122486,18.43534725180312,-5.920333834450509,1,0.0,0.0,interior
T094,L,3813,T013,237,0,mapped,-10.35543499076164,18.503865389581634,-5.339592141131095,1,0.0,0.0,interior
T094,L,3814,T013,238,0,mapped,-9.902727643429184,18.572451336580272,-4.76824810977077,1,0.0,0.0,interior
T094,L,3815,T013,239,0,mapped,-9.438138363880444,18.636793787471365,-4.188412055430613,1,0.0,0.0,interior
T094,L,3816,T013,240,0,mapped,-8.990510833904809,18.70150503355145,-3.5668713996316104,1,0.0,0.0,interior
T094,L,3817,T013,241,0,mapped,-8.618236645245336,18.80192927862283,-2.8583021071995454,1,0.0,0.0,interior
T094,L,3818,T013,242,0,mapped,-8.354731437358554,19.003648907149095,-2.0414464426527936,1,0.0,0.0,interior
T094,L,3819,T013,243,0,mapped,-8.25668971521942,19.411894957169316,-1.1457711788126814,1,0.0,0.0,interior
T094,L,3820,T013,244,0,mapped,-8.392110930451134,19.846681707308335,-0.10674782873043667,1,0.0,0.0,interior
T094,L,3821,T013,245,0,mapped,-9.22813789247975,19.94167272121603,0.980137698037812,1,0.0,0.0,interior
T094,L,3822,T013,248,0,mapped,-10.942979892701477,18.8578428472031,-6.256462738614537,1,0.0,0.0,interior
T094,L,3823,T013,249,0,mapped,-10.514692228091878,18.904035690540294,-5.63059456303495,1,0.0,0.0,interior
T094,L,3824,T013,250,0,mapped,-10.068886196538795,18.967925395642293,-5.03215275962753,1,0.0,0.0,interior
T094,L,3825,T013,251,0,mapped,-9.606952014663264,19.037037466390956,-4.441751052932349,1,0.0,0.0,interior
T094,L,3826,T013,252,0,mapped,-9.14971727760313,19.101920339437417,-3.8282227961139554,1,0.0,0.0,interior
T094,L,3827,T013,253,0,mapped,-8.765648598604507,19.179707088887827,-3.1361455954057003,1,0.0,0.0,interior
T094,L,3828,T013,254,0,mapped,-8.527369281021002,19.35779851550291,-2.3122892417247236,1,0.0,0.0,interior
T094,L,3829,T013,255,0,mapped,-8.452109768128498,19.72249914265434,-1.3977552895537217,1,0.0,0.0,interior
T094,L,3830,T013,256,0,mapped,-8.644447706394974,20.0664394496078,-0.41895576265453294,1,0.0,0.0,interior
T094,L,3831,T013,257,0,mapped,-9.395864464577684,20.108173398390814,0.5141180253406057,1,0.0,0.0,interior
T094,L,3832,T013,260,0,mapped,-10.676983946488079,19.308258556532184,-5.933288760528845,1,0.0,0.0,interior
T094,L,3833,T013,261,0,mapped,-10.240476191222932,19.359534755095865,-5.303309534747201,1,0.0,0.0,interior
T094,L,3834,T013,262,0,mapped,-9.785929536601301,19.43349488767577,-4.696746694837025,1,0.0,0.0,interior
T094,L,3835,T013,263,0,mapped,-9.319310236623544,19.513354429902495,-4.089697098753233,1,0.0,0.0,interior
T094,L,3836,T013,264,0,mapped,-8.897052713113261,19.57767437289116,-3.427691291895348,1,0.0,0.0,interior
T094,L,3837,T013,265,0,mapped,-8.669150447301863,19.732586760563873,-2.6073871277726,1,0.0,0.0,interior
T094,L,3838,T013,266,0,mapped,-8.609973729973863,20.04960230720336,-1.6620619079823022,1,0.0,0.0,interior
T094,L,3839,T013,267,0,mapped,-8.837302012148747,20.296715573071516,-0.7052877457346257,1,0.0,0.0,interior
T094,L,3840,T013,268,0,mapped,-9.563222155180775,20.305181022484405,0.12864559361685293,1,0.0,0.0,interior
T094,L,3841,T013,271,0,mapped,-10.418948962679796,19.74189260490282,-5.574795975276135,1,0.0,0.0,interior
T094,L,3842,T013,272,0,mapped,-9.976696409741608,19.81828905477107,-4.951664925348137,1,0.0,0.0,interior
T094,L,3843,T013,273,0,mapped,-9.51224712178798,19.91483132510711,-4.342055700582284,1,0.0,0.0,interior
T094,L,3844,T013,274,0,mapped,-9.046533159460989,20.0008734196848,-3.7144884794651216,1,0.0,0.0,interior
T094,L,3845,T013,275,0,mapped,-8.755042732184444,20.124153738650346,-2.925462661209276,1,0.0,0.0,interior
T094,L,3846,T013,276,0,mapped,-8.713666258669818,20.3871323418608,-1.9528489811930005,1,0.0,0.0,interior
T094,L,3847,T013,277,0,mapped,-8.948298656868353,20.54506809988969,-0.9687449334191283,1,0.0,0.0,interior
T094,L,3848,T013,278,0,mapped,-9.666200320714466,20.554765941596326,-0.2186103593288355,1,0.0,0.0,interior
T094,L,3849,T013,281,0,mapped,-10.186622245370224,20.1916643886555,-5.208648963500907,1,0.0,0.0,interior
T094,L,3850,T013,282,0,mapped,-9.732937383834798,20.284734114003385,-4.5824231262170825,1,0.0,0.0,interior
T094,L,3851,T013,283,0,mapped,-9.253853910761414,20.41447277595544,-3.9781195026709346,1,0.0,0.0,interior
T094,L,3852,T013,284,0,mapped,-8.835776372758101,20.542259328671648,-3.2554272825662967,1,0.0,0.0,interior
T094,L,3853,T013,285,0,mapped,-8.74602842263246,20.774326641919284,-2.263743389233204,1,0.0,0.0,interior
T094,L,3854,T013,286,0,mapped,-9.007318761964289,20.834324593925245,-1.2421712921999488,1,0.0,0.0,interior
T094,L,3855,T013,287,0,mapped,-9.723190290902213,20.75587621608283,-0.5264427730491201,1,0.0,0.0,interior
T094,L,3856,T013,290,0,mapped,-9.975939730027815,20.625438838231346,-4.8158763644749705,1,0.0,0.0,interior
T094,L,3857,T013,291,0,mapped,-9.513743822947614,20.762010124063032,-4.210408809118253,1,0.0,0.0,interior
T094,L,3858,T013,292,0,mapped,-9.011514645991578,20.933147503301154,-3.573306349336869,1,0.0,0.0,interior
T094,L,3859,T013,293,0,mapped,-8.705850345091921,21.183016231430006,-2.609260855264731,1,0.0,0.0,interior
T094,L,3860,T013,294,0,mapped,-9.00075204307294,21.109059104348955,-1.6339208811209005,1,0.0,0.0,interior
T094,L,3861,T013,295,0,mapped,-9.814794232644129,20.995885442922205,-0.8070279188384165,1,0.0,0.0,interior
T094,L,3862,T013,298,0,mapped,-9.797724961442448,21.072034219387064,-4.419558189984567,1,0.0,0.0,interior
T094,L,3863,T013,299,0,mapped,-9.299644092458273,21.25458521143827,-3.846220512222523,1,0.0,0.0,interior
T094,L,3864,T013,300,0,mapped,-8.810102259857452,21.551921094008485,-2.9910625335686865,1,0.0,0.0,interior
T094,L,3865,T013,301,0,mapped,-8.994429179380266,21.572045479865448,-1.915277360370723,1,0.0,0.0,interior
T094,L,3866,T013,302,0,mapped,-9.798055560546366,21.36103233631791,-1.147197760070155,1,0.0,0.0,interior
T094,L,3867,T013,305,0,mapped,-9.644228199834494,21.511176295468545,-4.04041823056005,1,0.0,0.0,interior
T094,L,3868,T013,306,0,mapped,-9.09845852072717,21.86642258054602,-3.360767923881813,1,0.0,0.0,interior
T094,L,3869,T013,307,0,mapped,-9.028007920133316,21.993880681666003,-2.2619684859728144,1,0.0,0.0,interior
T094,L,3870,T013,308,0,mapped,-9.757972306214418,21.687279047746422,-1.529442441656483,1,0.0,0.0,interior
T094,L,3871,T013,311,0,mapped,-9.537648476597866,22.03517417670287,-3.6248625263041294,1,0.0,0.0,interior
T094,L,3872,T013,312,0,mapped,-9.198642087345448,22.379644450901054,-2.656850897860876,1,0.0,0.0,interior
T094,L,3873,T013,313,0,mapped,-9.682980412894619,22.014983342239834,-1.866652050387185,1,0.0,0.0,interior
T094,L,3874,T013,316,0,mapped,-9.565532638124115,22.5675993748131,-3.0427402841576447,1,0.0,0.0,interior
T094,L,3875,T013,317,0,mapped,-9.71078770762621,22.433982285729023,-2.0713688366650262,1,0.0,0.0,interior
T094,L,3876,T013,320,0,mapped,-9.798818728102358,22.77949712882644,-2.3964026957743108,1,0.0,0.0,interior
T094,L,3877,T014,1,0,mapped,-17.52446109482598,9.237829341552338,-9.807512152547421,1,0.0,0.0,interior
T094,L,3878,T014,2,0,mapped,-16.48759102320781,8.640150066184866,-9.579627374223893,1,0.0,0.0,interior
T094,L,3879,T014,3,0,mapped,-15.619813712078567,7.799621655366986,-9.440094911522817,1,0.0,0.0,interior
T094,L,3880,T014,4,0,mapped,-14.987144498520799,6.7711882772602685,-9.283978181240379,1,0.0,0.0,interior
T094,L,3881,T014,5,0,mapped,-14.331539759781625,5.840418296084485,-8.935194888323096,1,0.0,0.0,interior
T094,L,3882,T014,6,0,mapped,-13.754431385176114,5.0397034712082505,-8.346773855182777,1,0.0,0.0,interior
T094,L,3883,T014,7,0,mapped,-13.105024960999797,4.069877667100286,-8.102204239292396,1,0.0,0.0,interior
T094,L,3884,T014,8,0,mapped,-12.682555855550465,2.9401224108678097,-8.0394701812866,1,0.0,0.0,interior
T094,L,3885,T014,9,0,mapped,-12.272102211461084,1.9276513606471113,-7.62480441159312,1,0.0,0.0,interior
T094,L,3886,T014,10,0,mapped,-12.015750034194419,0.8107266761715657,-7.334933211085433,1,0.0,0.0,interior
T094,L,3887,T014,11,0,mapped,-11.722955234216533,-0.3674260740571924,-7.3048839921151645,1,0.0,0.0,interior
T094,L,3888,T014,12,0,mapped,-11.151832616302189,-1.444757150811144,-7.204785202025177,1,0.0,0.0,interior
T094,L,3889,T014,13,0,mapped,-10.331287721520692,-2.343262653738707,-7.044909629525364,1,0.0,0.0,interior
T094,L,3890,T014,14,0,mapped,-9.621295753609578,-3.3237154967325084,-6.9022729946474985,1,0.0,0.0,interior
T094,L,3891,T014,15,0,mapped,-8.937557609018487,-4.329939647818719,-6.772800993561596,1,0.0,0.0,interior
T094,L,3892,T014,16,0,mapped,-8.495121202868159,-5.3621845200166245,-6.575498730975053,1,0.0,0.0,interior
T094,L,3893,T014,17,0,mapped,-8.244163851887212,-6.5005355907968365,-6.362339566315646,1,0.0,0.0,interior
T094,L,3894,T014,18,0,mapped,-8.14454163327692,-7.545174371033374,-5.880119989396552,1,0.0,0.0,interior
T094,L,3895,T014,19,0,mapped,-8.36783024003007,-8.631419311887019,-5.39214346985563,1,0.0,0.0,interior
T094,L,3896,T014,20,0,mapped,-8.655760926372064,-9.360213531159644,-4.479460764184956,1,0.0,0.0,interior
T094,L,3897,T014,21,0,mapped,-9.243723255746858,-9.947498341819893,-3.670182316633845,1,0.0,0.0,interior
T094,L,3898,T014,22,0,mapped,-10.122505865471016,-10.450882425543654,-3.073967788921988,1,0.0,0.0,interior
T094,L,3899,T014,23,0,mapped,-11.054281560736808,-10.563256980761565,-2.3441663792418277,1,0.0,0.0,interior
T094,L,3900,T014,24,-1,landmark_vertex,-11.950240263257378,-10.971036649680341,-1.6968647125527843,1,0.0,0.0,landmark
T094,L,3901,T014,25,4,edge_coupled_interpolation,-18.24536254723102,9.541431544413637,-9.944859227162972,2,0.0,0.0,shared_edge
T094,L,3902,T014,26,0,mapped,-17.220555740436954,9.170410635861984,-9.568970030418605,1,0.0,0.0,interior
T094,L,3903,T014,27,0,mapped,-16.189263950805124,8.486275000748023,-9.409066821754887,1,0.0,0.0,interior
T094,L,3904,T014,28,0,mapped,-15.32160152055799,7.527699446108706,-9.144675306641165,1,0.0,0.0,interior
T094,L,3905,T014,29,0,mapped,-14.668311273622011,6.55611676545403,-9.019964653339134,1,0.0,0.0,interior
T094,L,3906,T014,30,0,mapped,-14.088836605227469,5.65787841100267,-8.531111660890323,1,0.0,0.0,interior
T094,L,3907,T014,31,0,mapped,-13.501502968234009,4.853169452390787,-8.05946134466054,1,0.0,0.0,interior
T094,L,3908,T014,32,0,mapped,-12.84825959577157,3.8134215208524793,-7.906473926451881,1,0.0,0.0,interior
T094,L,3909,T014,33,0,mapped,-12.486124613246497,2.7533933669981288,-7.7967388838247444,1,0.0,0.0,interior
T094,L,3910,T014,34,0,mapped,-12.12668101379119,1.7163645314029772,-7.378555656561862,1,0.0,0.0,interior
T094,L,3911,T014,35,0,mapped,-11.883265121773979,0.6247409768841905,-7.199329132267301,1,0.0,0.0,interior
T094,L,3912,T014,36,0,mapped,-11.542273839088235,-0.516015902172092,-7.126915504579048,1,0.0,0.0,interior
T094,L,3913,T014,37,0,mapped,-10.87639353853113,-1.555471763131008,-6.9924367309478255,1,0.0,0.0,interior
T094,L,3914,T014,38,0,mapped,-10.071819904909205,-2.526798016936956,-6.86220738706607,1,0.0,0.0,interior
T094,L,3915,T014,39,0,mapped,-9.35458412791985,-3.5135023844070226,-6.7314907905804615,1,0.0,0.0,interior
T094,L,3916,T014,40,0,mapped,-8.69977999574797,-4.512521278616824,-6.573403173726237,1,0.0,0.0,interior
T094,L,3917,T014,41,0,mapped,-8.29491261418229,-5.558923894795077,-6.40224746183517,1,0.0,0.0,interior
T094,L,3918,T014,42,0,mapped,-8.00084187277764,-6.6183558423383735,-5.955394504719076,1,0.0,0.0,interior
T094,L,3919,T014,43,0,mapped,-8.07000306380651,-7.726755324591657,-5.60061660768849,1,0.0,0.0,interior
T094,L,3920,T014,44,0,mapped,-8.299371306731281,-8.711806327615724,-4.934376576748812,1,0.0,0.0,interior
T094,L,3921,T014,45,0,mapped,-8.669503217304468,-9.361621409312564,-4.017305214633668,1,0.0,0.0,interior
T094,L,3922,T014,46,0,mapped,-9.455432181069131,-10.030762330767933,-3.353964609992019,1,0.0,0.0,interior
T094,L,3923,T014,47,0,mapped,-10.28900525210183,-10.37459984312499,-2.7189429001082748,1,0.0,0.0,interior
T094,L,3924,T014,48,2,smooth_near_vertex,-10.93832636744679,-10.583998362135713,-2.3002304729703846,1,0.0,0.0,interior
T094,L,3925,T014,49,0,mapped,-17.8546212973894,9.482060743896955,-9.737691693954748,2,0.8505026708911264,0.4252513354455632,shared_edge
T094,L,3926,T014,50,0,mapped,-16.8791898421053,9.023692105816796,-9.379284082418968,1,0.0,0.0,interior
T094,L,3927,T014,51,0,mapped,-15.939525447048432,8.291627148304283,-9.206162300772261,1,0.0,0.0,interior
T094,L,3928,T014,52,0,mapped,-15.093399362424142,7.2809193681701245,-8.969194660493683,1,0.0,0.0,interior
T094,L,3929,T014,53,0,mapped,-14.417237897125498,6.2500910956174245,-8.796039276384182,1,0.0,0.0,interior
T094,L,3930,T014,54,0,mapped,-13.910809723792106,5.4652732012474114,-8.277480164999655,1,0.0,0.0,interior
T094,L,3931,T014,55,0,mapped,-13.304645934681696,4.640569305889281,-7.917536243461889,1,0.0,0.0,interior
T094,L,3932,T014,56,0,mapped,-12.628623195313676,3.516656505384594,-7.707471266715582,1,0.0,0.0,interior
T094,L,3933,T014,57,0,mapped,-12.31482162898008,2.6043690490975724,-7.546955700738753,1,0.0,0.0,interior
T094,L,3934,T014,58,0,mapped,-11.95144913755483,1.5374527736281944,-7.147813405274457,1,0.0,0.0,interior
T094,L,3935,T014,59,0,mapped,-11.681684411614405,0.42561590955165407,-6.99559114943545,1,0.0,0.0,interior
T094,L,3936,T014,60,0,mapped,-11.326157729245017,-0.7058885435308069,-6.940536626838605,1,0.0,0.0,interior
T094,L,3937,T014,61,0,mapped,-10.5212204369349,-1.7378235213488509,-6.771412929722517,1,0.0,0.0,interior
T094,L,3938,T014,62,0,mapped,-9.806777969706346,-2.6681209581257264,-6.671045319408606,1,0.0,0.0,interior
T094,L,3939,T014,63,0,mapped,-9.073902485381346,-3.6731023060130203,-6.593133977475648,1,0.0,0.0,interior
T094,L,3940,T014,64,0,mapped,-8.530652645963164,-4.680771087228798,-6.411685635527894,1,0.0,0.0,interior
T094,L,3941,T014,65,0,mapped,-8.109399431711003,-5.667708626589915,-6.184165516305714,1,0.0,0.0,interior
T094,L,3942,T014,66,0,mapped,-7.913566217728951,-6.799403660851638,-5.711826367484106,1,0.0,0.0,interior
T094,L,3943,T014,67,0,mapped,-8.018029162546917,-7.851424988490291,-5.296211195351169,1,0.0,0.0,interior
T094,L,3944,T014,68,0,mapped,-8.266862027160432,-8.732958405986198,-4.473553156566051,1,0.0,0.0,interior
T094,L,3945,T014,69,0,mapped,-8.844220417112535,-9.469449222162929,-3.697631750070165,1,0.0,0.0,interior
T094,L,3946,T014,70,0,mapped,-9.602844502419757,-10.005873253908321,-3.040887529876708,1,0.0,0.0,interior
T094,L,3947,T014,71,0,mapped,-10.459778393691144,-10.427099974975949,-2.440947899978652,1,0.0,0.0,interior
T094,L,3948,T014,72,0,mapped,-17.515768698500285,9.437104949580135,-9.452610767225961,2,0.7072744908465451,0.3536372454232726,shared_edge
T094,L,3949,T014,73,0,mapped,-16.50336083812041,8.826093801176874,-9.106005649431124,1,0.0,0.0,interior
T094,L,3950,T014,74,0,mapped,-15.644937059483295,8.018456345775581,-9.016060151285737,1,0.0,0.0,interior
T094,L,3951,T014,75,0,mapped,-14.887872309589804,7.035638054803069,-8.796927355716077,1,0.0,0.0,interior
T094,L,3952,T014,76,0,mapped,-14.21658434572484,6.0538536106752865,-8.487530520281222,1,0.0,0.0,interior
T094,L,3953,T014,77,0,mapped,-13.699861711408097,5.313533027877073,-7.984528251433838,1,0.0,0.0,interior
T094,L,3954,T014,78,0,mapped,-13.09164963726522,4.368758394936156,-7.817716098046881,1,0.0,0.0,interior
T094,L,3955,T014,79,0,mapped,-12.484222477266455,3.3351048738474294,-7.563101158528142,1,0.0,0.0,interior
T094,L,3956,T014,80,0,mapped,-12.120292401199679,2.3540507925467207,-7.3235795098909096,1,0.0,0.0,interior
T094,L,3957,T014,81,0,mapped,-11.789723387423592,1.3821732081048044,-6.9636261990380595,1,0.0,0.0,interior
T094,L,3958,T014,82,0,mapped,-11.55345245399151,0.20850345324703845,-6.8623992796367395,1,0.0,0.0,interior
T094,L,3959,T014,83,0,mapped,-11.002204567270887,-0.8410727901696111,-6.661120070775162,1,0.0,0.0,interior
T094,L,3960,T014,84,0,mapped,-10.172465012915534,-1.8952873288688448,-6.565856303800151,1,0.0,0.0,interior
T094,L,3961,T014,85,0,mapped,-9.490353976059795,-2.8439413386379337,-6.503859554599327,1,0.0,0.0,interior
T094,L,3962,T014,86,0,mapped,-8.808932262377468,-3.8257432146003705,-6.408777834401236,1,0.0,0.0,interior
T094,L,3963,T014,87,0,mapped,-8.31854751206533,-4.818503080327057,-6.248680153485916,1,0.0,0.0,interior
T094,L,3964,T014,88,0,mapped,-7.950538533052973,-5.896925852077928,-5.900494028858597,1,0.0,0.0,interior
T094,L,3965,T014,89,0,mapped,-7.8593139288968645,-6.8702251839597,-5.462515941072281,1,0.0,0.0,interior
T094,L,3966,T014,90,0,mapped,-7.982641546156647,-7.970281279950626,-4.795665157707552,1,0.0,0.0,interior
T094,L,3967,T014,91,0,mapped,-8.336931741459987,-8.764750527040473,-4.063461899935173,1,0.0,0.0,interior
T094,L,3968,T014,92,0,mapped,-8.981356151939611,-9.484432563539414,-3.364907173080262,1,0.0,0.0,interior
T094,L,3969,T014,93,0,mapped,-9.746153308729088,-10.101307445974781,-2.739582999154753,1,0.0,0.0,interior
T094,L,3970,T014,94,0,mapped,-17.24246315365641,9.386588024587166,-9.109833228394695,2,0.4460774047680548,0.2230387023840274,shared_edge
T094,L,3971,T014,95,0,mapped,-16.216332479939894,8.61467104894593,-8.916064339041121,1,0.0,0.0,interior
T094,L,3972,T014,96,0,mapped,-15.400830309251589,7.738495094823401,-8.872586905598808,1,0.0,0.0,interior
T094,L,3973,T014,97,0,mapped,-14.610999604518334,6.697846635738802,-8.597939609423568,1,0.0,0.0,interior
T094,L,3974,T014,98,0,mapped,-14.019770494455589,5.855236232822236,-8.171770806180913,1,0.0,0.0,interior
T094,L,3975,T014,99,0,mapped,-13.462497366065977,5.0617354863022115,-7.782849633919952,1,0.0,0.0,interior
T094,L,3976,T014,100,0,mapped,-12.787740720139972,4.093691571717779,-7.609696205740802,1,0.0,0.0,interior
T094,L,3977,T014,101,0,mapped,-12.260752982547018,3.242210385015701,-7.291694810086122,1,0.0,0.0,interior
T094,L,3978,T014,102,0,mapped,-11.982172534586578,2.143601944388985,-7.114565327836893,1,0.0,0.0,interior
T094,L,3979,T014,103,0,mapped,-11.672389877550568,1.2589198775732378,-6.802956861102452,1,0.0,0.0,interior
T094,L,3980,T014,104,0,mapped,-11.287589064849152,0.09648986826549777,-6.592884212085557,1,0.0,0.0,interior
T094,L,3981,T014,105,0,mapped,-10.642882681200138,-0.9829444083699412,-6.472477791115877,1,0.0,0.0,interior
T094,L,3982,T014,106,0,mapped,-9.838296463548943,-2.0120110823658717,-6.366461450354374,1,0.0,0.0,interior
T094,L,3983,T014,107,0,mapped,-9.136983259598814,-2.956910634677034,-6.3029943544030145,1,0.0,0.0,interior
T094,L,3984,T014,108,0,mapped,-8.510893525520132,-3.960600293275068,-6.24786430632964,1,0.0,0.0,interior
T094,L,3985,T014,109,0,mapped,-8.148793905540478,-4.954307175750017,-6.068523748034343,1,0.0,0.0,interior
T094,L,3986,T014,110,0,mapped,-7.8151001612045246,-6.115033424284672,-5.615731658557816,1,0.0,0.0,interior
T094,L,3987,T014,111,0,mapped,-7.791396358228188,-6.970035275744682,-5.148454512472918,1,0.0,0.0,interior
T094,L,3988,T014,112,0,mapped,-8.041940334890079,-8.111573013914342,-4.394810306321081,1,0.0,0.0,interior
T094,L,3989,T014,113,0,mapped,-8.490219893303934,-8.855368567457171,-3.644492572774191,1,0.0,0.0,interior
T094,L,3990,T014,114,0,mapped,-9.102617239507449,-9.590442116282102,-3.0645671886178256,1,0.0,0.0,interior
T094,L,3991,T014,115,0,mapped,-16.949018107020777,9.224247400288565,-8.880279304615474,2,0.0,0.0,shared_edge
T094,L,3992,T014,116,0,mapped,-15.999506351176278,8.441610610617573,-8.762750131583456,1,0.0,0.0,interior
T094,L,3993,T014,117,0,mapped,-15.078940131967023,7.395899771152099,-8.672242633828317,1,0.0,0.0,interior
T094,L,3994,T014,118,0,mapped,-14.402487124391387,6.434490561596794,-8.43078846663736,1,0.0,0.0,interior
T094,L,3995,T014,119,0,mapped,-13.839305857555148,5.632904303660515,-7.932991306516055,1,0.0,0.0,interior
T094,L,3996,T014,120,0,mapped,-13.204085514393581,4.827144432925204,-7.559696836589971,1,0.0,0.0,interior
T094,L,3997,T014,121,0,mapped,-12.579130601439703,3.985320196370443,-7.393221735476458,1,0.0,0.0,interior
T094,L,3998,T014,122,0,mapped,-12.131318472097854,3.030391219393028,-7.1613301826282,1,0.0,0.0,interior
T094,L,3999,T014,123,0,mapped,-11.847918465639776,2.0376181432253215,-6.951443700609939,1,0.0,0.0,interior
T094,L,4000,T014,124,0,mapped,-11.453798870443768,0.948346162681208,-6.641245887272199,1,0.0,0.0,interior
T094,L,4001,T014,125,0,mapped,-10.993364529640353,-0.04859011205428754,-6.409988136522992,1,0.0,0.0,interior
T094,L,4002,T014,126,0,mapped,-10.278057153764212,-1.141228354073914,-6.286427522371459,1,0.0,0.0,interior
T094,L,4003,T014,127,0,mapped,-9.551428452938993,-2.118237730171076,-6.194563283426931,1,0.0,0.0,interior
T094,L,4004,T014,128,0,mapped,-8.897413858884022,-3.0742610562113777,-6.1449992599434875,1,0.0,0.0,interior
T094,L,4005,T014,129,0,mapped,-8.341645448242701,-4.113246810651789,-6.096495303188136,1,0.0,0.0,interior
T094,L,4006,T014,130,0,mapped,-7.929385710037398,-5.041573531921745,-5.78275353363927,1,0.0,0.0,interior
T094,L,4007,T014,131,0,mapped,-7.69438396071496,-6.196377906056304,-5.336433892865641,1,0.0,0.0,interior
T094,L,4008,T014,132,0,mapped,-7.740675370285014,-7.249228968800011,-4.7055612567643506,1,0.0,0.0,interior
T094,L,4009,T014,133,0,mapped,-8.122757076443829,-8.21673241183725,-3.981704574790946,1,0.0,0.0,interior
T094,L,4010,T014,134,0,mapped,-8.519527434929497,-8.972010384812846,-3.291274957862947,1,0.0,0.0,interior
T094,L,4011,T014,135,0,mapped,-16.65912188946679,9.025857734941049,-8.663892267588636,2,0.0,0.0,shared_edge
T094,L,4012,T014,136,0,mapped,-15.711086108581986,8.219127846857369,-8.582632229055575,1,0.0,0.0,interior
T094,L,4013,T014,137,0,mapped,-14.855265802624453,7.169158872821818,-8.421007824799593,1,0.0,0.0,interior
T094,L,4014,T014,138,0,mapped,-14.147448776472901,6.2456417387430285,-8.055428346793706,1,0.0,0.0,interior
T094,L,4015,T014,139,0,mapped,-13.612862555835918,5.418315819262649,-7.681937997845014,1,0.0,0.0,interior
T094,L,4016,T014,140,0,mapped,-12.943162040818676,4.589079651929259,-7.419790116906169,1,0.0,0.0,interior
T094,L,4017,T014,141,0,mapped,-12.307047187371841,3.7577155559898756,-7.21179650365653,1,0.0,0.0,interior
T094,L,4018,T014,142,0,mapped,-11.927075760832832,2.8103327632128963,-6.96070073574544,1,0.0,0.0,interior
T094,L,4019,T014,143,0,mapped,-11.566671463826198,1.898922308207883,-6.658267695719026,1,0.0,0.0,interior
T094,L,4020,T014,144,0,mapped,-11.310266839693535,0.9171743759243096,-6.4893533552055525,1,0.0,0.0,interior
T094,L,4021,T014,145,0,mapped,-10.670625759603599,-0.20233119162052038,-6.195742509532016,1,0.0,0.0,interior
T094,L,4022,T014,146,0,mapped,-9.934135458633932,-1.2711189427127545,-6.106945598296822,1,0.0,0.0,interior
T094,L,4023,T014,147,0,mapped,-9.242013174950303,-2.256270699314787,-6.070868889019928,1,0.0,0.0,interior
T094,L,4024,T014,148,0,mapped,-8.639970866817759,-3.25223402670181,-6.0459151437996566,1,0.0,0.0,interior
T094,L,4025,T014,149,0,mapped,-8.144955713717794,-4.275529774603884,-5.927204657116711,1,0.0,0.0,interior
T094,L,4026,T014,150,0,mapped,-7.776276306240762,-5.222116378214566,-5.56271894957636,1,0.0,0.0,interior
T094,L,4027,T014,151,0,mapped,-7.666950146004949,-6.355264754864887,-5.018627311469026,1,0.0,0.0,interior
T094,L,4028,T014,152,0,mapped,-7.79631674519742,-7.344928839312079,-4.261128144489435,1,0.0,0.0,interior
T094,L,4029,T014,153,0,mapped,-8.184698990748661,-8.260990314539479,-3.6490537061844845,1,0.0,0.0,interior
T094,L,4030,T014,154,0,mapped,-16.37931610937868,8.79760353572496,-8.461265135780778,2,0.0,0.0,shared_edge
T094,L,4031,T014,155,0,mapped,-15.436126600479048,7.89673154399944,-8.447968789847177,1,0.0,0.0,interior
T094,L,4032,T014,156,0,mapped,-14.654178050678992,6.911810598235714,-8.165358143116345,1,0.0,0.0,interior
T094,L,4033,T014,157,0,mapped,-13.972192604340071,5.994550067679354,-7.762840793296105,1,0.0,0.0,interior
T094,L,4034,T014,158,0,mapped,-13.371207021515506,5.205777570323416,-7.47009660630017,1,0.0,0.0,interior
T094,L,4035,T014,159,0,mapped,-12.657475434389543,4.430939244883062,-7.238274812650202,1,0.0,0.0,interior
T094,L,4036,T014,160,0,mapped,-12.138924032864848,3.59437180552748,-7.0635787971398,1,0.0,0.0,interior
T094,L,4037,T014,161,0,mapped,-11.751452227954728,2.703072512303528,-6.780468342117698,1,0.0,0.0,interior
T094,L,4038,T014,162,0,mapped,-11.450380850223958,1.696563175890553,-6.517155731206226,1,0.0,0.0,interior
T094,L,4039,T014,163,0,mapped,-10.982224550555165,0.7152419672721795,-6.284243004486352,1,0.0,0.0,interior
T094,L,4040,T014,164,0,mapped,-10.294278581258297,-0.3606367207166805,-6.06164357447002,1,0.0,0.0,interior
T094,L,4041,T014,165,0,mapped,-9.588817231285987,-1.394786355922058,-5.938150331185397,1,0.0,0.0,interior
T094,L,4042,T014,166,0,mapped,-8.960011531507163,-2.4439085275783112,-6.003899845069124,1,0.0,0.0,interior
T094,L,4043,T014,167,0,mapped,-8.422246186981376,-3.4734599035620706,-5.9491247510026115,1,0.0,0.0,interior
T094,L,4044,T014,168,0,mapped,-7.980960597054353,-4.471581475038263,-5.751855495493725,1,0.0,0.0,interior
T094,L,4045,T014,169,0,mapped,-7.64907393873005,-5.4817522587874405,-5.3051919528413976,1,0.0,0.0,interior
T094,L,4046,T014,170,0,mapped,-7.636777749561286,-6.451400882221807,-4.5594904824668046,1,0.0,0.0,interior
T094,L,4047,T014,171,0,mapped,-7.936246138229626,-7.4217919615619845,-3.8804542128330963,1,0.0,0.0,interior
T094,L,4048,T014,172,0,mapped,-16.100179809473566,8.56735877462619,-8.254792416765431,2,3.076740298213702e-15,1.538370149106851e-15,shared_edge
T094,L,4049,T014,173,0,mapped,-15.134585664003003,7.566200636513399,-8.30495585273711,1,0.0,0.0,interior
T094,L,4050,T014,174,0,mapped,-14.373161876543367,6.632984033026322,-7.943505147391525,1,0.0,0.0,interior
T094,L,4051,T014,175,0,mapped,-13.811348319226195,5.820138675526476,-7.594884125472958,1,0.0,0.0,interior
T094,L,4052,T014,176,0,mapped,-13.177139258628877,5.00359266530239,-7.361702036078945,1,0.0,0.0,interior
T094,L,4053,T014,177,0,mapped,-12.482007732772159,4.309231705286836,-7.150964371419266,1,0.0,0.0,interior
T094,L,4054,T014,178,0,mapped,-11.921278605214438,3.505272772475797,-6.848051085664077,1,0.0,0.0,interior
T094,L,4055,T014,179,0,mapped,-11.547621800187379,2.479398822629989,-6.608851910335785,1,0.0,0.0,interior
T094,L,4056,T014,180,0,mapped,-11.226025942740415,1.4856075881203736,-6.364620627858097,1,0.0,0.0,interior
T094,L,4057,T014,181,0,mapped,-10.687469170338929,0.49332996749106073,-6.105557112841502,1,0.0,0.0,interior
T094,L,4058,T014,182,0,mapped,-9.98414678263343,-0.5743076100124407,-5.962176657287488,1,0.0,0.0,interior
T094,L,4059,T014,183,0,mapped,-9.257413491358662,-1.5845920573809833,-5.857837835647611,1,0.0,0.0,interior
T094,L,4060,T014,184,0,mapped,-8.722338286058147,-2.6016579699658156,-5.88268075784766,1,0.0,0.0,interior
T094,L,4061,T014,185,0,mapped,-8.170291720786537,-3.663302226038323,-5.777731750381338,1,0.0,0.0,interior
T094,L,4062,T014,186,0,mapped,-7.7987843736007285,-4.7814551668949585,-5.495908084698833,1,0.0,0.0,interior
T094,L,4063,T014,187,0,mapped,-7.597004940452828,-5.622784458025739,-4.964152444552214,1,0.0,0.0,interior
T094,L,4064,T014,188,0,mapped,-7.687186903264494,-6.586924604777303,-4.1390722765070525,1,0.0,0.0,interior
T094,L,4065,T014,189,0,mapped,-15.821426942249012,8.305567076617383,-8.025704023466442,2,8.881784197001252e-16,4.440892098500626e-16,shared_edge
T094,L,4066,T014,190,0,mapped,-14.923471514322102,7.307835933365332,-8.043780164957644,1,0.0,0.0,interior
T094,L,4067,T014,191,0,mapped,-14.135167792555734,6.345836113114563,-7.681447381525116,1,0.0,0.0,interior
T094,L,4068,T014,192,0,mapped,-13.550056908967644,5.599893128582323,-7.332297347639783,1,0.0,0.0,interior
T094,L,4069,T014,193,0,mapped,-12.923168626711481,4.878055224088273,-7.138974122245169,1,0.0,0.0,interior
T094,L,4070,T014,194,0,mapped,-12.236627781385224,4.193700933548689,-6.986785202066602,1,0.0,0.0,interior
T094,L,4071,T014,195,0,mapped,-11.653963072528915,3.341815842574869,-6.655536239202489,1,0.0,0.0,interior
T094,L,4072,T014,196,0,mapped,-11.409505846923176,2.3534931074704986,-6.469554025048547,1,0.0,0.0,interior
T094,L,4073,T014,197,0,mapped,-10.995545330979372,1.3853808367741873,-6.1725970138463975,1,0.0,0.0,interior
T094,L,4074,T014,198,0,mapped,-10.376668333105954,0.3227625443453448,-5.937105974018336,1,0.0,0.0,interior
T094,L,4075,T014,199,0,mapped,-9.679482811671765,-0.6965262801712768,-5.826290743661099,1,0.0,0.0,interior
T094,L,4076,T014,200,0,mapped,-8.955317464428457,-1.7661214310018947,-5.780969490199524,1,0.0,0.0,interior
T094,L,4077,T014,201,0,mapped,-8.45641128700699,-2.7779980720837303,-5.745074237908031,1,0.0,0.0,interior
T094,L,4078,T014,202,0,mapped,-8.026794563111718,-3.82743975905467,-5.640627911477601,1,0.0,0.0,interior
T094,L,4079,T014,203,0,mapped,-7.649461057971195,-4.826805297138888,-5.224635828800512,1,0.0,0.0,interior
T094,L,4080,T014,204,0,mapped,-7.578190604642144,-5.773201712701618,-4.4806820102139,1,0.0,0.0,interior
T094,L,4081,T014,205,0,mapped,-15.525734200684859,7.993124335212988,-7.93103941569793,2,0.0,0.0,shared_edge
T094,L,4082,T014,206,0,mapped,-14.723052056733021,7.06518696596388,-7.7824536421001165,1,0.0,0.0,interior
T094,L,4083,T014,207,0,mapped,-13.987120966389815,6.1692624309316155,-7.464121561900936,1,0.0,0.0,interior
T094,L,4084,T014,208,0,mapped,-13.367985720335014,5.488201252638369,-7.123294573166223,1,0.0,0.0,interior
T094,L,4085,T014,209,0,mapped,-12.660649021991558,4.727825829280675,-7.008278672315412,1,0.0,0.0,interior
T094,L,4086,T014,210,0,mapped,-12.008368994986977,3.995235766178773,-6.8318783330794615,1,0.0,0.0,interior
T094,L,4087,T014,211,0,mapped,-11.450711177485555,3.111181789482579,-6.5266989875321695,1,0.0,0.0,interior
T094,L,4088,T014,212,0,mapped,-11.140843208559854,2.267097037191011,-6.2886259617943585,1,0.0,0.0,interior
T094,L,4089,T014,213,0,mapped,-10.647205250611695,1.1258882139917787,-6.021825527390495,1,0.0,0.0,interior
T094,L,4090,T014,214,0,mapped,-9.958457564907665,0.1535179601551473,-5.811992101630037,1,0.0,0.0,interior
T094,L,4091,T014,215,0,mapped,-9.284511372373338,-0.8596280285967879,-5.745959709224338,1,0.0,0.0,interior
T094,L,4092,T014,216,0,mapped,-8.69687976659787,-1.968922875696551,-5.728701830017722,1,0.0,0.0,interior
T094,L,4093,T014,217,0,mapped,-8.19319909957162,-2.9649770368364425,-5.628922969465501,1,0.0,0.0,interior
T094,L,4094,T014,218,0,mapped,-7.826675698444548,-4.036019309064997,-5.478260086844219,1,0.0,0.0,interior
T094,L,4095,T014,219,0,mapped,-7.552807927237206,-5.016344154044752,-4.984235119108317,1,0.0,0.0,interior
T094,L,4096,T014,220,0,mapped,-15.230745640029534,7.6764568307587435,-7.850838332416245,2,0.0,0.0,shared_edge
T094,L,4097,T014,221,0,mapped,-14.428641557255531,6.768572637945278,-7.561873253048568,1,0.0,0.0,interior
T094,L,4098,T014,222,0,mapped,-13.71874299648027,5.922915100033002,-7.212928673666108,1,0.0,0.0,interior
T094,L,4099,T014,223,0,mapped,-13.029075208049502,5.275900541626312,-6.871039176165317,1,0.0,0.0,interior
T094,L,4100,T014,224,0,mapped,-12.41688377469201,4.621872152767455,-6.895834994945077,1,0.0,0.0,interior
T094,L,4101,T014,225,0,mapped,-11.759977619457564,3.930259406320646,-6.654304848990738,1,0.0,0.0,interior
T094,L,4102,T014,226,0,mapped,-11.3269010622522,2.868149200658756,-6.424912949270701,1,0.0,0.0,interior
T094,L,4103,T014,227,0,mapped,-10.956250270895424,2.0217851182591815,-6.139911219224831,1,0.0,0.0,interior
T094,L,4104,T014,228,0,mapped,-10.29566168978764,1.000940931819084,-5.888390754968013,1,0.0,0.0,interior
T094,L,4105,T014,229,0,mapped,-9.557519080620692,0.024784291034629646,-5.710221449046647,1,0.0,0.0,interior
T094,L,4106,T014,230,0,mapped,-8.936701413129448,-1.0257270453885585,-5.685703879522174,1,0.0,0.0,interior
T094,L,4107,T014,231,0,mapped,-8.492402544198754,-2.1819107741409596,-5.6754288588445965,1,0.0,0.0,interior
T094,L,4108,T014,232,0,mapped,-7.986343371585472,-3.202490173295666,-5.540081972608965,1,0.0,0.0,interior
T094,L,4109,T014,233,0,mapped,-7.6860868340829684,-4.198265175871466,-5.2972592093635695,1,0.0,0.0,interior
T094,L,4110,T014,234,0,mapped,-15.026341494683336,7.396503821922549,-7.5965947253045725,2,0.0,0.0,shared_edge
T094,L,4111,T014,235,0,mapped,-14.2453449844869,6.583282843807069,-7.242602480500142,1,0.0,0.0,interior
T094,L,4112,T014,236,0,mapped,-13.498459631272931,5.784628039088414,-6.951301395756214,1,0.0,0.0,interior
T094,L,4113,T014,237,0,mapped,-12.886393454098824,5.1552442925642,-6.829527054358947,1,0.0,0.0,interior
T094,L,4114,T014,238,0,mapped,-12.118116999386272,4.5084168967179306,-6.767665692877439,1,0.0,0.0,interior
T094,L,4115,T014,239,0,mapped,-11.488404776257134,3.798091260292214,-6.5266149615524425,1,0.0,0.0,interior
T094,L,4116,T014,240,0,mapped,-11.053364850101461,2.837562680379351,-6.306575116587665,1,0.0,0.0,interior
T094,L,4117,T014,241,0,mapped,-10.664135231698364,1.9534378284339944,-5.994960153997657,1,0.0,0.0,interior
T094,L,4118,T014,242,0,mapped,-9.916963684438812,0.8707914749580894,-5.763370017035346,1,0.0,0.0,interior
T094,L,4119,T014,243,0,mapped,-9.224445531800507,-0.05672377792441008,-5.6890510762691,1,0.0,0.0,interior
T094,L,4120,T014,244,0,mapped,-8.578364255434671,-1.233873187838686,-5.642603176328819,1,0.0,0.0,interior
T094,L,4121,T014,245,0,mapped,-8.306712820255143,-2.3189741688472703,-5.610872909121472,1,0.0,0.0,interior
T094,L,4122,T014,246,0,mapped,-7.862534419271021,-3.3411382224457356,-5.453058825567577,1,0.0,0.0,interior
T094,L,4123,T014,247,0,mapped,-14.764847438687617,7.130942306574099,-7.366680713499078,2,0.0,0.0,shared_edge
T094,L,4124,T014,248,0,mapped,-13.970483927419771,6.271590152219501,-7.15179902975221,1,0.0,0.0,interior
T094,L,4125,T014,249,0,mapped,-13.229958698050718,5.621774804331082,-6.701379395478049,1,0.0,0.0,interior
T094,L,4126,T014,250,0,mapped,-12.587175012603096,5.0115102559282185,-6.708634776656364,1,0.0,0.0,interior
T094,L,4127,T014,251,0,mapped,-11.875695177946996,4.4387087833780985,-6.623298212363949,1,0.0,0.0,interior
T094,L,4128,T014,252,0,mapped,-11.258288214872335,3.584739241495626,-6.421893774988707,1,0.0,0.0,interior
T094,L,4129,T014,253,0,mapped,-10.800074752576538,2.6513266345490294,-6.102915559001595,1,0.0,0.0,interior
T094,L,4130,T014,254,0,mapped,-10.291459004709186,1.7506728731839125,-5.83059693109259,1,0.0,0.0,interior
T094,L,4131,T014,255,0,mapped,-9.521356375690523,0.7484165213517731,-5.712406766464691,1,0.0,0.0,interior
T094,L,4132,T014,256,0,mapped,-8.806154214445028,-0.27232211272735185,-5.653600068118215,1,0.0,0.0,interior
T094,L,4133,T014,257,0,mapped,-8.298395372291889,-1.4541387269630413,-5.587906389508447,1,0.0,0.0,interior
T094,L,4134,T014,258,0,mapped,-8.089120480190243,-2.4945849477117443,-5.540881909847179,1,0.0,0.0,interior
T094,L,4135,T014,259,0,mapped,-14.467859935196431,6.850836608152429,-7.207364471610625,2,0.0,0.0,shared_edge
T094,L,4136,T014,260,0,mapped,-13.685286646051475,6.039157935031325,-6.860164159173266,1,0.0,0.0,interior
T094,L,4137,T014,261,0,mapped,-13.02400324074421,5.496043855423094,-6.580891858176883,1,0.0,0.0,interior
T094,L,4138,T014,262,0,mapped,-12.280367373368163,4.973287414375392,-6.560584231050371,1,0.0,0.0,interior
T094,L,4139,T014,263,0,mapped,-11.643170275832837,4.330674534929326,-6.495551243687647,1,0.0,0.0,interior
T094,L,4140,T014,264,0,mapped,-10.944274592668489,3.389873445937294,-6.3157960296609845,1,0.0,0.0,interior
T094,L,4141,T014,265,0,mapped,-10.493226440787021,2.578393550781703,-5.960603895481902,1,0.0,0.0,interior
T094,L,4142,T014,266,0,mapped,-9.90674780410191,1.5629058998833365,-5.749198169374537,1,0.0,0.0,interior
T094,L,4143,T014,267,0,mapped,-9.162680485560447,0.56808510217218,-5.705396566764552,1,0.0,0.0,interior
T094,L,4144,T014,268,0,mapped,-8.422427637756785,-0.5006875978009386,-5.604361505599404,1,0.0,0.0,interior
T094,L,4145,T014,269,0,mapped,-8.047648879972037,-1.596050663106169,-5.530893810370533,1,0.0,0.0,interior
T094,L,4146,T014,270,0,mapped,-14.180635578543885,6.563884776644986,-7.040346071491272,2,0.0,0.0,shared_edge
T094,L,4147,T014,271,0,mapped,-13.408498729198998,5.8844604893100225,-6.558920586287492,1,0.0,0.0,interior
T094,L,4148,T014,272,0,mapped,-12.679896943864481,5.395162169505676,-6.393121066804932,1,0.0,0.0,interior
T094,L,4149,T014,273,0,mapped,-11.965425848078198,4.883845517185085,-6.440053272225169,1,0.0,0.0,interior
T094,L,4150,T014,274,0,mapped,-11.335865843752693,4.191912355192844,-6.366694018734729,1,0.0,0.0,interior
T094,L,4151,T014,275,0,mapped,-10.696958693822264,3.280695173135822,-6.1646011572919,1,0.0,0.0,interior
T094,L,4152,T014,276,0,mapped,-10.186309145575411,2.4746630732713193,-5.868403643421458,1,0.0,0.0,interior
T094,L,4153,T014,277,0,mapped,-9.509780961595423,1.4332605145428658,-5.738620382107896,1,0.0,0.0,interior
T094,L,4154,T014,278,0,mapped,-8.766738314341527,0.31388428229954,-5.655296101489193,1,0.0,0.0,interior
T094,L,4155,T014,279,0,mapped,-7.954114028354596,-0.6842554404148489,-5.542624927822721,1,0.0,0.0,interior
T094,L,4156,T014,280,0,mapped,-13.897161814146491,6.313403206989689,-6.823310901950646,2,1.7763568394002505e-15,8.881784197001252e-16,shared_edge
T094,L,4157,T014,281,0,mapped,-13.140654298706613,5.795572723298621,-6.279578207082406,1,0.0,0.0,interior
T094,L,4158,T014,282,0,mapped,-12.494205353181007,5.295185116314702,-6.388283989268374,1,0.0,0.0,interior
T094,L,4159,T014,283,0,mapped,-11.773680417884961,4.8537873708177095,-6.34749700543605,1,0.0,0.0,interior
T094,L,4160,T014,284,0,mapped,-11.059506486901961,3.9888526474762784,-6.303160089568977,1,0.0,0.0,interior
T094,L,4161,T014,285,0,mapped,-10.449252911593957,3.1067246796695223,-5.994274184693719,1,0.0,0.0,interior
T094,L,4162,T014,286,0,mapped,-9.813106241048187,2.2429917995792668,-5.783033777082962,1,0.0,0.0,interior
T094,L,4163,T014,287,0,mapped,-9.157430791215402,1.1052781932367814,-5.730476644307128,1,0.0,0.0,interior
T094,L,4164,T014,288,0,mapped,-8.233374947670185,0.13905155952955717,-5.629321946197961,1,0.0,0.0,interior
T094,L,4165,T014,289,0,mapped,-13.633935089356905,6.1263577682141985,-6.53252601397542,2,0.0,0.0,shared_edge
T094,L,4166,T014,290,0,mapped,-12.82999681983994,5.70687572282419,-6.112455844310317,1,0.0,0.0,interior
T094,L,4167,T014,291,0,mapped,-12.19228053589999,5.310620281559142,-6.212158608815356,1,0.0,0.0,interior
T094,L,4168,T014,292,0,mapped,-11.451296759118673,4.7383534381977395,-6.2623005124018345,1,0.0,0.0,interior
T094,L,4169,T014,293,0,mapped,-10.77063260322408,3.750645912228185,-6.214073315815767,1,0.0,0.0,interior
T094,L,4170,T014,294,0,mapped,-10.152441759065272,3.0113943697442966,-5.907776331782659,1,0.0,0.0,interior
T094,L,4171,T014,295,0,mapped,-9.465848482158078,1.9556757446207929,-5.751995421947582,1,0.0,0.0,interior
T094,L,4172,T014,296,0,mapped,-8.7350585699796,0.9000018919922308,-5.723550666671213,1,0.0,0.0,interior
T094,L,4173,T014,297,0,mapped,-13.398517601451394,6.085303924775923,-6.154993165113982,2,0.0,0.0,shared_edge
T094,L,4174,T014,298,0,mapped,-12.593381705144264,5.754385835324577,-5.907266202165595,1,0.0,0.0,interior
T094,L,4175,T014,299,0,mapped,-11.832979376829186,5.268531578586867,-6.102735392594451,1,0.0,0.0,interior
T094,L,4176,T014,300,0,mapped,-11.253524728283551,4.571129229014936,-6.242601345166305,1,0.0,0.0,interior
T094,L,4177,T014,301,0,mapped,-10.504512388440924,3.655556118852349,-6.106636256457018,1,0.0,0.0,interior
T094,L,4178,T014,302,0,mapped,-9.818700779721361,2.8271312605591277,-5.828195134559731,1,0.0,0.0,interior
T094,L,4179,T014,303,0,mapped,-9.101216662889957,1.7318146649888568,-5.782930515132521,1,0.0,0.0,interior
T094,L,4180,T014,304,0,mapped,-13.088794144865156,6.041397764934649,-5.842976612408208,2,0.0,0.0,shared_edge
T094,L,4181,T014,305,0,mapped,-12.273428725019041,5.715034200873523,-5.80599536176703,1,0.0,0.0,interior
T094,L,4182,T014,306,0,mapped,-11.529810923019342,5.228682678021432,-6.027813317805856,1,0.0,0.0,interior
T094,L,4183,T014,307,0,mapped,-11.007974413669597,4.391785562995789,-6.22676866738432,1,0.0,0.0,interior
T094,L,4184,T014,308,0,mapped,-10.146500827868962,3.5390282208945116,-5.976054410443288,1,0.0,0.0,interior
T094,L,4185,T014,309,0,mapped,-9.392585558253042,2.5948751644089363,-5.823346177179836,1,0.0,0.0,interior
T094,L,4186,T014,310,0,mapped,-12.691823372719519,5.9960499026079255,-5.642743704972185,2,8.881784197001252e-16,4.440892098500626e-16,shared_edge
T094,L,4187,T014,311,0,mapped,-11.893508786131864,5.624729030690011,-5.767355527332988,1,0.0,0.0,interior
T094,L,4188,T014,312,0,mapped,-11.20249659093278,5.118347552619669,-6.014122952360007,1,0.0,0.0,interior
T094,L,4189,T014,313,0,mapped,-10.668203144457157,4.225135529130565,-6.1335875017529204,1,0.0,0.0,interior
T094,L,4190,T014,314,0,mapped,-9.815110610864691,3.3659659590421622,-5.900780924767894,1,0.0,0.0,interior
T094,L,4191,T014,315,0,mapped,-12.289178683447595,5.950812055096817,-5.453504256172778,2,0.0,0.0,shared_edge
T094,L,4192,T014,316,0,mapped,-11.575256300910624,5.5881524924860955,-5.734235711322278,1,0.0,0.0,interior
T094,L,4193,T014,317,0,mapped,-11.022826798991286,4.976477006813553,-6.04091701842098,1,0.0,0.0,interior
T094,L,4194,T014,318,0,mapped,-10.343134861272105,4.09679011981237,-6.048289531159687,1,0.0,0.0,interior
T094,L,4195,T014,319,0,mapped,-11.895028091216854,5.989643720308493,-5.2785260093763835,2,1.7763568394002505e-15,8.881784197001252e-16,shared_edge
T094,L,4196,T014,320,0,mapped,-11.329836817261695,5.645941265993137,-5.646840325915988,1,0.0,0.0,interior
T094,L,4197,T014,321,0,mapped,-10.795050345565349,4.834482597665881,-6.048745901877511,1,0.0,0.0,interior
T094,L,4198,T014,322,0,mapped,-11.464659793453869,6.049384255849571,-5.173133235284706,2,0.0,0.0,shared_edge
T094,L,4199,T014,323,0,mapped,-11.014194479065257,5.60992568833864,-5.667871059425837,1,0.0,0.0,interior
T094,L,4200,T015,26,2,smooth_near_vertex,-17.417999822892444,9.371589659280275,-9.060765127920975,1,0.0,0.0,interior
T094,L,4201,T015,27,0,mapped,-17.066608354604814,9.335190906795717,-8.79460584180858,1,0.0,0.0,interior
T094,L,4202,T015,28,0,mapped,-16.69247988244249,9.081951002780787,-8.134354908362216,1,0.0,0.0,interior
T094,L,4203,T015,29,0,mapped,-16.122806634074905,8.559810174095748,-7.791332529452679,1,0.0,0.0,interior
T094,L,4204,T015,30,0,mapped,-15.700541436082418,8.077597017193067,-7.383589606882155,1,0.0,0.0,interior
T094,L,4205,T015,31,0,mapped,-15.54606501673401,7.663508555177419,-6.644040207148584,1,0.0,0.0,interior
T094,L,4206,T015,32,0,mapped,-15.352505954010521,7.438275791876173,-5.951126960870775,1,0.0,0.0,interior
T094,L,4207,T015,33,0,mapped,-15.034092513099145,7.135712023154795,-5.273847449914452,1,0.0,0.0,interior
T094,L,4208,T015,34,0,mapped,-14.619877797042191,6.991606375054147,-4.5455716028862945,1,0.0,0.0,interior
T094,L,4209,T015,35,0,mapped,-14.128769522252002,6.984138958703101,-3.77878782994815,1,0.0,0.0,interior
T094,L,4210,T015,36,0,mapped,-13.886034512436972,7.119122898794529,-3.1065599006287705,1,0.0,0.0,interior
T094,L,4211,T015,37,0,mapped,-13.34821513077767,7.377035196698147,-2.5565337509772013,1,0.0,0.0,interior
T094,L,4212,T015,38,0,mapped,-12.867377515792686,7.705117799511735,-2.0633513350222716,1,0.0,0.0,interior
T094,L,4213,T015,39,0,mapped,-12.490933124912095,8.396734395468318,-1.5081366445035431,1,0.0,0.0,interior
T094,L,4214,T015,40,0,mapped,-12.104783177149326,8.935150427619732,-1.1584215237823372,1,0.0,0.0,interior
T094,L,4215,T015,41,0,mapped,-11.554106056665995,9.529996744227162,-0.8738323655068078,1,0.0,0.0,interior
T094,L,4216,T015,42,0,mapped,-11.008436213597925,10.168347408844713,-0.6972410139040711,1,0.0,0.0,interior
T094,L,4217,T015,43,0,mapped,-10.50254250753364,10.841302544162343,-0.5650219227658647,1,0.0,0.0,interior
T094,L,4218,T015,44,0,mapped,-10.101346159269545,11.567034169015258,-0.38897300844307015,1,0.0,0.0,interior
T094,L,4219,T015,45,0,mapped,-9.62672435045025,12.224776455538159,-0.2380436294349202,1,0.0,0.0,interior
T094,L,4220,T015,46,0,mapped,-9.294078892109727,12.99528230238716,-0.1146799863626114,1,0.0,0.0,interior
T094,L,4221,T015,47,0,mapped,-9.234148073901475,13.808857756110676,0.15692601415189067,1,0.0,0.0,interior
T094,L,4222,T015,50,3,smooth_internal,-17.140422396569498,9.306803964442409,-8.850958919587342,1,0.0,0.0,interior
T094,L,4223,T015,51,0,mapped,-16.863263225088367,9.214158812492027,-8.476337044214185,1,0.0,0.0,interior
T094,L,4224,T015,52,0,mapped,-16.36283822059331,8.783949789622252,-8.007147994515025,1,0.0,0.0,interior
T094,L,4225,T015,53,0,mapped,-15.834123714186502,8.273662488303131,-7.66580055627077,1,0.0,0.0,interior
T094,L,4226,T015,54,0,mapped,-15.582934277518286,7.829552830939855,-7.070396592406448,1,0.0,0.0,interior
T094,L,4227,T015,55,0,mapped,-15.376375481380954,7.496518076228554,-6.384405836334707,1,0.0,0.0,interior
T094,L,4228,T015,56,0,mapped,-15.083287415026245,7.2389699269116505,-5.7086073812997045,1,0.0,0.0,interior
T094,L,4229,T015,57,0,mapped,-14.806488318884163,7.036200296205541,-5.00674462002781,1,0.0,0.0,interior
T094,L,4230,T015,58,0,mapped,-14.321732092449318,6.957957546578392,-4.237036195683922,1,0.0,0.0,interior
T094,L,4231,T015,59,0,mapped,-13.862197986997575,6.9837481574560805,-3.536065440129022,1,0.0,0.0,interior
T094,L,4232,T015,60,0,mapped,-13.446188011078501,7.17200412650468,-2.968989680177129,1,0.0,0.0,interior
T094,L,4233,T015,61,0,mapped,-12.955499305290108,7.462529658419005,-2.3755019464621947,1,0.0,0.0,interior
T094,L,4234,T015,62,0,mapped,-12.621993701513988,7.955560993854437,-1.863814373033264,1,0.0,0.0,interior
T094,L,4235,T015,63,0,mapped,-12.139000110663734,8.562715327028755,-1.429848896674196,1,0.0,0.0,interior
T094,L,4236,T015,64,0,mapped,-11.647603745274345,9.184045407740552,-1.0547932945921914,1,0.0,0.0,interior
T094,L,4237,T015,65,0,mapped,-11.160230298941958,9.726557658717745,-0.8507605079498763,1,0.0,0.0,interior
T094,L,4238,T015,66,0,mapped,-10.659405883325975,10.372222674111782,-0.7137378772468398,1,0.0,0.0,interior
T094,L,4239,T015,67,0,mapped,-10.188096578995264,11.097374897106715,-0.5217188971585327,1,0.0,0.0,interior
T094,L,4240,T015,68,0,mapped,-9.765374930945399,11.830619809721497,-0.34897782536708366,1,0.0,0.0,interior
T094,L,4241,T015,69,0,mapped,-9.381865823397217,12.534836474379361,-0.2053247753840955,1,0.0,0.0,interior
T094,L,4242,T015,70,0,mapped,-9.210790423745706,13.349736547578246,-0.04068303898227571,1,0.0,0.0,interior
T094,L,4243,T015,73,0,mapped,-17.004046835194522,9.278173657535952,-8.838343028047428,1,0.0,0.0,interior
T094,L,4244,T015,74,0,mapped,-16.57420442134515,8.974606651833312,-8.242765898347123,1,0.0,0.0,interior
T094,L,4245,T015,75,0,mapped,-16.00106073729144,8.455634797053786,-7.8232321743877735,1,0.0,0.0,interior
T094,L,4246,T015,76,0,mapped,-15.643947941549355,8.04165729222985,-7.455402671835045,1,0.0,0.0,interior
T094,L,4247,T015,77,0,mapped,-15.392320748318259,7.578916679402349,-6.763147743104886,1,0.0,0.0,interior
T094,L,4248,T015,78,0,mapped,-15.190973579573313,7.362218660406803,-6.157731780576188,1,0.0,0.0,interior
T094,L,4249,T015,79,0,mapped,-14.846523152956047,7.097236317439906,-5.452463988017895,1,0.0,0.0,interior
T094,L,4250,T015,80,0,mapped,-14.514357704380467,6.951766484455598,-4.686629494421949,1,0.0,0.0,interior
T094,L,4251,T015,81,0,mapped,-13.991767242242366,6.9382504174245945,-3.9232644706875037,1,0.0,0.0,interior
T094,L,4252,T015,82,0,mapped,-13.556192160674758,7.035879954990177,-3.3167599220369977,1,0.0,0.0,interior
T094,L,4253,T015,83,0,mapped,-13.176468759263521,7.254876292197995,-2.763719985954272,1,0.0,0.0,interior
T094,L,4254,T015,84,0,mapped,-12.622887516657372,7.602661165409142,-2.2535193049137723,1,0.0,0.0,interior
T094,L,4255,T015,85,0,mapped,-12.216040251827648,8.198350330016588,-1.7396805224593639,1,0.0,0.0,interior
T094,L,4256,T015,86,0,mapped,-11.78155961916145,8.759424048423334,-1.329751330878851,1,0.0,0.0,interior
T094,L,4257,T015,87,0,mapped,-11.302829573255636,9.369303200772073,-1.0093050062264748,1,0.0,0.0,interior
T094,L,4258,T015,88,0,mapped,-10.720950263475299,9.986869363756558,-0.8423288107257445,1,0.0,0.0,interior
T094,L,4259,T015,89,0,mapped,-10.304085236624514,10.704956085137962,-0.6659255037285383,1,0.0,0.0,interior
T094,L,4260,T015,90,0,mapped,-9.82357553520509,11.372164010446753,-0.4704007664681711,1,0.0,0.0,interior
T094,L,4261,T015,91,0,mapped,-9.480258364443152,12.099541523314343,-0.317482074183114,1,0.0,0.0,interior
T094,L,4262,T015,92,0,mapped,-9.27550787968389,12.853983233733555,-0.14796487400906688,1,0.0,0.0,interior
T094,L,4263,T015,95,0,mapped,-16.762923678309086,9.122728097061199,-8.610885854288364,1,0.0,0.0,interior
T094,L,4264,T015,96,0,mapped,-16.261416309229087,8.70103975631157,-8.073267726762634,1,0.0,0.0,interior
T094,L,4265,T015,97,0,mapped,-15.76730652819366,8.216527766126344,-7.718204919675443,1,0.0,0.0,interior
T094,L,4266,T015,98,0,mapped,-15.468257515072754,7.759394257092813,-7.203177237187864,1,0.0,0.0,interior
T094,L,4267,T015,99,0,mapped,-15.262687557877086,7.45285949477932,-6.59470471924601,1,0.0,0.0,interior
T094,L,4268,T015,100,0,mapped,-14.969374915182048,7.200036906442101,-5.916174860998144,1,0.0,0.0,interior
T094,L,4269,T015,101,0,mapped,-14.622122588502483,6.983233013008492,-5.1187564353918615,1,0.0,0.0,interior
T094,L,4270,T015,102,0,mapped,-14.1955814153785,6.907034874884664,-4.384795590749436,1,0.0,0.0,interior
T094,L,4271,T015,103,0,mapped,-13.660516845474985,6.943141723088843,-3.655952167735192,1,0.0,0.0,interior
T094,L,4272,T015,104,0,mapped,-13.25523278137337,7.071822876981452,-3.1944951209244716,1,0.0,0.0,interior
T094,L,4273,T015,105,0,mapped,-12.757990184951414,7.373258691103102,-2.554449853484291,1,0.0,0.0,interior
T094,L,4274,T015,106,0,mapped,-12.320450002630585,7.83944902457082,-2.0401563080304355,1,0.0,0.0,interior
T094,L,4275,T015,107,0,mapped,-11.89130440340848,8.456895177544801,-1.5537553415408825,1,0.0,0.0,interior
T094,L,4276,T015,108,0,mapped,-11.382666455777446,9.04081379915523,-1.1854346017480193,1,0.0,0.0,interior
T094,L,4277,T015,109,0,mapped,-10.851183300461337,9.603843595413757,-1.0229568922503347,1,0.0,0.0,interior
T094,L,4278,T015,110,0,mapped,-10.400189722981258,10.246185264516857,-0.8350820555754412,1,0.0,0.0,interior
T094,L,4279,T015,111,0,mapped,-9.982264560600127,10.972384131899545,-0.6089063375034292,1,0.0,0.0,interior
T094,L,4280,T015,112,0,mapped,-9.585748415605416,11.715142279856767,-0.4265052275803515,1,0.0,0.0,interior
T094,L,4281,T015,113,0,mapped,-9.258894638621424,12.40681234778813,-0.2717861348709809,1,0.0,0.0,interior
T094,L,4282,T015,116,0,mapped,-16.49383552446841,8.902181217428165,-8.379405907205548,1,0.0,0.0,interior
T094,L,4283,T015,117,0,mapped,-15.95160535882181,8.42459339689827,-7.942337583802118,1,0.0,0.0,interior
T094,L,4284,T015,118,0,mapped,-15.550002695268304,7.955180665853181,-7.484321955191022,1,0.0,0.0,interior
T094,L,4285,T015,119,0,mapped,-15.258942548909895,7.509770914046319,-6.934927771784787,1,0.0,0.0,interior
T094,L,4286,T015,120,0,mapped,-15.010173648682413,7.244031882730875,-6.318739623851469,1,0.0,0.0,interior
T094,L,4287,T015,121,0,mapped,-14.692311985207235,7.03804483634841,-5.556152925881745,1,0.0,0.0,interior
T094,L,4288,T015,122,0,mapped,-14.350784746900388,6.896288937055809,-4.837156865837425,1,0.0,0.0,interior
T094,L,4289,T015,123,0,mapped,-13.857441958460782,6.879694029326922,-4.101507512806695,1,0.0,0.0,interior
T094,L,4290,T015,124,0,mapped,-13.359395806457615,6.944230257977489,-3.5562688404431677,1,0.0,0.0,interior
T094,L,4291,T015,125,0,mapped,-12.870809977255321,7.127599334557829,-2.9951205887026697,1,0.0,0.0,interior
T094,L,4292,T015,126,0,mapped,-12.405148487810797,7.456291016420293,-2.484378413860104,1,0.0,0.0,interior
T094,L,4293,T015,127,0,mapped,-11.953166279502335,8.097426633828936,-1.8623988260846955,1,0.0,0.0,interior
T094,L,4294,T015,128,0,mapped,-11.550587326830087,8.682228341546338,-1.4129095289495415,1,0.0,0.0,interior
T094,L,4295,T015,129,0,mapped,-11.013388480852605,9.254958114067634,-1.1688067443124435,1,0.0,0.0,interior
T094,L,4296,T015,130,0,mapped,-10.472293971454878,9.897973303569419,-0.9750787521070865,1,0.0,0.0,interior
T094,L,4297,T015,131,0,mapped,-10.044173533078913,10.54688079144205,-0.7849560850277254,1,0.0,0.0,interior
T094,L,4298,T015,132,0,mapped,-9.601453398010303,11.200880398918379,-0.6069078578504427,1,0.0,0.0,interior
T094,L,4299,T015,133,0,mapped,-9.358083674207098,12.010757739689407,-0.39226146796333755,1,0.0,0.0,interior
T094,L,4300,T015,136,0,mapped,-16.183263972570515,8.63522599516661,-8.157191856996521,1,0.0,0.0,interior
T094,L,4301,T015,137,0,mapped,-15.70430365284152,8.164275104555525,-7.7754985231706755,1,0.0,0.0,interior
T094,L,4302,T015,138,0,mapped,-15.397224061340133,7.7172156016834315,-7.300099012000899,1,0.0,0.0,interior
T094,L,4303,T015,139,0,mapped,-15.158060869910518,7.3795464647136555,-6.629973063783361,1,0.0,0.0,interior
T094,L,4304,T015,140,0,mapped,-14.816030338152068,7.1174777811010586,-6.045939419140769,1,0.0,0.0,interior
T094,L,4305,T015,141,0,mapped,-14.459463375550191,6.923421460521281,-5.308860747329333,1,0.0,0.0,interior
T094,L,4306,T015,142,0,mapped,-14.040956170284069,6.836493413026483,-4.5793057151007215,1,0.0,0.0,interior
T094,L,4307,T015,143,0,mapped,-13.511904792171737,6.858718138476426,-3.884241542173439,1,0.0,0.0,interior
T094,L,4308,T015,144,0,mapped,-12.95193241387386,6.9405206475237495,-3.4186254591891463,1,0.0,0.0,interior
T094,L,4309,T015,145,0,mapped,-12.540352542912343,7.270383919999112,-2.749273948750751,1,0.0,0.0,interior
T094,L,4310,T015,146,0,mapped,-12.026843947741149,7.6621190907109735,-2.260362800796113,1,0.0,0.0,interior
T094,L,4311,T015,147,0,mapped,-11.694302614248452,8.304922285214264,-1.7027575310859235,1,0.0,0.0,interior
T094,L,4312,T015,148,0,mapped,-11.168809003301188,8.869956941342334,-1.3519437953318083,1,0.0,0.0,interior
T094,L,4313,T015,149,0,mapped,-10.615254073672375,9.498128930103977,-1.1720420762831305,1,0.0,0.0,interior
T094,L,4314,T015,150,0,mapped,-10.12002896803914,10.124131080596431,-0.9602123066074533,1,0.0,0.0,interior
T094,L,4315,T015,151,0,mapped,-9.745298111192238,10.820310755535981,-0.7528808537596304,1,0.0,0.0,interior
T094,L,4316,T015,152,0,mapped,-9.383600505051575,11.475548627109749,-0.564995820762765,1,0.0,0.0,interior
T094,L,4317,T015,155,0,mapped,-15.884959714327902,8.36741221616229,-8.004452164046079,1,0.0,0.0,interior
T094,L,4318,T015,156,0,mapped,-15.472987293144488,7.893373202877079,-7.564201137391894,1,0.0,0.0,interior
T094,L,4319,T015,157,0,mapped,-15.136468291501615,7.419904120700281,-7.040944083435859,1,0.0,0.0,interior
T094,L,4320,T015,158,0,mapped,-14.85890132001374,7.1494485009403554,-6.401430983916474,1,0.0,0.0,interior
T094,L,4321,T015,159,0,mapped,-14.533709687861624,6.954324857789013,-5.763847234998553,1,0.0,0.0,interior
T094,L,4322,T015,160,0,mapped,-14.153739779773751,6.819468962431413,-5.001728820351507,1,0.0,0.0,interior
T094,L,4323,T015,161,0,mapped,-13.671236612885167,6.8001084768183055,-4.279739201293365,1,0.0,0.0,interior
T094,L,4324,T015,162,0,mapped,-13.208134338958171,6.838431954538342,-3.794107589539786,1,0.0,0.0,interior
T094,L,4325,T015,163,0,mapped,-12.658469052615011,7.053491893671698,-3.174114836702427,1,0.0,0.0,interior
T094,L,4326,T015,164,0,mapped,-12.166883675199182,7.443923786859628,-2.51640172304778,1,0.0,0.0,interior
T094,L,4327,T015,165,0,mapped,-11.762218858714673,7.892990728380498,-2.075502481311247,1,0.0,0.0,interior
T094,L,4328,T015,166,0,mapped,-11.341228087377083,8.478609424350097,-1.6156433071146132,1,0.0,0.0,interior
T094,L,4329,T015,167,0,mapped,-10.677365936939303,9.15109326595886,-1.34985386773689,1,0.0,0.0,interior
T094,L,4330,T015,168,0,mapped,-10.25708609590694,9.765731730229735,-1.1110788282220978,1,0.0,0.0,interior
T094,L,4331,T015,169,0,mapped,-9.814143803454732,10.405170982385627,-0.911766881072547,1,0.0,0.0,interior
T094,L,4332,T015,170,0,mapped,-9.432194671767501,11.110887320269427,-0.7277225335044546,1,0.0,0.0,interior
T094,L,4333,T015,173,0,mapped,-15.632563010939359,8.100372929039365,-7.848809462472455,1,0.0,0.0,interior
T094,L,4334,T015,174,0,mapped,-15.328903759418026,7.661836408264476,-7.362087329871675,1,0.0,0.0,interior
T094,L,4335,T015,175,0,mapped,-14.961771607131688,7.256503012934193,-6.769810248503862,1,0.0,0.0,interior
T094,L,4336,T015,176,0,mapped,-14.632418816702167,7.002693949744664,-6.12973255259351,1,0.0,0.0,interior
T094,L,4337,T015,177,0,mapped,-14.325667221230207,6.854495159329348,-5.437651262625912,1,0.0,0.0,interior
T094,L,4338,T015,178,0,mapped,-13.853083885283615,6.75127740753617,-4.718421354745451,1,0.0,0.0,interior
T094,L,4339,T015,179,0,mapped,-13.323114670691119,6.7751916242445684,-4.074912663970693,1,0.0,0.0,interior
T094,L,4340,T015,180,0,mapped,-12.81335748060703,6.890588935042066,-3.5045537435645575,1,0.0,0.0,interior
T094,L,4341,T015,181,0,mapped,-12.30243460310302,7.198303542301058,-2.8999311596016653,1,0.0,0.0,interior
T094,L,4342,T015,182,0,mapped,-11.813125628414747,7.572443891761965,-2.413570715463646,1,0.0,0.0,interior
T094,L,4343,T015,183,0,mapped,-11.406847621016556,8.079330971947671,-1.9875141072127178,1,0.0,0.0,interior
T094,L,4344,T015,184,0,mapped,-10.88230949750508,8.829244574931206,-1.4701801900419158,1,0.0,0.0,interior
T094,L,4345,T015,185,0,mapped,-10.337972495957683,9.368623547533971,-1.33878373713134,1,0.0,0.0,interior
T094,L,4346,T015,186,0,mapped,-9.866552025143678,10.031002816968936,-1.1077204721483522,1,0.0,0.0,interior
T094,L,4347,T015,187,0,mapped,-9.504083842884091,10.690872906927495,-0.9084500230081596,1,0.0,0.0,interior
T094,L,4348,T015,190,0,mapped,-15.377267702589696,7.80608630373859,-7.657571489851127,1,0.0,0.0,interior
T094,L,4349,T015,191,0,mapped,-15.010184117799724,7.320296467740118,-7.132854495315172,1,0.0,0.0,interior
T094,L,4350,T015,192,0,mapped,-14.678569590401432,7.03747731520175,-6.544240672202993,1,0.0,0.0,interior
T094,L,4351,T015,193,0,mapped,-14.353743232764723,6.842253244483322,-5.831248898900628,1,0.0,0.0,interior
T094,L,4352,T015,194,0,mapped,-14.018867997345746,6.747402827687207,-5.135935369342619,1,0.0,0.0,interior
T094,L,4353,T015,195,0,mapped,-13.514081580108309,6.712743058369313,-4.480244843136563,1,0.0,0.0,interior
T094,L,4354,T015,196,0,mapped,-12.946514148113343,6.740805050159278,-3.9376835350952417,1,0.0,0.0,interior
T094,L,4355,T015,197,0,mapped,-12.437153199406632,7.013691062315823,-3.264610371038629,1,0.0,0.0,interior
T094,L,4356,T015,198,0,mapped,-11.951079754803354,7.336429909106423,-2.7091637161376023,1,0.0,0.0,interior
T094,L,4357,T015,199,0,mapped,-11.57638713207907,7.674912143877707,-2.3657074085437597,1,0.0,0.0,interior
T094,L,4358,T015,200,0,mapped,-11.03872990409167,8.404111438181577,-1.7659302459596147,1,0.0,0.0,interior
T094,L,4359,T015,201,0,mapped,-10.461335916462296,9.072691896952612,-1.483924817327608,1,0.0,0.0,interior
T094,L,4360,T015,202,0,mapped,-9.99588302188264,9.714077869769866,-1.248548940336307,1,0.0,0.0,interior
T094,L,4361,T015,203,0,mapped,-9.559084410970915,10.295411106408267,-1.0977330367021578,1,0.0,0.0,interior
T094,L,4362,T015,206,0,mapped,-15.16655589482443,7.515075292264084,-7.475060653287225,1,0.0,0.0,interior
T094,L,4363,T015,207,0,mapped,-14.830700708959878,7.17697464044805,-6.99699312010257,1,0.0,0.0,interior
T094,L,4364,T015,208,0,mapped,-14.459714507228279,6.882214452889432,-6.294127120231793,1,0.0,0.0,interior
T094,L,4365,T015,209,0,mapped,-14.10843385273803,6.727699637496414,-5.550086179300926,1,0.0,0.0,interior
T094,L,4366,T015,210,0,mapped,-13.708220317768934,6.661216236046005,-4.897908459514038,1,0.0,0.0,interior
T094,L,4367,T015,211,0,mapped,-13.10936978070686,6.7013875627936965,-4.193227440312158,1,0.0,0.0,interior
T094,L,4368,T015,212,0,mapped,-12.611017038319693,6.829100502447851,-3.623020655749476,1,0.0,0.0,interior
T094,L,4369,T015,213,0,mapped,-12.089948744882479,7.151251873198557,-3.0172345594956886,1,0.0,0.0,interior
T094,L,4370,T015,214,0,mapped,-11.588508075850433,7.484053271104909,-2.6252422744631034,1,0.0,0.0,interior
T094,L,4371,T015,215,0,mapped,-11.236575419105883,7.906170652218103,-2.2149285028407797,1,0.0,0.0,interior
T094,L,4372,T015,216,0,mapped,-10.598842001409842,8.640116837445184,-1.7329744588934781,1,0.0,0.0,interior
T094,L,4373,T015,217,0,mapped,-9.997844661232017,9.35781355508266,-1.5133641873953232,1,0.0,0.0,interior
T094,L,4374,T015,218,0,mapped,-9.61395429184666,9.951091370783356,-1.3049424137497045,1,0.0,0.0,interior
T094,L,4375,T015,221,0,mapped,-14.907707667015503,7.243988394853281,-7.258073004268443,1,0.0,0.0,interior
T094,L,4376,T015,222,0,mapped,-14.552415331539514,6.950870279068633,-6.7394069873782385,1,0.0,0.0,interior
T094,L,4377,T015,223,0,mapped,-14.181761119628629,6.733791261161095,-6.020826576805891,1,0.0,0.0,interior
T094,L,4378,T015,224,0,mapped,-13.802794687596123,6.611381110243743,-5.306808466148813,1,0.0,0.0,interior
T094,L,4379,T015,225,0,mapped,-13.353189041573462,6.619816030866486,-4.633953492704278,1,0.0,0.0,interior
T094,L,4380,T015,226,0,mapped,-12.781917069333632,6.698789523323672,-4.008132418581996,1,0.0,0.0,interior
T094,L,4381,T015,227,0,mapped,-12.214676313637774,6.876777891167757,-3.5048738127002745,1,0.0,0.0,interior
T094,L,4382,T015,228,0,mapped,-11.692639316355988,7.244333233703344,-2.942363710425081,1,0.0,0.0,interior
T094,L,4383,T015,229,0,mapped,-11.320257551470627,7.5786950217713205,-2.597112674081736,1,0.0,0.0,interior
T094,L,4384,T015,230,0,mapped,-10.858403823847441,8.162684613084952,-2.065812380294688,1,0.0,0.0,interior
T094,L,4385,T015,231,0,mapped,-10.074844492047013,8.965880846298823,-1.7470334838720696,1,0.0,0.0,interior
T094,L,4386,T015,232,0,mapped,-9.556407113563068,9.576549764499074,-1.60271245701841,1,0.0,0.0,interior
T094,L,4387,T015,235,0,mapped,-14.60648433442271,6.991811632767842,-7.1029472671631595,1,0.0,0.0,interior
T094,L,4388,T015,236,0,mapped,-14.278453156052192,6.749879228050579,-6.487110936005832,1,0.0,0.0,interior
T094,L,4389,T015,237,0,mapped,-13.916410292288965,6.593392363332185,-5.7442046775740305,1,0.0,0.0,interior
T094,L,4390,T015,238,0,mapped,-13.488395460346437,6.539646331595421,-4.991740483070772,1,0.0,0.0,interior
T094,L,4391,T015,239,0,mapped,-12.959616008813692,6.589437024313627,-4.438074870770275,1,0.0,0.0,interior
T094,L,4392,T015,240,0,mapped,-12.364945194491725,6.7154372605537755,-3.8786502095994773,1,0.0,0.0,interior
T094,L,4393,T015,241,0,mapped,-11.80879251256317,7.028515057920188,-3.2724390417045472,1,0.0,0.0,interior
T094,L,4394,T015,242,0,mapped,-11.331583000841915,7.38700150197986,-2.8616069911483675,1,0.0,0.0,interior
T094,L,4395,T015,243,0,mapped,-10.900107943215046,7.744282215091012,-2.533818303858495,1,0.0,0.0,interior
T094,L,4396,T015,244,0,mapped,-10.343514119512262,8.585339074537032,-1.921265474660113,1,0.0,0.0,interior
T094,L,4397,T015,245,0,mapped,-9.641430563206303,9.265511194778473,-1.7764419472660298,1,0.0,0.0,interior
T094,L,4398,T015,248,0,mapped,-14.375613912676641,6.791992190381656,-6.868800703057424,1,0.0,0.0,interior
T094,L,4399,T015,249,0,mapped,-13.97887277878916,6.572720452680411,-6.194250248813466,1,0.0,0.0,interior
T094,L,4400,T015,250,0,mapped,-13.608372319745287,6.456018678889789,-5.480298102879615,1,0.0,0.0,interior
T094,L,4401,T015,251,0,mapped,-13.069074593923165,6.497955138011752,-4.723089999243495,1,0.0,0.0,interior
T094,L,4402,T015,252,0,mapped,-12.51326733134708,6.593683526560763,-4.2364595723456775,1,0.0,0.0,interior
T094,L,4403,T015,253,0,mapped,-11.989282136909674,6.821199111307976,-3.63745438321098,1,0.0,0.0,interior
T094,L,4404,T015,254,0,mapped,-11.45222041242432,7.1790111466509305,-3.151048794666935,1,0.0,0.0,interior
T094,L,4405,T015,255,0,mapped,-10.955290414907527,7.540508505478609,-2.7782695420972807,1,0.0,0.0,interior
T094,L,4406,T015,256,0,mapped,-10.367043425413007,8.101697170116733,-2.3988229724385453,1,0.0,0.0,interior
T094,L,4407,T015,257,0,mapped,-9.69105841346926,8.822071602951574,-2.130754196204034,1,0.0,0.0,interior
T094,L,4408,T015,260,0,mapped,-14.065013654471253,6.569510000750871,-6.5881044632362125,1,0.0,0.0,interior
T094,L,4409,T015,261,0,mapped,-13.776612464630807,6.482980214738113,-5.856341622621534,1,0.0,0.0,interior
T094,L,4410,T015,262,0,mapped,-13.265512447225428,6.390589157735812,-5.138777123496983,1,0.0,0.0,interior
T094,L,4411,T015,263,0,mapped,-12.726296796530294,6.494896179876253,-4.574373284006045,1,0.0,0.0,interior
T094,L,4412,T015,264,0,mapped,-12.162033104351284,6.662528396456047,-4.0082994221570845,1,0.0,0.0,interior
T094,L,4413,T015,265,0,mapped,-11.630502724185275,6.950969134951189,-3.4572109503157145,1,0.0,0.0,interior
T094,L,4414,T015,266,0,mapped,-11.119603132188686,7.3065261862517,-3.0579388516334753,1,0.0,0.0,interior
T094,L,4415,T015,267,0,mapped,-10.61155209782473,7.646510778857875,-2.7910187096136174,1,0.0,0.0,interior
T094,L,4416,T015,268,0,mapped,-9.943626858596431,8.41229207278953,-2.363728117923726,1,0.0,0.0,interior
T094,L,4417,T015,271,0,mapped,-13.820126457901635,6.403686160985577,-6.317530963134646,1,0.0,0.0,interior
T094,L,4418,T015,272,0,mapped,-13.449533813810149,6.314208041217155,-5.63000245746299,1,0.0,0.0,interior
T094,L,4419,T015,273,0,mapped,-12.850304078101217,6.351225570536538,-4.951954290899942,1,0.0,0.0,interior
T094,L,4420,T015,274,0,mapped,-12.258519876572766,6.52268066085529,-4.399268567656904,1,0.0,0.0,interior
T094,L,4421,T015,275,0,mapped,-11.807008620350452,6.761047596345593,-3.7861318413484435,1,0.0,0.0,interior
T094,L,4422,T015,276,0,mapped,-11.263535564728148,7.100959132871946,-3.3580291064839853,1,0.0,0.0,interior
T094,L,4423,T015,277,0,mapped,-10.693757471358518,7.4430914081283035,-3.005935117519453,1,0.0,0.0,interior
T094,L,4424,T015,278,0,mapped,-10.134020431253923,7.968569940318222,-2.682736114827093,1,0.0,0.0,interior
T094,L,4425,T015,281,0,mapped,-13.557727686799732,6.280742343383459,-6.004507080507257,1,0.0,0.0,interior
T094,L,4426,T015,282,0,mapped,-13.129530405709087,6.256246435054415,-5.379451286409311,1,0.0,0.0,interior
T094,L,4427,T015,283,0,mapped,-12.433543471104592,6.372829634727713,-4.780127949483235,1,0.0,0.0,interior
T094,L,4428,T015,284,0,mapped,-11.980161904996661,6.588709276965647,-4.167566030810865,1,0.0,0.0,interior
T094,L,4429,T015,285,0,mapped,-11.417064535624961,6.86343243232043,-3.694836868786942,1,0.0,0.0,interior
T094,L,4430,T015,286,0,mapped,-10.846239518707188,7.18588080336491,-3.320856753775335,1,0.0,0.0,interior
T094,L,4431,T015,287,0,mapped,-10.268606102165938,7.632335664028455,-3.0044368429361477,1,0.0,0.0,interior
T094,L,4432,T015,290,0,mapped,-13.29494992331955,6.178780193098856,-5.778988293274016,1,0.0,0.0,interior
T094,L,4433,T015,291,0,mapped,-12.73374895580404,6.271944882402753,-5.086451041263018,1,0.0,0.0,interior
T094,L,4434,T015,292,0,mapped,-12.051634386461677,6.424701083547911,-4.566089363660748,1,0.0,0.0,interior
T094,L,4435,T015,293,0,mapped,-11.574006621192328,6.667189382451108,-4.0333101590192015,1,0.0,0.0,interior
T094,L,4436,T015,294,0,mapped,-11.093678239404664,6.98758305910882,-3.6040141213151884,1,0.0,0.0,interior
T094,L,4437,T015,295,0,mapped,-10.342011179326397,7.382283271007434,-3.2981180757313497,1,0.0,0.0,interior
T094,L,4438,T015,298,0,mapped,-12.897766611296472,6.140261191974867,-5.480703651723454,1,0.0,0.0,interior
T094,L,4439,T015,299,0,mapped,-12.350925429190701,6.302593348252971,-4.892897509771445,1,0.0,0.0,interior
T094,L,4440,T015,300,0,mapped,-11.785903611940624,6.469245013644949,-4.41928250959698,1,0.0,0.0,interior
T094,L,4441,T015,301,0,mapped,-11.241013521124367,6.777921432242559,-3.93635892320743,1,0.0,0.0,interior
T094,L,4442,T015,302,0,mapped,-10.605460363593766,7.155565898161441,-3.5069195153429136,1,0.0,0.0,interior
T094,L,4443,T015,305,0,mapped,-12.50782242777655,6.100783333673093,-5.326300381987615,1,0.0,0.0,interior
T094,L,4444,T015,306,0,mapped,-11.93862700623622,6.312936438160364,-4.753320874102368,1,0.0,0.0,interior
T094,L,4445,T015,307,0,mapped,-11.407698397229895,6.587527382797726,-4.257007848008496,1,0.0,0.0,interior
T094,L,4446,T015,308,0,mapped,-10.708328076614471,6.933361346415369,-3.9135431863156773,1,0.0,0.0,interior
T094,L,4447,T015,311,0,mapped,-12.119426887799376,6.105038788980682,-5.14168528666502,1,0.0,0.0,interior
T094,L,4448,T015,312,0,mapped,-11.545738399702437,6.4059031370548905,-4.586507099136366,1,0.0,0.0,interior
T094,L,4449,T015,313,0,mapped,-10.9683030686191,6.734954445210837,-4.189470089754383,1,0.0,0.0,interior
T094,L,4450,T015,316,0,mapped,-11.724624852285006,6.174562111082748,-4.973665349630262,1,0.0,0.0,interior
T094,L,4451,T015,317,0,mapped,-11.222898289635845,6.558701153222701,-4.425232989501378,1,0.0,0.0,interior
T094,L,4452,T015,320,0,mapped,-11.345880902447261,6.343425901270718,-4.764901997832381,1,0.0,0.0,interior
