sample_id,side,global_vertex_id,chosen_region_id,chosen_region_point_id,chosen_quality_rank,chosen_repair_method,x,y,z,member_count,max_candidate_distance_mm,mean_candidate_distance_mm,topology_role
T097,L,0,T001,0,-1,landmark_vertex,-17.01867836900902,43.03614132117008,-33.241392628130654,2,0.0,0.0,landmark
T097,L,1,T001,1,0,mapped,-16.269709450063644,42.510702398392056,-33.28010660396423,2,7.105427357601002e-15,3.552713678800501e-15,shared_edge
T097,L,2,T001,2,0,mapped,-15.622184838903081,41.874226479118605,-33.289912640472956,2,0.0,0.0,shared_edge
T097,L,3,T001,3,0,mapped,-14.97448881219054,41.34676454349747,-33.09854646540364,2,0.0,0.0,shared_edge
T097,L,4,T001,4,0,mapped,-14.304457046106688,40.86372362935353,-32.79839437401094,2,3.66205343881779e-15,1.831026719408895e-15,shared_edge
T097,L,5,T001,5,0,mapped,-13.731789249627097,40.37860449996124,-32.42183129850661,2,0.0,0.0,shared_edge
T097,L,6,T001,6,0,mapped,-13.167908319082676,39.85962167474675,-32.0541217639953,2,0.0,0.0,shared_edge
T097,L,7,T001,7,0,mapped,-12.757872684191634,39.209640907302926,-31.668640663056117,2,0.0,0.0,shared_edge
T097,L,8,T001,8,0,mapped,-12.358658424011521,38.600324918748214,-31.17885187267033,2,0.0,0.0,shared_edge
T097,L,9,T001,9,0,mapped,-12.109519253083661,38.03252316941794,-30.630531944333555,2,0.0,0.0,shared_edge
T097,L,10,T001,10,0,mapped,-11.917610806008113,37.47808942798703,-29.967812628860045,2,0.0,0.0,shared_edge
T097,L,11,T001,11,0,mapped,-11.62736502989447,36.98191748778936,-29.293031250291058,2,0.0,0.0,shared_edge
T097,L,12,T001,12,0,mapped,-11.291698430091166,36.57021572419379,-28.574309235526385,2,7.106294666405892e-15,3.553147333202946e-15,shared_edge
T097,L,13,T001,13,0,mapped,-10.888220552009821,36.18334803555557,-27.867570929822,2,0.0,0.0,shared_edge
T097,L,14,T001,14,0,mapped,-10.655110170716002,35.785518389062354,-27.13383536527558,2,0.0,0.0,shared_edge
T097,L,15,T001,15,0,mapped,-10.663328359557372,35.410675415294634,-26.31080215722744,2,5.3290705182007506e-15,2.664535259100376e-15,shared_edge
T097,L,16,T001,16,0,mapped,-10.33634409838178,35.01376397771082,-25.583905971313573,2,0.0,0.0,shared_edge
T097,L,17,T001,17,0,mapped,-10.121610298694984,34.55348126104267,-24.841050379187728,2,0.0,0.0,shared_edge
T097,L,18,T001,18,0,mapped,-9.961986662855242,34.06511057016535,-24.107475313935982,2,0.0,0.0,shared_edge
T097,L,19,T001,19,0,mapped,-9.988303762042474,33.6767947413347,-23.27736818970492,2,0.0,0.0,shared_edge
T097,L,20,T001,20,0,mapped,-10.024125018373176,33.20677515461734,-22.493441286564625,2,1.7763568394002505e-15,8.881784197001252e-16,shared_edge
T097,L,21,T001,21,0,mapped,-10.085333879847994,32.53048706304957,-21.90367759541343,2,0.0,0.0,shared_edge
T097,L,22,T001,22,0,mapped,-10.163722085387905,31.720905933216635,-21.482450357343932,2,1.1102230246251563e-16,5.551115123125783e-17,shared_edge
T097,L,23,T001,23,0,mapped,-10.242257786974408,30.915692940063472,-21.095252776501468,2,1.9860273225978185e-15,9.930136612989092e-16,shared_edge
T097,L,24,T001,24,-1,landmark_vertex,-10.317489054502838,30.128434331199855,-20.63021743800614,3,0.0,0.0,landmark
T097,L,25,T001,25,0,mapped,-16.43168804886259,42.91999313295658,-33.073916939795424,1,0.0,0.0,interior
T097,L,26,T001,26,0,mapped,-15.66011723098235,42.29848356767242,-33.09431011295746,1,0.0,0.0,interior
T097,L,27,T001,27,0,mapped,-15.061265801182266,41.7875270164475,-33.00272606003957,1,0.0,0.0,interior
T097,L,28,T001,28,0,mapped,-14.40941181775721,41.21084352906146,-32.78398031563161,1,0.0,0.0,interior
T097,L,29,T001,29,0,mapped,-13.787895358475131,40.7409052244594,-32.43241269376808,1,0.0,0.0,interior
T097,L,30,T001,30,0,mapped,-13.211857611776965,40.217459608058086,-32.08016442416681,1,0.0,0.0,interior
T097,L,31,T001,31,0,mapped,-12.748242814192881,39.48731699074963,-31.71969855566833,1,0.0,0.0,interior
T097,L,32,T001,32,0,mapped,-12.296331793700757,38.90883816654408,-31.240463415022504,1,0.0,0.0,interior
T097,L,33,T001,33,0,mapped,-12.040006985135827,38.348712407651384,-30.78867801915481,1,0.0,0.0,interior
T097,L,34,T001,34,0,mapped,-11.839748444255987,37.736859210110296,-30.155312599937773,1,0.0,0.0,interior
T097,L,35,T001,35,0,mapped,-11.593295636272677,37.23797897602586,-29.53487758203893,1,0.0,0.0,interior
T097,L,36,T001,36,0,mapped,-11.290039885689389,36.7673265456918,-28.85075687726352,1,0.0,0.0,interior
T097,L,37,T001,37,0,mapped,-10.785559139261624,36.41494615775738,-28.13720536547402,1,0.0,0.0,interior
T097,L,38,T001,38,0,mapped,-10.584468536566325,35.95540345609565,-27.42678837779031,1,0.0,0.0,interior
T097,L,39,T001,39,0,mapped,-10.395358172487551,35.507688205625946,-26.64744886149636,1,0.0,0.0,interior
T097,L,40,T001,40,0,mapped,-10.271946521579343,35.115200776958304,-25.902363434233116,1,0.0,0.0,interior
T097,L,41,T001,41,0,mapped,-10.060014517698283,34.67305899803645,-25.193653991670566,1,0.0,0.0,interior
T097,L,42,T001,42,0,mapped,-9.916833098299996,34.223052502918335,-24.48324773349698,1,0.0,0.0,interior
T097,L,43,T001,43,0,mapped,-9.832655785240611,33.72732431152012,-23.737695642002898,1,0.0,0.0,interior
T097,L,44,T001,44,0,mapped,-9.884004966586629,33.241118032214125,-23.02720986931118,1,0.0,0.0,interior
T097,L,45,T001,45,0,mapped,-9.887648504882891,32.56926600337085,-22.37354580893574,1,0.0,0.0,interior
T097,L,46,T001,46,0,mapped,-9.987601474251832,31.903940528268095,-21.804935723081627,1,0.0,0.0,interior
T097,L,47,T001,47,0,mapped,-10.008371862300239,31.110733400160676,-21.40654044373516,1,0.0,0.0,interior
T097,L,48,T001,48,2,smooth_near_vertex,-10.113703489754524,30.68902849071749,-21.080356894751496,1,0.0,0.0,interior
T097,L,49,T001,49,0,mapped,-15.85904155924933,42.84425500076698,-32.81438263932211,1,0.0,0.0,interior
T097,L,50,T001,50,0,mapped,-15.183670698000292,42.188788548989876,-32.87366538247012,1,0.0,0.0,interior
T097,L,51,T001,51,0,mapped,-14.501285497570002,41.59967517980139,-32.72428966301367,1,0.0,0.0,interior
T097,L,52,T001,52,0,mapped,-13.900581659710827,41.002805377099506,-32.45371579315742,1,0.0,0.0,interior
T097,L,53,T001,53,0,mapped,-13.283459020421954,40.47729984595034,-32.103077162714385,1,0.0,0.0,interior
T097,L,54,T001,54,0,mapped,-12.869462068045554,39.9487087452206,-31.81664551572194,1,0.0,0.0,interior
T097,L,55,T001,55,0,mapped,-12.326942333753749,39.27228323101316,-31.366736960875855,1,0.0,0.0,interior
T097,L,56,T001,56,0,mapped,-11.995875489746341,38.66028434713752,-30.902298356259678,1,0.0,0.0,interior
T097,L,57,T001,57,0,mapped,-11.70450710962228,38.13188171679366,-30.40105589063652,1,0.0,0.0,interior
T097,L,58,T001,58,0,mapped,-11.490410729318516,37.53816363879977,-29.765961308889707,1,0.0,0.0,interior
T097,L,59,T001,59,0,mapped,-11.20195006718771,37.01950950197805,-29.109801127307538,1,0.0,0.0,interior
T097,L,60,T001,60,0,mapped,-10.788183006420056,36.621027849498276,-28.396082891696572,1,0.0,0.0,interior
T097,L,61,T001,61,0,mapped,-10.453132100501778,36.15059284379403,-27.663275941793284,1,0.0,0.0,interior
T097,L,62,T001,62,0,mapped,-10.206609910305529,35.72148338411229,-27.002747776663345,1,0.0,0.0,interior
T097,L,63,T001,63,0,mapped,-10.152754565529882,35.249461835258245,-26.257890747597052,1,0.0,0.0,interior
T097,L,64,T001,64,0,mapped,-9.990704006498145,34.855656398950615,-25.553446580207776,1,0.0,0.0,interior
T097,L,65,T001,65,0,mapped,-9.76635848731852,34.35931438592135,-24.871363923035887,1,0.0,0.0,interior
T097,L,66,T001,66,0,mapped,-9.651305707884609,33.82172811005813,-24.164806981783414,1,0.0,0.0,interior
T097,L,67,T001,67,0,mapped,-9.732739579866502,33.313664310429516,-23.37478495923321,1,0.0,0.0,interior
T097,L,68,T001,68,0,mapped,-9.749892588292365,32.77106574017852,-22.790122846066957,1,0.0,0.0,interior
T097,L,69,T001,69,0,mapped,-9.827769767761286,32.11296169129565,-22.165818232394304,1,0.0,0.0,interior
T097,L,70,T001,70,0,mapped,-9.697905462647608,31.258151933896556,-21.72892701237439,1,0.0,0.0,interior
T097,L,71,T001,71,0,mapped,-9.886695255240614,30.601253291445957,-21.189416920763215,1,0.0,0.0,interior
T097,L,72,T001,72,0,mapped,-15.339179779647534,42.59839721092264,-32.68525218197468,1,0.0,0.0,interior
T097,L,73,T001,73,0,mapped,-14.646147289317348,42.0090024989182,-32.62645317398721,1,0.0,0.0,interior
T097,L,74,T001,74,0,mapped,-14.020457947417553,41.41390091786271,-32.42983361305835,1,0.0,0.0,interior
T097,L,75,T001,75,0,mapped,-13.442783691973057,40.85595913465835,-32.176663310612525,1,0.0,0.0,interior
T097,L,76,T001,76,0,mapped,-12.894843435824598,40.29362613672845,-31.82133415953243,1,0.0,0.0,interior
T097,L,77,T001,77,0,mapped,-12.408179268866332,39.680759242177444,-31.45703890954934,1,0.0,0.0,interior
T097,L,78,T001,78,0,mapped,-11.975856176708273,38.93849657810708,-30.987365859526136,1,0.0,0.0,interior
T097,L,79,T001,79,0,mapped,-11.612086970470193,38.41055668037937,-30.47068715619463,1,0.0,0.0,interior
T097,L,80,T001,80,0,mapped,-11.260517577078978,37.9143799841098,-29.87048383780554,1,0.0,0.0,interior
T097,L,81,T001,81,0,mapped,-11.16820879491754,37.28036739602887,-29.333358803676372,1,0.0,0.0,interior
T097,L,82,T001,82,0,mapped,-10.776761840368817,36.81904065360891,-28.635256033992533,1,0.0,0.0,interior
T097,L,83,T001,83,0,mapped,-10.413979111169526,36.36840676907213,-27.897321518894174,1,0.0,0.0,interior
T097,L,84,T001,84,0,mapped,-10.0455437868122,35.93697964403235,-27.25576165193734,1,0.0,0.0,interior
T097,L,85,T001,85,0,mapped,-9.979299783956034,35.465371590917044,-26.58865176688709,1,0.0,0.0,interior
T097,L,86,T001,86,0,mapped,-9.872773543049743,35.01000079464152,-25.88876217016459,1,0.0,0.0,interior
T097,L,87,T001,87,0,mapped,-9.67915511640929,34.50632724598506,-25.19216184494529,1,0.0,0.0,interior
T097,L,88,T001,88,0,mapped,-9.519381765475396,34.02712813343135,-24.566390003827944,1,0.0,0.0,interior
T097,L,89,T001,89,0,mapped,-9.475940245317556,33.436169194551816,-23.803358368194715,1,0.0,0.0,interior
T097,L,90,T001,90,0,mapped,-9.573534248377177,32.86214971052206,-23.135766349650375,1,0.0,0.0,interior
T097,L,91,T001,91,0,mapped,-9.569433974869323,32.30804407834528,-22.610105348345485,1,0.0,0.0,interior
T097,L,92,T001,92,0,mapped,-9.514579791805215,31.407759382806823,-21.972957092321593,1,0.0,0.0,interior
T097,L,93,T001,93,0,mapped,-9.501821091048335,30.66851202929998,-21.453171497439264,1,0.0,0.0,interior
T097,L,94,T001,94,0,mapped,-14.792891793536658,42.505382344381516,-32.39592803224545,1,0.0,0.0,interior
T097,L,95,T001,95,0,mapped,-14.1152298518738,41.750630693808276,-32.370459421529404,1,0.0,0.0,interior
T097,L,96,T001,96,0,mapped,-13.494176983970167,41.19065695442873,-32.14514741144046,1,0.0,0.0,interior
T097,L,97,T001,97,0,mapped,-12.947491023797937,40.65357629376801,-31.83478361740935,1,0.0,0.0,interior
T097,L,98,T001,98,0,mapped,-12.435615969091085,40.07976143909265,-31.480406952942637,1,0.0,0.0,interior
T097,L,99,T001,99,0,mapped,-11.990139165155542,39.35794861483147,-31.08166869820029,1,0.0,0.0,interior
T097,L,100,T001,100,0,mapped,-11.63739160522542,38.68577596124656,-30.591693838233546,1,0.0,0.0,interior
T097,L,101,T001,101,0,mapped,-11.2894648497069,38.148201461200884,-30.035952315407435,1,0.0,0.0,interior
T097,L,102,T001,102,0,mapped,-10.923289504282275,37.61937834175186,-29.419351036622217,1,0.0,0.0,interior
T097,L,103,T001,103,0,mapped,-10.796032670222825,37.17362927727041,-28.983340785332956,1,0.0,0.0,interior
T097,L,104,T001,104,0,mapped,-10.355787546950532,36.707265059975384,-28.27085042788878,1,0.0,0.0,interior
T097,L,105,T001,105,0,mapped,-9.977728008061916,36.15549476063253,-27.47944157962247,1,0.0,0.0,interior
T097,L,106,T001,106,0,mapped,-9.709148764950093,35.760154192181304,-26.931939857125528,1,0.0,0.0,interior
T097,L,107,T001,107,0,mapped,-9.67896578630728,35.20017933779199,-26.193289015272768,1,0.0,0.0,interior
T097,L,108,T001,108,0,mapped,-9.507924950749539,34.687747169743346,-25.481851234809128,1,0.0,0.0,interior
T097,L,109,T001,109,0,mapped,-9.419880505403603,34.218472560846294,-24.86276658714837,1,0.0,0.0,interior
T097,L,110,T001,110,0,mapped,-9.316668370613357,33.651720511659384,-24.213156468759173,1,0.0,0.0,interior
T097,L,111,T001,111,0,mapped,-9.320831238518027,33.072075272336704,-23.578160192587198,1,0.0,0.0,interior
T097,L,112,T001,112,0,mapped,-9.310842523419817,32.3720168366694,-22.899573715344182,1,0.0,0.0,interior
T097,L,113,T001,113,0,mapped,-9.32933403784524,31.68706680548572,-22.310132144941743,1,0.0,0.0,interior
T097,L,114,T001,114,0,mapped,-9.12470928673007,30.79357134173395,-21.721055748057907,1,0.0,0.0,interior
T097,L,115,T001,115,0,mapped,-14.304276908780015,42.24743521247494,-32.21119046595098,1,0.0,0.0,interior
T097,L,116,T001,116,0,mapped,-13.630312122253265,41.45323100857924,-32.146146374872096,1,0.0,0.0,interior
T097,L,117,T001,117,0,mapped,-13.133951006683601,40.92956647962448,-31.9177290916876,1,0.0,0.0,interior
T097,L,118,T001,118,0,mapped,-12.609035212622901,40.443337653278235,-31.57918082557788,1,0.0,0.0,interior
T097,L,119,T001,119,0,mapped,-12.035101038670353,39.795944838368584,-31.138121231072727,1,0.0,0.0,interior
T097,L,120,T001,120,0,mapped,-11.65733322377189,39.08187542302852,-30.714849769879528,1,0.0,0.0,interior
T097,L,121,T001,121,0,mapped,-11.26245612076065,38.46174031456705,-30.15702647693775,1,0.0,0.0,interior
T097,L,122,T001,122,0,mapped,-10.910477499487055,37.918870556897744,-29.571037549974662,1,0.0,0.0,interior
T097,L,123,T001,123,0,mapped,-10.591093719656245,37.45123492430993,-29.050324547863514,1,0.0,0.0,interior
T097,L,124,T001,124,0,mapped,-10.305748330681956,36.95996505006483,-28.47531209574494,1,0.0,0.0,interior
T097,L,125,T001,125,0,mapped,-9.99629722418496,36.371183286003685,-27.70371079295228,1,0.0,0.0,interior
T097,L,126,T001,126,0,mapped,-9.594392030254665,35.99410988272814,-27.1281128955277,1,0.0,0.0,interior
T097,L,127,T001,127,0,mapped,-9.462128226067932,35.43378136248958,-26.467143694334652,1,0.0,0.0,interior
T097,L,128,T001,128,0,mapped,-9.332697914656976,34.85751723519512,-25.723558983282633,1,0.0,0.0,interior
T097,L,129,T001,129,0,mapped,-9.312781046103535,34.34693886545236,-25.07841452404934,1,0.0,0.0,interior
T097,L,130,T001,130,0,mapped,-9.201667115201012,33.846533749579535,-24.511455359931844,1,0.0,0.0,interior
T097,L,131,T001,131,0,mapped,-9.125324483501924,33.292591405798305,-23.897674122835603,1,0.0,0.0,interior
T097,L,132,T001,132,0,mapped,-9.219775387508456,32.68671821988916,-23.25310676792242,1,0.0,0.0,interior
T097,L,133,T001,133,0,mapped,-9.200014723935922,31.96476213022191,-22.619421552859507,1,0.0,0.0,interior
T097,L,134,T001,134,0,mapped,-9.000162097006886,31.11109376083,-22.01835061027277,1,0.0,0.0,interior
T097,L,135,T001,135,0,mapped,-13.816320262921032,41.895043794430855,-32.05277209596329,1,0.0,0.0,interior
T097,L,136,T001,136,0,mapped,-13.149674989181612,41.24570934057286,-31.846063146985134,1,0.0,0.0,interior
T097,L,137,T001,137,0,mapped,-12.59804744317168,40.800636665214284,-31.50921139581667,1,0.0,0.0,interior
T097,L,138,T001,138,0,mapped,-12.069449226269136,40.180760687568544,-31.171409938813312,1,0.0,0.0,interior
T097,L,139,T001,139,0,mapped,-11.672523553289018,39.44066803190336,-30.7820867622058,1,0.0,0.0,interior
T097,L,140,T001,140,0,mapped,-11.218781791445915,38.74760954862704,-30.231179486775748,1,0.0,0.0,interior
T097,L,141,T001,141,0,mapped,-10.881554787705575,38.19606737515801,-29.691875892084415,1,0.0,0.0,interior
T097,L,142,T001,142,0,mapped,-10.458547228941496,37.722241517405664,-29.138418259445977,1,0.0,0.0,interior
T097,L,143,T001,143,0,mapped,-10.191620546428927,37.29055603689434,-28.633740781470607,1,0.0,0.0,interior
T097,L,144,T001,144,0,mapped,-9.960751390823646,36.69551963296404,-28.00220269239966,1,0.0,0.0,interior
T097,L,145,T001,145,0,mapped,-9.573060016785643,36.201338356214166,-27.32345934736609,1,0.0,0.0,interior
T097,L,146,T001,146,0,mapped,-9.360773872268751,35.70966120527831,-26.744152748269777,1,0.0,0.0,interior
T097,L,147,T001,147,0,mapped,-9.175018089327285,35.140386529991886,-26.02034705762508,1,0.0,0.0,interior
T097,L,148,T001,148,0,mapped,-9.018150993495684,34.56633617347921,-25.384851437315504,1,0.0,0.0,interior
T097,L,149,T001,149,0,mapped,-9.001950239467003,34.03598613704125,-24.75241828789132,1,0.0,0.0,interior
T097,L,150,T001,150,0,mapped,-8.86031892707873,33.502907910964744,-24.218051957107058,1,0.0,0.0,interior
T097,L,151,T001,151,0,mapped,-8.88881709193135,32.800948383930105,-23.528222978990534,1,0.0,0.0,interior
T097,L,152,T001,152,0,mapped,-9.009877641983074,32.220818576380395,-22.954891291286017,1,0.0,0.0,interior
T097,L,153,T001,153,0,mapped,-8.805239232434197,31.39358048797692,-22.309577005943176,1,0.0,0.0,interior
T097,L,154,T001,154,0,mapped,-13.345749628436495,41.52552454025514,-31.89752953547314,1,0.0,0.0,interior
T097,L,155,T001,155,0,mapped,-12.698979250575501,41.03125243541831,-31.535125899671126,1,0.0,0.0,interior
T097,L,156,T001,156,0,mapped,-12.11459305751495,40.54317093644896,-31.167147053156192,1,0.0,0.0,interior
T097,L,157,T001,157,0,mapped,-11.71475992868567,39.86179301260764,-30.85558557881171,1,0.0,0.0,interior
T097,L,158,T001,158,0,mapped,-11.343260284883938,39.18109836251138,-30.429882375385343,1,0.0,0.0,interior
T097,L,159,T001,159,0,mapped,-10.85065906992209,38.54516632236533,-29.820077884318724,1,0.0,0.0,interior
T097,L,160,T001,160,0,mapped,-10.427398907377096,38.027428677418776,-29.262303260228204,1,0.0,0.0,interior
T097,L,161,T001,161,0,mapped,-10.034318290302014,37.60034977752197,-28.726005302966996,1,0.0,0.0,interior
T097,L,162,T001,162,0,mapped,-9.763895729234468,37.033508710248555,-28.129268788591332,1,0.0,0.0,interior
T097,L,163,T001,163,0,mapped,-9.521449683883588,36.49220927298906,-27.533326259302704,1,0.0,0.0,interior
T097,L,164,T001,164,0,mapped,-9.311122729469421,35.96948621150939,-26.97217809014508,1,0.0,0.0,interior
T097,L,165,T001,165,0,mapped,-9.06452653825994,35.423701819297015,-26.273656016947584,1,0.0,0.0,interior
T097,L,166,T001,166,0,mapped,-8.827300349976905,34.89272599799074,-25.670651847504644,1,0.0,0.0,interior
T097,L,167,T001,167,0,mapped,-8.825226563116184,34.25925036229778,-25.00622762303587,1,0.0,0.0,interior
T097,L,168,T001,168,0,mapped,-8.675035077687644,33.71735280802183,-24.46745297516687,1,0.0,0.0,interior
T097,L,169,T001,169,0,mapped,-8.680385515613446,33.09647239635479,-23.84357823599463,1,0.0,0.0,interior
T097,L,170,T001,170,0,mapped,-8.695985793375447,32.46921254664115,-23.26168786715392,1,0.0,0.0,interior
T097,L,171,T001,171,0,mapped,-8.717337182177063,31.726679772870767,-22.64363487345318,1,0.0,0.0,interior
T097,L,172,T001,172,0,mapped,-12.864300261167935,41.24858629797566,-31.621695178628848,1,0.0,0.0,interior
T097,L,173,T001,173,0,mapped,-12.303712264882979,40.7749710432615,-31.257301104302403,1,0.0,0.0,interior
T097,L,174,T001,174,0,mapped,-11.78154054481223,40.30119579661799,-30.888106495084095,1,0.0,0.0,interior
T097,L,175,T001,175,0,mapped,-11.360417324313984,39.53634062726078,-30.519870280733954,1,0.0,0.0,interior
T097,L,176,T001,176,0,mapped,-10.923816686161693,38.985278797214036,-30.045721920037703,1,0.0,0.0,interior
T097,L,177,T001,177,0,mapped,-10.439244090599892,38.352040923781615,-29.399748543354896,1,0.0,0.0,interior
T097,L,178,T001,178,0,mapped,-10.015063233702662,37.81122418943049,-28.829244145316437,1,0.0,0.0,interior
T097,L,179,T001,179,0,mapped,-9.64625868284697,37.33459957431016,-28.23328592716333,1,0.0,0.0,interior
T097,L,180,T001,180,0,mapped,-9.41896272158376,36.8584304669681,-27.74291373813717,1,0.0,0.0,interior
T097,L,181,T001,181,0,mapped,-9.125060423173448,36.36719841517072,-27.17799153845439,1,0.0,0.0,interior
T097,L,182,T001,182,0,mapped,-8.894985705986393,35.7262123455544,-26.47318955614027,1,0.0,0.0,interior
T097,L,183,T001,183,0,mapped,-8.77789807051844,35.17702928189961,-25.926992167564276,1,0.0,0.0,interior
T097,L,184,T001,184,0,mapped,-8.59059841180433,34.53180676060155,-25.244460204736217,1,0.0,0.0,interior
T097,L,185,T001,185,0,mapped,-8.556659492018138,33.95266529316022,-24.68064926903689,1,0.0,0.0,interior
T097,L,186,T001,186,0,mapped,-8.468575354700576,33.347268034253815,-24.113824662636187,1,0.0,0.0,interior
T097,L,187,T001,187,0,mapped,-8.460677355083297,32.71439535368608,-23.542222841622134,1,0.0,0.0,interior
T097,L,188,T001,188,0,mapped,-8.528838792129363,32.059325565408294,-22.93413737303364,1,0.0,0.0,interior
T097,L,189,T001,189,0,mapped,-12.392523487287281,41.13084904359893,-31.22419097081677,1,0.0,0.0,interior
T097,L,190,T001,190,0,mapped,-11.830586332337031,40.63222068278961,-30.882203688589456,1,0.0,0.0,interior
T097,L,191,T001,191,0,mapped,-11.474245984646226,39.8763149345081,-30.644913715341445,1,0.0,0.0,interior
T097,L,192,T001,192,0,mapped,-10.96723999622442,39.35233944849738,-30.140589059598227,1,0.0,0.0,interior
T097,L,193,T001,193,0,mapped,-10.463287123471918,38.658901232381155,-29.533799342385677,1,0.0,0.0,interior
T097,L,194,T001,194,0,mapped,-10.020285249916082,38.1348708402396,-28.98029678269176,1,0.0,0.0,interior
T097,L,195,T001,195,0,mapped,-9.614078550243814,37.66764662059731,-28.401696875749114,1,0.0,0.0,interior
T097,L,196,T001,196,0,mapped,-9.286399352471367,37.114776600614775,-27.782773553007445,1,0.0,0.0,interior
T097,L,197,T001,197,0,mapped,-9.05785256867054,36.592649352312876,-27.280622446298793,1,0.0,0.0,interior
T097,L,198,T001,198,0,mapped,-8.79113558312024,36.09058293403825,-26.684866725870638,1,0.0,0.0,interior
T097,L,199,T001,199,0,mapped,-8.661080174563002,35.524797751081636,-26.18218949254389,1,0.0,0.0,interior
T097,L,200,T001,200,0,mapped,-8.464515856490493,34.88976173135305,-25.505062487654264,1,0.0,0.0,interior
T097,L,201,T001,201,0,mapped,-8.371700717938864,34.27302725157696,-24.940531117342218,1,0.0,0.0,interior
T097,L,202,T001,202,0,mapped,-8.334201723361701,33.59163499950658,-24.34733668021606,1,0.0,0.0,interior
T097,L,203,T001,203,0,mapped,-8.277073621329684,32.98541505472412,-23.770889380887535,1,0.0,0.0,interior
T097,L,204,T001,204,0,mapped,-8.245865844134052,32.32900412782125,-23.191648426984834,1,0.0,0.0,interior
T097,L,205,T001,205,0,mapped,-11.944799790898207,40.90739975636863,-30.877636768900793,1,0.0,0.0,interior
T097,L,206,T001,206,0,mapped,-11.40050117438219,40.35297018726759,-30.54092984490619,1,0.0,0.0,interior
T097,L,207,T001,207,0,mapped,-10.981149553488681,39.64581894456279,-30.185612091211453,1,0.0,0.0,interior
T097,L,208,T001,208,0,mapped,-10.364204843680927,39.08933704017737,-29.527913510123255,1,0.0,0.0,interior
T097,L,209,T001,209,0,mapped,-9.998838690420465,38.40865476979785,-29.04772864943645,1,0.0,0.0,interior
T097,L,210,T001,210,0,mapped,-9.498079595226434,38.06528131277082,-28.453566959492075,1,0.0,0.0,interior
T097,L,211,T001,211,0,mapped,-9.20934964058292,37.487085772046754,-27.91625225990693,1,0.0,0.0,interior
T097,L,212,T001,212,0,mapped,-8.962153865984638,36.96049593931029,-27.426885778539994,1,0.0,0.0,interior
T097,L,213,T001,213,0,mapped,-8.62615837724866,36.383850823918024,-26.77488332271437,1,0.0,0.0,interior
T097,L,214,T001,214,0,mapped,-8.44872068011502,35.87805601197998,-26.292983895966238,1,0.0,0.0,interior
T097,L,215,T001,215,0,mapped,-8.418928378524274,35.225266517216184,-25.785860002468866,1,0.0,0.0,interior
T097,L,216,T001,216,0,mapped,-8.280860175794654,34.61524800085323,-25.20007839357142,1,0.0,0.0,interior
T097,L,217,T001,217,0,mapped,-8.180802324321112,33.94411446398075,-24.60792910724868,1,0.0,0.0,interior
T097,L,218,T001,218,0,mapped,-8.005100991799583,33.23581118122693,-23.959117645270112,1,0.0,0.0,interior
T097,L,219,T001,219,0,mapped,-7.898979428091849,32.53196040913124,-23.380056613973395,1,0.0,0.0,interior
T097,L,220,T001,220,0,mapped,-11.493450658910561,40.6684334751498,-30.54674917338201,1,0.0,0.0,interior
T097,L,221,T001,221,0,mapped,-10.933685933285926,39.93595664458931,-30.126196799865426,1,0.0,0.0,interior
T097,L,222,T001,222,0,mapped,-10.402445613782374,39.46206703458814,-29.605040302326593,1,0.0,0.0,interior
T097,L,223,T001,223,0,mapped,-10.052196807580604,38.883645714248075,-29.16096058759329,1,0.0,0.0,interior
T097,L,224,T001,224,0,mapped,-9.576099010686903,38.24971558259761,-28.577746870248834,1,0.0,0.0,interior
T097,L,225,T001,225,0,mapped,-9.192906578875771,37.8112680982427,-28.06541405874973,1,0.0,0.0,interior
T097,L,226,T001,226,0,mapped,-8.893560948469052,37.26621939343051,-27.535892057306544,1,0.0,0.0,interior
T097,L,227,T001,227,0,mapped,-8.570185749094597,36.705531582932366,-26.919123973367746,1,0.0,0.0,interior
T097,L,228,T001,228,0,mapped,-8.318010663641287,36.25102346102764,-26.43011173502228,1,0.0,0.0,interior
T097,L,229,T001,229,0,mapped,-8.150141037616214,35.66674448305392,-25.943266706426414,1,0.0,0.0,interior
T097,L,230,T001,230,0,mapped,-8.099473815747213,35.01927004013652,-25.41989141922143,1,0.0,0.0,interior
T097,L,231,T001,231,0,mapped,-7.959564544621423,34.33067386646844,-24.845588339256956,1,0.0,0.0,interior
T097,L,232,T001,232,0,mapped,-7.854652974007444,33.58540661262306,-24.209554462026034,1,0.0,0.0,interior
T097,L,233,T001,233,0,mapped,-7.814639231367363,32.907748456399105,-23.651755032302695,1,0.0,0.0,interior
T097,L,234,T001,234,0,mapped,-11.096751236095134,40.376407139076456,-30.20555751164467,1,0.0,0.0,interior
T097,L,235,T001,235,0,mapped,-10.523021362928885,39.67399961572943,-29.720345674949314,1,0.0,0.0,interior
T097,L,236,T001,236,0,mapped,-10.098948457909698,39.17913449241122,-29.253321765286163,1,0.0,0.0,interior
T097,L,237,T001,237,0,mapped,-9.668155895281371,38.652850305546345,-28.774462714048965,1,0.0,0.0,interior
T097,L,238,T001,238,0,mapped,-9.1780759835291,38.18599354066909,-28.137186433073204,1,0.0,0.0,interior
T097,L,239,T001,239,0,mapped,-8.835552133927091,37.65703398511624,-27.643202147705317,1,0.0,0.0,interior
T097,L,240,T001,240,0,mapped,-8.490204227960142,37.10188072927876,-27.032490790076682,1,0.0,0.0,interior
T097,L,241,T001,241,0,mapped,-8.195772446629931,36.48537996701588,-26.442870561743312,1,0.0,0.0,interior
T097,L,242,T001,242,0,mapped,-7.9887995756159125,35.939682285743146,-25.97578476814327,1,0.0,0.0,interior
T097,L,243,T001,243,0,mapped,-7.904453974251135,35.40874760481885,-25.607326544324224,1,0.0,0.0,interior
T097,L,244,T001,244,0,mapped,-7.817761973680657,34.7135966175002,-25.065726149642103,1,0.0,0.0,interior
T097,L,245,T001,245,0,mapped,-7.741121070244229,33.97529199599965,-24.477568223862537,1,0.0,0.0,interior
T097,L,246,T001,246,0,mapped,-7.569902467592457,33.27151769037758,-23.843250892384106,1,0.0,0.0,interior
T097,L,247,T001,247,0,mapped,-10.73161933750022,40.11550874978202,-29.838589954882575,1,0.0,0.0,interior
T097,L,248,T001,248,0,mapped,-10.18536730524838,39.58763636272623,-29.340975765268468,1,0.0,0.0,interior
T097,L,249,T001,249,0,mapped,-9.724984732729586,39.06453497290671,-28.832857983525905,1,0.0,0.0,interior
T097,L,250,T001,250,0,mapped,-9.209905862679998,38.519796086505366,-28.239290576501784,1,0.0,0.0,interior
T097,L,251,T001,251,0,mapped,-8.816346192962799,38.06829550744408,-27.719494932742236,1,0.0,0.0,interior
T097,L,252,T001,252,0,mapped,-8.521233295320638,37.40269915474572,-27.209728966395488,1,0.0,0.0,interior
T097,L,253,T001,253,0,mapped,-8.237692554802905,36.83728961496317,-26.647891104442323,1,0.0,0.0,interior
T097,L,254,T001,254,0,mapped,-7.928388711028108,36.29323155696885,-26.101305608182578,1,0.0,0.0,interior
T097,L,255,T001,255,0,mapped,-7.788322824294557,35.76307983194255,-25.71337146124707,1,0.0,0.0,interior
T097,L,256,T001,256,0,mapped,-7.632790821727338,35.06646766327519,-25.17394777662119,1,0.0,0.0,interior
T097,L,257,T001,257,0,mapped,-7.597247092502665,34.3378739911073,-24.66678180451587,1,0.0,0.0,interior
T097,L,258,T001,258,0,mapped,-7.357298102069431,33.63926716352266,-24.03021703460353,1,0.0,0.0,interior
T097,L,259,T001,259,0,mapped,-10.323293095129394,39.952871632394306,-29.426842623815794,1,0.0,0.0,interior
T097,L,260,T001,260,0,mapped,-9.854270355998498,39.555885025196105,-28.93233036239414,1,0.0,0.0,interior
T097,L,261,T001,261,0,mapped,-9.304117712339908,38.89980578389428,-28.380884266694444,1,0.0,0.0,interior
T097,L,262,T001,262,0,mapped,-8.833385626474652,38.49912425101924,-27.770469962226578,1,0.0,0.0,interior
T097,L,263,T001,263,0,mapped,-8.427091753106957,37.927340718077225,-27.19415659679887,1,0.0,0.0,interior
T097,L,264,T001,264,0,mapped,-8.103709031775523,37.23201578962836,-26.64115984450356,1,0.0,0.0,interior
T097,L,265,T001,265,0,mapped,-7.817257981090055,36.66073602594066,-26.129559199491787,1,0.0,0.0,interior
T097,L,266,T001,266,0,mapped,-7.58565692203017,36.05281727547976,-25.672808446369164,1,0.0,0.0,interior
T097,L,267,T001,267,0,mapped,-7.512363413385707,35.44047590080896,-25.311971100224326,1,0.0,0.0,interior
T097,L,268,T001,268,0,mapped,-7.420854685858516,34.80028243347644,-24.866260661788797,1,0.0,0.0,interior
T097,L,269,T001,269,0,mapped,-7.152484626530618,34.012464848035755,-24.168425861401403,1,0.0,0.0,interior
T097,L,270,T001,270,0,mapped,-9.943937689740213,39.7829519870971,-28.995218953359583,1,0.0,0.0,interior
T097,L,271,T001,271,0,mapped,-9.338367349333247,39.343160512965284,-28.354772872867866,1,0.0,0.0,interior
T097,L,272,T001,272,0,mapped,-8.92263553896275,38.86185501439101,-27.8687520886557,1,0.0,0.0,interior
T097,L,273,T001,273,0,mapped,-8.485256494526606,38.35249939722738,-27.295927198549073,1,0.0,0.0,interior
T097,L,274,T001,274,0,mapped,-8.104213199839883,37.69951498568368,-26.745010318120322,1,0.0,0.0,interior
T097,L,275,T001,275,0,mapped,-7.832430922237257,37.16306775076206,-26.28373034373634,1,0.0,0.0,interior
T097,L,276,T001,276,0,mapped,-7.605852963507527,36.3554474833145,-25.817310694807386,1,0.0,0.0,interior
T097,L,277,T001,277,0,mapped,-7.386621673743747,35.77141965928965,-25.358653317408532,1,0.0,0.0,interior
T097,L,278,T001,278,0,mapped,-7.21962948755593,35.19612169837305,-24.91365694689249,1,0.0,0.0,interior
T097,L,279,T001,279,0,mapped,-7.111943015661474,34.433399275016626,-24.399443500377586,1,0.0,0.0,interior
T097,L,280,T001,280,0,mapped,-9.541330200639322,39.712964180763436,-28.5104233840081,1,0.0,0.0,interior
T097,L,281,T001,281,0,mapped,-9.058230750394841,39.25715496126598,-27.971107779934194,1,0.0,0.0,interior
T097,L,282,T001,282,0,mapped,-8.617908004719297,38.68210051556217,-27.49876359636447,1,0.0,0.0,interior
T097,L,283,T001,283,0,mapped,-8.165045050527532,38.141339370656,-26.864622149218427,1,0.0,0.0,interior
T097,L,284,T001,284,0,mapped,-7.798578362253855,37.554062695457276,-26.296791547938412,1,0.0,0.0,interior
T097,L,285,T001,285,0,mapped,-7.476202120386205,36.8105503345285,-25.805901721904476,1,0.0,0.0,interior
T097,L,286,T001,286,0,mapped,-7.233807801266175,36.187662742858215,-25.357762066144787,1,0.0,0.0,interior
T097,L,287,T001,287,0,mapped,-7.15429183977342,35.50294306094202,-25.00302106707715,1,0.0,0.0,interior
T097,L,288,T001,288,0,mapped,-7.043164896731631,34.85193655808876,-24.60075525681128,1,0.0,0.0,interior
T097,L,289,T001,289,0,mapped,-9.166317879746316,39.638791851998036,-28.00550641987528,1,0.0,0.0,interior
T097,L,290,T001,290,0,mapped,-8.693980074123974,39.13296225802148,-27.50131414722297,1,0.0,0.0,interior
T097,L,291,T001,291,0,mapped,-8.283351741933519,38.585170608927434,-26.968313642022082,1,0.0,0.0,interior
T097,L,292,T001,292,0,mapped,-7.890808053921868,38.00314197817466,-26.444987247173984,1,0.0,0.0,interior
T097,L,293,T001,293,0,mapped,-7.449499788965094,37.34254459634879,-25.823088659282924,1,0.0,0.0,interior
T097,L,294,T001,294,0,mapped,-7.239793223819776,36.58154146682539,-25.467923975766954,1,0.0,0.0,interior
T097,L,295,T001,295,0,mapped,-7.101840851469681,35.87269585955545,-25.111479199227574,1,0.0,0.0,interior
T097,L,296,T001,296,0,mapped,-6.824909128334118,35.27597194878922,-24.59872923426004,1,0.0,0.0,interior
T097,L,297,T001,297,0,mapped,-8.8205809090835,39.57854098197831,-27.477627856639632,1,0.0,0.0,interior
T097,L,298,T001,298,0,mapped,-8.370153030407927,39.00210099621736,-26.998708053093956,1,0.0,0.0,interior
T097,L,299,T001,299,0,mapped,-7.964011220339958,38.482536884899424,-26.486439886271754,1,0.0,0.0,interior
T097,L,300,T001,300,0,mapped,-7.539220655894318,37.82841951522697,-25.917799052277232,1,0.0,0.0,interior
T097,L,301,T001,301,0,mapped,-7.167749914114866,37.059889559823105,-25.448332268672914,1,0.0,0.0,interior
T097,L,302,T001,302,0,mapped,-6.911344399904659,36.38837279426873,-25.04429352103762,1,0.0,0.0,interior
T097,L,303,T001,303,0,mapped,-6.777810696712035,35.73967705193927,-24.717527111975137,1,0.0,0.0,interior
T097,L,304,T001,304,0,mapped,-8.469191447775685,39.44787575580888,-26.97563889342665,1,0.0,0.0,interior
T097,L,305,T001,305,0,mapped,-8.063384987271974,38.81760027161131,-26.53597855269925,1,0.0,0.0,interior
T097,L,306,T001,306,0,mapped,-7.63771381951191,38.22810814414834,-25.982872778145147,1,0.0,0.0,interior
T097,L,307,T001,307,0,mapped,-7.199668651491249,37.554892184627846,-25.474865380657413,1,0.0,0.0,interior
T097,L,308,T001,308,0,mapped,-6.799310492701485,36.86648786048137,-24.97027322559051,1,0.0,0.0,interior
T097,L,309,T001,309,0,mapped,-6.661020114474428,36.199375536235735,-24.737368081396085,1,0.0,0.0,interior
T097,L,310,T001,310,0,mapped,-8.153219010719711,39.22327219320046,-26.493214821833504,1,0.0,0.0,interior
T097,L,311,T001,311,0,mapped,-7.705212988847098,38.63610552663829,-25.974270638626656,1,0.0,0.0,interior
T097,L,312,T001,312,0,mapped,-7.232807138850902,38.04769353142275,-25.453544188612753,1,0.0,0.0,interior
T097,L,313,T001,313,0,mapped,-6.841145150892624,37.4146329357521,-25.041304485791887,1,0.0,0.0,interior
T097,L,314,T001,314,0,mapped,-6.595842146764984,36.67619423976127,-24.71113610784312,1,0.0,0.0,interior
T097,L,315,T001,315,0,mapped,-7.812871898437326,38.987316643976236,-26.026758086281248,1,0.0,0.0,interior
T097,L,316,T001,316,0,mapped,-7.413772575022497,38.48595626527208,-25.5701758729315,1,0.0,0.0,interior
T097,L,317,T001,317,0,mapped,-6.953652145687529,37.93466717912135,-25.10184259434191,1,0.0,0.0,interior
T097,L,318,T001,318,0,mapped,-6.559055253996654,37.15587424348287,-24.684402819229526,1,0.0,0.0,interior
T097,L,319,T001,319,0,mapped,-7.4787891427298465,38.92200110310122,-25.49371611663019,1,0.0,0.0,interior
T097,L,320,T001,320,0,mapped,-6.966402953342208,38.303294768038214,-25.0213123603684,1,0.0,0.0,interior
T097,L,321,T001,321,0,mapped,-6.555407154432956,37.63581223132228,-24.657258960026347,1,0.0,0.0,interior
T097,L,322,T001,322,0,mapped,-7.070362489106688,38.85166552652011,-25.013902688447637,1,0.0,0.0,interior
T097,L,323,T001,323,0,mapped,-6.590107376151882,38.112130690637684,-24.629861937282705,1,0.0,0.0,interior
T097,L,324,T001,324,0,mapped,-6.673802360083224,38.584917476880676,-24.60207956598851,1,0.0,0.0,landmark
T097,L,325,T002,25,0,mapped,-16.528352602977943,42.07597243916834,-33.645260951261676,1,0.0,0.0,interior
T097,L,326,T002,26,0,mapped,-15.84312104731876,41.43577439869884,-33.55359662836073,1,0.0,0.0,interior
T097,L,327,T002,27,0,mapped,-15.219361488610591,40.7678120111194,-33.364729498997065,1,0.0,0.0,interior
T097,L,328,T002,28,0,mapped,-14.649447405620709,40.227887624523746,-33.05211418155503,1,0.0,0.0,interior
T097,L,329,T002,29,0,mapped,-14.050054912016778,39.71850112217625,-32.670195787001724,1,0.0,0.0,interior
T097,L,330,T002,30,0,mapped,-13.598250892485927,39.164370808772176,-32.258449916641695,1,0.0,0.0,interior
T097,L,331,T002,31,0,mapped,-13.16507678716269,38.5533198230862,-31.75051096954684,1,0.0,0.0,interior
T097,L,332,T002,32,0,mapped,-12.890619239915843,38.09361797031905,-31.229071759692324,1,0.0,0.0,interior
T097,L,333,T002,33,0,mapped,-12.572517501108786,37.6635854324588,-30.591127939902364,1,0.0,0.0,interior
T097,L,334,T002,34,0,mapped,-12.352105990258753,37.24895786289814,-29.864988836018874,1,0.0,0.0,interior
T097,L,335,T002,35,0,mapped,-12.187619025482414,36.80703935453363,-29.101251191932576,1,0.0,0.0,interior
T097,L,336,T002,36,0,mapped,-12.00353527828997,36.50209684238487,-28.384697798646656,1,0.0,0.0,interior
T097,L,337,T002,37,0,mapped,-11.677333709825609,36.189464431251594,-27.63136400676134,1,0.0,0.0,interior
T097,L,338,T002,38,0,mapped,-11.404238795518214,35.89147902295137,-26.69453567316089,1,0.0,0.0,interior
T097,L,339,T002,39,0,mapped,-11.059353776541705,35.58141649815181,-26.02076929906233,1,0.0,0.0,interior
T097,L,340,T002,40,0,mapped,-10.813434019914176,35.317119267974064,-25.146246742665802,1,0.0,0.0,interior
T097,L,341,T002,41,0,mapped,-10.494186205616845,34.908804415269174,-24.397051387001667,1,0.0,0.0,interior
T097,L,342,T002,42,0,mapped,-10.288178128494584,34.490337875084265,-23.484003020990883,1,0.0,0.0,interior
T097,L,343,T002,43,0,mapped,-10.100932580934902,34.01836268690222,-22.694476900781925,1,0.0,0.0,interior
T097,L,344,T002,44,0,mapped,-10.037641228971623,33.58074772160754,-22.000044350775177,1,0.0,0.0,interior
T097,L,345,T002,45,0,mapped,-10.18305245107765,32.72374854416639,-21.399443546991797,1,0.0,0.0,interior
T097,L,346,T002,46,0,mapped,-10.4241575938057,31.85869506736754,-20.977035195649304,1,0.0,0.0,interior
T097,L,347,T002,47,0,mapped,-10.749190505043437,30.88722038559412,-20.547018573035025,1,0.0,0.0,interior
T097,L,348,T002,48,0,mapped,-10.955259400747094,30.060470390807488,-20.132712069249962,2,5.388483383645111e-15,2.694241691822555e-15,shared_edge
T097,L,349,T002,49,0,mapped,-16.085259249317392,41.00006981465687,-33.76037818915944,1,0.0,0.0,interior
T097,L,350,T002,50,0,mapped,-15.581639918082008,40.437918251354404,-33.580789959202406,1,0.0,0.0,interior
T097,L,351,T002,51,0,mapped,-14.964059179639749,39.734973380741536,-33.262916849002224,1,0.0,0.0,interior
T097,L,352,T002,52,0,mapped,-14.479405642877506,39.15705359203186,-32.78691519818242,1,0.0,0.0,interior
T097,L,353,T002,53,0,mapped,-14.085626138122478,38.608011672267224,-32.255765633841406,1,0.0,0.0,interior
T097,L,354,T002,54,0,mapped,-13.738704727205556,38.12264959837512,-31.722290489944307,1,0.0,0.0,interior
T097,L,355,T002,55,0,mapped,-13.36509770385843,37.764213842630824,-31.00506332362862,1,0.0,0.0,interior
T097,L,356,T002,56,0,mapped,-13.139429591986174,37.39782766194564,-30.346282190924263,1,0.0,0.0,interior
T097,L,357,T002,57,0,mapped,-12.92872629348818,37.139890682387914,-29.66515806294708,1,0.0,0.0,interior
T097,L,358,T002,58,0,mapped,-12.782533994512322,36.99697370373719,-28.84001701544663,1,0.0,0.0,interior
T097,L,359,T002,59,0,mapped,-12.501054588665422,36.82625563844661,-27.98104760708022,1,0.0,0.0,interior
T097,L,360,T002,60,0,mapped,-12.143465278040487,36.53658971999062,-27.274396746289156,1,0.0,0.0,interior
T097,L,361,T002,61,0,mapped,-11.80299897268555,36.35222543768461,-26.41394629889652,1,0.0,0.0,interior
T097,L,362,T002,62,0,mapped,-11.49958279886849,36.1113729755308,-25.682605273421622,1,0.0,0.0,interior
T097,L,363,T002,63,0,mapped,-11.06165323052749,35.81878291499375,-24.772718548210243,1,0.0,0.0,interior
T097,L,364,T002,64,0,mapped,-10.608256168304276,35.40921365409355,-23.861139596657214,1,0.0,0.0,interior
T097,L,365,T002,65,0,mapped,-10.246188320304292,34.95511244225854,-22.914012129414584,1,0.0,0.0,interior
T097,L,366,T002,66,0,mapped,-10.035008447524799,34.55205426724588,-22.232922270429135,1,0.0,0.0,interior
T097,L,367,T002,67,0,mapped,-9.898890113669204,33.871768552076674,-21.39160676934963,1,0.0,0.0,interior
T097,L,368,T002,68,0,mapped,-10.179990984073234,32.904199632963596,-20.61749379899205,1,0.0,0.0,interior
T097,L,369,T002,69,0,mapped,-10.564881936765918,32.095670272067416,-20.24117517646123,1,0.0,0.0,interior
T097,L,370,T002,70,0,mapped,-11.06717087852558,31.020031403772837,-20.01076867200528,1,0.0,0.0,interior
T097,L,371,T002,71,0,mapped,-11.306693867338922,29.50619844640518,-19.701234322980806,2,3.7026395606548175e-15,1.8513197803274087e-15,shared_edge
T097,L,372,T002,72,0,mapped,-15.960033593279086,39.83295059191929,-33.762478330625285,1,0.0,0.0,interior
T097,L,373,T002,73,0,mapped,-15.403552304526094,39.21089022253199,-33.371141312668286,1,0.0,0.0,interior
T097,L,374,T002,74,0,mapped,-15.003650093504332,38.6591106796684,-32.82430900472839,1,0.0,0.0,interior
T097,L,375,T002,75,0,mapped,-14.604462304339501,38.240128535215376,-32.128124331017105,1,0.0,0.0,interior
T097,L,376,T002,76,0,mapped,-14.299834080590367,37.930511962996775,-31.517788538604428,1,0.0,0.0,interior
T097,L,377,T002,77,0,mapped,-14.003397923569427,37.68060768307124,-30.71106902966894,1,0.0,0.0,interior
T097,L,378,T002,78,0,mapped,-13.66933035926351,37.5174604784721,-30.011360596570363,1,0.0,0.0,interior
T097,L,379,T002,79,0,mapped,-13.3204711857213,37.39147596039366,-29.225881126311343,1,0.0,0.0,interior
T097,L,380,T002,80,0,mapped,-13.149450745784176,37.42227522222184,-28.416524922310987,1,0.0,0.0,interior
T097,L,381,T002,81,0,mapped,-12.770336886862172,37.23627414578312,-27.716065916625,1,0.0,0.0,interior
T097,L,382,T002,82,0,mapped,-12.470444850943444,37.130638622071984,-26.985490282171178,1,0.0,0.0,interior
T097,L,383,T002,83,0,mapped,-12.048069116752576,36.98780862503165,-26.131268388507156,1,0.0,0.0,interior
T097,L,384,T002,84,0,mapped,-11.662532022728477,36.89387166620587,-25.278846226162983,1,0.0,0.0,interior
T097,L,385,T002,85,0,mapped,-11.096658384783648,36.5719330945617,-24.3326959802961,1,0.0,0.0,interior
T097,L,386,T002,86,0,mapped,-10.510993457795694,36.24490717756842,-23.361681529242134,1,0.0,0.0,interior
T097,L,387,T002,87,0,mapped,-10.091564686599082,35.622564918346164,-22.495292845516733,1,0.0,0.0,interior
T097,L,388,T002,88,0,mapped,-9.813546890365775,35.043029678629836,-21.78171417518596,1,0.0,0.0,interior
T097,L,389,T002,89,0,mapped,-9.72260920035416,34.08165479552105,-20.858789485393753,1,0.0,0.0,interior
T097,L,390,T002,90,0,mapped,-10.031569921305417,33.09311620130558,-20.1323389569786,1,0.0,0.0,interior
T097,L,391,T002,91,0,mapped,-10.598968454739556,32.181598061355906,-19.561315745632868,1,0.0,0.0,interior
T097,L,392,T002,92,0,mapped,-11.438783424890463,30.93873262136649,-19.30892327923191,1,0.0,0.0,interior
T097,L,393,T002,93,0,mapped,-11.792787189239192,29.189348546280897,-19.165824748878002,2,2.664535259100376e-15,1.3322676295501878e-15,shared_edge
T097,L,394,T002,94,0,mapped,-16.07567635200523,38.689654041129266,-33.44276112957773,1,0.0,0.0,interior
T097,L,395,T002,95,0,mapped,-15.574990700635682,38.27263575992504,-32.73646127614601,1,0.0,0.0,interior
T097,L,396,T002,96,0,mapped,-15.16895898382721,38.030284356326575,-31.91593687763263,1,0.0,0.0,interior
T097,L,397,T002,97,0,mapped,-14.79749672596936,37.94953693052232,-31.14050257715574,1,0.0,0.0,interior
T097,L,398,T002,98,0,mapped,-14.432602420588335,37.96547416164479,-30.34864654269949,1,0.0,0.0,interior
T097,L,399,T002,99,0,mapped,-14.04039966561296,37.88664096696611,-29.739929910833368,1,0.0,0.0,interior
T097,L,400,T002,100,0,mapped,-13.817364778291712,37.98196933795875,-29.043933211236265,1,0.0,0.0,interior
T097,L,401,T002,101,0,mapped,-13.501938993792017,37.968141134880845,-28.253657242279886,1,0.0,0.0,interior
T097,L,402,T002,102,0,mapped,-13.23544323149824,37.86898460181912,-27.587896422852424,1,0.0,0.0,interior
T097,L,403,T002,103,0,mapped,-12.792569424357916,37.75764796877484,-26.717232340628577,1,0.0,0.0,interior
T097,L,404,T002,104,0,mapped,-12.378401847814489,37.66361258532864,-25.80511380400254,1,0.0,0.0,interior
T097,L,405,T002,105,0,mapped,-11.741077827256476,37.57075071776995,-24.88716564426339,1,0.0,0.0,interior
T097,L,406,T002,106,0,mapped,-11.142390297962681,37.35268467522668,-24.013425598410574,1,0.0,0.0,interior
T097,L,407,T002,107,0,mapped,-10.449924178922197,36.954113171120504,-23.064090604378247,1,0.0,0.0,interior
T097,L,408,T002,108,0,mapped,-9.881621017482129,36.3593937191833,-22.140201995365462,1,0.0,0.0,interior
T097,L,409,T002,109,0,mapped,-9.542480613244821,35.51823817399411,-21.25616384865308,1,0.0,0.0,interior
T097,L,410,T002,110,0,mapped,-9.483255562596062,34.38547678561329,-20.1988303509079,1,0.0,0.0,interior
T097,L,411,T002,111,0,mapped,-9.882055351714017,33.14357819511129,-19.327847589746817,1,0.0,0.0,interior
T097,L,412,T002,112,0,mapped,-10.739630305190898,32.104379308009584,-18.824299866886733,1,0.0,0.0,interior
T097,L,413,T002,113,0,mapped,-11.782899480575324,30.717571391714102,-18.60865822557485,1,0.0,0.0,interior
T097,L,414,T002,114,0,mapped,-12.190631781622518,28.730696768564886,-18.65261303873095,2,1.9860273225978185e-15,9.930136612989092e-16,shared_edge
T097,L,415,T002,115,0,mapped,-16.12026033525577,38.10400354806823,-32.463207547779994,1,0.0,0.0,interior
T097,L,416,T002,116,0,mapped,-15.666751546151625,38.183049865330524,-31.654708992885,1,0.0,0.0,interior
T097,L,417,T002,117,0,mapped,-15.260582002463593,38.37942665326088,-30.860370562703963,1,0.0,0.0,interior
T097,L,418,T002,118,0,mapped,-14.86328678167147,38.54164329148379,-30.12831863187241,1,0.0,0.0,interior
T097,L,419,T002,119,0,mapped,-14.450300932407904,38.49900824340642,-29.506941604394477,1,0.0,0.0,interior
T097,L,420,T002,120,0,mapped,-14.235642057012813,38.568244733460915,-28.82401588308202,1,0.0,0.0,interior
T097,L,421,T002,121,0,mapped,-13.978598649544557,38.54970082755056,-28.07897922936639,1,0.0,0.0,interior
T097,L,422,T002,122,0,mapped,-13.604567038360353,38.516513886293254,-27.290767408145676,1,0.0,0.0,interior
T097,L,423,T002,123,0,mapped,-12.982999703794377,38.503090385386145,-26.357601173688835,1,0.0,0.0,interior
T097,L,424,T002,124,0,mapped,-12.473481256469563,38.450269413317145,-25.57183820757127,1,0.0,0.0,interior
T097,L,425,T002,125,0,mapped,-11.803395828781666,38.350058072823806,-24.604205815556888,1,0.0,0.0,interior
T097,L,426,T002,126,0,mapped,-11.172316796612654,38.18388867090046,-23.65074664529753,1,0.0,0.0,interior
T097,L,427,T002,127,0,mapped,-10.370254384705145,37.82635642156535,-22.590348606215308,1,0.0,0.0,interior
T097,L,428,T002,128,0,mapped,-9.671040926014909,37.16367274241735,-21.518504832405128,1,0.0,0.0,interior
T097,L,429,T002,129,0,mapped,-9.320280354723225,36.128616982386035,-20.496031403200252,1,0.0,0.0,interior
T097,L,430,T002,130,0,mapped,-9.267547253657765,34.700980787123825,-19.441781682644468,1,0.0,0.0,interior
T097,L,431,T002,131,0,mapped,-9.836399627137864,33.24992197279151,-18.43337706932781,1,0.0,0.0,interior
T097,L,432,T002,132,0,mapped,-10.948202571144733,31.91769083789479,-17.94410037642613,1,0.0,0.0,interior
T097,L,433,T002,133,0,mapped,-12.052811044782976,30.504254737961993,-17.822694500018315,1,0.0,0.0,interior
T097,L,434,T002,134,0,mapped,-12.58102072526756,28.226079889868107,-18.158240420195572,2,3.1480255910394e-15,1.5740127955196998e-15,shared_edge
T097,L,435,T002,135,0,mapped,-16.055666638772074,38.52522408968049,-31.356923791462602,1,0.0,0.0,interior
T097,L,436,T002,136,0,mapped,-15.694090628136601,38.87293194621355,-30.729767816258175,1,0.0,0.0,interior
T097,L,437,T002,137,0,mapped,-15.28867015965119,39.05366425853363,-30.039947196272152,1,0.0,0.0,interior
T097,L,438,T002,138,0,mapped,-14.948631264040547,39.079913076098705,-29.35058022592839,1,0.0,0.0,interior
T097,L,439,T002,139,0,mapped,-14.72577186502186,39.054724394330584,-28.60559147847447,1,0.0,0.0,interior
T097,L,440,T002,140,0,mapped,-14.500443342336405,38.98267864445427,-27.763952131713083,1,0.0,0.0,interior
T097,L,441,T002,141,0,mapped,-14.089801336844122,38.954048688386166,-27.008349632794378,1,0.0,0.0,interior
T097,L,442,T002,142,0,mapped,-13.604631983144248,39.08481497786633,-26.138255226208287,1,0.0,0.0,interior
T097,L,443,T002,143,0,mapped,-12.928108757413913,39.11444926943051,-25.292740301615673,1,0.0,0.0,interior
T097,L,444,T002,144,0,mapped,-12.250226746940497,39.15888569089801,-24.27676723479594,1,0.0,0.0,interior
T097,L,445,T002,145,0,mapped,-11.519051335081356,39.09393138220203,-23.265439397038378,1,0.0,0.0,interior
T097,L,446,T002,146,0,mapped,-10.629230900865796,38.81417826220878,-21.96250938539102,1,0.0,0.0,interior
T097,L,447,T002,147,0,mapped,-9.752141310042848,37.86196158193423,-20.723885142795364,1,0.0,0.0,interior
T097,L,448,T002,148,0,mapped,-9.349733276018364,36.818521583480575,-19.49249498118014,1,0.0,0.0,interior
T097,L,449,T002,149,0,mapped,-9.112019116487131,35.317352944950926,-18.3726453139429,1,0.0,0.0,interior
T097,L,450,T002,150,0,mapped,-9.68849889459348,33.27514565988531,-17.38302454099282,1,0.0,0.0,interior
T097,L,451,T002,151,0,mapped,-10.937267120612074,31.888945236181275,-16.90958265616152,1,0.0,0.0,interior
T097,L,452,T002,152,0,mapped,-12.298554359204509,30.236006151611136,-17.084613716295014,1,0.0,0.0,interior
T097,L,453,T002,153,0,mapped,-12.96378203384944,27.777923175785254,-17.691217878695923,2,5.3290705182007506e-15,2.664535259100376e-15,shared_edge
T097,L,454,T002,154,0,mapped,-16.153289439608553,39.36565163518293,-30.560639035789578,1,0.0,0.0,interior
T097,L,455,T002,155,0,mapped,-15.6591158549182,39.53625522042116,-29.844436114561198,1,0.0,0.0,interior
T097,L,456,T002,156,0,mapped,-15.349741412617565,39.4698230358964,-29.090224672778483,1,0.0,0.0,interior
T097,L,457,T002,157,0,mapped,-15.30036683551707,39.4854382204919,-28.28995471312797,1,0.0,0.0,interior
T097,L,458,T002,158,0,mapped,-15.12080568734335,39.40233247019069,-27.46676248763174,1,0.0,0.0,interior
T097,L,459,T002,159,0,mapped,-14.697118646979499,39.354114656727106,-26.580459689062632,1,0.0,0.0,interior
T097,L,460,T002,160,0,mapped,-14.125699949449482,39.387714233165426,-25.789678220727524,1,0.0,0.0,interior
T097,L,461,T002,161,0,mapped,-13.527659439864552,39.484188884614156,-24.928874159636866,1,0.0,0.0,interior
T097,L,462,T002,162,0,mapped,-12.961021651423986,39.61759315832208,-23.937201369744592,1,0.0,0.0,interior
T097,L,463,T002,163,0,mapped,-12.229869213865783,39.65321087745018,-22.780930762939605,1,0.0,0.0,interior
T097,L,464,T002,164,0,mapped,-11.19193227561213,39.45795906387836,-21.3740066811474,1,0.0,0.0,interior
T097,L,465,T002,165,0,mapped,-10.290522963835453,38.60699538030908,-19.741449328236207,1,0.0,0.0,interior
T097,L,466,T002,166,0,mapped,-9.785340771254212,37.48541325242141,-18.421039826132997,1,0.0,0.0,interior
T097,L,467,T002,167,0,mapped,-9.261779636591703,35.6606142582811,-17.277846319782284,1,0.0,0.0,interior
T097,L,468,T002,168,0,mapped,-9.542461588855332,33.56240632151787,-16.14702734690716,1,0.0,0.0,interior
T097,L,469,T002,169,0,mapped,-10.857207207820922,31.59919753773923,-15.819923845260767,1,0.0,0.0,interior
T097,L,470,T002,170,0,mapped,-12.496033514032435,29.907098232223156,-16.2803211907389,1,0.0,0.0,interior
T097,L,471,T002,171,0,mapped,-13.50891362285715,27.456402238500864,-17.194779017297815,2,1.809901905886132e-14,9.049509529430658e-15,shared_edge
T097,L,472,T002,172,0,mapped,-16.244683648753472,39.992391359931304,-29.634088557980732,1,0.0,0.0,interior
T097,L,473,T002,173,0,mapped,-15.91522777879718,39.85925331594768,-28.80273407955511,1,0.0,0.0,interior
T097,L,474,T002,174,0,mapped,-15.76888711124645,39.74282307057267,-28.058045589323314,1,0.0,0.0,interior
T097,L,475,T002,175,0,mapped,-15.682239481570985,39.682537347512,-27.244216328947267,1,0.0,0.0,interior
T097,L,476,T002,176,0,mapped,-15.206829585920186,39.550181315963435,-26.38724945434319,1,0.0,0.0,interior
T097,L,477,T002,177,0,mapped,-14.71484568913224,39.54935294245793,-25.56544119517512,1,0.0,0.0,interior
T097,L,478,T002,178,0,mapped,-14.2213008147531,39.61370499290388,-24.723939126042076,1,0.0,0.0,interior
T097,L,479,T002,179,0,mapped,-13.824467421346352,39.78928802774105,-23.610616816582827,1,0.0,0.0,interior
T097,L,480,T002,180,0,mapped,-13.240628794510691,39.9894220334606,-22.437745343571226,1,0.0,0.0,interior
T097,L,481,T002,181,0,mapped,-12.086057017365876,39.970740272205276,-20.693928210711643,1,0.0,0.0,interior
T097,L,482,T002,182,0,mapped,-11.194377523580485,39.18696743726421,-18.954661791289443,1,0.0,0.0,interior
T097,L,483,T002,183,0,mapped,-10.559419331367797,37.84607182979293,-17.547647455963638,1,0.0,0.0,interior
T097,L,484,T002,184,0,mapped,-9.87900232849579,36.147874859474655,-16.40457635350751,1,0.0,0.0,interior
T097,L,485,T002,185,0,mapped,-9.763229987221294,33.9156095684502,-14.991952525472415,1,0.0,0.0,interior
T097,L,486,T002,186,0,mapped,-11.085532665341821,31.428315330209728,-14.674277819925852,1,0.0,0.0,interior
T097,L,487,T002,187,0,mapped,-12.859538671330643,29.58683298825077,-15.297121809109461,1,0.0,0.0,interior
T097,L,488,T002,188,0,mapped,-14.08831269304524,27.295733288996992,-16.619933305959947,2,6.393188222769894e-15,3.196594111384947e-15,shared_edge
T097,L,489,T002,189,0,mapped,-16.51980281072192,40.112298400972705,-28.525236796847828,1,0.0,0.0,interior
T097,L,490,T002,190,0,mapped,-16.43820029680433,39.95745362692172,-27.640419665506855,1,0.0,0.0,interior
T097,L,491,T002,191,0,mapped,-16.2941509465755,39.794298331189665,-26.827117000797454,1,0.0,0.0,interior
T097,L,492,T002,192,0,mapped,-15.881112503545932,39.65154336345305,-25.99842711254434,1,0.0,0.0,interior
T097,L,493,T002,193,0,mapped,-15.514807731925572,39.607130553760086,-25.141537454608816,1,0.0,0.0,interior
T097,L,494,T002,194,0,mapped,-15.187538337447354,39.602381557958196,-24.279190670994353,1,0.0,0.0,interior
T097,L,495,T002,195,0,mapped,-14.854342393162927,39.70120675124763,-23.150040268950928,1,0.0,0.0,interior
T097,L,496,T002,196,0,mapped,-14.308998913487962,40.035864048849874,-21.81321797693416,1,0.0,0.0,interior
T097,L,497,T002,197,0,mapped,-13.546026583914717,40.23019508963755,-20.26977730493021,1,0.0,0.0,interior
T097,L,498,T002,198,0,mapped,-12.549165647910552,39.36665983248996,-18.35512683067541,1,0.0,0.0,interior
T097,L,499,T002,199,0,mapped,-11.64087268466932,37.87281811163329,-17.03966353036942,1,0.0,0.0,interior
T097,L,500,T002,200,0,mapped,-11.123321662516524,36.24588795719055,-15.795587125611403,1,0.0,0.0,interior
T097,L,501,T002,201,0,mapped,-10.515828067888918,34.41448674663839,-13.975746526464079,1,0.0,0.0,interior
T097,L,502,T002,202,0,mapped,-11.475114681947643,31.45574570415029,-13.448706066208462,1,0.0,0.0,interior
T097,L,503,T002,203,0,mapped,-13.32275195499855,29.269771920371916,-14.584651512305678,1,0.0,0.0,interior
T097,L,504,T002,204,0,mapped,-14.660830774695292,27.047335935589544,-16.070463414047467,2,2.9873046363423827e-15,1.4936523181711914e-15,shared_edge
T097,L,505,T002,205,0,mapped,-17.335252412974473,40.10695442307666,-27.643767615130425,1,0.0,0.0,interior
T097,L,506,T002,206,0,mapped,-16.991138799749876,39.786306044064354,-26.690768931252435,1,0.0,0.0,interior
T097,L,507,T002,207,0,mapped,-16.58032631183351,39.58262503957879,-25.837000992116305,1,0.0,0.0,interior
T097,L,508,T002,208,0,mapped,-16.26189818059369,39.450759704486096,-24.941145954356116,1,0.0,0.0,interior
T097,L,509,T002,209,0,mapped,-15.971145297517193,39.380418564361804,-24.020336125978133,1,0.0,0.0,interior
T097,L,510,T002,210,0,mapped,-15.772803878578019,39.43712316358169,-22.97339791271964,1,0.0,0.0,interior
T097,L,511,T002,211,0,mapped,-15.33259070457152,39.69925170549045,-21.544339473451707,1,0.0,0.0,interior
T097,L,512,T002,212,0,mapped,-14.723931298637359,39.94946055354308,-19.857551224064252,1,0.0,0.0,interior
T097,L,513,T002,213,0,mapped,-13.875572113269783,39.24922992687585,-18.116109749423714,1,0.0,0.0,interior
T097,L,514,T002,214,0,mapped,-12.845148125385155,37.83336238255086,-16.91069735856195,1,0.0,0.0,interior
T097,L,515,T002,215,0,mapped,-12.211899930344517,35.853102031505294,-15.878286877352709,1,0.0,0.0,interior
T097,L,516,T002,216,0,mapped,-11.964894117964555,34.630572250130996,-13.503593736152059,1,0.0,0.0,interior
T097,L,517,T002,217,0,mapped,-12.257512850551457,31.847925675458935,-12.086464305022421,1,0.0,0.0,interior
T097,L,518,T002,218,0,mapped,-13.982201389233941,29.040928534627664,-13.670231435016568,1,0.0,0.0,interior
T097,L,519,T002,219,0,mapped,-15.277563254222024,26.918390418257353,-15.543051597508317,2,1.1427344976208455e-14,5.713672488104228e-15,shared_edge
T097,L,520,T002,220,0,mapped,-17.75421875489922,39.68694822503225,-26.618650514317643,1,0.0,0.0,interior
T097,L,521,T002,221,0,mapped,-17.30550341528359,39.40151342980325,-25.720722030594807,1,0.0,0.0,interior
T097,L,522,T002,222,0,mapped,-16.91492277995677,39.22845357475252,-24.875752118317557,1,0.0,0.0,interior
T097,L,523,T002,223,0,mapped,-16.706584567725336,39.116806533938004,-23.957635529521003,1,0.0,0.0,interior
T097,L,524,T002,224,0,mapped,-16.546665726466948,39.07126371274272,-22.89138498108841,1,0.0,0.0,interior
T097,L,525,T002,225,0,mapped,-16.278915478358684,39.21638128669453,-21.53108496858778,1,0.0,0.0,interior
T097,L,526,T002,226,0,mapped,-15.773783153326493,39.46392387209089,-19.75850674292388,1,0.0,0.0,interior
T097,L,527,T002,227,0,mapped,-15.248437001536622,38.898301080644245,-17.993533387705938,1,0.0,0.0,interior
T097,L,528,T002,228,0,mapped,-14.124193018724768,37.47953040364264,-16.861579540597393,1,0.0,0.0,interior
T097,L,529,T002,229,0,mapped,-13.394109795361263,35.45552696144293,-16.147551383027675,1,0.0,0.0,interior
T097,L,530,T002,230,0,mapped,-13.288656042672468,34.43332796265294,-13.795728456244778,1,0.0,0.0,interior
T097,L,531,T002,231,0,mapped,-13.483660757369586,32.1507444836546,-11.34960185677835,1,0.0,0.0,interior
T097,L,532,T002,232,0,mapped,-14.992768966064972,28.81097139579643,-12.90237400980184,1,0.0,0.0,interior
T097,L,533,T002,233,0,mapped,-15.888252347980167,26.951619876116006,-14.96119571779119,2,6.6065849834584775e-15,3.3032924917292387e-15,shared_edge
T097,L,534,T002,234,0,mapped,-18.101869112888537,39.134152486682325,-25.636428377787645,1,0.0,0.0,interior
T097,L,535,T002,235,0,mapped,-17.788000332358372,38.91466146408216,-24.850751738852665,1,0.0,0.0,interior
T097,L,536,T002,236,0,mapped,-17.410754953287277,38.77839578786946,-24.006401884756684,1,0.0,0.0,interior
T097,L,537,T002,237,0,mapped,-17.40738657099942,38.58317787115749,-22.93165572311789,1,0.0,0.0,interior
T097,L,538,T002,238,0,mapped,-17.039915953656422,38.729893252396835,-21.656260492759817,1,0.0,0.0,interior
T097,L,539,T002,239,0,mapped,-16.848108090990124,38.80923395577034,-19.80285170897097,1,0.0,0.0,interior
T097,L,540,T002,240,0,mapped,-16.315961523415503,38.51356780796033,-18.10560588277227,1,0.0,0.0,interior
T097,L,541,T002,241,0,mapped,-15.434781987323461,36.998322276951356,-16.876110146270786,1,0.0,0.0,interior
T097,L,542,T002,242,0,mapped,-14.669718039151,35.20142975896219,-16.402031858417683,1,0.0,0.0,interior
T097,L,543,T002,243,0,mapped,-14.471120410298827,33.86047321834668,-14.338127246053897,1,0.0,0.0,interior
T097,L,544,T002,244,0,mapped,-15.147674096846092,32.58139645324554,-11.327937224034557,1,0.0,0.0,interior
T097,L,545,T002,245,0,mapped,-15.902763098595486,28.99439347101375,-12.23332066174033,1,0.0,0.0,interior
T097,L,546,T002,246,0,mapped,-16.52055596807414,26.984326673974095,-14.404762941650926,2,5.7944708367951345e-15,2.897235418397568e-15,shared_edge
T097,L,547,T002,247,0,mapped,-18.688774701439286,38.54219888978642,-25.00107686251865,1,0.0,0.0,interior
T097,L,548,T002,248,0,mapped,-18.238214684511206,38.3248434346936,-23.99822714483988,1,0.0,0.0,interior
T097,L,549,T002,249,0,mapped,-17.970919375142103,38.23619709920103,-23.006853439302724,1,0.0,0.0,interior
T097,L,550,T002,250,0,mapped,-17.94551806209876,38.06392950449668,-21.628316734470687,1,0.0,0.0,interior
T097,L,551,T002,251,0,mapped,-17.709011745688276,38.1281972755387,-19.98152605637941,1,0.0,0.0,interior
T097,L,552,T002,252,0,mapped,-17.52741439778934,37.83408981551041,-18.332090438851235,1,0.0,0.0,interior
T097,L,553,T002,253,0,mapped,-16.739481896967863,36.6650500798639,-17.07084722483512,1,0.0,0.0,interior
T097,L,554,T002,254,0,mapped,-15.872861091436711,34.88876956080644,-16.472721774698876,1,0.0,0.0,interior
T097,L,555,T002,255,0,mapped,-15.365516038157534,33.204369034317054,-15.077468392634,1,0.0,0.0,interior
T097,L,556,T002,256,0,mapped,-16.64540069044643,32.552606700402094,-11.994180438779225,1,0.0,0.0,interior
T097,L,557,T002,257,0,mapped,-17.032525169552823,29.140878790000954,-11.922738194283319,1,0.0,0.0,interior
T097,L,558,T002,258,0,mapped,-17.25385785765205,27.044451632979417,-13.994649441757005,2,3.722145839155691e-15,1.8610729195778454e-15,shared_edge
T097,L,559,T002,259,0,mapped,-19.00829875223421,37.90521453210893,-24.08980864730716,1,0.0,0.0,interior
T097,L,560,T002,260,0,mapped,-18.730005635980206,37.67914848713688,-22.94969325602307,1,0.0,0.0,interior
T097,L,561,T002,261,0,mapped,-18.57095081171407,37.585480527106654,-21.80856073564943,1,0.0,0.0,interior
T097,L,562,T002,262,0,mapped,-18.595342956842476,37.45465615705342,-20.26284359239379,1,0.0,0.0,interior
T097,L,563,T002,263,0,mapped,-18.479026534108925,37.22134089828304,-18.767828351903393,1,0.0,0.0,interior
T097,L,564,T002,264,0,mapped,-17.849739932318755,36.23003603329619,-17.29272074168179,1,0.0,0.0,interior
T097,L,565,T002,265,0,mapped,-17.115709014988866,34.57743025305645,-16.57112573655131,1,0.0,0.0,interior
T097,L,566,T002,266,0,mapped,-16.49841472117075,32.65988715027293,-15.685071784125848,1,0.0,0.0,interior
T097,L,567,T002,267,0,mapped,-17.6213151034654,32.445230364027644,-13.062187868780065,1,0.0,0.0,interior
T097,L,568,T002,268,0,mapped,-18.23742013270352,29.65656538552465,-11.967778477823362,1,0.0,0.0,interior
T097,L,569,T002,269,0,mapped,-18.04420226835599,27.113449467974498,-13.71108086873631,2,9.650641979819564e-15,4.825320989909783e-15,shared_edge
T097,L,570,T002,270,0,mapped,-19.34726151339544,37.274639525707684,-23.158345627058093,1,0.0,0.0,interior
T097,L,571,T002,271,0,mapped,-19.213578917720433,37.06804332114595,-22.163087050290912,1,0.0,0.0,interior
T097,L,572,T002,272,0,mapped,-19.252377034869603,36.83390599702334,-20.83179641978595,1,0.0,0.0,interior
T097,L,573,T002,273,0,mapped,-19.209289293154473,36.60580467723588,-19.475540563364717,1,0.0,0.0,interior
T097,L,574,T002,274,0,mapped,-18.96679372459956,35.8311933087478,-17.860773053139912,1,0.0,0.0,interior
T097,L,575,T002,275,0,mapped,-18.26759115607394,34.36489221663922,-16.80247736650001,1,0.0,0.0,interior
T097,L,576,T002,276,0,mapped,-17.456391062718524,32.520450714789156,-16.08296165116013,1,0.0,0.0,interior
T097,L,577,T002,277,0,mapped,-18.126049193078416,31.675653278042358,-13.939413717648032,1,0.0,0.0,interior
T097,L,578,T002,278,0,mapped,-19.119497469293197,29.95863108497832,-12.38523858474717,1,0.0,0.0,interior
T097,L,579,T002,279,0,mapped,-18.841695009735133,27.238829666447494,-13.527408137205509,2,1.9860273225978185e-15,9.930136612989092e-16,shared_edge
T097,L,580,T002,280,0,mapped,-19.928196947038742,36.56539114537995,-22.587926222816506,1,0.0,0.0,interior
T097,L,581,T002,281,0,mapped,-19.88985418661096,36.26812247484199,-21.5776771538746,1,0.0,0.0,interior
T097,L,582,T002,282,0,mapped,-19.856341836878396,35.95419275070594,-20.173383463372144,1,0.0,0.0,interior
T097,L,583,T002,283,0,mapped,-19.68440981591919,35.54241431017505,-18.56305751367626,1,0.0,0.0,interior
T097,L,584,T002,284,0,mapped,-19.20604074034243,34.240079861873866,-17.28474901875427,1,0.0,0.0,interior
T097,L,585,T002,285,0,mapped,-18.497214380295155,32.312178504229124,-16.448567840763378,1,0.0,0.0,interior
T097,L,586,T002,286,0,mapped,-18.507159472672978,30.959147832576196,-14.806100246842815,1,0.0,0.0,interior
T097,L,587,T002,287,0,mapped,-19.939512162788898,30.29952617368805,-12.827301256720663,1,0.0,0.0,interior
T097,L,588,T002,288,0,mapped,-19.617868060382623,27.50180225393511,-13.46533123329655,2,6.5906489508797204e-15,3.2953244754398602e-15,shared_edge
T097,L,589,T002,289,0,mapped,-20.626518246623824,35.70439268582219,-22.241477804753146,1,0.0,0.0,interior
T097,L,590,T002,290,0,mapped,-20.428967125596316,35.44743245496184,-20.876953599518085,1,0.0,0.0,interior
T097,L,591,T002,291,0,mapped,-20.324745389463757,35.031174128739764,-19.40308617334962,1,0.0,0.0,interior
T097,L,592,T002,292,0,mapped,-19.9592937933846,34.09562333249142,-17.88888317262042,1,0.0,0.0,interior
T097,L,593,T002,293,0,mapped,-19.36765704255395,32.39704852696204,-16.958196199192287,1,0.0,0.0,interior
T097,L,594,T002,294,0,mapped,-19.192150987010372,30.711213418022275,-15.812859604416738,1,0.0,0.0,interior
T097,L,595,T002,295,0,mapped,-20.69138694395864,30.34814709647988,-13.679072437412284,1,0.0,0.0,interior
T097,L,596,T002,296,0,mapped,-20.412599555261448,27.75665605486399,-13.467166285841104,2,6.420123230733026e-15,3.210061615366513e-15,shared_edge
T097,L,597,T002,297,0,mapped,-21.197251896842914,34.807188913793325,-21.891198191691842,1,0.0,0.0,interior
T097,L,598,T002,298,0,mapped,-20.906998268769257,34.47688808089277,-20.25225146137463,1,0.0,0.0,interior
T097,L,599,T002,299,0,mapped,-20.649761192054022,33.75397180702267,-18.701723799305487,1,0.0,0.0,interior
T097,L,600,T002,300,0,mapped,-20.103476222075024,32.48132998466261,-17.557357567699412,1,0.0,0.0,interior
T097,L,601,T002,301,0,mapped,-19.619071952557967,30.747829720333492,-16.476994530936018,1,0.0,0.0,interior
T097,L,602,T002,302,0,mapped,-20.867956907699202,30.082028424679894,-14.592371919356006,1,0.0,0.0,interior
T097,L,603,T002,303,0,mapped,-21.22337962196955,27.855284762973632,-13.679212024040744,2,0.0,0.0,shared_edge
T097,L,604,T002,304,0,mapped,-21.523110190765998,33.88868189312613,-21.228033655536493,1,0.0,0.0,interior
T097,L,605,T002,305,0,mapped,-21.230834134448052,33.39501395040452,-19.57517614387132,1,0.0,0.0,interior
T097,L,606,T002,306,0,mapped,-20.802593437093762,32.43487735811074,-18.273495166120203,1,0.0,0.0,interior
T097,L,607,T002,307,0,mapped,-20.222495846986003,30.841459487056667,-17.24109281274382,1,0.0,0.0,interior
T097,L,608,T002,308,0,mapped,-20.967660196237603,29.810650477098896,-15.447836040762315,1,0.0,0.0,interior
T097,L,609,T002,309,0,mapped,-21.90890237795287,28.147695888695587,-13.995221706555789,2,2.1556631856153973e-15,1.0778315928076989e-15,shared_edge
T097,L,610,T002,310,0,mapped,-21.782296510054252,32.98843285533417,-20.588587831545944,1,0.0,0.0,interior
T097,L,611,T002,311,0,mapped,-21.35417966665615,32.23825005857442,-18.955097561937627,1,0.0,0.0,interior
T097,L,612,T002,312,0,mapped,-20.850190146802873,31.00024157954551,-17.855188826461248,1,0.0,0.0,interior
T097,L,613,T002,313,0,mapped,-21.20162934951353,29.637969464476818,-16.357871482399688,1,0.0,0.0,interior
T097,L,614,T002,314,0,mapped,-22.33366667259818,28.428947091310775,-14.614380974420515,2,5.624186466202553e-15,2.812093233101277e-15,shared_edge
T097,L,615,T002,315,0,mapped,-21.96951729488515,32.05018991305041,-19.95386438167824,1,0.0,0.0,interior
T097,L,616,T002,316,0,mapped,-21.550896771480488,30.991038137133376,-18.44936286311863,1,0.0,0.0,interior
T097,L,617,T002,317,0,mapped,-21.345148050286234,29.736778211588515,-17.16294694648366,1,0.0,0.0,interior
T097,L,618,T002,318,0,mapped,-22.475755227844246,28.489553350508793,-15.433982080690901,2,0.4308497898468579,0.2154248949234289,shared_edge
T097,L,619,T002,319,0,mapped,-22.060488413985226,31.074999055513857,-19.254275601976907,1,0.0,0.0,interior
T097,L,620,T002,320,0,mapped,-21.677405835431976,29.937490959509237,-17.848478143077195,1,0.0,0.0,interior
T097,L,621,T002,321,0,mapped,-22.469695112400295,28.609199848071665,-16.262071908392453,2,0.6922386158202058,0.3461193079101029,shared_edge
T097,L,622,T002,322,0,mapped,-22.14646687083041,30.13840505306338,-18.504874660036553,1,0.0,0.0,interior
T097,L,623,T002,323,0,mapped,-22.455017355627675,28.882415795741615,-17.059833779918115,2,0.683546373436488,0.341773186718244,shared_edge
T097,L,624,T004,0,-1,landmark_vertex,-22.432821559575103,29.222055643354754,-17.831669974034035,4,0.0,0.0,landmark
T097,L,625,T003,1,0,mapped,-22.673942320707454,28.94803573447988,-17.688959523678406,2,0.0,0.0,shared_edge
T097,L,626,T003,2,0,mapped,-22.86250502525813,28.67627506956355,-17.480450035149182,2,2.5121479338940407e-15,1.2560739669470201e-15,shared_edge
T097,L,627,T003,3,0,mapped,-22.926925978459657,28.490502368177026,-17.16664631210244,2,1.7763568394002505e-15,8.881784197001252e-16,shared_edge
T097,L,628,T003,4,0,mapped,-23.128213532599897,28.213941531945267,-16.990533592200897,2,2.220446049250313e-15,1.1102230246251563e-15,shared_edge
T097,L,629,T003,5,0,mapped,-23.150241239359524,28.037236005109712,-16.621734675126106,2,2.360366527284141e-15,1.1801832636420706e-15,shared_edge
T097,L,630,T003,6,0,mapped,-23.15158403612595,27.869131503214938,-16.253534926408626,2,8.881784197001252e-16,4.440892098500626e-16,shared_edge
T097,L,631,T003,7,0,mapped,-23.173487269007936,27.609990536416674,-15.941211299853855,2,2.0380985511143445e-15,1.0190492755571725e-15,shared_edge
T097,L,632,T003,8,0,mapped,-23.195363226845977,27.350513936149255,-15.625385449141632,2,2.591841747874025e-15,1.2959208739370125e-15,shared_edge
T097,L,633,T003,9,0,mapped,-23.219041991538397,27.039683023551454,-15.363623231267809,2,1.9984014443252818e-15,9.992007221626409e-16,shared_edge
T097,L,634,T003,10,0,mapped,-23.25461836070106,26.71272377239981,-15.15440399468937,2,1.878377932716794e-15,9.39188966358397e-16,shared_edge
T097,L,635,T003,11,0,mapped,-23.290148024696485,26.313271281700544,-15.081958079234388,2,3.2023728339893768e-15,1.6011864169946884e-15,shared_edge
T097,L,636,T003,12,0,mapped,-23.173804886917626,26.021557358931787,-14.843625340243374,2,4.996003610813204e-16,2.498001805406602e-16,shared_edge
T097,L,637,T003,13,0,mapped,-23.12238821288277,25.644244966298352,-14.781072863119567,2,1.0778315928076989e-15,5.389157964038493e-16,shared_edge
T097,L,638,T003,14,0,mapped,-22.993820642911775,25.269739126531295,-14.689336599308357,2,1.807312143953211e-15,9.036560719766057e-16,shared_edge
T097,L,639,T003,15,0,mapped,-22.85373978484985,24.88963841232117,-14.686564168695543,2,8.881784197001252e-16,4.440892098500626e-16,shared_edge
T097,L,640,T003,16,0,mapped,-22.87946447140802,24.485824297119137,-14.702373247176128,2,0.0,0.0,shared_edge
T097,L,641,T003,17,0,mapped,-22.65477146547505,24.151451487801747,-14.699191262528824,2,8.881784197001252e-16,4.440892098500626e-16,shared_edge
T097,L,642,T003,18,0,mapped,-22.510249207926535,23.771234158593685,-14.683077682147086,2,1.7979101253009106e-15,8.989550626504553e-16,shared_edge
T097,L,643,T003,19,0,mapped,-22.39077764422456,23.388956007359926,-14.609161189986397,2,0.0,0.0,shared_edge
T097,L,644,T003,20,0,mapped,-22.423427862753147,22.98636425032461,-14.568859586988506,2,9.485749680535094e-16,4.742874840267547e-16,shared_edge
T097,L,645,T003,21,0,mapped,-22.273754562777537,22.642700398355796,-14.446147215310111,2,5.6348603740594776e-15,2.8174301870297388e-15,shared_edge
T097,L,646,T003,22,0,mapped,-22.19263024029279,22.28342473324073,-14.27793434234614,2,4.440892098500626e-16,2.220446049250313e-16,shared_edge
T097,L,647,T003,23,0,mapped,-22.132939778997155,21.940413093081318,-14.090298895164691,2,4.440892098500626e-16,2.220446049250313e-16,shared_edge
T097,L,648,T006,324,-1,landmark_vertex,-21.953595322887494,21.69987211478439,-13.88286077329677,5,0.0,0.0,landmark
T097,L,649,T003,25,0,mapped,-22.453614560782967,28.907868375617078,-17.132180415095643,2,0.7481245462169142,0.3740622731084571,shared_edge
T097,L,650,T003,26,0,mapped,-22.603711633248444,28.69404369896108,-16.883983052215722,1,0.0,0.0,interior
T097,L,651,T003,27,0,mapped,-22.797315913973947,28.430332520953364,-16.658891374374868,1,0.0,0.0,interior
T097,L,652,T003,28,0,mapped,-22.797281112886772,28.32325377797876,-16.30453736019541,1,0.0,0.0,interior
T097,L,653,T003,29,0,mapped,-22.948247680970034,28.061449224636632,-16.07161089339532,1,0.0,0.0,interior
T097,L,654,T003,30,0,mapped,-22.982013513454543,27.85279650939684,-15.790778199361917,1,0.0,0.0,interior
T097,L,655,T003,31,0,mapped,-23.04657090543944,27.561082547568617,-15.480063473080643,1,0.0,0.0,interior
T097,L,656,T003,32,0,mapped,-23.09412540124181,27.246357886290603,-15.19784803159503,1,0.0,0.0,interior
T097,L,657,T003,33,0,mapped,-23.05832917738889,26.967233013169846,-14.968359614546493,1,0.0,0.0,interior
T097,L,658,T003,34,0,mapped,-23.0581522815636,26.632561222070404,-14.853785268907608,1,0.0,0.0,interior
T097,L,659,T003,35,0,mapped,-23.002756387954843,26.346212904335182,-14.713286710807017,1,0.0,0.0,interior
T097,L,660,T003,36,0,mapped,-22.951734921187658,25.961242131617027,-14.663684959222778,1,0.0,0.0,interior
T097,L,661,T003,37,0,mapped,-22.87172536577386,25.587130762727256,-14.647921814442054,1,0.0,0.0,interior
T097,L,662,T003,38,0,mapped,-22.658030552115033,25.172496361253828,-14.626889620537787,1,0.0,0.0,interior
T097,L,663,T003,39,0,mapped,-22.52801790642723,24.812831157774152,-14.601409024884406,1,0.0,0.0,interior
T097,L,664,T003,40,0,mapped,-22.37459552609692,24.486128452017553,-14.624251736320227,1,0.0,0.0,interior
T097,L,665,T003,41,0,mapped,-22.20783761441456,24.08516608867896,-14.62543665867496,1,0.0,0.0,interior
T097,L,666,T003,42,0,mapped,-22.117555279941744,23.67139172068059,-14.618228653422605,1,0.0,0.0,interior
T097,L,667,T003,43,0,mapped,-22.051820812640237,23.429465018773175,-14.597687568418836,1,0.0,0.0,interior
T097,L,668,T003,44,0,mapped,-22.019918758427437,23.167456292662088,-14.565403120536018,1,0.0,0.0,interior
T097,L,669,T003,45,0,mapped,-21.820671986267783,22.778949952582266,-14.418907297930195,1,0.0,0.0,interior
T097,L,670,T003,46,0,mapped,-21.656980967148783,22.46912264780143,-14.21778542090794,1,0.0,0.0,interior
T097,L,671,T003,47,0,mapped,-21.55573100743578,22.17023402473965,-13.999564773006169,1,0.0,0.0,interior
T097,L,672,T003,48,0,mapped,-21.545263766042908,21.882840073977956,-13.751101830392418,2,8.881784197001252e-16,4.440892098500626e-16,shared_edge
T097,L,673,T003,49,0,mapped,-22.468089683600276,28.649367614084305,-16.410113935833515,2,0.7891769697372985,0.3945884848686492,shared_edge
T097,L,674,T003,50,0,mapped,-22.553595055924653,28.495521082547377,-16.101761244889328,1,0.0,0.0,interior
T097,L,675,T003,51,0,mapped,-22.736986743718816,28.23651684720413,-15.872664341693831,1,0.0,0.0,interior
T097,L,676,T003,52,0,mapped,-22.753677826339356,28.11601644725546,-15.582521168045009,1,0.0,0.0,interior
T097,L,677,T003,53,0,mapped,-22.877193782490167,27.780174274728008,-15.259676484341561,1,0.0,0.0,interior
T097,L,678,T003,54,0,mapped,-22.95309042120231,27.460149644986412,-15.046504539510705,1,0.0,0.0,interior
T097,L,679,T003,55,0,mapped,-22.900859291826535,27.23663817698663,-14.829298490501067,1,0.0,0.0,interior
T097,L,680,T003,56,0,mapped,-22.836738102628054,26.90576545454448,-14.668839543906554,1,0.0,0.0,interior
T097,L,681,T003,57,0,mapped,-22.771754826148644,26.549497305039207,-14.57668790848885,1,0.0,0.0,interior
T097,L,682,T003,58,0,mapped,-22.712710809113908,26.192452150218635,-14.56403257966087,1,0.0,0.0,interior
T097,L,683,T003,59,0,mapped,-22.63667972326723,25.812475702936766,-14.55992594641164,1,0.0,0.0,interior
T097,L,684,T003,60,0,mapped,-22.514427592895927,25.495414971659933,-14.531969052770018,1,0.0,0.0,interior
T097,L,685,T003,61,0,mapped,-22.35495213137327,25.20696100736878,-14.498093448725779,1,0.0,0.0,interior
T097,L,686,T003,62,0,mapped,-22.115237688258972,24.79420040884405,-14.540247549192713,1,0.0,0.0,interior
T097,L,687,T003,63,0,mapped,-21.85598194704899,24.37975675987646,-14.572879171454534,1,0.0,0.0,interior
T097,L,688,T003,64,0,mapped,-21.784996708859403,24.031957968053117,-14.589656613501466,1,0.0,0.0,interior
T097,L,689,T003,65,0,mapped,-21.726595404004794,23.777148404409594,-14.582485256884546,1,0.0,0.0,interior
T097,L,690,T003,66,0,mapped,-21.66300155337347,23.54094362207818,-14.561600242397441,1,0.0,0.0,interior
T097,L,691,T003,67,0,mapped,-21.572734445456334,23.232218896682735,-14.470655335989079,1,0.0,0.0,interior
T097,L,692,T003,68,0,mapped,-21.402130895553583,22.876430236007277,-14.314842859782475,1,0.0,0.0,interior
T097,L,693,T003,69,0,mapped,-21.198054477099536,22.622825158342515,-14.110741444204967,1,0.0,0.0,interior
T097,L,694,T003,70,0,mapped,-21.173771327697757,22.379612574448636,-13.944818925746441,1,0.0,0.0,interior
T097,L,695,T003,71,0,mapped,-21.123054987368022,22.17810680568454,-13.73942033855895,2,5.347542221830668e-15,2.673771110915334e-15,shared_edge
T097,L,696,T003,72,0,mapped,-22.479579386202015,28.502681710663605,-15.66369391085758,2,0.5103895905645663,0.2551947952822831,shared_edge
T097,L,697,T003,73,0,mapped,-22.59533241199915,28.297928545208798,-15.348929116679484,1,0.0,0.0,interior
T097,L,698,T003,74,0,mapped,-22.719223825465033,28.036610396027584,-15.167194596656147,1,0.0,0.0,interior
T097,L,699,T003,75,0,mapped,-22.7586531787988,27.76319447804099,-14.87438593641171,1,0.0,0.0,interior
T097,L,700,T003,76,0,mapped,-22.71528831551572,27.484532479119867,-14.627689883254893,1,0.0,0.0,interior
T097,L,701,T003,77,0,mapped,-22.580881805648026,27.11828355539518,-14.482492420291898,1,0.0,0.0,interior
T097,L,702,T003,78,0,mapped,-22.54206451142276,26.836932692721625,-14.443372376130299,1,0.0,0.0,interior
T097,L,703,T003,79,0,mapped,-22.509323922691046,26.52255902272693,-14.433198652819664,1,0.0,0.0,interior
T097,L,704,T003,80,0,mapped,-22.438887242994994,26.196324027414626,-14.430262698056266,1,0.0,0.0,interior
T097,L,705,T003,81,0,mapped,-22.267358051682596,25.808533675770136,-14.430032243038042,1,0.0,0.0,interior
T097,L,706,T003,82,0,mapped,-22.083145014153438,25.39593318567036,-14.440797693576688,1,0.0,0.0,interior
T097,L,707,T003,83,0,mapped,-21.940627180110376,25.07316003233504,-14.489325238112295,1,0.0,0.0,interior
T097,L,708,T003,84,0,mapped,-21.707753175407447,24.71218021061859,-14.536507716188966,1,0.0,0.0,interior
T097,L,709,T003,85,0,mapped,-21.449493448121082,24.34427785504553,-14.549859701634983,1,0.0,0.0,interior
T097,L,710,T003,86,0,mapped,-21.395510979990643,24.09355507763585,-14.539153911031452,1,0.0,0.0,interior
T097,L,711,T003,87,0,mapped,-21.362838315901868,23.881442119757388,-14.518742807923482,1,0.0,0.0,interior
T097,L,712,T003,88,0,mapped,-21.25871639591493,23.593390833442513,-14.450608808337128,1,0.0,0.0,interior
T097,L,713,T003,89,0,mapped,-21.17815463880592,23.328340387659928,-14.394726546675232,1,0.0,0.0,interior
T097,L,714,T003,90,0,mapped,-21.003790857830836,23.079344652649343,-14.260536811351304,1,0.0,0.0,interior
T097,L,715,T003,91,0,mapped,-20.816749408607592,22.826052209648623,-14.068725992496843,1,0.0,0.0,interior
T097,L,716,T003,92,0,mapped,-20.744749010944453,22.56082902044792,-13.836755979844067,1,0.0,0.0,interior
T097,L,717,T003,93,0,mapped,-20.69878802902693,22.47042536666894,-13.727930446218982,2,1.7763568394002505e-15,8.881784197001252e-16,shared_edge
T097,L,718,T003,94,0,mapped,-22.477105874670343,28.315178578258354,-14.93677983209839,2,9.714451465470121e-17,4.8572257327350605e-17,shared_edge
T097,L,719,T003,95,0,mapped,-22.543907867580298,28.05015148031982,-14.710440459936517,1,0.0,0.0,interior
T097,L,720,T003,96,0,mapped,-22.54124169172788,27.75613668955559,-14.520899370172595,1,0.0,0.0,interior
T097,L,721,T003,97,0,mapped,-22.4431478298453,27.369543181523582,-14.402147945729464,1,0.0,0.0,interior
T097,L,722,T003,98,0,mapped,-22.31290783807906,27.086803326218515,-14.299663002420795,1,0.0,0.0,interior
T097,L,723,T003,99,0,mapped,-22.200610675060048,26.780335469734883,-14.255947326472471,1,0.0,0.0,interior
T097,L,724,T003,100,0,mapped,-22.124127098530167,26.378255471598543,-14.284953334572457,1,0.0,0.0,interior
T097,L,725,T003,101,0,mapped,-21.987903775260186,25.94339456356272,-14.331218536868494,1,0.0,0.0,interior
T097,L,726,T003,102,0,mapped,-21.872628941720905,25.610167833775712,-14.375437268187362,1,0.0,0.0,interior
T097,L,727,T003,103,0,mapped,-21.705942258784603,25.333218476113764,-14.446743041708748,1,0.0,0.0,interior
T097,L,728,T003,104,0,mapped,-21.56194367547407,25.02478457149938,-14.488487121839501,1,0.0,0.0,interior
T097,L,729,T003,105,0,mapped,-21.28260180463126,24.597983185937753,-14.503669490266775,1,0.0,0.0,interior
T097,L,730,T003,106,0,mapped,-21.12385304143457,24.35284581996222,-14.48589591810762,1,0.0,0.0,interior
T097,L,731,T003,107,0,mapped,-21.04063384941373,24.109589172879183,-14.450341282968074,1,0.0,0.0,interior
T097,L,732,T003,108,0,mapped,-20.98264391484637,23.824045036825616,-14.413498346763717,1,0.0,0.0,interior
T097,L,733,T003,109,0,mapped,-20.87363141643491,23.651006364381537,-14.375858756981131,1,0.0,0.0,interior
T097,L,734,T003,110,0,mapped,-20.769481121034087,23.402293444518577,-14.287875015914464,1,0.0,0.0,interior
T097,L,735,T003,111,0,mapped,-20.602294347217153,23.18359111017334,-14.145306396220683,1,0.0,0.0,interior
T097,L,736,T003,112,0,mapped,-20.438715515114595,22.96334240698108,-13.95243481998126,1,0.0,0.0,interior
T097,L,737,T003,113,0,mapped,-20.344906156237634,22.797914414485433,-13.780490822623081,1,0.0,0.0,interior
T097,L,738,T003,114,0,mapped,-20.26116854977071,22.61848692312421,-13.531365346120513,2,1.3322676295501878e-15,6.661338147750939e-16,shared_edge
T097,L,739,T003,115,0,mapped,-22.340335555154816,27.9357248703512,-14.378904236344678,2,2.5121479338940407e-15,1.2560739669470201e-15,shared_edge
T097,L,740,T003,116,0,mapped,-22.284133937723134,27.654591546116205,-14.31372734618663,1,0.0,0.0,interior
T097,L,741,T003,117,0,mapped,-22.17003942547128,27.390381658924603,-14.207425705926644,1,0.0,0.0,interior
T097,L,742,T003,118,0,mapped,-22.0169209342477,26.95263411858198,-14.174016896154784,1,0.0,0.0,interior
T097,L,743,T003,119,0,mapped,-21.860502657682314,26.594263893558228,-14.175880333059235,1,0.0,0.0,interior
T097,L,744,T003,120,0,mapped,-21.71876509848044,26.2496579824622,-14.197052945214732,1,0.0,0.0,interior
T097,L,745,T003,121,0,mapped,-21.57936648185665,25.878105875164344,-14.274709533564002,1,0.0,0.0,interior
T097,L,746,T003,122,0,mapped,-21.446372588785565,25.612008444609074,-14.353030075185982,1,0.0,0.0,interior
T097,L,747,T003,123,0,mapped,-21.320303236792938,25.21338595768322,-14.440044160746716,1,0.0,0.0,interior
T097,L,748,T003,124,0,mapped,-21.069032489358868,24.81248112680919,-14.44452229690146,1,0.0,0.0,interior
T097,L,749,T003,125,0,mapped,-20.915582296145942,24.59241194858608,-14.413087201418655,1,0.0,0.0,interior
T097,L,750,T003,126,0,mapped,-20.767791116826714,24.325025240490277,-14.397127133753553,1,0.0,0.0,interior
T097,L,751,T003,127,0,mapped,-20.699637724812426,24.11858667351252,-14.379335367308546,1,0.0,0.0,interior
T097,L,752,T003,128,0,mapped,-20.59837774746321,23.955253095873488,-14.356020835856615,1,0.0,0.0,interior
T097,L,753,T003,129,0,mapped,-20.496533893362315,23.81280597136579,-14.330600827306533,1,0.0,0.0,interior
T097,L,754,T003,130,0,mapped,-20.34049637277745,23.599603662386745,-14.21163668152727,1,0.0,0.0,interior
T097,L,755,T003,131,0,mapped,-20.20966753919974,23.352345356528716,-14.071056301365092,1,0.0,0.0,interior
T097,L,756,T003,132,0,mapped,-20.047357949950744,23.177394119169296,-13.913945764268588,1,0.0,0.0,interior
T097,L,757,T003,133,0,mapped,-19.90853362125619,22.99203328280844,-13.69187920794645,1,0.0,0.0,interior
T097,L,758,T003,134,0,mapped,-19.8110357001677,22.859694972667015,-13.498895838045637,2,9.155133597044477e-16,4.577566798522237e-16,shared_edge
T097,L,759,T003,135,0,mapped,-21.857681634170213,27.611309231339273,-13.98023356429286,2,2.220446049250313e-16,1.1102230246251563e-16,shared_edge
T097,L,760,T003,136,0,mapped,-21.78221036985341,27.306361439732072,-13.96589505246161,1,0.0,0.0,interior
T097,L,761,T003,137,0,mapped,-21.6352102831636,26.853684565298057,-14.02082509673027,1,0.0,0.0,interior
T097,L,762,T003,138,0,mapped,-21.472260054098392,26.393619397011943,-14.12419597383789,1,0.0,0.0,interior
T097,L,763,T003,139,0,mapped,-21.350350112339427,26.15797071909116,-14.194438084159982,1,0.0,0.0,interior
T097,L,764,T003,140,0,mapped,-21.169282202552253,25.86401915709802,-14.280468986264047,1,0.0,0.0,interior
T097,L,765,T003,141,0,mapped,-20.966204016142456,25.50189104170916,-14.293103827230892,1,0.0,0.0,interior
T097,L,766,T003,142,0,mapped,-20.8206679812634,25.16447317425813,-14.333403284662099,1,0.0,0.0,interior
T097,L,767,T003,143,0,mapped,-20.75217901748738,24.892462132943216,-14.350358057818703,1,0.0,0.0,interior
T097,L,768,T003,144,0,mapped,-20.61099271229751,24.594646430736546,-14.360651759653582,1,0.0,0.0,interior
T097,L,769,T003,145,0,mapped,-20.40410499176152,24.39182878248814,-14.3679875560633,1,0.0,0.0,interior
T097,L,770,T003,146,0,mapped,-20.299371651614603,24.244026477401846,-14.353788205076903,1,0.0,0.0,interior
T097,L,771,T003,147,0,mapped,-20.203219667274467,24.08388127536134,-14.334448278865802,1,0.0,0.0,interior
T097,L,772,T003,148,0,mapped,-20.098428145386716,23.864403478948528,-14.27201981072921,1,0.0,0.0,interior
T097,L,773,T003,149,0,mapped,-19.9102657715596,23.71956738672921,-14.189169414885859,1,0.0,0.0,interior
T097,L,774,T003,150,0,mapped,-19.70397916442291,23.52748655388116,-14.028411997143785,1,0.0,0.0,interior
T097,L,775,T003,151,0,mapped,-19.529847483474697,23.361173815745715,-13.869379570743252,1,0.0,0.0,interior
T097,L,776,T003,152,0,mapped,-19.455852187671123,23.193780360959543,-13.715611756735752,1,0.0,0.0,interior
T097,L,777,T003,153,0,mapped,-19.335848903455066,23.056292576123788,-13.51069248903975,2,0.0,0.0,shared_edge
T097,L,778,T003,154,0,mapped,-21.36125497480318,27.053388330444285,-13.931950669896187,2,0.0,0.0,shared_edge
T097,L,779,T003,155,0,mapped,-21.202701693265453,26.64016144412937,-14.02133837387963,1,0.0,0.0,interior
T097,L,780,T003,156,0,mapped,-21.08390234134498,26.360080604120988,-14.108828488766378,1,0.0,0.0,interior
T097,L,781,T003,157,0,mapped,-20.96283884135252,26.012669854174653,-14.215900620960532,1,0.0,0.0,interior
T097,L,782,T003,158,0,mapped,-20.776978631152687,25.623689418145105,-14.243421654700937,1,0.0,0.0,interior
T097,L,783,T003,159,0,mapped,-20.61112528086141,25.25829793488937,-14.286026261063334,1,0.0,0.0,interior
T097,L,784,T003,160,0,mapped,-20.479256800835536,25.05231639381203,-14.319922197049511,1,0.0,0.0,interior
T097,L,785,T003,161,0,mapped,-20.339143957919827,24.899837815293115,-14.343868537579896,1,0.0,0.0,interior
T097,L,786,T003,162,0,mapped,-20.103228851085387,24.712870095078962,-14.36283666977388,1,0.0,0.0,interior
T097,L,787,T003,163,0,mapped,-19.98593099671819,24.53949918331384,-14.364458710622271,1,0.0,0.0,interior
T097,L,788,T003,164,0,mapped,-19.83150747603257,24.35541360082408,-14.359195475769841,1,0.0,0.0,interior
T097,L,789,T003,165,0,mapped,-19.801180919053216,24.098915573541426,-14.324853357191454,1,0.0,0.0,interior
T097,L,790,T003,166,0,mapped,-19.60223122234555,23.93681305489095,-14.237132711465183,1,0.0,0.0,interior
T097,L,791,T003,167,0,mapped,-19.41864064765837,23.826460480989,-14.181746800368234,1,0.0,0.0,interior
T097,L,792,T003,168,0,mapped,-19.331324559320898,23.67503297592868,-14.083333157368173,1,0.0,0.0,interior
T097,L,793,T003,169,0,mapped,-19.191052619312853,23.464642176860053,-13.910041044415923,1,0.0,0.0,interior
T097,L,794,T003,170,0,mapped,-18.983155834481707,23.27950419782732,-13.719971082026557,1,0.0,0.0,interior
T097,L,795,T003,171,0,mapped,-18.827307365566845,23.13276707668013,-13.512436643952263,2,2.0350724194510405e-15,1.0175362097255202e-15,shared_edge
T097,L,796,T003,172,0,mapped,-20.809698877423465,26.597017556891593,-13.9900962977664,2,0.0,0.0,shared_edge
T097,L,797,T003,173,0,mapped,-20.70709662477654,26.163277887460644,-14.102920133221923,1,0.0,0.0,interior
T097,L,798,T003,174,0,mapped,-20.544788600135895,25.825708173733126,-14.162919894322448,1,0.0,0.0,interior
T097,L,799,T003,175,0,mapped,-20.348150408621613,25.506637106121158,-14.239697832415208,1,0.0,0.0,interior
T097,L,800,T003,176,0,mapped,-20.222717197776657,25.303797657777817,-14.297886971655819,1,0.0,0.0,interior
T097,L,801,T003,177,0,mapped,-20.094256766505584,25.15674498730395,-14.338638364385469,1,0.0,0.0,interior
T097,L,802,T003,178,0,mapped,-19.95123365975515,24.968984205267958,-14.360520935793767,1,0.0,0.0,interior
T097,L,803,T003,179,0,mapped,-19.75351175831985,24.722546575931517,-14.370091327339065,1,0.0,0.0,interior
T097,L,804,T003,180,0,mapped,-19.589188935693763,24.475349147230006,-14.381399707573388,1,0.0,0.0,interior
T097,L,805,T003,181,0,mapped,-19.491775361037746,24.23853330023227,-14.360803318212612,1,0.0,0.0,interior
T097,L,806,T003,182,0,mapped,-19.33365585376655,24.060240972893023,-14.324292940602351,1,0.0,0.0,interior
T097,L,807,T003,183,0,mapped,-19.156027059105025,23.90723561257473,-14.248185833013073,1,0.0,0.0,interior
T097,L,808,T003,184,0,mapped,-18.981246313191505,23.736945602826303,-14.121034722504564,1,0.0,0.0,interior
T097,L,809,T003,185,0,mapped,-18.80876547748159,23.57218388737164,-13.98843751867128,1,0.0,0.0,interior
T097,L,810,T003,186,0,mapped,-18.64503588074447,23.40845533375115,-13.859785370256903,1,0.0,0.0,interior
T097,L,811,T003,187,0,mapped,-18.504883864597957,23.291096046448377,-13.734639629636018,1,0.0,0.0,interior
T097,L,812,T003,188,0,mapped,-18.314876173340487,23.13014627900997,-13.518707851555783,2,1.897149936107019e-15,9.485749680535094e-16,shared_edge
T097,L,813,T003,189,0,mapped,-20.289695838379714,26.04652329308133,-14.078136819442083,2,0.0,0.0,shared_edge
T097,L,814,T003,190,0,mapped,-20.117756198431447,25.729353340703554,-14.228711566523463,1,0.0,0.0,interior
T097,L,815,T003,191,0,mapped,-19.971987595765818,25.52142751661054,-14.297572887242493,1,0.0,0.0,interior
T097,L,816,T003,192,0,mapped,-19.816167321009935,25.38714916721102,-14.332470471191073,1,0.0,0.0,interior
T097,L,817,T003,193,0,mapped,-19.692848514160637,25.125706203992017,-14.390483224435807,1,0.0,0.0,interior
T097,L,818,T003,194,0,mapped,-19.539884629688316,24.837037928705,-14.406622196299296,1,0.0,0.0,interior
T097,L,819,T003,195,0,mapped,-19.322743031831738,24.677067213454666,-14.44254953772499,1,0.0,0.0,interior
T097,L,820,T003,196,0,mapped,-19.179317433453953,24.41061231386709,-14.449147271912391,1,0.0,0.0,interior
T097,L,821,T003,197,0,mapped,-18.992862153256564,24.212169922587776,-14.396916603578187,1,0.0,0.0,interior
T097,L,822,T003,198,0,mapped,-18.878518850552545,23.979626861698947,-14.279970932328908,1,0.0,0.0,interior
T097,L,823,T003,199,0,mapped,-18.706309502029423,23.783666801491144,-14.16774688258026,1,0.0,0.0,interior
T097,L,824,T003,200,0,mapped,-18.462159818418076,23.656265542142087,-14.090799303720912,1,0.0,0.0,interior
T097,L,825,T003,201,0,mapped,-18.385389880278353,23.540890499749544,-14.002831129874025,1,0.0,0.0,interior
T097,L,826,T003,202,0,mapped,-18.1154167640194,23.394350109971416,-13.896733444263791,1,0.0,0.0,interior
T097,L,827,T003,203,0,mapped,-17.88460080801919,23.233633770633453,-13.751118542606132,1,0.0,0.0,interior
T097,L,828,T003,204,0,mapped,-17.801931708635813,23.08434324384442,-13.527431372247792,2,0.0,0.0,shared_edge
T097,L,829,T003,205,0,mapped,-19.690608853963642,25.709855741219975,-14.281190316053637,2,0.0,0.0,shared_edge
T097,L,830,T003,206,0,mapped,-19.55426546803548,25.529624313222318,-14.323224209404682,1,0.0,0.0,interior
T097,L,831,T003,207,0,mapped,-19.34222978808655,25.309401312899787,-14.417595470472055,1,0.0,0.0,interior
T097,L,832,T003,208,0,mapped,-19.26342064021951,25.084496050922667,-14.471464118426418,1,0.0,0.0,interior
T097,L,833,T003,209,0,mapped,-19.034177980292007,24.823198765261356,-14.496368401155129,1,0.0,0.0,interior
T097,L,834,T003,210,0,mapped,-18.810708120740898,24.537233494757665,-14.496508693766677,1,0.0,0.0,interior
T097,L,835,T003,211,0,mapped,-18.637022161841774,24.299528672491284,-14.440422593490311,1,0.0,0.0,interior
T097,L,836,T003,212,0,mapped,-18.489362025382043,24.113469339134753,-14.374246872443678,1,0.0,0.0,interior
T097,L,837,T003,213,0,mapped,-18.33977416289522,23.90258460010543,-14.302135989202343,1,0.0,0.0,interior
T097,L,838,T003,214,0,mapped,-18.25531041211752,23.784038818078052,-14.235760665718411,1,0.0,0.0,interior
T097,L,839,T003,215,0,mapped,-18.048310153929,23.620989234964483,-14.130973759404148,1,0.0,0.0,interior
T097,L,840,T003,216,0,mapped,-17.80841725639059,23.42392161843765,-13.995813766814987,1,0.0,0.0,interior
T097,L,841,T003,217,0,mapped,-17.62055159555381,23.268870784781456,-13.867716434974227,1,0.0,0.0,interior
T097,L,842,T003,218,0,mapped,-17.42289431509038,23.142236359608482,-13.744269997785088,1,0.0,0.0,interior
T097,L,843,T003,219,0,mapped,-17.300626752459763,22.99467534533202,-13.528804146615249,2,9.155133597044477e-16,4.577566798522237e-16,shared_edge
T097,L,844,T003,220,0,mapped,-19.00189857893759,25.478251207159225,-14.434945144782102,2,0.0,0.0,shared_edge
T097,L,845,T003,221,0,mapped,-18.87841936512723,25.285374759236756,-14.500063038265335,1,0.0,0.0,interior
T097,L,846,T003,222,0,mapped,-18.76899309555564,25.077128819640933,-14.532975793130628,1,0.0,0.0,interior
T097,L,847,T003,223,0,mapped,-18.543446138192614,24.72819045237126,-14.551056835678173,1,0.0,0.0,interior
T097,L,848,T003,224,0,mapped,-18.329254838875546,24.476012088213302,-14.562561281552957,1,0.0,0.0,interior
T097,L,849,T003,225,0,mapped,-18.146933755815795,24.262870512004596,-14.523958430819278,1,0.0,0.0,interior
T097,L,850,T003,226,0,mapped,-18.063730803119775,24.081754404285686,-14.449482070508449,1,0.0,0.0,interior
T097,L,851,T003,227,0,mapped,-17.846501754808312,23.927197856748304,-14.418628107379856,1,0.0,0.0,interior
T097,L,852,T003,228,0,mapped,-17.702666565398424,23.800618135423132,-14.371955960725305,1,0.0,0.0,interior
T097,L,853,T003,229,0,mapped,-17.568536515408212,23.602980184571187,-14.265589559874249,1,0.0,0.0,interior
T097,L,854,T003,230,0,mapped,-17.369032915069496,23.41314993658996,-14.140464331544063,1,0.0,0.0,interior
T097,L,855,T003,231,0,mapped,-17.193752498855222,23.227733928544048,-13.972206208956116,1,0.0,0.0,interior
T097,L,856,T003,232,0,mapped,-17.02253825184748,23.04073466814444,-13.732027812424786,1,0.0,0.0,interior
T097,L,857,T003,233,0,mapped,-16.796541746301237,22.943135227387742,-13.590052544118947,2,1.2755491433176288e-15,6.377745716588144e-16,shared_edge
T097,L,858,T003,234,0,mapped,-18.37379160087594,25.18401174700518,-14.609435067383632,2,0.0,0.0,shared_edge
T097,L,859,T003,235,0,mapped,-18.20402821005233,24.998889337549272,-14.681053444216847,1,0.0,0.0,interior
T097,L,860,T003,236,0,mapped,-18.013344875447835,24.760307056309312,-14.722704376273153,1,0.0,0.0,interior
T097,L,861,T003,237,0,mapped,-17.8748282426923,24.44149363473039,-14.668533195251623,1,0.0,0.0,interior
T097,L,862,T003,238,0,mapped,-17.73281127549407,24.254304711216502,-14.638937107971143,1,0.0,0.0,interior
T097,L,863,T003,239,0,mapped,-17.569437822862778,24.07751605018111,-14.603695207920648,1,0.0,0.0,interior
T097,L,864,T003,240,0,mapped,-17.476513723848264,23.81919414921351,-14.479190032704345,1,0.0,0.0,interior
T097,L,865,T003,241,0,mapped,-17.307768840447572,23.625759041165228,-14.392773004855469,1,0.0,0.0,interior
T097,L,866,T003,242,0,mapped,-17.078974474377763,23.424065291990477,-14.274429121631224,1,0.0,0.0,interior
T097,L,867,T003,243,0,mapped,-16.91070720727545,23.25171675719028,-14.129558956845958,1,0.0,0.0,interior
T097,L,868,T003,244,0,mapped,-16.639745048846066,23.115417442576955,-14.016005356706163,1,0.0,0.0,interior
T097,L,869,T003,245,0,mapped,-16.540835839524892,22.999887480310385,-13.812119508215945,1,0.0,0.0,interior
T097,L,870,T003,246,0,mapped,-16.289280709095614,22.89330709704467,-13.655484500299199,2,0.0,0.0,shared_edge
T097,L,871,T003,247,0,mapped,-17.74130077125931,24.92592170832517,-14.81065879302218,2,0.0,0.0,shared_edge
T097,L,872,T003,248,0,mapped,-17.59249501820613,24.686216863436336,-14.825802833349432,1,0.0,0.0,interior
T097,L,873,T003,249,0,mapped,-17.447304552575083,24.370161425661788,-14.802074895792154,1,0.0,0.0,interior
T097,L,874,T003,250,0,mapped,-17.290703717721623,24.198279435108628,-14.776734955721498,1,0.0,0.0,interior
T097,L,875,T003,251,0,mapped,-17.079420159175527,23.93052785240335,-14.721065955827731,1,0.0,0.0,interior
T097,L,876,T003,252,0,mapped,-16.97321798530861,23.7300806198324,-14.617604648735481,1,0.0,0.0,interior
T097,L,877,T003,253,0,mapped,-16.814589026968807,23.543965061518126,-14.534498806528415,1,0.0,0.0,interior
T097,L,878,T003,254,0,mapped,-16.538652784191413,23.363595557621203,-14.4770332119575,1,0.0,0.0,interior
T097,L,879,T003,255,0,mapped,-16.42747084965784,23.19867632637602,-14.29576665596726,1,0.0,0.0,interior
T097,L,880,T003,256,0,mapped,-16.16861555947357,23.082967496249054,-14.1718394754162,1,0.0,0.0,interior
T097,L,881,T003,257,0,mapped,-16.02511330866679,22.98408783256801,-14.001466352889762,1,0.0,0.0,interior
T097,L,882,T003,258,0,mapped,-15.79156009867269,22.87030314883487,-13.763911874675404,2,2.7465400791133427e-15,1.3732700395566713e-15,shared_edge
T097,L,883,T003,259,0,mapped,-17.147054628883645,24.51082119812721,-14.981069642935806,2,0.0,0.0,shared_edge
T097,L,884,T003,260,0,mapped,-16.98999133911249,24.278112863054886,-14.952979840430135,1,0.0,0.0,interior
T097,L,885,T003,261,0,mapped,-16.781079883814083,24.0580008375513,-14.947494436569501,1,0.0,0.0,interior
T097,L,886,T003,262,0,mapped,-16.621829793903593,23.905394486065084,-14.932800053954464,1,0.0,0.0,interior
T097,L,887,T003,263,0,mapped,-16.476147334528715,23.69893269972794,-14.852928630811034,1,0.0,0.0,interior
T097,L,888,T003,264,0,mapped,-16.268329265002013,23.487392534219886,-14.756748635525138,1,0.0,0.0,interior
T097,L,889,T003,265,0,mapped,-16.049579532320205,23.303800734207538,-14.588815846790675,1,0.0,0.0,interior
T097,L,890,T003,266,0,mapped,-15.871293668345105,23.13896775250953,-14.367347885318857,1,0.0,0.0,interior
T097,L,891,T003,267,0,mapped,-15.690125221321367,23.060684339534646,-14.239796000111223,1,0.0,0.0,interior
T097,L,892,T003,268,0,mapped,-15.534996157138858,22.981112473665842,-14.064625583646924,1,0.0,0.0,interior
T097,L,893,T003,269,0,mapped,-15.276954277305876,22.889590928186536,-13.768967992199842,2,1.4043333874306805e-15,7.021666937153402e-16,shared_edge
T097,L,894,T003,270,0,mapped,-16.456749243451057,24.410827178907873,-15.270599649726332,2,8.881784197001252e-16,4.440892098500626e-16,shared_edge
T097,L,895,T003,271,0,mapped,-16.277363724117016,24.099238548167826,-15.221526754846188,1,0.0,0.0,interior
T097,L,896,T003,272,0,mapped,-16.06273669086147,23.86988679277433,-15.17348004332211,1,0.0,0.0,interior
T097,L,897,T003,273,0,mapped,-15.865374577357846,23.58410573414266,-14.97947701327114,1,0.0,0.0,interior
T097,L,898,T003,274,0,mapped,-15.709646433895518,23.4022629223277,-14.7933655612973,1,0.0,0.0,interior
T097,L,899,T003,275,0,mapped,-15.519325239140521,23.294221585998383,-14.661767874109088,1,0.0,0.0,interior
T097,L,900,T003,276,0,mapped,-15.32003320997644,23.214587544129316,-14.52710646867342,1,0.0,0.0,interior
T097,L,901,T003,277,0,mapped,-15.132753930541632,23.116188933031005,-14.272422611880469,1,0.0,0.0,interior
T097,L,902,T003,278,0,mapped,-14.930125269958236,23.04910272046339,-14.042313243233874,1,0.0,0.0,interior
T097,L,903,T003,279,0,mapped,-14.771604591547828,22.98549137301816,-13.769573571812103,2,8.881784197001252e-16,4.440892098500626e-16,shared_edge
T097,L,904,T003,280,0,mapped,-15.762102652190002,24.26186225058214,-15.488449149565502,2,0.0,0.0,shared_edge
T097,L,905,T003,281,0,mapped,-15.602744865211129,24.09234603402139,-15.420071400127819,1,0.0,0.0,interior
T097,L,906,T003,282,0,mapped,-15.345707845313537,23.799552149026695,-15.236695346714132,1,0.0,0.0,interior
T097,L,907,T003,283,0,mapped,-15.280559437029016,23.559635512823284,-15.008195343695682,1,0.0,0.0,interior
T097,L,908,T003,284,0,mapped,-14.985260931527508,23.45696005045989,-14.809528632331185,1,0.0,0.0,interior
T097,L,909,T003,285,0,mapped,-14.824812198709513,23.30219496511772,-14.521558992467577,1,0.0,0.0,interior
T097,L,910,T003,286,0,mapped,-14.673556737704995,23.22045761947701,-14.258733646685387,1,0.0,0.0,interior
T097,L,911,T003,287,0,mapped,-14.484430173383847,23.181738059821463,-14.03368864466954,1,0.0,0.0,interior
T097,L,912,T003,288,0,mapped,-14.285532207680543,23.156725709312816,-13.765681316150104,2,1.0877919644084146e-15,5.438959822042073e-16,shared_edge
T097,L,913,T003,289,0,mapped,-15.020920811345594,24.104289016199424,-15.477396664255167,2,0.0,0.0,shared_edge
T097,L,914,T003,290,0,mapped,-14.797717496988792,23.927093819641385,-15.29527806023163,1,0.0,0.0,interior
T097,L,915,T003,291,0,mapped,-14.695961197720251,23.717243939500314,-15.037863596179086,1,0.0,0.0,interior
T097,L,916,T003,292,0,mapped,-14.485426887252999,23.57440773796261,-14.767682381486619,1,0.0,0.0,interior
T097,L,917,T003,293,0,mapped,-14.318288873573563,23.505784963209045,-14.597493666168582,1,0.0,0.0,interior
T097,L,918,T003,294,0,mapped,-14.094601762357717,23.429827932276268,-14.348582765405606,1,0.0,0.0,interior
T097,L,919,T003,295,0,mapped,-13.925060783454226,23.375823398247615,-14.052361104537852,1,0.0,0.0,interior
T097,L,920,T003,296,0,mapped,-13.798668396602466,23.32548739347706,-13.761938587187311,2,2.318213734067276e-15,1.159106867033638e-15,shared_edge
T097,L,921,T003,297,0,mapped,-14.312124154003813,23.97699602892761,-15.224542540473053,2,0.0,0.0,shared_edge
T097,L,922,T003,298,0,mapped,-14.167992890005346,23.7897289233374,-14.93911638070457,1,0.0,0.0,interior
T097,L,923,T003,299,0,mapped,-13.980970919069527,23.706268788795114,-14.752036228795978,1,0.0,0.0,interior
T097,L,924,T003,300,0,mapped,-13.779445528601627,23.625108999856383,-14.497721720857395,1,0.0,0.0,interior
T097,L,925,T003,301,0,mapped,-13.57397702285694,23.581577523985768,-14.26563873565847,1,0.0,0.0,interior
T097,L,926,T003,302,0,mapped,-13.420895918582556,23.523294520639404,-14.005257506550244,1,0.0,0.0,interior
T097,L,927,T003,303,0,mapped,-13.31179425144717,23.47959554957543,-13.759026072349586,2,0.0,0.0,shared_edge
T097,L,928,T003,304,0,mapped,-13.648717169736724,23.882804318446464,-14.853756149392611,2,1.1102230246251563e-16,5.551115123125783e-17,shared_edge
T097,L,929,T003,305,0,mapped,-13.505198576732782,23.763603080752972,-14.59175510040675,1,0.0,0.0,interior
T097,L,930,T003,306,0,mapped,-13.329745130835402,23.68766366715696,-14.343461617870064,1,0.0,0.0,interior
T097,L,931,T003,307,0,mapped,-13.12668977339335,23.662343272006822,-14.153983893791374,1,0.0,0.0,interior
T097,L,932,T003,308,0,mapped,-12.944707543002307,23.62866379461898,-13.959644252167626,1,0.0,0.0,interior
T097,L,933,T003,309,0,mapped,-12.808676597239586,23.579276476578745,-13.759390826570169,2,1.4217791915866692e-15,7.108895957933346e-16,shared_edge
T097,L,934,T003,310,0,mapped,-12.996653192613618,23.79386987383551,-14.463227505659255,2,0.0,0.0,shared_edge
T097,L,935,T003,311,0,mapped,-12.837511404741798,23.720943390085353,-14.23840769475026,1,0.0,0.0,interior
T097,L,936,T003,312,0,mapped,-12.677905655749498,23.65901000446881,-14.037023309994797,1,0.0,0.0,interior
T097,L,937,T003,313,0,mapped,-12.485465080171792,23.597413764546143,-13.856322589762902,1,0.0,0.0,interior
T097,L,938,T003,314,0,mapped,-12.296204943756996,23.539539980217086,-13.767765041620338,2,4.440892098500626e-16,2.220446049250313e-16,shared_edge
T097,L,939,T003,315,0,mapped,-12.407550124916863,23.655783390614495,-14.072279479584418,2,0.0,0.0,shared_edge
T097,L,940,T003,316,0,mapped,-12.228323311702004,23.575707846868713,-13.91691624870123,1,0.0,0.0,interior
T097,L,941,T003,317,0,mapped,-12.015496859984161,23.487909308868613,-13.847487595055041,1,0.0,0.0,interior
T097,L,942,T003,318,0,mapped,-11.816040309810523,23.361229886829555,-13.783603133052818,2,2.7755575615628914e-16,1.3877787807814454e-16,shared_edge
T097,L,943,T004,319,0,mapped,-11.800327707553794,23.362572955488794,-13.804995304607688,2,0.2682348857209848,0.1341174428604924,shared_edge
T097,L,944,T003,320,2,smooth_near_vertex,-11.877577173240791,23.236288954698892,-13.885929040123049,1,0.0,0.0,interior
T097,L,945,T006,49,0,mapped,-11.416696936388604,23.041270838624506,-13.804111283781557,2,0.450594018393366,0.225297009196683,shared_edge
T097,L,946,T004,322,0,mapped,-11.2554657807301,22.8345162163818,-13.81891624350488,2,0.3646276285506886,0.1823138142753443,shared_edge
T097,L,947,T006,25,0,mapped,-11.135934066609492,22.614366715125033,-13.834037512903455,2,0.504298277167802,0.252149138583901,shared_edge
T097,L,948,T003,324,-1,landmark_vertex,-10.957204000135595,22.13195593797108,-13.863500581901334,4,0.0,0.0,landmark
T097,L,949,T004,26,2,smooth_near_vertex,-22.41979312850374,28.625355754945588,-15.726651576441153,1,0.0,0.0,interior
T097,L,950,T004,27,3,smooth_internal,-22.405091198583055,28.48342156038995,-15.169759139339353,1,0.0,0.0,interior
T097,L,951,T004,28,0,mapped,-22.372097867696098,28.393143527183412,-14.7001577611428,1,0.0,0.0,interior
T097,L,952,T004,29,0,mapped,-22.031256028596104,28.067006029716715,-14.093811704669964,1,0.0,0.0,interior
T097,L,953,T004,30,0,mapped,-21.336082746307905,27.769808451404273,-13.73268362144113,1,0.0,0.0,interior
T097,L,954,T004,31,0,mapped,-20.518789602508505,27.620195661285038,-13.541068771490373,1,0.0,0.0,interior
T097,L,955,T004,32,0,mapped,-19.799967153774872,27.441101064865073,-13.520357687314133,1,0.0,0.0,interior
T097,L,956,T004,33,0,mapped,-18.95486635532541,27.19538046932599,-13.557114848705375,1,0.0,0.0,interior
T097,L,957,T004,34,0,mapped,-18.19815389833736,26.927437003956538,-13.857805902431549,1,0.0,0.0,interior
T097,L,958,T004,35,0,mapped,-17.377087230356445,26.82524272178094,-14.13811511567704,1,0.0,0.0,interior
T097,L,959,T004,36,0,mapped,-16.69549230642931,26.840895158847072,-14.4469286567004,1,0.0,0.0,interior
T097,L,960,T004,37,0,mapped,-16.102994397311022,26.814067563114104,-14.916442975083847,1,0.0,0.0,interior
T097,L,961,T004,38,0,mapped,-15.4596624656352,26.78427364405958,-15.492856937825842,1,0.0,0.0,interior
T097,L,962,T004,39,0,mapped,-14.80960368895737,26.93056881755556,-15.976046501782267,1,0.0,0.0,interior
T097,L,963,T004,40,0,mapped,-14.21648489107875,27.099137127349465,-16.552614296839216,1,0.0,0.0,interior
T097,L,964,T004,41,0,mapped,-13.636572882111503,27.319405871063307,-17.074450924548383,1,0.0,0.0,interior
T097,L,965,T004,42,0,mapped,-13.092464439509062,27.564943790313656,-17.54353829801374,1,0.0,0.0,interior
T097,L,966,T004,43,0,mapped,-12.529281055602072,27.77625981260871,-18.07520388719298,1,0.0,0.0,interior
T097,L,967,T004,44,0,mapped,-12.19408727313492,28.15196145274418,-18.49068752888049,1,0.0,0.0,interior
T097,L,968,T004,45,0,mapped,-11.831655314148493,28.703089218979166,-18.98783462169129,1,0.0,0.0,interior
T097,L,969,T004,46,0,mapped,-11.434650446631608,29.073908834656113,-19.46319993625223,1,0.0,0.0,interior
T097,L,970,T004,47,0,mapped,-10.914874251361791,29.453071426608705,-19.937938574510554,1,0.0,0.0,interior
T097,L,971,T004,48,0,mapped,-10.36375392157981,29.765301391200225,-20.38177633754284,1,0.0,0.0,interior
T097,L,972,T004,50,3,smooth_internal,-22.429386770182276,28.463518148515035,-15.221052993753181,1,0.0,0.0,interior
T097,L,973,T004,51,0,mapped,-22.423598902804205,28.342261163683357,-14.783619245674062,1,0.0,0.0,interior
T097,L,974,T004,52,0,mapped,-22.11725188424374,28.03049592404882,-14.168065248368878,1,0.0,0.0,interior
T097,L,975,T004,53,0,mapped,-21.479987646355948,27.70455327417536,-13.774684969001592,1,0.0,0.0,interior
T097,L,976,T004,54,0,mapped,-20.679550549826942,27.488991791605784,-13.63686669559749,1,0.0,0.0,interior
T097,L,977,T004,55,0,mapped,-19.88942662852283,27.24180984801407,-13.614961013759542,1,0.0,0.0,interior
T097,L,978,T004,56,0,mapped,-19.086123230387834,27.001222153224315,-13.683788031908325,1,0.0,0.0,interior
T097,L,979,T004,57,0,mapped,-18.352959751560444,26.897591669447483,-13.859840056444446,1,0.0,0.0,interior
T097,L,980,T004,58,0,mapped,-17.57501140651961,26.74080668752465,-14.153245526215228,1,0.0,0.0,interior
T097,L,981,T004,59,0,mapped,-16.85392153567031,26.694857401574772,-14.50027395850999,1,0.0,0.0,interior
T097,L,982,T004,60,0,mapped,-16.306930162602143,26.617066405283843,-14.945794850742281,1,0.0,0.0,interior
T097,L,983,T004,61,0,mapped,-15.614773536250617,26.75881641593633,-15.374026252774291,1,0.0,0.0,interior
T097,L,984,T004,62,0,mapped,-14.950426920695726,26.701644395371645,-15.984127031950392,1,0.0,0.0,interior
T097,L,985,T004,63,0,mapped,-14.394185445252912,26.81271475721431,-16.43992817340943,1,0.0,0.0,interior
T097,L,986,T004,64,0,mapped,-13.764987758914732,27.099741547059605,-16.9517746973378,1,0.0,0.0,interior
T097,L,987,T004,65,0,mapped,-13.23541326780039,27.232467933975776,-17.384594238371115,1,0.0,0.0,interior
T097,L,988,T004,66,0,mapped,-12.761640878832342,27.507843757445748,-17.798351709600617,1,0.0,0.0,interior
T097,L,989,T004,67,0,mapped,-12.1589238571919,27.781205362437788,-18.319134082993514,1,0.0,0.0,interior
T097,L,990,T004,68,0,mapped,-11.810427879476919,28.213871912372312,-18.77194370376401,1,0.0,0.0,interior
T097,L,991,T004,69,0,mapped,-11.451032105893873,28.59174063074107,-19.203948583795682,1,0.0,0.0,interior
T097,L,992,T004,70,0,mapped,-10.994026643397213,29.041518851675892,-19.681304816827414,1,0.0,0.0,interior
T097,L,993,T004,71,0,mapped,-10.387164272600197,29.38982655612091,-20.143431295895372,1,0.0,0.0,interior
T097,L,994,T004,73,0,mapped,-22.45043339639841,28.32802474606021,-14.860600647386232,1,0.0,0.0,interior
T097,L,995,T004,74,0,mapped,-22.1960982190429,27.96780055850454,-14.241797870385769,1,0.0,0.0,interior
T097,L,996,T004,75,0,mapped,-21.579717713297924,27.660946475952535,-13.815444538694756,1,0.0,0.0,interior
T097,L,997,T004,76,0,mapped,-20.860766037843696,27.353996042915355,-13.737531122605654,1,0.0,0.0,interior
T097,L,998,T004,77,0,mapped,-20.06755961902358,27.086107350662406,-13.682989008566478,1,0.0,0.0,interior
T097,L,999,T004,78,0,mapped,-19.2534084394741,26.899542681233413,-13.752048405578247,1,0.0,0.0,interior
T097,L,1000,T004,79,0,mapped,-18.501477671093916,26.766426071852717,-13.918883453705602,1,0.0,0.0,interior
T097,L,1001,T004,80,0,mapped,-17.74373379496439,26.630937022566275,-14.178479113509223,1,0.0,0.0,interior
T097,L,1002,T004,81,0,mapped,-17.011587943183528,26.539677931596955,-14.568094025019235,1,0.0,0.0,interior
T097,L,1003,T004,82,0,mapped,-16.443835943441982,26.4993472814986,-14.952453593532864,1,0.0,0.0,interior
T097,L,1004,T004,83,0,mapped,-15.647914889872537,26.620918394725933,-15.43887076634263,1,0.0,0.0,interior
T097,L,1005,T004,84,0,mapped,-15.109978976934414,26.599275144985725,-15.894256894022497,1,0.0,0.0,interior
T097,L,1006,T004,85,0,mapped,-14.502991440157512,26.652080766755795,-16.38054489097131,1,0.0,0.0,interior
T097,L,1007,T004,86,0,mapped,-13.878905432591825,26.8138311546693,-16.856371105411533,1,0.0,0.0,interior
T097,L,1008,T004,87,0,mapped,-13.416574419141243,26.974987536403418,-17.203307795984635,1,0.0,0.0,interior
T097,L,1009,T004,88,0,mapped,-12.81356951459009,27.181940764135533,-17.64699669527671,1,0.0,0.0,interior
T097,L,1010,T004,89,0,mapped,-12.296601815098102,27.48502804609854,-18.079354820826087,1,0.0,0.0,interior
T097,L,1011,T004,90,0,mapped,-11.830100060408647,27.765144558398703,-18.48084231818685,1,0.0,0.0,interior
T097,L,1012,T004,91,0,mapped,-11.383570214010426,28.211801151138758,-18.98408872358864,1,0.0,0.0,interior
T097,L,1013,T004,92,0,mapped,-10.971838672031549,28.694082483306566,-19.477116687146815,1,0.0,0.0,interior
T097,L,1014,T004,93,0,mapped,-10.42292190353137,29.021095737666624,-19.89808891912773,1,0.0,0.0,interior
T097,L,1015,T004,95,0,mapped,-22.307722651405626,27.906812197435304,-14.34513550272414,1,0.0,0.0,interior
T097,L,1016,T004,96,0,mapped,-21.662404368273222,27.647818568859464,-13.85109126254851,1,0.0,0.0,interior
T097,L,1017,T004,97,0,mapped,-20.99294369489303,27.293799231532248,-13.785853250045557,1,0.0,0.0,interior
T097,L,1018,T004,98,0,mapped,-20.24895596797318,26.933458352464683,-13.754666642110028,1,0.0,0.0,interior
T097,L,1019,T004,99,0,mapped,-19.42391689275283,26.707460235142754,-13.842418749515152,1,0.0,0.0,interior
T097,L,1020,T004,100,0,mapped,-18.60207044028366,26.63301120363986,-13.976932908473486,1,0.0,0.0,interior
T097,L,1021,T004,101,0,mapped,-17.89109199911129,26.44725606770247,-14.246914121937143,1,0.0,0.0,interior
T097,L,1022,T004,102,0,mapped,-17.188508377030022,26.40032146115103,-14.597820921085688,1,0.0,0.0,interior
T097,L,1023,T004,103,0,mapped,-16.60917183471856,26.352417058702773,-14.947407456376483,1,0.0,0.0,interior
T097,L,1024,T004,104,0,mapped,-15.800785198760096,26.492169331549512,-15.403827763643038,1,0.0,0.0,interior
T097,L,1025,T004,105,0,mapped,-15.287405268420024,26.512920914416796,-15.786730894025979,1,0.0,0.0,interior
T097,L,1026,T004,106,0,mapped,-14.62911967634998,26.345957679476665,-16.33450964482422,1,0.0,0.0,interior
T097,L,1027,T004,107,0,mapped,-14.030408163685491,26.55416330047128,-16.73319907224489,1,0.0,0.0,interior
T097,L,1028,T004,108,0,mapped,-13.505496021449748,26.677867216649716,-17.062665121215463,1,0.0,0.0,interior
T097,L,1029,T004,109,0,mapped,-12.90814247553733,26.824362162830568,-17.43962759266672,1,0.0,0.0,interior
T097,L,1030,T004,110,0,mapped,-12.355475066758036,27.16438068392299,-17.880806527003276,1,0.0,0.0,interior
T097,L,1031,T004,111,0,mapped,-11.87614887155153,27.482082265607524,-18.267114037118628,1,0.0,0.0,interior
T097,L,1032,T004,112,0,mapped,-11.41873422037744,27.83765123839372,-18.688459919346446,1,0.0,0.0,interior
T097,L,1033,T004,113,0,mapped,-11.0633510890823,28.23348295741811,-19.12678097055056,1,0.0,0.0,interior
T097,L,1034,T004,114,0,mapped,-10.454075868950165,28.671472371611614,-19.622504482948266,1,0.0,0.0,interior
T097,L,1035,T004,116,0,mapped,-21.72435241062894,27.61137868949941,-13.889623242299809,1,0.0,0.0,interior
T097,L,1036,T004,117,0,mapped,-21.11432436118539,27.177647284319555,-13.85487439771989,1,0.0,0.0,interior
T097,L,1037,T004,118,0,mapped,-20.369250880201886,26.847719175941833,-13.79739175314942,1,0.0,0.0,interior
T097,L,1038,T004,119,0,mapped,-19.58262021253283,26.617022948787024,-13.897901600174857,1,0.0,0.0,interior
T097,L,1039,T004,120,0,mapped,-18.78995596785752,26.498836682095103,-14.027799653112153,1,0.0,0.0,interior
T097,L,1040,T004,121,0,mapped,-18.065639366110354,26.292952739946784,-14.287061962667476,1,0.0,0.0,interior
T097,L,1041,T004,122,0,mapped,-17.32717017712478,26.269227681053966,-14.621914435406339,1,0.0,0.0,interior
T097,L,1042,T004,123,0,mapped,-16.714761626602723,26.250685357176888,-14.94786884795612,1,0.0,0.0,interior
T097,L,1043,T004,124,0,mapped,-15.98308245550262,26.328785812815,-15.378075260311402,1,0.0,0.0,interior
T097,L,1044,T004,125,0,mapped,-15.402729123569829,26.252456057725638,-15.799971081582653,1,0.0,0.0,interior
T097,L,1045,T004,126,0,mapped,-14.77409527537506,26.18941320403654,-16.242484078638288,1,0.0,0.0,interior
T097,L,1046,T004,127,0,mapped,-14.162811360969563,26.306922490848923,-16.63132422345084,1,0.0,0.0,interior
T097,L,1047,T004,128,0,mapped,-13.590094811811172,26.443611081793932,-16.939030932635934,1,0.0,0.0,interior
T097,L,1048,T004,129,0,mapped,-12.99925564227802,26.609489800359643,-17.293974808858184,1,0.0,0.0,interior
T097,L,1049,T004,130,0,mapped,-12.406987610914893,26.921305069852608,-17.69648679955206,1,0.0,0.0,interior
T097,L,1050,T004,131,0,mapped,-11.967203769645518,27.22460272398311,-18.061908466883185,1,0.0,0.0,interior
T097,L,1051,T004,132,0,mapped,-11.454034115061,27.456061891432974,-18.37278093699921,1,0.0,0.0,interior
T097,L,1052,T004,133,0,mapped,-11.14715970070088,27.86880124295269,-18.81491348068893,1,0.0,0.0,interior
T097,L,1053,T004,134,0,mapped,-10.4848507840074,28.332750771021203,-19.333699873769998,1,0.0,0.0,interior
T097,L,1054,T004,136,0,mapped,-21.200125137457658,27.08458388649619,-13.901296371761479,1,0.0,0.0,interior
T097,L,1055,T004,137,0,mapped,-20.488808645423205,26.753374986188287,-13.847973857594605,1,0.0,0.0,interior
T097,L,1056,T004,138,0,mapped,-19.7542302584148,26.50648263167706,-13.948271534989534,1,0.0,0.0,interior
T097,L,1057,T004,139,0,mapped,-18.966198662498215,26.31885978572599,-14.094047891404166,1,0.0,0.0,interior
T097,L,1058,T004,140,0,mapped,-18.21023887124595,26.190498325165855,-14.31508556972217,1,0.0,0.0,interior
T097,L,1059,T004,141,0,mapped,-17.519515098179752,26.128930288901515,-14.613716493056694,1,0.0,0.0,interior
T097,L,1060,T004,142,0,mapped,-16.857445711508866,26.0810843089345,-14.975685107416862,1,0.0,0.0,interior
T097,L,1061,T004,143,0,mapped,-16.13592212256853,26.136769127463914,-15.393821953477902,1,0.0,0.0,interior
T097,L,1062,T004,144,0,mapped,-15.500463975847168,26.07204236190791,-15.795961634693612,1,0.0,0.0,interior
T097,L,1063,T004,145,0,mapped,-14.889861430509686,25.954812020678652,-16.18166654716106,1,0.0,0.0,interior
T097,L,1064,T004,146,0,mapped,-14.232779224792928,26.059687132779807,-16.53769575943093,1,0.0,0.0,interior
T097,L,1065,T004,147,0,mapped,-13.691388452074817,26.19813218990709,-16.802424981707922,1,0.0,0.0,interior
T097,L,1066,T004,148,0,mapped,-13.077991065660909,26.392954369958858,-17.140698639896954,1,0.0,0.0,interior
T097,L,1067,T004,149,0,mapped,-12.419990494092376,26.62385911638182,-17.482623471856115,1,0.0,0.0,interior
T097,L,1068,T004,150,0,mapped,-12.039925126486848,26.809645641983714,-17.732752453588915,1,0.0,0.0,interior
T097,L,1069,T004,151,0,mapped,-11.440244235077586,27.21649208153388,-18.179641553738485,1,0.0,0.0,interior
T097,L,1070,T004,152,0,mapped,-10.99079929404421,27.542008103216705,-18.565296064246468,1,0.0,0.0,interior
T097,L,1071,T004,153,0,mapped,-10.514651033412337,28.00166600913451,-19.035773691035978,1,0.0,0.0,interior
T097,L,1072,T004,155,0,mapped,-20.662720189183723,26.68298509956624,-13.916443434757255,1,0.0,0.0,interior
T097,L,1073,T004,156,0,mapped,-19.96584211561676,26.306766820876668,-14.003731571890714,1,0.0,0.0,interior
T097,L,1074,T004,157,0,mapped,-19.13999585281697,26.207479072648013,-14.109404260797191,1,0.0,0.0,interior
T097,L,1075,T004,158,0,mapped,-18.3430275745314,26.066208101937725,-14.345960270983108,1,0.0,0.0,interior
T097,L,1076,T004,159,0,mapped,-17.661780141968567,25.956698835413384,-14.664122376834504,1,0.0,0.0,interior
T097,L,1077,T004,160,0,mapped,-17.048902586630092,25.856693964398957,-14.996276915119713,1,0.0,0.0,interior
T097,L,1078,T004,161,0,mapped,-16.292850687651082,25.951804671932337,-15.387220081048637,1,0.0,0.0,interior
T097,L,1079,T004,162,0,mapped,-15.60739342948107,25.860362696035118,-15.800271169015039,1,0.0,0.0,interior
T097,L,1080,T004,163,0,mapped,-15.027442509901789,25.770025943838576,-16.116733232199145,1,0.0,0.0,interior
T097,L,1081,T004,164,0,mapped,-14.36867884058945,25.835078489557013,-16.422682447469096,1,0.0,0.0,interior
T097,L,1082,T004,165,0,mapped,-13.705063277574837,25.945127839379957,-16.68843904865913,1,0.0,0.0,interior
T097,L,1083,T004,166,0,mapped,-13.115648961761405,26.173849042747406,-16.99116043959605,1,0.0,0.0,interior
T097,L,1084,T004,167,0,mapped,-12.618427662122501,26.26974316777969,-17.196414743340853,1,0.0,0.0,interior
T097,L,1085,T004,168,0,mapped,-12.075745687161245,26.612964851211544,-17.57013364915872,1,0.0,0.0,interior
T097,L,1086,T004,169,0,mapped,-11.539752622481064,26.948171064625672,-17.94917565815858,1,0.0,0.0,interior
T097,L,1087,T004,170,0,mapped,-10.978640736647174,27.299403017245954,-18.329236320760756,1,0.0,0.0,interior
T097,L,1088,T004,171,0,mapped,-10.542790997346458,27.68389895845189,-18.724134690393836,1,0.0,0.0,interior
T097,L,1089,T004,173,0,mapped,-20.156661205434286,26.144083579883763,-14.055080248195368,1,0.0,0.0,interior
T097,L,1090,T004,174,0,mapped,-19.314061977250304,26.09134135323591,-14.154602095394369,1,0.0,0.0,interior
T097,L,1091,T004,175,0,mapped,-18.480056094676144,25.89794080758232,-14.401199598361114,1,0.0,0.0,interior
T097,L,1092,T004,176,0,mapped,-17.814145894202134,25.782435099983104,-14.691179460254466,1,0.0,0.0,interior
T097,L,1093,T004,177,0,mapped,-17.13220792056454,25.7480504990547,-14.985572515132404,1,0.0,0.0,interior
T097,L,1094,T004,178,0,mapped,-16.438549814822117,25.747814412945015,-15.385022171967169,1,0.0,0.0,interior
T097,L,1095,T004,179,0,mapped,-15.735813401502593,25.596414113112246,-15.776188166904811,1,0.0,0.0,interior
T097,L,1096,T004,180,0,mapped,-15.134681561979875,25.598284545510907,-16.074006317162628,1,0.0,0.0,interior
T097,L,1097,T004,181,0,mapped,-14.468459672912967,25.62574638845814,-16.33778350263369,1,0.0,0.0,interior
T097,L,1098,T004,182,0,mapped,-13.799774118914632,25.733383739266507,-16.554957660914692,1,0.0,0.0,interior
T097,L,1099,T004,183,0,mapped,-13.27863858407925,25.88992360907669,-16.77460382997407,1,0.0,0.0,interior
T097,L,1100,T004,184,0,mapped,-12.714140204401836,26.05558063418212,-17.008430981462617,1,0.0,0.0,interior
T097,L,1101,T004,185,0,mapped,-12.015953040666888,26.328125544264736,-17.336144128879685,1,0.0,0.0,interior
T097,L,1102,T004,186,0,mapped,-11.571293946919056,26.698537847239372,-17.713339706825245,1,0.0,0.0,interior
T097,L,1103,T004,187,0,mapped,-10.958840193766196,27.066070900108997,-18.093821274027665,1,0.0,0.0,interior
T097,L,1104,T004,188,0,mapped,-10.567967684569389,27.39018210542373,-18.38968048872782,1,0.0,0.0,interior
T097,L,1105,T004,190,0,mapped,-19.43570677637596,25.89693451089298,-14.235057833062825,1,0.0,0.0,interior
T097,L,1106,T004,191,0,mapped,-18.6395401171608,25.750315526085956,-14.443696287343183,1,0.0,0.0,interior
T097,L,1107,T004,192,0,mapped,-18.009404724845,25.641724641284167,-14.661256847795169,1,0.0,0.0,interior
T097,L,1108,T004,193,0,mapped,-17.23073291357722,25.59944442045767,-14.983014598665006,1,0.0,0.0,interior
T097,L,1109,T004,194,0,mapped,-16.553154596797498,25.497963933874193,-15.406512559841465,1,0.0,0.0,interior
T097,L,1110,T004,195,0,mapped,-15.874812692516132,25.420587719326257,-15.72413930598071,1,0.0,0.0,interior
T097,L,1111,T004,196,0,mapped,-15.230968807989967,25.377322282952125,-16.00360547112881,1,0.0,0.0,interior
T097,L,1112,T004,197,0,mapped,-14.578088257956962,25.423571691672528,-16.25224085356469,1,0.0,0.0,interior
T097,L,1113,T004,198,0,mapped,-13.897633074578284,25.544667722698097,-16.445517669512263,1,0.0,0.0,interior
T097,L,1114,T004,199,0,mapped,-13.29585474192729,25.69035635594356,-16.632612800979963,1,0.0,0.0,interior
T097,L,1115,T004,200,0,mapped,-12.733770132645079,25.83777777412125,-16.817097011463467,1,0.0,0.0,interior
T097,L,1116,T004,201,0,mapped,-12.120466600880267,26.09649469667721,-17.105311860415952,1,0.0,0.0,interior
T097,L,1117,T004,202,0,mapped,-11.597202087709682,26.36678964917713,-17.365742280710755,1,0.0,0.0,interior
T097,L,1118,T004,203,0,mapped,-11.104987038740356,26.6860599637767,-17.665624608828846,1,0.0,0.0,interior
T097,L,1119,T004,204,0,mapped,-10.594266673848125,27.087376156151798,-18.06398309033518,1,0.0,0.0,interior
T097,L,1120,T004,206,0,mapped,-18.80491500658376,25.608957676100513,-14.454185205995211,1,0.0,0.0,interior
T097,L,1121,T004,207,0,mapped,-18.16135980018068,25.480995835712662,-14.642667056871323,1,0.0,0.0,interior
T097,L,1122,T004,208,0,mapped,-17.332763022740362,25.344502518379755,-14.970917320159648,1,0.0,0.0,interior
T097,L,1123,T004,209,0,mapped,-16.70490106114709,25.3850066056271,-15.349525631811956,1,0.0,0.0,interior
T097,L,1124,T004,210,0,mapped,-15.990579232927722,25.27371275882271,-15.677282117398244,1,0.0,0.0,interior
T097,L,1125,T004,211,0,mapped,-15.326079996959802,25.198058003264222,-15.942976138418784,1,0.0,0.0,interior
T097,L,1126,T004,212,0,mapped,-14.67212617157611,25.26229510063768,-16.16203118054667,1,0.0,0.0,interior
T097,L,1127,T004,213,0,mapped,-14.003120263640579,25.403658332259056,-16.35409887457882,1,0.0,0.0,interior
T097,L,1128,T004,214,0,mapped,-13.384385868363259,25.47503605618974,-16.48225213255247,1,0.0,0.0,interior
T097,L,1129,T004,215,0,mapped,-12.785058763959745,25.652160852469926,-16.651385862316893,1,0.0,0.0,interior
T097,L,1130,T004,216,0,mapped,-12.178376037768313,25.901710442904594,-16.898430767699764,1,0.0,0.0,interior
T097,L,1131,T004,217,0,mapped,-11.626370574027337,26.080327129409604,-17.054271720008,1,0.0,0.0,interior
T097,L,1132,T004,218,0,mapped,-11.16954470333339,26.440609874122995,-17.396458032901652,1,0.0,0.0,interior
T097,L,1133,T004,219,0,mapped,-10.619806706793007,26.79067032499149,-17.732089773318265,1,0.0,0.0,interior
T097,L,1134,T004,221,0,mapped,-18.25520504478159,25.361441108092343,-14.626691532774315,1,0.0,0.0,interior
T097,L,1135,T004,222,0,mapped,-17.463298224867486,25.21419992212571,-14.92584453987294,1,0.0,0.0,interior
T097,L,1136,T004,223,0,mapped,-16.84948621694299,25.23898886630349,-15.285004681323734,1,0.0,0.0,interior
T097,L,1137,T004,224,0,mapped,-16.076050521970313,25.091034597607283,-15.614785227405712,1,0.0,0.0,interior
T097,L,1138,T004,225,0,mapped,-15.40313816621811,25.035691800387777,-15.889120402750907,1,0.0,0.0,interior
T097,L,1139,T004,226,0,mapped,-14.71908751474355,25.060349859771886,-16.061444316597875,1,0.0,0.0,interior
T097,L,1140,T004,227,0,mapped,-14.032208729588124,25.170557184327954,-16.225539637249906,1,0.0,0.0,interior
T097,L,1141,T004,228,0,mapped,-13.48834481765598,25.333566673983754,-16.356049479141298,1,0.0,0.0,interior
T097,L,1142,T004,229,0,mapped,-12.804276683918927,25.44248871265156,-16.470136202427543,1,0.0,0.0,interior
T097,L,1143,T004,230,0,mapped,-12.288748219171243,25.59194874055569,-16.561170788927573,1,0.0,0.0,interior
T097,L,1144,T004,231,0,mapped,-11.664653010156076,25.92715707072115,-16.875836088814893,1,0.0,0.0,interior
T097,L,1145,T004,232,0,mapped,-11.172422149856516,26.194051915101724,-17.087675149895066,1,0.0,0.0,interior
T097,L,1146,T004,233,0,mapped,-10.640612481399423,26.535856070620973,-17.384243684949503,1,0.0,0.0,interior
T097,L,1147,T004,235,0,mapped,-17.625657503620943,25.128365754234277,-14.872607179862575,1,0.0,0.0,interior
T097,L,1148,T004,236,0,mapped,-16.96152003892643,25.010842857616865,-15.203423575253119,1,0.0,0.0,interior
T097,L,1149,T004,237,0,mapped,-16.14426802824805,24.970757601110602,-15.564318393946278,1,0.0,0.0,interior
T097,L,1150,T004,238,0,mapped,-15.470838013798812,24.87726538522023,-15.821275360258744,1,0.0,0.0,interior
T097,L,1151,T004,239,0,mapped,-14.73679951165233,24.883249058646403,-15.990617873754736,1,0.0,0.0,interior
T097,L,1152,T004,240,0,mapped,-14.058490917673296,24.955430627197238,-16.079100261038906,1,0.0,0.0,interior
T097,L,1153,T004,241,0,mapped,-13.535493453835759,25.17407618020944,-16.23976225695862,1,0.0,0.0,interior
T097,L,1154,T004,242,0,mapped,-12.885923232016633,25.270525673954957,-16.31992399214775,1,0.0,0.0,interior
T097,L,1155,T004,243,0,mapped,-12.33861197683383,25.412799293175233,-16.38370653546526,1,0.0,0.0,interior
T097,L,1156,T004,244,0,mapped,-11.694177438867566,25.65714794109527,-16.55844575001727,1,0.0,0.0,interior
T097,L,1157,T004,245,0,mapped,-11.158288790460682,25.962362225057376,-16.776990199612722,1,0.0,0.0,interior
T097,L,1158,T004,246,0,mapped,-10.68016008724289,26.271514123858033,-17.03144739253015,1,0.0,0.0,interior
T097,L,1159,T004,248,0,mapped,-17.0202898419773,24.762983907516016,-15.120262752207665,1,0.0,0.0,interior
T097,L,1160,T004,249,0,mapped,-16.256780722062764,24.770387782248733,-15.475296595479437,1,0.0,0.0,interior
T097,L,1161,T004,250,0,mapped,-15.530752519088724,24.721594316328797,-15.755985542960671,1,0.0,0.0,interior
T097,L,1162,T004,251,0,mapped,-14.797510344933208,24.710943966910342,-15.884046574528915,1,0.0,0.0,interior
T097,L,1163,T004,252,0,mapped,-14.162137970318984,24.82345413575209,-15.995919734662351,1,0.0,0.0,interior
T097,L,1164,T004,253,0,mapped,-13.620007021577829,24.948746513635854,-16.053422914564894,1,0.0,0.0,interior
T097,L,1165,T004,254,0,mapped,-12.892485153294373,25.07605363508648,-16.121365616660533,1,0.0,0.0,interior
T097,L,1166,T004,255,0,mapped,-12.329025756396035,25.235208819779878,-16.206250373562472,1,0.0,0.0,interior
T097,L,1167,T004,256,0,mapped,-11.760850893713467,25.424024423020064,-16.264124117569775,1,0.0,0.0,interior
T097,L,1168,T004,257,0,mapped,-11.182435298975875,25.701246238870596,-16.449155244648576,1,0.0,0.0,interior
T097,L,1169,T004,258,0,mapped,-10.684030495307972,26.008066913065083,-16.681777352613622,1,0.0,0.0,interior
T097,L,1170,T004,260,0,mapped,-16.361471430712083,24.60569343882755,-15.387929643299904,1,0.0,0.0,interior
T097,L,1171,T004,261,0,mapped,-15.61192598711095,24.52335178835341,-15.663330517703457,1,0.0,0.0,interior
T097,L,1172,T004,262,0,mapped,-14.91805868047999,24.487928076278152,-15.758350230174907,1,0.0,0.0,interior
T097,L,1173,T004,263,0,mapped,-14.15613921760708,24.650861907050192,-15.86111738290386,1,0.0,0.0,interior
T097,L,1174,T004,264,0,mapped,-13.57503564019509,24.694193968775057,-15.828298042337414,1,0.0,0.0,interior
T097,L,1175,T004,265,0,mapped,-12.87868917435938,24.85630900193808,-15.901566439760016,1,0.0,0.0,interior
T097,L,1176,T004,266,0,mapped,-12.389762927347606,25.01467984760953,-15.973282016948033,1,0.0,0.0,interior
T097,L,1177,T004,267,0,mapped,-11.844604061493182,25.225251761560628,-16.057743557397743,1,0.0,0.0,interior
T097,L,1178,T004,268,0,mapped,-11.237842519113512,25.474619774394597,-16.171894166066775,1,0.0,0.0,interior
T097,L,1179,T004,269,0,mapped,-10.713628306171701,25.717275137914022,-16.345127753863334,1,0.0,0.0,interior
T097,L,1180,T004,271,0,mapped,-15.667276208522768,24.394935646025452,-15.598100459548931,1,0.0,0.0,interior
T097,L,1181,T004,272,0,mapped,-14.905768676964385,24.386128671145563,-15.685894704986884,1,0.0,0.0,interior
T097,L,1182,T004,273,0,mapped,-14.188537617716488,24.458900764224165,-15.709808297434844,1,0.0,0.0,interior
T097,L,1183,T004,274,0,mapped,-13.647271064745413,24.46281442871539,-15.605452392755499,1,0.0,0.0,interior
T097,L,1184,T004,275,0,mapped,-12.953978284184586,24.62957818286803,-15.672606309957796,1,0.0,0.0,interior
T097,L,1185,T004,276,0,mapped,-12.37449674774732,24.798490935212527,-15.728945695242379,1,0.0,0.0,interior
T097,L,1186,T004,277,0,mapped,-11.838496270868907,24.99899939502948,-15.796617195742,1,0.0,0.0,interior
T097,L,1187,T004,278,0,mapped,-11.233769199046558,25.212047290858695,-15.89256526042634,1,0.0,0.0,interior
T097,L,1188,T004,279,0,mapped,-10.733477287341037,25.428177902182828,-16.006992979193587,1,0.0,0.0,interior
T097,L,1189,T004,281,0,mapped,-14.963383647097249,24.256402108208558,-15.596552688528718,1,0.0,0.0,interior
T097,L,1190,T004,282,0,mapped,-14.274317207145717,24.229332067629286,-15.497847891162538,1,0.0,0.0,interior
T097,L,1191,T004,283,0,mapped,-13.674323639329263,24.320453599022102,-15.452905802279458,1,0.0,0.0,interior
T097,L,1192,T004,284,0,mapped,-13.056345941443341,24.4223557694474,-15.434365745481738,1,0.0,0.0,interior
T097,L,1193,T004,285,0,mapped,-12.438787980393448,24.592108913340866,-15.494476410414249,1,0.0,0.0,interior
T097,L,1194,T004,286,0,mapped,-11.894626012561757,24.717907615677674,-15.488512133360446,1,0.0,0.0,interior
T097,L,1195,T004,287,0,mapped,-11.194876201993749,24.983329058786037,-15.647508701638577,1,0.0,0.0,interior
T097,L,1196,T004,288,0,mapped,-10.762878475058214,25.100288781453507,-15.7057390950837,1,0.0,0.0,interior
T097,L,1197,T004,290,0,mapped,-14.283163865673496,24.096417567624535,-15.35237871695515,1,0.0,0.0,interior
T097,L,1198,T004,291,0,mapped,-13.635693435737878,24.167831535341083,-15.266523075335053,1,0.0,0.0,interior
T097,L,1199,T004,292,0,mapped,-13.021050726999373,24.271139725627737,-15.246679866470444,1,0.0,0.0,interior
T097,L,1200,T004,293,0,mapped,-12.446284451039986,24.39926588557642,-15.247123932964223,1,0.0,0.0,interior
T097,L,1201,T004,294,0,mapped,-11.97212102199261,24.48666193061291,-15.233853560465171,1,0.0,0.0,interior
T097,L,1202,T004,295,0,mapped,-11.315688563126706,24.588600406900376,-15.2851097640065,1,0.0,0.0,interior
T097,L,1203,T004,296,0,mapped,-10.792264546927527,24.772595762249097,-15.404802788668025,1,0.0,0.0,interior
T097,L,1204,T004,298,0,mapped,-13.610303968667811,24.063793874197977,-15.125248226407304,1,0.0,0.0,interior
T097,L,1205,T004,299,0,mapped,-13.026742251468288,24.145589534685655,-15.082687811100358,1,0.0,0.0,interior
T097,L,1206,T004,300,0,mapped,-12.418990035949335,24.220437959282005,-15.031756391188674,1,0.0,0.0,interior
T097,L,1207,T004,301,0,mapped,-11.938764227488685,24.28957429414423,-15.017110699510292,1,0.0,0.0,interior
T097,L,1208,T004,302,0,mapped,-11.353564280826127,24.352422470985502,-15.079093716043598,1,0.0,0.0,interior
T097,L,1209,T004,303,0,mapped,-10.82656191596229,24.406810640858364,-15.15213241778955,1,0.0,0.0,interior
T097,L,1210,T004,305,0,mapped,-13.055542276265461,23.963002446971185,-14.792810428429414,1,0.0,0.0,interior
T097,L,1211,T004,306,0,mapped,-12.466002668459025,23.993456708083716,-14.693635910264383,1,0.0,0.0,interior
T097,L,1212,T004,307,0,mapped,-11.87694150588127,24.05848827795862,-14.730466987617955,1,0.0,0.0,interior
T097,L,1213,T004,308,0,mapped,-11.366315720135228,24.053530602680425,-14.803459482841056,1,0.0,0.0,interior
T097,L,1214,T004,309,0,mapped,-10.860659941626727,24.043014909887468,-14.900123060424828,1,0.0,0.0,interior
T097,L,1215,T004,311,0,mapped,-12.43743173607853,23.84307920369219,-14.45382308829712,1,0.0,0.0,interior
T097,L,1216,T004,312,0,mapped,-11.903700941851742,23.865163345826588,-14.49284008270235,1,0.0,0.0,interior
T097,L,1217,T004,313,0,mapped,-11.396255901321153,23.817644463710444,-14.572415936728815,1,0.0,0.0,interior
T097,L,1218,T004,314,0,mapped,-10.881431834637562,23.68230517551916,-14.64113153393465,1,0.0,0.0,interior
T097,L,1219,T004,316,0,mapped,-11.797705228594099,23.60617204436238,-14.198231886364013,1,0.0,0.0,interior
T097,L,1220,T004,317,0,mapped,-11.400420678522707,23.491007861555044,-14.269033807894058,1,0.0,0.0,interior
T097,L,1221,T004,318,0,mapped,-10.931152174914558,23.29844772621527,-14.423596687624956,1,0.0,0.0,interior
T097,L,1222,T004,320,0,mapped,-11.366408061839914,23.177295455278543,-13.990987659266274,1,0.0,0.0,interior
T097,L,1223,T004,321,0,mapped,-10.96923960449439,22.905081582901644,-14.218899594666288,1,0.0,0.0,interior
T097,L,1224,T004,323,0,mapped,-11.004727140318813,22.53026348743802,-13.97909581103515,1,0.0,0.0,interior
T097,L,1225,T005,1,0,mapped,-22.802775040685002,28.972226303964753,-17.914223542394748,1,0.0,0.0,interior
T097,L,1226,T005,2,0,mapped,-23.158545673258388,28.697415716263862,-17.96366761006469,1,0.0,0.0,interior
T097,L,1227,T005,3,0,mapped,-23.43273985245215,28.57111766152792,-18.314065999203315,1,0.0,0.0,interior
T097,L,1228,T005,4,0,mapped,-23.712015499975863,28.39268351468335,-18.565076665341326,1,0.0,0.0,interior
T097,L,1229,T005,5,0,mapped,-24.021038916793525,28.049220042352225,-18.580915427924925,1,0.0,0.0,interior
T097,L,1230,T005,6,0,mapped,-24.295591325369088,27.845982732210942,-18.830801016248095,1,0.0,0.0,interior
T097,L,1231,T005,7,0,mapped,-24.574384391797096,27.599744745128096,-19.031720267631176,1,0.0,0.0,interior
T097,L,1232,T005,8,0,mapped,-24.847792481424307,27.287044435509188,-19.215217449161244,1,0.0,0.0,interior
T097,L,1233,T005,9,0,mapped,-25.13285081383831,27.066278135386945,-19.424652087230697,1,0.0,0.0,interior
T097,L,1234,T005,10,0,mapped,-25.404570598229178,26.729671437167468,-19.569925688645192,1,0.0,0.0,interior
T097,L,1235,T005,11,0,mapped,-25.67280049077705,26.378374850123905,-19.65750395225752,1,0.0,0.0,interior
T097,L,1236,T005,12,0,mapped,-25.935112528378045,26.009828643517793,-19.711384694455713,1,0.0,0.0,interior
T097,L,1237,T005,13,0,mapped,-26.20612820211126,25.684380263322428,-19.890779520748886,1,0.0,0.0,interior
T097,L,1238,T005,14,0,mapped,-26.43004904624928,25.287572498866652,-19.934757638611217,1,0.0,0.0,interior
T097,L,1239,T005,15,0,mapped,-26.658585306089496,24.94466168534691,-20.14424324758481,1,0.0,0.0,interior
T097,L,1240,T005,16,0,mapped,-26.86431933028462,24.591040978181127,-20.345520361445672,1,0.0,0.0,interior
T097,L,1241,T005,17,0,mapped,-27.03780683921327,24.2158550958737,-20.506401432222003,1,0.0,0.0,interior
T097,L,1242,T005,18,0,mapped,-27.19081293713498,23.792773327805705,-20.587174114852733,1,0.0,0.0,interior
T097,L,1243,T005,19,0,mapped,-27.342529855139453,23.356472314615555,-20.610076844884645,1,0.0,0.0,interior
T097,L,1244,T005,20,0,mapped,-27.501122761403938,22.92270290831352,-20.632754007643467,1,0.0,0.0,interior
T097,L,1245,T005,21,0,mapped,-27.69513969200538,22.55420133212756,-20.814963314397694,1,0.0,0.0,interior
T097,L,1246,T005,22,0,mapped,-27.942501703743925,22.22186560784611,-21.015517074692802,1,0.0,0.0,interior
T097,L,1247,T005,23,0,mapped,-28.18377243872395,21.877401203020664,-21.11217164469769,1,0.0,0.0,interior
T097,L,1248,T009,324,-1,landmark_vertex,-28.532876829691048,21.603173364626336,-21.232364268398086,4,0.0,0.0,landmark
T097,L,1249,T005,26,0,mapped,-23.065673582817276,28.672578004847328,-17.76511009995748,1,0.0,0.0,interior
T097,L,1250,T005,27,0,mapped,-23.26852337311848,28.498572352086654,-17.851667762056742,1,0.0,0.0,interior
T097,L,1251,T005,28,0,mapped,-23.53900109184408,28.333680286209812,-18.096019865768653,1,0.0,0.0,interior
T097,L,1252,T005,29,0,mapped,-23.81866541012407,28.057288398128037,-18.189445997551985,1,0.0,0.0,interior
T097,L,1253,T005,30,0,mapped,-24.14898300426773,27.751963620909578,-18.340115111365662,1,0.0,0.0,interior
T097,L,1254,T005,31,0,mapped,-24.44207912672532,27.480850961362485,-18.513923874327254,1,0.0,0.0,interior
T097,L,1255,T005,32,0,mapped,-24.691105524601298,27.277534966096653,-18.721027910682313,1,0.0,0.0,interior
T097,L,1256,T005,33,0,mapped,-24.924883950119828,27.027137678138516,-18.887180563651057,1,0.0,0.0,interior
T097,L,1257,T005,34,0,mapped,-25.1658238557473,26.718846376978917,-19.027015221429174,1,0.0,0.0,interior
T097,L,1258,T005,35,0,mapped,-25.445293549571364,26.335189708577317,-19.171734857544863,1,0.0,0.0,interior
T097,L,1259,T005,36,0,mapped,-25.69648683906736,26.005242354405922,-19.262773869479993,1,0.0,0.0,interior
T097,L,1260,T005,37,0,mapped,-25.990004975532024,25.658015336364638,-19.4064470016882,1,0.0,0.0,interior
T097,L,1261,T005,38,0,mapped,-26.24486152694034,25.2924291217372,-19.542409593834947,1,0.0,0.0,interior
T097,L,1262,T005,39,0,mapped,-26.47411048375627,24.96054631178415,-19.71440874577123,1,0.0,0.0,interior
T097,L,1263,T005,40,0,mapped,-26.67605786439232,24.61172351786996,-19.87210071806468,1,0.0,0.0,interior
T097,L,1264,T005,41,0,mapped,-26.91142994491216,24.150001316373988,-20.00015531397015,1,0.0,0.0,interior
T097,L,1265,T005,42,0,mapped,-27.043840220314024,23.818257793815334,-20.116842661962405,1,0.0,0.0,interior
T097,L,1266,T005,43,0,mapped,-27.21023245879183,23.39467642174445,-20.234373562669685,1,0.0,0.0,interior
T097,L,1267,T005,44,0,mapped,-27.37515089781479,22.99393628275405,-20.32317675612922,1,0.0,0.0,interior
T097,L,1268,T005,45,0,mapped,-27.528588881284804,22.633260118176878,-20.49615676621891,1,0.0,0.0,interior
T097,L,1269,T005,46,0,mapped,-27.685811652335456,22.250176219705715,-20.629063471577314,1,0.0,0.0,interior
T097,L,1270,T005,47,0,mapped,-27.911986776046618,21.897362346559873,-20.823192800492123,1,0.0,0.0,interior
T097,L,1271,T005,48,0,mapped,-28.184237268392675,21.550632150418764,-20.965853907469587,2,0.4868887883801526,0.2434443941900763,shared_edge
T097,L,1272,T005,50,0,mapped,-23.142547959189503,28.450120943253346,-17.54898294056792,1,0.0,0.0,interior
T097,L,1273,T005,51,0,mapped,-23.419693912805176,28.221181519484606,-17.63992406429264,1,0.0,0.0,interior
T097,L,1274,T005,52,0,mapped,-23.726479557247664,27.95663059014523,-17.79636057081175,1,0.0,0.0,interior
T097,L,1275,T005,53,0,mapped,-23.983819604053778,27.746418820355707,-17.976285996857598,1,0.0,0.0,interior
T097,L,1276,T005,54,0,mapped,-24.247066914906313,27.472094126712104,-18.114455532554373,1,0.0,0.0,interior
T097,L,1277,T005,55,0,mapped,-24.499808283885578,27.195400595814586,-18.28270295491325,1,0.0,0.0,interior
T097,L,1278,T005,56,0,mapped,-24.79082049766356,26.934748982690564,-18.436252211973333,1,0.0,0.0,interior
T097,L,1279,T005,57,0,mapped,-24.999769100075596,26.697699393844104,-18.54022529553916,1,0.0,0.0,interior
T097,L,1280,T005,58,0,mapped,-25.246990890319637,26.398371213264447,-18.696329720925743,1,0.0,0.0,interior
T097,L,1281,T005,59,0,mapped,-25.524446903174933,25.966964192956315,-18.797486459370496,1,0.0,0.0,interior
T097,L,1282,T005,60,0,mapped,-25.7838196141859,25.617866532928183,-18.953887876929603,1,0.0,0.0,interior
T097,L,1283,T005,61,0,mapped,-26.051499242097467,25.224731812025286,-19.060124215918304,1,0.0,0.0,interior
T097,L,1284,T005,62,0,mapped,-26.31899856296332,24.850974701019304,-19.24521689858809,1,0.0,0.0,interior
T097,L,1285,T005,63,0,mapped,-26.518938615468702,24.53128847617999,-19.362085455695727,1,0.0,0.0,interior
T097,L,1286,T005,64,0,mapped,-26.715225110498565,24.186299409658844,-19.504505718135793,1,0.0,0.0,interior
T097,L,1287,T005,65,0,mapped,-26.924260034084377,23.770559992642266,-19.700966010415858,1,0.0,0.0,interior
T097,L,1288,T005,66,0,mapped,-27.089019394345108,23.413537436525395,-19.83966900881073,1,0.0,0.0,interior
T097,L,1289,T005,67,0,mapped,-27.236056918667686,23.035603787659095,-19.945603321546418,1,0.0,0.0,interior
T097,L,1290,T005,68,0,mapped,-27.408219299732185,22.623535110924504,-20.10967411160116,1,0.0,0.0,interior
T097,L,1291,T005,69,0,mapped,-27.53195727147638,22.33566200011756,-20.288724518078666,1,0.0,0.0,interior
T097,L,1292,T005,70,0,mapped,-27.695958053490173,21.96063464294921,-20.463386862732847,1,0.0,0.0,interior
T097,L,1293,T005,71,0,mapped,-27.888738306392824,21.62997906116253,-20.65410707965759,2,9.930136612989092e-16,4.965068306494546e-16,shared_edge
T097,L,1294,T005,73,0,mapped,-23.258865867258436,28.21373480840809,-17.316680297839167,1,0.0,0.0,interior
T097,L,1295,T005,74,0,mapped,-23.50494219566347,28.01297399572342,-17.4282542048506,1,0.0,0.0,interior
T097,L,1296,T005,75,0,mapped,-23.777332446451485,27.75232941415515,-17.55022566636814,1,0.0,0.0,interior
T097,L,1297,T005,76,0,mapped,-24.03762017973917,27.4528402751777,-17.623679415718726,1,0.0,0.0,interior
T097,L,1298,T005,77,0,mapped,-24.329633842937255,27.14836752729272,-17.809995560623634,1,0.0,0.0,interior
T097,L,1299,T005,78,0,mapped,-24.59240291419633,26.872923698892585,-18.01128148484553,1,0.0,0.0,interior
T097,L,1300,T005,79,0,mapped,-24.80758064931417,26.60388791416163,-18.098229302551157,1,0.0,0.0,interior
T097,L,1301,T005,80,0,mapped,-25.061131452233568,26.290407416628717,-18.233417392430482,1,0.0,0.0,interior
T097,L,1302,T005,81,0,mapped,-25.253203615037187,25.998517832609817,-18.33561745428236,1,0.0,0.0,interior
T097,L,1303,T005,82,0,mapped,-25.59383005034775,25.551057537780792,-18.492685363132185,1,0.0,0.0,interior
T097,L,1304,T005,83,0,mapped,-25.845004836865165,25.203423368230972,-18.69018658963458,1,0.0,0.0,interior
T097,L,1305,T005,84,0,mapped,-26.098033668085357,24.811478002713507,-18.859794850087045,1,0.0,0.0,interior
T097,L,1306,T005,85,0,mapped,-26.354621380166712,24.440041060428253,-18.9512603855121,1,0.0,0.0,interior
T097,L,1307,T005,86,0,mapped,-26.55968988777992,24.107141146027832,-19.05685877128583,1,0.0,0.0,interior
T097,L,1308,T005,87,0,mapped,-26.76048174197681,23.7807322732669,-19.235019361769453,1,0.0,0.0,interior
T097,L,1309,T005,88,0,mapped,-26.90032753391332,23.432093368716632,-19.39146929890192,1,0.0,0.0,interior
T097,L,1310,T005,89,0,mapped,-27.093706915739844,23.100009957723238,-19.58139164758309,1,0.0,0.0,interior
T097,L,1311,T005,90,0,mapped,-27.266548332314468,22.684795301014216,-19.75131594843998,1,0.0,0.0,interior
T097,L,1312,T005,91,0,mapped,-27.420536523937695,22.359431874903194,-19.926220242049528,1,0.0,0.0,interior
T097,L,1313,T005,92,0,mapped,-27.5351337048969,22.00736073783145,-20.092015847956517,1,0.0,0.0,interior
T097,L,1314,T005,93,0,mapped,-27.69425894159442,21.644285610500276,-20.27045020040275,2,0.0,0.0,shared_edge
T097,L,1315,T005,95,0,mapped,-23.354628745510823,27.9878312093595,-17.071630249684528,1,0.0,0.0,interior
T097,L,1316,T005,96,0,mapped,-23.568330481761624,27.775064872660742,-17.148447663364298,1,0.0,0.0,interior
T097,L,1317,T005,97,0,mapped,-23.822662452678873,27.495699331273183,-17.27623569443516,1,0.0,0.0,interior
T097,L,1318,T005,98,0,mapped,-24.081506478205526,27.22837206607249,-17.433479724717014,1,0.0,0.0,interior
T097,L,1319,T005,99,0,mapped,-24.39133983719742,26.86514569455396,-17.60486828384273,1,0.0,0.0,interior
T097,L,1320,T005,100,0,mapped,-24.64068863440818,26.539009391163006,-17.763912000939936,1,0.0,0.0,interior
T097,L,1321,T005,101,0,mapped,-24.839142488899974,26.22340389963665,-17.807856668762028,1,0.0,0.0,interior
T097,L,1322,T005,102,0,mapped,-25.05718800664752,25.96406654650156,-17.92274057229219,1,0.0,0.0,interior
T097,L,1323,T005,103,0,mapped,-25.31005009079973,25.612036610995574,-18.01829029584691,1,0.0,0.0,interior
T097,L,1324,T005,104,0,mapped,-25.564829864802064,25.283574601425606,-18.142672259913674,1,0.0,0.0,interior
T097,L,1325,T005,105,0,mapped,-25.8821217791969,24.85503492220715,-18.34954129935393,1,0.0,0.0,interior
T097,L,1326,T005,106,0,mapped,-26.114157821710315,24.465295224620036,-18.522217418242032,1,0.0,0.0,interior
T097,L,1327,T005,107,0,mapped,-26.32830400252284,24.11235067974098,-18.64561960739148,1,0.0,0.0,interior
T097,L,1328,T005,108,0,mapped,-26.5626436532199,23.715074754117836,-18.795275800236585,1,0.0,0.0,interior
T097,L,1329,T005,109,0,mapped,-26.75428711872,23.413242865139484,-18.957408099638926,1,0.0,0.0,interior
T097,L,1330,T005,110,0,mapped,-26.959821358064385,23.073703136551583,-19.193960493491968,1,0.0,0.0,interior
T097,L,1331,T005,111,0,mapped,-27.118731294711807,22.704346600532055,-19.34538139473853,1,0.0,0.0,interior
T097,L,1332,T005,112,0,mapped,-27.30302992415816,22.375485702287094,-19.52508310766099,1,0.0,0.0,interior
T097,L,1333,T005,113,0,mapped,-27.4432569354071,22.04563966707018,-19.67666191022184,1,0.0,0.0,interior
T097,L,1334,T005,114,0,mapped,-27.570847658475042,21.624840422879778,-19.847330894086028,2,1.2560739669470201e-15,6.280369834735102e-16,shared_edge
T097,L,1335,T005,116,0,mapped,-23.39629020267917,27.79598067773683,-16.80108991488426,1,0.0,0.0,interior
T097,L,1336,T005,117,0,mapped,-23.64120892994479,27.46725143236671,-16.834300533996892,1,0.0,0.0,interior
T097,L,1337,T005,118,0,mapped,-23.86721857540442,27.242969556714883,-17.026298918341233,1,0.0,0.0,interior
T097,L,1338,T005,119,0,mapped,-24.103284596080776,26.91385874626288,-17.144068694852862,1,0.0,0.0,interior
T097,L,1339,T005,120,0,mapped,-24.373565179450978,26.603167734492118,-17.333451753237224,1,0.0,0.0,interior
T097,L,1340,T005,121,0,mapped,-24.621456459751325,26.220483721870192,-17.408513558624595,1,0.0,0.0,interior
T097,L,1341,T005,122,0,mapped,-24.82347821246015,25.89452877722783,-17.482432575590472,1,0.0,0.0,interior
T097,L,1342,T005,123,0,mapped,-25.1059486830834,25.582912402705873,-17.678810695185234,1,0.0,0.0,interior
T097,L,1343,T005,124,0,mapped,-25.385742152650117,25.254062485902395,-17.87273664145635,1,0.0,0.0,interior
T097,L,1344,T005,125,0,mapped,-25.617839920348857,24.859908136309542,-17.94360093621868,1,0.0,0.0,interior
T097,L,1345,T005,126,0,mapped,-25.88476687323891,24.562886602762084,-18.13525059383609,1,0.0,0.0,interior
T097,L,1346,T005,127,0,mapped,-26.090731933983392,24.13650879202818,-18.23765894372056,1,0.0,0.0,interior
T097,L,1347,T005,128,0,mapped,-26.298356528939767,23.74926122590835,-18.375727936487863,1,0.0,0.0,interior
T097,L,1348,T005,129,0,mapped,-26.5402762787168,23.400883947531902,-18.569648905544792,1,0.0,0.0,interior
T097,L,1349,T005,130,0,mapped,-26.78489373323076,23.03503449297105,-18.760874989118403,1,0.0,0.0,interior
T097,L,1350,T005,131,0,mapped,-26.972668167194698,22.678207106377624,-18.937512242131106,1,0.0,0.0,interior
T097,L,1351,T005,132,0,mapped,-27.10981543401202,22.353692200341243,-19.062994609873815,1,0.0,0.0,interior
T097,L,1352,T005,133,0,mapped,-27.332430983730656,22.04375231768025,-19.280138573370408,1,0.0,0.0,interior
T097,L,1353,T005,134,0,mapped,-27.463289381557892,21.72018721068756,-19.438712704584155,2,5.3290705182007506e-15,2.664535259100376e-15,shared_edge
T097,L,1354,T005,136,0,mapped,-23.404772282168256,27.58442117204906,-16.45873654680216,1,0.0,0.0,interior
T097,L,1355,T005,137,0,mapped,-23.675596617777643,27.216159871294657,-16.596422379843617,1,0.0,0.0,interior
T097,L,1356,T005,138,0,mapped,-23.896985882747227,26.887696931050318,-16.69417262630705,1,0.0,0.0,interior
T097,L,1357,T005,139,0,mapped,-24.140128846499216,26.55490308637657,-16.842955968131402,1,0.0,0.0,interior
T097,L,1358,T005,140,0,mapped,-24.391453488493607,26.246534532286418,-17.026301935015358,1,0.0,0.0,interior
T097,L,1359,T005,141,0,mapped,-24.6160008806018,25.87951249790882,-17.078678670201686,1,0.0,0.0,interior
T097,L,1360,T005,142,0,mapped,-24.85044054164849,25.57628599188026,-17.259126296788757,1,0.0,0.0,interior
T097,L,1361,T005,143,0,mapped,-25.095272537051912,25.192884673414774,-17.382468324429606,1,0.0,0.0,interior
T097,L,1362,T005,144,0,mapped,-25.347290386190053,24.89980044460699,-17.548666543814075,1,0.0,0.0,interior
T097,L,1363,T005,145,0,mapped,-25.59982907905515,24.49057712469864,-17.67968661078425,1,0.0,0.0,interior
T097,L,1364,T005,146,0,mapped,-25.847253391683168,24.171901897312168,-17.86371806715127,1,0.0,0.0,interior
T097,L,1365,T005,147,0,mapped,-26.061989464393207,23.753786518147045,-17.964578327443558,1,0.0,0.0,interior
T097,L,1366,T005,148,0,mapped,-26.299144914892896,23.424406129398463,-18.18113878110289,1,0.0,0.0,interior
T097,L,1367,T005,149,0,mapped,-26.51863113691757,23.073687185587936,-18.383524381734482,1,0.0,0.0,interior
T097,L,1368,T005,150,0,mapped,-26.77115151302749,22.650306462256946,-18.508665648826792,1,0.0,0.0,interior
T097,L,1369,T005,151,0,mapped,-26.968097325666225,22.380426237944782,-18.718251468155344,1,0.0,0.0,interior
T097,L,1370,T005,152,0,mapped,-27.142545525889123,22.05519540795754,-18.861998805893844,1,0.0,0.0,interior
T097,L,1371,T005,153,0,mapped,-27.323152279855314,21.75455231473992,-19.03108615684299,2,4.440892098500626e-16,2.220446049250313e-16,shared_edge
T097,L,1372,T005,155,0,mapped,-23.413712506618985,27.287490268136814,-16.128320773176448,1,0.0,0.0,interior
T097,L,1373,T005,156,0,mapped,-23.667240762209527,26.94450210321874,-16.309501147655936,1,0.0,0.0,interior
T097,L,1374,T005,157,0,mapped,-23.896327334864203,26.56455066301485,-16.430164051654042,1,0.0,0.0,interior
T097,L,1375,T005,158,0,mapped,-24.147511573338257,26.222792716372666,-16.562407777470447,1,0.0,0.0,interior
T097,L,1376,T005,159,0,mapped,-24.363289983578056,25.89892528252105,-16.675234491154555,1,0.0,0.0,interior
T097,L,1377,T005,160,0,mapped,-24.60870148863075,25.58873472957592,-16.873620617620652,1,0.0,0.0,interior
T097,L,1378,T005,161,0,mapped,-24.863811376323632,25.169411446625016,-16.988845257133793,1,0.0,0.0,interior
T097,L,1379,T005,162,0,mapped,-25.076398015980995,24.849844958068445,-17.120513533542123,1,0.0,0.0,interior
T097,L,1380,T005,163,0,mapped,-25.338026416153532,24.46737683260544,-17.29629763228955,1,0.0,0.0,interior
T097,L,1381,T005,164,0,mapped,-25.592165831481303,24.09210685305163,-17.442948347050148,1,0.0,0.0,interior
T097,L,1382,T005,165,0,mapped,-25.811320521856565,23.805684995627477,-17.614212092038407,1,0.0,0.0,interior
T097,L,1383,T005,166,0,mapped,-26.053672258398954,23.417551016465964,-17.78009794504219,1,0.0,0.0,interior
T097,L,1384,T005,167,0,mapped,-26.290351328897145,23.060899919237063,-17.982019601338955,1,0.0,0.0,interior
T097,L,1385,T005,168,0,mapped,-26.514196572277875,22.71568017953773,-18.129252688285227,1,0.0,0.0,interior
T097,L,1386,T005,169,0,mapped,-26.718819943462655,22.384230493484957,-18.313540603181465,1,0.0,0.0,interior
T097,L,1387,T005,170,0,mapped,-26.935304518883402,22.02925622931155,-18.48225541035219,1,0.0,0.0,interior
T097,L,1388,T005,171,0,mapped,-27.139076480462556,21.711452311030293,-18.63075933847914,2,2.3914935841127266e-15,1.1957467920563633e-15,shared_edge
T097,L,1389,T005,173,0,mapped,-23.437164133031608,26.985553060817217,-15.859025115374433,1,0.0,0.0,interior
T097,L,1390,T005,174,0,mapped,-23.691066924811295,26.60173407279591,-16.078052273316832,1,0.0,0.0,interior
T097,L,1391,T005,175,0,mapped,-23.886806932067245,26.229871621642644,-16.164982680250482,1,0.0,0.0,interior
T097,L,1392,T005,176,0,mapped,-24.14161665109711,25.86386406809529,-16.319654227084705,1,0.0,0.0,interior
T097,L,1393,T005,177,0,mapped,-24.36360906247259,25.51382114508973,-16.45067612808546,1,0.0,0.0,interior
T097,L,1394,T005,178,0,mapped,-24.57982922253408,25.229019079512426,-16.618541175680928,1,0.0,0.0,interior
T097,L,1395,T005,179,0,mapped,-24.80710822409035,24.891439242604942,-16.762386629171647,1,0.0,0.0,interior
T097,L,1396,T005,180,0,mapped,-25.06952474553208,24.45200861879077,-16.919241286293545,1,0.0,0.0,interior
T097,L,1397,T005,181,0,mapped,-25.274497569492265,24.114490886086536,-17.040837996606157,1,0.0,0.0,interior
T097,L,1398,T005,182,0,mapped,-25.532110000638582,23.789575074433753,-17.21990856485952,1,0.0,0.0,interior
T097,L,1399,T005,183,0,mapped,-25.818835813625956,23.381363628765467,-17.422261296344793,1,0.0,0.0,interior
T097,L,1400,T005,184,0,mapped,-26.009356104264292,23.056573817511513,-17.505952274939503,1,0.0,0.0,interior
T097,L,1401,T005,185,0,mapped,-26.259888750683224,22.703016604187024,-17.68602392691001,1,0.0,0.0,interior
T097,L,1402,T005,186,0,mapped,-26.507483821915706,22.358800768690266,-17.876081642914052,1,0.0,0.0,interior
T097,L,1403,T005,187,0,mapped,-26.70858821858484,21.985220061802252,-18.05221422279037,1,0.0,0.0,interior
T097,L,1404,T005,188,0,mapped,-26.91952980337203,21.667955130236134,-18.248270173476104,2,1.3322676295501878e-15,6.661338147750939e-16,shared_edge
T097,L,1405,T005,190,0,mapped,-23.47902525222125,26.605903390420792,-15.553915786851825,1,0.0,0.0,interior
T097,L,1406,T005,191,0,mapped,-23.713145944626177,26.221086424322337,-15.740509682945373,1,0.0,0.0,interior
T097,L,1407,T005,192,0,mapped,-23.939058423528035,25.866509232703454,-15.928864800210132,1,0.0,0.0,interior
T097,L,1408,T005,193,0,mapped,-24.151149760990442,25.57373421476938,-16.142922295598556,1,0.0,0.0,interior
T097,L,1409,T005,194,0,mapped,-24.388327667283804,25.22852402950477,-16.34528603950459,1,0.0,0.0,interior
T097,L,1410,T005,195,0,mapped,-24.58254074346008,24.949950704120383,-16.50109070160552,1,0.0,0.0,interior
T097,L,1411,T005,196,0,mapped,-24.76450089738932,24.524190514968822,-16.556218098444216,1,0.0,0.0,interior
T097,L,1412,T005,197,0,mapped,-25.046237007747024,24.130183373589478,-16.752526915836054,1,0.0,0.0,interior
T097,L,1413,T005,198,0,mapped,-25.281774255008372,23.736071322592608,-16.88244381489488,1,0.0,0.0,interior
T097,L,1414,T005,199,0,mapped,-25.477157152282075,23.448655729674286,-17.01090730345411,1,0.0,0.0,interior
T097,L,1415,T005,200,0,mapped,-25.792862032652003,23.02930242647288,-17.207601021599938,1,0.0,0.0,interior
T097,L,1416,T005,201,0,mapped,-26.03754711112639,22.73758178243787,-17.386306791945927,1,0.0,0.0,interior
T097,L,1417,T005,202,0,mapped,-26.244013868373294,22.351277721839043,-17.461075456413127,1,0.0,0.0,interior
T097,L,1418,T005,203,0,mapped,-26.52235729132977,21.958188323093108,-17.695910642791638,1,0.0,0.0,interior
T097,L,1419,T005,204,0,mapped,-26.716471052991828,21.624519415700654,-17.85680021329148,2,1.7763568394002505e-15,8.881784197001252e-16,shared_edge
T097,L,1420,T005,206,0,mapped,-23.508811466957916,26.29741074338345,-15.375796983735787,1,0.0,0.0,interior
T097,L,1421,T005,207,0,mapped,-23.680999574505233,25.960199430062502,-15.506354975134895,1,0.0,0.0,interior
T097,L,1422,T005,208,0,mapped,-23.9085008465798,25.581925883192493,-15.732235068006533,1,0.0,0.0,interior
T097,L,1423,T005,209,0,mapped,-24.115419051699718,25.222320209551555,-15.934680568121482,1,0.0,0.0,interior
T097,L,1424,T005,210,0,mapped,-24.293197758244638,24.948298547125844,-16.101370150795773,1,0.0,0.0,interior
T097,L,1425,T005,211,0,mapped,-24.547315680331778,24.57484111605539,-16.29254409675657,1,0.0,0.0,interior
T097,L,1426,T005,212,0,mapped,-24.815235959159267,24.16728653373104,-16.479232054657324,1,0.0,0.0,interior
T097,L,1427,T005,213,0,mapped,-25.026401254039037,23.76679602149981,-16.585970484721052,1,0.0,0.0,interior
T097,L,1428,T005,214,0,mapped,-25.300193554549246,23.399677043704266,-16.761897758859224,1,0.0,0.0,interior
T097,L,1429,T005,215,0,mapped,-25.56018882101261,23.060827993646445,-16.95770615758145,1,0.0,0.0,interior
T097,L,1430,T005,216,0,mapped,-25.74961638487607,22.691337619231767,-16.997990179846585,1,0.0,0.0,interior
T097,L,1431,T005,217,0,mapped,-26.048548938125606,22.354374586709227,-17.192177997428338,1,0.0,0.0,interior
T097,L,1432,T005,218,0,mapped,-26.24982148889223,21.93957790562491,-17.26954072787609,1,0.0,0.0,interior
T097,L,1433,T005,219,0,mapped,-26.50660134145074,21.58055702728821,-17.46900085529027,2,2.220446049250313e-15,1.1102230246251563e-15,shared_edge
T097,L,1434,T005,221,0,mapped,-23.473708303556286,25.964779742165334,-15.168251310787303,1,0.0,0.0,interior
T097,L,1435,T005,222,0,mapped,-23.712857390154404,25.59552149271161,-15.385191541978248,1,0.0,0.0,interior
T097,L,1436,T005,223,0,mapped,-23.881644491726533,25.203908467839344,-15.520585447967978,1,0.0,0.0,interior
T097,L,1437,T005,224,0,mapped,-24.08493687238409,24.947218993374012,-15.731825707201985,1,0.0,0.0,interior
T097,L,1438,T005,225,0,mapped,-24.31674482720011,24.554880026433516,-15.953600085805522,1,0.0,0.0,interior
T097,L,1439,T005,226,0,mapped,-24.555093096613653,24.19737208140053,-16.138129849258434,1,0.0,0.0,interior
T097,L,1440,T005,227,0,mapped,-24.79381985247523,23.821405248246553,-16.302786707318212,1,0.0,0.0,interior
T097,L,1441,T005,228,0,mapped,-25.03983726427309,23.368107352556983,-16.452580982468028,1,0.0,0.0,interior
T097,L,1442,T005,229,0,mapped,-25.244730849162416,23.117992937244708,-16.59788460583664,1,0.0,0.0,interior
T097,L,1443,T005,230,0,mapped,-25.49113496771674,22.688576253687575,-16.694176887630057,1,0.0,0.0,interior
T097,L,1444,T005,231,0,mapped,-25.694560280544685,22.377614099346054,-16.802330521950662,1,0.0,0.0,interior
T097,L,1445,T005,232,0,mapped,-26.039267465188132,21.9509999573649,-16.994953936922077,1,0.0,0.0,interior
T097,L,1446,T005,233,0,mapped,-26.248064062825456,21.624195818830145,-17.12049922790132,2,9.930136612989092e-16,4.965068306494546e-16,shared_edge
T097,L,1447,T005,235,0,mapped,-23.49939765522636,25.616464272147553,-15.085247674298218,1,0.0,0.0,interior
T097,L,1448,T005,236,0,mapped,-23.68967123887512,25.341147974889644,-15.219063847658115,1,0.0,0.0,interior
T097,L,1449,T005,237,0,mapped,-23.866991815393423,24.966927164036832,-15.399153949433625,1,0.0,0.0,interior
T097,L,1450,T005,238,0,mapped,-24.09027997829128,24.599501571971846,-15.62940112121948,1,0.0,0.0,interior
T097,L,1451,T005,239,0,mapped,-24.33298230884848,24.171069029659265,-15.828325759879542,1,0.0,0.0,interior
T097,L,1452,T005,240,0,mapped,-24.511930291584832,23.864917276095916,-15.935616118898468,1,0.0,0.0,interior
T097,L,1453,T005,241,0,mapped,-24.742957183338028,23.468593988473792,-16.10338073786291,1,0.0,0.0,interior
T097,L,1454,T005,242,0,mapped,-24.97405753521823,23.09014838191793,-16.262066601361536,1,0.0,0.0,interior
T097,L,1455,T005,243,0,mapped,-25.240230468775664,22.7496002362661,-16.436901646215446,1,0.0,0.0,interior
T097,L,1456,T005,244,0,mapped,-25.425168316724232,22.379753936855863,-16.47229105936299,1,0.0,0.0,interior
T097,L,1457,T005,245,0,mapped,-25.722234158249456,22.03129481333966,-16.674475784586463,1,0.0,0.0,interior
T097,L,1458,T005,246,0,mapped,-25.971390740635986,21.687073934539047,-16.79032732966818,2,0.0,0.0,shared_edge
T097,L,1459,T005,248,0,mapped,-23.349470383919858,25.356770045473205,-14.874273955899586,1,0.0,0.0,interior
T097,L,1460,T005,249,0,mapped,-23.613040793139355,24.992883247710477,-14.998861473908317,1,0.0,0.0,interior
T097,L,1461,T005,250,0,mapped,-23.86942116516765,24.624630735118764,-15.23585206084165,1,0.0,0.0,interior
T097,L,1462,T005,251,0,mapped,-24.104284473554756,24.20436127158732,-15.460962970236276,1,0.0,0.0,interior
T097,L,1463,T005,252,0,mapped,-24.291556463672485,23.899742123519516,-15.635810367047618,1,0.0,0.0,interior
T097,L,1464,T005,253,0,mapped,-24.49443475678504,23.54564235096841,-15.823893665112896,1,0.0,0.0,interior
T097,L,1465,T005,254,0,mapped,-24.758154253091593,23.141521031769763,-16.045674382885224,1,0.0,0.0,interior
T097,L,1466,T005,255,0,mapped,-24.91699210228524,22.78879757011957,-16.075633509454647,1,0.0,0.0,interior
T097,L,1467,T005,256,0,mapped,-25.18125206598489,22.36542176970999,-16.22055832890071,1,0.0,0.0,interior
T097,L,1468,T005,257,0,mapped,-25.371555274199295,22.001229379884222,-16.280730687089388,1,0.0,0.0,interior
T097,L,1469,T005,258,0,mapped,-25.691916579291572,21.63828013519738,-16.449989861739716,2,0.0,0.0,shared_edge
T097,L,1470,T005,260,0,mapped,-23.25460208989764,24.980529554761105,-14.819749553111397,1,0.0,0.0,interior
T097,L,1471,T005,261,0,mapped,-23.601702288066114,24.573630911065795,-14.955618464134512,1,0.0,0.0,interior
T097,L,1472,T005,262,0,mapped,-23.84560192167725,24.279787539868046,-15.087089709132426,1,0.0,0.0,interior
T097,L,1473,T005,263,0,mapped,-24.03216100171717,23.876525178471308,-15.198443383487222,1,0.0,0.0,interior
T097,L,1474,T005,264,0,mapped,-24.254773287639242,23.506552845525363,-15.40237822586399,1,0.0,0.0,interior
T097,L,1475,T005,265,0,mapped,-24.452654689700264,23.243797253334098,-15.612312528043523,1,0.0,0.0,interior
T097,L,1476,T005,266,0,mapped,-24.662234251954857,22.854647670337084,-15.788080466913083,1,0.0,0.0,interior
T097,L,1477,T005,267,0,mapped,-24.915879879604717,22.399680184342085,-15.89724639270139,1,0.0,0.0,interior
T097,L,1478,T005,268,0,mapped,-25.122812632673998,22.001660471477066,-16.0004066553844,1,0.0,0.0,interior
T097,L,1479,T005,269,0,mapped,-25.38871019623297,21.588181556906953,-16.132021441252988,2,1.4043333874306805e-15,7.021666937153402e-16,shared_edge
T097,L,1480,T005,271,0,mapped,-23.212551924362504,24.490735472143125,-14.760946891445695,1,0.0,0.0,interior
T097,L,1481,T005,272,0,mapped,-23.458189577901848,24.187391352063134,-14.833678543129652,1,0.0,0.0,interior
T097,L,1482,T005,273,0,mapped,-23.800655210244017,23.924648744885868,-14.974928230193468,1,0.0,0.0,interior
T097,L,1483,T005,274,0,mapped,-24.033592588760662,23.57098924449153,-15.136966736124583,1,0.0,0.0,interior
T097,L,1484,T005,275,0,mapped,-24.270350794414927,23.222100041257303,-15.30831090549063,1,0.0,0.0,interior
T097,L,1485,T005,276,0,mapped,-24.45457244283383,22.84405827344035,-15.463802271938906,1,0.0,0.0,interior
T097,L,1486,T005,277,0,mapped,-24.630222946234802,22.484114072274565,-15.550204848598046,1,0.0,0.0,interior
T097,L,1487,T005,278,0,mapped,-24.891946971970885,22.05282669156194,-15.720278830314294,1,0.0,0.0,interior
T097,L,1488,T005,279,0,mapped,-25.125609913823624,21.5404296775151,-15.778809820464371,2,5.330226875058932e-15,2.6651134375294657e-15,shared_edge
T097,L,1489,T005,281,0,mapped,-23.071738639670183,24.149688906561135,-14.728193339855547,1,0.0,0.0,interior
T097,L,1490,T005,282,0,mapped,-23.40467762538249,23.762488632313627,-14.759271352179852,1,0.0,0.0,interior
T097,L,1491,T005,283,0,mapped,-23.714758870408602,23.469287188483513,-14.858304207474994,1,0.0,0.0,interior
T097,L,1492,T005,284,0,mapped,-23.91690229038232,23.185092629052647,-14.958822467510318,1,0.0,0.0,interior
T097,L,1493,T005,285,0,mapped,-24.21806436405775,22.9525139154166,-15.162698086635844,1,0.0,0.0,interior
T097,L,1494,T005,286,0,mapped,-24.37704675729298,22.59702979827559,-15.242399063111215,1,0.0,0.0,interior
T097,L,1495,T005,287,0,mapped,-24.646547570763726,22.174518418201536,-15.470589978266569,1,0.0,0.0,interior
T097,L,1496,T005,288,0,mapped,-24.841927294011562,21.695566488196164,-15.526524611706842,2,1.2560739669470201e-15,6.280369834735102e-16,shared_edge
T097,L,1497,T005,290,0,mapped,-22.95591492817282,23.81422172689286,-14.70878803355536,1,0.0,0.0,interior
T097,L,1498,T005,291,0,mapped,-23.349874409295907,23.45433233436244,-14.737589188535061,1,0.0,0.0,interior
T097,L,1499,T005,292,0,mapped,-23.614765497975295,23.09441680194452,-14.758183198304842,1,0.0,0.0,interior
T097,L,1500,T005,293,0,mapped,-23.93505008837448,22.89614511410173,-14.908153821169627,1,0.0,0.0,interior
T097,L,1501,T005,294,0,mapped,-24.109980875131818,22.526171624188127,-14.985417868175157,1,0.0,0.0,interior
T097,L,1502,T005,295,0,mapped,-24.39069262031802,22.197973796461284,-15.161944493364413,1,0.0,0.0,interior
T097,L,1503,T005,296,0,mapped,-24.57723201428649,21.85521654779053,-15.248806616074786,2,1.874950825913725e-15,9.374754129568625e-16,shared_edge
T097,L,1504,T005,298,0,mapped,-22.921395008096418,23.44897900295517,-14.676173438175477,1,0.0,0.0,interior
T097,L,1505,T005,299,0,mapped,-23.201449026361484,23.08378446730705,-14.630396263060648,1,0.0,0.0,interior
T097,L,1506,T005,300,0,mapped,-23.536989008388176,22.78852184786819,-14.677665137269553,1,0.0,0.0,interior
T097,L,1507,T005,301,0,mapped,-23.87437360648049,22.479273552729413,-14.77217921419643,1,0.0,0.0,interior
T097,L,1508,T005,302,0,mapped,-23.955998135786707,22.15530682232702,-14.78201340628284,1,0.0,0.0,interior
T097,L,1509,T005,303,0,mapped,-24.26298370150403,21.804527200674396,-14.941540417385307,2,3.552713678800501e-15,1.7763568394002505e-15,shared_edge
T097,L,1510,T005,305,0,mapped,-22.77598493093636,23.05822456463296,-14.593887389265666,1,0.0,0.0,interior
T097,L,1511,T005,306,0,mapped,-23.140275160445142,22.745886810942153,-14.578879709886197,1,0.0,0.0,interior
T097,L,1512,T005,307,0,mapped,-23.45411439485517,22.409391407805067,-14.59047579258648,1,0.0,0.0,interior
T097,L,1513,T005,308,0,mapped,-23.74211036296817,22.078593273942822,-14.634477057194712,1,0.0,0.0,interior
T097,L,1514,T005,309,0,mapped,-23.92228498888634,21.784246177652356,-14.665225693060039,2,3.552713678800501e-15,1.7763568394002505e-15,shared_edge
T097,L,1515,T005,311,0,mapped,-22.74124341654537,22.746423961788942,-14.520700488145666,1,0.0,0.0,interior
T097,L,1516,T005,312,0,mapped,-23.024974427884416,22.423203019999164,-14.479541379228388,1,0.0,0.0,interior
T097,L,1517,T005,313,0,mapped,-23.32755284242967,22.050766579748604,-14.463330949774342,1,0.0,0.0,interior
T097,L,1518,T005,314,0,mapped,-23.544394068072513,21.70279855952888,-14.459627696367118,2,9.155133597044477e-16,4.577566798522237e-16,shared_edge
T097,L,1519,T005,316,0,mapped,-22.603695067038334,22.35257813164874,-14.391398557842813,1,0.0,0.0,interior
T097,L,1520,T005,317,0,mapped,-22.891657446945068,22.000655439352613,-14.341640413147696,1,0.0,0.0,interior
T097,L,1521,T005,318,0,mapped,-23.13322829294576,21.648325456425642,-14.307050332243822,2,1.7763568394002505e-15,8.881784197001252e-16,shared_edge
T097,L,1522,T005,320,0,mapped,-22.441954241160218,21.971926076496995,-14.209228935535856,1,0.0,0.0,interior
T097,L,1523,T005,321,0,mapped,-22.731734593943614,21.585839081569805,-14.134079104147988,2,1.790180836524724e-15,8.95090418262362e-16,shared_edge
T097,L,1524,T005,323,0,mapped,-22.33676762196277,21.57056440257155,-13.959669289320999,2,8.005932084973442e-16,4.002966042486721e-16,shared_edge
T097,L,1525,T006,1,0,mapped,-11.09304451095224,22.13021278258688,-13.569091075122063,2,0.0,0.0,shared_edge
T097,L,1526,T006,2,0,mapped,-11.187230128802945,22.12325998660809,-13.258902115004314,2,0.0,0.0,shared_edge
T097,L,1527,T006,3,0,mapped,-11.239217838783135,22.111291345182018,-12.944421839683539,2,0.0,0.0,shared_edge
T097,L,1528,T006,4,0,mapped,-11.259328860719462,22.09553212057321,-12.620865760851547,2,0.0,0.0,shared_edge
T097,L,1529,T006,5,0,mapped,-11.27047989189606,22.078786999584594,-12.2968457374626,2,0.0,0.0,shared_edge
T097,L,1530,T006,6,0,mapped,-11.283406229610149,22.062235072722682,-11.972878833935896,2,0.0,0.0,shared_edge
T097,L,1531,T006,7,0,mapped,-11.32484648281303,22.048900222775682,-11.651826035112903,2,0.0,0.0,shared_edge
T097,L,1532,T006,8,0,mapped,-11.40705985804577,22.04035616861811,-11.33838225737312,2,0.0,0.0,shared_edge
T097,L,1533,T006,9,0,mapped,-11.45456757135981,22.02768184320155,-11.017515440393973,2,0.0,0.0,shared_edge
T097,L,1534,T006,10,0,mapped,-11.487599505668536,22.103803175777905,-10.717245651723331,2,0.0,0.0,shared_edge
T097,L,1535,T006,11,0,mapped,-11.528949883316956,22.21024012687373,-10.415847778426123,2,0.0,0.0,shared_edge
T097,L,1536,T006,12,0,mapped,-11.596360098195602,22.228444669035845,-10.101750324233393,2,0.0,0.0,shared_edge
T097,L,1537,T006,13,0,mapped,-11.591292676293584,22.19633175942695,-9.779068689289934,2,0.0,0.0,shared_edge
T097,L,1538,T006,14,0,mapped,-11.542631060811443,22.14993305776023,-9.46263691845887,2,8.881784197001252e-16,4.440892098500626e-16,shared_edge
T097,L,1539,T006,15,0,mapped,-11.502292627962733,22.24593818706101,-9.159604700929446,2,0.0,0.0,shared_edge
T097,L,1540,T006,16,0,mapped,-11.442931549132965,22.328497948751576,-8.859835804518056,2,1.2560739669470201e-15,6.280369834735102e-16,shared_edge
T097,L,1541,T006,17,0,mapped,-11.3508705550989,22.328941891934438,-8.550120382657454,2,8.881784197001252e-16,4.440892098500626e-16,shared_edge
T097,L,1542,T006,18,0,mapped,-11.273258086265235,22.392776358669053,-8.242398488541905,2,0.0,0.0,shared_edge
T097,L,1543,T006,19,0,mapped,-11.234187256798023,22.550945907378694,-7.965774043925222,2,0.0,0.0,shared_edge
T097,L,1544,T006,20,0,mapped,-11.205479793715424,22.67865541144817,-7.671252601218718,2,0.0,0.0,shared_edge
T097,L,1545,T006,21,0,mapped,-11.192403369491238,22.718695562435823,-7.352493001926662,2,0.0,0.0,shared_edge
T097,L,1546,T006,22,0,mapped,-11.247019854508752,22.773375472138937,-7.04225358680573,2,1.7763568394002505e-15,8.881784197001252e-16,shared_edge
T097,L,1547,T006,23,0,mapped,-11.233752652642202,22.65955317861931,-6.747134572582031,2,0.0,0.0,shared_edge
T097,L,1548,T010,324,-1,landmark_vertex,-11.268449874383233,22.560092719734875,-6.440047706160106,4,0.0,0.0,landmark
T097,L,1549,T006,26,0,mapped,-11.237735990448641,22.53621798215858,-13.58309774297316,1,0.0,0.0,interior
T097,L,1550,T006,27,0,mapped,-11.357161717485699,22.494543895822858,-13.174495577576977,1,0.0,0.0,interior
T097,L,1551,T006,28,0,mapped,-11.395779739389267,22.497938125809306,-12.9741080133728,1,0.0,0.0,interior
T097,L,1552,T006,29,0,mapped,-11.453868045373824,22.52782299926934,-12.612498062353708,1,0.0,0.0,interior
T097,L,1553,T006,30,0,mapped,-11.434819309577419,22.496962161475032,-12.30826768440558,1,0.0,0.0,interior
T097,L,1554,T006,31,0,mapped,-11.448127578525865,22.501701254438977,-11.999062951070886,1,0.0,0.0,interior
T097,L,1555,T006,32,0,mapped,-11.551880272237446,22.50063463052289,-11.692894631182716,1,0.0,0.0,interior
T097,L,1556,T006,33,0,mapped,-11.636453422427456,22.52305868792687,-11.384760618271127,1,0.0,0.0,interior
T097,L,1557,T006,34,0,mapped,-11.643837027676504,22.61058008258107,-11.089190860151605,1,0.0,0.0,interior
T097,L,1558,T006,35,0,mapped,-11.646258389584009,22.681715233963807,-10.72450086578958,1,0.0,0.0,interior
T097,L,1559,T006,36,0,mapped,-11.72385784025778,22.66545619938361,-10.33413483861566,1,0.0,0.0,interior
T097,L,1560,T006,37,0,mapped,-11.77852356216921,22.63970303763257,-10.11021116839295,1,0.0,0.0,interior
T097,L,1561,T006,38,0,mapped,-11.771210482506914,22.692682788321694,-9.722830130422434,1,0.0,0.0,interior
T097,L,1562,T006,39,0,mapped,-11.722410859868079,22.834065648097877,-9.401271601586975,1,0.0,0.0,interior
T097,L,1563,T006,40,0,mapped,-11.635679079896933,23.00861914117301,-9.064306435740274,1,0.0,0.0,interior
T097,L,1564,T006,41,0,mapped,-11.54174370932637,23.025240441020664,-8.742041466357295,1,0.0,0.0,interior
T097,L,1565,T006,42,0,mapped,-11.45153477289474,23.15844960391761,-8.348155483289833,1,0.0,0.0,interior
T097,L,1566,T006,43,0,mapped,-11.382366543642446,23.31721920816575,-7.9635883156436575,1,0.0,0.0,interior
T097,L,1567,T006,44,0,mapped,-11.36990783000791,23.36942606305814,-7.5891142155923035,1,0.0,0.0,interior
T097,L,1568,T006,45,0,mapped,-11.383055147810769,23.264295194894753,-7.185558695832061,1,0.0,0.0,interior
T097,L,1569,T006,46,0,mapped,-11.536382259818883,23.191339031760084,-6.667662691034176,1,0.0,0.0,interior
T097,L,1570,T006,47,0,mapped,-11.634321507374056,23.02748148287281,-6.37204674701297,1,0.0,0.0,interior
T097,L,1571,T006,48,0,mapped,-11.579336607772616,22.55303866138849,-5.936277773895055,2,0.0930268723199014,0.0465134361599507,shared_edge
T097,L,1572,T006,50,0,mapped,-11.564143652925043,22.998319385793224,-13.509680658395201,1,0.0,0.0,interior
T097,L,1573,T006,51,0,mapped,-11.67706839447024,22.948641615357687,-13.126653898276404,1,0.0,0.0,interior
T097,L,1574,T006,52,0,mapped,-11.721397348356334,22.944351887853994,-12.951902358157977,1,0.0,0.0,interior
T097,L,1575,T006,53,0,mapped,-11.765497475413088,22.941961157255655,-12.64975262007318,1,0.0,0.0,interior
T097,L,1576,T006,54,0,mapped,-11.7414311756661,22.92365555858142,-12.241612624941064,1,0.0,0.0,interior
T097,L,1577,T006,55,0,mapped,-11.722985850185395,22.914860480504004,-12.066281467525181,1,0.0,0.0,interior
T097,L,1578,T006,56,0,mapped,-11.730673696638044,22.9699651644816,-11.786739902144838,1,0.0,0.0,interior
T097,L,1579,T006,57,0,mapped,-11.78473288196814,23.022931702200403,-11.323247407934433,1,0.0,0.0,interior
T097,L,1580,T006,58,0,mapped,-11.879739868786626,23.05943171393866,-11.011031810501642,1,0.0,0.0,interior
T097,L,1581,T006,59,0,mapped,-11.989467636746173,23.08023593872077,-10.690901290175317,1,0.0,0.0,interior
T097,L,1582,T006,60,0,mapped,-12.048748684867281,23.120391695817467,-10.326164138359943,1,0.0,0.0,interior
T097,L,1583,T006,61,0,mapped,-12.027191302437815,23.232264354190278,-9.961829654192771,1,0.0,0.0,interior
T097,L,1584,T006,62,0,mapped,-11.923572845694034,23.439604089672436,-9.68046436433357,1,0.0,0.0,interior
T097,L,1585,T006,63,0,mapped,-11.73037865344902,23.588080407319158,-9.327404148306313,1,0.0,0.0,interior
T097,L,1586,T006,64,0,mapped,-11.59655178153898,23.704560574510655,-8.976336693066024,1,0.0,0.0,interior
T097,L,1587,T006,65,0,mapped,-11.50693583319935,23.880712013444157,-8.525276406032498,1,0.0,0.0,interior
T097,L,1588,T006,66,0,mapped,-11.509792253483212,24.015294981726477,-7.992376649469391,1,0.0,0.0,interior
T097,L,1589,T006,67,0,mapped,-11.553890113232587,24.036470444295567,-7.516491921853669,1,0.0,0.0,interior
T097,L,1590,T006,68,0,mapped,-11.681921191020825,23.90193877284578,-6.982012622586284,1,0.0,0.0,interior
T097,L,1591,T006,69,0,mapped,-11.858518014369308,23.617582123215655,-6.403336457754913,1,0.0,0.0,interior
T097,L,1592,T006,70,0,mapped,-12.045971523134957,23.22029648439421,-6.080582017056518,1,0.0,0.0,interior
T097,L,1593,T006,71,0,mapped,-12.147774034051922,22.611854890621384,-5.672957968815586,2,4.440892098500626e-16,2.220446049250313e-16,shared_edge
T097,L,1594,T006,73,0,mapped,-11.892783970665938,23.27967346162768,-13.483390641359508,1,0.0,0.0,interior
T097,L,1595,T006,74,0,mapped,-11.990624419264222,23.24945424786512,-13.174408669490852,1,0.0,0.0,interior
T097,L,1596,T006,75,0,mapped,-12.065695557067327,23.25610727059264,-12.95837439322558,1,0.0,0.0,interior
T097,L,1597,T006,76,0,mapped,-12.056007697035032,23.204075362716694,-12.635630438974886,1,0.0,0.0,interior
T097,L,1598,T006,77,0,mapped,-12.091677191772943,23.259254837698442,-12.263290283649557,1,0.0,0.0,interior
T097,L,1599,T006,78,0,mapped,-12.131433537286561,23.32191159558275,-11.985326908058324,1,0.0,0.0,interior
T097,L,1600,T006,79,0,mapped,-12.079140060869829,23.349020831137572,-11.693973048051966,1,0.0,0.0,interior
T097,L,1601,T006,80,0,mapped,-12.06653984094465,23.44234910043983,-11.391521713922671,1,0.0,0.0,interior
T097,L,1602,T006,81,0,mapped,-12.07961641490358,23.52871515182223,-11.069046184850224,1,0.0,0.0,interior
T097,L,1603,T006,82,0,mapped,-12.128261426718984,23.607519779931255,-10.690347561972903,1,0.0,0.0,interior
T097,L,1604,T006,83,0,mapped,-12.10915401977199,23.70470395340128,-10.337512037557609,1,0.0,0.0,interior
T097,L,1605,T006,84,0,mapped,-12.077979034606807,23.911363658173098,-9.995172266450115,1,0.0,0.0,interior
T097,L,1606,T006,85,0,mapped,-12.016104855596513,24.12079250978288,-9.667178773334832,1,0.0,0.0,interior
T097,L,1607,T006,86,0,mapped,-11.906585835578388,24.268133435816516,-9.300385443637845,1,0.0,0.0,interior
T097,L,1608,T006,87,0,mapped,-11.87249908499975,24.444713801234805,-8.849156196795395,1,0.0,0.0,interior
T097,L,1609,T006,88,0,mapped,-11.854026141144944,24.590261852199387,-8.300401526370305,1,0.0,0.0,interior
T097,L,1610,T006,89,0,mapped,-11.969713915765299,24.69151434057953,-7.59649090116363,1,0.0,0.0,interior
T097,L,1611,T006,90,0,mapped,-12.29750528719488,24.649777236557,-6.895372448510161,1,0.0,0.0,interior
T097,L,1612,T006,91,0,mapped,-12.401525157260656,24.180292395761448,-6.1658885396927925,1,0.0,0.0,interior
T097,L,1613,T006,92,0,mapped,-12.605977121393234,23.39902268478438,-5.757506921620228,1,0.0,0.0,interior
T097,L,1614,T006,93,0,mapped,-12.779054683343425,22.676079976014584,-5.6110637245707125,2,0.0,0.0,shared_edge
T097,L,1615,T006,95,0,mapped,-12.302659472279174,23.44444856755545,-13.445194578787095,1,0.0,0.0,interior
T097,L,1616,T006,96,0,mapped,-12.481504061897134,23.446241860704003,-13.123116323624831,1,0.0,0.0,interior
T097,L,1617,T006,97,0,mapped,-12.489502762095185,23.449118296207082,-12.884235368233096,1,0.0,0.0,interior
T097,L,1618,T006,98,0,mapped,-12.508161056486037,23.44340328680849,-12.60799886004903,1,0.0,0.0,interior
T097,L,1619,T006,99,0,mapped,-12.486971620761597,23.463148982896808,-12.251166988708917,1,0.0,0.0,interior
T097,L,1620,T006,100,0,mapped,-12.461128724729836,23.513462881235174,-11.983501663612087,1,0.0,0.0,interior
T097,L,1621,T006,101,0,mapped,-12.548751519022247,23.615630796000865,-11.65936563168327,1,0.0,0.0,interior
T097,L,1622,T006,102,0,mapped,-12.585260017315838,23.744476804732358,-11.305912089760369,1,0.0,0.0,interior
T097,L,1623,T006,103,0,mapped,-12.532463930022958,23.82444824960623,-11.067766277363448,1,0.0,0.0,interior
T097,L,1624,T006,104,0,mapped,-12.551872159461796,23.96543754290244,-10.743277334275874,1,0.0,0.0,interior
T097,L,1625,T006,105,0,mapped,-12.49956273941131,24.082661327955794,-10.31440351018757,1,0.0,0.0,interior
T097,L,1626,T006,106,0,mapped,-12.556480452872545,24.261620867758566,-9.903681364374423,1,0.0,0.0,interior
T097,L,1627,T006,107,0,mapped,-12.60511396143434,24.40641218881604,-9.530913308336409,1,0.0,0.0,interior
T097,L,1628,T006,108,0,mapped,-12.651273909011916,24.540222521205934,-9.155739611341907,1,0.0,0.0,interior
T097,L,1629,T006,109,0,mapped,-12.648600420276287,24.750718177830393,-8.57475310235603,1,0.0,0.0,interior
T097,L,1630,T006,110,0,mapped,-12.767667873923571,24.852717539075293,-7.951917167365569,1,0.0,0.0,interior
T097,L,1631,T006,111,0,mapped,-13.034873910029678,24.675843818854233,-7.190629148535621,1,0.0,0.0,interior
T097,L,1632,T006,112,0,mapped,-13.122401453927091,24.180838776336078,-6.615315136441039,1,0.0,0.0,interior
T097,L,1633,T006,113,0,mapped,-13.303774100271898,23.418500941731278,-6.093078893881554,1,0.0,0.0,interior
T097,L,1634,T006,114,0,mapped,-13.3488712952176,22.748000204338943,-5.807119544327328,2,1.2560739669470201e-15,6.280369834735102e-16,shared_edge
T097,L,1635,T006,116,0,mapped,-12.88486364710033,23.508917134036455,-13.424109901643103,1,0.0,0.0,interior
T097,L,1636,T006,117,0,mapped,-12.89289107158184,23.500639027659403,-13.10686228257529,1,0.0,0.0,interior
T097,L,1637,T006,118,0,mapped,-12.958526586217367,23.49892369457526,-12.841543595324081,1,0.0,0.0,interior
T097,L,1638,T006,119,0,mapped,-13.005115161555635,23.502823022826565,-12.523716790450475,1,0.0,0.0,interior
T097,L,1639,T006,120,0,mapped,-12.995720489341672,23.531646343426768,-12.223309036373736,1,0.0,0.0,interior
T097,L,1640,T006,121,0,mapped,-13.002505832380706,23.589468037486107,-11.88600987496097,1,0.0,0.0,interior
T097,L,1641,T006,122,0,mapped,-13.01443176801097,23.61574341878314,-11.517422395961528,1,0.0,0.0,interior
T097,L,1642,T006,123,0,mapped,-13.043746812790797,23.668134378802147,-11.193103266229084,1,0.0,0.0,interior
T097,L,1643,T006,124,0,mapped,-13.084668557747996,23.805843956355055,-10.888228258227901,1,0.0,0.0,interior
T097,L,1644,T006,125,0,mapped,-13.122817441364402,23.971357461595666,-10.541782027628525,1,0.0,0.0,interior
T097,L,1645,T006,126,0,mapped,-13.263702400914104,24.052597171088312,-10.214189071823048,1,0.0,0.0,interior
T097,L,1646,T006,127,0,mapped,-13.250063711660326,24.369787388192613,-9.825312678115138,1,0.0,0.0,interior
T097,L,1647,T006,128,0,mapped,-13.328813503834812,24.595978577823985,-9.388431262993144,1,0.0,0.0,interior
T097,L,1648,T006,129,0,mapped,-13.439596176294657,24.74236533348315,-8.933766998645737,1,0.0,0.0,interior
T097,L,1649,T006,130,0,mapped,-13.59167484685732,24.723690543581284,-8.310957309521068,1,0.0,0.0,interior
T097,L,1650,T006,131,0,mapped,-13.659128155433576,24.387703159381143,-7.793886097891463,1,0.0,0.0,interior
T097,L,1651,T006,132,0,mapped,-13.616545731877986,23.849309170681185,-7.1264869594978055,1,0.0,0.0,interior
T097,L,1652,T006,133,0,mapped,-13.66785057925908,23.266998204232916,-6.688058908065043,1,0.0,0.0,interior
T097,L,1653,T006,134,0,mapped,-13.74342533002562,22.661433168061205,-6.286636940760726,2,1.9860273225978185e-15,9.930136612989092e-16,shared_edge
T097,L,1654,T006,136,0,mapped,-13.36541048696404,23.40353645985763,-13.457289702394313,1,0.0,0.0,interior
T097,L,1655,T006,137,0,mapped,-13.41327784010241,23.36056307836741,-13.03957025956063,1,0.0,0.0,interior
T097,L,1656,T006,138,0,mapped,-13.438343063748276,23.37933837183515,-12.718347767196406,1,0.0,0.0,interior
T097,L,1657,T006,139,0,mapped,-13.441607873555059,23.37795343212244,-12.357473130737985,1,0.0,0.0,interior
T097,L,1658,T006,140,0,mapped,-13.390799853713702,23.24702015633306,-12.115307329089221,1,0.0,0.0,interior
T097,L,1659,T006,141,0,mapped,-13.357575794981638,23.189514569892143,-11.770750482332849,1,0.0,0.0,interior
T097,L,1660,T006,142,0,mapped,-13.355784612092668,23.21958661910217,-11.380544086011696,1,0.0,0.0,interior
T097,L,1661,T006,143,0,mapped,-13.397062289465998,23.286685483021483,-10.9826629494518,1,0.0,0.0,interior
T097,L,1662,T006,144,0,mapped,-13.469842861858716,23.428851150608814,-10.615116572648287,1,0.0,0.0,interior
T097,L,1663,T006,145,0,mapped,-13.573721667764392,23.636443250103923,-10.25385373145724,1,0.0,0.0,interior
T097,L,1664,T006,146,0,mapped,-13.657585919842955,23.909970292035876,-9.929560284590748,1,0.0,0.0,interior
T097,L,1665,T006,147,0,mapped,-13.750699905647476,24.227308246786627,-9.596997896054589,1,0.0,0.0,interior
T097,L,1666,T006,148,0,mapped,-14.032753809757928,24.435721527599092,-9.158212575994376,1,0.0,0.0,interior
T097,L,1667,T006,149,0,mapped,-14.111002817518896,24.432482706439906,-8.595383847466561,1,0.0,0.0,interior
T097,L,1668,T006,150,0,mapped,-14.175623659981394,24.118014232931976,-8.18354665963944,1,0.0,0.0,interior
T097,L,1669,T006,151,0,mapped,-14.164352802376538,23.632089970284092,-7.690905157768383,1,0.0,0.0,interior
T097,L,1670,T006,152,0,mapped,-14.076120288203912,23.135130185310455,-7.190558386980529,1,0.0,0.0,interior
T097,L,1671,T006,153,0,mapped,-14.115659529993243,22.476835986095388,-6.702250927543732,2,0.0,0.0,shared_edge
T097,L,1672,T006,155,0,mapped,-13.827092946515442,23.24970171005622,-13.43843988693871,1,0.0,0.0,interior
T097,L,1673,T006,156,0,mapped,-13.868403770731275,23.199354693002785,-13.036919538431766,1,0.0,0.0,interior
T097,L,1674,T006,157,0,mapped,-13.906832142961468,23.190718359327256,-12.665105067977475,1,0.0,0.0,interior
T097,L,1675,T006,158,0,mapped,-13.892944043559577,23.12646423340368,-12.36206169788105,1,0.0,0.0,interior
T097,L,1676,T006,159,0,mapped,-13.856262594613444,23.066018674145347,-12.055423033317625,1,0.0,0.0,interior
T097,L,1677,T006,160,0,mapped,-13.812715458268437,23.04067824377571,-11.675914438782058,1,0.0,0.0,interior
T097,L,1678,T006,161,0,mapped,-13.885370774919052,23.059906777339123,-11.23942481334759,1,0.0,0.0,interior
T097,L,1679,T006,162,0,mapped,-13.941125661555844,23.16021361663914,-10.784906854742433,1,0.0,0.0,interior
T097,L,1680,T006,163,0,mapped,-14.014254774391569,23.28667135764257,-10.497356226838493,1,0.0,0.0,interior
T097,L,1681,T006,164,0,mapped,-14.087127547678245,23.50274352392704,-10.141407066730263,1,0.0,0.0,interior
T097,L,1682,T006,165,0,mapped,-14.204270536184602,23.837481800703028,-9.702531909897333,1,0.0,0.0,interior
T097,L,1683,T006,166,0,mapped,-14.345493194368418,24.051857867892153,-9.420044469888865,1,0.0,0.0,interior
T097,L,1684,T006,167,0,mapped,-14.583704372416198,24.193050463242265,-9.024224022913398,1,0.0,0.0,interior
T097,L,1685,T006,168,0,mapped,-14.626932960279092,23.970084711547464,-8.601864839471451,1,0.0,0.0,interior
T097,L,1686,T006,169,0,mapped,-14.625146646611565,23.497064957172295,-8.121267735004597,1,0.0,0.0,interior
T097,L,1687,T006,170,0,mapped,-14.472581303513776,23.094029054599293,-7.680703072307932,1,0.0,0.0,interior
T097,L,1688,T006,171,0,mapped,-14.48818713144619,22.54517546999194,-7.215496966524858,2,3.4684476073050936e-15,1.7342238036525468e-15,shared_edge
T097,L,1689,T006,173,0,mapped,-14.294601074665444,23.085607025778348,-13.43276779302044,1,0.0,0.0,interior
T097,L,1690,T006,174,0,mapped,-14.318302503643807,23.04585915621386,-13.021979087863835,1,0.0,0.0,interior
T097,L,1691,T006,175,0,mapped,-14.33853179969036,23.02838898556014,-12.654766337484284,1,0.0,0.0,interior
T097,L,1692,T006,176,0,mapped,-14.313078758564574,22.98852646721207,-12.332804198509846,1,0.0,0.0,interior
T097,L,1693,T006,177,0,mapped,-14.303464912255588,22.967493047148984,-11.9677890999902,1,0.0,0.0,interior
T097,L,1694,T006,178,0,mapped,-14.393938434359198,22.96843318444605,-11.579669351487269,1,0.0,0.0,interior
T097,L,1695,T006,179,0,mapped,-14.483260766926293,23.00052846996563,-11.202479108062684,1,0.0,0.0,interior
T097,L,1696,T006,180,0,mapped,-14.53515808425978,23.098072721451057,-10.82114442252799,1,0.0,0.0,interior
T097,L,1697,T006,181,0,mapped,-14.57146567396273,23.212024435322192,-10.555583163384554,1,0.0,0.0,interior
T097,L,1698,T006,182,0,mapped,-14.713415287979569,23.450899960548668,-10.09671944511452,1,0.0,0.0,interior
T097,L,1699,T006,183,0,mapped,-14.92057576235919,23.655567131211072,-9.750162792835944,1,0.0,0.0,interior
T097,L,1700,T006,184,0,mapped,-15.051270327258962,23.823095927147612,-9.445004399277536,1,0.0,0.0,interior
T097,L,1701,T006,185,0,mapped,-15.133594382739313,23.77112104396646,-9.005396899857768,1,0.0,0.0,interior
T097,L,1702,T006,186,0,mapped,-15.121982642065644,23.427608674638154,-8.601667650015841,1,0.0,0.0,interior
T097,L,1703,T006,187,0,mapped,-14.967122325189493,23.006694216500346,-8.08411875923387,1,0.0,0.0,interior
T097,L,1704,T006,188,0,mapped,-14.89445628455416,22.615610075658083,-7.701274926386556,2,9.930136612989092e-16,4.965068306494546e-16,shared_edge
T097,L,1705,T006,190,0,mapped,-14.746966539454979,22.927993837310023,-13.378460485334216,1,0.0,0.0,interior
T097,L,1706,T006,191,0,mapped,-14.767414998066759,22.893867503386176,-13.010769639819665,1,0.0,0.0,interior
T097,L,1707,T006,192,0,mapped,-14.831546700759773,22.84490147338566,-12.621465019280476,1,0.0,0.0,interior
T097,L,1708,T006,193,0,mapped,-14.755617516562491,22.825053801318614,-12.21568615427718,1,0.0,0.0,interior
T097,L,1709,T006,194,0,mapped,-14.873811224834471,22.802281433864245,-11.905766152146615,1,0.0,0.0,interior
T097,L,1710,T006,195,0,mapped,-14.944151478014524,22.828600988646613,-11.504510916886833,1,0.0,0.0,interior
T097,L,1711,T006,196,0,mapped,-14.970228445869246,22.908884377355076,-11.192020203697364,1,0.0,0.0,interior
T097,L,1712,T006,197,0,mapped,-15.073868946225595,23.055389192409745,-10.84066954890315,1,0.0,0.0,interior
T097,L,1713,T006,198,0,mapped,-15.179956072769285,23.215791851914155,-10.508488648315815,1,0.0,0.0,interior
T097,L,1714,T006,199,0,mapped,-15.378608984698154,23.433048644044334,-10.130585794117941,1,0.0,0.0,interior
T097,L,1715,T006,200,0,mapped,-15.539834430460978,23.534250281539855,-9.723430868935475,1,0.0,0.0,interior
T097,L,1716,T006,201,0,mapped,-15.572007017779676,23.474127593968483,-9.278062751617998,1,0.0,0.0,interior
T097,L,1717,T006,202,0,mapped,-15.523914685412091,23.29992016426367,-8.894535453158555,1,0.0,0.0,interior
T097,L,1718,T006,203,0,mapped,-15.476075398667412,23.053028271978896,-8.563915997497721,1,0.0,0.0,interior
T097,L,1719,T006,204,0,mapped,-15.384076002884903,22.690294088201696,-8.102473026198059,2,0.0,0.0,shared_edge
T097,L,1720,T006,206,0,mapped,-15.217460897755068,22.807898068227715,-13.372355447824342,1,0.0,0.0,interior
T097,L,1721,T006,207,0,mapped,-15.31199074489266,22.757877897682683,-12.966574643706116,1,0.0,0.0,interior
T097,L,1722,T006,208,0,mapped,-15.287694244549511,22.731703310195336,-12.592144554934833,1,0.0,0.0,interior
T097,L,1723,T006,209,0,mapped,-15.239213717551756,22.70009287937988,-12.189149719459945,1,0.0,0.0,interior
T097,L,1724,T006,210,0,mapped,-15.291800695443762,22.704685312083313,-11.80787116764687,1,0.0,0.0,interior
T097,L,1725,T006,211,0,mapped,-15.413401957183952,22.760899609935556,-11.480990340478689,1,0.0,0.0,interior
T097,L,1726,T006,212,0,mapped,-15.520382944933903,22.885081645143302,-11.166496114900035,1,0.0,0.0,interior
T097,L,1727,T006,213,0,mapped,-15.608679382179385,23.052527433701766,-10.87329792236217,1,0.0,0.0,interior
T097,L,1728,T006,214,0,mapped,-15.837899676264879,23.201252663846986,-10.557693798159494,1,0.0,0.0,interior
T097,L,1729,T006,215,0,mapped,-15.957624964100294,23.292249893273873,-10.190446857024412,1,0.0,0.0,interior
T097,L,1730,T006,216,0,mapped,-15.974657276881478,23.333434306470462,-9.724592508034874,1,0.0,0.0,interior
T097,L,1731,T006,217,0,mapped,-16.042081336875366,23.231147869472657,-9.33728979915315,1,0.0,0.0,interior
T097,L,1732,T006,218,0,mapped,-15.975151216832078,23.032564347459875,-8.901813414427064,1,0.0,0.0,interior
T097,L,1733,T006,219,0,mapped,-15.880520937188319,22.765237322198942,-8.495896022484512,2,2.1755839288168288e-15,1.0877919644084146e-15,shared_edge
T097,L,1734,T006,221,0,mapped,-15.802419669206122,22.774574640910622,-13.333019621077549,1,0.0,0.0,interior
T097,L,1735,T006,222,0,mapped,-15.77793929013784,22.730492892814237,-12.979382357225084,1,0.0,0.0,interior
T097,L,1736,T006,223,0,mapped,-15.72904064104148,22.695908359498027,-12.612670247745596,1,0.0,0.0,interior
T097,L,1737,T006,224,0,mapped,-15.676385813997912,22.671659334694972,-12.256336408123213,1,0.0,0.0,interior
T097,L,1738,T006,225,0,mapped,-15.853897126549624,22.71713365449839,-11.800170351062974,1,0.0,0.0,interior
T097,L,1739,T006,226,0,mapped,-16.010673394919962,22.833080750207234,-11.530976056791912,1,0.0,0.0,interior
T097,L,1740,T006,227,0,mapped,-16.09630409062832,22.94966742223795,-11.256439619477327,1,0.0,0.0,interior
T097,L,1741,T006,228,0,mapped,-16.215726468058755,23.053724014282594,-10.888803095634259,1,0.0,0.0,interior
T097,L,1742,T006,229,0,mapped,-16.35271411206857,23.107739923927085,-10.49357348553636,1,0.0,0.0,interior
T097,L,1743,T006,230,0,mapped,-16.42175125560395,23.138010688542913,-10.105779883431964,1,0.0,0.0,interior
T097,L,1744,T006,231,0,mapped,-16.513949090704166,23.121985668339896,-9.680616377431775,1,0.0,0.0,interior
T097,L,1745,T006,232,0,mapped,-16.47656646640531,23.07742334812357,-9.31447890955403,1,0.0,0.0,interior
T097,L,1746,T006,233,0,mapped,-16.42430810489312,22.841460052866527,-8.81928779998653,2,8.881784197001252e-16,4.440892098500626e-16,shared_edge
T097,L,1747,T006,235,0,mapped,-16.31775187492756,22.824270773191966,-13.354159986305197,1,0.0,0.0,interior
T097,L,1748,T006,236,0,mapped,-16.3202377226335,22.76185944330146,-13.00181081958639,1,0.0,0.0,interior
T097,L,1749,T006,237,0,mapped,-16.223569851902926,22.71426812075028,-12.660578561468782,1,0.0,0.0,interior
T097,L,1750,T006,238,0,mapped,-16.291303094980833,22.69880466151057,-12.298799064965756,1,0.0,0.0,interior
T097,L,1751,T006,239,0,mapped,-16.387965090752548,22.730719171699953,-12.006499125884526,1,0.0,0.0,interior
T097,L,1752,T006,240,0,mapped,-16.574878755711865,22.815586098081365,-11.550934992679968,1,0.0,0.0,interior
T097,L,1753,T006,241,0,mapped,-16.67414070211634,22.90659712656129,-11.201450256711512,1,0.0,0.0,interior
T097,L,1754,T006,242,0,mapped,-16.73862456079633,22.98490830081851,-10.787507353529682,1,0.0,0.0,interior
T097,L,1755,T006,243,0,mapped,-16.838469418438592,23.03680001015988,-10.38467466670448,1,0.0,0.0,interior
T097,L,1756,T006,244,0,mapped,-16.94889536388131,23.038128988942255,-10.020223169863101,1,0.0,0.0,interior
T097,L,1757,T006,245,0,mapped,-16.91516613637184,23.007713809334962,-9.638716328603742,1,0.0,0.0,interior
T097,L,1758,T006,246,0,mapped,-16.903671566967912,22.9154455023744,-9.227720520876595,2,0.0,0.0,shared_edge
T097,L,1759,T006,248,0,mapped,-16.82819783571033,22.858040315757382,-13.294539958378808,1,0.0,0.0,interior
T097,L,1760,T006,249,0,mapped,-16.77376628965705,22.788901583783492,-12.957853306536924,1,0.0,0.0,interior
T097,L,1761,T006,250,0,mapped,-16.669559255327894,22.737075582429775,-12.582708965953541,1,0.0,0.0,interior
T097,L,1762,T006,251,0,mapped,-16.726389327717467,22.717800813301825,-12.259613714490413,1,0.0,0.0,interior
T097,L,1763,T006,252,0,mapped,-16.915438382782323,22.739970749505716,-11.917390068949487,1,0.0,0.0,interior
T097,L,1764,T006,253,0,mapped,-17.099896104122458,22.795271507064868,-11.564448757195041,1,0.0,0.0,interior
T097,L,1765,T006,254,0,mapped,-17.189974184456062,22.865230405416206,-11.171911243611383,1,0.0,0.0,interior
T097,L,1766,T006,255,0,mapped,-17.24130729199809,22.921277831726464,-10.774777043184638,1,0.0,0.0,interior
T097,L,1767,T006,256,0,mapped,-17.32503451617378,22.954169280136917,-10.44130388035435,1,0.0,0.0,interior
T097,L,1768,T006,257,0,mapped,-17.359812847234238,22.959954707922627,-10.089301980630879,1,0.0,0.0,interior
T097,L,1769,T006,258,0,mapped,-17.40100233100105,22.90877750586837,-9.613043381583108,2,1.2560739669470201e-15,6.280369834735102e-16,shared_edge
T097,L,1770,T006,260,0,mapped,-17.327754962415497,22.890532315144775,-13.259638443162132,1,0.0,0.0,interior
T097,L,1771,T006,261,0,mapped,-17.28048787874846,22.807469993881547,-12.97617421629557,1,0.0,0.0,interior
T097,L,1772,T006,262,0,mapped,-17.196874082690545,22.755097222587565,-12.652771233653064,1,0.0,0.0,interior
T097,L,1773,T006,263,0,mapped,-17.21833417078757,22.73848332414857,-12.25164326675981,1,0.0,0.0,interior
T097,L,1774,T006,264,0,mapped,-17.40308867030045,22.768260553342685,-11.813513770152289,1,0.0,0.0,interior
T097,L,1775,T006,265,0,mapped,-17.552481326066086,22.80132221538081,-11.459331610944956,1,0.0,0.0,interior
T097,L,1776,T006,266,0,mapped,-17.69710649246597,22.82679776155816,-11.12355299847233,1,0.0,0.0,interior
T097,L,1777,T006,267,0,mapped,-17.750857693273975,22.8534651201933,-10.800465742472582,1,0.0,0.0,interior
T097,L,1778,T006,268,0,mapped,-17.835647614111945,22.86761251798532,-10.38173729738837,1,0.0,0.0,interior
T097,L,1779,T006,269,0,mapped,-17.903566456017977,22.83939314724924,-9.934064538434143,2,3.66205343881779e-15,1.831026719408895e-15,shared_edge
T097,L,1780,T006,271,0,mapped,-17.788507175220428,22.980020691708283,-13.325721931257483,1,0.0,0.0,interior
T097,L,1781,T006,272,0,mapped,-17.72878324310248,22.830330128748802,-12.972563441209628,1,0.0,0.0,interior
T097,L,1782,T006,273,0,mapped,-17.759309235988162,22.772137157473537,-12.638967843179628,1,0.0,0.0,interior
T097,L,1783,T006,274,0,mapped,-17.83635967362665,22.74487929885133,-12.185075859558589,1,0.0,0.0,interior
T097,L,1784,T006,275,0,mapped,-17.9188866643023,22.742006412264406,-11.816282935955048,1,0.0,0.0,interior
T097,L,1785,T006,276,0,mapped,-18.094792283338297,22.745977156825077,-11.429979563965425,1,0.0,0.0,interior
T097,L,1786,T006,277,0,mapped,-18.217299085254027,22.767253058115084,-11.037648159617522,1,0.0,0.0,interior
T097,L,1787,T006,278,0,mapped,-18.3234792734018,22.757831553418434,-10.646961026680849,1,0.0,0.0,interior
T097,L,1788,T006,279,0,mapped,-18.420152521124983,22.705450730924596,-10.197767481215642,2,0.0,0.0,shared_edge
T097,L,1789,T006,281,0,mapped,-18.384507686388634,22.982313962397974,-13.275539444748802,1,0.0,0.0,interior
T097,L,1790,T006,282,0,mapped,-18.386680317903814,22.80711488615949,-12.91048510504775,1,0.0,0.0,interior
T097,L,1791,T006,283,0,mapped,-18.373631131016133,22.757959794616237,-12.507557384158101,1,0.0,0.0,interior
T097,L,1792,T006,284,0,mapped,-18.343285940506192,22.723564395827125,-12.169557895826852,1,0.0,0.0,interior
T097,L,1793,T006,285,0,mapped,-18.4736293723789,22.68517119753171,-11.729115954192201,1,0.0,0.0,interior
T097,L,1794,T006,286,0,mapped,-18.581422555897376,22.670829252950718,-11.341754483690895,1,0.0,0.0,interior
T097,L,1795,T006,287,0,mapped,-18.783466793521423,22.63546015744235,-10.92603301465677,1,0.0,0.0,interior
T097,L,1796,T006,288,0,mapped,-18.88823814100079,22.588091612458857,-10.578836834268607,2,8.881784197001252e-16,4.440892098500626e-16,shared_edge
T097,L,1797,T006,290,0,mapped,-18.918850908220573,22.92524537880234,-13.184620633517616,1,0.0,0.0,interior
T097,L,1798,T006,291,0,mapped,-18.864097207098503,22.830418987415808,-12.94620254637599,1,0.0,0.0,interior
T097,L,1799,T006,292,0,mapped,-18.842529339880198,22.755922299851353,-12.649315035208271,1,0.0,0.0,interior
T097,L,1800,T006,293,0,mapped,-18.89646771481887,22.689712439895516,-12.288939530454424,1,0.0,0.0,interior
T097,L,1801,T006,294,0,mapped,-18.93330072840383,22.626416351486007,-11.9266240505491,1,0.0,0.0,interior
T097,L,1802,T006,295,0,mapped,-19.08250872197057,22.569771412916783,-11.517148349263127,1,0.0,0.0,interior
T097,L,1803,T006,296,0,mapped,-19.201160098704484,22.5216975859083,-11.090929187673431,2,8.881784197001252e-16,4.440892098500626e-16,shared_edge
T097,L,1804,T006,298,0,mapped,-19.315387955992524,22.84819601562856,-13.213088305020134,1,0.0,0.0,interior
T097,L,1805,T006,299,0,mapped,-19.276250169147545,22.756899190775712,-12.947011464051343,1,0.0,0.0,interior
T097,L,1806,T006,300,0,mapped,-19.306177779092028,22.675400750168816,-12.715344148649603,1,0.0,0.0,interior
T097,L,1807,T006,301,0,mapped,-19.362332906192158,22.590089299392993,-12.41235767283024,1,0.0,0.0,interior
T097,L,1808,T006,302,0,mapped,-19.3972475659841,22.510991310593543,-11.97569887093621,1,0.0,0.0,interior
T097,L,1809,T006,303,0,mapped,-19.50787457587077,22.439215833245946,-11.627059124935709,2,0.0,0.0,shared_edge
T097,L,1810,T006,305,0,mapped,-19.745024700053605,22.71321621808781,-13.254616331076392,1,0.0,0.0,interior
T097,L,1811,T006,306,0,mapped,-19.683713509725962,22.621081537408994,-12.984216786486751,1,0.0,0.0,interior
T097,L,1812,T006,307,0,mapped,-19.720867084936224,22.53749208998861,-12.771204167280725,1,0.0,0.0,interior
T097,L,1813,T006,308,0,mapped,-19.738239943273122,22.45325431371781,-12.417685067841575,1,0.0,0.0,interior
T097,L,1814,T006,309,0,mapped,-19.787863575202156,22.37508695522725,-12.077812607775343,2,0.0,0.0,shared_edge
T097,L,1815,T006,311,0,mapped,-20.114506302698867,22.57812400656667,-13.322279589372412,1,0.0,0.0,interior
T097,L,1816,T006,312,0,mapped,-20.095440021486983,22.444878049777465,-13.03072347441314,1,0.0,0.0,interior
T097,L,1817,T006,313,0,mapped,-20.07021768829214,22.399720243856738,-12.85537110481746,1,0.0,0.0,interior
T097,L,1818,T006,314,0,mapped,-20.066014523314248,22.33055391175652,-12.557358762875923,2,9.930136612989092e-16,4.965068306494546e-16,shared_edge
T097,L,1819,T006,316,0,mapped,-20.619001180808883,22.248904800250862,-13.371312502027441,1,0.0,0.0,interior
T097,L,1820,T006,317,0,mapped,-20.520590481018672,22.230502621351306,-13.225062987165593,1,0.0,0.0,interior
T097,L,1821,T006,318,0,mapped,-20.502904711678042,22.122885811649894,-12.948618779164573,2,8.881784197001252e-16,4.440892098500626e-16,shared_edge
T097,L,1822,T006,320,0,mapped,-21.056147316732577,21.988917374522735,-13.447278924894288,1,0.0,0.0,interior
T097,L,1823,T006,321,0,mapped,-20.989963415993387,21.93268778915778,-13.220040116710392,2,0.0,0.0,shared_edge
T097,L,1824,T006,323,0,mapped,-21.492598295053803,21.73453665156724,-13.539539287298929,2,4.440892098500626e-16,2.220446049250313e-16,shared_edge
T097,L,1825,T007,25,0,mapped,-10.894495490746811,21.834084043796267,-13.816366609356376,1,0.0,0.0,interior
T097,L,1826,T007,26,0,mapped,-11.040991224987538,21.814222190181834,-13.424828296797159,1,0.0,0.0,interior
T097,L,1827,T007,27,0,mapped,-11.100872538738404,21.81121057111857,-13.070665863456457,1,0.0,0.0,interior
T097,L,1828,T007,28,0,mapped,-11.140632881931058,21.841667631821018,-12.881577097878797,1,0.0,0.0,interior
T097,L,1829,T007,29,0,mapped,-11.182109211017652,21.86757102998552,-12.628526696606825,1,0.0,0.0,interior
T097,L,1830,T007,30,0,mapped,-11.21518049413439,21.887161588312992,-12.279971492532988,1,0.0,0.0,interior
T097,L,1831,T007,31,0,mapped,-11.197243898340902,21.87161269324824,-11.88414560658823,1,0.0,0.0,interior
T097,L,1832,T007,32,0,mapped,-11.22564640997234,21.846571591037044,-11.57212398484738,1,0.0,0.0,interior
T097,L,1833,T007,33,0,mapped,-11.277357104007015,21.784466793203805,-11.275741094736734,1,0.0,0.0,interior
T097,L,1834,T007,34,0,mapped,-11.406353337752066,21.873243739549935,-10.997103534447714,1,0.0,0.0,interior
T097,L,1835,T007,35,0,mapped,-11.454526220054127,21.88037910226368,-10.719516715753342,1,0.0,0.0,interior
T097,L,1836,T007,36,0,mapped,-11.489577544221715,21.943938920748806,-10.433058663091167,1,0.0,0.0,interior
T097,L,1837,T007,37,0,mapped,-11.515934696979503,21.966867706801832,-10.125923807146378,1,0.0,0.0,interior
T097,L,1838,T007,38,0,mapped,-11.515971966571932,21.953758554110664,-9.805662673168126,1,0.0,0.0,interior
T097,L,1839,T007,39,0,mapped,-11.478005157758279,21.94051778766257,-9.487646915436539,1,0.0,0.0,interior
T097,L,1840,T007,40,0,mapped,-11.423555743071937,21.972037540967083,-9.180012898294624,1,0.0,0.0,interior
T097,L,1841,T007,41,0,mapped,-11.361437968135652,22.0311887458096,-8.882024439672492,1,0.0,0.0,interior
T097,L,1842,T007,42,0,mapped,-11.28486028726893,22.087824496619,-8.58704184205462,1,0.0,0.0,interior
T097,L,1843,T007,43,0,mapped,-11.208732283269363,22.16988027560165,-8.292975189167425,1,0.0,0.0,interior
T097,L,1844,T007,44,0,mapped,-11.146997075483332,22.28733096558991,-8.004526103225878,1,0.0,0.0,interior
T097,L,1845,T007,45,0,mapped,-11.099915409195916,22.398225077665355,-7.713460526969444,1,0.0,0.0,interior
T097,L,1846,T007,46,0,mapped,-11.058373040418756,22.445560408879327,-7.4020379154035805,1,0.0,0.0,interior
T097,L,1847,T007,47,0,mapped,-11.036505859605022,22.432998787016825,-7.071717536630395,1,0.0,0.0,interior
T097,L,1848,T007,48,0,mapped,-11.048797618376337,22.408133999510547,-6.779317838270002,2,4.440892098500626e-16,2.220446049250313e-16,shared_edge
T097,L,1849,T007,49,0,mapped,-10.90637627033204,21.556306125750513,-13.624882351109857,1,0.0,0.0,interior
T097,L,1850,T007,50,0,mapped,-10.975423031583059,21.52884492971763,-13.272291773897345,1,0.0,0.0,interior
T097,L,1851,T007,51,0,mapped,-11.01882863919045,21.54647291369689,-13.004188571842791,1,0.0,0.0,interior
T097,L,1852,T007,52,0,mapped,-11.044363231176531,21.548145745065074,-12.788592583587572,1,0.0,0.0,interior
T097,L,1853,T007,53,0,mapped,-11.08717040177481,21.591352215387886,-12.475483372768405,1,0.0,0.0,interior
T097,L,1854,T007,54,0,mapped,-11.096348831503267,21.611892420771493,-12.147214397536779,1,0.0,0.0,interior
T097,L,1855,T007,55,0,mapped,-11.084273582713234,21.612701351318627,-11.783179494966818,1,0.0,0.0,interior
T097,L,1856,T007,56,0,mapped,-11.156119443592836,21.64307820498446,-11.511239259110923,1,0.0,0.0,interior
T097,L,1857,T007,57,0,mapped,-11.244562799387642,21.64204567864723,-11.2441328864604,1,0.0,0.0,interior
T097,L,1858,T007,58,0,mapped,-11.35244945147328,21.689170111158088,-10.986509061221426,1,0.0,0.0,interior
T097,L,1859,T007,59,0,mapped,-11.418058074790835,21.702779697672245,-10.713992207092312,1,0.0,0.0,interior
T097,L,1860,T007,60,0,mapped,-11.436789996704725,21.7024130655737,-10.42455635726714,1,0.0,0.0,interior
T097,L,1861,T007,61,0,mapped,-11.447599642152102,21.71809468373411,-10.133478899445638,1,0.0,0.0,interior
T097,L,1862,T007,62,0,mapped,-11.436059030719086,21.719924589187084,-9.828571653887648,1,0.0,0.0,interior
T097,L,1863,T007,63,0,mapped,-11.40355087531916,21.71801527874019,-9.516035742273456,1,0.0,0.0,interior
T097,L,1864,T007,64,0,mapped,-11.349311821783125,21.733246271840844,-9.206281858274522,1,0.0,0.0,interior
T097,L,1865,T007,65,0,mapped,-11.283049372272076,21.784704011040986,-8.909311822927812,1,0.0,0.0,interior
T097,L,1866,T007,66,0,mapped,-11.210470298612139,21.855391816576525,-8.6209648594406,1,0.0,0.0,interior
T097,L,1867,T007,67,0,mapped,-11.13491065781012,21.94676090669692,-8.336862219708676,1,0.0,0.0,interior
T097,L,1868,T007,68,0,mapped,-11.062956248899907,22.057915087158833,-8.05209426974448,1,0.0,0.0,interior
T097,L,1869,T007,69,0,mapped,-10.994023184900817,22.154381001198317,-7.759048681771358,1,0.0,0.0,interior
T097,L,1870,T007,70,0,mapped,-10.920514374160392,22.200747968361227,-7.438959292005746,1,0.0,0.0,interior
T097,L,1871,T007,71,0,mapped,-10.813183516644024,22.12922398026914,-7.051435245428804,2,1.790180836524724e-15,8.95090418262362e-16,shared_edge
T097,L,1872,T007,72,0,mapped,-10.840062152097797,21.258861997532517,-13.480347991230303,1,0.0,0.0,interior
T097,L,1873,T007,73,0,mapped,-10.926440079062099,21.29571498644483,-13.150026619808727,1,0.0,0.0,interior
T097,L,1874,T007,74,0,mapped,-10.932608832675786,21.241687869286416,-12.914623867551501,1,0.0,0.0,interior
T097,L,1875,T007,75,0,mapped,-10.949711198283495,21.250498995192,-12.60594359725314,1,0.0,0.0,interior
T097,L,1876,T007,76,0,mapped,-10.987649561588665,21.337277349283635,-12.393929909036995,1,0.0,0.0,interior
T097,L,1877,T007,77,0,mapped,-10.98087245087459,21.36518507633055,-12.034502462329481,1,0.0,0.0,interior
T097,L,1878,T007,78,0,mapped,-11.015590699662914,21.402338349172243,-11.735604530407812,1,0.0,0.0,interior
T097,L,1879,T007,79,0,mapped,-11.111453119350397,21.393560485981872,-11.527004291516599,1,0.0,0.0,interior
T097,L,1880,T007,80,0,mapped,-11.196880792173248,21.33763080547224,-11.226540585667065,1,0.0,0.0,interior
T097,L,1881,T007,81,0,mapped,-11.27387566173975,21.391649395104665,-10.986433111416485,1,0.0,0.0,interior
T097,L,1882,T007,82,0,mapped,-11.341058979086272,21.4044069837759,-10.644160738082196,1,0.0,0.0,interior
T097,L,1883,T007,83,0,mapped,-11.36992655491068,21.450955058140977,-10.43295754468014,1,0.0,0.0,interior
T097,L,1884,T007,84,0,mapped,-11.381757963022352,21.474001547463637,-10.15272663060334,1,0.0,0.0,interior
T097,L,1885,T007,85,0,mapped,-11.371333528768101,21.48832978700186,-9.855089908363555,1,0.0,0.0,interior
T097,L,1886,T007,86,0,mapped,-11.335404593019499,21.498713961781853,-9.546129548822345,1,0.0,0.0,interior
T097,L,1887,T007,87,0,mapped,-11.280285395228146,21.515859136521915,-9.23654245644121,1,0.0,0.0,interior
T097,L,1888,T007,88,0,mapped,-11.20914695041566,21.55754051368832,-8.937703590612696,1,0.0,0.0,interior
T097,L,1889,T007,89,0,mapped,-11.132440109183165,21.633543033556244,-8.650765147373427,1,0.0,0.0,interior
T097,L,1890,T007,90,0,mapped,-11.055135733921185,21.730935709863807,-8.373410921406718,1,0.0,0.0,interior
T097,L,1891,T007,91,0,mapped,-10.981376557489867,21.84606103792631,-8.099105986303663,1,0.0,0.0,interior
T097,L,1892,T007,92,0,mapped,-10.904761921294048,21.951683409282055,-7.81161704961232,1,0.0,0.0,interior
T097,L,1893,T007,93,0,mapped,-10.800851671059949,21.989818111543414,-7.475735288087037,2,0.0,0.0,shared_edge
T097,L,1894,T007,94,0,mapped,-10.792437393634554,20.983796725062692,-13.289730060104306,1,0.0,0.0,interior
T097,L,1895,T007,95,0,mapped,-10.8287920029605,20.96648009577284,-13.08375735532962,1,0.0,0.0,interior
T097,L,1896,T007,96,0,mapped,-10.874985874486404,21.033782532276316,-12.887455008660616,1,0.0,0.0,interior
T097,L,1897,T007,97,0,mapped,-10.905434530954285,21.068643726147236,-12.633624871842674,1,0.0,0.0,interior
T097,L,1898,T007,98,0,mapped,-10.916634962988935,21.092478096648914,-12.258066063017637,1,0.0,0.0,interior
T097,L,1899,T007,99,0,mapped,-10.889321487722786,21.115005244104495,-11.955189902341589,1,0.0,0.0,interior
T097,L,1900,T007,100,0,mapped,-10.932303498948976,21.123099804520123,-11.686226261039405,1,0.0,0.0,interior
T097,L,1901,T007,101,0,mapped,-11.045543394720571,21.13153576353969,-11.472909639886659,1,0.0,0.0,interior
T097,L,1902,T007,102,0,mapped,-11.125798969755376,21.121827902450615,-11.203699216086216,1,0.0,0.0,interior
T097,L,1903,T007,103,0,mapped,-11.194478660842613,21.160335093772883,-10.965929266177696,1,0.0,0.0,interior
T097,L,1904,T007,104,0,mapped,-11.247741407208212,21.171600157727767,-10.742696932335763,1,0.0,0.0,interior
T097,L,1905,T007,105,0,mapped,-11.298231727662888,21.211153009164317,-10.454924429736252,1,0.0,0.0,interior
T097,L,1906,T007,106,0,mapped,-11.318149977294329,21.23787673154459,-10.177260972252952,1,0.0,0.0,interior
T097,L,1907,T007,107,0,mapped,-11.312302534884996,21.262042806240874,-9.881942575976847,1,0.0,0.0,interior
T097,L,1908,T007,108,0,mapped,-11.277913617290963,21.28312722275593,-9.574145638316288,1,0.0,0.0,interior
T097,L,1909,T007,109,0,mapped,-11.218818569344181,21.309638451839206,-9.26477359376094,1,0.0,0.0,interior
T097,L,1910,T007,110,0,mapped,-11.140622199891215,21.348500150799694,-8.963419546140948,1,0.0,0.0,interior
T097,L,1911,T007,111,0,mapped,-11.054448207547786,21.416312853069915,-8.673938186818978,1,0.0,0.0,interior
T097,L,1912,T007,112,0,mapped,-10.970507013629113,21.516024075299136,-8.398151225867263,1,0.0,0.0,interior
T097,L,1913,T007,113,0,mapped,-10.904618712793287,21.645691574611327,-8.145747065114188,1,0.0,0.0,interior
T097,L,1914,T007,114,0,mapped,-10.82534795233695,21.76142098266528,-7.865793935219499,2,9.485749680535094e-16,4.742874840267547e-16,shared_edge
T097,L,1915,T007,115,0,mapped,-10.73201688856585,20.673890313635376,-13.156058486431121,1,0.0,0.0,interior
T097,L,1916,T007,116,0,mapped,-10.765823684565799,20.68606767922936,-12.972329525888624,1,0.0,0.0,interior
T097,L,1917,T007,117,0,mapped,-10.797839662993159,20.688333835652486,-12.70409578234349,1,0.0,0.0,interior
T097,L,1918,T007,118,0,mapped,-10.843605236735335,20.703746339626413,-12.467130839401054,1,0.0,0.0,interior
T097,L,1919,T007,119,0,mapped,-10.852119678888862,20.78331057508276,-12.203200245682563,1,0.0,0.0,interior
T097,L,1920,T007,120,0,mapped,-10.801539025245432,20.823015802678036,-11.931652413751555,1,0.0,0.0,interior
T097,L,1921,T007,121,0,mapped,-10.85388355145574,20.950236799550744,-11.63419907499744,1,0.0,0.0,interior
T097,L,1922,T007,122,0,mapped,-10.940202079690888,20.944292347391237,-11.411466356693637,1,0.0,0.0,interior
T097,L,1923,T007,123,0,mapped,-11.055584365058072,20.996672362806546,-11.19079170261799,1,0.0,0.0,interior
T097,L,1924,T007,124,0,mapped,-11.112568803736048,20.97360872378938,-10.948464740171435,1,0.0,0.0,interior
T097,L,1925,T007,125,0,mapped,-11.173939584744128,20.94158475238316,-10.720425539804209,1,0.0,0.0,interior
T097,L,1926,T007,126,0,mapped,-11.235945000675923,20.995802186054384,-10.455442205231725,1,0.0,0.0,interior
T097,L,1927,T007,127,0,mapped,-11.264812457062188,21.019694772191702,-10.191245270221179,1,0.0,0.0,interior
T097,L,1928,T007,128,0,mapped,-11.264477695272822,21.046748242077506,-9.899436102137955,1,0.0,0.0,interior
T097,L,1929,T007,129,0,mapped,-11.23608555792986,21.07301623298426,-9.594625723958618,1,0.0,0.0,interior
T097,L,1930,T007,130,0,mapped,-11.172976005417393,21.101050994748107,-9.286438440266771,1,0.0,0.0,interior
T097,L,1931,T007,131,0,mapped,-11.086756431736914,21.14066363337271,-8.979426212721716,1,0.0,0.0,interior
T097,L,1932,T007,132,0,mapped,-10.983852582106444,21.197757195179747,-8.68091170426265,1,0.0,0.0,interior
T097,L,1933,T007,133,0,mapped,-10.8801127943625,21.291634331448535,-8.404023749521428,1,0.0,0.0,interior
T097,L,1934,T007,134,0,mapped,-10.805336798851357,21.427418639316905,-8.158657398166769,2,1.1102230246251563e-16,5.551115123125783e-17,shared_edge
T097,L,1935,T007,135,0,mapped,-10.649640128872129,20.34288883294874,-13.157145094259466,1,0.0,0.0,interior
T097,L,1936,T007,136,0,mapped,-10.705782449213793,20.35685667953831,-12.915388533064451,1,0.0,0.0,interior
T097,L,1937,T007,137,0,mapped,-10.732479697095284,20.352776549136166,-12.697551411974013,1,0.0,0.0,interior
T097,L,1938,T007,138,0,mapped,-10.792227279192291,20.397516354373703,-12.434745012423495,1,0.0,0.0,interior
T097,L,1939,T007,139,0,mapped,-10.798933063487972,20.48380240130798,-12.147063625592825,1,0.0,0.0,interior
T097,L,1940,T007,140,0,mapped,-10.73701877274603,20.58391784662082,-11.835864724784043,1,0.0,0.0,interior
T097,L,1941,T007,141,0,mapped,-10.75184696994336,20.66127102736705,-11.570835416321824,1,0.0,0.0,interior
T097,L,1942,T007,142,0,mapped,-10.81507693501166,20.718794958692815,-11.313375244180875,1,0.0,0.0,interior
T097,L,1943,T007,143,0,mapped,-10.922651844558095,20.754112265637037,-11.084074704558974,1,0.0,0.0,interior
T097,L,1944,T007,144,0,mapped,-11.015255878149162,20.74675922687211,-10.904097368681565,1,0.0,0.0,interior
T097,L,1945,T007,145,0,mapped,-11.133939446289736,20.778633767820484,-10.701041880568443,1,0.0,0.0,interior
T097,L,1946,T007,146,0,mapped,-11.201249832466127,20.791087003250084,-10.432462374814293,1,0.0,0.0,interior
T097,L,1947,T007,147,0,mapped,-11.231919771711814,20.81738995193585,-10.177506451787586,1,0.0,0.0,interior
T097,L,1948,T007,148,0,mapped,-11.23752083952414,20.844237592535613,-9.897379371745977,1,0.0,0.0,interior
T097,L,1949,T007,149,0,mapped,-11.209840486100632,20.868936372360743,-9.602967514871173,1,0.0,0.0,interior
T097,L,1950,T007,150,0,mapped,-11.148498748491843,20.893898146583112,-9.2971113775399,1,0.0,0.0,interior
T097,L,1951,T007,151,0,mapped,-11.05463400055988,20.928172865598174,-8.986633515867645,1,0.0,0.0,interior
T097,L,1952,T007,152,0,mapped,-10.929268225130203,20.978867218835262,-8.68008388329378,1,0.0,0.0,interior
T097,L,1953,T007,153,0,mapped,-10.763414641674654,21.02017077930529,-8.347388862991917,2,0.0,0.0,shared_edge
T097,L,1954,T007,154,0,mapped,-10.57360343288261,20.01057346490716,-13.186916202153807,1,0.0,0.0,interior
T097,L,1955,T007,155,0,mapped,-10.674664354431199,20.00387565004137,-12.849274829254469,1,0.0,0.0,interior
T097,L,1956,T007,156,0,mapped,-10.71022160987796,20.04251691414452,-12.605017321157622,1,0.0,0.0,interior
T097,L,1957,T007,157,0,mapped,-10.709546789893702,20.032269961740173,-12.391628497854455,1,0.0,0.0,interior
T097,L,1958,T007,158,0,mapped,-10.717130200264883,20.139942359565502,-12.099076973788984,1,0.0,0.0,interior
T097,L,1959,T007,159,0,mapped,-10.683242480057903,20.298122944373734,-11.78694458849905,1,0.0,0.0,interior
T097,L,1960,T007,160,0,mapped,-10.698382900690598,20.362084556954485,-11.522490205436505,1,0.0,0.0,interior
T097,L,1961,T007,161,0,mapped,-10.757028516777243,20.408583051573327,-11.26219910053397,1,0.0,0.0,interior
T097,L,1962,T007,162,0,mapped,-10.870433680666348,20.439380203015794,-11.019631280271245,1,0.0,0.0,interior
T097,L,1963,T007,163,0,mapped,-11.011735388524428,20.48654343214792,-10.81080749091204,1,0.0,0.0,interior
T097,L,1964,T007,164,0,mapped,-11.13361288322596,20.53640384588786,-10.612774993364573,1,0.0,0.0,interior
T097,L,1965,T007,165,0,mapped,-11.201830146655817,20.57780859182884,-10.39599046142241,1,0.0,0.0,interior
T097,L,1966,T007,166,0,mapped,-11.238042318118636,20.613924528905496,-10.150752353918179,1,0.0,0.0,interior
T097,L,1967,T007,167,0,mapped,-11.241155623942499,20.645696884855678,-9.886143816757391,1,0.0,0.0,interior
T097,L,1968,T007,168,0,mapped,-11.214292100160238,20.668658776495572,-9.601793614936163,1,0.0,0.0,interior
T097,L,1969,T007,169,0,mapped,-11.151000480234709,20.686085477754748,-9.297645952526343,1,0.0,0.0,interior
T097,L,1970,T007,170,0,mapped,-11.049125009146623,20.707768028363258,-8.982782751953854,1,0.0,0.0,interior
T097,L,1971,T007,171,0,mapped,-10.902676037662411,20.733765700282763,-8.656931390337784,2,8.95090418262362e-16,4.47545209131181e-16,shared_edge
T097,L,1972,T007,172,0,mapped,-10.517991323196359,19.67228615039557,-13.206743923397427,1,0.0,0.0,interior
T097,L,1973,T007,173,0,mapped,-10.607614724415393,19.680405758475654,-12.868244685122486,1,0.0,0.0,interior
T097,L,1974,T007,174,0,mapped,-10.672777848064495,19.718052762548016,-12.607235681124138,1,0.0,0.0,interior
T097,L,1975,T007,175,0,mapped,-10.689337523555432,19.750305979314888,-12.300551930001385,1,0.0,0.0,interior
T097,L,1976,T007,176,0,mapped,-10.691574398745276,19.858665639178128,-12.067700386879762,1,0.0,0.0,interior
T097,L,1977,T007,177,0,mapped,-10.672683628622291,19.991270086807372,-11.773267708417755,1,0.0,0.0,interior
T097,L,1978,T007,178,0,mapped,-10.687508881464304,20.05167806634826,-11.50520819818186,1,0.0,0.0,interior
T097,L,1979,T007,179,0,mapped,-10.752677822040212,20.079419316591526,-11.267292435084531,1,0.0,0.0,interior
T097,L,1980,T007,180,0,mapped,-10.892346657777178,20.106755422073707,-11.020619331490455,1,0.0,0.0,interior
T097,L,1981,T007,181,0,mapped,-11.06329281575878,20.19221493493528,-10.810212867333933,1,0.0,0.0,interior
T097,L,1982,T007,182,0,mapped,-11.199805380449781,20.255665174371632,-10.580845751978504,1,0.0,0.0,interior
T097,L,1983,T007,183,0,mapped,-11.243120083658452,20.340456085860485,-10.356088165652068,1,0.0,0.0,interior
T097,L,1984,T007,184,0,mapped,-11.274001971081193,20.39088951888014,-10.116356014834802,1,0.0,0.0,interior
T097,L,1985,T007,185,0,mapped,-11.2728450746914,20.435102940873737,-9.86711098432744,1,0.0,0.0,interior
T097,L,1986,T007,186,0,mapped,-11.246667654202557,20.46966788540834,-9.60592641072843,1,0.0,0.0,interior
T097,L,1987,T007,187,0,mapped,-11.183802858911791,20.48013027700381,-9.304327072803938,1,0.0,0.0,interior
T097,L,1988,T007,188,0,mapped,-11.075899537909926,20.45853908461973,-8.957930470725397,2,1.1102230246251563e-16,5.551115123125783e-17,shared_edge
T097,L,1989,T007,189,0,mapped,-10.51962757245227,19.369514442605052,-13.08518825465657,1,0.0,0.0,interior
T097,L,1990,T007,190,0,mapped,-10.603955472563554,19.42522918121432,-12.756626342773457,1,0.0,0.0,interior
T097,L,1991,T007,191,0,mapped,-10.656101805367946,19.4560897626249,-12.539021435907635,1,0.0,0.0,interior
T097,L,1992,T007,192,0,mapped,-10.684424256263572,19.5105353077168,-12.256391756561205,1,0.0,0.0,interior
T097,L,1993,T007,193,0,mapped,-10.697718654691545,19.55863169622376,-11.934486461224573,1,0.0,0.0,interior
T097,L,1994,T007,194,0,mapped,-10.702574796939501,19.670301194071182,-11.754366642308641,1,0.0,0.0,interior
T097,L,1995,T007,195,0,mapped,-10.729484799321332,19.719699219779354,-11.531582922854042,1,0.0,0.0,interior
T097,L,1996,T007,196,0,mapped,-10.793609529412992,19.77224234309671,-11.272478784485454,1,0.0,0.0,interior
T097,L,1997,T007,197,0,mapped,-10.983216823234477,19.8238590928434,-11.040765586630798,1,0.0,0.0,interior
T097,L,1998,T007,198,0,mapped,-11.170046697324953,19.904723477312025,-10.806231156748302,1,0.0,0.0,interior
T097,L,1999,T007,199,0,mapped,-11.294714031404581,19.99361977822775,-10.572307841749211,1,0.0,0.0,interior
T097,L,2000,T007,200,0,mapped,-11.333386573001498,20.070593202063638,-10.323555192186369,1,0.0,0.0,interior
T097,L,2001,T007,201,0,mapped,-11.34383492829853,20.137525463688554,-10.076563101759884,1,0.0,0.0,interior
T097,L,2002,T007,202,0,mapped,-11.332737058190755,20.19072146556982,-9.840852149838625,1,0.0,0.0,interior
T097,L,2003,T007,203,0,mapped,-11.30096599856496,20.258123059621774,-9.614186154866765,1,0.0,0.0,interior
T097,L,2004,T007,204,0,mapped,-11.243755416001626,20.29885556481548,-9.35048294588833,2,0.0,0.0,shared_edge
T097,L,2005,T007,205,0,mapped,-10.547825049734731,19.05891946023962,-12.962387319354931,1,0.0,0.0,interior
T097,L,2006,T007,206,0,mapped,-10.64895826508342,19.100199330601583,-12.617349193425161,1,0.0,0.0,interior
T097,L,2007,T007,207,0,mapped,-10.692034941277603,19.151172276306237,-12.368833931920074,1,0.0,0.0,interior
T097,L,2008,T007,208,0,mapped,-10.711698891157944,19.196218378256756,-12.118978149585047,1,0.0,0.0,interior
T097,L,2009,T007,209,0,mapped,-10.715542517642543,19.25161621882774,-11.955843048165985,1,0.0,0.0,interior
T097,L,2010,T007,210,0,mapped,-10.730206009653536,19.32834020402529,-11.61150475197628,1,0.0,0.0,interior
T097,L,2011,T007,211,0,mapped,-10.745974771861718,19.388173160605227,-11.390911377301926,1,0.0,0.0,interior
T097,L,2012,T007,212,0,mapped,-10.829329922657214,19.464495262693482,-11.131820634078695,1,0.0,0.0,interior
T097,L,2013,T007,213,0,mapped,-10.98499114819991,19.560625854887423,-10.973692671666385,1,0.0,0.0,interior
T097,L,2014,T007,214,0,mapped,-11.24795566811427,19.595430916539797,-10.740678374980142,1,0.0,0.0,interior
T097,L,2015,T007,215,0,mapped,-11.379031524586434,19.686735937000005,-10.516649726099018,1,0.0,0.0,interior
T097,L,2016,T007,216,0,mapped,-11.41662586884871,19.772162326411838,-10.28727963822643,1,0.0,0.0,interior
T097,L,2017,T007,217,0,mapped,-11.428869482861813,19.840044864253212,-10.033537275502741,1,0.0,0.0,interior
T097,L,2018,T007,218,0,mapped,-11.421701196492496,19.89677064982034,-9.79490873522726,1,0.0,0.0,interior
T097,L,2019,T007,219,0,mapped,-11.392753403838745,19.965362517859443,-9.574945052730168,2,9.155133597044477e-16,4.577566798522237e-16,shared_edge
T097,L,2020,T007,220,0,mapped,-10.584017946434894,18.728380580088768,-12.880324982405401,1,0.0,0.0,interior
T097,L,2021,T007,221,0,mapped,-10.692394342407713,18.78879254907469,-12.580593110311789,1,0.0,0.0,interior
T097,L,2022,T007,222,0,mapped,-10.744416337146726,18.82124878035945,-12.294931351285264,1,0.0,0.0,interior
T097,L,2023,T007,223,0,mapped,-10.779576771049815,18.80139806180604,-12.117352022491266,1,0.0,0.0,interior
T097,L,2024,T007,224,0,mapped,-10.798501583357206,18.904670300640078,-11.861441799301755,1,0.0,0.0,interior
T097,L,2025,T007,225,0,mapped,-10.776934957503624,19.053559677018303,-11.614956083707892,1,0.0,0.0,interior
T097,L,2026,T007,226,0,mapped,-10.768229349037382,19.06591307917762,-11.334981081352463,1,0.0,0.0,interior
T097,L,2027,T007,227,0,mapped,-10.840900943341005,19.1345430633916,-11.061702813321824,1,0.0,0.0,interior
T097,L,2028,T007,228,0,mapped,-11.015391671860284,19.224978034712056,-10.824277703936716,1,0.0,0.0,interior
T097,L,2029,T007,229,0,mapped,-11.295522180570702,19.303439441597128,-10.606510874711017,1,0.0,0.0,interior
T097,L,2030,T007,230,0,mapped,-11.423565259597725,19.36071870830519,-10.37717379870103,1,0.0,0.0,interior
T097,L,2031,T007,231,0,mapped,-11.465815376357739,19.436761747602976,-10.21671346804921,1,0.0,0.0,interior
T097,L,2032,T007,232,0,mapped,-11.50465191807684,19.518188382150342,-9.989872730121476,1,0.0,0.0,interior
T097,L,2033,T007,233,0,mapped,-11.527111239016344,19.57332388972214,-9.737759497963726,2,4.577566798522237e-16,2.2887833992611187e-16,shared_edge
T097,L,2034,T007,234,0,mapped,-10.614503567228837,18.388109131234483,-12.877666719705692,1,0.0,0.0,interior
T097,L,2035,T007,235,0,mapped,-10.74305430644927,18.482493409811706,-12.591076894022116,1,0.0,0.0,interior
T097,L,2036,T007,236,0,mapped,-10.822180159722018,18.482178253373274,-12.30595422498447,1,0.0,0.0,interior
T097,L,2037,T007,237,0,mapped,-10.856154386762203,18.54112713328859,-12.050139048710843,1,0.0,0.0,interior
T097,L,2038,T007,238,0,mapped,-10.86925044737259,18.686674830083355,-11.814458183220259,1,0.0,0.0,interior
T097,L,2039,T007,239,0,mapped,-10.855961288133763,18.760186174367522,-11.551735882689428,1,0.0,0.0,interior
T097,L,2040,T007,240,0,mapped,-10.85365510271942,18.745206565664137,-11.28287669611234,1,0.0,0.0,interior
T097,L,2041,T007,241,0,mapped,-10.905143486699458,18.818285691366434,-11.036746954529988,1,0.0,0.0,interior
T097,L,2042,T007,242,0,mapped,-11.055406316312476,18.897397146268872,-10.819359875456911,1,0.0,0.0,interior
T097,L,2043,T007,243,0,mapped,-11.223800144414824,18.96123242042059,-10.626056775182958,1,0.0,0.0,interior
T097,L,2044,T007,244,0,mapped,-11.36778137094895,19.090869605868726,-10.442692169988796,1,0.0,0.0,interior
T097,L,2045,T007,245,0,mapped,-11.491026755713989,19.17303882048602,-10.203623625812032,1,0.0,0.0,interior
T097,L,2046,T007,246,0,mapped,-11.570092143706663,19.215238148521802,-9.967920088537277,2,0.0,0.0,shared_edge
T097,L,2047,T007,247,0,mapped,-10.653149616087333,18.05079343819143,-12.854656309648908,1,0.0,0.0,interior
T097,L,2048,T007,248,0,mapped,-10.766959402718932,18.144995181059276,-12.624033969331006,1,0.0,0.0,interior
T097,L,2049,T007,249,0,mapped,-10.87295529082511,18.15712859622379,-12.350093500113735,1,0.0,0.0,interior
T097,L,2050,T007,250,0,mapped,-10.916148437036185,18.293419821960597,-12.072015219204737,1,0.0,0.0,interior
T097,L,2051,T007,251,0,mapped,-10.937212361186099,18.441621274399644,-11.81763321427837,1,0.0,0.0,interior
T097,L,2052,T007,252,0,mapped,-10.98646103967699,18.373428297968687,-11.443232656758578,1,0.0,0.0,interior
T097,L,2053,T007,253,0,mapped,-10.962951266259047,18.43600950927436,-11.197664908074172,1,0.0,0.0,interior
T097,L,2054,T007,254,0,mapped,-10.980841061464641,18.482460738808086,-11.02364791074772,1,0.0,0.0,interior
T097,L,2055,T007,255,0,mapped,-11.052728906580322,18.548048322520252,-10.818861041749972,1,0.0,0.0,interior
T097,L,2056,T007,256,0,mapped,-11.182516405972061,18.651025426409838,-10.585990116272272,1,0.0,0.0,interior
T097,L,2057,T007,257,0,mapped,-11.34306695221366,18.78770398723742,-10.410368305712863,1,0.0,0.0,interior
T097,L,2058,T007,258,0,mapped,-11.466938257416627,18.856757568404127,-10.212596137441249,2,4.742874840267547e-16,2.3714374201337736e-16,shared_edge
T097,L,2059,T007,259,0,mapped,-10.690923147962355,17.711411626271804,-12.820859934339651,1,0.0,0.0,interior
T097,L,2060,T007,260,0,mapped,-10.792500076642781,17.847053791142013,-12.632493298236495,1,0.0,0.0,interior
T097,L,2061,T007,261,0,mapped,-10.914544408947952,17.86971885868241,-12.380641920448976,1,0.0,0.0,interior
T097,L,2062,T007,262,0,mapped,-10.98771679517089,18.00419559146643,-12.084887221306566,1,0.0,0.0,interior
T097,L,2063,T007,263,0,mapped,-11.052346279191148,18.06066764396853,-11.78876070642027,1,0.0,0.0,interior
T097,L,2064,T007,264,0,mapped,-11.087023217773888,18.123437013583338,-11.447919860922873,1,0.0,0.0,interior
T097,L,2065,T007,265,0,mapped,-11.089476481370147,18.143765270963243,-11.212500834800714,1,0.0,0.0,interior
T097,L,2066,T007,266,0,mapped,-11.092055591543284,18.19426398076118,-11.00573155293847,1,0.0,0.0,interior
T097,L,2067,T007,267,0,mapped,-11.123372613783545,18.279513940170727,-10.7883846837423,1,0.0,0.0,interior
T097,L,2068,T007,268,0,mapped,-11.182117450476133,18.355273162338957,-10.543435447062421,1,0.0,0.0,interior
T097,L,2069,T007,269,0,mapped,-11.319490992540294,18.43882455178837,-10.314767885848234,2,6.661338147750939e-16,3.3306690738754696e-16,shared_edge
T097,L,2070,T007,270,0,mapped,-10.726876296317048,17.370439182722812,-12.807026434900482,1,0.0,0.0,interior
T097,L,2071,T007,271,0,mapped,-10.85933929050573,17.533190047007977,-12.603853335925821,1,0.0,0.0,interior
T097,L,2072,T007,272,0,mapped,-11.028921106181148,17.58957119673102,-12.286482368055498,1,0.0,0.0,interior
T097,L,2073,T007,273,0,mapped,-11.12705318498696,17.629027432998,-12.027156557835047,1,0.0,0.0,interior
T097,L,2074,T007,274,0,mapped,-11.175713708281105,17.70703376323897,-11.764299100266161,1,0.0,0.0,interior
T097,L,2075,T007,275,0,mapped,-11.192658382566117,17.821105617750334,-11.52809588795327,1,0.0,0.0,interior
T097,L,2076,T007,276,0,mapped,-11.20574936640127,17.890398438035223,-11.270778142341982,1,0.0,0.0,interior
T097,L,2077,T007,277,0,mapped,-11.222001970161969,17.916478659208337,-11.045360397319389,1,0.0,0.0,interior
T097,L,2078,T007,278,0,mapped,-11.228901833448937,17.9907450282438,-10.735273605561511,1,0.0,0.0,interior
T097,L,2079,T007,279,0,mapped,-11.216084078206528,18.064980030776272,-10.53343042158489,2,2.220446049250313e-16,1.1102230246251563e-16,shared_edge
T097,L,2080,T007,280,0,mapped,-10.762969503220226,17.029120946046852,-12.798946212148863,1,0.0,0.0,interior
T097,L,2081,T007,281,0,mapped,-10.99632412507354,17.11326588387348,-12.5282614885189,1,0.0,0.0,interior
T097,L,2082,T007,282,0,mapped,-11.120820594734298,17.250405294007386,-12.28402339129217,1,0.0,0.0,interior
T097,L,2083,T007,283,0,mapped,-11.209752936651418,17.270677035982676,-12.058506370452779,1,0.0,0.0,interior
T097,L,2084,T007,284,0,mapped,-11.26958716564717,17.44854206507737,-11.719970936468954,1,0.0,0.0,interior
T097,L,2085,T007,285,0,mapped,-11.308848269148044,17.496058371030387,-11.491733990999016,1,0.0,0.0,interior
T097,L,2086,T007,286,0,mapped,-11.364700274336979,17.521655091255017,-11.229413330339455,1,0.0,0.0,interior
T097,L,2087,T007,287,0,mapped,-11.37356734224584,17.63453204873169,-11.004744998486384,1,0.0,0.0,interior
T097,L,2088,T007,288,0,mapped,-11.362742856230565,17.705550792551673,-10.754952520444487,2,1.0532500405730105e-15,5.266250202865053e-16,shared_edge
T097,L,2089,T007,289,0,mapped,-10.79791084879146,16.69145053042812,-12.74830219933667,1,0.0,0.0,interior
T097,L,2090,T007,290,0,mapped,-11.085034895149024,16.738065431405246,-12.441737613870231,1,0.0,0.0,interior
T097,L,2091,T007,291,0,mapped,-11.195144512893553,16.870425370045915,-12.25181422598069,1,0.0,0.0,interior
T097,L,2092,T007,292,0,mapped,-11.297407570229318,17.03668169858738,-11.960245762705814,1,0.0,0.0,interior
T097,L,2093,T007,293,0,mapped,-11.361598165655003,17.02381775033512,-11.772429334714165,1,0.0,0.0,interior
T097,L,2094,T007,294,0,mapped,-11.418549872392926,17.130562589933135,-11.46796529248809,1,0.0,0.0,interior
T097,L,2095,T007,295,0,mapped,-11.446717566391392,17.258675319422306,-11.19916962180994,1,0.0,0.0,interior
T097,L,2096,T007,296,0,mapped,-11.496514987398093,17.329967308234846,-10.915818453480505,2,5.4672143489065705e-16,2.7336071744532853e-16,shared_edge
T097,L,2097,T007,297,0,mapped,-10.832136028363086,16.357166148443934,-12.677802458859583,1,0.0,0.0,interior
T097,L,2098,T007,298,0,mapped,-11.06401888184875,16.403734041928256,-12.437833915676222,1,0.0,0.0,interior
T097,L,2099,T007,299,0,mapped,-11.227905060800357,16.52953998849392,-12.203114444695764,1,0.0,0.0,interior
T097,L,2100,T007,300,0,mapped,-11.37470454209394,16.577009495570483,-11.90410430544847,1,0.0,0.0,interior
T097,L,2101,T007,301,0,mapped,-11.431193440691182,16.72693656052562,-11.726603876193792,1,0.0,0.0,interior
T097,L,2102,T007,302,0,mapped,-11.494224206783958,16.858752038787024,-11.417389325786132,1,0.0,0.0,interior
T097,L,2103,T007,303,0,mapped,-11.547295586199507,16.912340748370365,-11.077031759397407,2,9.39188966358397e-16,4.695944831791985e-16,shared_edge
T097,L,2104,T007,304,0,mapped,-10.848724414511263,16.02604787250251,-12.608004163290817,1,0.0,0.0,interior
T097,L,2105,T007,305,0,mapped,-11.132399071888914,16.117400258288146,-12.322485940691234,1,0.0,0.0,interior
T097,L,2106,T007,306,0,mapped,-11.301734775340922,16.22350203823502,-12.073373159807787,1,0.0,0.0,interior
T097,L,2107,T007,307,0,mapped,-11.425934002731841,16.27164329715532,-11.824186821073578,1,0.0,0.0,interior
T097,L,2108,T007,308,0,mapped,-11.513081205049737,16.420519667336237,-11.607482888391315,1,0.0,0.0,interior
T097,L,2109,T007,309,0,mapped,-11.595442067610541,16.507588874262694,-11.266665492815392,2,9.155133597044477e-16,4.577566798522237e-16,shared_edge
T097,L,2110,T007,310,0,mapped,-10.896951855414141,15.714112917183764,-12.485279694098468,1,0.0,0.0,interior
T097,L,2111,T007,311,0,mapped,-11.144997445966546,15.7952589923038,-12.247048339462017,1,0.0,0.0,interior
T097,L,2112,T007,312,0,mapped,-11.304247658910988,15.858749892536833,-12.018322580117228,1,0.0,0.0,interior
T097,L,2113,T007,313,0,mapped,-11.474486429417853,16.049777791801006,-11.69068834264884,1,0.0,0.0,interior
T097,L,2114,T007,314,0,mapped,-11.595704627713209,16.076221307381196,-11.394227061049676,2,8.881784197001252e-16,4.440892098500626e-16,shared_edge
T097,L,2115,T007,315,0,mapped,-10.928707573561402,15.39457667045104,-12.364474594324745,1,0.0,0.0,interior
T097,L,2116,T007,316,0,mapped,-11.195255445728252,15.489252076206656,-12.063939745542665,1,0.0,0.0,interior
T097,L,2117,T007,317,0,mapped,-11.353229154604577,15.613677461749766,-11.876692342813106,1,0.0,0.0,interior
T097,L,2118,T007,318,0,mapped,-11.51203075700964,15.714675829248216,-11.563224705954392,2,1.1102230246251563e-16,5.551115123125783e-17,shared_edge
T097,L,2119,T007,319,0,mapped,-10.955101807237675,15.100230170493571,-12.193385780428823,1,0.0,0.0,interior
T097,L,2120,T007,320,0,mapped,-11.20646937070858,15.213221795537935,-11.914874394840709,1,0.0,0.0,interior
T097,L,2121,T007,321,0,mapped,-11.410588229337558,15.300919833460988,-11.640693241101236,2,4.965068306494546e-16,2.482534153247273e-16,shared_edge
T097,L,2122,T007,322,0,mapped,-10.982795020788618,14.822511845897616,-11.994283916609422,1,0.0,0.0,interior
T097,L,2123,T007,323,0,mapped,-11.240862156589532,14.87922700967859,-11.666609185923779,2,8.881784197001252e-16,4.440892098500626e-16,shared_edge
T097,L,2124,T013,0,-1,landmark_vertex,-11.005777165911283,14.567367376059831,-11.76564575898897,3,0.0,0.0,landmark
T097,L,2125,T008,0,0,mapped,-25.715617850319347,19.1451798043644,-6.644298736710365,1,0.0,0.0,landmark
T097,L,2126,T008,1,0,mapped,-25.160469764527544,18.905006864071687,-7.914768535353163,1,0.0,0.0,interior
T097,L,2127,T008,2,0,mapped,-25.40054908008257,17.95929489928427,-8.968846535872212,1,0.0,0.0,interior
T097,L,2128,T008,3,0,mapped,-26.08666709774814,17.239972507124303,-9.983756372027926,1,0.0,0.0,interior
T097,L,2129,T008,4,0,mapped,-27.296774783921705,16.548704177021772,-10.38752174318051,1,0.0,0.0,interior
T097,L,2130,T008,5,0,mapped,-28.527992130339527,15.675666630373826,-10.422634178349398,1,0.0,0.0,interior
T097,L,2131,T008,6,0,mapped,-29.838745334236318,15.0201867302091,-10.421609389017757,1,0.0,0.0,interior
T097,L,2132,T008,7,0,mapped,-31.0778971661035,14.306679664342049,-10.334198177139303,1,0.0,0.0,interior
T097,L,2133,T008,8,0,mapped,-32.31430300990368,13.434583331981656,-10.312090874700479,1,0.0,0.0,interior
T097,L,2134,T008,9,0,mapped,-33.51976747055254,12.570868070966142,-10.52796651002264,1,0.0,0.0,interior
T097,L,2135,T008,10,0,mapped,-34.45974653960276,11.47516203035615,-10.780673260602093,1,0.0,0.0,interior
T097,L,2136,T008,11,0,mapped,-34.9975619041318,10.16624222133353,-11.166470708230538,1,0.0,0.0,interior
T097,L,2137,T008,12,0,mapped,-35.13854034845066,8.98616258330475,-12.039793221525063,1,0.0,0.0,interior
T097,L,2138,T008,13,0,mapped,-34.79078124540636,8.155252688049021,-13.168467476176275,1,0.0,0.0,interior
T097,L,2139,T008,14,0,mapped,-33.828109568056234,7.466545946019615,-13.986859412558177,1,0.0,0.0,interior
T097,L,2140,T008,15,0,mapped,-32.433277637009965,7.367077018016198,-14.442645083596846,1,0.0,0.0,interior
T097,L,2141,T008,16,0,mapped,-31.06781093378209,7.942789297650675,-14.426996105445653,1,0.0,0.0,interior
T097,L,2142,T008,17,0,mapped,-29.943123992313257,8.964218335745382,-14.38257259749331,1,0.0,0.0,interior
T097,L,2143,T008,18,0,mapped,-28.519108174943177,9.4415307563663,-14.372548626531113,1,0.0,0.0,interior
T097,L,2144,T008,19,0,mapped,-27.116001766622922,9.774696391343117,-14.649016413173737,1,0.0,0.0,interior
T097,L,2145,T008,20,0,mapped,-25.671287460220217,10.156011559773367,-14.766771687605846,1,0.0,0.0,interior
T097,L,2146,T008,21,0,mapped,-24.177799472236444,10.432452747440568,-14.768956720170387,1,0.0,0.0,interior
T097,L,2147,T008,22,0,mapped,-22.66127059680877,10.539077184751573,-14.78103680638416,1,0.0,0.0,interior
T097,L,2148,T008,23,0,mapped,-21.207935827610818,10.881251875078982,-14.776520419259574,1,0.0,0.0,interior
T097,L,2149,T008,24,-1,landmark_vertex,-19.790111729435235,11.031624349941307,-14.587105957084777,4,0.0,0.0,landmark
T097,L,2150,T008,25,0,mapped,-25.41818007001916,19.32539653436989,-7.952198262899813,1,0.0,0.0,interior
T097,L,2151,T008,26,0,mapped,-25.56376504737375,18.65569499644739,-9.156978361645201,1,0.0,0.0,interior
T097,L,2152,T008,27,0,mapped,-26.116862084176795,17.96918149737989,-10.1774865873642,1,0.0,0.0,interior
T097,L,2153,T008,28,0,mapped,-27.29950668646411,17.08565681461116,-10.62515377574595,1,0.0,0.0,interior
T097,L,2154,T008,29,0,mapped,-28.648881869343253,16.30476496565293,-10.78179761012099,1,0.0,0.0,interior
T097,L,2155,T008,30,0,mapped,-29.830243906952457,15.628394296781265,-10.772108549187667,1,0.0,0.0,interior
T097,L,2156,T008,31,0,mapped,-30.996802576898638,14.884416933523458,-10.664882042238702,1,0.0,0.0,interior
T097,L,2157,T008,32,0,mapped,-32.285257477760055,14.030696975203256,-10.611472620228167,1,0.0,0.0,interior
T097,L,2158,T008,33,0,mapped,-33.40956170150925,13.150066563294088,-10.74088817660385,1,0.0,0.0,interior
T097,L,2159,T008,34,0,mapped,-34.45372609280631,12.192312949457785,-11.139296529509899,1,0.0,0.0,interior
T097,L,2160,T008,35,0,mapped,-35.25065776885806,10.868751454083784,-11.621088920222224,1,0.0,0.0,interior
T097,L,2161,T008,36,0,mapped,-35.41012274889211,9.705103635978546,-12.34321667792846,1,0.0,0.0,interior
T097,L,2162,T008,37,0,mapped,-35.18300983305393,8.824272954557472,-13.480381720950968,1,0.0,0.0,interior
T097,L,2163,T008,38,0,mapped,-34.225761853268935,8.034677893396621,-14.393455453646625,1,0.0,0.0,interior
T097,L,2164,T008,39,0,mapped,-32.885078945032056,7.907843828597011,-14.973186425120597,1,0.0,0.0,interior
T097,L,2165,T008,40,0,mapped,-31.579418496497006,8.409796978256136,-14.975060963998388,1,0.0,0.0,interior
T097,L,2166,T008,41,0,mapped,-30.228617716583656,9.323111257796368,-14.694374226685238,1,0.0,0.0,interior
T097,L,2167,T008,42,0,mapped,-28.79839434594195,9.807138845330398,-14.790133256440924,1,0.0,0.0,interior
T097,L,2168,T008,43,0,mapped,-27.361500873109755,10.050507969031457,-15.004090276317692,1,0.0,0.0,interior
T097,L,2169,T008,44,0,mapped,-26.035199968538414,10.331761487981993,-15.069735372412858,1,0.0,0.0,interior
T097,L,2170,T008,45,0,mapped,-24.713938079212426,10.793128753325327,-15.069151014553999,1,0.0,0.0,interior
T097,L,2171,T008,46,0,mapped,-23.29611605316578,10.89001629825216,-14.984644280499012,1,0.0,0.0,interior
T097,L,2172,T008,47,0,mapped,-21.69141110060226,11.150442203375544,-14.8585352238317,1,0.0,0.0,interior
T097,L,2173,T011,322,0,mapped,-20.5055648139939,11.146007987375306,-14.689706605043428,2,0.4147906333764583,0.2073953166882291,shared_edge
T097,L,2174,T008,49,0,mapped,-25.7462094130383,19.43594490963139,-9.313915287771486,1,0.0,0.0,interior
T097,L,2175,T008,50,0,mapped,-26.189040759642673,18.636066181382162,-10.36173405251132,1,0.0,0.0,interior
T097,L,2176,T008,51,0,mapped,-27.336789879939996,17.822128365045838,-10.918151141953764,1,0.0,0.0,interior
T097,L,2177,T008,52,0,mapped,-28.73726094863247,16.938632437990016,-11.129457147681805,1,0.0,0.0,interior
T097,L,2178,T008,53,0,mapped,-29.881410647583145,16.255145150759883,-11.13189468800471,1,0.0,0.0,interior
T097,L,2179,T008,54,0,mapped,-31.014249329404553,15.536053480964956,-11.05600419689491,1,0.0,0.0,interior
T097,L,2180,T008,55,0,mapped,-32.30499464305071,14.654839447334371,-11.019256236038503,1,0.0,0.0,interior
T097,L,2181,T008,56,0,mapped,-33.553685015494864,13.831095607329027,-11.158380448828582,1,0.0,0.0,interior
T097,L,2182,T008,57,0,mapped,-34.543865881837256,12.80139362319688,-11.417792226945558,1,0.0,0.0,interior
T097,L,2183,T008,58,0,mapped,-35.42570376747007,11.696122899175233,-11.977217369133168,1,0.0,0.0,interior
T097,L,2184,T008,59,0,mapped,-35.673676180822476,10.412234551129334,-12.634728030073088,1,0.0,0.0,interior
T097,L,2185,T008,60,0,mapped,-35.51569494144104,9.471162533165423,-13.723337743199286,1,0.0,0.0,interior
T097,L,2186,T008,61,0,mapped,-34.66831184513968,8.6586180496301,-14.719494653469074,1,0.0,0.0,interior
T097,L,2187,T008,62,0,mapped,-33.27938845458077,8.45198160084022,-15.414352845012289,1,0.0,0.0,interior
T097,L,2188,T008,63,0,mapped,-31.888151274424267,8.787398546847422,-15.357141318259183,1,0.0,0.0,interior
T097,L,2189,T008,64,0,mapped,-30.491372211289264,9.644598480403282,-15.015373108222224,1,0.0,0.0,interior
T097,L,2190,T008,65,0,mapped,-29.204321631424694,10.033788871132185,-15.048733365925472,1,0.0,0.0,interior
T097,L,2191,T008,66,0,mapped,-27.672130313774602,10.300769299579372,-15.370889342531362,1,0.0,0.0,interior
T097,L,2192,T008,67,0,mapped,-26.386401834050606,10.503321170509137,-15.36395962646012,1,0.0,0.0,interior
T097,L,2193,T008,68,0,mapped,-25.1048276866788,10.951670944100698,-15.290295114193215,1,0.0,0.0,interior
T097,L,2194,T008,69,0,mapped,-23.769247150847455,11.219689441455529,-15.163640156826526,1,0.0,0.0,interior
T097,L,2195,T008,70,0,mapped,-22.21691956514106,11.528063101001464,-14.961312514561923,1,0.0,0.0,interior
T097,L,2196,T008,71,0,mapped,-20.972673682164455,11.725244484745264,-14.684325466103637,2,9.155133597044477e-16,4.577566798522237e-16,shared_edge
T097,L,2197,T008,72,0,mapped,-26.336616704280473,19.365127973899337,-10.5305354097794,1,0.0,0.0,interior
T097,L,2198,T008,73,0,mapped,-27.29818122537911,18.582315887332918,-11.219329247218315,1,0.0,0.0,interior
T097,L,2199,T008,74,0,mapped,-28.769663311098032,17.64839733996326,-11.477060243695083,1,0.0,0.0,interior
T097,L,2200,T008,75,0,mapped,-29.931838926678708,16.90598835607635,-11.489914701035847,1,0.0,0.0,interior
T097,L,2201,T008,76,0,mapped,-31.03593240104542,16.20701889232309,-11.432088272537401,1,0.0,0.0,interior
T097,L,2202,T008,77,0,mapped,-32.29684561070246,15.374454630613645,-11.437899080195535,1,0.0,0.0,interior
T097,L,2203,T008,78,0,mapped,-33.63879231385901,14.35592404130896,-11.529339833707713,1,0.0,0.0,interior
T097,L,2204,T008,79,0,mapped,-34.61579837616666,13.449192182085644,-11.831106456285635,1,0.0,0.0,interior
T097,L,2205,T008,80,0,mapped,-35.52363011023315,12.396056371536673,-12.275263193511103,1,0.0,0.0,interior
T097,L,2206,T008,81,0,mapped,-35.89878731252007,11.179069387273405,-12.843321506781633,1,0.0,0.0,interior
T097,L,2207,T008,82,0,mapped,-35.822122938530995,10.028302988554945,-14.025743760908568,1,0.0,0.0,interior
T097,L,2208,T008,83,0,mapped,-35.04308106584379,9.22969931017656,-14.969009930094547,1,0.0,0.0,interior
T097,L,2209,T008,84,0,mapped,-33.77818065380812,8.945749883656308,-15.76622415651414,1,0.0,0.0,interior
T097,L,2210,T008,85,0,mapped,-32.25831400560811,9.193317162229128,-15.777047631006115,1,0.0,0.0,interior
T097,L,2211,T008,86,0,mapped,-30.978040831027187,9.966309475396958,-15.460434103781392,1,0.0,0.0,interior
T097,L,2212,T008,87,0,mapped,-29.45114916115828,10.372955834800889,-15.391232444613015,1,0.0,0.0,interior
T097,L,2213,T008,88,0,mapped,-27.970337947096002,10.493421000755022,-15.590303856454579,1,0.0,0.0,interior
T097,L,2214,T008,89,0,mapped,-26.56892142240153,10.792348774111588,-15.746251737949502,1,0.0,0.0,interior
T097,L,2215,T008,90,0,mapped,-25.475046907802785,11.253029898509924,-15.552509042903566,1,0.0,0.0,interior
T097,L,2216,T008,91,0,mapped,-24.17265930238138,11.59367251768382,-15.334974005388572,1,0.0,0.0,interior
T097,L,2217,T008,92,0,mapped,-22.79314378739664,11.972499105650858,-15.053206709986103,1,0.0,0.0,interior
T097,L,2218,T008,93,0,mapped,-21.53707339185152,12.141893390067073,-14.703673122171901,2,0.0,0.0,shared_edge
T097,L,2219,T008,94,0,mapped,-27.198221765310272,19.550802732591965,-11.580024725664355,1,0.0,0.0,interior
T097,L,2220,T008,95,0,mapped,-28.662767705227836,18.46232216484531,-11.800149667622911,1,0.0,0.0,interior
T097,L,2221,T008,96,0,mapped,-29.947476926024226,17.587296710626823,-11.84236388822599,1,0.0,0.0,interior
T097,L,2222,T008,97,0,mapped,-31.05060538011974,16.87186916783795,-11.777533074710163,1,0.0,0.0,interior
T097,L,2223,T008,98,0,mapped,-32.27918833921049,16.084195289195165,-11.795035555253712,1,0.0,0.0,interior
T097,L,2224,T008,99,0,mapped,-33.62553388661557,15.0889323795962,-11.908716935683959,1,0.0,0.0,interior
T097,L,2225,T008,100,0,mapped,-34.66768596666836,14.011376612369869,-12.11429020314956,1,0.0,0.0,interior
T097,L,2226,T008,101,0,mapped,-35.60283494325458,13.027829088232934,-12.557703791503492,1,0.0,0.0,interior
T097,L,2227,T008,102,0,mapped,-36.10090948466168,11.84212300442717,-13.120357317934287,1,0.0,0.0,interior
T097,L,2228,T008,103,0,mapped,-36.158743396614156,10.7275649781527,-14.225391579902768,1,0.0,0.0,interior
T097,L,2229,T008,104,0,mapped,-35.424577242091935,9.841048657932577,-15.313645409389117,1,0.0,0.0,interior
T097,L,2230,T008,105,0,mapped,-34.23030919943614,9.442901384914636,-16.08510980923684,1,0.0,0.0,interior
T097,L,2231,T008,106,0,mapped,-32.66810806249144,9.632239048055736,-16.195596327621786,1,0.0,0.0,interior
T097,L,2232,T008,107,0,mapped,-31.34193123432901,10.270912822424656,-15.830064061537755,1,0.0,0.0,interior
T097,L,2233,T008,108,0,mapped,-29.907208140144718,10.71663242461879,-15.713405291304584,1,0.0,0.0,interior
T097,L,2234,T008,109,0,mapped,-28.325362917792514,10.789726955879106,-15.95139800108062,1,0.0,0.0,interior
T097,L,2235,T008,110,0,mapped,-26.935211095958156,11.105499661945068,-16.136646465790687,1,0.0,0.0,interior
T097,L,2236,T008,111,0,mapped,-25.750001834351004,11.513708759891031,-15.81058448379746,1,0.0,0.0,interior
T097,L,2237,T008,112,0,mapped,-24.612577666998874,11.967363975846807,-15.476271021126045,1,0.0,0.0,interior
T097,L,2238,T008,113,0,mapped,-23.427711386124642,12.237079955111696,-15.172197696197745,1,0.0,0.0,interior
T097,L,2239,T008,114,0,mapped,-22.167195067762215,12.5150851569596,-14.690006369165655,2,3.722145839155691e-15,1.8610729195778454e-15,shared_edge
T097,L,2240,T008,115,0,mapped,-28.46488920689101,19.318786630379865,-12.098546707953764,1,0.0,0.0,interior
T097,L,2241,T008,116,0,mapped,-29.897848099466838,18.321660843556494,-12.187570152930387,1,0.0,0.0,interior
T097,L,2242,T008,117,0,mapped,-31.057660423830164,17.534484759629127,-12.102423862914758,1,0.0,0.0,interior
T097,L,2243,T008,118,0,mapped,-32.25900332328672,16.75451680697147,-12.103172358221041,1,0.0,0.0,interior
T097,L,2244,T008,119,0,mapped,-33.691247571089974,15.871591396145723,-12.278661430103806,1,0.0,0.0,interior
T097,L,2245,T008,120,0,mapped,-34.691136252863856,14.636505639980374,-12.330089182956964,1,0.0,0.0,interior
T097,L,2246,T008,121,0,mapped,-35.652253214600236,13.677602752677345,-12.845540587678205,1,0.0,0.0,interior
T097,L,2247,T008,122,0,mapped,-36.35394273220871,12.552474160069231,-13.497272818016915,1,0.0,0.0,interior
T097,L,2248,T008,123,0,mapped,-36.412262930216286,11.335870506533961,-14.475279590230478,1,0.0,0.0,interior
T097,L,2249,T008,124,0,mapped,-35.831794646809,10.551228132310463,-15.656773255314452,1,0.0,0.0,interior
T097,L,2250,T008,125,0,mapped,-34.697696374434585,10.08067657756386,-16.45741814485275,1,0.0,0.0,interior
T097,L,2251,T008,126,0,mapped,-33.078590343527324,9.956551224259027,-16.535926492917554,1,0.0,0.0,interior
T097,L,2252,T008,127,0,mapped,-31.65283193397,10.737368387592568,-16.23486556095397,1,0.0,0.0,interior
T097,L,2253,T008,128,0,mapped,-30.308697961605496,11.12733235501085,-16.069902088425742,1,0.0,0.0,interior
T097,L,2254,T008,129,0,mapped,-28.746815632613075,11.089390024162274,-16.21802280468985,1,0.0,0.0,interior
T097,L,2255,T008,130,0,mapped,-27.279297585596083,11.337606597987794,-16.407292600755355,1,0.0,0.0,interior
T097,L,2256,T008,131,0,mapped,-26.04139418610874,11.782502797803703,-16.11081825738751,1,0.0,0.0,interior
T097,L,2257,T008,132,0,mapped,-25.07867487554868,12.382153952388006,-15.631517393017582,1,0.0,0.0,interior
T097,L,2258,T008,133,0,mapped,-23.960365725820864,12.656982659613584,-15.206918119558765,1,0.0,0.0,interior
T097,L,2259,T008,134,0,mapped,-22.811710224152208,12.88357717990986,-14.646428439612526,2,1.2560739669470201e-15,6.280369834735102e-16,shared_edge
T097,L,2260,T008,135,0,mapped,-29.768028055066072,19.175155990467378,-12.544493498338285,1,0.0,0.0,interior
T097,L,2261,T008,136,0,mapped,-31.058391144282094,18.207605126352806,-12.431515137284194,1,0.0,0.0,interior
T097,L,2262,T008,137,0,mapped,-32.228723822316084,17.392602260028628,-12.38252127081848,1,0.0,0.0,interior
T097,L,2263,T008,138,0,mapped,-33.65114520729797,16.555937353152242,-12.564119082293413,1,0.0,0.0,interior
T097,L,2264,T008,139,0,mapped,-34.84904017401095,15.421090770680998,-12.70301094402239,1,0.0,0.0,interior
T097,L,2265,T008,140,0,mapped,-35.734427227679554,14.396247774808351,-13.168290217896548,1,0.0,0.0,interior
T097,L,2266,T008,141,0,mapped,-36.52987131107192,13.30897040281825,-13.7663219023755,1,0.0,0.0,interior
T097,L,2267,T008,142,0,mapped,-36.72952417578273,12.028122181822983,-14.757941044466858,1,0.0,0.0,interior
T097,L,2268,T008,143,0,mapped,-36.258608875222706,11.141131990364658,-15.748998294656477,1,0.0,0.0,interior
T097,L,2269,T008,144,0,mapped,-35.01837378810248,10.582567196178655,-16.771800847097545,1,0.0,0.0,interior
T097,L,2270,T008,145,0,mapped,-33.47651015624728,10.425440411044438,-16.92859796874591,1,0.0,0.0,interior
T097,L,2271,T008,146,0,mapped,-32.056903399389206,11.06220015767565,-16.652298059181422,1,0.0,0.0,interior
T097,L,2272,T008,147,0,mapped,-30.719565021681362,11.558587207726376,-16.454190109145912,1,0.0,0.0,interior
T097,L,2273,T008,148,0,mapped,-29.12893786112621,11.495475569155246,-16.615832442645868,1,0.0,0.0,interior
T097,L,2274,T008,149,0,mapped,-27.669756033520436,11.604849669367237,-16.733976041598233,1,0.0,0.0,interior
T097,L,2275,T008,150,0,mapped,-26.3536724159512,12.1523085926193,-16.447931464833758,1,0.0,0.0,interior
T097,L,2276,T008,151,0,mapped,-25.484384005393416,12.69831033852843,-15.850149986413914,1,0.0,0.0,interior
T097,L,2277,T008,152,0,mapped,-24.516796094154582,13.0720575616552,-15.252877654281685,1,0.0,0.0,interior
T097,L,2278,T008,153,0,mapped,-23.45911344498291,13.240341398294436,-14.631828551184205,2,0.0,0.0,shared_edge
T097,L,2279,T008,154,0,mapped,-31.086116575086276,19.00756106162177,-12.822614471200277,1,0.0,0.0,interior
T097,L,2280,T008,155,0,mapped,-32.23418363408662,18.01164819943007,-12.664930904352772,1,0.0,0.0,interior
T097,L,2281,T008,156,0,mapped,-33.550158245134,17.133433801230645,-12.78541534347462,1,0.0,0.0,interior
T097,L,2282,T008,157,0,mapped,-34.84394166115051,16.17602505939553,-13.0223911134227,1,0.0,0.0,interior
T097,L,2283,T008,158,0,mapped,-35.69060471029519,15.00868607157005,-13.38954940793982,1,0.0,0.0,interior
T097,L,2284,T008,159,0,mapped,-36.69452277225281,14.017531740490583,-14.061019584553403,1,0.0,0.0,interior
T097,L,2285,T008,160,0,mapped,-36.93349352789672,12.718039517552258,-14.832528883384255,1,0.0,0.0,interior
T097,L,2286,T008,161,0,mapped,-36.52962852175175,11.73235090082215,-16.02463403488343,1,0.0,0.0,interior
T097,L,2287,T008,162,0,mapped,-35.33884303906544,11.146096326096762,-17.059809290043688,1,0.0,0.0,interior
T097,L,2288,T008,163,0,mapped,-33.87492081243253,10.956272992443928,-17.3300803053556,1,0.0,0.0,interior
T097,L,2289,T008,164,0,mapped,-32.41398038780241,11.411416001338095,-17.045338850750642,1,0.0,0.0,interior
T097,L,2290,T008,165,0,mapped,-31.108520887925103,11.9332784899258,-16.772667738925062,1,0.0,0.0,interior
T097,L,2291,T008,166,0,mapped,-29.5405221649869,11.951805617664213,-17.025094826571646,1,0.0,0.0,interior
T097,L,2292,T008,167,0,mapped,-28.071714397595052,12.085581933005189,-17.193011445779664,1,0.0,0.0,interior
T097,L,2293,T008,168,0,mapped,-26.726185378277442,12.488452162142256,-16.809901343563453,1,0.0,0.0,interior
T097,L,2294,T008,169,0,mapped,-25.837120867250675,13.015522470257356,-16.110100015727063,1,0.0,0.0,interior
T097,L,2295,T008,170,0,mapped,-24.98319192463721,13.503184908576458,-15.344630328066296,1,0.0,0.0,interior
T097,L,2296,T008,171,0,mapped,-24.03178055200781,13.707395216374893,-14.573614262131091,2,4.265337574760008e-15,2.132668787380004e-15,shared_edge
T097,L,2297,T008,172,0,mapped,-32.33243795177847,18.627029653582266,-12.98296080853063,1,0.0,0.0,interior
T097,L,2298,T008,173,0,mapped,-33.51450070084557,17.67143648376651,-13.025293202980755,1,0.0,0.0,interior
T097,L,2299,T008,174,0,mapped,-34.88348637762452,16.765888406615698,-13.306877949544806,1,0.0,0.0,interior
T097,L,2300,T008,175,0,mapped,-35.761926970457125,15.697165532641433,-13.654388588992868,1,0.0,0.0,interior
T097,L,2301,T008,176,0,mapped,-36.790948445052166,14.745314397733551,-14.3116671177332,1,0.0,0.0,interior
T097,L,2302,T008,177,0,mapped,-37.16742292771311,13.488278195358518,-15.13314720113734,1,0.0,0.0,interior
T097,L,2303,T008,178,0,mapped,-36.8610901137191,12.379090023279069,-16.28983967976969,1,0.0,0.0,interior
T097,L,2304,T008,179,0,mapped,-35.690660038315386,11.647988696583017,-17.260316540456376,1,0.0,0.0,interior
T097,L,2305,T008,180,0,mapped,-34.255706782777395,11.589310451356187,-17.745286539338455,1,0.0,0.0,interior
T097,L,2306,T008,181,0,mapped,-32.803900042249154,11.835464775686013,-17.45569200424623,1,0.0,0.0,interior
T097,L,2307,T008,182,0,mapped,-31.472849620130617,12.399715363769769,-17.12378215196911,1,0.0,0.0,interior
T097,L,2308,T008,183,0,mapped,-29.89026250912783,12.474410625627216,-17.334559607658356,1,0.0,0.0,interior
T097,L,2309,T008,184,0,mapped,-28.37937049998714,12.436655785071036,-17.46061731280394,1,0.0,0.0,interior
T097,L,2310,T008,185,0,mapped,-27.01928260031876,12.859245902465462,-17.143786238254258,1,0.0,0.0,interior
T097,L,2311,T008,186,0,mapped,-26.223511879948,13.390324456073511,-16.491300138765254,1,0.0,0.0,interior
T097,L,2312,T008,187,0,mapped,-25.476887695918023,13.876546588621624,-15.58050475523749,1,0.0,0.0,interior
T097,L,2313,T008,188,0,mapped,-24.612449515635923,14.049643523544896,-14.7689081411989,2,9.992007221626409e-16,4.996003610813204e-16,shared_edge
T097,L,2314,T008,189,0,mapped,-33.623724007599044,18.205732949207523,-13.316901010353625,1,0.0,0.0,interior
T097,L,2315,T008,190,0,mapped,-34.856033460192606,17.405932004750454,-13.567957113850957,1,0.0,0.0,interior
T097,L,2316,T008,191,0,mapped,-35.95234008455786,16.46648580329675,-14.081868466681325,1,0.0,0.0,interior
T097,L,2317,T008,192,0,mapped,-36.86039241700152,15.455255549658528,-14.569708657483552,1,0.0,0.0,interior
T097,L,2318,T008,193,0,mapped,-37.372739023666796,14.205762191393175,-15.42462959274336,1,0.0,0.0,interior
T097,L,2319,T008,194,0,mapped,-37.12944102296407,13.032468453455458,-16.511718473479803,1,0.0,0.0,interior
T097,L,2320,T008,195,0,mapped,-36.18202793568177,12.268651821332941,-17.399522812097942,1,0.0,0.0,interior
T097,L,2321,T008,196,0,mapped,-34.68397645732047,12.060579764332866,-18.04403707505789,1,0.0,0.0,interior
T097,L,2322,T008,197,0,mapped,-33.18876988407501,12.199695665966662,-17.861851317738576,1,0.0,0.0,interior
T097,L,2323,T008,198,0,mapped,-31.805225366042055,12.86098534592086,-17.44381156499971,1,0.0,0.0,interior
T097,L,2324,T008,199,0,mapped,-30.361231084247525,12.828927757833613,-17.50040162289255,1,0.0,0.0,interior
T097,L,2325,T008,200,0,mapped,-28.834222285359207,12.984953294129465,-17.738864232364485,1,0.0,0.0,interior
T097,L,2326,T008,201,0,mapped,-27.312106787211537,13.246275451922564,-17.444815541868287,1,0.0,0.0,interior
T097,L,2327,T008,202,0,mapped,-26.533551315125806,13.895484781378345,-16.854677527436845,1,0.0,0.0,interior
T097,L,2328,T008,203,0,mapped,-25.912029815306347,14.351930711420076,-15.850659318164645,1,0.0,0.0,interior
T097,L,2329,T008,204,0,mapped,-25.145895298545568,14.449090842103194,-15.073998786646042,2,0.0,0.0,shared_edge
T097,L,2330,T008,205,0,mapped,-34.905716777812856,17.9788360183897,-13.852471694037236,1,0.0,0.0,interior
T097,L,2331,T008,206,0,mapped,-35.924836467837544,17.095553779849446,-14.337829641080162,1,0.0,0.0,interior
T097,L,2332,T008,207,0,mapped,-36.853970212668244,16.286925416458175,-14.8363992559638,1,0.0,0.0,interior
T097,L,2333,T008,208,0,mapped,-37.527610818490544,14.898982975948382,-15.738807103512487,1,0.0,0.0,interior
T097,L,2334,T008,209,0,mapped,-37.390182150421516,13.73882545638843,-16.789065388337093,1,0.0,0.0,interior
T097,L,2335,T008,210,0,mapped,-36.44649206474231,12.809850095599336,-17.70647925101403,1,0.0,0.0,interior
T097,L,2336,T008,211,0,mapped,-35.098223389856074,12.664815579526646,-18.387430200224095,1,0.0,0.0,interior
T097,L,2337,T008,212,0,mapped,-33.575587987973606,12.756704661380036,-18.223082642832203,1,0.0,0.0,interior
T097,L,2338,T008,213,0,mapped,-32.20227021488675,13.223220972619075,-17.747953161557724,1,0.0,0.0,interior
T097,L,2339,T008,214,0,mapped,-30.78198230138492,13.448670618104764,-17.87509966488015,1,0.0,0.0,interior
T097,L,2340,T008,215,0,mapped,-29.21440325514614,13.399959377288374,-17.993828898340695,1,0.0,0.0,interior
T097,L,2341,T008,216,0,mapped,-27.6945458467425,13.679034286208378,-17.78086621548266,1,0.0,0.0,interior
T097,L,2342,T008,217,0,mapped,-26.8283732536624,14.33181047763887,-17.15160909743659,1,0.0,0.0,interior
T097,L,2343,T008,218,0,mapped,-26.309337636667514,14.83550034029778,-16.12945372754132,1,0.0,0.0,interior
T097,L,2344,T008,219,0,mapped,-25.47086195305637,15.056319796741963,-15.16171419080587,2,5.5491718927078335e-15,2.7745859463539168e-15,shared_edge
T097,L,2345,T008,220,0,mapped,-36.07009237429082,17.91243351108745,-14.574796235699406,1,0.0,0.0,interior
T097,L,2346,T008,221,0,mapped,-36.96133849558997,17.020883930230127,-15.2269216959975,1,0.0,0.0,interior
T097,L,2347,T008,222,0,mapped,-37.6494631521948,15.641585589930655,-15.979376298572772,1,0.0,0.0,interior
T097,L,2348,T008,223,0,mapped,-37.61336625592886,14.456293826341506,-17.155527289745255,1,0.0,0.0,interior
T097,L,2349,T008,224,0,mapped,-36.8285503230855,13.571535757755932,-18.022998482378384,1,0.0,0.0,interior
T097,L,2350,T008,225,0,mapped,-35.45051479852551,13.209675232466214,-18.657909615580298,1,0.0,0.0,interior
T097,L,2351,T008,226,0,mapped,-33.8978711678419,13.252588130073388,-18.57027182371104,1,0.0,0.0,interior
T097,L,2352,T008,227,0,mapped,-32.58839903222258,13.648325846644047,-18.098805887788377,1,0.0,0.0,interior
T097,L,2353,T008,228,0,mapped,-31.196439902225656,13.904468080203202,-18.03642834303951,1,0.0,0.0,interior
T097,L,2354,T008,229,0,mapped,-29.58374895889156,13.96852978778811,-18.278561370167857,1,0.0,0.0,interior
T097,L,2355,T008,230,0,mapped,-28.09806664997342,14.141688406253014,-18.124660385619112,1,0.0,0.0,interior
T097,L,2356,T008,231,0,mapped,-27.13780214184139,14.756388443639928,-17.498177514757394,1,0.0,0.0,interior
T097,L,2357,T008,232,0,mapped,-26.572860903527424,15.186219267065363,-16.33334601878358,1,0.0,0.0,interior
T097,L,2358,T008,233,0,mapped,-25.78484878785762,15.681426810271375,-15.340319747358734,2,2.9667321830339973e-15,1.4833660915169986e-15,shared_edge
T097,L,2359,T008,234,0,mapped,-37.02328305385285,17.689298959305358,-15.536788369159183,1,0.0,0.0,interior
T097,L,2360,T008,235,0,mapped,-37.735512139657885,16.494525991171226,-16.179040939969386,1,0.0,0.0,interior
T097,L,2361,T008,236,0,mapped,-37.80984265485686,15.101093160664062,-17.378182684064214,1,0.0,0.0,interior
T097,L,2362,T008,237,0,mapped,-37.10110986678029,14.178037632922312,-18.28513293987009,1,0.0,0.0,interior
T097,L,2363,T008,238,0,mapped,-35.822261870919036,13.828148529833268,-19.03392732301085,1,0.0,0.0,interior
T097,L,2364,T008,239,0,mapped,-34.23657038606733,13.752650951950335,-18.911516149599322,1,0.0,0.0,interior
T097,L,2365,T008,240,0,mapped,-32.97868122489302,14.13195219063808,-18.46360432769699,1,0.0,0.0,interior
T097,L,2366,T008,241,0,mapped,-31.551647242843018,14.334228580311182,-18.231925715411915,1,0.0,0.0,interior
T097,L,2367,T008,242,0,mapped,-30.005370999338588,14.471643330740195,-18.530988112238937,1,0.0,0.0,interior
T097,L,2368,T008,243,0,mapped,-28.479502684685414,14.644709152404111,-18.460349532902704,1,0.0,0.0,interior
T097,L,2369,T008,244,0,mapped,-27.365719259880613,15.195486053768425,-17.80600586340332,1,0.0,0.0,interior
T097,L,2370,T008,245,0,mapped,-26.853299720046326,15.704806472799373,-16.636207798737782,1,0.0,0.0,interior
T097,L,2371,T008,246,0,mapped,-26.119892667417936,16.23665770570246,-15.627782493316102,2,0.0,0.0,shared_edge
T097,L,2372,T008,247,0,mapped,-37.844643094724084,17.503115863284247,-16.61810625766995,1,0.0,0.0,interior
T097,L,2373,T008,248,0,mapped,-38.00738249690133,15.836403980698785,-17.522814007936706,1,0.0,0.0,interior
T097,L,2374,T008,249,0,mapped,-37.401170997277866,14.904026949507523,-18.488582535625095,1,0.0,0.0,interior
T097,L,2375,T008,250,0,mapped,-36.17120252213081,14.44041727395948,-19.314365500605668,1,0.0,0.0,interior
T097,L,2376,T008,251,0,mapped,-34.57012183610985,14.392394411568612,-19.333165375081478,1,0.0,0.0,interior
T097,L,2377,T008,252,0,mapped,-33.28729289839184,14.666217158076734,-18.82455186488661,1,0.0,0.0,interior
T097,L,2378,T008,253,0,mapped,-31.91724000630936,14.887481728360454,-18.48914974699075,1,0.0,0.0,interior
T097,L,2379,T008,254,0,mapped,-30.40720717113446,15.102919828707712,-18.833041641665403,1,0.0,0.0,interior
T097,L,2380,T008,255,0,mapped,-28.905628933103078,15.121243809789076,-18.7531447530283,1,0.0,0.0,interior
T097,L,2381,T008,256,0,mapped,-27.70257553362874,15.538721897428108,-18.28056243201794,1,0.0,0.0,interior
T097,L,2382,T008,257,0,mapped,-27.121588874495394,16.216330197393745,-16.87324181421464,1,0.0,0.0,interior
T097,L,2383,T008,258,0,mapped,-26.423990046129724,16.800478936909283,-15.942655759444133,2,3.052608629176561e-15,1.5263043145882805e-15,shared_edge
T097,L,2384,T008,259,0,mapped,-38.1705366176031,16.74543625206596,-17.704168691334896,1,0.0,0.0,interior
T097,L,2385,T008,260,0,mapped,-37.69659197073249,15.590764922481327,-18.766011180981913,1,0.0,0.0,interior
T097,L,2386,T008,261,0,mapped,-36.58193418177838,14.93527233402951,-19.471042694425638,1,0.0,0.0,interior
T097,L,2387,T008,262,0,mapped,-34.909761647956515,14.890979166483017,-19.696534331907543,1,0.0,0.0,interior
T097,L,2388,T008,263,0,mapped,-33.594894532799074,15.1734042776514,-19.18414341485495,1,0.0,0.0,interior
T097,L,2389,T008,264,0,mapped,-32.28211797075292,15.499329516041282,-18.74369869184289,1,0.0,0.0,interior
T097,L,2390,T008,265,0,mapped,-30.7832183124885,15.601137383437317,-19.01431242185988,1,0.0,0.0,interior
T097,L,2391,T008,266,0,mapped,-29.261566949056405,15.645740059368777,-19.09562760611159,1,0.0,0.0,interior
T097,L,2392,T008,267,0,mapped,-27.90260416020824,16.07856353902169,-18.60595580467398,1,0.0,0.0,interior
T097,L,2393,T008,268,0,mapped,-27.401564353932727,16.753868845507515,-17.389260801335734,1,0.0,0.0,interior
T097,L,2394,T008,269,0,mapped,-26.69090283251385,17.323825347902964,-16.28602776309219,2,3.2652638748082423e-15,1.6326319374041212e-15,shared_edge
T097,L,2395,T008,270,0,mapped,-37.92180505223178,16.236626210240605,-18.924481905795364,1,0.0,0.0,interior
T097,L,2396,T008,271,0,mapped,-36.89373874687536,15.565690335090961,-19.744979231892323,1,0.0,0.0,interior
T097,L,2397,T008,272,0,mapped,-35.28111049660916,15.361822067268003,-20.040281302156494,1,0.0,0.0,interior
T097,L,2398,T008,273,0,mapped,-33.86915333968293,15.63108182638501,-19.521426098427135,1,0.0,0.0,interior
T097,L,2399,T008,274,0,mapped,-32.69424198411503,16.088786066614144,-19.025131733470445,1,0.0,0.0,interior
T097,L,2400,T008,275,0,mapped,-31.116605159931026,16.20951401257352,-19.211909293327196,1,0.0,0.0,interior
T097,L,2401,T008,276,0,mapped,-29.632267841078104,16.24440044628453,-19.417158287716617,1,0.0,0.0,interior
T097,L,2402,T008,277,0,mapped,-28.223483453445155,16.52074311730073,-19.04056143616487,1,0.0,0.0,interior
T097,L,2403,T008,278,0,mapped,-27.562814609805073,17.17513191530215,-17.843257132378145,1,0.0,0.0,interior
T097,L,2404,T008,279,0,mapped,-26.9641315267085,17.75016637972622,-16.715072680476943,2,1.790180836524724e-15,8.95090418262362e-16,shared_edge
T097,L,2405,T008,280,0,mapped,-37.11196139670844,16.21322978662299,-20.069407546168325,1,0.0,0.0,interior
T097,L,2406,T008,281,0,mapped,-35.56831837100795,15.824513778462144,-20.34902337306677,1,0.0,0.0,interior
T097,L,2407,T008,282,0,mapped,-34.16889358289498,16.268005770077984,-19.945897162571708,1,0.0,0.0,interior
T097,L,2408,T008,283,0,mapped,-33.0834178942293,16.64930099055849,-19.32631914154647,1,0.0,0.0,interior
T097,L,2409,T008,284,0,mapped,-31.495840225039146,16.76212564686276,-19.380427873023883,1,0.0,0.0,interior
T097,L,2410,T008,285,0,mapped,-30.055176242527903,16.77128283437373,-19.63245990765495,1,0.0,0.0,interior
T097,L,2411,T008,286,0,mapped,-28.576830553902184,17.068597662844997,-19.510950643265367,1,0.0,0.0,interior
T097,L,2412,T008,287,0,mapped,-27.674346319418348,17.529454364872052,-18.525600127506774,1,0.0,0.0,interior
T097,L,2413,T008,288,0,mapped,-27.20867950576434,18.2153323195297,-17.18331197497986,2,1.790180836524724e-15,8.95090418262362e-16,shared_edge
T097,L,2414,T008,289,0,mapped,-35.92634962414364,16.38561090540731,-20.702063236346557,1,0.0,0.0,interior
T097,L,2415,T008,290,0,mapped,-34.46571277517102,16.752429779927056,-20.29756269208906,1,0.0,0.0,interior
T097,L,2416,T008,291,0,mapped,-33.418789339822126,17.17309249373924,-19.64605500683425,1,0.0,0.0,interior
T097,L,2417,T008,292,0,mapped,-31.873646549059774,17.39959529926922,-19.55021741159156,1,0.0,0.0,interior
T097,L,2418,T008,293,0,mapped,-30.428812578018327,17.517604688867376,-19.874894105540314,1,0.0,0.0,interior
T097,L,2419,T008,294,0,mapped,-28.820755391766657,17.54503340763707,-19.816229370994257,1,0.0,0.0,interior
T097,L,2420,T008,295,0,mapped,-27.797049138795764,17.95916629711473,-18.942546736187715,1,0.0,0.0,interior
T097,L,2421,T008,296,0,mapped,-27.362964456143786,18.739962448113854,-17.56859386628238,2,7.179847579402122e-15,3.589923789701061e-15,shared_edge
T097,L,2422,T008,297,0,mapped,-34.78304753336228,17.102979719572456,-20.67508650367241,1,0.0,0.0,interior
T097,L,2423,T008,298,0,mapped,-33.74933795831889,17.750468827028733,-20.008445128568777,1,0.0,0.0,interior
T097,L,2424,T008,299,0,mapped,-32.34068563457245,18.000676828950255,-19.716585354825394,1,0.0,0.0,interior
T097,L,2425,T008,300,0,mapped,-30.842453946820427,18.050690541111965,-20.019979354344272,1,0.0,0.0,interior
T097,L,2426,T008,301,0,mapped,-29.176895711683688,18.112494722129597,-20.130724742289885,1,0.0,0.0,interior
T097,L,2427,T008,302,0,mapped,-27.90546201900498,18.40549691054099,-19.33165989780656,1,0.0,0.0,interior
T097,L,2428,T008,303,0,mapped,-27.473702611899306,19.276840294892256,-18.0148525068946,2,1.7763568394002505e-15,8.881784197001252e-16,shared_edge
T097,L,2429,T008,304,0,mapped,-34.04946339354794,18.24060025099961,-20.444521585176076,1,0.0,0.0,interior
T097,L,2430,T008,305,0,mapped,-32.79596983861998,18.62287740123838,-19.957618904846044,1,0.0,0.0,interior
T097,L,2431,T008,306,0,mapped,-31.199795042412337,18.6806749590435,-20.16382273457681,1,0.0,0.0,interior
T097,L,2432,T008,307,0,mapped,-29.539232438841548,18.615304460081102,-20.348737680102886,1,0.0,0.0,interior
T097,L,2433,T008,308,0,mapped,-28.076168680211374,19.0156002198051,-19.798902494098144,1,0.0,0.0,interior
T097,L,2434,T008,309,0,mapped,-27.5888177437445,19.693214839868766,-18.561906121302606,2,8.95090418262362e-16,4.47545209131181e-16,shared_edge
T097,L,2435,T008,310,0,mapped,-33.16460105851061,19.260865771986868,-20.2701785810752,1,0.0,0.0,interior
T097,L,2436,T008,311,0,mapped,-31.67789722796129,19.329571358126163,-20.315340443370097,1,0.0,0.0,interior
T097,L,2437,T008,312,0,mapped,-30.047846883179528,19.194200906517658,-20.582076818756605,1,0.0,0.0,interior
T097,L,2438,T008,313,0,mapped,-28.409544355100227,19.436642109679354,-20.297753735887326,1,0.0,0.0,interior
T097,L,2439,T008,314,0,mapped,-27.638152814864405,20.108105984336518,-19.126379142672416,2,3.66205343881779e-15,1.831026719408895e-15,shared_edge
T097,L,2440,T008,315,0,mapped,-32.194568536260704,20.237620379214633,-20.56206941354827,1,0.0,0.0,interior
T097,L,2441,T008,316,0,mapped,-30.418265549411807,19.863510624791534,-20.809506704154774,1,0.0,0.0,interior
T097,L,2442,T008,317,0,mapped,-28.767523661889996,19.97192379343643,-20.70366737579993,1,0.0,0.0,interior
T097,L,2443,T008,318,0,mapped,-27.710690600763435,20.54294164438779,-19.683276586743993,2,0.0,0.0,shared_edge
T097,L,2444,T008,319,0,mapped,-30.959959833024193,20.642565136941695,-21.0154274902914,1,0.0,0.0,interior
T097,L,2445,T008,320,0,mapped,-29.276770653662,20.458027860210585,-21.03406997863907,1,0.0,0.0,interior
T097,L,2446,T008,321,0,mapped,-27.8547257549695,20.957653107902907,-20.22560294518646,2,2.886579864025407e-15,1.4432899320127037e-15,shared_edge
T097,L,2447,T008,322,0,mapped,-29.761867807551106,21.030767032809383,-21.313920326007207,1,0.0,0.0,interior
T097,L,2448,T008,323,0,mapped,-28.109199934963012,21.331618497448005,-20.786229714442584,2,3.996802888650564e-15,1.9984014443252818e-15,shared_edge
T097,L,2449,T009,1,0,mapped,-21.44572950629646,21.612558560327223,-13.288874471272143,2,0.0,0.0,shared_edge
T097,L,2450,T009,2,0,mapped,-21.197649974940738,21.544081138784435,-12.532261687868694,2,0.0,0.0,shared_edge
T097,L,2451,T009,3,0,mapped,-21.057869166511047,21.4855861172904,-11.746325267555216,2,5.347542221830668e-15,2.673771110915334e-15,shared_edge
T097,L,2452,T009,4,0,mapped,-20.812121587865374,21.592597502937068,-11.022012612602634,2,0.0,0.0,shared_edge
T097,L,2453,T009,5,0,mapped,-20.617091044406287,21.557228506549865,-10.254998029107973,2,0.0,0.0,shared_edge
T097,L,2454,T009,6,0,mapped,-20.331831954255566,21.48521943626156,-9.506562385984205,2,0.0,0.0,shared_edge
T097,L,2455,T009,7,0,mapped,-19.954714511742576,21.406386006899318,-8.812667172268316,2,0.0,0.0,shared_edge
T097,L,2456,T009,8,0,mapped,-19.533078572638843,21.32497289441192,-8.158347600495226,2,0.0,0.0,shared_edge
T097,L,2457,T009,9,0,mapped,-18.856536361810907,21.22921914344597,-7.738402936504084,2,0.0,0.0,shared_edge
T097,L,2458,T009,10,0,mapped,-18.201724323406783,20.983682318525087,-7.385480784359089,2,0.0,0.0,shared_edge
T097,L,2459,T009,11,0,mapped,-17.571435147778885,20.651115147102466,-7.061382400163287,2,0.0,0.0,shared_edge
T097,L,2460,T009,12,0,mapped,-16.856604245645062,20.441636569885667,-6.823729238699043,2,0.0,0.0,shared_edge
T097,L,2461,T009,13,0,mapped,-16.3175757206686,20.080739726197578,-6.463474688315291,2,0.0,0.0,shared_edge
T097,L,2462,T009,14,0,mapped,-15.60884636430654,19.916062864290673,-6.144807571386167,2,0.0,0.0,shared_edge
T097,L,2463,T009,15,0,mapped,-14.939257247362299,19.678145408309277,-5.846459905736303,2,1.831026719408895e-15,9.155133597044477e-16,shared_edge
T097,L,2464,T009,16,0,mapped,-14.363247227594819,19.339352932976105,-5.449089571826741,2,4.440892098500626e-16,2.220446049250313e-16,shared_edge
T097,L,2465,T009,17,0,mapped,-13.859813955834609,18.966399607081698,-5.066390454987571,2,0.0,0.0,shared_edge
T097,L,2466,T009,18,0,mapped,-13.2711563917611,18.842555310018543,-4.550581979048351,2,0.0,0.0,shared_edge
T097,L,2467,T009,19,0,mapped,-12.668422538469065,18.74886086415149,-4.024971049527354,2,1.1102230246251563e-16,5.551115123125783e-17,shared_edge
T097,L,2468,T009,20,0,mapped,-12.077616144354353,18.45983095733767,-3.5867062803523435,2,0.0,0.0,shared_edge
T097,L,2469,T009,21,0,mapped,-11.449259215479303,18.101936750455344,-3.2526866814210518,2,0.0,0.0,shared_edge
T097,L,2470,T009,22,0,mapped,-10.878040030829542,17.64883482035229,-2.9969750352965274,2,4.440892098500626e-16,2.220446049250313e-16,shared_edge
T097,L,2471,T009,23,0,mapped,-10.311289950295508,17.165060608980617,-2.850575575594343,2,1.7763568394002505e-15,8.881784197001252e-16,shared_edge
T097,L,2472,T009,24,-1,landmark_vertex,-9.587139486297408,16.941458942506795,-2.814079007076753,6,0.0,0.0,landmark
T097,L,2473,T009,26,0,mapped,-21.76018847673594,21.506870924241618,-13.567316244077663,1,0.0,0.0,interior
T097,L,2474,T009,27,0,mapped,-21.449196289896996,21.44299475981506,-12.967834095409698,1,0.0,0.0,interior
T097,L,2475,T009,28,0,mapped,-21.295708978341075,21.354561193380206,-12.1761768598136,1,0.0,0.0,interior
T097,L,2476,T009,29,0,mapped,-21.055833138943004,21.417364829175252,-11.34810987233184,1,0.0,0.0,interior
T097,L,2477,T009,30,0,mapped,-20.847357081810063,21.424184895450303,-10.616334644210628,1,0.0,0.0,interior
T097,L,2478,T009,31,0,mapped,-20.623149322325922,21.396237878546486,-9.870273616272728,1,0.0,0.0,interior
T097,L,2479,T009,32,0,mapped,-20.29424364836529,21.286835298892655,-9.09254905694677,1,0.0,0.0,interior
T097,L,2480,T009,33,0,mapped,-19.896187395162965,21.2243918890035,-8.38945980085597,1,0.0,0.0,interior
T097,L,2481,T009,34,0,mapped,-19.332738365124914,21.12793664841185,-7.833319165491284,1,0.0,0.0,interior
T097,L,2482,T009,35,0,mapped,-18.619326524753326,20.963754924809248,-7.437287198393189,1,0.0,0.0,interior
T097,L,2483,T009,36,0,mapped,-18.04973746132717,20.732957242332276,-7.188784104254619,1,0.0,0.0,interior
T097,L,2484,T009,37,0,mapped,-17.403797346621428,20.376043548294863,-6.862440279845872,1,0.0,0.0,interior
T097,L,2485,T009,38,0,mapped,-16.779509482670584,20.106268021013854,-6.583441973687059,1,0.0,0.0,interior
T097,L,2486,T009,39,0,mapped,-16.173341568607174,19.837700405698115,-6.268324704322145,1,0.0,0.0,interior
T097,L,2487,T009,40,0,mapped,-15.499799053557082,19.561661381762036,-5.93512144008006,1,0.0,0.0,interior
T097,L,2488,T009,41,0,mapped,-14.758151322355689,19.266648805710776,-5.607786930363837,1,0.0,0.0,interior
T097,L,2489,T009,42,0,mapped,-14.276367039353579,18.843962531139887,-5.26738378638384,1,0.0,0.0,interior
T097,L,2490,T009,43,0,mapped,-13.708718826317616,18.602986910695627,-4.809938352606432,1,0.0,0.0,interior
T097,L,2491,T009,44,0,mapped,-13.112867609695963,18.35058690157595,-4.34623121645987,1,0.0,0.0,interior
T097,L,2492,T009,45,0,mapped,-12.522603771142045,18.164276612006645,-3.9059551866842916,1,0.0,0.0,interior
T097,L,2493,T009,46,0,mapped,-11.96731968044515,17.794796624676145,-3.5493390241619984,1,0.0,0.0,interior
T097,L,2494,T009,47,0,mapped,-11.423822300481882,17.414596372410596,-3.260820119767507,1,0.0,0.0,interior
T097,L,2495,T009,48,0,mapped,-10.772403410104502,17.077010258164165,-2.968158488324889,2,5.430171067337229e-15,2.7150855336686143e-15,shared_edge
T097,L,2496,T009,50,0,mapped,-22.14250342526625,21.476743701821103,-13.817458978160891,1,0.0,0.0,interior
T097,L,2497,T009,51,0,mapped,-21.66188160873944,21.402618708029998,-13.258927966652227,1,0.0,0.0,interior
T097,L,2498,T009,52,0,mapped,-21.38501688087363,21.364458215408,-12.505160073029352,1,0.0,0.0,interior
T097,L,2499,T009,53,0,mapped,-21.213343228854022,21.332172625520506,-11.72447001960469,1,0.0,0.0,interior
T097,L,2500,T009,54,0,mapped,-20.957425550817014,21.444742110815945,-11.008997729760171,1,0.0,0.0,interior
T097,L,2501,T009,55,0,mapped,-20.760476043810037,21.401114920420717,-10.198572128259926,1,0.0,0.0,interior
T097,L,2502,T009,56,0,mapped,-20.53975834878659,21.24864422965661,-9.460700659440516,1,0.0,0.0,interior
T097,L,2503,T009,57,0,mapped,-20.178978022650767,21.183830908614986,-8.741343358939897,1,0.0,0.0,interior
T097,L,2504,T009,58,0,mapped,-19.691393843791992,21.13970972026041,-8.070626998883824,1,0.0,0.0,interior
T097,L,2505,T009,59,0,mapped,-19.145142610249966,20.882464167356616,-7.528549588880198,1,0.0,0.0,interior
T097,L,2506,T009,60,0,mapped,-18.495708852971703,20.67973753509923,-7.219416554855403,1,0.0,0.0,interior
T097,L,2507,T009,61,0,mapped,-17.902606104128424,20.474393714646407,-6.985876496620694,1,0.0,0.0,interior
T097,L,2508,T009,62,0,mapped,-17.183440096445626,20.040365468364904,-6.614304979326091,1,0.0,0.0,interior
T097,L,2509,T009,63,0,mapped,-16.65815949555554,19.756082050257643,-6.331318806613648,1,0.0,0.0,interior
T097,L,2510,T009,64,0,mapped,-15.995783378554535,19.513964970888495,-6.034392555630584,1,0.0,0.0,interior
T097,L,2511,T009,65,0,mapped,-15.291200887056979,19.181287011206628,-5.730183269409604,1,0.0,0.0,interior
T097,L,2512,T009,66,0,mapped,-14.660078758955123,18.798775435024957,-5.387247207426787,1,0.0,0.0,interior
T097,L,2513,T009,67,0,mapped,-14.171514733088115,18.411527625307066,-5.003640146061862,1,0.0,0.0,interior
T097,L,2514,T009,68,0,mapped,-13.524760725991984,18.136266941450675,-4.533740709106796,1,0.0,0.0,interior
T097,L,2515,T009,69,0,mapped,-13.06184170178895,17.859682271843425,-4.1828053759108546,1,0.0,0.0,interior
T097,L,2516,T009,70,0,mapped,-12.446190801097764,17.611476943670908,-3.799209940927412,1,0.0,0.0,interior
T097,L,2517,T009,71,0,mapped,-11.85200658961631,17.221399802308643,-3.48637843161465,2,1.0142906654273203e-14,5.0714533271366016e-15,shared_edge
T097,L,2518,T009,73,0,mapped,-22.530655952246406,21.399411353098596,-13.945742493521568,1,0.0,0.0,interior
T097,L,2519,T009,74,0,mapped,-21.982919644572988,21.30403051660807,-13.547003162643232,1,0.0,0.0,interior
T097,L,2520,T009,75,0,mapped,-21.66814438038597,21.24129800598488,-12.944719692528615,1,0.0,0.0,interior
T097,L,2521,T009,76,0,mapped,-21.395696674374918,21.248403564705356,-12.13558432229156,1,0.0,0.0,interior
T097,L,2522,T009,77,0,mapped,-21.164926438270534,21.2944161660808,-11.321296337630324,1,0.0,0.0,interior
T097,L,2523,T009,78,0,mapped,-20.979539654135586,21.284192217548306,-10.617518326568224,1,0.0,0.0,interior
T097,L,2524,T009,79,0,mapped,-20.748337568686214,21.240574179336974,-9.810201728625332,1,0.0,0.0,interior
T097,L,2525,T009,80,0,mapped,-20.486844045554133,21.05538559768824,-9.035593079858511,1,0.0,0.0,interior
T097,L,2526,T009,81,0,mapped,-20.123000441285427,21.000788737567856,-8.371922320936878,1,0.0,0.0,interior
T097,L,2527,T009,82,0,mapped,-19.509065477708376,20.906401870164203,-7.7151688105826794,1,0.0,0.0,interior
T097,L,2528,T009,83,0,mapped,-18.973984320423313,20.60698818129874,-7.282412660135876,1,0.0,0.0,interior
T097,L,2529,T009,84,0,mapped,-18.313848099365984,20.416018417375597,-7.017147714999556,1,0.0,0.0,interior
T097,L,2530,T009,85,0,mapped,-17.65466346483508,20.16167994194784,-6.737444578717687,1,0.0,0.0,interior
T097,L,2531,T009,86,0,mapped,-17.07739865779364,19.75540465387475,-6.406764649226428,1,0.0,0.0,interior
T097,L,2532,T009,87,0,mapped,-16.485505212475935,19.47650426827883,-6.115521871697371,1,0.0,0.0,interior
T097,L,2533,T009,88,0,mapped,-15.778252888813695,19.116186535325653,-5.798242122220547,1,0.0,0.0,interior
T097,L,2534,T009,89,0,mapped,-15.156691661226859,18.782024667948953,-5.510181924637006,1,0.0,0.0,interior
T097,L,2535,T009,90,0,mapped,-14.604974924531458,18.35996680041565,-5.169748171095721,1,0.0,0.0,interior
T097,L,2536,T009,91,0,mapped,-14.062735430426118,18.064088620192887,-4.798694012389447,1,0.0,0.0,interior
T097,L,2537,T009,92,0,mapped,-13.45450027337291,17.683015817712306,-4.331269268988221,1,0.0,0.0,interior
T097,L,2538,T009,93,0,mapped,-12.939824360970471,17.36546286244695,-3.982801937454777,2,6.253818398919214e-15,3.126909199459607e-15,shared_edge
T097,L,2539,T009,95,0,mapped,-22.909039172533916,21.4329307523627,-14.141993727560338,1,0.0,0.0,interior
T097,L,2540,T009,96,0,mapped,-22.313852198876113,21.33484717192429,-13.768750739918987,1,0.0,0.0,interior
T097,L,2541,T009,97,0,mapped,-21.875937243848526,21.14896139312899,-13.238775590094368,1,0.0,0.0,interior
T097,L,2542,T009,98,0,mapped,-21.611010283132828,21.136386174372216,-12.575922418074347,1,0.0,0.0,interior
T097,L,2543,T009,99,0,mapped,-21.320081925012612,21.229217987813666,-11.71199342619794,1,0.0,0.0,interior
T097,L,2544,T009,100,0,mapped,-21.18061295969136,21.19971873087755,-11.007043438025953,1,0.0,0.0,interior
T097,L,2545,T009,101,0,mapped,-20.93277282705327,21.18456658854651,-10.208127790340775,1,0.0,0.0,interior
T097,L,2546,T009,102,0,mapped,-20.66569729752478,21.05008309575351,-9.384535786031584,1,0.0,0.0,interior
T097,L,2547,T009,103,0,mapped,-20.377058632906838,20.891361806166476,-8.65796127522113,1,0.0,0.0,interior
T097,L,2548,T009,104,0,mapped,-19.97227381355489,20.882942488240836,-8.022334125728452,1,0.0,0.0,interior
T097,L,2549,T009,105,0,mapped,-19.432305153919465,20.641461538167018,-7.468769611908909,1,0.0,0.0,interior
T097,L,2550,T009,106,0,mapped,-18.82015084114641,20.37461098436087,-7.076942044274455,1,0.0,0.0,interior
T097,L,2551,T009,107,0,mapped,-18.144309867420485,20.125863150711584,-6.794056308823249,1,0.0,0.0,interior
T097,L,2552,T009,108,0,mapped,-17.46930099759233,19.815060627693175,-6.5069269882538165,1,0.0,0.0,interior
T097,L,2553,T009,109,0,mapped,-16.878921810966272,19.463088998422577,-6.169943732964343,1,0.0,0.0,interior
T097,L,2554,T009,110,0,mapped,-16.270511369005398,19.104018119965314,-5.863701417688834,1,0.0,0.0,interior
T097,L,2555,T009,111,0,mapped,-15.609777877107419,18.779391724451852,-5.605065837341211,1,0.0,0.0,interior
T097,L,2556,T009,112,0,mapped,-15.11016179528,18.309396177469942,-5.293007533839734,1,0.0,0.0,interior
T097,L,2557,T009,113,0,mapped,-14.511315780050609,17.957553818834935,-4.922772082739305,1,0.0,0.0,interior
T097,L,2558,T009,114,0,mapped,-13.999624286663172,17.519253988456747,-4.538273730563544,2,5.661321026272457e-15,2.830660513136229e-15,shared_edge
T097,L,2559,T009,116,0,mapped,-23.268532574528365,21.475960021576405,-14.290124899492028,1,0.0,0.0,interior
T097,L,2560,T009,117,0,mapped,-22.61054680210485,21.339685652218733,-13.956203789093593,1,0.0,0.0,interior
T097,L,2561,T009,118,0,mapped,-22.104736829883613,21.164990509802383,-13.490289238955674,1,0.0,0.0,interior
T097,L,2562,T009,119,0,mapped,-21.768749184289597,21.087512880097645,-12.870449188379755,1,0.0,0.0,interior
T097,L,2563,T009,120,0,mapped,-21.523796112633867,21.114332381461622,-12.107924254282263,1,0.0,0.0,interior
T097,L,2564,T009,121,0,mapped,-21.349909166296104,21.088971225535207,-11.306997279927966,1,0.0,0.0,interior
T097,L,2565,T009,122,0,mapped,-21.095839120321273,21.145309639649252,-10.566214229249264,1,0.0,0.0,interior
T097,L,2566,T009,123,0,mapped,-20.89039808432411,21.050085877017477,-9.768941129643919,1,0.0,0.0,interior
T097,L,2567,T009,124,0,mapped,-20.591221338018286,20.895807680427055,-9.003282715820312,1,0.0,0.0,interior
T097,L,2568,T009,125,0,mapped,-20.332437358097962,20.731280726302092,-8.334373647720113,1,0.0,0.0,interior
T097,L,2569,T009,126,0,mapped,-19.822111128397275,20.56634922656027,-7.647238553411747,1,0.0,0.0,interior
T097,L,2570,T009,127,0,mapped,-19.317861212207248,20.330082601967526,-7.170419727538652,1,0.0,0.0,interior
T097,L,2571,T009,128,0,mapped,-18.56764799433479,20.105150789427668,-6.858456401757145,1,0.0,0.0,interior
T097,L,2572,T009,129,0,mapped,-17.902991339081694,19.825819027816046,-6.559405515816341,1,0.0,0.0,interior
T097,L,2573,T009,130,0,mapped,-17.34181539060511,19.462427542541107,-6.263984658595488,1,0.0,0.0,interior
T097,L,2574,T009,131,0,mapped,-16.74987825712592,19.112758680118002,-5.952148124431325,1,0.0,0.0,interior
T097,L,2575,T009,132,0,mapped,-16.070298234785156,18.81915956767675,-5.682144079676489,1,0.0,0.0,interior
T097,L,2576,T009,133,0,mapped,-15.559331945292403,18.327421321200035,-5.3946225700663835,1,0.0,0.0,interior
T097,L,2577,T009,134,0,mapped,-15.012209019810083,17.84781536143422,-5.045033026264138,2,9.246898212642507e-15,4.6234491063212544e-15,shared_edge
T097,L,2578,T009,136,0,mapped,-23.613223479113557,21.56129805072393,-14.459725614273397,1,0.0,0.0,interior
T097,L,2579,T009,137,0,mapped,-23.00675896311091,21.288298270140007,-14.116091699405462,1,0.0,0.0,interior
T097,L,2580,T009,138,0,mapped,-22.515001593995876,21.14685304326782,-13.767579556962996,1,0.0,0.0,interior
T097,L,2581,T009,139,0,mapped,-22.0000046545297,21.021744148575927,-13.241060988005923,1,0.0,0.0,interior
T097,L,2582,T009,140,0,mapped,-21.739254913908045,20.968089693485144,-12.504917586696454,1,0.0,0.0,interior
T097,L,2583,T009,141,0,mapped,-21.42441088746508,21.123616331403717,-11.698855370339873,1,0.0,0.0,interior
T097,L,2584,T009,142,0,mapped,-21.314974076110254,21.02967522070137,-10.946591031747104,1,0.0,0.0,interior
T097,L,2585,T009,143,0,mapped,-21.099008033549087,20.93766863601854,-10.179512545062092,1,0.0,0.0,interior
T097,L,2586,T009,144,0,mapped,-20.875918338346892,20.790080787924826,-9.37930352329225,1,0.0,0.0,interior
T097,L,2587,T009,145,0,mapped,-20.553539635666333,20.645262704037325,-8.664849644173419,1,0.0,0.0,interior
T097,L,2588,T009,146,0,mapped,-20.237236905205574,20.462914095900505,-7.891663867971379,1,0.0,0.0,interior
T097,L,2589,T009,147,0,mapped,-19.684606209362286,20.32701109408922,-7.3273550986117275,1,0.0,0.0,interior
T097,L,2590,T009,148,0,mapped,-19.0429078453448,20.127761281550463,-6.97882011306638,1,0.0,0.0,interior
T097,L,2591,T009,149,0,mapped,-18.392794340278975,19.86389037838919,-6.662066851157965,1,0.0,0.0,interior
T097,L,2592,T009,150,0,mapped,-17.738326235184978,19.538715637378516,-6.367267256016207,1,0.0,0.0,interior
T097,L,2593,T009,151,0,mapped,-17.153377014493493,19.142140080703193,-6.032956692331611,1,0.0,0.0,interior
T097,L,2594,T009,152,0,mapped,-16.53558862220743,18.805944423167976,-5.737243972893033,1,0.0,0.0,interior
T097,L,2595,T009,153,0,mapped,-15.959349120929797,18.384314008777107,-5.5042957377431545,2,9.810251293262751e-15,4.905125646631375e-15,shared_edge
T097,L,2596,T009,155,0,mapped,-24.044493806101585,21.589673667966345,-14.713677970209302,1,0.0,0.0,interior
T097,L,2597,T009,156,0,mapped,-23.39797816167934,21.35762000250068,-14.293943946233286,1,0.0,0.0,interior
T097,L,2598,T009,157,0,mapped,-22.801705909716784,21.119354936854705,-13.939858027915125,1,0.0,0.0,interior
T097,L,2599,T009,158,0,mapped,-22.229192375240594,21.049978789223967,-13.469684144204013,1,0.0,0.0,interior
T097,L,2600,T009,159,0,mapped,-21.929434349645412,20.877358420186457,-12.858168060453826,1,0.0,0.0,interior
T097,L,2601,T009,160,0,mapped,-21.631340249539583,20.995447867583618,-12.079105487140202,1,0.0,0.0,interior
T097,L,2602,T009,161,0,mapped,-21.467877972107775,20.93886824234576,-11.324625606535474,1,0.0,0.0,interior
T097,L,2603,T009,162,0,mapped,-21.28223054111814,20.925508039999954,-10.528034933149591,1,0.0,0.0,interior
T097,L,2604,T009,163,0,mapped,-21.079122202510433,20.748046710132446,-9.718797096993809,1,0.0,0.0,interior
T097,L,2605,T009,164,0,mapped,-20.80660748648522,20.555526619756723,-8.959207709161054,1,0.0,0.0,interior
T097,L,2606,T009,165,0,mapped,-20.45126304783021,20.444506383618183,-8.213471186726451,1,0.0,0.0,interior
T097,L,2607,T009,166,0,mapped,-20.05003685957334,20.347786601175766,-7.632801934915133,1,0.0,0.0,interior
T097,L,2608,T009,167,0,mapped,-19.4909169058066,20.09370065519621,-7.06303921952474,1,0.0,0.0,interior
T097,L,2609,T009,168,0,mapped,-18.84337743960367,19.910761131831823,-6.786795916529547,1,0.0,0.0,interior
T097,L,2610,T009,169,0,mapped,-18.164405509460835,19.598175626044778,-6.450028599823396,1,0.0,0.0,interior
T097,L,2611,T009,170,0,mapped,-17.596699377527436,19.172830498528114,-6.132273017370723,1,0.0,0.0,interior
T097,L,2612,T009,171,0,mapped,-16.982627361083836,18.848298221672366,-5.825778964500371,2,1.0604809418399301e-14,5.3024047091996504e-15,shared_edge
T097,L,2613,T009,173,0,mapped,-24.336947543615704,21.61055703031653,-14.958154395555454,1,0.0,0.0,interior
T097,L,2614,T009,174,0,mapped,-23.800421472919894,21.454011541991537,-14.511678057006357,1,0.0,0.0,interior
T097,L,2615,T009,175,0,mapped,-23.136822292942995,21.136754443862806,-14.11743783156487,1,0.0,0.0,interior
T097,L,2616,T009,176,0,mapped,-22.59769318859248,21.024305521264004,-13.753604594897467,1,0.0,0.0,interior
T097,L,2617,T009,177,0,mapped,-22.104749781581113,20.89792438344725,-13.20713260518819,1,0.0,0.0,interior
T097,L,2618,T009,178,0,mapped,-21.83900158023812,20.835933931436998,-12.470290826246892,1,0.0,0.0,interior
T097,L,2619,T009,179,0,mapped,-21.635514636940897,20.873387250885344,-11.712804727559273,1,0.0,0.0,interior
T097,L,2620,T009,180,0,mapped,-21.42982942760267,20.879550170559984,-10.939383522753058,1,0.0,0.0,interior
T097,L,2621,T009,181,0,mapped,-21.261057565033596,20.67667939913887,-10.152121190818644,1,0.0,0.0,interior
T097,L,2622,T009,182,0,mapped,-21.01331719871485,20.538175915822293,-9.289076778681292,1,0.0,0.0,interior
T097,L,2623,T009,183,0,mapped,-20.661358421954525,20.38115575165174,-8.550762270574594,1,0.0,0.0,interior
T097,L,2624,T009,184,0,mapped,-20.410076176891003,20.185802785153072,-7.890906444891899,1,0.0,0.0,interior
T097,L,2625,T009,185,0,mapped,-19.844925872208,20.115055510037735,-7.267797776050351,1,0.0,0.0,interior
T097,L,2626,T009,186,0,mapped,-19.323740264121962,19.873205993723843,-6.8762341920285,1,0.0,0.0,interior
T097,L,2627,T009,187,0,mapped,-18.628873405839002,19.63750501693218,-6.568440161772287,1,0.0,0.0,interior
T097,L,2628,T009,188,0,mapped,-18.016719844989865,19.22440914419309,-6.221161204366242,2,1.805128410010917e-14,9.025642050054584e-15,shared_edge
T097,L,2629,T009,190,0,mapped,-24.68801637940177,21.613055239481675,-15.313215571319805,1,0.0,0.0,interior
T097,L,2630,T009,191,0,mapped,-24.09207329529501,21.428665184664464,-14.721314652904121,1,0.0,0.0,interior
T097,L,2631,T009,192,0,mapped,-23.51542977447012,21.238175704862538,-14.317530228965353,1,0.0,0.0,interior
T097,L,2632,T009,193,0,mapped,-22.90006741107655,20.977935906704595,-13.921375885282375,1,0.0,0.0,interior
T097,L,2633,T009,194,0,mapped,-22.318554887999163,20.930882856651063,-13.446290352237552,1,0.0,0.0,interior
T097,L,2634,T009,195,0,mapped,-22.064148500162094,20.743094454772375,-12.8858516672455,1,0.0,0.0,interior
T097,L,2635,T009,196,0,mapped,-21.80262679938413,20.79012700086423,-12.092521766290155,1,0.0,0.0,interior
T097,L,2636,T009,197,0,mapped,-21.59918358150101,20.723280564509306,-11.28327923860041,1,0.0,0.0,interior
T097,L,2637,T009,198,0,mapped,-21.428174508461332,20.627918736983986,-10.441002709428364,1,0.0,0.0,interior
T097,L,2638,T009,199,0,mapped,-21.2071037293586,20.47047144913824,-9.651668244875076,1,0.0,0.0,interior
T097,L,2639,T009,200,0,mapped,-20.911079568617335,20.25326951700645,-8.85270691183108,1,0.0,0.0,interior
T097,L,2640,T009,201,0,mapped,-20.62201378690017,20.14698104312707,-8.237569589123172,1,0.0,0.0,interior
T097,L,2641,T009,202,0,mapped,-20.227621490130723,19.969955952026666,-7.571325514085672,1,0.0,0.0,interior
T097,L,2642,T009,203,0,mapped,-19.71069511314552,19.8019007817052,-6.981161544536505,1,0.0,0.0,interior
T097,L,2643,T009,204,0,mapped,-19.065986862004493,19.578205011057698,-6.621101294790815,2,1.7698222599439695e-14,8.849111299719848e-15,shared_edge
T097,L,2644,T009,206,0,mapped,-24.965777816184477,21.461649693377034,-15.575640483954764,1,0.0,0.0,interior
T097,L,2645,T009,207,0,mapped,-24.400434211632337,21.411980657403326,-14.964515554416645,1,0.0,0.0,interior
T097,L,2646,T009,208,0,mapped,-23.894391720081572,21.274360417075833,-14.535163962988268,1,0.0,0.0,interior
T097,L,2647,T009,209,0,mapped,-23.25317459353542,21.06037198130042,-14.153561695861505,1,0.0,0.0,interior
T097,L,2648,T009,210,0,mapped,-22.67221819466854,20.89980111991678,-13.7351279215432,1,0.0,0.0,interior
T097,L,2649,T009,211,0,mapped,-22.232732385086457,20.743196188225014,-13.153298362647668,1,0.0,0.0,interior
T097,L,2650,T009,212,0,mapped,-21.992602398741553,20.605601280439796,-12.387660090169057,1,0.0,0.0,interior
T097,L,2651,T009,213,0,mapped,-21.771679133585543,20.646607012777746,-11.63250866077362,1,0.0,0.0,interior
T097,L,2652,T009,214,0,mapped,-21.591861630428568,20.56234450771484,-10.862713101136585,1,0.0,0.0,interior
T097,L,2653,T009,215,0,mapped,-21.357469933649487,20.420829202781874,-10.068254872981132,1,0.0,0.0,interior
T097,L,2654,T009,216,0,mapped,-21.165217632638374,20.2632856118871,-9.27504031224996,1,0.0,0.0,interior
T097,L,2655,T009,217,0,mapped,-20.818338297465804,20.077031586828365,-8.534885517667679,1,0.0,0.0,interior
T097,L,2656,T009,218,0,mapped,-20.478239589247526,19.93300442426777,-7.843484990397771,1,0.0,0.0,interior
T097,L,2657,T009,219,0,mapped,-20.09782488314636,19.721313234586646,-7.208630914618547,2,1.3889773041094434e-14,6.944886520547217e-15,shared_edge
T097,L,2658,T009,221,0,mapped,-25.22376199421547,21.442119575844767,-15.84762009597735,1,0.0,0.0,interior
T097,L,2659,T009,222,0,mapped,-24.799585846209364,21.41155348549381,-15.345610819414787,1,0.0,0.0,interior
T097,L,2660,T009,223,0,mapped,-24.1440304118713,21.242994966984927,-14.720330895933223,1,0.0,0.0,interior
T097,L,2661,T009,224,0,mapped,-23.610019162568502,21.13226426819181,-14.333582104381378,1,0.0,0.0,interior
T097,L,2662,T009,225,0,mapped,-23.042486280462462,20.861717012597243,-13.957242518395079,1,0.0,0.0,interior
T097,L,2663,T009,226,0,mapped,-22.440023178596974,20.754877923395853,-13.410156016123945,1,0.0,0.0,interior
T097,L,2664,T009,227,0,mapped,-22.138403703179847,20.62937950928325,-12.82540667439543,1,0.0,0.0,interior
T097,L,2665,T009,228,0,mapped,-21.949185562561887,20.567967307608956,-12.023369793464983,1,0.0,0.0,interior
T097,L,2666,T009,229,0,mapped,-21.735622897417166,20.50660340348142,-11.257061093988458,1,0.0,0.0,interior
T097,L,2667,T009,230,0,mapped,-21.56189983383574,20.353279106839224,-10.44070424508252,1,0.0,0.0,interior
T097,L,2668,T009,231,0,mapped,-21.33908253708463,20.195958511108177,-9.66403390845782,1,0.0,0.0,interior
T097,L,2669,T009,232,0,mapped,-21.07595357817864,20.00748672939598,-8.913061593510303,1,0.0,0.0,interior
T097,L,2670,T009,233,0,mapped,-20.730426425904138,19.8453982753835,-8.225321458222204,2,9.568551029921598e-15,4.784275514960799e-15,shared_edge
T097,L,2671,T009,235,0,mapped,-25.43021852313808,21.497006386354556,-16.126465014458752,1,0.0,0.0,interior
T097,L,2672,T009,236,0,mapped,-25.096801228515805,21.325510397214742,-15.647329812586461,1,0.0,0.0,interior
T097,L,2673,T009,237,0,mapped,-24.58128501094225,21.303112592258294,-15.074964433425942,1,0.0,0.0,interior
T097,L,2674,T009,238,0,mapped,-23.95615086098509,21.126550432475454,-14.548243628376664,1,0.0,0.0,interior
T097,L,2675,T009,239,0,mapped,-23.320225966037054,20.908529437427376,-14.149351610905315,1,0.0,0.0,interior
T097,L,2676,T009,240,0,mapped,-22.822131425277483,20.672966942090586,-13.708785740736737,1,0.0,0.0,interior
T097,L,2677,T009,241,0,mapped,-22.336424247789573,20.592264351836576,-13.103148246954468,1,0.0,0.0,interior
T097,L,2678,T009,242,0,mapped,-22.084913117241605,20.501534273130744,-12.39699973682615,1,0.0,0.0,interior
T097,L,2679,T009,243,0,mapped,-21.921567421311806,20.431435252586827,-11.625483155853374,1,0.0,0.0,interior
T097,L,2680,T009,244,0,mapped,-21.74056718015629,20.28279052631228,-10.859468835490329,1,0.0,0.0,interior
T097,L,2681,T009,245,0,mapped,-21.513768848753514,20.132010276941674,-10.024550243700142,1,0.0,0.0,interior
T097,L,2682,T009,246,0,mapped,-21.277169755170863,19.962908221741152,-9.28944087758913,2,1.0395861869767154e-14,5.197930934883577e-15,shared_edge
T097,L,2683,T009,248,0,mapped,-25.81586533695596,21.49071166879568,-16.53804127448044,1,0.0,0.0,interior
T097,L,2684,T009,249,0,mapped,-25.31293075407079,21.326832825121702,-15.892368443945548,1,0.0,0.0,interior
T097,L,2685,T009,250,0,mapped,-24.825407820821408,21.307137134700397,-15.317957437674409,1,0.0,0.0,interior
T097,L,2686,T009,251,0,mapped,-24.22792973900141,21.12997703150126,-14.755338238829323,1,0.0,0.0,interior
T097,L,2687,T009,252,0,mapped,-23.73471568728223,20.9692630000246,-14.356687842296974,1,0.0,0.0,interior
T097,L,2688,T009,253,0,mapped,-23.092600586788585,20.725361437883084,-13.936273534704087,1,0.0,0.0,interior
T097,L,2689,T009,254,0,mapped,-22.625186997365144,20.56671459641804,-13.44337049517912,1,0.0,0.0,interior
T097,L,2690,T009,255,0,mapped,-22.272603816693596,20.437433916481556,-12.763871279541787,1,0.0,0.0,interior
T097,L,2691,T009,256,0,mapped,-22.05807212797527,20.393105501194434,-12.033996050958532,1,0.0,0.0,interior
T097,L,2692,T009,257,0,mapped,-21.876330830343132,20.257769600772452,-11.247347791530174,1,0.0,0.0,interior
T097,L,2693,T009,258,0,mapped,-21.67973521365637,20.068784119682945,-10.422499089768502,2,1.0398232918234467e-14,5.1991164591172345e-15,shared_edge
T097,L,2694,T009,260,0,mapped,-26.0707144058251,21.539264868741167,-16.846465999127123,1,0.0,0.0,interior
T097,L,2695,T009,261,0,mapped,-25.501912106036382,21.424921183495545,-16.15585787784275,1,0.0,0.0,interior
T097,L,2696,T009,262,0,mapped,-25.16852097817141,21.250862087629713,-15.688806711113546,1,0.0,0.0,interior
T097,L,2697,T009,263,0,mapped,-24.664053982642393,21.181428048614897,-15.119393665001503,1,0.0,0.0,interior
T097,L,2698,T009,264,0,mapped,-24.038324983162354,21.000318195647004,-14.567412708489485,1,0.0,0.0,interior
T097,L,2699,T009,265,0,mapped,-23.423585543835635,20.827108238703865,-14.170964333641338,1,0.0,0.0,interior
T097,L,2700,T009,266,0,mapped,-22.96345583636873,20.53370994779597,-13.72816187857149,1,0.0,0.0,interior
T097,L,2701,T009,267,0,mapped,-22.457935955632117,20.41471553623373,-13.05704317380959,1,0.0,0.0,interior
T097,L,2702,T009,268,0,mapped,-22.204170370680394,20.328411719970514,-12.36796524628867,1,0.0,0.0,interior
T097,L,2703,T009,269,0,mapped,-22.05421757391418,20.167120546663963,-11.566920826879485,2,1.0367366991496098e-14,5.183683495748049e-15,shared_edge
T097,L,2704,T009,271,0,mapped,-26.305725765984654,21.514958870996672,-17.162865842046834,1,0.0,0.0,interior
T097,L,2705,T009,272,0,mapped,-25.899832843546363,21.40475927356957,-16.594880755608617,1,0.0,0.0,interior
T097,L,2706,T009,273,0,mapped,-25.441525715982486,21.191726537335107,-15.976619332843,1,0.0,0.0,interior
T097,L,2707,T009,274,0,mapped,-24.894971754057224,21.189568998491623,-15.352975749601052,1,0.0,0.0,interior
T097,L,2708,T009,275,0,mapped,-24.32296380580992,21.03651982830408,-14.81328941264617,1,0.0,0.0,interior
T097,L,2709,T009,276,0,mapped,-23.86061451783429,20.79518862923204,-14.38625305528521,1,0.0,0.0,interior
T097,L,2710,T009,277,0,mapped,-23.206781303134747,20.58143934557796,-13.963779141824187,1,0.0,0.0,interior
T097,L,2711,T009,278,0,mapped,-22.731475045412054,20.427842472653555,-13.43134312154813,1,0.0,0.0,interior
T097,L,2712,T009,279,0,mapped,-22.39061351016349,20.272092544690732,-12.718548904557782,2,7.993605777301127e-15,3.996802888650564e-15,shared_edge
T097,L,2713,T009,281,0,mapped,-26.58344756079839,21.504865563626556,-17.55890717716938,1,0.0,0.0,interior
T097,L,2714,T009,282,0,mapped,-26.176582465939152,21.401696152598454,-16.936135154251687,1,0.0,0.0,interior
T097,L,2715,T009,283,0,mapped,-25.65207291893325,21.32579092743041,-16.261891537358906,1,0.0,0.0,interior
T097,L,2716,T009,284,0,mapped,-25.245319186459348,21.123795055056227,-15.710614855162868,1,0.0,0.0,interior
T097,L,2717,T009,285,0,mapped,-24.71957991345035,21.079808594117424,-15.148771642011075,1,0.0,0.0,interior
T097,L,2718,T009,286,0,mapped,-24.16467291660892,20.88555453229046,-14.627240667698324,1,0.0,0.0,interior
T097,L,2719,T009,287,0,mapped,-23.546258899360772,20.721243769394746,-14.193215823161209,1,0.0,0.0,interior
T097,L,2720,T009,288,0,mapped,-23.052946187733603,20.39776765980697,-13.70641197723436,2,3.2023728339893768e-15,1.6011864169946884e-15,shared_edge
T097,L,2721,T009,290,0,mapped,-26.808918112907364,21.525840286647483,-17.95855715611598,1,0.0,0.0,interior
T097,L,2722,T009,291,0,mapped,-26.392851857071435,21.36428373580201,-17.21361674745824,1,0.0,0.0,interior
T097,L,2723,T009,292,0,mapped,-25.984515622666407,21.288394640276852,-16.64272376736871,1,0.0,0.0,interior
T097,L,2724,T009,293,0,mapped,-25.52305460597335,21.078264758241403,-16.017000745176396,1,0.0,0.0,interior
T097,L,2725,T009,294,0,mapped,-25.016913359972413,21.027210974933094,-15.43243402071969,1,0.0,0.0,interior
T097,L,2726,T009,295,0,mapped,-24.477395673468536,20.904426231448614,-14.921081525969008,1,0.0,0.0,interior
T097,L,2727,T009,296,0,mapped,-23.928709611798876,20.73199203660682,-14.409395882004937,2,1.9984014443252818e-15,9.992007221626409e-16,shared_edge
T097,L,2728,T009,298,0,mapped,-27.016407579553523,21.55402056180539,-18.33441118258831,1,0.0,0.0,interior
T097,L,2729,T009,299,0,mapped,-26.65357596150998,21.441503730444975,-17.648225741540873,1,0.0,0.0,interior
T097,L,2730,T009,300,0,mapped,-26.261592497055684,21.2713114361348,-16.997970178992727,1,0.0,0.0,interior
T097,L,2731,T009,301,0,mapped,-25.773640544889492,21.148449722485303,-16.33331465785968,1,0.0,0.0,interior
T097,L,2732,T009,302,0,mapped,-25.345501116476086,20.999931053233453,-15.76980458702886,1,0.0,0.0,interior
T097,L,2733,T009,303,0,mapped,-24.83334141330787,20.872425193607246,-15.194824606452197,2,1.5959455978986625e-15,7.979727989493314e-16,shared_edge
T097,L,2734,T009,305,0,mapped,-27.23176245274488,21.58119149979458,-18.72823555709129,1,0.0,0.0,interior
T097,L,2735,T009,306,0,mapped,-26.89204114750185,21.40417330817656,-18.02440709131126,1,0.0,0.0,interior
T097,L,2736,T009,307,0,mapped,-26.520930588393732,21.25343702660586,-17.322449525197403,1,0.0,0.0,interior
T097,L,2737,T009,308,0,mapped,-26.097357692552208,21.13651564524621,-16.71233157199092,1,0.0,0.0,interior
T097,L,2738,T009,309,0,mapped,-25.62883659107774,21.006696577459543,-16.092614706318773,2,1.1102230246251563e-16,5.551115123125783e-17,shared_edge
T097,L,2739,T009,311,0,mapped,-27.3888181038711,21.567123770299737,-19.08398925854272,1,0.0,0.0,interior
T097,L,2740,T009,312,0,mapped,-27.102840362319526,21.399359063137368,-18.380219645263715,1,0.0,0.0,interior
T097,L,2741,T009,313,0,mapped,-26.733285463432473,21.290223328782606,-17.71448890023984,1,0.0,0.0,interior
T097,L,2742,T009,314,0,mapped,-26.351743320342976,21.137890156638733,-17.05049275516634,2,0.0,0.0,shared_edge
T097,L,2743,T009,316,0,mapped,-27.505502989466706,21.563917880022707,-19.493177682527435,1,0.0,0.0,interior
T097,L,2744,T009,317,0,mapped,-27.313215087916163,21.397630316462212,-18.76924418208049,1,0.0,0.0,interior
T097,L,2745,T009,318,0,mapped,-26.97901959887431,21.261746391080727,-18.073358099662123,2,0.0,0.0,shared_edge
T097,L,2746,T009,320,0,mapped,-27.618283254790192,21.48725024170269,-19.92948544348431,1,0.0,0.0,interior
T097,L,2747,T009,321,0,mapped,-27.455451632428097,21.37366564757124,-19.172594070767882,2,8.881784197001252e-16,4.440892098500626e-16,shared_edge
T097,L,2748,T009,323,0,mapped,-27.776804788163588,21.472245147561573,-20.33106117472556,2,3.552713678800501e-15,1.7763568394002505e-15,shared_edge
T097,L,2749,T010,26,0,mapped,-21.089486025942072,21.728266940815516,-12.877108381997482,1,0.0,0.0,interior
T097,L,2750,T010,27,0,mapped,-20.773589337747374,21.802266158669877,-12.184120080041335,1,0.0,0.0,interior
T097,L,2751,T010,28,0,mapped,-20.68426667892465,21.742135036350202,-11.314460596020604,1,0.0,0.0,interior
T097,L,2752,T010,29,0,mapped,-20.43616186038182,21.802301801370348,-10.596735333458772,1,0.0,0.0,interior
T097,L,2753,T010,30,0,mapped,-20.188580166948746,21.711917649380126,-9.821753642648247,1,0.0,0.0,interior
T097,L,2754,T010,31,0,mapped,-19.869781498985898,21.640328365541347,-9.078399316907563,1,0.0,0.0,interior
T097,L,2755,T010,32,0,mapped,-19.418303948243228,21.576577083158476,-8.388769985574672,1,0.0,0.0,interior
T097,L,2756,T010,33,0,mapped,-18.857206237661067,21.476360805117878,-7.960687438775671,1,0.0,0.0,interior
T097,L,2757,T010,34,0,mapped,-18.232074888329148,21.1826276539222,-7.529837471548696,1,0.0,0.0,interior
T097,L,2758,T010,35,0,mapped,-17.642537306922986,20.92995588813415,-7.283806539834412,1,0.0,0.0,interior
T097,L,2759,T010,36,0,mapped,-16.921500686815016,20.550178048566398,-6.906114388107611,1,0.0,0.0,interior
T097,L,2760,T010,37,0,mapped,-16.30518951218865,20.303217542209357,-6.620478913944549,1,0.0,0.0,interior
T097,L,2761,T010,38,0,mapped,-15.6891840977494,20.06365311093994,-6.250793187531576,1,0.0,0.0,interior
T097,L,2762,T010,39,0,mapped,-15.012678191701529,19.856796425961072,-5.954304269997317,1,0.0,0.0,interior
T097,L,2763,T010,40,0,mapped,-14.401427797371442,19.629653496549604,-5.55490901371245,1,0.0,0.0,interior
T097,L,2764,T010,41,0,mapped,-13.912066582840398,19.360728315360795,-5.185191783763804,1,0.0,0.0,interior
T097,L,2765,T010,42,0,mapped,-13.41596410645671,19.13518759482081,-4.73392062234265,1,0.0,0.0,interior
T097,L,2766,T010,43,0,mapped,-12.75236931639737,18.971458989122354,-4.118757797640249,1,0.0,0.0,interior
T097,L,2767,T010,44,0,mapped,-12.196055604753568,18.694565189308438,-3.632627786417382,1,0.0,0.0,interior
T097,L,2768,T010,45,0,mapped,-11.621481012785477,18.367522980093913,-3.2906590451339497,1,0.0,0.0,interior
T097,L,2769,T010,46,0,mapped,-11.044530296805897,17.951551171228772,-3.058134406938146,1,0.0,0.0,interior
T097,L,2770,T010,47,0,mapped,-10.474708946181861,17.650999492186745,-2.8455254733059974,1,0.0,0.0,interior
T097,L,2771,T010,48,0,mapped,-9.829855394237171,17.240638151901187,-2.7682610410331794,2,4.463041323674983e-15,2.231520661837492e-15,shared_edge
T097,L,2772,T010,50,0,mapped,-20.683514395402263,21.906953381747677,-12.371798452889928,1,0.0,0.0,interior
T097,L,2773,T010,51,0,mapped,-20.512395092221368,21.908316767866395,-11.70194366569708,1,0.0,0.0,interior
T097,L,2774,T010,52,0,mapped,-20.3668164710328,21.92834946754351,-10.950018030333405,1,0.0,0.0,interior
T097,L,2775,T010,53,0,mapped,-20.12796887970337,21.863163758916684,-10.187505886796593,1,0.0,0.0,interior
T097,L,2776,T010,54,0,mapped,-19.76892983496547,21.846658298382213,-9.407988325935374,1,0.0,0.0,interior
T097,L,2777,T010,55,0,mapped,-19.41544835386088,21.798778307094516,-8.723362330749273,1,0.0,0.0,interior
T097,L,2778,T010,56,0,mapped,-18.84686579554003,21.67888813691538,-8.156241544642238,1,0.0,0.0,interior
T097,L,2779,T010,57,0,mapped,-18.23731261913163,21.375466742329653,-7.68152685451668,1,0.0,0.0,interior
T097,L,2780,T010,58,0,mapped,-17.65418827914913,21.128078297999657,-7.425598562767737,1,0.0,0.0,interior
T097,L,2781,T010,59,0,mapped,-16.930657926340412,20.691150653435233,-7.012938853303572,1,0.0,0.0,interior
T097,L,2782,T010,60,0,mapped,-16.361712365598578,20.463803977598236,-6.735378149829657,1,0.0,0.0,interior
T097,L,2783,T010,61,0,mapped,-15.750596702172396,20.21632967731015,-6.368385972043232,1,0.0,0.0,interior
T097,L,2784,T010,62,0,mapped,-15.126792719854237,20.048784710863977,-6.082844056078418,1,0.0,0.0,interior
T097,L,2785,T010,63,0,mapped,-14.450592924119158,19.870402089707145,-5.670053516251592,1,0.0,0.0,interior
T097,L,2786,T010,64,0,mapped,-14.016968626756993,19.69676606615036,-5.3189932395307835,1,0.0,0.0,interior
T097,L,2787,T010,65,0,mapped,-13.47872950751081,19.43802252315952,-4.844924533049332,1,0.0,0.0,interior
T097,L,2788,T010,66,0,mapped,-12.833450524190841,19.183414915486583,-4.212504769869092,1,0.0,0.0,interior
T097,L,2789,T010,67,0,mapped,-12.330653369150305,18.975196878269603,-3.714927711631338,1,0.0,0.0,interior
T097,L,2790,T010,68,0,mapped,-11.836857261355407,18.718359172445073,-3.355014296926912,1,0.0,0.0,interior
T097,L,2791,T010,69,0,mapped,-11.228023030401237,18.371058203295767,-3.0715120537488314,1,0.0,0.0,interior
T097,L,2792,T010,70,0,mapped,-10.605261317542807,17.939784090509242,-2.8504383509912152,1,0.0,0.0,interior
T097,L,2793,T010,71,0,mapped,-9.95810869676561,17.5706545740477,-2.7147370023025683,2,2.8780270159990897e-15,1.4390135079995448e-15,shared_edge
T097,L,2794,T010,73,0,mapped,-20.299364509744827,22.107470587024658,-12.11671970925772,1,0.0,0.0,interior
T097,L,2795,T010,74,0,mapped,-20.269495105297736,22.049175007692508,-11.307794466349392,1,0.0,0.0,interior
T097,L,2796,T010,75,0,mapped,-20.00610058205008,22.03128347979376,-10.499852080653524,1,0.0,0.0,interior
T097,L,2797,T010,76,0,mapped,-19.729476082584927,21.97675129116756,-9.753300261300785,1,0.0,0.0,interior
T097,L,2798,T010,77,0,mapped,-19.40680999000876,21.96372579235065,-9.05347596850741,1,0.0,0.0,interior
T097,L,2799,T010,78,0,mapped,-18.82020987839932,21.899003109746467,-8.41508927016089,1,0.0,0.0,interior
T097,L,2800,T010,79,0,mapped,-18.18895292218256,21.715300833691543,-7.969104355134599,1,0.0,0.0,interior
T097,L,2801,T010,80,0,mapped,-17.626445179397553,21.323176169613305,-7.572398963767672,1,0.0,0.0,interior
T097,L,2802,T010,81,0,mapped,-16.928483430069704,20.912167059597607,-7.177972412593954,1,0.0,0.0,interior
T097,L,2803,T010,82,0,mapped,-16.421880760209422,20.662877269430854,-6.871221266899848,1,0.0,0.0,interior
T097,L,2804,T010,83,0,mapped,-15.76561221346812,20.43937113635485,-6.527918785723301,1,0.0,0.0,interior
T097,L,2805,T010,84,0,mapped,-15.184305989748074,20.261758084035307,-6.2056144007868905,1,0.0,0.0,interior
T097,L,2806,T010,85,0,mapped,-14.518461385747406,20.11154980933013,-5.804980784224542,1,0.0,0.0,interior
T097,L,2807,T010,86,0,mapped,-14.111515155430308,19.93591255195466,-5.452109655469364,1,0.0,0.0,interior
T097,L,2808,T010,87,0,mapped,-13.497444620140987,19.670939403652408,-4.88065880468516,1,0.0,0.0,interior
T097,L,2809,T010,88,0,mapped,-12.97117170650602,19.449187391686515,-4.3497929585126585,1,0.0,0.0,interior
T097,L,2810,T010,89,0,mapped,-12.433208548828194,19.27601987736186,-3.7829676344801637,1,0.0,0.0,interior
T097,L,2811,T010,90,0,mapped,-11.921940411712345,19.036822632434678,-3.361797122467202,1,0.0,0.0,interior
T097,L,2812,T010,91,0,mapped,-11.419466483779491,18.649239490082014,-3.107407676646673,1,0.0,0.0,interior
T097,L,2813,T010,92,0,mapped,-10.794673650073957,18.275387343469543,-2.87623897677957,1,0.0,0.0,interior
T097,L,2814,T010,93,0,mapped,-10.17730376356399,17.89009504948928,-2.6940223551913913,2,0.0,0.0,shared_edge
T097,L,2815,T010,95,0,mapped,-20.05350921237397,22.19426419192583,-11.696096240491247,1,0.0,0.0,interior
T097,L,2816,T010,96,0,mapped,-19.841498669983253,22.218909106585254,-10.854777829541263,1,0.0,0.0,interior
T097,L,2817,T010,97,0,mapped,-19.601893759350638,22.149922619877422,-10.085604370990815,1,0.0,0.0,interior
T097,L,2818,T010,98,0,mapped,-19.369030217074403,22.089483895911677,-9.35088668879396,1,0.0,0.0,interior
T097,L,2819,T010,99,0,mapped,-18.812732940712635,22.07143077424538,-8.664433056284208,1,0.0,0.0,interior
T097,L,2820,T010,100,0,mapped,-18.233356200910077,21.928513178991754,-8.189190169756404,1,0.0,0.0,interior
T097,L,2821,T010,101,0,mapped,-17.66772063619986,21.5130713324371,-7.72302096116249,1,0.0,0.0,interior
T097,L,2822,T010,102,0,mapped,-17.0004707121094,21.136216929337408,-7.3601726204858,1,0.0,0.0,interior
T097,L,2823,T010,103,0,mapped,-16.447661215413405,20.807274882181492,-6.98518055548397,1,0.0,0.0,interior
T097,L,2824,T010,104,0,mapped,-15.791049934209596,20.617628300741863,-6.661825457993945,1,0.0,0.0,interior
T097,L,2825,T010,105,0,mapped,-15.228593904914636,20.44682601532806,-6.3167218393316436,1,0.0,0.0,interior
T097,L,2826,T010,106,0,mapped,-14.587348880044672,20.3446059502527,-5.934589438028903,1,0.0,0.0,interior
T097,L,2827,T010,107,0,mapped,-14.124943824229339,20.135852580446127,-5.527129007334219,1,0.0,0.0,interior
T097,L,2828,T010,108,0,mapped,-13.63141375584646,19.867091817486035,-5.036892857351964,1,0.0,0.0,interior
T097,L,2829,T010,109,0,mapped,-13.026950502942949,19.734051510638132,-4.388567806381971,1,0.0,0.0,interior
T097,L,2830,T010,110,0,mapped,-12.582670301830742,19.546203506499694,-3.915934986683112,1,0.0,0.0,interior
T097,L,2831,T010,111,0,mapped,-12.120912065804733,19.420403774649255,-3.4016297970908287,1,0.0,0.0,interior
T097,L,2832,T010,112,0,mapped,-11.577656936172207,19.058061275795474,-3.1095515915126466,1,0.0,0.0,interior
T097,L,2833,T010,113,0,mapped,-10.981727409990631,18.628804303719562,-2.861953637628094,1,0.0,0.0,interior
T097,L,2834,T010,114,0,mapped,-10.37737319930071,18.221706426691444,-2.672846773984597,2,2.8951074449790722e-15,1.4475537224895361e-15,shared_edge
T097,L,2835,T010,116,0,mapped,-19.67548073156299,22.34866061847664,-11.212387080244437,1,0.0,0.0,interior
T097,L,2836,T010,117,0,mapped,-19.46629220824223,22.296326985927102,-10.422629655156204,1,0.0,0.0,interior
T097,L,2837,T010,118,0,mapped,-19.227549081859536,22.257287902944036,-9.657286293691365,1,0.0,0.0,interior
T097,L,2838,T010,119,0,mapped,-18.74034780587664,22.275987160454182,-8.974336495242387,1,0.0,0.0,interior
T097,L,2839,T010,120,0,mapped,-18.269414101846532,22.06594352819134,-8.354207326173626,1,0.0,0.0,interior
T097,L,2840,T010,121,0,mapped,-17.643424450387325,21.736339758631622,-7.896535899624012,1,0.0,0.0,interior
T097,L,2841,T010,122,0,mapped,-17.06884906109898,21.3672555009585,-7.55619023301022,1,0.0,0.0,interior
T097,L,2842,T010,123,0,mapped,-16.406070148687547,20.991645427513102,-7.107241295267476,1,0.0,0.0,interior
T097,L,2843,T010,124,0,mapped,-15.836063988813402,20.735978481205137,-6.755494765283784,1,0.0,0.0,interior
T097,L,2844,T010,125,0,mapped,-15.248113667677341,20.654403707692115,-6.4323866878413725,1,0.0,0.0,interior
T097,L,2845,T010,126,0,mapped,-14.709665278758875,20.530241492669745,-6.087134912373784,1,0.0,0.0,interior
T097,L,2846,T010,127,0,mapped,-14.219426074076985,20.27430135601337,-5.654885237529847,1,0.0,0.0,interior
T097,L,2847,T010,128,0,mapped,-13.721823523426924,20.017344931016666,-5.1458764315396515,1,0.0,0.0,interior
T097,L,2848,T010,129,0,mapped,-13.132590255596984,19.954367926612093,-4.508202365039956,1,0.0,0.0,interior
T097,L,2849,T010,130,0,mapped,-12.748264931372454,19.81303476849021,-4.016506186226749,1,0.0,0.0,interior
T097,L,2850,T010,131,0,mapped,-12.322869077475849,19.59895515124603,-3.5416458549874807,1,0.0,0.0,interior
T097,L,2851,T010,132,0,mapped,-11.750991339188847,19.371593484656113,-3.1195933768393758,1,0.0,0.0,interior
T097,L,2852,T010,133,0,mapped,-11.147401161597946,18.991978845893303,-2.855660220364502,1,0.0,0.0,interior
T097,L,2853,T010,134,0,mapped,-10.55069268634067,18.56823813532576,-2.6511456080209097,2,2.010699415441723e-15,1.0053497077208614e-15,shared_edge
T097,L,2854,T010,136,0,mapped,-19.325234334126595,22.43130452870001,-10.724389667231726,1,0.0,0.0,interior
T097,L,2855,T010,137,0,mapped,-19.088182532216116,22.4141757260765,-9.99861733125168,1,0.0,0.0,interior
T097,L,2856,T010,138,0,mapped,-18.75047807460348,22.39543730163306,-9.304990143335303,1,0.0,0.0,interior
T097,L,2857,T010,139,0,mapped,-18.19218185971007,22.321277390519985,-8.670909594564549,1,0.0,0.0,interior
T097,L,2858,T010,140,0,mapped,-17.569550458606287,22.054605915341313,-8.177111956681475,1,0.0,0.0,interior
T097,L,2859,T010,141,0,mapped,-17.091641934887868,21.662631978286157,-7.791948105187321,1,0.0,0.0,interior
T097,L,2860,T010,142,0,mapped,-16.451206231910284,21.278532101383874,-7.335197690018473,1,0.0,0.0,interior
T097,L,2861,T010,143,0,mapped,-15.89029273014879,20.96960776814504,-6.918905595927795,1,0.0,0.0,interior
T097,L,2862,T010,144,0,mapped,-15.286435407637873,20.77228130915251,-6.523704692901267,1,0.0,0.0,interior
T097,L,2863,T010,145,0,mapped,-14.688954926241395,20.671462014362547,-6.142279885784639,1,0.0,0.0,interior
T097,L,2864,T010,146,0,mapped,-14.190871842313747,20.51888510317041,-5.714509208749833,1,0.0,0.0,interior
T097,L,2865,T010,147,0,mapped,-13.790630977058473,20.23926348590974,-5.253424878713016,1,0.0,0.0,interior
T097,L,2866,T010,148,0,mapped,-13.299947365545046,20.108520202702,-4.686929373457417,1,0.0,0.0,interior
T097,L,2867,T010,149,0,mapped,-12.898723528851201,20.086117464064145,-4.149607235296157,1,0.0,0.0,interior
T097,L,2868,T010,150,0,mapped,-12.485980063666293,19.914490117236014,-3.580028152317846,1,0.0,0.0,interior
T097,L,2869,T010,151,0,mapped,-11.937782680611615,19.61164535607937,-3.1669663297080106,1,0.0,0.0,interior
T097,L,2870,T010,152,0,mapped,-11.305322277251943,19.340917436187972,-2.8205627157926116,1,0.0,0.0,interior
T097,L,2871,T010,153,0,mapped,-10.72290080667469,18.915337118400604,-2.6294255862684395,2,0.0,0.0,shared_edge
T097,L,2872,T010,155,0,mapped,-18.96436743914703,22.519586306155187,-10.266128300988012,1,0.0,0.0,interior
T097,L,2873,T010,156,0,mapped,-18.61727416066346,22.509701086542275,-9.536306487160433,1,0.0,0.0,interior
T097,L,2874,T010,157,0,mapped,-18.147198410212617,22.520243335699284,-8.962009230580357,1,0.0,0.0,interior
T097,L,2875,T010,158,0,mapped,-17.591641807311902,22.217006480135012,-8.352857388046305,1,0.0,0.0,interior
T097,L,2876,T010,159,0,mapped,-17.14225570887043,21.88795529661414,-7.973876150151455,1,0.0,0.0,interior
T097,L,2877,T010,160,0,mapped,-16.463379652247973,21.466025861219027,-7.487530958853583,1,0.0,0.0,interior
T097,L,2878,T010,161,0,mapped,-15.90847583980825,21.166581587804032,-7.057965153033541,1,0.0,0.0,interior
T097,L,2879,T010,162,0,mapped,-15.378056617928674,21.01204762973971,-6.718668924183133,1,0.0,0.0,interior
T097,L,2880,T010,163,0,mapped,-14.728306114208955,20.919836025789735,-6.285441128911021,1,0.0,0.0,interior
T097,L,2881,T010,164,0,mapped,-14.217497774050296,20.74927795008513,-5.828146254463711,1,0.0,0.0,interior
T097,L,2882,T010,165,0,mapped,-13.853567000212083,20.474198938979583,-5.367204550652474,1,0.0,0.0,interior
T097,L,2883,T010,166,0,mapped,-13.372216798014035,20.426082927863092,-4.7803483832017495,1,0.0,0.0,interior
T097,L,2884,T010,167,0,mapped,-13.041997998527961,20.288481589774705,-4.3343322542182,1,0.0,0.0,interior
T097,L,2885,T010,168,0,mapped,-12.610048180000105,20.133610628391846,-3.6714965863352607,1,0.0,0.0,interior
T097,L,2886,T010,169,0,mapped,-12.069215487705838,19.868239152266746,-3.142221182442766,1,0.0,0.0,interior
T097,L,2887,T010,170,0,mapped,-11.518179058816704,19.61647280695441,-2.8195093121241115,1,0.0,0.0,interior
T097,L,2888,T010,171,0,mapped,-10.904869723801053,19.25733300090382,-2.6078780179809407,2,7.081099581852424e-15,3.540549790926212e-15,shared_edge
T097,L,2889,T010,173,0,mapped,-18.488910363368575,22.634350325952706,-9.939430721905481,1,0.0,0.0,interior
T097,L,2890,T010,174,0,mapped,-18.087770911367397,22.648204410845764,-9.306468060965736,1,0.0,0.0,interior
T097,L,2891,T010,175,0,mapped,-17.60481007904047,22.38922330401482,-8.579182838848814,1,0.0,0.0,interior
T097,L,2892,T010,176,0,mapped,-17.120084893324083,22.104823745452766,-8.155182130650925,1,0.0,0.0,interior
T097,L,2893,T010,177,0,mapped,-16.47812958343315,21.662706800723058,-7.666833409036759,1,0.0,0.0,interior
T097,L,2894,T010,178,0,mapped,-15.940965064467132,21.359291119923302,-7.21770754699336,1,0.0,0.0,interior
T097,L,2895,T010,179,0,mapped,-15.408932038734502,21.171806862001027,-6.845472361332707,1,0.0,0.0,interior
T097,L,2896,T010,180,0,mapped,-14.73813572809263,21.04742628865266,-6.352379492357398,1,0.0,0.0,interior
T097,L,2897,T010,181,0,mapped,-14.303796741226087,20.835766771120355,-5.937939287284804,1,0.0,0.0,interior
T097,L,2898,T010,182,0,mapped,-13.867553702575426,20.757139617893795,-5.458349423546949,1,0.0,0.0,interior
T097,L,2899,T010,183,0,mapped,-13.531291918382575,20.679469701742956,-4.997849476603033,1,0.0,0.0,interior
T097,L,2900,T010,184,0,mapped,-13.11330121483491,20.628653455837597,-4.438912310413997,1,0.0,0.0,interior
T097,L,2901,T010,185,0,mapped,-12.74546454002581,20.339154330341675,-3.8274961502696083,1,0.0,0.0,interior
T097,L,2902,T010,186,0,mapped,-12.327782519957253,20.259739617673134,-3.235101154319457,1,0.0,0.0,interior
T097,L,2903,T010,187,0,mapped,-11.733644906390722,19.917579155748403,-2.8483331216315744,1,0.0,0.0,interior
T097,L,2904,T010,188,0,mapped,-11.135288245974523,19.568378066838708,-2.5875048500453772,2,3.3251133250970925e-15,1.6625566625485465e-15,shared_edge
T097,L,2905,T010,190,0,mapped,-17.99671669535246,22.754336098337774,-9.598952025557388,1,0.0,0.0,interior
T097,L,2906,T010,191,0,mapped,-17.548535759061842,22.624872304377668,-8.90596937441039,1,0.0,0.0,interior
T097,L,2907,T010,192,0,mapped,-17.13330757892902,22.32143538933746,-8.360463891541805,1,0.0,0.0,interior
T097,L,2908,T010,193,0,mapped,-16.45247543333784,21.95273458737728,-7.909560339522356,1,0.0,0.0,interior
T097,L,2909,T010,194,0,mapped,-15.948227262387876,21.586627791316598,-7.408432004323595,1,0.0,0.0,interior
T097,L,2910,T010,195,0,mapped,-15.416143669501533,21.328311384470705,-6.966124302040159,1,0.0,0.0,interior
T097,L,2911,T010,196,0,mapped,-14.782631805184762,21.29758747377033,-6.526493673729748,1,0.0,0.0,interior
T097,L,2912,T010,197,0,mapped,-14.302258226289139,21.11505367911415,-6.056796662190553,1,0.0,0.0,interior
T097,L,2913,T010,198,0,mapped,-13.929927721405157,20.93115549584265,-5.598761515624593,1,0.0,0.0,interior
T097,L,2914,T010,199,0,mapped,-13.612711247157497,20.803818913022397,-5.126478890359291,1,0.0,0.0,interior
T097,L,2915,T010,200,0,mapped,-13.195510239905726,20.79086832276423,-4.584043379916139,1,0.0,0.0,interior
T097,L,2916,T010,201,0,mapped,-12.832386105955111,20.62625733751232,-3.9429619859279885,1,0.0,0.0,interior
T097,L,2917,T010,202,0,mapped,-12.445396887399182,20.428878586192145,-3.312281386370458,1,0.0,0.0,interior
T097,L,2918,T010,203,0,mapped,-11.849652251239606,20.19090762047511,-2.818404252158839,1,0.0,0.0,interior
T097,L,2919,T010,204,0,mapped,-11.346574502800788,19.892495006768016,-2.5666197891564533,2,8.881784197001252e-16,4.440892098500626e-16,shared_edge
T097,L,2920,T010,206,0,mapped,-17.50303871530891,22.76593753468289,-9.231692420689846,1,0.0,0.0,interior
T097,L,2921,T010,207,0,mapped,-17.01322699954734,22.545957661138367,-8.57659858472082,1,0.0,0.0,interior
T097,L,2922,T010,208,0,mapped,-16.570450280373656,22.204892508929973,-8.15013796148503,1,0.0,0.0,interior
T097,L,2923,T010,209,0,mapped,-15.936068125808834,21.848802647505302,-7.63645947635786,1,0.0,0.0,interior
T097,L,2924,T010,210,0,mapped,-15.404256977937575,21.62028774038472,-7.174603110744837,1,0.0,0.0,interior
T097,L,2925,T010,211,0,mapped,-14.820725051846468,21.424479539268592,-6.635119999973972,1,0.0,0.0,interior
T097,L,2926,T010,212,0,mapped,-14.300810204151663,21.263113254693565,-6.128399873554843,1,0.0,0.0,interior
T097,L,2927,T010,213,0,mapped,-13.941978389848078,21.09493253775562,-5.675519473926874,1,0.0,0.0,interior
T097,L,2928,T010,214,0,mapped,-13.619376177246012,21.00752954372111,-5.199826099994796,1,0.0,0.0,interior
T097,L,2929,T010,215,0,mapped,-13.213513582750553,21.025732059580136,-4.662050596804939,1,0.0,0.0,interior
T097,L,2930,T010,216,0,mapped,-12.900314485426355,20.90123477666582,-4.073209981700851,1,0.0,0.0,interior
T097,L,2931,T010,217,0,mapped,-12.555279544989665,20.794701908387637,-3.419890157941909,1,0.0,0.0,interior
T097,L,2932,T010,218,0,mapped,-12.060055424011843,20.458373120543744,-2.9075198181585478,1,0.0,0.0,interior
T097,L,2933,T010,219,0,mapped,-11.537184187314551,20.228269723707374,-2.546766800595462,2,5.416694539824758e-15,2.708347269912379e-15,shared_edge
T097,L,2934,T010,221,0,mapped,-16.989240775530526,22.74390124207438,-8.855183811280526,1,0.0,0.0,interior
T097,L,2935,T010,222,0,mapped,-16.429988861770138,22.460824862024797,-8.36368495600566,1,0.0,0.0,interior
T097,L,2936,T010,223,0,mapped,-15.8786687797184,22.106499710625616,-7.842240427023096,1,0.0,0.0,interior
T097,L,2937,T010,224,0,mapped,-15.44072990742903,21.762578731502256,-7.309171284268103,1,0.0,0.0,interior
T097,L,2938,T010,225,0,mapped,-14.810311954326595,21.55072354933941,-6.710677424927278,1,0.0,0.0,interior
T097,L,2939,T010,226,0,mapped,-14.3634626816547,21.405857334819924,-6.2623877763854185,1,0.0,0.0,interior
T097,L,2940,T010,227,0,mapped,-13.922931132646976,21.266615024053728,-5.722661495148191,1,0.0,0.0,interior
T097,L,2941,T010,228,0,mapped,-13.621043637808311,21.1862459576442,-5.262859653861268,1,0.0,0.0,interior
T097,L,2942,T010,229,0,mapped,-13.304092995469697,21.24903438315835,-4.831343791575474,1,0.0,0.0,interior
T097,L,2943,T010,230,0,mapped,-12.965998356841833,21.13187422989931,-4.2600823246023065,1,0.0,0.0,interior
T097,L,2944,T010,231,0,mapped,-12.666080499064867,21.053573531574138,-3.592115143889762,1,0.0,0.0,interior
T097,L,2945,T010,232,0,mapped,-12.2275398332823,20.887457155824112,-2.9723696543238454,1,0.0,0.0,interior
T097,L,2946,T010,233,0,mapped,-11.581878510715578,20.609171820593595,-2.528973109697361,2,5.404299284292361e-15,2.7021496421461805e-15,shared_edge
T097,L,2947,T010,235,0,mapped,-16.44994499731205,22.700877625575057,-8.63392407054258,1,0.0,0.0,interior
T097,L,2948,T010,236,0,mapped,-15.887029772894415,22.3095825101148,-8.029243250899192,1,0.0,0.0,interior
T097,L,2949,T010,237,0,mapped,-15.420410207559602,21.972883375907124,-7.4735469228831395,1,0.0,0.0,interior
T097,L,2950,T010,238,0,mapped,-14.857305406173523,21.83059706683463,-6.955079530703413,1,0.0,0.0,interior
T097,L,2951,T010,239,0,mapped,-14.324622523769598,21.594105136745934,-6.324570391275659,1,0.0,0.0,interior
T097,L,2952,T010,240,0,mapped,-13.979378901732991,21.390342908758175,-5.8537120436810355,1,0.0,0.0,interior
T097,L,2953,T010,241,0,mapped,-13.65919459680424,21.43867637968436,-5.412962351481495,1,0.0,0.0,interior
T097,L,2954,T010,242,0,mapped,-13.325610166673483,21.454862712423775,-4.923390747550819,1,0.0,0.0,interior
T097,L,2955,T010,243,0,mapped,-12.991857384989471,21.434402532660222,-4.360956642949144,1,0.0,0.0,interior
T097,L,2956,T010,244,0,mapped,-12.738469905669874,21.38218582712426,-3.8105059259808716,1,0.0,0.0,interior
T097,L,2957,T010,245,0,mapped,-12.314792687055506,21.217070088566395,-3.131140915189855,1,0.0,0.0,interior
T097,L,2958,T010,246,0,mapped,-11.587288645102273,20.983089954773984,-2.5709558183887697,2,1.9885742871150788e-15,9.942871435575394e-16,shared_edge
T097,L,2959,T010,248,0,mapped,-15.882147098306337,22.558818994761694,-8.26492198216918,1,0.0,0.0,interior
T097,L,2960,T010,249,0,mapped,-15.393022970062576,22.182535404804014,-7.643427236605598,1,0.0,0.0,interior
T097,L,2961,T010,250,0,mapped,-14.898601842193397,22.009749636894544,-7.141219321984407,1,0.0,0.0,interior
T097,L,2962,T010,251,0,mapped,-14.370009173187313,21.7478648497731,-6.462573393660044,1,0.0,0.0,interior
T097,L,2963,T010,252,0,mapped,-14.013689471889885,21.589271644433843,-5.985548649354957,1,0.0,0.0,interior
T097,L,2964,T010,253,0,mapped,-13.670778688833558,21.601363059584894,-5.493729560282423,1,0.0,0.0,interior
T097,L,2965,T010,254,0,mapped,-13.35435721179795,21.588520591046233,-5.043491368928116,1,0.0,0.0,interior
T097,L,2966,T010,255,0,mapped,-13.059745587880744,21.629498028829996,-4.535121216530044,1,0.0,0.0,interior
T097,L,2967,T010,256,0,mapped,-12.778877629727688,21.541266580714066,-3.989571452174278,1,0.0,0.0,interior
T097,L,2968,T010,257,0,mapped,-12.352863262793091,21.53296194889363,-3.407951598053508,1,0.0,0.0,interior
T097,L,2969,T010,258,0,mapped,-11.761729405937372,21.245584167481315,-2.7536783980490274,2,2.983692104580424e-15,1.491846052290212e-15,shared_edge
T097,L,2970,T010,260,0,mapped,-15.432640929002357,22.416320948137255,-7.887984708596747,1,0.0,0.0,interior
T097,L,2971,T010,261,0,mapped,-14.877041737207003,22.21419106543505,-7.29241523996264,1,0.0,0.0,interior
T097,L,2972,T010,262,0,mapped,-14.392661933512747,21.944116219831322,-6.614840500600005,1,0.0,0.0,interior
T097,L,2973,T010,263,0,mapped,-14.026989135769764,21.780029680737464,-6.095759384113601,1,0.0,0.0,interior
T097,L,2974,T010,264,0,mapped,-13.718928856215724,21.79755468668747,-5.653561637182618,1,0.0,0.0,interior
T097,L,2975,T010,265,0,mapped,-13.369882608813878,21.706275911069515,-5.159587106786951,1,0.0,0.0,interior
T097,L,2976,T010,266,0,mapped,-13.04121708838644,21.82717759723912,-4.712870768382054,1,0.0,0.0,interior
T097,L,2977,T010,267,0,mapped,-12.728294110418693,21.797127962183747,-4.201653277616977,1,0.0,0.0,interior
T097,L,2978,T010,268,0,mapped,-12.325855267613084,21.73139753192706,-3.6546492688381225,1,0.0,0.0,interior
T097,L,2979,T010,269,0,mapped,-11.800219514553662,21.544267170646947,-2.9929013187126383,2,2.88711357575485e-15,1.4435567878774249e-15,shared_edge
T097,L,2980,T010,271,0,mapped,-14.919304273735706,22.34634726951591,-7.450297226572882,1,0.0,0.0,interior
T097,L,2981,T010,272,0,mapped,-14.461762468598756,22.114492756316373,-6.818441441113444,1,0.0,0.0,interior
T097,L,2982,T010,273,0,mapped,-14.032849212170175,21.961576315510627,-6.210799681575667,1,0.0,0.0,interior
T097,L,2983,T010,274,0,mapped,-13.69644648885846,21.98744158915961,-5.733614526111168,1,0.0,0.0,interior
T097,L,2984,T010,275,0,mapped,-13.293030165199275,21.914762943371752,-5.311985538397391,1,0.0,0.0,interior
T097,L,2985,T010,276,0,mapped,-12.928518826816578,21.985561234834126,-4.9047836623855865,1,0.0,0.0,interior
T097,L,2986,T010,277,0,mapped,-12.67744823555534,21.961078995895605,-4.420181081104685,1,0.0,0.0,interior
T097,L,2987,T010,278,0,mapped,-12.374039855762321,21.82649216978704,-3.9021132596591617,1,0.0,0.0,interior
T097,L,2988,T010,279,0,mapped,-11.690749071991357,21.80298319899999,-3.2534401322568414,2,0.0,0.0,shared_edge
T097,L,2989,T010,281,0,mapped,-14.523637707774842,22.30806906742161,-7.036617194745995,1,0.0,0.0,interior
T097,L,2990,T010,282,0,mapped,-14.036946540144694,22.140451962958853,-6.344904995740308,1,0.0,0.0,interior
T097,L,2991,T010,283,0,mapped,-13.714501588139404,22.12121153396878,-5.851320989127601,1,0.0,0.0,interior
T097,L,2992,T010,284,0,mapped,-13.29427167073899,22.033311841063185,-5.452620877490993,1,0.0,0.0,interior
T097,L,2993,T010,285,0,mapped,-12.897932531383638,22.016722216921305,-5.0835339807193805,1,0.0,0.0,interior
T097,L,2994,T010,286,0,mapped,-12.624382037360876,22.062520240011192,-4.629877585256871,1,0.0,0.0,interior
T097,L,2995,T010,287,0,mapped,-12.258527353243126,21.982167130440452,-4.161498970954252,1,0.0,0.0,interior
T097,L,2996,T010,288,0,mapped,-11.710871969776784,21.948700194927113,-3.6083227681203986,2,3.484513271806393e-15,1.7422566359031965e-15,shared_edge
T097,L,2997,T010,290,0,mapped,-14.074944737837491,22.308460336432024,-6.524164403163589,1,0.0,0.0,interior
T097,L,2998,T010,291,0,mapped,-13.70582577822526,22.27759168275564,-5.949038495145485,1,0.0,0.0,interior
T097,L,2999,T010,292,0,mapped,-13.318974016364685,22.17767441160481,-5.573536226693562,1,0.0,0.0,interior
T097,L,3000,T010,293,0,mapped,-12.900250486036889,22.04723417308049,-5.291056204144509,1,0.0,0.0,interior
T097,L,3001,T010,294,0,mapped,-12.558314882056544,22.136727677126025,-4.861848124120513,1,0.0,0.0,interior
T097,L,3002,T010,295,0,mapped,-12.183531015638035,22.106764147626325,-4.4408037060786025,1,0.0,0.0,interior
T097,L,3003,T010,296,0,mapped,-11.689823969778482,22.070133537472792,-3.968953321351764,2,3.759318280208998e-15,1.879659140104499e-15,shared_edge
T097,L,3004,T010,298,0,mapped,-13.703262690251584,22.48960243833067,-6.101395318062668,1,0.0,0.0,interior
T097,L,3005,T010,299,0,mapped,-13.290944931883491,22.32114151666557,-5.625790048759708,1,0.0,0.0,interior
T097,L,3006,T010,300,0,mapped,-12.865590469574462,22.185379071328292,-5.451107556271742,1,0.0,0.0,interior
T097,L,3007,T010,301,0,mapped,-12.454644924910628,22.189258894098277,-5.1043870950401935,1,0.0,0.0,interior
T097,L,3008,T010,302,0,mapped,-12.112368349686953,22.178503917247657,-4.7207276655573445,1,0.0,0.0,interior
T097,L,3009,T010,303,0,mapped,-11.640984232007742,22.153665119621742,-4.343543161032262,2,8.049116928532385e-16,4.0245584642661925e-16,shared_edge
T097,L,3010,T010,305,0,mapped,-13.330188491218973,22.541414800546363,-5.713008410629543,1,0.0,0.0,interior
T097,L,3011,T010,306,0,mapped,-12.825636120654934,22.350869422287552,-5.545730369625602,1,0.0,0.0,interior
T097,L,3012,T010,307,0,mapped,-12.386768533121003,22.26458988503449,-5.314655709643786,1,0.0,0.0,interior
T097,L,3013,T010,308,0,mapped,-12.02255136240383,22.24710178726037,-5.003324491340571,1,0.0,0.0,interior
T097,L,3014,T010,309,0,mapped,-11.648911373276032,22.201315596917084,-4.684447098674552,2,1.915134717478395e-15,9.575673587391977e-16,shared_edge
T097,L,3015,T010,311,0,mapped,-12.774532097645276,22.51035026656988,-5.595030059998555,1,0.0,0.0,interior
T097,L,3016,T010,312,0,mapped,-12.294140359902455,22.375437778814415,-5.465635457841433,1,0.0,0.0,interior
T097,L,3017,T010,313,0,mapped,-11.940210430927463,22.32556380672415,-5.274726553131009,1,0.0,0.0,interior
T097,L,3018,T010,314,0,mapped,-11.477101716853667,22.24444543893629,-5.0256440600519365,2,5.972429029387401e-15,2.9862145146937003e-15,shared_edge
T097,L,3019,T010,316,0,mapped,-12.190824914398533,22.505452616177205,-5.585716186587435,1,0.0,0.0,interior
T097,L,3020,T010,317,0,mapped,-11.84853781476805,22.41627822434637,-5.499092491007422,1,0.0,0.0,interior
T097,L,3021,T010,318,0,mapped,-11.5164804684612,22.3250402560731,-5.394214966935694,2,9.714451465470121e-17,4.8572257327350605e-17,shared_edge
T097,L,3022,T010,320,0,mapped,-11.736112722621199,22.498593383726273,-5.692141666429087,1,0.0,0.0,interior
T097,L,3023,T010,321,0,mapped,-11.463110524928847,22.414402258846987,-5.752793805174948,2,2.201852739414728e-15,1.100926369707364e-15,shared_edge
T097,L,3024,T013,323,0,mapped,-11.391988377100443,22.52620532774775,-6.09670353682654,2,0.2014983879805229,0.1007491939902614,shared_edge
T097,L,3025,T011,26,0,mapped,-27.631103732066165,21.11582773152385,-19.711905230249357,1,0.0,0.0,interior
T097,L,3026,T011,27,0,mapped,-27.352357147079417,20.91252730829021,-18.565354472388996,1,0.0,0.0,interior
T097,L,3027,T011,28,0,mapped,-26.768624573198327,20.81080896006064,-17.518223816823753,1,0.0,0.0,interior
T097,L,3028,T011,29,0,mapped,-26.122253369768785,20.692308074634564,-16.56390160513496,1,0.0,0.0,interior
T097,L,3029,T011,30,0,mapped,-25.422307118340377,20.612495203890134,-15.676891656777299,1,0.0,0.0,interior
T097,L,3030,T011,31,0,mapped,-24.55263360724792,20.389844958118466,-14.823334225697831,1,0.0,0.0,interior
T097,L,3031,T011,32,0,mapped,-23.671747867203894,20.080326532544692,-14.03724731939827,1,0.0,0.0,interior
T097,L,3032,T011,33,0,mapped,-22.909522660638522,19.907821331608904,-13.196633863386316,1,0.0,0.0,interior
T097,L,3033,T011,34,0,mapped,-22.39270252876213,19.783591217812063,-12.094293959082604,1,0.0,0.0,interior
T097,L,3034,T011,35,0,mapped,-22.034098952698297,19.67282199260129,-10.967674569730526,1,0.0,0.0,interior
T097,L,3035,T011,36,0,mapped,-21.62580945086546,19.55438789448506,-9.878654459830358,1,0.0,0.0,interior
T097,L,3036,T011,37,0,mapped,-21.17091470104706,19.302676266917647,-8.72173811270208,1,0.0,0.0,interior
T097,L,3037,T011,38,0,mapped,-20.633912225856733,19.28113367328563,-7.7178827323717245,1,0.0,0.0,interior
T097,L,3038,T011,39,0,mapped,-19.940863203618445,19.112595623479123,-6.760751301658212,1,0.0,0.0,interior
T097,L,3039,T011,40,0,mapped,-18.84693296637319,18.861374354451495,-6.149433660880632,1,0.0,0.0,interior
T097,L,3040,T011,41,0,mapped,-17.695742664886787,18.4281008700392,-5.712943948644828,1,0.0,0.0,interior
T097,L,3041,T011,42,0,mapped,-16.611305053133403,17.994458559612074,-5.347188678798718,1,0.0,0.0,interior
T097,L,3042,T011,43,0,mapped,-15.551300686273095,17.488008501494953,-4.998052191309748,1,0.0,0.0,interior
T097,L,3043,T011,44,0,mapped,-14.541465834771511,17.090722005487695,-4.53792074487451,1,0.0,0.0,interior
T097,L,3044,T011,45,0,mapped,-13.373388640875467,16.771374596168776,-4.019099090678367,1,0.0,0.0,interior
T097,L,3045,T011,46,0,mapped,-12.288216094596859,16.59944520970981,-3.559800661476224,1,0.0,0.0,interior
T097,L,3046,T011,47,0,mapped,-11.168848033012626,16.40609789127218,-3.106988908089276,1,0.0,0.0,interior
T097,L,3047,T011,48,0,mapped,-9.71199398173017,16.119202641830967,-3.000478748295638,2,4.3088240465227805e-15,2.154412023261391e-15,shared_edge
T097,L,3048,T011,50,0,mapped,-27.562965102707256,20.791957128686256,-19.175973657278732,1,0.0,0.0,interior
T097,L,3049,T011,51,0,mapped,-27.15219841708392,20.595503058547273,-18.081267292825316,1,0.0,0.0,interior
T097,L,3050,T011,52,0,mapped,-26.564370537287687,20.42806849092257,-17.00725374946193,1,0.0,0.0,interior
T097,L,3051,T011,53,0,mapped,-25.860769498835303,20.26862373378375,-16.04815197623894,1,0.0,0.0,interior
T097,L,3052,T011,54,0,mapped,-25.20158557313254,20.033941461189915,-15.258285511626166,1,0.0,0.0,interior
T097,L,3053,T011,55,0,mapped,-24.27082436576359,19.80072188414275,-14.400202323786518,1,0.0,0.0,interior
T097,L,3054,T011,56,0,mapped,-23.396045808882157,19.580570895146536,-13.518098181517194,1,0.0,0.0,interior
T097,L,3055,T011,57,0,mapped,-22.82717017718041,19.42543697416106,-12.544419982947849,1,0.0,0.0,interior
T097,L,3056,T011,58,0,mapped,-22.373216941434507,19.288953210474826,-11.454360788532734,1,0.0,0.0,interior
T097,L,3057,T011,59,0,mapped,-21.980332277114897,19.061316059318905,-10.406148600519888,1,0.0,0.0,interior
T097,L,3058,T011,60,0,mapped,-21.48528813845313,18.857102418830475,-9.317605750971243,1,0.0,0.0,interior
T097,L,3059,T011,61,0,mapped,-21.035087855829467,18.742480515463015,-8.247718915793858,1,0.0,0.0,interior
T097,L,3060,T011,62,0,mapped,-20.449293045967213,18.668660838709194,-7.196432038531789,1,0.0,0.0,interior
T097,L,3061,T011,63,0,mapped,-19.721995734397197,18.44715784582546,-6.305990746884952,1,0.0,0.0,interior
T097,L,3062,T011,64,0,mapped,-18.529988992036145,18.060537577361206,-5.716296755727766,1,0.0,0.0,interior
T097,L,3063,T011,65,0,mapped,-17.401137309987234,17.488236534950214,-5.272649194478502,1,0.0,0.0,interior
T097,L,3064,T011,66,0,mapped,-16.278227581489045,17.036237500462015,-4.888341568208888,1,0.0,0.0,interior
T097,L,3065,T011,67,0,mapped,-15.133687322621665,16.548551082841637,-4.463992313654819,1,0.0,0.0,interior
T097,L,3066,T011,68,0,mapped,-13.894347224872266,16.244398435584458,-4.062366672785247,1,0.0,0.0,interior
T097,L,3067,T011,69,0,mapped,-12.743821218057205,15.9984728441716,-3.5755408069036267,1,0.0,0.0,interior
T097,L,3068,T011,70,0,mapped,-11.547726614139346,15.805697061725297,-3.221173102630024,1,0.0,0.0,interior
T097,L,3069,T011,71,0,mapped,-10.26939471532178,15.472796848847265,-3.031937489299059,2,2.8435583831733384e-15,1.4217791915866692e-15,shared_edge
T097,L,3070,T011,73,0,mapped,-27.493811197257603,20.229751114346744,-18.534423285720493,1,0.0,0.0,interior
T097,L,3071,T011,74,0,mapped,-26.98652963180603,20.121501282456112,-17.537724145467244,1,0.0,0.0,interior
T097,L,3072,T011,75,0,mapped,-26.285311472841457,20.061647529353976,-16.47586322342416,1,0.0,0.0,interior
T097,L,3073,T011,76,0,mapped,-25.73708989789396,19.883925434965764,-15.800150872360877,1,0.0,0.0,interior
T097,L,3074,T011,77,0,mapped,-24.896947691345687,19.684425871938252,-14.88953012729843,1,0.0,0.0,interior
T097,L,3075,T011,78,0,mapped,-23.960082679884813,19.361708105699787,-13.986817349789924,1,0.0,0.0,interior
T097,L,3076,T011,79,0,mapped,-23.301468287444884,19.10243271050191,-13.12993707055017,1,0.0,0.0,interior
T097,L,3077,T011,80,0,mapped,-22.759910991409185,18.95201908472734,-12.040645923073725,1,0.0,0.0,interior
T097,L,3078,T011,81,0,mapped,-22.29794627998671,18.69651886352154,-10.998231639748631,1,0.0,0.0,interior
T097,L,3079,T011,82,0,mapped,-21.84548806797895,18.477216208393394,-9.929219619700032,1,0.0,0.0,interior
T097,L,3080,T011,83,0,mapped,-21.422982977689962,18.315779393352052,-8.989623330372684,1,0.0,0.0,interior
T097,L,3081,T011,84,0,mapped,-20.828861707204307,17.97546876641991,-7.836172740798135,1,0.0,0.0,interior
T097,L,3082,T011,85,0,mapped,-20.25439169471931,17.745931860804852,-6.7501485384965765,1,0.0,0.0,interior
T097,L,3083,T011,86,0,mapped,-19.368298752863573,17.465070643337743,-5.790416384254559,1,0.0,0.0,interior
T097,L,3084,T011,87,0,mapped,-18.17450333506628,16.983756391444842,-5.230693497759047,1,0.0,0.0,interior
T097,L,3085,T011,88,0,mapped,-16.919236480603278,16.52210433789091,-4.822295866539799,1,0.0,0.0,interior
T097,L,3086,T011,89,0,mapped,-15.707743587508611,16.085076426716338,-4.455029816247787,1,0.0,0.0,interior
T097,L,3087,T011,90,0,mapped,-14.58167449463183,15.697086919282713,-4.116872735017536,1,0.0,0.0,interior
T097,L,3088,T011,91,0,mapped,-13.34635741694339,15.443630313591266,-3.6750880879135934,1,0.0,0.0,interior
T097,L,3089,T011,92,0,mapped,-12.113965365350376,15.203801432023745,-3.3588388814422068,1,0.0,0.0,interior
T097,L,3090,T011,93,0,mapped,-10.818552154263168,14.876071365586146,-3.1673662999615573,2,4.6629367034256575e-15,2.3314683517128287e-15,shared_edge
T097,L,3091,T011,95,0,mapped,-27.30989835300157,19.926811568970024,-18.070447401966195,1,0.0,0.0,interior
T097,L,3092,T011,96,0,mapped,-26.806859241499836,19.713245549442906,-17.025360276416322,1,0.0,0.0,interior
T097,L,3093,T011,97,0,mapped,-26.1565504291614,19.5759371163574,-16.146417681576928,1,0.0,0.0,interior
T097,L,3094,T011,98,0,mapped,-25.43225592312492,19.35871696648443,-15.305248360464613,1,0.0,0.0,interior
T097,L,3095,T011,99,0,mapped,-24.557152440449784,19.030530870036042,-14.416581146950394,1,0.0,0.0,interior
T097,L,3096,T011,100,0,mapped,-23.701706823220388,18.781604924587544,-13.513849593626178,1,0.0,0.0,interior
T097,L,3097,T011,101,0,mapped,-23.133600725106767,18.53136846971286,-12.513718378086335,1,0.0,0.0,interior
T097,L,3098,T011,102,0,mapped,-22.676824879820174,18.33806760832421,-11.519918485877822,1,0.0,0.0,interior
T097,L,3099,T011,103,0,mapped,-22.164258261783154,18.195634077020436,-10.538711412963734,1,0.0,0.0,interior
T097,L,3100,T011,104,0,mapped,-21.67908498743291,17.75036246710596,-9.583693686327237,1,0.0,0.0,interior
T097,L,3101,T011,105,0,mapped,-21.13939147584413,17.56333485672382,-8.390479801235978,1,0.0,0.0,interior
T097,L,3102,T011,106,0,mapped,-20.53432939282909,17.316490573070194,-7.273845930663082,1,0.0,0.0,interior
T097,L,3103,T011,107,0,mapped,-19.906831591584783,16.84350707221576,-6.295349059039486,1,0.0,0.0,interior
T097,L,3104,T011,108,0,mapped,-18.905443269217677,16.506254521241956,-5.316739426899881,1,0.0,0.0,interior
T097,L,3105,T011,109,0,mapped,-17.75099208780157,15.915112305548949,-4.844457360743016,1,0.0,0.0,interior
T097,L,3106,T011,110,0,mapped,-16.395929064531202,15.506139725985884,-4.491569379965789,1,0.0,0.0,interior
T097,L,3107,T011,111,0,mapped,-15.215634516660614,15.130634077794177,-4.17471528213348,1,0.0,0.0,interior
T097,L,3108,T011,112,0,mapped,-13.979843694636978,14.928696830537822,-3.8377737576891935,1,0.0,0.0,interior
T097,L,3109,T011,113,0,mapped,-12.62107309282299,14.522765293073878,-3.475675497389032,1,0.0,0.0,interior
T097,L,3110,T011,114,0,mapped,-11.216414617703096,14.202462845097493,-3.3378676980735715,2,8.668275562203903e-15,4.3341377811019506e-15,shared_edge
T097,L,3111,T011,116,0,mapped,-27.158956426893923,19.439067881282917,-17.546027652750645,1,0.0,0.0,interior
T097,L,3112,T011,117,0,mapped,-26.577273034271755,19.348033617818814,-16.571728897811415,1,0.0,0.0,interior
T097,L,3113,T011,118,0,mapped,-25.95321954659112,19.140976032414084,-15.764272581712735,1,0.0,0.0,interior
T097,L,3114,T011,119,0,mapped,-25.0944458440853,18.938767401732946,-14.876228036614364,1,0.0,0.0,interior
T097,L,3115,T011,120,0,mapped,-24.263047032982264,18.596651801936524,-13.996382159684574,1,0.0,0.0,interior
T097,L,3116,T011,121,0,mapped,-23.54898913810385,18.283611064442976,-13.100767022111603,1,0.0,0.0,interior
T097,L,3117,T011,122,0,mapped,-23.01738280567811,18.078022546693678,-12.118140772563612,1,0.0,0.0,interior
T097,L,3118,T011,123,0,mapped,-22.54916503864272,17.733348686111967,-11.112664986627447,1,0.0,0.0,interior
T097,L,3119,T011,124,0,mapped,-22.066872866579875,17.50712234120489,-10.264532311304642,1,0.0,0.0,interior
T097,L,3120,T011,125,0,mapped,-21.51952016737312,17.136633286991433,-9.1940618576794,1,0.0,0.0,interior
T097,L,3121,T011,126,0,mapped,-20.86075204038054,16.73504992188177,-7.9944219432166985,1,0.0,0.0,interior
T097,L,3122,T011,127,0,mapped,-20.226056417744914,16.448700207371132,-6.81598434566561,1,0.0,0.0,interior
T097,L,3123,T011,128,0,mapped,-19.425875355149103,15.89692689493755,-5.697005925401484,1,0.0,0.0,interior
T097,L,3124,T011,129,0,mapped,-18.40354596314196,15.416945907002573,-4.967940393419088,1,0.0,0.0,interior
T097,L,3125,T011,130,0,mapped,-17.14368335795709,15.063442471090543,-4.638882254251072,1,0.0,0.0,interior
T097,L,3126,T011,131,0,mapped,-15.780797067054346,14.659574057784088,-4.282331813169819,1,0.0,0.0,interior
T097,L,3127,T011,132,0,mapped,-14.634229087737816,14.304267784894591,-4.0025732837966395,1,0.0,0.0,interior
T097,L,3128,T011,133,0,mapped,-13.040877838083931,13.923927904065952,-3.608587330691206,1,0.0,0.0,interior
T097,L,3129,T011,134,0,mapped,-11.742193745329695,13.59823397230048,-3.5159669239346663,2,2.494915946531976e-15,1.247457973265988e-15,shared_edge
T097,L,3130,T011,136,0,mapped,-26.961814347200267,18.950531988134383,-17.025405843872374,1,0.0,0.0,interior
T097,L,3131,T011,137,0,mapped,-26.393963246487125,18.865374519493233,-16.22737123316614,1,0.0,0.0,interior
T097,L,3132,T011,138,0,mapped,-25.629800078139283,18.67061796594613,-15.326428248635603,1,0.0,0.0,interior
T097,L,3133,T011,139,0,mapped,-24.87987772865789,18.375046538543252,-14.522450229362022,1,0.0,0.0,interior
T097,L,3134,T011,140,0,mapped,-24.15510667425783,17.888795592201955,-13.568651184336067,1,0.0,0.0,interior
T097,L,3135,T011,141,0,mapped,-23.463388678802183,17.631461045256252,-12.639190403015755,1,0.0,0.0,interior
T097,L,3136,T011,142,0,mapped,-22.925273841047506,17.372261603743194,-11.728238410329656,1,0.0,0.0,interior
T097,L,3137,T011,143,0,mapped,-22.418235631917653,17.140827370235804,-10.755140801661486,1,0.0,0.0,interior
T097,L,3138,T011,144,0,mapped,-21.77742413019992,16.687399301941124,-9.724749776235777,1,0.0,0.0,interior
T097,L,3139,T011,145,0,mapped,-21.14073948443673,16.3564704259581,-8.546818106963464,1,0.0,0.0,interior
T097,L,3140,T011,146,0,mapped,-20.499752461933177,15.921238278778143,-7.585024122479279,1,0.0,0.0,interior
T097,L,3141,T011,147,0,mapped,-19.82614712861132,15.515226272029045,-6.457409666055268,1,0.0,0.0,interior
T097,L,3142,T011,148,0,mapped,-19.03343442732095,14.807558488322005,-5.385352122946557,1,0.0,0.0,interior
T097,L,3143,T011,149,0,mapped,-17.780669745708984,14.366324776538207,-4.812800822164258,1,0.0,0.0,interior
T097,L,3144,T011,150,0,mapped,-16.34645292660317,13.956625298703214,-4.463954570066395,1,0.0,0.0,interior
T097,L,3145,T011,151,0,mapped,-14.974713691140046,13.608213906251201,-4.143781356675184,1,0.0,0.0,interior
T097,L,3146,T011,152,0,mapped,-13.45109613156362,13.222189634741206,-3.8202347447426845,1,0.0,0.0,interior
T097,L,3147,T011,153,0,mapped,-11.855846407878158,12.787533862034245,-3.7756176363398257,2,4.3737714791252564e-15,2.1868857395626282e-15,shared_edge
T097,L,3148,T011,155,0,mapped,-26.786557284917265,18.479274362921252,-16.610654641530857,1,0.0,0.0,interior
T097,L,3149,T011,156,0,mapped,-26.13688920756539,18.38960387869576,-15.777824118853637,1,0.0,0.0,interior
T097,L,3150,T011,157,0,mapped,-25.38794994222016,18.146106258465263,-14.933901270470766,1,0.0,0.0,interior
T097,L,3151,T011,158,0,mapped,-24.72842564509506,17.683369108977754,-14.151134157489546,1,0.0,0.0,interior
T097,L,3152,T011,159,0,mapped,-23.90631770791891,17.375990763249913,-13.202922875310616,1,0.0,0.0,interior
T097,L,3153,T011,160,0,mapped,-23.274517228028984,17.119747591326984,-12.169390646656895,1,0.0,0.0,interior
T097,L,3154,T011,161,0,mapped,-22.748829224208706,16.79768122129866,-11.279174331864834,1,0.0,0.0,interior
T097,L,3155,T011,162,0,mapped,-22.23602733608402,16.34945263127098,-10.452756204796282,1,0.0,0.0,interior
T097,L,3156,T011,163,0,mapped,-21.510858176077363,15.956548600870121,-9.221688125982128,1,0.0,0.0,interior
T097,L,3157,T011,164,0,mapped,-20.845571640527083,15.635560285030836,-8.305890492280163,1,0.0,0.0,interior
T097,L,3158,T011,165,0,mapped,-20.088708392317663,15.136236781110316,-7.231523332895025,1,0.0,0.0,interior
T097,L,3159,T011,166,0,mapped,-19.392567593435306,14.425055898763045,-6.195355576566827,1,0.0,0.0,interior
T097,L,3160,T011,167,0,mapped,-18.390207342170022,13.898708923334656,-5.215089109883031,1,0.0,0.0,interior
T097,L,3161,T011,168,0,mapped,-16.850327498914297,13.487539689680435,-4.74299374892056,1,0.0,0.0,interior
T097,L,3162,T011,169,0,mapped,-15.44871166838151,12.980736522750336,-4.397256945371435,1,0.0,0.0,interior
T097,L,3163,T011,170,0,mapped,-13.840959964066025,12.598977966104849,-4.0881908276759376,1,0.0,0.0,interior
T097,L,3164,T011,171,0,mapped,-12.323022038867126,12.222913397565916,-4.04932473600522,2,8.906772431878214e-15,4.453386215939107e-15,shared_edge
T097,L,3165,T011,173,0,mapped,-26.517753982084606,18.089883016207892,-16.174608245040666,1,0.0,0.0,interior
T097,L,3166,T011,174,0,mapped,-25.815632031795957,17.89216065956588,-15.345034882720947,1,0.0,0.0,interior
T097,L,3167,T011,175,0,mapped,-25.21374859841234,17.56626504855887,-14.603406379826618,1,0.0,0.0,interior
T097,L,3168,T011,176,0,mapped,-24.40303384463876,17.150016927434972,-13.678520180556346,1,0.0,0.0,interior
T097,L,3169,T011,177,0,mapped,-23.685997576174216,16.798471841847675,-12.731060440764171,1,0.0,0.0,interior
T097,L,3170,T011,178,0,mapped,-23.180869426941882,16.51859073216349,-11.92709927305388,1,0.0,0.0,interior
T097,L,3171,T011,179,0,mapped,-22.60226814489013,15.991971906854989,-10.972539706841202,1,0.0,0.0,interior
T097,L,3172,T011,180,0,mapped,-21.83361285936669,15.546913993961125,-9.89755399205917,1,0.0,0.0,interior
T097,L,3173,T011,181,0,mapped,-21.13706459158812,15.190868464864174,-8.910135602779146,1,0.0,0.0,interior
T097,L,3174,T011,182,0,mapped,-20.34662004926616,14.763170471350495,-8.020320981826945,1,0.0,0.0,interior
T097,L,3175,T011,183,0,mapped,-19.57986425032219,14.186463440925001,-7.021813277657946,1,0.0,0.0,interior
T097,L,3176,T011,184,0,mapped,-18.869367525843433,13.476583617863666,-5.9737554751173985,1,0.0,0.0,interior
T097,L,3177,T011,185,0,mapped,-17.479655572957952,12.985467781123075,-5.185814910616857,1,0.0,0.0,interior
T097,L,3178,T011,186,0,mapped,-15.897014346842424,12.51538126773987,-4.755608953694109,1,0.0,0.0,interior
T097,L,3179,T011,187,0,mapped,-14.420820029567972,12.050387017435991,-4.502827095047611,1,0.0,0.0,interior
T097,L,3180,T011,188,0,mapped,-12.866285867317773,11.68824739000412,-4.356846823260527,2,7.191640501203643e-15,3.595820250601821e-15,shared_edge
T097,L,3181,T011,190,0,mapped,-26.386254499368597,17.742769860276173,-15.93275006127502,1,0.0,0.0,interior
T097,L,3182,T011,191,0,mapped,-25.659085675546784,17.37727997905802,-15.065653798360513,1,0.0,0.0,interior
T097,L,3183,T011,192,0,mapped,-24.909907894381675,16.94622674071834,-14.170228488130123,1,0.0,0.0,interior
T097,L,3184,T011,193,0,mapped,-24.132332841615014,16.46716613765711,-13.266298817750283,1,0.0,0.0,interior
T097,L,3185,T011,194,0,mapped,-23.56105658713609,16.23508055986455,-12.427677755065782,1,0.0,0.0,interior
T097,L,3186,T011,195,0,mapped,-22.930934812538425,15.72407718066128,-11.493051952990722,1,0.0,0.0,interior
T097,L,3187,T011,196,0,mapped,-22.187326850388807,15.29788444301634,-10.562358049863548,1,0.0,0.0,interior
T097,L,3188,T011,197,0,mapped,-21.39611288265852,14.782938989611296,-9.664821537436298,1,0.0,0.0,interior
T097,L,3189,T011,198,0,mapped,-20.49019130765482,14.489993485672013,-8.76642266966741,1,0.0,0.0,interior
T097,L,3190,T011,199,0,mapped,-19.679529657418758,14.025276194269946,-7.730241347463507,1,0.0,0.0,interior
T097,L,3191,T011,200,0,mapped,-19.0457501663659,13.365852322363995,-6.908559388034416,1,0.0,0.0,interior
T097,L,3192,T011,201,0,mapped,-17.910655960784695,12.521599012416404,-5.857236141783536,1,0.0,0.0,interior
T097,L,3193,T011,202,0,mapped,-16.45829341337146,12.029859703971596,-5.305900695623331,1,0.0,0.0,interior
T097,L,3194,T011,203,0,mapped,-14.952802647701459,11.679748980778584,-4.914701025445954,1,0.0,0.0,interior
T097,L,3195,T011,204,0,mapped,-13.3924380598901,11.247314115928052,-4.711560238392222,2,7.49708873476879e-15,3.748544367384395e-15,shared_edge
T097,L,3196,T011,206,0,mapped,-26.009272654541924,17.154278836188517,-15.41927001915182,1,0.0,0.0,interior
T097,L,3197,T011,207,0,mapped,-25.44730513620295,16.625981325642194,-14.763325382282009,1,0.0,0.0,interior
T097,L,3198,T011,208,0,mapped,-24.716764974475105,16.228729128182277,-13.91903671744234,1,0.0,0.0,interior
T097,L,3199,T011,209,0,mapped,-23.938060624988676,15.867143290635628,-12.961064802021903,1,0.0,0.0,interior
T097,L,3200,T011,210,0,mapped,-23.361588518298305,15.561325867430252,-12.077787333628812,1,0.0,0.0,interior
T097,L,3201,T011,211,0,mapped,-22.567644370654904,14.93253492736211,-11.240737357161564,1,0.0,0.0,interior
T097,L,3202,T011,212,0,mapped,-21.805500005282834,14.634298958235517,-10.40764985663138,1,0.0,0.0,interior
T097,L,3203,T011,213,0,mapped,-20.665174881782825,14.279735275709372,-9.41958058775294,1,0.0,0.0,interior
T097,L,3204,T011,214,0,mapped,-19.701409288679535,13.801269076010284,-8.567330555419389,1,0.0,0.0,interior
T097,L,3205,T011,215,0,mapped,-18.945880043815883,13.16078123647318,-7.46444827552064,1,0.0,0.0,interior
T097,L,3206,T011,216,0,mapped,-18.20333896584502,12.425982627366675,-6.680137527204062,1,0.0,0.0,interior
T097,L,3207,T011,217,0,mapped,-16.98281962378157,11.804560072003508,-5.965954734293696,1,0.0,0.0,interior
T097,L,3208,T011,218,0,mapped,-15.418167776179697,11.289087435618129,-5.502141628277759,1,0.0,0.0,interior
T097,L,3209,T011,219,0,mapped,-13.89617022638028,10.860135583828889,-5.183139503006281,2,1.0168091383860044e-14,5.084045691930022e-15,shared_edge
T097,L,3210,T011,221,0,mapped,-25.727735347913644,16.44910242669374,-15.127548759751475,1,0.0,0.0,interior
T097,L,3211,T011,222,0,mapped,-25.090184453623387,16.017855284246604,-14.41342330107337,1,0.0,0.0,interior
T097,L,3212,T011,223,0,mapped,-24.407154046106506,15.650745583067959,-13.475677639835801,1,0.0,0.0,interior
T097,L,3213,T011,224,0,mapped,-23.65587934698854,15.300266431998994,-12.59863736422003,1,0.0,0.0,interior
T097,L,3214,T011,225,0,mapped,-23.019013509730723,14.80184381349577,-11.805906424612212,1,0.0,0.0,interior
T097,L,3215,T011,226,0,mapped,-22.06615637966653,14.412995349242808,-11.077580085091952,1,0.0,0.0,interior
T097,L,3216,T011,227,0,mapped,-21.05436709279369,14.102030689688974,-10.195987600429167,1,0.0,0.0,interior
T097,L,3217,T011,228,0,mapped,-19.866540179143367,13.755179929930609,-9.302596317330888,1,0.0,0.0,interior
T097,L,3218,T011,229,0,mapped,-19.052594961348557,13.205259828832276,-8.49568143001446,1,0.0,0.0,interior
T097,L,3219,T011,230,0,mapped,-18.226984876100342,12.295957563137595,-7.560280865133775,1,0.0,0.0,interior
T097,L,3220,T011,231,0,mapped,-17.2906327208072,11.613987853978156,-6.777440466769711,1,0.0,0.0,interior
T097,L,3221,T011,232,0,mapped,-15.923024270491087,11.005923130695091,-6.276072938769776,1,0.0,0.0,interior
T097,L,3222,T011,233,0,mapped,-14.30100836486773,10.48701268434475,-5.807517443139853,2,7.025176893352192e-15,3.512588446676096e-15,shared_edge
T097,L,3223,T011,235,0,mapped,-25.478288274957073,15.87367386054564,-14.93337783962281,1,0.0,0.0,interior
T097,L,3224,T011,236,0,mapped,-24.72383159642689,15.370850449329444,-14.039612820422077,1,0.0,0.0,interior
T097,L,3225,T011,237,0,mapped,-24.007533896034353,15.081045526478924,-13.179922813955546,1,0.0,0.0,interior
T097,L,3226,T011,238,0,mapped,-23.364173369155168,14.711931267675904,-12.413825901764673,1,0.0,0.0,interior
T097,L,3227,T011,239,0,mapped,-22.333582301722064,14.177093307373813,-11.66043375100458,1,0.0,0.0,interior
T097,L,3228,T011,240,0,mapped,-21.378676213231373,13.925513033323627,-10.98581569515881,1,0.0,0.0,interior
T097,L,3229,T011,241,0,mapped,-20.11678252660046,13.6731290522174,-10.075698940978626,1,0.0,0.0,interior
T097,L,3230,T011,242,0,mapped,-19.155691574922812,13.228191061782997,-9.348399546370096,1,0.0,0.0,interior
T097,L,3231,T011,243,0,mapped,-18.35427131314376,12.49544149043476,-8.473224854623744,1,0.0,0.0,interior
T097,L,3232,T011,244,0,mapped,-17.550152326343724,11.653040961086138,-7.704094807793349,1,0.0,0.0,interior
T097,L,3233,T011,245,0,mapped,-16.257781669968736,10.880980353517337,-7.011946096600241,1,0.0,0.0,interior
T097,L,3234,T011,246,0,mapped,-14.703292299061449,10.241060149947675,-6.472147124459802,2,8.358438485664404e-15,4.179219242832202e-15,shared_edge
T097,L,3235,T011,248,0,mapped,-25.037061694272982,15.172295721926206,-14.607832125616438,1,0.0,0.0,interior
T097,L,3236,T011,249,0,mapped,-24.359593443664604,14.933790370089541,-13.708992724386587,1,0.0,0.0,interior
T097,L,3237,T011,250,0,mapped,-23.68283170435891,14.566037076612453,-13.031531598754693,1,0.0,0.0,interior
T097,L,3238,T011,251,0,mapped,-22.716473485945954,14.153335780790934,-12.23961043785734,1,0.0,0.0,interior
T097,L,3239,T011,252,0,mapped,-21.664761610494004,13.792607707637638,-11.669244796926083,1,0.0,0.0,interior
T097,L,3240,T011,253,0,mapped,-20.543983921001985,13.633314824508878,-10.930343072278518,1,0.0,0.0,interior
T097,L,3241,T011,254,0,mapped,-19.243939356753483,13.195296118723276,-10.068648343245787,1,0.0,0.0,interior
T097,L,3242,T011,255,0,mapped,-18.431471402058666,12.60240652787133,-9.409494289881218,1,0.0,0.0,interior
T097,L,3243,T011,256,0,mapped,-17.598719623581502,11.706920804240703,-8.485448520999999,1,0.0,0.0,interior
T097,L,3244,T011,257,0,mapped,-16.70163044537951,10.953467554504181,-7.757339616888039,1,0.0,0.0,interior
T097,L,3245,T011,258,0,mapped,-15.20745999845784,10.207638523958696,-7.1358441012778915,2,7.653294859905773e-15,3.826647429952887e-15,shared_edge
T097,L,3246,T011,260,0,mapped,-24.64965609746399,14.644365172839041,-14.40233588710946,1,0.0,0.0,interior
T097,L,3247,T011,261,0,mapped,-23.98394138338584,14.456433414802222,-13.619210776985103,1,0.0,0.0,interior
T097,L,3248,T011,262,0,mapped,-23.03551418910988,14.079207422985382,-12.887219344367878,1,0.0,0.0,interior
T097,L,3249,T011,263,0,mapped,-22.019340213860225,13.735891912202892,-12.314773812205717,1,0.0,0.0,interior
T097,L,3250,T011,264,0,mapped,-20.85648755327744,13.52574198020546,-11.695123427117908,1,0.0,0.0,interior
T097,L,3251,T011,265,0,mapped,-19.58994025198929,13.267551843506643,-10.807044778941147,1,0.0,0.0,interior
T097,L,3252,T011,266,0,mapped,-18.505085306878414,12.70050704602879,-10.204720223334443,1,0.0,0.0,interior
T097,L,3253,T011,267,0,mapped,-17.699192740208336,11.834629534876889,-9.327123535449633,1,0.0,0.0,interior
T097,L,3254,T011,268,0,mapped,-16.82775376366113,10.994819071926072,-8.574239722031283,1,0.0,0.0,interior
T097,L,3255,T011,269,0,mapped,-15.54959864964971,10.206520699674144,-7.892484146289718,2,7.536443801682121e-15,3.7682219008410606e-15,shared_edge
T097,L,3256,T011,271,0,mapped,-24.22290582819764,14.297350628332627,-14.14524185535928,1,0.0,0.0,interior
T097,L,3257,T011,272,0,mapped,-23.374030151749356,13.971026749757101,-13.462590997493603,1,0.0,0.0,interior
T097,L,3258,T011,273,0,mapped,-22.38523028963516,13.671993522940468,-12.988946337518076,1,0.0,0.0,interior
T097,L,3259,T011,274,0,mapped,-21.246503883296825,13.450530523349274,-12.384327413788826,1,0.0,0.0,interior
T097,L,3260,T011,275,0,mapped,-19.956706764402085,13.270634222904931,-11.693660644840337,1,0.0,0.0,interior
T097,L,3261,T011,276,0,mapped,-18.61955300632954,12.775860825542544,-10.790621846691883,1,0.0,0.0,interior
T097,L,3262,T011,277,0,mapped,-17.923128036259072,12.153350688764563,-10.206697272413791,1,0.0,0.0,interior
T097,L,3263,T011,278,0,mapped,-16.90472541558171,11.033737186204343,-9.358745192129197,1,0.0,0.0,interior
T097,L,3264,T011,279,0,mapped,-15.950415079398741,10.291437431760347,-8.650380418664374,2,8.200633644425975e-15,4.100316822212988e-15,shared_edge
T097,L,3265,T011,281,0,mapped,-23.59323551659237,13.851268797752235,-14.00290807946938,1,0.0,0.0,interior
T097,L,3266,T011,282,0,mapped,-22.761942463582418,13.579795062722303,-13.588026057585978,1,0.0,0.0,interior
T097,L,3267,T011,283,0,mapped,-21.720941247699013,13.436673704251994,-13.016130230312994,1,0.0,0.0,interior
T097,L,3268,T011,284,0,mapped,-20.50357049264469,13.254992413564715,-12.426278748872132,1,0.0,0.0,interior
T097,L,3269,T011,285,0,mapped,-19.014751395075447,12.931908785524264,-11.655071292129133,1,0.0,0.0,interior
T097,L,3270,T011,286,0,mapped,-17.98740164100635,12.233241557017163,-11.023880825702635,1,0.0,0.0,interior
T097,L,3271,T011,287,0,mapped,-17.120809372850008,11.330745531277664,-10.22152396851879,1,0.0,0.0,interior
T097,L,3272,T011,288,0,mapped,-16.16255301670638,10.360222442105265,-9.482115361299684,2,4.782987168225453e-15,2.3914935841127266e-15,shared_edge
T097,L,3273,T011,290,0,mapped,-23.13526939223889,13.516512399500446,-14.062167117088107,1,0.0,0.0,interior
T097,L,3274,T011,291,0,mapped,-22.09068625279217,13.331814707205005,-13.660669560837832,1,0.0,0.0,interior
T097,L,3275,T011,292,0,mapped,-20.93284588935435,13.197576785732114,-13.13834902959795,1,0.0,0.0,interior
T097,L,3276,T011,293,0,mapped,-19.53785519206935,12.989796610794627,-12.419590979153611,1,0.0,0.0,interior
T097,L,3277,T011,294,0,mapped,-18.153657624187055,12.34179865137687,-11.769959886006205,1,0.0,0.0,interior
T097,L,3278,T011,295,0,mapped,-17.293585057298746,11.506359244330804,-11.185704122065811,1,0.0,0.0,interior
T097,L,3279,T011,296,0,mapped,-16.24922672983726,10.410814432119285,-10.340097081314335,2,7.993605777301127e-15,3.996802888650564e-15,shared_edge
T097,L,3280,T011,298,0,mapped,-22.437245177249466,13.18325973867033,-14.105768049683443,1,0.0,0.0,interior
T097,L,3281,T011,299,0,mapped,-21.42004095986806,13.076409043203686,-13.806213464583928,1,0.0,0.0,interior
T097,L,3282,T011,300,0,mapped,-20.080460232498353,12.932038678499508,-13.216514405392296,1,0.0,0.0,interior
T097,L,3283,T011,301,0,mapped,-18.55198077094989,12.503559162801409,-12.583111053426562,1,0.0,0.0,interior
T097,L,3284,T011,302,0,mapped,-17.413247998624197,11.504155851234541,-12.173296173112817,1,0.0,0.0,interior
T097,L,3285,T011,303,0,mapped,-16.362819720753507,10.476425937505873,-11.193261470804897,2,5.347542221830668e-15,2.673771110915334e-15,shared_edge
T097,L,3286,T011,305,0,mapped,-21.697279946486,12.79686868859265,-14.303183866261293,1,0.0,0.0,interior
T097,L,3287,T011,306,0,mapped,-20.54332413269511,12.744812832005284,-13.897440414349063,1,0.0,0.0,interior
T097,L,3288,T011,307,0,mapped,-19.083928394883785,12.51738511558872,-13.35431858015842,1,0.0,0.0,interior
T097,L,3289,T011,308,0,mapped,-17.76752432211424,11.709961692457508,-12.716944473708027,1,0.0,0.0,interior
T097,L,3290,T011,309,0,mapped,-16.557526364197056,10.543743077113202,-12.03222407152914,2,5.121486610213742e-15,2.560743305106871e-15,shared_edge
T097,L,3291,T011,311,0,mapped,-20.986578657552506,12.50097045015529,-14.355075892590932,1,0.0,0.0,interior
T097,L,3292,T011,312,0,mapped,-19.717471386896495,12.339149289939797,-13.983129395754952,1,0.0,0.0,interior
T097,L,3293,T011,313,0,mapped,-18.26312578842459,11.861547669523741,-13.335115079211048,1,0.0,0.0,interior
T097,L,3294,T011,314,0,mapped,-16.960144998279173,10.628842873828525,-12.789938451063653,2,5.6348603740594776e-15,2.8174301870297388e-15,shared_edge
T097,L,3295,T011,316,0,mapped,-20.419042256333917,12.091391548040962,-14.425819951561111,1,0.0,0.0,interior
T097,L,3296,T011,317,0,mapped,-19.0169307840027,11.763547389792677,-14.053039753246384,1,0.0,0.0,interior
T097,L,3297,T011,318,0,mapped,-17.521641369127465,10.724872546909712,-13.437543537930495,2,5.493080158226685e-15,2.7465400791133427e-15,shared_edge
T097,L,3298,T011,320,0,mapped,-19.722934437228567,11.642425590744246,-14.4230512145944,1,0.0,0.0,interior
T097,L,3299,T011,321,0,mapped,-18.20271081980398,10.813687937998699,-13.96146322152495,2,0.268463733847576,0.134231866923788,shared_edge
T097,L,3300,T011,323,0,mapped,-18.97048664189768,10.92985154970194,-14.33539418191042,2,0.4064672842703229,0.2032336421351614,shared_edge
T097,L,3301,T012,1,0,mapped,-11.269894318189944,14.573402198726688,-11.363429897597165,2,0.0,0.0,shared_edge
T097,L,3302,T012,2,0,mapped,-11.445889920318622,14.567528608230747,-10.916697681947513,2,0.0,0.0,shared_edge
T097,L,3303,T012,3,0,mapped,-11.56245520448206,14.55414860854576,-10.449421192625604,2,0.0,0.0,shared_edge
T097,L,3304,T012,4,0,mapped,-11.591410105267736,14.379601549715682,-10.010875585367163,2,0.0,0.0,shared_edge
T097,L,3305,T012,5,0,mapped,-11.596767093979896,14.308429643903867,-9.54046824549626,2,0.0,0.0,shared_edge
T097,L,3306,T012,6,0,mapped,-11.605250020009983,14.158864855784199,-9.085450729635996,2,1.1102230246251563e-16,5.551115123125783e-17,shared_edge
T097,L,3307,T012,7,0,mapped,-11.594558685490687,14.151882120921334,-8.606082972084563,2,0.0,0.0,shared_edge
T097,L,3308,T012,8,0,mapped,-11.585142615474064,14.179356597662357,-8.130423280461057,2,0.0,0.0,shared_edge
T097,L,3309,T012,9,0,mapped,-11.543287739553639,14.400776880454897,-7.716446351540694,2,0.0,0.0,shared_edge
T097,L,3310,T012,10,0,mapped,-11.342601731600507,14.463491444485975,-7.321991234250351,2,4.440892098500626e-16,2.220446049250313e-16,shared_edge
T097,L,3311,T012,11,0,mapped,-11.175982144004557,14.51799707500993,-6.906098340317923,2,0.0,0.0,shared_edge
T097,L,3312,T012,12,0,mapped,-10.939660050662155,14.469609584184827,-6.489576310421311,2,1.790180836524724e-15,8.95090418262362e-16,shared_edge
T097,L,3313,T012,13,0,mapped,-10.625290510096047,14.415996236388192,-6.12973385086514,2,4.440892098500626e-16,2.220446049250313e-16,shared_edge
T097,L,3314,T012,14,0,mapped,-10.283197074240588,14.36080078216279,-5.79497765983966,2,0.0,0.0,shared_edge
T097,L,3315,T012,15,0,mapped,-9.981895994967525,14.514902093795156,-5.529121327610582,2,4.440892098500626e-16,2.220446049250313e-16,shared_edge
T097,L,3316,T012,16,0,mapped,-9.697901631970705,14.658200843673557,-5.2205272373322185,2,0.0,0.0,shared_edge
T097,L,3317,T012,17,0,mapped,-9.443738319236209,14.806593170762726,-4.860880203129252,2,0.0,0.0,shared_edge
T097,L,3318,T012,18,0,mapped,-9.232253830819912,15.052972321058746,-4.519521122149515,2,1.9984014443252818e-15,9.992007221626409e-16,shared_edge
T097,L,3319,T012,19,0,mapped,-9.120184509950466,15.273459545720938,-4.109848498897799,2,0.0,0.0,shared_edge
T097,L,3320,T012,20,0,mapped,-9.112895916173507,15.5356589700968,-3.726474507164353,2,8.881784197001252e-16,4.440892098500626e-16,shared_edge
T097,L,3321,T012,21,0,mapped,-9.250180555854463,15.805059791266764,-3.3615353365226834,2,0.0,0.0,shared_edge
T097,L,3322,T012,22,0,mapped,-9.412344078156604,16.114575299110317,-3.117510475493283,2,0.0,0.0,shared_edge
T097,L,3323,T012,23,0,mapped,-9.594777723936078,16.485760289374227,-2.9273742235759617,2,1.7763568394002505e-15,8.881784197001252e-16,shared_edge
T097,L,3324,T012,25,0,mapped,-11.031515055235184,14.269951122887019,-11.44056816568455,1,0.0,0.0,interior
T097,L,3325,T012,26,0,mapped,-11.205011597626031,14.245755469572728,-11.108858225223806,1,0.0,0.0,interior
T097,L,3326,T012,27,0,mapped,-11.337677610283478,14.161727951912589,-10.624450212820788,1,0.0,0.0,interior
T097,L,3327,T012,28,0,mapped,-11.42287096635484,14.11982488324084,-10.225686380896304,1,0.0,0.0,interior
T097,L,3328,T012,29,0,mapped,-11.373186026567824,13.999337121695056,-9.711837524228741,1,0.0,0.0,interior
T097,L,3329,T012,30,0,mapped,-11.369064731617263,14.074190896774844,-9.403713257767198,1,0.0,0.0,interior
T097,L,3330,T012,31,0,mapped,-11.32019894921992,14.00765740624248,-8.844214253034334,1,0.0,0.0,interior
T097,L,3331,T012,32,0,mapped,-11.318475231204227,13.870496640574805,-8.378266353204884,1,0.0,0.0,interior
T097,L,3332,T012,33,0,mapped,-11.34610808099992,13.913551312093569,-7.947476795999744,1,0.0,0.0,interior
T097,L,3333,T012,34,0,mapped,-11.160702512839165,14.055024739591857,-7.516344329893297,1,0.0,0.0,interior
T097,L,3334,T012,35,0,mapped,-11.004900232058224,14.054289315815291,-7.064306041555119,1,0.0,0.0,interior
T097,L,3335,T012,36,0,mapped,-10.945717580251547,14.10285054575566,-6.741929959273506,1,0.0,0.0,interior
T097,L,3336,T012,37,0,mapped,-10.698562258704328,14.045952953654108,-6.226235139228367,1,0.0,0.0,interior
T097,L,3337,T012,38,0,mapped,-10.387594687285583,14.06357433240757,-5.892196361896152,1,0.0,0.0,interior
T097,L,3338,T012,39,0,mapped,-10.102945028222399,14.1080812542074,-5.620778056772776,1,0.0,0.0,interior
T097,L,3339,T012,40,0,mapped,-9.828771376661392,14.249214456089234,-5.294301513963061,1,0.0,0.0,interior
T097,L,3340,T012,41,0,mapped,-9.631644941238644,14.462420380134015,-5.0769790959922805,1,0.0,0.0,interior
T097,L,3341,T012,42,0,mapped,-9.386704691679956,14.698898851075139,-4.669021011045459,1,0.0,0.0,interior
T097,L,3342,T012,43,0,mapped,-9.25123712937788,14.946180542808985,-4.3596930868824515,1,0.0,0.0,interior
T097,L,3343,T012,44,0,mapped,-9.203637959441686,15.200078703033045,-3.9368666265891434,1,0.0,0.0,interior
T097,L,3344,T012,45,0,mapped,-9.271540497734158,15.473380858730685,-3.5501025192370097,1,0.0,0.0,interior
T097,L,3345,T012,46,0,mapped,-9.380762055797994,15.705492570345516,-3.305067639209655,1,0.0,0.0,interior
T097,L,3346,T012,47,0,mapped,-9.574741853280196,16.065299399546024,-3.0621216838343983,1,0.0,0.0,interior
T097,L,3347,T012,48,4,edge_coupled_interpolation,-9.633746920558877,16.50184555378792,-2.9126766659535495,2,0.0,0.0,shared_edge
T097,L,3348,T012,49,0,mapped,-10.991988099925228,13.953349280182334,-11.144463458786376,1,0.0,0.0,interior
T097,L,3349,T012,50,0,mapped,-11.086250298797786,13.900206073248322,-10.882849364396904,1,0.0,0.0,interior
T097,L,3350,T012,51,0,mapped,-11.198031873781437,13.828713792084056,-10.369672380519534,1,0.0,0.0,interior
T097,L,3351,T012,52,0,mapped,-11.234406337590578,13.78052715625703,-9.976766098352222,1,0.0,0.0,interior
T097,L,3352,T012,53,0,mapped,-11.19629312387913,13.741584709446535,-9.493096711494363,1,0.0,0.0,interior
T097,L,3353,T012,54,0,mapped,-11.132974189918892,13.754241252498762,-9.08288760488302,1,0.0,0.0,interior
T097,L,3354,T012,55,0,mapped,-11.132016869874642,13.654221102823445,-8.622293819920351,1,0.0,0.0,interior
T097,L,3355,T012,56,0,mapped,-11.222885110798687,13.62684517353485,-8.155065097495294,1,0.0,0.0,interior
T097,L,3356,T012,57,0,mapped,-11.059149545671723,13.706223262261913,-7.620279824234954,1,0.0,0.0,interior
T097,L,3357,T012,58,0,mapped,-10.984440651807667,13.791341631109818,-7.2625658618405105,1,0.0,0.0,interior
T097,L,3358,T012,59,0,mapped,-10.867413568272244,13.805348178255482,-6.81571125565633,1,0.0,0.0,interior
T097,L,3359,T012,60,0,mapped,-10.781478857703192,13.835373132425623,-6.417743965131979,1,0.0,0.0,interior
T097,L,3360,T012,61,0,mapped,-10.45537390808127,13.786583169557161,-5.979783458814801,1,0.0,0.0,interior
T097,L,3361,T012,62,0,mapped,-10.166857641710829,13.86252297732432,-5.701927589347825,1,0.0,0.0,interior
T097,L,3362,T012,63,0,mapped,-10.014829726704962,13.887630165083593,-5.532325628549753,1,0.0,0.0,interior
T097,L,3363,T012,64,0,mapped,-9.725402686421567,14.107049419298802,-5.139399906610132,1,0.0,0.0,interior
T097,L,3364,T012,65,0,mapped,-9.569418484550807,14.338367708393942,-4.87181473088633,1,0.0,0.0,interior
T097,L,3365,T012,66,0,mapped,-9.407001245264947,14.504564458250591,-4.455639446994775,1,0.0,0.0,interior
T097,L,3366,T012,67,0,mapped,-9.31582968371104,14.80449287525007,-4.127889531152256,1,0.0,0.0,interior
T097,L,3367,T012,68,0,mapped,-9.310398827138616,15.130124578394678,-3.785461514831061,1,0.0,0.0,interior
T097,L,3368,T012,69,0,mapped,-9.436988710646075,15.392009927536613,-3.430583707098215,1,0.0,0.0,interior
T097,L,3369,T012,70,0,mapped,-9.58315161586504,15.672628768921568,-3.2025405623246304,1,0.0,0.0,interior
T097,L,3370,T012,71,0,mapped,-9.683878517879492,16.06593141382747,-3.024666835521634,2,0.4057931075584018,0.2028965537792009,shared_edge
T097,L,3371,T012,72,0,mapped,-10.870060400430791,13.626304900974883,-10.900327441703904,1,0.0,0.0,interior
T097,L,3372,T012,73,0,mapped,-10.966329662876745,13.569141131301821,-10.517671348481516,1,0.0,0.0,interior
T097,L,3373,T012,74,0,mapped,-11.020646687829304,13.546363050483906,-10.170073423310788,1,0.0,0.0,interior
T097,L,3374,T012,75,0,mapped,-11.07233612625572,13.50905325457849,-9.693597749431035,1,0.0,0.0,interior
T097,L,3375,T012,76,0,mapped,-11.029817614590199,13.463775437704596,-9.236339094149017,1,0.0,0.0,interior
T097,L,3376,T012,77,0,mapped,-10.990458506311477,13.341899718549698,-8.869398089873764,1,0.0,0.0,interior
T097,L,3377,T012,78,0,mapped,-11.07683707306425,13.319455653243821,-8.361216433814384,1,0.0,0.0,interior
T097,L,3378,T012,79,0,mapped,-10.943261134427647,13.354772584351497,-7.838961894148918,1,0.0,0.0,interior
T097,L,3379,T012,80,0,mapped,-10.825987706570412,13.501806755805278,-7.462581519170003,1,0.0,0.0,interior
T097,L,3380,T012,81,0,mapped,-10.756207056994295,13.542925145480853,-6.932637246261919,1,0.0,0.0,interior
T097,L,3381,T012,82,0,mapped,-10.735545711696561,13.539699021269369,-6.627233617208256,1,0.0,0.0,interior
T097,L,3382,T012,83,0,mapped,-10.538608658186662,13.545026429760792,-6.14974647134871,1,0.0,0.0,interior
T097,L,3383,T012,84,0,mapped,-10.284656467590864,13.589761175035148,-5.867576250988018,1,0.0,0.0,interior
T097,L,3384,T012,85,0,mapped,-10.012258670716745,13.610811878874378,-5.574963997461849,1,0.0,0.0,interior
T097,L,3385,T012,86,0,mapped,-9.87211549132422,13.772392431426052,-5.331142128738323,1,0.0,0.0,interior
T097,L,3386,T012,87,0,mapped,-9.69531156082599,13.99153605964192,-5.027380847190365,1,0.0,0.0,interior
T097,L,3387,T012,88,0,mapped,-9.532157995239693,14.186094577689722,-4.626834094827673,1,0.0,0.0,interior
T097,L,3388,T012,89,0,mapped,-9.470112236789886,14.385839281163502,-4.21056523377054,1,0.0,0.0,interior
T097,L,3389,T012,90,0,mapped,-9.438571695294868,14.714496217781413,-3.8953314412628277,1,0.0,0.0,interior
T097,L,3390,T012,91,0,mapped,-9.478869807745292,15.044695155214653,-3.6118262864841366,1,0.0,0.0,interior
T097,L,3391,T012,92,0,mapped,-9.674158430507825,15.27864728490452,-3.3169436588897323,1,0.0,0.0,interior
T097,L,3392,T012,93,0,mapped,-9.732038734805975,15.63382888895351,-3.151770504792106,2,1.1102230246251563e-16,5.551115123125783e-17,shared_edge
T097,L,3393,T012,94,0,mapped,-10.732044758777548,13.340215599935567,-10.594011461800811,1,0.0,0.0,interior
T097,L,3394,T012,95,0,mapped,-10.87017750104256,13.386220101983952,-10.282207738410879,1,0.0,0.0,interior
T097,L,3395,T012,96,0,mapped,-10.86350861424706,13.269978524419468,-9.80895557269032,1,0.0,0.0,interior
T097,L,3396,T012,97,0,mapped,-10.90953494331055,13.220359900058444,-9.428364316027174,1,0.0,0.0,interior
T097,L,3397,T012,98,0,mapped,-10.863448972129929,13.11844275557296,-9.043849165000468,1,0.0,0.0,interior
T097,L,3398,T012,99,0,mapped,-10.947174032524725,13.110810134992075,-8.528159049562928,1,0.0,0.0,interior
T097,L,3399,T012,100,0,mapped,-10.923074268648861,13.120671442209446,-8.083413339592804,1,0.0,0.0,interior
T097,L,3400,T012,101,0,mapped,-10.736709099327099,13.21748446314381,-7.668156339245102,1,0.0,0.0,interior
T097,L,3401,T012,102,0,mapped,-10.619711741625055,13.308675828063077,-7.2268179417709995,1,0.0,0.0,interior
T097,L,3402,T012,103,0,mapped,-10.592272924164048,13.28353600215144,-6.788974161335766,1,0.0,0.0,interior
T097,L,3403,T012,104,0,mapped,-10.525463827512702,13.271937008544256,-6.394161891654644,1,0.0,0.0,interior
T097,L,3404,T012,105,0,mapped,-10.325478152189858,13.294562665196402,-6.052275165157807,1,0.0,0.0,interior
T097,L,3405,T012,106,0,mapped,-10.102700806777175,13.377746944720146,-5.755330703754753,1,0.0,0.0,interior
T097,L,3406,T012,107,0,mapped,-9.894098144379944,13.505868253850611,-5.413819759141575,1,0.0,0.0,interior
T097,L,3407,T012,108,0,mapped,-9.778696768700952,13.633536603609677,-5.180830444928413,1,0.0,0.0,interior
T097,L,3408,T012,109,0,mapped,-9.643188467253804,13.854441258881618,-4.818866429457184,1,0.0,0.0,interior
T097,L,3409,T012,110,0,mapped,-9.582912178493359,14.040694482757441,-4.425794565223452,1,0.0,0.0,interior
T097,L,3410,T012,111,0,mapped,-9.585861714392589,14.274675364118188,-4.020252657401514,1,0.0,0.0,interior
T097,L,3411,T012,112,0,mapped,-9.609142069327403,14.556737354455947,-3.760986260962687,1,0.0,0.0,interior
T097,L,3412,T012,113,0,mapped,-9.743811492134888,14.914465783192892,-3.44177562072551,1,0.0,0.0,interior
T097,L,3413,T012,114,0,mapped,-9.846557248274092,15.222604277419952,-3.2497512390686882,2,1.897149936107019e-15,9.485749680535094e-16,shared_edge
T097,L,3414,T012,115,0,mapped,-10.51288656559423,13.06305985687549,-10.375844932867897,1,0.0,0.0,interior
T097,L,3415,T012,116,0,mapped,-10.638610869351005,13.058068841008112,-10.010784418370921,1,0.0,0.0,interior
T097,L,3416,T012,117,0,mapped,-10.699870863430606,13.009119165466725,-9.56045085999499,1,0.0,0.0,interior
T097,L,3417,T012,118,0,mapped,-10.723884276871432,12.961148973133373,-9.233306840911927,1,0.0,0.0,interior
T097,L,3418,T012,119,0,mapped,-10.729543886324702,12.884477788597156,-8.858273153979578,1,0.0,0.0,interior
T097,L,3419,T012,120,0,mapped,-10.785097758187826,12.869956337010333,-8.291645295653744,1,0.0,0.0,interior
T097,L,3420,T012,121,0,mapped,-10.666581464242748,12.952529544089627,-7.861132290642327,1,0.0,0.0,interior
T097,L,3421,T012,122,0,mapped,-10.534690709255344,13.038953232862525,-7.487712334876944,1,0.0,0.0,interior
T097,L,3422,T012,123,0,mapped,-10.410526345846574,13.08113420785892,-7.015474588112108,1,0.0,0.0,interior
T097,L,3423,T012,124,0,mapped,-10.378630120490252,13.068844499302557,-6.61446762923438,1,0.0,0.0,interior
T097,L,3424,T012,125,0,mapped,-10.276197509390933,13.080481940683782,-6.2416470665288895,1,0.0,0.0,interior
T097,L,3425,T012,126,0,mapped,-10.112498925225545,13.103458264412204,-5.965264482093017,1,0.0,0.0,interior
T097,L,3426,T012,127,0,mapped,-9.962368278390164,13.210296352671294,-5.616197211287282,1,0.0,0.0,interior
T097,L,3427,T012,128,0,mapped,-9.820018554358672,13.34047325322912,-5.275378177923802,1,0.0,0.0,interior
T097,L,3428,T012,129,0,mapped,-9.759721665477525,13.544338314960005,-5.1165789623354705,1,0.0,0.0,interior
T097,L,3429,T012,130,0,mapped,-9.665745911559192,13.68634173451506,-4.61754187113814,1,0.0,0.0,interior
T097,L,3430,T012,131,0,mapped,-9.680125792235213,13.940948799100902,-4.2301025905215965,1,0.0,0.0,interior
T097,L,3431,T012,132,0,mapped,-9.720743096346057,14.188795036174337,-3.8863309675160824,1,0.0,0.0,interior
T097,L,3432,T012,133,0,mapped,-9.857351100393815,14.548474232161553,-3.523870479007911,1,0.0,0.0,interior
T097,L,3433,T012,134,0,mapped,-10.021746008839092,14.82877036706626,-3.3230462024618177,2,1.2560739669470201e-15,6.280369834735102e-16,shared_edge
T097,L,3434,T012,135,0,mapped,-10.230460487049168,12.755350198161644,-10.347609739711649,1,0.0,0.0,interior
T097,L,3435,T012,136,0,mapped,-10.503158139060613,12.787050060393394,-9.681782746548665,1,0.0,0.0,interior
T097,L,3436,T012,137,0,mapped,-10.469987750035132,12.673426154897506,-9.372898588298323,1,0.0,0.0,interior
T097,L,3437,T012,138,0,mapped,-10.538336350238504,12.666289248549134,-8.947460996968744,1,0.0,0.0,interior
T097,L,3438,T012,139,0,mapped,-10.567970979982412,12.62152456147507,-8.493246973897264,1,0.0,0.0,interior
T097,L,3439,T012,140,0,mapped,-10.54277380235932,12.766265958583812,-8.07387256217811,1,0.0,0.0,interior
T097,L,3440,T012,141,0,mapped,-10.387365754431723,12.814030484181359,-7.700319077719036,1,0.0,0.0,interior
T097,L,3441,T012,142,0,mapped,-10.311510562480855,12.861323200422273,-7.28159707069034,1,0.0,0.0,interior
T097,L,3442,T012,143,0,mapped,-10.201749722040702,12.908410352514974,-6.841980789177045,1,0.0,0.0,interior
T097,L,3443,T012,144,0,mapped,-10.134947742952638,12.913543229270447,-6.447988746915545,1,0.0,0.0,interior
T097,L,3444,T012,145,0,mapped,-10.024383651898345,12.929939954091942,-6.104931297143498,1,0.0,0.0,interior
T097,L,3445,T012,146,0,mapped,-9.967267892245095,12.964707778248084,-5.784925070179428,1,0.0,0.0,interior
T097,L,3446,T012,147,0,mapped,-9.857843262166858,13.086611621845263,-5.423340777286773,1,0.0,0.0,interior
T097,L,3447,T012,148,0,mapped,-9.798490638501539,13.185453654095227,-5.12355795752797,1,0.0,0.0,interior
T097,L,3448,T012,149,0,mapped,-9.743071625791993,13.347619983462051,-4.841901990447058,1,0.0,0.0,interior
T097,L,3449,T012,150,0,mapped,-9.766783601445264,13.525537363489809,-4.416044764812513,1,0.0,0.0,interior
T097,L,3450,T012,151,0,mapped,-9.797514866195979,13.828843308890633,-4.099027579486547,1,0.0,0.0,interior
T097,L,3451,T012,152,0,mapped,-9.998729732680513,14.060269267251481,-3.7191837795192324,1,0.0,0.0,interior
T097,L,3452,T012,153,0,mapped,-10.069452149031495,14.405511508335406,-3.477142882368831,2,0.0,0.0,shared_edge
T097,L,3453,T012,154,0,mapped,-10.17979664581695,12.51266964158285,-9.993701605905642,1,0.0,0.0,interior
T097,L,3454,T012,155,0,mapped,-10.281304461885567,12.442230196059736,-9.497292408070464,1,0.0,0.0,interior
T097,L,3455,T012,156,0,mapped,-10.35353401263251,12.453379075785676,-9.074534512674997,1,0.0,0.0,interior
T097,L,3456,T012,157,0,mapped,-10.383616891381513,12.45173435245187,-8.698369522673582,1,0.0,0.0,interior
T097,L,3457,T012,158,0,mapped,-10.362512290582336,12.470541202077602,-8.187585080252045,1,0.0,0.0,interior
T097,L,3458,T012,159,0,mapped,-10.270700308632401,12.515726097926759,-7.845473639466871,1,0.0,0.0,interior
T097,L,3459,T012,160,0,mapped,-10.181288286648659,12.540576633038075,-7.48525035958056,1,0.0,0.0,interior
T097,L,3460,T012,161,0,mapped,-10.094874858538892,12.653063205426795,-7.065082562294757,1,0.0,0.0,interior
T097,L,3461,T012,162,0,mapped,-10.02185076143152,12.7214965667272,-6.6913335912642005,1,0.0,0.0,interior
T097,L,3462,T012,163,0,mapped,-9.954357233531194,12.737426422236119,-6.326363891857202,1,0.0,0.0,interior
T097,L,3463,T012,164,0,mapped,-9.914967666715317,12.708357806861962,-5.977267033383917,1,0.0,0.0,interior
T097,L,3464,T012,165,0,mapped,-9.873468873694584,12.797142512070376,-5.619716996059742,1,0.0,0.0,interior
T097,L,3465,T012,166,0,mapped,-9.82514619186868,12.86223494010007,-5.299926953339057,1,0.0,0.0,interior
T097,L,3466,T012,167,0,mapped,-9.826427757541996,13.031357848025811,-4.903645186241755,1,0.0,0.0,interior
T097,L,3467,T012,168,0,mapped,-9.837673295358233,13.199351382140932,-4.5962945427128545,1,0.0,0.0,interior
T097,L,3468,T012,169,0,mapped,-9.912247001070668,13.394813995153095,-4.290144609817736,1,0.0,0.0,interior
T097,L,3469,T012,170,0,mapped,-10.060809218241209,13.671847757553513,-3.9184807903258196,1,0.0,0.0,interior
T097,L,3470,T012,171,0,mapped,-10.305781025483924,14.050192715642257,-3.554626483420538,2,1.6011864169946884e-15,8.005932084973442e-16,shared_edge
T097,L,3471,T012,172,0,mapped,-10.04644324308461,12.226562341048805,-9.686965958251704,1,0.0,0.0,interior
T097,L,3472,T012,173,0,mapped,-10.163473251420639,12.215000606609465,-9.248586048268688,1,0.0,0.0,interior
T097,L,3473,T012,174,0,mapped,-10.230823005025394,12.205696255703288,-8.723808278950369,1,0.0,0.0,interior
T097,L,3474,T012,175,0,mapped,-10.2664545864741,12.19309503019484,-8.404353873163426,1,0.0,0.0,interior
T097,L,3475,T012,176,0,mapped,-10.196382523748731,12.154403691059521,-7.98137325175466,1,0.0,0.0,interior
T097,L,3476,T012,177,0,mapped,-10.1425620766855,12.253819637470329,-7.616270252929093,1,0.0,0.0,interior
T097,L,3477,T012,178,0,mapped,-10.052746516876793,12.318233968963586,-7.2310640085719236,1,0.0,0.0,interior
T097,L,3478,T012,179,0,mapped,-9.985892581719604,12.450347706435746,-6.8882750009322695,1,0.0,0.0,interior
T097,L,3479,T012,180,0,mapped,-9.92074407009,12.495806955040239,-6.556804478581389,1,0.0,0.0,interior
T097,L,3480,T012,181,0,mapped,-9.886758540882248,12.525350393584713,-6.15482255262258,1,0.0,0.0,interior
T097,L,3481,T012,182,0,mapped,-9.879640592257836,12.529758586511019,-5.7555486361766555,1,0.0,0.0,interior
T097,L,3482,T012,183,0,mapped,-9.864875873887765,12.55498305432416,-5.435222723602749,1,0.0,0.0,interior
T097,L,3483,T012,184,0,mapped,-9.87977333653715,12.658110710449211,-5.135415464725181,1,0.0,0.0,interior
T097,L,3484,T012,185,0,mapped,-9.912373610477491,12.862364810730094,-4.820202487881502,1,0.0,0.0,interior
T097,L,3485,T012,186,0,mapped,-9.998428752807257,13.070700507593694,-4.445725828440883,1,0.0,0.0,interior
T097,L,3486,T012,187,0,mapped,-10.136651610959442,13.35076337742506,-4.071664734933293,1,0.0,0.0,interior
T097,L,3487,T012,188,0,mapped,-10.356651034049525,13.638781550370972,-3.7353214705462534,2,8.881784197001252e-16,4.440892098500626e-16,shared_edge
T097,L,3488,T012,189,0,mapped,-9.973711745605755,11.990267345911787,-9.340048883929565,1,0.0,0.0,interior
T097,L,3489,T012,190,0,mapped,-10.057478339766917,11.966266929773184,-8.923192759923179,1,0.0,0.0,interior
T097,L,3490,T012,191,0,mapped,-10.063777724137301,11.851767230171326,-8.516458680356346,1,0.0,0.0,interior
T097,L,3491,T012,192,0,mapped,-10.088347291052564,11.846899966082272,-8.12346190998613,1,0.0,0.0,interior
T097,L,3492,T012,193,0,mapped,-10.093526996516902,11.909258800108198,-7.776867450951932,1,0.0,0.0,interior
T097,L,3493,T012,194,0,mapped,-10.067033844860864,12.012328097435068,-7.428966497941751,1,0.0,0.0,interior
T097,L,3494,T012,195,0,mapped,-10.013076455331559,12.14942647596625,-7.064300667061978,1,0.0,0.0,interior
T097,L,3495,T012,196,0,mapped,-9.957048579004741,12.199190320493118,-6.721399632853368,1,0.0,0.0,interior
T097,L,3496,T012,197,0,mapped,-9.906586315365043,12.180399605882833,-6.433100491140438,1,0.0,0.0,interior
T097,L,3497,T012,198,0,mapped,-9.895223754975886,12.243241850023463,-5.960929313393388,1,0.0,0.0,interior
T097,L,3498,T012,199,0,mapped,-9.915232560480115,12.28133747555517,-5.574059627255664,1,0.0,0.0,interior
T097,L,3499,T012,200,0,mapped,-9.956954584804652,12.354124060464743,-5.28945527834084,1,0.0,0.0,interior
T097,L,3500,T012,201,0,mapped,-10.026773065548161,12.49672912419318,-4.949712334466438,1,0.0,0.0,interior
T097,L,3501,T012,202,0,mapped,-10.067685120366994,12.732817284475786,-4.640274024075673,1,0.0,0.0,interior
T097,L,3502,T012,203,0,mapped,-10.147821934310151,12.963028329566622,-4.348381244163344,1,0.0,0.0,interior
T097,L,3503,T012,204,0,mapped,-10.402958139410233,13.23719628689187,-3.939637898751071,2,4.440892098500626e-16,2.220446049250313e-16,shared_edge
T097,L,3504,T012,205,0,mapped,-9.817695931740928,11.703669555711521,-9.109422827161229,1,0.0,0.0,interior
T097,L,3505,T012,206,0,mapped,-9.899997137620144,11.638220187941428,-8.723373390576178,1,0.0,0.0,interior
T097,L,3506,T012,207,0,mapped,-10.000959099266186,11.689231023041433,-8.340730770111263,1,0.0,0.0,interior
T097,L,3507,T012,208,0,mapped,-10.035180736754686,11.67349435481103,-7.998144108753071,1,0.0,0.0,interior
T097,L,3508,T012,209,0,mapped,-10.040386165948567,11.697048354108851,-7.648453412247158,1,0.0,0.0,interior
T097,L,3509,T012,210,0,mapped,-10.041965277262172,11.822949357586939,-7.298914630979249,1,0.0,0.0,interior
T097,L,3510,T012,211,0,mapped,-10.028840343125124,11.868517997329374,-6.925869262387071,1,0.0,0.0,interior
T097,L,3511,T012,212,0,mapped,-9.98671096624635,11.805491125830391,-6.585945242533425,1,0.0,0.0,interior
T097,L,3512,T012,213,0,mapped,-9.958366692007234,11.854551946141573,-6.178224657274972,1,0.0,0.0,interior
T097,L,3513,T012,214,0,mapped,-9.975530370970876,11.940568949597012,-5.792492193656436,1,0.0,0.0,interior
T097,L,3514,T012,215,0,mapped,-9.999460020481525,12.055460898072889,-5.478787440431722,1,0.0,0.0,interior
T097,L,3515,T012,216,0,mapped,-10.064524393803978,12.189699484357101,-5.1652247615940805,1,0.0,0.0,interior
T097,L,3516,T012,217,0,mapped,-10.156692083029242,12.318477873192517,-4.864563751236002,1,0.0,0.0,interior
T097,L,3517,T012,218,0,mapped,-10.230599999899985,12.542587354237583,-4.564169883412532,1,0.0,0.0,interior
T097,L,3518,T012,219,0,mapped,-10.448494959092153,12.84617081630233,-4.163487219299192,2,1.3322676295501878e-15,6.661338147750939e-16,shared_edge
T097,L,3519,T012,220,0,mapped,-9.735918755655476,11.369622907603345,-8.848115690860016,1,0.0,0.0,interior
T097,L,3520,T012,221,0,mapped,-9.864112050534585,11.408629319134807,-8.485803572804155,1,0.0,0.0,interior
T097,L,3521,T012,222,0,mapped,-9.933815194486186,11.437731386411574,-8.031137397310083,1,0.0,0.0,interior
T097,L,3522,T012,223,0,mapped,-9.992752968233475,11.527204225228555,-7.736968156193953,1,0.0,0.0,interior
T097,L,3523,T012,224,0,mapped,-10.013028858782004,11.462629506796356,-7.4305408188424344,1,0.0,0.0,interior
T097,L,3524,T012,225,0,mapped,-10.06888385306898,11.523426625677912,-7.065685516440469,1,0.0,0.0,interior
T097,L,3525,T012,226,0,mapped,-10.058011745753621,11.582596796796604,-6.701143916568002,1,0.0,0.0,interior
T097,L,3526,T012,227,0,mapped,-10.022414393848258,11.566561408841428,-6.297321695611304,1,0.0,0.0,interior
T097,L,3527,T012,228,0,mapped,-10.030362595890406,11.64319315697848,-5.984619122073854,1,0.0,0.0,interior
T097,L,3528,T012,229,0,mapped,-10.045365063832874,11.77992466441238,-5.701776739879,1,0.0,0.0,interior
T097,L,3529,T012,230,0,mapped,-10.072769313519235,11.912887970515534,-5.415118519574312,1,0.0,0.0,interior
T097,L,3530,T012,231,0,mapped,-10.164133959688485,12.06979142852332,-5.058128539043153,1,0.0,0.0,interior
T097,L,3531,T012,232,0,mapped,-10.327440507753609,12.174750965388842,-4.737743847140321,1,0.0,0.0,interior
T097,L,3532,T012,233,0,mapped,-10.494378606993614,12.450345785817902,-4.378276193524375,2,2.1755839288168288e-15,1.0877919644084146e-15,shared_edge
T097,L,3533,T012,234,0,mapped,-9.715541430067875,11.026804474044681,-8.598314917526471,1,0.0,0.0,interior
T097,L,3534,T012,235,0,mapped,-9.846894230216957,11.1923725731728,-8.185817200069659,1,0.0,0.0,interior
T097,L,3535,T012,236,0,mapped,-9.903158049588932,11.180031687531097,-7.729590384499607,1,0.0,0.0,interior
T097,L,3536,T012,237,0,mapped,-9.961485096209573,11.216254295834727,-7.442765900129837,1,0.0,0.0,interior
T097,L,3537,T012,238,0,mapped,-10.016087822517537,11.204321880226505,-7.191044463974736,1,0.0,0.0,interior
T097,L,3538,T012,239,0,mapped,-10.072976218772087,11.216288653490093,-6.822042738648756,1,0.0,0.0,interior
T097,L,3539,T012,240,0,mapped,-10.097811037173717,11.263216826487774,-6.476714073156746,1,0.0,0.0,interior
T097,L,3540,T012,241,0,mapped,-10.087028126913506,11.369866813592623,-6.17564115313788,1,0.0,0.0,interior
T097,L,3541,T012,242,0,mapped,-10.095383933308673,11.484305505698426,-5.895332971105347,1,0.0,0.0,interior
T097,L,3542,T012,243,0,mapped,-10.144843306591635,11.604656035625418,-5.59317330045376,1,0.0,0.0,interior
T097,L,3543,T012,244,0,mapped,-10.233095086640422,11.681738420251905,-5.290469727385489,1,0.0,0.0,interior
T097,L,3544,T012,245,0,mapped,-10.352938087969719,11.864561898800524,-4.946671379921913,1,0.0,0.0,interior
T097,L,3545,T012,246,0,mapped,-10.539264329728125,12.067922151929267,-4.616720937482157,2,2.1755839288168288e-15,1.0877919644084146e-15,shared_edge
T097,L,3546,T012,247,0,mapped,-9.732569558618811,10.802317224237338,-8.21941718093538,1,0.0,0.0,interior
T097,L,3547,T012,248,0,mapped,-9.826246166492348,10.904876163430224,-7.845655248929102,1,0.0,0.0,interior
T097,L,3548,T012,249,0,mapped,-9.894858544216449,10.925539347910398,-7.508519085015504,1,0.0,0.0,interior
T097,L,3549,T012,250,0,mapped,-9.969026540415577,10.915632076377504,-7.179416305822436,1,0.0,0.0,interior
T097,L,3550,T012,251,0,mapped,-10.02499064631131,10.876601362635567,-6.914730817678761,1,0.0,0.0,interior
T097,L,3551,T012,252,0,mapped,-10.088033319767892,10.95818093554973,-6.6469782634180365,1,0.0,0.0,interior
T097,L,3552,T012,253,0,mapped,-10.135157239738202,11.06537748196267,-6.384263086892744,1,0.0,0.0,interior
T097,L,3553,T012,254,0,mapped,-10.15112302531856,11.17622933571451,-6.107518878778839,1,0.0,0.0,interior
T097,L,3554,T012,255,0,mapped,-10.198750690694137,11.267665226505615,-5.808626749467914,1,0.0,0.0,interior
T097,L,3555,T012,256,0,mapped,-10.290576186506483,11.323649522613223,-5.529875479165769,1,0.0,0.0,interior
T097,L,3556,T012,257,0,mapped,-10.440172165689658,11.420040954640957,-5.206526452990435,1,0.0,0.0,interior
T097,L,3557,T012,258,0,mapped,-10.584443950178354,11.681680256042263,-4.848958761860725,2,9.930136612989092e-16,4.965068306494546e-16,shared_edge
T097,L,3558,T012,259,0,mapped,-9.750215242765599,10.57277230094252,-7.8450050204430815,1,0.0,0.0,interior
T097,L,3559,T012,260,0,mapped,-9.841872472725539,10.589811642036265,-7.533578382289411,1,0.0,0.0,interior
T097,L,3560,T012,261,0,mapped,-9.940673027101342,10.61851126432439,-7.212396628047088,1,0.0,0.0,interior
T097,L,3561,T012,262,0,mapped,-10.013695205264924,10.614037373800969,-6.932993490270727,1,0.0,0.0,interior
T097,L,3562,T012,263,0,mapped,-10.08568703714254,10.570468965936653,-6.688435123286496,1,0.0,0.0,interior
T097,L,3563,T012,264,0,mapped,-10.13908746926416,10.747253222716298,-6.540216457424057,1,0.0,0.0,interior
T097,L,3564,T012,265,0,mapped,-10.215755887164885,10.853465871238475,-6.28743522405048,1,0.0,0.0,interior
T097,L,3565,T012,266,0,mapped,-10.261226124971168,10.95241969598738,-5.97790191543444,1,0.0,0.0,interior
T097,L,3566,T012,267,0,mapped,-10.370932378792679,10.99174417524333,-5.673079306480533,1,0.0,0.0,interior
T097,L,3567,T012,268,0,mapped,-10.495148908232318,11.110269624537437,-5.396679461236195,1,0.0,0.0,interior
T097,L,3568,T012,269,0,mapped,-10.629293661232373,11.299681794874026,-5.087911758129483,2,4.165926057296536e-15,2.082963028648268e-15,shared_edge
T097,L,3569,T012,270,0,mapped,-9.7804554161836,10.239326318850768,-7.557613326568418,1,0.0,0.0,interior
T097,L,3570,T012,271,0,mapped,-9.867212393443115,10.276108088419763,-7.307056678188747,1,0.0,0.0,interior
T097,L,3571,T012,272,0,mapped,-9.974791807211727,10.341624708650185,-7.033078622979554,1,0.0,0.0,interior
T097,L,3572,T012,273,0,mapped,-10.063450714087953,10.313552846295734,-6.757021890973368,1,0.0,0.0,interior
T097,L,3573,T012,274,0,mapped,-10.154312032348805,10.355398421714645,-6.534596536610593,1,0.0,0.0,interior
T097,L,3574,T012,275,0,mapped,-10.255157626787634,10.513866234404315,-6.3249876449937865,1,0.0,0.0,interior
T097,L,3575,T012,276,0,mapped,-10.31952538325627,10.616670734248885,-6.131226957776086,1,0.0,0.0,interior
T097,L,3576,T012,277,0,mapped,-10.432267700503525,10.686656620435468,-5.835056520928269,1,0.0,0.0,interior
T097,L,3577,T012,278,0,mapped,-10.649062082163846,10.752563924309836,-5.499231616169036,1,0.0,0.0,interior
T097,L,3578,T012,279,0,mapped,-10.742012960565361,10.941051481454757,-5.284606889142919,2,0.0,0.0,shared_edge
T097,L,3579,T012,280,0,mapped,-9.827670780187189,9.879440374642762,-7.327470603761256,1,0.0,0.0,interior
T097,L,3580,T012,281,0,mapped,-9.955602440946972,9.99644768070595,-7.026069936744886,1,0.0,0.0,interior
T097,L,3581,T012,282,0,mapped,-10.08313060337652,10.055213125160472,-6.7485846309722515,1,0.0,0.0,interior
T097,L,3582,T012,283,0,mapped,-10.186058016535647,10.048187461439799,-6.568469998045945,1,0.0,0.0,interior
T097,L,3583,T012,284,0,mapped,-10.299567089652827,10.179933437657596,-6.335022585583461,1,0.0,0.0,interior
T097,L,3584,T012,285,0,mapped,-10.417804548921781,10.200504553218892,-6.164916679852183,1,0.0,0.0,interior
T097,L,3585,T012,286,0,mapped,-10.532338293778317,10.314611953503862,-5.953251297950308,1,0.0,0.0,interior
T097,L,3586,T012,287,0,mapped,-10.723810130774016,10.415775171666706,-5.654787945451828,1,0.0,0.0,interior
T097,L,3587,T012,288,0,mapped,-11.04511204114621,10.605454362947,-5.299996183258022,2,2.1868857395626282e-15,1.0934428697813141e-15,shared_edge
T097,L,3588,T012,289,0,mapped,-9.973222133515527,9.605337976079579,-7.016790754840198,1,0.0,0.0,interior
T097,L,3589,T012,290,0,mapped,-10.084510804763198,9.725098663983895,-6.829466218690236,1,0.0,0.0,interior
T097,L,3590,T012,291,0,mapped,-10.230627834468622,9.734585776487624,-6.635722136878725,1,0.0,0.0,interior
T097,L,3591,T012,292,0,mapped,-10.30966264203566,9.7471706031308,-6.522526209035254,1,0.0,0.0,interior
T097,L,3592,T012,293,0,mapped,-10.438581386728126,9.83695873311735,-6.312760941498803,1,0.0,0.0,interior
T097,L,3593,T012,294,0,mapped,-10.641826567662386,9.923180194172515,-6.078875384841961,1,0.0,0.0,interior
T097,L,3594,T012,295,0,mapped,-10.87819257393449,10.051654781727184,-5.800387525930109,1,0.0,0.0,interior
T097,L,3595,T012,296,0,mapped,-11.153048824143795,10.22685714373432,-5.507629307172383,2,3.614624287906422e-15,1.807312143953211e-15,shared_edge
T097,L,3596,T012,297,0,mapped,-10.079525666909182,9.20669386300181,-6.905037247726895,1,0.0,0.0,interior
T097,L,3597,T012,298,0,mapped,-10.300636172774585,9.33145722356409,-6.717029468075424,1,0.0,0.0,interior
T097,L,3598,T012,299,0,mapped,-10.440202495814308,9.373910268778426,-6.548790933990658,1,0.0,0.0,interior
T097,L,3599,T012,300,0,mapped,-10.58873310955083,9.380573698827144,-6.380396857265854,1,0.0,0.0,interior
T097,L,3600,T012,301,0,mapped,-10.727042721429548,9.590724595105158,-6.175723284328193,1,0.0,0.0,interior
T097,L,3601,T012,302,0,mapped,-10.915422673329154,9.744184456515512,-5.961618504739006,1,0.0,0.0,interior
T097,L,3602,T012,303,0,mapped,-11.197442753357945,9.850735664978071,-5.7559453973457675,2,9.155133597044477e-16,4.577566798522237e-16,shared_edge
T097,L,3603,T012,304,0,mapped,-10.290733135079286,8.853278304715527,-6.777737015254425,1,0.0,0.0,interior
T097,L,3604,T012,305,0,mapped,-10.440426192204178,9.005485103005677,-6.660886397930403,1,0.0,0.0,interior
T097,L,3605,T012,306,0,mapped,-10.648880911221879,9.151290199914506,-6.442438792095123,1,0.0,0.0,interior
T097,L,3606,T012,307,0,mapped,-10.833713746350695,9.216464699437191,-6.300888553417799,1,0.0,0.0,interior
T097,L,3607,T012,308,0,mapped,-11.05042721355532,9.300351858318361,-6.138040130676446,1,0.0,0.0,interior
T097,L,3608,T012,309,0,mapped,-11.242927444838337,9.460360972455831,-5.980739226287893,2,1.790180836524724e-15,8.95090418262362e-16,shared_edge
T097,L,3609,T012,310,0,mapped,-10.529403289793528,8.505250569227023,-6.71117283776935,1,0.0,0.0,interior
T097,L,3610,T012,311,0,mapped,-10.676483370290178,8.678541351602014,-6.596647714507084,1,0.0,0.0,interior
T097,L,3611,T012,312,0,mapped,-10.859368951211835,8.836640864011295,-6.4422066309653445,1,0.0,0.0,interior
T097,L,3612,T012,313,0,mapped,-11.102689222611241,8.94802421825777,-6.303619551321798,1,0.0,0.0,interior
T097,L,3613,T012,314,0,mapped,-11.28906845482497,9.06099243527457,-6.188911301803829,2,9.155133597044477e-16,4.577566798522237e-16,shared_edge
T097,L,3614,T012,315,0,mapped,-10.849832209725546,8.272025651090733,-6.613213809061252,1,0.0,0.0,interior
T097,L,3615,T012,316,0,mapped,-11.03396260167735,8.40202959845337,-6.527552380789803,1,0.0,0.0,interior
T097,L,3616,T012,317,0,mapped,-11.194482732967787,8.512907467037582,-6.459314917021354,1,0.0,0.0,interior
T097,L,3617,T012,318,0,mapped,-11.483522167967672,8.722910879227625,-6.33952823012836,2,1.790180836524724e-15,8.95090418262362e-16,shared_edge
T097,L,3618,T012,319,0,mapped,-11.215330724404556,8.05016722037629,-6.588963322364506,1,0.0,0.0,interior
T097,L,3619,T012,320,0,mapped,-11.389717427023362,8.095188104890974,-6.584291966124212,1,0.0,0.0,interior
T097,L,3620,T012,321,0,mapped,-11.573132941815182,8.33609871391661,-6.519875105016036,2,4.440892098500626e-16,2.220446049250313e-16,shared_edge
T097,L,3621,T012,322,2,smooth_near_vertex,-11.487633474809822,7.90069201897456,-6.690859460553813,1,0.0,0.0,interior
T097,L,3622,T012,323,0,mapped,-11.619520750166691,7.9332854675812445,-6.721426150320767,2,1.831026719408895e-15,9.155133597044477e-16,shared_edge
T097,L,3623,T012,324,-1,landmark_vertex,-11.725964997644683,7.524127283049726,-6.8687564034057775,3,0.0,0.0,landmark
T097,L,3624,T013,26,0,mapped,-11.501694585913949,14.978543334768126,-11.227142600795537,1,0.0,0.0,interior
T097,L,3625,T013,27,0,mapped,-11.610698086457901,14.922445762836517,-10.753785329305092,1,0.0,0.0,interior
T097,L,3626,T013,28,0,mapped,-11.685647554013219,14.879294418629176,-10.339869949109582,1,0.0,0.0,interior
T097,L,3627,T013,29,0,mapped,-11.770219718378982,14.7591095975974,-9.87774157792767,1,0.0,0.0,interior
T097,L,3628,T013,30,0,mapped,-11.96252426583825,14.591525492183425,-9.433660705319964,1,0.0,0.0,interior
T097,L,3629,T013,31,0,mapped,-12.193989794468939,14.363708155733946,-8.94062125999616,1,0.0,0.0,interior
T097,L,3630,T013,32,0,mapped,-12.110666093684717,14.546850152279493,-8.341606629870533,1,0.0,0.0,interior
T097,L,3631,T013,33,0,mapped,-11.83134145257355,14.597078802141489,-7.912791772522409,1,0.0,0.0,interior
T097,L,3632,T013,34,0,mapped,-11.654854814583093,14.900805860369442,-7.412950419261694,1,0.0,0.0,interior
T097,L,3633,T013,35,0,mapped,-11.372017548443665,15.085273296035481,-6.949627860025531,1,0.0,0.0,interior
T097,L,3634,T013,36,0,mapped,-11.09356683221156,15.073897978108082,-6.5961399070876645,1,0.0,0.0,interior
T097,L,3635,T013,37,0,mapped,-10.75401490673965,15.084827840567305,-6.301107258364164,1,0.0,0.0,interior
T097,L,3636,T013,38,0,mapped,-10.468220382682789,15.14362564212649,-6.079623232825474,1,0.0,0.0,interior
T097,L,3637,T013,39,0,mapped,-10.112600675953056,15.191620360708683,-5.7922808753279735,1,0.0,0.0,interior
T097,L,3638,T013,40,0,mapped,-9.757494949975815,15.252858931135405,-5.493601628311197,1,0.0,0.0,interior
T097,L,3639,T013,41,0,mapped,-9.427207466334423,15.329883507730514,-5.124172791638481,1,0.0,0.0,interior
T097,L,3640,T013,42,0,mapped,-9.138276325757055,15.40577990448733,-4.67812573901981,1,0.0,0.0,interior
T097,L,3641,T013,43,0,mapped,-8.956540062014703,15.641497375661796,-4.293383290710938,1,0.0,0.0,interior
T097,L,3642,T013,44,0,mapped,-8.92741857361833,15.880016167849455,-3.7978097365319226,1,0.0,0.0,interior
T097,L,3643,T013,45,0,mapped,-9.012235655140735,16.17096682504431,-3.402809716759979,1,0.0,0.0,interior
T097,L,3644,T013,46,0,mapped,-9.247156894780014,16.475589992606945,-3.04260935621563,1,0.0,0.0,interior
T097,L,3645,T013,47,0,mapped,-9.354667305320966,16.871476542531674,-2.864636176908224,1,0.0,0.0,interior
T097,L,3646,T013,50,0,mapped,-11.606456271277766,15.306578819303503,-11.129986472826285,1,0.0,0.0,interior
T097,L,3647,T013,51,0,mapped,-11.749907401314886,15.314396910293727,-10.629322200048792,1,0.0,0.0,interior
T097,L,3648,T013,52,0,mapped,-11.807372889669072,15.193515828547223,-10.152101202855416,1,0.0,0.0,interior
T097,L,3649,T013,53,0,mapped,-12.064778273521611,15.126761343200409,-9.78328744227786,1,0.0,0.0,interior
T097,L,3650,T013,54,0,mapped,-12.560523118837137,14.917250228905464,-9.39796736102518,1,0.0,0.0,interior
T097,L,3651,T013,55,0,mapped,-12.596870953148652,14.924340058213499,-8.670385868674458,1,0.0,0.0,interior
T097,L,3652,T013,56,0,mapped,-12.30318674075381,15.119103868124785,-8.087165953510176,1,0.0,0.0,interior
T097,L,3653,T013,57,0,mapped,-11.929084492408329,15.370814095380847,-7.49808407465545,1,0.0,0.0,interior
T097,L,3654,T013,58,0,mapped,-11.5686574164448,15.613526358632972,-7.04202428935373,1,0.0,0.0,interior
T097,L,3655,T013,59,0,mapped,-11.21805954919548,15.69608877959205,-6.744519207348761,1,0.0,0.0,interior
T097,L,3656,T013,60,0,mapped,-10.891169637296498,15.707211369388375,-6.526906408113563,1,0.0,0.0,interior
T097,L,3657,T013,61,0,mapped,-10.588417605398726,15.742579928330382,-6.3095364814552575,1,0.0,0.0,interior
T097,L,3658,T013,62,0,mapped,-10.246520636595188,15.768628729629178,-6.076133434340564,1,0.0,0.0,interior
T097,L,3659,T013,63,0,mapped,-9.829461093901486,15.781640270136347,-5.7608212332526545,1,0.0,0.0,interior
T097,L,3660,T013,64,0,mapped,-9.401721191060057,15.825878063957065,-5.358129670776908,1,0.0,0.0,interior
T097,L,3661,T013,65,0,mapped,-9.025242393329355,15.917865463721178,-4.867934748255241,1,0.0,0.0,interior
T097,L,3662,T013,66,0,mapped,-8.790869933881787,16.029839965721038,-4.375791918495846,1,0.0,0.0,interior
T097,L,3663,T013,67,0,mapped,-8.748702582591399,16.183961967511046,-3.82912694354607,1,0.0,0.0,interior
T097,L,3664,T013,68,0,mapped,-8.82252829318529,16.47452521156413,-3.3866984915652694,1,0.0,0.0,interior
T097,L,3665,T013,69,0,mapped,-8.98198021930118,16.818309528404125,-3.008967296207576,1,0.0,0.0,interior
T097,L,3666,T013,70,0,mapped,-9.195946104646264,17.161175091345722,-2.7794960436110667,1,0.0,0.0,interior
T097,L,3667,T013,73,0,mapped,-11.702129384519317,15.660659296091364,-11.032974629225897,1,0.0,0.0,interior
T097,L,3668,T013,74,0,mapped,-11.803329120624799,15.716057411780154,-10.593265998367787,1,0.0,0.0,interior
T097,L,3669,T013,75,0,mapped,-11.891911297258815,15.62734441171352,-10.065679979036815,1,0.0,0.0,interior
T097,L,3670,T013,76,0,mapped,-12.404944844431945,15.569096953495865,-9.756854738536337,1,0.0,0.0,interior
T097,L,3671,T013,77,0,mapped,-12.818282990802349,15.61705146944456,-9.180325472652179,1,0.0,0.0,interior
T097,L,3672,T013,78,0,mapped,-12.651355181438895,15.69147193173286,-8.424229291725528,1,0.0,0.0,interior
T097,L,3673,T013,79,0,mapped,-12.24995260594585,15.879967400644246,-7.759919312998467,1,0.0,0.0,interior
T097,L,3674,T013,80,0,mapped,-11.821289877742469,16.09606747218141,-7.275539940192726,1,0.0,0.0,interior
T097,L,3675,T013,81,0,mapped,-11.41395004771739,16.229118927257677,-6.952409829855151,1,0.0,0.0,interior
T097,L,3676,T013,82,0,mapped,-11.045665371324164,16.256626779586988,-6.730220858950249,1,0.0,0.0,interior
T097,L,3677,T013,83,0,mapped,-10.69879302074492,16.270254494697646,-6.523514151165253,1,0.0,0.0,interior
T097,L,3678,T013,84,0,mapped,-10.327101007803032,16.26113752200386,-6.284448112082645,1,0.0,0.0,interior
T097,L,3679,T013,85,0,mapped,-9.884066553870023,16.24311463791366,-5.967718666007194,1,0.0,0.0,interior
T097,L,3680,T013,86,0,mapped,-9.370961666964234,16.258764134229622,-5.5519845610757645,1,0.0,0.0,interior
T097,L,3681,T013,87,0,mapped,-8.89743165151107,16.318521828417868,-5.012034697986065,1,0.0,0.0,interior
T097,L,3682,T013,88,0,mapped,-8.642085622074957,16.329484736552644,-4.451300299099886,1,0.0,0.0,interior
T097,L,3683,T013,89,0,mapped,-8.496495955988308,16.592326978992006,-3.8933682151893176,1,0.0,0.0,interior
T097,L,3684,T013,90,0,mapped,-8.582153006309547,16.77824433859355,-3.3977650814901494,1,0.0,0.0,interior
T097,L,3685,T013,91,0,mapped,-8.810385006999137,17.09537129764468,-2.939293786232682,1,0.0,0.0,interior
T097,L,3686,T013,92,0,mapped,-9.252943929091053,17.439299054089116,-2.660402540283318,1,0.0,0.0,interior
T097,L,3687,T013,95,0,mapped,-11.708432218482297,16.074839590107107,-10.888994603731668,1,0.0,0.0,interior
T097,L,3688,T013,96,0,mapped,-11.749416643094072,16.19199428232404,-10.232304889926574,1,0.0,0.0,interior
T097,L,3689,T013,97,0,mapped,-11.980218606471368,16.15155061678,-9.801118530214861,1,0.0,0.0,interior
T097,L,3690,T013,98,0,mapped,-12.550403187400153,16.254035561772742,-9.565123202949206,1,0.0,0.0,interior
T097,L,3691,T013,99,0,mapped,-12.709716435777638,16.327306222116327,-8.854572559602477,1,0.0,0.0,interior
T097,L,3692,T013,100,0,mapped,-12.471219100940065,16.400625391083267,-8.143067712381297,1,0.0,0.0,interior
T097,L,3693,T013,101,0,mapped,-12.064924796554063,16.54867584230207,-7.615270946084728,1,0.0,0.0,interior
T097,L,3694,T013,102,0,mapped,-11.639124435962247,16.67975860371829,-7.241035809809148,1,0.0,0.0,interior
T097,L,3695,T013,103,0,mapped,-11.233712776268131,16.745678582200966,-6.966572769859946,1,0.0,0.0,interior
T097,L,3696,T013,104,0,mapped,-10.839259905917045,16.755660093032404,-6.731800073905399,1,0.0,0.0,interior
T097,L,3697,T013,105,0,mapped,-10.427365989324505,16.723776849833506,-6.47408396823292,1,0.0,0.0,interior
T097,L,3698,T013,106,0,mapped,-9.958484155261502,16.67243533955601,-6.146707970567839,1,0.0,0.0,interior
T097,L,3699,T013,107,0,mapped,-9.406384415211784,16.65171666103946,-5.705162685823472,1,0.0,0.0,interior
T097,L,3700,T013,108,0,mapped,-8.824376436957579,16.703990514620326,-5.133083741881999,1,0.0,0.0,interior
T097,L,3701,T013,109,0,mapped,-8.495941758343255,16.783721893057937,-4.643363755694088,1,0.0,0.0,interior
T097,L,3702,T013,110,0,mapped,-8.364192822859284,16.87149526547844,-4.000084060332712,1,0.0,0.0,interior
T097,L,3703,T013,111,0,mapped,-8.369870077834518,17.11161098544847,-3.400080682245518,1,0.0,0.0,interior
T097,L,3704,T013,112,0,mapped,-8.64905058945843,17.388696649003254,-2.823574487925095,1,0.0,0.0,interior
T097,L,3705,T013,113,0,mapped,-9.354625083584311,17.789545174807472,-2.5278888632507,1,0.0,0.0,interior
T097,L,3706,T013,116,0,mapped,-11.652360904081744,16.561459505991618,-10.660298658513554,1,0.0,0.0,interior
T097,L,3707,T013,117,0,mapped,-11.715775255992758,16.722177362334588,-9.99886877929998,1,0.0,0.0,interior
T097,L,3708,T013,118,0,mapped,-11.959108041676378,16.718705737078356,-9.719588342597717,1,0.0,0.0,interior
T097,L,3709,T013,119,0,mapped,-12.455273571759198,16.80776334989038,-9.253798374763388,1,0.0,0.0,interior
T097,L,3710,T013,120,0,mapped,-12.473580740278994,16.893308832084088,-8.551828565443866,1,0.0,0.0,interior
T097,L,3711,T013,121,0,mapped,-12.211568912038949,16.99805753489611,-7.995684673071167,1,0.0,0.0,interior
T097,L,3712,T013,122,0,mapped,-11.828018531143073,17.11631493524702,-7.561248408857093,1,0.0,0.0,interior
T097,L,3713,T013,123,0,mapped,-11.419782145089917,17.19442529317124,-7.226043480931416,1,0.0,0.0,interior
T097,L,3714,T013,124,0,mapped,-10.99780161056047,17.21046768357802,-6.9505350704196385,1,0.0,0.0,interior
T097,L,3715,T013,125,0,mapped,-10.546595443824328,17.178195856991533,-6.66969799420494,1,0.0,0.0,interior
T097,L,3716,T013,126,0,mapped,-10.04715155363855,17.120894667590427,-6.335021370111281,1,0.0,0.0,interior
T097,L,3717,T013,127,0,mapped,-9.434563562946135,17.08847192554996,-5.873184503638312,1,0.0,0.0,interior
T097,L,3718,T013,128,0,mapped,-8.791172161153483,17.149927420410275,-5.320301913029169,1,0.0,0.0,interior
T097,L,3719,T013,129,0,mapped,-8.36722148630192,17.233889096739514,-4.775274581515143,1,0.0,0.0,interior
T097,L,3720,T013,130,0,mapped,-8.126096920163029,17.324451396338393,-4.090977282869147,1,0.0,0.0,interior
T097,L,3721,T013,131,0,mapped,-8.09812840920451,17.47004605364564,-3.3573123240193823,1,0.0,0.0,interior
T097,L,3722,T013,132,0,mapped,-8.391905910753575,17.842591496937324,-2.61607787416051,1,0.0,0.0,interior
T097,L,3723,T013,133,0,mapped,-9.359410148825722,18.189931673010165,-2.3443756595872998,1,0.0,0.0,interior
T097,L,3724,T013,136,0,mapped,-11.570625712913047,17.000893051214387,-10.374328324043152,1,0.0,0.0,interior
T097,L,3725,T013,137,0,mapped,-11.629669376919448,17.104239966005586,-9.821897711295309,1,0.0,0.0,interior
T097,L,3726,T013,138,0,mapped,-11.96767866928117,17.203284396095373,-9.408235436891946,1,0.0,0.0,interior
T097,L,3727,T013,139,0,mapped,-12.334794797161482,17.28684463148537,-8.923762486458163,1,0.0,0.0,interior
T097,L,3728,T013,140,0,mapped,-12.242470361281525,17.43116068780191,-8.393912463994322,1,0.0,0.0,interior
T097,L,3729,T013,141,0,mapped,-11.95021711358471,17.54155541470958,-7.907268025554286,1,0.0,0.0,interior
T097,L,3730,T013,142,0,mapped,-11.568811882098851,17.618893993429296,-7.515233190969045,1,0.0,0.0,interior
T097,L,3731,T013,143,0,mapped,-11.138586330004323,17.643897585021737,-7.191271468457597,1,0.0,0.0,interior
T097,L,3732,T013,144,0,mapped,-10.6643313891513,17.625242929715018,-6.875606830463241,1,0.0,0.0,interior
T097,L,3733,T013,145,0,mapped,-10.129784288234992,17.58316450787044,-6.518825305178266,1,0.0,0.0,interior
T097,L,3734,T013,146,0,mapped,-9.456165211601164,17.563555407125143,-6.033414683810795,1,0.0,0.0,interior
T097,L,3735,T013,147,0,mapped,-8.569237289972182,17.67972796417617,-5.345982810193778,1,0.0,0.0,interior
T097,L,3736,T013,148,0,mapped,-8.232271259016914,17.607870466331462,-4.900023257030032,1,0.0,0.0,interior
T097,L,3737,T013,149,0,mapped,-7.837590821344449,17.81175723703513,-4.132674773310537,1,0.0,0.0,interior
T097,L,3738,T013,150,0,mapped,-7.757876429064767,17.950125682069952,-3.248007723709014,1,0.0,0.0,interior
T097,L,3739,T013,151,0,mapped,-8.292731601820252,18.229478604547335,-2.3713690644687127,1,0.0,0.0,interior
T097,L,3740,T013,152,0,mapped,-9.474518715488768,18.646666379497432,-2.1568835250263536,1,0.0,0.0,interior
T097,L,3741,T013,155,0,mapped,-11.429294349106819,17.385719122958868,-10.185713000454054,1,0.0,0.0,interior
T097,L,3742,T013,156,0,mapped,-11.643167367221542,17.51054599573876,-9.669261263932766,1,0.0,0.0,interior
T097,L,3743,T013,157,0,mapped,-12.091016346227683,17.69857078899293,-9.276428630442645,1,0.0,0.0,interior
T097,L,3744,T013,158,0,mapped,-12.195500217575882,17.813040100490614,-8.764833139064784,1,0.0,0.0,interior
T097,L,3745,T013,159,0,mapped,-12.004361597863296,17.947848319152595,-8.250404104290222,1,0.0,0.0,interior
T097,L,3746,T013,160,0,mapped,-11.673777338602136,18.025635848558995,-7.815898141065275,1,0.0,0.0,interior
T097,L,3747,T013,161,0,mapped,-11.258736828143022,18.060098634181166,-7.450562020926775,1,0.0,0.0,interior
T097,L,3748,T013,162,0,mapped,-10.780541102495244,18.058911109158974,-7.101010534395634,1,0.0,0.0,interior
T097,L,3749,T013,163,0,mapped,-10.235121157069008,18.037466750430156,-6.727265489072488,1,0.0,0.0,interior
T097,L,3750,T013,164,0,mapped,-9.543174097202527,18.019999340295694,-6.248633826975416,1,0.0,0.0,interior
T097,L,3751,T013,165,0,mapped,-8.683796664039765,18.03141649897385,-5.630721797524664,1,0.0,0.0,interior
T097,L,3752,T013,166,0,mapped,-8.082718515353822,18.077010557797948,-5.092821024554327,1,0.0,0.0,interior
T097,L,3753,T013,167,0,mapped,-7.6504966675279835,18.24573403696975,-4.248016020588922,1,0.0,0.0,interior
T097,L,3754,T013,168,0,mapped,-7.5079237684035025,18.448500283426313,-3.2825546976815314,1,0.0,0.0,interior
T097,L,3755,T013,169,0,mapped,-8.149006134910344,18.750169167505817,-2.078236799122047,1,0.0,0.0,interior
T097,L,3756,T013,170,0,mapped,-9.583470857382304,19.098957780592404,-1.9518382803436491,1,0.0,0.0,interior
T097,L,3757,T013,173,0,mapped,-11.381935641907837,17.79921072201518,-10.081725595235206,1,0.0,0.0,interior
T097,L,3758,T013,174,0,mapped,-11.829401183527992,17.918926711924524,-9.660888236386192,1,0.0,0.0,interior
T097,L,3759,T013,175,0,mapped,-12.079481117291946,18.209349267309083,-9.09743655598626,1,0.0,0.0,interior
T097,L,3760,T013,176,0,mapped,-11.986958625376511,18.326896171495342,-8.57523367554457,1,0.0,0.0,interior
T097,L,3761,T013,177,0,mapped,-11.732047758161904,18.410944546025274,-8.118977746696311,1,0.0,0.0,interior
T097,L,3762,T013,178,0,mapped,-11.352205606820666,18.45136206408215,-7.719619575417042,1,0.0,0.0,interior
T097,L,3763,T013,179,0,mapped,-10.892720677371308,18.468972855133984,-7.340282831839621,1,0.0,0.0,interior
T097,L,3764,T013,180,0,mapped,-10.347082451841814,18.476240163666336,-6.947352605872679,1,0.0,0.0,interior
T097,L,3765,T013,181,0,mapped,-9.67832156413791,18.48670166033415,-6.499210020832626,1,0.0,0.0,interior
T097,L,3766,T013,182,0,mapped,-8.809577271224521,18.51279831717651,-5.951123537152281,1,0.0,0.0,interior
T097,L,3767,T013,183,0,mapped,-7.940084452223382,18.58881355653413,-5.401472519590923,1,0.0,0.0,interior
T097,L,3768,T013,184,0,mapped,-7.503922613484414,18.803462579301996,-4.549311418578858,1,0.0,0.0,interior
T097,L,3769,T013,185,0,mapped,-7.289094084296748,19.085572347750237,-3.3788038842985166,1,0.0,0.0,interior
T097,L,3770,T013,186,0,mapped,-7.865482165138506,19.406576797222,-1.8422461288403227,1,0.0,0.0,interior
T097,L,3771,T013,187,0,mapped,-9.68891137964777,19.488562706307537,-1.7646572364664461,1,0.0,0.0,interior
T097,L,3772,T013,190,0,mapped,-11.601652187195736,18.193794651177715,-10.040638628075222,1,0.0,0.0,interior
T097,L,3773,T013,191,0,mapped,-11.923569390282001,18.486957721136772,-9.549653450568325,1,0.0,0.0,interior
T097,L,3774,T013,192,0,mapped,-11.917971981941923,18.666923667935293,-8.926661095528434,1,0.0,0.0,interior
T097,L,3775,T013,193,0,mapped,-11.741670860697205,18.759158374272733,-8.426425198214034,1,0.0,0.0,interior
T097,L,3776,T013,194,0,mapped,-11.42047304977198,18.809892632665697,-7.996381552240189,1,0.0,0.0,interior
T097,L,3777,T013,195,0,mapped,-10.988696377650193,18.841337949483197,-7.589714564671485,1,0.0,0.0,interior
T097,L,3778,T013,196,0,mapped,-10.464685655682244,18.874638672915637,-7.1795673118285315,1,0.0,0.0,interior
T097,L,3779,T013,197,0,mapped,-9.811656795590604,18.920804552209752,-6.7360760695148425,1,0.0,0.0,interior
T097,L,3780,T013,198,0,mapped,-8.993032570803246,18.99365380058404,-6.257851497430311,1,0.0,0.0,interior
T097,L,3781,T013,199,0,mapped,-7.984126465634853,18.94668186664077,-5.71081420559841,1,0.0,0.0,interior
T097,L,3782,T013,200,0,mapped,-7.457225399264101,19.388858987235896,-4.959143235121134,1,0.0,0.0,interior
T097,L,3783,T013,201,0,mapped,-7.177395523540925,19.964372215506565,-3.69674001492511,1,0.0,0.0,interior
T097,L,3784,T013,202,0,mapped,-7.597835941179107,20.40657917665051,-1.6552582728812748,1,0.0,0.0,interior
T097,L,3785,T013,203,0,mapped,-10.032851781663286,20.13258876300738,-1.559580700823867,1,0.0,0.0,interior
T097,L,3786,T013,206,0,mapped,-11.700372821295739,18.676655312614333,-9.935420082063615,1,0.0,0.0,interior
T097,L,3787,T013,207,0,mapped,-11.816763201047488,18.909322650015092,-9.32687637842858,1,0.0,0.0,interior
T097,L,3788,T013,208,0,mapped,-11.705772090500728,19.040160805741458,-8.758417076949197,1,0.0,0.0,interior
T097,L,3789,T013,209,0,mapped,-11.454528820632516,19.118867691494366,-8.286256832971281,1,0.0,0.0,interior
T097,L,3790,T013,210,0,mapped,-11.064189297513796,19.16929846866889,-7.850059034204756,1,0.0,0.0,interior
T097,L,3791,T013,211,0,mapped,-10.564327745730612,19.21734485579395,-7.4177427690157405,1,0.0,0.0,interior
T097,L,3792,T013,212,0,mapped,-9.943501315135595,19.287818919494352,-6.963316459018747,1,0.0,0.0,interior
T097,L,3793,T013,213,0,mapped,-9.147614503757184,19.396742759064548,-6.4849412442452685,1,0.0,0.0,interior
T097,L,3794,T013,214,0,mapped,-8.091356986923884,19.50241306068898,-6.0649390183550125,1,0.0,0.0,interior
T097,L,3795,T013,215,0,mapped,-7.455387104040623,19.923224077028657,-5.412465864777852,1,0.0,0.0,interior
T097,L,3796,T013,216,0,mapped,-7.208771539789891,20.684071650436024,-4.175298952519617,1,0.0,0.0,interior
T097,L,3797,T013,217,0,mapped,-7.4553976504716735,21.696268254952823,-1.9160616234228822,1,0.0,0.0,interior
T097,L,3798,T013,218,0,mapped,-10.11010434679915,20.87025821504769,-1.5759725203964656,1,0.0,0.0,interior
T097,L,3799,T013,221,0,mapped,-11.694503739032692,19.070217425315725,-9.688162907030843,1,0.0,0.0,interior
T097,L,3800,T013,222,0,mapped,-11.651388153012896,19.252265526909436,-9.106244606192572,1,0.0,0.0,interior
T097,L,3801,T013,223,0,mapped,-11.457542343017451,19.370809161798224,-8.591527524902567,1,0.0,0.0,interior
T097,L,3802,T013,224,0,mapped,-11.12258434396653,19.448424923951297,-8.121504119352164,1,0.0,0.0,interior
T097,L,3803,T013,225,0,mapped,-10.667537865884672,19.517971636886827,-7.666175015124127,1,0.0,0.0,interior
T097,L,3804,T013,226,0,mapped,-10.078418189410193,19.60047539354759,-7.195451327354217,1,0.0,0.0,interior
T097,L,3805,T013,227,0,mapped,-9.331323442449207,19.723066630237668,-6.696563328415085,1,0.0,0.0,interior
T097,L,3806,T013,228,0,mapped,-8.359965766307372,19.913414077819176,-6.22977707724878,1,0.0,0.0,interior
T097,L,3807,T013,229,0,mapped,-7.670023838745316,20.359594044969647,-5.686102447948986,1,0.0,0.0,interior
T097,L,3808,T013,230,0,mapped,-7.364750254948676,21.16063444905412,-4.651531914996202,1,0.0,0.0,interior
T097,L,3809,T013,231,0,mapped,-7.725793552739728,22.680383430213038,-3.0122721724896646,1,0.0,0.0,interior
T097,L,3810,T013,232,0,mapped,-10.219527509333178,21.438126832883825,-1.8781011341161964,1,0.0,0.0,interior
T097,L,3811,T013,235,0,mapped,-11.595356302563914,19.41845802152159,-9.430805197205022,1,0.0,0.0,interior
T097,L,3812,T013,236,0,mapped,-11.446713092210501,19.57722149669209,-8.905701805083119,1,0.0,0.0,interior
T097,L,3813,T013,237,0,mapped,-11.16541043346298,19.680697012499227,-8.401940275026103,1,0.0,0.0,interior
T097,L,3814,T013,238,0,mapped,-10.756535863514127,19.76954346734783,-7.922097170688577,1,0.0,0.0,interior
T097,L,3815,T013,239,0,mapped,-10.227856120814325,19.86965054793539,-7.43856841171605,1,0.0,0.0,interior
T097,L,3816,T013,240,0,mapped,-9.545999080900412,19.994833024182398,-6.925707585212619,1,0.0,0.0,interior
T097,L,3817,T013,241,0,mapped,-8.721712472468246,20.20233617564114,-6.391794867293948,1,0.0,0.0,interior
T097,L,3818,T013,242,0,mapped,-8.039560728755337,20.633944129645272,-5.810247066193934,1,0.0,0.0,interior
T097,L,3819,T013,243,0,mapped,-7.8114778748791815,21.37321099634417,-5.0526620420629715,1,0.0,0.0,interior
T097,L,3820,T013,244,0,mapped,-8.601110813919814,22.309700681116166,-3.6153644988403766,1,0.0,0.0,interior
T097,L,3821,T013,245,0,mapped,-10.32853873156956,21.813381195583613,-2.3253407399329173,1,0.0,0.0,interior
T097,L,3822,T013,248,0,mapped,-11.430557589350204,19.76773076975953,-9.226505451123046,1,0.0,0.0,interior
T097,L,3823,T013,249,0,mapped,-11.202065019553526,19.882200942072778,-8.691083514019464,1,0.0,0.0,interior
T097,L,3824,T013,250,0,mapped,-10.844616150102365,19.980054424364443,-8.182885680254689,1,0.0,0.0,interior
T097,L,3825,T013,251,0,mapped,-10.373543416677789,20.09119710660469,-7.686125931780236,1,0.0,0.0,interior
T097,L,3826,T013,252,0,mapped,-9.774566794516574,20.224313778390158,-7.168653577639693,1,0.0,0.0,interior
T097,L,3827,T013,253,0,mapped,-9.094737882771785,20.41561491194744,-6.613257827818556,1,0.0,0.0,interior
T097,L,3828,T013,254,0,mapped,-8.514326317584263,20.750233938650258,-5.9922534722990335,1,0.0,0.0,interior
T097,L,3829,T013,255,0,mapped,-8.385796359372723,21.26548330274621,-5.289201853937048,1,0.0,0.0,interior
T097,L,3830,T013,256,0,mapped,-9.08678078886206,21.945779940659847,-4.112138982237882,1,0.0,0.0,interior
T097,L,3831,T013,257,0,mapped,-10.431833659399489,22.007693150070676,-2.837594847775156,1,0.0,0.0,interior
T097,L,3832,T013,260,0,mapped,-11.230437803485836,20.072496629793896,-8.993670469246434,1,0.0,0.0,interior
T097,L,3833,T013,261,0,mapped,-10.928044969327043,20.16250034730536,-8.446249158569657,1,0.0,0.0,interior
T097,L,3834,T013,262,0,mapped,-10.514986903090094,20.279363982172757,-7.934995937090395,1,0.0,0.0,interior
T097,L,3835,T013,263,0,mapped,-10.002923675069255,20.415918861802847,-7.417843862278902,1,0.0,0.0,interior
T097,L,3836,T013,264,0,mapped,-9.430481582397446,20.59292875269325,-6.864666306185548,1,0.0,0.0,interior
T097,L,3837,T013,265,0,mapped,-8.949380994556071,20.862678452222543,-6.245756417105051,1,0.0,0.0,interior
T097,L,3838,T013,266,0,mapped,-8.8305614383804,21.256741169036157,-5.539095813567192,1,0.0,0.0,interior
T097,L,3839,T013,267,0,mapped,-9.351628425618799,21.80511248769097,-4.553432390695528,1,0.0,0.0,interior
T097,L,3840,T013,268,0,mapped,-10.481342904243883,22.11376562854296,-3.428130582637843,1,0.0,0.0,interior
T097,L,3841,T013,271,0,mapped,-11.0083051288989,20.321097308589785,-8.705615666901789,1,0.0,0.0,interior
T097,L,3842,T013,272,0,mapped,-10.655932385935419,20.445504394798956,-8.182934249602582,1,0.0,0.0,interior
T097,L,3843,T013,273,0,mapped,-10.222536483108323,20.584431529113274,-7.666022959433156,1,0.0,0.0,interior
T097,L,3844,T013,274,0,mapped,-9.742319641227398,20.749585925319217,-7.125793187958417,1,0.0,0.0,interior
T097,L,3845,T013,275,0,mapped,-9.332375295005868,20.973009415127724,-6.521627014385972,1,0.0,0.0,interior
T097,L,3846,T013,276,0,mapped,-9.194788663791698,21.293325399526967,-5.8263458500371055,1,0.0,0.0,interior
T097,L,3847,T013,277,0,mapped,-9.562618884981383,21.742539876581652,-4.953588807380932,1,0.0,0.0,interior
T097,L,3848,T013,278,0,mapped,-10.501546991701234,22.134134199750893,-3.9522094131026897,1,0.0,0.0,interior
T097,L,3849,T013,281,0,mapped,-10.786651675987873,20.598947597793195,-8.427814484773302,1,0.0,0.0,interior
T097,L,3850,T013,282,0,mapped,-10.426393473327549,20.741252406450137,-7.910601986604405,1,0.0,0.0,interior
T097,L,3851,T013,283,0,mapped,-10.028230623213608,20.89872331523481,-7.384487635557026,1,0.0,0.0,interior
T097,L,3852,T013,284,0,mapped,-9.667667681507973,21.08776875501071,-6.801065938530845,1,0.0,0.0,interior
T097,L,3853,T013,285,0,mapped,-9.51032725605555,21.343996109803605,-6.130084462996372,1,0.0,0.0,interior
T097,L,3854,T013,286,0,mapped,-9.759844417125858,21.716703685193924,-5.322782228341664,1,0.0,0.0,interior
T097,L,3855,T013,287,0,mapped,-10.527482529410841,22.112891862543226,-4.400376286793833,1,0.0,0.0,interior
T097,L,3856,T013,290,0,mapped,-10.614530753336112,20.890997611472756,-8.1451579998621,1,0.0,0.0,interior
T097,L,3857,T013,291,0,mapped,-10.292059579976709,21.050412304673557,-7.63704600260324,1,0.0,0.0,interior
T097,L,3858,T013,292,0,mapped,-9.975648611662411,21.21180322157538,-7.073144727051956,1,0.0,0.0,interior
T097,L,3859,T013,293,0,mapped,-9.800202590767887,21.414116027599654,-6.4295154254470415,1,0.0,0.0,interior
T097,L,3860,T013,294,0,mapped,-9.951077914447984,21.716116485377242,-5.668696233686598,1,0.0,0.0,interior
T097,L,3861,T013,295,0,mapped,-10.570185393044977,22.08261469877595,-4.797395716328776,1,0.0,0.0,interior
T097,L,3862,T013,298,0,mapped,-10.541382727607036,21.21624127880784,-7.88669083911141,1,0.0,0.0,interior
T097,L,3863,T013,299,0,mapped,-10.258872063515438,21.35280566159623,-7.337008066654198,1,0.0,0.0,interior
T097,L,3864,T013,300,0,mapped,-10.06794750865802,21.507086600837727,-6.712785274783444,1,0.0,0.0,interior
T097,L,3865,T013,301,0,mapped,-10.136515953072095,21.739433851811476,-5.994803253920168,1,0.0,0.0,interior
T097,L,3866,T013,302,0,mapped,-10.620948463733592,22.06233324830113,-5.174544660443537,1,0.0,0.0,interior
T097,L,3867,T013,305,0,mapped,-10.536230503084674,21.52604164768176,-7.5933309481312445,1,0.0,0.0,interior
T097,L,3868,T013,306,0,mapped,-10.319837011522258,21.62631635211702,-6.978479186868343,1,0.0,0.0,interior
T097,L,3869,T013,307,0,mapped,-10.318001619318622,21.78785780696437,-6.301709835554773,1,0.0,0.0,interior
T097,L,3870,T013,308,0,mapped,-10.681801466234369,22.05919447529628,-5.534432160490535,1,0.0,0.0,interior
T097,L,3871,T013,311,0,mapped,-10.555402082838759,21.778604118538155,-7.233337528187018,1,0.0,0.0,interior
T097,L,3872,T013,312,0,mapped,-10.500304504398871,21.873001520579916,-6.5860323274956905,1,0.0,0.0,interior
T097,L,3873,T013,313,0,mapped,-10.749147047882749,22.077226842397636,-5.875957544777306,1,0.0,0.0,interior
T097,L,3874,T013,316,0,mapped,-10.66995802711917,21.993722531717594,-6.84453174482182,1,0.0,0.0,interior
T097,L,3875,T013,317,0,mapped,-10.82315802839492,22.129484196101398,-6.194489782480941,1,0.0,0.0,interior
T097,L,3876,T013,320,0,mapped,-10.918497342894172,22.231098647240618,-6.498622152996701,1,0.0,0.0,interior
T097,L,3877,T014,1,0,mapped,-19.602053162786284,9.845075140532181,-14.474298498685284,1,0.0,0.0,interior
T097,L,3878,T014,2,0,mapped,-19.57681942704789,8.638594002950521,-14.04838654309813,1,0.0,0.0,interior
T097,L,3879,T014,3,0,mapped,-19.421819301123186,7.574707730855868,-13.418212622603514,1,0.0,0.0,interior
T097,L,3880,T014,4,0,mapped,-19.10662451291096,6.6347661263048625,-12.712444393967196,1,0.0,0.0,interior
T097,L,3881,T014,5,0,mapped,-18.655226024524154,5.76374952019431,-11.988230813217125,1,0.0,0.0,interior
T097,L,3882,T014,6,0,mapped,-18.456015389281855,5.026068564240928,-10.992437341131156,1,0.0,0.0,interior
T097,L,3883,T014,7,0,mapped,-18.086098925993344,4.410958169793602,-9.945934622599097,1,0.0,0.0,interior
T097,L,3884,T014,8,0,mapped,-17.708252862980018,3.760675711076315,-8.962094207577895,1,0.0,0.0,interior
T097,L,3885,T014,9,0,mapped,-17.436854436792302,2.7518538733356372,-8.293821026111376,1,0.0,0.0,interior
T097,L,3886,T014,10,0,mapped,-16.801856048794175,1.856252529864026,-7.765940796217445,1,0.0,0.0,interior
T097,L,3887,T014,11,0,mapped,-16.45284507241209,0.7459294587149863,-7.383237854084685,1,0.0,0.0,interior
T097,L,3888,T014,12,0,mapped,-16.48383506914277,-0.5449514790921306,-7.285139147505745,1,0.0,0.0,interior
T097,L,3889,T014,13,0,mapped,-16.230168147699175,-1.7243210967003009,-6.88204826297202,1,0.0,0.0,interior
T097,L,3890,T014,14,0,mapped,-15.672985040242484,-2.837249341700968,-6.940585293312333,1,0.0,0.0,interior
T097,L,3891,T014,15,0,mapped,-14.864422750156269,-3.8651946498655683,-6.929226417887211,1,0.0,0.0,interior
T097,L,3892,T014,16,0,mapped,-14.374992357307564,-4.904255309541956,-6.634825842098692,1,0.0,0.0,interior
T097,L,3893,T014,17,0,mapped,-13.762521392048393,-5.894699981648227,-6.174093228551708,1,0.0,0.0,interior
T097,L,3894,T014,18,0,mapped,-13.359562814677902,-6.838523645828978,-5.561456047071919,1,0.0,0.0,interior
T097,L,3895,T014,19,0,mapped,-13.300444813909888,-7.943590520655643,-4.90922040739958,1,0.0,0.0,interior
T097,L,3896,T014,20,0,mapped,-13.372254229558024,-9.009739252933542,-4.152959725008433,1,0.0,0.0,interior
T097,L,3897,T014,21,0,mapped,-13.254632004479527,-9.945109444190386,-3.274707571563697,1,0.0,0.0,interior
T097,L,3898,T014,22,0,mapped,-13.125622448270615,-10.781291698400135,-2.3487738633900257,1,0.0,0.0,interior
T097,L,3899,T014,23,0,mapped,-12.998361276912647,-11.633142023575733,-1.4275653879847692,1,0.0,0.0,interior
T097,L,3900,T014,24,0,mapped,-12.88984141625079,-12.639851712180366,-0.6343848275093684,1,0.0,0.0,landmark
T097,L,3901,T014,25,0,mapped,-19.286430855043097,10.97035031430114,-14.455323933679809,2,0.7142283571431687,0.3571141785715843,shared_edge
T097,L,3902,T014,26,0,mapped,-19.080540132029277,9.71603610652862,-14.367439721703125,1,0.0,0.0,interior
T097,L,3903,T014,27,0,mapped,-18.993174222758096,8.45857241169728,-13.980732912238068,1,0.0,0.0,interior
T097,L,3904,T014,28,0,mapped,-18.715519919556545,7.303886545448103,-13.340006943645392,1,0.0,0.0,interior
T097,L,3905,T014,29,0,mapped,-18.33179146090828,6.365653667722798,-12.625092935621044,1,0.0,0.0,interior
T097,L,3906,T014,30,0,mapped,-18.133897789115675,5.519462979086052,-11.865430068621585,1,0.0,0.0,interior
T097,L,3907,T014,31,0,mapped,-17.95687153121071,4.818778283811104,-10.866996483143609,1,0.0,0.0,interior
T097,L,3908,T014,32,0,mapped,-17.62824777787498,4.168862519516683,-9.789531099574958,1,0.0,0.0,interior
T097,L,3909,T014,33,0,mapped,-17.251380613210518,3.4002397577912635,-8.790929305662912,1,0.0,0.0,interior
T097,L,3910,T014,34,0,mapped,-16.860950722413488,2.5562874172590337,-8.137388042133132,1,0.0,0.0,interior
T097,L,3911,T014,35,0,mapped,-16.428301689590707,1.635210702399089,-7.610218879841192,1,0.0,0.0,interior
T097,L,3912,T014,36,0,mapped,-16.20889640501126,0.47233892843389924,-7.296192183653757,1,0.0,0.0,interior
T097,L,3913,T014,37,0,mapped,-16.138727533234757,-0.7896099347247585,-7.129557402542961,1,0.0,0.0,interior
T097,L,3914,T014,38,0,mapped,-15.83017072501917,-1.9511726995874028,-6.76448891682112,1,0.0,0.0,interior
T097,L,3915,T014,39,0,mapped,-15.184732549461948,-3.082059106849375,-6.920453498685831,1,0.0,0.0,interior
T097,L,3916,T014,40,0,mapped,-14.556996636908057,-4.047165725293215,-6.79609057059608,1,0.0,0.0,interior
T097,L,3917,T014,41,0,mapped,-13.89761372396742,-5.015882803692442,-6.445604188215972,1,0.0,0.0,interior
T097,L,3918,T014,42,0,mapped,-13.531934902281746,-6.122103339535659,-5.93996451051493,1,0.0,0.0,interior
T097,L,3919,T014,43,0,mapped,-13.225457349859651,-7.1286810999045755,-5.342745701873449,1,0.0,0.0,interior
T097,L,3920,T014,44,0,mapped,-13.190086244920328,-8.20284831052005,-4.693832689283344,1,0.0,0.0,interior
T097,L,3921,T014,45,0,mapped,-13.302605248189066,-9.266769209331905,-3.906849397321139,1,0.0,0.0,interior
T097,L,3922,T014,46,0,mapped,-13.040042406459847,-10.127015576502778,-3.0707023550830694,1,0.0,0.0,interior
T097,L,3923,T014,47,0,mapped,-12.9896323370425,-10.997492632353662,-2.114072858126672,1,0.0,0.0,interior
T097,L,3924,T014,48,0,mapped,-12.847098299614702,-11.927635536501136,-1.2251697508235324,1,0.0,0.0,interior
T097,L,3925,T014,49,0,mapped,-18.80118986143431,10.907943966093985,-14.26739970276937,2,0.8385975590959436,0.4192987795479718,shared_edge
T097,L,3926,T014,50,0,mapped,-18.506639395141782,9.558920482179234,-14.206381599639416,1,0.0,0.0,interior
T097,L,3927,T014,51,0,mapped,-18.443287885653824,8.202186945837575,-13.846172036938947,1,0.0,0.0,interior
T097,L,3928,T014,52,0,mapped,-18.019329727656142,7.086690707236571,-13.226138909230887,1,0.0,0.0,interior
T097,L,3929,T014,53,0,mapped,-17.668475646686815,6.159197214556579,-12.504017841129093,1,0.0,0.0,interior
T097,L,3930,T014,54,0,mapped,-17.6052997737228,5.282537925680751,-11.56573493639048,1,0.0,0.0,interior
T097,L,3931,T014,55,0,mapped,-17.325188875446525,4.544677126361009,-10.57406124920204,1,0.0,0.0,interior
T097,L,3932,T014,56,0,mapped,-17.018032164316068,3.9864472240781144,-9.572044008606404,1,0.0,0.0,interior
T097,L,3933,T014,57,0,mapped,-16.830711940784287,3.164986377497879,-8.610187725348576,1,0.0,0.0,interior
T097,L,3934,T014,58,0,mapped,-16.480511012741854,2.400249850051205,-7.97669655209331,1,0.0,0.0,interior
T097,L,3935,T014,59,0,mapped,-16.051192035254992,1.3571538633650952,-7.40415618260257,1,0.0,0.0,interior
T097,L,3936,T014,60,0,mapped,-15.957507797577286,0.10615962919933963,-7.2129569336965265,1,0.0,0.0,interior
T097,L,3937,T014,61,0,mapped,-15.823986899528611,-1.0941485118737262,-6.954693576609031,1,0.0,0.0,interior
T097,L,3938,T014,62,0,mapped,-15.400462902307066,-2.189603019541071,-6.830875669466257,1,0.0,0.0,interior
T097,L,3939,T014,63,0,mapped,-14.739696584203221,-3.334674463143781,-6.855240655094937,1,0.0,0.0,interior
T097,L,3940,T014,64,0,mapped,-14.098002905835886,-4.199638022573094,-6.607420703273258,1,0.0,0.0,interior
T097,L,3941,T014,65,0,mapped,-13.578041948973137,-5.245005489294339,-6.228346594145103,1,0.0,0.0,interior
T097,L,3942,T014,66,0,mapped,-13.24199969745692,-6.313337293483972,-5.701052613694323,1,0.0,0.0,interior
T097,L,3943,T014,67,0,mapped,-13.063292752444017,-7.454327671883934,-5.093955717391831,1,0.0,0.0,interior
T097,L,3944,T014,68,0,mapped,-13.019185718298868,-8.502687738588556,-4.4413659952801225,1,0.0,0.0,interior
T097,L,3945,T014,69,0,mapped,-12.983422743543448,-9.48259891455658,-3.657417298829831,1,0.0,0.0,interior
T097,L,3946,T014,70,0,mapped,-12.89145910768146,-10.428908261943263,-2.707530231862995,1,0.0,0.0,interior
T097,L,3947,T014,71,0,mapped,-12.764890084536841,-11.256721767756229,-1.853457062118654,1,0.0,0.0,interior
T097,L,3948,T014,72,0,mapped,-18.335345539142107,10.829268310303341,-14.041018878233963,2,0.6984375416528059,0.3492187708264029,shared_edge
T097,L,3949,T014,73,0,mapped,-18.037872441015594,9.391659697605661,-14.034531412906615,1,0.0,0.0,interior
T097,L,3950,T014,74,0,mapped,-17.82253944509076,8.103321588518511,-13.682612193623637,1,0.0,0.0,interior
T097,L,3951,T014,75,0,mapped,-17.399229697573368,6.876653670952001,-13.074180769834333,1,0.0,0.0,interior
T097,L,3952,T014,76,0,mapped,-17.138473787539343,5.967579805125968,-12.287074641293083,1,0.0,0.0,interior
T097,L,3953,T014,77,0,mapped,-17.067025963245904,5.095113106132359,-11.289863758739646,1,0.0,0.0,interior
T097,L,3954,T014,78,0,mapped,-16.826232883532988,4.461918853569783,-10.347259849295472,1,0.0,0.0,interior
T097,L,3955,T014,79,0,mapped,-16.701424427391895,3.7894062881901185,-9.272780961512566,1,0.0,0.0,interior
T097,L,3956,T014,80,0,mapped,-16.308189732560205,3.006326454065615,-8.392125651520484,1,0.0,0.0,interior
T097,L,3957,T014,81,0,mapped,-16.05339217536016,2.14134797715411,-7.7283293663054975,1,0.0,0.0,interior
T097,L,3958,T014,82,0,mapped,-15.778641295075174,1.0882090081598577,-7.26940597907557,1,0.0,0.0,interior
T097,L,3959,T014,83,0,mapped,-15.60058079577839,-0.09091095061970833,-7.078720444400586,1,0.0,0.0,interior
T097,L,3960,T014,84,0,mapped,-15.37797141980951,-1.3424652090545806,-6.839072567154567,1,0.0,0.0,interior
T097,L,3961,T014,85,0,mapped,-15.102424348277635,-2.338680971971641,-6.833737446876777,1,0.0,0.0,interior
T097,L,3962,T014,86,0,mapped,-14.319950346892353,-3.395888068321277,-6.725039782013628,1,0.0,0.0,interior
T097,L,3963,T014,87,0,mapped,-13.791692515814441,-4.42107414677136,-6.478902112580027,1,0.0,0.0,interior
T097,L,3964,T014,88,0,mapped,-13.383257099495495,-5.568027902668003,-6.060226461752897,1,0.0,0.0,interior
T097,L,3965,T014,89,0,mapped,-13.053475253123814,-6.602065967453463,-5.5173038644642425,1,0.0,0.0,interior
T097,L,3966,T014,90,0,mapped,-12.925728461284299,-7.691550910166587,-4.9113342589808,1,0.0,0.0,interior
T097,L,3967,T014,91,0,mapped,-12.92858253735366,-8.772145985151386,-4.216005095517554,1,0.0,0.0,interior
T097,L,3968,T014,92,0,mapped,-12.820367196048313,-9.71801938580844,-3.3921581974550605,1,0.0,0.0,interior
T097,L,3969,T014,93,0,mapped,-12.707708925784976,-10.606809034343566,-2.5115499404453434,1,0.0,0.0,interior
T097,L,3970,T014,94,0,mapped,-17.90435630505522,10.783129554377147,-13.748970060575257,2,0.4620969998746855,0.2310484999373427,shared_edge
T097,L,3971,T014,95,0,mapped,-17.577209671081697,9.32455576015019,-13.852357159257945,1,0.0,0.0,interior
T097,L,3972,T014,96,0,mapped,-17.227017243797793,7.981190170079575,-13.497644454927158,1,0.0,0.0,interior
T097,L,3973,T014,97,0,mapped,-16.875023269307682,6.8003868729224894,-12.870829825089064,1,0.0,0.0,interior
T097,L,3974,T014,98,0,mapped,-16.687193800341696,5.865116756288005,-12.049164162378668,1,0.0,0.0,interior
T097,L,3975,T014,99,0,mapped,-16.60182585705599,4.921788291474687,-10.939130766581796,1,0.0,0.0,interior
T097,L,3976,T014,100,0,mapped,-16.403393335251252,4.300022224441733,-9.972343792460752,1,0.0,0.0,interior
T097,L,3977,T014,101,0,mapped,-16.220358921506215,3.622383862191576,-8.989602706539818,1,0.0,0.0,interior
T097,L,3978,T014,102,0,mapped,-15.933467322111735,2.7784685705285206,-8.106689172324394,1,0.0,0.0,interior
T097,L,3979,T014,103,0,mapped,-15.696275023225864,1.9274470396947656,-7.5276867997936225,1,0.0,0.0,interior
T097,L,3980,T014,104,0,mapped,-15.477299628043218,0.7832677678606004,-7.137682198929552,1,0.0,0.0,interior
T097,L,3981,T014,105,0,mapped,-15.256384653257395,-0.35406940002394904,-6.9640486087381515,1,0.0,0.0,interior
T097,L,3982,T014,106,0,mapped,-15.032935551301982,-1.4934533247090336,-6.82335240810033,1,0.0,0.0,interior
T097,L,3983,T014,107,0,mapped,-14.638123080265832,-2.594671328326317,-6.8055987505677855,1,0.0,0.0,interior
T097,L,3984,T014,108,0,mapped,-14.030960325760043,-3.68067850071359,-6.613610471665131,1,0.0,0.0,interior
T097,L,3985,T014,109,0,mapped,-13.468810794760195,-4.660173888885282,-6.313158225152533,1,0.0,0.0,interior
T097,L,3986,T014,110,0,mapped,-13.137084473729365,-5.810352785663682,-5.8538514637719405,1,0.0,0.0,interior
T097,L,3987,T014,111,0,mapped,-12.869720002806655,-6.904821730551287,-5.287260307543001,1,0.0,0.0,interior
T097,L,3988,T014,112,0,mapped,-12.828250203942735,-7.989828219461884,-4.705890902307191,1,0.0,0.0,interior
T097,L,3989,T014,113,0,mapped,-12.809111981138622,-8.997749579755428,-3.9952368584272797,1,0.0,0.0,interior
T097,L,3990,T014,114,0,mapped,-12.648777027089075,-9.94279740957684,-3.1555116246033457,1,0.0,0.0,interior
T097,L,3991,T014,115,0,mapped,-17.50534383571336,10.528963261296905,-13.52892583704189,2,0.0,0.0,shared_edge
T097,L,3992,T014,116,0,mapped,-17.030038832744374,9.199485286159803,-13.56037421028485,1,0.0,0.0,interior
T097,L,3993,T014,117,0,mapped,-16.680498283555078,7.887808705025138,-13.281628508208112,1,0.0,0.0,interior
T097,L,3994,T014,118,0,mapped,-16.355437636811594,6.693120456565415,-12.610655895158352,1,0.0,0.0,interior
T097,L,3995,T014,119,0,mapped,-16.267207350823526,5.7193393547767055,-11.706861507322213,1,0.0,0.0,interior
T097,L,3996,T014,120,0,mapped,-16.183450749303802,4.909429887236758,-10.53452451997845,1,0.0,0.0,interior
T097,L,3997,T014,121,0,mapped,-16.02011797076879,4.159131956497191,-9.565882917480874,1,0.0,0.0,interior
T097,L,3998,T014,122,0,mapped,-15.75344847993717,3.44079333117738,-8.67170824660947,1,0.0,0.0,interior
T097,L,3999,T014,123,0,mapped,-15.639631062337804,2.6301922446002273,-7.9277421035335545,1,0.0,0.0,interior
T097,L,4000,T014,124,0,mapped,-15.3742441336636,1.668420515501717,-7.339993492347457,1,0.0,0.0,interior
T097,L,4001,T014,125,0,mapped,-15.176310661320855,0.6017652880701121,-7.064157349486148,1,0.0,0.0,interior
T097,L,4002,T014,126,0,mapped,-14.91497689744041,-0.6366459912330988,-6.842631976027587,1,0.0,0.0,interior
T097,L,4003,T014,127,0,mapped,-14.614412777298078,-1.5877329006045784,-6.777540018713465,1,0.0,0.0,interior
T097,L,4004,T014,128,0,mapped,-14.167020790154456,-2.6909691298328084,-6.6880010425890575,1,0.0,0.0,interior
T097,L,4005,T014,129,0,mapped,-13.592984144801079,-3.7150910144650986,-6.444256085404797,1,0.0,0.0,interior
T097,L,4006,T014,130,0,mapped,-13.236048270007124,-4.947104534305154,-6.110702886727333,1,0.0,0.0,interior
T097,L,4007,T014,131,0,mapped,-12.929282881295531,-6.038516475976792,-5.637362213585751,1,0.0,0.0,interior
T097,L,4008,T014,132,0,mapped,-12.765177247271346,-7.18041541455484,-5.073283142502175,1,0.0,0.0,interior
T097,L,4009,T014,133,0,mapped,-12.673160787844884,-8.23762320954524,-4.465403203772519,1,0.0,0.0,interior
T097,L,4010,T014,134,0,mapped,-12.5848911067404,-9.239575752473996,-3.7554365581254583,1,0.0,0.0,interior
T097,L,4011,T014,135,0,mapped,-17.118753701220893,10.348033446765353,-13.258572273974,2,8.881784197001252e-16,4.440892098500626e-16,shared_edge
T097,L,4012,T014,136,0,mapped,-16.67914779500835,9.144431878209124,-13.303761670186125,1,0.0,0.0,interior
T097,L,4013,T014,137,0,mapped,-16.200339561874873,7.76994805835891,-12.99089142272822,1,0.0,0.0,interior
T097,L,4014,T014,138,0,mapped,-15.963064587263936,6.559574134121666,-12.28469550975513,1,0.0,0.0,interior
T097,L,4015,T014,139,0,mapped,-15.794955155163086,5.510819941967355,-11.226464458106458,1,0.0,0.0,interior
T097,L,4016,T014,140,0,mapped,-15.807579927303875,4.749983676603163,-10.101539213682702,1,0.0,0.0,interior
T097,L,4017,T014,141,0,mapped,-15.656802806445747,4.061678302225209,-9.245827437193988,1,0.0,0.0,interior
T097,L,4018,T014,142,0,mapped,-15.460691008851793,3.253894438763103,-8.34376323823613,1,0.0,0.0,interior
T097,L,4019,T014,143,0,mapped,-15.325739346143546,2.4140281939629613,-7.666855725023446,1,0.0,0.0,interior
T097,L,4020,T014,144,0,mapped,-15.005860875399772,1.4485315276826292,-7.177842875500501,1,0.0,0.0,interior
T097,L,4021,T014,145,0,mapped,-14.785538327151563,0.33238492653462615,-6.939580051274968,1,0.0,0.0,interior
T097,L,4022,T014,146,0,mapped,-14.547240211805693,-0.7541934619361577,-6.788758138367561,1,0.0,0.0,interior
T097,L,4023,T014,147,0,mapped,-14.296483119251072,-1.8825564869968936,-6.706953521525351,1,0.0,0.0,interior
T097,L,4024,T014,148,0,mapped,-13.86334946310196,-2.993826833207617,-6.573933691540622,1,0.0,0.0,interior
T097,L,4025,T014,149,0,mapped,-13.328154419274163,-4.0562828462586005,-6.276800105864723,1,0.0,0.0,interior
T097,L,4026,T014,150,0,mapped,-13.013647390179942,-5.225506489755023,-5.933702533535108,1,0.0,0.0,interior
T097,L,4027,T014,151,0,mapped,-12.71911373400219,-6.343702038852761,-5.443227404612289,1,0.0,0.0,interior
T097,L,4028,T014,152,0,mapped,-12.583645382129776,-7.429783842993917,-4.8659047044922765,1,0.0,0.0,interior
T097,L,4029,T014,153,0,mapped,-12.524924202831087,-8.487134747438283,-4.2669772656317,1,0.0,0.0,interior
T097,L,4030,T014,154,0,mapped,-16.7654644020382,10.21712799005461,-12.895346356619843,2,9.930136612989092e-16,4.965068306494546e-16,shared_edge
T097,L,4031,T014,155,0,mapped,-16.2117558706004,8.995040256663913,-12.912376269246598,1,0.0,0.0,interior
T097,L,4032,T014,156,0,mapped,-15.752345737820367,7.680155645157974,-12.63521106453168,1,0.0,0.0,interior
T097,L,4033,T014,157,0,mapped,-15.474398302153611,6.536568183914023,-11.89282941871942,1,0.0,0.0,interior
T097,L,4034,T014,158,0,mapped,-15.392196539470529,5.425708740832253,-10.757779246462583,1,0.0,0.0,interior
T097,L,4035,T014,159,0,mapped,-15.415123801924898,4.6615063608894545,-9.79674900790301,1,0.0,0.0,interior
T097,L,4036,T014,160,0,mapped,-15.297305154165443,3.856176224440306,-8.825923291923601,1,0.0,0.0,interior
T097,L,4037,T014,161,0,mapped,-15.154099261259956,3.102287278603603,-8.074316843099496,1,0.0,0.0,interior
T097,L,4038,T014,162,0,mapped,-15.03333093211209,2.205861896244885,-7.450889199074814,1,0.0,0.0,interior
T097,L,4039,T014,163,0,mapped,-14.712068968568278,1.2186215744084024,-7.038352063665712,1,0.0,0.0,interior
T097,L,4040,T014,164,0,mapped,-14.48384678325905,0.0773928158883308,-6.830235269668822,1,0.0,0.0,interior
T097,L,4041,T014,165,0,mapped,-14.236050590621186,-0.957257558847818,-6.725910212232719,1,0.0,0.0,interior
T097,L,4042,T014,166,0,mapped,-13.937385942552034,-2.0942680554270297,-6.606541788868654,1,0.0,0.0,interior
T097,L,4043,T014,167,0,mapped,-13.483637412019759,-3.234800232354818,-6.409148083011994,1,0.0,0.0,interior
T097,L,4044,T014,168,0,mapped,-13.089686156003198,-4.347592100144844,-6.122412031624394,1,0.0,0.0,interior
T097,L,4045,T014,169,0,mapped,-12.771910603413662,-5.517706441964272,-5.73775240304356,1,0.0,0.0,interior
T097,L,4046,T014,170,0,mapped,-12.528348001952919,-6.633060440666984,-5.244817155529194,1,0.0,0.0,interior
T097,L,4047,T014,171,0,mapped,-12.405982825642894,-7.69476059152997,-4.644160651856595,1,0.0,0.0,interior
T097,L,4048,T014,172,0,mapped,-16.46600987998131,10.155294556246435,-12.470362664105728,2,0.0,0.0,shared_edge
T097,L,4049,T014,173,0,mapped,-15.795230306064802,8.924490880114098,-12.449821058712772,1,0.0,0.0,interior
T097,L,4050,T014,174,0,mapped,-15.220905207137477,7.547569782026136,-12.035898466122454,1,0.0,0.0,interior
T097,L,4051,T014,175,0,mapped,-15.170813192090565,6.343409797825544,-11.452659524279426,1,0.0,0.0,interior
T097,L,4052,T014,176,0,mapped,-15.123594521167686,5.340966188592677,-10.295067460871007,1,0.0,0.0,interior
T097,L,4053,T014,177,0,mapped,-15.114344272447894,4.515296146162228,-9.402998283937432,1,0.0,0.0,interior
T097,L,4054,T014,178,0,mapped,-14.9264145539489,3.723074660160231,-8.49831083791891,1,0.0,0.0,interior
T097,L,4055,T014,179,0,mapped,-14.920563416272374,2.9929271710480165,-7.875219809962644,1,0.0,0.0,interior
T097,L,4056,T014,180,0,mapped,-14.767493507059388,2.0470837597020726,-7.281049167003493,1,0.0,0.0,interior
T097,L,4057,T014,181,0,mapped,-14.390002694302412,1.0040150517034796,-6.900335779128191,1,0.0,0.0,interior
T097,L,4058,T014,182,0,mapped,-14.160152593458571,-0.04677960820157523,-6.760026602751781,1,0.0,0.0,interior
T097,L,4059,T014,183,0,mapped,-13.944843824462897,-1.2040749369814634,-6.654289010938989,1,0.0,0.0,interior
T097,L,4060,T014,184,0,mapped,-13.604133763974783,-2.303937037139683,-6.503861216394727,1,0.0,0.0,interior
T097,L,4061,T014,185,0,mapped,-13.124098254383034,-3.514278437459449,-6.2212706645916,1,0.0,0.0,interior
T097,L,4062,T014,186,0,mapped,-12.759556474304608,-4.5344754965200025,-5.937504271473038,1,0.0,0.0,interior
T097,L,4063,T014,187,0,mapped,-12.618769492349157,-5.766063533818372,-5.557643778866517,1,0.0,0.0,interior
T097,L,4064,T014,188,0,mapped,-12.320029269231354,-6.870255478098819,-4.999700990320811,1,0.0,0.0,interior
T097,L,4065,T014,189,0,mapped,-16.22168602552469,10.077434223116459,-12.01946110246672,2,4.440892098500626e-16,2.220446049250313e-16,shared_edge
T097,L,4066,T014,190,0,mapped,-15.49903228134195,8.752009537863843,-12.077629221623408,1,0.0,0.0,interior
T097,L,4067,T014,191,0,mapped,-14.9748360884217,7.458540616047941,-11.735725634182913,1,0.0,0.0,interior
T097,L,4068,T014,192,0,mapped,-14.84739692855132,6.284007280672814,-11.003567981046302,1,0.0,0.0,interior
T097,L,4069,T014,193,0,mapped,-14.928919897590816,5.261258404270151,-10.00389604009067,1,0.0,0.0,interior
T097,L,4070,T014,194,0,mapped,-14.7048247882213,4.460942641886891,-8.99878277815657,1,0.0,0.0,interior
T097,L,4071,T014,195,0,mapped,-14.634762599685619,3.7135194999384176,-8.289199245553071,1,0.0,0.0,interior
T097,L,4072,T014,196,0,mapped,-14.627978011916754,2.857657508134391,-7.63400119029653,1,0.0,0.0,interior
T097,L,4073,T014,197,0,mapped,-14.38780794651888,1.844931069820431,-7.0828203232490985,1,0.0,0.0,interior
T097,L,4074,T014,198,0,mapped,-14.100836421238858,0.6780299384518713,-6.779529553012223,1,0.0,0.0,interior
T097,L,4075,T014,199,0,mapped,-13.918633455878457,-0.33310078073592564,-6.675378085389209,1,0.0,0.0,interior
T097,L,4076,T014,200,0,mapped,-13.564378841247407,-1.3579207092393908,-6.528669291285633,1,0.0,0.0,interior
T097,L,4077,T014,201,0,mapped,-13.240628883536079,-2.526334995014146,-6.350026672281382,1,0.0,0.0,interior
T097,L,4078,T014,202,0,mapped,-12.806837812590341,-3.653889731077168,-6.057993604734477,1,0.0,0.0,interior
T097,L,4079,T014,203,0,mapped,-12.576985549506013,-4.892041989527392,-5.742763954904499,1,0.0,0.0,interior
T097,L,4080,T014,204,0,mapped,-12.484114218996371,-6.070873219598255,-5.388360702380954,1,0.0,0.0,interior
T097,L,4081,T014,205,0,mapped,-15.931729598590247,9.837575004409285,-11.673586525952853,2,8.881784197001252e-16,4.440892098500626e-16,shared_edge
T097,L,4082,T014,206,0,mapped,-15.185554664508828,8.658597093292336,-11.64603705575546,1,0.0,0.0,interior
T097,L,4083,T014,207,0,mapped,-14.726790013613309,7.330849121822315,-11.30801063386873,1,0.0,0.0,interior
T097,L,4084,T014,208,0,mapped,-14.526377332164033,6.193320200192899,-10.477310257964554,1,0.0,0.0,interior
T097,L,4085,T014,209,0,mapped,-14.491192145119108,5.265896944887949,-9.559840860936648,1,0.0,0.0,interior
T097,L,4086,T014,210,0,mapped,-14.457789251422081,4.3761607295781015,-8.70830017772268,1,0.0,0.0,interior
T097,L,4087,T014,211,0,mapped,-14.362134963510954,3.634672314477463,-8.02134546449054,1,0.0,0.0,interior
T097,L,4088,T014,212,0,mapped,-14.268534775809826,2.6736170635786554,-7.365899628185474,1,0.0,0.0,interior
T097,L,4089,T014,213,0,mapped,-13.966406735862936,1.6044908148678996,-6.86620039814027,1,0.0,0.0,interior
T097,L,4090,T014,214,0,mapped,-13.763442226334263,0.513912664707707,-6.679506056930073,1,0.0,0.0,interior
T097,L,4091,T014,215,0,mapped,-13.527323618463535,-0.4849766751239031,-6.569177071618467,1,0.0,0.0,interior
T097,L,4092,T014,216,0,mapped,-13.189061667323278,-1.5995902141436993,-6.391652977276529,1,0.0,0.0,interior
T097,L,4093,T014,217,0,mapped,-12.94917356201339,-2.902485742466453,-6.173302887320341,1,0.0,0.0,interior
T097,L,4094,T014,218,0,mapped,-12.553915247367268,-3.978305344622459,-5.893661414052621,1,0.0,0.0,interior
T097,L,4095,T014,219,0,mapped,-12.38654549780945,-5.170934047758617,-5.563222405509702,1,0.0,0.0,interior
T097,L,4096,T014,220,0,mapped,-15.773980911243399,9.778919264167795,-11.187443687861267,2,1.831026719408895e-15,9.155133597044477e-16,shared_edge
T097,L,4097,T014,221,0,mapped,-14.923741043902831,8.506551114005298,-11.15587950935731,1,0.0,0.0,interior
T097,L,4098,T014,222,0,mapped,-14.463121930040089,7.1752391120583425,-10.830716047824573,1,0.0,0.0,interior
T097,L,4099,T014,223,0,mapped,-14.321571809249516,6.11115581368675,-10.066452455576247,1,0.0,0.0,interior
T097,L,4100,T014,224,0,mapped,-14.322610639490774,5.073426929498911,-9.161275777132373,1,0.0,0.0,interior
T097,L,4101,T014,225,0,mapped,-14.148323107610697,4.283195223084363,-8.35242087991309,1,0.0,0.0,interior
T097,L,4102,T014,226,0,mapped,-14.083450582750613,3.3824486729911083,-7.663035191281917,1,0.0,0.0,interior
T097,L,4103,T014,227,0,mapped,-13.892801862731424,2.5244684580744465,-7.130927227460004,1,0.0,0.0,interior
T097,L,4104,T014,228,0,mapped,-13.746502425427563,1.3024410843489136,-6.724838639781533,1,0.0,0.0,interior
T097,L,4105,T014,229,0,mapped,-13.444450881879762,0.3160329405335638,-6.545574975581436,1,0.0,0.0,interior
T097,L,4106,T014,230,0,mapped,-13.314183949765724,-0.8555145386473519,-6.466958977902701,1,0.0,0.0,interior
T097,L,4107,T014,231,0,mapped,-12.993824545631053,-1.9374247938264872,-6.29680103567533,1,0.0,0.0,interior
T097,L,4108,T014,232,0,mapped,-12.620371855651118,-3.169398466664859,-6.012569143679899,1,0.0,0.0,interior
T097,L,4109,T014,233,0,mapped,-12.292156696046122,-4.25946457710884,-5.695912928147468,1,0.0,0.0,interior
T097,L,4110,T014,234,0,mapped,-15.484919967167462,9.518662379157782,-10.861152621264434,2,0.0,0.0,shared_edge
T097,L,4111,T014,235,0,mapped,-14.658801603042305,8.329864556268923,-10.674647874473415,1,0.0,0.0,interior
T097,L,4112,T014,236,0,mapped,-14.21636014380124,7.011611165458675,-10.33873083299397,1,0.0,0.0,interior
T097,L,4113,T014,237,0,mapped,-14.110241056175234,5.906233414691695,-9.592372561367721,1,0.0,0.0,interior
T097,L,4114,T014,238,0,mapped,-14.075619549269913,4.94238470141973,-8.765450187813764,1,0.0,0.0,interior
T097,L,4115,T014,239,0,mapped,-13.869334751712923,4.069560288762602,-7.954386801292405,1,0.0,0.0,interior
T097,L,4116,T014,240,0,mapped,-13.781171330575123,3.3030870934286334,-7.409635830180525,1,0.0,0.0,interior
T097,L,4117,T014,241,0,mapped,-13.607013300384827,2.2964113820619527,-6.903030065202634,1,0.0,0.0,interior
T097,L,4118,T014,242,0,mapped,-13.377745128135892,1.170150672784306,-6.601525278967957,1,0.0,0.0,interior
T097,L,4119,T014,243,0,mapped,-13.158708569896024,0.02936634182630371,-6.451213389387426,1,0.0,0.0,interior
T097,L,4120,T014,244,0,mapped,-12.960222160825786,-0.9833339738514759,-6.327839810796384,1,0.0,0.0,interior
T097,L,4121,T014,245,0,mapped,-12.68885135100027,-2.2173294457593933,-6.109503283277734,1,0.0,0.0,interior
T097,L,4122,T014,246,0,mapped,-12.200579546418556,-3.3567195797123652,-5.814780948044405,1,0.0,0.0,interior
T097,L,4123,T014,247,0,mapped,-15.232424310578239,9.307916439436408,-10.46864826880558,2,4.440892098500626e-16,2.220446049250313e-16,shared_edge
T097,L,4124,T014,248,0,mapped,-14.431903712395373,8.11991427984609,-10.331628249284568,1,0.0,0.0,interior
T097,L,4125,T014,249,0,mapped,-13.980293852878606,6.957315253937374,-9.837897912143891,1,0.0,0.0,interior
T097,L,4126,T014,250,0,mapped,-13.871947858213353,5.774241705515937,-9.112817750443817,1,0.0,0.0,interior
T097,L,4127,T014,251,0,mapped,-13.785034208199388,4.828065042593076,-8.348521533066101,1,0.0,0.0,interior
T097,L,4128,T014,252,0,mapped,-13.485272844446033,4.0273593573910915,-7.592801158536465,1,0.0,0.0,interior
T097,L,4129,T014,253,0,mapped,-13.471360951895912,3.128707254778856,-7.144440843839623,1,0.0,0.0,interior
T097,L,4130,T014,254,0,mapped,-13.311687653200082,2.0171698897353245,-6.709696300615866,1,0.0,0.0,interior
T097,L,4131,T014,255,0,mapped,-13.066837434335811,0.9599079849971481,-6.49260543354413,1,0.0,0.0,interior
T097,L,4132,T014,256,0,mapped,-12.861284236470388,-0.10687156878354287,-6.358793507899785,1,0.0,0.0,interior
T097,L,4133,T014,257,0,mapped,-12.703958167978113,-1.2640654613957736,-6.21162736003609,1,0.0,0.0,interior
T097,L,4134,T014,258,0,mapped,-12.307722757693579,-2.4747660480867033,-5.912722419757037,1,0.0,0.0,interior
T097,L,4135,T014,259,0,mapped,-15.024896311019216,9.206782648750478,-10.013604713003057,2,0.0,0.0,shared_edge
T097,L,4136,T014,260,0,mapped,-14.127714896015204,7.912660834964791,-9.86984020582679,1,0.0,0.0,interior
T097,L,4137,T014,261,0,mapped,-13.7978110332292,6.859793165905865,-9.41429489656883,1,0.0,0.0,interior
T097,L,4138,T014,262,0,mapped,-13.67031412321162,5.6557762508125595,-8.709916403201571,1,0.0,0.0,interior
T097,L,4139,T014,263,0,mapped,-13.584678626052787,4.6971865571038585,-8.064267344167202,1,0.0,0.0,interior
T097,L,4140,T014,264,0,mapped,-13.256983252217502,3.9559783361328638,-7.369595367891256,1,0.0,0.0,interior
T097,L,4141,T014,265,0,mapped,-13.202203609044663,2.9251236030243923,-6.911155842209869,1,0.0,0.0,interior
T097,L,4142,T014,266,0,mapped,-12.990760491018301,1.7664548544618661,-6.556844644232868,1,0.0,0.0,interior
T097,L,4143,T014,267,0,mapped,-12.802426113719013,0.682743459381161,-6.391490284670679,1,0.0,0.0,interior
T097,L,4144,T014,268,0,mapped,-12.66633926527418,-0.4845985921492897,-6.251586468708801,1,0.0,0.0,interior
T097,L,4145,T014,269,0,mapped,-12.418904393255993,-1.6022106944541612,-6.061154428228667,1,0.0,0.0,interior
T097,L,4146,T014,270,0,mapped,-14.703503754851976,8.967300462082006,-9.686626714108286,2,2.220446049250313e-16,1.1102230246251563e-16,shared_edge
T097,L,4147,T014,271,0,mapped,-13.940802136240448,7.7423017842380695,-9.510088766412439,1,0.0,0.0,interior
T097,L,4148,T014,272,0,mapped,-13.593017991657641,6.7345382316962485,-8.962631320019524,1,0.0,0.0,interior
T097,L,4149,T014,273,0,mapped,-13.494715561012274,5.557726474690222,-8.394355972873644,1,0.0,0.0,interior
T097,L,4150,T014,274,0,mapped,-13.275612864245264,4.580034695570204,-7.6899804900859605,1,0.0,0.0,interior
T097,L,4151,T014,275,0,mapped,-13.063915442873647,3.741595393504566,-7.143656872506517,1,0.0,0.0,interior
T097,L,4152,T014,276,0,mapped,-12.933993600673041,2.706830102390782,-6.722499391059641,1,0.0,0.0,interior
T097,L,4153,T014,277,0,mapped,-12.68841020854095,1.6602292993694068,-6.4564454190589196,1,0.0,0.0,interior
T097,L,4154,T014,278,0,mapped,-12.522313794647129,0.5292920305978299,-6.310069727130511,1,0.0,0.0,interior
T097,L,4155,T014,279,0,mapped,-12.321717645220312,-0.6813745722537554,-6.0934446635681265,1,0.0,0.0,interior
T097,L,4156,T014,280,0,mapped,-14.40889901091081,8.753099018831849,-9.31879896537836,2,2.220446049250313e-16,1.1102230246251563e-16,shared_edge
T097,L,4157,T014,281,0,mapped,-13.779535132511375,7.668004550241854,-9.169902692795521,1,0.0,0.0,interior
T097,L,4158,T014,282,0,mapped,-13.374593780833647,6.582870625798185,-8.56216903611233,1,0.0,0.0,interior
T097,L,4159,T014,283,0,mapped,-13.204135806934975,5.458626778212233,-7.972159366175991,1,0.0,0.0,interior
T097,L,4160,T014,284,0,mapped,-13.000223158196812,4.520683723201122,-7.410891519904698,1,0.0,0.0,interior
T097,L,4161,T014,285,0,mapped,-12.791067239909603,3.629895089425121,-6.927833327386811,1,0.0,0.0,interior
T097,L,4162,T014,286,0,mapped,-12.610060982254161,2.487706808037773,-6.555438498074315,1,0.0,0.0,interior
T097,L,4163,T014,287,0,mapped,-12.46075060735548,1.3437140735362405,-6.3513261744903495,1,0.0,0.0,interior
T097,L,4164,T014,288,0,mapped,-12.225410002491136,0.23758086988357974,-6.163559144745383,1,0.0,0.0,interior
T097,L,4165,T014,289,0,mapped,-14.141110931519432,8.551629856330257,-8.985377060253022,2,1.9860273225978185e-15,9.930136612989092e-16,shared_edge
T097,L,4166,T014,290,0,mapped,-13.536596507902349,7.508442497051343,-8.736671823674854,1,0.0,0.0,interior
T097,L,4167,T014,291,0,mapped,-13.138125559416888,6.442152728975241,-8.156554706484783,1,0.0,0.0,interior
T097,L,4168,T014,292,0,mapped,-12.98736697743187,5.335249748870865,-7.6851296304750125,1,0.0,0.0,interior
T097,L,4169,T014,293,0,mapped,-12.659950232201474,4.404435990693964,-7.0957133923579025,1,0.0,0.0,interior
T097,L,4170,T014,294,0,mapped,-12.512511534330761,3.3809882592213185,-6.708753345141213,1,0.0,0.0,interior
T097,L,4171,T014,295,0,mapped,-12.28263764470427,2.3016066875985484,-6.426336043276926,1,0.0,0.0,interior
T097,L,4172,T014,296,0,mapped,-12.12898972613757,1.1571414910856923,-6.230980245770613,1,0.0,0.0,interior
T097,L,4173,T014,297,0,mapped,-13.903435203440882,8.442829585000991,-8.593710327300524,2,1.9891280697202825e-15,9.945640348601413e-16,shared_edge
T097,L,4174,T014,298,0,mapped,-13.308151017403503,7.384549628788806,-8.33736195956478,1,0.0,0.0,interior
T097,L,4175,T014,299,0,mapped,-12.940994128030196,6.208074552414809,-7.909595445545369,1,0.0,0.0,interior
T097,L,4176,T014,300,0,mapped,-12.642086875578435,5.224845761185666,-7.322433985112411,1,0.0,0.0,interior
T097,L,4177,T014,301,0,mapped,-12.409106753671596,4.246753293924673,-6.870167515009285,1,0.0,0.0,interior
T097,L,4178,T014,302,0,mapped,-12.243874282273271,3.209472060614985,-6.5512366904028045,1,0.0,0.0,interior
T097,L,4179,T014,303,0,mapped,-12.032974046683332,2.0755449105442523,-6.314085673131379,1,0.0,0.0,interior
T097,L,4180,T014,304,0,mapped,-13.628119166835525,8.210067626333975,-8.299100634293652,2,8.881784197001252e-16,4.440892098500626e-16,shared_edge
T097,L,4181,T014,305,0,mapped,-13.0991106978421,7.229487615565656,-8.07926789247412,1,0.0,0.0,interior
T097,L,4182,T014,306,0,mapped,-12.69217816600646,6.079494308392512,-7.60497835940704,1,0.0,0.0,interior
T097,L,4183,T014,307,0,mapped,-12.329536561686918,5.068365184782019,-7.05311370732894,1,0.0,0.0,interior
T097,L,4184,T014,308,0,mapped,-12.165150785739856,4.110765763234637,-6.710855881922951,1,0.0,0.0,interior
T097,L,4185,T014,309,0,mapped,-11.937543113203306,2.991798538826888,-6.417037586037575,1,0.0,0.0,interior
T097,L,4186,T014,310,0,mapped,-13.32632151047407,8.15667753719976,-7.878845914507094,2,1.7763568394002505e-15,8.881784197001252e-16,shared_edge
T097,L,4187,T014,311,0,mapped,-12.747218484344023,7.040356355753005,-7.700346489708735,1,0.0,0.0,interior
T097,L,4188,T014,312,0,mapped,-12.257916439361965,5.98316708484235,-7.23235233437377,1,0.0,0.0,interior
T097,L,4189,T014,313,0,mapped,-12.071786052095879,4.956509838112003,-6.869113351244497,1,0.0,0.0,interior
T097,L,4190,T014,314,0,mapped,-11.842639317486567,3.90578293562314,-6.535922936071449,1,0.0,0.0,interior
T097,L,4191,T014,315,0,mapped,-12.959146879330437,7.957669000338896,-7.5829913588684,2,0.0,0.0,shared_edge
T097,L,4192,T014,316,0,mapped,-12.332845235600626,6.938752391394344,-7.347737749908877,1,0.0,0.0,interior
T097,L,4193,T014,317,0,mapped,-12.013907336881962,5.838677496205923,-7.0481195148111855,1,0.0,0.0,interior
T097,L,4194,T014,318,0,mapped,-11.748623756518905,4.815810579456022,-6.680869858248068,1,0.0,0.0,interior
T097,L,4195,T014,319,0,mapped,-12.571117381614771,7.758640515458898,-7.349644759099254,2,1.1102230246251563e-16,5.551115123125783e-17,shared_edge
T097,L,4196,T014,320,0,mapped,-12.080879731677056,6.798231790499848,-7.154371446868915,1,0.0,0.0,interior
T097,L,4197,T014,321,0,mapped,-11.653156038107198,5.731958835542017,-6.781151117391358,1,0.0,0.0,interior
T097,L,4198,T014,322,0,mapped,-12.180680981655977,7.580079836587652,-7.122248675523522,2,0.0,0.0,shared_edge
T097,L,4199,T014,323,0,mapped,-11.649395181763106,6.6235443758799235,-6.8800937801129205,1,0.0,0.0,interior
T097,L,4200,T015,26,2,smooth_near_vertex,-18.19230216267674,10.79163162333135,-13.828004193832612,1,0.0,0.0,interior
T097,L,4201,T015,27,0,mapped,-17.782485519208183,10.743252314505003,-13.66560728252191,1,0.0,0.0,interior
T097,L,4202,T015,28,0,mapped,-17.1653132285417,10.610479593104046,-13.11117681465536,1,0.0,0.0,interior
T097,L,4203,T015,29,0,mapped,-16.67737066894246,10.530113840603102,-12.38399987829586,1,0.0,0.0,interior
T097,L,4204,T015,30,0,mapped,-16.36273995771414,10.417985254818685,-11.578002724092723,1,0.0,0.0,interior
T097,L,4205,T015,31,0,mapped,-16.27212454396602,10.41941089639555,-10.734373793378051,1,0.0,0.0,interior
T097,L,4206,T015,32,0,mapped,-16.09937786104915,10.269720327573465,-9.882696382577498,1,0.0,0.0,interior
T097,L,4207,T015,33,0,mapped,-16.045923652227437,10.29083850206544,-9.094349134457811,1,0.0,0.0,interior
T097,L,4208,T015,34,0,mapped,-15.654093805769755,10.161315033506831,-8.291836094371577,1,0.0,0.0,interior
T097,L,4209,T015,35,0,mapped,-15.195778527117879,10.086419727203262,-7.53242050891774,1,0.0,0.0,interior
T097,L,4210,T015,36,0,mapped,-14.788167680974643,10.098194219408978,-6.869387670074175,1,0.0,0.0,interior
T097,L,4211,T015,37,0,mapped,-14.308405091237278,10.219693807392996,-6.16817647545135,1,0.0,0.0,interior
T097,L,4212,T015,38,0,mapped,-13.978193278189421,10.586018611256602,-5.511864908207389,1,0.0,0.0,interior
T097,L,4213,T015,39,0,mapped,-13.573831997037395,10.949085415195114,-4.956100152245051,1,0.0,0.0,interior
T097,L,4214,T015,40,0,mapped,-12.939434726331642,11.365410725273208,-4.550859671914646,1,0.0,0.0,interior
T097,L,4215,T015,41,0,mapped,-12.453868240564,11.82976221774657,-4.228418474946052,1,0.0,0.0,interior
T097,L,4216,T015,42,0,mapped,-11.968572496937112,12.398944182696782,-3.9593640635202174,1,0.0,0.0,interior
T097,L,4217,T015,43,0,mapped,-11.66481337597662,13.108326750853617,-3.6585302297586697,1,0.0,0.0,interior
T097,L,4218,T015,44,0,mapped,-11.35049243347591,13.77635201312158,-3.4554027464122417,1,0.0,0.0,interior
T097,L,4219,T015,45,0,mapped,-10.846856741008121,14.444462701542804,-3.2797224714644546,1,0.0,0.0,interior
T097,L,4220,T015,46,0,mapped,-10.384821653745337,15.09085293916192,-3.1324154031771663,1,0.0,0.0,interior
T097,L,4221,T015,47,0,mapped,-9.926926895423929,15.743802976932155,-3.0504030298753726,1,0.0,0.0,interior
T097,L,4222,T015,50,3,smooth_internal,-17.82382388061751,10.723630317922611,-13.641313334183593,1,0.0,0.0,interior
T097,L,4223,T015,51,0,mapped,-17.40810962832616,10.66310500996533,-13.355152751658173,1,0.0,0.0,interior
T097,L,4224,T015,52,0,mapped,-16.81586731299694,10.480172664893756,-12.712227480998944,1,0.0,0.0,interior
T097,L,4225,T015,53,0,mapped,-16.41707541784326,10.399016729199875,-11.904966158588028,1,0.0,0.0,interior
T097,L,4226,T015,54,0,mapped,-16.255155524724568,10.3619122704492,-11.147750150601345,1,0.0,0.0,interior
T097,L,4227,T015,55,0,mapped,-16.042312540859086,10.202546804749243,-10.292725049270041,1,0.0,0.0,interior
T097,L,4228,T015,56,0,mapped,-16.02512585657929,10.243056406549528,-9.451491572036282,1,0.0,0.0,interior
T097,L,4229,T015,57,0,mapped,-15.700227135753975,10.112921084273864,-8.697058118598626,1,0.0,0.0,interior
T097,L,4230,T015,58,0,mapped,-15.307251625215372,10.035684315434693,-7.929774519639345,1,0.0,0.0,interior
T097,L,4231,T015,59,0,mapped,-14.853665395042103,9.973849199177325,-7.263146820706066,1,0.0,0.0,interior
T097,L,4232,T015,60,0,mapped,-14.488678000884002,10.078903152614444,-6.578770164656252,1,0.0,0.0,interior
T097,L,4233,T015,61,0,mapped,-13.997847234171827,10.266744113028281,-5.862983301019959,1,0.0,0.0,interior
T097,L,4234,T015,62,0,mapped,-13.675524249126997,10.671918912051702,-5.272629408469541,1,0.0,0.0,interior
T097,L,4235,T015,63,0,mapped,-13.18978559330139,10.991679347694834,-4.816694109587546,1,0.0,0.0,interior
T097,L,4236,T015,64,0,mapped,-12.649983999011619,11.543715163710957,-4.41794924143057,1,0.0,0.0,interior
T097,L,4237,T015,65,0,mapped,-12.081137256450813,12.065799880401482,-4.111208755640339,1,0.0,0.0,interior
T097,L,4238,T015,66,0,mapped,-11.62036670788126,12.708372939287127,-3.8384974421057354,1,0.0,0.0,interior
T097,L,4239,T015,67,0,mapped,-11.325992484717506,13.40079216005035,-3.583201299535455,1,0.0,0.0,interior
T097,L,4240,T015,68,0,mapped,-10.983301840990876,14.060444118297442,-3.3950955131893554,1,0.0,0.0,interior
T097,L,4241,T015,69,0,mapped,-10.545066816713337,14.70567561776445,-3.231463932305479,1,0.0,0.0,interior
T097,L,4242,T015,70,0,mapped,-10.072605071633294,15.344823316095459,-3.1241522089239346,1,0.0,0.0,interior
T097,L,4243,T015,73,0,mapped,-17.647929805602747,10.680214595435071,-13.578090567204377,1,0.0,0.0,interior
T097,L,4244,T015,74,0,mapped,-17.032494636055834,10.48881297007005,-13.042331725398183,1,0.0,0.0,interior
T097,L,4245,T015,75,0,mapped,-16.563467095126228,10.419558519918318,-12.300501236016615,1,0.0,0.0,interior
T097,L,4246,T015,76,0,mapped,-16.25653797141988,10.302563934161794,-11.515583446141239,1,0.0,0.0,interior
T097,L,4247,T015,77,0,mapped,-16.19469321543577,10.341859781687997,-10.667170510799494,1,0.0,0.0,interior
T097,L,4248,T015,78,0,mapped,-15.970365051383661,10.154365506525064,-9.845162279866958,1,0.0,0.0,interior
T097,L,4249,T015,79,0,mapped,-15.77058144156831,10.094508356638647,-9.044754640431387,1,0.0,0.0,interior
T097,L,4250,T015,80,0,mapped,-15.356427295193269,9.967035713511331,-8.301250882889171,1,0.0,0.0,interior
T097,L,4251,T015,81,0,mapped,-14.914144436756974,9.92229650712543,-7.515586034995543,1,0.0,0.0,interior
T097,L,4252,T015,82,0,mapped,-14.622499883872504,9.992696746672234,-6.90531402401586,1,0.0,0.0,interior
T097,L,4253,T015,83,0,mapped,-14.123575832629491,10.097387197887493,-6.194353856114686,1,0.0,0.0,interior
T097,L,4254,T015,84,0,mapped,-13.750530952253259,10.381517714704852,-5.588197238531166,1,0.0,0.0,interior
T097,L,4255,T015,85,0,mapped,-13.45321913046871,10.77021546973129,-5.078820899493012,1,0.0,0.0,interior
T097,L,4256,T015,86,0,mapped,-12.711105584358368,11.167005033721313,-4.636229815764194,1,0.0,0.0,interior
T097,L,4257,T015,87,0,mapped,-12.24263882924423,11.684936923318595,-4.312707096354449,1,0.0,0.0,interior
T097,L,4258,T015,88,0,mapped,-11.701938249911368,12.27959033874519,-4.02839446380883,1,0.0,0.0,interior
T097,L,4259,T015,89,0,mapped,-11.413281621511771,12.96482196713213,-3.7493622866057237,1,0.0,0.0,interior
T097,L,4260,T015,90,0,mapped,-11.036880768524906,13.623143785983425,-3.5483782849641425,1,0.0,0.0,interior
T097,L,4261,T015,91,0,mapped,-10.639586274152402,14.279442522607305,-3.360529761917876,1,0.0,0.0,interior
T097,L,4262,T015,92,0,mapped,-10.19189010836404,15.020912903389112,-3.2058845614580314,1,0.0,0.0,interior
T097,L,4263,T015,95,0,mapped,-17.26510213319651,10.523016578205823,-13.297269221933295,1,0.0,0.0,interior
T097,L,4264,T015,96,0,mapped,-16.694121133002046,10.37027385891557,-12.628692708232057,1,0.0,0.0,interior
T097,L,4265,T015,97,0,mapped,-16.302286123297854,10.275075838734782,-11.82131081355482,1,0.0,0.0,interior
T097,L,4266,T015,98,0,mapped,-16.133510291630238,10.23189248766668,-11.074199569334342,1,0.0,0.0,interior
T097,L,4267,T015,99,0,mapped,-15.89198668909317,10.057838674740722,-10.225514077333356,1,0.0,0.0,interior
T097,L,4268,T015,100,0,mapped,-15.762104543157749,10.0320911900026,-9.396003055419646,1,0.0,0.0,interior
T097,L,4269,T015,101,0,mapped,-15.415952302606737,9.92986642356666,-8.66190634663241,1,0.0,0.0,interior
T097,L,4270,T015,102,0,mapped,-15.055932911282525,9.857302674150668,-7.927990022310573,1,0.0,0.0,interior
T097,L,4271,T015,103,0,mapped,-14.661767963605898,9.857272597726014,-7.279502496831013,1,0.0,0.0,interior
T097,L,4272,T015,104,0,mapped,-14.230994860205968,9.901663500018483,-6.641360377570486,1,0.0,0.0,interior
T097,L,4273,T015,105,0,mapped,-13.813817742814907,10.119724340769437,-5.919821909682565,1,0.0,0.0,interior
T097,L,4274,T015,106,0,mapped,-13.508388225367481,10.462512256506049,-5.3868997880268985,1,0.0,0.0,interior
T097,L,4275,T015,107,0,mapped,-12.920031355216317,10.838613743520664,-4.880323655772978,1,0.0,0.0,interior
T097,L,4276,T015,108,0,mapped,-12.401612637504378,11.352507290844668,-4.503129332904123,1,0.0,0.0,interior
T097,L,4277,T015,109,0,mapped,-11.961751587602475,11.90560093989916,-4.192868189346878,1,0.0,0.0,interior
T097,L,4278,T015,110,0,mapped,-11.484555373102427,12.55670165249959,-3.9246246253104857,1,0.0,0.0,interior
T097,L,4279,T015,111,0,mapped,-11.178271853424974,13.212115130115555,-3.681672653718575,1,0.0,0.0,interior
T097,L,4280,T015,112,0,mapped,-10.764842836795248,13.908074124738448,-3.484999680318243,1,0.0,0.0,interior
T097,L,4281,T015,113,0,mapped,-10.340568436471152,14.54844486188978,-3.329209449981679,1,0.0,0.0,interior
T097,L,4282,T015,116,0,mapped,-16.90632195065696,10.372387000594085,-12.96582349243329,1,0.0,0.0,interior
T097,L,4283,T015,117,0,mapped,-16.455972631601995,10.314525511320745,-12.212762424482241,1,0.0,0.0,interior
T097,L,4284,T015,118,0,mapped,-16.16987476291201,10.2076190288195,-11.476960760382694,1,0.0,0.0,interior
T097,L,4285,T015,119,0,mapped,-15.965610046978608,10.099488933977435,-10.633484002162783,1,0.0,0.0,interior
T097,L,4286,T015,120,0,mapped,-15.82802627653841,10.023171883695614,-9.826461495943668,1,0.0,0.0,interior
T097,L,4287,T015,121,0,mapped,-15.507323418629522,9.896899993831806,-9.1084833499819,1,0.0,0.0,interior
T097,L,4288,T015,122,0,mapped,-15.120801962826295,9.797117170788068,-8.308228488943321,1,0.0,0.0,interior
T097,L,4289,T015,123,0,mapped,-14.737137355845672,9.74664546276915,-7.621250134302747,1,0.0,0.0,interior
T097,L,4290,T015,124,0,mapped,-14.30582314081797,9.71514999503983,-7.083775519225409,1,0.0,0.0,interior
T097,L,4291,T015,125,0,mapped,-13.89471176028959,9.9240792536332,-6.229856827597608,1,0.0,0.0,interior
T097,L,4292,T015,126,0,mapped,-13.525433985904938,10.187213445047396,-5.658907704551144,1,0.0,0.0,interior
T097,L,4293,T015,127,0,mapped,-13.12525911358557,10.636669860332944,-5.103312823203673,1,0.0,0.0,interior
T097,L,4294,T015,128,0,mapped,-12.517878873388613,10.9708040265348,-4.743612649744852,1,0.0,0.0,interior
T097,L,4295,T015,129,0,mapped,-12.087952053630827,11.501166547244363,-4.414996808127112,1,0.0,0.0,interior
T097,L,4296,T015,130,0,mapped,-11.530004130347487,12.11750113602327,-4.14729256117055,1,0.0,0.0,interior
T097,L,4297,T015,131,0,mapped,-11.225973081295615,12.879364059516174,-3.8251020977291326,1,0.0,0.0,interior
T097,L,4298,T015,132,0,mapped,-10.802776414611412,13.507550028822983,-3.654592318332515,1,0.0,0.0,interior
T097,L,4299,T015,133,0,mapped,-10.483357508153276,14.203498237645357,-3.4287546226099046,1,0.0,0.0,interior
T097,L,4300,T015,136,0,mapped,-16.595607812839006,10.276908621392042,-12.556548406121319,1,0.0,0.0,interior
T097,L,4301,T015,137,0,mapped,-16.191908601427286,10.138117231005058,-11.783808279592312,1,0.0,0.0,interior
T097,L,4302,T015,138,0,mapped,-16.059630798459818,10.158108532370933,-10.983487041052316,1,0.0,0.0,interior
T097,L,4303,T015,139,0,mapped,-15.77678725636285,9.94988287673722,-10.210278163438769,1,0.0,0.0,interior
T097,L,4304,T015,140,0,mapped,-15.563768733207711,9.89246695981367,-9.367534049246636,1,0.0,0.0,interior
T097,L,4305,T015,141,0,mapped,-15.164918440187696,9.730274324347587,-8.70681191727176,1,0.0,0.0,interior
T097,L,4306,T015,142,0,mapped,-14.852964059393,9.713205694265078,-7.967859625997332,1,0.0,0.0,interior
T097,L,4307,T015,143,0,mapped,-14.426023600246562,9.640428758429126,-7.372103184623954,1,0.0,0.0,interior
T097,L,4308,T015,144,0,mapped,-14.04501214526233,9.786158931715843,-6.6213774097406475,1,0.0,0.0,interior
T097,L,4309,T015,145,0,mapped,-13.58996117282851,10.017684724051119,-5.897621802219279,1,0.0,0.0,interior
T097,L,4310,T015,146,0,mapped,-13.169698080965615,10.34058471170096,-5.361675389316474,1,0.0,0.0,interior
T097,L,4311,T015,147,0,mapped,-12.691752404991279,10.765705876718997,-4.904534266101551,1,0.0,0.0,interior
T097,L,4312,T015,148,0,mapped,-12.166730374963986,11.129236885447344,-4.6284654529429154,1,0.0,0.0,interior
T097,L,4313,T015,149,0,mapped,-11.68179025316039,11.768343109157076,-4.3014423170496165,1,0.0,0.0,interior
T097,L,4314,T015,150,0,mapped,-11.248434970812879,12.44135508777386,-4.0321897155496895,1,0.0,0.0,interior
T097,L,4315,T015,151,0,mapped,-10.956632033567326,13.120517904318902,-3.778421363185565,1,0.0,0.0,interior
T097,L,4316,T015,152,0,mapped,-10.55969673315701,13.809087921164895,-3.576417797007993,1,0.0,0.0,interior
T097,L,4317,T015,155,0,mapped,-16.347091250158577,10.204220507048989,-12.123857767173053,1,0.0,0.0,interior
T097,L,4318,T015,156,0,mapped,-16.059126001182335,10.086058754929278,-11.410906133200555,1,0.0,0.0,interior
T097,L,4319,T015,157,0,mapped,-15.735559977482128,9.856089907829915,-10.621299327793848,1,0.0,0.0,interior
T097,L,4320,T015,158,0,mapped,-15.673427806642314,9.885367035082629,-9.824469164407404,1,0.0,0.0,interior
T097,L,4321,T015,159,0,mapped,-15.25224812293219,9.682951333432829,-9.088059701829023,1,0.0,0.0,interior
T097,L,4322,T015,160,0,mapped,-14.889279819183258,9.607509063487688,-8.354624933470914,1,0.0,0.0,interior
T097,L,4323,T015,161,0,mapped,-14.509009286513882,9.553406210350953,-7.679280548365206,1,0.0,0.0,interior
T097,L,4324,T015,162,0,mapped,-14.051664083306058,9.543463257351958,-7.03974689538911,1,0.0,0.0,interior
T097,L,4325,T015,163,0,mapped,-13.665902298665758,9.804247300500283,-6.22551789331607,1,0.0,0.0,interior
T097,L,4326,T015,164,0,mapped,-13.255603351232384,10.056284529496738,-5.688286848404754,1,0.0,0.0,interior
T097,L,4327,T015,165,0,mapped,-12.827370018567178,10.44576534302497,-5.202387816669956,1,0.0,0.0,interior
T097,L,4328,T015,166,0,mapped,-12.314465161467467,10.833112665426388,-4.837216727008892,1,0.0,0.0,interior
T097,L,4329,T015,167,0,mapped,-11.842114386347278,11.349699388391766,-4.518715300837018,1,0.0,0.0,interior
T097,L,4330,T015,168,0,mapped,-11.317895351681047,12.045410982808356,-4.257445825395493,1,0.0,0.0,interior
T097,L,4331,T015,169,0,mapped,-10.946980557264101,12.700375244792006,-3.9804990307581765,1,0.0,0.0,interior
T097,L,4332,T015,170,0,mapped,-10.59928741077409,13.385340251081011,-3.7683583586189506,1,0.0,0.0,interior
T097,L,4333,T015,173,0,mapped,-16.099730095446336,10.031801882902677,-11.740287878349804,1,0.0,0.0,interior
T097,L,4334,T015,174,0,mapped,-15.870687908139994,9.95852372537534,-10.877269281437199,1,0.0,0.0,interior
T097,L,4335,T015,175,0,mapped,-15.668539413203451,9.850180296262051,-10.177031584370202,1,0.0,0.0,interior
T097,L,4336,T015,176,0,mapped,-15.352087438232514,9.7094076510631,-9.36958566846442,1,0.0,0.0,interior
T097,L,4337,T015,177,0,mapped,-14.999503339648342,9.598749256504284,-8.684296470301234,1,0.0,0.0,interior
T097,L,4338,T015,178,0,mapped,-14.611792824199064,9.541028053175491,-7.9424962368399195,1,0.0,0.0,interior
T097,L,4339,T015,179,0,mapped,-14.197183597088124,9.475967031042238,-7.337919794820754,1,0.0,0.0,interior
T097,L,4340,T015,180,0,mapped,-13.771135314330742,9.604873305199087,-6.635339919648628,1,0.0,0.0,interior
T097,L,4341,T015,181,0,mapped,-13.305246373402406,9.821378758504025,-5.988507192605523,1,0.0,0.0,interior
T097,L,4342,T015,182,0,mapped,-13.022019639006016,10.176959246469464,-5.4720565429404235,1,0.0,0.0,interior
T097,L,4343,T015,183,0,mapped,-12.408665406302747,10.576269213750853,-5.04791364384276,1,0.0,0.0,interior
T097,L,4344,T015,184,0,mapped,-11.95600818036535,10.992326125469866,-4.730941693021743,1,0.0,0.0,interior
T097,L,4345,T015,185,0,mapped,-11.424879112829812,11.59840608884884,-4.4459564974739205,1,0.0,0.0,interior
T097,L,4346,T015,186,0,mapped,-11.08729003672401,12.273147750548517,-4.187276213374311,1,0.0,0.0,interior
T097,L,4347,T015,187,0,mapped,-10.719945940173986,12.976766140936597,-3.9319440164107444,1,0.0,0.0,interior
T097,L,4348,T015,190,0,mapped,-15.90097880643378,9.92260348153873,-11.258300176327845,1,0.0,0.0,interior
T097,L,4349,T015,191,0,mapped,-15.601047592741697,9.725525778434383,-10.5666511765246,1,0.0,0.0,interior
T097,L,4350,T015,192,0,mapped,-15.373207933895463,9.629777692725636,-9.791043590514189,1,0.0,0.0,interior
T097,L,4351,T015,193,0,mapped,-15.110104513649606,9.566318762342728,-9.05587506441767,1,0.0,0.0,interior
T097,L,4352,T015,194,0,mapped,-14.742228918709186,9.491974960305985,-8.342107840289039,1,0.0,0.0,interior
T097,L,4353,T015,195,0,mapped,-14.332324981324597,9.4135133726659,-7.672021149860826,1,0.0,0.0,interior
T097,L,4354,T015,196,0,mapped,-13.843093177998487,9.441425482194282,-6.985967411705689,1,0.0,0.0,interior
T097,L,4355,T015,197,0,mapped,-13.421171828909936,9.617353275417113,-6.287634247737005,1,0.0,0.0,interior
T097,L,4356,T015,198,0,mapped,-13.163142909322534,9.988463970343073,-5.729647387827896,1,0.0,0.0,interior
T097,L,4357,T015,199,0,mapped,-12.54599334680238,10.286837917945622,-5.292249642414083,1,0.0,0.0,interior
T097,L,4358,T015,200,0,mapped,-12.03623344192514,10.727997227923739,-4.9301390317273786,1,0.0,0.0,interior
T097,L,4359,T015,201,0,mapped,-11.542969898172668,11.1788398787652,-4.670614775278976,1,0.0,0.0,interior
T097,L,4360,T015,202,0,mapped,-11.097916171502371,11.897037516010126,-4.436041795142785,1,0.0,0.0,interior
T097,L,4361,T015,203,0,mapped,-10.753778989222194,12.541244876373959,-4.158599634539909,1,0.0,0.0,interior
T097,L,4362,T015,206,0,mapped,-15.68010209702119,9.733970524677893,-10.914309046407368,1,0.0,0.0,interior
T097,L,4363,T015,207,0,mapped,-15.448734405970013,9.643407815053319,-10.113268431371006,1,0.0,0.0,interior
T097,L,4364,T015,208,0,mapped,-15.094176573050564,9.459602596296465,-9.4400341748032,1,0.0,0.0,interior
T097,L,4365,T015,209,0,mapped,-14.830196870380721,9.446405427414028,-8.706929646544417,1,0.0,0.0,interior
T097,L,4366,T015,210,0,mapped,-14.473815769294035,9.403883257364463,-7.962963229311365,1,0.0,0.0,interior
T097,L,4367,T015,211,0,mapped,-13.960600888150662,9.303836273548647,-7.347905014633355,1,0.0,0.0,interior
T097,L,4368,T015,212,0,mapped,-13.501499798720346,9.412826750480017,-6.679833167882936,1,0.0,0.0,interior
T097,L,4369,T015,213,0,mapped,-13.234620198052632,9.676114034990725,-6.098425474479283,1,0.0,0.0,interior
T097,L,4370,T015,214,0,mapped,-12.769841183747687,10.049587676529061,-5.545971257354255,1,0.0,0.0,interior
T097,L,4371,T015,215,0,mapped,-12.162694750323846,10.399445416396379,-5.1745651642071895,1,0.0,0.0,interior
T097,L,4372,T015,216,0,mapped,-11.669151333156487,10.826255627191198,-4.877835711769748,1,0.0,0.0,interior
T097,L,4373,T015,217,0,mapped,-11.169233827255649,11.45955153201518,-4.63257907554431,1,0.0,0.0,interior
T097,L,4374,T015,218,0,mapped,-10.84394361777515,12.14241870312869,-4.391663973949127,1,0.0,0.0,interior
T097,L,4375,T015,221,0,mapped,-15.460628267696013,9.585404484595305,-10.497366316609398,1,0.0,0.0,interior
T097,L,4376,T015,222,0,mapped,-15.155017591862846,9.458156567157097,-9.683820063164298,1,0.0,0.0,interior
T097,L,4377,T015,223,0,mapped,-14.834448038463643,9.324727100126314,-9.055545437209652,1,0.0,0.0,interior
T097,L,4378,T015,224,0,mapped,-14.53242881369788,9.31455692550353,-8.287322512936603,1,0.0,0.0,interior
T097,L,4379,T015,225,0,mapped,-14.110916828604207,9.250878729165143,-7.636672322915723,1,0.0,0.0,interior
T097,L,4380,T015,226,0,mapped,-13.582508752284898,9.280524498098751,-6.943773687881906,1,0.0,0.0,interior
T097,L,4381,T015,227,0,mapped,-13.228551609438725,9.453159174833264,-6.375135326052803,1,0.0,0.0,interior
T097,L,4382,T015,228,0,mapped,-12.825137921996424,9.826332500679833,-5.780954392638096,1,0.0,0.0,interior
T097,L,4383,T015,229,0,mapped,-12.236930100580823,10.158917927456542,-5.357112403059919,1,0.0,0.0,interior
T097,L,4384,T015,230,0,mapped,-11.77305470630022,10.53551040206873,-5.078241655171576,1,0.0,0.0,interior
T097,L,4385,T015,231,0,mapped,-11.304329035242658,11.043136680242817,-4.840474531668631,1,0.0,0.0,interior
T097,L,4386,T015,232,0,mapped,-10.822303450761488,11.78482038296268,-4.621501074775368,1,0.0,0.0,interior
T097,L,4387,T015,235,0,mapped,-15.15625574220307,9.317261581733412,-10.120942070049761,1,0.0,0.0,interior
T097,L,4388,T015,236,0,mapped,-14.925285955776973,9.32275681531806,-9.330120177994509,1,0.0,0.0,interior
T097,L,4389,T015,237,0,mapped,-14.533258781342397,9.155365854840422,-8.666023765399881,1,0.0,0.0,interior
T097,L,4390,T015,238,0,mapped,-14.192956769755174,9.129833228380164,-7.964625119190721,1,0.0,0.0,interior
T097,L,4391,T015,239,0,mapped,-13.710213481948882,9.143409323989793,-7.2824730105242494,1,0.0,0.0,interior
T097,L,4392,T015,240,0,mapped,-13.269647984321198,9.240527562451845,-6.677665792507206,1,0.0,0.0,interior
T097,L,4393,T015,241,0,mapped,-12.93794429693069,9.511188920579492,-6.131592326149635,1,0.0,0.0,interior
T097,L,4394,T015,242,0,mapped,-12.496476208702642,9.927775312130038,-5.590437549723346,1,0.0,0.0,interior
T097,L,4395,T015,243,0,mapped,-11.899828385379111,10.236600740611848,-5.304144070799202,1,0.0,0.0,interior
T097,L,4396,T015,244,0,mapped,-11.443500571895692,10.787231558111436,-4.970211364259713,1,0.0,0.0,interior
T097,L,4397,T015,245,0,mapped,-10.916840671291906,11.373059393364331,-4.819090405873762,1,0.0,0.0,interior
T097,L,4398,T015,248,0,mapped,-14.9295172250128,9.205144325513052,-9.722743046600115,1,0.0,0.0,interior
T097,L,4399,T015,249,0,mapped,-14.58106652670208,9.071411709320522,-9.0675131626132,1,0.0,0.0,interior
T097,L,4400,T015,250,0,mapped,-14.291598230352234,9.073215143359137,-8.270798193441262,1,0.0,0.0,interior
T097,L,4401,T015,251,0,mapped,-13.848656089495938,9.076440462934961,-7.544626778686078,1,0.0,0.0,interior
T097,L,4402,T015,252,0,mapped,-13.376735507083454,9.099904999588263,-6.950588194670216,1,0.0,0.0,interior
T097,L,4403,T015,253,0,mapped,-13.026352492564664,9.35830401501409,-6.357561688182431,1,0.0,0.0,interior
T097,L,4404,T015,254,0,mapped,-12.66555967750101,9.576934010486163,-5.925541081186321,1,0.0,0.0,interior
T097,L,4405,T015,255,0,mapped,-12.008890595130994,9.991399468384552,-5.486367504089204,1,0.0,0.0,interior
T097,L,4406,T015,256,0,mapped,-11.54606888714935,10.406136497509102,-5.22491763118828,1,0.0,0.0,interior
T097,L,4407,T015,257,0,mapped,-11.087821372385665,10.942748699536036,-5.023279071746842,1,0.0,0.0,interior
T097,L,4408,T015,260,0,mapped,-14.684943276615336,9.086630019715574,-9.319771800349324,1,0.0,0.0,interior
T097,L,4409,T015,261,0,mapped,-14.347845395460993,8.966964768428678,-8.624222481625644,1,0.0,0.0,interior
T097,L,4410,T015,262,0,mapped,-13.938821896136325,8.931457383506707,-7.9032938853475505,1,0.0,0.0,interior
T097,L,4411,T015,263,0,mapped,-13.52273942045916,8.987932837925554,-7.269744428194446,1,0.0,0.0,interior
T097,L,4412,T015,264,0,mapped,-13.121085782398712,9.10933575964477,-6.707690506917778,1,0.0,0.0,interior
T097,L,4413,T015,265,0,mapped,-12.724596531374488,9.384833330910043,-6.15288958810674,1,0.0,0.0,interior
T097,L,4414,T015,266,0,mapped,-12.204955544573513,9.698139102621536,-5.71956688444387,1,0.0,0.0,interior
T097,L,4415,T015,267,0,mapped,-11.662804183701049,10.040782523417318,-5.476728336077336,1,0.0,0.0,interior
T097,L,4416,T015,268,0,mapped,-11.17188804777054,10.630793115272695,-5.208200548125328,1,0.0,0.0,interior
T097,L,4417,T015,271,0,mapped,-14.388045188351578,8.85868470774286,-8.973482260601028,1,0.0,0.0,interior
T097,L,4418,T015,272,0,mapped,-14.045773718872445,8.876456105413418,-8.172399564543404,1,0.0,0.0,interior
T097,L,4419,T015,273,0,mapped,-13.599910519212022,8.828860341237068,-7.5654119435585,1,0.0,0.0,interior
T097,L,4420,T015,274,0,mapped,-13.137134498451756,8.898344140098558,-6.997809736720566,1,0.0,0.0,interior
T097,L,4421,T015,275,0,mapped,-12.791272783477659,9.128712564526754,-6.4680853380025525,1,0.0,0.0,interior
T097,L,4422,T015,276,0,mapped,-12.355968671660884,9.417014476156735,-6.000861049074004,1,0.0,0.0,interior
T097,L,4423,T015,277,0,mapped,-11.731537820525412,9.860095717174918,-5.601653740627331,1,0.0,0.0,interior
T097,L,4424,T015,278,0,mapped,-11.33793143010441,10.314081214529454,-5.371027638783335,1,0.0,0.0,interior
T097,L,4425,T015,281,0,mapped,-14.102818885124348,8.738479282920366,-8.527917339126402,1,0.0,0.0,interior
T097,L,4426,T015,282,0,mapped,-13.68144985864761,8.708721437845563,-7.826866127324537,1,0.0,0.0,interior
T097,L,4427,T015,283,0,mapped,-13.34634076889825,8.804714637144476,-7.294512876733812,1,0.0,0.0,interior
T097,L,4428,T015,284,0,mapped,-12.871559935819477,8.873707632885482,-6.79095847157021,1,0.0,0.0,interior
T097,L,4429,T015,285,0,mapped,-12.454685219269733,9.162090122602859,-6.290234051736039,1,0.0,0.0,interior
T097,L,4430,T015,286,0,mapped,-11.886661605138682,9.464596635086718,-5.909381142570245,1,0.0,0.0,interior
T097,L,4431,T015,287,0,mapped,-11.444648698441023,9.958683073618118,-5.585880442457487,1,0.0,0.0,interior
T097,L,4432,T015,290,0,mapped,-13.7676321183375,8.569299529045468,-8.175033689692723,1,0.0,0.0,interior
T097,L,4433,T015,291,0,mapped,-13.42146740238399,8.574543932392103,-7.618196787661809,1,0.0,0.0,interior
T097,L,4434,T015,292,0,mapped,-13.042607808796829,8.697531232991304,-7.131230400114774,1,0.0,0.0,interior
T097,L,4435,T015,293,0,mapped,-12.51667474066898,8.886913550587996,-6.538597327354557,1,0.0,0.0,interior
T097,L,4436,T015,294,0,mapped,-12.018553541954558,9.210988058252797,-6.121821152079347,1,0.0,0.0,interior
T097,L,4437,T015,295,0,mapped,-11.553676588709147,9.658551489402075,-5.787521428251457,1,0.0,0.0,interior
T097,L,4438,T015,298,0,mapped,-13.526652207925963,8.434596263836829,-7.925356316472484,1,0.0,0.0,interior
T097,L,4439,T015,299,0,mapped,-13.091433927648746,8.543540114814695,-7.2902273828070765,1,0.0,0.0,interior
T097,L,4440,T015,300,0,mapped,-12.62004639633523,8.602827035477105,-6.874201615603276,1,0.0,0.0,interior
T097,L,4441,T015,301,0,mapped,-12.2033180689383,8.908169901699797,-6.394998469347032,1,0.0,0.0,interior
T097,L,4442,T015,302,0,mapped,-11.590168210470361,9.305321810755082,-6.0152353741671565,1,0.0,0.0,interior
T097,L,4443,T015,305,0,mapped,-13.205577289710003,8.33912320114877,-7.586875974321028,1,0.0,0.0,interior
T097,L,4444,T015,306,0,mapped,-12.728132296305757,8.3341451792637,-7.140578107572033,1,0.0,0.0,interior
T097,L,4445,T015,307,0,mapped,-12.33479295016821,8.621048379458472,-6.677754089492719,1,0.0,0.0,interior
T097,L,4446,T015,308,0,mapped,-11.799772579403973,8.966504610182058,-6.240859409165786,1,0.0,0.0,interior
T097,L,4447,T015,311,0,mapped,-12.832227135547244,8.07010091601257,-7.409455533378647,1,0.0,0.0,interior
T097,L,4448,T015,312,0,mapped,-12.35792708592742,8.238484179926887,-6.946000810416738,1,0.0,0.0,interior
T097,L,4449,T015,313,0,mapped,-11.903308376792136,8.601943681087842,-6.4741012054414,1,0.0,0.0,interior
T097,L,4450,T015,316,0,mapped,-12.423355205387983,7.993775822583023,-7.13454747599677,1,0.0,0.0,interior
T097,L,4451,T015,317,0,mapped,-11.941439179574132,8.32776255726802,-6.6586246262831015,1,0.0,0.0,interior
T097,L,4452,T015,320,0,mapped,-12.017815314311036,7.9635650607655855,-6.895618766016774,1,0.0,0.0,interior
