sample_id,side,global_vertex_id,chosen_region_id,chosen_region_point_id,chosen_quality_rank,chosen_repair_method,x,y,z,member_count,max_candidate_distance_mm,mean_candidate_distance_mm,topology_role
T099,L,0,T001,0,-1,landmark_vertex,-16.678082885325257,46.318373622504595,-31.95459644863459,2,0.0,0.0,landmark
T099,L,1,T001,1,0,mapped,-15.889601517536537,45.652792885552785,-32.0480181814643,2,3.552713678800501e-15,1.7763568394002505e-15,shared_edge
T099,L,2,T001,2,0,mapped,-15.162611010463424,44.91803125075817,-32.13154515067113,2,4.440892098500626e-16,2.220446049250313e-16,shared_edge
T099,L,3,T001,3,0,mapped,-14.62050390655525,44.053719217328926,-32.18701222580643,2,3.580361673049448e-15,1.790180836524724e-15,shared_edge
T099,L,4,T001,4,0,mapped,-14.095360119600093,43.20236427560421,-32.11089433184375,2,3.66205343881779e-15,1.831026719408895e-15,shared_edge
T099,L,5,T001,5,0,mapped,-13.695015168043788,42.301534589488625,-31.89544063170391,2,0.0,0.0,shared_edge
T099,L,6,T001,6,0,mapped,-13.237107082764611,41.48816900485167,-31.533977816678348,2,3.972054645195637e-15,1.9860273225978185e-15,shared_edge
T099,L,7,T001,7,0,mapped,-12.897937727083356,40.76325908032645,-30.970780063532686,2,0.0,0.0,shared_edge
T099,L,8,T001,8,0,mapped,-12.556890787511376,40.20247084617681,-30.19003740989452,2,0.0,0.0,shared_edge
T099,L,9,T001,9,0,mapped,-12.094753631138328,39.64438085549033,-29.546782952671247,2,0.0,0.0,shared_edge
T099,L,10,T001,10,0,mapped,-11.676742316231003,39.01104361850737,-28.98204819340294,2,1.9860273225978185e-15,9.930136612989092e-16,shared_edge
T099,L,11,T001,11,0,mapped,-11.275696563644312,38.34831740458418,-28.314432613589375,2,0.0,0.0,shared_edge
T099,L,12,T001,12,0,mapped,-10.954028488254584,37.709050696510204,-27.65403925628099,2,0.0,0.0,shared_edge
T099,L,13,T001,13,0,mapped,-10.703985424319344,37.009600020832295,-26.938311094398532,2,0.0,0.0,shared_edge
T099,L,14,T001,14,0,mapped,-10.502905917689164,36.299271730304014,-26.210572453521735,2,5.024295867788081e-15,2.5121479338940407e-15,shared_edge
T099,L,15,T001,15,0,mapped,-10.426425130245688,35.619396525433004,-25.454133140436902,2,3.66205343881779e-15,1.831026719408895e-15,shared_edge
T099,L,16,T001,16,0,mapped,-10.424251547098653,34.915722926521184,-24.787899666555,2,0.0,0.0,shared_edge
T099,L,17,T001,17,0,mapped,-10.410951733211558,34.47749687830817,-23.931173218284282,2,8.881784197001252e-16,4.440892098500626e-16,shared_edge
T099,L,18,T001,18,0,mapped,-10.45465519234251,33.79908006587395,-23.247761173016936,2,0.0,0.0,shared_edge
T099,L,19,T001,19,0,mapped,-10.685817274760257,33.0113262717612,-22.78852560316371,2,8.881784197001252e-16,4.440892098500626e-16,shared_edge
T099,L,20,T001,20,0,mapped,-10.912377163972744,32.12662152998908,-22.325589486549426,2,0.0,0.0,shared_edge
T099,L,21,T001,21,0,mapped,-11.220351817629904,31.357188346634018,-21.78050179054668,2,0.0,0.0,shared_edge
T099,L,22,T001,22,0,mapped,-11.6275260513429,30.759592760978993,-21.152293685951673,2,0.0,0.0,shared_edge
T099,L,23,T001,23,0,mapped,-11.918909065328647,29.898580321300194,-20.769428828382388,2,0.0,0.0,shared_edge
T099,L,24,T001,24,0,mapped,-11.982748708771352,29.01528041563785,-20.31106565787244,3,0.0,0.0,landmark
T099,L,25,T001,25,0,mapped,-15.991096818000447,46.07687373657652,-31.82813638760572,1,0.0,0.0,interior
T099,L,26,T001,26,0,mapped,-15.218930735766026,45.29744949592511,-31.974621253050792,1,0.0,0.0,interior
T099,L,27,T001,27,0,mapped,-14.582964700909331,44.537497761082655,-32.018110615431844,1,0.0,0.0,interior
T099,L,28,T001,28,0,mapped,-14.031334832337631,43.67960818766559,-32.046266633765,1,0.0,0.0,interior
T099,L,29,T001,29,0,mapped,-13.532674497006804,42.74468048516232,-31.922892746975652,1,0.0,0.0,interior
T099,L,30,T001,30,0,mapped,-13.057911722875048,41.853022019728215,-31.621845097533868,1,0.0,0.0,interior
T099,L,31,T001,31,0,mapped,-12.796220652807234,41.08038537665114,-31.163810685603544,1,0.0,0.0,interior
T099,L,32,T001,32,0,mapped,-12.45991765032725,40.371901456361265,-30.585796629103868,1,0.0,0.0,interior
T099,L,33,T001,33,0,mapped,-12.08728874939085,39.7462461605067,-29.96272539552949,1,0.0,0.0,interior
T099,L,34,T001,34,0,mapped,-11.597310802814505,39.07565880834851,-29.338324185597678,1,0.0,0.0,interior
T099,L,35,T001,35,0,mapped,-11.327169667081442,38.41083661356869,-28.668273460607708,1,0.0,0.0,interior
T099,L,36,T001,36,0,mapped,-10.940984076487815,37.74240932755822,-28.015693914768804,1,0.0,0.0,interior
T099,L,37,T001,37,0,mapped,-10.664633427585088,37.119901686287776,-27.3541857462479,1,0.0,0.0,interior
T099,L,38,T001,38,0,mapped,-10.47425606761755,36.38441708023639,-26.582958442723907,1,0.0,0.0,interior
T099,L,39,T001,39,0,mapped,-10.359835672938114,35.6995499091406,-25.87665049899454,1,0.0,0.0,interior
T099,L,40,T001,40,0,mapped,-10.3502666046828,35.052989053425605,-25.2102442825431,1,0.0,0.0,interior
T099,L,41,T001,41,0,mapped,-10.41489038509832,34.49038750767343,-24.486300693535952,1,0.0,0.0,interior
T099,L,42,T001,42,0,mapped,-10.484301519476825,33.84080767000439,-23.746891209182465,1,0.0,0.0,interior
T099,L,43,T001,43,0,mapped,-10.618592071861821,33.135600899169546,-23.190505046482034,1,0.0,0.0,interior
T099,L,44,T001,44,0,mapped,-10.78820877060673,32.32097051967275,-22.637808553392986,1,0.0,0.0,interior
T099,L,45,T001,45,0,mapped,-11.010310960367706,31.53337195164765,-22.139207552042,1,0.0,0.0,interior
T099,L,46,T001,46,0,mapped,-11.335704010308152,30.758014230178404,-21.573598865653942,1,0.0,0.0,interior
T099,L,47,T001,47,0,mapped,-11.560848840571198,29.96935785650639,-21.11426423751317,1,0.0,0.0,interior
T099,L,48,T001,48,0,mapped,-11.624656499245923,29.155761544807618,-20.567285073777022,1,0.0,0.0,interior
T099,L,49,T001,49,0,mapped,-15.333348327759028,45.66235334218317,-31.803766752454777,1,0.0,0.0,interior
T099,L,50,T001,50,0,mapped,-14.544146516048675,44.94280989796529,-31.854940957758814,1,0.0,0.0,interior
T099,L,51,T001,51,0,mapped,-13.922253224101203,44.16700996575389,-31.9081177450573,1,0.0,0.0,interior
T099,L,52,T001,52,0,mapped,-13.495597726274237,43.3118817659263,-31.88102113884531,1,0.0,0.0,interior
T099,L,53,T001,53,0,mapped,-13.031849730862453,42.275421075016425,-31.695464616203033,1,0.0,0.0,interior
T099,L,54,T001,54,0,mapped,-12.642312417157601,41.36440789862313,-31.29555338778009,1,0.0,0.0,interior
T099,L,55,T001,55,0,mapped,-12.321581706117877,40.66983452971315,-30.79269615621675,1,0.0,0.0,interior
T099,L,56,T001,56,0,mapped,-11.941795023256724,39.8834836565275,-30.234603782697867,1,0.0,0.0,interior
T099,L,57,T001,57,0,mapped,-11.557827402106398,39.17472695368305,-29.578712520354593,1,0.0,0.0,interior
T099,L,58,T001,58,0,mapped,-11.278423015287506,38.548632889266926,-29.02513634962591,1,0.0,0.0,interior
T099,L,59,T001,59,0,mapped,-10.93655810240957,37.87927145459648,-28.3322675892976,1,0.0,0.0,interior
T099,L,60,T001,60,0,mapped,-10.645507162781616,37.32804042821324,-27.675617629779822,1,0.0,0.0,interior
T099,L,61,T001,61,0,mapped,-10.381636390043964,36.5719581746652,-26.96075828466867,1,0.0,0.0,interior
T099,L,62,T001,62,0,mapped,-10.309101018278735,35.84890517423085,-26.23653534389448,1,0.0,0.0,interior
T099,L,63,T001,63,0,mapped,-10.249630846585806,35.16858651461057,-25.59121902833811,1,0.0,0.0,interior
T099,L,64,T001,64,0,mapped,-10.276386104410063,34.406003563553746,-24.827072597003287,1,0.0,0.0,interior
T099,L,65,T001,65,0,mapped,-10.40944471828844,33.8029142734741,-24.040158380504657,1,0.0,0.0,interior
T099,L,66,T001,66,0,mapped,-10.509698075095967,33.22003624399841,-23.549803016187475,1,0.0,0.0,interior
T099,L,67,T001,67,0,mapped,-10.653411226143158,32.49980295320434,-22.99621124181834,1,0.0,0.0,interior
T099,L,68,T001,68,0,mapped,-10.860444361923502,31.744518018487696,-22.413719216619718,1,0.0,0.0,interior
T099,L,69,T001,69,0,mapped,-11.053052243022801,30.92995014237473,-21.91052140787536,1,0.0,0.0,interior
T099,L,70,T001,70,0,mapped,-11.290381794255472,30.204100378756745,-21.38699079838294,1,0.0,0.0,interior
T099,L,71,T001,71,0,mapped,-11.268608825373954,29.311856194170034,-20.81886977883581,1,0.0,0.0,interior
T099,L,72,T001,72,0,mapped,-14.639004980287972,45.33616317734969,-31.683977086776146,1,0.0,0.0,interior
T099,L,73,T001,73,0,mapped,-13.920814438130794,44.577633909928245,-31.753007916479998,1,0.0,0.0,interior
T099,L,74,T001,74,0,mapped,-13.390904389977228,43.76747710278045,-31.78114530901779,1,0.0,0.0,interior
T099,L,75,T001,75,0,mapped,-12.893070325130074,42.66534645478015,-31.6829742977872,1,0.0,0.0,interior
T099,L,76,T001,76,0,mapped,-12.424545630782351,41.80762423587488,-31.416801982484813,1,0.0,0.0,interior
T099,L,77,T001,77,0,mapped,-12.087602254525262,40.97069283888119,-30.982371888400564,1,0.0,0.0,interior
T099,L,78,T001,78,0,mapped,-11.826019881848431,40.12271377452852,-30.443547078193895,1,0.0,0.0,interior
T099,L,79,T001,79,0,mapped,-11.504167600316773,39.35769611232422,-29.848995766711262,1,0.0,0.0,interior
T099,L,80,T001,80,0,mapped,-11.19300789133845,38.72938708900095,-29.275035188846665,1,0.0,0.0,interior
T099,L,81,T001,81,0,mapped,-10.8752576648768,38.028475676488334,-28.591111966259533,1,0.0,0.0,interior
T099,L,82,T001,82,0,mapped,-10.567341906167094,37.4273963630971,-27.96198327825339,1,0.0,0.0,interior
T099,L,83,T001,83,0,mapped,-10.345756069095092,36.67342993782645,-27.214880362277015,1,0.0,0.0,interior
T099,L,84,T001,84,0,mapped,-10.19427422719713,36.01716631673897,-26.636620109034183,1,0.0,0.0,interior
T099,L,85,T001,85,0,mapped,-10.071109944979785,35.26779349731048,-25.957928619158526,1,0.0,0.0,interior
T099,L,86,T001,86,0,mapped,-10.1433717792006,34.56683372185475,-25.19411199538241,1,0.0,0.0,interior
T099,L,87,T001,87,0,mapped,-10.251767729953478,33.881537890825086,-24.481787521590398,1,0.0,0.0,interior
T099,L,88,T001,88,0,mapped,-10.332068252830556,33.19763016962385,-23.899940617954954,1,0.0,0.0,interior
T099,L,89,T001,89,0,mapped,-10.42955918098977,32.59645431388844,-23.396430446555037,1,0.0,0.0,interior
T099,L,90,T001,90,0,mapped,-10.58424911065921,31.94943328925195,-22.846793970576716,1,0.0,0.0,interior
T099,L,91,T001,91,0,mapped,-10.808970436347483,31.086048823028136,-22.187353406845443,1,0.0,0.0,interior
T099,L,92,T001,92,0,mapped,-10.953419081247153,30.32357468066172,-21.672005659205308,1,0.0,0.0,interior
T099,L,93,T001,93,0,mapped,-11.037135419937727,29.571716798254307,-21.09410893979378,1,0.0,0.0,interior
T099,L,94,T001,94,0,mapped,-13.945843703220703,45.00414849849615,-31.557861578254336,1,0.0,0.0,interior
T099,L,95,T001,95,0,mapped,-13.339024116960852,44.23074561991325,-31.617216428530035,1,0.0,0.0,interior
T099,L,96,T001,96,0,mapped,-12.842638903248407,43.25832431816542,-31.65846048127541,1,0.0,0.0,interior
T099,L,97,T001,97,0,mapped,-12.367034165267532,42.21873542431366,-31.465433750905454,1,0.0,0.0,interior
T099,L,98,T001,98,0,mapped,-11.953413165648982,41.2971540515209,-31.096487543164294,1,0.0,0.0,interior
T099,L,99,T001,99,0,mapped,-11.721116283022413,40.508673522276624,-30.63269458790986,1,0.0,0.0,interior
T099,L,100,T001,100,0,mapped,-11.433444621121374,39.70093492992371,-30.054341961971396,1,0.0,0.0,interior
T099,L,101,T001,101,0,mapped,-11.073337373252743,38.967083843792,-29.51036118851195,1,0.0,0.0,interior
T099,L,102,T001,102,0,mapped,-10.787522257031338,38.25234660082399,-28.862397900339985,1,0.0,0.0,interior
T099,L,103,T001,103,0,mapped,-10.442245179798967,37.596851224952964,-28.250203093795584,1,0.0,0.0,interior
T099,L,104,T001,104,0,mapped,-10.20980482615014,36.867319479832474,-27.556498955970838,1,0.0,0.0,interior
T099,L,105,T001,105,0,mapped,-10.059961584436923,36.157306420291555,-26.948039910101862,1,0.0,0.0,interior
T099,L,106,T001,106,0,mapped,-9.912188843588252,35.47655525434607,-26.347760306759668,1,0.0,0.0,interior
T099,L,107,T001,107,0,mapped,-9.932141857114074,34.67066799582962,-25.56042447397328,1,0.0,0.0,interior
T099,L,108,T001,108,0,mapped,-10.005203323139359,33.999433476709896,-24.929520200712705,1,0.0,0.0,interior
T099,L,109,T001,109,0,mapped,-10.147939822647196,33.30030726392662,-24.22724800642516,1,0.0,0.0,interior
T099,L,110,T001,110,0,mapped,-10.247283555827229,32.70455587267048,-23.694568460541845,1,0.0,0.0,interior
T099,L,111,T001,111,0,mapped,-10.275771433947055,32.00677919403214,-23.168356794146728,1,0.0,0.0,interior
T099,L,112,T001,112,0,mapped,-10.529152930826356,31.331844616081902,-22.545535991606414,1,0.0,0.0,interior
T099,L,113,T001,113,0,mapped,-10.653377886065378,30.51858176161316,-21.961932874042787,1,0.0,0.0,interior
T099,L,114,T001,114,0,mapped,-10.809429338606613,29.831733328069735,-21.405176944566374,1,0.0,0.0,interior
T099,L,115,T001,115,0,mapped,-13.366586317115601,44.511881987783724,-31.49080099928034,1,0.0,0.0,interior
T099,L,116,T001,116,0,mapped,-12.837520259265316,43.75748329320213,-31.52353261081101,1,0.0,0.0,interior
T099,L,117,T001,117,0,mapped,-12.32723465681429,42.76712620625982,-31.47563398006857,1,0.0,0.0,interior
T099,L,118,T001,118,0,mapped,-11.911194488878413,41.666354476699595,-31.194357716379415,1,0.0,0.0,interior
T099,L,119,T001,119,0,mapped,-11.588427791073212,40.77821228241983,-30.763096089470242,1,0.0,0.0,interior
T099,L,120,T001,120,0,mapped,-11.276661669064676,39.97010247698478,-30.24514432595079,1,0.0,0.0,interior
T099,L,121,T001,121,0,mapped,-10.924242796128853,39.196039366346646,-29.678139734473525,1,0.0,0.0,interior
T099,L,122,T001,122,0,mapped,-10.654578952873294,38.52716047107417,-29.072847057785047,1,0.0,0.0,interior
T099,L,123,T001,123,0,mapped,-10.267713180104922,37.831343045761486,-28.507295402276675,1,0.0,0.0,interior
T099,L,124,T001,124,0,mapped,-10.070921934904112,37.137727355427536,-27.86129045102806,1,0.0,0.0,interior
T099,L,125,T001,125,0,mapped,-9.870952537830764,36.29489314954503,-27.21264257942356,1,0.0,0.0,interior
T099,L,126,T001,126,0,mapped,-9.822552812678662,35.62082258147712,-26.59045727621053,1,0.0,0.0,interior
T099,L,127,T001,127,0,mapped,-9.760389386379867,34.82626511527674,-25.852572467989013,1,0.0,0.0,interior
T099,L,128,T001,128,0,mapped,-9.733482934348029,34.134541391473675,-25.275155795540545,1,0.0,0.0,interior
T099,L,129,T001,129,0,mapped,-9.914449092703238,33.49577763276757,-24.599376487878622,1,0.0,0.0,interior
T099,L,130,T001,130,0,mapped,-10.057025971897367,32.80794586386768,-23.96780560936254,1,0.0,0.0,interior
T099,L,131,T001,131,0,mapped,-10.092841061067004,32.09555601976686,-23.398055550315327,1,0.0,0.0,interior
T099,L,132,T001,132,0,mapped,-10.16697417505096,31.478806073787254,-22.835646076505952,1,0.0,0.0,interior
T099,L,133,T001,133,0,mapped,-10.35932191256576,30.763477403624286,-22.224180216939253,1,0.0,0.0,interior
T099,L,134,T001,134,0,mapped,-10.446410959070464,30.00290856485887,-21.65087959849822,1,0.0,0.0,interior
T099,L,135,T001,135,0,mapped,-12.665122512385512,44.26846844154126,-31.247453124106535,1,0.0,0.0,interior
T099,L,136,T001,136,0,mapped,-12.30405173174385,43.20449218114004,-31.396562091977643,1,0.0,0.0,interior
T099,L,137,T001,137,0,mapped,-11.806036593596154,42.125320267949164,-31.21857196726348,1,0.0,0.0,interior
T099,L,138,T001,138,0,mapped,-11.406787503813705,41.165273236844016,-30.862313880836314,1,0.0,0.0,interior
T099,L,139,T001,139,0,mapped,-11.094622776521899,40.360194771910514,-30.401463849082816,1,0.0,0.0,interior
T099,L,140,T001,140,0,mapped,-10.756710791196948,39.50991517371773,-29.8842825898,1,0.0,0.0,interior
T099,L,141,T001,141,0,mapped,-10.458744154202023,38.79527557614015,-29.304079559708455,1,0.0,0.0,interior
T099,L,142,T001,142,0,mapped,-10.118014923622964,38.0539927995017,-28.72378813331602,1,0.0,0.0,interior
T099,L,143,T001,143,0,mapped,-9.871650294852403,37.41608745078794,-28.149657866493577,1,0.0,0.0,interior
T099,L,144,T001,144,0,mapped,-9.741140739328856,36.58188190207635,-27.508892356540038,1,0.0,0.0,interior
T099,L,145,T001,145,0,mapped,-9.60210959596347,35.866960581754256,-26.916233354765822,1,0.0,0.0,interior
T099,L,146,T001,146,0,mapped,-9.587538662125096,35.0468960529745,-26.168462986961597,1,0.0,0.0,interior
T099,L,147,T001,147,0,mapped,-9.524626897375928,34.341115050898665,-25.566349599014615,1,0.0,0.0,interior
T099,L,148,T001,148,0,mapped,-9.654076147469171,33.665322950352405,-24.94890260432112,1,0.0,0.0,interior
T099,L,149,T001,149,0,mapped,-9.772426346688288,32.96985649701039,-24.318427549932792,1,0.0,0.0,interior
T099,L,150,T001,150,0,mapped,-9.845039063367484,32.25300309351976,-23.70202580897201,1,0.0,0.0,interior
T099,L,151,T001,151,0,mapped,-9.957372953098904,31.640844833219923,-23.078710432456706,1,0.0,0.0,interior
T099,L,152,T001,152,0,mapped,-10.122925526380005,30.983381218936728,-22.46923057495169,1,0.0,0.0,interior
T099,L,153,T001,153,0,mapped,-10.116593179771678,30.23445666880913,-21.896136543710533,1,0.0,0.0,interior
T099,L,154,T001,154,0,mapped,-12.117556560788808,43.75248742986989,-31.10926687138453,1,0.0,0.0,interior
T099,L,155,T001,155,0,mapped,-11.85416847828934,42.55363872659086,-31.234792626678882,1,0.0,0.0,interior
T099,L,156,T001,156,0,mapped,-11.339280044109659,41.558968062791166,-30.938655685459537,1,0.0,0.0,interior
T099,L,157,T001,157,0,mapped,-10.992659522248038,40.7445721249686,-30.532111480018248,1,0.0,0.0,interior
T099,L,158,T001,158,0,mapped,-10.663308657966802,39.85380079840018,-30.029904378421463,1,0.0,0.0,interior
T099,L,159,T001,159,0,mapped,-10.35709546497295,39.06805570616267,-29.50812816915564,1,0.0,0.0,interior
T099,L,160,T001,160,0,mapped,-10.015157958258383,38.364805776395656,-28.955610013678417,1,0.0,0.0,interior
T099,L,161,T001,161,0,mapped,-9.662345838777977,37.71664302205325,-28.44335500850607,1,0.0,0.0,interior
T099,L,162,T001,162,0,mapped,-9.549988546691127,36.931695671179845,-27.83799987338069,1,0.0,0.0,interior
T099,L,163,T001,163,0,mapped,-9.417661385278473,36.11192296132891,-27.174819367744195,1,0.0,0.0,interior
T099,L,164,T001,164,0,mapped,-9.345719547541952,35.289119655350135,-26.48780668108195,1,0.0,0.0,interior
T099,L,165,T001,165,0,mapped,-9.309146406776573,34.53578480297974,-25.827540687005694,1,0.0,0.0,interior
T099,L,166,T001,166,0,mapped,-9.312204776363961,33.868922999109444,-25.254895775721533,1,0.0,0.0,interior
T099,L,167,T001,167,0,mapped,-9.455862443897589,33.07778176375071,-24.551187560697056,1,0.0,0.0,interior
T099,L,168,T001,168,0,mapped,-9.597862277881429,32.48262707759639,-24.018694032188428,1,0.0,0.0,interior
T099,L,169,T001,169,0,mapped,-9.6557713672273,31.83468363910822,-23.3797852427094,1,0.0,0.0,interior
T099,L,170,T001,170,0,mapped,-9.820180398576257,31.226712746074806,-22.77175201178974,1,0.0,0.0,interior
T099,L,171,T001,171,0,mapped,-9.90720214474053,30.52008183522986,-22.161082545280763,1,0.0,0.0,interior
T099,L,172,T001,172,0,mapped,-11.761365402697134,43.04930523275466,-31.13561434715697,1,0.0,0.0,interior
T099,L,173,T001,173,0,mapped,-11.266230247426215,42.04776637713255,-30.96005544802582,1,0.0,0.0,interior
T099,L,174,T001,174,0,mapped,-10.84897391367038,41.13709352639259,-30.60236795742823,1,0.0,0.0,interior
T099,L,175,T001,175,0,mapped,-10.541028397724133,40.16996997132826,-30.152961438563473,1,0.0,0.0,interior
T099,L,176,T001,176,0,mapped,-10.204969912413109,39.36187563181818,-29.648042491510843,1,0.0,0.0,interior
T099,L,177,T001,177,0,mapped,-9.874098619696332,38.584312254178286,-29.091551966125543,1,0.0,0.0,interior
T099,L,178,T001,178,0,mapped,-9.569106896279761,37.85815999675333,-28.5593418323117,1,0.0,0.0,interior
T099,L,179,T001,179,0,mapped,-9.398851048085994,37.15594722599159,-28.04055291262558,1,0.0,0.0,interior
T099,L,180,T001,180,0,mapped,-9.178295397345048,36.39294101381886,-27.449721827021698,1,0.0,0.0,interior
T099,L,181,T001,181,0,mapped,-9.023798234663982,35.55372977838186,-26.749032865195467,1,0.0,0.0,interior
T099,L,182,T001,182,0,mapped,-9.107111164589334,34.85153548386458,-26.132654363677645,1,0.0,0.0,interior
T099,L,183,T001,183,0,mapped,-9.059365999162281,34.13978745073005,-25.536529339824227,1,0.0,0.0,interior
T099,L,184,T001,184,0,mapped,-9.194950373421463,33.30727339289447,-24.837231242747603,1,0.0,0.0,interior
T099,L,185,T001,185,0,mapped,-9.333451627432389,32.70781673309427,-24.265594013371484,1,0.0,0.0,interior
T099,L,186,T001,186,0,mapped,-9.334781672266843,32.04876331998307,-23.672201723548724,1,0.0,0.0,interior
T099,L,187,T001,187,0,mapped,-9.506170020066943,31.33496033398199,-22.957780865142414,1,0.0,0.0,interior
T099,L,188,T001,188,0,mapped,-9.687564379054493,30.801445673248217,-22.44829477934355,1,0.0,0.0,interior
T099,L,189,T001,189,0,mapped,-11.28401750431494,42.460973775197445,-30.95344931956847,1,0.0,0.0,interior
T099,L,190,T001,190,0,mapped,-10.733765250997672,41.43243204815212,-30.61750241277616,1,0.0,0.0,interior
T099,L,191,T001,191,0,mapped,-10.525130991344014,40.55052764817115,-30.277577044968368,1,0.0,0.0,interior
T099,L,192,T001,192,0,mapped,-10.103495251540693,39.68679307137522,-29.779955598517034,1,0.0,0.0,interior
T099,L,193,T001,193,0,mapped,-9.749275493432778,38.93451870129401,-29.263745905728477,1,0.0,0.0,interior
T099,L,194,T001,194,0,mapped,-9.434873629097375,38.11793294920976,-28.71834723788576,1,0.0,0.0,interior
T099,L,195,T001,195,0,mapped,-9.20071716083139,37.345779293216125,-28.187734018959063,1,0.0,0.0,interior
T099,L,196,T001,196,0,mapped,-8.974321784442441,36.562859649185796,-27.586614711047716,1,0.0,0.0,interior
T099,L,197,T001,197,0,mapped,-8.882420991715765,36.002986663048375,-27.100486352216887,1,0.0,0.0,interior
T099,L,198,T001,198,0,mapped,-8.806136064786362,35.17639648667306,-26.445353664161427,1,0.0,0.0,interior
T099,L,199,T001,199,0,mapped,-8.789901128944111,34.408287201725514,-25.83656007360901,1,0.0,0.0,interior
T099,L,200,T001,200,0,mapped,-8.741936063824308,33.58664579935885,-25.151997835452846,1,0.0,0.0,interior
T099,L,201,T001,201,0,mapped,-9.00078718414038,32.95499561591599,-24.538746583601807,1,0.0,0.0,interior
T099,L,202,T001,202,0,mapped,-9.047387949711553,32.266964596208076,-23.92839082595114,1,0.0,0.0,interior
T099,L,203,T001,203,0,mapped,-9.233658840407417,31.538768699569605,-23.207554497100947,1,0.0,0.0,interior
T099,L,204,T001,204,0,mapped,-9.357604205513876,31.020000438674856,-22.697253497937204,1,0.0,0.0,interior
T099,L,205,T001,205,0,mapped,-10.815204658046166,41.876594973662876,-30.691946521423155,1,0.0,0.0,interior
T099,L,206,T001,206,0,mapped,-10.343487965963494,40.95229569485346,-30.317758578285453,1,0.0,0.0,interior
T099,L,207,T001,207,0,mapped,-9.990954702388823,40.12481413598566,-29.912009438545716,1,0.0,0.0,interior
T099,L,208,T001,208,0,mapped,-9.673478019201557,39.211542321753754,-29.382310389038857,1,0.0,0.0,interior
T099,L,209,T001,209,0,mapped,-9.338301135569008,38.385172850125386,-28.870589149039926,1,0.0,0.0,interior
T099,L,210,T001,210,0,mapped,-9.033792601682368,37.64898747933041,-28.352433555059186,1,0.0,0.0,interior
T099,L,211,T001,211,0,mapped,-8.810427948467428,36.89368418248448,-27.778709647959865,1,0.0,0.0,interior
T099,L,212,T001,212,0,mapped,-8.620541758615726,36.141758260937266,-27.19866922845373,1,0.0,0.0,interior
T099,L,213,T001,213,0,mapped,-8.591518064244363,35.34804482435311,-26.591929136564282,1,0.0,0.0,interior
T099,L,214,T001,214,0,mapped,-8.580236176132642,34.594166968376996,-25.998435909399387,1,0.0,0.0,interior
T099,L,215,T001,215,0,mapped,-8.56120625309186,33.89811398692025,-25.388954529263376,1,0.0,0.0,interior
T099,L,216,T001,216,0,mapped,-8.683119209483152,33.23562307625262,-24.80825778598351,1,0.0,0.0,interior
T099,L,217,T001,217,0,mapped,-8.817566777855825,32.47544939092466,-24.137122435720762,1,0.0,0.0,interior
T099,L,218,T001,218,0,mapped,-8.856858851087754,31.83070455805099,-23.546555032712305,1,0.0,0.0,interior
T099,L,219,T001,219,0,mapped,-9.02960068841369,31.245494335534328,-22.94869240738173,1,0.0,0.0,interior
T099,L,220,T001,220,0,mapped,-10.348211061489298,41.37897536849011,-30.36178846734834,1,0.0,0.0,interior
T099,L,221,T001,221,0,mapped,-9.969971156178234,40.43788936269731,-29.990450595221894,1,0.0,0.0,interior
T099,L,222,T001,222,0,mapped,-9.606906179335262,39.62822132803376,-29.55911671953829,1,0.0,0.0,interior
T099,L,223,T001,223,0,mapped,-9.212761662234545,38.703920649887635,-29.01511048621441,1,0.0,0.0,interior
T099,L,224,T001,224,0,mapped,-8.894993593614984,38.01365291697009,-28.554377517652277,1,0.0,0.0,interior
T099,L,225,T001,225,0,mapped,-8.65642811550649,37.13353160101442,-27.914158163945665,1,0.0,0.0,interior
T099,L,226,T001,226,0,mapped,-8.428584854621931,36.363476870951246,-27.320790274640935,1,0.0,0.0,interior
T099,L,227,T001,227,0,mapped,-8.273454859652105,35.61800450287683,-26.781587049530827,1,0.0,0.0,interior
T099,L,228,T001,228,0,mapped,-8.243715404740376,34.94551219367806,-26.238064124325497,1,0.0,0.0,interior
T099,L,229,T001,229,0,mapped,-8.277988535514123,34.207070090119544,-25.654886844352276,1,0.0,0.0,interior
T099,L,230,T001,230,0,mapped,-8.358903546572737,33.43689877747059,-25.01261765524241,1,0.0,0.0,interior
T099,L,231,T001,231,0,mapped,-8.446513904786018,32.79897268243612,-24.459317775740413,1,0.0,0.0,interior
T099,L,232,T001,232,0,mapped,-8.497538974402396,32.06981860977606,-23.809303248268264,1,0.0,0.0,interior
T099,L,233,T001,233,0,mapped,-8.690059530081921,31.465296550155244,-23.19205593674974,1,0.0,0.0,interior
T099,L,234,T001,234,0,mapped,-9.919780777086913,40.782511656739516,-30.061990852587662,1,0.0,0.0,interior
T099,L,235,T001,235,0,mapped,-9.51124870698899,39.9865181053938,-29.6446333116513,1,0.0,0.0,interior
T099,L,236,T001,236,0,mapped,-9.027477237700635,39.182189446118386,-29.15138415183815,1,0.0,0.0,interior
T099,L,237,T001,237,0,mapped,-8.771435881315405,38.252397475356176,-28.645563457393166,1,0.0,0.0,interior
T099,L,238,T001,238,0,mapped,-8.543449672411107,37.49291016470226,-28.094283337034753,1,0.0,0.0,interior
T099,L,239,T001,239,0,mapped,-8.225829812836114,36.70232428231178,-27.530048636632323,1,0.0,0.0,interior
T099,L,240,T001,240,0,mapped,-8.035996132202827,35.87980192684571,-26.904451874814164,1,0.0,0.0,interior
T099,L,241,T001,241,0,mapped,-7.979682429926575,35.10968488719578,-26.314559167187113,1,0.0,0.0,interior
T099,L,242,T001,242,0,mapped,-7.947215102837858,34.339983579970614,-25.722283752668098,1,0.0,0.0,interior
T099,L,243,T001,243,0,mapped,-8.0202444647781,33.70958993810145,-25.231593716555306,1,0.0,0.0,interior
T099,L,244,T001,244,0,mapped,-8.208805600533099,33.09152671216403,-24.71096527790658,1,0.0,0.0,interior
T099,L,245,T001,245,0,mapped,-8.270708300311714,32.24032993805387,-23.953437574194783,1,0.0,0.0,interior
T099,L,246,T001,246,0,mapped,-8.328720203458213,31.651297594447108,-23.396086093196224,1,0.0,0.0,interior
T099,L,247,T001,247,0,mapped,-9.43327395226858,40.380051298312615,-29.69628620431262,1,0.0,0.0,interior
T099,L,248,T001,248,0,mapped,-8.974376503006436,39.55103424096177,-29.233642622664135,1,0.0,0.0,interior
T099,L,249,T001,249,0,mapped,-8.709950165046646,38.630501176960394,-28.773787539775462,1,0.0,0.0,interior
T099,L,250,T001,250,0,mapped,-8.424410113700946,37.849748084444585,-28.24393642620396,1,0.0,0.0,interior
T099,L,251,T001,251,0,mapped,-8.043436479873751,37.06565991911609,-27.686307576531632,1,0.0,0.0,interior
T099,L,252,T001,252,0,mapped,-7.839763565724475,36.24984003105021,-27.083987406770483,1,0.0,0.0,interior
T099,L,253,T001,253,0,mapped,-7.716986512053034,35.4304848986867,-26.49313371531487,1,0.0,0.0,interior
T099,L,254,T001,254,0,mapped,-7.7250841720243235,34.73415738070794,-25.965869876863373,1,0.0,0.0,interior
T099,L,255,T001,255,0,mapped,-7.751491993273447,33.98495826296314,-25.38994788645021,1,0.0,0.0,interior
T099,L,256,T001,256,0,mapped,-7.82844322706158,33.21789733624233,-24.77355014490574,1,0.0,0.0,interior
T099,L,257,T001,257,0,mapped,-7.887613814660394,32.58271569653023,-24.26022127641972,1,0.0,0.0,interior
T099,L,258,T001,258,0,mapped,-7.971153480656555,31.853022121098725,-23.607005575155597,1,0.0,0.0,interior
T099,L,259,T001,259,0,mapped,-8.892514360329248,40.01464510686696,-29.30407948992559,1,0.0,0.0,interior
T099,L,260,T001,260,0,mapped,-8.564373423744808,39.03781006691947,-28.847865119142227,1,0.0,0.0,interior
T099,L,261,T001,261,0,mapped,-8.320506892351046,38.192271573611585,-28.375887916505242,1,0.0,0.0,interior
T099,L,262,T001,262,0,mapped,-8.013270125586777,37.3776187548789,-27.827668777087794,1,0.0,0.0,interior
T099,L,263,T001,263,0,mapped,-7.721137878009455,36.62426576497857,-27.253829014970137,1,0.0,0.0,interior
T099,L,264,T001,264,0,mapped,-7.571908311688564,35.8154585755495,-26.68655033048455,1,0.0,0.0,interior
T099,L,265,T001,265,0,mapped,-7.40074619568729,35.039325889031005,-26.080527216986766,1,0.0,0.0,interior
T099,L,266,T001,266,0,mapped,-7.472681161379243,34.18451178565341,-25.49507983123217,1,0.0,0.0,interior
T099,L,267,T001,267,0,mapped,-7.525639534924908,33.50077442246983,-24.937768776332398,1,0.0,0.0,interior
T099,L,268,T001,268,0,mapped,-7.600733080707841,32.845186638507414,-24.44803709024831,1,0.0,0.0,interior
T099,L,269,T001,269,0,mapped,-7.62544920234583,32.08053439320254,-23.799309216270082,1,0.0,0.0,interior
T099,L,270,T001,270,0,mapped,-8.480630505394082,39.52361845688314,-28.929960710795065,1,0.0,0.0,interior
T099,L,271,T001,271,0,mapped,-8.227227199985148,38.58322155623829,-28.48289286575474,1,0.0,0.0,interior
T099,L,272,T001,272,0,mapped,-7.930657867530307,37.68753893931292,-27.930533937497096,1,0.0,0.0,interior
T099,L,273,T001,273,0,mapped,-7.564412403324598,37.04336264279394,-27.40716193130128,1,0.0,0.0,interior
T099,L,274,T001,274,0,mapped,-7.3775322803176575,36.14501883802154,-26.7969237020967,1,0.0,0.0,interior
T099,L,275,T001,275,0,mapped,-7.241947260462161,35.37526593387109,-26.22980689188966,1,0.0,0.0,interior
T099,L,276,T001,276,0,mapped,-7.196403951429853,34.544102319135334,-25.650492768634674,1,0.0,0.0,interior
T099,L,277,T001,277,0,mapped,-7.175675564743101,33.81966927368397,-25.123066765708717,1,0.0,0.0,interior
T099,L,278,T001,278,0,mapped,-7.272077829814927,33.06630169306929,-24.56197153542532,1,0.0,0.0,interior
T099,L,279,T001,279,0,mapped,-7.299144613386967,32.33054552071469,-23.924025980561023,1,0.0,0.0,interior
T099,L,280,T001,280,0,mapped,-8.059907836578805,39.063277411345865,-28.507847924771053,1,0.0,0.0,interior
T099,L,281,T001,281,0,mapped,-7.920225965912949,38.12139871505853,-28.11730532608222,1,0.0,0.0,interior
T099,L,282,T001,282,0,mapped,-7.501628345208088,37.423658179178986,-27.553981254844526,1,0.0,0.0,interior
T099,L,283,T001,283,0,mapped,-7.2311056735057475,36.59938799883396,-26.99185319428593,1,0.0,0.0,interior
T099,L,284,T001,284,0,mapped,-6.974722301732221,35.8832707919458,-26.380022234042734,1,0.0,0.0,interior
T099,L,285,T001,285,0,mapped,-6.865044540683598,34.97308704703425,-25.78181325263442,1,0.0,0.0,interior
T099,L,286,T001,286,0,mapped,-6.901807909461045,34.1262042037651,-25.24190324802983,1,0.0,0.0,interior
T099,L,287,T001,287,0,mapped,-6.947325372841985,33.31697203487511,-24.67649643858413,1,0.0,0.0,interior
T099,L,288,T001,288,0,mapped,-7.114681271064098,32.62298524122457,-24.1626052683781,1,0.0,0.0,interior
T099,L,289,T001,289,0,mapped,-7.765408485762494,38.50582951135179,-28.132840207176983,1,0.0,0.0,interior
T099,L,290,T001,290,0,mapped,-7.511763593797826,37.73711599989909,-27.68902743956787,1,0.0,0.0,interior
T099,L,291,T001,291,0,mapped,-7.120370694921216,37.07255712592185,-27.091841488699988,1,0.0,0.0,interior
T099,L,292,T001,292,0,mapped,-6.872284675457456,36.168128172204284,-26.438028391079015,1,0.0,0.0,interior
T099,L,293,T001,293,0,mapped,-6.689081434395042,35.37929678025749,-25.875280526895054,1,0.0,0.0,interior
T099,L,294,T001,294,0,mapped,-6.670209017414436,34.49893292044783,-25.362135086736977,1,0.0,0.0,interior
T099,L,295,T001,295,0,mapped,-6.619020136791806,33.596681057605146,-24.763253689175123,1,0.0,0.0,interior
T099,L,296,T001,296,0,mapped,-6.828424909754297,32.93840146408729,-24.33053578537855,1,0.0,0.0,interior
T099,L,297,T001,297,0,mapped,-7.421771765094742,37.98200998242707,-27.727869163983065,1,0.0,0.0,interior
T099,L,298,T001,298,0,mapped,-7.028012641614187,37.43465085543362,-27.14977571729315,1,0.0,0.0,interior
T099,L,299,T001,299,0,mapped,-6.780783761594789,36.585027977515175,-26.528153328407484,1,0.0,0.0,interior
T099,L,300,T001,300,0,mapped,-6.522927537959388,35.73335073790939,-25.894869020064633,1,0.0,0.0,interior
T099,L,301,T001,301,0,mapped,-6.449801438135655,34.90401813809647,-25.438597043682925,1,0.0,0.0,interior
T099,L,302,T001,302,0,mapped,-6.358201692840403,34.02469073869785,-24.895380534961706,1,0.0,0.0,interior
T099,L,303,T001,303,0,mapped,-6.436105503218744,33.18688137895554,-24.389509029872062,1,0.0,0.0,interior
T099,L,304,T001,304,0,mapped,-6.922158503755196,37.81807670553977,-27.167482652464102,1,0.0,0.0,interior
T099,L,305,T001,305,0,mapped,-6.676453129151299,37.03389514591931,-26.572012998212493,1,0.0,0.0,interior
T099,L,306,T001,306,0,mapped,-6.465350107592352,36.14792671653584,-26.01762270891837,1,0.0,0.0,interior
T099,L,307,T001,307,0,mapped,-6.315069209338488,35.271287936257636,-25.490587703996205,1,0.0,0.0,interior
T099,L,308,T001,308,0,mapped,-6.186966779575001,34.50787350804688,-25.030182446512537,1,0.0,0.0,interior
T099,L,309,T001,309,0,mapped,-6.097086806933854,33.50423250837998,-24.442681563340496,1,0.0,0.0,interior
T099,L,310,T001,310,0,mapped,-6.628481194319199,37.41933547594422,-26.616055588320513,1,0.0,0.0,interior
T099,L,311,T001,311,0,mapped,-6.350081440010395,36.6047431986706,-25.997411729340715,1,0.0,0.0,interior
T099,L,312,T001,312,0,mapped,-6.185047900939913,35.73641339132145,-25.517169967408268,1,0.0,0.0,interior
T099,L,313,T001,313,0,mapped,-6.013654239897929,34.869470088969415,-25.007552259716793,1,0.0,0.0,interior
T099,L,314,T001,314,0,mapped,-5.866368237407914,33.91513135350442,-24.483068220306272,1,0.0,0.0,interior
T099,L,315,T001,315,0,mapped,-6.323009988521031,37.049080242297926,-26.03710837918151,1,0.0,0.0,interior
T099,L,316,T001,316,0,mapped,-6.085610270642151,36.13803055678992,-25.45781411823262,1,0.0,0.0,interior
T099,L,317,T001,317,0,mapped,-5.933381534179319,35.26615175838178,-25.058032279661347,1,0.0,0.0,interior
T099,L,318,T001,318,0,mapped,-5.642536307628145,34.32976393981191,-24.522594119011814,1,0.0,0.0,interior
T099,L,319,T001,319,0,mapped,-6.036479085312681,36.67683354102665,-25.455797706293453,1,0.0,0.0,interior
T099,L,320,T001,320,0,mapped,-5.830021405698218,35.67982243311752,-25.063489326112155,1,0.0,0.0,interior
T099,L,321,T001,321,0,mapped,-5.536999083628494,34.75422070136454,-24.600348388188387,1,0.0,0.0,interior
T099,L,322,T001,322,0,mapped,-5.657906850821571,36.25101762365185,-24.97524923524186,1,0.0,0.0,interior
T099,L,323,T001,323,0,mapped,-5.406749527532381,35.19615802215072,-24.653970782463123,1,0.0,0.0,interior
T099,L,324,T001,324,0,mapped,-5.24898472437659,35.63941349592037,-24.695239417366267,1,0.0,0.0,landmark
T099,L,325,T002,25,0,mapped,-16.234168308192224,45.40034089320763,-32.330951461724155,1,0.0,0.0,interior
T099,L,326,T002,26,0,mapped,-15.39601510813613,44.719482248507006,-32.28260530634381,1,0.0,0.0,interior
T099,L,327,T002,27,0,mapped,-14.811278516479891,43.85547620852735,-32.270175339153695,1,0.0,0.0,interior
T099,L,328,T002,28,0,mapped,-14.263787949845916,42.93823999937223,-32.112833257342274,1,0.0,0.0,interior
T099,L,329,T002,29,0,mapped,-13.85272676472495,42.07795067356177,-31.81827137083973,1,0.0,0.0,interior
T099,L,330,T002,30,0,mapped,-13.515795047656175,41.31299937152406,-31.456837266032334,1,0.0,0.0,interior
T099,L,331,T002,31,0,mapped,-13.158641361426357,40.71085060900461,-30.833288085384375,1,0.0,0.0,interior
T099,L,332,T002,32,0,mapped,-12.683115554439073,40.31500098972602,-29.973910098816816,1,0.0,0.0,interior
T099,L,333,T002,33,0,mapped,-12.193530977095838,39.89661135707252,-29.338610662251448,1,0.0,0.0,interior
T099,L,334,T002,34,0,mapped,-11.813988180134523,39.33876895171938,-28.67491429862715,1,0.0,0.0,interior
T099,L,335,T002,35,0,mapped,-11.487696609914254,38.748188790702876,-28.136743904467036,1,0.0,0.0,interior
T099,L,336,T002,36,0,mapped,-11.10373235556837,38.09425851674196,-27.46235113636982,1,0.0,0.0,interior
T099,L,337,T002,37,0,mapped,-10.843150424613498,37.57805992464616,-26.802883844392817,1,0.0,0.0,interior
T099,L,338,T002,38,0,mapped,-10.602683521844146,36.74514920265789,-25.982477808315096,1,0.0,0.0,interior
T099,L,339,T002,39,0,mapped,-10.467056287390667,36.20297058507838,-25.186171555961266,1,0.0,0.0,interior
T099,L,340,T002,40,0,mapped,-10.371784757327902,35.485256044758046,-24.538143610658253,1,0.0,0.0,interior
T099,L,341,T002,41,0,mapped,-10.252958415389246,34.840217551062835,-23.761691248735396,1,0.0,0.0,interior
T099,L,342,T002,42,0,mapped,-10.183109453447782,34.21765592353492,-22.96630677648405,1,0.0,0.0,interior
T099,L,343,T002,43,0,mapped,-10.348069335679423,33.42195307686263,-22.39531372861393,1,0.0,0.0,interior
T099,L,344,T002,44,0,mapped,-10.68342216595669,32.625220497122044,-21.983364278260268,1,0.0,0.0,interior
T099,L,345,T002,45,0,mapped,-11.031804259075948,31.906603657134063,-21.406256698531937,1,0.0,0.0,interior
T099,L,346,T002,46,0,mapped,-11.537981152475497,31.270002855419357,-20.905578197352703,1,0.0,0.0,interior
T099,L,347,T002,47,0,mapped,-11.962995787519528,30.533360782553167,-20.565294881439137,1,0.0,0.0,interior
T099,L,348,T002,48,0,mapped,-12.284453540379996,29.677072596520482,-20.28947133951265,2,8.881784197001252e-16,4.440892098500626e-16,shared_edge
T099,L,349,T002,49,0,mapped,-15.64742209212751,44.45628828236302,-32.46168863603309,1,0.0,0.0,interior
T099,L,350,T002,50,0,mapped,-14.980717784477907,43.57750374042087,-32.35178138827749,1,0.0,0.0,interior
T099,L,351,T002,51,0,mapped,-14.535102741512112,42.72543595732127,-32.161851369452236,1,0.0,0.0,interior
T099,L,352,T002,52,0,mapped,-14.145778807223575,41.97290722364542,-31.757949357467528,1,0.0,0.0,interior
T099,L,353,T002,53,0,mapped,-13.758944573031085,41.205957628843635,-31.362961802872185,1,0.0,0.0,interior
T099,L,354,T002,54,0,mapped,-13.326540714691225,40.71937473916248,-30.635025826921684,1,0.0,0.0,interior
T099,L,355,T002,55,0,mapped,-12.848412590897965,40.54078649277993,-29.72745400195943,1,0.0,0.0,interior
T099,L,356,T002,56,0,mapped,-12.28895011800932,40.150255907444205,-29.177027539079955,1,0.0,0.0,interior
T099,L,357,T002,57,0,mapped,-11.892701616011678,39.69771446736627,-28.427744826039522,1,0.0,0.0,interior
T099,L,358,T002,58,0,mapped,-11.556438015339053,39.192550253533895,-27.860507614605403,1,0.0,0.0,interior
T099,L,359,T002,59,0,mapped,-11.166612306644975,38.71363786771732,-27.193143838349002,1,0.0,0.0,interior
T099,L,360,T002,60,0,mapped,-10.892177521523507,38.10100642859479,-26.714104152608957,1,0.0,0.0,interior
T099,L,361,T002,61,0,mapped,-10.586216540257281,37.30267088385563,-25.89624653339593,1,0.0,0.0,interior
T099,L,362,T002,62,0,mapped,-10.336393828904715,36.67526351992713,-25.08434150203236,1,0.0,0.0,interior
T099,L,363,T002,63,0,mapped,-10.128002784120383,36.06760905103395,-24.314855968824986,1,0.0,0.0,interior
T099,L,364,T002,64,0,mapped,-9.937891369019134,35.35891845569237,-23.530428584097077,1,0.0,0.0,interior
T099,L,365,T002,65,0,mapped,-9.866929923378947,34.535432799546186,-22.77293959589824,1,0.0,0.0,interior
T099,L,366,T002,66,0,mapped,-10.003142847822454,33.705285153669664,-22.067840131757002,1,0.0,0.0,interior
T099,L,367,T002,67,0,mapped,-10.310258542108265,32.991847586267994,-21.57250521427058,1,0.0,0.0,interior
T099,L,368,T002,68,0,mapped,-10.708898742035124,32.29885182723162,-21.171971209849342,1,0.0,0.0,interior
T099,L,369,T002,69,0,mapped,-11.232717790789088,31.725296561996018,-20.639531019996745,1,0.0,0.0,interior
T099,L,370,T002,70,0,mapped,-11.79166864379625,31.057240394549673,-20.167056420957607,1,0.0,0.0,interior
T099,L,371,T002,71,0,mapped,-12.275610553149141,30.28523192146618,-19.894593337706166,2,2.808666774861361e-15,1.4043333874306805e-15,shared_edge
T099,L,372,T002,72,0,mapped,-15.177674363709258,43.42030222721027,-32.39483349546935,1,0.0,0.0,interior
T099,L,373,T002,73,0,mapped,-14.74309644892868,42.50921644888925,-32.14167103297826,1,0.0,0.0,interior
T099,L,374,T002,74,0,mapped,-14.365041309054243,41.71173974408584,-31.698065105692976,1,0.0,0.0,interior
T099,L,375,T002,75,0,mapped,-13.999572082662738,41.118065440170994,-31.153876515786592,1,0.0,0.0,interior
T099,L,376,T002,76,0,mapped,-13.45663510621911,40.79491390032514,-30.47283387091628,1,0.0,0.0,interior
T099,L,377,T002,77,0,mapped,-13.006896866940034,40.81331508850154,-29.67276936524336,1,0.0,0.0,interior
T099,L,378,T002,78,0,mapped,-12.402604391175093,40.47293076360481,-28.995105116872182,1,0.0,0.0,interior
T099,L,379,T002,79,0,mapped,-11.989634326821255,40.157761210209024,-28.222729388376735,1,0.0,0.0,interior
T099,L,380,T002,80,0,mapped,-11.578672954183892,39.722556753839996,-27.559345210515175,1,0.0,0.0,interior
T099,L,381,T002,81,0,mapped,-11.18097129118334,39.25172076265536,-26.97496485226928,1,0.0,0.0,interior
T099,L,382,T002,82,0,mapped,-10.810594473237284,38.60109533659842,-26.448333961159463,1,0.0,0.0,interior
T099,L,383,T002,83,0,mapped,-10.416801697074796,37.85085201075519,-25.67783493527186,1,0.0,0.0,interior
T099,L,384,T002,84,0,mapped,-10.065904516118252,37.32296534485095,-24.839724224395386,1,0.0,0.0,interior
T099,L,385,T002,85,0,mapped,-9.83371298949762,36.62591921719416,-24.070959985351173,1,0.0,0.0,interior
T099,L,386,T002,86,0,mapped,-9.641808821819337,35.83031503642463,-23.365772185222195,1,0.0,0.0,interior
T099,L,387,T002,87,0,mapped,-9.499617889323455,35.002422773388695,-22.565154033036983,1,0.0,0.0,interior
T099,L,388,T002,88,0,mapped,-9.567052789184125,34.14150055471547,-21.850967880638894,1,0.0,0.0,interior
T099,L,389,T002,89,0,mapped,-9.853554418242043,33.29136717425949,-21.186805927225162,1,0.0,0.0,interior
T099,L,390,T002,90,0,mapped,-10.224079296028382,32.64342201908558,-20.64287690837442,1,0.0,0.0,interior
T099,L,391,T002,91,0,mapped,-10.736993616938307,32.034975268896105,-20.284759096384285,1,0.0,0.0,interior
T099,L,392,T002,92,0,mapped,-11.38101140389679,31.446884446759952,-19.774085586451257,1,0.0,0.0,interior
T099,L,393,T002,93,0,mapped,-12.109324876197139,30.90517800488386,-19.54840620606179,2,6.705600017716362e-15,3.352800008858181e-15,shared_edge
T099,L,394,T002,94,0,mapped,-15.000469242284721,42.32871025145734,-32.05592153517263,1,0.0,0.0,interior
T099,L,395,T002,95,0,mapped,-14.582003014014456,41.54765571040849,-31.65183250749412,1,0.0,0.0,interior
T099,L,396,T002,96,0,mapped,-14.175497459670328,41.20878502650833,-30.948785462165652,1,0.0,0.0,interior
T099,L,397,T002,97,0,mapped,-13.623413486222276,41.005772976298644,-30.24691181086053,1,0.0,0.0,interior
T099,L,398,T002,98,0,mapped,-13.035295468867506,41.06816690264849,-29.505534744475202,1,0.0,0.0,interior
T099,L,399,T002,99,0,mapped,-12.456912567474564,40.894297815814056,-28.744353368748758,1,0.0,0.0,interior
T099,L,400,T002,100,0,mapped,-12.031948193959378,40.552730835435085,-28.00640683261254,1,0.0,0.0,interior
T099,L,401,T002,101,0,mapped,-11.573709192670654,40.174907020411325,-27.258527598270565,1,0.0,0.0,interior
T099,L,402,T002,102,0,mapped,-11.199736077227968,39.75080576198585,-26.65100691447716,1,0.0,0.0,interior
T099,L,403,T002,103,0,mapped,-10.777940500416744,39.13616195176857,-26.156085452502126,1,0.0,0.0,interior
T099,L,404,T002,104,0,mapped,-10.333975085718818,38.42041632475985,-25.418647486839234,1,0.0,0.0,interior
T099,L,405,T002,105,0,mapped,-10.050220562870697,37.8923139030564,-24.806906093913273,1,0.0,0.0,interior
T099,L,406,T002,106,0,mapped,-9.633423090297681,37.152627480026226,-23.843188715762768,1,0.0,0.0,interior
T099,L,407,T002,107,0,mapped,-9.346814470547425,36.392924882294686,-23.06628409561032,1,0.0,0.0,interior
T099,L,408,T002,108,0,mapped,-9.214061191864918,35.52895749137281,-22.394680881188926,1,0.0,0.0,interior
T099,L,409,T002,109,0,mapped,-9.15499842552236,34.62561611850345,-21.580469674678213,1,0.0,0.0,interior
T099,L,410,T002,110,0,mapped,-9.42675933951227,33.639079761475855,-20.905554185407205,1,0.0,0.0,interior
T099,L,411,T002,111,0,mapped,-9.833774958832695,32.78591797244716,-20.312984410821908,1,0.0,0.0,interior
T099,L,412,T002,112,0,mapped,-10.310831419793576,32.20537904417296,-19.817339284497706,1,0.0,0.0,interior
T099,L,413,T002,113,0,mapped,-10.859816970698201,31.69594548747915,-19.342422767816007,1,0.0,0.0,interior
T099,L,414,T002,114,0,mapped,-11.568501299262483,31.22797217571079,-19.12705167103937,2,7.160723346098895e-15,3.580361673049448e-15,shared_edge
T099,L,415,T002,115,0,mapped,-14.815158258579773,41.4673310197626,-31.461867119335157,1,0.0,0.0,interior
T099,L,416,T002,116,0,mapped,-14.247385772613484,41.33361842526716,-30.69330174539082,1,0.0,0.0,interior
T099,L,417,T002,117,0,mapped,-13.741178666815381,41.33640079432087,-30.038166089634906,1,0.0,0.0,interior
T099,L,418,T002,118,0,mapped,-13.11117726567992,41.31372672267878,-29.3000469588926,1,0.0,0.0,interior
T099,L,419,T002,119,0,mapped,-12.577133932767552,41.279843304523155,-28.584527831829064,1,0.0,0.0,interior
T099,L,420,T002,120,0,mapped,-12.121625653494535,41.0384322240304,-27.746827793415086,1,0.0,0.0,interior
T099,L,421,T002,121,0,mapped,-11.753143468744359,40.66137944709439,-27.01710828313195,1,0.0,0.0,interior
T099,L,422,T002,122,0,mapped,-11.362244717541156,40.239368872411276,-26.334355563252203,1,0.0,0.0,interior
T099,L,423,T002,123,0,mapped,-10.83725730942287,39.72167488328617,-25.698444114010414,1,0.0,0.0,interior
T099,L,424,T002,124,0,mapped,-10.417747737163314,39.15157088464252,-24.99192600956664,1,0.0,0.0,interior
T099,L,425,T002,125,0,mapped,-10.011049889503916,38.57283800701481,-24.2497956453968,1,0.0,0.0,interior
T099,L,426,T002,126,0,mapped,-9.617245471372042,37.80929266156829,-23.55283403533544,1,0.0,0.0,interior
T099,L,427,T002,127,0,mapped,-9.214699556906373,36.95223506846467,-22.80729223187514,1,0.0,0.0,interior
T099,L,428,T002,128,0,mapped,-8.95182895920086,36.116500016163606,-22.02767032513578,1,0.0,0.0,interior
T099,L,429,T002,129,0,mapped,-8.759057674173736,35.16325343514869,-21.238080437291543,1,0.0,0.0,interior
T099,L,430,T002,130,0,mapped,-8.847042737837045,34.042726673198125,-20.681949640088952,1,0.0,0.0,interior
T099,L,431,T002,131,0,mapped,-9.284357460858514,32.9673931993972,-20.064074580836618,1,0.0,0.0,interior
T099,L,432,T002,132,0,mapped,-9.860954507126038,32.30871987995683,-19.5291640233566,1,0.0,0.0,interior
T099,L,433,T002,133,0,mapped,-10.40630650905819,31.789198640763125,-18.96569118669248,1,0.0,0.0,interior
T099,L,434,T002,134,0,mapped,-11.067497125508906,31.356713383836542,-18.57895058717615,2,6.993523870246153e-15,3.496761935123077e-15,shared_edge
T099,L,435,T002,135,0,mapped,-14.32835527309448,41.57177749519564,-30.46948608532916,1,0.0,0.0,interior
T099,L,436,T002,136,0,mapped,-13.789116392442804,41.66716916764439,-29.784714342497395,1,0.0,0.0,interior
T099,L,437,T002,137,0,mapped,-13.187611423529654,41.717873812032856,-29.130854784190685,1,0.0,0.0,interior
T099,L,438,T002,138,0,mapped,-12.736851453882055,41.63427749598455,-28.324901374791583,1,0.0,0.0,interior
T099,L,439,T002,139,0,mapped,-12.262076030031924,41.32098312068351,-27.573833532871827,1,0.0,0.0,interior
T099,L,440,T002,140,0,mapped,-11.973750167012877,40.99665557675834,-26.831505388376723,1,0.0,0.0,interior
T099,L,441,T002,141,0,mapped,-11.569725198717787,40.61949812314974,-26.065129774763346,1,0.0,0.0,interior
T099,L,442,T002,142,0,mapped,-11.080564681374451,40.17023161946513,-25.43428018553118,1,0.0,0.0,interior
T099,L,443,T002,143,0,mapped,-10.735377815056122,39.78681374388903,-24.66319437339696,1,0.0,0.0,interior
T099,L,444,T002,144,0,mapped,-10.19031505683629,39.124690688940476,-23.774916196579166,1,0.0,0.0,interior
T099,L,445,T002,145,0,mapped,-9.706458529706246,38.56547553379468,-23.077489358531093,1,0.0,0.0,interior
T099,L,446,T002,146,0,mapped,-9.23427527734836,37.78058326102695,-22.289792695687378,1,0.0,0.0,interior
T099,L,447,T002,147,0,mapped,-8.934635614204176,36.834438324255075,-21.60346773806159,1,0.0,0.0,interior
T099,L,448,T002,148,0,mapped,-8.62875784573378,35.66316777505033,-20.901877782447464,1,0.0,0.0,interior
T099,L,449,T002,149,0,mapped,-8.458380041684194,34.46477048178491,-20.15511713472506,1,0.0,0.0,interior
T099,L,450,T002,150,0,mapped,-8.637335842318162,33.2169542078122,-19.6424335894042,1,0.0,0.0,interior
T099,L,451,T002,151,0,mapped,-9.289638811757339,32.39877884991151,-19.173544829885095,1,0.0,0.0,interior
T099,L,452,T002,152,0,mapped,-9.845570700428748,31.82597082563356,-18.550902028222804,1,0.0,0.0,interior
T099,L,453,T002,153,0,mapped,-10.527298458772549,31.38361362297475,-18.03891465459367,2,5.347542221830668e-15,2.673771110915334e-15,shared_edge
T099,L,454,T002,154,0,mapped,-13.872380624050496,42.033861687847256,-29.583703708871774,1,0.0,0.0,interior
T099,L,455,T002,155,0,mapped,-13.249958036580598,42.02947473167002,-28.889333084889337,1,0.0,0.0,interior
T099,L,456,T002,156,0,mapped,-12.897931318453496,41.920598408075584,-28.072558217579516,1,0.0,0.0,interior
T099,L,457,T002,157,0,mapped,-12.46085415264196,41.597054418167545,-27.272525409934477,1,0.0,0.0,interior
T099,L,458,T002,158,0,mapped,-12.167617693737917,41.252819986443114,-26.586724358579268,1,0.0,0.0,interior
T099,L,459,T002,159,0,mapped,-11.860477000498875,40.90072576071261,-25.746703750964578,1,0.0,0.0,interior
T099,L,460,T002,160,0,mapped,-11.415633521970213,40.49438462130148,-25.024734797307367,1,0.0,0.0,interior
T099,L,461,T002,161,0,mapped,-10.977733186491388,40.08959165812019,-24.245947642428774,1,0.0,0.0,interior
T099,L,462,T002,162,0,mapped,-10.460877033225845,39.58214250054901,-23.510153651451674,1,0.0,0.0,interior
T099,L,463,T002,163,0,mapped,-9.937550175780549,39.126737575281936,-22.61819720458869,1,0.0,0.0,interior
T099,L,464,T002,164,0,mapped,-9.408551369320723,38.38230122428279,-22.01294832729536,1,0.0,0.0,interior
T099,L,465,T002,165,0,mapped,-8.972963896172752,37.41321206206041,-21.21354226200801,1,0.0,0.0,interior
T099,L,466,T002,166,0,mapped,-8.612204395069728,36.2581312140717,-20.380548938424873,1,0.0,0.0,interior
T099,L,467,T002,167,0,mapped,-8.34755768442158,34.81762177017159,-19.689042459194685,1,0.0,0.0,interior
T099,L,468,T002,168,0,mapped,-8.337877811435702,33.70400638714343,-19.197276147075723,1,0.0,0.0,interior
T099,L,469,T002,169,0,mapped,-8.57977207557833,32.68001370736913,-18.626083501651717,1,0.0,0.0,interior
T099,L,470,T002,170,0,mapped,-9.232454439267483,31.885813864158514,-18.064630771729504,1,0.0,0.0,interior
T099,L,471,T002,171,0,mapped,-10.017539241190056,31.319911940002076,-17.479307557971097,2,6.217248937900877e-15,3.1086244689504387e-15,shared_edge
T099,L,472,T002,172,0,mapped,-13.507201132296716,42.43311467639349,-28.644407751824208,1,0.0,0.0,interior
T099,L,473,T002,173,0,mapped,-13.103401385051136,42.23831843494932,-27.81138352530876,1,0.0,0.0,interior
T099,L,474,T002,174,0,mapped,-12.821485480799781,41.92566633406959,-26.976423377607013,1,0.0,0.0,interior
T099,L,475,T002,175,0,mapped,-12.544967254676529,41.54335768705757,-26.338023869598892,1,0.0,0.0,interior
T099,L,476,T002,176,0,mapped,-12.301024762301354,41.209332604827054,-25.60185744858245,1,0.0,0.0,interior
T099,L,477,T002,177,0,mapped,-11.993317513107243,40.859164755083285,-24.827896900196194,1,0.0,0.0,interior
T099,L,478,T002,178,0,mapped,-11.456668091426886,40.374059155509386,-23.914521527382686,1,0.0,0.0,interior
T099,L,479,T002,179,0,mapped,-10.880321713793084,39.98170290516205,-23.17934498464685,1,0.0,0.0,interior
T099,L,480,T002,180,0,mapped,-10.305346425578158,39.568785802616745,-22.229722462877028,1,0.0,0.0,interior
T099,L,481,T002,181,0,mapped,-9.717768312090795,38.91522089745496,-21.41905353113749,1,0.0,0.0,interior
T099,L,482,T002,182,0,mapped,-9.170792559234918,37.901853326326304,-20.677361035550106,1,0.0,0.0,interior
T099,L,483,T002,183,0,mapped,-8.745954773685224,36.67944043632346,-19.92724365063354,1,0.0,0.0,interior
T099,L,484,T002,184,0,mapped,-8.456226701456046,35.3984988641096,-19.191443758718158,1,0.0,0.0,interior
T099,L,485,T002,185,0,mapped,-8.30553096281233,34.22597314883905,-18.56690495516261,1,0.0,0.0,interior
T099,L,486,T002,186,0,mapped,-8.418913753805203,33.14250655625276,-17.994038425185725,1,0.0,0.0,interior
T099,L,487,T002,187,0,mapped,-8.791292219904541,32.072502411466544,-17.54250747744238,1,0.0,0.0,interior
T099,L,488,T002,188,0,mapped,-9.502063686845888,31.285558448343142,-16.940141149885438,2,4.855877417637497e-15,2.427938708818749e-15,shared_edge
T099,L,489,T002,189,0,mapped,-13.317220672574734,42.51383101462228,-27.537504222877573,1,0.0,0.0,interior
T099,L,490,T002,190,0,mapped,-13.234339980288313,42.20498452902493,-26.795261128441098,1,0.0,0.0,interior
T099,L,491,T002,191,0,mapped,-13.04230556179383,41.8445700653202,-26.12184167404062,1,0.0,0.0,interior
T099,L,492,T002,192,0,mapped,-12.765771029833564,41.403090824883165,-25.297379860651674,1,0.0,0.0,interior
T099,L,493,T002,193,0,mapped,-12.541000042271229,41.004655269693046,-24.508859788733375,1,0.0,0.0,interior
T099,L,494,T002,194,0,mapped,-12.059326058366107,40.61546483290515,-23.696576914079067,1,0.0,0.0,interior
T099,L,495,T002,195,0,mapped,-11.456705706117448,40.24230868389233,-22.865160052895213,1,0.0,0.0,interior
T099,L,496,T002,196,0,mapped,-10.822969115340229,39.89200421448,-21.929453093597132,1,0.0,0.0,interior
T099,L,497,T002,197,0,mapped,-10.255338272680438,39.31737284222325,-21.038695979009745,1,0.0,0.0,interior
T099,L,498,T002,198,0,mapped,-9.64977476395682,38.34884256821229,-20.20965411743125,1,0.0,0.0,interior
T099,L,499,T002,199,0,mapped,-9.251787919862787,37.18555169874115,-19.338010218699647,1,0.0,0.0,interior
T099,L,500,T002,200,0,mapped,-8.88233029105076,36.001835955428504,-18.646397187410184,1,0.0,0.0,interior
T099,L,501,T002,201,0,mapped,-8.687007702036464,34.863324845353155,-18.039453047378455,1,0.0,0.0,interior
T099,L,502,T002,202,0,mapped,-8.630482192546085,33.6303788434287,-17.410319373001983,1,0.0,0.0,interior
T099,L,503,T002,203,0,mapped,-8.700159821578904,32.566375818651665,-16.87470730255311,1,0.0,0.0,interior
T099,L,504,T002,204,0,mapped,-9.095477998970553,31.36443912142129,-16.317980342329726,2,3.0808688933348094e-15,1.5404344466674049e-15,shared_edge
T099,L,505,T002,205,0,mapped,-13.787054739181663,42.41771595001413,-26.486967379128068,1,0.0,0.0,interior
T099,L,506,T002,206,0,mapped,-13.59077832822079,41.98345695947224,-25.804082155005876,1,0.0,0.0,interior
T099,L,507,T002,207,0,mapped,-13.38395623011226,41.506603658581724,-24.99629125712576,1,0.0,0.0,interior
T099,L,508,T002,208,0,mapped,-13.082630725255502,41.06796320065949,-24.30646824950659,1,0.0,0.0,interior
T099,L,509,T002,209,0,mapped,-12.751566827163764,40.73900256504693,-23.50293953993374,1,0.0,0.0,interior
T099,L,510,T002,210,0,mapped,-12.209781127244378,40.3911898692031,-22.594606338436137,1,0.0,0.0,interior
T099,L,511,T002,211,0,mapped,-11.681119147690278,40.024292831795535,-21.640429939184898,1,0.0,0.0,interior
T099,L,512,T002,212,0,mapped,-11.072589920305566,39.62944212285214,-20.582310374523022,1,0.0,0.0,interior
T099,L,513,T002,213,0,mapped,-10.496693227058433,38.76922124806754,-19.64512294463281,1,0.0,0.0,interior
T099,L,514,T002,214,0,mapped,-9.956187180499928,37.51523086247501,-18.77040192155873,1,0.0,0.0,interior
T099,L,515,T002,215,0,mapped,-9.575288212259236,36.36892456426759,-18.21564097156,1,0.0,0.0,interior
T099,L,516,T002,216,0,mapped,-9.344032901747347,35.21465671363238,-17.71231755655172,1,0.0,0.0,interior
T099,L,517,T002,217,0,mapped,-9.146173621719008,34.10926399938184,-17.18353865860851,1,0.0,0.0,interior
T099,L,518,T002,218,0,mapped,-9.073797574100553,33.095989704228124,-16.53081233455176,1,0.0,0.0,interior
T099,L,519,T002,219,0,mapped,-9.030483109762601,31.924314585425364,-15.84610872395797,2,6.312669931598292e-15,3.1563349657991457e-15,shared_edge
T099,L,520,T002,220,0,mapped,-14.118760327910312,42.02135319636752,-25.54195085334453,1,0.0,0.0,interior
T099,L,521,T002,221,0,mapped,-13.965767637178852,41.5141313579681,-24.767189966698098,1,0.0,0.0,interior
T099,L,522,T002,222,0,mapped,-13.74589441835624,41.117810112390714,-24.22622357821765,1,0.0,0.0,interior
T099,L,523,T002,223,0,mapped,-13.423084153517179,40.668077661201494,-23.291617620657323,1,0.0,0.0,interior
T099,L,524,T002,224,0,mapped,-13.059689239511368,40.39372147420242,-22.304862761611847,1,0.0,0.0,interior
T099,L,525,T002,225,0,mapped,-12.500373418810213,40.13715459201459,-21.370945192731167,1,0.0,0.0,interior
T099,L,526,T002,226,0,mapped,-11.854651086867364,39.67322270395745,-20.265496726822455,1,0.0,0.0,interior
T099,L,527,T002,227,0,mapped,-11.267695929988601,38.9540800264612,-19.401359963816507,1,0.0,0.0,interior
T099,L,528,T002,228,0,mapped,-10.678202290239408,37.8746399166167,-18.59045934528288,1,0.0,0.0,interior
T099,L,529,T002,229,0,mapped,-10.402761755566026,36.71417997736479,-18.026222681792472,1,0.0,0.0,interior
T099,L,530,T002,230,0,mapped,-10.166768393163682,35.45853047059699,-17.632133348299227,1,0.0,0.0,interior
T099,L,531,T002,231,0,mapped,-9.98778258187141,34.25665514534725,-17.14168940761574,1,0.0,0.0,interior
T099,L,532,T002,232,0,mapped,-9.731510166855234,33.407333863396374,-16.4633200745526,1,0.0,0.0,interior
T099,L,533,T002,233,0,mapped,-9.453973330610417,32.51693748536215,-15.684498830715054,2,3.3546376631528325e-15,1.6773188315764165e-15,shared_edge
T099,L,534,T002,234,0,mapped,-14.73086926576829,41.538407582149816,-24.738162301019052,1,0.0,0.0,interior
T099,L,535,T002,235,0,mapped,-14.58278856818072,41.08300237437817,-24.187967567824273,1,0.0,0.0,interior
T099,L,536,T002,236,0,mapped,-14.328647056522318,40.56106929596947,-23.179697861941378,1,0.0,0.0,interior
T099,L,537,T002,237,0,mapped,-13.842210808197118,40.31508662183627,-22.27643254626762,1,0.0,0.0,interior
T099,L,538,T002,238,0,mapped,-13.41544694239927,40.078308383097436,-21.21998894425126,1,0.0,0.0,interior
T099,L,539,T002,239,0,mapped,-12.774438504892396,39.715926381104765,-20.163595404626776,1,0.0,0.0,interior
T099,L,540,T002,240,0,mapped,-12.128148229095467,38.97003657366844,-19.17654763100865,1,0.0,0.0,interior
T099,L,541,T002,241,0,mapped,-11.670135405758822,37.97842355184898,-18.3733507887493,1,0.0,0.0,interior
T099,L,542,T002,242,0,mapped,-11.302716174401718,36.84967790710438,-17.947819735224524,1,0.0,0.0,interior
T099,L,543,T002,243,0,mapped,-11.004534786725756,35.61630296098113,-17.630673298404343,1,0.0,0.0,interior
T099,L,544,T002,244,0,mapped,-10.760086738822874,34.31947563880761,-17.255902306755033,1,0.0,0.0,interior
T099,L,545,T002,245,0,mapped,-10.33953313251557,33.35534227225763,-16.483538462894472,1,0.0,0.0,interior
T099,L,546,T002,246,0,mapped,-10.158660451766295,32.784140931127865,-15.59906522989153,2,1.961830370053296e-15,9.80915185026648e-16,shared_edge
T099,L,547,T002,247,0,mapped,-15.345526166454738,40.87874285264098,-24.09203434252197,1,0.0,0.0,interior
T099,L,548,T002,248,0,mapped,-15.075515806260261,40.45447719726697,-23.252695974418053,1,0.0,0.0,interior
T099,L,549,T002,249,0,mapped,-14.63779305324231,40.163638941707745,-22.309966776936534,1,0.0,0.0,interior
T099,L,550,T002,250,0,mapped,-14.23597836691696,39.933930567212144,-21.28428795251631,1,0.0,0.0,interior
T099,L,551,T002,251,0,mapped,-13.793442029883144,39.65640651265871,-20.137968555279024,1,0.0,0.0,interior
T099,L,552,T002,252,0,mapped,-13.201969653508357,38.92873028269809,-19.11684351704805,1,0.0,0.0,interior
T099,L,553,T002,253,0,mapped,-12.599925740576474,37.89240462840688,-18.32459802226636,1,0.0,0.0,interior
T099,L,554,T002,254,0,mapped,-12.119863528917886,36.733038977261174,-17.894053617516786,1,0.0,0.0,interior
T099,L,555,T002,255,0,mapped,-11.869555148869946,35.54422027319565,-17.67193207167951,1,0.0,0.0,interior
T099,L,556,T002,256,0,mapped,-11.542610168909103,34.293834765848324,-17.41741140831132,1,0.0,0.0,interior
T099,L,557,T002,257,0,mapped,-11.080715409096213,33.32568191051602,-16.663187327968128,1,0.0,0.0,interior
T099,L,558,T002,258,0,mapped,-10.88161026022786,32.858576685791036,-15.698647498198307,2,2.6789522848988178e-15,1.3394761424494089e-15,shared_edge
T099,L,559,T002,259,0,mapped,-15.81132185249538,40.272510619996766,-23.33449425671474,1,0.0,0.0,interior
T099,L,560,T002,260,0,mapped,-15.500878782848217,39.85348472403747,-22.373893438557232,1,0.0,0.0,interior
T099,L,561,T002,261,0,mapped,-15.07150555424312,39.66080117149353,-21.38089680443488,1,0.0,0.0,interior
T099,L,562,T002,262,0,mapped,-14.65058348916184,39.4865663477174,-20.276897017285616,1,0.0,0.0,interior
T099,L,563,T002,263,0,mapped,-14.187099928654463,38.850585243814194,-19.147106473256486,1,0.0,0.0,interior
T099,L,564,T002,264,0,mapped,-13.576382671634642,37.839556721659,-18.394819596799245,1,0.0,0.0,interior
T099,L,565,T002,265,0,mapped,-12.960056196258945,36.59060731504201,-17.9956503232556,1,0.0,0.0,interior
T099,L,566,T002,266,0,mapped,-12.615443297654704,35.40047416481593,-17.73520483012029,1,0.0,0.0,interior
T099,L,567,T002,267,0,mapped,-12.21949683348781,34.291135129486236,-17.573500348246995,1,0.0,0.0,interior
T099,L,568,T002,268,0,mapped,-11.86297803280644,33.21050532173521,-16.944240572382434,1,0.0,0.0,interior
T099,L,569,T002,269,0,mapped,-11.541104439854411,32.714967616112816,-15.937682985585253,2,3.2275629314075537e-15,1.6137814657037768e-15,shared_edge
T099,L,570,T002,270,0,mapped,-16.138100038763618,39.61512902976562,-22.487287716287128,1,0.0,0.0,interior
T099,L,571,T002,271,0,mapped,-15.869031922379628,39.38998972970443,-21.481414448455812,1,0.0,0.0,interior
T099,L,572,T002,272,0,mapped,-15.53935809881143,39.145289486217436,-20.405224145396186,1,0.0,0.0,interior
T099,L,573,T002,273,0,mapped,-15.0312163640003,38.596180461637104,-19.35284446287613,1,0.0,0.0,interior
T099,L,574,T002,274,0,mapped,-14.395473234209584,37.51235245968775,-18.719285313467367,1,0.0,0.0,interior
T099,L,575,T002,275,0,mapped,-13.7857172020336,36.45355331837314,-18.104839609388748,1,0.0,0.0,interior
T099,L,576,T002,276,0,mapped,-13.391594121013313,35.35967789053229,-17.908363993332333,1,0.0,0.0,interior
T099,L,577,T002,277,0,mapped,-12.914641676530493,34.18876636196944,-17.735619264200178,1,0.0,0.0,interior
T099,L,578,T002,278,0,mapped,-12.510234265504696,33.08426803183984,-17.130775844323164,1,0.0,0.0,interior
T099,L,579,T002,279,0,mapped,-12.209941790087342,32.467542681817456,-16.12628062191978,2,3.2023728339893768e-15,1.6011864169946884e-15,shared_edge
T099,L,580,T002,280,0,mapped,-16.716510830326786,39.05237197440103,-21.74860306069764,1,0.0,0.0,interior
T099,L,581,T002,281,0,mapped,-16.323671092323625,38.742696534771135,-20.6821435215264,1,0.0,0.0,interior
T099,L,582,T002,282,0,mapped,-15.915913549399244,38.20892851094966,-19.608782072238206,1,0.0,0.0,interior
T099,L,583,T002,283,0,mapped,-15.376914133594212,37.35865601501874,-18.812505478646802,1,0.0,0.0,interior
T099,L,584,T002,284,0,mapped,-14.693808429441297,36.25181333803081,-18.28573391089957,1,0.0,0.0,interior
T099,L,585,T002,285,0,mapped,-14.226462159482969,35.15712633275721,-18.033345511346944,1,0.0,0.0,interior
T099,L,586,T002,286,0,mapped,-13.745241618366748,34.048508529900666,-17.87371734538172,1,0.0,0.0,interior
T099,L,587,T002,287,0,mapped,-13.174288158818896,33.03766868320078,-17.363079769453595,1,0.0,0.0,interior
T099,L,588,T002,288,0,mapped,-12.896145626593249,32.34894292192224,-16.367406259272737,2,7.136584070361083e-15,3.568292035180542e-15,shared_edge
T099,L,589,T002,289,0,mapped,-17.244191702702445,38.294917015337994,-21.13065966922326,1,0.0,0.0,interior
T099,L,590,T002,290,0,mapped,-16.876134648948398,37.80137556773987,-20.10468635838636,1,0.0,0.0,interior
T099,L,591,T002,291,0,mapped,-16.231781541435588,37.07944671017714,-19.093189059162437,1,0.0,0.0,interior
T099,L,592,T002,292,0,mapped,-15.601604520567776,36.14091445392448,-18.471973956642284,1,0.0,0.0,interior
T099,L,593,T002,293,0,mapped,-14.950463473607584,35.06553730254682,-18.19233779510168,1,0.0,0.0,interior
T099,L,594,T002,294,0,mapped,-14.452123052556297,33.94879248022097,-17.99690582411671,1,0.0,0.0,interior
T099,L,595,T002,295,0,mapped,-13.926482844557631,32.95970179503223,-17.591696030637017,1,0.0,0.0,interior
T099,L,596,T002,296,0,mapped,-13.628956481841026,32.260171184499825,-16.553403681345607,2,7.923135220560787e-15,3.9615676102803926e-15,shared_edge
T099,L,597,T002,297,0,mapped,-17.58367095779695,37.44677030334576,-20.549550936886096,1,0.0,0.0,interior
T099,L,598,T002,298,0,mapped,-16.95582039377281,36.72640171770121,-19.48972018703027,1,0.0,0.0,interior
T099,L,599,T002,299,0,mapped,-16.403105343110244,35.96356819974642,-18.857908864587234,1,0.0,0.0,interior
T099,L,600,T002,300,0,mapped,-15.740182447829623,34.99420731910999,-18.415116688784,1,0.0,0.0,interior
T099,L,601,T002,301,0,mapped,-15.176603764140555,33.94588427542499,-18.16985935583487,1,0.0,0.0,interior
T099,L,602,T002,302,0,mapped,-14.666461175368168,32.94746376737803,-17.815848029163174,1,0.0,0.0,interior
T099,L,603,T002,303,0,mapped,-14.37044604374977,32.1703709884474,-16.737181155534266,2,6.2999081001394775e-15,3.1499540500697388e-15,shared_edge
T099,L,604,T002,304,0,mapped,-17.7573190464445,36.458928349333064,-20.086046364294933,1,0.0,0.0,interior
T099,L,605,T002,305,0,mapped,-17.05426383802437,35.789830861727566,-19.247732267754447,1,0.0,0.0,interior
T099,L,606,T002,306,0,mapped,-16.457802017735375,34.78240235986431,-18.634214047687244,1,0.0,0.0,interior
T099,L,607,T002,307,0,mapped,-15.922622669659459,33.90365259989724,-18.311951877471877,1,0.0,0.0,interior
T099,L,608,T002,308,0,mapped,-15.403471164531284,32.803480975593516,-17.94138886174327,1,0.0,0.0,interior
T099,L,609,T002,309,0,mapped,-15.016401581018581,32.09088809392461,-17.13953526311287,2,4.318467880798754e-15,2.159233940399377e-15,shared_edge
T099,L,610,T002,310,0,mapped,-17.915267755739187,35.387224154897766,-19.839460995387093,1,0.0,0.0,interior
T099,L,611,T002,311,0,mapped,-17.16391258324231,34.59714323118706,-18.957628699894396,1,0.0,0.0,interior
T099,L,612,T002,312,0,mapped,-16.61284095798467,33.7684536582566,-18.445688375546798,1,0.0,0.0,interior
T099,L,613,T002,313,0,mapped,-16.189392230363495,32.810201190872974,-18.129310695405806,1,0.0,0.0,interior
T099,L,614,T002,314,0,mapped,-15.716313169407908,32.00544574103272,-17.44404988040462,2,4.9501506914868435e-15,2.4750753457434218e-15,shared_edge
T099,L,615,T002,315,0,mapped,-17.994111158608636,34.34750948821263,-19.494910213576695,1,0.0,0.0,interior
T099,L,616,T002,316,0,mapped,-17.333824001147256,33.61737521826213,-18.709931057603647,1,0.0,0.0,interior
T099,L,617,T002,317,0,mapped,-16.9163965574865,32.7297425238645,-18.282628613198995,1,0.0,0.0,interior
T099,L,618,T002,318,0,mapped,-16.441111569740848,31.917342029740723,-17.686534558231966,2,1.4043333874306805e-15,7.021666937153402e-16,shared_edge
T099,L,619,T002,319,0,mapped,-18.017443380672713,33.31185290525417,-19.0880959475089,1,0.0,0.0,interior
T099,L,620,T002,320,0,mapped,-17.466182032228165,32.63527252015038,-18.426579592471683,1,0.0,0.0,interior
T099,L,621,T002,321,0,mapped,-17.180720941557695,31.827763087395514,-17.871093846682747,2,4.282641246519317e-15,2.1413206232596586e-15,shared_edge
T099,L,622,T002,322,0,mapped,-17.94530456817723,32.336811867299396,-18.558156249268965,1,0.0,0.0,interior
T099,L,623,T002,323,0,mapped,-17.898244921054363,31.740464313893487,-18.12648384581501,2,2.5121479338940407e-15,1.2560739669470201e-15,shared_edge
T099,L,624,T002,324,-1,landmark_vertex,-18.489206925155333,31.409954418641682,-18.261982220288395,4,0.0,0.0,landmark
T099,L,625,T003,1,0,mapped,-19.00222754198007,31.02123777742745,-18.13186280136301,2,8.881784197001252e-16,4.440892098500626e-16,shared_edge
T099,L,626,T003,2,0,mapped,-19.54623387574913,30.78207292322572,-17.90208150830919,2,8.881784197001252e-16,4.440892098500626e-16,shared_edge
T099,L,627,T003,3,0,mapped,-20.18621575623171,30.623162450025745,-17.811189724573694,2,2.5121479338940407e-15,1.2560739669470201e-15,shared_edge
T099,L,628,T003,4,0,mapped,-20.718643120740147,30.485350989148305,-17.532356723932885,2,4.0943002132167226e-15,2.0471501066083613e-15,shared_edge
T099,L,629,T003,5,0,mapped,-21.18014280137416,30.308961830534138,-17.104062334128923,2,3.4684476073050936e-15,1.7342238036525468e-15,shared_edge
T099,L,630,T003,6,0,mapped,-21.6550632998717,30.11934994504732,-16.73749731704825,2,3.076740298213702e-15,1.538370149106851e-15,shared_edge
T099,L,631,T003,7,0,mapped,-22.10365623160568,29.90349512593295,-16.32521059425075,2,3.4684476073050936e-15,1.7342238036525468e-15,shared_edge
T099,L,632,T003,8,0,mapped,-22.552680090266534,29.784299037219423,-15.884488714770374,2,2.673771110915334e-15,1.336885555457667e-15,shared_edge
T099,L,633,T003,9,0,mapped,-23.05151680703723,29.72677762220695,-15.448889186699484,2,3.66205343881779e-15,1.831026719408895e-15,shared_edge
T099,L,634,T003,10,0,mapped,-23.578667044813102,29.66567346367262,-15.050043021898649,2,1.897149936107019e-15,9.485749680535094e-16,shared_edge
T099,L,635,T003,11,0,mapped,-23.96832536620054,29.6217357677366,-14.517497178767554,2,3.8857805861880484e-16,1.9428902930940242e-16,shared_edge
T099,L,636,T003,12,0,mapped,-24.387673883857744,29.36667486874237,-14.113690455405651,2,1.8452761694870047e-15,9.226380847435024e-16,shared_edge
T099,L,637,T003,13,0,mapped,-24.800299016517627,28.97477538627259,-13.83040517345955,2,3.8226441460132376e-15,1.9113220730066188e-15,shared_edge
T099,L,638,T003,14,0,mapped,-25.252103364948816,28.55439552959549,-13.641857794273854,2,3.972054645195637e-15,1.9860273225978185e-15,shared_edge
T099,L,639,T003,15,0,mapped,-25.52465445604687,28.22437645574569,-13.208221049961626,2,1.9860273225978185e-15,9.930136612989092e-16,shared_edge
T099,L,640,T003,16,0,mapped,-25.766806593441103,27.81524763020562,-12.76277755052765,2,1.9860273225978185e-15,9.930136612989092e-16,shared_edge
T099,L,641,T003,17,0,mapped,-25.92932125271541,27.359557498212467,-12.368261839301105,2,0.0,0.0,shared_edge
T099,L,642,T003,18,0,mapped,-25.810565910462614,27.00705025951554,-11.816909419751116,2,0.0,0.0,shared_edge
T099,L,643,T003,19,0,mapped,-25.697560583820817,26.466066367234504,-11.468078390001743,2,4.440892098500626e-16,2.220446049250313e-16,shared_edge
T099,L,644,T003,20,0,mapped,-25.59942547213618,25.827355224005938,-11.309641147342987,2,4.440892098500626e-16,2.220446049250313e-16,shared_edge
T099,L,645,T003,21,0,mapped,-25.258127391410085,25.353033510163442,-11.149189504149781,2,1.7763568394002505e-15,8.881784197001252e-16,shared_edge
T099,L,646,T003,22,0,mapped,-24.959052896027536,24.760394415251742,-11.177294701470384,2,0.0,0.0,shared_edge
T099,L,647,T003,23,0,mapped,-24.528938602172424,24.27209603163967,-11.225557668362594,2,8.881784197001252e-16,4.440892098500626e-16,shared_edge
T099,L,648,T003,24,0,mapped,-24.126980647767855,23.754789629953372,-11.269347397687627,5,0.0,0.0,landmark
T099,L,649,T003,25,0,mapped,-17.583760085561032,31.378551737164877,-17.49383970169081,2,0.0,0.0,shared_edge
T099,L,650,T003,26,0,mapped,-18.10541246694112,31.11985029149657,-17.210815797594716,1,0.0,0.0,interior
T099,L,651,T003,27,0,mapped,-18.76961289873552,30.946583727125308,-16.843591178649465,1,0.0,0.0,interior
T099,L,652,T003,28,0,mapped,-19.437961346554435,30.893123220731287,-16.462997197875204,1,0.0,0.0,interior
T099,L,653,T003,29,0,mapped,-20.069988678226373,30.9198340024493,-16.28518200388696,1,0.0,0.0,interior
T099,L,654,T003,30,0,mapped,-20.586462602656407,30.85160467222146,-15.833319201798588,1,0.0,0.0,interior
T099,L,655,T003,31,0,mapped,-21.163928301537435,30.7442849183455,-15.283156872280282,1,0.0,0.0,interior
T099,L,656,T003,32,0,mapped,-21.688115065584093,30.66364174582985,-14.982095305024009,1,0.0,0.0,interior
T099,L,657,T003,33,0,mapped,-22.23228449983403,30.74575388508173,-14.51056435001794,1,0.0,0.0,interior
T099,L,658,T003,34,0,mapped,-22.997530934871104,30.48741417425847,-14.322811799317591,1,0.0,0.0,interior
T099,L,659,T003,35,0,mapped,-23.50840309273815,30.46839402643938,-13.84811367683433,1,0.0,0.0,interior
T099,L,660,T003,36,0,mapped,-24.009867230584277,30.115697406326657,-13.428992841372486,1,0.0,0.0,interior
T099,L,661,T003,37,0,mapped,-24.29369505329305,29.802093957226937,-13.046080556097515,1,0.0,0.0,interior
T099,L,662,T003,38,0,mapped,-24.68206140996672,29.31006039898428,-12.437282017198655,1,0.0,0.0,interior
T099,L,663,T003,39,0,mapped,-24.859913333950143,28.931150021371693,-11.908482441926225,1,0.0,0.0,interior
T099,L,664,T003,40,0,mapped,-25.045680630823306,28.290392566631784,-11.552200079886607,1,0.0,0.0,interior
T099,L,665,T003,41,0,mapped,-25.06023502035882,27.639314677442034,-11.25672243630348,1,0.0,0.0,interior
T099,L,666,T003,42,0,mapped,-24.936291792814224,27.208348602395947,-11.033258328467381,1,0.0,0.0,interior
T099,L,667,T003,43,0,mapped,-24.75693976271425,26.434479411872125,-10.845089551562559,1,0.0,0.0,interior
T099,L,668,T003,44,0,mapped,-24.621122625490035,25.781336822727653,-10.856001693262169,1,0.0,0.0,interior
T099,L,669,T003,45,0,mapped,-24.424599310028935,25.223411231539302,-10.884413772154577,1,0.0,0.0,interior
T099,L,670,T003,46,0,mapped,-24.116390026205536,24.665898749084015,-11.004398981865073,1,0.0,0.0,interior
T099,L,671,T003,47,0,mapped,-23.848483046366397,24.16738696219522,-11.126605309242136,1,0.0,0.0,interior
T099,L,672,T003,48,0,mapped,-23.592250893236834,23.545019144996743,-11.223579724312078,2,3.447059237218225e-15,1.7235296186091125e-15,shared_edge
T099,L,673,T003,49,0,mapped,-16.824245299236924,31.44432551038254,-16.651739957902024,2,4.440892098500626e-16,2.220446049250313e-16,shared_edge
T099,L,674,T003,50,0,mapped,-17.367881890117882,31.29374347529088,-16.39286433811931,1,0.0,0.0,interior
T099,L,675,T003,51,0,mapped,-18.097056297381428,31.24250196116989,-15.755709916755169,1,0.0,0.0,interior
T099,L,676,T003,52,0,mapped,-18.846554801018875,31.349197795401317,-15.332800279316638,1,0.0,0.0,interior
T099,L,677,T003,53,0,mapped,-19.53316732209168,31.42205427598875,-15.011468159633317,1,0.0,0.0,interior
T099,L,678,T003,54,0,mapped,-20.089730696377927,31.517085056580566,-14.555252400298315,1,0.0,0.0,interior
T099,L,679,T003,55,0,mapped,-20.749339784786432,31.578499167296464,-14.186595699224277,1,0.0,0.0,interior
T099,L,680,T003,56,0,mapped,-21.478304864540814,31.646268358752316,-13.788631273477963,1,0.0,0.0,interior
T099,L,681,T003,57,0,mapped,-22.327200318362344,31.476587903447154,-13.469545826382479,1,0.0,0.0,interior
T099,L,682,T003,58,0,mapped,-22.974900957821085,31.205719039731626,-12.814711356172841,1,0.0,0.0,interior
T099,L,683,T003,59,0,mapped,-23.39494458467899,30.901031876892446,-12.25792867410464,1,0.0,0.0,interior
T099,L,684,T003,60,0,mapped,-23.706777045114816,30.410614960847838,-11.636497324536297,1,0.0,0.0,interior
T099,L,685,T003,61,0,mapped,-24.001628937073868,29.78729879722334,-11.311016701756758,1,0.0,0.0,interior
T099,L,686,T003,62,0,mapped,-24.165306935953353,29.068692341155113,-10.974233261271458,1,0.0,0.0,interior
T099,L,687,T003,63,0,mapped,-24.18439943721171,28.444783049773147,-10.694304721472266,1,0.0,0.0,interior
T099,L,688,T003,64,0,mapped,-24.167087565449375,27.8100653201953,-10.536597211623675,1,0.0,0.0,interior
T099,L,689,T003,65,0,mapped,-24.043761914338422,27.07058838153817,-10.459540370710396,1,0.0,0.0,interior
T099,L,690,T003,66,0,mapped,-23.993934695156984,26.371071658147155,-10.477955529733942,1,0.0,0.0,interior
T099,L,691,T003,67,0,mapped,-23.84376079513038,25.833640969335477,-10.549621938736397,1,0.0,0.0,interior
T099,L,692,T003,68,0,mapped,-23.634128807914486,25.212628019129014,-10.721080212437613,1,0.0,0.0,interior
T099,L,693,T003,69,0,mapped,-23.37354422049948,24.61626094665902,-10.888070228274358,1,0.0,0.0,interior
T099,L,694,T003,70,0,mapped,-23.21922737123822,24.054647039546488,-11.057889301432263,1,0.0,0.0,interior
T099,L,695,T003,71,0,mapped,-22.999816326103684,23.510733293917838,-11.15649088882381,2,1.1102230246251563e-15,5.551115123125784e-16,shared_edge
T099,L,696,T003,72,0,mapped,-15.929294662951289,31.444379990602883,-15.904435663688243,2,0.0,0.0,shared_edge
T099,L,697,T003,73,0,mapped,-16.704956724471106,31.473015190041245,-15.317017916212189,1,0.0,0.0,interior
T099,L,698,T003,74,0,mapped,-17.451334713176145,31.627746561830786,-14.837480141660718,1,0.0,0.0,interior
T099,L,699,T003,75,0,mapped,-18.215951466437247,31.8977608407036,-14.350987058866634,1,0.0,0.0,interior
T099,L,700,T003,76,0,mapped,-18.93054957151464,32.15626375068979,-13.906684362936286,1,0.0,0.0,interior
T099,L,701,T003,77,0,mapped,-19.717052518360838,32.427229151194894,-13.443717253292505,1,0.0,0.0,interior
T099,L,702,T003,78,0,mapped,-20.508090683297127,32.56407049489269,-13.022695874458945,1,0.0,0.0,interior
T099,L,703,T003,79,0,mapped,-21.381649894513487,32.52238964518921,-12.465963728239728,1,0.0,0.0,interior
T099,L,704,T003,80,0,mapped,-21.991362273804,32.12144870321757,-11.724879403341713,1,0.0,0.0,interior
T099,L,705,T003,81,0,mapped,-22.483607538184074,31.505355120905346,-11.057421820239359,1,0.0,0.0,interior
T099,L,706,T003,82,0,mapped,-22.87488985926521,30.71294154757943,-10.61587928613056,1,0.0,0.0,interior
T099,L,707,T003,83,0,mapped,-22.97750754465487,29.888771549779072,-10.280540912633992,1,0.0,0.0,interior
T099,L,708,T003,84,0,mapped,-23.068750642605337,29.15743153683833,-10.106903014945512,1,0.0,0.0,interior
T099,L,709,T003,85,0,mapped,-23.085754220160382,28.413598349769103,-9.967141683472917,1,0.0,0.0,interior
T099,L,710,T003,86,0,mapped,-23.112584366804946,27.53126327698395,-9.9870416275628,1,0.0,0.0,interior
T099,L,711,T003,87,0,mapped,-23.126473033781693,26.88271191186335,-10.107969716604739,1,0.0,0.0,interior
T099,L,712,T003,88,0,mapped,-23.099825138077456,26.140220583270658,-10.35026300829362,1,0.0,0.0,interior
T099,L,713,T003,89,0,mapped,-22.943977791332138,25.568631225834633,-10.568624595746677,1,0.0,0.0,interior
T099,L,714,T003,90,0,mapped,-22.81914755271236,25.062882058656594,-10.762049424746028,1,0.0,0.0,interior
T099,L,715,T003,91,0,mapped,-22.66705363560203,24.476066691393775,-10.967326127685485,1,0.0,0.0,interior
T099,L,716,T003,92,0,mapped,-22.51735549356848,23.916161677129324,-11.086522090519072,1,0.0,0.0,interior
T099,L,717,T003,93,0,mapped,-22.44320675742098,23.287664375043622,-11.094423409128176,2,0.0,0.0,shared_edge
T099,L,718,T003,94,0,mapped,-15.526469469595327,31.634828508510928,-14.876973458253355,2,0.0,0.0,shared_edge
T099,L,719,T003,95,0,mapped,-16.18428887763175,31.88851420159571,-14.367613844795747,1,0.0,0.0,interior
T099,L,720,T003,96,0,mapped,-16.864821628202204,32.22392697383647,-13.874770492988592,1,0.0,0.0,interior
T099,L,721,T003,97,0,mapped,-17.613595396796388,32.622731296505805,-13.359842750166127,1,0.0,0.0,interior
T099,L,722,T003,98,0,mapped,-18.4472064245792,33.109806778829984,-12.731247888524155,1,0.0,0.0,interior
T099,L,723,T003,99,0,mapped,-19.233056322388286,33.33426254669868,-12.200882960076543,1,0.0,0.0,interior
T099,L,724,T003,100,0,mapped,-19.950285140943702,33.164167084999946,-11.213340350313388,1,0.0,0.0,interior
T099,L,725,T003,101,0,mapped,-20.6680020931301,32.51871112490733,-10.5283461056042,1,0.0,0.0,interior
T099,L,726,T003,102,0,mapped,-21.11899739466039,31.831435346671448,-10.037200192349664,1,0.0,0.0,interior
T099,L,727,T003,103,0,mapped,-21.57423619681331,30.78617262556176,-9.587733247453887,1,0.0,0.0,interior
T099,L,728,T003,104,0,mapped,-21.903926784079935,29.850903477256466,-9.475604405722642,1,0.0,0.0,interior
T099,L,729,T003,105,0,mapped,-22.083586110322095,28.935017043120897,-9.466919690781157,1,0.0,0.0,interior
T099,L,730,T003,106,0,mapped,-22.127043681794106,28.10765489141054,-9.530572678437817,1,0.0,0.0,interior
T099,L,731,T003,107,0,mapped,-22.16435497280726,27.33318542588059,-9.716961893643314,1,0.0,0.0,interior
T099,L,732,T003,108,0,mapped,-22.168215407000307,26.658294572364817,-10.002562789086825,1,0.0,0.0,interior
T099,L,733,T003,109,0,mapped,-22.186405551134353,26.065344480268042,-10.35755886192375,1,0.0,0.0,interior
T099,L,734,T003,110,0,mapped,-22.176688001152854,25.457181242013643,-10.612838718848094,1,0.0,0.0,interior
T099,L,735,T003,111,0,mapped,-22.126701552125603,24.976278323235853,-10.819933400393296,1,0.0,0.0,interior
T099,L,736,T003,112,0,mapped,-21.970976355216663,24.380803918868597,-11.069823995522498,1,0.0,0.0,interior
T099,L,737,T003,113,0,mapped,-21.94419481655963,23.832980426022914,-11.117419758729358,1,0.0,0.0,interior
T099,L,738,T003,114,0,mapped,-21.834027246898106,23.248242727582838,-11.024211955741027,2,5.564421850464315e-15,2.7822109252321576e-15,shared_edge
T099,L,739,T003,115,0,mapped,-14.873346499958206,32.00644232237781,-13.961403191973565,2,0.0,0.0,shared_edge
T099,L,740,T003,116,0,mapped,-15.471781209612343,32.362159070766104,-13.43903166783464,1,0.0,0.0,interior
T099,L,741,T003,117,0,mapped,-16.218060025244164,32.77608583036589,-12.949608109964084,1,0.0,0.0,interior
T099,L,742,T003,118,0,mapped,-16.723689103434168,33.09189494275871,-12.235962766297437,1,0.0,0.0,interior
T099,L,743,T003,119,0,mapped,-17.335210438146365,33.32402162710463,-11.245916354327,1,0.0,0.0,interior
T099,L,744,T003,120,0,mapped,-18.408781485199086,33.083587919943305,-10.491092675096223,1,0.0,0.0,interior
T099,L,745,T003,121,0,mapped,-19.256144986450284,32.34102441999064,-9.788473678149987,1,0.0,0.0,interior
T099,L,746,T003,122,0,mapped,-19.77617989497862,31.59367365556688,-9.324987342931085,1,0.0,0.0,interior
T099,L,747,T003,123,0,mapped,-20.299105320611623,30.57687257420797,-8.960617935345672,1,0.0,0.0,interior
T099,L,748,T003,124,0,mapped,-20.717134391858693,29.570003216167947,-8.941321214725253,1,0.0,0.0,interior
T099,L,749,T003,125,0,mapped,-20.869169919878832,28.640276685887773,-9.084343969139614,1,0.0,0.0,interior
T099,L,750,T003,126,0,mapped,-21.068543982506153,27.763301440644277,-9.350422608103482,1,0.0,0.0,interior
T099,L,751,T003,127,0,mapped,-21.103045084040467,26.951270858494055,-9.704571040605641,1,0.0,0.0,interior
T099,L,752,T003,128,0,mapped,-21.272009791686706,26.460856423108545,-10.01037703084128,1,0.0,0.0,interior
T099,L,753,T003,129,0,mapped,-21.344100617748786,25.865387433205775,-10.411073909987493,1,0.0,0.0,interior
T099,L,754,T003,130,0,mapped,-21.467657754113528,25.34993471436818,-10.710716492851795,1,0.0,0.0,interior
T099,L,755,T003,131,0,mapped,-21.454469569094886,24.793269301824267,-11.010219587078794,1,0.0,0.0,interior
T099,L,756,T003,132,0,mapped,-21.365227392565643,24.20480862085432,-11.178776752011657,1,0.0,0.0,interior
T099,L,757,T003,133,0,mapped,-21.336285215807493,23.792923385697947,-11.19767889171695,1,0.0,0.0,interior
T099,L,758,T003,134,0,mapped,-21.209320400392848,23.322760804160932,-11.089624861634249,2,2.0350724194510405e-15,1.0175362097255202e-15,shared_edge
T099,L,759,T003,135,0,mapped,-14.140792653500714,32.391141211948856,-13.133463903291789,2,0.0,0.0,shared_edge
T099,L,760,T003,136,0,mapped,-14.699992625624818,32.79387426165955,-12.472299900913944,1,0.0,0.0,interior
T099,L,761,T003,137,0,mapped,-15.354935845810315,33.018834661743966,-11.67188963432397,1,0.0,0.0,interior
T099,L,762,T003,138,0,mapped,-15.999446684564635,33.01378676184565,-10.801794311100718,1,0.0,0.0,interior
T099,L,763,T003,139,0,mapped,-16.825069887050777,32.49389575806924,-10.077954645146248,1,0.0,0.0,interior
T099,L,764,T003,140,0,mapped,-17.629865609372896,31.890595484776256,-9.490574478586348,1,0.0,0.0,interior
T099,L,765,T003,141,0,mapped,-18.285668149955935,31.140192438079502,-8.974948770866305,1,0.0,0.0,interior
T099,L,766,T003,142,0,mapped,-18.91563342610147,30.091116375722436,-8.605049203363034,1,0.0,0.0,interior
T099,L,767,T003,143,0,mapped,-19.302687535276775,29.10035034098702,-8.693111607148573,1,0.0,0.0,interior
T099,L,768,T003,144,0,mapped,-19.603512479863717,28.16520798736429,-8.960426863306555,1,0.0,0.0,interior
T099,L,769,T003,145,0,mapped,-19.954393337010494,27.333715848044207,-9.372323357779212,1,0.0,0.0,interior
T099,L,770,T003,146,0,mapped,-20.212055975076947,26.742212717080466,-9.789110776686567,1,0.0,0.0,interior
T099,L,771,T003,147,0,mapped,-20.464869277424643,26.21980383934728,-10.191620255498222,1,0.0,0.0,interior
T099,L,772,T003,148,0,mapped,-20.639844960394512,25.775270190339185,-10.513050286212506,1,0.0,0.0,interior
T099,L,773,T003,149,0,mapped,-20.73653299058085,25.314751345611285,-10.847814774786901,1,0.0,0.0,interior
T099,L,774,T003,150,0,mapped,-20.698109209435763,24.82412120810159,-11.2031864347335,1,0.0,0.0,interior
T099,L,775,T003,151,0,mapped,-20.780346932017633,24.23323955464224,-11.350592840495885,1,0.0,0.0,interior
T099,L,776,T003,152,0,mapped,-20.728784848714398,23.69469515690122,-11.316465878716647,1,0.0,0.0,interior
T099,L,777,T003,153,0,mapped,-20.58707950108298,23.251178181342627,-11.135491288130003,2,0.0,0.0,shared_edge
T099,L,778,T003,154,0,mapped,-13.397621708261507,32.71275533664374,-12.299055451463175,2,0.0,0.0,shared_edge
T099,L,779,T003,155,0,mapped,-14.022396003667442,32.873168771459746,-11.454801432533895,1,0.0,0.0,interior
T099,L,780,T003,156,0,mapped,-14.720977462037116,32.538226484630435,-10.696315271960415,1,0.0,0.0,interior
T099,L,781,T003,157,0,mapped,-15.536161713176519,31.967968922183616,-10.034485408753724,1,0.0,0.0,interior
T099,L,782,T003,158,0,mapped,-16.247597805650383,31.23923145515904,-9.481663419345082,1,0.0,0.0,interior
T099,L,783,T003,159,0,mapped,-16.871826669405618,30.399765290557443,-8.935132784225782,1,0.0,0.0,interior
T099,L,784,T003,160,0,mapped,-17.524294630919478,29.368756267209456,-8.664484230603954,1,0.0,0.0,interior
T099,L,785,T003,161,0,mapped,-17.947068786160322,28.529405616018195,-8.885618926468254,1,0.0,0.0,interior
T099,L,786,T003,162,0,mapped,-18.434891719346794,27.733162380581057,-9.205405646330721,1,0.0,0.0,interior
T099,L,787,T003,163,0,mapped,-18.945186141302877,27.120327400119017,-9.606856812205253,1,0.0,0.0,interior
T099,L,788,T003,164,0,mapped,-19.33387824877689,26.591637674820877,-9.988621043951746,1,0.0,0.0,interior
T099,L,789,T003,165,0,mapped,-19.595234774752498,26.146112925649156,-10.366623571663865,1,0.0,0.0,interior
T099,L,790,T003,166,0,mapped,-19.806056822170287,25.698855842200047,-10.727916587109696,1,0.0,0.0,interior
T099,L,791,T003,167,0,mapped,-19.928660291661878,25.113594891529516,-11.199240520294689,1,0.0,0.0,interior
T099,L,792,T003,168,0,mapped,-20.063883922709945,24.73136551721925,-11.411528897957679,1,0.0,0.0,interior
T099,L,793,T003,169,0,mapped,-20.21123613171147,24.104339800476954,-11.492555306012502,1,0.0,0.0,interior
T099,L,794,T003,170,0,mapped,-20.02756447257996,23.625263258064557,-11.447301756143016,1,0.0,0.0,interior
T099,L,795,T003,171,0,mapped,-19.98674817572509,23.265139486809204,-11.218935028245673,2,1.9484335006297032e-15,9.742167503148516e-16,shared_edge
T099,L,796,T003,172,0,mapped,-12.78012663891274,32.282163869232136,-11.56086004016281,2,0.0,0.0,shared_edge
T099,L,797,T003,173,0,mapped,-13.539852634749199,31.875524812645253,-10.856388188374751,1,0.0,0.0,interior
T099,L,798,T003,174,0,mapped,-14.265206944703461,31.243529964068685,-10.185104353625777,1,0.0,0.0,interior
T099,L,799,T003,175,0,mapped,-14.996492668970047,30.68450712995469,-9.698590631593945,1,0.0,0.0,interior
T099,L,800,T003,176,0,mapped,-15.473696844625948,29.819068902599764,-9.305703718810118,1,0.0,0.0,interior
T099,L,801,T003,177,0,mapped,-16.284241723695505,28.89604242592832,-9.115647503721771,1,0.0,0.0,interior
T099,L,802,T003,178,0,mapped,-16.977267705350087,28.100771898270263,-9.272080998132141,1,0.0,0.0,interior
T099,L,803,T003,179,0,mapped,-17.528627155190307,27.585287835318134,-9.470999186557346,1,0.0,0.0,interior
T099,L,804,T003,180,0,mapped,-18.06428521388463,26.884652962658247,-9.993246815238834,1,0.0,0.0,interior
T099,L,805,T003,181,0,mapped,-18.47772603883362,26.42426837252815,-10.42924152572453,1,0.0,0.0,interior
T099,L,806,T003,182,0,mapped,-18.853939982149797,26.015080787656483,-10.766303837239265,1,0.0,0.0,interior
T099,L,807,T003,183,0,mapped,-19.147406805361626,25.56316806674309,-11.119066220701914,1,0.0,0.0,interior
T099,L,808,T003,184,0,mapped,-19.457349767977114,25.12930886903399,-11.379315507623758,1,0.0,0.0,interior
T099,L,809,T003,185,0,mapped,-19.54938130606915,24.53041479102209,-11.698334880014531,1,0.0,0.0,interior
T099,L,810,T003,186,0,mapped,-19.67921672740521,24.03352442201231,-11.641065383681978,1,0.0,0.0,interior
T099,L,811,T003,187,0,mapped,-19.471297275736234,23.57558575685468,-11.528504076144955,1,0.0,0.0,interior
T099,L,812,T003,188,0,mapped,-19.360891891773772,23.23787767498207,-11.303884676813958,2,9.930136612989092e-16,4.965068306494546e-16,shared_edge
T099,L,813,T003,189,0,mapped,-12.595741330812343,31.160423755401766,-11.196169636289266,2,0.0,0.0,shared_edge
T099,L,814,T003,190,0,mapped,-13.253151058043922,30.546720219815654,-10.658587271767871,1,0.0,0.0,interior
T099,L,815,T003,191,0,mapped,-14.063335324497311,29.983480585367992,-10.191166913297765,1,0.0,0.0,interior
T099,L,816,T003,192,0,mapped,-14.804235220528293,29.1935030779753,-9.901219427799663,1,0.0,0.0,interior
T099,L,817,T003,193,0,mapped,-15.563481918317738,28.45759383474572,-9.723980360652568,1,0.0,0.0,interior
T099,L,818,T003,194,0,mapped,-16.216332817086958,27.634673844730532,-9.943013830158783,1,0.0,0.0,interior
T099,L,819,T003,195,0,mapped,-16.805523681810946,27.213135281704446,-10.109999375240667,1,0.0,0.0,interior
T099,L,820,T003,196,0,mapped,-17.458957835431047,26.747611540999618,-10.414748085806202,1,0.0,0.0,interior
T099,L,821,T003,197,0,mapped,-17.94493555012702,26.266674894221417,-10.904384555655302,1,0.0,0.0,interior
T099,L,822,T003,198,0,mapped,-18.29806330223175,25.904904786402597,-11.252757096852894,1,0.0,0.0,interior
T099,L,823,T003,199,0,mapped,-18.603617114789678,25.3992511875355,-11.619255154027213,1,0.0,0.0,interior
T099,L,824,T003,200,0,mapped,-18.80084767844654,24.896780690157076,-11.855961063912147,1,0.0,0.0,interior
T099,L,825,T003,201,0,mapped,-19.038022062705988,24.327108868088757,-11.871594674989742,1,0.0,0.0,interior
T099,L,826,T003,202,0,mapped,-19.040930091775362,23.881455408957645,-11.840213926807893,1,0.0,0.0,interior
T099,L,827,T003,203,0,mapped,-18.89686755963677,23.43608444244082,-11.683448140322284,1,0.0,0.0,interior
T099,L,828,T003,204,0,mapped,-18.74731049856358,23.110725630319333,-11.385004298703107,2,9.155133597044477e-16,4.577566798522237e-16,shared_edge
T099,L,829,T003,205,0,mapped,-12.667250070019492,29.999257641384148,-11.242718108228395,2,0.0,0.0,shared_edge
T099,L,830,T003,206,0,mapped,-13.457192296075023,29.467402012201678,-10.871910007678808,1,0.0,0.0,interior
T099,L,831,T003,207,0,mapped,-14.319340783600168,28.734321215236346,-10.592741218563532,1,0.0,0.0,interior
T099,L,832,T003,208,0,mapped,-15.068616432346971,27.968140379471794,-10.567468415563697,1,0.0,0.0,interior
T099,L,833,T003,209,0,mapped,-15.671253036291805,27.466323153525106,-10.63261022362362,1,0.0,0.0,interior
T099,L,834,T003,210,0,mapped,-16.348464718689772,26.993544088250786,-10.868827717202153,1,0.0,0.0,interior
T099,L,835,T003,211,0,mapped,-17.00756300598181,26.60219233255818,-11.177262399002627,1,0.0,0.0,interior
T099,L,836,T003,212,0,mapped,-17.559368227863235,26.164235120296556,-11.485138817051022,1,0.0,0.0,interior
T099,L,837,T003,213,0,mapped,-17.97653354770714,25.734122804595682,-11.74973252381439,1,0.0,0.0,interior
T099,L,838,T003,214,0,mapped,-18.175862057700623,25.267110740971148,-12.088424176771934,1,0.0,0.0,interior
T099,L,839,T003,215,0,mapped,-18.46465581492356,24.681422427938756,-12.15648284489683,1,0.0,0.0,interior
T099,L,840,T003,216,0,mapped,-18.483102133974562,24.09942096918817,-12.2067504845564,1,0.0,0.0,interior
T099,L,841,T003,217,0,mapped,-18.514681134150354,23.617070950432378,-12.040478273247256,1,0.0,0.0,interior
T099,L,842,T003,218,0,mapped,-18.369889460673743,23.244686253611054,-11.867958879374338,1,0.0,0.0,interior
T099,L,843,T003,219,0,mapped,-18.157583267735966,22.893984203918734,-11.460933289204739,2,2.591841747874025e-15,1.2959208739370125e-15,shared_edge
T099,L,844,T003,220,0,mapped,-12.944357653463411,28.955402009187683,-11.691543796399534,2,0.0,0.0,shared_edge
T099,L,845,T003,221,0,mapped,-13.902883142215737,28.307311640867027,-11.479177792856829,1,0.0,0.0,interior
T099,L,846,T003,222,0,mapped,-14.61046122491318,27.803232428566574,-11.408964539832876,1,0.0,0.0,interior
T099,L,847,T003,223,0,mapped,-15.331614125147441,27.306747594198345,-11.524051510522927,1,0.0,0.0,interior
T099,L,848,T003,224,0,mapped,-15.99651547221564,26.910043729612063,-11.708644868324914,1,0.0,0.0,interior
T099,L,849,T003,225,0,mapped,-16.72008496150037,26.503518429159353,-11.894201933347645,1,0.0,0.0,interior
T099,L,850,T003,226,0,mapped,-17.226459612968444,26.024380617015204,-12.266420248700358,1,0.0,0.0,interior
T099,L,851,T003,227,0,mapped,-17.625628849316644,25.626261652808,-12.374951136011516,1,0.0,0.0,interior
T099,L,852,T003,228,0,mapped,-17.91415071255904,25.086308534287575,-12.553199850860636,1,0.0,0.0,interior
T099,L,853,T003,229,0,mapped,-18.102327426220427,24.56573066917625,-12.542866542990323,1,0.0,0.0,interior
T099,L,854,T003,230,0,mapped,-18.093991758794516,23.82795779729352,-12.49788277935404,1,0.0,0.0,interior
T099,L,855,T003,231,0,mapped,-18.01806275297936,23.36690309402018,-12.301310026615194,1,0.0,0.0,interior
T099,L,856,T003,232,0,mapped,-17.875289539945484,23.02687207110259,-12.004373849376227,1,0.0,0.0,interior
T099,L,857,T003,233,0,mapped,-17.56202630781355,22.69429548484861,-11.538026485286236,2,2.664535259100376e-15,1.3322676295501878e-15,shared_edge
T099,L,858,T003,234,0,mapped,-13.560731012112146,28.16077534217835,-12.189250332214,2,0.0,0.0,shared_edge
T099,L,859,T003,235,0,mapped,-14.351833729586703,27.71351900822541,-12.152301407001712,1,0.0,0.0,interior
T099,L,860,T003,236,0,mapped,-15.140510735613477,27.304443537122843,-12.18884429720526,1,0.0,0.0,interior
T099,L,861,T003,237,0,mapped,-15.81897848818651,26.866744900210264,-12.40484026681047,1,0.0,0.0,interior
T099,L,862,T003,238,0,mapped,-16.40781483363634,26.511138891682563,-12.616594085331162,1,0.0,0.0,interior
T099,L,863,T003,239,0,mapped,-16.930971119055194,26.03462119551717,-12.914867923826865,1,0.0,0.0,interior
T099,L,864,T003,240,0,mapped,-17.35363617634581,25.50652591089264,-12.980682704121502,1,0.0,0.0,interior
T099,L,865,T003,241,0,mapped,-17.546590951843143,24.975650610981916,-13.103755842133879,1,0.0,0.0,interior
T099,L,866,T003,242,0,mapped,-17.719292419527235,24.305925369609536,-13.022084555392087,1,0.0,0.0,interior
T099,L,867,T003,243,0,mapped,-17.65713570961427,23.634444942808194,-12.901674007528065,1,0.0,0.0,interior
T099,L,868,T003,244,0,mapped,-17.521736015605157,23.132354076249655,-12.590823986422837,1,0.0,0.0,interior
T099,L,869,T003,245,0,mapped,-17.32932791371645,22.78215135679813,-12.1957956410961,1,0.0,0.0,interior
T099,L,870,T003,246,0,mapped,-16.978743127244005,22.460361618344443,-11.610704608619354,2,0.0,0.0,shared_edge
T099,L,871,T003,247,0,mapped,-14.226733377898723,27.736440100215567,-12.91013492110435,2,8.881784197001252e-16,4.440892098500626e-16,shared_edge
T099,L,872,T003,248,0,mapped,-14.991147101926323,27.27807854603015,-12.901066713182772,1,0.0,0.0,interior
T099,L,873,T003,249,0,mapped,-15.676409805518816,26.887565454204815,-13.074571406827454,1,0.0,0.0,interior
T099,L,874,T003,250,0,mapped,-16.18723223019822,26.51310643768571,-13.360349466334544,1,0.0,0.0,interior
T099,L,875,T003,251,0,mapped,-16.770976862491878,25.94475807480536,-13.490560517738952,1,0.0,0.0,interior
T099,L,876,T003,252,0,mapped,-17.111191437595465,25.359300937524843,-13.60149603590525,1,0.0,0.0,interior
T099,L,877,T003,253,0,mapped,-17.25970651711327,24.700429371562176,-13.688583289802356,1,0.0,0.0,interior
T099,L,878,T003,254,0,mapped,-17.351234833670095,23.9515613210039,-13.494129497098974,1,0.0,0.0,interior
T099,L,879,T003,255,0,mapped,-17.17442850993003,23.362500627822754,-13.33103057282096,1,0.0,0.0,interior
T099,L,880,T003,256,0,mapped,-17.055177679096055,22.89068936959378,-12.82907981292938,1,0.0,0.0,interior
T099,L,881,T003,257,0,mapped,-16.829264243876842,22.5814679155698,-12.40846512852255,1,0.0,0.0,interior
T099,L,882,T003,258,0,mapped,-16.391236898056384,22.239086044313805,-11.688232040497937,2,6.983161618628401e-16,3.4915808093142004e-16,shared_edge
T099,L,883,T003,259,0,mapped,-15.061924178545102,27.270835192713882,-13.489616107381007,2,0.0,0.0,shared_edge
T099,L,884,T003,260,0,mapped,-15.656163016898093,26.88637039039996,-13.656142541857589,1,0.0,0.0,interior
T099,L,885,T003,261,0,mapped,-16.10355735995128,26.497957716824008,-14.021791258833735,1,0.0,0.0,interior
T099,L,886,T003,262,0,mapped,-16.624556540668326,25.872605842592783,-14.06265414524982,1,0.0,0.0,interior
T099,L,887,T003,263,0,mapped,-16.932328889983914,25.132551825779142,-14.167030760692747,1,0.0,0.0,interior
T099,L,888,T003,264,0,mapped,-17.053499801579125,24.391627488305808,-14.063013278310791,1,0.0,0.0,interior
T099,L,889,T003,265,0,mapped,-16.937817961168623,23.678010907981328,-13.928756402421282,1,0.0,0.0,interior
T099,L,890,T003,266,0,mapped,-16.680392919430226,23.057240994282804,-13.595781991332053,1,0.0,0.0,interior
T099,L,891,T003,267,0,mapped,-16.405509299601896,22.599423219839014,-13.078128515512287,1,0.0,0.0,interior
T099,L,892,T003,268,0,mapped,-16.20588425695554,22.27922263388038,-12.533418472338438,1,0.0,0.0,interior
T099,L,893,T003,269,0,mapped,-15.797622389328726,22.034898107783846,-11.764962810541798,2,2.979040983896728e-15,1.489520491948364e-15,shared_edge
T099,L,894,T003,270,0,mapped,-15.670722008441043,26.856530550302516,-14.415805216220765,2,0.0,0.0,shared_edge
T099,L,895,T003,271,0,mapped,-16.17748256888366,26.283118640763746,-14.670133940721112,1,0.0,0.0,interior
T099,L,896,T003,272,0,mapped,-16.52541524963986,25.649992003102184,-14.693504294373051,1,0.0,0.0,interior
T099,L,897,T003,273,0,mapped,-16.630474858079477,24.85708999159083,-14.7777182209048,1,0.0,0.0,interior
T099,L,898,T003,274,0,mapped,-16.631882446432186,24.193089845066588,-14.608830937404086,1,0.0,0.0,interior
T099,L,899,T003,275,0,mapped,-16.40560609426721,23.50673632585088,-14.345408871694138,1,0.0,0.0,interior
T099,L,900,T003,276,0,mapped,-16.04674565496453,22.91843246229328,-13.91371731728766,1,0.0,0.0,interior
T099,L,901,T003,277,0,mapped,-15.89455537594324,22.495646754863845,-13.378607306425488,1,0.0,0.0,interior
T099,L,902,T003,278,0,mapped,-15.47720356592886,22.073514401604054,-12.639089266496777,1,0.0,0.0,interior
T099,L,903,T003,279,0,mapped,-15.179193043557582,21.9869778362918,-11.848452264450358,2,0.0,0.0,shared_edge
T099,L,904,T003,280,0,mapped,-16.032930131198036,26.18821873709113,-15.310016639579493,2,0.0,0.0,shared_edge
T099,L,905,T003,281,0,mapped,-16.26586247646658,25.481150555000315,-15.306137435130061,1,0.0,0.0,interior
T099,L,906,T003,282,0,mapped,-16.26539690309998,24.62075778455031,-15.197812047862465,1,0.0,0.0,interior
T099,L,907,T003,283,0,mapped,-16.104437134043838,23.928168362063644,-14.952490166869724,1,0.0,0.0,interior
T099,L,908,T003,284,0,mapped,-15.80822795206676,23.3499309718168,-14.540896777237478,1,0.0,0.0,interior
T099,L,909,T003,285,0,mapped,-15.544181945376213,22.815894224043674,-14.002404075901465,1,0.0,0.0,interior
T099,L,910,T003,286,0,mapped,-15.241953198767163,22.391919755197936,-13.485711525074645,1,0.0,0.0,interior
T099,L,911,T003,287,0,mapped,-14.83369798622956,22.15716552149643,-12.831584662511354,1,0.0,0.0,interior
T099,L,912,T003,288,0,mapped,-14.586375350796914,22.18716068794745,-11.933787340506647,2,2.237726045655905e-15,1.1188630228279524e-15,shared_edge
T099,L,913,T003,289,0,mapped,-15.761263917381987,25.308014651802633,-15.878565252029357,2,0.0,0.0,shared_edge
T099,L,914,T003,290,0,mapped,-15.616746566189907,24.491477760723242,-15.516849531848496,1,0.0,0.0,interior
T099,L,915,T003,291,0,mapped,-15.3359629090661,23.89959597588997,-15.105241433321867,1,0.0,0.0,interior
T099,L,916,T003,292,0,mapped,-15.130698260665618,23.399932357356008,-14.647358798575581,1,0.0,0.0,interior
T099,L,917,T003,293,0,mapped,-14.798930846280815,22.873549267377573,-14.099768265219305,1,0.0,0.0,interior
T099,L,918,T003,294,0,mapped,-14.566954332696266,22.497599126338006,-13.535976728640577,1,0.0,0.0,interior
T099,L,919,T003,295,0,mapped,-14.193877351845803,22.33335870218627,-12.829498755661936,1,0.0,0.0,interior
T099,L,920,T003,296,0,mapped,-14.001962447220897,22.414391473533573,-12.018556533911928,2,2.613744191524948e-15,1.306872095762474e-15,shared_edge
T099,L,921,T003,297,0,mapped,-14.973923840264119,24.574975070809515,-15.63005581135862,2,0.0,0.0,shared_edge
T099,L,922,T003,298,0,mapped,-14.620857159397998,24.006718724065447,-15.138587415528745,1,0.0,0.0,interior
T099,L,923,T003,299,0,mapped,-14.42740709044076,23.481224800721446,-14.570309972748461,1,0.0,0.0,interior
T099,L,924,T003,300,0,mapped,-14.218547549018158,23.017165851533818,-14.032025532175311,1,0.0,0.0,interior
T099,L,925,T003,301,0,mapped,-13.963965447363716,22.730768995789322,-13.51266004502066,1,0.0,0.0,interior
T099,L,926,T003,302,0,mapped,-13.628169991849655,22.615349337503325,-12.822288708201569,1,0.0,0.0,interior
T099,L,927,T003,303,0,mapped,-13.421163180006864,22.65029089772046,-12.103018632262852,2,4.440892098500626e-16,2.220446049250313e-16,shared_edge
T099,L,928,T003,304,0,mapped,-14.074051391576182,24.13258527229411,-15.142372562330717,2,0.0,0.0,shared_edge
T099,L,929,T003,305,0,mapped,-13.814222127535865,23.611421346020396,-14.58009596334568,1,0.0,0.0,interior
T099,L,930,T003,306,0,mapped,-13.717015889553915,23.17964713565706,-14.041470378889015,1,0.0,0.0,interior
T099,L,931,T003,307,0,mapped,-13.375366760809074,22.918228707346803,-13.47309168502206,1,0.0,0.0,interior
T099,L,932,T003,308,0,mapped,-13.07482879618867,22.808538236368133,-12.767146467453015,1,0.0,0.0,interior
T099,L,933,T003,309,0,mapped,-12.819776406725818,22.827193985833553,-12.189023239928368,2,6.754648797867557e-16,3.3773243989337783e-16,shared_edge
T099,L,934,T003,310,0,mapped,-13.079817102502176,23.875350303225833,-14.700769310595257,2,0.0,0.0,shared_edge
T099,L,935,T003,311,0,mapped,-13.044243621214811,23.295564639824917,-13.93215934864973,1,0.0,0.0,interior
T099,L,936,T003,312,0,mapped,-12.848034799252249,23.015907405847738,-13.362404213100582,1,0.0,0.0,interior
T099,L,937,T003,313,0,mapped,-12.485693964381266,22.924523793565058,-12.739915460634528,1,0.0,0.0,interior
T099,L,938,T003,314,0,mapped,-12.198954620324173,22.86965835359302,-12.274787243135833,2,7.832041159795668e-16,3.916020579897834e-16,shared_edge
T099,L,939,T003,315,0,mapped,-12.529431785786896,23.335762331148405,-13.842161868229022,2,0.0,0.0,shared_edge
T099,L,940,T003,316,0,mapped,-12.225832284399262,23.122113948871885,-13.28671332440118,1,0.0,0.0,interior
T099,L,941,T003,317,0,mapped,-11.90737590612039,22.93813250131817,-12.760137579653595,1,0.0,0.0,interior
T099,L,942,T003,318,0,mapped,-11.601319055637443,22.68435959029333,-12.352474595036947,2,7.385278330912554e-16,3.692639165456277e-16,shared_edge
T099,L,943,T003,319,0,mapped,-11.618664452039612,23.05891098385154,-13.180733498275314,2,0.0,0.0,shared_edge
T099,L,944,T003,320,0,mapped,-11.388687871973444,22.73949809925695,-12.72382499786726,1,0.0,0.0,interior
T099,L,945,T003,321,0,mapped,-11.156223040122546,22.260259157773287,-12.442375597529079,2,6.280369834735102e-16,3.1401849173675503e-16,shared_edge
T099,L,946,T003,322,0,mapped,-10.945705040486358,22.314621934348715,-12.753736522567973,2,0.0,0.0,shared_edge
T099,L,947,T006,25,0,mapped,-10.856678606139642,21.76531008210438,-12.636348190472109,2,0.405410448348199,0.2027052241740995,shared_edge
T099,L,948,T003,324,-1,landmark_vertex,-10.762270820495136,21.14222984396292,-12.635825232017154,4,0.0,0.0,landmark
T099,L,949,T004,26,0,mapped,-16.95602600995014,31.49832921671795,-17.32085738562072,1,0.0,0.0,interior
T099,L,950,T004,27,0,mapped,-16.286517606825235,31.64667352771513,-17.04793540531647,1,0.0,0.0,interior
T099,L,951,T004,28,0,mapped,-15.505900638419947,31.852542067582192,-16.780822227316776,1,0.0,0.0,interior
T099,L,952,T004,29,0,mapped,-14.911596824614094,31.867194714098922,-16.47622627462736,1,0.0,0.0,interior
T099,L,953,T004,30,0,mapped,-14.190578255188926,31.86993574793074,-16.227995965915895,1,0.0,0.0,interior
T099,L,954,T004,31,0,mapped,-13.497372683349841,32.01372027445561,-15.990613092827674,1,0.0,0.0,interior
T099,L,955,T004,32,0,mapped,-12.712094502214518,31.93491685740057,-15.855154735907647,1,0.0,0.0,interior
T099,L,956,T004,33,0,mapped,-11.943020279559539,32.19553038847042,-15.606013436894337,1,0.0,0.0,interior
T099,L,957,T004,34,0,mapped,-11.354834273242822,32.58875061307828,-15.36944542053256,1,0.0,0.0,interior
T099,L,958,T004,35,0,mapped,-10.706631205522818,32.74279000593053,-15.23701345617794,1,0.0,0.0,interior
T099,L,959,T004,36,0,mapped,-10.051801635971724,32.558648668450836,-15.182205298275703,1,0.0,0.0,interior
T099,L,960,T004,37,0,mapped,-9.552363182157256,32.183526360302054,-15.297688936258258,1,0.0,0.0,interior
T099,L,961,T004,38,0,mapped,-9.20268537116605,31.477551079223296,-15.551866099425729,1,0.0,0.0,interior
T099,L,962,T004,39,0,mapped,-9.367329802203184,31.111445046306102,-16.092027302901386,1,0.0,0.0,interior
T099,L,963,T004,40,0,mapped,-10.002487850705984,31.036152171186437,-16.75483534737196,1,0.0,0.0,interior
T099,L,964,T004,41,0,mapped,-10.547777171622364,31.098857482882785,-17.264259492831716,1,0.0,0.0,interior
T099,L,965,T004,42,0,mapped,-11.071762612217546,31.131555239808407,-17.779770242759202,1,0.0,0.0,interior
T099,L,966,T004,43,0,mapped,-11.592223198316509,31.044805332956415,-18.29305285026072,1,0.0,0.0,interior
T099,L,967,T004,44,0,mapped,-12.082548438260261,30.857411692645925,-18.83775104313116,1,0.0,0.0,interior
T099,L,968,T004,45,0,mapped,-12.440740558337566,30.504266165415878,-19.31376945141422,1,0.0,0.0,interior
T099,L,969,T004,46,0,mapped,-12.55204712410923,29.856765147058486,-19.710829503681133,1,0.0,0.0,interior
T099,L,970,T004,47,0,mapped,-12.491805009932419,29.27936792426903,-20.03467725609718,1,0.0,0.0,interior
T099,L,971,T004,48,0,mapped,-11.902807296927637,28.618979066640783,-20.06514416342599,1,0.0,0.0,interior
T099,L,972,T004,50,0,mapped,-16.01097901094015,31.597310823163557,-16.473265843181327,1,0.0,0.0,interior
T099,L,973,T004,51,0,mapped,-15.444368482086572,31.58827430906247,-16.269314353085505,1,0.0,0.0,interior
T099,L,974,T004,52,0,mapped,-14.831873332849868,31.625180712141713,-15.967421788377333,1,0.0,0.0,interior
T099,L,975,T004,53,0,mapped,-14.14828937514364,31.69215128785133,-15.706892454619512,1,0.0,0.0,interior
T099,L,976,T004,54,0,mapped,-13.388551469310446,31.69399110687999,-15.4113906258527,1,0.0,0.0,interior
T099,L,977,T004,55,0,mapped,-12.564163064495764,31.793918614617965,-15.194034477802633,1,0.0,0.0,interior
T099,L,978,T004,56,0,mapped,-11.848472478452427,32.23594318256074,-14.984803467092277,1,0.0,0.0,interior
T099,L,979,T004,57,0,mapped,-11.288540231501676,32.6859187619571,-14.83260355943404,1,0.0,0.0,interior
T099,L,980,T004,58,0,mapped,-10.653663925604214,32.60850899258867,-14.719226044096303,1,0.0,0.0,interior
T099,L,981,T004,59,0,mapped,-9.995134866556292,32.290866672223984,-14.800657486420738,1,0.0,0.0,interior
T099,L,982,T004,60,0,mapped,-9.560217868226536,31.654619713529833,-14.919323405968173,1,0.0,0.0,interior
T099,L,983,T004,61,0,mapped,-9.530996273645552,30.95032751229206,-15.432520235481157,1,0.0,0.0,interior
T099,L,984,T004,62,0,mapped,-9.944929926577458,30.786841247955543,-15.947783600020957,1,0.0,0.0,interior
T099,L,985,T004,63,0,mapped,-10.514730830276669,30.81854286671286,-16.53197877588434,1,0.0,0.0,interior
T099,L,986,T004,64,0,mapped,-11.06110942952173,30.906446048372572,-17.0478647670818,1,0.0,0.0,interior
T099,L,987,T004,65,0,mapped,-11.598998006061306,30.89768917954885,-17.539885016505817,1,0.0,0.0,interior
T099,L,988,T004,66,0,mapped,-12.132315994417807,30.762263060076343,-18.05453589473628,1,0.0,0.0,interior
T099,L,989,T004,67,0,mapped,-12.436743287072773,30.564096507367445,-18.769347724848977,1,0.0,0.0,interior
T099,L,990,T004,68,0,mapped,-12.711041056012602,30.07300668127554,-19.147574391034595,1,0.0,0.0,interior
T099,L,991,T004,69,0,mapped,-12.788844229671982,29.430766575288658,-19.6144829212614,1,0.0,0.0,interior
T099,L,992,T004,70,0,mapped,-12.516185279241302,28.739595162829474,-19.81580769272182,1,0.0,0.0,interior
T099,L,993,T004,71,0,mapped,-11.948266822700907,28.262496119912637,-19.764847051044597,1,0.0,0.0,interior
T099,L,994,T004,73,0,mapped,-15.383760829432092,31.50085730193256,-15.599189992162104,1,0.0,0.0,interior
T099,L,995,T004,74,0,mapped,-14.826304768605855,31.56072408465068,-15.305906894800806,1,0.0,0.0,interior
T099,L,996,T004,75,0,mapped,-14.19208538070838,31.640047752154665,-15.107731911638698,1,0.0,0.0,interior
T099,L,997,T004,76,0,mapped,-13.358515521777228,31.690799415310167,-14.775729422058786,1,0.0,0.0,interior
T099,L,998,T004,77,0,mapped,-12.561502487022807,31.93149502103975,-14.504964721911833,1,0.0,0.0,interior
T099,L,999,T004,78,0,mapped,-11.939797740195687,32.43188448396241,-14.311542123448966,1,0.0,0.0,interior
T099,L,1000,T004,79,0,mapped,-11.319312674762044,32.678144327211704,-14.243835581279917,1,0.0,0.0,interior
T099,L,1001,T004,80,0,mapped,-10.548604051089367,32.38850698752921,-14.25496738600451,1,0.0,0.0,interior
T099,L,1002,T004,81,0,mapped,-10.0362265110325,31.81856392255372,-14.213034875271664,1,0.0,0.0,interior
T099,L,1003,T004,82,0,mapped,-9.766498486557822,31.182415810427685,-14.570562480997948,1,0.0,0.0,interior
T099,L,1004,T004,83,0,mapped,-9.88090924811781,30.6005161131276,-15.166862082111914,1,0.0,0.0,interior
T099,L,1005,T004,84,0,mapped,-10.437002015924381,30.52530790409333,-15.75098982418095,1,0.0,0.0,interior
T099,L,1006,T004,85,0,mapped,-11.018807072128393,30.629171010685045,-16.300389126369538,1,0.0,0.0,interior
T099,L,1007,T004,86,0,mapped,-11.567708810722563,30.71659457685432,-16.813429761166166,1,0.0,0.0,interior
T099,L,1008,T004,87,0,mapped,-12.102033534920515,30.6806644826055,-17.343762298461996,1,0.0,0.0,interior
T099,L,1009,T004,88,0,mapped,-12.568261687501936,30.47659393402641,-17.862779826123294,1,0.0,0.0,interior
T099,L,1010,T004,89,0,mapped,-12.911302762845013,30.115516667760158,-18.563267345272592,1,0.0,0.0,interior
T099,L,1011,T004,90,0,mapped,-13.04950899645402,29.48635862361038,-18.97057933447827,1,0.0,0.0,interior
T099,L,1012,T004,91,0,mapped,-12.980558806123614,28.924694466002535,-19.47471037947637,1,0.0,0.0,interior
T099,L,1013,T004,92,0,mapped,-12.454147251380954,28.277430560571187,-19.5361393314213,1,0.0,0.0,interior
T099,L,1014,T004,93,0,mapped,-11.937511995031937,27.925519204977412,-19.458078249288548,1,0.0,0.0,interior
T099,L,1015,T004,95,0,mapped,-14.857613387821727,31.71991084923701,-14.630073089043774,1,0.0,0.0,interior
T099,L,1016,T004,96,0,mapped,-14.168624542062348,31.822679242601016,-14.346271947276149,1,0.0,0.0,interior
T099,L,1017,T004,97,0,mapped,-13.35296886979351,31.881972386471276,-14.093220726442954,1,0.0,0.0,interior
T099,L,1018,T004,98,0,mapped,-12.638835046574771,32.20339632473736,-13.813041206104032,1,0.0,0.0,interior
T099,L,1019,T004,99,0,mapped,-11.948535524043873,32.54655903249888,-13.743389133152101,1,0.0,0.0,interior
T099,L,1020,T004,100,0,mapped,-11.304033698536974,32.52996628604523,-13.625036128931594,1,0.0,0.0,interior
T099,L,1021,T004,101,0,mapped,-10.553248306796124,32.03003926313703,-13.654529259669559,1,0.0,0.0,interior
T099,L,1022,T004,102,0,mapped,-10.145311789702797,31.383261969796234,-13.832688292858853,1,0.0,0.0,interior
T099,L,1023,T004,103,0,mapped,-9.976354211114042,30.711416124334253,-14.3356538826419,1,0.0,0.0,interior
T099,L,1024,T004,104,0,mapped,-10.319355478330761,30.296694841390416,-14.936420577003787,1,0.0,0.0,interior
T099,L,1025,T004,105,0,mapped,-10.914231201201956,30.304272496948826,-15.539221301375534,1,0.0,0.0,interior
T099,L,1026,T004,106,0,mapped,-11.50754457764869,30.44656939074914,-16.061380472483545,1,0.0,0.0,interior
T099,L,1027,T004,107,0,mapped,-12.110563789000574,30.50972659912142,-16.586235209361632,1,0.0,0.0,interior
T099,L,1028,T004,108,0,mapped,-12.579839741687648,30.453429073422125,-17.19870022122587,1,0.0,0.0,interior
T099,L,1029,T004,109,0,mapped,-12.990184207720969,30.21211610792659,-17.817005913157303,1,0.0,0.0,interior
T099,L,1030,T004,110,0,mapped,-13.160412714776596,29.675394341011476,-18.425402262451488,1,0.0,0.0,interior
T099,L,1031,T004,111,0,mapped,-13.229956499266963,29.09462762735664,-18.967997447729903,1,0.0,0.0,interior
T099,L,1032,T004,112,0,mapped,-13.016103381269254,28.43805436322292,-19.31566416839732,1,0.0,0.0,interior
T099,L,1033,T004,113,0,mapped,-12.446905171933235,27.931073722632075,-19.292343643986243,1,0.0,0.0,interior
T099,L,1034,T004,114,0,mapped,-11.851997299119455,27.591456224045533,-19.12968006443432,1,0.0,0.0,interior
T099,L,1035,T004,116,0,mapped,-14.108157040862869,32.149551972707954,-13.575136931607947,1,0.0,0.0,interior
T099,L,1036,T004,117,0,mapped,-13.379746777364517,32.23890431119111,-13.450538467942314,1,0.0,0.0,interior
T099,L,1037,T004,118,0,mapped,-12.70443809205128,32.49508174263543,-13.306301275311828,1,0.0,0.0,interior
T099,L,1038,T004,119,0,mapped,-11.927587478146851,32.662588145241884,-13.164921469535578,1,0.0,0.0,interior
T099,L,1039,T004,120,0,mapped,-11.252534705812838,32.278813538994555,-13.108589354159621,1,0.0,0.0,interior
T099,L,1040,T004,121,0,mapped,-10.743160684915832,31.766722094805917,-13.243887693409517,1,0.0,0.0,interior
T099,L,1041,T004,122,0,mapped,-10.460095591221886,30.88113850718218,-13.546182824559887,1,0.0,0.0,interior
T099,L,1042,T004,123,0,mapped,-10.383230066243058,30.177441215017822,-14.065738423214448,1,0.0,0.0,interior
T099,L,1043,T004,124,0,mapped,-10.799593599636383,29.99997345782724,-14.773144562391932,1,0.0,0.0,interior
T099,L,1044,T004,125,0,mapped,-11.431016336546607,30.101707926032077,-15.339102900592327,1,0.0,0.0,interior
T099,L,1045,T004,126,0,mapped,-12.051863091621357,30.2650530641735,-15.853696908010802,1,0.0,0.0,interior
T099,L,1046,T004,127,0,mapped,-12.636303005476087,30.29319894917176,-16.458390204980457,1,0.0,0.0,interior
T099,L,1047,T004,128,0,mapped,-13.045975821232574,30.190161554333777,-17.131254212955,1,0.0,0.0,interior
T099,L,1048,T004,129,0,mapped,-13.420904745802307,29.864360682082292,-17.72404498027032,1,0.0,0.0,interior
T099,L,1049,T004,130,0,mapped,-13.447028004623446,29.24377069012456,-18.324627243552374,1,0.0,0.0,interior
T099,L,1050,T004,131,0,mapped,-13.411091257867211,28.58936077901399,-18.953219683484836,1,0.0,0.0,interior
T099,L,1051,T004,132,0,mapped,-13.083043803674832,27.968884457858483,-19.065762654152486,1,0.0,0.0,interior
T099,L,1052,T004,133,0,mapped,-12.381694744260379,27.585838159078186,-19.00615879022829,1,0.0,0.0,interior
T099,L,1053,T004,134,0,mapped,-11.766312222303792,27.26561196457368,-18.793027822613023,1,0.0,0.0,interior
T099,L,1054,T004,136,0,mapped,-13.340258462615443,32.546469312832,-12.88787510069053,1,0.0,0.0,interior
T099,L,1055,T004,137,0,mapped,-12.6466137035412,32.70893809763406,-12.722574727094637,1,0.0,0.0,interior
T099,L,1056,T004,138,0,mapped,-12.03654734654191,32.47312444906497,-12.494516164357169,1,0.0,0.0,interior
T099,L,1057,T004,139,0,mapped,-11.374109038236568,31.927726773890925,-12.578788772874983,1,0.0,0.0,interior
T099,L,1058,T004,140,0,mapped,-10.916862926606736,31.223032967578888,-12.835656965187786,1,0.0,0.0,interior
T099,L,1059,T004,141,0,mapped,-10.796075618669125,30.448725232273006,-13.266844588249029,1,0.0,0.0,interior
T099,L,1060,T004,142,0,mapped,-10.779217150986177,29.809160987521054,-13.88822024340391,1,0.0,0.0,interior
T099,L,1061,T004,143,0,mapped,-11.264753335504324,29.718851208014346,-14.616178440727113,1,0.0,0.0,interior
T099,L,1062,T004,144,0,mapped,-11.960344895051726,29.898258114412805,-15.123122712215043,1,0.0,0.0,interior
T099,L,1063,T004,145,0,mapped,-12.608811678100677,30.05126921995999,-15.68292535932338,1,0.0,0.0,interior
T099,L,1064,T004,146,0,mapped,-13.124302663904356,30.033688280398998,-16.35220719121486,1,0.0,0.0,interior
T099,L,1065,T004,147,0,mapped,-13.457636442323816,29.87075938015,-17.077920930421403,1,0.0,0.0,interior
T099,L,1066,T004,148,0,mapped,-13.766042624405594,29.43867467445142,-17.642883882695443,1,0.0,0.0,interior
T099,L,1067,T004,149,0,mapped,-13.814933174912396,28.68346395358373,-18.298723635470147,1,0.0,0.0,interior
T099,L,1068,T004,150,0,mapped,-13.501650820775009,28.067419940021328,-18.789509811704175,1,0.0,0.0,interior
T099,L,1069,T004,151,0,mapped,-13.065832386138036,27.506111773966246,-18.758034910097233,1,0.0,0.0,interior
T099,L,1070,T004,152,0,mapped,-12.42926107735603,27.23991115506544,-18.682228643229337,1,0.0,0.0,interior
T099,L,1071,T004,153,0,mapped,-11.680639658571526,26.967559642149077,-18.432691885852073,1,0.0,0.0,interior
T099,L,1072,T004,155,0,mapped,-12.738517424399303,32.64328037612008,-12.103891885669,1,0.0,0.0,interior
T099,L,1073,T004,156,0,mapped,-12.089789681829998,32.086503247388734,-12.0203075373684,1,0.0,0.0,interior
T099,L,1074,T004,157,0,mapped,-11.639727470979475,31.49485591133879,-12.070447523213314,1,0.0,0.0,interior
T099,L,1075,T004,158,0,mapped,-11.206519540066042,30.67680161796887,-12.468858923899141,1,0.0,0.0,interior
T099,L,1076,T004,159,0,mapped,-11.06155496186804,30.09048293910938,-13.079703776358478,1,0.0,0.0,interior
T099,L,1077,T004,160,0,mapped,-11.322057609624451,29.37700731556991,-13.69097429803329,1,0.0,0.0,interior
T099,L,1078,T004,161,0,mapped,-11.789038144475015,29.449966990885727,-14.368360794442903,1,0.0,0.0,interior
T099,L,1079,T004,162,0,mapped,-12.500502955565555,29.691896078312737,-14.926664089548488,1,0.0,0.0,interior
T099,L,1080,T004,163,0,mapped,-13.094922292346606,29.798458478200246,-15.524062211563262,1,0.0,0.0,interior
T099,L,1081,T004,164,0,mapped,-13.604290904708705,29.692741076955773,-16.211158108152368,1,0.0,0.0,interior
T099,L,1082,T004,165,0,mapped,-13.811989976647755,29.440946944378624,-16.935302577247267,1,0.0,0.0,interior
T099,L,1083,T004,166,0,mapped,-14.065436814314635,28.92408391432675,-17.53892849894867,1,0.0,0.0,interior
T099,L,1084,T004,167,0,mapped,-14.006465265830279,28.22088688961487,-18.229049524400686,1,0.0,0.0,interior
T099,L,1085,T004,168,0,mapped,-13.679492580575836,27.60477163770252,-18.504623418449768,1,0.0,0.0,interior
T099,L,1086,T004,169,0,mapped,-13.030449899539896,27.10848975243972,-18.43779449231764,1,0.0,0.0,interior
T099,L,1087,T004,170,0,mapped,-12.341304259477173,26.839173406915204,-18.267105432531217,1,0.0,0.0,interior
T099,L,1088,T004,171,0,mapped,-11.595301621155102,26.695004267314054,-18.052948089632384,1,0.0,0.0,interior
T099,L,1089,T004,173,0,mapped,-12.272997786156308,31.629167954544414,-11.592809283067584,1,0.0,0.0,interior
T099,L,1090,T004,174,0,mapped,-11.844504934095074,30.966934525725037,-11.812979050110254,1,0.0,0.0,interior
T099,L,1091,T004,175,0,mapped,-11.566559559792184,30.174476701597595,-12.24010496669707,1,0.0,0.0,interior
T099,L,1092,T004,176,0,mapped,-11.61412364108489,29.537109440987315,-12.871263717624762,1,0.0,0.0,interior
T099,L,1093,T004,177,0,mapped,-11.777357998457386,29.07928443951315,-13.625643383461481,1,0.0,0.0,interior
T099,L,1094,T004,178,0,mapped,-12.386849949493373,29.23324244425515,-14.191418172520489,1,0.0,0.0,interior
T099,L,1095,T004,179,0,mapped,-13.00289350446402,29.4533810756367,-14.775178946591533,1,0.0,0.0,interior
T099,L,1096,T004,180,0,mapped,-13.555401881767779,29.461251116960366,-15.411211927150399,1,0.0,0.0,interior
T099,L,1097,T004,181,0,mapped,-14.012264282664434,29.315531689934076,-16.177295549082086,1,0.0,0.0,interior
T099,L,1098,T004,182,0,mapped,-14.195636888626783,28.94567881172072,-16.979339916539335,1,0.0,0.0,interior
T099,L,1099,T004,183,0,mapped,-14.31228183540345,28.385691240088562,-17.488367053922172,1,0.0,0.0,interior
T099,L,1100,T004,184,0,mapped,-14.148708529623349,27.723734098764325,-18.142730801151064,1,0.0,0.0,interior
T099,L,1101,T004,185,0,mapped,-13.709596242181076,27.144140485944817,-18.214436045981245,1,0.0,0.0,interior
T099,L,1102,T004,186,0,mapped,-12.928099576579445,26.825130363445915,-18.186851199404384,1,0.0,0.0,interior
T099,L,1103,T004,187,0,mapped,-12.23128897427735,26.400823473281314,-17.790180944571965,1,0.0,0.0,interior
T099,L,1104,T004,188,0,mapped,-11.509458897297336,26.39478391953372,-17.69324463179207,1,0.0,0.0,interior
T099,L,1105,T004,190,0,mapped,-12.16876290621453,30.470205846665827,-11.540007992562833,1,0.0,0.0,interior
T099,L,1106,T004,191,0,mapped,-12.092823060532897,29.765699558454134,-11.943821676575094,1,0.0,0.0,interior
T099,L,1107,T004,192,0,mapped,-12.05554365258084,29.110036086529046,-12.739339739941551,1,0.0,0.0,interior
T099,L,1108,T004,193,0,mapped,-12.27691097455056,28.84664102563366,-13.365410822067945,1,0.0,0.0,interior
T099,L,1109,T004,194,0,mapped,-12.91933731048627,29.009121332492978,-14.025787895646628,1,0.0,0.0,interior
T099,L,1110,T004,195,0,mapped,-13.500707016706416,29.129658035170092,-14.658988135868789,1,0.0,0.0,interior
T099,L,1111,T004,196,0,mapped,-13.985223419902482,29.05135713957072,-15.337707580371717,1,0.0,0.0,interior
T099,L,1112,T004,197,0,mapped,-14.406668375494643,28.847956767001286,-16.122973342855943,1,0.0,0.0,interior
T099,L,1113,T004,198,0,mapped,-14.568432679432627,28.48131808000024,-16.866756415622895,1,0.0,0.0,interior
T099,L,1114,T004,199,0,mapped,-14.534823116516048,27.907431218088973,-17.530625602052663,1,0.0,0.0,interior
T099,L,1115,T004,200,0,mapped,-14.323242737015129,27.275273586949133,-17.91024406074106,1,0.0,0.0,interior
T099,L,1116,T004,201,0,mapped,-13.623070305679047,26.726203512772006,-17.915686918477352,1,0.0,0.0,interior
T099,L,1117,T004,202,0,mapped,-12.99835482667956,26.394675702188263,-17.74789294504844,1,0.0,0.0,interior
T099,L,1118,T004,203,0,mapped,-12.210323465217646,26.168934788268352,-17.528675725189547,1,0.0,0.0,interior
T099,L,1119,T004,204,0,mapped,-11.526020660905425,26.10406151355225,-17.33318238317757,1,0.0,0.0,interior
T099,L,1120,T004,206,0,mapped,-12.43371127940461,29.273739679354808,-11.965650405165174,1,0.0,0.0,interior
T099,L,1121,T004,207,0,mapped,-12.564787581160594,28.818342126270753,-12.54381721556773,1,0.0,0.0,interior
T099,L,1122,T004,208,0,mapped,-12.942574049948481,28.494596050521743,-13.234265494423532,1,0.0,0.0,interior
T099,L,1123,T004,209,0,mapped,-13.347228208941061,28.729628761614855,-13.857643545991817,1,0.0,0.0,interior
T099,L,1124,T004,210,0,mapped,-13.952548812728951,28.70480142260415,-14.589408236012748,1,0.0,0.0,interior
T099,L,1125,T004,211,0,mapped,-14.353686660109465,28.606364894866427,-15.285987971301497,1,0.0,0.0,interior
T099,L,1126,T004,212,0,mapped,-14.669877389885977,28.466588561936177,-16.064397489048524,1,0.0,0.0,interior
T099,L,1127,T004,213,0,mapped,-14.82900140193898,28.029669943819055,-16.804076739187106,1,0.0,0.0,interior
T099,L,1128,T004,214,0,mapped,-14.730252278982219,27.432728602164655,-17.45676102572873,1,0.0,0.0,interior
T099,L,1129,T004,215,0,mapped,-14.248989519910879,26.750192362176094,-17.683645891400843,1,0.0,0.0,interior
T099,L,1130,T004,216,0,mapped,-13.651331988632826,26.380019463539533,-17.602932127988513,1,0.0,0.0,interior
T099,L,1131,T004,217,0,mapped,-13.007521187181807,26.09304492335531,-17.417958170301276,1,0.0,0.0,interior
T099,L,1132,T004,218,0,mapped,-12.22899462922424,25.951508593057923,-17.23219871303115,1,0.0,0.0,interior
T099,L,1133,T004,219,0,mapped,-11.54202795427999,25.81921385664598,-16.9592049423248,1,0.0,0.0,interior
T099,L,1134,T004,221,0,mapped,-13.021227906185992,28.49509984526559,-12.390852947120333,1,0.0,0.0,interior
T099,L,1135,T004,222,0,mapped,-13.32396058620866,28.283578847110313,-13.119884060206237,1,0.0,0.0,interior
T099,L,1136,T004,223,0,mapped,-13.871573344998641,28.338083981172574,-13.812755525494998,1,0.0,0.0,interior
T099,L,1137,T004,224,0,mapped,-14.279274746353344,28.265943206686394,-14.551404705323426,1,0.0,0.0,interior
T099,L,1138,T004,225,0,mapped,-14.69770719025628,28.157998247010088,-15.362924191788178,1,0.0,0.0,interior
T099,L,1139,T004,226,0,mapped,-15.048268501977038,27.8575567571951,-16.080730590316325,1,0.0,0.0,interior
T099,L,1140,T004,227,0,mapped,-15.070951292648733,27.4875380890573,-16.681782609859333,1,0.0,0.0,interior
T099,L,1141,T004,228,0,mapped,-14.858435654669446,26.881443808610825,-17.274255923006265,1,0.0,0.0,interior
T099,L,1142,T004,229,0,mapped,-14.249248018917852,26.314494770059902,-17.353896403442196,1,0.0,0.0,interior
T099,L,1143,T004,230,0,mapped,-13.650141002126954,26.024004369114465,-17.23790609412199,1,0.0,0.0,interior
T099,L,1144,T004,231,0,mapped,-12.798484075185401,25.84962835648514,-17.124579563115077,1,0.0,0.0,interior
T099,L,1145,T004,232,0,mapped,-12.134091815255097,25.653114060298766,-16.78007804682285,1,0.0,0.0,interior
T099,L,1146,T004,233,0,mapped,-11.456263488880463,25.518260662999317,-16.60069041582616,1,0.0,0.0,interior
T099,L,1147,T004,235,0,mapped,-13.769579577693127,28.073767102185784,-13.107634757568274,1,0.0,0.0,interior
T099,L,1148,T004,236,0,mapped,-14.212012676484315,27.99195478756295,-13.817011617830712,1,0.0,0.0,interior
T099,L,1149,T004,237,0,mapped,-14.514597623749335,27.926760683214436,-14.622074086470333,1,0.0,0.0,interior
T099,L,1150,T004,238,0,mapped,-14.909188139892901,27.78402966682096,-15.208215070586913,1,0.0,0.0,interior
T099,L,1151,T004,239,0,mapped,-15.235747687363965,27.42366637240568,-16.01650664282502,1,0.0,0.0,interior
T099,L,1152,T004,240,0,mapped,-15.228481069968435,27.021576824794472,-16.66532270859308,1,0.0,0.0,interior
T099,L,1153,T004,241,0,mapped,-14.831811636198433,26.375585201618225,-17.073066838493272,1,0.0,0.0,interior
T099,L,1154,T004,242,0,mapped,-14.117242860324554,26.04815469499296,-17.173083713390675,1,0.0,0.0,interior
T099,L,1155,T004,243,0,mapped,-13.540700979801242,25.799182956781124,-17.004140279263346,1,0.0,0.0,interior
T099,L,1156,T004,244,0,mapped,-12.773108596555064,25.562472092447567,-16.76102991477937,1,0.0,0.0,interior
T099,L,1157,T004,245,0,mapped,-12.02545421835211,25.414595505700504,-16.474746351682807,1,0.0,0.0,interior
T099,L,1158,T004,246,0,mapped,-11.370708360965516,25.240089591390188,-16.224191228624637,1,0.0,0.0,interior
T099,L,1159,T004,248,0,mapped,-14.507118906784811,27.673119986931173,-13.65356477458241,1,0.0,0.0,interior
T099,L,1160,T004,249,0,mapped,-14.864792431821657,27.478409245504643,-14.407383865224695,1,0.0,0.0,interior
T099,L,1161,T004,250,0,mapped,-15.292186152835649,27.305300287455168,-15.159189371174607,1,0.0,0.0,interior
T099,L,1162,T004,251,0,mapped,-15.42234068160834,27.02649336190764,-16.00669058605782,1,0.0,0.0,interior
T099,L,1163,T004,252,0,mapped,-15.3184910279439,26.51181212054495,-16.626754425477422,1,0.0,0.0,interior
T099,L,1164,T004,253,0,mapped,-14.735805694965743,25.951668139537897,-16.857865487856554,1,0.0,0.0,interior
T099,L,1165,T004,254,0,mapped,-13.969292010487475,25.69830374470056,-16.86712112745466,1,0.0,0.0,interior
T099,L,1166,T004,255,0,mapped,-13.345933118222437,25.419118277827444,-16.60352176870613,1,0.0,0.0,interior
T099,L,1167,T004,256,0,mapped,-12.65725594352189,25.294986701609766,-16.3853726358395,1,0.0,0.0,interior
T099,L,1168,T004,257,0,mapped,-11.966870829804977,25.141372515486974,-16.119701744622603,1,0.0,0.0,interior
T099,L,1169,T004,258,0,mapped,-11.284978902545046,24.94169707627857,-15.863737683723613,1,0.0,0.0,interior
T099,L,1170,T004,260,0,mapped,-15.39421044829429,27.102277202959883,-14.292653121188586,1,0.0,0.0,interior
T099,L,1171,T004,261,0,mapped,-15.583704816779072,26.90073890138737,-15.16466202118771,1,0.0,0.0,interior
T099,L,1172,T004,262,0,mapped,-15.621087642740621,26.5535274785108,-15.986200271607169,1,0.0,0.0,interior
T099,L,1173,T004,263,0,mapped,-15.319568010428128,25.979614343392573,-16.4996762895249,1,0.0,0.0,interior
T099,L,1174,T004,264,0,mapped,-14.622065587088988,25.547232722673378,-16.584772990454383,1,0.0,0.0,interior
T099,L,1175,T004,265,0,mapped,-13.875805423384485,25.296217409080064,-16.45447372319352,1,0.0,0.0,interior
T099,L,1176,T004,266,0,mapped,-13.18636410372443,25.124070746864138,-16.193121511204325,1,0.0,0.0,interior
T099,L,1177,T004,267,0,mapped,-12.46007430174731,25.054554992946837,-16.092533671138384,1,0.0,0.0,interior
T099,L,1178,T004,268,0,mapped,-11.823515823877194,24.896474668204483,-15.797183009626538,1,0.0,0.0,interior
T099,L,1179,T004,269,0,mapped,-11.199231047211994,24.650641582350787,-15.496875835990245,1,0.0,0.0,interior
T099,L,1180,T004,271,0,mapped,-15.849826909780296,26.53816928608872,-15.173691955962338,1,0.0,0.0,interior
T099,L,1181,T004,272,0,mapped,-15.701014597312007,26.043587481806174,-16.081672368098975,1,0.0,0.0,interior
T099,L,1182,T004,273,0,mapped,-15.25749721672253,25.62119960013404,-16.362166912522937,1,0.0,0.0,interior
T099,L,1183,T004,274,0,mapped,-14.51566317520275,25.283219818858512,-16.36535616845251,1,0.0,0.0,interior
T099,L,1184,T004,275,0,mapped,-13.70814612678617,25.00213268963487,-16.085836803643428,1,0.0,0.0,interior
T099,L,1185,T004,276,0,mapped,-13.031104191411682,24.910970918456062,-15.946136244183448,1,0.0,0.0,interior
T099,L,1186,T004,277,0,mapped,-12.382557714833094,24.761020130496075,-15.672361577412032,1,0.0,0.0,interior
T099,L,1187,T004,278,0,mapped,-11.758779571258545,24.652689787633943,-15.498639477531427,1,0.0,0.0,interior
T099,L,1188,T004,279,0,mapped,-11.113402111171647,24.33650078256561,-15.149179126082148,1,0.0,0.0,interior
T099,L,1189,T004,281,0,mapped,-15.668666657933121,25.684891442258706,-16.07488947124011,1,0.0,0.0,interior
T099,L,1190,T004,282,0,mapped,-15.155483021232975,25.165500701457326,-16.112455572366834,1,0.0,0.0,interior
T099,L,1191,T004,283,0,mapped,-14.362341313172944,24.950133188109962,-16.03122119835973,1,0.0,0.0,interior
T099,L,1192,T004,284,0,mapped,-13.647811760557282,24.786923000671518,-15.824410755704383,1,0.0,0.0,interior
T099,L,1193,T004,285,0,mapped,-12.957189610000182,24.654647465798266,-15.61260873427529,1,0.0,0.0,interior
T099,L,1194,T004,286,0,mapped,-12.334622797295893,24.536251900034124,-15.38368767476672,1,0.0,0.0,interior
T099,L,1195,T004,287,0,mapped,-11.624253867017217,24.432692327891683,-15.224939048892546,1,0.0,0.0,interior
T099,L,1196,T004,288,0,mapped,-11.027744375013182,24.01207548449032,-14.811509445750673,1,0.0,0.0,interior
T099,L,1197,T004,290,0,mapped,-15.039757359277036,24.890855473183205,-15.908087342063592,1,0.0,0.0,interior
T099,L,1198,T004,291,0,mapped,-14.295665278173093,24.622408083379277,-15.692050518352536,1,0.0,0.0,interior
T099,L,1199,T004,292,0,mapped,-13.565258635023849,24.55961421000499,-15.562384126551576,1,0.0,0.0,interior
T099,L,1200,T004,293,0,mapped,-12.855471633224354,24.34997161268939,-15.218357414284622,1,0.0,0.0,interior
T099,L,1201,T004,294,0,mapped,-12.222301532655202,24.352360712386915,-15.143693349672935,1,0.0,0.0,interior
T099,L,1202,T004,295,0,mapped,-11.50202765107222,24.011358554740728,-14.699678069826764,1,0.0,0.0,interior
T099,L,1203,T004,296,0,mapped,-10.940537949993422,23.69594441890193,-14.466378411955748,1,0.0,0.0,interior
T099,L,1204,T004,298,0,mapped,-14.24858061316379,24.32975940551156,-15.379741098013232,1,0.0,0.0,interior
T099,L,1205,T004,299,0,mapped,-13.45841326541784,24.328941675334082,-15.272644770126433,1,0.0,0.0,interior
T099,L,1206,T004,300,0,mapped,-12.734222448729463,24.16789941258778,-14.996573667708253,1,0.0,0.0,interior
T099,L,1207,T004,301,0,mapped,-12.145565365292471,24.00187824093873,-14.69064162595257,1,0.0,0.0,interior
T099,L,1208,T004,302,0,mapped,-11.41872426991928,23.71196070199423,-14.354452403788528,1,0.0,0.0,interior
T099,L,1209,T004,303,0,mapped,-10.840422130938201,23.37942559758662,-14.125271952118213,1,0.0,0.0,interior
T099,L,1210,T004,305,0,mapped,-13.27618803717183,23.94705730982753,-14.846220497628021,1,0.0,0.0,interior
T099,L,1211,T004,306,0,mapped,-12.62516140225013,23.967277774666595,-14.734799752021832,1,0.0,0.0,interior
T099,L,1212,T004,307,0,mapped,-12.034867592832542,23.773368610553884,-14.393664836512487,1,0.0,0.0,interior
T099,L,1213,T004,308,0,mapped,-11.315582654177765,23.47367401742007,-14.05741333733678,1,0.0,0.0,interior
T099,L,1214,T004,309,0,mapped,-10.77114426226392,23.041784426967688,-13.798626682761869,1,0.0,0.0,interior
T099,L,1215,T004,311,0,mapped,-12.545402171592304,23.658568103129888,-14.305948800232924,1,0.0,0.0,interior
T099,L,1216,T004,312,0,mapped,-11.927146671205765,23.506588103662274,-14.012740040321258,1,0.0,0.0,interior
T099,L,1217,T004,313,0,mapped,-11.189092630972494,23.173069081677045,-13.63716423923262,1,0.0,0.0,interior
T099,L,1218,T004,314,0,mapped,-10.687919162211621,22.724034111988416,-13.456583621330868,1,0.0,0.0,interior
T099,L,1219,T004,316,0,mapped,-11.703464974288432,23.266058307069983,-13.609293453060051,1,0.0,0.0,interior
T099,L,1220,T004,317,0,mapped,-11.067583531303686,22.91005607219883,-13.361611656662866,1,0.0,0.0,interior
T099,L,1221,T004,318,0,mapped,-10.632888550122782,22.36075960908213,-13.15574595743731,1,0.0,0.0,interior
T099,L,1222,T004,320,0,mapped,-10.981691374056412,22.648957414849615,-13.060523300749725,1,0.0,0.0,interior
T099,L,1223,T004,321,0,mapped,-10.714430833374783,21.965819429409308,-12.912201808109797,1,0.0,0.0,interior
T099,L,1224,T004,323,0,mapped,-10.771291469693226,21.58864943302629,-12.692484602996863,1,0.0,0.0,interior
T099,L,1225,T005,1,0,mapped,-19.03379187645144,31.19982308074664,-18.456331962483706,1,0.0,0.0,interior
T099,L,1226,T005,2,0,mapped,-19.618508184028173,31.124360320044417,-18.802998383020306,1,0.0,0.0,interior
T099,L,1227,T005,3,0,mapped,-20.197309385331998,30.963306919747247,-19.0284343103666,1,0.0,0.0,interior
T099,L,1228,T005,4,0,mapped,-20.78747989596082,30.632484815357735,-18.96603641194848,1,0.0,0.0,interior
T099,L,1229,T005,5,0,mapped,-21.35325143639185,30.41188736920569,-19.259771451035725,1,0.0,0.0,interior
T099,L,1230,T005,6,0,mapped,-21.89241645624588,30.177422094097892,-19.507932584298665,1,0.0,0.0,interior
T099,L,1231,T005,7,0,mapped,-22.410775387767025,29.880786679727137,-19.731448712347927,1,0.0,0.0,interior
T099,L,1232,T005,8,0,mapped,-22.952679020111034,29.52314577966206,-19.943955241940934,1,0.0,0.0,interior
T099,L,1233,T005,9,0,mapped,-23.47351673209963,29.09553174031919,-19.994038922027876,1,0.0,0.0,interior
T099,L,1234,T005,10,0,mapped,-23.94916040200861,28.640137492204694,-20.080845028217475,1,0.0,0.0,interior
T099,L,1235,T005,11,0,mapped,-24.353076660849837,28.212703832745586,-20.299554873818277,1,0.0,0.0,interior
T099,L,1236,T005,12,0,mapped,-24.698393821913456,27.750705131135792,-20.56499638155022,1,0.0,0.0,interior
T099,L,1237,T005,13,0,mapped,-25.015824981525334,27.213052145303454,-20.71193237890389,1,0.0,0.0,interior
T099,L,1238,T005,14,0,mapped,-25.292018372739285,26.6473332752053,-20.82691219952786,1,0.0,0.0,interior
T099,L,1239,T005,15,0,mapped,-25.520689076507363,26.092477672758324,-21.06588639787428,1,0.0,0.0,interior
T099,L,1240,T005,16,0,mapped,-25.69054499745812,25.532261920466432,-21.40344433761166,1,0.0,0.0,interior
T099,L,1241,T005,17,0,mapped,-25.80160644492757,24.960543667133624,-21.740007407419007,1,0.0,0.0,interior
T099,L,1242,T005,18,0,mapped,-25.90149716084497,24.452561252380065,-22.184212509588818,1,0.0,0.0,interior
T099,L,1243,T005,19,0,mapped,-25.991781254943234,23.806574181317064,-22.322292317793732,1,0.0,0.0,interior
T099,L,1244,T005,20,0,mapped,-26.053709393873007,23.15733831353188,-22.453098099453307,1,0.0,0.0,interior
T099,L,1245,T005,21,0,mapped,-26.109483802364174,22.489449854865796,-22.479730886450124,1,0.0,0.0,interior
T099,L,1246,T005,22,0,mapped,-26.12461489041552,21.805865005988913,-22.46293329585336,1,0.0,0.0,interior
T099,L,1247,T005,23,0,mapped,-26.078273841381108,21.123397855654638,-22.454561313223756,1,0.0,0.0,interior
T099,L,1248,T009,324,-1,landmark_vertex,-26.113945369823732,20.46020562673646,-22.51660651041932,4,0.0,0.0,landmark
T099,L,1249,T005,26,0,mapped,-19.602819276275394,30.840960736368615,-18.288804378986782,1,0.0,0.0,interior
T099,L,1250,T005,27,0,mapped,-20.192370333183387,30.7506005317272,-18.581972119264492,1,0.0,0.0,interior
T099,L,1251,T005,28,0,mapped,-20.79712334662007,30.51325355639149,-18.655923941092404,1,0.0,0.0,interior
T099,L,1252,T005,29,0,mapped,-21.30468546185555,30.319413107276333,-18.838635077782644,1,0.0,0.0,interior
T099,L,1253,T005,30,0,mapped,-21.83710908083362,30.08584772676663,-19.02780437002782,1,0.0,0.0,interior
T099,L,1254,T005,31,0,mapped,-22.346119031527458,29.77298413329676,-19.118912014056715,1,0.0,0.0,interior
T099,L,1255,T005,32,0,mapped,-22.85876179735166,29.449559579658818,-19.2902753716249,1,0.0,0.0,interior
T099,L,1256,T005,33,0,mapped,-23.40108456946868,29.043633275764485,-19.409567108196736,1,0.0,0.0,interior
T099,L,1257,T005,34,0,mapped,-23.887059380297895,28.611096318624547,-19.57462813250428,1,0.0,0.0,interior
T099,L,1258,T005,35,0,mapped,-24.229444091514722,28.281113548893096,-19.71464943610036,1,0.0,0.0,interior
T099,L,1259,T005,36,0,mapped,-24.64685213114584,27.78178332044189,-19.953055852389067,1,0.0,0.0,interior
T099,L,1260,T005,37,0,mapped,-24.960640400958855,27.281682834947624,-20.155826117576595,1,0.0,0.0,interior
T099,L,1261,T005,38,0,mapped,-25.237774889639795,26.80543404883979,-20.24329194007872,1,0.0,0.0,interior
T099,L,1262,T005,39,0,mapped,-25.507033485286733,26.23759996521455,-20.408027490574646,1,0.0,0.0,interior
T099,L,1263,T005,40,0,mapped,-25.705834511477313,25.649713004329683,-20.714725374068816,1,0.0,0.0,interior
T099,L,1264,T005,41,0,mapped,-25.838450094541166,25.071814047771063,-20.98839560579314,1,0.0,0.0,interior
T099,L,1265,T005,42,0,mapped,-25.86133993372967,24.480762886766943,-21.314044880852443,1,0.0,0.0,interior
T099,L,1266,T005,43,0,mapped,-25.89092246028664,23.797672447228432,-21.64755620859265,1,0.0,0.0,interior
T099,L,1267,T005,44,0,mapped,-25.935263465424214,23.23369739276985,-21.78707121520749,1,0.0,0.0,interior
T099,L,1268,T005,45,0,mapped,-25.970000497911496,22.492453822490017,-21.91355410171301,1,0.0,0.0,interior
T099,L,1269,T005,46,0,mapped,-25.94072418705137,22.006841687446464,-21.948353655496106,1,0.0,0.0,interior
T099,L,1270,T005,47,0,mapped,-25.875411688871424,21.289968569338825,-21.99614517939836,1,0.0,0.0,interior
T099,L,1271,T005,48,0,mapped,-25.795006244286355,20.501159388940707,-21.9873767118791,2,2.8435583831733384e-15,1.4217791915866692e-15,shared_edge
T099,L,1272,T005,50,0,mapped,-20.19319588059947,30.647542779554556,-18.18980214771068,1,0.0,0.0,interior
T099,L,1273,T005,51,0,mapped,-20.778751217922217,30.470395176339007,-18.33619894897166,1,0.0,0.0,interior
T099,L,1274,T005,52,0,mapped,-21.219767205966026,30.29777647280384,-18.38023403508544,1,0.0,0.0,interior
T099,L,1275,T005,53,0,mapped,-21.75909722127431,30.05118214275416,-18.585669213694764,1,0.0,0.0,interior
T099,L,1276,T005,54,0,mapped,-22.287091212249475,29.75535342291115,-18.745532588613404,1,0.0,0.0,interior
T099,L,1277,T005,55,0,mapped,-22.866204972297133,29.382736221872534,-18.84463434834967,1,0.0,0.0,interior
T099,L,1278,T005,56,0,mapped,-23.324863747568052,29.05567875199348,-18.902822893663767,1,0.0,0.0,interior
T099,L,1279,T005,57,0,mapped,-23.82902394243821,28.617017938390408,-19.036829398499826,1,0.0,0.0,interior
T099,L,1280,T005,58,0,mapped,-24.121033221456127,28.362801117186542,-19.21921169895373,1,0.0,0.0,interior
T099,L,1281,T005,59,0,mapped,-24.577329151495107,27.86156405848698,-19.410426349219094,1,0.0,0.0,interior
T099,L,1282,T005,60,0,mapped,-24.93347439970192,27.36630451085958,-19.540722061092296,1,0.0,0.0,interior
T099,L,1283,T005,61,0,mapped,-25.20322350991963,26.925125897857527,-19.762325347046172,1,0.0,0.0,interior
T099,L,1284,T005,62,0,mapped,-25.479334330241432,26.413106749750323,-19.9796931229202,1,0.0,0.0,interior
T099,L,1285,T005,63,0,mapped,-25.768216416569416,25.73641601871667,-20.145157248185924,1,0.0,0.0,interior
T099,L,1286,T005,64,0,mapped,-25.865087907257973,25.224826666065564,-20.382419200253008,1,0.0,0.0,interior
T099,L,1287,T005,65,0,mapped,-25.923623755151127,24.585188616220492,-20.717533905165986,1,0.0,0.0,interior
T099,L,1288,T005,66,0,mapped,-25.90571747474256,24.017459813329005,-20.95200449566601,1,0.0,0.0,interior
T099,L,1289,T005,67,0,mapped,-25.93440542692671,23.344634037948083,-21.128466468835928,1,0.0,0.0,interior
T099,L,1290,T005,68,0,mapped,-25.906379000037354,22.76976009480877,-21.327113418581067,1,0.0,0.0,interior
T099,L,1291,T005,69,0,mapped,-25.889946777980263,22.159077120731595,-21.518506135351846,1,0.0,0.0,interior
T099,L,1292,T005,70,0,mapped,-25.79829775554269,21.616183410247167,-21.46638746010612,1,0.0,0.0,interior
T099,L,1293,T005,71,0,mapped,-25.68793141654657,20.87278393289573,-21.53948036551158,2,9.485749680535094e-16,4.742874840267547e-16,shared_edge
T099,L,1294,T005,73,0,mapped,-20.670115150242726,30.490959752561615,-17.968060298226646,1,0.0,0.0,interior
T099,L,1295,T005,74,0,mapped,-21.18812594297823,30.287393573647954,-18.020806214004104,1,0.0,0.0,interior
T099,L,1296,T005,75,0,mapped,-21.709624758210378,30.030082416230176,-18.102284780906004,1,0.0,0.0,interior
T099,L,1297,T005,76,0,mapped,-22.185406160555008,29.752570966034767,-18.235756480650906,1,0.0,0.0,interior
T099,L,1298,T005,77,0,mapped,-22.63854008741716,29.490435223251684,-18.323462623686865,1,0.0,0.0,interior
T099,L,1299,T005,78,0,mapped,-23.255765274896675,29.07809590432675,-18.39867098301293,1,0.0,0.0,interior
T099,L,1300,T005,79,0,mapped,-23.687710338572835,28.71189348649057,-18.520498423959317,1,0.0,0.0,interior
T099,L,1301,T005,80,0,mapped,-24.07662112472806,28.355846778293078,-18.75685430880071,1,0.0,0.0,interior
T099,L,1302,T005,81,0,mapped,-24.516733452394092,27.930672913218682,-18.900777506995947,1,0.0,0.0,interior
T099,L,1303,T005,82,0,mapped,-24.876197894522495,27.498111332135313,-19.12693061620823,1,0.0,0.0,interior
T099,L,1304,T005,83,0,mapped,-25.225087815036694,27.005692135896798,-19.218178806312366,1,0.0,0.0,interior
T099,L,1305,T005,84,0,mapped,-25.47120558955215,26.56908848064692,-19.397150952573615,1,0.0,0.0,interior
T099,L,1306,T005,85,0,mapped,-25.764264173024575,25.996476200840018,-19.608029541252144,1,0.0,0.0,interior
T099,L,1307,T005,86,0,mapped,-25.94539083081692,25.381891971908647,-19.85549202309086,1,0.0,0.0,interior
T099,L,1308,T005,87,0,mapped,-26.024762559043968,24.805177334411223,-20.11497513684601,1,0.0,0.0,interior
T099,L,1309,T005,88,0,mapped,-26.04686879090005,24.218022295835812,-20.32379626989564,1,0.0,0.0,interior
T099,L,1310,T005,89,0,mapped,-26.00294211888778,23.626049284747225,-20.507958841887337,1,0.0,0.0,interior
T099,L,1311,T005,90,0,mapped,-26.001353457789108,22.945699575901934,-20.693013462793854,1,0.0,0.0,interior
T099,L,1312,T005,91,0,mapped,-25.927859843000746,22.363821629113485,-20.92290640911946,1,0.0,0.0,interior
T099,L,1313,T005,92,0,mapped,-25.78595230271229,21.631634546899562,-20.98180844855296,1,0.0,0.0,interior
T099,L,1314,T005,93,0,mapped,-25.66995663385716,21.125442807386992,-21.02056382667557,2,8.881784197001252e-16,4.440892098500626e-16,shared_edge
T099,L,1315,T005,95,0,mapped,-21.13159626197239,30.32330074734728,-17.628383852009748,1,0.0,0.0,interior
T099,L,1316,T005,96,0,mapped,-21.644207588092613,30.062939309294222,-17.642512742775946,1,0.0,0.0,interior
T099,L,1317,T005,97,0,mapped,-22.092929970540396,29.786786871439936,-17.814663951756035,1,0.0,0.0,interior
T099,L,1318,T005,98,0,mapped,-22.616514326173853,29.49689819564363,-17.8247107436639,1,0.0,0.0,interior
T099,L,1319,T005,99,0,mapped,-23.07385645809966,29.225297384152427,-17.945528450486616,1,0.0,0.0,interior
T099,L,1320,T005,100,0,mapped,-23.550825554694143,28.848560631567064,-18.004574414657906,1,0.0,0.0,interior
T099,L,1321,T005,101,0,mapped,-23.96947269625624,28.43306825359099,-18.21291992666151,1,0.0,0.0,interior
T099,L,1322,T005,102,0,mapped,-24.424304984312876,28.020404862038763,-18.3871657627507,1,0.0,0.0,interior
T099,L,1323,T005,103,0,mapped,-24.772642588615167,27.65915806444121,-18.61110316588172,1,0.0,0.0,interior
T099,L,1324,T005,104,0,mapped,-25.11825041648357,27.259255813173617,-18.77519568260768,1,0.0,0.0,interior
T099,L,1325,T005,105,0,mapped,-25.52027165421253,26.648189344709944,-18.899284910568973,1,0.0,0.0,interior
T099,L,1326,T005,106,0,mapped,-25.76870832779758,26.15951715559095,-19.125412479672622,1,0.0,0.0,interior
T099,L,1327,T005,107,0,mapped,-26.05191704375723,25.51800793733121,-19.281782435190664,1,0.0,0.0,interior
T099,L,1328,T005,108,0,mapped,-26.144924019525774,24.924742616162078,-19.5795215825914,1,0.0,0.0,interior
T099,L,1329,T005,109,0,mapped,-26.20671162609222,24.291417622301168,-19.740310416003922,1,0.0,0.0,interior
T099,L,1330,T005,110,0,mapped,-26.18190649347533,23.672895902932318,-19.946343136436855,1,0.0,0.0,interior
T099,L,1331,T005,111,0,mapped,-26.137832585583936,23.04715060631171,-20.09238349008952,1,0.0,0.0,interior
T099,L,1332,T005,112,0,mapped,-26.052188165918285,22.41188598341246,-20.28342050199259,1,0.0,0.0,interior
T099,L,1333,T005,113,0,mapped,-25.88776883558981,21.774046930983808,-20.369425819020964,1,0.0,0.0,interior
T099,L,1334,T005,114,0,mapped,-25.73542359976809,21.244336377301575,-20.427981805363185,2,2.5441811944299605e-15,1.2720905972149802e-15,shared_edge
T099,L,1335,T005,116,0,mapped,-21.637614029728972,30.091417655065257,-17.17435960389897,1,0.0,0.0,interior
T099,L,1336,T005,117,0,mapped,-22.123554406293685,29.79017824082215,-17.32693409791429,1,0.0,0.0,interior
T099,L,1337,T005,118,0,mapped,-22.544097347627154,29.54618026507057,-17.389619462375986,1,0.0,0.0,interior
T099,L,1338,T005,119,0,mapped,-22.976258704098036,29.29342314586147,-17.471361110598767,1,0.0,0.0,interior
T099,L,1339,T005,120,0,mapped,-23.453772284460502,28.94046875139979,-17.586527970131623,1,0.0,0.0,interior
T099,L,1340,T005,121,0,mapped,-23.931792279977795,28.52525945733073,-17.71250694244666,1,0.0,0.0,interior
T099,L,1341,T005,122,0,mapped,-24.260763392608794,28.16719950669052,-17.88849491085059,1,0.0,0.0,interior
T099,L,1342,T005,123,0,mapped,-24.732879736633556,27.748724786980137,-18.02558401465136,1,0.0,0.0,interior
T099,L,1343,T005,124,0,mapped,-25.13372565674586,27.284246532671272,-18.43320003639633,1,0.0,0.0,interior
T099,L,1344,T005,125,0,mapped,-25.51201227452149,26.808595268549077,-18.48942574293513,1,0.0,0.0,interior
T099,L,1345,T005,126,0,mapped,-25.862464884574123,26.24857788054921,-18.522883655829627,1,0.0,0.0,interior
T099,L,1346,T005,127,0,mapped,-26.13325290680477,25.694247111943632,-18.72865477842039,1,0.0,0.0,interior
T099,L,1347,T005,128,0,mapped,-26.319302076311338,25.066359895421808,-18.952426223390532,1,0.0,0.0,interior
T099,L,1348,T005,129,0,mapped,-26.37111666990999,24.438626163084,-19.211313133484833,1,0.0,0.0,interior
T099,L,1349,T005,130,0,mapped,-26.382932701588707,23.80251364884514,-19.399223689695127,1,0.0,0.0,interior
T099,L,1350,T005,131,0,mapped,-26.388130685478544,23.208627528500422,-19.414729639422305,1,0.0,0.0,interior
T099,L,1351,T005,132,0,mapped,-26.26898966249097,22.559264164352385,-19.605102115879586,1,0.0,0.0,interior
T099,L,1352,T005,133,0,mapped,-26.094187042515248,21.888282907022617,-19.732493956625976,1,0.0,0.0,interior
T099,L,1353,T005,134,0,mapped,-25.867272839037675,21.309358524555318,-19.835800545161828,2,5.404587991934811e-15,2.702293995967405e-15,shared_edge
T099,L,1354,T005,136,0,mapped,-22.11361008038331,29.831659662379153,-16.771303549728632,1,0.0,0.0,interior
T099,L,1355,T005,137,0,mapped,-22.516204023268084,29.59293909223555,-16.894048993229838,1,0.0,0.0,interior
T099,L,1356,T005,138,0,mapped,-22.95766769944219,29.344200893372737,-16.986534499430622,1,0.0,0.0,interior
T099,L,1357,T005,139,0,mapped,-23.429223027311338,29.046487504611093,-17.087756584771967,1,0.0,0.0,interior
T099,L,1358,T005,140,0,mapped,-23.84699556731023,28.682941917589197,-17.189476711146163,1,0.0,0.0,interior
T099,L,1359,T005,141,0,mapped,-24.209598717699144,28.310074991666774,-17.332421895973063,1,0.0,0.0,interior
T099,L,1360,T005,142,0,mapped,-24.61182938832471,27.904574990277037,-17.582287818973715,1,0.0,0.0,interior
T099,L,1361,T005,143,0,mapped,-25.06012784387496,27.468341174374203,-17.833839518186483,1,0.0,0.0,interior
T099,L,1362,T005,144,0,mapped,-25.487157078196983,26.973567140703814,-17.979443406551965,1,0.0,0.0,interior
T099,L,1363,T005,145,0,mapped,-25.886345611203403,26.43885834872653,-18.04124277901309,1,0.0,0.0,interior
T099,L,1364,T005,146,0,mapped,-26.171430962633217,25.883411959017486,-18.236333066112753,1,0.0,0.0,interior
T099,L,1365,T005,147,0,mapped,-26.441826154267254,25.207383276546235,-18.462534692847683,1,0.0,0.0,interior
T099,L,1366,T005,148,0,mapped,-26.54688574388469,24.591381718820465,-18.727858414986613,1,0.0,0.0,interior
T099,L,1367,T005,149,0,mapped,-26.615858246586473,23.94458851529818,-18.86987457478132,1,0.0,0.0,interior
T099,L,1368,T005,150,0,mapped,-26.609404204047742,23.292245161969298,-18.96715385113571,1,0.0,0.0,interior
T099,L,1369,T005,151,0,mapped,-26.514605223357638,22.613671405294816,-19.001500604567028,1,0.0,0.0,interior
T099,L,1370,T005,152,0,mapped,-26.311635835153012,21.976108028565747,-19.209870555996396,1,0.0,0.0,interior
T099,L,1371,T005,153,0,mapped,-26.086201519168704,21.286145402614466,-19.25168024052883,2,0.0,0.0,shared_edge
T099,L,1372,T005,155,0,mapped,-22.54013594367077,29.649280942386135,-16.396998350077627,1,0.0,0.0,interior
T099,L,1373,T005,156,0,mapped,-22.987783182075262,29.4387644293762,-16.497658102354222,1,0.0,0.0,interior
T099,L,1374,T005,157,0,mapped,-23.488333640201574,29.128214922735502,-16.56998676574248,1,0.0,0.0,interior
T099,L,1375,T005,158,0,mapped,-23.84053805610332,28.813465434536578,-16.660948780883253,1,0.0,0.0,interior
T099,L,1376,T005,159,0,mapped,-24.245272699003543,28.367172318989216,-16.838518346487813,1,0.0,0.0,interior
T099,L,1377,T005,160,0,mapped,-24.62343565494573,27.956712371693563,-17.062104071527067,1,0.0,0.0,interior
T099,L,1378,T005,161,0,mapped,-25.004162728680566,27.632511043187804,-17.258422734031203,1,0.0,0.0,interior
T099,L,1379,T005,162,0,mapped,-25.489365696806466,27.12644168235616,-17.450180721520034,1,0.0,0.0,interior
T099,L,1380,T005,163,0,mapped,-25.894788233356934,26.58216699514467,-17.643417422899127,1,0.0,0.0,interior
T099,L,1381,T005,164,0,mapped,-26.2125648990527,26.022829219702313,-17.736020420408753,1,0.0,0.0,interior
T099,L,1382,T005,165,0,mapped,-26.51979164423957,25.44539766975227,-17.90311295650882,1,0.0,0.0,interior
T099,L,1383,T005,166,0,mapped,-26.68580091841578,24.83292001221721,-18.21511749138348,1,0.0,0.0,interior
T099,L,1384,T005,167,0,mapped,-26.802853387885385,24.132215851307652,-18.413543385325145,1,0.0,0.0,interior
T099,L,1385,T005,168,0,mapped,-26.83675116688712,23.43934174924732,-18.515839783375533,1,0.0,0.0,interior
T099,L,1386,T005,169,0,mapped,-26.837083043530118,22.743044920885122,-18.465720086865968,1,0.0,0.0,interior
T099,L,1387,T005,170,0,mapped,-26.613988568597463,22.03685578923262,-18.654253167295213,1,0.0,0.0,interior
T099,L,1388,T005,171,0,mapped,-26.36680558184591,21.45954160210293,-18.781727381660886,2,1.4002130849932114e-15,7.001065424966057e-16,shared_edge
T099,L,1389,T005,173,0,mapped,-23.022815204882026,29.514017918083255,-16.015450217350455,1,0.0,0.0,interior
T099,L,1390,T005,174,0,mapped,-23.413190216220855,29.257875549973,-16.099137667036427,1,0.0,0.0,interior
T099,L,1391,T005,175,0,mapped,-23.866271359783894,28.893728872534965,-16.244142709529672,1,0.0,0.0,interior
T099,L,1392,T005,176,0,mapped,-24.214790906839006,28.542434197029493,-16.320928126490124,1,0.0,0.0,interior
T099,L,1393,T005,177,0,mapped,-24.57716480673018,28.121995680324037,-16.45958952039529,1,0.0,0.0,interior
T099,L,1394,T005,178,0,mapped,-25.013786425709178,27.750110257314056,-16.70132407791141,1,0.0,0.0,interior
T099,L,1395,T005,179,0,mapped,-25.557216745310992,27.237082291167543,-16.92152973642841,1,0.0,0.0,interior
T099,L,1396,T005,180,0,mapped,-25.91596422148137,26.77677852292337,-17.081226088910544,1,0.0,0.0,interior
T099,L,1397,T005,181,0,mapped,-26.254122205329107,26.178192496269673,-17.298213822577882,1,0.0,0.0,interior
T099,L,1398,T005,182,0,mapped,-26.578359981006145,25.575161929409916,-17.417966427126032,1,0.0,0.0,interior
T099,L,1399,T005,183,0,mapped,-26.918218748912395,24.89832379256998,-17.62513693658768,1,0.0,0.0,interior
T099,L,1400,T005,184,0,mapped,-26.99376663279665,24.312318976799943,-17.928905401051818,1,0.0,0.0,interior
T099,L,1401,T005,185,0,mapped,-27.067904330297853,23.58531391196253,-18.018799352830975,1,0.0,0.0,interior
T099,L,1402,T005,186,0,mapped,-27.1268122350424,22.914500155394972,-17.93661170379813,1,0.0,0.0,interior
T099,L,1403,T005,187,0,mapped,-26.928405771727505,22.144152992292604,-18.11682692963241,1,0.0,0.0,interior
T099,L,1404,T005,188,0,mapped,-26.699912756685563,21.620476505005108,-18.2840879589468,2,2.094764613337708e-15,1.047382306668854e-15,shared_edge
T099,L,1405,T005,190,0,mapped,-23.506592075774147,29.4273659620211,-15.535960262689462,1,0.0,0.0,interior
T099,L,1406,T005,191,0,mapped,-23.93772082535773,29.037235306952272,-15.719825005250446,1,0.0,0.0,interior
T099,L,1407,T005,192,0,mapped,-24.308862072883198,28.658928407324694,-15.862113707863706,1,0.0,0.0,interior
T099,L,1408,T005,193,0,mapped,-24.668139882034524,28.32762097021224,-15.932031409305196,1,0.0,0.0,interior
T099,L,1409,T005,194,0,mapped,-25.0653527693647,27.884185981784483,-16.15745065465718,1,0.0,0.0,interior
T099,L,1410,T005,195,0,mapped,-25.5749712150769,27.39369741670325,-16.40845000400873,1,0.0,0.0,interior
T099,L,1411,T005,196,0,mapped,-25.987287420261126,26.927065851874598,-16.521135514813075,1,0.0,0.0,interior
T099,L,1412,T005,197,0,mapped,-26.364673339971702,26.299967647854814,-16.681784956046585,1,0.0,0.0,interior
T099,L,1413,T005,198,0,mapped,-26.672862103196287,25.722701432025374,-16.84649608439602,1,0.0,0.0,interior
T099,L,1414,T005,199,0,mapped,-27.0300663936254,25.075273258074905,-17.05279035766212,1,0.0,0.0,interior
T099,L,1415,T005,200,0,mapped,-27.22709414863977,24.39174208934328,-17.37686985126284,1,0.0,0.0,interior
T099,L,1416,T005,201,0,mapped,-27.275239505612404,23.693917282769608,-17.545927628763973,1,0.0,0.0,interior
T099,L,1417,T005,202,0,mapped,-27.31483573979004,23.009901705479653,-17.581910677567315,1,0.0,0.0,interior
T099,L,1418,T005,203,0,mapped,-27.234901050126854,22.299809394835073,-17.58983972058622,1,0.0,0.0,interior
T099,L,1419,T005,204,0,mapped,-27.009285125936763,21.58620439551922,-17.742796906739475,2,0.0,0.0,shared_edge
T099,L,1420,T005,206,0,mapped,-23.991432268487173,29.28557973774641,-15.142451573461921,1,0.0,0.0,interior
T099,L,1421,T005,207,0,mapped,-24.37620084677497,28.892509627111682,-15.282477909974332,1,0.0,0.0,interior
T099,L,1422,T005,208,0,mapped,-24.817547443173638,28.42091831157268,-15.471036919944641,1,0.0,0.0,interior
T099,L,1423,T005,209,0,mapped,-25.11930487223153,28.028064136499225,-15.668783169045039,1,0.0,0.0,interior
T099,L,1424,T005,210,0,mapped,-25.60174075476438,27.59901172766537,-15.775392811832031,1,0.0,0.0,interior
T099,L,1425,T005,211,0,mapped,-25.998942633197448,27.12439608677731,-15.912437533478146,1,0.0,0.0,interior
T099,L,1426,T005,212,0,mapped,-26.39203883246533,26.48600778122124,-16.219902863330983,1,0.0,0.0,interior
T099,L,1427,T005,213,0,mapped,-26.68679959595113,25.915339860804593,-16.40603546178238,1,0.0,0.0,interior
T099,L,1428,T005,214,0,mapped,-27.095593906444833,25.237570576268002,-16.61841946222987,1,0.0,0.0,interior
T099,L,1429,T005,215,0,mapped,-27.390408137309677,24.569639053081154,-16.79889783862088,1,0.0,0.0,interior
T099,L,1430,T005,216,0,mapped,-27.504529137482486,23.832110102145702,-17.04084718514865,1,0.0,0.0,interior
T099,L,1431,T005,217,0,mapped,-27.515370644124804,23.168012448269582,-17.123603562735372,1,0.0,0.0,interior
T099,L,1432,T005,218,0,mapped,-27.521590634109753,22.44346044664312,-17.046844580736835,1,0.0,0.0,interior
T099,L,1433,T005,219,0,mapped,-27.286771497909747,21.55584229802126,-17.184248655487384,2,3.5427249768480108e-15,1.7713624884240054e-15,shared_edge
T099,L,1434,T005,221,0,mapped,-24.429102514139455,29.092800462856676,-14.724471381020967,1,0.0,0.0,interior
T099,L,1435,T005,222,0,mapped,-24.806782929519322,28.674161088240247,-14.90588088686963,1,0.0,0.0,interior
T099,L,1436,T005,223,0,mapped,-25.204758200697245,28.18239459453234,-15.108550474989238,1,0.0,0.0,interior
T099,L,1437,T005,224,0,mapped,-25.598714548616186,27.721755002575176,-15.297378142489274,1,0.0,0.0,interior
T099,L,1438,T005,225,0,mapped,-26.02689120925667,27.245246677780134,-15.466266520465089,1,0.0,0.0,interior
T099,L,1439,T005,226,0,mapped,-26.373181569676987,26.75836009854533,-15.680561660478402,1,0.0,0.0,interior
T099,L,1440,T005,227,0,mapped,-26.782120908230134,26.06329991565122,-15.825332512642236,1,0.0,0.0,interior
T099,L,1441,T005,228,0,mapped,-27.115296573322368,25.485522823741515,-16.0534330274891,1,0.0,0.0,interior
T099,L,1442,T005,229,0,mapped,-27.46206632670769,24.858488364330718,-16.201745322439464,1,0.0,0.0,interior
T099,L,1443,T005,230,0,mapped,-27.70323018016805,24.014529198844404,-16.430393777091723,1,0.0,0.0,interior
T099,L,1444,T005,231,0,mapped,-27.75100957947367,23.196541449088393,-16.587554336019558,1,0.0,0.0,interior
T099,L,1445,T005,232,0,mapped,-27.731402980886944,22.574162048800126,-16.598576748793153,1,0.0,0.0,interior
T099,L,1446,T005,233,0,mapped,-27.58060115727619,21.693976341463745,-16.66183999237059,2,1.2560739669470201e-15,6.280369834735102e-16,shared_edge
T099,L,1447,T005,235,0,mapped,-24.80237072063676,28.83591528154663,-14.456942380110796,1,0.0,0.0,interior
T099,L,1448,T005,236,0,mapped,-25.2724609101968,28.305047590196143,-14.603142179213581,1,0.0,0.0,interior
T099,L,1449,T005,237,0,mapped,-25.63566631389025,27.843690707438,-14.802542611903014,1,0.0,0.0,interior
T099,L,1450,T005,238,0,mapped,-26.033080379897207,27.371956642658,-15.013028427399622,1,0.0,0.0,interior
T099,L,1451,T005,239,0,mapped,-26.433357978116618,26.85186401333187,-15.104491858692453,1,0.0,0.0,interior
T099,L,1452,T005,240,0,mapped,-26.769061735360275,26.29549523220789,-15.275797614769596,1,0.0,0.0,interior
T099,L,1453,T005,241,0,mapped,-27.13223489797887,25.677098461016335,-15.462646180295822,1,0.0,0.0,interior
T099,L,1454,T005,242,0,mapped,-27.538199392737877,25.040968427950542,-15.574683447123261,1,0.0,0.0,interior
T099,L,1455,T005,243,0,mapped,-27.8103204792873,24.273474591329226,-15.726779463964307,1,0.0,0.0,interior
T099,L,1456,T005,244,0,mapped,-27.901307609064467,23.362794573749287,-15.979451392865837,1,0.0,0.0,interior
T099,L,1457,T005,245,0,mapped,-27.867007648218387,22.603587777953607,-16.115152957764376,1,0.0,0.0,interior
T099,L,1458,T005,246,0,mapped,-27.799850720257425,21.902537923384568,-16.157444886015494,2,0.0,0.0,shared_edge
T099,L,1459,T005,248,0,mapped,-25.22047566105229,28.49211122900986,-14.069472718634957,1,0.0,0.0,interior
T099,L,1460,T005,249,0,mapped,-25.63934585943828,27.955926021689372,-14.298274123709856,1,0.0,0.0,interior
T099,L,1461,T005,250,0,mapped,-26.02395118175228,27.52510618139281,-14.40453863588545,1,0.0,0.0,interior
T099,L,1462,T005,251,0,mapped,-26.419142939380293,26.95503185553628,-14.790920017517582,1,0.0,0.0,interior
T099,L,1463,T005,252,0,mapped,-26.79285050930178,26.40392280885053,-14.740956078581524,1,0.0,0.0,interior
T099,L,1464,T005,253,0,mapped,-27.120502975157066,25.839036857848697,-14.952482107422856,1,0.0,0.0,interior
T099,L,1465,T005,254,0,mapped,-27.58496866473618,25.156674823980385,-14.965594244309047,1,0.0,0.0,interior
T099,L,1466,T005,255,0,mapped,-27.88246820289443,24.476643426014867,-15.040117890491876,1,0.0,0.0,interior
T099,L,1467,T005,256,0,mapped,-27.9739254875665,23.599355416735115,-15.24354502709916,1,0.0,0.0,interior
T099,L,1468,T005,257,0,mapped,-27.987380104130942,22.8196760058613,-15.497734654935837,1,0.0,0.0,interior
T099,L,1469,T005,258,0,mapped,-27.936496838885823,21.889313618481122,-15.548336915121887,2,2.132668787380004e-15,1.066334393690002e-15,shared_edge
T099,L,1470,T005,260,0,mapped,-25.556090216933427,28.133941854886775,-13.737075103713547,1,0.0,0.0,interior
T099,L,1471,T005,261,0,mapped,-26.002549955590418,27.581931458234067,-13.996300676123182,1,0.0,0.0,interior
T099,L,1472,T005,262,0,mapped,-26.371883972007623,27.1265585944563,-14.18894456876121,1,0.0,0.0,interior
T099,L,1473,T005,263,0,mapped,-26.798275225165263,26.504326784966416,-14.156812613976701,1,0.0,0.0,interior
T099,L,1474,T005,264,0,mapped,-27.119588560822983,25.99094475865209,-14.333680122809731,1,0.0,0.0,interior
T099,L,1475,T005,265,0,mapped,-27.495544438263863,25.35388367381645,-14.403312574765959,1,0.0,0.0,interior
T099,L,1476,T005,266,0,mapped,-27.85407531233691,24.648397744934588,-14.395503908688674,1,0.0,0.0,interior
T099,L,1477,T005,267,0,mapped,-28.0191417307666,23.867448825601514,-14.64022967165112,1,0.0,0.0,interior
T099,L,1478,T005,268,0,mapped,-27.999298235577214,22.975676157280194,-14.865185219997267,1,0.0,0.0,interior
T099,L,1479,T005,269,0,mapped,-28.00228781580619,22.183102617410537,-15.049860767276153,2,8.005932084973442e-16,4.002966042486721e-16,shared_edge
T099,L,1480,T005,271,0,mapped,-25.890831430838332,27.742541305861106,-13.357705548294923,1,0.0,0.0,interior
T099,L,1481,T005,272,0,mapped,-26.2769722050233,27.248263244340738,-13.51454349757211,1,0.0,0.0,interior
T099,L,1482,T005,273,0,mapped,-26.655319921548518,26.726147457549725,-13.53169870844052,1,0.0,0.0,interior
T099,L,1483,T005,274,0,mapped,-26.984010698609517,26.081258041541062,-13.574021134027504,1,0.0,0.0,interior
T099,L,1484,T005,275,0,mapped,-27.437197099657283,25.381753066711653,-13.734371711995376,1,0.0,0.0,interior
T099,L,1485,T005,276,0,mapped,-27.762019883211103,24.74000320757227,-13.915450770921995,1,0.0,0.0,interior
T099,L,1486,T005,277,0,mapped,-27.91990853097326,23.970119596445297,-14.023766675114423,1,0.0,0.0,interior
T099,L,1487,T005,278,0,mapped,-27.96173550109818,23.15707769199127,-14.193289024707392,1,0.0,0.0,interior
T099,L,1488,T005,279,0,mapped,-27.930696918071142,22.29842171011492,-14.47566035174549,2,0.0,0.0,shared_edge
T099,L,1489,T005,281,0,mapped,-26.157111673003133,27.314895850794088,-12.88079473715953,1,0.0,0.0,interior
T099,L,1490,T005,282,0,mapped,-26.43263247308137,26.910022694325587,-12.906611090423342,1,0.0,0.0,interior
T099,L,1491,T005,283,0,mapped,-26.8249358409134,26.212849939703542,-13.018066533021281,1,0.0,0.0,interior
T099,L,1492,T005,284,0,mapped,-27.180971794282733,25.596533699034968,-13.108753139454958,1,0.0,0.0,interior
T099,L,1493,T005,285,0,mapped,-27.549158750080238,24.80138291739545,-13.266114639156605,1,0.0,0.0,interior
T099,L,1494,T005,286,0,mapped,-27.733205024312053,23.950849038224682,-13.470361611926663,1,0.0,0.0,interior
T099,L,1495,T005,287,0,mapped,-27.702195351575746,23.205849729648367,-13.661351476398883,1,0.0,0.0,interior
T099,L,1496,T005,288,0,mapped,-27.759375268578914,22.32203809123598,-13.87853334807842,2,2.9126167305426402e-15,1.4563083652713201e-15,shared_edge
T099,L,1497,T005,290,0,mapped,-26.27319035537877,26.904635428865348,-12.454036467117806,1,0.0,0.0,interior
T099,L,1498,T005,291,0,mapped,-26.553367693326127,26.323982576958024,-12.448451192681597,1,0.0,0.0,interior
T099,L,1499,T005,292,0,mapped,-26.83913862988028,25.68964080483531,-12.612323100118378,1,0.0,0.0,interior
T099,L,1500,T005,293,0,mapped,-27.125718164115227,24.934621044007546,-12.6925565878383,1,0.0,0.0,interior
T099,L,1501,T005,294,0,mapped,-27.288689729451065,24.085429563712733,-12.852957725422637,1,0.0,0.0,interior
T099,L,1502,T005,295,0,mapped,-27.43900335879423,23.363077881651023,-13.160161165928391,1,0.0,0.0,interior
T099,L,1503,T005,296,0,mapped,-27.409731222442986,22.366588328649648,-13.365313399898064,2,4.525520857162617e-15,2.2627604285813082e-15,shared_edge
T099,L,1504,T005,298,0,mapped,-26.171371619090063,26.332546951696347,-11.91475378582605,1,0.0,0.0,interior
T099,L,1505,T005,299,0,mapped,-26.444826729766724,25.720614446257805,-12.074561282155457,1,0.0,0.0,interior
T099,L,1506,T005,300,0,mapped,-26.755759908377897,25.012097031973028,-12.268005481056,1,0.0,0.0,interior
T099,L,1507,T005,301,0,mapped,-26.97616706572789,24.183747737164694,-12.550187137246763,1,0.0,0.0,interior
T099,L,1508,T005,302,0,mapped,-26.93148578706397,23.291702369901916,-12.67209349931726,1,0.0,0.0,interior
T099,L,1509,T005,303,0,mapped,-27.05660918226391,22.61236735292308,-12.972269020115938,2,3.8007914079648956e-15,1.9003957039824478e-15,shared_edge
T099,L,1510,T005,305,0,mapped,-26.036676279681828,25.725945957048214,-11.681082754767417,1,0.0,0.0,interior
T099,L,1511,T005,306,0,mapped,-26.31123487960125,25.199419640942985,-11.859748227252053,1,0.0,0.0,interior
T099,L,1512,T005,307,0,mapped,-26.533539564033703,24.192114433764594,-12.099844179206114,1,0.0,0.0,interior
T099,L,1513,T005,308,0,mapped,-26.55388154469182,23.456061408229733,-12.330691414138165,1,0.0,0.0,interior
T099,L,1514,T005,309,0,mapped,-26.569956098236222,22.672676360759688,-12.586404955402271,2,2.010699415441723e-15,1.0053497077208614e-15,shared_edge
T099,L,1515,T005,311,0,mapped,-25.770517189494026,25.299048226854346,-11.48504764653056,1,0.0,0.0,interior
T099,L,1516,T005,312,0,mapped,-26.027080864375797,24.462057618872777,-11.765781554329322,1,0.0,0.0,interior
T099,L,1517,T005,313,0,mapped,-26.06151856501608,23.59952968737832,-12.025056699533593,1,0.0,0.0,interior
T099,L,1518,T005,314,0,mapped,-26.029141555457397,22.77774950914013,-12.301890338630255,2,5.7902148899581444e-15,2.8951074449790722e-15,shared_edge
T099,L,1519,T005,316,0,mapped,-25.47270842047505,24.654587410214592,-11.40674868255618,1,0.0,0.0,interior
T099,L,1520,T005,317,0,mapped,-25.586932923646884,23.8845673240392,-11.66712760784966,1,0.0,0.0,interior
T099,L,1521,T005,318,0,mapped,-25.558772816050034,22.99837674360273,-11.986748761235617,2,1.831026719408895e-15,9.155133597044477e-16,shared_edge
T099,L,1522,T005,320,0,mapped,-25.054033959881657,24.06924132894377,-11.394646736733748,1,0.0,0.0,interior
T099,L,1523,T005,321,0,mapped,-25.062102413855918,23.202731445993056,-11.693383661087777,2,1.790180836524724e-15,8.95090418262362e-16,shared_edge
T099,L,1524,T005,323,0,mapped,-24.651965293677627,23.547389893446976,-11.47313738178412,2,1.7763568394002505e-15,8.881784197001252e-16,shared_edge
T099,L,1525,T006,1,0,mapped,-10.933383161956815,21.414945661970293,-12.378188006352831,2,0.0,0.0,shared_edge
T099,L,1526,T006,2,0,mapped,-11.165533094998855,21.814806821828427,-12.12383339892315,2,0.0,0.0,shared_edge
T099,L,1527,T006,3,0,mapped,-11.437876961385507,22.118668998555165,-11.848985003474233,2,0.0,0.0,shared_edge
T099,L,1528,T006,4,0,mapped,-11.708423406434974,22.388744053566136,-11.547828330553525,2,1.1102230246251563e-16,5.551115123125783e-17,shared_edge
T099,L,1529,T006,5,0,mapped,-11.99842234892804,22.64604572521315,-11.287849935272963,2,1.1102230246251563e-16,5.551115123125783e-17,shared_edge
T099,L,1530,T006,6,0,mapped,-12.400679825365806,22.867805026620484,-11.033831872466843,2,0.0,0.0,shared_edge
T099,L,1531,T006,7,0,mapped,-12.810340116099606,22.954985321101727,-10.773905370561355,2,0.0,0.0,shared_edge
T099,L,1532,T006,8,0,mapped,-13.229291738492652,22.935655843529258,-10.520148636299396,2,0.0,0.0,shared_edge
T099,L,1533,T006,9,0,mapped,-13.719211510610192,22.81381886062457,-10.39732307930968,2,0.0,0.0,shared_edge
T099,L,1534,T006,10,0,mapped,-14.118606078656804,22.75475329951836,-10.074296498374899,2,0.0,0.0,shared_edge
T099,L,1535,T006,11,0,mapped,-14.512384488592135,22.623297774958658,-9.764447673481895,2,0.0,0.0,shared_edge
T099,L,1536,T006,12,0,mapped,-14.979584312839819,22.465385711215138,-9.618695295361412,2,0.0,0.0,shared_edge
T099,L,1537,T006,13,0,mapped,-15.415000503201629,22.35741500193873,-9.401342775760895,2,0.0,0.0,shared_edge
T099,L,1538,T006,14,0,mapped,-15.92162017510586,22.225303259413227,-9.329255328818135,2,8.881784197001252e-16,4.440892098500626e-16,shared_edge
T099,L,1539,T006,15,0,mapped,-16.43903525696004,22.145527343986505,-9.256820160821643,2,0.0,0.0,shared_edge
T099,L,1540,T006,16,0,mapped,-16.870687321192086,22.098324471208745,-9.032271981528629,2,0.0,0.0,shared_edge
T099,L,1541,T006,17,0,mapped,-17.34594692702698,22.104004581572475,-8.878767749442783,2,0.0,0.0,shared_edge
T099,L,1542,T006,18,0,mapped,-17.679153127375553,22.09897286334883,-8.480611803440745,2,1.7763568394002505e-15,8.881784197001252e-16,shared_edge
T099,L,1543,T006,19,0,mapped,-18.13132417661167,22.094646369498157,-8.279997209588256,2,0.0,0.0,shared_edge
T099,L,1544,T006,20,0,mapped,-18.583835869589272,22.041705605928602,-8.032053335960837,2,0.0,0.0,shared_edge
T099,L,1545,T006,21,0,mapped,-19.098319123611873,21.980575427514673,-7.931787299764291,2,0.0,0.0,shared_edge
T099,L,1546,T006,22,0,mapped,-19.614072866084534,21.917649290567844,-7.846797034978498,2,1.9860273225978185e-15,9.930136612989092e-16,shared_edge
T099,L,1547,T006,23,0,mapped,-20.11485980647578,21.804511700128078,-7.737563148150519,2,8.881784197001252e-16,4.440892098500626e-16,shared_edge
T099,L,1548,T006,24,0,mapped,-20.50401926991998,21.667112086175646,-7.479509721479655,4,0.0,0.0,landmark
T099,L,1549,T006,26,0,mapped,-11.15239177329458,22.044215922259955,-12.306194117855684,1,0.0,0.0,interior
T099,L,1550,T006,27,0,mapped,-11.440589951705283,22.26890890556125,-12.010857445612334,1,0.0,0.0,interior
T099,L,1551,T006,28,0,mapped,-11.708460899679924,22.52627087091605,-11.741214644940246,1,0.0,0.0,interior
T099,L,1552,T006,29,0,mapped,-12.171131695904846,22.786946274324578,-11.382104654249872,1,0.0,0.0,interior
T099,L,1553,T006,30,0,mapped,-12.58085591675019,22.924056788343066,-11.153575206206648,1,0.0,0.0,interior
T099,L,1554,T006,31,0,mapped,-13.029965723191113,22.934806098791885,-11.026607677340603,1,0.0,0.0,interior
T099,L,1555,T006,32,0,mapped,-13.445690974453436,22.827712293464693,-10.787545157768216,1,0.0,0.0,interior
T099,L,1556,T006,33,0,mapped,-13.866816319198728,22.654456075846866,-10.544905298452491,1,0.0,0.0,interior
T099,L,1557,T006,34,0,mapped,-14.290276165140174,22.602667321179766,-10.229191381168967,1,0.0,0.0,interior
T099,L,1558,T006,35,0,mapped,-14.665313098076304,22.4932282207926,-9.988055777322064,1,0.0,0.0,interior
T099,L,1559,T006,36,0,mapped,-15.13518411936983,22.353379845957974,-9.796394739458165,1,0.0,0.0,interior
T099,L,1560,T006,37,0,mapped,-15.548894209988884,22.262487481427485,-9.620909801568395,1,0.0,0.0,interior
T099,L,1561,T006,38,0,mapped,-16.042699960262254,22.196624822367028,-9.5428069558157,1,0.0,0.0,interior
T099,L,1562,T006,39,0,mapped,-16.599504295648714,22.152575496834878,-9.431785675793577,1,0.0,0.0,interior
T099,L,1563,T006,40,0,mapped,-16.990117234085258,22.135088545651115,-9.198037582002533,1,0.0,0.0,interior
T099,L,1564,T006,41,0,mapped,-17.430675333972236,22.12266109866664,-8.983733155817346,1,0.0,0.0,interior
T099,L,1565,T006,42,0,mapped,-17.860532626562097,22.134095462098795,-8.739600299829739,1,0.0,0.0,interior
T099,L,1566,T006,43,0,mapped,-18.323814242382834,22.1201113767214,-8.457109548521172,1,0.0,0.0,interior
T099,L,1567,T006,44,0,mapped,-18.78275560669069,22.06003993563224,-8.222396384858465,1,0.0,0.0,interior
T099,L,1568,T006,45,0,mapped,-19.231017115070937,22.021175589398773,-8.056720101263586,1,0.0,0.0,interior
T099,L,1569,T006,46,0,mapped,-19.752765802397597,21.948552494165412,-7.949455228495566,1,0.0,0.0,interior
T099,L,1570,T006,47,0,mapped,-20.20549881835262,21.849064455499963,-7.8845198453699945,1,0.0,0.0,interior
T099,L,1571,T006,48,0,mapped,-20.72544186132097,21.707207589577916,-7.642680636608614,2,0.0,0.0,shared_edge
T099,L,1572,T006,50,0,mapped,-11.5200018604901,22.551787252167617,-12.144222811334913,1,0.0,0.0,interior
T099,L,1573,T006,51,0,mapped,-11.872717374906438,22.742181703759364,-11.8936672438983,1,0.0,0.0,interior
T099,L,1574,T006,52,0,mapped,-12.359562206570185,22.84115459408708,-11.61361217319945,1,0.0,0.0,interior
T099,L,1575,T006,53,0,mapped,-12.78582937110714,22.91011370876243,-11.443250981383153,1,0.0,0.0,interior
T099,L,1576,T006,54,0,mapped,-13.214004063120468,22.841696210154087,-11.188748324335226,1,0.0,0.0,interior
T099,L,1577,T006,55,0,mapped,-13.57983818898069,22.6785038261803,-10.941029369363683,1,0.0,0.0,interior
T099,L,1578,T006,56,0,mapped,-13.99624686133093,22.556201502303786,-10.688584647414293,1,0.0,0.0,interior
T099,L,1579,T006,57,0,mapped,-14.450258764928304,22.542281723004702,-10.403754387734079,1,0.0,0.0,interior
T099,L,1580,T006,58,0,mapped,-14.827086801558005,22.408598983461076,-10.162492654904618,1,0.0,0.0,interior
T099,L,1581,T006,59,0,mapped,-15.205091546331527,22.290117056454715,-9.966586238623549,1,0.0,0.0,interior
T099,L,1582,T006,60,0,mapped,-15.688475970728927,22.208523122900186,-9.766236019987296,1,0.0,0.0,interior
T099,L,1583,T006,61,0,mapped,-16.23843143620783,22.18925701584299,-9.77701967914346,1,0.0,0.0,interior
T099,L,1584,T006,62,0,mapped,-16.680062893722678,22.165536549657343,-9.546727092382145,1,0.0,0.0,interior
T099,L,1585,T006,63,0,mapped,-17.121759846956678,22.17388506947352,-9.351827499564255,1,0.0,0.0,interior
T099,L,1586,T006,64,0,mapped,-17.60466834833825,22.158243632637255,-9.063226556201752,1,0.0,0.0,interior
T099,L,1587,T006,65,0,mapped,-18.010487656931517,22.180491899233537,-8.902864305554239,1,0.0,0.0,interior
T099,L,1588,T006,66,0,mapped,-18.43679814970639,22.1439770874992,-8.620776721808088,1,0.0,0.0,interior
T099,L,1589,T006,67,0,mapped,-18.887083935886626,22.092535965396728,-8.406154926994825,1,0.0,0.0,interior
T099,L,1590,T006,68,0,mapped,-19.416018599894578,22.057384337360613,-8.278468744764984,1,0.0,0.0,interior
T099,L,1591,T006,69,0,mapped,-19.900002804217756,21.96825284653996,-8.078478979436074,1,0.0,0.0,interior
T099,L,1592,T006,70,0,mapped,-20.276181711317264,21.859380849810275,-7.925956682659217,1,0.0,0.0,interior
T099,L,1593,T006,71,0,mapped,-20.94768534531488,21.713818230805938,-7.809314121239553,2,1.9891280697202825e-15,9.945640348601413e-16,shared_edge
T099,L,1594,T006,73,0,mapped,-12.05610096800119,22.834916014748064,-12.085551696802185,1,0.0,0.0,interior
T099,L,1595,T006,74,0,mapped,-12.575800060844326,22.85211712229909,-11.773929957391868,1,0.0,0.0,interior
T099,L,1596,T006,75,0,mapped,-12.985417574613546,22.825844799085402,-11.665526138794528,1,0.0,0.0,interior
T099,L,1597,T006,76,0,mapped,-13.397666976063233,22.69830891042705,-11.302962112590848,1,0.0,0.0,interior
T099,L,1598,T006,77,0,mapped,-13.667001992804868,22.572756110083574,-11.128764613531956,1,0.0,0.0,interior
T099,L,1599,T006,78,0,mapped,-14.14443249575173,22.479897677518807,-10.808421535766705,1,0.0,0.0,interior
T099,L,1600,T006,79,0,mapped,-14.60262908423904,22.45312373399248,-10.557321009987522,1,0.0,0.0,interior
T099,L,1601,T006,80,0,mapped,-14.9654104536463,22.31896311403457,-10.304472229632484,1,0.0,0.0,interior
T099,L,1602,T006,81,0,mapped,-15.33647686243949,22.22140862056865,-10.118618728790189,1,0.0,0.0,interior
T099,L,1603,T006,82,0,mapped,-15.898446850251162,22.169103021906185,-9.953100898539912,1,0.0,0.0,interior
T099,L,1604,T006,83,0,mapped,-16.361714260507853,22.191418905663774,-9.893287925817381,1,0.0,0.0,interior
T099,L,1605,T006,84,0,mapped,-16.78336268728603,22.196729812477354,-9.672687985540453,1,0.0,0.0,interior
T099,L,1606,T006,85,0,mapped,-17.291162575537022,22.21222125815615,-9.461194120347301,1,0.0,0.0,interior
T099,L,1607,T006,86,0,mapped,-17.72918042202904,22.205656988841586,-9.178960678639877,1,0.0,0.0,interior
T099,L,1608,T006,87,0,mapped,-18.127126111942957,22.21244917820702,-9.007212789752794,1,0.0,0.0,interior
T099,L,1609,T006,88,0,mapped,-18.53781605702176,22.185084638421493,-8.798756314896131,1,0.0,0.0,interior
T099,L,1610,T006,89,0,mapped,-18.999081720772416,22.141453994488693,-8.605605113868393,1,0.0,0.0,interior
T099,L,1611,T006,90,0,mapped,-19.524910114388852,22.102766205283654,-8.471157397316189,1,0.0,0.0,interior
T099,L,1612,T006,91,0,mapped,-20.07555549750193,21.982815164874708,-8.239913845170017,1,0.0,0.0,interior
T099,L,1613,T006,92,0,mapped,-20.535129713341913,21.89234453288303,-8.137143183120209,1,0.0,0.0,interior
T099,L,1614,T006,93,0,mapped,-21.165527858768215,21.67329332423322,-7.976642455699506,2,0.0,0.0,shared_edge
T099,L,1615,T006,95,0,mapped,-12.734719384981263,22.86144420031323,-11.962650273699364,1,0.0,0.0,interior
T099,L,1616,T006,96,0,mapped,-13.137072573433981,22.771406205847477,-11.751270046682997,1,0.0,0.0,interior
T099,L,1617,T006,97,0,mapped,-13.49721877342066,22.630704200706752,-11.494061508807462,1,0.0,0.0,interior
T099,L,1618,T006,98,0,mapped,-13.831310529088718,22.504135406441637,-11.351866689469796,1,0.0,0.0,interior
T099,L,1619,T006,99,0,mapped,-14.284559492835829,22.418174044059487,-10.925365288207361,1,0.0,0.0,interior
T099,L,1620,T006,100,0,mapped,-14.755814375570559,22.315729660799384,-10.709703548723912,1,0.0,0.0,interior
T099,L,1621,T006,101,0,mapped,-15.175943558462361,22.1720806717492,-10.479106950969886,1,0.0,0.0,interior
T099,L,1622,T006,102,0,mapped,-15.590572857278454,22.143195268566345,-10.249346441074184,1,0.0,0.0,interior
T099,L,1623,T006,103,0,mapped,-16.046978863086522,22.14840964928078,-10.166654349376415,1,0.0,0.0,interior
T099,L,1624,T006,104,0,mapped,-16.46760492683679,22.19787746538568,-10.048944952702627,1,0.0,0.0,interior
T099,L,1625,T006,105,0,mapped,-16.91794514308358,22.250416041758122,-9.846651258030523,1,0.0,0.0,interior
T099,L,1626,T006,106,0,mapped,-17.43048708118096,22.257343496216137,-9.580066473718118,1,0.0,0.0,interior
T099,L,1627,T006,107,0,mapped,-17.848704209656873,22.274189513736122,-9.356599813781354,1,0.0,0.0,interior
T099,L,1628,T006,108,0,mapped,-18.23780965108642,22.262677720363403,-9.164822970925055,1,0.0,0.0,interior
T099,L,1629,T006,109,0,mapped,-18.749350632081317,22.206675975205172,-8.929477679942742,1,0.0,0.0,interior
T099,L,1630,T006,110,0,mapped,-19.228422057264197,22.18937950322209,-8.7730576875136,1,0.0,0.0,interior
T099,L,1631,T006,111,0,mapped,-19.710746276404443,22.108878856524356,-8.555631303023695,1,0.0,0.0,interior
T099,L,1632,T006,112,0,mapped,-20.296944526486694,22.005064728740674,-8.449555688068557,1,0.0,0.0,interior
T099,L,1633,T006,113,0,mapped,-20.77105626607731,21.88509280408055,-8.31792686180406,1,0.0,0.0,interior
T099,L,1634,T006,114,0,mapped,-21.38636689559194,21.655572417127594,-8.144286214554127,2,9.694605782913356e-16,4.847302891456678e-16,shared_edge
T099,L,1635,T006,116,0,mapped,-13.259987357884345,22.730652530803617,-11.887002906636855,1,0.0,0.0,interior
T099,L,1636,T006,117,0,mapped,-13.626604531578716,22.599866649345167,-11.72348754489376,1,0.0,0.0,interior
T099,L,1637,T006,118,0,mapped,-14.014392300953407,22.436007061308278,-11.414933603079703,1,0.0,0.0,interior
T099,L,1638,T006,119,0,mapped,-14.457755326539228,22.32298160622774,-11.105145688464034,1,0.0,0.0,interior
T099,L,1639,T006,120,0,mapped,-14.943799709445988,22.15563120103488,-10.887954258658745,1,0.0,0.0,interior
T099,L,1640,T006,121,0,mapped,-15.33574373237349,22.089139448188245,-10.587795647224304,1,0.0,0.0,interior
T099,L,1641,T006,122,0,mapped,-15.819966026010372,22.07847188942495,-10.4723417453593,1,0.0,0.0,interior
T099,L,1642,T006,123,0,mapped,-16.20915797764288,22.144039962679273,-10.31279802255477,1,0.0,0.0,interior
T099,L,1643,T006,124,0,mapped,-16.688135779123424,22.229794398247595,-10.126161679729256,1,0.0,0.0,interior
T099,L,1644,T006,125,0,mapped,-17.102926474362956,22.300504620750083,-9.984105576607753,1,0.0,0.0,interior
T099,L,1645,T006,126,0,mapped,-17.60479754656859,22.330397930290154,-9.719532202939615,1,0.0,0.0,interior
T099,L,1646,T006,127,0,mapped,-18.038158769065546,22.34775640160807,-9.525797387236768,1,0.0,0.0,interior
T099,L,1647,T006,128,0,mapped,-18.450138326376816,22.322654421532697,-9.292298691534953,1,0.0,0.0,interior
T099,L,1648,T006,129,0,mapped,-18.894053368435706,22.2951396069781,-9.144589486596557,1,0.0,0.0,interior
T099,L,1649,T006,130,0,mapped,-19.345900702544437,22.238818059569507,-8.951736556375224,1,0.0,0.0,interior
T099,L,1650,T006,131,0,mapped,-19.925666066369114,22.15250819138746,-8.824433452801625,1,0.0,0.0,interior
T099,L,1651,T006,132,0,mapped,-20.459858540415212,22.03009927877412,-8.601049219809223,1,0.0,0.0,interior
T099,L,1652,T006,133,0,mapped,-20.97679162619192,21.863987950761828,-8.503426329905231,1,0.0,0.0,interior
T099,L,1653,T006,134,0,mapped,-21.56585828435388,21.682722226582797,-8.352842291678565,2,9.694605782913356e-16,4.847302891456678e-16,shared_edge
T099,L,1654,T006,136,0,mapped,-13.82024447790229,22.50641770295782,-11.86839054952146,1,0.0,0.0,interior
T099,L,1655,T006,137,0,mapped,-14.257311961436614,22.331578921197448,-11.552589154946281,1,0.0,0.0,interior
T099,L,1656,T006,138,0,mapped,-14.694549866091506,22.206114901355306,-11.291649260772948,1,0.0,0.0,interior
T099,L,1657,T006,139,0,mapped,-15.063064559476954,22.09107299158261,-10.989558870426915,1,0.0,0.0,interior
T099,L,1658,T006,140,0,mapped,-15.548538188594108,22.00654662941726,-10.772418346695403,1,0.0,0.0,interior
T099,L,1659,T006,141,0,mapped,-16.04486838994516,22.071643927267626,-10.691435953716658,1,0.0,0.0,interior
T099,L,1660,T006,142,0,mapped,-16.367097364157285,22.150821492510765,-10.474455615582094,1,0.0,0.0,interior
T099,L,1661,T006,143,0,mapped,-16.836942754997477,22.276621861772995,-10.368832767527973,1,0.0,0.0,interior
T099,L,1662,T006,144,0,mapped,-17.26039564902203,22.358008491694374,-10.138719234786832,1,0.0,0.0,interior
T099,L,1663,T006,145,0,mapped,-17.767592981697046,22.40236473031979,-9.898578530466617,1,0.0,0.0,interior
T099,L,1664,T006,146,0,mapped,-18.16806119778768,22.390688250170374,-9.66664858057942,1,0.0,0.0,interior
T099,L,1665,T006,147,0,mapped,-18.56272551028058,22.373718550821664,-9.458923201359523,1,0.0,0.0,interior
T099,L,1666,T006,148,0,mapped,-18.962402897609472,22.35234966784303,-9.338015281191037,1,0.0,0.0,interior
T099,L,1667,T006,149,0,mapped,-19.573122608182185,22.27337344092886,-9.134691786032741,1,0.0,0.0,interior
T099,L,1668,T006,150,0,mapped,-20.118461450426466,22.190669954894844,-9.03068704398739,1,0.0,0.0,interior
T099,L,1669,T006,151,0,mapped,-20.610725140148777,22.07710888206095,-8.836194705379434,1,0.0,0.0,interior
T099,L,1670,T006,152,0,mapped,-21.161719221473156,21.865403910492695,-8.716142427368375,1,0.0,0.0,interior
T099,L,1671,T006,153,0,mapped,-21.743378762172647,21.660357018771787,-8.56434070666526,2,0.0,0.0,shared_edge
T099,L,1672,T006,155,0,mapped,-14.408974659454836,22.25541676804468,-11.75732636294979,1,0.0,0.0,interior
T099,L,1673,T006,156,0,mapped,-14.849972719780695,22.122107361333473,-11.407168705567774,1,0.0,0.0,interior
T099,L,1674,T006,157,0,mapped,-15.320025844361403,21.986037830437947,-11.173841123556548,1,0.0,0.0,interior
T099,L,1675,T006,158,0,mapped,-15.751079656570774,21.98513729399508,-11.030364082033651,1,0.0,0.0,interior
T099,L,1676,T006,159,0,mapped,-16.219467280868297,22.098327551533895,-10.879561882256791,1,0.0,0.0,interior
T099,L,1677,T006,160,0,mapped,-16.576441299542466,22.209921994380316,-10.623501941194709,1,0.0,0.0,interior
T099,L,1678,T006,161,0,mapped,-17.013722555791183,22.33999128207268,-10.464778901007183,1,0.0,0.0,interior
T099,L,1679,T006,162,0,mapped,-17.392892783629716,22.413240552327842,-10.261038305232514,1,0.0,0.0,interior
T099,L,1680,T006,163,0,mapped,-17.8792520208914,22.445570593156603,-10.043174784125316,1,0.0,0.0,interior
T099,L,1681,T006,164,0,mapped,-18.34030924576133,22.453146297356554,-9.826764302364687,1,0.0,0.0,interior
T099,L,1682,T006,165,0,mapped,-18.759315921687893,22.434129442169187,-9.636578673544278,1,0.0,0.0,interior
T099,L,1683,T006,166,0,mapped,-19.221023230386823,22.386007208332238,-9.43181167571958,1,0.0,0.0,interior
T099,L,1684,T006,167,0,mapped,-19.73661175002765,22.298455584507927,-9.290776016483592,1,0.0,0.0,interior
T099,L,1685,T006,168,0,mapped,-20.26417483659698,22.22828092095803,-9.174705692390926,1,0.0,0.0,interior
T099,L,1686,T006,169,0,mapped,-20.807628681627282,22.064521679827564,-9.033912027756992,1,0.0,0.0,interior
T099,L,1687,T006,170,0,mapped,-21.343177217593887,21.903083440668784,-8.94836475914091,1,0.0,0.0,interior
T099,L,1688,T006,171,0,mapped,-21.903658734934623,21.6500877726983,-8.784388901058849,2,1.818360945611186e-15,9.09180472805593e-16,shared_edge
T099,L,1689,T006,173,0,mapped,-14.986320058245408,22.039600339133994,-11.658771610175231,1,0.0,0.0,interior
T099,L,1690,T006,174,0,mapped,-15.455834534836498,21.962734872485267,-11.426901187567253,1,0.0,0.0,interior
T099,L,1691,T006,175,0,mapped,-15.926268762759294,22.03057849690221,-11.211250159579492,1,0.0,0.0,interior
T099,L,1692,T006,176,0,mapped,-16.345431920791775,22.150468411701794,-11.04858707578912,1,0.0,0.0,interior
T099,L,1693,T006,177,0,mapped,-16.729393402973056,22.289036298732707,-10.854284747834182,1,0.0,0.0,interior
T099,L,1694,T006,178,0,mapped,-17.132452765875673,22.400885521682337,-10.610678076271377,1,0.0,0.0,interior
T099,L,1695,T006,179,0,mapped,-17.611117245054167,22.497683666918746,-10.439998842324822,1,0.0,0.0,interior
T099,L,1696,T006,180,0,mapped,-18.026523658880343,22.4969894756753,-10.16116515587872,1,0.0,0.0,interior
T099,L,1697,T006,181,0,mapped,-18.48874328435049,22.52153699304801,-9.978586301944521,1,0.0,0.0,interior
T099,L,1698,T006,182,0,mapped,-18.878007472128814,22.494032478970574,-9.824155935741306,1,0.0,0.0,interior
T099,L,1699,T006,183,0,mapped,-19.36870099424462,22.426308634245807,-9.63164029558864,1,0.0,0.0,interior
T099,L,1700,T006,184,0,mapped,-19.858631029452468,22.338488943091026,-9.445738805364204,1,0.0,0.0,interior
T099,L,1701,T006,185,0,mapped,-20.453405411314286,22.25130578647073,-9.308643613382628,1,0.0,0.0,interior
T099,L,1702,T006,186,0,mapped,-20.96545416367078,22.06619821371651,-9.230510748956783,1,0.0,0.0,interior
T099,L,1703,T006,187,0,mapped,-21.413347361576093,21.977555470944306,-9.223028196938179,1,0.0,0.0,interior
T099,L,1704,T006,188,0,mapped,-21.94959162856707,21.728901753700725,-9.046856846680761,2,9.122468574731976e-16,4.561234287365988e-16,shared_edge
T099,L,1705,T006,190,0,mapped,-15.662678336540896,21.991475991509883,-11.559508576008717,1,0.0,0.0,interior
T099,L,1706,T006,191,0,mapped,-16.074967458542936,22.0826327627046,-11.295046328468846,1,0.0,0.0,interior
T099,L,1707,T006,192,0,mapped,-16.503099057954337,22.22009791924415,-11.146865196775206,1,0.0,0.0,interior
T099,L,1708,T006,193,0,mapped,-16.910181890058375,22.37136995317081,-10.976232942624353,1,0.0,0.0,interior
T099,L,1709,T006,194,0,mapped,-17.24780684098888,22.471558031948437,-10.799872799471789,1,0.0,0.0,interior
T099,L,1710,T006,195,0,mapped,-17.774787816983086,22.568604423480334,-10.591588048333469,1,0.0,0.0,interior
T099,L,1711,T006,196,0,mapped,-18.1554221749814,22.54682387437515,-10.273010770703905,1,0.0,0.0,interior
T099,L,1712,T006,197,0,mapped,-18.56600494018497,22.585775792953832,-10.151350291174154,1,0.0,0.0,interior
T099,L,1713,T006,198,0,mapped,-18.997255448631126,22.54792789518033,-9.978603376357094,1,0.0,0.0,interior
T099,L,1714,T006,199,0,mapped,-19.5077326938843,22.5004663285099,-9.902888700100576,1,0.0,0.0,interior
T099,L,1715,T006,200,0,mapped,-20.04665439283118,22.395468893308504,-9.700970266474988,1,0.0,0.0,interior
T099,L,1716,T006,201,0,mapped,-20.59006442036465,22.28642705475585,-9.544084463368925,1,0.0,0.0,interior
T099,L,1717,T006,202,0,mapped,-21.036873355176866,22.1514360239951,-9.48710498375338,1,0.0,0.0,interior
T099,L,1718,T006,203,0,mapped,-21.544088437795565,22.025168895697597,-9.43114182969886,1,0.0,0.0,interior
T099,L,1719,T006,204,0,mapped,-22.01092839462423,21.77579574851066,-9.3118913684727,2,0.0,0.0,shared_edge
T099,L,1720,T006,206,0,mapped,-16.207387465550728,22.159646486373074,-11.532231876339178,1,0.0,0.0,interior
T099,L,1721,T006,207,0,mapped,-16.627509278618906,22.278633462404834,-11.251067034022093,1,0.0,0.0,interior
T099,L,1722,T006,208,0,mapped,-17.018872423770052,22.433497422329143,-11.159259084983075,1,0.0,0.0,interior
T099,L,1723,T006,209,0,mapped,-17.434509408239983,22.560868184928367,-10.943854435622526,1,0.0,0.0,interior
T099,L,1724,T006,210,0,mapped,-17.911881744918002,22.622642663843212,-10.694529448981164,1,0.0,0.0,interior
T099,L,1725,T006,211,0,mapped,-18.320591703616834,22.600038505133902,-10.417554168132611,1,0.0,0.0,interior
T099,L,1726,T006,212,0,mapped,-18.74584238441983,22.638054553460186,-10.223699548335627,1,0.0,0.0,interior
T099,L,1727,T006,213,0,mapped,-19.233326543641322,22.58813559705269,-10.067179424825708,1,0.0,0.0,interior
T099,L,1728,T006,214,0,mapped,-19.680467141521945,22.52390138469293,-9.970581149020614,1,0.0,0.0,interior
T099,L,1729,T006,215,0,mapped,-20.24193919598929,22.445823195041097,-9.843023222424213,1,0.0,0.0,interior
T099,L,1730,T006,216,0,mapped,-20.81176507045935,22.320015246238906,-9.794395486983758,1,0.0,0.0,interior
T099,L,1731,T006,217,0,mapped,-21.216069588290516,22.212564411443662,-9.7084019617437,1,0.0,0.0,interior
T099,L,1732,T006,218,0,mapped,-21.636463297573222,22.076201457629022,-9.664023069610984,1,0.0,0.0,interior
T099,L,1733,T006,219,0,mapped,-22.03940541165855,21.87099292268264,-9.570345769948524,2,1.788512522917511e-15,8.942562614587554e-16,shared_edge
T099,L,1734,T006,221,0,mapped,-16.876420463447626,22.39088721202025,-11.414571955921273,1,0.0,0.0,interior
T099,L,1735,T006,222,0,mapped,-17.20739606376172,22.523172188426454,-11.305797886611549,1,0.0,0.0,interior
T099,L,1736,T006,223,0,mapped,-17.594555767623945,22.630930295357338,-11.084957058325408,1,0.0,0.0,interior
T099,L,1737,T006,224,0,mapped,-18.091100379491486,22.683764819758377,-10.778075247509506,1,0.0,0.0,interior
T099,L,1738,T006,225,0,mapped,-18.520962077248793,22.701934817466125,-10.576188833051123,1,0.0,0.0,interior
T099,L,1739,T006,226,0,mapped,-18.91107791004262,22.69667357727859,-10.353329291669542,1,0.0,0.0,interior
T099,L,1740,T006,227,0,mapped,-19.301996935790225,22.667969251248106,-10.280246865238123,1,0.0,0.0,interior
T099,L,1741,T006,228,0,mapped,-19.877947219294427,22.581124331630285,-10.130742769659083,1,0.0,0.0,interior
T099,L,1742,T006,229,0,mapped,-20.447634151871462,22.502350222260343,-10.046309456547633,1,0.0,0.0,interior
T099,L,1743,T006,230,0,mapped,-20.91866219357317,22.37174584003782,-9.95277219307749,1,0.0,0.0,interior
T099,L,1744,T006,231,0,mapped,-21.331432175422947,22.273288946598036,-9.911502789613785,1,0.0,0.0,interior
T099,L,1745,T006,232,0,mapped,-21.713345780919006,22.129111722870253,-9.854417816393639,1,0.0,0.0,interior
T099,L,1746,T006,233,0,mapped,-22.085378126232456,21.950245974647327,-9.8327241197331,2,1.1102230246251563e-16,5.551115123125783e-17,shared_edge
T099,L,1747,T006,235,0,mapped,-17.375536075715296,22.605341221343284,-11.444530417810888,1,0.0,0.0,interior
T099,L,1748,T006,236,0,mapped,-17.78153803794985,22.70590529462612,-11.212935144287853,1,0.0,0.0,interior
T099,L,1749,T006,237,0,mapped,-18.280683329457908,22.77773853258714,-10.93958526965845,1,0.0,0.0,interior
T099,L,1750,T006,238,0,mapped,-18.70674487257164,22.796288341387566,-10.689366543189436,1,0.0,0.0,interior
T099,L,1751,T006,239,0,mapped,-19.043609137378866,22.77996694885609,-10.515577889395338,1,0.0,0.0,interior
T099,L,1752,T006,240,0,mapped,-19.53910413417346,22.73846371688042,-10.394031751997666,1,0.0,0.0,interior
T099,L,1753,T006,241,0,mapped,-20.04485619515749,22.659634298529806,-10.303611737715485,1,0.0,0.0,interior
T099,L,1754,T006,242,0,mapped,-20.61675640542269,22.591543200812517,-10.230075893287358,1,0.0,0.0,interior
T099,L,1755,T006,243,0,mapped,-20.996644696558636,22.43089396503421,-10.078956916686419,1,0.0,0.0,interior
T099,L,1756,T006,244,0,mapped,-21.420172288763652,22.340350035974986,-10.081208100620927,1,0.0,0.0,interior
T099,L,1757,T006,245,0,mapped,-21.79996351838117,22.21091458608452,-10.06893137476209,1,0.0,0.0,interior
T099,L,1758,T006,246,0,mapped,-22.132798169447092,22.05113486639075,-10.086989506707308,2,1.6653345369377348e-16,8.326672684688674e-17,shared_edge
T099,L,1759,T006,248,0,mapped,-17.958483733592445,22.788883095876937,-11.35251754315716,1,0.0,0.0,interior
T099,L,1760,T006,249,0,mapped,-18.427072266212985,22.846202718455785,-11.07674109280822,1,0.0,0.0,interior
T099,L,1761,T006,250,0,mapped,-18.873625381508177,22.868315819179905,-10.794636172547754,1,0.0,0.0,interior
T099,L,1762,T006,251,0,mapped,-19.244524296132493,22.83919251420305,-10.637401458494612,1,0.0,0.0,interior
T099,L,1763,T006,252,0,mapped,-19.784138079658536,22.814900489814534,-10.546183929613282,1,0.0,0.0,interior
T099,L,1764,T006,253,0,mapped,-20.197153648904074,22.73311719204855,-10.460452870685994,1,0.0,0.0,interior
T099,L,1765,T006,254,0,mapped,-20.688012935909207,22.65025566943698,-10.325352573407375,1,0.0,0.0,interior
T099,L,1766,T006,255,0,mapped,-21.10359906209834,22.552263779894663,-10.28961477249949,1,0.0,0.0,interior
T099,L,1767,T006,256,0,mapped,-21.51552039621654,22.397404675685358,-10.20240588750718,1,0.0,0.0,interior
T099,L,1768,T006,257,0,mapped,-21.88958576177137,22.30171022628798,-10.285033977070078,1,0.0,0.0,interior
T099,L,1769,T006,258,0,mapped,-22.21861951842132,22.136605640924266,-10.33210365727573,2,0.0,0.0,shared_edge
T099,L,1770,T006,260,0,mapped,-18.60051366612366,22.950243087931838,-11.209891870607791,1,0.0,0.0,interior
T099,L,1771,T006,261,0,mapped,-19.00667543198261,22.959604961595293,-11.009563707782092,1,0.0,0.0,interior
T099,L,1772,T006,262,0,mapped,-19.403153866878757,22.94329767672496,-10.82315709181221,1,0.0,0.0,interior
T099,L,1773,T006,263,0,mapped,-19.91623498670426,22.864778817307577,-10.663862087969097,1,0.0,0.0,interior
T099,L,1774,T006,264,0,mapped,-20.35069562638063,22.79024482343484,-10.586233149953426,1,0.0,0.0,interior
T099,L,1775,T006,265,0,mapped,-20.853244198607335,22.75443275187557,-10.536472833758076,1,0.0,0.0,interior
T099,L,1776,T006,266,0,mapped,-21.276599092592484,22.597427964877358,-10.435257727821263,1,0.0,0.0,interior
T099,L,1777,T006,267,0,mapped,-21.64751819390555,22.47486630805007,-10.370736695218298,1,0.0,0.0,interior
T099,L,1778,T006,268,0,mapped,-22.038390238629667,22.326991661420898,-10.419942804826995,1,0.0,0.0,interior
T099,L,1779,T006,269,0,mapped,-22.364640674805262,22.22924376961116,-10.548767463866014,2,0.0,0.0,shared_edge
T099,L,1780,T006,271,0,mapped,-19.15241779834645,23.086874547604282,-11.170125274466894,1,0.0,0.0,interior
T099,L,1781,T006,272,0,mapped,-19.640634214122876,23.04904943307871,-10.956370430282274,1,0.0,0.0,interior
T099,L,1782,T006,273,0,mapped,-20.020705276865932,22.95353743341978,-10.813785530170879,1,0.0,0.0,interior
T099,L,1783,T006,274,0,mapped,-20.496883041197506,22.837171315831345,-10.660230093673414,1,0.0,0.0,interior
T099,L,1784,T006,275,0,mapped,-20.97012454305921,22.812630166689818,-10.645248011648043,1,0.0,0.0,interior
T099,L,1785,T006,276,0,mapped,-21.405144639271676,22.654992178740404,-10.541835366961834,1,0.0,0.0,interior
T099,L,1786,T006,277,0,mapped,-21.823607162132504,22.575922669824426,-10.578973933286322,1,0.0,0.0,interior
T099,L,1787,T006,278,0,mapped,-22.14206899620273,22.511649064164686,-10.654872437597614,1,0.0,0.0,interior
T099,L,1788,T006,279,0,mapped,-22.467372213844378,22.385250672738277,-10.743770939259695,2,2.0137621733714643e-15,1.0068810866857322e-15,shared_edge
T099,L,1789,T006,281,0,mapped,-19.805802063621073,23.096402242384467,-11.019665368603118,1,0.0,0.0,interior
T099,L,1790,T006,282,0,mapped,-20.232675815276316,23.036597006449945,-10.945214086545118,1,0.0,0.0,interior
T099,L,1791,T006,283,0,mapped,-20.7162475170416,22.962664386079744,-10.845142427171083,1,0.0,0.0,interior
T099,L,1792,T006,284,0,mapped,-21.17626432922592,22.888297570959764,-10.742023657978523,1,0.0,0.0,interior
T099,L,1793,T006,285,0,mapped,-21.56340706638126,22.728125796961017,-10.651781562982503,1,0.0,0.0,interior
T099,L,1794,T006,286,0,mapped,-22.008118938278344,22.68861795621275,-10.735595542431035,1,0.0,0.0,interior
T099,L,1795,T006,287,0,mapped,-22.24967698246283,22.623613924853558,-10.792279066049133,1,0.0,0.0,interior
T099,L,1796,T006,288,0,mapped,-22.58152086035314,22.53328728835954,-10.897576843893198,2,1.9891280697202825e-15,9.945640348601413e-16,shared_edge
T099,L,1797,T006,290,0,mapped,-20.423252351288344,23.12680221728895,-11.0408734719523,1,0.0,0.0,interior
T099,L,1798,T006,291,0,mapped,-20.902495250087608,23.066265889461096,-10.933056594579238,1,0.0,0.0,interior
T099,L,1799,T006,292,0,mapped,-21.282384653135203,22.961795385589284,-10.822455287026875,1,0.0,0.0,interior
T099,L,1800,T006,293,0,mapped,-21.678477949448734,22.840649665923365,-10.76165251532863,1,0.0,0.0,interior
T099,L,1801,T006,294,0,mapped,-22.09515798391438,22.828845322201033,-10.850826281951582,1,0.0,0.0,interior
T099,L,1802,T006,295,0,mapped,-22.364259615896636,22.7058595892239,-10.890240232749662,1,0.0,0.0,interior
T099,L,1803,T006,296,0,mapped,-22.834238432911945,22.524158953346266,-11.011080064807997,2,1.831026719408895e-15,9.155133597044477e-16,shared_edge
T099,L,1804,T006,298,0,mapped,-21.005576892615913,23.174022671293727,-11.014672759899344,1,0.0,0.0,interior
T099,L,1805,T006,299,0,mapped,-21.446177617566867,23.10606872761895,-10.950168318930832,1,0.0,0.0,interior
T099,L,1806,T006,300,0,mapped,-21.843493810532014,22.978626652308595,-10.880377202560034,1,0.0,0.0,interior
T099,L,1807,T006,301,0,mapped,-22.23408734888624,22.886048386750186,-10.924501539386789,1,0.0,0.0,interior
T099,L,1808,T006,302,0,mapped,-22.606837294058092,22.781989091771784,-11.013202179985768,1,0.0,0.0,interior
T099,L,1809,T006,303,0,mapped,-23.045545790222697,22.613013069712874,-11.142424767147084,2,1.831026719408895e-15,9.155133597044477e-16,shared_edge
T099,L,1810,T006,305,0,mapped,-21.642810037248395,23.194456631171125,-10.998060827357438,1,0.0,0.0,interior
T099,L,1811,T006,306,0,mapped,-22.02212624978874,23.023285432835014,-10.937740342081904,1,0.0,0.0,interior
T099,L,1812,T006,307,0,mapped,-22.42027449866685,22.97632483310933,-11.019472186660145,1,0.0,0.0,interior
T099,L,1813,T006,308,0,mapped,-22.806774263527558,22.90915180669135,-11.13613544044371,1,0.0,0.0,interior
T099,L,1814,T006,309,0,mapped,-23.191996686975493,22.825773166496475,-11.243123024148083,2,5.402578411571408e-15,2.701289205785704e-15,shared_edge
T099,L,1815,T006,311,0,mapped,-22.240604186680294,23.129483975517577,-11.020799288446044,1,0.0,0.0,interior
T099,L,1816,T006,312,0,mapped,-22.565979750574037,23.160062808230453,-11.111846202040839,1,0.0,0.0,interior
T099,L,1817,T006,313,0,mapped,-22.964408353374793,23.005639425395973,-11.194024846639063,1,0.0,0.0,interior
T099,L,1818,T006,314,0,mapped,-23.39039601179001,23.01398869326861,-11.282122134429258,2,4.965068306494546e-16,2.482534153247273e-16,shared_edge
T099,L,1819,T006,316,0,mapped,-22.76617224218893,23.2570606727825,-11.15079784533888,1,0.0,0.0,interior
T099,L,1820,T006,317,0,mapped,-23.188990649287717,23.168074196454032,-11.238246913173093,1,0.0,0.0,interior
T099,L,1821,T006,318,0,mapped,-23.606623570067526,23.108197000196082,-11.326533176132706,2,2.220446049250313e-16,1.1102230246251563e-16,shared_edge
T099,L,1822,T006,320,0,mapped,-23.396108906177517,23.338733392370635,-11.235888602071485,1,0.0,0.0,interior
T099,L,1823,T006,321,0,mapped,-23.780407018838748,23.322853329477024,-11.30740715492092,2,2.220446049250313e-16,1.1102230246251563e-16,shared_edge
T099,L,1824,T006,323,0,mapped,-23.95974948206119,23.533517084918966,-11.287435341421396,2,0.0,0.0,shared_edge
T099,L,1825,T007,25,0,mapped,-10.742680876039389,20.77860836707779,-12.632207622351654,1,0.0,0.0,interior
T099,L,1826,T007,26,0,mapped,-10.87059293622307,21.055927591330562,-12.391349567213148,1,0.0,0.0,interior
T099,L,1827,T007,27,0,mapped,-11.063098994263928,21.51110685320208,-12.200902634673817,1,0.0,0.0,interior
T099,L,1828,T007,28,0,mapped,-11.28913757712661,21.76728638766858,-11.802518621520422,1,0.0,0.0,interior
T099,L,1829,T007,29,0,mapped,-11.543422615127728,22.07428968321587,-11.571726781184097,1,0.0,0.0,interior
T099,L,1830,T007,30,0,mapped,-11.752166729034153,22.36400312870056,-11.327025541705233,1,0.0,0.0,interior
T099,L,1831,T007,31,0,mapped,-12.08313518284602,22.68953720132579,-11.101378084868916,1,0.0,0.0,interior
T099,L,1832,T007,32,0,mapped,-12.42204172851671,22.86063036275222,-10.753461814250347,1,0.0,0.0,interior
T099,L,1833,T007,33,0,mapped,-12.928746937664343,22.961007915417827,-10.548011598836442,1,0.0,0.0,interior
T099,L,1834,T007,34,0,mapped,-13.365182999204867,22.9386835047045,-10.3121032824044,1,0.0,0.0,interior
T099,L,1835,T007,35,0,mapped,-13.804878713273212,22.89764274405877,-10.112459319953885,1,0.0,0.0,interior
T099,L,1836,T007,36,0,mapped,-14.263320309058026,22.75666345960632,-9.78947225334321,1,0.0,0.0,interior
T099,L,1837,T007,37,0,mapped,-14.670481701133244,22.65744702545961,-9.562948739032464,1,0.0,0.0,interior
T099,L,1838,T007,38,0,mapped,-15.104989825986767,22.499453812619166,-9.363021781872696,1,0.0,0.0,interior
T099,L,1839,T007,39,0,mapped,-15.578704471470957,22.340913672943532,-9.199796374128592,1,0.0,0.0,interior
T099,L,1840,T007,40,0,mapped,-16.031862170368594,22.214831503712368,-9.058236980008623,1,0.0,0.0,interior
T099,L,1841,T007,41,0,mapped,-16.534623273420316,22.103553318911725,-8.986079340328224,1,0.0,0.0,interior
T099,L,1842,T007,42,0,mapped,-17.00892560731132,22.067660298717193,-8.759899387721301,1,0.0,0.0,interior
T099,L,1843,T007,43,0,mapped,-17.411860214024276,22.08176937350878,-8.53250404689921,1,0.0,0.0,interior
T099,L,1844,T007,44,0,mapped,-17.76954453508726,22.06109969420799,-8.250973669964775,1,0.0,0.0,interior
T099,L,1845,T007,45,0,mapped,-18.18374764645168,22.046922514740572,-8.037339334664704,1,0.0,0.0,interior
T099,L,1846,T007,46,0,mapped,-18.7267499149756,22.001722851716206,-7.935146938301161,1,0.0,0.0,interior
T099,L,1847,T007,47,0,mapped,-19.237960293366804,21.910066415630162,-7.816156121709891,1,0.0,0.0,interior
T099,L,1848,T007,48,0,mapped,-19.689434896019716,21.822049365101716,-7.594179176885871,2,9.155133597044477e-16,4.577566798522237e-16,shared_edge
T099,L,1849,T007,49,0,mapped,-10.706769289700018,20.41869424396488,-12.65951870077085,1,0.0,0.0,interior
T099,L,1850,T007,50,0,mapped,-10.841349794143254,20.781716137189285,-12.378859141337198,1,0.0,0.0,interior
T099,L,1851,T007,51,0,mapped,-10.965982175233504,21.179428137532767,-12.210423421047436,1,0.0,0.0,interior
T099,L,1852,T007,52,0,mapped,-11.132253101185805,21.464154072538033,-11.891010195797463,1,0.0,0.0,interior
T099,L,1853,T007,53,0,mapped,-11.367919906327337,21.699284881152778,-11.568176492518436,1,0.0,0.0,interior
T099,L,1854,T007,54,0,mapped,-11.642288692834036,22.084881603580023,-11.251141884764227,1,0.0,0.0,interior
T099,L,1855,T007,55,0,mapped,-11.797101697389532,22.37390440585885,-11.083270285141182,1,0.0,0.0,interior
T099,L,1856,T007,56,0,mapped,-12.073652493612004,22.646264754094783,-10.737162654910723,1,0.0,0.0,interior
T099,L,1857,T007,57,0,mapped,-12.535243653001391,22.864758323415753,-10.46384346082844,1,0.0,0.0,interior
T099,L,1858,T007,58,0,mapped,-12.948663840209221,22.944677263758308,-10.303625625484367,1,0.0,0.0,interior
T099,L,1859,T007,59,0,mapped,-13.407408971204399,22.975335205477354,-10.03396258867605,1,0.0,0.0,interior
T099,L,1860,T007,60,0,mapped,-13.894760121094023,22.93714186439462,-9.859082655694023,1,0.0,0.0,interior
T099,L,1861,T007,61,0,mapped,-14.34786908828565,22.819703307514757,-9.588059272446628,1,0.0,0.0,interior
T099,L,1862,T007,62,0,mapped,-14.79095263861495,22.68276186448805,-9.37577852259573,1,0.0,0.0,interior
T099,L,1863,T007,63,0,mapped,-15.266032153163327,22.48441656870091,-9.106161927333936,1,0.0,0.0,interior
T099,L,1864,T007,64,0,mapped,-15.728081997463686,22.317195070111055,-8.991273151534909,1,0.0,0.0,interior
T099,L,1865,T007,65,0,mapped,-16.185370471065504,22.180064002596453,-8.777794528650201,1,0.0,0.0,interior
T099,L,1866,T007,66,0,mapped,-16.641848506851666,22.070607369109073,-8.672752242164865,1,0.0,0.0,interior
T099,L,1867,T007,67,0,mapped,-17.11667649332893,22.044833379199527,-8.492345922622809,1,0.0,0.0,interior
T099,L,1868,T007,68,0,mapped,-17.503910017180637,22.05315656457541,-8.25791209706172,1,0.0,0.0,interior
T099,L,1869,T007,69,0,mapped,-17.894234471809156,22.017885866242423,-8.029191335358089,1,0.0,0.0,interior
T099,L,1870,T007,70,0,mapped,-18.352386613966345,22.000846741571937,-7.869783096703816,1,0.0,0.0,interior
T099,L,1871,T007,71,0,mapped,-18.870140167802216,21.884786595122343,-7.728064683116706,2,8.881784197001252e-16,4.440892098500626e-16,shared_edge
T099,L,1872,T007,72,0,mapped,-10.665718628185353,20.060278269355354,-12.671289523443566,1,0.0,0.0,interior
T099,L,1873,T007,73,0,mapped,-10.779422161056763,20.42116756221843,-12.405885104902437,1,0.0,0.0,interior
T099,L,1874,T007,74,0,mapped,-10.914782852648818,20.833935513585445,-12.110823319733443,1,0.0,0.0,interior
T099,L,1875,T007,75,0,mapped,-11.0497784766479,21.154226432967576,-11.88728090175218,1,0.0,0.0,interior
T099,L,1876,T007,76,0,mapped,-11.26256465149917,21.496497990294724,-11.546939260055614,1,0.0,0.0,interior
T099,L,1877,T007,77,0,mapped,-11.499232487449072,21.76777604725865,-11.212104605033968,1,0.0,0.0,interior
T099,L,1878,T007,78,0,mapped,-11.670698716137412,22.05596792389822,-11.000658955934115,1,0.0,0.0,interior
T099,L,1879,T007,79,0,mapped,-11.87154115756323,22.416010129857618,-10.789735336567173,1,0.0,0.0,interior
T099,L,1880,T007,80,0,mapped,-12.211019893609032,22.683369514344587,-10.493402269075663,1,0.0,0.0,interior
T099,L,1881,T007,81,0,mapped,-12.693352809258846,22.882951678733463,-10.182907257909022,1,0.0,0.0,interior
T099,L,1882,T007,82,0,mapped,-13.065051673274521,22.94693842450427,-10.008224242586268,1,0.0,0.0,interior
T099,L,1883,T007,83,0,mapped,-13.558335046279058,23.01839540094398,-9.79254916338589,1,0.0,0.0,interior
T099,L,1884,T007,84,0,mapped,-14.005149616252979,22.978420668785283,-9.55019780723174,1,0.0,0.0,interior
T099,L,1885,T007,85,0,mapped,-14.479409905836548,22.840353352228938,-9.402477702610021,1,0.0,0.0,interior
T099,L,1886,T007,86,0,mapped,-14.908676900862245,22.656214849276065,-9.216240369816996,1,0.0,0.0,interior
T099,L,1887,T007,87,0,mapped,-15.376891744047363,22.488420627926764,-8.86857601666835,1,0.0,0.0,interior
T099,L,1888,T007,88,0,mapped,-15.861852587226457,22.294148103482044,-8.749971217902356,1,0.0,0.0,interior
T099,L,1889,T007,89,0,mapped,-16.293182146004018,22.146922556833676,-8.5498996303016,1,0.0,0.0,interior
T099,L,1890,T007,90,0,mapped,-16.654192757040505,22.058413213380742,-8.382742202178745,1,0.0,0.0,interior
T099,L,1891,T007,91,0,mapped,-17.110158252507116,22.011159365466746,-8.227619095439724,1,0.0,0.0,interior
T099,L,1892,T007,92,0,mapped,-17.60757358531619,21.995372397390106,-8.004893479272642,1,0.0,0.0,interior
T099,L,1893,T007,93,0,mapped,-18.043922566585756,21.960614704602026,-7.8220605012022935,2,0.0,0.0,shared_edge
T099,L,1894,T007,94,0,mapped,-10.623793579839298,19.709513876261873,-12.742338798110145,1,0.0,0.0,interior
T099,L,1895,T007,95,0,mapped,-10.724629537516178,20.057329563083137,-12.39413289619093,1,0.0,0.0,interior
T099,L,1896,T007,96,0,mapped,-10.823490070194934,20.421152321694134,-12.131353054094253,1,0.0,0.0,interior
T099,L,1897,T007,97,0,mapped,-10.958082431595978,20.822347522816454,-11.848460458465064,1,0.0,0.0,interior
T099,L,1898,T007,98,0,mapped,-11.080227345376498,21.147830167246436,-11.591305891051576,1,0.0,0.0,interior
T099,L,1899,T007,99,0,mapped,-11.292426751335613,21.43904368157333,-11.24571933767752,1,0.0,0.0,interior
T099,L,1900,T007,100,0,mapped,-11.530706227324234,21.78333928726049,-10.973480044291271,1,0.0,0.0,interior
T099,L,1901,T007,101,0,mapped,-11.711547362550641,22.031094076137077,-10.724891408899303,1,0.0,0.0,interior
T099,L,1902,T007,102,0,mapped,-11.917277085602603,22.35311486375154,-10.444389786149188,1,0.0,0.0,interior
T099,L,1903,T007,103,0,mapped,-12.25570878077634,22.639691862611613,-10.21079581268377,1,0.0,0.0,interior
T099,L,1904,T007,104,0,mapped,-12.683238565166981,22.8305208510789,-9.950871482771422,1,0.0,0.0,interior
T099,L,1905,T007,105,0,mapped,-13.20892358829932,22.959836798424295,-9.75518643743155,1,0.0,0.0,interior
T099,L,1906,T007,106,0,mapped,-13.611968833102555,23.037293937849974,-9.47751989160015,1,0.0,0.0,interior
T099,L,1907,T007,107,0,mapped,-14.134207880694863,22.99537160607632,-9.323022579206064,1,0.0,0.0,interior
T099,L,1908,T007,108,0,mapped,-14.614520286946064,22.83704118796527,-9.13293533160137,1,0.0,0.0,interior
T099,L,1909,T007,109,0,mapped,-15.012841855399122,22.63710422349378,-8.92719014807029,1,0.0,0.0,interior
T099,L,1910,T007,110,0,mapped,-15.469256288576718,22.486212382956143,-8.621957869517658,1,0.0,0.0,interior
T099,L,1911,T007,111,0,mapped,-15.94738534007745,22.273071659027035,-8.493748359511967,1,0.0,0.0,interior
T099,L,1912,T007,112,0,mapped,-16.343810940191204,22.106344328756045,-8.281240851983299,1,0.0,0.0,interior
T099,L,1913,T007,113,0,mapped,-16.772567377787194,22.01734073074701,-8.198166208922373,1,0.0,0.0,interior
T099,L,1914,T007,114,0,mapped,-17.212282929613423,21.951128628958365,-7.935518010731229,2,9.155133597044477e-16,4.577566798522237e-16,shared_edge
T099,L,1915,T007,115,0,mapped,-10.552953065458407,19.37550291863601,-12.828269776386362,1,0.0,0.0,interior
T099,L,1916,T007,116,0,mapped,-10.65933311683547,19.705128130946196,-12.47598239974917,1,0.0,0.0,interior
T099,L,1917,T007,117,0,mapped,-10.759843091257192,20.02098246114223,-12.168564817955362,1,0.0,0.0,interior
T099,L,1918,T007,118,0,mapped,-10.879809671048744,20.465825174047684,-11.839913965382841,1,0.0,0.0,interior
T099,L,1919,T007,119,0,mapped,-10.984883416582393,20.818047052215725,-11.561550148907287,1,0.0,0.0,interior
T099,L,1920,T007,120,0,mapped,-11.139839418543144,21.18976940208511,-11.296259944772002,1,0.0,0.0,interior
T099,L,1921,T007,121,0,mapped,-11.31111356739472,21.44096587798159,-10.955106428175302,1,0.0,0.0,interior
T099,L,1922,T007,122,0,mapped,-11.56527296530564,21.746464082243687,-10.705522315282247,1,0.0,0.0,interior
T099,L,1923,T007,123,0,mapped,-11.761241532320224,21.999352518532348,-10.418163906303338,1,0.0,0.0,interior
T099,L,1924,T007,124,0,mapped,-12.020900326136973,22.363161591818965,-10.141409654994497,1,0.0,0.0,interior
T099,L,1925,T007,125,0,mapped,-12.444676194295564,22.641101831405187,-9.89305377879477,1,0.0,0.0,interior
T099,L,1926,T007,126,0,mapped,-12.929158744585441,22.865260900683328,-9.676823635875511,1,0.0,0.0,interior
T099,L,1927,T007,127,0,mapped,-13.26896883353665,22.946974922626026,-9.49641782581078,1,0.0,0.0,interior
T099,L,1928,T007,128,0,mapped,-13.790371903604122,23.026477823396032,-9.268397041524675,1,0.0,0.0,interior
T099,L,1929,T007,129,0,mapped,-14.213665792697004,22.975454998222105,-9.06273892883196,1,0.0,0.0,interior
T099,L,1930,T007,130,0,mapped,-14.767637192979294,22.752203135408823,-8.873289114885598,1,0.0,0.0,interior
T099,L,1931,T007,131,0,mapped,-15.145017613829813,22.61771973922293,-8.6176583200225,1,0.0,0.0,interior
T099,L,1932,T007,132,0,mapped,-15.624107559300239,22.426376069438266,-8.390610192601606,1,0.0,0.0,interior
T099,L,1933,T007,133,0,mapped,-15.98342659321545,22.231585938094142,-8.22387693671219,1,0.0,0.0,interior
T099,L,1934,T007,134,0,mapped,-16.38718717505617,22.048516917933863,-8.050384037319837,2,8.881784197001252e-16,4.440892098500626e-16,shared_edge
T099,L,1935,T007,135,0,mapped,-10.493706450833033,19.01615152722371,-12.82862398407411,1,0.0,0.0,interior
T099,L,1936,T007,136,0,mapped,-10.563156995614944,19.39683570799621,-12.46092748640766,1,0.0,0.0,interior
T099,L,1937,T007,137,0,mapped,-10.673221608836794,19.703756192674327,-12.217734654639177,1,0.0,0.0,interior
T099,L,1938,T007,138,0,mapped,-10.817807734165504,20.049950507291808,-11.915868763538606,1,0.0,0.0,interior
T099,L,1939,T007,139,0,mapped,-10.934121664027309,20.485302088248513,-11.538602988704232,1,0.0,0.0,interior
T099,L,1940,T007,140,0,mapped,-11.007641545497332,20.853904326322407,-11.271832797168972,1,0.0,0.0,interior
T099,L,1941,T007,141,0,mapped,-11.156160867288346,21.12579157166838,-10.956523615739643,1,0.0,0.0,interior
T099,L,1942,T007,142,0,mapped,-11.380855297197478,21.49626454391085,-10.70340256659128,1,0.0,0.0,interior
T099,L,1943,T007,143,0,mapped,-11.631491652936136,21.768197128236498,-10.40267102176509,1,0.0,0.0,interior
T099,L,1944,T007,144,0,mapped,-11.822649943904798,22.002428515364873,-10.129468085001786,1,0.0,0.0,interior
T099,L,1945,T007,145,0,mapped,-12.072770950379901,22.298173033846588,-9.867917260839759,1,0.0,0.0,interior
T099,L,1946,T007,146,0,mapped,-12.531699008553051,22.5732103021218,-9.575775412797466,1,0.0,0.0,interior
T099,L,1947,T007,147,0,mapped,-13.002119893470002,22.81964503376444,-9.406601866322085,1,0.0,0.0,interior
T099,L,1948,T007,148,0,mapped,-13.406239553062548,22.924975278916826,-9.212255165893133,1,0.0,0.0,interior
T099,L,1949,T007,149,0,mapped,-13.956966552528527,22.98893418478028,-9.015577529245736,1,0.0,0.0,interior
T099,L,1950,T007,150,0,mapped,-14.351735019468038,22.91176728200493,-8.785306938183929,1,0.0,0.0,interior
T099,L,1951,T007,151,0,mapped,-14.834002218220911,22.694622627842204,-8.571826785506861,1,0.0,0.0,interior
T099,L,1952,T007,152,0,mapped,-15.22055948640666,22.582075610173938,-8.343357056711426,1,0.0,0.0,interior
T099,L,1953,T007,153,0,mapped,-15.629875420370864,22.394359407547547,-8.161339468943492,2,0.0,0.0,shared_edge
T099,L,1954,T007,154,0,mapped,-10.430396024222226,18.65835516993797,-12.840280037414018,1,0.0,0.0,interior
T099,L,1955,T007,155,0,mapped,-10.513680748832861,19.05630062100403,-12.544580575275376,1,0.0,0.0,interior
T099,L,1956,T007,156,0,mapped,-10.579312111799144,19.410600695683986,-12.216968720539176,1,0.0,0.0,interior
T099,L,1957,T007,157,0,mapped,-10.693749913533237,19.75773150694821,-11.932248363816834,1,0.0,0.0,interior
T099,L,1958,T007,158,0,mapped,-10.878151981865585,20.084592891860083,-11.598528852211015,1,0.0,0.0,interior
T099,L,1959,T007,159,0,mapped,-10.957421443532962,20.47542277116222,-11.294875182534831,1,0.0,0.0,interior
T099,L,1960,T007,160,0,mapped,-11.039006092574846,20.812805308712477,-10.976114829878929,1,0.0,0.0,interior
T099,L,1961,T007,161,0,mapped,-11.167646696280162,21.12899320140643,-10.62711100069168,1,0.0,0.0,interior
T099,L,1962,T007,162,0,mapped,-11.386108985087601,21.47141882123397,-10.41012498176893,1,0.0,0.0,interior
T099,L,1963,T007,163,0,mapped,-11.635376692060671,21.739396356236863,-10.127519532718217,1,0.0,0.0,interior
T099,L,1964,T007,164,0,mapped,-11.905756579873538,22.055718764470114,-9.834952809930684,1,0.0,0.0,interior
T099,L,1965,T007,165,0,mapped,-12.231055908494245,22.327867671905942,-9.572178742054817,1,0.0,0.0,interior
T099,L,1966,T007,166,0,mapped,-12.745422759131202,22.672374701203744,-9.37719129805619,1,0.0,0.0,interior
T099,L,1967,T007,167,0,mapped,-13.109654434404039,22.78820806357363,-9.174650881059055,1,0.0,0.0,interior
T099,L,1968,T007,168,0,mapped,-13.545028147128072,22.876602741354958,-8.962079929591795,1,0.0,0.0,interior
T099,L,1969,T007,169,0,mapped,-14.008015341423318,22.92714128228125,-8.781211716636669,1,0.0,0.0,interior
T099,L,1970,T007,170,0,mapped,-14.453383722626354,22.827549495735617,-8.518141572877667,1,0.0,0.0,interior
T099,L,1971,T007,171,0,mapped,-14.856348099077307,22.661762348904546,-8.275738720499604,2,1.3322676295501878e-15,6.661338147750939e-16,shared_edge
T099,L,1972,T007,172,0,mapped,-10.383825426151677,18.3136697625118,-12.929341680785436,1,0.0,0.0,interior
T099,L,1973,T007,173,0,mapped,-10.477656725404405,18.732793946672004,-12.565072072909585,1,0.0,0.0,interior
T099,L,1974,T007,174,0,mapped,-10.629740597553724,19.119804221426058,-12.238264497111114,1,0.0,0.0,interior
T099,L,1975,T007,175,0,mapped,-10.607636319376272,19.39076670372137,-11.998113371841983,1,0.0,0.0,interior
T099,L,1976,T007,176,0,mapped,-10.714241629550214,19.738002107133227,-11.62989476643665,1,0.0,0.0,interior
T099,L,1977,T007,177,0,mapped,-10.900636261761445,20.09451334401779,-11.263715653996158,1,0.0,0.0,interior
T099,L,1978,T007,178,0,mapped,-10.97201652712425,20.48747800460602,-10.99027820910347,1,0.0,0.0,interior
T099,L,1979,T007,179,0,mapped,-11.05402053912386,20.82211507545664,-10.679271198215094,1,0.0,0.0,interior
T099,L,1980,T007,180,0,mapped,-11.219529450241925,21.19897860624214,-10.360434234813576,1,0.0,0.0,interior
T099,L,1981,T007,181,0,mapped,-11.482498627312424,21.55519113293674,-10.132433809047768,1,0.0,0.0,interior
T099,L,1982,T007,182,0,mapped,-11.70644523309058,21.766727589373183,-9.82876840597892,1,0.0,0.0,interior
T099,L,1983,T007,183,0,mapped,-11.947785374036906,22.0327867779209,-9.57360886457686,1,0.0,0.0,interior
T099,L,1984,T007,184,0,mapped,-12.335140903767133,22.314710903778803,-9.33822607616814,1,0.0,0.0,interior
T099,L,1985,T007,185,0,mapped,-12.818522067310333,22.603932453682454,-9.121211430728644,1,0.0,0.0,interior
T099,L,1986,T007,186,0,mapped,-13.217805566139347,22.734043100319095,-8.944358086354505,1,0.0,0.0,interior
T099,L,1987,T007,187,0,mapped,-13.710998591174144,22.845718449005183,-8.735674938898335,1,0.0,0.0,interior
T099,L,1988,T007,188,0,mapped,-14.108134095589321,22.856982039873557,-8.54970901516988,2,8.881784197001252e-16,4.440892098500626e-16,shared_edge
T099,L,1989,T007,189,0,mapped,-10.372099155739534,17.979049967558847,-13.024802372342553,1,0.0,0.0,interior
T099,L,1990,T007,190,0,mapped,-10.434107025202358,18.3801144813644,-12.605551611237349,1,0.0,0.0,interior
T099,L,1991,T007,191,0,mapped,-10.685869087347417,18.821192368293445,-12.29924928235883,1,0.0,0.0,interior
T099,L,1992,T007,192,0,mapped,-10.71600327738729,19.178384473895434,-12.01749321462842,1,0.0,0.0,interior
T099,L,1993,T007,193,0,mapped,-10.658681357765943,19.397052371265378,-11.642793226294302,1,0.0,0.0,interior
T099,L,1994,T007,194,0,mapped,-10.778165969943174,19.73758482929567,-11.322611607199864,1,0.0,0.0,interior
T099,L,1995,T007,195,0,mapped,-10.908890304990601,20.106948863187824,-10.960946148077923,1,0.0,0.0,interior
T099,L,1996,T007,196,0,mapped,-10.95736750561715,20.456103501493942,-10.62618653438804,1,0.0,0.0,interior
T099,L,1997,T007,197,0,mapped,-11.049127675726643,20.8224798136881,-10.296878772214676,1,0.0,0.0,interior
T099,L,1998,T007,198,0,mapped,-11.299707863272047,21.248218274942193,-10.089273880585544,1,0.0,0.0,interior
T099,L,1999,T007,199,0,mapped,-11.534988778997413,21.59248748958348,-9.833549901886215,1,0.0,0.0,interior
T099,L,2000,T007,200,0,mapped,-11.79114053341414,21.82867133633756,-9.548291920376808,1,0.0,0.0,interior
T099,L,2001,T007,201,0,mapped,-12.04218723507858,22.03343083427586,-9.2381773378455,1,0.0,0.0,interior
T099,L,2002,T007,202,0,mapped,-12.469496373631229,22.35377995408007,-9.161410581450294,1,0.0,0.0,interior
T099,L,2003,T007,203,0,mapped,-12.890725175981476,22.513245917843303,-8.87111222044297,1,0.0,0.0,interior
T099,L,2004,T007,204,0,mapped,-13.323210743773608,22.650820761081214,-8.68402779540199,2,0.0,0.0,shared_edge
T099,L,2005,T007,205,0,mapped,-10.36678042883298,17.616791427174356,-13.022639779820688,1,0.0,0.0,interior
T099,L,2006,T007,206,0,mapped,-10.383212652566383,18.029644411519463,-12.623443861347553,1,0.0,0.0,interior
T099,L,2007,T007,207,0,mapped,-10.656310391466029,18.45535824785984,-12.391390730086563,1,0.0,0.0,interior
T099,L,2008,T007,208,0,mapped,-10.860605076576007,18.841208992721214,-12.073974132761307,1,0.0,0.0,interior
T099,L,2009,T007,209,0,mapped,-10.77390186271651,19.118714509804875,-11.701577439755562,1,0.0,0.0,interior
T099,L,2010,T007,210,0,mapped,-10.74689179886951,19.41223450043392,-11.324957246164601,1,0.0,0.0,interior
T099,L,2011,T007,211,0,mapped,-10.887680296922248,19.768072206921964,-10.99684414987359,1,0.0,0.0,interior
T099,L,2012,T007,212,0,mapped,-10.945608166440914,20.126200456949267,-10.652468434174125,1,0.0,0.0,interior
T099,L,2013,T007,213,0,mapped,-10.977336791162223,20.491593110685336,-10.27767592465284,1,0.0,0.0,interior
T099,L,2014,T007,214,0,mapped,-11.103696614465463,20.90681687688892,-10.017750318843653,1,0.0,0.0,interior
T099,L,2015,T007,215,0,mapped,-11.322326247689555,21.290992531371153,-9.786836620466225,1,0.0,0.0,interior
T099,L,2016,T007,216,0,mapped,-11.586039463692167,21.61982104774447,-9.558511729679621,1,0.0,0.0,interior
T099,L,2017,T007,217,0,mapped,-11.803891568779688,21.81755403757641,-9.29306814931796,1,0.0,0.0,interior
T099,L,2018,T007,218,0,mapped,-12.168075871676473,22.10385652552614,-9.153280650638047,1,0.0,0.0,interior
T099,L,2019,T007,219,0,mapped,-12.618813866880155,22.331690236097618,-8.910955373487273,2,9.550499576785472e-16,4.775249788392736e-16,shared_edge
T099,L,2020,T007,220,0,mapped,-10.40341315062313,17.256782925943817,-13.017307109078176,1,0.0,0.0,interior
T099,L,2021,T007,221,0,mapped,-10.366241509537215,17.65726282359742,-12.640520685627397,1,0.0,0.0,interior
T099,L,2022,T007,222,0,mapped,-10.551171556702167,18.108227455140096,-12.346789336226905,1,0.0,0.0,interior
T099,L,2023,T007,223,0,mapped,-10.906894567065105,18.476041875241208,-12.160864685998341,1,0.0,0.0,interior
T099,L,2024,T007,224,0,mapped,-10.935225557093517,18.82900558675564,-11.778669490213595,1,0.0,0.0,interior
T099,L,2025,T007,225,0,mapped,-10.784352914329247,19.07380272819065,-11.36497758534502,1,0.0,0.0,interior
T099,L,2026,T007,226,0,mapped,-10.900568611203262,19.45654965901212,-11.010560902835092,1,0.0,0.0,interior
T099,L,2027,T007,227,0,mapped,-10.96867324024411,19.8233896156428,-10.667259595810325,1,0.0,0.0,interior
T099,L,2028,T007,228,0,mapped,-10.95231553710865,20.126691508613163,-10.31091531322203,1,0.0,0.0,interior
T099,L,2029,T007,229,0,mapped,-10.995680035173653,20.53102402777259,-9.947063288034919,1,0.0,0.0,interior
T099,L,2030,T007,230,0,mapped,-11.16295067850357,20.901617468343417,-9.758652468579054,1,0.0,0.0,interior
T099,L,2031,T007,231,0,mapped,-11.322730658010638,21.301067470820673,-9.52759991561433,1,0.0,0.0,interior
T099,L,2032,T007,232,0,mapped,-11.577380307204276,21.58466784615348,-9.299060346557438,1,0.0,0.0,interior
T099,L,2033,T007,233,0,mapped,-11.936165696269946,21.88401486757709,-9.058980397092874,2,3.7751664318895333e-16,1.8875832159447664e-16,shared_edge
T099,L,2034,T007,234,0,mapped,-10.474747468906571,16.904034953255742,-13.003489016974985,1,0.0,0.0,interior
T099,L,2035,T007,235,0,mapped,-10.389749753815915,17.326422142943784,-12.64878501653983,1,0.0,0.0,interior
T099,L,2036,T007,236,0,mapped,-10.49571425838129,17.732111845748122,-12.316017448565372,1,0.0,0.0,interior
T099,L,2037,T007,237,0,mapped,-10.869569377428538,18.10645260504154,-12.175764365866844,1,0.0,0.0,interior
T099,L,2038,T007,238,0,mapped,-11.057119903571474,18.490980408078304,-11.86656966160521,1,0.0,0.0,interior
T099,L,2039,T007,239,0,mapped,-10.896565352342673,18.77224546576752,-11.452398963996703,1,0.0,0.0,interior
T099,L,2040,T007,240,0,mapped,-10.918382306927839,19.113499896769287,-11.035757582796414,1,0.0,0.0,interior
T099,L,2041,T007,241,0,mapped,-11.031638672008535,19.499044187826673,-10.705417879355029,1,0.0,0.0,interior
T099,L,2042,T007,242,0,mapped,-11.013811018367026,19.821893505912627,-10.365843565284749,1,0.0,0.0,interior
T099,L,2043,T007,243,0,mapped,-10.985421406649975,20.138985983850155,-10.000456278072111,1,0.0,0.0,interior
T099,L,2044,T007,244,0,mapped,-11.053159343057848,20.566029135282317,-9.618419056916899,1,0.0,0.0,interior
T099,L,2045,T007,245,0,mapped,-11.185762539138684,20.9537062383555,-9.462072045556972,1,0.0,0.0,interior
T099,L,2046,T007,246,0,mapped,-11.349309879325789,21.298681488124053,-9.17771582688557,2,9.42055475210265e-16,4.710277376051325e-16,shared_edge
T099,L,2047,T007,247,0,mapped,-10.558871542489381,16.57995259600429,-13.141105354373178,1,0.0,0.0,interior
T099,L,2048,T007,248,0,mapped,-10.469407177979237,16.961971853760517,-12.694791644511598,1,0.0,0.0,interior
T099,L,2049,T007,249,0,mapped,-10.502959110524234,17.3644513345398,-12.317156431430124,1,0.0,0.0,interior
T099,L,2050,T007,250,0,mapped,-10.77845062671042,17.76544184876322,-12.130293029795421,1,0.0,0.0,interior
T099,L,2051,T007,251,0,mapped,-11.104654797484859,18.11513062435541,-11.929226742631439,1,0.0,0.0,interior
T099,L,2052,T007,252,0,mapped,-11.056569057503793,18.474388863667468,-11.535127575088637,1,0.0,0.0,interior
T099,L,2053,T007,253,0,mapped,-10.97011647044898,18.766224702141187,-11.104338340214696,1,0.0,0.0,interior
T099,L,2054,T007,254,0,mapped,-11.101369602269466,19.162489863707687,-10.737302444368026,1,0.0,0.0,interior
T099,L,2055,T007,255,0,mapped,-11.102558915236973,19.507318820583013,-10.406391803037172,1,0.0,0.0,interior
T099,L,2056,T007,256,0,mapped,-11.038836093044972,19.829162684238817,-10.076810254684691,1,0.0,0.0,interior
T099,L,2057,T007,257,0,mapped,-11.030350708441208,20.20016418569189,-9.698007210326539,1,0.0,0.0,interior
T099,L,2058,T007,258,0,mapped,-11.07286849619156,20.570301930651546,-9.367819796170021,2,8.881784197001252e-16,4.440892098500626e-16,shared_edge
T099,L,2059,T007,259,0,mapped,-10.661883344813074,16.238939079439085,-13.149607131389551,1,0.0,0.0,interior
T099,L,2060,T007,260,0,mapped,-10.542242350457853,16.711874939853836,-12.785999641678767,1,0.0,0.0,interior
T099,L,2061,T007,261,0,mapped,-10.553648009607969,17.017325704356427,-12.365607734777502,1,0.0,0.0,interior
T099,L,2062,T007,262,0,mapped,-10.754405183241154,17.39364613169006,-12.07459409010034,1,0.0,0.0,interior
T099,L,2063,T007,263,0,mapped,-11.099582983277589,17.74923245577086,-11.971458266407462,1,0.0,0.0,interior
T099,L,2064,T007,264,0,mapped,-11.18344593801299,18.1316659935709,-11.630014295465228,1,0.0,0.0,interior
T099,L,2065,T007,265,0,mapped,-11.10059924503374,18.455650952111576,-11.209712084724632,1,0.0,0.0,interior
T099,L,2066,T007,266,0,mapped,-11.144284318997073,18.800196200687434,-10.792385827144749,1,0.0,0.0,interior
T099,L,2067,T007,267,0,mapped,-11.20150577766925,19.170759760544808,-10.420357428302097,1,0.0,0.0,interior
T099,L,2068,T007,268,0,mapped,-11.129663341018487,19.498116990066915,-10.099985869601056,1,0.0,0.0,interior
T099,L,2069,T007,269,0,mapped,-11.058706397604025,19.87010386220041,-9.781818566202503,2,8.95090418262362e-16,4.47545209131181e-16,shared_edge
T099,L,2070,T007,270,0,mapped,-10.802719381505451,15.90411143058854,-13.123144055869778,1,0.0,0.0,interior
T099,L,2071,T007,271,0,mapped,-10.713303105459831,16.258497847673734,-12.85091042363392,1,0.0,0.0,interior
T099,L,2072,T007,272,0,mapped,-10.668569874926487,16.67443865842851,-12.472006674925831,1,0.0,0.0,interior
T099,L,2073,T007,273,0,mapped,-10.748407434764786,17.043880504854013,-12.082439912163101,1,0.0,0.0,interior
T099,L,2074,T007,274,0,mapped,-11.067177201672783,17.396346719592117,-11.98143014196741,1,0.0,0.0,interior
T099,L,2075,T007,275,0,mapped,-11.255891299927523,17.776308499837338,-11.742193351033112,1,0.0,0.0,interior
T099,L,2076,T007,276,0,mapped,-11.240097096919657,18.1568503147934,-11.324400769042645,1,0.0,0.0,interior
T099,L,2077,T007,277,0,mapped,-11.239665660818755,18.48224862891476,-10.900356587885312,1,0.0,0.0,interior
T099,L,2078,T007,278,0,mapped,-11.299520570182368,18.808060070056268,-10.457845555993574,1,0.0,0.0,interior
T099,L,2079,T007,279,0,mapped,-11.260536750283174,19.146257370225705,-10.075798126890215,2,0.0,0.0,shared_edge
T099,L,2080,T007,280,0,mapped,-10.978494887879299,15.58690927499022,-13.092285517250065,1,0.0,0.0,interior
T099,L,2081,T007,281,0,mapped,-10.899360693036181,15.919467181320844,-12.815518008483373,1,0.0,0.0,interior
T099,L,2082,T007,282,0,mapped,-10.792006429113426,16.370051160237235,-12.568714527042685,1,0.0,0.0,interior
T099,L,2083,T007,283,0,mapped,-10.809589920174641,16.716184578015607,-12.168533575969532,1,0.0,0.0,interior
T099,L,2084,T007,284,0,mapped,-11.035815982999903,17.016735719608217,-11.915952012990536,1,0.0,0.0,interior
T099,L,2085,T007,285,0,mapped,-11.304493149186177,17.45088438233295,-11.815397065116752,1,0.0,0.0,interior
T099,L,2086,T007,286,0,mapped,-11.353792655763138,17.841115621840277,-11.439786472564023,1,0.0,0.0,interior
T099,L,2087,T007,287,0,mapped,-11.333419577128785,18.197206645255914,-11.03168836523746,1,0.0,0.0,interior
T099,L,2088,T007,288,0,mapped,-11.382188669049606,18.510662690733273,-10.578720509623288,2,9.694605782913356e-16,4.847302891456678e-16,shared_edge
T099,L,2089,T007,289,0,mapped,-10.995074205063585,15.2894934001053,-13.276493603304885,1,0.0,0.0,interior
T099,L,2090,T007,290,0,mapped,-11.003229150800482,15.67436148743913,-12.934700913685717,1,0.0,0.0,interior
T099,L,2091,T007,291,0,mapped,-10.934927484079793,15.972088778216637,-12.622019654187474,1,0.0,0.0,interior
T099,L,2092,T007,292,0,mapped,-10.978514853736561,16.388774994605587,-12.275334162789434,1,0.0,0.0,interior
T099,L,2093,T007,293,0,mapped,-11.002028133242932,16.700104803226676,-11.934359569161668,1,0.0,0.0,interior
T099,L,2094,T007,294,0,mapped,-11.304618825521823,17.125331976928834,-11.800577156982474,1,0.0,0.0,interior
T099,L,2095,T007,295,0,mapped,-11.458633226612546,17.538478805546795,-11.521538654768097,1,0.0,0.0,interior
T099,L,2096,T007,296,0,mapped,-11.4507666051249,17.90608766517652,-11.140132926315662,2,9.305364597889229e-16,4.652682298944613e-16,shared_edge
T099,L,2097,T007,297,0,mapped,-10.972330012567225,14.950416249676067,-13.403197363800386,1,0.0,0.0,interior
T099,L,2098,T007,298,0,mapped,-11.106254981547629,15.326044752997692,-13.026017255535914,1,0.0,0.0,interior
T099,L,2099,T007,299,0,mapped,-11.096504254066817,15.640743332155793,-12.677916730903922,1,0.0,0.0,interior
T099,L,2100,T007,300,0,mapped,-11.012043996737189,16.047139694165654,-12.424900411982295,1,0.0,0.0,interior
T099,L,2101,T007,301,0,mapped,-11.116491487699369,16.400076046327666,-12.007444176718952,1,0.0,0.0,interior
T099,L,2102,T007,302,0,mapped,-11.268533925653186,16.795155798029338,-11.783948423934824,1,0.0,0.0,interior
T099,L,2103,T007,303,0,mapped,-11.54222993383387,17.226360745798484,-11.558343206439197,2,1.2609709600486848e-15,6.304854800243424e-16,shared_edge
T099,L,2104,T007,304,0,mapped,-10.924269409460283,14.602412327395742,-13.484443858206536,1,0.0,0.0,interior
T099,L,2105,T007,305,0,mapped,-11.100147622492006,15.0271511424936,-13.206298821937047,1,0.0,0.0,interior
T099,L,2106,T007,306,0,mapped,-11.175753982151925,15.377693193094302,-12.817621211752812,1,0.0,0.0,interior
T099,L,2107,T007,307,0,mapped,-11.120294451223984,15.751748015989254,-12.477703114141777,1,0.0,0.0,interior
T099,L,2108,T007,308,0,mapped,-11.249766391257177,16.04181756237221,-12.090025200025732,1,0.0,0.0,interior
T099,L,2109,T007,309,0,mapped,-11.331645863583805,16.467296056027678,-11.785016230438012,2,1.2863743655007717e-15,6.4318718275038595e-16,shared_edge
T099,L,2110,T007,310,0,mapped,-10.945210532667526,14.239453488708506,-13.471610815384128,1,0.0,0.0,interior
T099,L,2111,T007,311,0,mapped,-11.122088973649063,14.660952689013794,-13.273060662461816,1,0.0,0.0,interior
T099,L,2112,T007,312,0,mapped,-11.216399410271753,15.063418719020936,-12.936839371288828,1,0.0,0.0,interior
T099,L,2113,T007,313,0,mapped,-11.246419897209972,15.429425255109638,-12.55640663078404,1,0.0,0.0,interior
T099,L,2114,T007,314,0,mapped,-11.325769912580892,15.759783703523397,-12.16403452924899,2,8.95090418262362e-16,4.47545209131181e-16,shared_edge
T099,L,2115,T007,315,0,mapped,-10.91416363165002,13.878184605273567,-13.468069592517862,1,0.0,0.0,interior
T099,L,2116,T007,316,0,mapped,-11.129734088573668,14.336366839340027,-13.27457686614949,1,0.0,0.0,interior
T099,L,2117,T007,317,0,mapped,-11.245274857166631,14.73059511874661,-13.055238238833102,1,0.0,0.0,interior
T099,L,2118,T007,318,0,mapped,-11.299023297525817,15.113692772049072,-12.68921921282698,2,1.2670655869532562e-15,6.335327934766281e-16,shared_edge
T099,L,2119,T007,319,0,mapped,-10.810284760528322,13.54352606811588,-13.442872321843199,1,0.0,0.0,interior
T099,L,2120,T007,320,0,mapped,-11.082124488430372,13.98976787498488,-13.301041900986089,1,0.0,0.0,interior
T099,L,2121,T007,321,0,mapped,-11.267488440191375,14.390218731501784,-13.08160691943679,2,1.7979101253009106e-15,8.989550626504553e-16,shared_edge
T099,L,2122,T007,322,0,mapped,-10.738502892655696,13.19789674117064,-13.360633527899097,1,0.0,0.0,interior
T099,L,2123,T007,323,0,mapped,-11.032692345714063,13.630221761824226,-13.24462170240131,2,1.1102230246251563e-16,5.551115123125783e-17,shared_edge
T099,L,2124,T012,0,-1,landmark_vertex,-10.698077880440673,12.888249725549565,-13.197542831778904,3,0.0,0.0,landmark
T099,L,2125,T008,0,0,mapped,-29.70078417200877,21.326429186416654,-5.609512183741815,1,0.0,0.0,landmark
T099,L,2126,T008,1,0,mapped,-29.577065628280195,20.094441916726133,-6.4414853492723605,1,0.0,0.0,interior
T099,L,2127,T008,2,0,mapped,-29.42432306637672,18.71533369356291,-7.02269573810255,1,0.0,0.0,interior
T099,L,2128,T008,3,0,mapped,-29.347151710947806,17.536600538887,-7.991680199046294,1,0.0,0.0,interior
T099,L,2129,T008,4,0,mapped,-29.54161187363293,16.529816776744127,-9.12522615911714,1,0.0,0.0,interior
T099,L,2130,T008,5,0,mapped,-29.717689407769885,15.513785097832791,-10.281019453974832,1,0.0,0.0,interior
T099,L,2131,T008,6,0,mapped,-29.773903117069246,14.552981076392104,-11.505310542764633,1,0.0,0.0,interior
T099,L,2132,T008,7,0,mapped,-29.59471150003468,13.849021072595788,-12.781424108929498,1,0.0,0.0,interior
T099,L,2133,T008,8,0,mapped,-29.496598829218833,13.394858685748991,-14.204265452919557,1,0.0,0.0,interior
T099,L,2134,T008,9,0,mapped,-30.19359379575773,12.386968480143867,-14.839083340796542,1,0.0,0.0,interior
T099,L,2135,T008,10,0,mapped,-30.961701333925976,11.254159661833244,-15.461841429892328,1,0.0,0.0,interior
T099,L,2136,T008,11,0,mapped,-31.624897830170685,10.516038597683748,-16.571190243614723,1,0.0,0.0,interior
T099,L,2137,T008,12,0,mapped,-31.67848606787977,9.745666239418979,-17.8929704370887,1,0.0,0.0,interior
T099,L,2138,T008,13,0,mapped,-31.30019355529597,9.380752516318367,-19.319625424113053,1,0.0,0.0,interior
T099,L,2139,T008,14,0,mapped,-30.336321568386612,9.30908956797574,-20.49853874156105,1,0.0,0.0,interior
T099,L,2140,T008,15,0,mapped,-28.96638145534527,9.449467321845779,-21.157513898241735,1,0.0,0.0,interior
T099,L,2141,T008,16,0,mapped,-27.470422176018353,9.62484264293299,-20.93062787669399,1,0.0,0.0,interior
T099,L,2142,T008,17,0,mapped,-26.343489599415626,10.172279363679644,-20.064169095893774,1,0.0,0.0,interior
T099,L,2143,T008,18,0,mapped,-25.493584910613826,10.578055396005212,-18.897189100761086,1,0.0,0.0,interior
T099,L,2144,T008,19,0,mapped,-24.3072102633136,11.076421667590076,-18.10431064148796,1,0.0,0.0,interior
T099,L,2145,T008,20,0,mapped,-22.942822650356007,11.389447101002569,-17.444541133136322,1,0.0,0.0,interior
T099,L,2146,T008,21,0,mapped,-21.56661748459298,11.768319627986923,-16.877240519772517,1,0.0,0.0,interior
T099,L,2147,T008,22,0,mapped,-20.174036683013654,12.237059713153815,-16.388376539722202,1,0.0,0.0,interior
T099,L,2148,T008,23,0,mapped,-18.931882046728347,12.790325585741591,-15.742717027805387,1,0.0,0.0,interior
T099,L,2149,T014,0,-1,landmark_vertex,-18.098754076651808,13.518196520957977,-14.699337832074715,4,0.0,0.0,landmark
T099,L,2150,T008,25,0,mapped,-29.63894243623328,21.126149973574506,-6.819434991842659,1,0.0,0.0,interior
T099,L,2151,T008,26,0,mapped,-29.522839642047273,19.670150928045754,-7.532475990615916,1,0.0,0.0,interior
T099,L,2152,T008,27,0,mapped,-29.501832960003643,18.45893168210423,-8.346678353468437,1,0.0,0.0,interior
T099,L,2153,T008,28,0,mapped,-29.668483276629484,17.43175795479194,-9.12801779142424,1,0.0,0.0,interior
T099,L,2154,T008,29,0,mapped,-29.909114243266167,16.257190563739357,-10.248891998523838,1,0.0,0.0,interior
T099,L,2155,T008,30,0,mapped,-30.050439803812306,15.190396193441504,-11.468166459244452,1,0.0,0.0,interior
T099,L,2156,T008,31,0,mapped,-29.920802295607903,14.333978190197593,-12.912782527097685,1,0.0,0.0,interior
T099,L,2157,T008,32,0,mapped,-29.716306664034335,13.93004532722476,-14.15890985915599,1,0.0,0.0,interior
T099,L,2158,T008,33,0,mapped,-30.16831869595834,12.92049487138513,-15.013966864863086,1,0.0,0.0,interior
T099,L,2159,T008,34,0,mapped,-31.140146484094146,12.04181948378515,-15.644976551085191,1,0.0,0.0,interior
T099,L,2160,T008,35,0,mapped,-31.736811367662924,11.172721441870223,-16.53860663901326,1,0.0,0.0,interior
T099,L,2161,T008,36,0,mapped,-31.884133722938802,10.264921528231916,-17.9291647019433,1,0.0,0.0,interior
T099,L,2162,T008,37,0,mapped,-31.607733267537437,9.832154023894764,-19.230369043545124,1,0.0,0.0,interior
T099,L,2163,T008,38,0,mapped,-30.65671724892454,9.718429579624798,-20.592041456686005,1,0.0,0.0,interior
T099,L,2164,T008,39,0,mapped,-29.295148553176727,9.635933077237844,-21.26979780180322,1,0.0,0.0,interior
T099,L,2165,T008,40,0,mapped,-27.78777255056381,9.993504107274738,-21.192449746149546,1,0.0,0.0,interior
T099,L,2166,T008,41,0,mapped,-26.673774378651874,10.445850116749801,-20.411998447151184,1,0.0,0.0,interior
T099,L,2167,T008,42,0,mapped,-25.818984544358102,10.95148979386411,-19.292866147956804,1,0.0,0.0,interior
T099,L,2168,T008,43,0,mapped,-24.619637614971627,11.346150344935468,-18.43890321758387,1,0.0,0.0,interior
T099,L,2169,T008,44,0,mapped,-23.27874812294734,11.69840896788738,-17.81463326456334,1,0.0,0.0,interior
T099,L,2170,T008,45,0,mapped,-21.93028718956741,12.055969394907397,-17.16335407813316,1,0.0,0.0,interior
T099,L,2171,T008,46,0,mapped,-20.700255075857584,12.535162520510832,-16.646913331856105,1,0.0,0.0,interior
T099,L,2172,T008,47,0,mapped,-19.45411803156653,13.13174277150067,-15.918581513514267,1,0.0,0.0,interior
T099,L,2173,T008,48,0,mapped,-18.517802371887353,13.755457427872157,-14.876878958455238,2,3.688882027804963e-15,1.8444410139024814e-15,shared_edge
T099,L,2174,T008,49,0,mapped,-29.59714419542139,20.675288110182215,-7.934194797461828,1,0.0,0.0,interior
T099,L,2175,T008,50,0,mapped,-29.663253302420266,19.360344841272752,-8.725442007373367,1,0.0,0.0,interior
T099,L,2176,T008,51,0,mapped,-29.84479379825164,18.31322054339758,-9.468451154594934,1,0.0,0.0,interior
T099,L,2177,T008,52,0,mapped,-30.082350860650344,17.114478175698675,-10.237296812353573,1,0.0,0.0,interior
T099,L,2178,T008,53,0,mapped,-30.300391285460964,15.876642528296586,-11.506781410095561,1,0.0,0.0,interior
T099,L,2179,T008,54,0,mapped,-30.21322212439558,14.856626190246445,-12.844053211476114,1,0.0,0.0,interior
T099,L,2180,T008,55,0,mapped,-29.933960696700872,14.345460440677744,-14.024172127228953,1,0.0,0.0,interior
T099,L,2181,T008,56,0,mapped,-30.108716867317955,13.612211600281448,-15.169332991226442,1,0.0,0.0,interior
T099,L,2182,T008,57,0,mapped,-31.248837729859957,12.61536006068921,-15.832108713883008,1,0.0,0.0,interior
T099,L,2183,T008,58,0,mapped,-31.881326827450458,11.755781987559939,-16.646653352157525,1,0.0,0.0,interior
T099,L,2184,T008,59,0,mapped,-32.06580779831163,10.803989747740054,-17.89458134122397,1,0.0,0.0,interior
T099,L,2185,T008,60,0,mapped,-31.84902030102894,10.341788222842824,-19.23887328091843,1,0.0,0.0,interior
T099,L,2186,T008,61,0,mapped,-31.042907577127924,10.128634399179724,-20.567879290466415,1,0.0,0.0,interior
T099,L,2187,T008,62,0,mapped,-29.761769547974584,10.130538485575281,-21.425634001263447,1,0.0,0.0,interior
T099,L,2188,T008,63,0,mapped,-28.118450455163334,10.24600775205057,-21.434241188947425,1,0.0,0.0,interior
T099,L,2189,T008,64,0,mapped,-26.95374011839128,10.664251425406617,-20.689512479999184,1,0.0,0.0,interior
T099,L,2190,T008,65,0,mapped,-26.08940300869677,11.232010598491486,-19.605163175205917,1,0.0,0.0,interior
T099,L,2191,T008,66,0,mapped,-24.90331674303071,11.591655448111956,-18.746443569805336,1,0.0,0.0,interior
T099,L,2192,T008,67,0,mapped,-23.550523663524366,12.042489862479444,-18.224001166570677,1,0.0,0.0,interior
T099,L,2193,T008,68,0,mapped,-22.28252168991151,12.369682180275424,-17.52210661627395,1,0.0,0.0,interior
T099,L,2194,T008,69,0,mapped,-21.23929592226179,12.748238203125226,-16.88748709993917,1,0.0,0.0,interior
T099,L,2195,T008,70,0,mapped,-20.107499127930407,13.42943162048632,-16.141064019284148,1,0.0,0.0,interior
T099,L,2196,T008,71,0,mapped,-18.97169865267524,13.698878321997396,-15.300499158315917,2,1.8610729195778454e-15,9.305364597889229e-16,shared_edge
T099,L,2197,T008,72,0,mapped,-29.81110515163954,20.287966815744035,-9.105424937815165,1,0.0,0.0,interior
T099,L,2198,T008,73,0,mapped,-30.01073140229325,19.190228056088987,-9.83087871435357,1,0.0,0.0,interior
T099,L,2199,T008,74,0,mapped,-30.266447612816577,17.898105915120215,-10.462721211284395,1,0.0,0.0,interior
T099,L,2200,T008,75,0,mapped,-30.570282451468376,16.60549788502162,-11.549835085677048,1,0.0,0.0,interior
T099,L,2201,T008,76,0,mapped,-30.48929251199524,15.477048745542714,-12.901225660756603,1,0.0,0.0,interior
T099,L,2202,T008,77,0,mapped,-30.166887096983103,14.824572674809676,-14.048578168098443,1,0.0,0.0,interior
T099,L,2203,T008,78,0,mapped,-30.036011814093058,14.142325616877784,-15.239110364631234,1,0.0,0.0,interior
T099,L,2204,T008,79,0,mapped,-31.182962687911644,13.243909251379256,-15.877505058603123,1,0.0,0.0,interior
T099,L,2205,T008,80,0,mapped,-32.00443932242764,12.346623061114967,-16.750381422366495,1,0.0,0.0,interior
T099,L,2206,T008,81,0,mapped,-32.21461200589195,11.308475650406503,-17.815526604424754,1,0.0,0.0,interior
T099,L,2207,T008,82,0,mapped,-32.15417518406343,10.933367221459596,-19.152774194523612,1,0.0,0.0,interior
T099,L,2208,T008,83,0,mapped,-31.47428550575766,10.667605154616602,-20.573741297315983,1,0.0,0.0,interior
T099,L,2209,T008,84,0,mapped,-30.146171711402875,10.386242676777613,-21.468482755899007,1,0.0,0.0,interior
T099,L,2210,T008,85,0,mapped,-28.497142884746804,10.605881792275213,-21.676945990154895,1,0.0,0.0,interior
T099,L,2211,T008,86,0,mapped,-27.26608285459612,10.8956652664489,-21.036193649883952,1,0.0,0.0,interior
T099,L,2212,T008,87,0,mapped,-26.355603215089708,11.522092542688817,-19.943476303647913,1,0.0,0.0,interior
T099,L,2213,T008,88,0,mapped,-25.251186020638173,11.960516717734281,-19.10411848674527,1,0.0,0.0,interior
T099,L,2214,T008,89,0,mapped,-23.797873943302598,12.32626083850342,-18.539219261722486,1,0.0,0.0,interior
T099,L,2215,T008,90,0,mapped,-22.521292708380546,12.652928263805734,-17.831198517163234,1,0.0,0.0,interior
T099,L,2216,T008,91,0,mapped,-21.58996382685442,13.06736290013906,-17.093901492993346,1,0.0,0.0,interior
T099,L,2217,T008,92,0,mapped,-20.578760656256303,13.662597022493749,-16.299413705384918,1,0.0,0.0,interior
T099,L,2218,T008,93,0,mapped,-19.46133312519326,14.031290503213725,-15.371312676480617,2,0.0,0.0,shared_edge
T099,L,2219,T008,94,0,mapped,-30.196155797909558,20.034457416555462,-10.2535925154537,1,0.0,0.0,interior
T099,L,2220,T008,95,0,mapped,-30.584417899563476,18.65397378705975,-10.866637008583002,1,0.0,0.0,interior
T099,L,2221,T008,96,0,mapped,-30.84044394290172,17.41628970944291,-11.67657061434725,1,0.0,0.0,interior
T099,L,2222,T008,97,0,mapped,-30.749464719932465,16.04156977944779,-12.851926995491793,1,0.0,0.0,interior
T099,L,2223,T008,98,0,mapped,-30.45154403385998,15.265951838056402,-14.049525445936368,1,0.0,0.0,interior
T099,L,2224,T008,99,0,mapped,-30.138388866540723,14.741702597144513,-15.23790597361248,1,0.0,0.0,interior
T099,L,2225,T008,100,0,mapped,-31.249502347322874,14.009844100384331,-16.01457464028317,1,0.0,0.0,interior
T099,L,2226,T008,101,0,mapped,-32.03704385579336,13.034215478436488,-16.711325611896775,1,0.0,0.0,interior
T099,L,2227,T008,102,0,mapped,-32.39598656276664,11.972906863720942,-17.832335870739072,1,0.0,0.0,interior
T099,L,2228,T008,103,0,mapped,-32.365231003324524,11.398317972372695,-19.044909377411933,1,0.0,0.0,interior
T099,L,2229,T008,104,0,mapped,-31.824202412154488,11.041243136203834,-20.442047534721382,1,0.0,0.0,interior
T099,L,2230,T008,105,0,mapped,-30.509881856103753,10.781439807472028,-21.566669619279676,1,0.0,0.0,interior
T099,L,2231,T008,106,0,mapped,-28.89115662219947,10.927994027004972,-21.89660050482879,1,0.0,0.0,interior
T099,L,2232,T008,107,0,mapped,-27.596397414991777,11.203927757169408,-21.354715706328868,1,0.0,0.0,interior
T099,L,2233,T008,108,0,mapped,-26.67259486172052,11.793695511124117,-20.325935185258245,1,0.0,0.0,interior
T099,L,2234,T008,109,0,mapped,-25.55528634622121,12.317420547271848,-19.4801699555444,1,0.0,0.0,interior
T099,L,2235,T008,110,0,mapped,-24.16395737616442,12.552672353365606,-18.928962653368664,1,0.0,0.0,interior
T099,L,2236,T008,111,0,mapped,-22.770602875592477,13.0310467987081,-18.205065840331695,1,0.0,0.0,interior
T099,L,2237,T008,112,0,mapped,-21.934181137030208,13.374141934418933,-17.358561823412526,1,0.0,0.0,interior
T099,L,2238,T008,113,0,mapped,-21.097460790454434,13.814330794422206,-16.56039880805636,1,0.0,0.0,interior
T099,L,2239,T008,114,0,mapped,-19.998945565855866,14.203594317472795,-15.571684890623807,2,2.8174301870297388e-15,1.4087150935148696e-15,shared_edge
T099,L,2240,T008,115,0,mapped,-30.75062161392156,19.393875123967664,-11.170659606027119,1,0.0,0.0,interior
T099,L,2241,T008,116,0,mapped,-31.05843213754003,18.22164988629517,-11.85723193723209,1,0.0,0.0,interior
T099,L,2242,T008,117,0,mapped,-31.003287864552902,16.742356133291445,-12.869535932265196,1,0.0,0.0,interior
T099,L,2243,T008,118,0,mapped,-30.74970304069097,15.907094377069388,-14.064846876886937,1,0.0,0.0,interior
T099,L,2244,T008,119,0,mapped,-30.34394775047021,15.256522838028598,-15.279577329292247,1,0.0,0.0,interior
T099,L,2245,T008,120,0,mapped,-31.11446120555254,14.476523900576574,-16.066722009640042,1,0.0,0.0,interior
T099,L,2246,T008,121,0,mapped,-32.04398182376767,13.608578320146654,-16.764072106898627,1,0.0,0.0,interior
T099,L,2247,T008,122,0,mapped,-32.52540359558646,12.62529193599498,-17.78092284821691,1,0.0,0.0,interior
T099,L,2248,T008,123,0,mapped,-32.55213311060321,11.916793541035688,-19.035518400801376,1,0.0,0.0,interior
T099,L,2249,T008,124,0,mapped,-32.0646057422296,11.455575226001098,-20.47205836165296,1,0.0,0.0,interior
T099,L,2250,T008,125,0,mapped,-30.940686257863124,11.23024208688479,-21.619751991476306,1,0.0,0.0,interior
T099,L,2251,T008,126,0,mapped,-29.29756471041629,11.379228171162406,-22.136006230879026,1,0.0,0.0,interior
T099,L,2252,T008,127,0,mapped,-27.910645927528936,11.580997019310978,-21.65010653740071,1,0.0,0.0,interior
T099,L,2253,T008,128,0,mapped,-26.925502993938345,12.097967868058154,-20.674441376316526,1,0.0,0.0,interior
T099,L,2254,T008,129,0,mapped,-25.865122058825115,12.602397206680491,-19.80581757144879,1,0.0,0.0,interior
T099,L,2255,T008,130,0,mapped,-24.464672079487613,12.8319997869717,-19.28736004623578,1,0.0,0.0,interior
T099,L,2256,T008,131,0,mapped,-23.127557355838906,13.181434420377878,-18.5681125029846,1,0.0,0.0,interior
T099,L,2257,T008,132,0,mapped,-22.275972985772498,13.67316406067481,-17.702205092240202,1,0.0,0.0,interior
T099,L,2258,T008,133,0,mapped,-21.517375870047466,13.953487583106703,-16.818184816740487,1,0.0,0.0,interior
T099,L,2259,T008,134,0,mapped,-20.550779522700125,14.395695345513905,-15.774646682916433,2,1.3322676295501878e-15,6.661338147750939e-16,shared_edge
T099,L,2260,T008,135,0,mapped,-31.237735279556286,18.926978885973686,-12.159072041194975,1,0.0,0.0,interior
T099,L,2261,T008,136,0,mapped,-31.265086488557728,17.468262688909157,-12.988365125544426,1,0.0,0.0,interior
T099,L,2262,T008,137,0,mapped,-31.049648228585,16.53147463418935,-14.13259730367865,1,0.0,0.0,interior
T099,L,2263,T008,138,0,mapped,-30.556563956245345,15.824292581324467,-15.293802264632523,1,0.0,0.0,interior
T099,L,2264,T008,139,0,mapped,-30.907530777393056,15.1111966059686,-16.20472836293367,1,0.0,0.0,interior
T099,L,2265,T008,140,0,mapped,-32.103449166701026,14.208386681234519,-16.874881127649672,1,0.0,0.0,interior
T099,L,2266,T008,141,0,mapped,-32.58761641924018,13.269034810173215,-17.708948852532,1,0.0,0.0,interior
T099,L,2267,T008,142,0,mapped,-32.7278434801072,12.437689970517505,-19.12950369969704,1,0.0,0.0,interior
T099,L,2268,T008,143,0,mapped,-32.3625553799628,11.913637010846603,-20.41944520259829,1,0.0,0.0,interior
T099,L,2269,T008,144,0,mapped,-31.270810935613987,11.647609543575486,-21.660366332972988,1,0.0,0.0,interior
T099,L,2270,T008,145,0,mapped,-29.753255994669686,11.652468267285803,-22.247496359427302,1,0.0,0.0,interior
T099,L,2271,T008,146,0,mapped,-28.26477983540594,11.856295918552803,-21.943555047944265,1,0.0,0.0,interior
T099,L,2272,T008,147,0,mapped,-27.229606857469303,12.383048800091847,-21.022390999113718,1,0.0,0.0,interior
T099,L,2273,T008,148,0,mapped,-26.170283309548047,12.885551856893896,-20.10066250342156,1,0.0,0.0,interior
T099,L,2274,T008,149,0,mapped,-24.730744014052867,13.186901124556876,-19.650923772319146,1,0.0,0.0,interior
T099,L,2275,T008,150,0,mapped,-23.3744341670752,13.585750801480401,-19.020492714058154,1,0.0,0.0,interior
T099,L,2276,T008,151,0,mapped,-22.555946914558067,14.015744714724747,-18.02539529938608,1,0.0,0.0,interior
T099,L,2277,T008,152,0,mapped,-21.932347459302033,14.242077880052774,-17.105075203897492,1,0.0,0.0,interior
T099,L,2278,T008,153,0,mapped,-21.106600616045746,14.603392495426915,-15.926874743789426,2,0.0,0.0,shared_edge
T099,L,2279,T008,154,0,mapped,-31.527666426226777,18.418637256679226,-13.202539695283035,1,0.0,0.0,interior
T099,L,2280,T008,155,0,mapped,-31.270205690592373,17.147797632150485,-14.142718315059977,1,0.0,0.0,interior
T099,L,2281,T008,156,0,mapped,-30.775144939206523,16.379005753174045,-15.306362772249718,1,0.0,0.0,interior
T099,L,2282,T008,157,0,mapped,-30.79397725192266,15.671121320641454,-16.329012370076335,1,0.0,0.0,interior
T099,L,2283,T008,158,0,mapped,-32.091691459329766,14.897060425278447,-16.976689096854887,1,0.0,0.0,interior
T099,L,2284,T008,159,0,mapped,-32.735408848338444,13.888265975831484,-17.858511890434627,1,0.0,0.0,interior
T099,L,2285,T008,160,0,mapped,-32.90980833714307,12.981653468268824,-19.10559742530201,1,0.0,0.0,interior
T099,L,2286,T008,161,0,mapped,-32.667465698938706,12.48065841167618,-20.440417540402677,1,0.0,0.0,interior
T099,L,2287,T008,162,0,mapped,-31.648728672737647,12.180352964338034,-21.74455120768524,1,0.0,0.0,interior
T099,L,2288,T008,163,0,mapped,-30.201512564290457,11.931797101421003,-22.376837003785838,1,0.0,0.0,interior
T099,L,2289,T008,164,0,mapped,-28.603915903632245,12.207573398367046,-22.203314043509156,1,0.0,0.0,interior
T099,L,2290,T008,165,0,mapped,-27.579531068672235,12.719087922228514,-21.42072887790287,1,0.0,0.0,interior
T099,L,2291,T008,166,0,mapped,-26.435249780218328,13.27688084711016,-20.457866039208657,1,0.0,0.0,interior
T099,L,2292,T008,167,0,mapped,-25.057232227156383,13.482432088492155,-19.98752725861231,1,0.0,0.0,interior
T099,L,2293,T008,168,0,mapped,-23.676250044863522,13.901495353823492,-19.438745229866917,1,0.0,0.0,interior
T099,L,2294,T008,169,0,mapped,-22.80405551936163,14.14307534889798,-18.433326243005943,1,0.0,0.0,interior
T099,L,2295,T008,170,0,mapped,-22.260790129923976,14.485178472581316,-17.379757627931646,1,0.0,0.0,interior
T099,L,2296,T008,171,0,mapped,-21.583781675349414,14.822569089076543,-16.14602622082152,2,3.32325934484418e-15,1.6616296724220897e-15,shared_edge
T099,L,2297,T008,172,0,mapped,-31.495363471758296,17.84368262425968,-14.268895382785905,1,0.0,0.0,interior
T099,L,2298,T008,173,0,mapped,-30.99491726970222,16.909974637640744,-15.398329713489085,1,0.0,0.0,interior
T099,L,2299,T008,174,0,mapped,-30.73958605212928,16.266805239375522,-16.42818305714929,1,0.0,0.0,interior
T099,L,2300,T008,175,0,mapped,-32.010535665200734,15.381207755158396,-17.02113586317409,1,0.0,0.0,interior
T099,L,2301,T008,176,0,mapped,-32.79527254822628,14.54565429878075,-17.914524298051052,1,0.0,0.0,interior
T099,L,2302,T008,177,0,mapped,-33.09226268500156,13.61603706941674,-19.111706671011042,1,0.0,0.0,interior
T099,L,2303,T008,178,0,mapped,-32.94048195810282,13.035742884303577,-20.36111028446696,1,0.0,0.0,interior
T099,L,2304,T008,179,0,mapped,-32.08375651048834,12.701162343116623,-21.729750200062398,1,0.0,0.0,interior
T099,L,2305,T008,180,0,mapped,-30.628351267478315,12.36920421406738,-22.53390400991669,1,0.0,0.0,interior
T099,L,2306,T008,181,0,mapped,-28.991695377068588,12.62336161419788,-22.44581404014324,1,0.0,0.0,interior
T099,L,2307,T008,182,0,mapped,-27.830571130998912,12.95374119700048,-21.661287159269992,1,0.0,0.0,interior
T099,L,2308,T008,183,0,mapped,-26.749470224600998,13.573272008705212,-20.77399507431495,1,0.0,0.0,interior
T099,L,2309,T008,184,0,mapped,-25.395862036765244,13.790535291147226,-20.317716362049893,1,0.0,0.0,interior
T099,L,2310,T008,185,0,mapped,-24.063407902463837,14.263260139858735,-19.94478473278182,1,0.0,0.0,interior
T099,L,2311,T008,186,0,mapped,-23.03429085037726,14.4708234074393,-18.88370970431843,1,0.0,0.0,interior
T099,L,2312,T008,187,0,mapped,-22.6309086365735,14.858978858460084,-17.731856343873204,1,0.0,0.0,interior
T099,L,2313,T008,188,0,mapped,-21.99612969966806,14.941355643255706,-16.57377390676066,2,8.881784197001252e-16,4.440892098500626e-16,shared_edge
T099,L,2314,T008,189,0,mapped,-31.187764294280452,17.4654719532153,-15.42742563986244,1,0.0,0.0,interior
T099,L,2315,T008,190,0,mapped,-30.812502084873746,16.785106722722062,-16.55191679199774,1,0.0,0.0,interior
T099,L,2316,T008,191,0,mapped,-31.914186701882766,15.960297657540787,-17.104273614957833,1,0.0,0.0,interior
T099,L,2317,T008,192,0,mapped,-32.86393354119403,15.182624402877066,-17.947719339223838,1,0.0,0.0,interior
T099,L,2318,T008,193,0,mapped,-33.29816527320774,14.346445339986246,-19.119934436790615,1,0.0,0.0,interior
T099,L,2319,T008,194,0,mapped,-33.21269224951191,13.650395790291173,-20.331417082049533,1,0.0,0.0,interior
T099,L,2320,T008,195,0,mapped,-32.471875610297005,13.140760796471648,-21.607363253062587,1,0.0,0.0,interior
T099,L,2321,T008,196,0,mapped,-31.015741980815452,12.772714704890227,-22.593268031654574,1,0.0,0.0,interior
T099,L,2322,T008,197,0,mapped,-29.353653055603868,12.967328701856786,-22.68053019562312,1,0.0,0.0,interior
T099,L,2323,T008,198,0,mapped,-28.17063725241537,13.274646887614038,-22.017333218897924,1,0.0,0.0,interior
T099,L,2324,T008,199,0,mapped,-27.201552389768512,13.914520070902968,-21.09428995779649,1,0.0,0.0,interior
T099,L,2325,T008,200,0,mapped,-25.68775694103072,14.154438963053465,-20.65647256462644,1,0.0,0.0,interior
T099,L,2326,T008,201,0,mapped,-24.35578706433644,14.450551003195578,-20.24518723613621,1,0.0,0.0,interior
T099,L,2327,T008,202,0,mapped,-23.246777719167085,14.745906800471506,-19.335844362685524,1,0.0,0.0,interior
T099,L,2328,T008,203,0,mapped,-22.84518711203679,15.130436071116328,-18.08838847696547,1,0.0,0.0,interior
T099,L,2329,T008,204,0,mapped,-22.401029743306772,15.1653614209803,-16.895241493066354,2,0.0,0.0,shared_edge
T099,L,2330,T008,205,0,mapped,-30.887901107205288,17.299913690698247,-16.63974718033105,1,0.0,0.0,interior
T099,L,2331,T008,206,0,mapped,-31.846356928671003,16.491200590976458,-17.19267355357308,1,0.0,0.0,interior
T099,L,2332,T008,207,0,mapped,-32.82774094684703,15.862854121133005,-17.93478125020774,1,0.0,0.0,interior
T099,L,2333,T008,208,0,mapped,-33.39293317009785,14.886177798267907,-19.09422955459884,1,0.0,0.0,interior
T099,L,2334,T008,209,0,mapped,-33.399512224904285,14.159446473605447,-20.32369283444988,1,0.0,0.0,interior
T099,L,2335,T008,210,0,mapped,-32.79953431532677,13.65809081488687,-21.61176644457007,1,0.0,0.0,interior
T099,L,2336,T008,211,0,mapped,-31.47642299053823,13.250521757102884,-22.639544169128914,1,0.0,0.0,interior
T099,L,2337,T008,212,0,mapped,-29.866076368091733,13.357169725711127,-22.903081034443534,1,0.0,0.0,interior
T099,L,2338,T008,213,0,mapped,-28.50087906229558,13.647739585853936,-22.32386520746597,1,0.0,0.0,interior
T099,L,2339,T008,214,0,mapped,-27.56145877844084,14.180821909797164,-21.41042021311071,1,0.0,0.0,interior
T099,L,2340,T008,215,0,mapped,-26.023403895798907,14.486311116870308,-20.956099096543436,1,0.0,0.0,interior
T099,L,2341,T008,216,0,mapped,-24.622785798259486,14.740330501633654,-20.5790892217451,1,0.0,0.0,interior
T099,L,2342,T008,217,0,mapped,-23.45439295328316,15.148008267285478,-19.78636748760604,1,0.0,0.0,interior
T099,L,2343,T008,218,0,mapped,-23.02695183297188,15.512324150570091,-18.378991422525647,1,0.0,0.0,interior
T099,L,2344,T008,219,0,mapped,-22.819517821753006,15.557384578977523,-17.055416420043663,2,4.0943002132167226e-15,2.0471501066083613e-15,shared_edge
T099,L,2345,T008,220,0,mapped,-31.85723512157958,17.180050677377146,-17.35751050010733,1,0.0,0.0,interior
T099,L,2346,T008,221,0,mapped,-32.86368270122104,16.376145275270378,-18.00988502373697,1,0.0,0.0,interior
T099,L,2347,T008,222,0,mapped,-33.52612889618314,15.46741647848824,-19.109414893684182,1,0.0,0.0,interior
T099,L,2348,T008,223,0,mapped,-33.578637075943604,14.716011629088836,-20.34217078926078,1,0.0,0.0,interior
T099,L,2349,T008,224,0,mapped,-33.13430021766844,14.225926993255793,-21.578877284328755,1,0.0,0.0,interior
T099,L,2350,T008,225,0,mapped,-31.820127866160185,13.77321514522699,-22.698309445630336,1,0.0,0.0,interior
T099,L,2351,T008,226,0,mapped,-30.28593326993069,13.719091091839243,-23.12915725425939,1,0.0,0.0,interior
T099,L,2352,T008,227,0,mapped,-28.82440077851151,13.925184752698609,-22.611296863311804,1,0.0,0.0,interior
T099,L,2353,T008,228,0,mapped,-27.87742241640241,14.5169441160261,-21.727103230703033,1,0.0,0.0,interior
T099,L,2354,T008,229,0,mapped,-26.396761664184943,14.846281201045862,-21.229526771114525,1,0.0,0.0,interior
T099,L,2355,T008,230,0,mapped,-24.968430060959868,15.075843696814555,-20.918101653841692,1,0.0,0.0,interior
T099,L,2356,T008,231,0,mapped,-23.654394075087122,15.485399134109892,-20.085139890917265,1,0.0,0.0,interior
T099,L,2357,T008,232,0,mapped,-23.210469472999485,15.839746785186822,-18.84987401856916,1,0.0,0.0,interior
T099,L,2358,T008,233,0,mapped,-23.115668789919166,15.82883780933787,-17.51522293693107,2,4.440892098500626e-16,2.220446049250313e-16,shared_edge
T099,L,2359,T008,234,0,mapped,-32.87702662923256,16.930763895662032,-18.082594686011806,1,0.0,0.0,interior
T099,L,2360,T008,235,0,mapped,-33.65939001850131,16.10549922309408,-19.104980908818362,1,0.0,0.0,interior
T099,L,2361,T008,236,0,mapped,-33.78227957388146,15.332097485458014,-20.29909207295327,1,0.0,0.0,interior
T099,L,2362,T008,237,0,mapped,-33.406428182289616,14.802478614288606,-21.62177501292307,1,0.0,0.0,interior
T099,L,2363,T008,238,0,mapped,-32.314444731708974,14.277020391363171,-22.667830008369453,1,0.0,0.0,interior
T099,L,2364,T008,239,0,mapped,-30.78440302686373,14.14849746410188,-23.25938940869769,1,0.0,0.0,interior
T099,L,2365,T008,240,0,mapped,-29.192641897349162,14.347859347288239,-22.86868903302578,1,0.0,0.0,interior
T099,L,2366,T008,241,0,mapped,-28.200000124470726,14.796298768992745,-22.052279385614046,1,0.0,0.0,interior
T099,L,2367,T008,242,0,mapped,-26.84896755707854,15.229559786990036,-21.516392063067435,1,0.0,0.0,interior
T099,L,2368,T008,243,0,mapped,-25.32089928722429,15.349308325589437,-21.215118145911003,1,0.0,0.0,interior
T099,L,2369,T008,244,0,mapped,-24.059218445233377,15.8272679119967,-20.51525610836962,1,0.0,0.0,interior
T099,L,2370,T008,245,0,mapped,-23.487666613702423,16.319025263953648,-19.172510896592847,1,0.0,0.0,interior
T099,L,2371,T008,246,0,mapped,-23.394152410185654,16.17451783997136,-17.869042246963897,2,0.0,0.0,shared_edge
T099,L,2372,T008,247,0,mapped,-33.68506203649895,16.75085504944267,-19.047909945763568,1,0.0,0.0,interior
T099,L,2373,T008,248,0,mapped,-33.98843168643637,15.905210680556092,-20.335128027655056,1,0.0,0.0,interior
T099,L,2374,T008,249,0,mapped,-33.685602135272056,15.410370283043429,-21.62436394940562,1,0.0,0.0,interior
T099,L,2375,T008,250,0,mapped,-32.71888515889714,14.90907962279673,-22.72330839866948,1,0.0,0.0,interior
T099,L,2376,T008,251,0,mapped,-31.272172192995725,14.605447033202308,-23.36128791598871,1,0.0,0.0,interior
T099,L,2377,T008,252,0,mapped,-29.58278012616238,14.786228407418973,-23.15288685134042,1,0.0,0.0,interior
T099,L,2378,T008,253,0,mapped,-28.57975063324163,15.128874272702312,-22.337677949314674,1,0.0,0.0,interior
T099,L,2379,T008,254,0,mapped,-27.32124318422995,15.545639284195644,-21.716807969220923,1,0.0,0.0,interior
T099,L,2380,T008,255,0,mapped,-25.644110305393177,15.71249002565397,-21.50566992344548,1,0.0,0.0,interior
T099,L,2381,T008,256,0,mapped,-24.416596387461308,16.184663464835715,-20.884331542368397,1,0.0,0.0,interior
T099,L,2382,T008,257,0,mapped,-23.746635784558517,16.68972026437667,-19.479990983110305,1,0.0,0.0,interior
T099,L,2383,T008,258,0,mapped,-23.68984891272264,16.612647358912753,-18.109420969357174,2,1.9860273225978185e-15,9.930136612989092e-16,shared_edge
T099,L,2384,T008,259,0,mapped,-34.17749795253532,16.68573897321749,-20.229442216887193,1,0.0,0.0,interior
T099,L,2385,T008,260,0,mapped,-33.97480608090072,16.035471054919135,-21.548234738657708,1,0.0,0.0,interior
T099,L,2386,T008,261,0,mapped,-33.09683990055121,15.472916840977547,-22.698158830701896,1,0.0,0.0,interior
T099,L,2387,T008,262,0,mapped,-31.63833127332294,15.12584499741093,-23.478888777149823,1,0.0,0.0,interior
T099,L,2388,T008,263,0,mapped,-29.996267899921545,15.17912936453531,-23.410944898467818,1,0.0,0.0,interior
T099,L,2389,T008,264,0,mapped,-28.873008367885934,15.488173108796104,-22.554434623096768,1,0.0,0.0,interior
T099,L,2390,T008,265,0,mapped,-27.810809242994907,15.923814544662052,-21.943792331737757,1,0.0,0.0,interior
T099,L,2391,T008,266,0,mapped,-26.074809958932732,16.128642241079078,-21.785955530531616,1,0.0,0.0,interior
T099,L,2392,T008,267,0,mapped,-24.641991283342442,16.571390122900677,-21.116412117252292,1,0.0,0.0,interior
T099,L,2393,T008,268,0,mapped,-24.02592174233667,17.04597464489825,-19.882101299582732,1,0.0,0.0,interior
T099,L,2394,T008,269,0,mapped,-23.995045735646357,17.062324318946708,-18.39437914019084,2,1.9860273225978185e-15,9.930136612989092e-16,shared_edge
T099,L,2395,T008,270,0,mapped,-34.22232213128366,16.673754774165495,-21.50840440452655,1,0.0,0.0,interior
T099,L,2396,T008,271,0,mapped,-33.47285174014215,16.03219491199098,-22.633438617670752,1,0.0,0.0,interior
T099,L,2397,T008,272,0,mapped,-32.1211242773118,15.647695740955495,-23.541632784914327,1,0.0,0.0,interior
T099,L,2398,T008,273,0,mapped,-30.403992806150182,15.648510163460202,-23.65859454308869,1,0.0,0.0,interior
T099,L,2399,T008,274,0,mapped,-29.239767654427993,15.785580366557056,-22.925345416638315,1,0.0,0.0,interior
T099,L,2400,T008,275,0,mapped,-28.22884237412709,16.284985174921502,-22.164425525493094,1,0.0,0.0,interior
T099,L,2401,T008,276,0,mapped,-26.55833457807897,16.538025532035828,-21.994956355372228,1,0.0,0.0,interior
T099,L,2402,T008,277,0,mapped,-25.04417005874751,16.815690385216097,-21.523077475075553,1,0.0,0.0,interior
T099,L,2403,T008,278,0,mapped,-24.31377879545424,17.449899959463956,-20.235730566706458,1,0.0,0.0,interior
T099,L,2404,T008,279,0,mapped,-24.293990942877606,17.536930952791742,-18.644742145552208,2,8.881784197001252e-16,4.440892098500626e-16,shared_edge
T099,L,2405,T008,280,0,mapped,-33.78126837964577,16.720372311541787,-22.713723080496436,1,0.0,0.0,interior
T099,L,2406,T008,281,0,mapped,-32.53171497817671,16.226648161087823,-23.63119364271423,1,0.0,0.0,interior
T099,L,2407,T008,282,0,mapped,-30.823087407738942,16.01264573225081,-23.878186726037313,1,0.0,0.0,interior
T099,L,2408,T008,283,0,mapped,-29.553212552725267,16.191233828560527,-23.18054569343003,1,0.0,0.0,interior
T099,L,2409,T008,284,0,mapped,-28.60707806530187,16.600934679465297,-22.370414392946977,1,0.0,0.0,interior
T099,L,2410,T008,285,0,mapped,-27.037213706703735,16.91061580688394,-22.245156540562114,1,0.0,0.0,interior
T099,L,2411,T008,286,0,mapped,-25.47633108854987,17.279720778479057,-21.8418694207395,1,0.0,0.0,interior
T099,L,2412,T008,287,0,mapped,-24.61835332301119,17.785818015651408,-20.637676193340447,1,0.0,0.0,interior
T099,L,2413,T008,288,0,mapped,-24.57695570455222,17.993388858154173,-18.93980533435806,2,4.440892098500626e-16,2.220446049250313e-16,shared_edge
T099,L,2414,T008,289,0,mapped,-32.94708218564232,16.840217717452568,-23.684832944536428,1,0.0,0.0,interior
T099,L,2415,T008,290,0,mapped,-31.224617276498154,16.417302652340307,-24.029179242429258,1,0.0,0.0,interior
T099,L,2416,T008,291,0,mapped,-29.929977218375775,16.540228397446846,-23.513645109749334,1,0.0,0.0,interior
T099,L,2417,T008,292,0,mapped,-28.95282610288598,16.957730387082787,-22.53698212708812,1,0.0,0.0,interior
T099,L,2418,T008,293,0,mapped,-27.569348904044283,17.274591135939282,-22.454760945041148,1,0.0,0.0,interior
T099,L,2419,T008,294,0,mapped,-25.917197821465635,17.55603580638804,-22.163082764676787,1,0.0,0.0,interior
T099,L,2420,T008,295,0,mapped,-24.90874245066336,18.130706983426776,-21.054124993748694,1,0.0,0.0,interior
T099,L,2421,T008,296,0,mapped,-24.809675320332587,18.453343940371738,-19.247024772115587,2,1.9860273225978185e-15,9.930136612989092e-16,shared_edge
T099,L,2422,T008,297,0,mapped,-31.765698220118217,16.954461816544914,-24.150442315069064,1,0.0,0.0,interior
T099,L,2423,T008,298,0,mapped,-30.302681576458685,16.960744524012167,-23.822429116377325,1,0.0,0.0,interior
T099,L,2424,T008,299,0,mapped,-29.30212082620627,17.239593940851346,-22.766174791401607,1,0.0,0.0,interior
T099,L,2425,T008,300,0,mapped,-27.987885903103994,17.61461846230799,-22.58414251103108,1,0.0,0.0,interior
T099,L,2426,T008,301,0,mapped,-26.301864451436515,17.92754218705225,-22.409065648536707,1,0.0,0.0,interior
T099,L,2427,T008,302,0,mapped,-25.202796471207257,18.3739254347886,-21.508507166632068,1,0.0,0.0,interior
T099,L,2428,T008,303,0,mapped,-24.92131923252561,18.80177851970948,-19.750787269178694,2,4.965068306494546e-15,2.482534153247273e-15,shared_edge
T099,L,2429,T008,304,0,mapped,-30.677486493391456,17.482057739906438,-24.07868100797687,1,0.0,0.0,interior
T099,L,2430,T008,305,0,mapped,-29.5947327077779,17.50347994928959,-23.04364386358365,1,0.0,0.0,interior
T099,L,2431,T008,306,0,mapped,-28.268132876476653,17.947267270649117,-22.687963264833716,1,0.0,0.0,interior
T099,L,2432,T008,307,0,mapped,-26.777594332766604,18.26543480290251,-22.673377669045035,1,0.0,0.0,interior
T099,L,2433,T008,308,0,mapped,-25.43129907894855,18.744423610216725,-21.77705435337137,1,0.0,0.0,interior
T099,L,2434,T008,309,0,mapped,-25.07846655939077,19.19297180090297,-20.133160216156288,2,2.664535259100376e-15,1.3322676295501878e-15,shared_edge
T099,L,2435,T008,310,0,mapped,-29.894377334269628,17.939932449539764,-23.31969088479119,1,0.0,0.0,interior
T099,L,2436,T008,311,0,mapped,-28.64492308801214,18.27432336977205,-22.80504233489749,1,0.0,0.0,interior
T099,L,2437,T008,312,0,mapped,-27.343784289436627,18.693470882902474,-22.90783087240251,1,0.0,0.0,interior
T099,L,2438,T008,313,0,mapped,-25.7923428548212,19.017245886414337,-22.200135857592805,1,0.0,0.0,interior
T099,L,2439,T008,314,0,mapped,-25.248087313398166,19.612437279766887,-20.5620601682621,2,4.189529226675416e-15,2.094764613337708e-15,shared_edge
T099,L,2440,T008,315,0,mapped,-29.05743871586155,18.637937204039474,-22.893455166380274,1,0.0,0.0,interior
T099,L,2441,T008,316,0,mapped,-27.715986897024855,19.003526782151184,-23.02023762835182,1,0.0,0.0,interior
T099,L,2442,T008,317,0,mapped,-26.167660517067198,19.291098792466652,-22.522821455574878,1,0.0,0.0,interior
T099,L,2443,T008,318,0,mapped,-25.40976166173061,20.03346159489762,-20.992696576363315,2,0.0,0.0,shared_edge
T099,L,2444,T008,319,0,mapped,-28.103689244446123,19.385852975031654,-23.149830123238527,1,0.0,0.0,interior
T099,L,2445,T008,320,0,mapped,-26.569469709029633,19.592948171493607,-22.895506657509678,1,0.0,0.0,interior
T099,L,2446,T008,321,0,mapped,-25.5678740939052,20.328379622738414,-21.48840204077185,2,0.4491188650714747,0.2245594325357373,shared_edge
T099,L,2447,T008,322,0,mapped,-27.03737119433172,20.04284829441972,-23.207100770479013,1,0.0,0.0,interior
T099,L,2448,T008,323,0,mapped,-25.803441030711927,20.29832958292078,-22.061977890228437,2,0.5079489538313453,0.2539744769156726,shared_edge
T099,L,2449,T009,1,0,mapped,-24.06980966712041,23.114553140404922,-11.406416086181032,2,0.0,0.0,shared_edge
T099,L,2450,T009,2,0,mapped,-23.96950742715651,22.482583588709844,-11.46536196631686,2,0.0,0.0,shared_edge
T099,L,2451,T009,3,0,mapped,-23.901271927966086,21.911670600935388,-11.224951885578736,2,0.0,0.0,shared_edge
T099,L,2452,T009,4,0,mapped,-23.891254666912154,21.469234676798383,-10.796906076627838,2,0.0,0.0,shared_edge
T099,L,2453,T009,5,0,mapped,-23.880922111343025,21.12970450307242,-10.289856790091772,2,0.0,0.0,shared_edge
T099,L,2454,T009,6,0,mapped,-23.969026393383977,20.804444754301173,-9.738094641529246,2,0.0,0.0,shared_edge
T099,L,2455,T009,7,0,mapped,-23.99210689555478,20.557625390202745,-9.149390271167048,2,3.552713678800501e-15,1.7763568394002505e-15,shared_edge
T099,L,2456,T009,8,0,mapped,-24.13956852154554,20.25936077662178,-8.584569186529755,2,0.0,0.0,shared_edge
T099,L,2457,T009,9,0,mapped,-24.301593558697927,19.982082925984955,-8.012770578574742,2,0.0,0.0,shared_edge
T099,L,2458,T009,10,0,mapped,-24.407030871933713,19.69005875342901,-7.50212715055169,2,0.0,0.0,shared_edge
T099,L,2459,T009,11,0,mapped,-24.611681460343597,19.17414669738839,-7.18837718123671,2,0.0,0.0,shared_edge
T099,L,2460,T009,12,0,mapped,-24.768219118937573,18.61205639612092,-6.888070156692459,2,8.881784197001252e-16,4.440892098500626e-16,shared_edge
T099,L,2461,T009,13,0,mapped,-24.726473555470875,18.130970330524534,-6.462639903378022,2,9.930136612989092e-16,4.965068306494546e-16,shared_edge
T099,L,2462,T009,14,0,mapped,-24.71313325497178,17.61188191535724,-6.1307933002161175,2,8.881784197001252e-16,4.440892098500626e-16,shared_edge
T099,L,2463,T009,15,0,mapped,-24.59544125121591,17.138792988525083,-5.690224744206237,2,2.1755839288168288e-15,1.0877919644084146e-15,shared_edge
T099,L,2464,T009,16,0,mapped,-24.484314105436127,16.583642049010482,-5.3670013255361475,2,0.0,0.0,shared_edge
T099,L,2465,T009,17,0,mapped,-24.272087183939732,16.048058654398428,-5.138250614937576,2,1.9860273225978185e-15,9.930136612989092e-16,shared_edge
T099,L,2466,T009,18,0,mapped,-24.06242572050138,15.500513619658708,-4.931208972211197,2,0.0,0.0,shared_edge
T099,L,2467,T009,19,0,mapped,-23.70264603508671,15.011944155152324,-4.682893409683873,2,0.0,0.0,shared_edge
T099,L,2468,T009,20,0,mapped,-23.42504083248575,14.417818572737062,-4.701568521973524,2,0.0,0.0,shared_edge
T099,L,2469,T009,21,0,mapped,-23.059364725072,13.892709334447447,-4.741787978537834,2,1.7763568394002505e-15,8.881784197001252e-16,shared_edge
T099,L,2470,T009,22,0,mapped,-22.593526647909375,13.433378034260258,-4.795557559178242,2,1.7763568394002505e-15,8.881784197001252e-16,shared_edge
T099,L,2471,T009,23,0,mapped,-22.06269537480454,13.057866745761753,-4.818434255233493,2,0.0,0.0,shared_edge
T099,L,2472,T012,24,-1,landmark_vertex,-21.5003999057571,12.762942244838943,-4.728606104121743,6,0.0,0.0,landmark
T099,L,2473,T009,26,0,mapped,-24.49571779667823,22.89960105537442,-11.598555725272853,1,0.0,0.0,interior
T099,L,2474,T009,27,0,mapped,-24.41557297186636,22.20856535106826,-11.646463203570903,1,0.0,0.0,interior
T099,L,2475,T009,28,0,mapped,-24.454661629995705,21.697516356212123,-11.457354128084555,1,0.0,0.0,interior
T099,L,2476,T009,29,0,mapped,-24.468591256786347,21.24018819533493,-11.074212737737366,1,0.0,0.0,interior
T099,L,2477,T009,30,0,mapped,-24.464255013842852,20.88919299101756,-10.620429723208186,1,0.0,0.0,interior
T099,L,2478,T009,31,0,mapped,-24.486506681033582,20.608138852940268,-10.137360274158834,1,0.0,0.0,interior
T099,L,2479,T009,32,0,mapped,-24.637713346350136,20.21455473270851,-9.53412572039785,1,0.0,0.0,interior
T099,L,2480,T009,33,0,mapped,-24.691576870348484,19.887844060213123,-9.074685345411911,1,0.0,0.0,interior
T099,L,2481,T009,34,0,mapped,-24.782074069006732,19.59023516382691,-8.681663572945396,1,0.0,0.0,interior
T099,L,2482,T009,35,0,mapped,-24.98721342283131,19.1710806965846,-8.226652877068148,1,0.0,0.0,interior
T099,L,2483,T009,36,0,mapped,-25.10763310519799,18.713352960048233,-7.829542301911346,1,0.0,0.0,interior
T099,L,2484,T009,37,0,mapped,-25.188067740194562,18.166054887366258,-7.4396204464689335,1,0.0,0.0,interior
T099,L,2485,T009,38,0,mapped,-25.1473599591259,17.616627995256966,-7.035462632107988,1,0.0,0.0,interior
T099,L,2486,T009,39,0,mapped,-25.010400031033576,17.084215096350896,-6.654781262265278,1,0.0,0.0,interior
T099,L,2487,T009,40,0,mapped,-24.926888904312865,16.587503517274722,-6.222937853066423,1,0.0,0.0,interior
T099,L,2488,T009,41,0,mapped,-24.750787941245306,15.99054111238917,-5.8350537488533085,1,0.0,0.0,interior
T099,L,2489,T009,42,0,mapped,-24.575547243023443,15.35135776089639,-5.726526748627139,1,0.0,0.0,interior
T099,L,2490,T009,43,0,mapped,-24.304028066463644,14.80989947700671,-5.595574998903404,1,0.0,0.0,interior
T099,L,2491,T009,44,0,mapped,-24.011171162610438,14.328086920212536,-5.46718663177953,1,0.0,0.0,interior
T099,L,2492,T009,45,0,mapped,-23.534203163304422,13.764027581732908,-5.465481331261644,1,0.0,0.0,interior
T099,L,2493,T009,46,0,mapped,-22.988570514477523,13.508638847138359,-5.4140013653808055,1,0.0,0.0,interior
T099,L,2494,T009,47,0,mapped,-22.361952817939624,13.185851818322892,-5.63312428853148,1,0.0,0.0,interior
T099,L,2495,T009,48,0,mapped,-21.61432174249201,12.770230396389016,-5.562324130054938,2,5.8915091300722355e-15,2.9457545650361178e-15,shared_edge
T099,L,2496,T009,50,0,mapped,-24.96844093720063,22.72029387064425,-11.822582337385665,1,0.0,0.0,interior
T099,L,2497,T009,51,0,mapped,-24.851345749311015,22.02202977941839,-11.807931904945415,1,0.0,0.0,interior
T099,L,2498,T009,52,0,mapped,-24.894118687801196,21.44503364579578,-11.593915573597643,1,0.0,0.0,interior
T099,L,2499,T009,53,0,mapped,-24.811431626071418,21.012924865484656,-11.24129804449039,1,0.0,0.0,interior
T099,L,2500,T009,54,0,mapped,-24.93844828982015,20.638343296447925,-10.959303820503969,1,0.0,0.0,interior
T099,L,2501,T009,55,0,mapped,-25.03173474374406,20.25018346852598,-10.49626235756292,1,0.0,0.0,interior
T099,L,2502,T009,56,0,mapped,-25.10000210585924,19.854728611192144,-10.012432062721313,1,0.0,0.0,interior
T099,L,2503,T009,57,0,mapped,-25.150719863426694,19.518387851164494,-9.459918967376908,1,0.0,0.0,interior
T099,L,2504,T009,58,0,mapped,-25.25707947955498,19.167418491833537,-9.090327177946616,1,0.0,0.0,interior
T099,L,2505,T009,59,0,mapped,-25.394522914974047,18.66937017053518,-8.735880614309824,1,0.0,0.0,interior
T099,L,2506,T009,60,0,mapped,-25.501556240555402,18.21935159177782,-8.469527960159223,1,0.0,0.0,interior
T099,L,2507,T009,61,0,mapped,-25.503278637971558,17.70224094161056,-7.976307500854409,1,0.0,0.0,interior
T099,L,2508,T009,62,0,mapped,-25.41345277369698,17.119931101077015,-7.532907032113158,1,0.0,0.0,interior
T099,L,2509,T009,63,0,mapped,-25.27780884917255,16.524132440708236,-7.1472222526157125,1,0.0,0.0,interior
T099,L,2510,T009,64,0,mapped,-25.104214489637112,15.99153707991129,-6.749405651675287,1,0.0,0.0,interior
T099,L,2511,T009,65,0,mapped,-24.977405605014177,15.393747816596559,-6.622128626181196,1,0.0,0.0,interior
T099,L,2512,T009,66,0,mapped,-24.70510685984867,14.69287748397286,-6.553471742187252,1,0.0,0.0,interior
T099,L,2513,T009,67,0,mapped,-24.36292274366032,14.252774599929795,-6.475787468140075,1,0.0,0.0,interior
T099,L,2514,T009,68,0,mapped,-23.874834472055156,13.86254672666963,-6.329297778273629,1,0.0,0.0,interior
T099,L,2515,T009,69,0,mapped,-23.139895993670073,13.585845539146577,-6.306213597952384,1,0.0,0.0,interior
T099,L,2516,T009,70,0,mapped,-22.53360363805794,13.35465116732779,-6.2885989129786495,1,0.0,0.0,interior
T099,L,2517,T009,71,0,mapped,-21.814819754366802,13.050605346713494,-6.34953710356684,2,6.646518689688359e-15,3.32325934484418e-15,shared_edge
T099,L,2518,T009,73,0,mapped,-25.43572131527659,22.467455033263764,-12.04798622537689,1,0.0,0.0,interior
T099,L,2519,T009,74,0,mapped,-25.34571563162384,21.812179229372227,-12.004717124058825,1,0.0,0.0,interior
T099,L,2520,T009,75,0,mapped,-25.362085528503663,21.257215743439918,-11.865152959673178,1,0.0,0.0,interior
T099,L,2521,T009,76,0,mapped,-25.22508952468383,20.811091375541793,-11.478205023578607,1,0.0,0.0,interior
T099,L,2522,T009,77,0,mapped,-25.372440413946848,20.414743888877272,-11.206857193606957,1,0.0,0.0,interior
T099,L,2523,T009,78,0,mapped,-25.50611156237138,19.916144700662866,-10.844798836119296,1,0.0,0.0,interior
T099,L,2524,T009,79,0,mapped,-25.625178096783017,19.452888018011954,-10.506388704912448,1,0.0,0.0,interior
T099,L,2525,T009,80,0,mapped,-25.661093078660976,19.155163009448458,-10.144529452420418,1,0.0,0.0,interior
T099,L,2526,T009,81,0,mapped,-25.67126447540015,18.737722029731838,-9.651338538577049,1,0.0,0.0,interior
T099,L,2527,T009,82,0,mapped,-25.791828986450014,18.200696729830483,-9.314700734065177,1,0.0,0.0,interior
T099,L,2528,T009,83,0,mapped,-25.808504475617543,17.703167982709324,-8.95499817598327,1,0.0,0.0,interior
T099,L,2529,T009,84,0,mapped,-25.71879734897395,17.18615916846073,-8.478474844597716,1,0.0,0.0,interior
T099,L,2530,T009,85,0,mapped,-25.595384088020133,16.62066489582748,-8.136196007521512,1,0.0,0.0,interior
T099,L,2531,T009,86,0,mapped,-25.426608711901324,15.902520593920116,-7.744820438648989,1,0.0,0.0,interior
T099,L,2532,T009,87,0,mapped,-25.29107750305044,15.34446829495381,-7.629171110915649,1,0.0,0.0,interior
T099,L,2533,T009,88,0,mapped,-24.989024517693753,14.743067193703602,-7.494469652822812,1,0.0,0.0,interior
T099,L,2534,T009,89,0,mapped,-24.544554094366497,14.344932238422503,-7.3877767687952645,1,0.0,0.0,interior
T099,L,2535,T009,90,0,mapped,-23.975237567819597,14.064133647783901,-7.262380193112065,1,0.0,0.0,interior
T099,L,2536,T009,91,0,mapped,-23.256007049399336,13.768957183075893,-7.182931939564956,1,0.0,0.0,interior
T099,L,2537,T009,92,0,mapped,-22.59266060196656,13.521213296016985,-7.142958060051807,1,0.0,0.0,interior
T099,L,2538,T009,93,0,mapped,-21.994520844044317,13.292535492148945,-7.092061907765467,2,4.3511678576336575e-15,2.1755839288168288e-15,shared_edge
T099,L,2539,T009,95,0,mapped,-25.904806736305787,22.237104470122013,-12.268206459478247,1,0.0,0.0,interior
T099,L,2540,T009,96,0,mapped,-25.936150416387477,21.62272275608357,-12.26094265697716,1,0.0,0.0,interior
T099,L,2541,T009,97,0,mapped,-25.790201207277732,21.100446608055993,-12.086238517646802,1,0.0,0.0,interior
T099,L,2542,T009,98,0,mapped,-25.740848971586313,20.650196591332268,-11.852530588515972,1,0.0,0.0,interior
T099,L,2543,T009,99,0,mapped,-25.81606434780118,20.16491958273076,-11.498929160607803,1,0.0,0.0,interior
T099,L,2544,T009,100,0,mapped,-25.90554374639313,19.651665094252078,-11.152706785347,1,0.0,0.0,interior
T099,L,2545,T009,101,0,mapped,-25.878277047285188,19.23997656905031,-10.759232473492826,1,0.0,0.0,interior
T099,L,2546,T009,102,0,mapped,-26.022811763741334,18.754602686802787,-10.504442891429933,1,0.0,0.0,interior
T099,L,2547,T009,103,0,mapped,-26.019780980790475,18.33748349986168,-10.125482205434144,1,0.0,0.0,interior
T099,L,2548,T009,104,0,mapped,-26.040345202604065,17.7444687484035,-9.665535118963186,1,0.0,0.0,interior
T099,L,2549,T009,105,0,mapped,-25.99393278454312,17.2401092494835,-9.334699510939338,1,0.0,0.0,interior
T099,L,2550,T009,106,0,mapped,-25.838692455373724,16.748047057205568,-8.935202427456694,1,0.0,0.0,interior
T099,L,2551,T009,107,0,mapped,-25.705645616529505,16.08785921585124,-8.800259824764517,1,0.0,0.0,interior
T099,L,2552,T009,108,0,mapped,-25.531848250922675,15.301873341223693,-8.603940965101316,1,0.0,0.0,interior
T099,L,2553,T009,109,0,mapped,-25.21696782986929,14.83222515963591,-8.465787756298461,1,0.0,0.0,interior
T099,L,2554,T009,110,0,mapped,-24.640419552299484,14.553636914833314,-8.362154815986237,1,0.0,0.0,interior
T099,L,2555,T009,111,0,mapped,-24.0263127253065,14.287053012839456,-8.287018124074805,1,0.0,0.0,interior
T099,L,2556,T009,112,0,mapped,-23.369114530750362,14.019643603810849,-8.146657317943236,1,0.0,0.0,interior
T099,L,2557,T009,113,0,mapped,-22.703010167445115,13.767993983913957,-8.00814473234729,1,0.0,0.0,interior
T099,L,2558,T009,114,0,mapped,-22.066517441912886,13.533054705281064,-7.8754731821132,2,6.466036496704424e-15,3.233018248352212e-15,shared_edge
T099,L,2559,T009,116,0,mapped,-26.575702934221095,22.102149241402625,-12.670174583628182,1,0.0,0.0,interior
T099,L,2560,T009,117,0,mapped,-26.352131070198592,21.48511751940447,-12.530730370943807,1,0.0,0.0,interior
T099,L,2561,T009,118,0,mapped,-26.255402143331263,20.951359605961493,-12.378656881347766,1,0.0,0.0,interior
T099,L,2562,T009,119,0,mapped,-26.235213245044612,20.4292562485178,-12.192301467546164,1,0.0,0.0,interior
T099,L,2563,T009,120,0,mapped,-26.24572980168092,20.0133968227677,-11.90903886114859,1,0.0,0.0,interior
T099,L,2564,T009,121,0,mapped,-26.271793117301197,19.39436327375708,-11.49075542027702,1,0.0,0.0,interior
T099,L,2565,T009,122,0,mapped,-26.317991222731695,18.84634018442147,-11.237406395624095,1,0.0,0.0,interior
T099,L,2566,T009,123,0,mapped,-26.33399011897504,18.35983290036044,-10.848966411966575,1,0.0,0.0,interior
T099,L,2567,T009,124,0,mapped,-26.368981955671565,17.824307370503668,-10.568205273020977,1,0.0,0.0,interior
T099,L,2568,T009,125,0,mapped,-26.252272847050477,17.391633155326936,-10.122418244279057,1,0.0,0.0,interior
T099,L,2569,T009,126,0,mapped,-26.089670994308612,16.728196935373,-9.774964081019668,1,0.0,0.0,interior
T099,L,2570,T009,127,0,mapped,-25.938032135817764,16.161398109341754,-9.724735290846922,1,0.0,0.0,interior
T099,L,2571,T009,128,0,mapped,-25.737809515777826,15.641627657874597,-9.5150143267206,1,0.0,0.0,interior
T099,L,2572,T009,129,0,mapped,-25.41387471571842,14.995309278324502,-9.373891552041407,1,0.0,0.0,interior
T099,L,2573,T009,130,0,mapped,-24.80500449170762,14.721124944094232,-9.197008096070434,1,0.0,0.0,interior
T099,L,2574,T009,131,0,mapped,-24.148864682366717,14.501701519533986,-9.113368253853384,1,0.0,0.0,interior
T099,L,2575,T009,132,0,mapped,-23.485508974640037,14.27407647301147,-8.99674477069961,1,0.0,0.0,interior
T099,L,2576,T009,133,0,mapped,-22.813309251168107,14.046941334224766,-8.845712640179027,1,0.0,0.0,interior
T099,L,2577,T009,134,0,mapped,-22.169204358906306,13.831401806692408,-8.677763573111887,2,1.0395861869767154e-14,5.197930934883577e-15,shared_edge
T099,L,2578,T009,136,0,mapped,-26.972448481827463,21.974740833538732,-12.950459505602698,1,0.0,0.0,interior
T099,L,2579,T009,137,0,mapped,-26.803016985065206,21.266042270228137,-12.904031906210008,1,0.0,0.0,interior
T099,L,2580,T009,138,0,mapped,-26.716835690027935,20.789681297130524,-12.767997739672893,1,0.0,0.0,interior
T099,L,2581,T009,139,0,mapped,-26.692122973155342,20.323168231628678,-12.588882697768641,1,0.0,0.0,interior
T099,L,2582,T009,140,0,mapped,-26.647821037992106,19.759247192461185,-12.265033291422485,1,0.0,0.0,interior
T099,L,2583,T009,141,0,mapped,-26.67597965648451,19.154084796121925,-12.032530882433592,1,0.0,0.0,interior
T099,L,2584,T009,142,0,mapped,-26.671525136050008,18.568407162808686,-11.697977034332483,1,0.0,0.0,interior
T099,L,2585,T009,143,0,mapped,-26.647726720635916,17.978052059105273,-11.332857048267908,1,0.0,0.0,interior
T099,L,2586,T009,144,0,mapped,-26.573668656999793,17.422376783671027,-10.941556757078544,1,0.0,0.0,interior
T099,L,2587,T009,145,0,mapped,-26.39342938101487,16.838243702883958,-10.628034360025051,1,0.0,0.0,interior
T099,L,2588,T009,146,0,mapped,-26.23619530703099,16.28701422381908,-10.61523288070449,1,0.0,0.0,interior
T099,L,2589,T009,147,0,mapped,-25.93922192818897,15.62322634143248,-10.444890878304596,1,0.0,0.0,interior
T099,L,2590,T009,148,0,mapped,-25.545491855065215,15.13270555256988,-10.25510151794623,1,0.0,0.0,interior
T099,L,2591,T009,149,0,mapped,-24.962825941738565,14.88257475013755,-10.087743681939791,1,0.0,0.0,interior
T099,L,2592,T009,150,0,mapped,-24.307279838153647,14.704328239179166,-9.952445982623283,1,0.0,0.0,interior
T099,L,2593,T009,151,0,mapped,-23.636323697351536,14.523857909020073,-9.799103434189327,1,0.0,0.0,interior
T099,L,2594,T009,152,0,mapped,-22.943041481277014,14.33599924250766,-9.635611580937889,1,0.0,0.0,interior
T099,L,2595,T009,153,0,mapped,-22.180963452914938,14.13688378147328,-9.478067059704635,2,8.747542958250513e-15,4.3737714791252564e-15,shared_edge
T099,L,2596,T009,155,0,mapped,-27.30237911140352,21.79489629292782,-13.263731804602466,1,0.0,0.0,interior
T099,L,2597,T009,156,0,mapped,-27.18503908576269,21.18451048119019,-13.191992337853854,1,0.0,0.0,interior
T099,L,2598,T009,157,0,mapped,-27.174842249958637,20.629943119257316,-13.146364531872589,1,0.0,0.0,interior
T099,L,2599,T009,158,0,mapped,-27.041636092856848,20.11297428184138,-12.883295974483374,1,0.0,0.0,interior
T099,L,2600,T009,159,0,mapped,-27.005309691212553,19.559857566755518,-12.686155101073645,1,0.0,0.0,interior
T099,L,2601,T009,160,0,mapped,-26.980490749630917,18.926497834121157,-12.404692847257849,1,0.0,0.0,interior
T099,L,2602,T009,161,0,mapped,-26.934639648404413,18.375573142953307,-12.166639584056888,1,0.0,0.0,interior
T099,L,2603,T009,162,0,mapped,-26.850605063878056,17.73948433003428,-11.783345743046997,1,0.0,0.0,interior
T099,L,2604,T009,163,0,mapped,-26.703163231101577,17.032890271981255,-11.433177609979191,1,0.0,0.0,interior
T099,L,2605,T009,164,0,mapped,-26.47634821916239,16.469653622466655,-11.27128190179832,1,0.0,0.0,interior
T099,L,2606,T009,165,0,mapped,-26.17524863871631,15.892565132665457,-11.209601193183868,1,0.0,0.0,interior
T099,L,2607,T009,166,0,mapped,-25.79043868160808,15.37317197114247,-11.113867716405426,1,0.0,0.0,interior
T099,L,2608,T009,167,0,mapped,-25.19846188699455,15.097247356002276,-10.995585342024699,1,0.0,0.0,interior
T099,L,2609,T009,168,0,mapped,-24.522774398768203,14.935742622633587,-10.82068928885747,1,0.0,0.0,interior
T099,L,2610,T009,169,0,mapped,-23.833300565325647,14.775702196463696,-10.610249202598524,1,0.0,0.0,interior
T099,L,2611,T009,170,0,mapped,-23.126966357222347,14.62016575284774,-10.414117962172831,1,0.0,0.0,interior
T099,L,2612,T009,171,0,mapped,-22.38207627934761,14.462209613762505,-10.245800145021661,2,1.0126792072454708e-14,5.063396036227354e-15,shared_edge
T099,L,2613,T009,173,0,mapped,-27.656426042629796,21.609641313618148,-13.785048369894076,1,0.0,0.0,interior
T099,L,2614,T009,174,0,mapped,-27.507492410993244,21.01796088150622,-13.599693896910345,1,0.0,0.0,interior
T099,L,2615,T009,175,0,mapped,-27.46252899568192,20.40165073113362,-13.488380645389192,1,0.0,0.0,interior
T099,L,2616,T009,176,0,mapped,-27.409433114495656,19.889636286359934,-13.35648563909885,1,0.0,0.0,interior
T099,L,2617,T009,177,0,mapped,-27.320153023061355,19.30141071321263,-13.192864891500399,1,0.0,0.0,interior
T099,L,2618,T009,178,0,mapped,-27.22536935116283,18.747144329837084,-12.901172992698136,1,0.0,0.0,interior
T099,L,2619,T009,179,0,mapped,-27.13727131245859,18.173119999311993,-12.695777605813355,1,0.0,0.0,interior
T099,L,2620,T009,180,0,mapped,-26.965919806612632,17.39539672991826,-12.43136721709584,1,0.0,0.0,interior
T099,L,2621,T009,181,0,mapped,-26.73009825232156,16.774123679673313,-12.099839047396053,1,0.0,0.0,interior
T099,L,2622,T009,182,0,mapped,-26.472741504645537,16.27143146841969,-12.005903494331658,1,0.0,0.0,interior
T099,L,2623,T009,183,0,mapped,-26.088963563161883,15.716035544571362,-11.902191937813917,1,0.0,0.0,interior
T099,L,2624,T009,184,0,mapped,-25.451596757223136,15.31101832895327,-11.80045136404485,1,0.0,0.0,interior
T099,L,2625,T009,185,0,mapped,-24.745883448696755,15.168433008069833,-11.633381305733986,1,0.0,0.0,interior
T099,L,2626,T009,186,0,mapped,-24.04712453212118,15.025461078907611,-11.411905977717026,1,0.0,0.0,interior
T099,L,2627,T009,187,0,mapped,-23.367348372532796,14.89014444783431,-11.18175215272849,1,0.0,0.0,interior
T099,L,2628,T009,188,0,mapped,-22.625139253525017,14.760272443671266,-10.990021428725203,2,1.0704300373371068e-14,5.352150186685534e-15,shared_edge
T099,L,2629,T009,190,0,mapped,-27.887145872491836,21.593607562610746,-14.297339454893763,1,0.0,0.0,interior
T099,L,2630,T009,191,0,mapped,-27.778102685570595,20.850291230881684,-14.12694433540065,1,0.0,0.0,interior
T099,L,2631,T009,192,0,mapped,-27.664589877982174,20.29343294211855,-13.95357107517096,1,0.0,0.0,interior
T099,L,2632,T009,193,0,mapped,-27.575381502323303,19.72809364594436,-13.93128568879751,1,0.0,0.0,interior
T099,L,2633,T009,194,0,mapped,-27.438715688474804,19.091614551130355,-13.737349400731203,1,0.0,0.0,interior
T099,L,2634,T009,195,0,mapped,-27.30406201944678,18.53948914067963,-13.459079769720738,1,0.0,0.0,interior
T099,L,2635,T009,196,0,mapped,-27.156203488384364,17.924636484331206,-13.252452398564657,1,0.0,0.0,interior
T099,L,2636,T009,197,0,mapped,-26.968697649420893,17.255070921343048,-12.957501122352785,1,0.0,0.0,interior
T099,L,2637,T009,198,0,mapped,-26.654233287306177,16.636171614117686,-12.83329241550175,1,0.0,0.0,interior
T099,L,2638,T009,199,0,mapped,-26.28499147075805,16.130931664256543,-12.686232529902856,1,0.0,0.0,interior
T099,L,2639,T009,200,0,mapped,-25.76181515118528,15.673307657064036,-12.551668150672056,1,0.0,0.0,interior
T099,L,2640,T009,201,0,mapped,-24.98603144537548,15.418855572524198,-12.345307303698544,1,0.0,0.0,interior
T099,L,2641,T009,202,0,mapped,-24.24264452996325,15.271630874662986,-12.155444035637004,1,0.0,0.0,interior
T099,L,2642,T009,203,0,mapped,-23.606832992644545,15.149605772328645,-11.937044256696566,1,0.0,0.0,interior
T099,L,2643,T009,204,0,mapped,-22.960086048268458,15.035848947234676,-11.722084704944027,2,1.1682163181672947e-14,5.8410815908364745e-15,shared_edge
T099,L,2644,T009,206,0,mapped,-27.934414313704345,21.454549850369936,-15.01200726773945,1,0.0,0.0,interior
T099,L,2645,T009,207,0,mapped,-27.836766852590777,20.800531715472324,-14.71894092878121,1,0.0,0.0,interior
T099,L,2646,T009,208,0,mapped,-27.741893063456082,20.170107717448907,-14.595226412259672,1,0.0,0.0,interior
T099,L,2647,T009,209,0,mapped,-27.603223527763717,19.633485095644346,-14.409575584045683,1,0.0,0.0,interior
T099,L,2648,T009,210,0,mapped,-27.445805307174055,19.04436444018549,-14.195939641080855,1,0.0,0.0,interior
T099,L,2649,T009,211,0,mapped,-27.271492584327213,18.38965234547193,-14.05204300036764,1,0.0,0.0,interior
T099,L,2650,T009,212,0,mapped,-27.141279638619345,17.8586296986152,-13.783680299229955,1,0.0,0.0,interior
T099,L,2651,T009,213,0,mapped,-26.888545599946898,17.176843452180695,-13.606774843111753,1,0.0,0.0,interior
T099,L,2652,T009,214,0,mapped,-26.442713056942896,16.5177896980427,-13.564147357835063,1,0.0,0.0,interior
T099,L,2653,T009,215,0,mapped,-25.932646277954056,16.015974347064446,-13.41602340735517,1,0.0,0.0,interior
T099,L,2654,T009,216,0,mapped,-25.232348623653017,15.772634544904069,-13.193591235571756,1,0.0,0.0,interior
T099,L,2655,T009,217,0,mapped,-24.48232271548818,15.578470435763705,-12.953992049866162,1,0.0,0.0,interior
T099,L,2656,T009,218,0,mapped,-23.831512225184373,15.42625324568033,-12.700199733936007,1,0.0,0.0,interior
T099,L,2657,T009,219,0,mapped,-23.252735160432024,15.301422535620373,-12.462958161002444,2,1.3832862079941074e-14,6.916431039970537e-15,shared_edge
T099,L,2658,T009,221,0,mapped,-27.866646661840676,21.264198261176553,-15.431385832950042,1,0.0,0.0,interior
T099,L,2659,T009,222,0,mapped,-27.75927306564953,20.707392602512897,-15.307332683737396,1,0.0,0.0,interior
T099,L,2660,T009,223,0,mapped,-27.634270270545805,20.07613809902844,-15.135393429571929,1,0.0,0.0,interior
T099,L,2661,T009,224,0,mapped,-27.51081607153615,19.522918013227706,-15.028870437249475,1,0.0,0.0,interior
T099,L,2662,T009,225,0,mapped,-27.353798269795313,18.962262889126368,-14.830652066545131,1,0.0,0.0,interior
T099,L,2663,T009,226,0,mapped,-27.18961984113622,18.312242877850032,-14.59546987970834,1,0.0,0.0,interior
T099,L,2664,T009,227,0,mapped,-26.9332618820291,17.64606221710335,-14.516519776780832,1,0.0,0.0,interior
T099,L,2665,T009,228,0,mapped,-26.615262324264144,17.047632229305776,-14.369244778720706,1,0.0,0.0,interior
T099,L,2666,T009,229,0,mapped,-26.087390641570174,16.487291845819566,-14.25225990435315,1,0.0,0.0,interior
T099,L,2667,T009,230,0,mapped,-25.450397808737875,16.192295780480883,-14.02635878829577,1,0.0,0.0,interior
T099,L,2668,T009,231,0,mapped,-24.69195527707248,15.929808336722967,-13.763006391946186,1,0.0,0.0,interior
T099,L,2669,T009,232,0,mapped,-24.049416164391566,15.742130509509089,-13.496632413033929,1,0.0,0.0,interior
T099,L,2670,T009,233,0,mapped,-23.449806422258803,15.587550750833543,-13.238025229527477,2,1.6221418424348217e-14,8.110709212174108e-15,shared_edge
T099,L,2671,T009,235,0,mapped,-27.740614638575263,21.245521797918038,-15.998766863220762,1,0.0,0.0,interior
T099,L,2672,T009,236,0,mapped,-27.605980998960156,20.60535403165444,-15.915570799068856,1,0.0,0.0,interior
T099,L,2673,T009,237,0,mapped,-27.476500949451086,20.02792599345744,-15.782406422568162,1,0.0,0.0,interior
T099,L,2674,T009,238,0,mapped,-27.31865171753938,19.43496004287459,-15.635690214064267,1,0.0,0.0,interior
T099,L,2675,T009,239,0,mapped,-27.098627339435392,18.791370903712597,-15.511712969371006,1,0.0,0.0,interior
T099,L,2676,T009,240,0,mapped,-26.958748395027808,18.231130544144076,-15.2588283707064,1,0.0,0.0,interior
T099,L,2677,T009,241,0,mapped,-26.672066178094113,17.636242261323027,-15.121393669368405,1,0.0,0.0,interior
T099,L,2678,T009,242,0,mapped,-26.22211173328413,17.07167386300463,-14.943319763854781,1,0.0,0.0,interior
T099,L,2679,T009,243,0,mapped,-25.564692007382618,16.682425047095627,-14.83758866634533,1,0.0,0.0,interior
T099,L,2680,T009,244,0,mapped,-24.889795510297425,16.348311153671204,-14.565487271989465,1,0.0,0.0,interior
T099,L,2681,T009,245,0,mapped,-24.296064723701146,16.093124652390063,-14.274749971385177,1,0.0,0.0,interior
T099,L,2682,T009,246,0,mapped,-23.72156054409529,15.890687767416708,-13.99977982624794,2,1.1729842522344532e-14,5.864921261172265e-15,shared_edge
T099,L,2683,T009,248,0,mapped,-27.465797556363604,21.142887590293334,-16.63957238967581,1,0.0,0.0,interior
T099,L,2684,T009,249,0,mapped,-27.338170024514397,20.475502874931998,-16.504685384443405,1,0.0,0.0,interior
T099,L,2685,T009,250,0,mapped,-27.251084954351406,19.953181256836444,-16.309771712730054,1,0.0,0.0,interior
T099,L,2686,T009,251,0,mapped,-27.06142163030392,19.31541458342936,-16.076418750541993,1,0.0,0.0,interior
T099,L,2687,T009,252,0,mapped,-26.81597040236796,18.70550583292311,-15.943947748091027,1,0.0,0.0,interior
T099,L,2688,T009,253,0,mapped,-26.531080324935694,18.240562108242493,-15.829638940990682,1,0.0,0.0,interior
T099,L,2689,T009,254,0,mapped,-26.154722625340867,17.644548035725265,-15.58534006898722,1,0.0,0.0,interior
T099,L,2690,T009,255,0,mapped,-25.625489463574613,17.183711859073483,-15.447771792958628,1,0.0,0.0,interior
T099,L,2691,T009,256,0,mapped,-25.043767710741953,16.821730578372396,-15.290405622740298,1,0.0,0.0,interior
T099,L,2692,T009,257,0,mapped,-24.515653349324822,16.50008783582921,-15.02793635009337,1,0.0,0.0,interior
T099,L,2693,T009,258,0,mapped,-24.03664233685104,16.23541714197524,-14.73461645781406,2,1.3703948308760403e-14,6.8519741543802015e-15,shared_edge
T099,L,2694,T009,260,0,mapped,-27.195440984813306,20.909697542797083,-17.037622953317392,1,0.0,0.0,interior
T099,L,2695,T009,261,0,mapped,-27.0565733528939,20.364670113405197,-16.95624740533897,1,0.0,0.0,interior
T099,L,2696,T009,262,0,mapped,-26.932862859464365,19.80425663591288,-16.747320555621982,1,0.0,0.0,interior
T099,L,2697,T009,263,0,mapped,-26.72102652810227,19.30128877168677,-16.5935678151178,1,0.0,0.0,interior
T099,L,2698,T009,264,0,mapped,-26.4303001204347,18.845556792415167,-16.55503701053911,1,0.0,0.0,interior
T099,L,2699,T009,265,0,mapped,-25.988783149814502,18.230042938427918,-16.33498936847828,1,0.0,0.0,interior
T099,L,2700,T009,266,0,mapped,-25.5670697344217,17.7426028549274,-16.13150371588066,1,0.0,0.0,interior
T099,L,2701,T009,267,0,mapped,-25.095693013210997,17.320084513098465,-15.940390458098666,1,0.0,0.0,interior
T099,L,2702,T009,268,0,mapped,-24.71689163523136,16.9607495578729,-15.693132317460146,1,0.0,0.0,interior
T099,L,2703,T009,269,0,mapped,-24.310724710208575,16.63371862271056,-15.440775792443299,2,1.4156976150743255e-14,7.078488075371628e-15,shared_edge
T099,L,2704,T009,271,0,mapped,-26.731920493217963,20.806989583574374,-17.744628899344402,1,0.0,0.0,interior
T099,L,2705,T009,272,0,mapped,-26.631173506294147,20.309656286371926,-17.526586228377976,1,0.0,0.0,interior
T099,L,2706,T009,273,0,mapped,-26.50050054992046,19.85907806064863,-17.345895719171157,1,0.0,0.0,interior
T099,L,2707,T009,274,0,mapped,-26.24089046363258,19.32541608014143,-17.235600523099787,1,0.0,0.0,interior
T099,L,2708,T009,275,0,mapped,-26.015373784408002,18.784214899758982,-16.944376998242426,1,0.0,0.0,interior
T099,L,2709,T009,276,0,mapped,-25.625159155821613,18.290214973873088,-16.820243022385988,1,0.0,0.0,interior
T099,L,2710,T009,277,0,mapped,-25.22319145698625,17.81261987271632,-16.598926973700088,1,0.0,0.0,interior
T099,L,2711,T009,278,0,mapped,-24.841066274925204,17.390407076845428,-16.35563356672541,1,0.0,0.0,interior
T099,L,2712,T009,279,0,mapped,-24.44765302288147,17.00586273660755,-16.1715020084777,2,1.3702149300113496e-14,6.851074650056749e-15,shared_edge
T099,L,2713,T009,281,0,mapped,-26.550630470920062,20.947496609387258,-18.134059061085303,1,0.0,0.0,interior
T099,L,2714,T009,282,0,mapped,-26.311830385900926,20.339720305654886,-18.067420334891512,1,0.0,0.0,interior
T099,L,2715,T009,283,0,mapped,-26.14135157652824,19.872050702997644,-17.925023166662434,1,0.0,0.0,interior
T099,L,2716,T009,284,0,mapped,-25.97368093435167,19.347499945288348,-17.710995135631837,1,0.0,0.0,interior
T099,L,2717,T009,285,0,mapped,-25.730925758113372,18.81816349676554,-17.46985632540474,1,0.0,0.0,interior
T099,L,2718,T009,286,0,mapped,-25.34417549271326,18.228782713013235,-17.2275646342633,1,0.0,0.0,interior
T099,L,2719,T009,287,0,mapped,-24.99997022850915,17.815521933502115,-17.063598017061455,1,0.0,0.0,interior
T099,L,2720,T009,288,0,mapped,-24.658862009376854,17.40701348369072,-16.88152044098851,2,1.3053503572900975e-14,6.5267517864504875e-15,shared_edge
T099,L,2721,T009,290,0,mapped,-26.176917539282563,20.862827584371704,-18.724158820874703,1,0.0,0.0,interior
T099,L,2722,T009,291,0,mapped,-26.03235229046561,20.37506194367562,-18.56720812977571,1,0.0,0.0,interior
T099,L,2723,T009,292,0,mapped,-25.85884431442836,19.82017597971806,-18.36418937117751,1,0.0,0.0,interior
T099,L,2724,T009,293,0,mapped,-25.68150723707196,19.361967099410055,-18.210059710457124,1,0.0,0.0,interior
T099,L,2725,T009,294,0,mapped,-25.44480673384345,18.746792253350545,-17.92472668270465,1,0.0,0.0,interior
T099,L,2726,T009,295,0,mapped,-25.08144295467774,18.216846168060666,-17.823764625954517,1,0.0,0.0,interior
T099,L,2727,T009,296,0,mapped,-24.69690505121266,17.656034622434564,-17.658849813305768,2,1.1322097734007352e-14,5.661048867003676e-15,shared_edge
T099,L,2728,T009,298,0,mapped,-25.99951139049766,20.83758198814814,-19.032651459792593,1,0.0,0.0,interior
T099,L,2729,T009,299,0,mapped,-25.811907134151078,20.330135879207113,-18.938370144131056,1,0.0,0.0,interior
T099,L,2730,T009,300,0,mapped,-25.62297381895878,19.81911244821379,-18.806623139764092,1,0.0,0.0,interior
T099,L,2731,T009,301,0,mapped,-25.46053080178378,19.34799225847842,-18.637179729716724,1,0.0,0.0,interior
T099,L,2732,T009,302,0,mapped,-25.178058442775765,18.77091623656477,-18.469926444695453,1,0.0,0.0,interior
T099,L,2733,T009,303,0,mapped,-24.853905776807345,18.20547177404164,-18.31642127797174,2,1.2080532582046503e-14,6.040266291023253e-15,shared_edge
T099,L,2734,T009,305,0,mapped,-25.757358354661697,20.800666300097273,-19.628364824807548,1,0.0,0.0,interior
T099,L,2735,T009,306,0,mapped,-25.623602595857726,20.28285728592219,-19.4040851558364,1,0.0,0.0,interior
T099,L,2736,T009,307,0,mapped,-25.476251669507587,19.852884387006046,-19.236958302325586,1,0.0,0.0,interior
T099,L,2737,T009,308,0,mapped,-25.298749981050236,19.40090759741804,-19.089782354881372,1,0.0,0.0,interior
T099,L,2738,T009,309,0,mapped,-25.01104136564239,18.76136772696553,-18.96943638205203,2,7.229248575812844e-15,3.614624287906422e-15,shared_edge
T099,L,2739,T009,311,0,mapped,-25.624633533171284,20.762725555551654,-20.153662323525815,1,0.0,0.0,interior
T099,L,2740,T009,312,0,mapped,-25.49800632103556,20.24696060845516,-19.92495523257692,1,0.0,0.0,interior
T099,L,2741,T009,313,0,mapped,-25.33562599540685,19.779697311077012,-19.782087626819298,1,0.0,0.0,interior
T099,L,2742,T009,314,0,mapped,-25.167834731197182,19.35143784604832,-19.590760665989443,2,7.640399661428378e-15,3.820199830714189e-15,shared_edge
T099,L,2743,T009,316,0,mapped,-25.56326682246151,20.71733652748187,-20.716050031690685,1,0.0,0.0,interior
T099,L,2744,T009,317,0,mapped,-25.469125514027297,20.343073284467025,-20.424521299259347,1,0.0,0.0,interior
T099,L,2745,T009,318,0,mapped,-25.324262977569095,19.84455939663267,-20.29239368439053,2,4.311326371230795e-15,2.1556631856153973e-15,shared_edge
T099,L,2746,T009,320,0,mapped,-25.594689060010744,20.66642573448848,-21.222119134112262,1,0.0,0.0,interior
T099,L,2747,T009,321,0,mapped,-25.477428449055314,20.299799817773856,-21.002997694548363,2,2.673771110915334e-15,1.336885555457667e-15,shared_edge
T099,L,2748,T009,323,0,mapped,-25.686896857427243,20.313423646862965,-21.843629179588362,2,0.3011389460206765,0.1505694730103382,shared_edge
T099,L,2749,T010,26,0,mapped,-23.84743669469664,22.926941139436316,-11.402847777303617,1,0.0,0.0,interior
T099,L,2750,T010,27,0,mapped,-23.76627851471812,22.290943961744084,-11.343614859800951,1,0.0,0.0,interior
T099,L,2751,T010,28,0,mapped,-23.768982262745045,21.783289512896506,-11.061334435195636,1,0.0,0.0,interior
T099,L,2752,T010,29,0,mapped,-23.76624676896344,21.367335562956757,-10.559985616016533,1,0.0,0.0,interior
T099,L,2753,T010,30,0,mapped,-23.74801820829136,21.097646123588056,-10.03529373307433,1,0.0,0.0,interior
T099,L,2754,T010,31,0,mapped,-23.85861608538707,20.792147366376902,-9.528957768631125,1,0.0,0.0,interior
T099,L,2755,T010,32,0,mapped,-23.97797985415157,20.49515919388504,-8.913678427583314,1,0.0,0.0,interior
T099,L,2756,T010,33,0,mapped,-24.129937439491016,20.21189661717903,-8.341315794287048,1,0.0,0.0,interior
T099,L,2757,T010,34,0,mapped,-24.25823725022564,19.971624366798665,-7.7602054775640585,1,0.0,0.0,interior
T099,L,2758,T010,35,0,mapped,-24.41493086901882,19.610315533607235,-7.388759825448865,1,0.0,0.0,interior
T099,L,2759,T010,36,0,mapped,-24.5275789046843,19.078688147531285,-6.992345237832277,1,0.0,0.0,interior
T099,L,2760,T010,37,0,mapped,-24.627098168205826,18.582722918470434,-6.602989537990981,1,0.0,0.0,interior
T099,L,2761,T010,38,0,mapped,-24.604536260300282,18.157559846848887,-6.1912440597774445,1,0.0,0.0,interior
T099,L,2762,T010,39,0,mapped,-24.49934135989877,17.63742501837605,-5.798979612268457,1,0.0,0.0,interior
T099,L,2763,T010,40,0,mapped,-24.367187914800013,17.10644300513986,-5.345912438411313,1,0.0,0.0,interior
T099,L,2764,T010,41,0,mapped,-24.254991315863315,16.48023959200304,-5.1013328192090075,1,0.0,0.0,interior
T099,L,2765,T010,42,0,mapped,-24.083222171344936,16.011958384447542,-4.887597725397832,1,0.0,0.0,interior
T099,L,2766,T010,43,0,mapped,-23.810926707638277,15.416608338692562,-4.662968297553022,1,0.0,0.0,interior
T099,L,2767,T010,44,0,mapped,-23.436201380931543,14.879433368476144,-4.467910786595279,1,0.0,0.0,interior
T099,L,2768,T010,45,0,mapped,-23.06827226800231,14.403069219308513,-4.406943271332269,1,0.0,0.0,interior
T099,L,2769,T010,46,0,mapped,-22.63116809188012,13.881419563446874,-4.380202768392294,1,0.0,0.0,interior
T099,L,2770,T010,47,0,mapped,-22.170215690729826,13.429564122046806,-4.371340738083596,1,0.0,0.0,interior
T099,L,2771,T010,48,0,mapped,-21.488789304678676,13.04557171728272,-4.338786111491363,2,1.7763568394002505e-15,8.881784197001252e-16,shared_edge
T099,L,2772,T010,50,0,mapped,-23.64923509209291,22.727658115024273,-11.374282120086804,1,0.0,0.0,interior
T099,L,2773,T010,51,0,mapped,-23.556758551505414,22.19176784875672,-11.209328567447539,1,0.0,0.0,interior
T099,L,2774,T010,52,0,mapped,-23.608709981203308,21.66823750396081,-10.840985049167145,1,0.0,0.0,interior
T099,L,2775,T010,53,0,mapped,-23.554558901299288,21.325633892352336,-10.33836018692338,1,0.0,0.0,interior
T099,L,2776,T010,54,0,mapped,-23.71538855620476,21.021840120509413,-9.84158434722088,1,0.0,0.0,interior
T099,L,2777,T010,55,0,mapped,-23.800376769814104,20.74471510238333,-9.252491103444878,1,0.0,0.0,interior
T099,L,2778,T010,56,0,mapped,-23.953671060978508,20.442114370951906,-8.678884700797216,1,0.0,0.0,interior
T099,L,2779,T010,57,0,mapped,-24.044426056714123,20.213032889233826,-8.032579677800765,1,0.0,0.0,interior
T099,L,2780,T010,58,0,mapped,-24.149876805486805,19.997020913130658,-7.5245164154819575,1,0.0,0.0,interior
T099,L,2781,T010,59,0,mapped,-24.330303454462403,19.580651380305433,-7.152951250640154,1,0.0,0.0,interior
T099,L,2782,T010,60,0,mapped,-24.385603032690334,19.065152674260084,-6.7499542680280324,1,0.0,0.0,interior
T099,L,2783,T010,61,0,mapped,-24.445536229851157,18.605734891303044,-6.25779715956603,1,0.0,0.0,interior
T099,L,2784,T010,62,0,mapped,-24.44663602440079,18.083299843917978,-5.86499126433994,1,0.0,0.0,interior
T099,L,2785,T010,63,0,mapped,-24.32630754974145,17.546879893084643,-5.468067942511979,1,0.0,0.0,interior
T099,L,2786,T010,64,0,mapped,-24.13727336986024,17.0834484019283,-5.0562798097809285,1,0.0,0.0,interior
T099,L,2787,T010,65,0,mapped,-23.934621214434046,16.549693801243535,-4.79250370751336,1,0.0,0.0,interior
T099,L,2788,T010,66,0,mapped,-23.83159891281857,15.9484876459856,-4.6167461629792115,1,0.0,0.0,interior
T099,L,2789,T010,67,0,mapped,-23.403177057765376,15.332043645940185,-4.306756861075479,1,0.0,0.0,interior
T099,L,2790,T010,68,0,mapped,-23.086036140807813,14.88329989654422,-4.185920513612725,1,0.0,0.0,interior
T099,L,2791,T010,69,0,mapped,-22.585340218840564,14.307949109310512,-4.149199399601043,1,0.0,0.0,interior
T099,L,2792,T010,70,0,mapped,-22.103130794073557,13.856263401940144,-4.034538884725222,1,0.0,0.0,interior
T099,L,2793,T010,71,0,mapped,-21.481797463958948,13.42043708728274,-4.032575715671687,2,1.7763568394002505e-15,8.881784197001252e-16,shared_edge
T099,L,2794,T010,73,0,mapped,-23.47549371232094,22.555119190958877,-11.298039780977987,1,0.0,0.0,interior
T099,L,2795,T010,74,0,mapped,-23.497709489070246,22.059219568311423,-11.094370116992504,1,0.0,0.0,interior
T099,L,2796,T010,75,0,mapped,-23.47170844501981,21.61232920926676,-10.647043772742538,1,0.0,0.0,interior
T099,L,2797,T010,76,0,mapped,-23.472312985382466,21.267727188764947,-10.065939474359347,1,0.0,0.0,interior
T099,L,2798,T010,77,0,mapped,-23.598532250976714,20.984833234745953,-9.587468407653429,1,0.0,0.0,interior
T099,L,2799,T010,78,0,mapped,-23.666528158158265,20.76470799009652,-8.972478674601224,1,0.0,0.0,interior
T099,L,2800,T010,79,0,mapped,-23.81713446935064,20.483280713113434,-8.396424472699266,1,0.0,0.0,interior
T099,L,2801,T010,80,0,mapped,-23.96694919145381,20.233689563486596,-7.817076215781112,1,0.0,0.0,interior
T099,L,2802,T010,81,0,mapped,-24.123899433835916,19.970766935899725,-7.393169458637152,1,0.0,0.0,interior
T099,L,2803,T010,82,0,mapped,-24.21054966445883,19.57448133308243,-6.917580168469655,1,0.0,0.0,interior
T099,L,2804,T010,83,0,mapped,-24.213729878810526,19.09770949907892,-6.493376446463559,1,0.0,0.0,interior
T099,L,2805,T010,84,0,mapped,-24.36283620018088,18.569527664196077,-6.076972355547747,1,0.0,0.0,interior
T099,L,2806,T010,85,0,mapped,-24.244473923487455,17.980204965230172,-5.5213154814899355,1,0.0,0.0,interior
T099,L,2807,T010,86,0,mapped,-24.08524630125705,17.529259769260825,-5.149233063349554,1,0.0,0.0,interior
T099,L,2808,T010,87,0,mapped,-24.005661300564263,16.986160659331322,-4.886131301217764,1,0.0,0.0,interior
T099,L,2809,T010,88,0,mapped,-23.738944563881084,16.399679638579677,-4.605354914084412,1,0.0,0.0,interior
T099,L,2810,T010,89,0,mapped,-23.498164756886933,15.907335432490497,-4.310735661746669,1,0.0,0.0,interior
T099,L,2811,T010,90,0,mapped,-23.079886032455686,15.215970715734224,-4.084722079213842,1,0.0,0.0,interior
T099,L,2812,T010,91,0,mapped,-22.653101959246364,14.71284462497785,-3.983355816212242,1,0.0,0.0,interior
T099,L,2813,T010,92,0,mapped,-22.056123794502653,14.344443872751967,-3.8067164323769216,1,0.0,0.0,interior
T099,L,2814,T010,93,0,mapped,-21.498660503418193,13.84047367736116,-3.794380286793027,2,0.0,0.0,shared_edge
T099,L,2815,T010,95,0,mapped,-23.300945913027054,22.424065058206196,-11.192439595623181,1,0.0,0.0,interior
T099,L,2816,T010,96,0,mapped,-23.340648554944163,21.896667777375104,-10.883673639644517,1,0.0,0.0,interior
T099,L,2817,T010,97,0,mapped,-23.282276077404788,21.560838464221234,-10.410807245471675,1,0.0,0.0,interior
T099,L,2818,T010,98,0,mapped,-23.404915241840165,21.21465100739985,-9.866853447149998,1,0.0,0.0,interior
T099,L,2819,T010,99,0,mapped,-23.519699590543972,20.954252166212655,-9.314437421806325,1,0.0,0.0,interior
T099,L,2820,T010,100,0,mapped,-23.64297536217118,20.712425347520707,-8.743877436090099,1,0.0,0.0,interior
T099,L,2821,T010,101,0,mapped,-23.799166049221704,20.44934304580416,-8.15174312404309,1,0.0,0.0,interior
T099,L,2822,T010,102,0,mapped,-23.924484066535076,20.211019745661954,-7.606692586055238,1,0.0,0.0,interior
T099,L,2823,T010,103,0,mapped,-24.086904038703942,19.8599104380584,-7.146051755054822,1,0.0,0.0,interior
T099,L,2824,T010,104,0,mapped,-24.08022120184995,19.48475252733819,-6.652856649320912,1,0.0,0.0,interior
T099,L,2825,T010,105,0,mapped,-24.12632421520095,19.040433760233626,-6.312070170720547,1,0.0,0.0,interior
T099,L,2826,T010,106,0,mapped,-24.157431280041234,18.5341826699798,-5.764196576199723,1,0.0,0.0,interior
T099,L,2827,T010,107,0,mapped,-24.032656341614363,17.99948010056449,-5.2857092681255775,1,0.0,0.0,interior
T099,L,2828,T010,108,0,mapped,-23.890072206140267,17.486121135758175,-4.937779396562293,1,0.0,0.0,interior
T099,L,2829,T010,109,0,mapped,-23.63601499145725,16.97803276689212,-4.552355552795001,1,0.0,0.0,interior
T099,L,2830,T010,110,0,mapped,-23.419638729945962,16.267901042877753,-4.302588323949426,1,0.0,0.0,interior
T099,L,2831,T010,111,0,mapped,-23.091030433288324,15.846836244939569,-4.020922975744266,1,0.0,0.0,interior
T099,L,2832,T010,112,0,mapped,-22.592228547216816,15.239916673836547,-3.784433711427413,1,0.0,0.0,interior
T099,L,2833,T010,113,0,mapped,-22.160781465760103,14.736793153189646,-3.702877706682054,1,0.0,0.0,interior
T099,L,2834,T010,114,0,mapped,-21.53415481356712,14.302738107981481,-3.6538709509286402,2,7.536443801682121e-15,3.7682219008410606e-15,shared_edge
T099,L,2835,T010,116,0,mapped,-23.126698443967342,22.24884030884989,-11.021035076396204,1,0.0,0.0,interior
T099,L,2836,T010,117,0,mapped,-23.135363416932783,21.81712808943233,-10.598574014102557,1,0.0,0.0,interior
T099,L,2837,T010,118,0,mapped,-23.14681967632983,21.470999040769193,-10.124887140284404,1,0.0,0.0,interior
T099,L,2838,T010,119,0,mapped,-23.342442407484832,21.143106787037127,-9.620515333726514,1,0.0,0.0,interior
T099,L,2839,T010,120,0,mapped,-23.494122756593807,20.913927287925166,-9.100883810855803,1,0.0,0.0,interior
T099,L,2840,T010,121,0,mapped,-23.62307689992031,20.6640948684773,-8.517833272021516,1,0.0,0.0,interior
T099,L,2841,T010,122,0,mapped,-23.75632612783568,20.430875159339628,-7.919582297895546,1,0.0,0.0,interior
T099,L,2842,T010,123,0,mapped,-23.826496480344307,20.19401586616415,-7.350187431331596,1,0.0,0.0,interior
T099,L,2843,T010,124,0,mapped,-23.86991891530272,19.889782384099348,-6.896018110887191,1,0.0,0.0,interior
T099,L,2844,T010,125,0,mapped,-23.96207468330836,19.385813884312338,-6.41289593409587,1,0.0,0.0,interior
T099,L,2845,T010,126,0,mapped,-24.00301172284827,18.979971307025014,-6.0202967376605265,1,0.0,0.0,interior
T099,L,2846,T010,127,0,mapped,-23.954252068796876,18.50465788473509,-5.537162913041669,1,0.0,0.0,interior
T099,L,2847,T010,128,0,mapped,-23.791299623084697,17.843323655277004,-4.953842933041241,1,0.0,0.0,interior
T099,L,2848,T010,129,0,mapped,-23.57402229453958,17.44615017308999,-4.622483350696502,1,0.0,0.0,interior
T099,L,2849,T010,130,0,mapped,-23.37971841417283,16.89107107797039,-4.32326034124846,1,0.0,0.0,interior
T099,L,2850,T010,131,0,mapped,-23.03496549732283,16.28306437539421,-4.009608867245712,1,0.0,0.0,interior
T099,L,2851,T010,132,0,mapped,-22.56724969986459,15.692291355097765,-3.738763190094758,1,0.0,0.0,interior
T099,L,2852,T010,133,0,mapped,-22.229114820466865,15.298331769605912,-3.6143378689012824,1,0.0,0.0,interior
T099,L,2853,T010,134,0,mapped,-21.57088516705258,14.767167782023046,-3.5204685766342507,2,3.2023728339893768e-15,1.6011864169946884e-15,shared_edge
T099,L,2854,T010,136,0,mapped,-23.00328726491974,22.08206807744164,-10.83615356886014,1,0.0,0.0,interior
T099,L,2855,T010,137,0,mapped,-22.98486574290247,21.759953220530484,-10.381615284809708,1,0.0,0.0,interior
T099,L,2856,T010,138,0,mapped,-23.1189356923231,21.401254276075967,-9.922415943433158,1,0.0,0.0,interior
T099,L,2857,T010,139,0,mapped,-23.280530937839963,21.1059653718337,-9.366615026908914,1,0.0,0.0,interior
T099,L,2858,T010,140,0,mapped,-23.452210597298887,20.872350053880936,-8.807838523863662,1,0.0,0.0,interior
T099,L,2859,T010,141,0,mapped,-23.57588016648686,20.652278717334806,-8.28210306735079,1,0.0,0.0,interior
T099,L,2860,T010,142,0,mapped,-23.682570098180037,20.413494876968752,-7.647784736528128,1,0.0,0.0,interior
T099,L,2861,T010,143,0,mapped,-23.717099457106386,20.207155075444692,-7.220719184948349,1,0.0,0.0,interior
T099,L,2862,T010,144,0,mapped,-23.733484660489253,19.838656510882224,-6.679849596642519,1,0.0,0.0,interior
T099,L,2863,T010,145,0,mapped,-23.73959357297263,19.422585473203124,-6.176757080789994,1,0.0,0.0,interior
T099,L,2864,T010,146,0,mapped,-23.866291532281384,18.846789790269916,-5.706089640347011,1,0.0,0.0,interior
T099,L,2865,T010,147,0,mapped,-23.71670028660636,18.300204255484232,-5.140822394692719,1,0.0,0.0,interior
T099,L,2866,T010,148,0,mapped,-23.54315061258191,17.84371249212844,-4.716845285444737,1,0.0,0.0,interior
T099,L,2867,T010,149,0,mapped,-23.324252218885672,17.36800395945596,-4.399269341537256,1,0.0,0.0,interior
T099,L,2868,T010,150,0,mapped,-23.112321013256878,16.891686996331657,-4.1163773129735794,1,0.0,0.0,interior
T099,L,2869,T010,151,0,mapped,-22.687841258404113,16.28368084840623,-3.789272503001211,1,0.0,0.0,interior
T099,L,2870,T010,152,0,mapped,-22.30154408253349,15.790253458670756,-3.599584030421001,1,0.0,0.0,interior
T099,L,2871,T010,153,0,mapped,-21.614329954211883,15.240578613213012,-3.4274421946301548,2,1.7763568394002505e-15,8.881784197001252e-16,shared_edge
T099,L,2872,T010,155,0,mapped,-22.8353027446855,22.017397053979362,-10.637054608752326,1,0.0,0.0,interior
T099,L,2873,T010,156,0,mapped,-22.90017435754428,21.7130960194873,-10.228575592223816,1,0.0,0.0,interior
T099,L,2874,T010,157,0,mapped,-23.01485339198586,21.362462507605688,-9.643626822278854,1,0.0,0.0,interior
T099,L,2875,T010,158,0,mapped,-23.214233584865685,21.087545022176396,-9.106723458038461,1,0.0,0.0,interior
T099,L,2876,T010,159,0,mapped,-23.367987022893914,20.888574976317685,-8.63796933589394,1,0.0,0.0,interior
T099,L,2877,T010,160,0,mapped,-23.47703097100365,20.672290949738844,-8.015829597855618,1,0.0,0.0,interior
T099,L,2878,T010,161,0,mapped,-23.553105849660326,20.43972744330166,-7.479437947342568,1,0.0,0.0,interior
T099,L,2879,T010,162,0,mapped,-23.579430799964065,20.157164485854153,-6.996666491149325,1,0.0,0.0,interior
T099,L,2880,T010,163,0,mapped,-23.5394819883719,19.77861461569913,-6.413537008838572,1,0.0,0.0,interior
T099,L,2881,T010,164,0,mapped,-23.61716246624033,19.3852178101831,-5.985189384409132,1,0.0,0.0,interior
T099,L,2882,T010,165,0,mapped,-23.50664772551892,18.84929136987229,-5.4058325469580915,1,0.0,0.0,interior
T099,L,2883,T010,166,0,mapped,-23.42090666593536,18.193510969907532,-4.797049536311889,1,0.0,0.0,interior
T099,L,2884,T010,167,0,mapped,-23.260553420562708,17.73910084575609,-4.470474306228041,1,0.0,0.0,interior
T099,L,2885,T010,168,0,mapped,-23.057703569196356,17.282681273225304,-4.189722612345694,1,0.0,0.0,interior
T099,L,2886,T010,169,0,mapped,-22.76377624325977,16.817552027377133,-3.8620022178944797,1,0.0,0.0,interior
T099,L,2887,T010,170,0,mapped,-22.346203869141046,16.157696891845266,-3.584514819605026,1,0.0,0.0,interior
T099,L,2888,T010,171,0,mapped,-21.669172557055354,15.721329467127116,-3.410077245520746,2,4.440892098500626e-15,2.220446049250313e-15,shared_edge
T099,L,2889,T010,173,0,mapped,-22.6782601550508,21.9673805561433,-10.422565252077437,1,0.0,0.0,interior
T099,L,2890,T010,174,0,mapped,-22.880729349635132,21.581027827685567,-9.97988560467139,1,0.0,0.0,interior
T099,L,2891,T010,175,0,mapped,-22.989508740117742,21.28578810820987,-9.385828811084494,1,0.0,0.0,interior
T099,L,2892,T010,176,0,mapped,-23.131756281677628,21.074498349981663,-8.845485698796367,1,0.0,0.0,interior
T099,L,2893,T010,177,0,mapped,-23.245619850045085,20.89695247743295,-8.391797675187217,1,0.0,0.0,interior
T099,L,2894,T010,178,0,mapped,-23.35035341808944,20.67704815704548,-7.781031750429251,1,0.0,0.0,interior
T099,L,2895,T010,179,0,mapped,-23.403944828425992,20.4234809193842,-7.234100865091776,1,0.0,0.0,interior
T099,L,2896,T010,180,0,mapped,-23.402572947181167,20.095069935272107,-6.733380094119916,1,0.0,0.0,interior
T099,L,2897,T010,181,0,mapped,-23.3503893941136,19.75488164568565,-6.196218419255889,1,0.0,0.0,interior
T099,L,2898,T010,182,0,mapped,-23.310463367352508,19.389885673451744,-5.696171152843082,1,0.0,0.0,interior
T099,L,2899,T010,183,0,mapped,-23.257497910246443,18.795821054411498,-5.121155580517813,1,0.0,0.0,interior
T099,L,2900,T010,184,0,mapped,-23.162200655317292,18.21712877150717,-4.609944125144642,1,0.0,0.0,interior
T099,L,2901,T010,185,0,mapped,-22.993789942593615,17.7533833471837,-4.310351200245828,1,0.0,0.0,interior
T099,L,2902,T010,186,0,mapped,-22.703600186690892,17.259869134044692,-3.966612516024968,1,0.0,0.0,interior
T099,L,2903,T010,187,0,mapped,-22.392792088738275,16.66618971746917,-3.6410596851834036,1,0.0,0.0,interior
T099,L,2904,T010,188,0,mapped,-21.726907435496006,16.202217105934672,-3.413367382257942,2,2.5121479338940407e-15,1.2560739669470201e-15,shared_edge
T099,L,2905,T010,190,0,mapped,-22.53738268045612,21.90651332044488,-10.21863793495347,1,0.0,0.0,interior
T099,L,2906,T010,191,0,mapped,-22.74050073978495,21.56124945219767,-9.711122406524906,1,0.0,0.0,interior
T099,L,2907,T010,192,0,mapped,-22.904251190164196,21.26138495788892,-9.153887539441044,1,0.0,0.0,interior
T099,L,2908,T010,193,0,mapped,-23.041288275441666,21.07642317018953,-8.66593840972379,1,0.0,0.0,interior
T099,L,2909,T010,194,0,mapped,-23.128814120196985,20.89582156109611,-8.090449673293673,1,0.0,0.0,interior
T099,L,2910,T010,195,0,mapped,-23.203693695509315,20.66674949638352,-7.523415604263456,1,0.0,0.0,interior
T099,L,2911,T010,196,0,mapped,-23.255447340823046,20.416176359253814,-7.045112481979663,1,0.0,0.0,interior
T099,L,2912,T010,197,0,mapped,-23.21393882165337,20.045263692258622,-6.511043885513459,1,0.0,0.0,interior
T099,L,2913,T010,198,0,mapped,-23.1007830655506,19.717866709582992,-5.9337641837779085,1,0.0,0.0,interior
T099,L,2914,T010,199,0,mapped,-23.041718362417352,19.32068713533597,-5.394243091144601,1,0.0,0.0,interior
T099,L,2915,T010,200,0,mapped,-22.9906151220096,18.70430362090731,-4.854690759409031,1,0.0,0.0,interior
T099,L,2916,T010,201,0,mapped,-22.917537354110706,18.196321152342,-4.452170900650772,1,0.0,0.0,interior
T099,L,2917,T010,202,0,mapped,-22.744248856311046,17.72647954375547,-4.15804396430816,1,0.0,0.0,interior
T099,L,2918,T010,203,0,mapped,-22.29978763877541,17.169452775172545,-3.7868851563276973,1,0.0,0.0,interior
T099,L,2919,T010,204,0,mapped,-21.78934322495992,16.678969756051284,-3.4539562080096893,2,0.0,0.0,shared_edge
T099,L,2920,T010,206,0,mapped,-22.50087489056439,21.80514824792223,-9.97240335219523,1,0.0,0.0,interior
T099,L,2921,T010,207,0,mapped,-22.690473376325418,21.489842899604284,-9.459542310311665,1,0.0,0.0,interior
T099,L,2922,T010,208,0,mapped,-22.815228209089327,21.246212794145528,-8.925020441956402,1,0.0,0.0,interior
T099,L,2923,T010,209,0,mapped,-22.95920060674696,21.047579461736227,-8.3784020916822,1,0.0,0.0,interior
T099,L,2924,T010,210,0,mapped,-23.003575790287996,20.89604093066048,-7.815361734480282,1,0.0,0.0,interior
T099,L,2925,T010,211,0,mapped,-23.07630445627224,20.642993762067597,-7.263292965726638,1,0.0,0.0,interior
T099,L,2926,T010,212,0,mapped,-23.064739022945627,20.369337633533434,-6.819856866595,1,0.0,0.0,interior
T099,L,2927,T010,213,0,mapped,-22.986463349951052,20.013344907136307,-6.269501545379217,1,0.0,0.0,interior
T099,L,2928,T010,214,0,mapped,-22.99109612488727,19.59106805968831,-5.6921208727866865,1,0.0,0.0,interior
T099,L,2929,T010,215,0,mapped,-22.765379940693094,19.2115460768762,-5.097208362353419,1,0.0,0.0,interior
T099,L,2930,T010,216,0,mapped,-22.814013664102962,18.646091179582594,-4.719875238689639,1,0.0,0.0,interior
T099,L,2931,T010,217,0,mapped,-22.64115954183999,18.097031323842945,-4.267844934494493,1,0.0,0.0,interior
T099,L,2932,T010,218,0,mapped,-22.328599523363525,17.630851433477588,-3.969242400645914,1,0.0,0.0,interior
T099,L,2933,T010,219,0,mapped,-21.867069430793144,17.12132449429676,-3.6337839826664506,2,6.646518689688359e-15,3.32325934484418e-15,shared_edge
T099,L,2934,T010,221,0,mapped,-22.411174037940317,21.75386809136381,-9.737124207868074,1,0.0,0.0,interior
T099,L,2935,T010,222,0,mapped,-22.574216845950957,21.4505834787921,-9.204563459035295,1,0.0,0.0,interior
T099,L,2936,T010,223,0,mapped,-22.721737045038356,21.235262987990716,-8.694095002150938,1,0.0,0.0,interior
T099,L,2937,T010,224,0,mapped,-22.770744712683616,21.089144812662706,-8.139827122526608,1,0.0,0.0,interior
T099,L,2938,T010,225,0,mapped,-22.879596329479646,20.902372388652378,-7.61796742981409,1,0.0,0.0,interior
T099,L,2939,T010,226,0,mapped,-22.878631994956887,20.63673683309114,-7.052155474792313,1,0.0,0.0,interior
T099,L,2940,T010,227,0,mapped,-22.877106756467718,20.3121705326556,-6.595500822140604,1,0.0,0.0,interior
T099,L,2941,T010,228,0,mapped,-22.751702993347962,19.954896505485678,-6.0070895154203345,1,0.0,0.0,interior
T099,L,2942,T010,229,0,mapped,-22.76836947210627,19.57007511250982,-5.502165408184018,1,0.0,0.0,interior
T099,L,2943,T010,230,0,mapped,-22.564475727406546,19.13055384709932,-4.919970820305593,1,0.0,0.0,interior
T099,L,2944,T010,231,0,mapped,-22.489815031891247,18.55388676935353,-4.46471520717853,1,0.0,0.0,interior
T099,L,2945,T010,232,0,mapped,-22.352543806766874,18.006376450441234,-4.095925939882754,1,0.0,0.0,interior
T099,L,2946,T010,233,0,mapped,-21.98546679722896,17.535460621462455,-3.8141408461881916,2,2.664535259100376e-15,1.3322676295501878e-15,shared_edge
T099,L,2947,T010,235,0,mapped,-22.33754157166372,21.699974287590045,-9.512904312221222,1,0.0,0.0,interior
T099,L,2948,T010,236,0,mapped,-22.516932405982125,21.415526303018463,-8.967107300035464,1,0.0,0.0,interior
T099,L,2949,T010,237,0,mapped,-22.622665267494774,21.234546042629557,-8.483288984126064,1,0.0,0.0,interior
T099,L,2950,T010,238,0,mapped,-22.657891501165814,21.086025375351724,-7.891329037551066,1,0.0,0.0,interior
T099,L,2951,T010,239,0,mapped,-22.7801567709471,20.823926108569175,-7.299262293896907,1,0.0,0.0,interior
T099,L,2952,T010,240,0,mapped,-22.686480671312232,20.596884332998822,-6.82647002115708,1,0.0,0.0,interior
T099,L,2953,T010,241,0,mapped,-22.715031374113188,20.252529136371802,-6.343063293295563,1,0.0,0.0,interior
T099,L,2954,T010,242,0,mapped,-22.651592845220552,19.825383465518712,-5.762857299739801,1,0.0,0.0,interior
T099,L,2955,T010,243,0,mapped,-22.467669038831662,19.55101956714858,-5.270589865365897,1,0.0,0.0,interior
T099,L,2956,T010,244,0,mapped,-22.323992137005575,19.00841839422905,-4.693746375765446,1,0.0,0.0,interior
T099,L,2957,T010,245,0,mapped,-22.244954444055985,18.497414383485772,-4.306677184321851,1,0.0,0.0,interior
T099,L,2958,T010,246,0,mapped,-22.009566778871488,17.97155805227374,-3.929888418016759,2,1.9860273225978185e-15,9.930136612989092e-16,shared_edge
T099,L,2959,T010,248,0,mapped,-22.29437253209764,21.618290799380024,-9.24800263814011,1,0.0,0.0,interior
T099,L,2960,T010,249,0,mapped,-22.409452614330437,21.4002597277588,-8.725386108967498,1,0.0,0.0,interior
T099,L,2961,T010,250,0,mapped,-22.52088861142585,21.231195156603004,-8.247192891024543,1,0.0,0.0,interior
T099,L,2962,T010,251,0,mapped,-22.509209345938473,21.08768436890429,-7.669549823776647,1,0.0,0.0,interior
T099,L,2963,T010,252,0,mapped,-22.586466662014608,20.805449133866986,-7.081672152503934,1,0.0,0.0,interior
T099,L,2964,T010,253,0,mapped,-22.530652308712597,20.57037770954104,-6.619226751171597,1,0.0,0.0,interior
T099,L,2965,T010,254,0,mapped,-22.541855528292036,20.156666999173613,-6.061266174513037,1,0.0,0.0,interior
T099,L,2966,T010,255,0,mapped,-22.37077899257156,19.866006173960205,-5.570800186492617,1,0.0,0.0,interior
T099,L,2967,T010,256,0,mapped,-22.209848926619845,19.413208745814977,-4.980676479932347,1,0.0,0.0,interior
T099,L,2968,T010,257,0,mapped,-22.105214921973552,18.915843204649256,-4.525908262481707,1,0.0,0.0,interior
T099,L,2969,T010,258,0,mapped,-22.043543325668622,18.395679470238512,-4.154830030921433,2,2.8435583831733384e-15,1.4217791915866692e-15,shared_edge
T099,L,2970,T010,260,0,mapped,-22.192661448877647,21.584089471291023,-9.013176463680999,1,0.0,0.0,interior
T099,L,2971,T010,261,0,mapped,-22.30107941670417,21.372054214972106,-8.463856556291699,1,0.0,0.0,interior
T099,L,2972,T010,262,0,mapped,-22.328126541481474,21.250286978937122,-7.989933037498082,1,0.0,0.0,interior
T099,L,2973,T010,263,0,mapped,-22.417863714732086,21.03997318061099,-7.39794726778268,1,0.0,0.0,interior
T099,L,2974,T010,264,0,mapped,-22.375447716860624,20.807750691903713,-6.849752277855496,1,0.0,0.0,interior
T099,L,2975,T010,265,0,mapped,-22.32386923313539,20.53485324982162,-6.359184996849621,1,0.0,0.0,interior
T099,L,2976,T010,266,0,mapped,-22.277248223971863,20.15996223307339,-5.810191883481869,1,0.0,0.0,interior
T099,L,2977,T010,267,0,mapped,-22.117095172157256,19.732362507290965,-5.237325347586145,1,0.0,0.0,interior
T099,L,2978,T010,268,0,mapped,-22.08125056054372,19.242953954898123,-4.783661910531649,1,0.0,0.0,interior
T099,L,2979,T010,269,0,mapped,-21.907468556078495,18.7983659840746,-4.3791079176471275,2,3.66205343881779e-15,1.831026719408895e-15,shared_edge
T099,L,2980,T010,271,0,mapped,-22.138844150486115,21.529642112287977,-8.757949563741288,1,0.0,0.0,interior
T099,L,2981,T010,272,0,mapped,-22.1239751488504,21.39163470781001,-8.233020024522757,1,0.0,0.0,interior
T099,L,2982,T010,273,0,mapped,-22.159276942363487,21.253638323823363,-7.7554058396882555,1,0.0,0.0,interior
T099,L,2983,T010,274,0,mapped,-22.268936311176944,21.03596668762865,-7.213139433722297,1,0.0,0.0,interior
T099,L,2984,T010,275,0,mapped,-22.133483961048555,20.78399821423037,-6.621952305735615,1,0.0,0.0,interior
T099,L,2985,T010,276,0,mapped,-22.14375262940475,20.47517909301854,-6.121536677428923,1,0.0,0.0,interior
T099,L,2986,T010,277,0,mapped,-22.01571046873751,20.114524890486777,-5.537730209442783,1,0.0,0.0,interior
T099,L,2987,T010,278,0,mapped,-21.82632178017205,19.630769047947176,-5.0386183839559795,1,0.0,0.0,interior
T099,L,2988,T010,279,0,mapped,-21.7225490289533,19.188163486595577,-4.592637830765371,2,3.972054645195637e-15,1.9860273225978185e-15,shared_edge
T099,L,2989,T010,281,0,mapped,-21.999269593430988,21.516984548143576,-8.527091342302967,1,0.0,0.0,interior
T099,L,2990,T010,282,0,mapped,-21.987980833822274,21.384466526736386,-8.030231132665715,1,0.0,0.0,interior
T099,L,2991,T010,283,0,mapped,-22.040217603608305,21.233146205809852,-7.498512220815945,1,0.0,0.0,interior
T099,L,2992,T010,284,0,mapped,-22.0678507405475,21.012610626617164,-6.966882483598447,1,0.0,0.0,interior
T099,L,2993,T010,285,0,mapped,-21.990553009278642,20.725054724319868,-6.446247717782841,1,0.0,0.0,interior
T099,L,2994,T010,286,0,mapped,-21.96064237867884,20.42541964830913,-5.912491518067643,1,0.0,0.0,interior
T099,L,2995,T010,287,0,mapped,-21.79178750799533,20.06578269387962,-5.345892301959365,1,0.0,0.0,interior
T099,L,2996,T010,288,0,mapped,-21.652189645859817,19.536277251204897,-4.884986642445295,2,3.996802888650564e-15,1.9984014443252818e-15,shared_edge
T099,L,2997,T010,290,0,mapped,-21.849593343452657,21.538881984819792,-8.336895633604776,1,0.0,0.0,interior
T099,L,2998,T010,291,0,mapped,-21.823369749379264,21.421863304031316,-7.82245388071868,1,0.0,0.0,interior
T099,L,2999,T010,292,0,mapped,-21.859670822985212,21.224903467889522,-7.307829786213462,1,0.0,0.0,interior
T099,L,3000,T010,293,0,mapped,-21.922760198656093,21.001531790645316,-6.858225780590146,1,0.0,0.0,interior
T099,L,3001,T010,294,0,mapped,-21.866807114885276,20.679049951173504,-6.2736832269180915,1,0.0,0.0,interior
T099,L,3002,T010,295,0,mapped,-21.68765951874061,20.365302585333556,-5.653568823386365,1,0.0,0.0,interior
T099,L,3003,T010,296,0,mapped,-21.503582808021335,19.93176941427158,-5.106471463768036,2,3.5596458096434965e-15,1.7798229048217487e-15,shared_edge
T099,L,3004,T010,298,0,mapped,-21.720581365405597,21.54932587965147,-8.138885413761654,1,0.0,0.0,interior
T099,L,3005,T010,299,0,mapped,-21.668266516436834,21.441511881646825,-7.682192353553203,1,0.0,0.0,interior
T099,L,3006,T010,300,0,mapped,-21.70059927766856,21.20733012942984,-7.113488547987272,1,0.0,0.0,interior
T099,L,3007,T010,301,0,mapped,-21.722561467793348,20.934377839140215,-6.617805326588497,1,0.0,0.0,interior
T099,L,3008,T010,302,0,mapped,-21.611468727351724,20.64331628479606,-6.025217763509193,1,0.0,0.0,interior
T099,L,3009,T010,303,0,mapped,-21.4737681252111,20.26032112109665,-5.425476126792038,2,2.5121479338940407e-15,1.2560739669470201e-15,shared_edge
T099,L,3010,T010,305,0,mapped,-21.500843041184286,21.572724929800025,-7.9498552493567605,1,0.0,0.0,interior
T099,L,3011,T010,306,0,mapped,-21.51362585984302,21.41643084131165,-7.476041352238713,1,0.0,0.0,interior
T099,L,3012,T010,307,0,mapped,-21.549021735228056,21.167455550774577,-6.89955012623461,1,0.0,0.0,interior
T099,L,3013,T010,308,0,mapped,-21.50429875087649,20.902023298415195,-6.403343209330476,1,0.0,0.0,interior
T099,L,3014,T010,309,0,mapped,-21.424842987660718,20.56201956548614,-5.7956269677419225,2,1.831026719408895e-15,9.155133597044477e-16,shared_edge
T099,L,3015,T010,311,0,mapped,-21.30562456772247,21.574577414379473,-7.743404184197432,1,0.0,0.0,interior
T099,L,3016,T010,312,0,mapped,-21.2999774804152,21.40433019004918,-7.237649945441165,1,0.0,0.0,interior
T099,L,3017,T010,313,0,mapped,-21.417008423423518,21.107543906561222,-6.727056401209156,1,0.0,0.0,interior
T099,L,3018,T010,314,0,mapped,-21.408707433025164,20.820783797270764,-6.192365961255778,2,9.930136612989092e-16,4.965068306494546e-16,shared_edge
T099,L,3019,T010,316,0,mapped,-21.115476475962964,21.571449791782378,-7.513219851928298,1,0.0,0.0,interior
T099,L,3020,T010,317,0,mapped,-21.20482093171266,21.332199695565816,-7.03314248110401,1,0.0,0.0,interior
T099,L,3021,T010,318,0,mapped,-21.270302415506563,21.052426863753592,-6.585439739336774,2,0.0,0.0,shared_edge
T099,L,3022,T010,320,0,mapped,-20.94462407120536,21.547860903400526,-7.3400741800077185,1,0.0,0.0,interior
T099,L,3023,T010,321,0,mapped,-20.98042113876378,21.270487402484996,-6.859379667435203,2,8.881784197001252e-16,4.440892098500626e-16,shared_edge
T099,L,3024,T010,323,0,mapped,-20.85927036233224,21.50465571538852,-7.204482544775582,2,3.6637359812630166e-15,1.8318679906315083e-15,shared_edge
T099,L,3025,T011,26,2,smooth_near_vertex,-25.516797057056955,20.134923114213453,-21.092007969565074,1,0.0,0.0,interior
T099,L,3026,T011,27,0,mapped,-25.340297927026675,19.91836722983165,-20.536731401232146,1,0.0,0.0,interior
T099,L,3027,T011,28,0,mapped,-25.168657978225944,19.414703079996027,-19.882002660971068,1,0.0,0.0,interior
T099,L,3028,T011,29,0,mapped,-25.021817810223936,18.872243121435375,-19.196119933127353,1,0.0,0.0,interior
T099,L,3029,T011,30,0,mapped,-24.858543612686255,18.318916640142724,-18.546834566443767,1,0.0,0.0,interior
T099,L,3030,T011,31,0,mapped,-24.661940099387202,17.736700933550335,-17.925401013709596,1,0.0,0.0,interior
T099,L,3031,T011,32,0,mapped,-24.534585338284167,17.37450042544925,-17.247208705870236,1,0.0,0.0,interior
T099,L,3032,T011,33,0,mapped,-24.334474022129797,16.994360774379075,-16.470566450408313,1,0.0,0.0,interior
T099,L,3033,T011,34,0,mapped,-24.24601322973252,16.721890703160838,-15.748731850624445,1,0.0,0.0,interior
T099,L,3034,T011,35,0,mapped,-23.970291983543042,16.34150938064099,-15.057368156939255,1,0.0,0.0,interior
T099,L,3035,T011,36,0,mapped,-23.680650870265367,15.999644267761552,-14.332295424813585,1,0.0,0.0,interior
T099,L,3036,T011,37,0,mapped,-23.384605148427273,15.698146587920448,-13.579872304021789,1,0.0,0.0,interior
T099,L,3037,T011,38,0,mapped,-23.128192563893837,15.415047130601366,-12.835301463602793,1,0.0,0.0,interior
T099,L,3038,T011,39,0,mapped,-22.862571681319857,15.14596389419651,-12.079215863877316,1,0.0,0.0,interior
T099,L,3039,T011,40,0,mapped,-22.55657230266739,14.875282955881643,-11.338408640474954,1,0.0,0.0,interior
T099,L,3040,T011,41,0,mapped,-22.260453236613635,14.584428201545155,-10.614722373539198,1,0.0,0.0,interior
T099,L,3041,T011,42,0,mapped,-22.091913536224126,14.26323279521538,-9.838440723487306,1,0.0,0.0,interior
T099,L,3042,T011,43,0,mapped,-21.944269627781722,13.933557147298126,-9.076414113281972,1,0.0,0.0,interior
T099,L,3043,T011,44,0,mapped,-21.811841089181435,13.607775922028798,-8.307861866001694,1,0.0,0.0,interior
T099,L,3044,T011,45,0,mapped,-21.73546921525111,13.326415583223028,-7.5410222897647525,1,0.0,0.0,interior
T099,L,3045,T011,46,0,mapped,-21.602417384827604,13.067118058365446,-6.776761796535245,1,0.0,0.0,interior
T099,L,3046,T011,47,0,mapped,-21.454970349060613,12.797141479310296,-5.982588409011344,1,0.0,0.0,interior
T099,L,3047,T011,48,0,mapped,-21.340131754727057,12.577103141899034,-5.138498389754547,2,2.5121479338940407e-15,1.2560739669470201e-15,shared_edge
T099,L,3048,T011,50,0,mapped,-25.368667420670235,19.96799284960944,-20.79153640106985,1,0.0,0.0,interior
T099,L,3049,T011,51,0,mapped,-25.189417001836702,19.497443915972106,-20.144666840932754,1,0.0,0.0,interior
T099,L,3050,T011,52,0,mapped,-25.016007839479656,18.95673393696106,-19.443926500622954,1,0.0,0.0,interior
T099,L,3051,T011,53,0,mapped,-24.87653106430566,18.443135581771017,-18.80055735657315,1,0.0,0.0,interior
T099,L,3052,T011,54,0,mapped,-24.668379184030776,17.888879065463097,-18.18913450402164,1,0.0,0.0,interior
T099,L,3053,T011,55,0,mapped,-24.482858426618073,17.358115079739836,-17.499723216101287,1,0.0,0.0,interior
T099,L,3054,T011,56,0,mapped,-24.32486527140911,17.07382086574653,-16.8413938723854,1,0.0,0.0,interior
T099,L,3055,T011,57,0,mapped,-24.167661194146334,16.7691799431823,-16.07037471170489,1,0.0,0.0,interior
T099,L,3056,T011,58,0,mapped,-23.911716616948432,16.42708151312892,-15.38054511067604,1,0.0,0.0,interior
T099,L,3057,T011,59,0,mapped,-23.62842360316269,16.09911559756806,-14.67107309752543,1,0.0,0.0,interior
T099,L,3058,T011,60,0,mapped,-23.32444853740523,15.796420645219511,-13.920605710292072,1,0.0,0.0,interior
T099,L,3059,T011,61,0,mapped,-23.039788845683685,15.521602240511797,-13.191144843513742,1,0.0,0.0,interior
T099,L,3060,T011,62,0,mapped,-22.77434403150109,15.255475868696744,-12.4433456582867,1,0.0,0.0,interior
T099,L,3061,T011,63,0,mapped,-22.498863157479455,14.989463398949642,-11.686784055745175,1,0.0,0.0,interior
T099,L,3062,T011,64,0,mapped,-22.198166976912972,14.705288420822482,-10.960189340752592,1,0.0,0.0,interior
T099,L,3063,T011,65,0,mapped,-21.97024290800774,14.390113139914165,-10.2075477033986,1,0.0,0.0,interior
T099,L,3064,T011,66,0,mapped,-21.772785524931372,14.052919493755185,-9.451811064356235,1,0.0,0.0,interior
T099,L,3065,T011,67,0,mapped,-21.62788688364331,13.714215714400005,-8.698675426824323,1,0.0,0.0,interior
T099,L,3066,T011,68,0,mapped,-21.48290159231723,13.388333477816195,-7.950673813501115,1,0.0,0.0,interior
T099,L,3067,T011,69,0,mapped,-21.355184935208317,13.096182298243136,-7.204373467654575,1,0.0,0.0,interior
T099,L,3068,T011,70,0,mapped,-21.24223179904749,12.829695392509107,-6.423572890729309,1,0.0,0.0,interior
T099,L,3069,T011,71,0,mapped,-21.154787987443285,12.582470981285674,-5.548438722937449,2,1.7763568394002505e-15,8.881784197001252e-16,shared_edge
T099,L,3070,T011,73,0,mapped,-25.20387037676354,19.526831102567307,-20.36262390850582,1,0.0,0.0,interior
T099,L,3071,T011,74,0,mapped,-25.026186397980556,19.052668910175516,-19.683454611578018,1,0.0,0.0,interior
T099,L,3072,T011,75,0,mapped,-24.877734405110935,18.52761627494606,-19.022395461180864,1,0.0,0.0,interior
T099,L,3073,T011,76,0,mapped,-24.698112711099625,18.023469823100378,-18.424260709624985,1,0.0,0.0,interior
T099,L,3074,T011,77,0,mapped,-24.44573106035129,17.405408219867088,-17.801940379879237,1,0.0,0.0,interior
T099,L,3075,T011,78,0,mapped,-24.333417764770044,17.123517494683355,-17.05320704845467,1,0.0,0.0,interior
T099,L,3076,T011,79,0,mapped,-24.225494966670958,16.871558061838535,-16.349410991283936,1,0.0,0.0,interior
T099,L,3077,T011,80,0,mapped,-23.868521945862156,16.49235339536377,-15.703874023133633,1,0.0,0.0,interior
T099,L,3078,T011,81,0,mapped,-23.581291978114145,16.18025158404857,-15.003952183003873,1,0.0,0.0,interior
T099,L,3079,T011,82,0,mapped,-23.268289328170642,15.88346808169845,-14.273734838130922,1,0.0,0.0,interior
T099,L,3080,T011,83,0,mapped,-22.97625992322343,15.6184945806148,-13.528378324545391,1,0.0,0.0,interior
T099,L,3081,T011,84,0,mapped,-22.678443749836987,15.361098712113844,-12.821798831034316,1,0.0,0.0,interior
T099,L,3082,T011,85,0,mapped,-22.42271072063206,15.100820589673257,-12.044434388881225,1,0.0,0.0,interior
T099,L,3083,T011,86,0,mapped,-22.13259171399026,14.825412148265668,-11.30753641962425,1,0.0,0.0,interior
T099,L,3084,T011,87,0,mapped,-21.86125142932853,14.518255772075,-10.575534455991953,1,0.0,0.0,interior
T099,L,3085,T011,88,0,mapped,-21.651684044077022,14.183345317373313,-9.815426038321704,1,0.0,0.0,interior
T099,L,3086,T011,89,0,mapped,-21.460196252696846,13.83426238652899,-9.073176505299962,1,0.0,0.0,interior
T099,L,3087,T011,90,0,mapped,-21.282517808775914,13.48451163023418,-8.337518503871845,1,0.0,0.0,interior
T099,L,3088,T011,91,0,mapped,-21.127668841841174,13.156724717413127,-7.601328407518059,1,0.0,0.0,interior
T099,L,3089,T011,92,0,mapped,-21.01677109400057,12.866719517970669,-6.837458619210153,1,0.0,0.0,interior
T099,L,3090,T011,93,0,mapped,-21.014390375677422,12.632300438575891,-6.003764354030727,2,1.7763568394002505e-15,8.881784197001252e-16,shared_edge
T099,L,3091,T011,95,0,mapped,-25.04885029897713,19.12830435538086,-19.912211767830037,1,0.0,0.0,interior
T099,L,3092,T011,96,0,mapped,-24.89726451380349,18.635177505478797,-19.248817069519955,1,0.0,0.0,interior
T099,L,3093,T011,97,0,mapped,-24.71021064424584,18.122930820099697,-18.643125615710947,1,0.0,0.0,interior
T099,L,3094,T011,98,0,mapped,-24.465333718046566,17.54338931862765,-18.06530608796867,1,0.0,0.0,interior
T099,L,3095,T011,99,0,mapped,-24.22451764370918,17.051110762185452,-17.38264080288186,1,0.0,0.0,interior
T099,L,3096,T011,100,0,mapped,-24.089474746190724,16.828959468211053,-16.678868445577447,1,0.0,0.0,interior
T099,L,3097,T011,101,0,mapped,-23.803198166281774,16.510659937265295,-16.063441604431016,1,0.0,0.0,interior
T099,L,3098,T011,102,0,mapped,-23.539883145215967,16.240132387847847,-15.33293189120057,1,0.0,0.0,interior
T099,L,3099,T011,103,0,mapped,-23.20655165673429,15.954808664345855,-14.642398995920814,1,0.0,0.0,interior
T099,L,3100,T011,104,0,mapped,-22.88985063464579,15.691463329614297,-13.884852518185992,1,0.0,0.0,interior
T099,L,3101,T011,105,0,mapped,-22.577856567169242,15.45937761362909,-13.209697150413588,1,0.0,0.0,interior
T099,L,3102,T011,106,0,mapped,-22.323939081927,15.207543935127442,-12.421513694919646,1,0.0,0.0,interior
T099,L,3103,T011,107,0,mapped,-22.057971528607517,14.942846299563984,-11.663795639001592,1,0.0,0.0,interior
T099,L,3104,T011,108,0,mapped,-21.77248491489178,14.647263031323957,-10.93915871156127,1,0.0,0.0,interior
T099,L,3105,T011,109,0,mapped,-21.5369449160126,14.316427083685987,-10.181512862527114,1,0.0,0.0,interior
T099,L,3106,T011,110,0,mapped,-21.31937284390868,13.965020057549944,-9.437552584327978,1,0.0,0.0,interior
T099,L,3107,T011,111,0,mapped,-21.116638605998517,13.60400614914036,-8.708674314668396,1,0.0,0.0,interior
T099,L,3108,T011,112,0,mapped,-20.92549484212159,13.246265269402313,-7.98161357886912,1,0.0,0.0,interior
T099,L,3109,T011,113,0,mapped,-20.781024046437842,12.9162159765247,-7.231123045892888,1,0.0,0.0,interior
T099,L,3110,T011,114,0,mapped,-20.74759001191838,12.64836953556365,-6.406090318332433,2,1.9860273225978185e-15,9.930136612989092e-16,shared_edge
T099,L,3111,T011,116,0,mapped,-24.912952330562447,18.734396645970097,-19.4697715781113,1,0.0,0.0,interior
T099,L,3112,T011,117,0,mapped,-24.714511499227783,18.201614906348105,-18.89349334243259,1,0.0,0.0,interior
T099,L,3113,T011,118,0,mapped,-24.493290785302698,17.662435318372303,-18.240643819003672,1,0.0,0.0,interior
T099,L,3114,T011,119,0,mapped,-24.249366453907996,17.133139360006446,-17.64466215239308,1,0.0,0.0,interior
T099,L,3115,T011,120,0,mapped,-23.98200493522746,16.757960231992403,-16.952391196811718,1,0.0,0.0,interior
T099,L,3116,T011,121,0,mapped,-23.738306186604497,16.510342266328244,-16.381433198128423,1,0.0,0.0,interior
T099,L,3117,T011,122,0,mapped,-23.503341210651204,16.27660834230892,-15.655599170318528,1,0.0,0.0,interior
T099,L,3118,T011,123,0,mapped,-23.151831818301563,16.00349733374309,-15.001318855257342,1,0.0,0.0,interior
T099,L,3119,T011,124,0,mapped,-22.81054750260914,15.748726977998652,-14.255108406437543,1,0.0,0.0,interior
T099,L,3120,T011,125,0,mapped,-22.479141641898376,15.536401553054896,-13.575222841006855,1,0.0,0.0,interior
T099,L,3121,T011,126,0,mapped,-22.197145890060526,15.303820206111586,-12.825342712389453,1,0.0,0.0,interior
T099,L,3122,T011,127,0,mapped,-21.968952610094174,15.057245663497199,-12.032433604251237,1,0.0,0.0,interior
T099,L,3123,T011,128,0,mapped,-21.686907583865448,14.774987129244852,-11.303278595280137,1,0.0,0.0,interior
T099,L,3124,T011,129,0,mapped,-21.424781191783424,14.450869632564643,-10.55599813835867,1,0.0,0.0,interior
T099,L,3125,T011,130,0,mapped,-21.196003043074114,14.101144985018157,-9.79979740453744,1,0.0,0.0,interior
T099,L,3126,T011,131,0,mapped,-20.969413520825583,13.735698444325998,-9.072820919701915,1,0.0,0.0,interior
T099,L,3127,T011,132,0,mapped,-20.754237660909073,13.361995104434902,-8.352605085758615,1,0.0,0.0,interior
T099,L,3128,T011,133,0,mapped,-20.55809559552512,12.99118451995885,-7.614324884502606,1,0.0,0.0,interior
T099,L,3129,T011,134,0,mapped,-20.45782400971555,12.662739225094299,-6.791736369990023,2,0.0,0.0,shared_edge
T099,L,3130,T011,136,0,mapped,-24.7629709935917,18.334148717604787,-19.119774296356805,1,0.0,0.0,interior
T099,L,3131,T011,137,0,mapped,-24.49400392274883,17.77695320891939,-18.526154365943828,1,0.0,0.0,interior
T099,L,3132,T011,138,0,mapped,-24.200513031945555,17.17992968712002,-17.966866360777026,1,0.0,0.0,interior
T099,L,3133,T011,139,0,mapped,-23.946252774064742,16.721557301858276,-17.25711692201945,1,0.0,0.0,interior
T099,L,3134,T011,140,0,mapped,-23.77462075456536,16.548420677206717,-16.492077810165,1,0.0,0.0,interior
T099,L,3135,T011,141,0,mapped,-23.4153744461683,16.2502275686374,-15.973350395438299,1,0.0,0.0,interior
T099,L,3136,T011,142,0,mapped,-23.110698013543647,16.03479891782943,-15.344334027017325,1,0.0,0.0,interior
T099,L,3137,T011,143,0,mapped,-22.722847810894628,15.785389765866585,-14.66316558799622,1,0.0,0.0,interior
T099,L,3138,T011,144,0,mapped,-22.389942474160755,15.586657503676626,-13.920975251729917,1,0.0,0.0,interior
T099,L,3139,T011,145,0,mapped,-22.061648427521614,15.38727424180313,-13.241650808977143,1,0.0,0.0,interior
T099,L,3140,T011,146,0,mapped,-21.843766476452053,15.163309399264532,-12.42849862039228,1,0.0,0.0,interior
T099,L,3141,T011,147,0,mapped,-21.58948371782627,14.900622582795876,-11.681254170738038,1,0.0,0.0,interior
T099,L,3142,T011,148,0,mapped,-21.312140916196704,14.58818285860673,-10.942197230850004,1,0.0,0.0,interior
T099,L,3143,T011,149,0,mapped,-21.074909434446692,14.238178741012105,-10.168736760713,1,0.0,0.0,interior
T099,L,3144,T011,150,0,mapped,-20.834521867726,13.873683012316413,-9.435346654052932,1,0.0,0.0,interior
T099,L,3145,T011,151,0,mapped,-20.60086747362198,13.493637540114536,-8.71978925322605,1,0.0,0.0,interior
T099,L,3146,T011,152,0,mapped,-20.375673523844824,13.10190798124082,-7.992426831793667,1,0.0,0.0,interior
T099,L,3147,T011,153,0,mapped,-20.22146125662505,12.726632691446097,-7.207113638715308,2,2.664535259100376e-15,1.3322676295501878e-15,shared_edge
T099,L,3148,T011,155,0,mapped,-24.526895530923838,17.889851109585823,-18.779559636303752,1,0.0,0.0,interior
T099,L,3149,T011,156,0,mapped,-24.258524245695867,17.334253730730758,-18.20140227029717,1,0.0,0.0,interior
T099,L,3150,T011,157,0,mapped,-23.981859656795045,16.815736281281524,-17.6008894687821,1,0.0,0.0,interior
T099,L,3151,T011,158,0,mapped,-23.787686494208174,16.575713586253915,-16.876985103897457,1,0.0,0.0,interior
T099,L,3152,T011,159,0,mapped,-23.40393273288938,16.24877371953402,-16.24562168952064,1,0.0,0.0,interior
T099,L,3153,T011,160,0,mapped,-23.097137634727602,16.049988478961406,-15.65730764895507,1,0.0,0.0,interior
T099,L,3154,T011,161,0,mapped,-22.66544312029294,15.800548358855801,-15.06072332322488,1,0.0,0.0,interior
T099,L,3155,T011,162,0,mapped,-22.256010461078105,15.593712161274144,-14.247323517624663,1,0.0,0.0,interior
T099,L,3156,T011,163,0,mapped,-21.946951572090306,15.449593437496661,-13.62701800376425,1,0.0,0.0,interior
T099,L,3157,T011,164,0,mapped,-21.68642700630476,15.250250148787051,-12.841065488263002,1,0.0,0.0,interior
T099,L,3158,T011,165,0,mapped,-21.470396003462994,15.021315772522891,-12.076702284475186,1,0.0,0.0,interior
T099,L,3159,T011,166,0,mapped,-21.191516071069366,14.727569667080694,-11.345616814511764,1,0.0,0.0,interior
T099,L,3160,T011,167,0,mapped,-20.946911370581642,14.37565483466442,-10.552091683265541,1,0.0,0.0,interior
T099,L,3161,T011,168,0,mapped,-20.706491555391693,14.014413495170354,-9.800672902208934,1,0.0,0.0,interior
T099,L,3162,T011,169,0,mapped,-20.454892408396837,13.633664738045228,-9.08501681883904,1,0.0,0.0,interior
T099,L,3163,T011,170,0,mapped,-20.228606352066535,13.239678506072758,-8.371078301426673,1,0.0,0.0,interior
T099,L,3164,T011,171,0,mapped,-19.920554954378208,12.776996613739081,-7.5687669139963445,2,4.3511678576336575e-15,2.1755839288168288e-15,shared_edge
T099,L,3165,T011,173,0,mapped,-24.314730861890624,17.48578980211969,-18.420997683168473,1,0.0,0.0,interior
T099,L,3166,T011,174,0,mapped,-23.977055572608315,16.896087623403133,-17.885359972783192,1,0.0,0.0,interior
T099,L,3167,T011,175,0,mapped,-23.71894339833014,16.486088062211387,-17.24807727214097,1,0.0,0.0,interior
T099,L,3168,T011,176,0,mapped,-23.368442178209854,16.200871715043814,-16.46409622564354,1,0.0,0.0,interior
T099,L,3169,T011,177,0,mapped,-23.094133343385508,16.04415027876758,-15.95733440272296,1,0.0,0.0,interior
T099,L,3170,T011,178,0,mapped,-22.587717779780363,15.766464796137525,-15.411625046970274,1,0.0,0.0,interior
T099,L,3171,T011,179,0,mapped,-22.19723727947573,15.601913758936737,-14.706445613132384,1,0.0,0.0,interior
T099,L,3172,T011,180,0,mapped,-21.916246347826686,15.487711037676144,-13.982509498571137,1,0.0,0.0,interior
T099,L,3173,T011,181,0,mapped,-21.52551424697687,15.313948056532269,-13.243027545369497,1,0.0,0.0,interior
T099,L,3174,T011,182,0,mapped,-21.32148680679741,15.127533958160292,-12.488631236624384,1,0.0,0.0,interior
T099,L,3175,T011,183,0,mapped,-21.067805930082955,14.871630372845999,-11.759627527806982,1,0.0,0.0,interior
T099,L,3176,T011,184,0,mapped,-20.80233985655313,14.517243973474157,-10.960761840364842,1,0.0,0.0,interior
T099,L,3177,T011,185,0,mapped,-20.57489780092273,14.154421121196739,-10.17413618715401,1,0.0,0.0,interior
T099,L,3178,T011,186,0,mapped,-20.314270059918243,13.778079127225178,-9.453350803213215,1,0.0,0.0,interior
T099,L,3179,T011,187,0,mapped,-20.069978085958898,13.382953209347905,-8.746864333686498,1,0.0,0.0,interior
T099,L,3180,T011,188,0,mapped,-19.82576135775218,12.950673451406058,-8.001110546067753,2,1.7763568394002505e-15,8.881784197001252e-16,shared_edge
T099,L,3181,T011,190,0,mapped,-23.947717364269096,16.939569655651795,-18.1518285141177,1,0.0,0.0,interior
T099,L,3182,T011,191,0,mapped,-23.708507533813474,16.507900494659232,-17.5974885850735,1,0.0,0.0,interior
T099,L,3183,T011,192,0,mapped,-23.48964383743055,16.28016350976389,-16.82357680375374,1,0.0,0.0,interior
T099,L,3184,T011,193,0,mapped,-23.061598822102667,15.990765754846013,-16.218105045732177,1,0.0,0.0,interior
T099,L,3185,T011,194,0,mapped,-22.56432368582793,15.721768248795586,-15.719634764857972,1,0.0,0.0,interior
T099,L,3186,T011,195,0,mapped,-22.22254207797308,15.599122824539254,-15.074038937681197,1,0.0,0.0,interior
T099,L,3187,T011,196,0,mapped,-21.915298846551934,15.506896478985835,-14.227414875397447,1,0.0,0.0,interior
T099,L,3188,T011,197,0,mapped,-21.39821291374087,15.34361332969874,-13.601629276049659,1,0.0,0.0,interior
T099,L,3189,T011,198,0,mapped,-21.150860354535723,15.207665547550123,-12.903697169785671,1,0.0,0.0,interior
T099,L,3190,T011,199,0,mapped,-20.921580945015794,14.993614503251104,-12.155636176680904,1,0.0,0.0,interior
T099,L,3191,T011,200,0,mapped,-20.637211013346807,14.673814130334259,-11.403245625226953,1,0.0,0.0,interior
T099,L,3192,T011,201,0,mapped,-20.432744456898213,14.292171707177518,-10.557732441828158,1,0.0,0.0,interior
T099,L,3193,T011,202,0,mapped,-20.173760754855945,13.923652891717877,-9.830416788011565,1,0.0,0.0,interior
T099,L,3194,T011,203,0,mapped,-19.899674778516705,13.52462839975674,-9.121704684413213,1,0.0,0.0,interior
T099,L,3195,T011,204,0,mapped,-19.717182837776,13.130069196536127,-8.420865227639847,2,1.9860273225978185e-15,9.930136612989092e-16,shared_edge
T099,L,3196,T011,206,0,mapped,-23.723923230634448,16.585589079022267,-17.844752964221986,1,0.0,0.0,interior
T099,L,3197,T011,207,0,mapped,-23.460905043948742,16.22502515604477,-17.16318611206504,1,0.0,0.0,interior
T099,L,3198,T011,208,0,mapped,-23.05736256139907,15.905873400064237,-16.532423970411703,1,0.0,0.0,interior
T099,L,3199,T011,209,0,mapped,-22.619748972415202,15.696766104292564,-16.011935298462003,1,0.0,0.0,interior
T099,L,3200,T011,210,0,mapped,-22.22917218115665,15.554104514463308,-15.438406978492166,1,0.0,0.0,interior
T099,L,3201,T011,211,0,mapped,-21.834230474539687,15.46721746186567,-14.637978609038159,1,0.0,0.0,interior
T099,L,3202,T011,212,0,mapped,-21.412667531840512,15.374922578379294,-13.882601532109357,1,0.0,0.0,interior
T099,L,3203,T011,213,0,mapped,-21.0124528398433,15.243521641366025,-13.277436797714707,1,0.0,0.0,interior
T099,L,3204,T011,214,0,mapped,-20.762144183438956,15.11073871091554,-12.584893247048019,1,0.0,0.0,interior
T099,L,3205,T011,215,0,mapped,-20.47449686906191,14.836158130123929,-11.844531859590012,1,0.0,0.0,interior
T099,L,3206,T011,216,0,mapped,-20.270757487172276,14.432957625129552,-10.961267447807113,1,0.0,0.0,interior
T099,L,3207,T011,217,0,mapped,-20.031829329251163,14.06847430252278,-10.211396018219318,1,0.0,0.0,interior
T099,L,3208,T011,218,0,mapped,-19.73936998314193,13.672168443219885,-9.506354912072837,1,0.0,0.0,interior
T099,L,3209,T011,219,0,mapped,-19.48839297190638,13.264840753237072,-8.820010209364726,2,2.5121479338940407e-15,1.2560739669470201e-15,shared_edge
T099,L,3210,T011,221,0,mapped,-23.444609940278717,16.205766366008948,-17.548536450180453,1,0.0,0.0,interior
T099,L,3211,T011,222,0,mapped,-23.101844905410452,15.883362674260674,-16.904459532575327,1,0.0,0.0,interior
T099,L,3212,T011,223,0,mapped,-22.534425926816436,15.570684407563917,-16.177012475119444,1,0.0,0.0,interior
T099,L,3213,T011,224,0,mapped,-22.32384099143058,15.511014963145739,-15.796796130214029,1,0.0,0.0,interior
T099,L,3214,T011,225,0,mapped,-21.819114980940263,15.406892165384253,-15.063019902297153,1,0.0,0.0,interior
T099,L,3215,T011,226,0,mapped,-21.504233130560895,15.366187183524165,-14.460732668172584,1,0.0,0.0,interior
T099,L,3216,T011,227,0,mapped,-20.946269011858423,15.268225527689648,-13.652004081351583,1,0.0,0.0,interior
T099,L,3217,T011,228,0,mapped,-20.58245942352859,15.188186301329353,-13.025543887646398,1,0.0,0.0,interior
T099,L,3218,T011,229,0,mapped,-20.343339627259926,14.979802966803152,-12.242893196547865,1,0.0,0.0,interior
T099,L,3219,T011,230,0,mapped,-20.084287172869058,14.586818107264206,-11.384554449734367,1,0.0,0.0,interior
T099,L,3220,T011,231,0,mapped,-19.88504398119721,14.210337631399872,-10.592531430262852,1,0.0,0.0,interior
T099,L,3221,T011,232,0,mapped,-19.59563250609404,13.826746672836029,-9.897155983382778,1,0.0,0.0,interior
T099,L,3222,T011,233,0,mapped,-19.196212714984583,13.357255207778367,-9.19323848325303,2,1.7763568394002505e-15,8.881784197001252e-16,shared_edge
T099,L,3223,T011,235,0,mapped,-23.095928824350715,15.846188456074216,-17.23640028840529,1,0.0,0.0,interior
T099,L,3224,T011,236,0,mapped,-22.701855096033746,15.594503467178583,-16.536385286819065,1,0.0,0.0,interior
T099,L,3225,T011,237,0,mapped,-22.20647722583739,15.356183080604612,-15.953383746554978,1,0.0,0.0,interior
T099,L,3226,T011,238,0,mapped,-21.876092364397334,15.345378848155296,-15.401443805408743,1,0.0,0.0,interior
T099,L,3227,T011,239,0,mapped,-21.478517444139676,15.30052729331257,-14.818389526371103,1,0.0,0.0,interior
T099,L,3228,T011,240,0,mapped,-20.936497113539488,15.275477000465079,-14.142198175603438,1,0.0,0.0,interior
T099,L,3229,T011,241,0,mapped,-20.494293878604253,15.204118608706063,-13.42039294530115,1,0.0,0.0,interior
T099,L,3230,T011,242,0,mapped,-20.164971009327587,15.083739928483576,-12.600628999165753,1,0.0,0.0,interior
T099,L,3231,T011,243,0,mapped,-19.87825329385086,14.756082357443946,-11.837856560038983,1,0.0,0.0,interior
T099,L,3232,T011,244,0,mapped,-19.72499864772204,14.351195749233563,-10.972007556960623,1,0.0,0.0,interior
T099,L,3233,T011,245,0,mapped,-19.44669755796294,13.975519579325551,-10.287971359097156,1,0.0,0.0,interior
T099,L,3234,T011,246,0,mapped,-19.10009143780254,13.545377066357682,-9.6249549072899,2,1.7763568394002505e-15,8.881784197001252e-16,shared_edge
T099,L,3235,T011,248,0,mapped,-22.832729714211006,15.619900213244907,-16.87684325345093,1,0.0,0.0,interior
T099,L,3236,T011,249,0,mapped,-22.274124953031723,15.329287561685817,-16.176903777097237,1,0.0,0.0,interior
T099,L,3237,T011,250,0,mapped,-21.87295896090785,15.195577656631794,-15.781591017488998,1,0.0,0.0,interior
T099,L,3238,T011,251,0,mapped,-21.430717258978763,15.219971136098374,-15.065514854889226,1,0.0,0.0,interior
T099,L,3239,T011,252,0,mapped,-20.955688961649216,15.225545549534246,-14.505974054316525,1,0.0,0.0,interior
T099,L,3240,T011,253,0,mapped,-20.365870897065673,15.173717716759981,-13.852139355256691,1,0.0,0.0,interior
T099,L,3241,T011,254,0,mapped,-19.953555890887642,15.171217810343013,-13.07189359159054,1,0.0,0.0,interior
T099,L,3242,T011,255,0,mapped,-19.69392562354684,14.925954471347904,-12.269924667891512,1,0.0,0.0,interior
T099,L,3243,T011,256,0,mapped,-19.52702388651312,14.504997354406676,-11.374397071335043,1,0.0,0.0,interior
T099,L,3244,T011,257,0,mapped,-19.3016568989852,14.125534720460754,-10.68402807043741,1,0.0,0.0,interior
T099,L,3245,T011,258,0,mapped,-18.884395911682958,13.669853098315341,-10.017359827921283,2,1.2560739669470201e-15,6.280369834735102e-16,shared_edge
T099,L,3246,T011,260,0,mapped,-22.393541174053674,15.328212938292573,-16.517227829939728,1,0.0,0.0,interior
T099,L,3247,T011,261,0,mapped,-21.90347259746768,15.130718903170099,-15.98131853942581,1,0.0,0.0,interior
T099,L,3248,T011,262,0,mapped,-21.41165792254479,15.069739679314676,-15.458464631582448,1,0.0,0.0,interior
T099,L,3249,T011,263,0,mapped,-20.959557645999528,15.113671304436892,-14.848026652875843,1,0.0,0.0,interior
T099,L,3250,T011,264,0,mapped,-20.42389694455314,15.130350261840814,-14.278501735773885,1,0.0,0.0,interior
T099,L,3251,T011,265,0,mapped,-19.892615327839927,15.137248640550443,-13.562614868172417,1,0.0,0.0,interior
T099,L,3252,T011,266,0,mapped,-19.473368439846375,15.060515282555697,-12.74177882821123,1,0.0,0.0,interior
T099,L,3253,T011,267,0,mapped,-19.309888812355087,14.676776041011557,-11.826118254716466,1,0.0,0.0,interior
T099,L,3254,T011,268,0,mapped,-19.140837310556886,14.272261397068956,-11.076428671626207,1,0.0,0.0,interior
T099,L,3255,T011,269,0,mapped,-18.708728882392478,13.792436152932,-10.403196500262638,2,1.2560739669470201e-15,6.280369834735102e-16,shared_edge
T099,L,3256,T011,271,0,mapped,-21.944855309734972,15.098025981496889,-16.132110022374494,1,0.0,0.0,interior
T099,L,3257,T011,272,0,mapped,-21.48789439216924,14.987417092676761,-15.731335797758735,1,0.0,0.0,interior
T099,L,3258,T011,273,0,mapped,-21.006652837115404,14.994111234734522,-15.235794652605513,1,0.0,0.0,interior
T099,L,3259,T011,274,0,mapped,-20.501482676977076,15.08257184470461,-14.558506758501947,1,0.0,0.0,interior
T099,L,3260,T011,275,0,mapped,-19.903217774928727,15.082289254902086,-13.91182035070452,1,0.0,0.0,interior
T099,L,3261,T011,276,0,mapped,-19.40405470645389,15.08971265113096,-13.212205306774825,1,0.0,0.0,interior
T099,L,3262,T011,277,0,mapped,-19.09032537041262,14.844680074938063,-12.357834055568166,1,0.0,0.0,interior
T099,L,3263,T011,278,0,mapped,-18.951866269780076,14.41754131820296,-11.478598135098537,1,0.0,0.0,interior
T099,L,3264,T011,279,0,mapped,-18.66391564769191,13.991994987748932,-10.839395630742889,2,9.930136612989092e-16,4.965068306494546e-16,shared_edge
T099,L,3265,T011,281,0,mapped,-21.518452177294783,14.891491904209257,-15.942926307391465,1,0.0,0.0,interior
T099,L,3266,T011,282,0,mapped,-21.029493581475297,14.87276684657035,-15.521301841157102,1,0.0,0.0,interior
T099,L,3267,T011,283,0,mapped,-20.413176281029095,14.8749879574044,-14.959760095854492,1,0.0,0.0,interior
T099,L,3268,T011,284,0,mapped,-19.9041369869985,14.975099403354484,-14.338985483514987,1,0.0,0.0,interior
T099,L,3269,T011,285,0,mapped,-19.395641960412796,15.01135121045932,-13.661958902249856,1,0.0,0.0,interior
T099,L,3270,T011,286,0,mapped,-18.93568416497809,14.939239007577742,-12.807602439205326,1,0.0,0.0,interior
T099,L,3271,T011,287,0,mapped,-18.734154501299916,14.558830568581573,-11.93447828713617,1,0.0,0.0,interior
T099,L,3272,T011,288,0,mapped,-18.492902290356067,14.139566917260199,-11.25436835274988,2,3.896867001259407e-15,1.9484335006297032e-15,shared_edge
T099,L,3273,T011,290,0,mapped,-21.020774005563258,14.697449805871472,-15.753270234919484,1,0.0,0.0,interior
T099,L,3274,T011,291,0,mapped,-20.488897342209356,14.750096585504131,-15.24410163064863,1,0.0,0.0,interior
T099,L,3275,T011,292,0,mapped,-19.9325718980569,14.830708608377483,-14.702123418140742,1,0.0,0.0,interior
T099,L,3276,T011,293,0,mapped,-19.369551237209187,14.873115318426473,-14.081121538842748,1,0.0,0.0,interior
T099,L,3277,T011,294,0,mapped,-18.92654322891737,14.895615931158904,-13.370245286623314,1,0.0,0.0,interior
T099,L,3278,T011,295,0,mapped,-18.54665365068545,14.706140750084352,-12.46312974828805,1,0.0,0.0,interior
T099,L,3279,T011,296,0,mapped,-18.331143084468813,14.281277698959574,-11.668157699767809,2,1.9860273225978185e-15,9.930136612989092e-16,shared_edge
T099,L,3280,T011,298,0,mapped,-20.52393419679398,14.508789366965905,-15.618406666793442,1,0.0,0.0,interior
T099,L,3281,T011,299,0,mapped,-19.94360169788872,14.6659248436124,-14.99256467365457,1,0.0,0.0,interior
T099,L,3282,T011,300,0,mapped,-19.41715641319559,14.689095715320422,-14.493351437482895,1,0.0,0.0,interior
T099,L,3283,T011,301,0,mapped,-18.911691868504022,14.7221183260248,-13.844504871273841,1,0.0,0.0,interior
T099,L,3284,T011,302,0,mapped,-18.430630193617276,14.73064270975249,-12.977536458365908,1,0.0,0.0,interior
T099,L,3285,T011,303,0,mapped,-18.114767308975456,14.363907263170914,-12.085841674831988,2,2.664535259100376e-15,1.3322676295501878e-15,shared_edge
T099,L,3286,T011,305,0,mapped,-19.895680093537937,14.396950846584822,-15.301349966728978,1,0.0,0.0,interior
T099,L,3287,T011,306,0,mapped,-19.416217327584015,14.550758192307441,-14.736680866036586,1,0.0,0.0,interior
T099,L,3288,T011,307,0,mapped,-18.93334844372908,14.565717063827243,-14.170388825167278,1,0.0,0.0,interior
T099,L,3289,T011,308,0,mapped,-18.4704994722823,14.588626637539797,-13.477637761477148,1,0.0,0.0,interior
T099,L,3290,T011,309,0,mapped,-17.99565700832137,14.43799438335321,-12.542669124573248,2,1.2560739669470201e-15,6.280369834735102e-16,shared_edge
T099,L,3291,T011,311,0,mapped,-19.41796781247841,14.235764756674536,-15.153384025926144,1,0.0,0.0,interior
T099,L,3292,T011,312,0,mapped,-18.98246878864343,14.462390480550072,-14.41887158516977,1,0.0,0.0,interior
T099,L,3293,T011,313,0,mapped,-18.464958462723338,14.395381001986582,-13.892649496628382,1,0.0,0.0,interior
T099,L,3294,T011,314,0,mapped,-17.969989033156537,14.401230026097933,-13.019199868487984,2,8.881784197001252e-16,4.440892098500626e-16,shared_edge
T099,L,3295,T011,316,0,mapped,-18.911249004791678,14.199196816380454,-14.75180356734055,1,0.0,0.0,interior
T099,L,3296,T011,317,0,mapped,-18.48023107149685,14.256774237955337,-14.17011758550629,1,0.0,0.0,interior
T099,L,3297,T011,318,0,mapped,-18.003481789488085,14.247100647937799,-13.473250839135307,2,1.790180836524724e-15,8.95090418262362e-16,shared_edge
T099,L,3298,T011,320,0,mapped,-18.362743540616332,13.971832471774936,-14.470845316895419,1,0.0,0.0,interior
T099,L,3299,T011,321,0,mapped,-18.055622394321556,14.072665908869425,-13.915269622966697,2,1.790180836524724e-15,8.95090418262362e-16,shared_edge
T099,L,3300,T011,323,0,mapped,-18.084962976412886,13.831743738164757,-14.332079121956781,2,1.8024035702895147e-15,9.012017851447574e-16,shared_edge
T099,L,3301,T013,1,0,mapped,-10.545113726927514,12.15574979414158,-12.727582322900282,2,1.0415131800838489,0.5207565900419244,shared_edge
T099,L,3302,T013,2,0,mapped,-10.382857462735378,11.562234500159205,-12.067944505158241,2,1.1755682367982865,0.5877841183991431,shared_edge
T099,L,3303,T013,3,0,mapped,-10.224663499766153,11.088366339831653,-11.337160665043001,2,0.9891267253377948,0.4945633626688974,shared_edge
T099,L,3304,T013,4,0,mapped,-10.075113892139951,10.822380015268234,-10.49063523233487,2,0.6263474253684074,0.3131737126842037,shared_edge
T099,L,3305,T013,5,0,mapped,-9.736446067954446,10.407481862144198,-9.85198646684992,2,0.2754001620163685,0.1377000810081842,shared_edge
T099,L,3306,T012,6,0,mapped,-9.498432373701313,10.031501589974935,-9.136764032395103,2,0.0,0.0,shared_edge
T099,L,3307,T012,7,0,mapped,-9.274927830573088,9.563907622709635,-8.456270002780727,2,0.0,0.0,shared_edge
T099,L,3308,T012,8,0,mapped,-9.320082236170988,9.288031555360888,-7.64647237865974,2,0.0,0.0,shared_edge
T099,L,3309,T012,9,0,mapped,-9.596719759922163,8.895687725679563,-7.056723808448005,2,0.0,0.0,shared_edge
T099,L,3310,T012,10,0,mapped,-10.09770635578171,8.645092377454692,-6.385404222836025,2,5.3290705182007506e-15,2.664535259100376e-15,shared_edge
T099,L,3311,T012,11,0,mapped,-10.785345824475277,8.456124381036739,-5.8983481814817065,2,1.7798229048217487e-15,8.899114524108741e-16,shared_edge
T099,L,3312,T012,12,0,mapped,-11.674452653306112,8.493851374652444,-5.777645035034297,2,0.0,0.0,shared_edge
T099,L,3313,T012,13,0,mapped,-12.529188382899335,8.769240550320793,-5.666760500776759,2,0.0,0.0,shared_edge
T099,L,3314,T012,14,0,mapped,-13.324908981740757,9.185839616558543,-5.566984416877133,2,0.0,0.0,shared_edge
T099,L,3315,T012,15,0,mapped,-14.13258487420526,9.58133151943849,-5.465119570126721,2,0.0,0.0,shared_edge
T099,L,3316,T012,16,0,mapped,-14.925112865601275,9.98652543567459,-5.440096808991047,2,0.0,0.0,shared_edge
T099,L,3317,T012,17,0,mapped,-15.760006082748703,10.275995318668706,-5.483601310343804,2,1.7763568394002505e-15,8.881784197001252e-16,shared_edge
T099,L,3318,T012,18,0,mapped,-16.57429923028271,10.643050851210104,-5.356187973340035,2,0.0,0.0,shared_edge
T099,L,3319,T012,19,0,mapped,-17.40133524760451,10.991474892648231,-5.250662940119362,2,0.0,0.0,shared_edge
T099,L,3320,T012,20,0,mapped,-18.239148086838757,11.31604464049366,-5.143151014231725,2,8.881784197001252e-16,4.440892098500626e-16,shared_edge
T099,L,3321,T012,21,0,mapped,-19.04528047077704,11.71005497578703,-5.0414651978044205,2,0.0,0.0,shared_edge
T099,L,3322,T012,22,0,mapped,-19.879853411866637,12.024909773574278,-4.9279172818604025,2,0.0,0.0,shared_edge
T099,L,3323,T013,23,0,mapped,-20.69732279375124,12.395750666247828,-4.830452229286459,2,0.1435513162500091,0.0717756581250045,shared_edge
T099,L,3324,T012,25,2,smooth_near_vertex,-10.28247959461463,11.87085576833996,-11.766304333391853,1,0.0,0.0,interior
T099,L,3325,T012,26,2,smooth_near_vertex,-10.092916144314039,11.406424033384994,-11.112458423667825,1,0.0,0.0,interior
T099,L,3326,T012,27,3,smooth_internal,-9.939432711185535,11.029218018518923,-10.57996802287866,1,0.0,0.0,interior
T099,L,3327,T012,28,3,smooth_internal,-9.815907196154615,10.722885635901251,-10.145010938841931,1,0.0,0.0,interior
T099,L,3328,T012,29,3,smooth_internal,-9.715641479917943,10.464620460177668,-9.774258017378838,1,0.0,0.0,interior
T099,L,3329,T012,30,0,mapped,-9.662557675339304,10.266413934282218,-9.482023052707039,1,0.0,0.0,interior
T099,L,3330,T012,31,0,mapped,-9.38624332643177,9.830884591033847,-8.826447283699398,1,0.0,0.0,interior
T099,L,3331,T012,32,0,mapped,-9.270879577311087,9.435184279330024,-8.110010043008556,1,0.0,0.0,interior
T099,L,3332,T012,33,0,mapped,-9.39886723262776,9.175508405589653,-7.321335530856253,1,0.0,0.0,interior
T099,L,3333,T012,34,0,mapped,-9.852316080568766,8.762331074231886,-6.701631444365088,1,0.0,0.0,interior
T099,L,3334,T012,35,0,mapped,-10.371628565706754,8.511030239257153,-6.1665660582292485,1,0.0,0.0,interior
T099,L,3335,T012,36,0,mapped,-11.220523678976384,8.37459740397462,-5.918821778060849,1,0.0,0.0,interior
T099,L,3336,T012,37,0,mapped,-12.059287996200078,8.595187365932054,-5.771771033809584,1,0.0,0.0,interior
T099,L,3337,T012,38,0,mapped,-12.93200298300367,8.922148663288143,-5.67712363984808,1,0.0,0.0,interior
T099,L,3338,T012,39,0,mapped,-13.691115900806379,9.355224904794964,-5.543666815998883,1,0.0,0.0,interior
T099,L,3339,T012,40,0,mapped,-14.484683350598962,9.76355940137248,-5.47116541890353,1,0.0,0.0,interior
T099,L,3340,T012,41,0,mapped,-15.309921525759089,10.076539441580223,-5.553331585632684,1,0.0,0.0,interior
T099,L,3341,T012,42,0,mapped,-16.137730071128715,10.438023731097292,-5.452281406945614,1,0.0,0.0,interior
T099,L,3342,T012,43,0,mapped,-16.95622900499059,10.800088347499308,-5.354113362835044,1,0.0,0.0,interior
T099,L,3343,T012,44,0,mapped,-17.788700372789332,11.118083810910335,-5.22204822297704,1,0.0,0.0,interior
T099,L,3344,T012,45,0,mapped,-18.618601957348208,11.467441045763305,-5.163784381151357,1,0.0,0.0,interior
T099,L,3345,T012,46,0,mapped,-19.432757575636657,11.84667634526499,-5.03544965470998,1,0.0,0.0,interior
T099,L,3346,T012,47,0,mapped,-20.2569620372048,12.224934061233311,-4.957208306036238,1,0.0,0.0,interior
T099,L,3347,T015,48,0,mapped,-21.070173985937103,12.513527179420823,-4.794146225544438,2,0.459321992941515,0.2296609964707575,shared_edge
T099,L,3348,T012,49,2,smooth_near_vertex,-10.05673239573354,11.319197675581725,-10.991477270602878,1,0.0,0.0,interior
T099,L,3349,T012,50,3,smooth_internal,-9.943574798650399,11.04235341783005,-10.602035995692656,1,0.0,0.0,interior
T099,L,3350,T012,51,3,smooth_internal,-9.83523223442655,10.776616236153568,-10.22679146052555,1,0.0,0.0,interior
T099,L,3351,T012,52,3,smooth_internal,-9.736429736005935,10.533481555796541,-9.881456657614951,1,0.0,0.0,interior
T099,L,3352,T012,53,3,smooth_internal,-9.643573127919955,10.306705149192835,-9.556524449217319,1,0.0,0.0,interior
T099,L,3353,T012,54,0,mapped,-9.523414606796024,10.065998983768583,-9.203634837428996,1,0.0,0.0,interior
T099,L,3354,T012,55,0,mapped,-9.275930549725397,9.5993327429631,-8.545039642625412,1,0.0,0.0,interior
T099,L,3355,T012,56,0,mapped,-9.309566704971557,9.280756234160389,-7.751112950587237,1,0.0,0.0,interior
T099,L,3356,T012,57,0,mapped,-9.548313221211975,8.880358033946136,-7.160172270646438,1,0.0,0.0,interior
T099,L,3357,T012,58,0,mapped,-10.080004592926976,8.581521957657337,-6.511964348830141,1,0.0,0.0,interior
T099,L,3358,T012,59,0,mapped,-10.706669260013667,8.352662987388035,-6.090195513499605,1,0.0,0.0,interior
T099,L,3359,T012,60,0,mapped,-11.623467834122975,8.411148142549962,-5.898171228936988,1,0.0,0.0,interior
T099,L,3360,T012,61,0,mapped,-12.412736986636252,8.65876203561771,-5.785035041787067,1,0.0,0.0,interior
T099,L,3361,T012,62,0,mapped,-13.246837542871782,9.088044430630775,-5.6790152401016485,1,0.0,0.0,interior
T099,L,3362,T012,63,0,mapped,-14.069462691575863,9.493992645306117,-5.5789424383693,1,0.0,0.0,interior
T099,L,3363,T012,64,0,mapped,-14.930762409979236,9.953123990386455,-5.506380320238565,1,0.0,0.0,interior
T099,L,3364,T012,65,0,mapped,-15.737776407835831,10.234678108584525,-5.553067145267386,1,0.0,0.0,interior
T099,L,3365,T012,66,0,mapped,-16.510385271671847,10.576429297258613,-5.453828367962263,1,0.0,0.0,interior
T099,L,3366,T012,67,0,mapped,-17.342294526617383,10.947027284341289,-5.321365232923267,1,0.0,0.0,interior
T099,L,3367,T012,68,0,mapped,-18.191847333354026,11.268071455290805,-5.271629133662147,1,0.0,0.0,interior
T099,L,3368,T012,69,0,mapped,-18.972461571102176,11.662133306388064,-5.130066654932975,1,0.0,0.0,interior
T099,L,3369,T012,70,0,mapped,-19.816655126807124,12.009395718214433,-5.040650335619448,1,0.0,0.0,interior
T099,L,3370,T015,71,0,mapped,-20.586631621197835,12.360239751028676,-4.8448154470817215,2,0.4159776469330969,0.2079888234665484,shared_edge
T099,L,3371,T012,72,3,smooth_internal,-9.907139326935217,10.955187134032926,-10.48235539469926,1,0.0,0.0,interior
T099,L,3372,T012,73,3,smooth_internal,-9.828682336956433,10.764319837015277,-10.21475049942979,1,0.0,0.0,interior
T099,L,3373,T012,74,3,smooth_internal,-9.746158623073597,10.564535314797824,-9.933466801846706,1,0.0,0.0,interior
T099,L,3374,T012,75,3,smooth_internal,-9.661161915267588,10.363354024891972,-9.649650686558733,1,0.0,0.0,interior
T099,L,3375,T012,76,3,smooth_internal,-9.561784209379779,10.145282356174137,-9.34661398533516,1,0.0,0.0,interior
T099,L,3376,T012,77,0,mapped,-9.38990024032107,9.801493044979523,-8.924118376418248,1,0.0,0.0,interior
T099,L,3377,T012,78,0,mapped,-9.262663101665993,9.385378746081638,-8.234498255121533,1,0.0,0.0,interior
T099,L,3378,T012,79,0,mapped,-9.379655227941937,9.115140037449184,-7.458532107054952,1,0.0,0.0,interior
T099,L,3379,T012,80,0,mapped,-9.827317147512296,8.637628133762608,-6.874694696611989,1,0.0,0.0,interior
T099,L,3380,T012,81,0,mapped,-10.404068381612335,8.367171059562335,-6.334972884215741,1,0.0,0.0,interior
T099,L,3381,T012,82,0,mapped,-11.182557973321254,8.279079471608137,-6.059847146297953,1,0.0,0.0,interior
T099,L,3382,T012,83,0,mapped,-11.975946759033455,8.51205001490251,-5.867528134776338,1,0.0,0.0,interior
T099,L,3383,T012,84,0,mapped,-12.88979819204805,8.854575463761396,-5.762148903820055,1,0.0,0.0,interior
T099,L,3384,T012,85,0,mapped,-13.6765521574848,9.299919852691795,-5.667699899207106,1,0.0,0.0,interior
T099,L,3385,T012,86,0,mapped,-14.415303190457873,9.664093087205911,-5.588473099708072,1,0.0,0.0,interior
T099,L,3386,T012,87,0,mapped,-15.251920272768032,10.01863926944433,-5.631398228977924,1,0.0,0.0,interior
T099,L,3387,T012,88,0,mapped,-16.02986937474824,10.35148134197945,-5.545550099473939,1,0.0,0.0,interior
T099,L,3388,T012,89,0,mapped,-16.92205542312801,10.75036662123089,-5.433930438345863,1,0.0,0.0,interior
T099,L,3389,T012,90,0,mapped,-17.737578389622627,11.06730266444822,-5.324045168564002,1,0.0,0.0,interior
T099,L,3390,T012,91,0,mapped,-18.543465686670604,11.414017790939807,-5.2819168442306275,1,0.0,0.0,interior
T099,L,3391,T012,92,0,mapped,-19.35561900315314,11.825568462509883,-5.125509474885941,1,0.0,0.0,interior
T099,L,3392,T012,93,0,mapped,-20.209109695921633,12.20749629393493,-5.095025987341362,2,1.7763568394002505e-15,8.881784197001252e-16,shared_edge
T099,L,3393,T012,94,3,smooth_internal,-9.798658923599003,10.692693044577927,-10.118103378009838,1,0.0,0.0,interior
T099,L,3394,T012,95,3,smooth_internal,-9.740015731173598,10.551374588449477,-9.921332686192816,1,0.0,0.0,interior
T099,L,3395,T012,96,3,smooth_internal,-9.674333831305166,10.395431407465875,-9.703135662637692,1,0.0,0.0,interior
T099,L,3396,T012,97,3,smooth_internal,-9.603963757390467,10.232938057885221,-9.474259308793282,1,0.0,0.0,interior
T099,L,3397,T012,98,0,mapped,-9.548396839890735,10.100496377562235,-9.27050564246289,1,0.0,0.0,interior
T099,L,3398,T012,99,0,mapped,-9.284798844108673,9.63797261613611,-8.605712281720102,1,0.0,0.0,interior
T099,L,3399,T012,100,0,mapped,-9.30208372186897,9.276044739123794,-7.828535120386893,1,0.0,0.0,interior
T099,L,3400,T012,101,0,mapped,-9.50883097495623,8.884321371735325,-7.2409951097521255,1,0.0,0.0,interior
T099,L,3401,T012,102,0,mapped,-10.059016618876067,8.55314236635145,-6.587554364826399,1,0.0,0.0,interior
T099,L,3402,T012,103,0,mapped,-10.663325883184875,8.325857724589325,-6.164261181271213,1,0.0,0.0,interior
T099,L,3403,T012,104,0,mapped,-11.581711350900722,8.362576523923702,-5.976440801406229,1,0.0,0.0,interior
T099,L,3404,T012,105,0,mapped,-12.343117297316848,8.56975589470701,-5.895616675897136,1,0.0,0.0,interior
T099,L,3405,T012,106,0,mapped,-13.211831416752084,9.009949708946056,-5.796624470418923,1,0.0,0.0,interior
T099,L,3406,T012,107,0,mapped,-13.926826839379498,9.393456638524436,-5.669006685479648,1,0.0,0.0,interior
T099,L,3407,T012,108,0,mapped,-14.859578595125207,9.872337626982608,-5.600036337679565,1,0.0,0.0,interior
T099,L,3408,T012,109,0,mapped,-15.70339814232226,10.166730551827579,-5.668120388410136,1,0.0,0.0,interior
T099,L,3409,T012,110,0,mapped,-16.441038812127072,10.510470841290257,-5.545143947198184,1,0.0,0.0,interior
T099,L,3410,T012,111,0,mapped,-17.248831913944123,10.880903804890709,-5.409563701019046,1,0.0,0.0,interior
T099,L,3411,T012,112,0,mapped,-18.115146920682893,11.211624780772414,-5.388215285921397,1,0.0,0.0,interior
T099,L,3412,T012,113,0,mapped,-18.893193743953233,11.595659119822878,-5.26552291974178,1,0.0,0.0,interior
T099,L,3413,T012,114,0,mapped,-19.74941883865524,11.991366129002955,-5.153195808577035,2,5.617333549722722e-15,2.808666774861361e-15,shared_edge
T099,L,3414,T012,115,3,smooth_internal,-9.717916290846091,10.497770633794989,-9.851010800963913,1,0.0,0.0,interior
T099,L,3415,T012,116,3,smooth_internal,-9.673155765233584,10.390640384783696,-9.703534498469622,1,0.0,0.0,interior
T099,L,3416,T012,117,3,smooth_internal,-9.620642649652005,10.26757196693454,-9.53353020433499,1,0.0,0.0,interior
T099,L,3417,T012,118,3,smooth_internal,-9.556959999093399,10.12428300582614,-9.340428984704324,1,0.0,0.0,interior
T099,L,3418,T012,119,0,mapped,-9.406420340345457,9.823547525710277,-8.998673607280242,1,0.0,0.0,interior
T099,L,3419,T012,120,0,mapped,-9.25599089327171,9.34270198758591,-8.354778598659,1,0.0,0.0,interior
T099,L,3420,T012,121,0,mapped,-9.36899754724335,9.053751286334796,-7.585544731128998,1,0.0,0.0,interior
T099,L,3421,T012,122,0,mapped,-9.7471443673132,8.58364141246798,-7.031641995352233,1,0.0,0.0,interior
T099,L,3422,T012,123,0,mapped,-10.330188367343638,8.348884255768006,-6.453761390711053,1,0.0,0.0,interior
T099,L,3423,T012,124,0,mapped,-11.08175351295178,8.241794378144872,-6.130457727733061,1,0.0,0.0,interior
T099,L,3424,T012,125,0,mapped,-11.89313978515287,8.430443288097852,-5.961152346606951,1,0.0,0.0,interior
T099,L,3425,T012,126,0,mapped,-12.79409810339672,8.751841636606914,-5.86139538702929,1,0.0,0.0,interior
T099,L,3426,T012,127,0,mapped,-13.552836520259792,9.205017832967732,-5.771777542563845,1,0.0,0.0,interior
T099,L,3427,T012,128,0,mapped,-14.360018885894132,9.572989329583043,-5.716985061416336,1,0.0,0.0,interior
T099,L,3428,T012,129,0,mapped,-15.200741117460124,9.968292792703082,-5.704284153179092,1,0.0,0.0,interior
T099,L,3429,T012,130,0,mapped,-15.990588617040563,10.292378880162534,-5.642560936703672,1,0.0,0.0,interior
T099,L,3430,T012,131,0,mapped,-16.90514686005644,10.710561216486564,-5.507727387658063,1,0.0,0.0,interior
T099,L,3431,T012,132,0,mapped,-17.694001851718866,11.020575997390944,-5.4362867046066015,1,0.0,0.0,interior
T099,L,3432,T012,133,0,mapped,-18.48502426366009,11.390216689544296,-5.40260682495634,1,0.0,0.0,interior
T099,L,3433,T012,134,0,mapped,-19.278242727992208,11.802357687852208,-5.213519750463554,2,2.5121479338940407e-15,1.2560739669470201e-15,shared_edge
T099,L,3434,T012,135,3,smooth_internal,-9.659060170291863,10.354512817644064,-9.658469656370855,1,0.0,0.0,interior
T099,L,3435,T012,136,3,smooth_internal,-9.62598926822547,10.274833533640162,-9.550445965187016,1,0.0,0.0,interior
T099,L,3436,T012,137,3,smooth_internal,-9.588788672444021,10.185708065003059,-9.427143444567584,1,0.0,0.0,interior
T099,L,3437,T012,138,0,mapped,-9.573271422644416,10.134771942058494,-9.337533178017363,1,0.0,0.0,interior
T099,L,3438,T012,139,0,mapped,-9.294871872720881,9.64515033030685,-8.668924771053508,1,0.0,0.0,interior
T099,L,3439,T012,140,0,mapped,-9.290145676385311,9.250908899481315,-7.956252314246744,1,0.0,0.0,interior
T099,L,3440,T012,141,0,mapped,-9.473376238862105,8.859026990073557,-7.354333739725439,1,0.0,0.0,interior
T099,L,3441,T012,142,0,mapped,-10.033673742661602,8.480089571003358,-6.69226659417747,1,0.0,0.0,interior
T099,L,3442,T012,143,0,mapped,-10.622117831906612,8.27615474322076,-6.272500868907146,1,0.0,0.0,interior
T099,L,3443,T012,144,0,mapped,-11.455682657154332,8.279171062381396,-6.102617331651487,1,0.0,0.0,interior
T099,L,3444,T012,145,0,mapped,-12.266021344738098,8.49908533034083,-5.97727796405656,1,0.0,0.0,interior
T099,L,3445,T012,146,0,mapped,-13.141312117655515,8.896411856521523,-5.9568228527720954,1,0.0,0.0,interior
T099,L,3446,T012,147,0,mapped,-13.919845304902996,9.336463020675836,-5.8270005207679905,1,0.0,0.0,interior
T099,L,3447,T012,148,0,mapped,-14.797753742046043,9.790368824087997,-5.734770481553296,1,0.0,0.0,interior
T099,L,3448,T012,149,0,mapped,-15.591087847954281,10.106851798325494,-5.704236298926988,1,0.0,0.0,interior
T099,L,3449,T012,150,0,mapped,-16.37995072146848,10.45736488620089,-5.623815950962893,1,0.0,0.0,interior
T099,L,3450,T012,151,0,mapped,-17.122800311839597,10.793469656085296,-5.515416282499407,1,0.0,0.0,interior
T099,L,3451,T012,152,0,mapped,-18.02300352324798,11.161442837180346,-5.465350956884771,1,0.0,0.0,interior
T099,L,3452,T012,153,0,mapped,-18.860945594698414,11.58444223361518,-5.365691530469983,2,0.0,0.0,shared_edge
T099,L,3453,T012,154,3,smooth_internal,-9.618560713666078,10.253319846988159,-9.526808465756304,1,0.0,0.0,interior
T099,L,3454,T012,155,3,smooth_internal,-9.595006486134567,10.19551490260183,-9.450766200412104,1,0.0,0.0,interior
T099,L,3455,T012,156,3,smooth_internal,-9.560454292019433,10.116292660794358,-9.348785409043462,1,0.0,0.0,interior
T099,L,3456,T012,157,0,mapped,-9.426284485455941,9.859847490967264,-9.066795519523923,1,0.0,0.0,interior
T099,L,3457,T012,158,0,mapped,-9.251286250135523,9.363510404258182,-8.430183533459537,1,0.0,0.0,interior
T099,L,3458,T012,159,0,mapped,-9.357687974037395,9.00266184705494,-7.69002605717509,1,0.0,0.0,interior
T099,L,3459,T012,160,0,mapped,-9.686401663749525,8.545184520777948,-7.163662952292551,1,0.0,0.0,interior
T099,L,3460,T012,161,0,mapped,-10.247993833708634,8.314602488126093,-6.596777246249909,1,0.0,0.0,interior
T099,L,3461,T012,162,0,mapped,-11.009800002941233,8.184416153904635,-6.2457889326068425,1,0.0,0.0,interior
T099,L,3462,T012,163,0,mapped,-11.837740039391827,8.361556714252202,-6.04986459728071,1,0.0,0.0,interior
T099,L,3463,T012,164,0,mapped,-12.704815074835617,8.611532448955717,-6.018896042724087,1,0.0,0.0,interior
T099,L,3464,T012,165,0,mapped,-13.476806681460499,9.137315960187314,-5.856597881343678,1,0.0,0.0,interior
T099,L,3465,T012,166,0,mapped,-14.304994075238609,9.501513041647542,-5.804434271945569,1,0.0,0.0,interior
T099,L,3466,T012,167,0,mapped,-15.152156680913663,9.910041716201086,-5.796578604540182,1,0.0,0.0,interior
T099,L,3467,T012,168,0,mapped,-15.935990989940727,10.236361242072118,-5.743522753850904,1,0.0,0.0,interior
T099,L,3468,T012,169,0,mapped,-16.790109967700005,10.638456578562462,-5.581001351148805,1,0.0,0.0,interior
T099,L,3469,T012,170,0,mapped,-17.566216358427443,10.96013174788294,-5.502211932759154,1,0.0,0.0,interior
T099,L,3470,T012,171,0,mapped,-18.431817976484783,11.373449866571015,-5.521865539628976,2,8.881784197001252e-16,4.440892098500626e-16,shared_edge
T099,L,3471,T012,172,3,smooth_internal,-9.593741566140062,10.187347764492358,-9.44605549512734,1,0.0,0.0,interior
T099,L,3472,T012,173,3,smooth_internal,-9.582037059270604,10.1544643638872,-9.403788043293876,1,0.0,0.0,interior
T099,L,3473,T012,174,0,mapped,-9.597140699626365,10.166975926744918,-9.406024360555547,1,0.0,0.0,interior
T099,L,3474,T012,175,0,mapped,-9.30493681119314,9.651980757089976,-8.73196168597451,1,0.0,0.0,interior
T099,L,3475,T012,176,0,mapped,-9.277106155913106,9.241907376778736,-8.098680264828538,1,0.0,0.0,interior
T099,L,3476,T012,177,0,mapped,-9.454005826629196,8.809325431232622,-7.461018230448836,1,0.0,0.0,interior
T099,L,3477,T012,178,0,mapped,-9.96092582148773,8.421800033907088,-6.848317303331038,1,0.0,0.0,interior
T099,L,3478,T012,179,0,mapped,-10.570872359801518,8.204364305791584,-6.424201170533175,1,0.0,0.0,interior
T099,L,3479,T012,180,0,mapped,-11.406324979296073,8.213661276690768,-6.198076104342357,1,0.0,0.0,interior
T099,L,3480,T012,181,0,mapped,-12.24373177648349,8.434542989193947,-6.07362209760295,1,0.0,0.0,interior
T099,L,3481,T012,182,0,mapped,-13.079018381736233,8.821206225049162,-6.039627192323545,1,0.0,0.0,interior
T099,L,3482,T012,183,0,mapped,-13.8379712828292,9.27839729934828,-5.908755513717271,1,0.0,0.0,interior
T099,L,3483,T012,184,0,mapped,-14.715349741415258,9.71406400899452,-5.85972102415292,1,0.0,0.0,interior
T099,L,3484,T012,185,0,mapped,-15.514452993613446,10.038080468745344,-5.819974529728455,1,0.0,0.0,interior
T099,L,3485,T012,186,0,mapped,-16.33830958187948,10.390083692586058,-5.763131025520165,1,0.0,0.0,interior
T099,L,3486,T012,187,0,mapped,-17.105991304665288,10.760161343370473,-5.607022632595246,1,0.0,0.0,interior
T099,L,3487,T012,188,0,mapped,-17.986805263162353,11.127862686631966,-5.577394541395728,2,3.972054645195637e-15,1.9860273225978185e-15,shared_edge
T099,L,3488,T012,189,3,smooth_internal,-9.579079659860893,10.145413387829414,-9.401910547536428,1,0.0,0.0,interior
T099,L,3489,T012,190,3,smooth_internal,-9.566551688005127,10.114645621733239,-9.368353065525179,1,0.0,0.0,interior
T099,L,3490,T012,191,0,mapped,-9.446106287015347,9.896769022068106,-9.134608637450942,1,0.0,0.0,interior
T099,L,3491,T012,192,0,mapped,-9.246819712179954,9.400983014716886,-8.522541142997596,1,0.0,0.0,interior
T099,L,3492,T012,193,0,mapped,-9.335545817696648,8.964708602928033,-7.8100154847398295,1,0.0,0.0,interior
T099,L,3493,T012,194,0,mapped,-9.657077490230737,8.497311557681885,-7.254782557105658,1,0.0,0.0,interior
T099,L,3494,T012,195,0,mapped,-10.254909022876317,8.164905411123879,-6.774901624835325,1,0.0,0.0,interior
T099,L,3495,T012,196,0,mapped,-10.995370069276088,8.10971753927372,-6.39597678204788,1,0.0,0.0,interior
T099,L,3496,T012,197,0,mapped,-11.782941922790249,8.304890907332863,-6.129750805486886,1,0.0,0.0,interior
T099,L,3497,T012,198,0,mapped,-12.654699135465298,8.540950657081398,-6.101879332429993,1,0.0,0.0,interior
T099,L,3498,T012,199,0,mapped,-13.471582570433993,9.087549733531802,-5.969527819679136,1,0.0,0.0,interior
T099,L,3499,T012,200,0,mapped,-14.209120911232494,9.41827263199502,-5.896885862033175,1,0.0,0.0,interior
T099,L,3500,T012,201,0,mapped,-15.112355257607916,9.851483549541932,-5.916568043397442,1,0.0,0.0,interior
T099,L,3501,T012,202,0,mapped,-15.856242051850518,10.171852902800111,-5.835318764641766,1,0.0,0.0,interior
T099,L,3502,T012,203,0,mapped,-16.676334580253997,10.56272119157026,-5.6689000734526935,1,0.0,0.0,interior
T099,L,3503,T012,204,0,mapped,-17.524553568332298,10.917868045444003,-5.636046563241468,2,0.0,0.0,shared_edge
T099,L,3504,T012,205,3,smooth_internal,-9.57383690622216,10.124831906714508,-9.388936810257054,1,0.0,0.0,interior
T099,L,3505,T012,206,0,mapped,-9.621009976608311,10.199179911431338,-9.47451554309373,1,0.0,0.0,interior
T099,L,3506,T012,207,0,mapped,-9.32089120709972,9.66451635876581,-8.81913854799906,1,0.0,0.0,interior
T099,L,3507,T012,208,0,mapped,-9.260974876608698,9.214730899970982,-8.208987178277045,1,0.0,0.0,interior
T099,L,3508,T012,209,0,mapped,-9.431522080800343,8.753830604358328,-7.570142904209555,1,0.0,0.0,interior
T099,L,3509,T012,210,0,mapped,-9.887297758615492,8.346216169398504,-7.00102106674356,1,0.0,0.0,interior
T099,L,3510,T012,211,0,mapped,-10.480348964631023,8.13210711432925,-6.599556761561612,1,0.0,0.0,interior
T099,L,3511,T012,212,0,mapped,-11.378813172372396,8.151694132642682,-6.305562737611126,1,0.0,0.0,interior
T099,L,3512,T012,213,0,mapped,-12.159400011463338,8.369402011698131,-6.1579371208887395,1,0.0,0.0,interior
T099,L,3513,T012,214,0,mapped,-13.021294341468648,8.752634797880917,-6.099161931583254,1,0.0,0.0,interior
T099,L,3514,T012,215,0,mapped,-13.728335356000017,9.210965687530077,-5.992774596807568,1,0.0,0.0,interior
T099,L,3515,T012,216,0,mapped,-14.59011422709751,9.633855079903961,-5.945613262968536,1,0.0,0.0,interior
T099,L,3516,T012,217,0,mapped,-15.412513804967322,9.968118294002242,-5.901292301142046,1,0.0,0.0,interior
T099,L,3517,T012,218,0,mapped,-16.278628773701225,10.334795831116692,-5.881837034822153,1,0.0,0.0,interior
T099,L,3518,T012,219,0,mapped,-17.05990397450951,10.713515861326904,-5.695147892155926,2,5.958081967793456e-15,2.979040983896728e-15,shared_edge
T099,L,3519,T012,220,3,smooth_internal,-9.528644450050244,10.039940069460767,-9.310760271114454,1,0.0,0.0,interior
T099,L,3520,T012,221,0,mapped,-9.465359685490451,9.931661424343256,-9.203688302867192,1,0.0,0.0,interior
T099,L,3521,T012,222,0,mapped,-9.246236445396828,9.451585708642252,-8.576501925031472,1,0.0,0.0,interior
T099,L,3522,T012,223,0,mapped,-9.318132802840251,8.951998170047931,-7.916076179231321,1,0.0,0.0,interior
T099,L,3523,T012,224,0,mapped,-9.624703823712935,8.48880794175167,-7.330385178275844,1,0.0,0.0,interior
T099,L,3524,T012,225,0,mapped,-10.120608550059693,8.224885627370941,-6.84491581593319,1,0.0,0.0,interior
T099,L,3525,T012,226,0,mapped,-10.894372391775466,8.068255467595806,-6.498881708133625,1,0.0,0.0,interior
T099,L,3526,T012,227,0,mapped,-11.723401363756727,8.232631671868448,-6.237577278014038,1,0.0,0.0,interior
T099,L,3527,T012,228,0,mapped,-12.633762184901192,8.462466243488025,-6.237842506312987,1,0.0,0.0,interior
T099,L,3528,T012,229,0,mapped,-13.38494183797571,8.975198571746809,-6.104825679666645,1,0.0,0.0,interior
T099,L,3529,T012,230,0,mapped,-14.116466161651527,9.345871888134859,-5.9979512089148574,1,0.0,0.0,interior
T099,L,3530,T012,231,0,mapped,-14.99837811889657,9.786834297488024,-5.98635685446718,1,0.0,0.0,interior
T099,L,3531,T012,232,0,mapped,-15.807125935369744,10.123838928687128,-5.950436030991344,1,0.0,0.0,interior
T099,L,3532,T012,233,0,mapped,-16.62261821760472,10.496651731129864,-5.804519863959696,2,2.5121479338940407e-15,1.2560739669470201e-15,shared_edge
T099,L,3533,T012,234,3,smooth_internal,-9.45435376470795,9.904045059780154,-9.175841740961367,1,0.0,0.0,interior
T099,L,3534,T012,235,0,mapped,-9.338850665706588,9.678218859906236,-8.916007052743408,1,0.0,0.0,interior
T099,L,3535,T012,236,0,mapped,-9.246378807941523,9.166542453333967,-8.314197600251577,1,0.0,0.0,interior
T099,L,3536,T012,237,0,mapped,-9.408751563698745,8.68522043129595,-7.68629353805855,1,0.0,0.0,interior
T099,L,3537,T012,238,0,mapped,-9.84616238641993,8.274887796329368,-7.137217576413708,1,0.0,0.0,interior
T099,L,3538,T012,239,0,mapped,-10.434370930820075,8.090139857190028,-6.694832060310155,1,0.0,0.0,interior
T099,L,3539,T012,240,0,mapped,-11.321568221418495,8.079149895198137,-6.439910018298461,1,0.0,0.0,interior
T099,L,3540,T012,241,0,mapped,-12.082319998303527,8.303972549184447,-6.246756733109583,1,0.0,0.0,interior
T099,L,3541,T012,242,0,mapped,-12.964637228933062,8.676476141145635,-6.170862380633496,1,0.0,0.0,interior
T099,L,3542,T012,243,0,mapped,-13.689669948673934,9.143818248037363,-6.133018616175239,1,0.0,0.0,interior
T099,L,3543,T012,244,0,mapped,-14.477433071046972,9.535424689121985,-6.024947532919345,1,0.0,0.0,interior
T099,L,3544,T012,245,0,mapped,-15.38064467285256,9.929637700183509,-6.019782219461291,1,0.0,0.0,interior
T099,L,3545,T012,246,0,mapped,-16.21344407744514,10.282124085159817,-6.00344496154171,2,0.0,0.0,shared_edge
T099,L,3546,T012,247,0,mapped,-9.484555665965846,9.966348851449302,-9.272895910276329,1,0.0,0.0,interior
T099,L,3547,T012,248,0,mapped,-9.253459437151939,9.497808051797916,-8.614689087090868,1,0.0,0.0,interior
T099,L,3548,T012,249,0,mapped,-9.303012837797343,8.975008187086587,-7.982401901361265,1,0.0,0.0,interior
T099,L,3549,T012,250,0,mapped,-9.556937152452388,8.492010673294523,-7.4773896492168115,1,0.0,0.0,interior
T099,L,3550,T012,251,0,mapped,-10.055441886476512,8.15289425144839,-6.984983072491854,1,0.0,0.0,interior
T099,L,3551,T012,252,0,mapped,-10.83786396802656,8.005368361322413,-6.6302044766263535,1,0.0,0.0,interior
T099,L,3552,T012,253,0,mapped,-11.651021166093484,8.149667803022053,-6.352770085521355,1,0.0,0.0,interior
T099,L,3553,T012,254,0,mapped,-12.529772460327345,8.404379608117656,-6.271657688299721,1,0.0,0.0,interior
T099,L,3554,T012,255,0,mapped,-13.319758198215235,8.855590087813408,-6.259956889362995,1,0.0,0.0,interior
T099,L,3555,T012,256,0,mapped,-14.064134897154965,9.297600866419026,-6.101984140395507,1,0.0,0.0,interior
T099,L,3556,T012,257,0,mapped,-14.910152625868477,9.729456218550327,-6.061953184550921,1,0.0,0.0,interior
T099,L,3557,T012,258,0,mapped,-15.749996058232071,10.07454338155827,-6.062312502011256,2,1.7763568394002505e-15,8.881784197001252e-16,shared_edge
T099,L,3558,T012,259,0,mapped,-9.353778713367232,9.693460148645674,-8.99421009177102,1,0.0,0.0,interior
T099,L,3559,T012,260,0,mapped,-9.2396263431699,9.169659343765828,-8.401933164167982,1,0.0,0.0,interior
T099,L,3560,T012,261,0,mapped,-9.379032677747798,8.679338872795087,-7.773135715709338,1,0.0,0.0,interior
T099,L,3561,T012,262,0,mapped,-9.799456614413883,8.21684433669255,-7.274211556823973,1,0.0,0.0,interior
T099,L,3562,T012,263,0,mapped,-10.43393927743602,8.005648822089444,-6.817697104864889,1,0.0,0.0,interior
T099,L,3563,T012,264,0,mapped,-11.252763833200602,8.016930280985768,-6.5451302126037145,1,0.0,0.0,interior
T099,L,3564,T012,265,0,mapped,-12.070292146501254,8.236318340842914,-6.357307025490526,1,0.0,0.0,interior
T099,L,3565,T012,266,0,mapped,-12.912901754692026,8.59935934965227,-6.251922775645031,1,0.0,0.0,interior
T099,L,3566,T012,267,0,mapped,-13.619432295685542,9.072952888964466,-6.201398208748378,1,0.0,0.0,interior
T099,L,3567,T012,268,0,mapped,-14.376992838083652,9.454187599128769,-6.0741726785911965,1,0.0,0.0,interior
T099,L,3568,T012,269,0,mapped,-15.286126474200358,9.867634513181782,-6.12125213503518,2,2.5121479338940407e-15,1.2560739669470201e-15,shared_edge
T099,L,3569,T012,270,0,mapped,-9.264147798387985,9.531400297830247,-8.691255691995714,1,0.0,0.0,interior
T099,L,3570,T012,271,0,mapped,-9.287233145463276,9.012039247937288,-8.057846586124334,1,0.0,0.0,interior
T099,L,3571,T012,272,0,mapped,-9.51333269739229,8.435003950324276,-7.61138498767045,1,0.0,0.0,interior
T099,L,3572,T012,273,0,mapped,-10.038217635573638,8.05254964851849,-7.111674826571312,1,0.0,0.0,interior
T099,L,3573,T012,274,0,mapped,-10.793838264337717,7.9273708788731145,-6.785956169893078,1,0.0,0.0,interior
T099,L,3574,T012,275,0,mapped,-11.622597706409485,8.06248753754748,-6.501933027055017,1,0.0,0.0,interior
T099,L,3575,T012,276,0,mapped,-12.47540938324753,8.32760941061457,-6.383679449345312,1,0.0,0.0,interior
T099,L,3576,T012,277,0,mapped,-13.199493766376591,8.724157923364618,-6.3727087333122885,1,0.0,0.0,interior
T099,L,3577,T012,278,0,mapped,-13.998572313976071,9.247734571515238,-6.200491288829857,1,0.0,0.0,interior
T099,L,3578,T012,279,0,mapped,-14.823594860108635,9.65772039323742,-6.179944149063354,2,1.9860273225978185e-15,9.930136612989092e-16,shared_edge
T099,L,3579,T012,280,0,mapped,-9.236155221925042,9.194239637745502,-8.482358183960315,1,0.0,0.0,interior
T099,L,3580,T012,281,0,mapped,-9.346687670253687,8.686363187740135,-7.854839004410544,1,0.0,0.0,interior
T099,L,3581,T012,282,0,mapped,-9.77183798889211,8.145960318938984,-7.394715705358381,1,0.0,0.0,interior
T099,L,3582,T012,283,0,mapped,-10.416782318078422,7.881920356927056,-7.007543570644513,1,0.0,0.0,interior
T099,L,3583,T012,284,0,mapped,-11.155088377968946,7.939257544003009,-6.689048687680366,1,0.0,0.0,interior
T099,L,3584,T012,285,0,mapped,-11.981577516643016,8.155696870483489,-6.454224216307891,1,0.0,0.0,interior
T099,L,3585,T012,286,0,mapped,-12.851139337087869,8.504726548330455,-6.387696671805459,1,0.0,0.0,interior
T099,L,3586,T012,287,0,mapped,-13.551202129580615,8.993580609779034,-6.270803571432559,1,0.0,0.0,interior
T099,L,3587,T012,288,0,mapped,-14.380507669814243,9.410575268086,-6.235176415674339,2,8.881784197001252e-16,4.440892098500626e-16,shared_edge
T099,L,3588,T012,289,0,mapped,-9.271429928124833,9.049180405150029,-8.133653555668104,1,0.0,0.0,interior
T099,L,3589,T012,290,0,mapped,-9.487213375397957,8.382146101835042,-7.70103462663857,1,0.0,0.0,interior
T099,L,3590,T012,291,0,mapped,-9.988072912430697,7.974801649570518,-7.253905315175036,1,0.0,0.0,interior
T099,L,3591,T012,292,0,mapped,-10.758219421679566,7.827717259784864,-6.970013641274729,1,0.0,0.0,interior
T099,L,3592,T012,293,0,mapped,-11.538656118714176,7.991544993929674,-6.624578899893725,1,0.0,0.0,interior
T099,L,3593,T012,294,0,mapped,-12.420445629387359,8.258507077491565,-6.481958505929924,1,0.0,0.0,interior
T099,L,3594,T012,295,0,mapped,-13.144243171931874,8.659570465990647,-6.431406438701947,1,0.0,0.0,interior
T099,L,3595,T012,296,0,mapped,-13.924256264695943,9.189344938659218,-6.292766263702701,2,4.3511678576336575e-15,2.1755839288168288e-15,shared_edge
T099,L,3596,T012,297,0,mapped,-9.322194137022125,8.68885540895169,-7.942392471833671,1,0.0,0.0,interior
T099,L,3597,T012,298,0,mapped,-9.73566208201167,8.16141370969795,-7.446319623709918,1,0.0,0.0,interior
T099,L,3598,T012,299,0,mapped,-10.359508216048216,7.796621228178056,-7.158835009079118,1,0.0,0.0,interior
T099,L,3599,T012,300,0,mapped,-11.157668134149283,7.841225522030983,-6.86396421122644,1,0.0,0.0,interior
T099,L,3600,T012,301,0,mapped,-11.947997758864775,8.079844851615245,-6.561181184875085,1,0.0,0.0,interior
T099,L,3601,T012,302,0,mapped,-12.790736061517174,8.423031929732108,-6.517298916447803,1,0.0,0.0,interior
T099,L,3602,T012,303,0,mapped,-13.498594930730388,8.916501422547103,-6.355138074339626,2,0.0,0.0,shared_edge
T099,L,3603,T012,304,0,mapped,-9.467802189773634,8.357235196006945,-7.753508770055334,1,0.0,0.0,interior
T099,L,3604,T012,305,0,mapped,-9.955268791274253,7.895043480840325,-7.361315113186954,1,0.0,0.0,interior
T099,L,3605,T012,306,0,mapped,-10.708069105964661,7.74119767145929,-7.108320650914555,1,0.0,0.0,interior
T099,L,3606,T012,307,0,mapped,-11.511661014372894,7.8944336946936815,-6.77106987345187,1,0.0,0.0,interior
T099,L,3607,T012,308,0,mapped,-12.342827707320676,8.183259498660131,-6.589894298389668,1,0.0,0.0,interior
T099,L,3608,T012,309,0,mapped,-13.122823251255607,8.606400010646876,-6.5088085890839515,2,1.831026719408895e-15,9.155133597044477e-16,shared_edge
T099,L,3609,T012,310,0,mapped,-9.652254050680916,8.009895818407669,-7.6588367015736045,1,0.0,0.0,interior
T099,L,3610,T012,311,0,mapped,-10.279199121034615,7.739627064087166,-7.2581246798556265,1,0.0,0.0,interior
T099,L,3611,T012,312,0,mapped,-11.0921322922988,7.772992871833958,-6.988159084074544,1,0.0,0.0,interior
T099,L,3612,T012,313,0,mapped,-11.873891935545451,8.003300248179611,-6.661241073991368,1,0.0,0.0,interior
T099,L,3613,T012,314,0,mapped,-12.717938269929443,8.334247341664996,-6.641117015788446,2,5.773159728050814e-15,2.886579864025407e-15,shared_edge
T099,L,3614,T012,315,0,mapped,-9.927608276868185,7.862811497553153,-7.416129071821823,1,0.0,0.0,interior
T099,L,3615,T012,316,0,mapped,-10.72925783111965,7.679896326188727,-7.166788441127215,1,0.0,0.0,interior
T099,L,3616,T012,317,0,mapped,-11.446716106496797,7.824870933667576,-6.874805039635927,1,0.0,0.0,interior
T099,L,3617,T012,318,0,mapped,-12.271816861824272,8.098540029235675,-6.7151265449023505,2,1.7763568394002505e-15,8.881784197001252e-16,shared_edge
T099,L,3618,T012,319,0,mapped,-10.2606397217841,7.639550937409277,-7.365802251672939,1,0.0,0.0,interior
T099,L,3619,T012,320,0,mapped,-11.033453502400253,7.690171857319214,-7.112129230586978,1,0.0,0.0,interior
T099,L,3620,T012,321,0,mapped,-11.791710072501102,7.934039600832568,-6.759083036711752,2,2.360366527284141e-15,1.1801832636420706e-15,shared_edge
T099,L,3621,T012,322,0,mapped,-10.658043040835462,7.5514883411174,-7.309590781981337,1,0.0,0.0,interior
T099,L,3622,T012,323,0,mapped,-11.372378860517152,7.7658668047111306,-6.969612717565155,2,1.1102230246251563e-15,5.551115123125784e-16,shared_edge
T099,L,3623,T012,324,0,mapped,-11.064925565333187,7.55227198677632,-7.253998190408442,3,0.0,0.0,landmark
T099,L,3624,T013,26,0,mapped,-11.251377259141957,12.875216461833455,-12.42778634308544,1,0.0,0.0,interior
T099,L,3625,T013,27,0,mapped,-11.206895814702213,12.228021368822672,-11.567344896179407,1,0.0,0.0,interior
T099,L,3626,T013,28,0,mapped,-11.020488625986726,11.71060478287016,-10.732395091962887,1,0.0,0.0,interior
T099,L,3627,T013,29,0,mapped,-10.948482976218123,11.064081640852743,-9.94309749241009,1,0.0,0.0,interior
T099,L,3628,T013,30,0,mapped,-10.604107724945743,10.76769102592165,-9.02323475466676,1,0.0,0.0,interior
T099,L,3629,T013,31,0,mapped,-10.01690306566374,10.713433841813426,-8.203630438998099,1,0.0,0.0,interior
T099,L,3630,T013,32,0,mapped,-9.441004152818582,10.4656217149516,-7.50069286739614,1,0.0,0.0,interior
T099,L,3631,T013,33,0,mapped,-9.247132281515555,10.130839985091772,-6.707751277322409,1,0.0,0.0,interior
T099,L,3632,T013,34,0,mapped,-9.512361156120942,9.771893043799931,-5.929629864229403,1,0.0,0.0,interior
T099,L,3633,T013,35,0,mapped,-10.120785389462643,9.277535725696321,-5.357028336245964,1,0.0,0.0,interior
T099,L,3634,T013,36,0,mapped,-10.986621183118507,9.249022654701726,-4.751735764834116,1,0.0,0.0,interior
T099,L,3635,T013,37,0,mapped,-12.067862991946274,9.447497359268512,-4.520778477514137,1,0.0,0.0,interior
T099,L,3636,T013,38,0,mapped,-12.727502011495309,9.719663079247557,-4.488139788391935,1,0.0,0.0,interior
T099,L,3637,T013,39,0,mapped,-13.743827642430219,10.145235193929746,-4.570782382707797,1,0.0,0.0,interior
T099,L,3638,T013,40,0,mapped,-14.720466434368698,10.612205366619664,-4.601395216981334,1,0.0,0.0,interior
T099,L,3639,T013,41,0,mapped,-15.553390363386733,10.874791096348453,-4.649280419849564,1,0.0,0.0,interior
T099,L,3640,T013,42,0,mapped,-16.429704053646773,11.154007688856035,-4.645967706476359,1,0.0,0.0,interior
T099,L,3641,T013,43,0,mapped,-17.19902509533629,11.505235097677419,-4.534716108599037,1,0.0,0.0,interior
T099,L,3642,T013,44,0,mapped,-18.064253817757113,11.824538474865628,-4.412338045880357,1,0.0,0.0,interior
T099,L,3643,T013,45,0,mapped,-19.040228300444443,11.99337450562966,-4.386012152391164,1,0.0,0.0,interior
T099,L,3644,T013,46,0,mapped,-19.847370168123813,12.274862248328668,-4.3144985782665675,1,0.0,0.0,interior
T099,L,3645,T013,47,0,mapped,-20.65478893580353,12.644064034990112,-4.297398806269024,1,0.0,0.0,interior
T099,L,3646,T013,50,0,mapped,-11.56824005815346,13.692706856609492,-12.03200974924215,1,0.0,0.0,interior
T099,L,3647,T013,51,0,mapped,-11.638540217225179,13.109406678010439,-11.170637184677616,1,0.0,0.0,interior
T099,L,3648,T013,52,0,mapped,-11.974979746159146,12.232211468870226,-10.339667983571875,1,0.0,0.0,interior
T099,L,3649,T013,53,0,mapped,-12.02146976902305,11.587146312721446,-9.1924069546436,1,0.0,0.0,interior
T099,L,3650,T013,54,0,mapped,-11.152464310288178,11.538963861048554,-8.214218373358,1,0.0,0.0,interior
T099,L,3651,T013,55,0,mapped,-10.341779545368565,11.559232550080333,-7.321704265610464,1,0.0,0.0,interior
T099,L,3652,T013,56,0,mapped,-9.593074824886852,11.370101622514987,-6.556311369958209,1,0.0,0.0,interior
T099,L,3653,T013,57,0,mapped,-9.218893654620747,10.963325868514868,-5.786132554418787,1,0.0,0.0,interior
T099,L,3654,T013,58,0,mapped,-9.41746260872951,10.511830669430713,-4.937873967901581,1,0.0,0.0,interior
T099,L,3655,T013,59,0,mapped,-10.225741294902733,10.227877182515561,-4.157120990161465,1,0.0,0.0,interior
T099,L,3656,T013,60,0,mapped,-11.535118093683188,10.39362615868305,-3.685096649796833,1,0.0,0.0,interior
T099,L,3657,T013,61,0,mapped,-12.50472313629367,10.631680345022705,-3.680526843857951,1,0.0,0.0,interior
T099,L,3658,T013,62,0,mapped,-13.538152033200387,11.009502513703204,-3.9317433408521456,1,0.0,0.0,interior
T099,L,3659,T013,63,0,mapped,-14.473356801354406,11.273938380991476,-4.107372788674738,1,0.0,0.0,interior
T099,L,3660,T013,64,0,mapped,-15.381649359821875,11.573779580577186,-4.208723688208421,1,0.0,0.0,interior
T099,L,3661,T013,65,0,mapped,-16.243957518022786,11.795352083863484,-4.202978853990718,1,0.0,0.0,interior
T099,L,3662,T013,66,0,mapped,-17.09370013509625,12.190116786830014,-4.163625214855008,1,0.0,0.0,interior
T099,L,3663,T013,67,0,mapped,-17.978815862495676,12.401156937940655,-4.079914758946607,1,0.0,0.0,interior
T099,L,3664,T013,68,0,mapped,-18.866440725000817,12.553525302335624,-3.957022410001855,1,0.0,0.0,interior
T099,L,3665,T013,69,0,mapped,-19.781788646298804,12.855735589340394,-3.8948580501898267,1,0.0,0.0,interior
T099,L,3666,T013,70,0,mapped,-20.75558500002143,13.141294798292002,-3.9633466755759876,1,0.0,0.0,interior
T099,L,3667,T013,73,0,mapped,-11.695941989913422,14.597481181344822,-11.674598289426616,1,0.0,0.0,interior
T099,L,3668,T013,74,0,mapped,-12.099666259621593,14.04791190850654,-10.622071454543896,1,0.0,0.0,interior
T099,L,3669,T013,75,0,mapped,-12.878678925897106,13.26176628725601,-9.891991260123136,1,0.0,0.0,interior
T099,L,3670,T013,76,0,mapped,-12.321348566237328,12.904242022842565,-8.343470807327263,1,0.0,0.0,interior
T099,L,3671,T013,77,0,mapped,-11.3234912159444,12.813868144254245,-7.249715071392602,1,0.0,0.0,interior
T099,L,3672,T013,78,0,mapped,-10.279962579301642,12.69614560143837,-6.485085556107629,1,0.0,0.0,interior
T099,L,3673,T013,79,0,mapped,-9.341978490996695,12.395308153909701,-5.738785743148913,1,0.0,0.0,interior
T099,L,3674,T013,80,0,mapped,-8.861098315359392,11.802953577187123,-4.661014030397274,1,0.0,0.0,interior
T099,L,3675,T013,81,0,mapped,-9.574391707232293,11.42961250195835,-3.588559247115356,1,0.0,0.0,interior
T099,L,3676,T013,82,0,mapped,-10.757674859602435,11.325290414392764,-3.101905163818529,1,0.0,0.0,interior
T099,L,3677,T013,83,0,mapped,-12.184329751319288,11.55569734810581,-3.070182635495925,1,0.0,0.0,interior
T099,L,3678,T013,84,0,mapped,-13.253804595765466,11.832063056859056,-3.4170331592571603,1,0.0,0.0,interior
T099,L,3679,T013,85,0,mapped,-14.29748652581866,12.079945404576744,-3.6935116716847496,1,0.0,0.0,interior
T099,L,3680,T013,86,0,mapped,-15.160297419770975,12.327867217310219,-3.8720971049975503,1,0.0,0.0,interior
T099,L,3681,T013,87,0,mapped,-16.06621603904845,12.572151951437114,-3.9898160008920875,1,0.0,0.0,interior
T099,L,3682,T013,88,0,mapped,-17.011178772343502,12.777404453826392,-4.003431792634915,1,0.0,0.0,interior
T099,L,3683,T013,89,0,mapped,-17.969442861038047,13.046518790193302,-3.8811128945450637,1,0.0,0.0,interior
T099,L,3684,T013,90,0,mapped,-18.880893981705196,13.214701513256676,-3.768946612930545,1,0.0,0.0,interior
T099,L,3685,T013,91,0,mapped,-19.790087958010687,13.40289448448792,-3.6546491041490476,1,0.0,0.0,interior
T099,L,3686,T013,92,0,mapped,-20.68718254920421,13.676375173618837,-3.6919060538458215,1,0.0,0.0,interior
T099,L,3687,T013,95,0,mapped,-12.082397728750488,15.419283858287017,-11.49237344269127,1,0.0,0.0,interior
T099,L,3688,T013,96,0,mapped,-12.74863745619711,14.944691679213875,-10.419126862451897,1,0.0,0.0,interior
T099,L,3689,T013,97,0,mapped,-12.757823205350347,14.543452937492711,-8.928596039199924,1,0.0,0.0,interior
T099,L,3690,T013,98,0,mapped,-12.138849826943826,14.268222997902313,-7.524669033521526,1,0.0,0.0,interior
T099,L,3691,T013,99,0,mapped,-11.117403434615209,14.05563110760417,-6.525912224313032,1,0.0,0.0,interior
T099,L,3692,T013,100,0,mapped,-9.865104795488605,13.82617465406415,-5.717449404896362,1,0.0,0.0,interior
T099,L,3693,T013,101,0,mapped,-8.819615635132465,13.452862400456734,-4.739944208847099,1,0.0,0.0,interior
T099,L,3694,T013,102,0,mapped,-8.744487069896657,12.915376633894432,-3.270817994332319,1,0.0,0.0,interior
T099,L,3695,T013,103,0,mapped,-10.027078017040846,12.662887091919874,-2.3625683260401846,1,0.0,0.0,interior
T099,L,3696,T013,104,0,mapped,-11.720569442701773,12.728549882367155,-2.370792983924929,1,0.0,0.0,interior
T099,L,3697,T013,105,0,mapped,-13.145291957157955,12.878703428560133,-3.0116604753264298,1,0.0,0.0,interior
T099,L,3698,T013,106,0,mapped,-14.009266449983597,12.972647881219554,-3.3772462432136265,1,0.0,0.0,interior
T099,L,3699,T013,107,0,mapped,-14.919425212775087,13.046426985046539,-3.673419525928219,1,0.0,0.0,interior
T099,L,3700,T013,108,0,mapped,-15.966578864305095,13.36057350394648,-3.807278523446911,1,0.0,0.0,interior
T099,L,3701,T013,109,0,mapped,-16.9666407639786,13.484927739361336,-3.8634658152299703,1,0.0,0.0,interior
T099,L,3702,T013,110,0,mapped,-17.952851878776492,13.704718539824588,-3.720759244550031,1,0.0,0.0,interior
T099,L,3703,T013,111,0,mapped,-18.84307446751525,13.790362200908895,-3.5906591260885943,1,0.0,0.0,interior
T099,L,3704,T013,112,0,mapped,-19.701834440545284,14.009936816026773,-3.5081776146527766,1,0.0,0.0,interior
T099,L,3705,T013,113,0,mapped,-20.641587427330084,14.2065681759655,-3.540051199830712,1,0.0,0.0,interior
T099,L,3706,T013,116,0,mapped,-12.240940747587223,16.276413741399782,-10.96875906970173,1,0.0,0.0,interior
T099,L,3707,T013,117,0,mapped,-12.586858196516701,16.025769633268048,-9.721024754665233,1,0.0,0.0,interior
T099,L,3708,T013,118,0,mapped,-12.422573422232556,15.73069690237621,-8.247003954392579,1,0.0,0.0,interior
T099,L,3709,T013,119,0,mapped,-11.81146410393333,15.469855922612494,-6.9565116255035,1,0.0,0.0,interior
T099,L,3710,T013,120,0,mapped,-10.742057623430366,15.2995417837094,-5.940049967321485,1,0.0,0.0,interior
T099,L,3711,T013,121,0,mapped,-9.288783703434285,15.168991095086724,-5.107573842423806,1,0.0,0.0,interior
T099,L,3712,T013,122,0,mapped,-7.961528003875016,14.750284501136422,-3.7028155866346637,1,0.0,0.0,interior
T099,L,3713,T013,123,0,mapped,-8.951020751072674,14.359956436211185,-1.5240493532740782,1,0.0,0.0,interior
T099,L,3714,T013,124,0,mapped,-11.368242182688055,14.160924477558387,-1.55855572993109,1,0.0,0.0,interior
T099,L,3715,T013,125,0,mapped,-12.69096530849521,14.206221481793582,-2.3770016072469016,1,0.0,0.0,interior
T099,L,3716,T013,126,0,mapped,-13.85908577553034,14.132932518550078,-3.2397681570294505,1,0.0,0.0,interior
T099,L,3717,T013,127,0,mapped,-14.879603397124338,14.17765152121577,-3.6097777626277203,1,0.0,0.0,interior
T099,L,3718,T013,128,0,mapped,-16.0004736285081,14.048728996201177,-3.7843168457066305,1,0.0,0.0,interior
T099,L,3719,T013,129,0,mapped,-16.88783582434304,14.163441219769677,-3.817013102818928,1,0.0,0.0,interior
T099,L,3720,T013,130,0,mapped,-17.90525217023182,14.29066949986073,-3.6369553666147674,1,0.0,0.0,interior
T099,L,3721,T013,131,0,mapped,-18.7839355289925,14.299359796031561,-3.47571794981215,1,0.0,0.0,interior
T099,L,3722,T013,132,0,mapped,-19.76199946630649,14.599657580131545,-3.389223768897505,1,0.0,0.0,interior
T099,L,3723,T013,133,0,mapped,-20.629775685800382,14.763203097924709,-3.38050213453009,1,0.0,0.0,interior
T099,L,3724,T013,136,0,mapped,-12.065513049063432,17.214996811463294,-10.447806494630388,1,0.0,0.0,interior
T099,L,3725,T013,137,0,mapped,-12.184464216244448,16.978057933857105,-9.14584262548367,1,0.0,0.0,interior
T099,L,3726,T013,138,0,mapped,-11.919801665506416,16.742584022605488,-7.778210490609643,1,0.0,0.0,interior
T099,L,3727,T013,139,0,mapped,-11.301283922788913,16.6486440078052,-6.5161136796604975,1,0.0,0.0,interior
T099,L,3728,T013,140,0,mapped,-10.267643242687797,16.76704446147556,-5.521841363845178,1,0.0,0.0,interior
T099,L,3729,T013,141,0,mapped,-8.694952452006477,17.101191795046542,-4.714866286460797,1,0.0,0.0,interior
T099,L,3730,T013,142,0,mapped,-6.7818190521900386,17.684603618005724,-1.2302640251729429,1,0.0,0.0,interior
T099,L,3731,T013,143,0,mapped,-11.302307625938626,16.251630291301304,-0.43585855836221654,1,0.0,0.0,interior
T099,L,3732,T013,144,0,mapped,-12.699350489699654,15.53914719365401,-2.135819166410169,1,0.0,0.0,interior
T099,L,3733,T013,145,0,mapped,-13.638114235173875,15.142872345730854,-3.2042286741718566,1,0.0,0.0,interior
T099,L,3734,T013,146,0,mapped,-14.691822981385927,15.077240856151956,-3.6718109276510784,1,0.0,0.0,interior
T099,L,3735,T013,147,0,mapped,-15.737345333447884,14.969313365582014,-3.8516067938808316,1,0.0,0.0,interior
T099,L,3736,T013,148,0,mapped,-16.697921932812285,14.796053023309845,-3.8283073445826794,1,0.0,0.0,interior
T099,L,3737,T013,149,0,mapped,-17.795333778665135,14.946131476126578,-3.672948843239377,1,0.0,0.0,interior
T099,L,3738,T013,150,0,mapped,-18.731950615680166,14.948443998614085,-3.4178868115867846,1,0.0,0.0,interior
T099,L,3739,T013,151,0,mapped,-19.852242045165838,15.169917144796932,-3.335852222394564,1,0.0,0.0,interior
T099,L,3740,T013,152,0,mapped,-20.780930780657872,15.22425169087793,-3.34137234142902,1,0.0,0.0,interior
T099,L,3741,T013,155,0,mapped,-11.785808262941128,17.907925505087416,-9.89053217515701,1,0.0,0.0,interior
T099,L,3742,T013,156,0,mapped,-11.668909263954635,17.78690431402955,-8.683121302303672,1,0.0,0.0,interior
T099,L,3743,T013,157,0,mapped,-11.342364296080454,17.7215330700743,-7.390197350220797,1,0.0,0.0,interior
T099,L,3744,T013,158,0,mapped,-10.786522201355414,17.86615404044463,-6.219950628017896,1,0.0,0.0,interior
T099,L,3745,T013,159,0,mapped,-10.125612364570058,18.381179812888117,-5.2991027611795065,1,0.0,0.0,interior
T099,L,3746,T013,160,0,mapped,-9.360728082056273,19.449954456148944,-4.026544839369345,1,0.0,0.0,interior
T099,L,3747,T013,161,0,mapped,-11.00925970732039,18.922540643562446,-1.8556103720811183,1,0.0,0.0,interior
T099,L,3748,T013,162,0,mapped,-12.846311772764478,17.280548220024336,-2.3637284984610734,1,0.0,0.0,interior
T099,L,3749,T013,163,0,mapped,-13.506829325010633,16.361098137874702,-3.3618822343772834,1,0.0,0.0,interior
T099,L,3750,T013,164,0,mapped,-14.479673579729264,15.934567214588952,-3.8557567505482098,1,0.0,0.0,interior
T099,L,3751,T013,165,0,mapped,-15.553261884935015,15.742368873001322,-3.975417330985424,1,0.0,0.0,interior
T099,L,3752,T013,166,0,mapped,-16.496034005851733,15.465241168854467,-3.882803342583344,1,0.0,0.0,interior
T099,L,3753,T013,167,0,mapped,-17.528523179730044,15.639542427177684,-3.722777764944402,1,0.0,0.0,interior
T099,L,3754,T013,168,0,mapped,-18.56457048790152,15.72263966486556,-3.4812140546669994,1,0.0,0.0,interior
T099,L,3755,T013,169,0,mapped,-19.82489706572514,15.828274032505238,-3.342138188120158,1,0.0,0.0,interior
T099,L,3756,T013,170,0,mapped,-20.787038700564537,15.85549179968462,-3.285947441242774,1,0.0,0.0,interior
T099,L,3757,T013,173,0,mapped,-11.441976529297763,18.567099907465337,-9.42830871705451,1,0.0,0.0,interior
T099,L,3758,T013,174,0,mapped,-11.206536987876095,18.567044107230668,-8.309449333750237,1,0.0,0.0,interior
T099,L,3759,T013,175,0,mapped,-10.889851057455672,18.683105457190646,-7.093082318213906,1,0.0,0.0,interior
T099,L,3760,T013,176,0,mapped,-10.604595478536805,18.988697918166636,-6.017368185057116,1,0.0,0.0,interior
T099,L,3761,T013,177,0,mapped,-10.733346157178996,19.51629267711605,-5.167602451444857,1,0.0,0.0,interior
T099,L,3762,T013,178,0,mapped,-11.185269589550584,19.271861011740295,-4.095372925851851,1,0.0,0.0,interior
T099,L,3763,T013,179,0,mapped,-12.738222620078862,18.46895770787782,-3.4437443386511024,1,0.0,0.0,interior
T099,L,3764,T013,180,0,mapped,-13.50438317339928,17.362655951564342,-3.843451606220391,1,0.0,0.0,interior
T099,L,3765,T013,181,0,mapped,-14.449806075812617,16.72748142695607,-4.165265208362532,1,0.0,0.0,interior
T099,L,3766,T013,182,0,mapped,-15.471876506621484,16.40212244050578,-4.20073396489169,1,0.0,0.0,interior
T099,L,3767,T013,183,0,mapped,-16.568313031153636,16.070064673563408,-4.01484492071242,1,0.0,0.0,interior
T099,L,3768,T013,184,0,mapped,-17.597751687948644,16.25470966257107,-3.8015775914273533,1,0.0,0.0,interior
T099,L,3769,T013,185,0,mapped,-18.696134204038692,16.32546556638697,-3.5535910760632383,1,0.0,0.0,interior
T099,L,3770,T013,186,0,mapped,-19.69062132895867,16.45759496408634,-3.3973861769418416,1,0.0,0.0,interior
T099,L,3771,T013,187,0,mapped,-20.79718049350078,16.39039211217169,-3.316721623280433,1,0.0,0.0,interior
T099,L,3772,T013,190,0,mapped,-11.145890350210387,19.2458751133516,-9.07759958771387,1,0.0,0.0,interior
T099,L,3773,T013,191,0,mapped,-10.94809279712367,19.35400229668037,-7.964082406409343,1,0.0,0.0,interior
T099,L,3774,T013,192,0,mapped,-10.849160731126695,19.601901418838622,-6.815856391322452,1,0.0,0.0,interior
T099,L,3775,T013,193,0,mapped,-11.068269017703841,19.926718880296317,-5.795395207318865,1,0.0,0.0,interior
T099,L,3776,T013,194,0,mapped,-11.755256149659289,19.885523020236874,-4.9314372838475435,1,0.0,0.0,interior
T099,L,3777,T013,195,0,mapped,-12.64131698473422,19.254831660948433,-4.482260623694891,1,0.0,0.0,interior
T099,L,3778,T013,196,0,mapped,-13.554251638656943,18.25722671210438,-4.525035024487716,1,0.0,0.0,interior
T099,L,3779,T013,197,0,mapped,-14.41124920651151,17.455785652397193,-4.593064905187635,1,0.0,0.0,interior
T099,L,3780,T013,198,0,mapped,-15.467468255166038,17.036281468132117,-4.487124242777103,1,0.0,0.0,interior
T099,L,3781,T013,199,0,mapped,-16.61466581588749,16.868625865985432,-4.230015897036667,1,0.0,0.0,interior
T099,L,3782,T013,200,0,mapped,-17.662198916122733,16.833535541159698,-3.9036006802633167,1,0.0,0.0,interior
T099,L,3783,T013,201,0,mapped,-18.637021907094603,16.915902707360875,-3.7095440267240605,1,0.0,0.0,interior
T099,L,3784,T013,202,0,mapped,-19.621189830986957,16.885625955056874,-3.532559953165782,1,0.0,0.0,interior
T099,L,3785,T013,203,0,mapped,-20.709999308474103,16.983302959913736,-3.4121860030913584,1,0.0,0.0,interior
T099,L,3786,T013,206,0,mapped,-10.99784654082565,19.973214210722716,-8.695850500040535,1,0.0,0.0,interior
T099,L,3787,T013,207,0,mapped,-10.985882741936734,20.166372414145144,-7.647302304165211,1,0.0,0.0,interior
T099,L,3788,T013,208,0,mapped,-11.271677306843827,20.421039778135786,-6.595056631034764,1,0.0,0.0,interior
T099,L,3789,T013,209,0,mapped,-11.98896483992761,20.4326974354331,-5.6877216932360515,1,0.0,0.0,interior
T099,L,3790,T013,210,0,mapped,-12.753958667687582,19.835881911981676,-5.350679112807917,1,0.0,0.0,interior
T099,L,3791,T013,211,0,mapped,-13.614586102448838,19.002492814071633,-5.255866976411214,1,0.0,0.0,interior
T099,L,3792,T013,212,0,mapped,-14.436701700244383,18.315054405415488,-5.112235133997091,1,0.0,0.0,interior
T099,L,3793,T013,213,0,mapped,-15.563350536420295,17.727978964488837,-4.807243385942542,1,0.0,0.0,interior
T099,L,3794,T013,214,0,mapped,-16.524936998375104,17.485803930313637,-4.494123753052223,1,0.0,0.0,interior
T099,L,3795,T013,215,0,mapped,-17.61244504428088,17.47041468132204,-4.152515482136916,1,0.0,0.0,interior
T099,L,3796,T013,216,0,mapped,-18.572521787343604,17.427710658523463,-3.8284937565956785,1,0.0,0.0,interior
T099,L,3797,T013,217,0,mapped,-19.649154243882755,17.46478739557304,-3.625307051727491,1,0.0,0.0,interior
T099,L,3798,T013,218,0,mapped,-20.796600086594133,17.415694553563725,-3.522868493888067,1,0.0,0.0,interior
T099,L,3799,T013,221,0,mapped,-11.08474262658365,20.780662026731118,-8.427202008413367,1,0.0,0.0,interior
T099,L,3800,T013,222,0,mapped,-11.40006437466473,20.961610684042792,-7.419098862317992,1,0.0,0.0,interior
T099,L,3801,T013,223,0,mapped,-12.189544473391427,20.967836302617336,-6.6304723063298425,1,0.0,0.0,interior
T099,L,3802,T013,224,0,mapped,-12.95028082838032,20.395326219271695,-6.111011597103184,1,0.0,0.0,interior
T099,L,3803,T013,225,0,mapped,-13.64253568281342,19.625820769721823,-5.810310611474465,1,0.0,0.0,interior
T099,L,3804,T013,226,0,mapped,-14.47729183810958,18.934952230468625,-5.53098145040696,1,0.0,0.0,interior
T099,L,3805,T013,227,0,mapped,-15.605604670647157,18.49311421768367,-5.202626652281529,1,0.0,0.0,interior
T099,L,3806,T013,228,0,mapped,-16.54781802762498,18.258533847063077,-4.789319763947653,1,0.0,0.0,interior
T099,L,3807,T013,229,0,mapped,-17.582639005017388,18.085892526605665,-4.336624740261183,1,0.0,0.0,interior
T099,L,3808,T013,230,0,mapped,-18.730638962037656,18.030182101795127,-3.9822799858247855,1,0.0,0.0,interior
T099,L,3809,T013,231,0,mapped,-19.646932116347926,18.020754968186736,-3.769145965926649,1,0.0,0.0,interior
T099,L,3810,T013,232,0,mapped,-20.745983531063423,17.828331761677678,-3.6595970283132715,1,0.0,0.0,interior
T099,L,3811,T013,235,0,mapped,-11.631440948567272,21.445501363590434,-8.291343009643002,1,0.0,0.0,interior
T099,L,3812,T013,236,0,mapped,-12.291463793574477,21.24255950885624,-7.320931711319723,1,0.0,0.0,interior
T099,L,3813,T013,237,0,mapped,-13.049155042465959,20.873811572748092,-6.71030752573267,1,0.0,0.0,interior
T099,L,3814,T013,238,0,mapped,-13.727663510716432,20.231328599184458,-6.2652089542025635,1,0.0,0.0,interior
T099,L,3815,T013,239,0,mapped,-14.661073638543408,19.67339421860054,-6.017089181584554,1,0.0,0.0,interior
T099,L,3816,T013,240,0,mapped,-15.577250658069469,19.148510057959374,-5.542381746775925,1,0.0,0.0,interior
T099,L,3817,T013,241,0,mapped,-16.577410625961328,18.944819736948627,-5.040671196725352,1,0.0,0.0,interior
T099,L,3818,T013,242,0,mapped,-17.597435990934095,18.71095054425697,-4.596211916757817,1,0.0,0.0,interior
T099,L,3819,T013,243,0,mapped,-18.594387694223627,18.54883795910761,-4.247143489563635,1,0.0,0.0,interior
T099,L,3820,T013,244,0,mapped,-19.639049606490993,18.536639627571237,-3.9917159326655067,1,0.0,0.0,interior
T099,L,3821,T013,245,0,mapped,-20.745450559771776,18.308432801846063,-3.8387375307841047,1,0.0,0.0,interior
T099,L,3822,T013,248,0,mapped,-12.500030865172286,21.680252535739783,-7.980769652918524,1,0.0,0.0,interior
T099,L,3823,T013,249,0,mapped,-13.170280136492178,21.31810251408952,-7.248994424234475,1,0.0,0.0,interior
T099,L,3824,T013,250,0,mapped,-13.951260829592066,20.849806760056488,-6.773986591149834,1,0.0,0.0,interior
T099,L,3825,T013,251,0,mapped,-14.741876184330032,20.346292335274576,-6.426988238680492,1,0.0,0.0,interior
T099,L,3826,T013,252,0,mapped,-15.662075525529925,19.863703634568733,-5.8780389571150025,1,0.0,0.0,interior
T099,L,3827,T013,253,0,mapped,-16.59104945564158,19.553963519857916,-5.353524952897427,1,0.0,0.0,interior
T099,L,3828,T013,254,0,mapped,-17.53410232555145,19.316953961565787,-4.885161599564373,1,0.0,0.0,interior
T099,L,3829,T013,255,0,mapped,-18.60606167767072,19.10690140448208,-4.517008498657784,1,0.0,0.0,interior
T099,L,3830,T013,256,0,mapped,-19.598044680594796,19.00449776608401,-4.225882702986889,1,0.0,0.0,interior
T099,L,3831,T013,257,0,mapped,-20.736335563763156,18.757460201853448,-4.052173008709941,1,0.0,0.0,interior
T099,L,3832,T013,260,0,mapped,-13.16685152533503,21.894449817935758,-7.88016844106604,1,0.0,0.0,interior
T099,L,3833,T013,261,0,mapped,-13.98768132838456,21.474420308013084,-7.208819674781809,1,0.0,0.0,interior
T099,L,3834,T013,262,0,mapped,-14.829449199583262,21.073898542976497,-6.792619569179996,1,0.0,0.0,interior
T099,L,3835,T013,263,0,mapped,-15.68461166998159,20.492076694516868,-6.253496925357787,1,0.0,0.0,interior
T099,L,3836,T013,264,0,mapped,-16.598354912855598,20.1518647534461,-5.69031901934286,1,0.0,0.0,interior
T099,L,3837,T013,265,0,mapped,-17.582389585264345,19.92745449853645,-5.207429556636539,1,0.0,0.0,interior
T099,L,3838,T013,266,0,mapped,-18.58191428106287,19.649838108311528,-4.791640826178801,1,0.0,0.0,interior
T099,L,3839,T013,267,0,mapped,-19.586423248037427,19.410536063816714,-4.4887463872097655,1,0.0,0.0,interior
T099,L,3840,T013,268,0,mapped,-20.69657552877328,19.22962902020663,-4.316686295620137,1,0.0,0.0,interior
T099,L,3841,T013,271,0,mapped,-13.984421295209769,22.149864083593787,-7.709468124032309,1,0.0,0.0,interior
T099,L,3842,T013,272,0,mapped,-14.743790818320488,21.562440709235688,-7.186171567755535,1,0.0,0.0,interior
T099,L,3843,T013,273,0,mapped,-15.712354919705835,21.188100528937383,-6.669443360004401,1,0.0,0.0,interior
T099,L,3844,T013,274,0,mapped,-16.46896611018202,20.710741865401783,-6.158595025716444,1,0.0,0.0,interior
T099,L,3845,T013,275,0,mapped,-17.433885972140654,20.41714532587536,-5.6858983197301125,1,0.0,0.0,interior
T099,L,3846,T013,276,0,mapped,-18.413864621206187,20.134060598979215,-5.1786546131563025,1,0.0,0.0,interior
T099,L,3847,T013,277,0,mapped,-19.435140281698295,19.7404472121224,-4.787332600850188,1,0.0,0.0,interior
T099,L,3848,T013,278,0,mapped,-20.628475949432286,19.47850682257206,-4.506137334123366,1,0.0,0.0,interior
T099,L,3849,T013,281,0,mapped,-14.778150681638248,22.087151522890913,-7.49185709724265,1,0.0,0.0,interior
T099,L,3850,T013,282,0,mapped,-15.540306343111201,21.573480969625834,-7.009154173841624,1,0.0,0.0,interior
T099,L,3851,T013,283,0,mapped,-16.479162626898635,21.12182698193685,-6.543535533192516,1,0.0,0.0,interior
T099,L,3852,T013,284,0,mapped,-17.365475017606734,20.8496037436136,-6.02038177208019,1,0.0,0.0,interior
T099,L,3853,T013,285,0,mapped,-18.29770856202419,20.594533482905675,-5.58690820475384,1,0.0,0.0,interior
T099,L,3854,T013,286,0,mapped,-19.433389551093754,20.29989126903587,-5.331986234300201,1,0.0,0.0,interior
T099,L,3855,T013,287,0,mapped,-20.62816603021485,20.013485936420775,-4.959784774124127,1,0.0,0.0,interior
T099,L,3856,T013,290,0,mapped,-15.46270648600569,22.022379867300998,-7.4199486205669585,1,0.0,0.0,interior
T099,L,3857,T013,291,0,mapped,-16.448690221835097,21.476605945905217,-6.9120010788150665,1,0.0,0.0,interior
T099,L,3858,T013,292,0,mapped,-17.341105615584524,21.20047568190827,-6.4498782285111265,1,0.0,0.0,interior
T099,L,3859,T013,293,0,mapped,-18.173040655842726,20.912002939112607,-5.935019072536701,1,0.0,0.0,interior
T099,L,3860,T013,294,0,mapped,-19.34879667494868,20.658695009841765,-5.648628248372971,1,0.0,0.0,interior
T099,L,3861,T013,295,0,mapped,-20.618530973266196,20.292177883363248,-5.2222614046724,1,0.0,0.0,interior
T099,L,3862,T013,298,0,mapped,-16.394530525512018,21.775754064203902,-7.33732306843636,1,0.0,0.0,interior
T099,L,3863,T013,299,0,mapped,-17.300190042507985,21.538114991909204,-6.879763351052933,1,0.0,0.0,interior
T099,L,3864,T013,300,0,mapped,-18.297301951867333,21.22254171763683,-6.3807499003903345,1,0.0,0.0,interior
T099,L,3865,T013,301,0,mapped,-19.226514315995242,20.96506667816523,-5.9491996011066615,1,0.0,0.0,interior
T099,L,3866,T013,302,0,mapped,-20.44201647600805,20.626357543964605,-5.609228017851969,1,0.0,0.0,interior
T099,L,3867,T013,305,0,mapped,-17.234227790560286,21.77950236650105,-7.376177691954387,1,0.0,0.0,interior
T099,L,3868,T013,306,0,mapped,-18.21682826368237,21.516600744660664,-6.746389957639835,1,0.0,0.0,interior
T099,L,3869,T013,307,0,mapped,-19.03298027679764,21.20115893717032,-6.310004164054201,1,0.0,0.0,interior
T099,L,3870,T013,308,0,mapped,-20.328409954107507,20.955764870894455,-6.043093598239089,1,0.0,0.0,interior
T099,L,3871,T013,311,0,mapped,-18.0820299304596,21.72856308429458,-7.222304059650645,1,0.0,0.0,interior
T099,L,3872,T013,312,0,mapped,-19.067250291065747,21.46151308053346,-6.697257705071467,1,0.0,0.0,interior
T099,L,3873,T013,313,0,mapped,-20.137324606123848,21.207266279410515,-6.363901207262538,1,0.0,0.0,interior
T099,L,3874,T013,316,0,mapped,-19.03107603613998,21.694758081344215,-7.302045731463595,1,0.0,0.0,interior
T099,L,3875,T013,317,0,mapped,-19.966039881542724,21.44310168128084,-6.769931271864115,1,0.0,0.0,interior
T099,L,3876,T013,320,0,mapped,-19.82328400559937,21.59710920300322,-7.093086594848501,1,0.0,0.0,interior
T099,L,3877,T014,1,0,mapped,-17.381659961475542,12.407241034103054,-14.773406176953749,1,0.0,0.0,interior
T099,L,3878,T014,2,0,mapped,-16.713672810729364,11.312888334962091,-14.592102858045559,1,0.0,0.0,interior
T099,L,3879,T014,3,0,mapped,-16.02747232175875,10.257600486026151,-14.208220193437228,1,0.0,0.0,interior
T099,L,3880,T014,4,0,mapped,-15.250064677880554,9.520807358209552,-13.570276575928894,1,0.0,0.0,interior
T099,L,3881,T014,5,0,mapped,-14.694481331995908,8.551417335606882,-13.03853205261647,1,0.0,0.0,interior
T099,L,3882,T014,6,0,mapped,-14.422016288007367,7.412828576748678,-12.499772988837849,1,0.0,0.0,interior
T099,L,3883,T014,7,0,mapped,-14.174823081962874,6.532622202443704,-11.567186855300022,1,0.0,0.0,interior
T099,L,3884,T014,8,0,mapped,-13.949211870723653,5.657810778031074,-10.605392958735354,1,0.0,0.0,interior
T099,L,3885,T014,9,0,mapped,-13.721851763596304,4.5874658774520505,-9.888096871918439,1,0.0,0.0,interior
T099,L,3886,T014,10,0,mapped,-13.517825905090527,3.3583559388612123,-9.474195058516669,1,0.0,0.0,interior
T099,L,3887,T014,11,0,mapped,-13.292272935387642,2.122610468627297,-9.053543880558347,1,0.0,0.0,interior
T099,L,3888,T014,12,0,mapped,-13.014821092240341,0.8901197707158488,-8.821339212332548,1,0.0,0.0,interior
T099,L,3889,T014,13,0,mapped,-12.321584537169109,-0.04656642833508329,-8.359092463053305,1,0.0,0.0,interior
T099,L,3890,T014,14,0,mapped,-11.58082545050717,-1.0525434669657905,-7.992379539107987,1,0.0,0.0,interior
T099,L,3891,T014,15,0,mapped,-10.984998927605194,-2.1764987398358357,-7.854586691259413,1,0.0,0.0,interior
T099,L,3892,T014,16,0,mapped,-10.40396324632934,-3.3151709683927386,-7.715882018304276,1,0.0,0.0,interior
T099,L,3893,T014,17,0,mapped,-9.88700808588241,-4.513775832311943,-7.664428514107975,1,0.0,0.0,interior
T099,L,3894,T014,18,0,mapped,-9.546184573493457,-5.759579908667998,-7.553672919359748,1,0.0,0.0,interior
T099,L,3895,T014,19,0,mapped,-9.33509302713487,-7.015888650423932,-7.2922612849478,1,0.0,0.0,interior
T099,L,3896,T014,20,0,mapped,-9.16043366740576,-8.121298829793709,-6.609225007450313,1,0.0,0.0,interior
T099,L,3897,T014,21,0,mapped,-9.29024153360856,-9.139833160540348,-5.866394932831611,1,0.0,0.0,interior
T099,L,3898,T014,22,0,mapped,-9.538902344572891,-9.87975347653823,-4.892707777291555,1,0.0,0.0,interior
T099,L,3899,T014,23,2,smooth_near_vertex,-9.876075160441594,-10.236270995915302,-4.02874110130076,1,0.0,0.0,interior
T099,L,3900,T014,24,-1,landmark_vertex,-10.512000019869443,-10.774454901719348,-2.8965656094120025,1,0.0,0.0,landmark
T099,L,3901,T014,25,0,mapped,-17.745120175590923,13.26886748232428,-14.540392000708948,2,8.881784197001252e-16,4.440892098500626e-16,shared_edge
T099,L,3902,T014,26,0,mapped,-16.984389664184,12.173665601342863,-14.47463267839944,1,0.0,0.0,interior
T099,L,3903,T014,27,0,mapped,-16.3316111075114,11.011561562551918,-14.278888682394705,1,0.0,0.0,interior
T099,L,3904,T014,28,0,mapped,-15.640532268780621,10.114372441752083,-13.913468358501797,1,0.0,0.0,interior
T099,L,3905,T014,29,0,mapped,-14.91455138002086,9.344026758342888,-13.178725965354074,1,0.0,0.0,interior
T099,L,3906,T014,30,0,mapped,-14.450818390379103,8.193252091113113,-12.77069676249114,1,0.0,0.0,interior
T099,L,3907,T014,31,0,mapped,-14.19311770637541,7.108765638619966,-12.0543973040594,1,0.0,0.0,interior
T099,L,3908,T014,32,0,mapped,-13.985423265686919,6.300259998739719,-11.108433044642677,1,0.0,0.0,interior
T099,L,3909,T014,33,0,mapped,-13.80463363772662,5.353434591200305,-10.29542270645713,1,0.0,0.0,interior
T099,L,3910,T014,34,0,mapped,-13.525498160284773,4.300572025234484,-9.662281747782462,1,0.0,0.0,interior
T099,L,3911,T014,35,0,mapped,-13.356520480034463,3.068594453993999,-9.255513768672174,1,0.0,0.0,interior
T099,L,3912,T014,36,0,mapped,-13.10167388169005,1.8792799054533589,-8.82835039941205,1,0.0,0.0,interior
T099,L,3913,T014,37,0,mapped,-12.60758804473566,0.7475728746288581,-8.44028728674167,1,0.0,0.0,interior
T099,L,3914,T014,38,0,mapped,-11.930854112162624,-0.322316664817933,-8.045153559801193,1,0.0,0.0,interior
T099,L,3915,T014,39,0,mapped,-11.275299649390039,-1.3807364499492323,-7.7944745120273815,1,0.0,0.0,interior
T099,L,3916,T014,40,0,mapped,-10.655808381848582,-2.4501740763986746,-7.594674201513277,1,0.0,0.0,interior
T099,L,3917,T014,41,0,mapped,-10.125744001699953,-3.6360374503892885,-7.503257150264747,1,0.0,0.0,interior
T099,L,3918,T014,42,0,mapped,-9.585124689111122,-4.862220939231992,-7.359043447929087,1,0.0,0.0,interior
T099,L,3919,T014,43,0,mapped,-9.314815727316208,-6.089198062373423,-7.265635719165877,1,0.0,0.0,interior
T099,L,3920,T014,44,0,mapped,-9.050252935819861,-7.196501404499372,-6.811768253975943,1,0.0,0.0,interior
T099,L,3921,T014,45,0,mapped,-8.985809132096598,-8.342074409060888,-6.101087006242528,1,0.0,0.0,interior
T099,L,3922,T014,46,0,mapped,-9.190551723403846,-9.29156548882597,-5.343067059605259,1,0.0,0.0,interior
T099,L,3923,T014,47,0,mapped,-9.6052885715253,-10.068633925559876,-4.408637123485308,1,0.0,0.0,interior
T099,L,3924,T014,48,2,smooth_near_vertex,-9.84810970579875,-10.222241679843759,-3.917053895014174,1,0.0,0.0,interior
T099,L,3925,T014,49,0,mapped,-17.38627291945331,13.088396542081304,-14.280272325034733,2,0.0,0.0,shared_edge
T099,L,3926,T014,50,0,mapped,-16.674411628507332,12.013844465125853,-14.193827915084029,1,0.0,0.0,interior
T099,L,3927,T014,51,0,mapped,-15.94913595225314,10.889575906805566,-13.92188846014299,1,0.0,0.0,interior
T099,L,3928,T014,52,0,mapped,-15.26377564762635,9.937408582087215,-13.499971849580977,1,0.0,0.0,interior
T099,L,3929,T014,53,0,mapped,-14.648443937803647,8.986522108276766,-12.920273951764743,1,0.0,0.0,interior
T099,L,3930,T014,54,0,mapped,-14.252305157435815,7.917377299070221,-12.39531555639839,1,0.0,0.0,interior
T099,L,3931,T014,55,0,mapped,-14.016558016760202,6.868869996954951,-11.589334001591077,1,0.0,0.0,interior
T099,L,3932,T014,56,0,mapped,-13.83658840128675,5.9875047001286035,-10.686089711111062,1,0.0,0.0,interior
T099,L,3933,T014,57,0,mapped,-13.604771173500348,5.028055549850247,-9.948366273534003,1,0.0,0.0,interior
T099,L,3934,T014,58,0,mapped,-13.31792483081425,3.960260235269338,-9.406477895184683,1,0.0,0.0,interior
T099,L,3935,T014,59,0,mapped,-13.167352755438229,2.7768285058511566,-9.005850437157667,1,0.0,0.0,interior
T099,L,3936,T014,60,0,mapped,-12.887443267462613,1.6323879865165658,-8.583710020545752,1,0.0,0.0,interior
T099,L,3937,T014,61,0,mapped,-12.251897605376344,0.4941240545084611,-8.133757119351362,1,0.0,0.0,interior
T099,L,3938,T014,62,0,mapped,-11.630209779195736,-0.5549907812442854,-7.796535124775848,1,0.0,0.0,interior
T099,L,3939,T014,63,0,mapped,-10.972272325723976,-1.6535021452470886,-7.568938091864813,1,0.0,0.0,interior
T099,L,3940,T014,64,0,mapped,-10.358274749671308,-2.7431019788527635,-7.321432920667734,1,0.0,0.0,interior
T099,L,3941,T014,65,0,mapped,-9.850361031577279,-3.9178371158844953,-7.259267566742828,1,0.0,0.0,interior
T099,L,3942,T014,66,0,mapped,-9.418658375802067,-5.149331929096537,-7.161786134636602,1,0.0,0.0,interior
T099,L,3943,T014,67,0,mapped,-9.128086343606189,-6.381654676664741,-6.989526503044999,1,0.0,0.0,interior
T099,L,3944,T014,68,0,mapped,-8.845968269447424,-7.455015991247485,-6.316373389987854,1,0.0,0.0,interior
T099,L,3945,T014,69,0,mapped,-8.892812083433515,-8.578756654546499,-5.609488182137966,1,0.0,0.0,interior
T099,L,3946,T014,70,0,mapped,-9.051782831750582,-9.37684660868035,-4.683266261219606,1,0.0,0.0,interior
T099,L,3947,T014,71,2,smooth_near_vertex,-9.399075071358663,-9.809606896180494,-4.334271745858622,1,0.0,0.0,interior
T099,L,3948,T014,72,0,mapped,-17.019136633696466,12.95872305353035,-13.884462078693243,2,0.0,0.0,shared_edge
T099,L,3949,T014,73,0,mapped,-16.32241695110189,11.735044242220642,-13.903953385929366,1,0.0,0.0,interior
T099,L,3950,T014,74,0,mapped,-15.568828141572029,10.578529660613276,-13.621687092994298,1,0.0,0.0,interior
T099,L,3951,T014,75,0,mapped,-14.926545940231605,9.661076471882017,-13.052687562455638,1,0.0,0.0,interior
T099,L,3952,T014,76,0,mapped,-14.429404842946893,8.680519458915125,-12.640578442655569,1,0.0,0.0,interior
T099,L,3953,T014,77,0,mapped,-14.041786688053664,7.57051814871293,-11.918440034491939,1,0.0,0.0,interior
T099,L,3954,T014,78,0,mapped,-13.854283167711916,6.603412263250295,-11.107647241916244,1,0.0,0.0,interior
T099,L,3955,T014,79,0,mapped,-13.637303402694261,5.6768563606086495,-10.298178643905551,1,0.0,0.0,interior
T099,L,3956,T014,80,0,mapped,-13.392258419464227,4.7187479294922205,-9.63192386353736,1,0.0,0.0,interior
T099,L,3957,T014,81,0,mapped,-13.197613030538976,3.6636755259670934,-9.189154383438517,1,0.0,0.0,interior
T099,L,3958,T014,82,0,mapped,-12.919919756204118,2.5374966495333275,-8.66976517690729,1,0.0,0.0,interior
T099,L,3959,T014,83,0,mapped,-12.685099763990829,1.3755474584431333,-8.377469913089657,1,0.0,0.0,interior
T099,L,3960,T014,84,0,mapped,-11.97713966113387,0.20119197992145743,-7.919981171903209,1,0.0,0.0,interior
T099,L,3961,T014,85,0,mapped,-11.290218193527586,-0.8717209424818186,-7.565053670879984,1,0.0,0.0,interior
T099,L,3962,T014,86,0,mapped,-10.645011598453,-1.903399150678787,-7.301290974049614,1,0.0,0.0,interior
T099,L,3963,T014,87,0,mapped,-10.04197728128343,-3.0382097027864,-7.068011316049784,1,0.0,0.0,interior
T099,L,3964,T014,88,0,mapped,-9.534220073241578,-4.2603454493545385,-6.991168173157233,1,0.0,0.0,interior
T099,L,3965,T014,89,0,mapped,-9.193251815548628,-5.46006031474835,-6.902361952003876,1,0.0,0.0,interior
T099,L,3966,T014,90,0,mapped,-8.878101070882426,-6.570957128494523,-6.532338032760544,1,0.0,0.0,interior
T099,L,3967,T014,91,0,mapped,-8.73862649666168,-7.75467126556569,-5.869419878220247,1,0.0,0.0,interior
T099,L,3968,T014,92,0,mapped,-8.771078960578503,-8.713138321101813,-5.079399249961119,1,0.0,0.0,interior
T099,L,3969,T014,93,0,mapped,-9.091119176360019,-9.570705370638006,-4.328129703715399,1,0.0,0.0,interior
T099,L,3970,T014,94,0,mapped,-16.69957679814582,12.69001542726277,-13.639649203396111,2,0.0,0.0,shared_edge
T099,L,3971,T014,95,0,mapped,-15.927181026083469,11.438114950075308,-13.523015162804297,1,0.0,0.0,interior
T099,L,3972,T014,96,0,mapped,-15.253002820760372,10.36275302042181,-13.240792676249097,1,0.0,0.0,interior
T099,L,3973,T014,97,0,mapped,-14.641710116179201,9.381461293963245,-12.698518295129464,1,0.0,0.0,interior
T099,L,3974,T014,98,0,mapped,-14.249316165488167,8.276141604265387,-12.36528303070853,1,0.0,0.0,interior
T099,L,3975,T014,99,0,mapped,-13.900070786368538,7.307901443447836,-11.560080735087961,1,0.0,0.0,interior
T099,L,3976,T014,100,0,mapped,-13.682108290345916,6.336293032404889,-10.683789852160015,1,0.0,0.0,interior
T099,L,3977,T014,101,0,mapped,-13.443934289194392,5.404830085761972,-9.967668725935013,1,0.0,0.0,interior
T099,L,3978,T014,102,0,mapped,-13.169550173253432,4.451009516935024,-9.37245121044456,1,0.0,0.0,interior
T099,L,3979,T014,103,0,mapped,-12.95529797744003,3.371374518644661,-8.849256598475552,1,0.0,0.0,interior
T099,L,3980,T014,104,0,mapped,-12.801585699781066,2.2178637614633914,-8.512140006264492,1,0.0,0.0,interior
T099,L,3981,T014,105,0,mapped,-12.30238630417425,1.0631192614146663,-8.091703847422428,1,0.0,0.0,interior
T099,L,3982,T014,106,0,mapped,-11.583967012165381,-0.0891464923815164,-7.561191830532532,1,0.0,0.0,interior
T099,L,3983,T014,107,0,mapped,-10.9275669153958,-1.1038228264782113,-7.285108759919066,1,0.0,0.0,interior
T099,L,3984,T014,108,0,mapped,-10.355882698593437,-2.2434787914693786,-7.09961100450537,1,0.0,0.0,interior
T099,L,3985,T014,109,0,mapped,-9.841469488566315,-3.345575856104908,-6.944182469120246,1,0.0,0.0,interior
T099,L,3986,T014,110,0,mapped,-9.321032688693657,-4.570672473567839,-6.797381728376038,1,0.0,0.0,interior
T099,L,3987,T014,111,0,mapped,-8.964288595213759,-5.693106904826109,-6.570589431195028,1,0.0,0.0,interior
T099,L,3988,T014,112,0,mapped,-8.70181871521752,-6.759769621404047,-6.013123201570876,1,0.0,0.0,interior
T099,L,3989,T014,113,0,mapped,-8.642088365661118,-8.011023149792948,-5.421419480511194,1,0.0,0.0,interior
T099,L,3990,T014,114,0,mapped,-8.67603296065611,-8.861790760973562,-4.578383099170642,1,0.0,0.0,interior
T099,L,3991,T014,115,0,mapped,-16.376279077382957,12.374014050287458,-13.365835070786371,2,0.0,0.0,shared_edge
T099,L,3992,T014,116,0,mapped,-15.625241214776983,11.186489335058093,-13.215711583164786,1,0.0,0.0,interior
T099,L,3993,T014,117,0,mapped,-15.005539384566202,10.145519271745494,-12.830859497049374,1,0.0,0.0,interior
T099,L,3994,T014,118,0,mapped,-14.435475079309432,9.09649954971164,-12.405664623698511,1,0.0,0.0,interior
T099,L,3995,T014,119,0,mapped,-14.034877972885035,7.92090275268245,-11.874964197419878,1,0.0,0.0,interior
T099,L,3996,T014,120,0,mapped,-13.726835744029863,7.002942828739894,-11.110515783071529,1,0.0,0.0,interior
T099,L,3997,T014,121,0,mapped,-13.505605171271819,6.024734139149398,-10.293591293577943,1,0.0,0.0,interior
T099,L,3998,T014,122,0,mapped,-13.253198827281434,5.142348466328915,-9.684076841318511,1,0.0,0.0,interior
T099,L,3999,T014,123,0,mapped,-12.989772324306854,4.207945266929514,-9.099395422290565,1,0.0,0.0,interior
T099,L,4000,T014,124,0,mapped,-12.743992331871752,3.0843284190461695,-8.54630057812404,1,0.0,0.0,interior
T099,L,4001,T014,125,0,mapped,-12.411016382877344,2.0585765512252685,-8.13186885964587,1,0.0,0.0,interior
T099,L,4002,T014,126,0,mapped,-11.988215787446656,0.8227461035537296,-7.7472207847749015,1,0.0,0.0,interior
T099,L,4003,T014,127,0,mapped,-11.224206508390663,-0.3368976707543574,-7.274789102913381,1,0.0,0.0,interior
T099,L,4004,T014,128,0,mapped,-10.603897714796576,-1.4181908601801503,-7.051731866296677,1,0.0,0.0,interior
T099,L,4005,T014,129,0,mapped,-10.056263257099886,-2.5018402247122147,-6.856367886276615,1,0.0,0.0,interior
T099,L,4006,T014,130,0,mapped,-9.48533441929455,-3.6740943223017055,-6.650679177794036,1,0.0,0.0,interior
T099,L,4007,T014,131,0,mapped,-9.089371829242097,-4.821309583837305,-6.42625173221383,1,0.0,0.0,interior
T099,L,4008,T014,132,0,mapped,-8.784589043859327,-5.958244488234918,-6.218761863066115,1,0.0,0.0,interior
T099,L,4009,T014,133,0,mapped,-8.5438929549787,-7.119831018024431,-5.487279289195147,1,0.0,0.0,interior
T099,L,4010,T014,134,0,mapped,-8.538118237480862,-8.141235897242986,-5.040227308283203,1,0.0,0.0,interior
T099,L,4011,T014,135,0,mapped,-16.088980371468377,12.085328884351798,-12.991323836464726,2,1.790180836524724e-15,8.95090418262362e-16,shared_edge
T099,L,4012,T014,136,0,mapped,-15.36148942461439,10.886441548753204,-12.908209989752141,1,0.0,0.0,interior
T099,L,4013,T014,137,0,mapped,-14.76232885140871,9.790210242561763,-12.50192570627865,1,0.0,0.0,interior
T099,L,4014,T014,138,0,mapped,-14.227269705730082,8.728264254109245,-12.054554840336696,1,0.0,0.0,interior
T099,L,4015,T014,139,0,mapped,-13.86738241218454,7.713880256293637,-11.523379957366897,1,0.0,0.0,interior
T099,L,4016,T014,140,0,mapped,-13.559855486465565,6.6579209788684395,-10.62830966521376,1,0.0,0.0,interior
T099,L,4017,T014,141,0,mapped,-13.291718420740198,5.814010921900831,-9.95261689267117,1,0.0,0.0,interior
T099,L,4018,T014,142,0,mapped,-13.011765540931249,4.896783376348509,-9.35252936328428,1,0.0,0.0,interior
T099,L,4019,T014,143,0,mapped,-12.826926950237155,3.9337591777109147,-8.864446243027487,1,0.0,0.0,interior
T099,L,4020,T014,144,0,mapped,-12.547024261069204,2.849211561393169,-8.31514414614559,1,0.0,0.0,interior
T099,L,4021,T014,145,0,mapped,-12.154406021376852,1.7339645901998288,-7.815711980992536,1,0.0,0.0,interior
T099,L,4022,T014,146,0,mapped,-11.639456343487682,0.48283603813611364,-7.476178646213333,1,0.0,0.0,interior
T099,L,4023,T014,147,0,mapped,-10.922668617671864,-0.6133177330016473,-7.037292091463986,1,0.0,0.0,interior
T099,L,4024,T014,148,0,mapped,-10.329487142060728,-1.719138294803635,-6.83931977109636,1,0.0,0.0,interior
T099,L,4025,T014,149,0,mapped,-9.744038105447942,-2.7953202396670136,-6.631687692499938,1,0.0,0.0,interior
T099,L,4026,T014,150,0,mapped,-9.253323581389246,-3.8735727689217114,-6.398664324210468,1,0.0,0.0,interior
T099,L,4027,T014,151,0,mapped,-8.904681153506166,-5.049222175376272,-6.170134607005274,1,0.0,0.0,interior
T099,L,4028,T014,152,0,mapped,-8.536684482392063,-6.13768379070525,-5.682018355113954,1,0.0,0.0,interior
T099,L,4029,T014,153,0,mapped,-8.353629821089418,-7.279038535423474,-5.084019981571936,1,0.0,0.0,interior
T099,L,4030,T014,154,0,mapped,-15.7840970345831,11.712761069421713,-12.757300714480854,2,0.0,0.0,shared_edge
T099,L,4031,T014,155,0,mapped,-15.116404297630346,10.598490895767345,-12.534217115438162,1,0.0,0.0,interior
T099,L,4032,T014,156,0,mapped,-14.50606465445329,9.493854393226181,-12.169186031579542,1,0.0,0.0,interior
T099,L,4033,T014,157,0,mapped,-14.043570910139007,8.4641012547661,-11.68421453449308,1,0.0,0.0,interior
T099,L,4034,T014,158,0,mapped,-13.675125696432962,7.352465240768085,-11.05626039340842,1,0.0,0.0,interior
T099,L,4035,T014,159,0,mapped,-13.367027107761745,6.385997560319005,-10.206332295797282,1,0.0,0.0,interior
T099,L,4036,T014,160,0,mapped,-13.047584423500405,5.597052686525842,-9.617035390787501,1,0.0,0.0,interior
T099,L,4037,T014,161,0,mapped,-12.803367775666072,4.676190626177199,-9.086387522784086,1,0.0,0.0,interior
T099,L,4038,T014,162,0,mapped,-12.563055073762182,3.680017235206435,-8.510828377707611,1,0.0,0.0,interior
T099,L,4039,T014,163,0,mapped,-12.237519739959604,2.5799755140565175,-7.97527792867332,1,0.0,0.0,interior
T099,L,4040,T014,164,0,mapped,-11.913947186413024,1.4412720111133872,-7.586095545728416,1,0.0,0.0,interior
T099,L,4041,T014,165,0,mapped,-11.22355210192734,0.17256002092253198,-7.084624944721366,1,0.0,0.0,interior
T099,L,4042,T014,166,0,mapped,-10.59358884539208,-0.8810514082438665,-6.826010387372893,1,0.0,0.0,interior
T099,L,4043,T014,167,0,mapped,-10.042507399835422,-1.9575024864839818,-6.6278953918952155,1,0.0,0.0,interior
T099,L,4044,T014,168,0,mapped,-9.51460476805605,-2.9920010051650863,-6.388167322229847,1,0.0,0.0,interior
T099,L,4045,T014,169,0,mapped,-9.037665088653839,-4.21358054594651,-6.173818387019008,1,0.0,0.0,interior
T099,L,4046,T014,170,0,mapped,-8.68365477015243,-5.317593764518573,-5.879274334486709,1,0.0,0.0,interior
T099,L,4047,T014,171,0,mapped,-8.297556639819675,-6.412967635918221,-5.166200778504496,1,0.0,0.0,interior
T099,L,4048,T014,172,0,mapped,-15.505961784856076,11.33590187648103,-12.461669738260879,2,0.0,0.0,shared_edge
T099,L,4049,T014,173,0,mapped,-14.87001725360482,10.231985916727957,-12.146774476814995,1,0.0,0.0,interior
T099,L,4050,T014,174,0,mapped,-14.300262594513127,9.21535184718349,-11.748284020161012,1,0.0,0.0,interior
T099,L,4051,T014,175,0,mapped,-13.843445715212036,8.032797274718899,-11.327977835809591,1,0.0,0.0,interior
T099,L,4052,T014,176,0,mapped,-13.518772121032205,7.017465820740336,-10.631553298733223,1,0.0,0.0,interior
T099,L,4053,T014,177,0,mapped,-13.207705501128554,6.146334887989838,-9.957252041125095,1,0.0,0.0,interior
T099,L,4054,T014,178,0,mapped,-12.862590977246361,5.301632345322055,-9.370782974509604,1,0.0,0.0,interior
T099,L,4055,T014,179,0,mapped,-12.566647860367478,4.4368464400389165,-8.779043912061198,1,0.0,0.0,interior
T099,L,4056,T014,180,0,mapped,-12.345937739842094,3.397758687734161,-8.242499256489232,1,0.0,0.0,interior
T099,L,4057,T014,181,0,mapped,-12.042685806390649,2.3753608678606497,-7.746683203182497,1,0.0,0.0,interior
T099,L,4058,T014,182,0,mapped,-11.575851022233923,1.204035999837192,-7.233641798021527,1,0.0,0.0,interior
T099,L,4059,T014,183,0,mapped,-10.906937344657251,-0.16815224390567352,-6.885055901640415,1,0.0,0.0,interior
T099,L,4060,T014,184,0,mapped,-10.201228641133184,-1.2734758387317164,-6.576245693875359,1,0.0,0.0,interior
T099,L,4061,T014,185,0,mapped,-9.77263605179437,-2.2214915226215304,-6.429460159987853,1,0.0,0.0,interior
T099,L,4062,T014,186,0,mapped,-9.219297719948946,-3.3050795389564627,-6.165647579289777,1,0.0,0.0,interior
T099,L,4063,T014,187,0,mapped,-8.810072022402998,-4.420308772186541,-5.913382204940223,1,0.0,0.0,interior
T099,L,4064,T014,188,0,mapped,-8.431173494760861,-5.571108546902348,-5.40568984159335,1,0.0,0.0,interior
T099,L,4065,T014,189,0,mapped,-15.243908067961263,10.928356611131838,-12.207036839565612,2,2.220446049250313e-15,1.1102230246251563e-15,shared_edge
T099,L,4066,T014,190,0,mapped,-14.662989972934547,9.912497589888398,-11.971309589536887,1,0.0,0.0,interior
T099,L,4067,T014,191,0,mapped,-14.113783236361835,8.866049870384774,-11.415982021679223,1,0.0,0.0,interior
T099,L,4068,T014,192,0,mapped,-13.69840328764622,7.722500301436124,-11.019266785327577,1,0.0,0.0,interior
T099,L,4069,T014,193,0,mapped,-13.298836809181223,6.805697261553618,-10.174394424586527,1,0.0,0.0,interior
T099,L,4070,T014,194,0,mapped,-12.963068809491554,5.9265983885735665,-9.608347020697718,1,0.0,0.0,interior
T099,L,4071,T014,195,0,mapped,-12.5837356877248,5.03352271167925,-9.031012801363248,1,0.0,0.0,interior
T099,L,4072,T014,196,0,mapped,-12.34007548664996,4.166550140690973,-8.49700233661011,1,0.0,0.0,interior
T099,L,4073,T014,197,0,mapped,-12.114765036698103,3.2062970537060806,-7.974066482507991,1,0.0,0.0,interior
T099,L,4074,T014,198,0,mapped,-11.686012106432898,2.196604984850868,-7.378786438229582,1,0.0,0.0,interior
T099,L,4075,T014,199,0,mapped,-11.214437121773955,0.7943004020235946,-6.977889865736499,1,0.0,0.0,interior
T099,L,4076,T014,200,0,mapped,-10.398904633419516,-0.29665438264303745,-6.557698267670178,1,0.0,0.0,interior
T099,L,4077,T014,201,0,mapped,-9.914980160519544,-1.4646847659600084,-6.403341141869458,1,0.0,0.0,interior
T099,L,4078,T014,202,0,mapped,-9.454996243324434,-2.481450195162836,-6.235824863769732,1,0.0,0.0,interior
T099,L,4079,T014,203,0,mapped,-8.970883723264812,-3.5969712108241225,-5.957155506504243,1,0.0,0.0,interior
T099,L,4080,T014,204,0,mapped,-8.560276007454153,-4.7168021493619,-5.602109677710187,1,0.0,0.0,interior
T099,L,4081,T014,205,0,mapped,-15.054122532223019,10.624737392237597,-11.887356268523403,2,4.440892098500626e-16,2.220446049250313e-16,shared_edge
T099,L,4082,T014,206,0,mapped,-14.383405027505122,9.477934998219856,-11.466417378284964,1,0.0,0.0,interior
T099,L,4083,T014,207,0,mapped,-13.874771397452003,8.451349960562682,-10.97743223452904,1,0.0,0.0,interior
T099,L,4084,T014,208,0,mapped,-13.495671904830829,7.436302052964676,-10.5487768603274,1,0.0,0.0,interior
T099,L,4085,T014,209,0,mapped,-13.101347511311893,6.587753140417945,-9.856008417770328,1,0.0,0.0,interior
T099,L,4086,T014,210,0,mapped,-12.656134108703803,5.7964256336244055,-9.24939330594313,1,0.0,0.0,interior
T099,L,4087,T014,211,0,mapped,-12.382155642414148,4.727380898570832,-8.7723632109433,1,0.0,0.0,interior
T099,L,4088,T014,212,0,mapped,-12.113761845154821,3.871117148763055,-8.193913003823393,1,0.0,0.0,interior
T099,L,4089,T014,213,0,mapped,-11.814450443697186,2.957138965056796,-7.616043287806578,1,0.0,0.0,interior
T099,L,4090,T014,214,0,mapped,-11.46959153450234,1.8711214313169435,-7.159916055252053,1,0.0,0.0,interior
T099,L,4091,T014,215,0,mapped,-10.858322541952163,0.5031880322656761,-6.719446856729844,1,0.0,0.0,interior
T099,L,4092,T014,216,0,mapped,-10.107869748904594,-0.5341421673645748,-6.413465566625854,1,0.0,0.0,interior
T099,L,4093,T014,217,0,mapped,-9.562010621920074,-1.6834010473965755,-6.2276884948327975,1,0.0,0.0,interior
T099,L,4094,T014,218,0,mapped,-9.073295419064499,-2.6529520309599874,-5.965933593558416,1,0.0,0.0,interior
T099,L,4095,T014,219,0,mapped,-8.667948849574245,-3.864339583362508,-5.737719402243167,1,0.0,0.0,interior
T099,L,4096,T014,220,0,mapped,-14.798427764797863,10.2282265668546,-11.64711970902708,2,0.0,0.0,shared_edge
T099,L,4097,T014,221,0,mapped,-14.207834454280208,9.159952411247815,-11.197532791537709,1,0.0,0.0,interior
T099,L,4098,T014,222,0,mapped,-13.744701840880946,8.198178635646459,-10.705035636082481,1,0.0,0.0,interior
T099,L,4099,T014,223,0,mapped,-13.321163433614867,7.227926165986206,-10.156278313035251,1,0.0,0.0,interior
T099,L,4100,T014,224,0,mapped,-12.87498852909196,6.3367791094610695,-9.539546338436773,1,0.0,0.0,interior
T099,L,4101,T014,225,0,mapped,-12.413419443714504,5.504713681102345,-9.03562250655626,1,0.0,0.0,interior
T099,L,4102,T014,226,0,mapped,-12.089184175240478,4.580146663865246,-8.463909427345538,1,0.0,0.0,interior
T099,L,4103,T014,227,0,mapped,-11.799302845215907,3.74535235313796,-7.9045475737048365,1,0.0,0.0,interior
T099,L,4104,T014,228,0,mapped,-11.43631375970722,2.6376402941859816,-7.250229791706532,1,0.0,0.0,interior
T099,L,4105,T014,229,0,mapped,-11.104695000940394,1.5861198742173173,-6.869615584964437,1,0.0,0.0,interior
T099,L,4106,T014,230,0,mapped,-10.36044807516334,0.27937431469939966,-6.501649516966861,1,0.0,0.0,interior
T099,L,4107,T014,231,0,mapped,-9.773329603067225,-0.829774584926696,-6.293622877688312,1,0.0,0.0,interior
T099,L,4108,T014,232,0,mapped,-9.241127763338364,-1.8621154197655052,-6.046145659676492,1,0.0,0.0,interior
T099,L,4109,T014,233,0,mapped,-8.797750161422439,-2.9939838908298313,-5.833910352932186,1,0.0,0.0,interior
T099,L,4110,T014,234,0,mapped,-14.552872085214092,9.820398967694233,-11.37228895831188,2,4.440892098500626e-16,2.220446049250313e-16,shared_edge
T099,L,4111,T014,235,0,mapped,-14.006647320964147,8.829130807820324,-10.812124978798991,1,0.0,0.0,interior
T099,L,4112,T014,236,0,mapped,-13.519476535204952,7.905474686134909,-10.307810150984249,1,0.0,0.0,interior
T099,L,4113,T014,237,0,mapped,-13.071639770688913,7.013874825043191,-9.711281992746049,1,0.0,0.0,interior
T099,L,4114,T014,238,0,mapped,-12.607010817716844,6.203229812174083,-9.247049496869867,1,0.0,0.0,interior
T099,L,4115,T014,239,0,mapped,-12.087694868962295,5.254064191666888,-8.772910804410813,1,0.0,0.0,interior
T099,L,4116,T014,240,0,mapped,-11.804824657332142,4.310130580117988,-8.109170596354154,1,0.0,0.0,interior
T099,L,4117,T014,241,0,mapped,-11.57993007714513,3.3518739318191706,-7.527829865764878,1,0.0,0.0,interior
T099,L,4118,T014,242,0,mapped,-11.100966582162908,2.503225908760893,-6.961351478041479,1,0.0,0.0,interior
T099,L,4119,T014,243,0,mapped,-10.681718939140268,1.1820104469251937,-6.631984125051542,1,0.0,0.0,interior
T099,L,4120,T014,244,0,mapped,-9.988975322996055,0.06842174650983779,-6.339880896203367,1,0.0,0.0,interior
T099,L,4121,T014,245,0,mapped,-9.463651126117197,-1.0896775185370764,-6.188561646142956,1,0.0,0.0,interior
T099,L,4122,T014,246,0,mapped,-8.914015313783949,-2.1265718872749098,-5.924208409165113,1,0.0,0.0,interior
T099,L,4123,T014,247,0,mapped,-14.339733794230527,9.413188664224837,-11.05821029673093,2,1.831026719408895e-15,9.155133597044477e-16,shared_edge
T099,L,4124,T014,248,0,mapped,-13.841158153127974,8.567199853878591,-10.443640858584702,1,0.0,0.0,interior
T099,L,4125,T014,249,0,mapped,-13.367267130509447,7.657201765028702,-9.972126521042785,1,0.0,0.0,interior
T099,L,4126,T014,250,0,mapped,-12.82240548130536,6.7796610622496125,-9.428342601020862,1,0.0,0.0,interior
T099,L,4127,T014,251,0,mapped,-12.341831312241665,5.945327611883773,-9.00156851855305,1,0.0,0.0,interior
T099,L,4128,T014,252,0,mapped,-11.82912917982413,5.082152029236067,-8.53124822506381,1,0.0,0.0,interior
T099,L,4129,T014,253,0,mapped,-11.573631198565597,4.193759528319429,-7.873827808381602,1,0.0,0.0,interior
T099,L,4130,T014,254,0,mapped,-11.203708398137284,3.2401697479565392,-7.209689557446438,1,0.0,0.0,interior
T099,L,4131,T014,255,0,mapped,-10.781914195432675,2.1328329180933423,-6.754614424795756,1,0.0,0.0,interior
T099,L,4132,T014,256,0,mapped,-10.143535647151339,0.9244676407749175,-6.452033497705338,1,0.0,0.0,interior
T099,L,4133,T014,257,0,mapped,-9.589358723575447,-0.23989581371727908,-6.237742609829052,1,0.0,0.0,interior
T099,L,4134,T014,258,0,mapped,-9.014076035196979,-1.2649607558035747,-6.069898092050945,1,0.0,0.0,interior
T099,L,4135,T014,259,0,mapped,-14.167910728361875,9.138733319763977,-10.672539376749297,2,0.0,0.0,shared_edge
T099,L,4136,T014,260,0,mapped,-13.690850482723178,8.408519385129777,-10.03346233960085,1,0.0,0.0,interior
T099,L,4137,T014,261,0,mapped,-13.116860172903317,7.371585921446826,-9.581125627359025,1,0.0,0.0,interior
T099,L,4138,T014,262,0,mapped,-12.576998802580775,6.589262464729284,-9.16389125740072,1,0.0,0.0,interior
T099,L,4139,T014,263,0,mapped,-12.088691982210833,5.734814831034711,-8.820970790663177,1,0.0,0.0,interior
T099,L,4140,T014,264,0,mapped,-11.587762717549854,4.875243240787366,-8.234112303092097,1,0.0,0.0,interior
T099,L,4141,T014,265,0,mapped,-11.293127772705528,4.0197727295763315,-7.583173021211034,1,0.0,0.0,interior
T099,L,4142,T014,266,0,mapped,-10.878371782444237,3.0688162117467606,-6.961566153899046,1,0.0,0.0,interior
T099,L,4143,T014,267,0,mapped,-10.33909839405633,1.8342077958492524,-6.582514346912795,1,0.0,0.0,interior
T099,L,4144,T014,268,0,mapped,-9.721380537476152,0.6948245212855753,-6.390044827189342,1,0.0,0.0,interior
T099,L,4145,T014,269,0,mapped,-9.161054398247742,-0.4211095708731065,-6.242264322946497,1,0.0,0.0,interior
T099,L,4146,T014,270,0,mapped,-13.988450394798328,8.851889204326998,-10.283399544131498,2,0.0,0.0,shared_edge
T099,L,4147,T014,271,0,mapped,-13.444203019523213,8.009415926407241,-9.687594699423755,1,0.0,0.0,interior
T099,L,4148,T014,272,0,mapped,-12.864024760989144,7.168947868256783,-9.242664372029893,1,0.0,0.0,interior
T099,L,4149,T014,273,0,mapped,-12.284023110402545,6.36098947536577,-8.927819556940971,1,0.0,0.0,interior
T099,L,4150,T014,274,0,mapped,-11.725511583324122,5.544500168109895,-8.576242385256563,1,0.0,0.0,interior
T099,L,4151,T014,275,0,mapped,-11.300313439451937,4.799872859757993,-7.996935374154313,1,0.0,0.0,interior
T099,L,4152,T014,276,0,mapped,-10.974502823259098,3.8409381710581414,-7.296697150080993,1,0.0,0.0,interior
T099,L,4153,T014,277,0,mapped,-10.43291802598942,2.7565245981623683,-6.767921406304611,1,0.0,0.0,interior
T099,L,4154,T014,278,0,mapped,-9.942612849242517,1.6250023857125768,-6.5480898051883525,1,0.0,0.0,interior
T099,L,4155,T014,279,0,mapped,-9.283930637283023,0.439668094475671,-6.388431955182297,1,0.0,0.0,interior
T099,L,4156,T014,280,0,mapped,-13.787322459800558,8.605257652592623,-9.84202771082255,2,0.0,0.0,shared_edge
T099,L,4157,T014,281,0,mapped,-13.239822428715193,7.718912315621264,-9.45168833265361,1,0.0,0.0,interior
T099,L,4158,T014,282,0,mapped,-12.60943531555915,6.919149105909975,-9.044209960689138,1,0.0,0.0,interior
T099,L,4159,T014,283,0,mapped,-11.963773878512605,6.214952594656705,-8.722667484888493,1,0.0,0.0,interior
T099,L,4160,T014,284,0,mapped,-11.409567367854576,5.505398887791376,-8.329623952061372,1,0.0,0.0,interior
T099,L,4161,T014,285,0,mapped,-11.040219297622322,4.563464780059839,-7.707730948500163,1,0.0,0.0,interior
T099,L,4162,T014,286,0,mapped,-10.599745260532524,3.570981540829159,-7.0565851368702734,1,0.0,0.0,interior
T099,L,4163,T014,287,0,mapped,-10.012745497861527,2.4821461881733384,-6.697413868231079,1,0.0,0.0,interior
T099,L,4164,T014,288,0,mapped,-9.418028483800832,1.2999868303304503,-6.534969811770793,1,0.0,0.0,interior
T099,L,4165,T014,289,0,mapped,-13.560129268503188,8.296994553054432,-9.508523671163589,2,0.0,0.0,shared_edge
T099,L,4166,T014,290,0,mapped,-12.940173996872849,7.430832045100269,-9.084420765833661,1,0.0,0.0,interior
T099,L,4167,T014,291,0,mapped,-12.350836829538604,6.715190838488237,-8.866082795245795,1,0.0,0.0,interior
T099,L,4168,T014,292,0,mapped,-11.627360150050853,6.097732068130373,-8.490353797894702,1,0.0,0.0,interior
T099,L,4169,T014,293,0,mapped,-11.055979279790254,5.257644598222651,-8.051849805268397,1,0.0,0.0,interior
T099,L,4170,T014,294,0,mapped,-10.708989901870517,4.3756612851314785,-7.473627175588479,1,0.0,0.0,interior
T099,L,4171,T014,295,0,mapped,-10.128561968466862,3.2899762538182067,-6.909848894103909,1,0.0,0.0,interior
T099,L,4172,T014,296,0,mapped,-9.528693786420657,2.165611074646524,-6.669908688907961,1,0.0,0.0,interior
T099,L,4173,T014,297,0,mapped,-13.338835320527695,8.022988498942896,-9.174318920875837,2,0.0,0.0,shared_edge
T099,L,4174,T014,298,0,mapped,-12.610597005615697,7.189768122410097,-8.782861708624154,1,0.0,0.0,interior
T099,L,4175,T014,299,0,mapped,-11.955212436550005,6.687016811747732,-8.524266658296664,1,0.0,0.0,interior
T099,L,4176,T014,300,0,mapped,-11.221877299281685,5.971342495314307,-8.254032311143959,1,0.0,0.0,interior
T099,L,4177,T014,301,0,mapped,-10.765610792273362,5.167388831793954,-7.8607126231756865,1,0.0,0.0,interior
T099,L,4178,T014,302,0,mapped,-10.306336440196413,4.1300329840247585,-7.247797337791212,1,0.0,0.0,interior
T099,L,4179,T014,303,0,mapped,-9.65912937619468,3.009500261871967,-6.884813587729504,1,0.0,0.0,interior
T099,L,4180,T014,304,0,mapped,-13.060237658182874,7.782354407846951,-8.796908200859846,2,8.881784197001252e-16,4.440892098500626e-16,shared_edge
T099,L,4181,T014,305,0,mapped,-12.246446035546285,7.075882893675887,-8.497799222894612,1,0.0,0.0,interior
T099,L,4182,T014,306,0,mapped,-11.63051739652462,6.579213567682981,-8.364189313670185,1,0.0,0.0,interior
T099,L,4183,T014,307,0,mapped,-10.92436075102829,5.826550062367069,-8.088043851935957,1,0.0,0.0,interior
T099,L,4184,T014,308,0,mapped,-10.422066614540327,4.935599333267621,-7.657339474624128,1,0.0,0.0,interior
T099,L,4185,T014,309,0,mapped,-9.795959603700966,3.8409254032742375,-7.1563061634427765,1,0.0,0.0,interior
T099,L,4186,T014,310,0,mapped,-12.698457066271791,7.476933585099376,-8.56586931978773,2,0.0,0.0,shared_edge
T099,L,4187,T014,311,0,mapped,-11.920916093462445,7.037075737561176,-8.236703325885724,1,0.0,0.0,interior
T099,L,4188,T014,312,0,mapped,-11.273639993312507,6.433192854429379,-8.164945395436384,1,0.0,0.0,interior
T099,L,4189,T014,313,0,mapped,-10.64254138648775,5.609943219655438,-7.938191378051778,1,0.0,0.0,interior
T099,L,4190,T014,314,0,mapped,-9.936989435045094,4.651325951268738,-7.475944654307031,1,0.0,0.0,interior
T099,L,4191,T014,315,0,mapped,-12.359931534552674,7.477981944542892,-8.14318257851971,2,1.831026719408895e-15,9.155133597044477e-16,shared_edge
T099,L,4192,T014,316,0,mapped,-11.56051327507128,7.030604210372321,-7.957850212016237,1,0.0,0.0,interior
T099,L,4193,T014,317,0,mapped,-10.86092539552222,6.453454458500325,-7.994931410669064,1,0.0,0.0,interior
T099,L,4194,T014,318,0,mapped,-10.202602067546978,5.416323224610011,-7.782956835722571,1,0.0,0.0,interior
T099,L,4195,T014,319,0,mapped,-11.980042112250173,7.447949765876411,-7.76630084950443,2,0.0,0.0,shared_edge
T099,L,4196,T014,320,0,mapped,-11.144335689600368,7.012753882612232,-7.7805999294970745,1,0.0,0.0,interior
T099,L,4197,T014,321,0,mapped,-10.392126913468113,6.242638234850499,-7.923447292323269,1,0.0,0.0,interior
T099,L,4198,T014,322,0,mapped,-11.529998627780758,7.454528485890897,-7.4348012041782985,2,0.0,0.0,shared_edge
T099,L,4199,T014,323,0,mapped,-10.746899970333889,6.975732568263426,-7.729351799850636,1,0.0,0.0,interior
T099,L,4200,T015,26,0,mapped,-17.677694214523115,13.647540935131135,-14.035971559661757,1,0.0,0.0,interior
T099,L,4201,T015,27,0,mapped,-17.625135780060376,13.84453854769079,-13.622773483365286,1,0.0,0.0,interior
T099,L,4202,T015,28,0,mapped,-17.677642586224344,14.046803853947933,-13.238542089500642,1,0.0,0.0,interior
T099,L,4203,T015,29,0,mapped,-17.560110892963756,14.072827466424737,-12.683294674717743,1,0.0,0.0,interior
T099,L,4204,T015,30,0,mapped,-17.68973456844709,14.135918023247205,-12.183536739817463,1,0.0,0.0,interior
T099,L,4205,T015,31,0,mapped,-17.832687996291455,14.09308939456776,-11.78333629451156,1,0.0,0.0,interior
T099,L,4206,T015,32,0,mapped,-17.925362969732834,13.940028350115623,-11.35295789128093,1,0.0,0.0,interior
T099,L,4207,T015,33,0,mapped,-17.981724752234896,13.776680546778119,-11.01697349822338,1,0.0,0.0,interior
T099,L,4208,T015,34,0,mapped,-18.193846243844604,13.665416106513081,-10.600159292308438,1,0.0,0.0,interior
T099,L,4209,T015,35,0,mapped,-18.448995113024047,13.55546192588027,-10.15358093582571,1,0.0,0.0,interior
T099,L,4210,T015,36,0,mapped,-18.66811290045384,13.429707998932958,-9.727994983673021,1,0.0,0.0,interior
T099,L,4211,T015,37,0,mapped,-18.81281251206872,13.258455396556435,-9.274780958796729,1,0.0,0.0,interior
T099,L,4212,T015,38,0,mapped,-18.996614073023043,13.121995616675317,-8.864260580950248,1,0.0,0.0,interior
T099,L,4213,T015,39,0,mapped,-19.222703319362353,13.009486796143838,-8.477557400218032,1,0.0,0.0,interior
T099,L,4214,T015,40,0,mapped,-19.393789483598844,12.867140664168799,-8.09403589042488,1,0.0,0.0,interior
T099,L,4215,T015,41,0,mapped,-19.529531471681423,12.713455789084337,-7.703680273032655,1,0.0,0.0,interior
T099,L,4216,T015,42,0,mapped,-19.75130167118359,12.61378834545982,-7.325807508733401,1,0.0,0.0,interior
T099,L,4217,T015,43,0,mapped,-20.018020316543584,12.561393583341657,-6.9556818761804635,1,0.0,0.0,interior
T099,L,4218,T015,44,0,mapped,-20.274667704876485,12.525180517032053,-6.558374366893062,1,0.0,0.0,interior
T099,L,4219,T015,45,0,mapped,-20.534513549923343,12.503259779375286,-6.134037979642963,1,0.0,0.0,interior
T099,L,4220,T015,46,0,mapped,-20.751093918857315,12.472493004343402,-5.683795970969664,1,0.0,0.0,interior
T099,L,4221,T015,47,0,mapped,-20.91249504492186,12.449044670256928,-5.234864074787216,1,0.0,0.0,interior
T099,L,4222,T015,50,0,mapped,-17.29725034506749,13.398227191988392,-13.78353281444981,1,0.0,0.0,interior
T099,L,4223,T015,51,0,mapped,-17.261910577282894,13.595801305388196,-13.362325929773847,1,0.0,0.0,interior
T099,L,4224,T015,52,0,mapped,-17.186374932816914,13.644766698334852,-12.92216891968705,1,0.0,0.0,interior
T099,L,4225,T015,53,0,mapped,-17.21119004678526,13.698274562623801,-12.378699041556597,1,0.0,0.0,interior
T099,L,4226,T015,54,0,mapped,-17.326039639313485,13.733211128467145,-11.906192317540112,1,0.0,0.0,interior
T099,L,4227,T015,55,0,mapped,-17.4436028448352,13.715136634364764,-11.557292563448613,1,0.0,0.0,interior
T099,L,4228,T015,56,0,mapped,-17.52179531689001,13.588088239480557,-11.191995588861811,1,0.0,0.0,interior
T099,L,4229,T015,57,0,mapped,-17.71271216721227,13.520765795647126,-10.82477945501576,1,0.0,0.0,interior
T099,L,4230,T015,58,0,mapped,-18.020251487558575,13.388629711139501,-10.283623890859783,1,0.0,0.0,interior
T099,L,4231,T015,59,0,mapped,-18.177901570114038,13.27462664997488,-9.911779054098876,1,0.0,0.0,interior
T099,L,4232,T015,60,0,mapped,-18.38059039248724,13.119718976974315,-9.412512314456432,1,0.0,0.0,interior
T099,L,4233,T015,61,0,mapped,-18.53756181524545,12.9849433780631,-8.955960857740791,1,0.0,0.0,interior
T099,L,4234,T015,62,0,mapped,-18.73976846689155,12.882356473939538,-8.561542286382842,1,0.0,0.0,interior
T099,L,4235,T015,63,0,mapped,-18.936931186583806,12.760601825471282,-8.180469541977208,1,0.0,0.0,interior
T099,L,4236,T015,64,0,mapped,-19.09852238245791,12.618381363049853,-7.802696380304291,1,0.0,0.0,interior
T099,L,4237,T015,65,0,mapped,-19.3083188764653,12.503855061221627,-7.424732642888629,1,0.0,0.0,interior
T099,L,4238,T015,66,0,mapped,-19.575996728587793,12.439397018661406,-7.0623627155185655,1,0.0,0.0,interior
T099,L,4239,T015,67,0,mapped,-19.829826625930632,12.402147046108558,-6.704390188576275,1,0.0,0.0,interior
T099,L,4240,T015,68,0,mapped,-20.06566126803374,12.371850438621548,-6.305486661518222,1,0.0,0.0,interior
T099,L,4241,T015,69,0,mapped,-20.290467974872485,12.349022232277534,-5.8524707879054905,1,0.0,0.0,interior
T099,L,4242,T015,70,0,mapped,-20.482644860855494,12.331367854704673,-5.3781618194801,1,0.0,0.0,interior
T099,L,4243,T015,73,0,mapped,-16.9149581501419,13.128586490137435,-13.460245309586046,1,0.0,0.0,interior
T099,L,4244,T015,74,0,mapped,-16.93694371962422,13.33886978887555,-13.018958838158632,1,0.0,0.0,interior
T099,L,4245,T015,75,0,mapped,-16.93383231590715,13.386034841910922,-12.559590391205305,1,0.0,0.0,interior
T099,L,4246,T015,76,0,mapped,-16.952953250676806,13.346141025036324,-12.049316620986302,1,0.0,0.0,interior
T099,L,4247,T015,77,0,mapped,-17.05519128099036,13.342209054507482,-11.661544107505854,1,0.0,0.0,interior
T099,L,4248,T015,78,0,mapped,-17.188827603868557,13.305330062006396,-11.251189787849258,1,0.0,0.0,interior
T099,L,4249,T015,79,0,mapped,-17.33376711922731,13.24136867899261,-10.865353493073707,1,0.0,0.0,interior
T099,L,4250,T015,80,0,mapped,-17.492029138230183,13.191436964294097,-10.553735672559853,1,0.0,0.0,interior
T099,L,4251,T015,81,0,mapped,-17.692856091428904,13.053398559961225,-10.0673223452292,1,0.0,0.0,interior
T099,L,4252,T015,82,0,mapped,-17.855812527801397,12.886826003414583,-9.56316196431316,1,0.0,0.0,interior
T099,L,4253,T015,83,0,mapped,-18.125081733595323,12.832147496882445,-9.074631312316736,1,0.0,0.0,interior
T099,L,4254,T015,84,0,mapped,-18.250864139364463,12.755767084225425,-8.717123500414397,1,0.0,0.0,interior
T099,L,4255,T015,85,0,mapped,-18.46332003180327,12.637965391222288,-8.27622176612854,1,0.0,0.0,interior
T099,L,4256,T015,86,0,mapped,-18.65437421480726,12.504951205583824,-7.893853056883113,1,0.0,0.0,interior
T099,L,4257,T015,87,0,mapped,-18.864099129640916,12.376752165028968,-7.502244280948499,1,0.0,0.0,interior
T099,L,4258,T015,88,0,mapped,-19.134504363241152,12.295263979778095,-7.119400172579173,1,0.0,0.0,interior
T099,L,4259,T015,89,0,mapped,-19.40695065722244,12.259279903737546,-6.782336715078808,1,0.0,0.0,interior
T099,L,4260,T015,90,0,mapped,-19.627845798985785,12.230688874566493,-6.432966839319706,1,0.0,0.0,interior
T099,L,4261,T015,91,0,mapped,-19.82741837468572,12.199167291867141,-6.008535303550488,1,0.0,0.0,interior
T099,L,4262,T015,92,0,mapped,-20.023104257935113,12.179493886653448,-5.538146364834848,1,0.0,0.0,interior
T099,L,4263,T015,95,0,mapped,-16.612117415413145,12.828768557211351,-13.202813554888678,1,0.0,0.0,interior
T099,L,4264,T015,96,0,mapped,-16.568361992332218,12.902884437440308,-12.74911150729523,1,0.0,0.0,interior
T099,L,4265,T015,97,0,mapped,-16.675540539743775,13.047516876553374,-12.244737863771602,1,0.0,0.0,interior
T099,L,4266,T015,98,0,mapped,-16.762158417869365,13.019631810715392,-11.713615991196193,1,0.0,0.0,interior
T099,L,4267,T015,99,0,mapped,-16.894822001413985,12.973330913764865,-11.256199878459494,1,0.0,0.0,interior
T099,L,4268,T015,100,0,mapped,-16.95717110245139,12.890157875969901,-10.947334867976899,1,0.0,0.0,interior
T099,L,4269,T015,101,0,mapped,-17.154400568148585,12.841468414376036,-10.500309078468,1,0.0,0.0,interior
T099,L,4270,T015,102,0,mapped,-17.259060522024193,12.719928290145697,-10.156173877808175,1,0.0,0.0,interior
T099,L,4271,T015,103,0,mapped,-17.381842184449663,12.596788242830323,-9.767056967097925,1,0.0,0.0,interior
T099,L,4272,T015,104,0,mapped,-17.711803498128532,12.631695821706888,-9.330656731231912,1,0.0,0.0,interior
T099,L,4273,T015,105,0,mapped,-17.761528158005934,12.503869098830393,-8.883730800107571,1,0.0,0.0,interior
T099,L,4274,T015,106,0,mapped,-17.965318938363055,12.506806193469664,-8.394719111301956,1,0.0,0.0,interior
T099,L,4275,T015,107,0,mapped,-18.17162786784472,12.361746991285532,-7.977530910935732,1,0.0,0.0,interior
T099,L,4276,T015,108,0,mapped,-18.490097754407163,12.291545665219486,-7.6232100452759335,1,0.0,0.0,interior
T099,L,4277,T015,109,0,mapped,-18.696570730461293,12.131695160388064,-7.160838008248355,1,0.0,0.0,interior
T099,L,4278,T015,110,0,mapped,-18.98833685606956,12.08436298747979,-6.797202091940555,1,0.0,0.0,interior
T099,L,4279,T015,111,0,mapped,-19.214949211169056,12.061606782899576,-6.479655636929573,1,0.0,0.0,interior
T099,L,4280,T015,112,0,mapped,-19.394982449693586,12.03168151279425,-6.110372047549944,1,0.0,0.0,interior
T099,L,4281,T015,113,0,mapped,-19.568936429979303,12.011534413452436,-5.6768469323909265,1,0.0,0.0,interior
T099,L,4282,T015,116,0,mapped,-16.317340703988062,12.480556634111595,-12.9177059454833,1,0.0,0.0,interior
T099,L,4283,T015,117,0,mapped,-16.37952617598526,12.650199224224828,-12.392072238083841,1,0.0,0.0,interior
T099,L,4284,T015,118,0,mapped,-16.480417233846758,12.721029564335902,-11.891685849554044,1,0.0,0.0,interior
T099,L,4285,T015,119,0,mapped,-16.537572129294233,12.609761388670577,-11.431512211631972,1,0.0,0.0,interior
T099,L,4286,T015,120,0,mapped,-16.656433628624132,12.569985394906226,-11.050844335948387,1,0.0,0.0,interior
T099,L,4287,T015,121,0,mapped,-16.765033482488633,12.478593437197075,-10.633010822715523,1,0.0,0.0,interior
T099,L,4288,T015,122,0,mapped,-16.988905395932168,12.425013727532669,-10.1614015757855,1,0.0,0.0,interior
T099,L,4289,T015,123,0,mapped,-17.050715200079622,12.29163386845237,-9.834520520223032,1,0.0,0.0,interior
T099,L,4290,T015,124,0,mapped,-17.205782137473868,12.227515775540184,-9.452965308057976,1,0.0,0.0,interior
T099,L,4291,T015,125,0,mapped,-17.445331104217754,12.234782173568835,-9.081703796113471,1,0.0,0.0,interior
T099,L,4292,T015,126,0,mapped,-17.555303934830533,12.219513905916187,-8.578474724658674,1,0.0,0.0,interior
T099,L,4293,T015,127,0,mapped,-17.761794130065823,12.201861219534292,-8.106204323929425,1,0.0,0.0,interior
T099,L,4294,T015,128,0,mapped,-17.992600359843426,12.089135966957508,-7.7031039396426655,1,0.0,0.0,interior
T099,L,4295,T015,129,0,mapped,-18.257015249947578,11.964366223390304,-7.261250189061849,1,0.0,0.0,interior
T099,L,4296,T015,130,0,mapped,-18.57504814179532,11.891035143091221,-6.80775304345652,1,0.0,0.0,interior
T099,L,4297,T015,131,0,mapped,-18.800996435105375,11.856929081255469,-6.486604644472774,1,0.0,0.0,interior
T099,L,4298,T015,132,0,mapped,-18.98724983285292,11.849966479086143,-6.174168087816886,1,0.0,0.0,interior
T099,L,4299,T015,133,0,mapped,-19.134098980577157,11.805913298034755,-5.731852490215328,1,0.0,0.0,interior
T099,L,4300,T015,136,0,mapped,-16.028048193725823,12.123757534542381,-12.58989348202499,1,0.0,0.0,interior
T099,L,4301,T015,137,0,mapped,-16.109046000651524,12.260213895696037,-12.107249930530081,1,0.0,0.0,interior
T099,L,4302,T015,138,0,mapped,-16.181573583315394,12.234366319381111,-11.585133296063939,1,0.0,0.0,interior
T099,L,4303,T015,139,0,mapped,-16.30765187708079,12.210551293913753,-11.172585780986203,1,0.0,0.0,interior
T099,L,4304,T015,140,0,mapped,-16.420641132503874,12.121592120906742,-10.720989729521918,1,0.0,0.0,interior
T099,L,4305,T015,141,0,mapped,-16.569101845897993,12.056991118083454,-10.31616903289206,1,0.0,0.0,interior
T099,L,4306,T015,142,0,mapped,-16.777158641377056,12.017152660234684,-9.837646897019535,1,0.0,0.0,interior
T099,L,4307,T015,143,0,mapped,-16.822653657053312,11.887162344847246,-9.52899881168665,1,0.0,0.0,interior
T099,L,4308,T015,144,0,mapped,-17.09863269527088,11.944077079412533,-9.127044658454604,1,0.0,0.0,interior
T099,L,4309,T015,145,0,mapped,-17.227648432540875,11.885468270952064,-8.719394845803926,1,0.0,0.0,interior
T099,L,4310,T015,146,0,mapped,-17.374988167522666,11.88324740908378,-8.232024384629899,1,0.0,0.0,interior
T099,L,4311,T015,147,0,mapped,-17.535614928103087,11.82232523720159,-7.787953204959944,1,0.0,0.0,interior
T099,L,4312,T015,148,0,mapped,-17.829311479570823,11.773575498332654,-7.368621970317912,1,0.0,0.0,interior
T099,L,4313,T015,149,0,mapped,-18.167816591148515,11.68442388994103,-6.846130301705074,1,0.0,0.0,interior
T099,L,4314,T015,150,0,mapped,-18.398638817831873,11.6554441060602,-6.530457339627732,1,0.0,0.0,interior
T099,L,4315,T015,151,0,mapped,-18.56659330763711,11.612739677764779,-6.197457942484906,1,0.0,0.0,interior
T099,L,4316,T015,152,0,mapped,-18.720669112995974,11.584173510861948,-5.76688705183509,1,0.0,0.0,interior
T099,L,4317,T015,155,0,mapped,-15.785294759535272,11.79014550683882,-12.31903963569139,1,0.0,0.0,interior
T099,L,4318,T015,156,0,mapped,-15.848778252918198,11.850249984596111,-11.800014799791356,1,0.0,0.0,interior
T099,L,4319,T015,157,0,mapped,-15.943562823761354,11.776897881557792,-11.217195139936816,1,0.0,0.0,interior
T099,L,4320,T015,158,0,mapped,-16.042879538809313,11.724725070161245,-10.843838991462784,1,0.0,0.0,interior
T099,L,4321,T015,159,0,mapped,-16.205458102957543,11.671369395760937,-10.338142569656856,1,0.0,0.0,interior
T099,L,4322,T015,160,0,mapped,-16.32953924099265,11.620156576064911,-9.943529508337093,1,0.0,0.0,interior
T099,L,4323,T015,161,0,mapped,-16.534358855717066,11.601633661731407,-9.550442404371466,1,0.0,0.0,interior
T099,L,4324,T015,162,0,mapped,-16.67457478443191,11.566845852710411,-9.21369871293988,1,0.0,0.0,interior
T099,L,4325,T015,163,0,mapped,-16.824275266075166,11.57036525969448,-8.823437500171945,1,0.0,0.0,interior
T099,L,4326,T015,164,0,mapped,-16.8889385644324,11.513068208911418,-8.351478935410476,1,0.0,0.0,interior
T099,L,4327,T015,165,0,mapped,-17.041655740163872,11.52266483256286,-8.01767638423226,1,0.0,0.0,interior
T099,L,4328,T015,166,0,mapped,-17.414888064439587,11.591747974326633,-7.553221301733474,1,0.0,0.0,interior
T099,L,4329,T015,167,0,mapped,-17.721681203768537,11.528264860804182,-7.069507608909571,1,0.0,0.0,interior
T099,L,4330,T015,168,0,mapped,-18.013911036073058,11.502380746044519,-6.677223716661009,1,0.0,0.0,interior
T099,L,4331,T015,169,0,mapped,-18.077245806271534,11.33718294652555,-6.237017398363555,1,0.0,0.0,interior
T099,L,4332,T015,170,0,mapped,-18.286916380573622,11.358756594148963,-5.899334400036155,1,0.0,0.0,interior
T099,L,4333,T015,173,0,mapped,-15.516844807594204,11.370138471258935,-11.982882788151388,1,0.0,0.0,interior
T099,L,4334,T015,174,0,mapped,-15.630304501268064,11.427668696447187,-11.438694454267665,1,0.0,0.0,interior
T099,L,4335,T015,175,0,mapped,-15.713334103580394,11.37695681929656,-10.91028463285573,1,0.0,0.0,interior
T099,L,4336,T015,176,0,mapped,-15.821461854274146,11.324770905532388,-10.446111649842909,1,0.0,0.0,interior
T099,L,4337,T015,177,0,mapped,-15.965838698276372,11.31877816323813,-10.035723161263293,1,0.0,0.0,interior
T099,L,4338,T015,178,0,mapped,-16.10360661700714,11.271572543216385,-9.65062625506593,1,0.0,0.0,interior
T099,L,4339,T015,179,0,mapped,-16.213278412807316,11.201798523182472,-9.304600091407156,1,0.0,0.0,interior
T099,L,4340,T015,180,0,mapped,-16.408900444685074,11.229959945222053,-8.973385619982682,1,0.0,0.0,interior
T099,L,4341,T015,181,0,mapped,-16.539766061907205,11.269390525691271,-8.53289725489039,1,0.0,0.0,interior
T099,L,4342,T015,182,0,mapped,-16.588122555648255,11.227658393973316,-8.1999852373445,1,0.0,0.0,interior
T099,L,4343,T015,183,0,mapped,-16.89096605752991,11.2076987571846,-7.588946294689891,1,0.0,0.0,interior
T099,L,4344,T015,184,0,mapped,-17.18534232787547,11.240105300403396,-7.21307568941079,1,0.0,0.0,interior
T099,L,4345,T015,185,0,mapped,-17.562900380984694,11.278510595237218,-6.802026679174229,1,0.0,0.0,interior
T099,L,4346,T015,186,0,mapped,-17.72139429295118,11.225330750859166,-6.478214705990055,1,0.0,0.0,interior
T099,L,4347,T015,187,0,mapped,-17.888649236621603,11.133538646691242,-5.986843685944722,1,0.0,0.0,interior
T099,L,4348,T015,190,0,mapped,-15.32660049972182,11.053887485755185,-11.645493135896565,1,0.0,0.0,interior
T099,L,4349,T015,191,0,mapped,-15.444392418415644,11.122371347969871,-11.155369963215808,1,0.0,0.0,interior
T099,L,4350,T015,192,0,mapped,-15.496161916378266,11.030174981965702,-10.606689733533226,1,0.0,0.0,interior
T099,L,4351,T015,193,0,mapped,-15.5727519480244,10.979168416465274,-10.191262482738125,1,0.0,0.0,interior
T099,L,4352,T015,194,0,mapped,-15.645678074205367,10.866139425144041,-9.750750574168759,1,0.0,0.0,interior
T099,L,4353,T015,195,0,mapped,-15.8407620434031,10.896917963575271,-9.418600152666437,1,0.0,0.0,interior
T099,L,4354,T015,196,0,mapped,-15.991473922228762,10.86529132594932,-9.05787100886238,1,0.0,0.0,interior
T099,L,4355,T015,197,0,mapped,-16.226773977312014,10.957422989057266,-8.658286128429044,1,0.0,0.0,interior
T099,L,4356,T015,198,0,mapped,-16.313788648524113,10.939484825536033,-8.231925561797592,1,0.0,0.0,interior
T099,L,4357,T015,199,0,mapped,-16.416402861553976,10.905287402130313,-7.853737048925392,1,0.0,0.0,interior
T099,L,4358,T015,200,0,mapped,-16.66748829841992,10.936987575068427,-7.413574861871012,1,0.0,0.0,interior
T099,L,4359,T015,201,0,mapped,-16.932685633118297,10.929393531767364,-6.9821445692661115,1,0.0,0.0,interior
T099,L,4360,T015,202,0,mapped,-17.28010343641751,10.966899833291029,-6.520090987661375,1,0.0,0.0,interior
T099,L,4361,T015,203,0,mapped,-17.439286913475563,10.923805428628505,-6.089045187797948,1,0.0,0.0,interior
T099,L,4362,T015,206,0,mapped,-15.079364923462528,10.657912061491372,-11.375563242192104,1,0.0,0.0,interior
T099,L,4363,T015,207,0,mapped,-15.152535873319385,10.651396609719626,-10.851311654993598,1,0.0,0.0,interior
T099,L,4364,T015,208,0,mapped,-15.180917428992089,10.549076318341337,-10.350080630828728,1,0.0,0.0,interior
T099,L,4365,T015,209,0,mapped,-15.343921093709712,10.579283134432112,-9.79484446919994,1,0.0,0.0,interior
T099,L,4366,T015,210,0,mapped,-15.477172858124021,10.605335931963433,-9.50650726950138,1,0.0,0.0,interior
T099,L,4367,T015,211,0,mapped,-15.60317959666196,10.569283439725774,-9.130170159524525,1,0.0,0.0,interior
T099,L,4368,T015,212,0,mapped,-15.797782882359918,10.580947065850532,-8.734731625254314,1,0.0,0.0,interior
T099,L,4369,T015,213,0,mapped,-16.017346148970514,10.678238826239857,-8.414501122464209,1,0.0,0.0,interior
T099,L,4370,T015,214,0,mapped,-16.154126239263363,10.657534195892822,-7.8788425471441705,1,0.0,0.0,interior
T099,L,4371,T015,215,0,mapped,-16.198541611401865,10.610931947287739,-7.635186406953282,1,0.0,0.0,interior
T099,L,4372,T015,216,0,mapped,-16.480981380801648,10.632164861443547,-7.107732689811799,1,0.0,0.0,interior
T099,L,4373,T015,217,0,mapped,-16.74448812309861,10.660837339259148,-6.700892153520202,1,0.0,0.0,interior
T099,L,4374,T015,218,0,mapped,-17.029839838229222,10.726875431733827,-6.298376549082505,1,0.0,0.0,interior
T099,L,4375,T015,221,0,mapped,-14.837209923924108,10.2579923872989,-11.073857246212782,1,0.0,0.0,interior
T099,L,4376,T015,222,0,mapped,-14.9324456860656,10.30448010572523,-10.567180219075127,1,0.0,0.0,interior
T099,L,4377,T015,223,0,mapped,-15.012351078171926,10.257845323348597,-10.024955088214227,1,0.0,0.0,interior
T099,L,4378,T015,224,0,mapped,-15.076829141869073,10.209187910958955,-9.55968075845372,1,0.0,0.0,interior
T099,L,4379,T015,225,0,mapped,-15.175709900289469,10.18039749534303,-9.202847201965,1,0.0,0.0,interior
T099,L,4380,T015,226,0,mapped,-15.387947329389105,10.24111578669921,-8.818584072430896,1,0.0,0.0,interior
T099,L,4381,T015,227,0,mapped,-15.606967739114193,10.314753472704409,-8.422638464144761,1,0.0,0.0,interior
T099,L,4382,T015,228,0,mapped,-15.771261597844056,10.344926603024819,-8.036052472798698,1,0.0,0.0,interior
T099,L,4383,T015,229,0,mapped,-15.907539682931827,10.340156261858551,-7.650106032090497,1,0.0,0.0,interior
T099,L,4384,T015,230,0,mapped,-16.071379356940675,10.327035909566641,-7.18115353761309,1,0.0,0.0,interior
T099,L,4385,T015,231,0,mapped,-16.2954088959167,10.384610581219675,-6.860826641594565,1,0.0,0.0,interior
T099,L,4386,T015,232,0,mapped,-16.504607614108455,10.40650193758413,-6.364576304114342,1,0.0,0.0,interior
T099,L,4387,T015,235,0,mapped,-14.609961538317124,9.875730914257813,-10.81558984762264,1,0.0,0.0,interior
T099,L,4388,T015,236,0,mapped,-14.691896615456832,9.919427683504576,-10.287883712395708,1,0.0,0.0,interior
T099,L,4389,T015,237,0,mapped,-14.795938143916139,9.919952984671179,-9.737727052793982,1,0.0,0.0,interior
T099,L,4390,T015,238,0,mapped,-14.888249020787043,9.89115284951294,-9.270365951012025,1,0.0,0.0,interior
T099,L,4391,T015,239,0,mapped,-15.02180695755872,9.925230794691409,-8.892055446737507,1,0.0,0.0,interior
T099,L,4392,T015,240,0,mapped,-15.210201336074286,9.981685673172228,-8.496622709116288,1,0.0,0.0,interior
T099,L,4393,T015,241,0,mapped,-15.414094951076924,10.036212846223776,-8.091643775672885,1,0.0,0.0,interior
T099,L,4394,T015,242,0,mapped,-15.506245187971567,10.045748395141715,-7.792261266431949,1,0.0,0.0,interior
T099,L,4395,T015,243,0,mapped,-15.67320661835166,10.093443476656741,-7.386692738146181,1,0.0,0.0,interior
T099,L,4396,T015,244,0,mapped,-15.866281889998653,10.133572838467686,-7.012775095365937,1,0.0,0.0,interior
T099,L,4397,T015,245,0,mapped,-16.042337849690767,10.164909488873851,-6.517546611421839,1,0.0,0.0,interior
T099,L,4398,T015,248,0,mapped,-14.403614986318562,9.538252828015265,-10.49052971710356,1,0.0,0.0,interior
T099,L,4399,T015,249,0,mapped,-14.483389974947071,9.605513305196954,-9.938083127084058,1,0.0,0.0,interior
T099,L,4400,T015,250,0,mapped,-14.626124022471917,9.659079319690877,-9.436086305793644,1,0.0,0.0,interior
T099,L,4401,T015,251,0,mapped,-14.687908333591475,9.613010897585221,-8.948221271639525,1,0.0,0.0,interior
T099,L,4402,T015,252,0,mapped,-14.833235027392961,9.655819820562751,-8.54258105221524,1,0.0,0.0,interior
T099,L,4403,T015,253,0,mapped,-14.990395370505697,9.710067516286987,-8.108061734968391,1,0.0,0.0,interior
T099,L,4404,T015,254,0,mapped,-15.17478050004279,9.80898488993411,-7.818378337136628,1,0.0,0.0,interior
T099,L,4405,T015,255,0,mapped,-15.193970642497057,9.768201522403762,-7.380855403730299,1,0.0,0.0,interior
T099,L,4406,T015,256,0,mapped,-15.389652213052495,9.840432255828258,-7.02391117533913,1,0.0,0.0,interior
T099,L,4407,T015,257,0,mapped,-15.559275859932892,9.932816083918551,-6.5172531832888545,1,0.0,0.0,interior
T099,L,4408,T015,260,0,mapped,-14.235828167131189,9.269644379981202,-10.154336580847932,1,0.0,0.0,interior
T099,L,4409,T015,261,0,mapped,-14.327165977999158,9.359143801375046,-9.548847763004517,1,0.0,0.0,interior
T099,L,4410,T015,262,0,mapped,-14.392567966659144,9.354294222468054,-9.133758658264991,1,0.0,0.0,interior
T099,L,4411,T015,263,0,mapped,-14.482118467517532,9.362023716489912,-8.700098162694635,1,0.0,0.0,interior
T099,L,4412,T015,264,0,mapped,-14.637979220918838,9.435330903760482,-8.185927171639769,1,0.0,0.0,interior
T099,L,4413,T015,265,0,mapped,-14.841450799852662,9.588688779312138,-7.829590437044827,1,0.0,0.0,interior
T099,L,4414,T015,266,0,mapped,-14.921930310378556,9.618058442088245,-7.467284466932059,1,0.0,0.0,interior
T099,L,4415,T015,267,0,mapped,-14.957400586449808,9.6138297112941,-7.092167351251632,1,0.0,0.0,interior
T099,L,4416,T015,268,0,mapped,-15.09735557810293,9.684377724797661,-6.649562288271888,1,0.0,0.0,interior
T099,L,4417,T015,271,0,mapped,-14.018556593726286,8.981822075066958,-9.736570027054603,1,0.0,0.0,interior
T099,L,4418,T015,272,0,mapped,-14.099807274186606,9.03970103126065,-9.209721357179077,1,0.0,0.0,interior
T099,L,4419,T015,273,0,mapped,-14.148151178986488,9.063038898823272,-8.770741157048136,1,0.0,0.0,interior
T099,L,4420,T015,274,0,mapped,-14.310048025041546,9.183962701361759,-8.249511805886119,1,0.0,0.0,interior
T099,L,4421,T015,275,0,mapped,-14.354828269251,9.226043741166409,-7.841448854189795,1,0.0,0.0,interior
T099,L,4422,T015,276,0,mapped,-14.610674021409109,9.411652398772747,-7.574788822190256,1,0.0,0.0,interior
T099,L,4423,T015,277,0,mapped,-14.630611972602411,9.430122965644042,-7.065800352360103,1,0.0,0.0,interior
T099,L,4424,T015,278,0,mapped,-14.648671508228633,9.460554149189955,-6.658770662352017,1,0.0,0.0,interior
T099,L,4425,T015,281,0,mapped,-13.83463641052068,8.69825494855254,-9.371238076994311,1,0.0,0.0,interior
T099,L,4426,T015,282,0,mapped,-13.894828870215141,8.787346073150657,-8.908286999166918,1,0.0,0.0,interior
T099,L,4427,T015,283,0,mapped,-13.995652426296763,8.914658074690403,-8.397026835587909,1,0.0,0.0,interior
T099,L,4428,T015,284,0,mapped,-14.12699518111042,9.061258886196333,-7.9085974959493,1,0.0,0.0,interior
T099,L,4429,T015,285,0,mapped,-14.227778651740339,9.144501699221676,-7.589212432816919,1,0.0,0.0,interior
T099,L,4430,T015,286,0,mapped,-14.318062495419616,9.220673092759219,-7.155947821217783,1,0.0,0.0,interior
T099,L,4431,T015,287,0,mapped,-14.30473546602599,9.26928705248555,-6.676424535009854,1,0.0,0.0,interior
T099,L,4432,T015,290,0,mapped,-13.56037520068373,8.371733404024223,-9.061587099228124,1,0.0,0.0,interior
T099,L,4433,T015,291,0,mapped,-13.622526430287234,8.517694787862697,-8.553962922640295,1,0.0,0.0,interior
T099,L,4434,T015,292,0,mapped,-13.552793606152397,8.54036072224959,-8.024241579123998,1,0.0,0.0,interior
T099,L,4435,T015,293,0,mapped,-13.747692380243171,8.776958874800073,-7.589747894477069,1,0.0,0.0,interior
T099,L,4436,T015,294,0,mapped,-13.90442896477113,8.94644126195855,-7.185582143131844,1,0.0,0.0,interior
T099,L,4437,T015,295,0,mapped,-13.936078342720744,9.009304019565883,-6.856975092715945,1,0.0,0.0,interior
T099,L,4438,T015,298,0,mapped,-13.36098392649583,8.193572015886986,-8.661131121969536,1,0.0,0.0,interior
T099,L,4439,T015,299,0,mapped,-13.318800537217045,8.268811865091985,-8.198962949856535,1,0.0,0.0,interior
T099,L,4440,T015,300,0,mapped,-13.269953188978594,8.36199828671652,-7.63548157448734,1,0.0,0.0,interior
T099,L,4441,T015,301,0,mapped,-13.46699818872917,8.593981552258168,-7.339887844438019,1,0.0,0.0,interior
T099,L,4442,T015,302,0,mapped,-13.394231909110111,8.623292471430217,-6.940679726646588,1,0.0,0.0,interior
T099,L,4443,T015,305,0,mapped,-13.077336376780226,7.99350801831155,-8.35694965051929,1,0.0,0.0,interior
T099,L,4444,T015,306,0,mapped,-12.97063229734069,8.075909151602557,-7.783641829540713,1,0.0,0.0,interior
T099,L,4445,T015,307,0,mapped,-13.000103605292896,8.218750167610214,-7.358338099327636,1,0.0,0.0,interior
T099,L,4446,T015,308,0,mapped,-13.090841647242437,8.369947491423714,-7.077265756950338,1,0.0,0.0,interior
T099,L,4447,T015,311,0,mapped,-12.741689855520535,7.836972915949678,-7.961845657407225,1,0.0,0.0,interior
T099,L,4448,T015,312,0,mapped,-12.654418278768533,7.939003018444568,-7.521552616512549,1,0.0,0.0,interior
T099,L,4449,T015,313,0,mapped,-12.740812152738389,8.151284067415185,-7.081032384310067,1,0.0,0.0,interior
T099,L,4450,T015,316,0,mapped,-12.341034457355489,7.688800125571625,-7.699429662820917,1,0.0,0.0,interior
T099,L,4451,T015,317,0,mapped,-12.305394404148961,7.886260046625875,-7.192391633126919,1,0.0,0.0,interior
T099,L,4452,T015,320,0,mapped,-11.884946911510777,7.6407424269436675,-7.303827236717371,1,0.0,0.0,interior
