sample_id,side,region_id,region_name,face_id,local_v0,local_v1,local_v2,global_v0,global_v1,global_v2
T077,L,T001,test,0,0,25,1,0,25,1
T077,L,T001,test,1,25,26,1,25,26,1
T077,L,T001,test,2,1,26,2,1,26,2
T077,L,T001,test,3,26,27,2,26,27,2
T077,L,T001,test,4,2,27,3,2,27,3
T077,L,T001,test,5,27,28,3,27,28,3
T077,L,T001,test,6,3,28,4,3,28,4
T077,L,T001,test,7,28,29,4,28,29,4
T077,L,T001,test,8,4,29,5,4,29,5
T077,L,T001,test,9,29,30,5,29,30,5
T077,L,T001,test,10,5,30,6,5,30,6
T077,L,T001,test,11,30,31,6,30,31,6
T077,L,T001,test,12,6,31,7,6,31,7
T077,L,T001,test,13,31,32,7,31,32,7
T077,L,T001,test,14,7,32,8,7,32,8
T077,L,T001,test,15,32,33,8,32,33,8
T077,L,T001,test,16,8,33,9,8,33,9
T077,L,T001,test,17,33,34,9,33,34,9
T077,L,T001,test,18,9,34,10,9,34,10
T077,L,T001,test,19,34,35,10,34,35,10
T077,L,T001,test,20,10,35,11,10,35,11
T077,L,T001,test,21,35,36,11,35,36,11
T077,L,T001,test,22,11,36,12,11,36,12
T077,L,T001,test,23,36,37,12,36,37,12
T077,L,T001,test,24,12,37,13,12,37,13
T077,L,T001,test,25,37,38,13,37,38,13
T077,L,T001,test,26,13,38,14,13,38,14
T077,L,T001,test,27,38,39,14,38,39,14
T077,L,T001,test,28,14,39,15,14,39,15
T077,L,T001,test,29,39,40,15,39,40,15
T077,L,T001,test,30,15,40,16,15,40,16
T077,L,T001,test,31,40,41,16,40,41,16
T077,L,T001,test,32,16,41,17,16,41,17
T077,L,T001,test,33,41,42,17,41,42,17
T077,L,T001,test,34,17,42,18,17,42,18
T077,L,T001,test,35,42,43,18,42,43,18
T077,L,T001,test,36,18,43,19,18,43,19
T077,L,T001,test,37,43,44,19,43,44,19
T077,L,T001,test,38,19,44,20,19,44,20
T077,L,T001,test,39,44,45,20,44,45,20
T077,L,T001,test,40,20,45,21,20,45,21
T077,L,T001,test,41,45,46,21,45,46,21
T077,L,T001,test,42,21,46,22,21,46,22
T077,L,T001,test,43,46,47,22,46,47,22
T077,L,T001,test,44,22,47,23,22,47,23
T077,L,T001,test,45,47,48,23,47,48,23
T077,L,T001,test,46,23,48,24,23,48,24
T077,L,T001,test,47,25,49,26,25,49,26
T077,L,T001,test,48,49,50,26,49,50,26
T077,L,T001,test,49,26,50,27,26,50,27
T077,L,T001,test,50,50,51,27,50,51,27
T077,L,T001,test,51,27,51,28,27,51,28
T077,L,T001,test,52,51,52,28,51,52,28
T077,L,T001,test,53,28,52,29,28,52,29
T077,L,T001,test,54,52,53,29,52,53,29
T077,L,T001,test,55,29,53,30,29,53,30
T077,L,T001,test,56,53,54,30,53,54,30
T077,L,T001,test,57,30,54,31,30,54,31
T077,L,T001,test,58,54,55,31,54,55,31
T077,L,T001,test,59,31,55,32,31,55,32
T077,L,T001,test,60,55,56,32,55,56,32
T077,L,T001,test,61,32,56,33,32,56,33
T077,L,T001,test,62,56,57,33,56,57,33
T077,L,T001,test,63,33,57,34,33,57,34
T077,L,T001,test,64,57,58,34,57,58,34
T077,L,T001,test,65,34,58,35,34,58,35
T077,L,T001,test,66,58,59,35,58,59,35
T077,L,T001,test,67,35,59,36,35,59,36
T077,L,T001,test,68,59,60,36,59,60,36
T077,L,T001,test,69,36,60,37,36,60,37
T077,L,T001,test,70,60,61,37,60,61,37
T077,L,T001,test,71,37,61,38,37,61,38
T077,L,T001,test,72,61,62,38,61,62,38
T077,L,T001,test,73,38,62,39,38,62,39
T077,L,T001,test,74,62,63,39,62,63,39
T077,L,T001,test,75,39,63,40,39,63,40
T077,L,T001,test,76,63,64,40,63,64,40
T077,L,T001,test,77,40,64,41,40,64,41
T077,L,T001,test,78,64,65,41,64,65,41
T077,L,T001,test,79,41,65,42,41,65,42
T077,L,T001,test,80,65,66,42,65,66,42
T077,L,T001,test,81,42,66,43,42,66,43
T077,L,T001,test,82,66,67,43,66,67,43
T077,L,T001,test,83,43,67,44,43,67,44
T077,L,T001,test,84,67,68,44,67,68,44
T077,L,T001,test,85,44,68,45,44,68,45
T077,L,T001,test,86,68,69,45,68,69,45
T077,L,T001,test,87,45,69,46,45,69,46
T077,L,T001,test,88,69,70,46,69,70,46
T077,L,T001,test,89,46,70,47,46,70,47
T077,L,T001,test,90,70,71,47,70,71,47
T077,L,T001,test,91,47,71,48,47,71,48
T077,L,T001,test,92,49,72,50,49,72,50
T077,L,T001,test,93,72,73,50,72,73,50
T077,L,T001,test,94,50,73,51,50,73,51
T077,L,T001,test,95,73,74,51,73,74,51
T077,L,T001,test,96,51,74,52,51,74,52
T077,L,T001,test,97,74,75,52,74,75,52
T077,L,T001,test,98,52,75,53,52,75,53
T077,L,T001,test,99,75,76,53,75,76,53
T077,L,T001,test,100,53,76,54,53,76,54
T077,L,T001,test,101,76,77,54,76,77,54
T077,L,T001,test,102,54,77,55,54,77,55
T077,L,T001,test,103,77,78,55,77,78,55
T077,L,T001,test,104,55,78,56,55,78,56
T077,L,T001,test,105,78,79,56,78,79,56
T077,L,T001,test,106,56,79,57,56,79,57
T077,L,T001,test,107,79,80,57,79,80,57
T077,L,T001,test,108,57,80,58,57,80,58
T077,L,T001,test,109,80,81,58,80,81,58
T077,L,T001,test,110,58,81,59,58,81,59
T077,L,T001,test,111,81,82,59,81,82,59
T077,L,T001,test,112,59,82,60,59,82,60
T077,L,T001,test,113,82,83,60,82,83,60
T077,L,T001,test,114,60,83,61,60,83,61
T077,L,T001,test,115,83,84,61,83,84,61
T077,L,T001,test,116,61,84,62,61,84,62
T077,L,T001,test,117,84,85,62,84,85,62
T077,L,T001,test,118,62,85,63,62,85,63
T077,L,T001,test,119,85,86,63,85,86,63
T077,L,T001,test,120,63,86,64,63,86,64
T077,L,T001,test,121,86,87,64,86,87,64
T077,L,T001,test,122,64,87,65,64,87,65
T077,L,T001,test,123,87,88,65,87,88,65
T077,L,T001,test,124,65,88,66,65,88,66
T077,L,T001,test,125,88,89,66,88,89,66
T077,L,T001,test,126,66,89,67,66,89,67
T077,L,T001,test,127,89,90,67,89,90,67
T077,L,T001,test,128,67,90,68,67,90,68
T077,L,T001,test,129,90,91,68,90,91,68
T077,L,T001,test,130,68,91,69,68,91,69
T077,L,T001,test,131,91,92,69,91,92,69
T077,L,T001,test,132,69,92,70,69,92,70
T077,L,T001,test,133,92,93,70,92,93,70
T077,L,T001,test,134,70,93,71,70,93,71
T077,L,T001,test,135,72,94,73,72,94,73
T077,L,T001,test,136,94,95,73,94,95,73
T077,L,T001,test,137,73,95,74,73,95,74
T077,L,T001,test,138,95,96,74,95,96,74
T077,L,T001,test,139,74,96,75,74,96,75
T077,L,T001,test,140,96,97,75,96,97,75
T077,L,T001,test,141,75,97,76,75,97,76
T077,L,T001,test,142,97,98,76,97,98,76
T077,L,T001,test,143,76,98,77,76,98,77
T077,L,T001,test,144,98,99,77,98,99,77
T077,L,T001,test,145,77,99,78,77,99,78
T077,L,T001,test,146,99,100,78,99,100,78
T077,L,T001,test,147,78,100,79,78,100,79
T077,L,T001,test,148,100,101,79,100,101,79
T077,L,T001,test,149,79,101,80,79,101,80
T077,L,T001,test,150,101,102,80,101,102,80
T077,L,T001,test,151,80,102,81,80,102,81
T077,L,T001,test,152,102,103,81,102,103,81
T077,L,T001,test,153,81,103,82,81,103,82
T077,L,T001,test,154,103,104,82,103,104,82
T077,L,T001,test,155,82,104,83,82,104,83
T077,L,T001,test,156,104,105,83,104,105,83
T077,L,T001,test,157,83,105,84,83,105,84
T077,L,T001,test,158,105,106,84,105,106,84
T077,L,T001,test,159,84,106,85,84,106,85
T077,L,T001,test,160,106,107,85,106,107,85
T077,L,T001,test,161,85,107,86,85,107,86
T077,L,T001,test,162,107,108,86,107,108,86
T077,L,T001,test,163,86,108,87,86,108,87
T077,L,T001,test,164,108,109,87,108,109,87
T077,L,T001,test,165,87,109,88,87,109,88
T077,L,T001,test,166,109,110,88,109,110,88
T077,L,T001,test,167,88,110,89,88,110,89
T077,L,T001,test,168,110,111,89,110,111,89
T077,L,T001,test,169,89,111,90,89,111,90
T077,L,T001,test,170,111,112,90,111,112,90
T077,L,T001,test,171,90,112,91,90,112,91
T077,L,T001,test,172,112,113,91,112,113,91
T077,L,T001,test,173,91,113,92,91,113,92
T077,L,T001,test,174,113,114,92,113,114,92
T077,L,T001,test,175,92,114,93,92,114,93
T077,L,T001,test,176,94,115,95,94,115,95
T077,L,T001,test,177,115,116,95,115,116,95
T077,L,T001,test,178,95,116,96,95,116,96
T077,L,T001,test,179,116,117,96,116,117,96
T077,L,T001,test,180,96,117,97,96,117,97
T077,L,T001,test,181,117,118,97,117,118,97
T077,L,T001,test,182,97,118,98,97,118,98
T077,L,T001,test,183,118,119,98,118,119,98
T077,L,T001,test,184,98,119,99,98,119,99
T077,L,T001,test,185,119,120,99,119,120,99
T077,L,T001,test,186,99,120,100,99,120,100
T077,L,T001,test,187,120,121,100,120,121,100
T077,L,T001,test,188,100,121,101,100,121,101
T077,L,T001,test,189,121,122,101,121,122,101
T077,L,T001,test,190,101,122,102,101,122,102
T077,L,T001,test,191,122,123,102,122,123,102
T077,L,T001,test,192,102,123,103,102,123,103
T077,L,T001,test,193,123,124,103,123,124,103
T077,L,T001,test,194,103,124,104,103,124,104
T077,L,T001,test,195,124,125,104,124,125,104
T077,L,T001,test,196,104,125,105,104,125,105
T077,L,T001,test,197,125,126,105,125,126,105
T077,L,T001,test,198,105,126,106,105,126,106
T077,L,T001,test,199,126,127,106,126,127,106
T077,L,T001,test,200,106,127,107,106,127,107
T077,L,T001,test,201,127,128,107,127,128,107
T077,L,T001,test,202,107,128,108,107,128,108
T077,L,T001,test,203,128,129,108,128,129,108
T077,L,T001,test,204,108,129,109,108,129,109
T077,L,T001,test,205,129,130,109,129,130,109
T077,L,T001,test,206,109,130,110,109,130,110
T077,L,T001,test,207,130,131,110,130,131,110
T077,L,T001,test,208,110,131,111,110,131,111
T077,L,T001,test,209,131,132,111,131,132,111
T077,L,T001,test,210,111,132,112,111,132,112
T077,L,T001,test,211,132,133,112,132,133,112
T077,L,T001,test,212,112,133,113,112,133,113
T077,L,T001,test,213,133,134,113,133,134,113
T077,L,T001,test,214,113,134,114,113,134,114
T077,L,T001,test,215,115,135,116,115,135,116
T077,L,T001,test,216,135,136,116,135,136,116
T077,L,T001,test,217,116,136,117,116,136,117
T077,L,T001,test,218,136,137,117,136,137,117
T077,L,T001,test,219,117,137,118,117,137,118
T077,L,T001,test,220,137,138,118,137,138,118
T077,L,T001,test,221,118,138,119,118,138,119
T077,L,T001,test,222,138,139,119,138,139,119
T077,L,T001,test,223,119,139,120,119,139,120
T077,L,T001,test,224,139,140,120,139,140,120
T077,L,T001,test,225,120,140,121,120,140,121
T077,L,T001,test,226,140,141,121,140,141,121
T077,L,T001,test,227,121,141,122,121,141,122
T077,L,T001,test,228,141,142,122,141,142,122
T077,L,T001,test,229,122,142,123,122,142,123
T077,L,T001,test,230,142,143,123,142,143,123
T077,L,T001,test,231,123,143,124,123,143,124
T077,L,T001,test,232,143,144,124,143,144,124
T077,L,T001,test,233,124,144,125,124,144,125
T077,L,T001,test,234,144,145,125,144,145,125
T077,L,T001,test,235,125,145,126,125,145,126
T077,L,T001,test,236,145,146,126,145,146,126
T077,L,T001,test,237,126,146,127,126,146,127
T077,L,T001,test,238,146,147,127,146,147,127
T077,L,T001,test,239,127,147,128,127,147,128
T077,L,T001,test,240,147,148,128,147,148,128
T077,L,T001,test,241,128,148,129,128,148,129
T077,L,T001,test,242,148,149,129,148,149,129
T077,L,T001,test,243,129,149,130,129,149,130
T077,L,T001,test,244,149,150,130,149,150,130
T077,L,T001,test,245,130,150,131,130,150,131
T077,L,T001,test,246,150,151,131,150,151,131
T077,L,T001,test,247,131,151,132,131,151,132
T077,L,T001,test,248,151,152,132,151,152,132
T077,L,T001,test,249,132,152,133,132,152,133
T077,L,T001,test,250,152,153,133,152,153,133
T077,L,T001,test,251,133,153,134,133,153,134
T077,L,T001,test,252,135,154,136,135,154,136
T077,L,T001,test,253,154,155,136,154,155,136
T077,L,T001,test,254,136,155,137,136,155,137
T077,L,T001,test,255,155,156,137,155,156,137
T077,L,T001,test,256,137,156,138,137,156,138
T077,L,T001,test,257,156,157,138,156,157,138
T077,L,T001,test,258,138,157,139,138,157,139
T077,L,T001,test,259,157,158,139,157,158,139
T077,L,T001,test,260,139,158,140,139,158,140
T077,L,T001,test,261,158,159,140,158,159,140
T077,L,T001,test,262,140,159,141,140,159,141
T077,L,T001,test,263,159,160,141,159,160,141
T077,L,T001,test,264,141,160,142,141,160,142
T077,L,T001,test,265,160,161,142,160,161,142
T077,L,T001,test,266,142,161,143,142,161,143
T077,L,T001,test,267,161,162,143,161,162,143
T077,L,T001,test,268,143,162,144,143,162,144
T077,L,T001,test,269,162,163,144,162,163,144
T077,L,T001,test,270,144,163,145,144,163,145
T077,L,T001,test,271,163,164,145,163,164,145
T077,L,T001,test,272,145,164,146,145,164,146
T077,L,T001,test,273,164,165,146,164,165,146
T077,L,T001,test,274,146,165,147,146,165,147
T077,L,T001,test,275,165,166,147,165,166,147
T077,L,T001,test,276,147,166,148,147,166,148
T077,L,T001,test,277,166,167,148,166,167,148
T077,L,T001,test,278,148,167,149,148,167,149
T077,L,T001,test,279,167,168,149,167,168,149
T077,L,T001,test,280,149,168,150,149,168,150
T077,L,T001,test,281,168,169,150,168,169,150
T077,L,T001,test,282,150,169,151,150,169,151
T077,L,T001,test,283,169,170,151,169,170,151
T077,L,T001,test,284,151,170,152,151,170,152
T077,L,T001,test,285,170,171,152,170,171,152
T077,L,T001,test,286,152,171,153,152,171,153
T077,L,T001,test,287,154,172,155,154,172,155
T077,L,T001,test,288,172,173,155,172,173,155
T077,L,T001,test,289,155,173,156,155,173,156
T077,L,T001,test,290,173,174,156,173,174,156
T077,L,T001,test,291,156,174,157,156,174,157
T077,L,T001,test,292,174,175,157,174,175,157
T077,L,T001,test,293,157,175,158,157,175,158
T077,L,T001,test,294,175,176,158,175,176,158
T077,L,T001,test,295,158,176,159,158,176,159
T077,L,T001,test,296,176,177,159,176,177,159
T077,L,T001,test,297,159,177,160,159,177,160
T077,L,T001,test,298,177,178,160,177,178,160
T077,L,T001,test,299,160,178,161,160,178,161
T077,L,T001,test,300,178,179,161,178,179,161
T077,L,T001,test,301,161,179,162,161,179,162
T077,L,T001,test,302,179,180,162,179,180,162
T077,L,T001,test,303,162,180,163,162,180,163
T077,L,T001,test,304,180,181,163,180,181,163
T077,L,T001,test,305,163,181,164,163,181,164
T077,L,T001,test,306,181,182,164,181,182,164
T077,L,T001,test,307,164,182,165,164,182,165
T077,L,T001,test,308,182,183,165,182,183,165
T077,L,T001,test,309,165,183,166,165,183,166
T077,L,T001,test,310,183,184,166,183,184,166
T077,L,T001,test,311,166,184,167,166,184,167
T077,L,T001,test,312,184,185,167,184,185,167
T077,L,T001,test,313,167,185,168,167,185,168
T077,L,T001,test,314,185,186,168,185,186,168
T077,L,T001,test,315,168,186,169,168,186,169
T077,L,T001,test,316,186,187,169,186,187,169
T077,L,T001,test,317,169,187,170,169,187,170
T077,L,T001,test,318,187,188,170,187,188,170
T077,L,T001,test,319,170,188,171,170,188,171
T077,L,T001,test,320,172,189,173,172,189,173
T077,L,T001,test,321,189,190,173,189,190,173
T077,L,T001,test,322,173,190,174,173,190,174
T077,L,T001,test,323,190,191,174,190,191,174
T077,L,T001,test,324,174,191,175,174,191,175
T077,L,T001,test,325,191,192,175,191,192,175
T077,L,T001,test,326,175,192,176,175,192,176
T077,L,T001,test,327,192,193,176,192,193,176
T077,L,T001,test,328,176,193,177,176,193,177
T077,L,T001,test,329,193,194,177,193,194,177
T077,L,T001,test,330,177,194,178,177,194,178
T077,L,T001,test,331,194,195,178,194,195,178
T077,L,T001,test,332,178,195,179,178,195,179
T077,L,T001,test,333,195,196,179,195,196,179
T077,L,T001,test,334,179,196,180,179,196,180
T077,L,T001,test,335,196,197,180,196,197,180
T077,L,T001,test,336,180,197,181,180,197,181
T077,L,T001,test,337,197,198,181,197,198,181
T077,L,T001,test,338,181,198,182,181,198,182
T077,L,T001,test,339,198,199,182,198,199,182
T077,L,T001,test,340,182,199,183,182,199,183
T077,L,T001,test,341,199,200,183,199,200,183
T077,L,T001,test,342,183,200,184,183,200,184
T077,L,T001,test,343,200,201,184,200,201,184
T077,L,T001,test,344,184,201,185,184,201,185
T077,L,T001,test,345,201,202,185,201,202,185
T077,L,T001,test,346,185,202,186,185,202,186
T077,L,T001,test,347,202,203,186,202,203,186
T077,L,T001,test,348,186,203,187,186,203,187
T077,L,T001,test,349,203,204,187,203,204,187
T077,L,T001,test,350,187,204,188,187,204,188
T077,L,T001,test,351,189,205,190,189,205,190
T077,L,T001,test,352,205,206,190,205,206,190
T077,L,T001,test,353,190,206,191,190,206,191
T077,L,T001,test,354,206,207,191,206,207,191
T077,L,T001,test,355,191,207,192,191,207,192
T077,L,T001,test,356,207,208,192,207,208,192
T077,L,T001,test,357,192,208,193,192,208,193
T077,L,T001,test,358,208,209,193,208,209,193
T077,L,T001,test,359,193,209,194,193,209,194
T077,L,T001,test,360,209,210,194,209,210,194
T077,L,T001,test,361,194,210,195,194,210,195
T077,L,T001,test,362,210,211,195,210,211,195
T077,L,T001,test,363,195,211,196,195,211,196
T077,L,T001,test,364,211,212,196,211,212,196
T077,L,T001,test,365,196,212,197,196,212,197
T077,L,T001,test,366,212,213,197,212,213,197
T077,L,T001,test,367,197,213,198,197,213,198
T077,L,T001,test,368,213,214,198,213,214,198
T077,L,T001,test,369,198,214,199,198,214,199
T077,L,T001,test,370,214,215,199,214,215,199
T077,L,T001,test,371,199,215,200,199,215,200
T077,L,T001,test,372,215,216,200,215,216,200
T077,L,T001,test,373,200,216,201,200,216,201
T077,L,T001,test,374,216,217,201,216,217,201
T077,L,T001,test,375,201,217,202,201,217,202
T077,L,T001,test,376,217,218,202,217,218,202
T077,L,T001,test,377,202,218,203,202,218,203
T077,L,T001,test,378,218,219,203,218,219,203
T077,L,T001,test,379,203,219,204,203,219,204
T077,L,T001,test,380,205,220,206,205,220,206
T077,L,T001,test,381,220,221,206,220,221,206
T077,L,T001,test,382,206,221,207,206,221,207
T077,L,T001,test,383,221,222,207,221,222,207
T077,L,T001,test,384,207,222,208,207,222,208
T077,L,T001,test,385,222,223,208,222,223,208
T077,L,T001,test,386,208,223,209,208,223,209
T077,L,T001,test,387,223,224,209,223,224,209
T077,L,T001,test,388,209,224,210,209,224,210
T077,L,T001,test,389,224,225,210,224,225,210
T077,L,T001,test,390,210,225,211,210,225,211
T077,L,T001,test,391,225,226,211,225,226,211
T077,L,T001,test,392,211,226,212,211,226,212
T077,L,T001,test,393,226,227,212,226,227,212
T077,L,T001,test,394,212,227,213,212,227,213
T077,L,T001,test,395,227,228,213,227,228,213
T077,L,T001,test,396,213,228,214,213,228,214
T077,L,T001,test,397,228,229,214,228,229,214
T077,L,T001,test,398,214,229,215,214,229,215
T077,L,T001,test,399,229,230,215,229,230,215
T077,L,T001,test,400,215,230,216,215,230,216
T077,L,T001,test,401,230,231,216,230,231,216
T077,L,T001,test,402,216,231,217,216,231,217
T077,L,T001,test,403,231,232,217,231,232,217
T077,L,T001,test,404,217,232,218,217,232,218
T077,L,T001,test,405,232,233,218,232,233,218
T077,L,T001,test,406,218,233,219,218,233,219
T077,L,T001,test,407,220,234,221,220,234,221
T077,L,T001,test,408,234,235,221,234,235,221
T077,L,T001,test,409,221,235,222,221,235,222
T077,L,T001,test,410,235,236,222,235,236,222
T077,L,T001,test,411,222,236,223,222,236,223
T077,L,T001,test,412,236,237,223,236,237,223
T077,L,T001,test,413,223,237,224,223,237,224
T077,L,T001,test,414,237,238,224,237,238,224
T077,L,T001,test,415,224,238,225,224,238,225
T077,L,T001,test,416,238,239,225,238,239,225
T077,L,T001,test,417,225,239,226,225,239,226
T077,L,T001,test,418,239,240,226,239,240,226
T077,L,T001,test,419,226,240,227,226,240,227
T077,L,T001,test,420,240,241,227,240,241,227
T077,L,T001,test,421,227,241,228,227,241,228
T077,L,T001,test,422,241,242,228,241,242,228
T077,L,T001,test,423,228,242,229,228,242,229
T077,L,T001,test,424,242,243,229,242,243,229
T077,L,T001,test,425,229,243,230,229,243,230
T077,L,T001,test,426,243,244,230,243,244,230
T077,L,T001,test,427,230,244,231,230,244,231
T077,L,T001,test,428,244,245,231,244,245,231
T077,L,T001,test,429,231,245,232,231,245,232
T077,L,T001,test,430,245,246,232,245,246,232
T077,L,T001,test,431,232,246,233,232,246,233
T077,L,T001,test,432,234,247,235,234,247,235
T077,L,T001,test,433,247,248,235,247,248,235
T077,L,T001,test,434,235,248,236,235,248,236
T077,L,T001,test,435,248,249,236,248,249,236
T077,L,T001,test,436,236,249,237,236,249,237
T077,L,T001,test,437,249,250,237,249,250,237
T077,L,T001,test,438,237,250,238,237,250,238
T077,L,T001,test,439,250,251,238,250,251,238
T077,L,T001,test,440,238,251,239,238,251,239
T077,L,T001,test,441,251,252,239,251,252,239
T077,L,T001,test,442,239,252,240,239,252,240
T077,L,T001,test,443,252,253,240,252,253,240
T077,L,T001,test,444,240,253,241,240,253,241
T077,L,T001,test,445,253,254,241,253,254,241
T077,L,T001,test,446,241,254,242,241,254,242
T077,L,T001,test,447,254,255,242,254,255,242
T077,L,T001,test,448,242,255,243,242,255,243
T077,L,T001,test,449,255,256,243,255,256,243
T077,L,T001,test,450,243,256,244,243,256,244
T077,L,T001,test,451,256,257,244,256,257,244
T077,L,T001,test,452,244,257,245,244,257,245
T077,L,T001,test,453,257,258,245,257,258,245
T077,L,T001,test,454,245,258,246,245,258,246
T077,L,T001,test,455,247,259,248,247,259,248
T077,L,T001,test,456,259,260,248,259,260,248
T077,L,T001,test,457,248,260,249,248,260,249
T077,L,T001,test,458,260,261,249,260,261,249
T077,L,T001,test,459,249,261,250,249,261,250
T077,L,T001,test,460,261,262,250,261,262,250
T077,L,T001,test,461,250,262,251,250,262,251
T077,L,T001,test,462,262,263,251,262,263,251
T077,L,T001,test,463,251,263,252,251,263,252
T077,L,T001,test,464,263,264,252,263,264,252
T077,L,T001,test,465,252,264,253,252,264,253
T077,L,T001,test,466,264,265,253,264,265,253
T077,L,T001,test,467,253,265,254,253,265,254
T077,L,T001,test,468,265,266,254,265,266,254
T077,L,T001,test,469,254,266,255,254,266,255
T077,L,T001,test,470,266,267,255,266,267,255
T077,L,T001,test,471,255,267,256,255,267,256
T077,L,T001,test,472,267,268,256,267,268,256
T077,L,T001,test,473,256,268,257,256,268,257
T077,L,T001,test,474,268,269,257,268,269,257
T077,L,T001,test,475,257,269,258,257,269,258
T077,L,T001,test,476,259,270,260,259,270,260
T077,L,T001,test,477,270,271,260,270,271,260
T077,L,T001,test,478,260,271,261,260,271,261
T077,L,T001,test,479,271,272,261,271,272,261
T077,L,T001,test,480,261,272,262,261,272,262
T077,L,T001,test,481,272,273,262,272,273,262
T077,L,T001,test,482,262,273,263,262,273,263
T077,L,T001,test,483,273,274,263,273,274,263
T077,L,T001,test,484,263,274,264,263,274,264
T077,L,T001,test,485,274,275,264,274,275,264
T077,L,T001,test,486,264,275,265,264,275,265
T077,L,T001,test,487,275,276,265,275,276,265
T077,L,T001,test,488,265,276,266,265,276,266
T077,L,T001,test,489,276,277,266,276,277,266
T077,L,T001,test,490,266,277,267,266,277,267
T077,L,T001,test,491,277,278,267,277,278,267
T077,L,T001,test,492,267,278,268,267,278,268
T077,L,T001,test,493,278,279,268,278,279,268
T077,L,T001,test,494,268,279,269,268,279,269
T077,L,T001,test,495,270,280,271,270,280,271
T077,L,T001,test,496,280,281,271,280,281,271
T077,L,T001,test,497,271,281,272,271,281,272
T077,L,T001,test,498,281,282,272,281,282,272
T077,L,T001,test,499,272,282,273,272,282,273
T077,L,T001,test,500,282,283,273,282,283,273
T077,L,T001,test,501,273,283,274,273,283,274
T077,L,T001,test,502,283,284,274,283,284,274
T077,L,T001,test,503,274,284,275,274,284,275
T077,L,T001,test,504,284,285,275,284,285,275
T077,L,T001,test,505,275,285,276,275,285,276
T077,L,T001,test,506,285,286,276,285,286,276
T077,L,T001,test,507,276,286,277,276,286,277
T077,L,T001,test,508,286,287,277,286,287,277
T077,L,T001,test,509,277,287,278,277,287,278
T077,L,T001,test,510,287,288,278,287,288,278
T077,L,T001,test,511,278,288,279,278,288,279
T077,L,T001,test,512,280,289,281,280,289,281
T077,L,T001,test,513,289,290,281,289,290,281
T077,L,T001,test,514,281,290,282,281,290,282
T077,L,T001,test,515,290,291,282,290,291,282
T077,L,T001,test,516,282,291,283,282,291,283
T077,L,T001,test,517,291,292,283,291,292,283
T077,L,T001,test,518,283,292,284,283,292,284
T077,L,T001,test,519,292,293,284,292,293,284
T077,L,T001,test,520,284,293,285,284,293,285
T077,L,T001,test,521,293,294,285,293,294,285
T077,L,T001,test,522,285,294,286,285,294,286
T077,L,T001,test,523,294,295,286,294,295,286
T077,L,T001,test,524,286,295,287,286,295,287
T077,L,T001,test,525,295,296,287,295,296,287
T077,L,T001,test,526,287,296,288,287,296,288
T077,L,T001,test,527,289,297,290,289,297,290
T077,L,T001,test,528,297,298,290,297,298,290
T077,L,T001,test,529,290,298,291,290,298,291
T077,L,T001,test,530,298,299,291,298,299,291
T077,L,T001,test,531,291,299,292,291,299,292
T077,L,T001,test,532,299,300,292,299,300,292
T077,L,T001,test,533,292,300,293,292,300,293
T077,L,T001,test,534,300,301,293,300,301,293
T077,L,T001,test,535,293,301,294,293,301,294
T077,L,T001,test,536,301,302,294,301,302,294
T077,L,T001,test,537,294,302,295,294,302,295
T077,L,T001,test,538,302,303,295,302,303,295
T077,L,T001,test,539,295,303,296,295,303,296
T077,L,T001,test,540,297,304,298,297,304,298
T077,L,T001,test,541,304,305,298,304,305,298
T077,L,T001,test,542,298,305,299,298,305,299
T077,L,T001,test,543,305,306,299,305,306,299
T077,L,T001,test,544,299,306,300,299,306,300
T077,L,T001,test,545,306,307,300,306,307,300
T077,L,T001,test,546,300,307,301,300,307,301
T077,L,T001,test,547,307,308,301,307,308,301
T077,L,T001,test,548,301,308,302,301,308,302
T077,L,T001,test,549,308,309,302,308,309,302
T077,L,T001,test,550,302,309,303,302,309,303
T077,L,T001,test,551,304,310,305,304,310,305
T077,L,T001,test,552,310,311,305,310,311,305
T077,L,T001,test,553,305,311,306,305,311,306
T077,L,T001,test,554,311,312,306,311,312,306
T077,L,T001,test,555,306,312,307,306,312,307
T077,L,T001,test,556,312,313,307,312,313,307
T077,L,T001,test,557,307,313,308,307,313,308
T077,L,T001,test,558,313,314,308,313,314,308
T077,L,T001,test,559,308,314,309,308,314,309
T077,L,T001,test,560,310,315,311,310,315,311
T077,L,T001,test,561,315,316,311,315,316,311
T077,L,T001,test,562,311,316,312,311,316,312
T077,L,T001,test,563,316,317,312,316,317,312
T077,L,T001,test,564,312,317,313,312,317,313
T077,L,T001,test,565,317,318,313,317,318,313
T077,L,T001,test,566,313,318,314,313,318,314
T077,L,T001,test,567,315,319,316,315,319,316
T077,L,T001,test,568,319,320,316,319,320,316
T077,L,T001,test,569,316,320,317,316,320,317
T077,L,T001,test,570,320,321,317,320,321,317
T077,L,T001,test,571,317,321,318,317,321,318
T077,L,T001,test,572,319,322,320,319,322,320
T077,L,T001,test,573,322,323,320,322,323,320
T077,L,T001,test,574,320,323,321,320,323,321
T077,L,T001,test,575,322,324,323,322,324,323
T077,L,T002,test,0,0,25,1,325,350,326
T077,L,T002,test,1,25,26,1,350,351,326
T077,L,T002,test,2,1,26,2,326,351,327
T077,L,T002,test,3,26,27,2,351,352,327
T077,L,T002,test,4,2,27,3,327,352,328
T077,L,T002,test,5,27,28,3,352,353,328
T077,L,T002,test,6,3,28,4,328,353,329
T077,L,T002,test,7,28,29,4,353,354,329
T077,L,T002,test,8,4,29,5,329,354,330
T077,L,T002,test,9,29,30,5,354,355,330
T077,L,T002,test,10,5,30,6,330,355,331
T077,L,T002,test,11,30,31,6,355,356,331
T077,L,T002,test,12,6,31,7,331,356,332
T077,L,T002,test,13,31,32,7,356,357,332
T077,L,T002,test,14,7,32,8,332,357,333
T077,L,T002,test,15,32,33,8,357,358,333
T077,L,T002,test,16,8,33,9,333,358,334
T077,L,T002,test,17,33,34,9,358,359,334
T077,L,T002,test,18,9,34,10,334,359,335
T077,L,T002,test,19,34,35,10,359,360,335
T077,L,T002,test,20,10,35,11,335,360,336
T077,L,T002,test,21,35,36,11,360,361,336
T077,L,T002,test,22,11,36,12,336,361,337
T077,L,T002,test,23,36,37,12,361,362,337
T077,L,T002,test,24,12,37,13,337,362,338
T077,L,T002,test,25,37,38,13,362,363,338
T077,L,T002,test,26,13,38,14,338,363,339
T077,L,T002,test,27,38,39,14,363,364,339
T077,L,T002,test,28,14,39,15,339,364,340
T077,L,T002,test,29,39,40,15,364,365,340
T077,L,T002,test,30,15,40,16,340,365,341
T077,L,T002,test,31,40,41,16,365,366,341
T077,L,T002,test,32,16,41,17,341,366,342
T077,L,T002,test,33,41,42,17,366,367,342
T077,L,T002,test,34,17,42,18,342,367,343
T077,L,T002,test,35,42,43,18,367,368,343
T077,L,T002,test,36,18,43,19,343,368,344
T077,L,T002,test,37,43,44,19,368,369,344
T077,L,T002,test,38,19,44,20,344,369,345
T077,L,T002,test,39,44,45,20,369,370,345
T077,L,T002,test,40,20,45,21,345,370,346
T077,L,T002,test,41,45,46,21,370,371,346
T077,L,T002,test,42,21,46,22,346,371,347
T077,L,T002,test,43,46,47,22,371,372,347
T077,L,T002,test,44,22,47,23,347,372,348
T077,L,T002,test,45,47,48,23,372,373,348
T077,L,T002,test,46,23,48,24,348,373,349
T077,L,T002,test,47,25,49,26,350,374,351
T077,L,T002,test,48,49,50,26,374,375,351
T077,L,T002,test,49,26,50,27,351,375,352
T077,L,T002,test,50,50,51,27,375,376,352
T077,L,T002,test,51,27,51,28,352,376,353
T077,L,T002,test,52,51,52,28,376,377,353
T077,L,T002,test,53,28,52,29,353,377,354
T077,L,T002,test,54,52,53,29,377,378,354
T077,L,T002,test,55,29,53,30,354,378,355
T077,L,T002,test,56,53,54,30,378,379,355
T077,L,T002,test,57,30,54,31,355,379,356
T077,L,T002,test,58,54,55,31,379,380,356
T077,L,T002,test,59,31,55,32,356,380,357
T077,L,T002,test,60,55,56,32,380,381,357
T077,L,T002,test,61,32,56,33,357,381,358
T077,L,T002,test,62,56,57,33,381,382,358
T077,L,T002,test,63,33,57,34,358,382,359
T077,L,T002,test,64,57,58,34,382,383,359
T077,L,T002,test,65,34,58,35,359,383,360
T077,L,T002,test,66,58,59,35,383,384,360
T077,L,T002,test,67,35,59,36,360,384,361
T077,L,T002,test,68,59,60,36,384,385,361
T077,L,T002,test,69,36,60,37,361,385,362
T077,L,T002,test,70,60,61,37,385,386,362
T077,L,T002,test,71,37,61,38,362,386,363
T077,L,T002,test,72,61,62,38,386,387,363
T077,L,T002,test,73,38,62,39,363,387,364
T077,L,T002,test,74,62,63,39,387,388,364
T077,L,T002,test,75,39,63,40,364,388,365
T077,L,T002,test,76,63,64,40,388,389,365
T077,L,T002,test,77,40,64,41,365,389,366
T077,L,T002,test,78,64,65,41,389,390,366
T077,L,T002,test,79,41,65,42,366,390,367
T077,L,T002,test,80,65,66,42,390,391,367
T077,L,T002,test,81,42,66,43,367,391,368
T077,L,T002,test,82,66,67,43,391,392,368
T077,L,T002,test,83,43,67,44,368,392,369
T077,L,T002,test,84,67,68,44,392,393,369
T077,L,T002,test,85,44,68,45,369,393,370
T077,L,T002,test,86,68,69,45,393,394,370
T077,L,T002,test,87,45,69,46,370,394,371
T077,L,T002,test,88,69,70,46,394,395,371
T077,L,T002,test,89,46,70,47,371,395,372
T077,L,T002,test,90,70,71,47,395,396,372
T077,L,T002,test,91,47,71,48,372,396,373
T077,L,T002,test,92,49,72,50,374,397,375
T077,L,T002,test,93,72,73,50,397,398,375
T077,L,T002,test,94,50,73,51,375,398,376
T077,L,T002,test,95,73,74,51,398,399,376
T077,L,T002,test,96,51,74,52,376,399,377
T077,L,T002,test,97,74,75,52,399,400,377
T077,L,T002,test,98,52,75,53,377,400,378
T077,L,T002,test,99,75,76,53,400,401,378
T077,L,T002,test,100,53,76,54,378,401,379
T077,L,T002,test,101,76,77,54,401,402,379
T077,L,T002,test,102,54,77,55,379,402,380
T077,L,T002,test,103,77,78,55,402,403,380
T077,L,T002,test,104,55,78,56,380,403,381
T077,L,T002,test,105,78,79,56,403,404,381
T077,L,T002,test,106,56,79,57,381,404,382
T077,L,T002,test,107,79,80,57,404,405,382
T077,L,T002,test,108,57,80,58,382,405,383
T077,L,T002,test,109,80,81,58,405,406,383
T077,L,T002,test,110,58,81,59,383,406,384
T077,L,T002,test,111,81,82,59,406,407,384
T077,L,T002,test,112,59,82,60,384,407,385
T077,L,T002,test,113,82,83,60,407,408,385
T077,L,T002,test,114,60,83,61,385,408,386
T077,L,T002,test,115,83,84,61,408,409,386
T077,L,T002,test,116,61,84,62,386,409,387
T077,L,T002,test,117,84,85,62,409,410,387
T077,L,T002,test,118,62,85,63,387,410,388
T077,L,T002,test,119,85,86,63,410,411,388
T077,L,T002,test,120,63,86,64,388,411,389
T077,L,T002,test,121,86,87,64,411,412,389
T077,L,T002,test,122,64,87,65,389,412,390
T077,L,T002,test,123,87,88,65,412,413,390
T077,L,T002,test,124,65,88,66,390,413,391
T077,L,T002,test,125,88,89,66,413,414,391
T077,L,T002,test,126,66,89,67,391,414,392
T077,L,T002,test,127,89,90,67,414,415,392
T077,L,T002,test,128,67,90,68,392,415,393
T077,L,T002,test,129,90,91,68,415,416,393
T077,L,T002,test,130,68,91,69,393,416,394
T077,L,T002,test,131,91,92,69,416,417,394
T077,L,T002,test,132,69,92,70,394,417,395
T077,L,T002,test,133,92,93,70,417,418,395
T077,L,T002,test,134,70,93,71,395,418,396
T077,L,T002,test,135,72,94,73,397,419,398
T077,L,T002,test,136,94,95,73,419,420,398
T077,L,T002,test,137,73,95,74,398,420,399
T077,L,T002,test,138,95,96,74,420,421,399
T077,L,T002,test,139,74,96,75,399,421,400
T077,L,T002,test,140,96,97,75,421,422,400
T077,L,T002,test,141,75,97,76,400,422,401
T077,L,T002,test,142,97,98,76,422,423,401
T077,L,T002,test,143,76,98,77,401,423,402
T077,L,T002,test,144,98,99,77,423,424,402
T077,L,T002,test,145,77,99,78,402,424,403
T077,L,T002,test,146,99,100,78,424,425,403
T077,L,T002,test,147,78,100,79,403,425,404
T077,L,T002,test,148,100,101,79,425,426,404
T077,L,T002,test,149,79,101,80,404,426,405
T077,L,T002,test,150,101,102,80,426,427,405
T077,L,T002,test,151,80,102,81,405,427,406
T077,L,T002,test,152,102,103,81,427,428,406
T077,L,T002,test,153,81,103,82,406,428,407
T077,L,T002,test,154,103,104,82,428,429,407
T077,L,T002,test,155,82,104,83,407,429,408
T077,L,T002,test,156,104,105,83,429,430,408
T077,L,T002,test,157,83,105,84,408,430,409
T077,L,T002,test,158,105,106,84,430,431,409
T077,L,T002,test,159,84,106,85,409,431,410
T077,L,T002,test,160,106,107,85,431,432,410
T077,L,T002,test,161,85,107,86,410,432,411
T077,L,T002,test,162,107,108,86,432,433,411
T077,L,T002,test,163,86,108,87,411,433,412
T077,L,T002,test,164,108,109,87,433,434,412
T077,L,T002,test,165,87,109,88,412,434,413
T077,L,T002,test,166,109,110,88,434,435,413
T077,L,T002,test,167,88,110,89,413,435,414
T077,L,T002,test,168,110,111,89,435,436,414
T077,L,T002,test,169,89,111,90,414,436,415
T077,L,T002,test,170,111,112,90,436,437,415
T077,L,T002,test,171,90,112,91,415,437,416
T077,L,T002,test,172,112,113,91,437,438,416
T077,L,T002,test,173,91,113,92,416,438,417
T077,L,T002,test,174,113,114,92,438,439,417
T077,L,T002,test,175,92,114,93,417,439,418
T077,L,T002,test,176,94,115,95,419,440,420
T077,L,T002,test,177,115,116,95,440,441,420
T077,L,T002,test,178,95,116,96,420,441,421
T077,L,T002,test,179,116,117,96,441,442,421
T077,L,T002,test,180,96,117,97,421,442,422
T077,L,T002,test,181,117,118,97,442,443,422
T077,L,T002,test,182,97,118,98,422,443,423
T077,L,T002,test,183,118,119,98,443,444,423
T077,L,T002,test,184,98,119,99,423,444,424
T077,L,T002,test,185,119,120,99,444,445,424
T077,L,T002,test,186,99,120,100,424,445,425
T077,L,T002,test,187,120,121,100,445,446,425
T077,L,T002,test,188,100,121,101,425,446,426
T077,L,T002,test,189,121,122,101,446,447,426
T077,L,T002,test,190,101,122,102,426,447,427
T077,L,T002,test,191,122,123,102,447,448,427
T077,L,T002,test,192,102,123,103,427,448,428
T077,L,T002,test,193,123,124,103,448,449,428
T077,L,T002,test,194,103,124,104,428,449,429
T077,L,T002,test,195,124,125,104,449,450,429
T077,L,T002,test,196,104,125,105,429,450,430
T077,L,T002,test,197,125,126,105,450,451,430
T077,L,T002,test,198,105,126,106,430,451,431
T077,L,T002,test,199,126,127,106,451,452,431
T077,L,T002,test,200,106,127,107,431,452,432
T077,L,T002,test,201,127,128,107,452,453,432
T077,L,T002,test,202,107,128,108,432,453,433
T077,L,T002,test,203,128,129,108,453,454,433
T077,L,T002,test,204,108,129,109,433,454,434
T077,L,T002,test,205,129,130,109,454,455,434
T077,L,T002,test,206,109,130,110,434,455,435
T077,L,T002,test,207,130,131,110,455,456,435
T077,L,T002,test,208,110,131,111,435,456,436
T077,L,T002,test,209,131,132,111,456,457,436
T077,L,T002,test,210,111,132,112,436,457,437
T077,L,T002,test,211,132,133,112,457,458,437
T077,L,T002,test,212,112,133,113,437,458,438
T077,L,T002,test,213,133,134,113,458,459,438
T077,L,T002,test,214,113,134,114,438,459,439
T077,L,T002,test,215,115,135,116,440,460,441
T077,L,T002,test,216,135,136,116,460,461,441
T077,L,T002,test,217,116,136,117,441,461,442
T077,L,T002,test,218,136,137,117,461,462,442
T077,L,T002,test,219,117,137,118,442,462,443
T077,L,T002,test,220,137,138,118,462,463,443
T077,L,T002,test,221,118,138,119,443,463,444
T077,L,T002,test,222,138,139,119,463,464,444
T077,L,T002,test,223,119,139,120,444,464,445
T077,L,T002,test,224,139,140,120,464,465,445
T077,L,T002,test,225,120,140,121,445,465,446
T077,L,T002,test,226,140,141,121,465,466,446
T077,L,T002,test,227,121,141,122,446,466,447
T077,L,T002,test,228,141,142,122,466,467,447
T077,L,T002,test,229,122,142,123,447,467,448
T077,L,T002,test,230,142,143,123,467,468,448
T077,L,T002,test,231,123,143,124,448,468,449
T077,L,T002,test,232,143,144,124,468,469,449
T077,L,T002,test,233,124,144,125,449,469,450
T077,L,T002,test,234,144,145,125,469,470,450
T077,L,T002,test,235,125,145,126,450,470,451
T077,L,T002,test,236,145,146,126,470,471,451
T077,L,T002,test,237,126,146,127,451,471,452
T077,L,T002,test,238,146,147,127,471,472,452
T077,L,T002,test,239,127,147,128,452,472,453
T077,L,T002,test,240,147,148,128,472,473,453
T077,L,T002,test,241,128,148,129,453,473,454
T077,L,T002,test,242,148,149,129,473,474,454
T077,L,T002,test,243,129,149,130,454,474,455
T077,L,T002,test,244,149,150,130,474,475,455
T077,L,T002,test,245,130,150,131,455,475,456
T077,L,T002,test,246,150,151,131,475,476,456
T077,L,T002,test,247,131,151,132,456,476,457
T077,L,T002,test,248,151,152,132,476,477,457
T077,L,T002,test,249,132,152,133,457,477,458
T077,L,T002,test,250,152,153,133,477,478,458
T077,L,T002,test,251,133,153,134,458,478,459
T077,L,T002,test,252,135,154,136,460,479,461
T077,L,T002,test,253,154,155,136,479,480,461
T077,L,T002,test,254,136,155,137,461,480,462
T077,L,T002,test,255,155,156,137,480,481,462
T077,L,T002,test,256,137,156,138,462,481,463
T077,L,T002,test,257,156,157,138,481,482,463
T077,L,T002,test,258,138,157,139,463,482,464
T077,L,T002,test,259,157,158,139,482,483,464
T077,L,T002,test,260,139,158,140,464,483,465
T077,L,T002,test,261,158,159,140,483,484,465
T077,L,T002,test,262,140,159,141,465,484,466
T077,L,T002,test,263,159,160,141,484,485,466
T077,L,T002,test,264,141,160,142,466,485,467
T077,L,T002,test,265,160,161,142,485,486,467
T077,L,T002,test,266,142,161,143,467,486,468
T077,L,T002,test,267,161,162,143,486,487,468
T077,L,T002,test,268,143,162,144,468,487,469
T077,L,T002,test,269,162,163,144,487,488,469
T077,L,T002,test,270,144,163,145,469,488,470
T077,L,T002,test,271,163,164,145,488,489,470
T077,L,T002,test,272,145,164,146,470,489,471
T077,L,T002,test,273,164,165,146,489,490,471
T077,L,T002,test,274,146,165,147,471,490,472
T077,L,T002,test,275,165,166,147,490,491,472
T077,L,T002,test,276,147,166,148,472,491,473
T077,L,T002,test,277,166,167,148,491,492,473
T077,L,T002,test,278,148,167,149,473,492,474
T077,L,T002,test,279,167,168,149,492,493,474
T077,L,T002,test,280,149,168,150,474,493,475
T077,L,T002,test,281,168,169,150,493,494,475
T077,L,T002,test,282,150,169,151,475,494,476
T077,L,T002,test,283,169,170,151,494,495,476
T077,L,T002,test,284,151,170,152,476,495,477
T077,L,T002,test,285,170,171,152,495,496,477
T077,L,T002,test,286,152,171,153,477,496,478
T077,L,T002,test,287,154,172,155,479,497,480
T077,L,T002,test,288,172,173,155,497,498,480
T077,L,T002,test,289,155,173,156,480,498,481
T077,L,T002,test,290,173,174,156,498,499,481
T077,L,T002,test,291,156,174,157,481,499,482
T077,L,T002,test,292,174,175,157,499,500,482
T077,L,T002,test,293,157,175,158,482,500,483
T077,L,T002,test,294,175,176,158,500,501,483
T077,L,T002,test,295,158,176,159,483,501,484
T077,L,T002,test,296,176,177,159,501,502,484
T077,L,T002,test,297,159,177,160,484,502,485
T077,L,T002,test,298,177,178,160,502,503,485
T077,L,T002,test,299,160,178,161,485,503,486
T077,L,T002,test,300,178,179,161,503,504,486
T077,L,T002,test,301,161,179,162,486,504,487
T077,L,T002,test,302,179,180,162,504,505,487
T077,L,T002,test,303,162,180,163,487,505,488
T077,L,T002,test,304,180,181,163,505,506,488
T077,L,T002,test,305,163,181,164,488,506,489
T077,L,T002,test,306,181,182,164,506,507,489
T077,L,T002,test,307,164,182,165,489,507,490
T077,L,T002,test,308,182,183,165,507,508,490
T077,L,T002,test,309,165,183,166,490,508,491
T077,L,T002,test,310,183,184,166,508,509,491
T077,L,T002,test,311,166,184,167,491,509,492
T077,L,T002,test,312,184,185,167,509,510,492
T077,L,T002,test,313,167,185,168,492,510,493
T077,L,T002,test,314,185,186,168,510,511,493
T077,L,T002,test,315,168,186,169,493,511,494
T077,L,T002,test,316,186,187,169,511,512,494
T077,L,T002,test,317,169,187,170,494,512,495
T077,L,T002,test,318,187,188,170,512,513,495
T077,L,T002,test,319,170,188,171,495,513,496
T077,L,T002,test,320,172,189,173,497,514,498
T077,L,T002,test,321,189,190,173,514,515,498
T077,L,T002,test,322,173,190,174,498,515,499
T077,L,T002,test,323,190,191,174,515,516,499
T077,L,T002,test,324,174,191,175,499,516,500
T077,L,T002,test,325,191,192,175,516,517,500
T077,L,T002,test,326,175,192,176,500,517,501
T077,L,T002,test,327,192,193,176,517,518,501
T077,L,T002,test,328,176,193,177,501,518,502
T077,L,T002,test,329,193,194,177,518,519,502
T077,L,T002,test,330,177,194,178,502,519,503
T077,L,T002,test,331,194,195,178,519,520,503
T077,L,T002,test,332,178,195,179,503,520,504
T077,L,T002,test,333,195,196,179,520,521,504
T077,L,T002,test,334,179,196,180,504,521,505
T077,L,T002,test,335,196,197,180,521,522,505
T077,L,T002,test,336,180,197,181,505,522,506
T077,L,T002,test,337,197,198,181,522,523,506
T077,L,T002,test,338,181,198,182,506,523,507
T077,L,T002,test,339,198,199,182,523,524,507
T077,L,T002,test,340,182,199,183,507,524,508
T077,L,T002,test,341,199,200,183,524,525,508
T077,L,T002,test,342,183,200,184,508,525,509
T077,L,T002,test,343,200,201,184,525,526,509
T077,L,T002,test,344,184,201,185,509,526,510
T077,L,T002,test,345,201,202,185,526,527,510
T077,L,T002,test,346,185,202,186,510,527,511
T077,L,T002,test,347,202,203,186,527,528,511
T077,L,T002,test,348,186,203,187,511,528,512
T077,L,T002,test,349,203,204,187,528,529,512
T077,L,T002,test,350,187,204,188,512,529,513
T077,L,T002,test,351,189,205,190,514,530,515
T077,L,T002,test,352,205,206,190,530,531,515
T077,L,T002,test,353,190,206,191,515,531,516
T077,L,T002,test,354,206,207,191,531,532,516
T077,L,T002,test,355,191,207,192,516,532,517
T077,L,T002,test,356,207,208,192,532,533,517
T077,L,T002,test,357,192,208,193,517,533,518
T077,L,T002,test,358,208,209,193,533,534,518
T077,L,T002,test,359,193,209,194,518,534,519
T077,L,T002,test,360,209,210,194,534,535,519
T077,L,T002,test,361,194,210,195,519,535,520
T077,L,T002,test,362,210,211,195,535,536,520
T077,L,T002,test,363,195,211,196,520,536,521
T077,L,T002,test,364,211,212,196,536,537,521
T077,L,T002,test,365,196,212,197,521,537,522
T077,L,T002,test,366,212,213,197,537,538,522
T077,L,T002,test,367,197,213,198,522,538,523
T077,L,T002,test,368,213,214,198,538,539,523
T077,L,T002,test,369,198,214,199,523,539,524
T077,L,T002,test,370,214,215,199,539,540,524
T077,L,T002,test,371,199,215,200,524,540,525
T077,L,T002,test,372,215,216,200,540,541,525
T077,L,T002,test,373,200,216,201,525,541,526
T077,L,T002,test,374,216,217,201,541,542,526
T077,L,T002,test,375,201,217,202,526,542,527
T077,L,T002,test,376,217,218,202,542,543,527
T077,L,T002,test,377,202,218,203,527,543,528
T077,L,T002,test,378,218,219,203,543,544,528
T077,L,T002,test,379,203,219,204,528,544,529
T077,L,T002,test,380,205,220,206,530,545,531
T077,L,T002,test,381,220,221,206,545,546,531
T077,L,T002,test,382,206,221,207,531,546,532
T077,L,T002,test,383,221,222,207,546,547,532
T077,L,T002,test,384,207,222,208,532,547,533
T077,L,T002,test,385,222,223,208,547,548,533
T077,L,T002,test,386,208,223,209,533,548,534
T077,L,T002,test,387,223,224,209,548,549,534
T077,L,T002,test,388,209,224,210,534,549,535
T077,L,T002,test,389,224,225,210,549,550,535
T077,L,T002,test,390,210,225,211,535,550,536
T077,L,T002,test,391,225,226,211,550,551,536
T077,L,T002,test,392,211,226,212,536,551,537
T077,L,T002,test,393,226,227,212,551,552,537
T077,L,T002,test,394,212,227,213,537,552,538
T077,L,T002,test,395,227,228,213,552,553,538
T077,L,T002,test,396,213,228,214,538,553,539
T077,L,T002,test,397,228,229,214,553,554,539
T077,L,T002,test,398,214,229,215,539,554,540
T077,L,T002,test,399,229,230,215,554,555,540
T077,L,T002,test,400,215,230,216,540,555,541
T077,L,T002,test,401,230,231,216,555,556,541
T077,L,T002,test,402,216,231,217,541,556,542
T077,L,T002,test,403,231,232,217,556,557,542
T077,L,T002,test,404,217,232,218,542,557,543
T077,L,T002,test,405,232,233,218,557,558,543
T077,L,T002,test,406,218,233,219,543,558,544
T077,L,T002,test,407,220,234,221,545,559,546
T077,L,T002,test,408,234,235,221,559,560,546
T077,L,T002,test,409,221,235,222,546,560,547
T077,L,T002,test,410,235,236,222,560,561,547
T077,L,T002,test,411,222,236,223,547,561,548
T077,L,T002,test,412,236,237,223,561,562,548
T077,L,T002,test,413,223,237,224,548,562,549
T077,L,T002,test,414,237,238,224,562,563,549
T077,L,T002,test,415,224,238,225,549,563,550
T077,L,T002,test,416,238,239,225,563,564,550
T077,L,T002,test,417,225,239,226,550,564,551
T077,L,T002,test,418,239,240,226,564,565,551
T077,L,T002,test,419,226,240,227,551,565,552
T077,L,T002,test,420,240,241,227,565,566,552
T077,L,T002,test,421,227,241,228,552,566,553
T077,L,T002,test,422,241,242,228,566,567,553
T077,L,T002,test,423,228,242,229,553,567,554
T077,L,T002,test,424,242,243,229,567,568,554
T077,L,T002,test,425,229,243,230,554,568,555
T077,L,T002,test,426,243,244,230,568,569,555
T077,L,T002,test,427,230,244,231,555,569,556
T077,L,T002,test,428,244,245,231,569,570,556
T077,L,T002,test,429,231,245,232,556,570,557
T077,L,T002,test,430,245,246,232,570,571,557
T077,L,T002,test,431,232,246,233,557,571,558
T077,L,T002,test,432,234,247,235,559,572,560
T077,L,T002,test,433,247,248,235,572,573,560
T077,L,T002,test,434,235,248,236,560,573,561
T077,L,T002,test,435,248,249,236,573,574,561
T077,L,T002,test,436,236,249,237,561,574,562
T077,L,T002,test,437,249,250,237,574,575,562
T077,L,T002,test,438,237,250,238,562,575,563
T077,L,T002,test,439,250,251,238,575,576,563
T077,L,T002,test,440,238,251,239,563,576,564
T077,L,T002,test,441,251,252,239,576,577,564
T077,L,T002,test,442,239,252,240,564,577,565
T077,L,T002,test,443,252,253,240,577,578,565
T077,L,T002,test,444,240,253,241,565,578,566
T077,L,T002,test,445,253,254,241,578,579,566
T077,L,T002,test,446,241,254,242,566,579,567
T077,L,T002,test,447,254,255,242,579,580,567
T077,L,T002,test,448,242,255,243,567,580,568
T077,L,T002,test,449,255,256,243,580,581,568
T077,L,T002,test,450,243,256,244,568,581,569
T077,L,T002,test,451,256,257,244,581,582,569
T077,L,T002,test,452,244,257,245,569,582,570
T077,L,T002,test,453,257,258,245,582,583,570
T077,L,T002,test,454,245,258,246,570,583,571
T077,L,T002,test,455,247,259,248,572,584,573
T077,L,T002,test,456,259,260,248,584,585,573
T077,L,T002,test,457,248,260,249,573,585,574
T077,L,T002,test,458,260,261,249,585,586,574
T077,L,T002,test,459,249,261,250,574,586,575
T077,L,T002,test,460,261,262,250,586,587,575
T077,L,T002,test,461,250,262,251,575,587,576
T077,L,T002,test,462,262,263,251,587,588,576
T077,L,T002,test,463,251,263,252,576,588,577
T077,L,T002,test,464,263,264,252,588,589,577
T077,L,T002,test,465,252,264,253,577,589,578
T077,L,T002,test,466,264,265,253,589,590,578
T077,L,T002,test,467,253,265,254,578,590,579
T077,L,T002,test,468,265,266,254,590,591,579
T077,L,T002,test,469,254,266,255,579,591,580
T077,L,T002,test,470,266,267,255,591,592,580
T077,L,T002,test,471,255,267,256,580,592,581
T077,L,T002,test,472,267,268,256,592,593,581
T077,L,T002,test,473,256,268,257,581,593,582
T077,L,T002,test,474,268,269,257,593,594,582
T077,L,T002,test,475,257,269,258,582,594,583
T077,L,T002,test,476,259,270,260,584,595,585
T077,L,T002,test,477,270,271,260,595,596,585
T077,L,T002,test,478,260,271,261,585,596,586
T077,L,T002,test,479,271,272,261,596,597,586
T077,L,T002,test,480,261,272,262,586,597,587
T077,L,T002,test,481,272,273,262,597,598,587
T077,L,T002,test,482,262,273,263,587,598,588
T077,L,T002,test,483,273,274,263,598,599,588
T077,L,T002,test,484,263,274,264,588,599,589
T077,L,T002,test,485,274,275,264,599,600,589
T077,L,T002,test,486,264,275,265,589,600,590
T077,L,T002,test,487,275,276,265,600,601,590
T077,L,T002,test,488,265,276,266,590,601,591
T077,L,T002,test,489,276,277,266,601,602,591
T077,L,T002,test,490,266,277,267,591,602,592
T077,L,T002,test,491,277,278,267,602,603,592
T077,L,T002,test,492,267,278,268,592,603,593
T077,L,T002,test,493,278,279,268,603,604,593
T077,L,T002,test,494,268,279,269,593,604,594
T077,L,T002,test,495,270,280,271,595,605,596
T077,L,T002,test,496,280,281,271,605,606,596
T077,L,T002,test,497,271,281,272,596,606,597
T077,L,T002,test,498,281,282,272,606,607,597
T077,L,T002,test,499,272,282,273,597,607,598
T077,L,T002,test,500,282,283,273,607,608,598
T077,L,T002,test,501,273,283,274,598,608,599
T077,L,T002,test,502,283,284,274,608,609,599
T077,L,T002,test,503,274,284,275,599,609,600
T077,L,T002,test,504,284,285,275,609,610,600
T077,L,T002,test,505,275,285,276,600,610,601
T077,L,T002,test,506,285,286,276,610,611,601
T077,L,T002,test,507,276,286,277,601,611,602
T077,L,T002,test,508,286,287,277,611,612,602
T077,L,T002,test,509,277,287,278,602,612,603
T077,L,T002,test,510,287,288,278,612,613,603
T077,L,T002,test,511,278,288,279,603,613,604
T077,L,T002,test,512,280,289,281,605,614,606
T077,L,T002,test,513,289,290,281,614,615,606
T077,L,T002,test,514,281,290,282,606,615,607
T077,L,T002,test,515,290,291,282,615,616,607
T077,L,T002,test,516,282,291,283,607,616,608
T077,L,T002,test,517,291,292,283,616,617,608
T077,L,T002,test,518,283,292,284,608,617,609
T077,L,T002,test,519,292,293,284,617,618,609
T077,L,T002,test,520,284,293,285,609,618,610
T077,L,T002,test,521,293,294,285,618,619,610
T077,L,T002,test,522,285,294,286,610,619,611
T077,L,T002,test,523,294,295,286,619,620,611
T077,L,T002,test,524,286,295,287,611,620,612
T077,L,T002,test,525,295,296,287,620,621,612
T077,L,T002,test,526,287,296,288,612,621,613
T077,L,T002,test,527,289,297,290,614,622,615
T077,L,T002,test,528,297,298,290,622,623,615
T077,L,T002,test,529,290,298,291,615,623,616
T077,L,T002,test,530,298,299,291,623,624,616
T077,L,T002,test,531,291,299,292,616,624,617
T077,L,T002,test,532,299,300,292,624,625,617
T077,L,T002,test,533,292,300,293,617,625,618
T077,L,T002,test,534,300,301,293,625,626,618
T077,L,T002,test,535,293,301,294,618,626,619
T077,L,T002,test,536,301,302,294,626,627,619
T077,L,T002,test,537,294,302,295,619,627,620
T077,L,T002,test,538,302,303,295,627,628,620
T077,L,T002,test,539,295,303,296,620,628,621
T077,L,T002,test,540,297,304,298,622,629,623
T077,L,T002,test,541,304,305,298,629,630,623
T077,L,T002,test,542,298,305,299,623,630,624
T077,L,T002,test,543,305,306,299,630,631,624
T077,L,T002,test,544,299,306,300,624,631,625
T077,L,T002,test,545,306,307,300,631,632,625
T077,L,T002,test,546,300,307,301,625,632,626
T077,L,T002,test,547,307,308,301,632,633,626
T077,L,T002,test,548,301,308,302,626,633,627
T077,L,T002,test,549,308,309,302,633,634,627
T077,L,T002,test,550,302,309,303,627,634,628
T077,L,T002,test,551,304,310,305,629,635,630
T077,L,T002,test,552,310,311,305,635,636,630
T077,L,T002,test,553,305,311,306,630,636,631
T077,L,T002,test,554,311,312,306,636,637,631
T077,L,T002,test,555,306,312,307,631,637,632
T077,L,T002,test,556,312,313,307,637,638,632
T077,L,T002,test,557,307,313,308,632,638,633
T077,L,T002,test,558,313,314,308,638,639,633
T077,L,T002,test,559,308,314,309,633,639,634
T077,L,T002,test,560,310,315,311,635,640,636
T077,L,T002,test,561,315,316,311,640,641,636
T077,L,T002,test,562,311,316,312,636,641,637
T077,L,T002,test,563,316,317,312,641,642,637
T077,L,T002,test,564,312,317,313,637,642,638
T077,L,T002,test,565,317,318,313,642,643,638
T077,L,T002,test,566,313,318,314,638,643,639
T077,L,T002,test,567,315,319,316,640,644,641
T077,L,T002,test,568,319,320,316,644,645,641
T077,L,T002,test,569,316,320,317,641,645,642
T077,L,T002,test,570,320,321,317,645,646,642
T077,L,T002,test,571,317,321,318,642,646,643
T077,L,T002,test,572,319,322,320,644,647,645
T077,L,T002,test,573,322,323,320,647,648,645
T077,L,T002,test,574,320,323,321,645,648,646
T077,L,T002,test,575,322,324,323,647,649,648
T077,L,T003,test,0,0,25,1,650,675,651
T077,L,T003,test,1,25,26,1,675,676,651
T077,L,T003,test,2,1,26,2,651,676,652
T077,L,T003,test,3,26,27,2,676,677,652
T077,L,T003,test,4,2,27,3,652,677,653
T077,L,T003,test,5,27,28,3,677,678,653
T077,L,T003,test,6,3,28,4,653,678,654
T077,L,T003,test,7,28,29,4,678,679,654
T077,L,T003,test,8,4,29,5,654,679,655
T077,L,T003,test,9,29,30,5,679,680,655
T077,L,T003,test,10,5,30,6,655,680,656
T077,L,T003,test,11,30,31,6,680,681,656
T077,L,T003,test,12,6,31,7,656,681,657
T077,L,T003,test,13,31,32,7,681,682,657
T077,L,T003,test,14,7,32,8,657,682,658
T077,L,T003,test,15,32,33,8,682,683,658
T077,L,T003,test,16,8,33,9,658,683,659
T077,L,T003,test,17,33,34,9,683,684,659
T077,L,T003,test,18,9,34,10,659,684,660
T077,L,T003,test,19,34,35,10,684,685,660
T077,L,T003,test,20,10,35,11,660,685,661
T077,L,T003,test,21,35,36,11,685,686,661
T077,L,T003,test,22,11,36,12,661,686,662
T077,L,T003,test,23,36,37,12,686,687,662
T077,L,T003,test,24,12,37,13,662,687,663
T077,L,T003,test,25,37,38,13,687,688,663
T077,L,T003,test,26,13,38,14,663,688,664
T077,L,T003,test,27,38,39,14,688,689,664
T077,L,T003,test,28,14,39,15,664,689,665
T077,L,T003,test,29,39,40,15,689,690,665
T077,L,T003,test,30,15,40,16,665,690,666
T077,L,T003,test,31,40,41,16,690,691,666
T077,L,T003,test,32,16,41,17,666,691,667
T077,L,T003,test,33,41,42,17,691,692,667
T077,L,T003,test,34,17,42,18,667,692,668
T077,L,T003,test,35,42,43,18,692,693,668
T077,L,T003,test,36,18,43,19,668,693,669
T077,L,T003,test,37,43,44,19,693,694,669
T077,L,T003,test,38,19,44,20,669,694,670
T077,L,T003,test,39,44,45,20,694,695,670
T077,L,T003,test,40,20,45,21,670,695,671
T077,L,T003,test,41,45,46,21,695,696,671
T077,L,T003,test,42,21,46,22,671,696,672
T077,L,T003,test,43,46,47,22,696,697,672
T077,L,T003,test,44,22,47,23,672,697,673
T077,L,T003,test,45,47,48,23,697,698,673
T077,L,T003,test,46,23,48,24,673,698,674
T077,L,T003,test,47,25,49,26,675,699,676
T077,L,T003,test,48,49,50,26,699,700,676
T077,L,T003,test,49,26,50,27,676,700,677
T077,L,T003,test,50,50,51,27,700,701,677
T077,L,T003,test,51,27,51,28,677,701,678
T077,L,T003,test,52,51,52,28,701,702,678
T077,L,T003,test,53,28,52,29,678,702,679
T077,L,T003,test,54,52,53,29,702,703,679
T077,L,T003,test,55,29,53,30,679,703,680
T077,L,T003,test,56,53,54,30,703,704,680
T077,L,T003,test,57,30,54,31,680,704,681
T077,L,T003,test,58,54,55,31,704,705,681
T077,L,T003,test,59,31,55,32,681,705,682
T077,L,T003,test,60,55,56,32,705,706,682
T077,L,T003,test,61,32,56,33,682,706,683
T077,L,T003,test,62,56,57,33,706,707,683
T077,L,T003,test,63,33,57,34,683,707,684
T077,L,T003,test,64,57,58,34,707,708,684
T077,L,T003,test,65,34,58,35,684,708,685
T077,L,T003,test,66,58,59,35,708,709,685
T077,L,T003,test,67,35,59,36,685,709,686
T077,L,T003,test,68,59,60,36,709,710,686
T077,L,T003,test,69,36,60,37,686,710,687
T077,L,T003,test,70,60,61,37,710,711,687
T077,L,T003,test,71,37,61,38,687,711,688
T077,L,T003,test,72,61,62,38,711,712,688
T077,L,T003,test,73,38,62,39,688,712,689
T077,L,T003,test,74,62,63,39,712,713,689
T077,L,T003,test,75,39,63,40,689,713,690
T077,L,T003,test,76,63,64,40,713,714,690
T077,L,T003,test,77,40,64,41,690,714,691
T077,L,T003,test,78,64,65,41,714,715,691
T077,L,T003,test,79,41,65,42,691,715,692
T077,L,T003,test,80,65,66,42,715,716,692
T077,L,T003,test,81,42,66,43,692,716,693
T077,L,T003,test,82,66,67,43,716,717,693
T077,L,T003,test,83,43,67,44,693,717,694
T077,L,T003,test,84,67,68,44,717,718,694
T077,L,T003,test,85,44,68,45,694,718,695
T077,L,T003,test,86,68,69,45,718,719,695
T077,L,T003,test,87,45,69,46,695,719,696
T077,L,T003,test,88,69,70,46,719,720,696
T077,L,T003,test,89,46,70,47,696,720,697
T077,L,T003,test,90,70,71,47,720,721,697
T077,L,T003,test,91,47,71,48,697,721,698
T077,L,T003,test,92,49,72,50,699,722,700
T077,L,T003,test,93,72,73,50,722,723,700
T077,L,T003,test,94,50,73,51,700,723,701
T077,L,T003,test,95,73,74,51,723,724,701
T077,L,T003,test,96,51,74,52,701,724,702
T077,L,T003,test,97,74,75,52,724,725,702
T077,L,T003,test,98,52,75,53,702,725,703
T077,L,T003,test,99,75,76,53,725,726,703
T077,L,T003,test,100,53,76,54,703,726,704
T077,L,T003,test,101,76,77,54,726,727,704
T077,L,T003,test,102,54,77,55,704,727,705
T077,L,T003,test,103,77,78,55,727,728,705
T077,L,T003,test,104,55,78,56,705,728,706
T077,L,T003,test,105,78,79,56,728,729,706
T077,L,T003,test,106,56,79,57,706,729,707
T077,L,T003,test,107,79,80,57,729,730,707
T077,L,T003,test,108,57,80,58,707,730,708
T077,L,T003,test,109,80,81,58,730,731,708
T077,L,T003,test,110,58,81,59,708,731,709
T077,L,T003,test,111,81,82,59,731,732,709
T077,L,T003,test,112,59,82,60,709,732,710
T077,L,T003,test,113,82,83,60,732,733,710
T077,L,T003,test,114,60,83,61,710,733,711
T077,L,T003,test,115,83,84,61,733,734,711
T077,L,T003,test,116,61,84,62,711,734,712
T077,L,T003,test,117,84,85,62,734,735,712
T077,L,T003,test,118,62,85,63,712,735,713
T077,L,T003,test,119,85,86,63,735,736,713
T077,L,T003,test,120,63,86,64,713,736,714
T077,L,T003,test,121,86,87,64,736,737,714
T077,L,T003,test,122,64,87,65,714,737,715
T077,L,T003,test,123,87,88,65,737,738,715
T077,L,T003,test,124,65,88,66,715,738,716
T077,L,T003,test,125,88,89,66,738,739,716
T077,L,T003,test,126,66,89,67,716,739,717
T077,L,T003,test,127,89,90,67,739,740,717
T077,L,T003,test,128,67,90,68,717,740,718
T077,L,T003,test,129,90,91,68,740,741,718
T077,L,T003,test,130,68,91,69,718,741,719
T077,L,T003,test,131,91,92,69,741,742,719
T077,L,T003,test,132,69,92,70,719,742,720
T077,L,T003,test,133,92,93,70,742,743,720
T077,L,T003,test,134,70,93,71,720,743,721
T077,L,T003,test,135,72,94,73,722,744,723
T077,L,T003,test,136,94,95,73,744,745,723
T077,L,T003,test,137,73,95,74,723,745,724
T077,L,T003,test,138,95,96,74,745,746,724
T077,L,T003,test,139,74,96,75,724,746,725
T077,L,T003,test,140,96,97,75,746,747,725
T077,L,T003,test,141,75,97,76,725,747,726
T077,L,T003,test,142,97,98,76,747,748,726
T077,L,T003,test,143,76,98,77,726,748,727
T077,L,T003,test,144,98,99,77,748,749,727
T077,L,T003,test,145,77,99,78,727,749,728
T077,L,T003,test,146,99,100,78,749,750,728
T077,L,T003,test,147,78,100,79,728,750,729
T077,L,T003,test,148,100,101,79,750,751,729
T077,L,T003,test,149,79,101,80,729,751,730
T077,L,T003,test,150,101,102,80,751,752,730
T077,L,T003,test,151,80,102,81,730,752,731
T077,L,T003,test,152,102,103,81,752,753,731
T077,L,T003,test,153,81,103,82,731,753,732
T077,L,T003,test,154,103,104,82,753,754,732
T077,L,T003,test,155,82,104,83,732,754,733
T077,L,T003,test,156,104,105,83,754,755,733
T077,L,T003,test,157,83,105,84,733,755,734
T077,L,T003,test,158,105,106,84,755,756,734
T077,L,T003,test,159,84,106,85,734,756,735
T077,L,T003,test,160,106,107,85,756,757,735
T077,L,T003,test,161,85,107,86,735,757,736
T077,L,T003,test,162,107,108,86,757,758,736
T077,L,T003,test,163,86,108,87,736,758,737
T077,L,T003,test,164,108,109,87,758,759,737
T077,L,T003,test,165,87,109,88,737,759,738
T077,L,T003,test,166,109,110,88,759,760,738
T077,L,T003,test,167,88,110,89,738,760,739
T077,L,T003,test,168,110,111,89,760,761,739
T077,L,T003,test,169,89,111,90,739,761,740
T077,L,T003,test,170,111,112,90,761,762,740
T077,L,T003,test,171,90,112,91,740,762,741
T077,L,T003,test,172,112,113,91,762,763,741
T077,L,T003,test,173,91,113,92,741,763,742
T077,L,T003,test,174,113,114,92,763,764,742
T077,L,T003,test,175,92,114,93,742,764,743
T077,L,T003,test,176,94,115,95,744,765,745
T077,L,T003,test,177,115,116,95,765,766,745
T077,L,T003,test,178,95,116,96,745,766,746
T077,L,T003,test,179,116,117,96,766,767,746
T077,L,T003,test,180,96,117,97,746,767,747
T077,L,T003,test,181,117,118,97,767,768,747
T077,L,T003,test,182,97,118,98,747,768,748
T077,L,T003,test,183,118,119,98,768,769,748
T077,L,T003,test,184,98,119,99,748,769,749
T077,L,T003,test,185,119,120,99,769,770,749
T077,L,T003,test,186,99,120,100,749,770,750
T077,L,T003,test,187,120,121,100,770,771,750
T077,L,T003,test,188,100,121,101,750,771,751
T077,L,T003,test,189,121,122,101,771,772,751
T077,L,T003,test,190,101,122,102,751,772,752
T077,L,T003,test,191,122,123,102,772,773,752
T077,L,T003,test,192,102,123,103,752,773,753
T077,L,T003,test,193,123,124,103,773,774,753
T077,L,T003,test,194,103,124,104,753,774,754
T077,L,T003,test,195,124,125,104,774,775,754
T077,L,T003,test,196,104,125,105,754,775,755
T077,L,T003,test,197,125,126,105,775,776,755
T077,L,T003,test,198,105,126,106,755,776,756
T077,L,T003,test,199,126,127,106,776,777,756
T077,L,T003,test,200,106,127,107,756,777,757
T077,L,T003,test,201,127,128,107,777,778,757
T077,L,T003,test,202,107,128,108,757,778,758
T077,L,T003,test,203,128,129,108,778,779,758
T077,L,T003,test,204,108,129,109,758,779,759
T077,L,T003,test,205,129,130,109,779,780,759
T077,L,T003,test,206,109,130,110,759,780,760
T077,L,T003,test,207,130,131,110,780,781,760
T077,L,T003,test,208,110,131,111,760,781,761
T077,L,T003,test,209,131,132,111,781,782,761
T077,L,T003,test,210,111,132,112,761,782,762
T077,L,T003,test,211,132,133,112,782,783,762
T077,L,T003,test,212,112,133,113,762,783,763
T077,L,T003,test,213,133,134,113,783,784,763
T077,L,T003,test,214,113,134,114,763,784,764
T077,L,T003,test,215,115,135,116,765,785,766
T077,L,T003,test,216,135,136,116,785,786,766
T077,L,T003,test,217,116,136,117,766,786,767
T077,L,T003,test,218,136,137,117,786,787,767
T077,L,T003,test,219,117,137,118,767,787,768
T077,L,T003,test,220,137,138,118,787,788,768
T077,L,T003,test,221,118,138,119,768,788,769
T077,L,T003,test,222,138,139,119,788,789,769
T077,L,T003,test,223,119,139,120,769,789,770
T077,L,T003,test,224,139,140,120,789,790,770
T077,L,T003,test,225,120,140,121,770,790,771
T077,L,T003,test,226,140,141,121,790,791,771
T077,L,T003,test,227,121,141,122,771,791,772
T077,L,T003,test,228,141,142,122,791,792,772
T077,L,T003,test,229,122,142,123,772,792,773
T077,L,T003,test,230,142,143,123,792,793,773
T077,L,T003,test,231,123,143,124,773,793,774
T077,L,T003,test,232,143,144,124,793,794,774
T077,L,T003,test,233,124,144,125,774,794,775
T077,L,T003,test,234,144,145,125,794,795,775
T077,L,T003,test,235,125,145,126,775,795,776
T077,L,T003,test,236,145,146,126,795,796,776
T077,L,T003,test,237,126,146,127,776,796,777
T077,L,T003,test,238,146,147,127,796,797,777
T077,L,T003,test,239,127,147,128,777,797,778
T077,L,T003,test,240,147,148,128,797,798,778
T077,L,T003,test,241,128,148,129,778,798,779
T077,L,T003,test,242,148,149,129,798,799,779
T077,L,T003,test,243,129,149,130,779,799,780
T077,L,T003,test,244,149,150,130,799,800,780
T077,L,T003,test,245,130,150,131,780,800,781
T077,L,T003,test,246,150,151,131,800,801,781
T077,L,T003,test,247,131,151,132,781,801,782
T077,L,T003,test,248,151,152,132,801,802,782
T077,L,T003,test,249,132,152,133,782,802,783
T077,L,T003,test,250,152,153,133,802,803,783
T077,L,T003,test,251,133,153,134,783,803,784
T077,L,T003,test,252,135,154,136,785,804,786
T077,L,T003,test,253,154,155,136,804,805,786
T077,L,T003,test,254,136,155,137,786,805,787
T077,L,T003,test,255,155,156,137,805,806,787
T077,L,T003,test,256,137,156,138,787,806,788
T077,L,T003,test,257,156,157,138,806,807,788
T077,L,T003,test,258,138,157,139,788,807,789
T077,L,T003,test,259,157,158,139,807,808,789
T077,L,T003,test,260,139,158,140,789,808,790
T077,L,T003,test,261,158,159,140,808,809,790
T077,L,T003,test,262,140,159,141,790,809,791
T077,L,T003,test,263,159,160,141,809,810,791
T077,L,T003,test,264,141,160,142,791,810,792
T077,L,T003,test,265,160,161,142,810,811,792
T077,L,T003,test,266,142,161,143,792,811,793
T077,L,T003,test,267,161,162,143,811,812,793
T077,L,T003,test,268,143,162,144,793,812,794
T077,L,T003,test,269,162,163,144,812,813,794
T077,L,T003,test,270,144,163,145,794,813,795
T077,L,T003,test,271,163,164,145,813,814,795
T077,L,T003,test,272,145,164,146,795,814,796
T077,L,T003,test,273,164,165,146,814,815,796
T077,L,T003,test,274,146,165,147,796,815,797
T077,L,T003,test,275,165,166,147,815,816,797
T077,L,T003,test,276,147,166,148,797,816,798
T077,L,T003,test,277,166,167,148,816,817,798
T077,L,T003,test,278,148,167,149,798,817,799
T077,L,T003,test,279,167,168,149,817,818,799
T077,L,T003,test,280,149,168,150,799,818,800
T077,L,T003,test,281,168,169,150,818,819,800
T077,L,T003,test,282,150,169,151,800,819,801
T077,L,T003,test,283,169,170,151,819,820,801
T077,L,T003,test,284,151,170,152,801,820,802
T077,L,T003,test,285,170,171,152,820,821,802
T077,L,T003,test,286,152,171,153,802,821,803
T077,L,T003,test,287,154,172,155,804,822,805
T077,L,T003,test,288,172,173,155,822,823,805
T077,L,T003,test,289,155,173,156,805,823,806
T077,L,T003,test,290,173,174,156,823,824,806
T077,L,T003,test,291,156,174,157,806,824,807
T077,L,T003,test,292,174,175,157,824,825,807
T077,L,T003,test,293,157,175,158,807,825,808
T077,L,T003,test,294,175,176,158,825,826,808
T077,L,T003,test,295,158,176,159,808,826,809
T077,L,T003,test,296,176,177,159,826,827,809
T077,L,T003,test,297,159,177,160,809,827,810
T077,L,T003,test,298,177,178,160,827,828,810
T077,L,T003,test,299,160,178,161,810,828,811
T077,L,T003,test,300,178,179,161,828,829,811
T077,L,T003,test,301,161,179,162,811,829,812
T077,L,T003,test,302,179,180,162,829,830,812
T077,L,T003,test,303,162,180,163,812,830,813
T077,L,T003,test,304,180,181,163,830,831,813
T077,L,T003,test,305,163,181,164,813,831,814
T077,L,T003,test,306,181,182,164,831,832,814
T077,L,T003,test,307,164,182,165,814,832,815
T077,L,T003,test,308,182,183,165,832,833,815
T077,L,T003,test,309,165,183,166,815,833,816
T077,L,T003,test,310,183,184,166,833,834,816
T077,L,T003,test,311,166,184,167,816,834,817
T077,L,T003,test,312,184,185,167,834,835,817
T077,L,T003,test,313,167,185,168,817,835,818
T077,L,T003,test,314,185,186,168,835,836,818
T077,L,T003,test,315,168,186,169,818,836,819
T077,L,T003,test,316,186,187,169,836,837,819
T077,L,T003,test,317,169,187,170,819,837,820
T077,L,T003,test,318,187,188,170,837,838,820
T077,L,T003,test,319,170,188,171,820,838,821
T077,L,T003,test,320,172,189,173,822,839,823
T077,L,T003,test,321,189,190,173,839,840,823
T077,L,T003,test,322,173,190,174,823,840,824
T077,L,T003,test,323,190,191,174,840,841,824
T077,L,T003,test,324,174,191,175,824,841,825
T077,L,T003,test,325,191,192,175,841,842,825
T077,L,T003,test,326,175,192,176,825,842,826
T077,L,T003,test,327,192,193,176,842,843,826
T077,L,T003,test,328,176,193,177,826,843,827
T077,L,T003,test,329,193,194,177,843,844,827
T077,L,T003,test,330,177,194,178,827,844,828
T077,L,T003,test,331,194,195,178,844,845,828
T077,L,T003,test,332,178,195,179,828,845,829
T077,L,T003,test,333,195,196,179,845,846,829
T077,L,T003,test,334,179,196,180,829,846,830
T077,L,T003,test,335,196,197,180,846,847,830
T077,L,T003,test,336,180,197,181,830,847,831
T077,L,T003,test,337,197,198,181,847,848,831
T077,L,T003,test,338,181,198,182,831,848,832
T077,L,T003,test,339,198,199,182,848,849,832
T077,L,T003,test,340,182,199,183,832,849,833
T077,L,T003,test,341,199,200,183,849,850,833
T077,L,T003,test,342,183,200,184,833,850,834
T077,L,T003,test,343,200,201,184,850,851,834
T077,L,T003,test,344,184,201,185,834,851,835
T077,L,T003,test,345,201,202,185,851,852,835
T077,L,T003,test,346,185,202,186,835,852,836
T077,L,T003,test,347,202,203,186,852,853,836
T077,L,T003,test,348,186,203,187,836,853,837
T077,L,T003,test,349,203,204,187,853,854,837
T077,L,T003,test,350,187,204,188,837,854,838
T077,L,T003,test,351,189,205,190,839,855,840
T077,L,T003,test,352,205,206,190,855,856,840
T077,L,T003,test,353,190,206,191,840,856,841
T077,L,T003,test,354,206,207,191,856,857,841
T077,L,T003,test,355,191,207,192,841,857,842
T077,L,T003,test,356,207,208,192,857,858,842
T077,L,T003,test,357,192,208,193,842,858,843
T077,L,T003,test,358,208,209,193,858,859,843
T077,L,T003,test,359,193,209,194,843,859,844
T077,L,T003,test,360,209,210,194,859,860,844
T077,L,T003,test,361,194,210,195,844,860,845
T077,L,T003,test,362,210,211,195,860,861,845
T077,L,T003,test,363,195,211,196,845,861,846
T077,L,T003,test,364,211,212,196,861,862,846
T077,L,T003,test,365,196,212,197,846,862,847
T077,L,T003,test,366,212,213,197,862,863,847
T077,L,T003,test,367,197,213,198,847,863,848
T077,L,T003,test,368,213,214,198,863,864,848
T077,L,T003,test,369,198,214,199,848,864,849
T077,L,T003,test,370,214,215,199,864,865,849
T077,L,T003,test,371,199,215,200,849,865,850
T077,L,T003,test,372,215,216,200,865,866,850
T077,L,T003,test,373,200,216,201,850,866,851
T077,L,T003,test,374,216,217,201,866,867,851
T077,L,T003,test,375,201,217,202,851,867,852
T077,L,T003,test,376,217,218,202,867,868,852
T077,L,T003,test,377,202,218,203,852,868,853
T077,L,T003,test,378,218,219,203,868,869,853
T077,L,T003,test,379,203,219,204,853,869,854
T077,L,T003,test,380,205,220,206,855,870,856
T077,L,T003,test,381,220,221,206,870,871,856
T077,L,T003,test,382,206,221,207,856,871,857
T077,L,T003,test,383,221,222,207,871,872,857
T077,L,T003,test,384,207,222,208,857,872,858
T077,L,T003,test,385,222,223,208,872,873,858
T077,L,T003,test,386,208,223,209,858,873,859
T077,L,T003,test,387,223,224,209,873,874,859
T077,L,T003,test,388,209,224,210,859,874,860
T077,L,T003,test,389,224,225,210,874,875,860
T077,L,T003,test,390,210,225,211,860,875,861
T077,L,T003,test,391,225,226,211,875,876,861
T077,L,T003,test,392,211,226,212,861,876,862
T077,L,T003,test,393,226,227,212,876,877,862
T077,L,T003,test,394,212,227,213,862,877,863
T077,L,T003,test,395,227,228,213,877,878,863
T077,L,T003,test,396,213,228,214,863,878,864
T077,L,T003,test,397,228,229,214,878,879,864
T077,L,T003,test,398,214,229,215,864,879,865
T077,L,T003,test,399,229,230,215,879,880,865
T077,L,T003,test,400,215,230,216,865,880,866
T077,L,T003,test,401,230,231,216,880,881,866
T077,L,T003,test,402,216,231,217,866,881,867
T077,L,T003,test,403,231,232,217,881,882,867
T077,L,T003,test,404,217,232,218,867,882,868
T077,L,T003,test,405,232,233,218,882,883,868
T077,L,T003,test,406,218,233,219,868,883,869
T077,L,T003,test,407,220,234,221,870,884,871
T077,L,T003,test,408,234,235,221,884,885,871
T077,L,T003,test,409,221,235,222,871,885,872
T077,L,T003,test,410,235,236,222,885,886,872
T077,L,T003,test,411,222,236,223,872,886,873
T077,L,T003,test,412,236,237,223,886,887,873
T077,L,T003,test,413,223,237,224,873,887,874
T077,L,T003,test,414,237,238,224,887,888,874
T077,L,T003,test,415,224,238,225,874,888,875
T077,L,T003,test,416,238,239,225,888,889,875
T077,L,T003,test,417,225,239,226,875,889,876
T077,L,T003,test,418,239,240,226,889,890,876
T077,L,T003,test,419,226,240,227,876,890,877
T077,L,T003,test,420,240,241,227,890,891,877
T077,L,T003,test,421,227,241,228,877,891,878
T077,L,T003,test,422,241,242,228,891,892,878
T077,L,T003,test,423,228,242,229,878,892,879
T077,L,T003,test,424,242,243,229,892,893,879
T077,L,T003,test,425,229,243,230,879,893,880
T077,L,T003,test,426,243,244,230,893,894,880
T077,L,T003,test,427,230,244,231,880,894,881
T077,L,T003,test,428,244,245,231,894,895,881
T077,L,T003,test,429,231,245,232,881,895,882
T077,L,T003,test,430,245,246,232,895,896,882
T077,L,T003,test,431,232,246,233,882,896,883
T077,L,T003,test,432,234,247,235,884,897,885
T077,L,T003,test,433,247,248,235,897,898,885
T077,L,T003,test,434,235,248,236,885,898,886
T077,L,T003,test,435,248,249,236,898,899,886
T077,L,T003,test,436,236,249,237,886,899,887
T077,L,T003,test,437,249,250,237,899,900,887
T077,L,T003,test,438,237,250,238,887,900,888
T077,L,T003,test,439,250,251,238,900,901,888
T077,L,T003,test,440,238,251,239,888,901,889
T077,L,T003,test,441,251,252,239,901,902,889
T077,L,T003,test,442,239,252,240,889,902,890
T077,L,T003,test,443,252,253,240,902,903,890
T077,L,T003,test,444,240,253,241,890,903,891
T077,L,T003,test,445,253,254,241,903,904,891
T077,L,T003,test,446,241,254,242,891,904,892
T077,L,T003,test,447,254,255,242,904,905,892
T077,L,T003,test,448,242,255,243,892,905,893
T077,L,T003,test,449,255,256,243,905,906,893
T077,L,T003,test,450,243,256,244,893,906,894
T077,L,T003,test,451,256,257,244,906,907,894
T077,L,T003,test,452,244,257,245,894,907,895
T077,L,T003,test,453,257,258,245,907,908,895
T077,L,T003,test,454,245,258,246,895,908,896
T077,L,T003,test,455,247,259,248,897,909,898
T077,L,T003,test,456,259,260,248,909,910,898
T077,L,T003,test,457,248,260,249,898,910,899
T077,L,T003,test,458,260,261,249,910,911,899
T077,L,T003,test,459,249,261,250,899,911,900
T077,L,T003,test,460,261,262,250,911,912,900
T077,L,T003,test,461,250,262,251,900,912,901
T077,L,T003,test,462,262,263,251,912,913,901
T077,L,T003,test,463,251,263,252,901,913,902
T077,L,T003,test,464,263,264,252,913,914,902
T077,L,T003,test,465,252,264,253,902,914,903
T077,L,T003,test,466,264,265,253,914,915,903
T077,L,T003,test,467,253,265,254,903,915,904
T077,L,T003,test,468,265,266,254,915,916,904
T077,L,T003,test,469,254,266,255,904,916,905
T077,L,T003,test,470,266,267,255,916,917,905
T077,L,T003,test,471,255,267,256,905,917,906
T077,L,T003,test,472,267,268,256,917,918,906
T077,L,T003,test,473,256,268,257,906,918,907
T077,L,T003,test,474,268,269,257,918,919,907
T077,L,T003,test,475,257,269,258,907,919,908
T077,L,T003,test,476,259,270,260,909,920,910
T077,L,T003,test,477,270,271,260,920,921,910
T077,L,T003,test,478,260,271,261,910,921,911
T077,L,T003,test,479,271,272,261,921,922,911
T077,L,T003,test,480,261,272,262,911,922,912
T077,L,T003,test,481,272,273,262,922,923,912
T077,L,T003,test,482,262,273,263,912,923,913
T077,L,T003,test,483,273,274,263,923,924,913
T077,L,T003,test,484,263,274,264,913,924,914
T077,L,T003,test,485,274,275,264,924,925,914
T077,L,T003,test,486,264,275,265,914,925,915
T077,L,T003,test,487,275,276,265,925,926,915
T077,L,T003,test,488,265,276,266,915,926,916
T077,L,T003,test,489,276,277,266,926,927,916
T077,L,T003,test,490,266,277,267,916,927,917
T077,L,T003,test,491,277,278,267,927,928,917
T077,L,T003,test,492,267,278,268,917,928,918
T077,L,T003,test,493,278,279,268,928,929,918
T077,L,T003,test,494,268,279,269,918,929,919
T077,L,T003,test,495,270,280,271,920,930,921
T077,L,T003,test,496,280,281,271,930,931,921
T077,L,T003,test,497,271,281,272,921,931,922
T077,L,T003,test,498,281,282,272,931,932,922
T077,L,T003,test,499,272,282,273,922,932,923
T077,L,T003,test,500,282,283,273,932,933,923
T077,L,T003,test,501,273,283,274,923,933,924
T077,L,T003,test,502,283,284,274,933,934,924
T077,L,T003,test,503,274,284,275,924,934,925
T077,L,T003,test,504,284,285,275,934,935,925
T077,L,T003,test,505,275,285,276,925,935,926
T077,L,T003,test,506,285,286,276,935,936,926
T077,L,T003,test,507,276,286,277,926,936,927
T077,L,T003,test,508,286,287,277,936,937,927
T077,L,T003,test,509,277,287,278,927,937,928
T077,L,T003,test,510,287,288,278,937,938,928
T077,L,T003,test,511,278,288,279,928,938,929
T077,L,T003,test,512,280,289,281,930,939,931
T077,L,T003,test,513,289,290,281,939,940,931
T077,L,T003,test,514,281,290,282,931,940,932
T077,L,T003,test,515,290,291,282,940,941,932
T077,L,T003,test,516,282,291,283,932,941,933
T077,L,T003,test,517,291,292,283,941,942,933
T077,L,T003,test,518,283,292,284,933,942,934
T077,L,T003,test,519,292,293,284,942,943,934
T077,L,T003,test,520,284,293,285,934,943,935
T077,L,T003,test,521,293,294,285,943,944,935
T077,L,T003,test,522,285,294,286,935,944,936
T077,L,T003,test,523,294,295,286,944,945,936
T077,L,T003,test,524,286,295,287,936,945,937
T077,L,T003,test,525,295,296,287,945,946,937
T077,L,T003,test,526,287,296,288,937,946,938
T077,L,T003,test,527,289,297,290,939,947,940
T077,L,T003,test,528,297,298,290,947,948,940
T077,L,T003,test,529,290,298,291,940,948,941
T077,L,T003,test,530,298,299,291,948,949,941
T077,L,T003,test,531,291,299,292,941,949,942
T077,L,T003,test,532,299,300,292,949,950,942
T077,L,T003,test,533,292,300,293,942,950,943
T077,L,T003,test,534,300,301,293,950,951,943
T077,L,T003,test,535,293,301,294,943,951,944
T077,L,T003,test,536,301,302,294,951,952,944
T077,L,T003,test,537,294,302,295,944,952,945
T077,L,T003,test,538,302,303,295,952,953,945
T077,L,T003,test,539,295,303,296,945,953,946
T077,L,T003,test,540,297,304,298,947,954,948
T077,L,T003,test,541,304,305,298,954,955,948
T077,L,T003,test,542,298,305,299,948,955,949
T077,L,T003,test,543,305,306,299,955,956,949
T077,L,T003,test,544,299,306,300,949,956,950
T077,L,T003,test,545,306,307,300,956,957,950
T077,L,T003,test,546,300,307,301,950,957,951
T077,L,T003,test,547,307,308,301,957,958,951
T077,L,T003,test,548,301,308,302,951,958,952
T077,L,T003,test,549,308,309,302,958,959,952
T077,L,T003,test,550,302,309,303,952,959,953
T077,L,T003,test,551,304,310,305,954,960,955
T077,L,T003,test,552,310,311,305,960,961,955
T077,L,T003,test,553,305,311,306,955,961,956
T077,L,T003,test,554,311,312,306,961,962,956
T077,L,T003,test,555,306,312,307,956,962,957
T077,L,T003,test,556,312,313,307,962,963,957
T077,L,T003,test,557,307,313,308,957,963,958
T077,L,T003,test,558,313,314,308,963,964,958
T077,L,T003,test,559,308,314,309,958,964,959
T077,L,T003,test,560,310,315,311,960,965,961
T077,L,T003,test,561,315,316,311,965,966,961
T077,L,T003,test,562,311,316,312,961,966,962
T077,L,T003,test,563,316,317,312,966,967,962
T077,L,T003,test,564,312,317,313,962,967,963
T077,L,T003,test,565,317,318,313,967,968,963
T077,L,T003,test,566,313,318,314,963,968,964
T077,L,T003,test,567,315,319,316,965,969,966
T077,L,T003,test,568,319,320,316,969,970,966
T077,L,T003,test,569,316,320,317,966,970,967
T077,L,T003,test,570,320,321,317,970,971,967
T077,L,T003,test,571,317,321,318,967,971,968
T077,L,T003,test,572,319,322,320,969,972,970
T077,L,T003,test,573,322,323,320,972,973,970
T077,L,T003,test,574,320,323,321,970,973,971
T077,L,T003,test,575,322,324,323,972,974,973
T077,L,T004,test,0,0,25,1,975,1000,976
T077,L,T004,test,1,25,26,1,1000,1001,976
T077,L,T004,test,2,1,26,2,976,1001,977
T077,L,T004,test,3,26,27,2,1001,1002,977
T077,L,T004,test,4,2,27,3,977,1002,978
T077,L,T004,test,5,27,28,3,1002,1003,978
T077,L,T004,test,6,3,28,4,978,1003,979
T077,L,T004,test,7,28,29,4,1003,1004,979
T077,L,T004,test,8,4,29,5,979,1004,980
T077,L,T004,test,9,29,30,5,1004,1005,980
T077,L,T004,test,10,5,30,6,980,1005,981
T077,L,T004,test,11,30,31,6,1005,1006,981
T077,L,T004,test,12,6,31,7,981,1006,982
T077,L,T004,test,13,31,32,7,1006,1007,982
T077,L,T004,test,14,7,32,8,982,1007,983
T077,L,T004,test,15,32,33,8,1007,1008,983
T077,L,T004,test,16,8,33,9,983,1008,984
T077,L,T004,test,17,33,34,9,1008,1009,984
T077,L,T004,test,18,9,34,10,984,1009,985
T077,L,T004,test,19,34,35,10,1009,1010,985
T077,L,T004,test,20,10,35,11,985,1010,986
T077,L,T004,test,21,35,36,11,1010,1011,986
T077,L,T004,test,22,11,36,12,986,1011,987
T077,L,T004,test,23,36,37,12,1011,1012,987
T077,L,T004,test,24,12,37,13,987,1012,988
T077,L,T004,test,25,37,38,13,1012,1013,988
T077,L,T004,test,26,13,38,14,988,1013,989
T077,L,T004,test,27,38,39,14,1013,1014,989
T077,L,T004,test,28,14,39,15,989,1014,990
T077,L,T004,test,29,39,40,15,1014,1015,990
T077,L,T004,test,30,15,40,16,990,1015,991
T077,L,T004,test,31,40,41,16,1015,1016,991
T077,L,T004,test,32,16,41,17,991,1016,992
T077,L,T004,test,33,41,42,17,1016,1017,992
T077,L,T004,test,34,17,42,18,992,1017,993
T077,L,T004,test,35,42,43,18,1017,1018,993
T077,L,T004,test,36,18,43,19,993,1018,994
T077,L,T004,test,37,43,44,19,1018,1019,994
T077,L,T004,test,38,19,44,20,994,1019,995
T077,L,T004,test,39,44,45,20,1019,1020,995
T077,L,T004,test,40,20,45,21,995,1020,996
T077,L,T004,test,41,45,46,21,1020,1021,996
T077,L,T004,test,42,21,46,22,996,1021,997
T077,L,T004,test,43,46,47,22,1021,1022,997
T077,L,T004,test,44,22,47,23,997,1022,998
T077,L,T004,test,45,47,48,23,1022,1023,998
T077,L,T004,test,46,23,48,24,998,1023,999
T077,L,T004,test,47,25,49,26,1000,1024,1001
T077,L,T004,test,48,49,50,26,1024,1025,1001
T077,L,T004,test,49,26,50,27,1001,1025,1002
T077,L,T004,test,50,50,51,27,1025,1026,1002
T077,L,T004,test,51,27,51,28,1002,1026,1003
T077,L,T004,test,52,51,52,28,1026,1027,1003
T077,L,T004,test,53,28,52,29,1003,1027,1004
T077,L,T004,test,54,52,53,29,1027,1028,1004
T077,L,T004,test,55,29,53,30,1004,1028,1005
T077,L,T004,test,56,53,54,30,1028,1029,1005
T077,L,T004,test,57,30,54,31,1005,1029,1006
T077,L,T004,test,58,54,55,31,1029,1030,1006
T077,L,T004,test,59,31,55,32,1006,1030,1007
T077,L,T004,test,60,55,56,32,1030,1031,1007
T077,L,T004,test,61,32,56,33,1007,1031,1008
T077,L,T004,test,62,56,57,33,1031,1032,1008
T077,L,T004,test,63,33,57,34,1008,1032,1009
T077,L,T004,test,64,57,58,34,1032,1033,1009
T077,L,T004,test,65,34,58,35,1009,1033,1010
T077,L,T004,test,66,58,59,35,1033,1034,1010
T077,L,T004,test,67,35,59,36,1010,1034,1011
T077,L,T004,test,68,59,60,36,1034,1035,1011
T077,L,T004,test,69,36,60,37,1011,1035,1012
T077,L,T004,test,70,60,61,37,1035,1036,1012
T077,L,T004,test,71,37,61,38,1012,1036,1013
T077,L,T004,test,72,61,62,38,1036,1037,1013
T077,L,T004,test,73,38,62,39,1013,1037,1014
T077,L,T004,test,74,62,63,39,1037,1038,1014
T077,L,T004,test,75,39,63,40,1014,1038,1015
T077,L,T004,test,76,63,64,40,1038,1039,1015
T077,L,T004,test,77,40,64,41,1015,1039,1016
T077,L,T004,test,78,64,65,41,1039,1040,1016
T077,L,T004,test,79,41,65,42,1016,1040,1017
T077,L,T004,test,80,65,66,42,1040,1041,1017
T077,L,T004,test,81,42,66,43,1017,1041,1018
T077,L,T004,test,82,66,67,43,1041,1042,1018
T077,L,T004,test,83,43,67,44,1018,1042,1019
T077,L,T004,test,84,67,68,44,1042,1043,1019
T077,L,T004,test,85,44,68,45,1019,1043,1020
T077,L,T004,test,86,68,69,45,1043,1044,1020
T077,L,T004,test,87,45,69,46,1020,1044,1021
T077,L,T004,test,88,69,70,46,1044,1045,1021
T077,L,T004,test,89,46,70,47,1021,1045,1022
T077,L,T004,test,90,70,71,47,1045,1046,1022
T077,L,T004,test,91,47,71,48,1022,1046,1023
T077,L,T004,test,92,49,72,50,1024,1047,1025
T077,L,T004,test,93,72,73,50,1047,1048,1025
T077,L,T004,test,94,50,73,51,1025,1048,1026
T077,L,T004,test,95,73,74,51,1048,1049,1026
T077,L,T004,test,96,51,74,52,1026,1049,1027
T077,L,T004,test,97,74,75,52,1049,1050,1027
T077,L,T004,test,98,52,75,53,1027,1050,1028
T077,L,T004,test,99,75,76,53,1050,1051,1028
T077,L,T004,test,100,53,76,54,1028,1051,1029
T077,L,T004,test,101,76,77,54,1051,1052,1029
T077,L,T004,test,102,54,77,55,1029,1052,1030
T077,L,T004,test,103,77,78,55,1052,1053,1030
T077,L,T004,test,104,55,78,56,1030,1053,1031
T077,L,T004,test,105,78,79,56,1053,1054,1031
T077,L,T004,test,106,56,79,57,1031,1054,1032
T077,L,T004,test,107,79,80,57,1054,1055,1032
T077,L,T004,test,108,57,80,58,1032,1055,1033
T077,L,T004,test,109,80,81,58,1055,1056,1033
T077,L,T004,test,110,58,81,59,1033,1056,1034
T077,L,T004,test,111,81,82,59,1056,1057,1034
T077,L,T004,test,112,59,82,60,1034,1057,1035
T077,L,T004,test,113,82,83,60,1057,1058,1035
T077,L,T004,test,114,60,83,61,1035,1058,1036
T077,L,T004,test,115,83,84,61,1058,1059,1036
T077,L,T004,test,116,61,84,62,1036,1059,1037
T077,L,T004,test,117,84,85,62,1059,1060,1037
T077,L,T004,test,118,62,85,63,1037,1060,1038
T077,L,T004,test,119,85,86,63,1060,1061,1038
T077,L,T004,test,120,63,86,64,1038,1061,1039
T077,L,T004,test,121,86,87,64,1061,1062,1039
T077,L,T004,test,122,64,87,65,1039,1062,1040
T077,L,T004,test,123,87,88,65,1062,1063,1040
T077,L,T004,test,124,65,88,66,1040,1063,1041
T077,L,T004,test,125,88,89,66,1063,1064,1041
T077,L,T004,test,126,66,89,67,1041,1064,1042
T077,L,T004,test,127,89,90,67,1064,1065,1042
T077,L,T004,test,128,67,90,68,1042,1065,1043
T077,L,T004,test,129,90,91,68,1065,1066,1043
T077,L,T004,test,130,68,91,69,1043,1066,1044
T077,L,T004,test,131,91,92,69,1066,1067,1044
T077,L,T004,test,132,69,92,70,1044,1067,1045
T077,L,T004,test,133,92,93,70,1067,1068,1045
T077,L,T004,test,134,70,93,71,1045,1068,1046
T077,L,T004,test,135,72,94,73,1047,1069,1048
T077,L,T004,test,136,94,95,73,1069,1070,1048
T077,L,T004,test,137,73,95,74,1048,1070,1049
T077,L,T004,test,138,95,96,74,1070,1071,1049
T077,L,T004,test,139,74,96,75,1049,1071,1050
T077,L,T004,test,140,96,97,75,1071,1072,1050
T077,L,T004,test,141,75,97,76,1050,1072,1051
T077,L,T004,test,142,97,98,76,1072,1073,1051
T077,L,T004,test,143,76,98,77,1051,1073,1052
T077,L,T004,test,144,98,99,77,1073,1074,1052
T077,L,T004,test,145,77,99,78,1052,1074,1053
T077,L,T004,test,146,99,100,78,1074,1075,1053
T077,L,T004,test,147,78,100,79,1053,1075,1054
T077,L,T004,test,148,100,101,79,1075,1076,1054
T077,L,T004,test,149,79,101,80,1054,1076,1055
T077,L,T004,test,150,101,102,80,1076,1077,1055
T077,L,T004,test,151,80,102,81,1055,1077,1056
T077,L,T004,test,152,102,103,81,1077,1078,1056
T077,L,T004,test,153,81,103,82,1056,1078,1057
T077,L,T004,test,154,103,104,82,1078,1079,1057
T077,L,T004,test,155,82,104,83,1057,1079,1058
T077,L,T004,test,156,104,105,83,1079,1080,1058
T077,L,T004,test,157,83,105,84,1058,1080,1059
T077,L,T004,test,158,105,106,84,1080,1081,1059
T077,L,T004,test,159,84,106,85,1059,1081,1060
T077,L,T004,test,160,106,107,85,1081,1082,1060
T077,L,T004,test,161,85,107,86,1060,1082,1061
T077,L,T004,test,162,107,108,86,1082,1083,1061
T077,L,T004,test,163,86,108,87,1061,1083,1062
T077,L,T004,test,164,108,109,87,1083,1084,1062
T077,L,T004,test,165,87,109,88,1062,1084,1063
T077,L,T004,test,166,109,110,88,1084,1085,1063
T077,L,T004,test,167,88,110,89,1063,1085,1064
T077,L,T004,test,168,110,111,89,1085,1086,1064
T077,L,T004,test,169,89,111,90,1064,1086,1065
T077,L,T004,test,170,111,112,90,1086,1087,1065
T077,L,T004,test,171,90,112,91,1065,1087,1066
T077,L,T004,test,172,112,113,91,1087,1088,1066
T077,L,T004,test,173,91,113,92,1066,1088,1067
T077,L,T004,test,174,113,114,92,1088,1089,1067
T077,L,T004,test,175,92,114,93,1067,1089,1068
T077,L,T004,test,176,94,115,95,1069,1090,1070
T077,L,T004,test,177,115,116,95,1090,1091,1070
T077,L,T004,test,178,95,116,96,1070,1091,1071
T077,L,T004,test,179,116,117,96,1091,1092,1071
T077,L,T004,test,180,96,117,97,1071,1092,1072
T077,L,T004,test,181,117,118,97,1092,1093,1072
T077,L,T004,test,182,97,118,98,1072,1093,1073
T077,L,T004,test,183,118,119,98,1093,1094,1073
T077,L,T004,test,184,98,119,99,1073,1094,1074
T077,L,T004,test,185,119,120,99,1094,1095,1074
T077,L,T004,test,186,99,120,100,1074,1095,1075
T077,L,T004,test,187,120,121,100,1095,1096,1075
T077,L,T004,test,188,100,121,101,1075,1096,1076
T077,L,T004,test,189,121,122,101,1096,1097,1076
T077,L,T004,test,190,101,122,102,1076,1097,1077
T077,L,T004,test,191,122,123,102,1097,1098,1077
T077,L,T004,test,192,102,123,103,1077,1098,1078
T077,L,T004,test,193,123,124,103,1098,1099,1078
T077,L,T004,test,194,103,124,104,1078,1099,1079
T077,L,T004,test,195,124,125,104,1099,1100,1079
T077,L,T004,test,196,104,125,105,1079,1100,1080
T077,L,T004,test,197,125,126,105,1100,1101,1080
T077,L,T004,test,198,105,126,106,1080,1101,1081
T077,L,T004,test,199,126,127,106,1101,1102,1081
T077,L,T004,test,200,106,127,107,1081,1102,1082
T077,L,T004,test,201,127,128,107,1102,1103,1082
T077,L,T004,test,202,107,128,108,1082,1103,1083
T077,L,T004,test,203,128,129,108,1103,1104,1083
T077,L,T004,test,204,108,129,109,1083,1104,1084
T077,L,T004,test,205,129,130,109,1104,1105,1084
T077,L,T004,test,206,109,130,110,1084,1105,1085
T077,L,T004,test,207,130,131,110,1105,1106,1085
T077,L,T004,test,208,110,131,111,1085,1106,1086
T077,L,T004,test,209,131,132,111,1106,1107,1086
T077,L,T004,test,210,111,132,112,1086,1107,1087
T077,L,T004,test,211,132,133,112,1107,1108,1087
T077,L,T004,test,212,112,133,113,1087,1108,1088
T077,L,T004,test,213,133,134,113,1108,1109,1088
T077,L,T004,test,214,113,134,114,1088,1109,1089
T077,L,T004,test,215,115,135,116,1090,1110,1091
T077,L,T004,test,216,135,136,116,1110,1111,1091
T077,L,T004,test,217,116,136,117,1091,1111,1092
T077,L,T004,test,218,136,137,117,1111,1112,1092
T077,L,T004,test,219,117,137,118,1092,1112,1093
T077,L,T004,test,220,137,138,118,1112,1113,1093
T077,L,T004,test,221,118,138,119,1093,1113,1094
T077,L,T004,test,222,138,139,119,1113,1114,1094
T077,L,T004,test,223,119,139,120,1094,1114,1095
T077,L,T004,test,224,139,140,120,1114,1115,1095
T077,L,T004,test,225,120,140,121,1095,1115,1096
T077,L,T004,test,226,140,141,121,1115,1116,1096
T077,L,T004,test,227,121,141,122,1096,1116,1097
T077,L,T004,test,228,141,142,122,1116,1117,1097
T077,L,T004,test,229,122,142,123,1097,1117,1098
T077,L,T004,test,230,142,143,123,1117,1118,1098
T077,L,T004,test,231,123,143,124,1098,1118,1099
T077,L,T004,test,232,143,144,124,1118,1119,1099
T077,L,T004,test,233,124,144,125,1099,1119,1100
T077,L,T004,test,234,144,145,125,1119,1120,1100
T077,L,T004,test,235,125,145,126,1100,1120,1101
T077,L,T004,test,236,145,146,126,1120,1121,1101
T077,L,T004,test,237,126,146,127,1101,1121,1102
T077,L,T004,test,238,146,147,127,1121,1122,1102
T077,L,T004,test,239,127,147,128,1102,1122,1103
T077,L,T004,test,240,147,148,128,1122,1123,1103
T077,L,T004,test,241,128,148,129,1103,1123,1104
T077,L,T004,test,242,148,149,129,1123,1124,1104
T077,L,T004,test,243,129,149,130,1104,1124,1105
T077,L,T004,test,244,149,150,130,1124,1125,1105
T077,L,T004,test,245,130,150,131,1105,1125,1106
T077,L,T004,test,246,150,151,131,1125,1126,1106
T077,L,T004,test,247,131,151,132,1106,1126,1107
T077,L,T004,test,248,151,152,132,1126,1127,1107
T077,L,T004,test,249,132,152,133,1107,1127,1108
T077,L,T004,test,250,152,153,133,1127,1128,1108
T077,L,T004,test,251,133,153,134,1108,1128,1109
T077,L,T004,test,252,135,154,136,1110,1129,1111
T077,L,T004,test,253,154,155,136,1129,1130,1111
T077,L,T004,test,254,136,155,137,1111,1130,1112
T077,L,T004,test,255,155,156,137,1130,1131,1112
T077,L,T004,test,256,137,156,138,1112,1131,1113
T077,L,T004,test,257,156,157,138,1131,1132,1113
T077,L,T004,test,258,138,157,139,1113,1132,1114
T077,L,T004,test,259,157,158,139,1132,1133,1114
T077,L,T004,test,260,139,158,140,1114,1133,1115
T077,L,T004,test,261,158,159,140,1133,1134,1115
T077,L,T004,test,262,140,159,141,1115,1134,1116
T077,L,T004,test,263,159,160,141,1134,1135,1116
T077,L,T004,test,264,141,160,142,1116,1135,1117
T077,L,T004,test,265,160,161,142,1135,1136,1117
T077,L,T004,test,266,142,161,143,1117,1136,1118
T077,L,T004,test,267,161,162,143,1136,1137,1118
T077,L,T004,test,268,143,162,144,1118,1137,1119
T077,L,T004,test,269,162,163,144,1137,1138,1119
T077,L,T004,test,270,144,163,145,1119,1138,1120
T077,L,T004,test,271,163,164,145,1138,1139,1120
T077,L,T004,test,272,145,164,146,1120,1139,1121
T077,L,T004,test,273,164,165,146,1139,1140,1121
T077,L,T004,test,274,146,165,147,1121,1140,1122
T077,L,T004,test,275,165,166,147,1140,1141,1122
T077,L,T004,test,276,147,166,148,1122,1141,1123
T077,L,T004,test,277,166,167,148,1141,1142,1123
T077,L,T004,test,278,148,167,149,1123,1142,1124
T077,L,T004,test,279,167,168,149,1142,1143,1124
T077,L,T004,test,280,149,168,150,1124,1143,1125
T077,L,T004,test,281,168,169,150,1143,1144,1125
T077,L,T004,test,282,150,169,151,1125,1144,1126
T077,L,T004,test,283,169,170,151,1144,1145,1126
T077,L,T004,test,284,151,170,152,1126,1145,1127
T077,L,T004,test,285,170,171,152,1145,1146,1127
T077,L,T004,test,286,152,171,153,1127,1146,1128
T077,L,T004,test,287,154,172,155,1129,1147,1130
T077,L,T004,test,288,172,173,155,1147,1148,1130
T077,L,T004,test,289,155,173,156,1130,1148,1131
T077,L,T004,test,290,173,174,156,1148,1149,1131
T077,L,T004,test,291,156,174,157,1131,1149,1132
T077,L,T004,test,292,174,175,157,1149,1150,1132
T077,L,T004,test,293,157,175,158,1132,1150,1133
T077,L,T004,test,294,175,176,158,1150,1151,1133
T077,L,T004,test,295,158,176,159,1133,1151,1134
T077,L,T004,test,296,176,177,159,1151,1152,1134
T077,L,T004,test,297,159,177,160,1134,1152,1135
T077,L,T004,test,298,177,178,160,1152,1153,1135
T077,L,T004,test,299,160,178,161,1135,1153,1136
T077,L,T004,test,300,178,179,161,1153,1154,1136
T077,L,T004,test,301,161,179,162,1136,1154,1137
T077,L,T004,test,302,179,180,162,1154,1155,1137
T077,L,T004,test,303,162,180,163,1137,1155,1138
T077,L,T004,test,304,180,181,163,1155,1156,1138
T077,L,T004,test,305,163,181,164,1138,1156,1139
T077,L,T004,test,306,181,182,164,1156,1157,1139
T077,L,T004,test,307,164,182,165,1139,1157,1140
T077,L,T004,test,308,182,183,165,1157,1158,1140
T077,L,T004,test,309,165,183,166,1140,1158,1141
T077,L,T004,test,310,183,184,166,1158,1159,1141
T077,L,T004,test,311,166,184,167,1141,1159,1142
T077,L,T004,test,312,184,185,167,1159,1160,1142
T077,L,T004,test,313,167,185,168,1142,1160,1143
T077,L,T004,test,314,185,186,168,1160,1161,1143
T077,L,T004,test,315,168,186,169,1143,1161,1144
T077,L,T004,test,316,186,187,169,1161,1162,1144
T077,L,T004,test,317,169,187,170,1144,1162,1145
T077,L,T004,test,318,187,188,170,1162,1163,1145
T077,L,T004,test,319,170,188,171,1145,1163,1146
T077,L,T004,test,320,172,189,173,1147,1164,1148
T077,L,T004,test,321,189,190,173,1164,1165,1148
T077,L,T004,test,322,173,190,174,1148,1165,1149
T077,L,T004,test,323,190,191,174,1165,1166,1149
T077,L,T004,test,324,174,191,175,1149,1166,1150
T077,L,T004,test,325,191,192,175,1166,1167,1150
T077,L,T004,test,326,175,192,176,1150,1167,1151
T077,L,T004,test,327,192,193,176,1167,1168,1151
T077,L,T004,test,328,176,193,177,1151,1168,1152
T077,L,T004,test,329,193,194,177,1168,1169,1152
T077,L,T004,test,330,177,194,178,1152,1169,1153
T077,L,T004,test,331,194,195,178,1169,1170,1153
T077,L,T004,test,332,178,195,179,1153,1170,1154
T077,L,T004,test,333,195,196,179,1170,1171,1154
T077,L,T004,test,334,179,196,180,1154,1171,1155
T077,L,T004,test,335,196,197,180,1171,1172,1155
T077,L,T004,test,336,180,197,181,1155,1172,1156
T077,L,T004,test,337,197,198,181,1172,1173,1156
T077,L,T004,test,338,181,198,182,1156,1173,1157
T077,L,T004,test,339,198,199,182,1173,1174,1157
T077,L,T004,test,340,182,199,183,1157,1174,1158
T077,L,T004,test,341,199,200,183,1174,1175,1158
T077,L,T004,test,342,183,200,184,1158,1175,1159
T077,L,T004,test,343,200,201,184,1175,1176,1159
T077,L,T004,test,344,184,201,185,1159,1176,1160
T077,L,T004,test,345,201,202,185,1176,1177,1160
T077,L,T004,test,346,185,202,186,1160,1177,1161
T077,L,T004,test,347,202,203,186,1177,1178,1161
T077,L,T004,test,348,186,203,187,1161,1178,1162
T077,L,T004,test,349,203,204,187,1178,1179,1162
T077,L,T004,test,350,187,204,188,1162,1179,1163
T077,L,T004,test,351,189,205,190,1164,1180,1165
T077,L,T004,test,352,205,206,190,1180,1181,1165
T077,L,T004,test,353,190,206,191,1165,1181,1166
T077,L,T004,test,354,206,207,191,1181,1182,1166
T077,L,T004,test,355,191,207,192,1166,1182,1167
T077,L,T004,test,356,207,208,192,1182,1183,1167
T077,L,T004,test,357,192,208,193,1167,1183,1168
T077,L,T004,test,358,208,209,193,1183,1184,1168
T077,L,T004,test,359,193,209,194,1168,1184,1169
T077,L,T004,test,360,209,210,194,1184,1185,1169
T077,L,T004,test,361,194,210,195,1169,1185,1170
T077,L,T004,test,362,210,211,195,1185,1186,1170
T077,L,T004,test,363,195,211,196,1170,1186,1171
T077,L,T004,test,364,211,212,196,1186,1187,1171
T077,L,T004,test,365,196,212,197,1171,1187,1172
T077,L,T004,test,366,212,213,197,1187,1188,1172
T077,L,T004,test,367,197,213,198,1172,1188,1173
T077,L,T004,test,368,213,214,198,1188,1189,1173
T077,L,T004,test,369,198,214,199,1173,1189,1174
T077,L,T004,test,370,214,215,199,1189,1190,1174
T077,L,T004,test,371,199,215,200,1174,1190,1175
T077,L,T004,test,372,215,216,200,1190,1191,1175
T077,L,T004,test,373,200,216,201,1175,1191,1176
T077,L,T004,test,374,216,217,201,1191,1192,1176
T077,L,T004,test,375,201,217,202,1176,1192,1177
T077,L,T004,test,376,217,218,202,1192,1193,1177
T077,L,T004,test,377,202,218,203,1177,1193,1178
T077,L,T004,test,378,218,219,203,1193,1194,1178
T077,L,T004,test,379,203,219,204,1178,1194,1179
T077,L,T004,test,380,205,220,206,1180,1195,1181
T077,L,T004,test,381,220,221,206,1195,1196,1181
T077,L,T004,test,382,206,221,207,1181,1196,1182
T077,L,T004,test,383,221,222,207,1196,1197,1182
T077,L,T004,test,384,207,222,208,1182,1197,1183
T077,L,T004,test,385,222,223,208,1197,1198,1183
T077,L,T004,test,386,208,223,209,1183,1198,1184
T077,L,T004,test,387,223,224,209,1198,1199,1184
T077,L,T004,test,388,209,224,210,1184,1199,1185
T077,L,T004,test,389,224,225,210,1199,1200,1185
T077,L,T004,test,390,210,225,211,1185,1200,1186
T077,L,T004,test,391,225,226,211,1200,1201,1186
T077,L,T004,test,392,211,226,212,1186,1201,1187
T077,L,T004,test,393,226,227,212,1201,1202,1187
T077,L,T004,test,394,212,227,213,1187,1202,1188
T077,L,T004,test,395,227,228,213,1202,1203,1188
T077,L,T004,test,396,213,228,214,1188,1203,1189
T077,L,T004,test,397,228,229,214,1203,1204,1189
T077,L,T004,test,398,214,229,215,1189,1204,1190
T077,L,T004,test,399,229,230,215,1204,1205,1190
T077,L,T004,test,400,215,230,216,1190,1205,1191
T077,L,T004,test,401,230,231,216,1205,1206,1191
T077,L,T004,test,402,216,231,217,1191,1206,1192
T077,L,T004,test,403,231,232,217,1206,1207,1192
T077,L,T004,test,404,217,232,218,1192,1207,1193
T077,L,T004,test,405,232,233,218,1207,1208,1193
T077,L,T004,test,406,218,233,219,1193,1208,1194
T077,L,T004,test,407,220,234,221,1195,1209,1196
T077,L,T004,test,408,234,235,221,1209,1210,1196
T077,L,T004,test,409,221,235,222,1196,1210,1197
T077,L,T004,test,410,235,236,222,1210,1211,1197
T077,L,T004,test,411,222,236,223,1197,1211,1198
T077,L,T004,test,412,236,237,223,1211,1212,1198
T077,L,T004,test,413,223,237,224,1198,1212,1199
T077,L,T004,test,414,237,238,224,1212,1213,1199
T077,L,T004,test,415,224,238,225,1199,1213,1200
T077,L,T004,test,416,238,239,225,1213,1214,1200
T077,L,T004,test,417,225,239,226,1200,1214,1201
T077,L,T004,test,418,239,240,226,1214,1215,1201
T077,L,T004,test,419,226,240,227,1201,1215,1202
T077,L,T004,test,420,240,241,227,1215,1216,1202
T077,L,T004,test,421,227,241,228,1202,1216,1203
T077,L,T004,test,422,241,242,228,1216,1217,1203
T077,L,T004,test,423,228,242,229,1203,1217,1204
T077,L,T004,test,424,242,243,229,1217,1218,1204
T077,L,T004,test,425,229,243,230,1204,1218,1205
T077,L,T004,test,426,243,244,230,1218,1219,1205
T077,L,T004,test,427,230,244,231,1205,1219,1206
T077,L,T004,test,428,244,245,231,1219,1220,1206
T077,L,T004,test,429,231,245,232,1206,1220,1207
T077,L,T004,test,430,245,246,232,1220,1221,1207
T077,L,T004,test,431,232,246,233,1207,1221,1208
T077,L,T004,test,432,234,247,235,1209,1222,1210
T077,L,T004,test,433,247,248,235,1222,1223,1210
T077,L,T004,test,434,235,248,236,1210,1223,1211
T077,L,T004,test,435,248,249,236,1223,1224,1211
T077,L,T004,test,436,236,249,237,1211,1224,1212
T077,L,T004,test,437,249,250,237,1224,1225,1212
T077,L,T004,test,438,237,250,238,1212,1225,1213
T077,L,T004,test,439,250,251,238,1225,1226,1213
T077,L,T004,test,440,238,251,239,1213,1226,1214
T077,L,T004,test,441,251,252,239,1226,1227,1214
T077,L,T004,test,442,239,252,240,1214,1227,1215
T077,L,T004,test,443,252,253,240,1227,1228,1215
T077,L,T004,test,444,240,253,241,1215,1228,1216
T077,L,T004,test,445,253,254,241,1228,1229,1216
T077,L,T004,test,446,241,254,242,1216,1229,1217
T077,L,T004,test,447,254,255,242,1229,1230,1217
T077,L,T004,test,448,242,255,243,1217,1230,1218
T077,L,T004,test,449,255,256,243,1230,1231,1218
T077,L,T004,test,450,243,256,244,1218,1231,1219
T077,L,T004,test,451,256,257,244,1231,1232,1219
T077,L,T004,test,452,244,257,245,1219,1232,1220
T077,L,T004,test,453,257,258,245,1232,1233,1220
T077,L,T004,test,454,245,258,246,1220,1233,1221
T077,L,T004,test,455,247,259,248,1222,1234,1223
T077,L,T004,test,456,259,260,248,1234,1235,1223
T077,L,T004,test,457,248,260,249,1223,1235,1224
T077,L,T004,test,458,260,261,249,1235,1236,1224
T077,L,T004,test,459,249,261,250,1224,1236,1225
T077,L,T004,test,460,261,262,250,1236,1237,1225
T077,L,T004,test,461,250,262,251,1225,1237,1226
T077,L,T004,test,462,262,263,251,1237,1238,1226
T077,L,T004,test,463,251,263,252,1226,1238,1227
T077,L,T004,test,464,263,264,252,1238,1239,1227
T077,L,T004,test,465,252,264,253,1227,1239,1228
T077,L,T004,test,466,264,265,253,1239,1240,1228
T077,L,T004,test,467,253,265,254,1228,1240,1229
T077,L,T004,test,468,265,266,254,1240,1241,1229
T077,L,T004,test,469,254,266,255,1229,1241,1230
T077,L,T004,test,470,266,267,255,1241,1242,1230
T077,L,T004,test,471,255,267,256,1230,1242,1231
T077,L,T004,test,472,267,268,256,1242,1243,1231
T077,L,T004,test,473,256,268,257,1231,1243,1232
T077,L,T004,test,474,268,269,257,1243,1244,1232
T077,L,T004,test,475,257,269,258,1232,1244,1233
T077,L,T004,test,476,259,270,260,1234,1245,1235
T077,L,T004,test,477,270,271,260,1245,1246,1235
T077,L,T004,test,478,260,271,261,1235,1246,1236
T077,L,T004,test,479,271,272,261,1246,1247,1236
T077,L,T004,test,480,261,272,262,1236,1247,1237
T077,L,T004,test,481,272,273,262,1247,1248,1237
T077,L,T004,test,482,262,273,263,1237,1248,1238
T077,L,T004,test,483,273,274,263,1248,1249,1238
T077,L,T004,test,484,263,274,264,1238,1249,1239
T077,L,T004,test,485,274,275,264,1249,1250,1239
T077,L,T004,test,486,264,275,265,1239,1250,1240
T077,L,T004,test,487,275,276,265,1250,1251,1240
T077,L,T004,test,488,265,276,266,1240,1251,1241
T077,L,T004,test,489,276,277,266,1251,1252,1241
T077,L,T004,test,490,266,277,267,1241,1252,1242
T077,L,T004,test,491,277,278,267,1252,1253,1242
T077,L,T004,test,492,267,278,268,1242,1253,1243
T077,L,T004,test,493,278,279,268,1253,1254,1243
T077,L,T004,test,494,268,279,269,1243,1254,1244
T077,L,T004,test,495,270,280,271,1245,1255,1246
T077,L,T004,test,496,280,281,271,1255,1256,1246
T077,L,T004,test,497,271,281,272,1246,1256,1247
T077,L,T004,test,498,281,282,272,1256,1257,1247
T077,L,T004,test,499,272,282,273,1247,1257,1248
T077,L,T004,test,500,282,283,273,1257,1258,1248
T077,L,T004,test,501,273,283,274,1248,1258,1249
T077,L,T004,test,502,283,284,274,1258,1259,1249
T077,L,T004,test,503,274,284,275,1249,1259,1250
T077,L,T004,test,504,284,285,275,1259,1260,1250
T077,L,T004,test,505,275,285,276,1250,1260,1251
T077,L,T004,test,506,285,286,276,1260,1261,1251
T077,L,T004,test,507,276,286,277,1251,1261,1252
T077,L,T004,test,508,286,287,277,1261,1262,1252
T077,L,T004,test,509,277,287,278,1252,1262,1253
T077,L,T004,test,510,287,288,278,1262,1263,1253
T077,L,T004,test,511,278,288,279,1253,1263,1254
T077,L,T004,test,512,280,289,281,1255,1264,1256
T077,L,T004,test,513,289,290,281,1264,1265,1256
T077,L,T004,test,514,281,290,282,1256,1265,1257
T077,L,T004,test,515,290,291,282,1265,1266,1257
T077,L,T004,test,516,282,291,283,1257,1266,1258
T077,L,T004,test,517,291,292,283,1266,1267,1258
T077,L,T004,test,518,283,292,284,1258,1267,1259
T077,L,T004,test,519,292,293,284,1267,1268,1259
T077,L,T004,test,520,284,293,285,1259,1268,1260
T077,L,T004,test,521,293,294,285,1268,1269,1260
T077,L,T004,test,522,285,294,286,1260,1269,1261
T077,L,T004,test,523,294,295,286,1269,1270,1261
T077,L,T004,test,524,286,295,287,1261,1270,1262
T077,L,T004,test,525,295,296,287,1270,1271,1262
T077,L,T004,test,526,287,296,288,1262,1271,1263
T077,L,T004,test,527,289,297,290,1264,1272,1265
T077,L,T004,test,528,297,298,290,1272,1273,1265
T077,L,T004,test,529,290,298,291,1265,1273,1266
T077,L,T004,test,530,298,299,291,1273,1274,1266
T077,L,T004,test,531,291,299,292,1266,1274,1267
T077,L,T004,test,532,299,300,292,1274,1275,1267
T077,L,T004,test,533,292,300,293,1267,1275,1268
T077,L,T004,test,534,300,301,293,1275,1276,1268
T077,L,T004,test,535,293,301,294,1268,1276,1269
T077,L,T004,test,536,301,302,294,1276,1277,1269
T077,L,T004,test,537,294,302,295,1269,1277,1270
T077,L,T004,test,538,302,303,295,1277,1278,1270
T077,L,T004,test,539,295,303,296,1270,1278,1271
T077,L,T004,test,540,297,304,298,1272,1279,1273
T077,L,T004,test,541,304,305,298,1279,1280,1273
T077,L,T004,test,542,298,305,299,1273,1280,1274
T077,L,T004,test,543,305,306,299,1280,1281,1274
T077,L,T004,test,544,299,306,300,1274,1281,1275
T077,L,T004,test,545,306,307,300,1281,1282,1275
T077,L,T004,test,546,300,307,301,1275,1282,1276
T077,L,T004,test,547,307,308,301,1282,1283,1276
T077,L,T004,test,548,301,308,302,1276,1283,1277
T077,L,T004,test,549,308,309,302,1283,1284,1277
T077,L,T004,test,550,302,309,303,1277,1284,1278
T077,L,T004,test,551,304,310,305,1279,1285,1280
T077,L,T004,test,552,310,311,305,1285,1286,1280
T077,L,T004,test,553,305,311,306,1280,1286,1281
T077,L,T004,test,554,311,312,306,1286,1287,1281
T077,L,T004,test,555,306,312,307,1281,1287,1282
T077,L,T004,test,556,312,313,307,1287,1288,1282
T077,L,T004,test,557,307,313,308,1282,1288,1283
T077,L,T004,test,558,313,314,308,1288,1289,1283
T077,L,T004,test,559,308,314,309,1283,1289,1284
T077,L,T004,test,560,310,315,311,1285,1290,1286
T077,L,T004,test,561,315,316,311,1290,1291,1286
T077,L,T004,test,562,311,316,312,1286,1291,1287
T077,L,T004,test,563,316,317,312,1291,1292,1287
T077,L,T004,test,564,312,317,313,1287,1292,1288
T077,L,T004,test,565,317,318,313,1292,1293,1288
T077,L,T004,test,566,313,318,314,1288,1293,1289
T077,L,T004,test,567,315,319,316,1290,1294,1291
T077,L,T004,test,568,319,320,316,1294,1295,1291
T077,L,T004,test,569,316,320,317,1291,1295,1292
T077,L,T004,test,570,320,321,317,1295,1296,1292
T077,L,T004,test,571,317,321,318,1292,1296,1293
T077,L,T004,test,572,319,322,320,1294,1297,1295
T077,L,T004,test,573,322,323,320,1297,1298,1295
T077,L,T004,test,574,320,323,321,1295,1298,1296
T077,L,T004,test,575,322,324,323,1297,1299,1298
T077,L,T005,test,0,0,25,1,1300,1325,1301
T077,L,T005,test,1,25,26,1,1325,1326,1301
T077,L,T005,test,2,1,26,2,1301,1326,1302
T077,L,T005,test,3,26,27,2,1326,1327,1302
T077,L,T005,test,4,2,27,3,1302,1327,1303
T077,L,T005,test,5,27,28,3,1327,1328,1303
T077,L,T005,test,6,3,28,4,1303,1328,1304
T077,L,T005,test,7,28,29,4,1328,1329,1304
T077,L,T005,test,8,4,29,5,1304,1329,1305
T077,L,T005,test,9,29,30,5,1329,1330,1305
T077,L,T005,test,10,5,30,6,1305,1330,1306
T077,L,T005,test,11,30,31,6,1330,1331,1306
T077,L,T005,test,12,6,31,7,1306,1331,1307
T077,L,T005,test,13,31,32,7,1331,1332,1307
T077,L,T005,test,14,7,32,8,1307,1332,1308
T077,L,T005,test,15,32,33,8,1332,1333,1308
T077,L,T005,test,16,8,33,9,1308,1333,1309
T077,L,T005,test,17,33,34,9,1333,1334,1309
T077,L,T005,test,18,9,34,10,1309,1334,1310
T077,L,T005,test,19,34,35,10,1334,1335,1310
T077,L,T005,test,20,10,35,11,1310,1335,1311
T077,L,T005,test,21,35,36,11,1335,1336,1311
T077,L,T005,test,22,11,36,12,1311,1336,1312
T077,L,T005,test,23,36,37,12,1336,1337,1312
T077,L,T005,test,24,12,37,13,1312,1337,1313
T077,L,T005,test,25,37,38,13,1337,1338,1313
T077,L,T005,test,26,13,38,14,1313,1338,1314
T077,L,T005,test,27,38,39,14,1338,1339,1314
T077,L,T005,test,28,14,39,15,1314,1339,1315
T077,L,T005,test,29,39,40,15,1339,1340,1315
T077,L,T005,test,30,15,40,16,1315,1340,1316
T077,L,T005,test,31,40,41,16,1340,1341,1316
T077,L,T005,test,32,16,41,17,1316,1341,1317
T077,L,T005,test,33,41,42,17,1341,1342,1317
T077,L,T005,test,34,17,42,18,1317,1342,1318
T077,L,T005,test,35,42,43,18,1342,1343,1318
T077,L,T005,test,36,18,43,19,1318,1343,1319
T077,L,T005,test,37,43,44,19,1343,1344,1319
T077,L,T005,test,38,19,44,20,1319,1344,1320
T077,L,T005,test,39,44,45,20,1344,1345,1320
T077,L,T005,test,40,20,45,21,1320,1345,1321
T077,L,T005,test,41,45,46,21,1345,1346,1321
T077,L,T005,test,42,21,46,22,1321,1346,1322
T077,L,T005,test,43,46,47,22,1346,1347,1322
T077,L,T005,test,44,22,47,23,1322,1347,1323
T077,L,T005,test,45,47,48,23,1347,1348,1323
T077,L,T005,test,46,23,48,24,1323,1348,1324
T077,L,T005,test,47,25,49,26,1325,1349,1326
T077,L,T005,test,48,49,50,26,1349,1350,1326
T077,L,T005,test,49,26,50,27,1326,1350,1327
T077,L,T005,test,50,50,51,27,1350,1351,1327
T077,L,T005,test,51,27,51,28,1327,1351,1328
T077,L,T005,test,52,51,52,28,1351,1352,1328
T077,L,T005,test,53,28,52,29,1328,1352,1329
T077,L,T005,test,54,52,53,29,1352,1353,1329
T077,L,T005,test,55,29,53,30,1329,1353,1330
T077,L,T005,test,56,53,54,30,1353,1354,1330
T077,L,T005,test,57,30,54,31,1330,1354,1331
T077,L,T005,test,58,54,55,31,1354,1355,1331
T077,L,T005,test,59,31,55,32,1331,1355,1332
T077,L,T005,test,60,55,56,32,1355,1356,1332
T077,L,T005,test,61,32,56,33,1332,1356,1333
T077,L,T005,test,62,56,57,33,1356,1357,1333
T077,L,T005,test,63,33,57,34,1333,1357,1334
T077,L,T005,test,64,57,58,34,1357,1358,1334
T077,L,T005,test,65,34,58,35,1334,1358,1335
T077,L,T005,test,66,58,59,35,1358,1359,1335
T077,L,T005,test,67,35,59,36,1335,1359,1336
T077,L,T005,test,68,59,60,36,1359,1360,1336
T077,L,T005,test,69,36,60,37,1336,1360,1337
T077,L,T005,test,70,60,61,37,1360,1361,1337
T077,L,T005,test,71,37,61,38,1337,1361,1338
T077,L,T005,test,72,61,62,38,1361,1362,1338
T077,L,T005,test,73,38,62,39,1338,1362,1339
T077,L,T005,test,74,62,63,39,1362,1363,1339
T077,L,T005,test,75,39,63,40,1339,1363,1340
T077,L,T005,test,76,63,64,40,1363,1364,1340
T077,L,T005,test,77,40,64,41,1340,1364,1341
T077,L,T005,test,78,64,65,41,1364,1365,1341
T077,L,T005,test,79,41,65,42,1341,1365,1342
T077,L,T005,test,80,65,66,42,1365,1366,1342
T077,L,T005,test,81,42,66,43,1342,1366,1343
T077,L,T005,test,82,66,67,43,1366,1367,1343
T077,L,T005,test,83,43,67,44,1343,1367,1344
T077,L,T005,test,84,67,68,44,1367,1368,1344
T077,L,T005,test,85,44,68,45,1344,1368,1345
T077,L,T005,test,86,68,69,45,1368,1369,1345
T077,L,T005,test,87,45,69,46,1345,1369,1346
T077,L,T005,test,88,69,70,46,1369,1370,1346
T077,L,T005,test,89,46,70,47,1346,1370,1347
T077,L,T005,test,90,70,71,47,1370,1371,1347
T077,L,T005,test,91,47,71,48,1347,1371,1348
T077,L,T005,test,92,49,72,50,1349,1372,1350
T077,L,T005,test,93,72,73,50,1372,1373,1350
T077,L,T005,test,94,50,73,51,1350,1373,1351
T077,L,T005,test,95,73,74,51,1373,1374,1351
T077,L,T005,test,96,51,74,52,1351,1374,1352
T077,L,T005,test,97,74,75,52,1374,1375,1352
T077,L,T005,test,98,52,75,53,1352,1375,1353
T077,L,T005,test,99,75,76,53,1375,1376,1353
T077,L,T005,test,100,53,76,54,1353,1376,1354
T077,L,T005,test,101,76,77,54,1376,1377,1354
T077,L,T005,test,102,54,77,55,1354,1377,1355
T077,L,T005,test,103,77,78,55,1377,1378,1355
T077,L,T005,test,104,55,78,56,1355,1378,1356
T077,L,T005,test,105,78,79,56,1378,1379,1356
T077,L,T005,test,106,56,79,57,1356,1379,1357
T077,L,T005,test,107,79,80,57,1379,1380,1357
T077,L,T005,test,108,57,80,58,1357,1380,1358
T077,L,T005,test,109,80,81,58,1380,1381,1358
T077,L,T005,test,110,58,81,59,1358,1381,1359
T077,L,T005,test,111,81,82,59,1381,1382,1359
T077,L,T005,test,112,59,82,60,1359,1382,1360
T077,L,T005,test,113,82,83,60,1382,1383,1360
T077,L,T005,test,114,60,83,61,1360,1383,1361
T077,L,T005,test,115,83,84,61,1383,1384,1361
T077,L,T005,test,116,61,84,62,1361,1384,1362
T077,L,T005,test,117,84,85,62,1384,1385,1362
T077,L,T005,test,118,62,85,63,1362,1385,1363
T077,L,T005,test,119,85,86,63,1385,1386,1363
T077,L,T005,test,120,63,86,64,1363,1386,1364
T077,L,T005,test,121,86,87,64,1386,1387,1364
T077,L,T005,test,122,64,87,65,1364,1387,1365
T077,L,T005,test,123,87,88,65,1387,1388,1365
T077,L,T005,test,124,65,88,66,1365,1388,1366
T077,L,T005,test,125,88,89,66,1388,1389,1366
T077,L,T005,test,126,66,89,67,1366,1389,1367
T077,L,T005,test,127,89,90,67,1389,1390,1367
T077,L,T005,test,128,67,90,68,1367,1390,1368
T077,L,T005,test,129,90,91,68,1390,1391,1368
T077,L,T005,test,130,68,91,69,1368,1391,1369
T077,L,T005,test,131,91,92,69,1391,1392,1369
T077,L,T005,test,132,69,92,70,1369,1392,1370
T077,L,T005,test,133,92,93,70,1392,1393,1370
T077,L,T005,test,134,70,93,71,1370,1393,1371
T077,L,T005,test,135,72,94,73,1372,1394,1373
T077,L,T005,test,136,94,95,73,1394,1395,1373
T077,L,T005,test,137,73,95,74,1373,1395,1374
T077,L,T005,test,138,95,96,74,1395,1396,1374
T077,L,T005,test,139,74,96,75,1374,1396,1375
T077,L,T005,test,140,96,97,75,1396,1397,1375
T077,L,T005,test,141,75,97,76,1375,1397,1376
T077,L,T005,test,142,97,98,76,1397,1398,1376
T077,L,T005,test,143,76,98,77,1376,1398,1377
T077,L,T005,test,144,98,99,77,1398,1399,1377
T077,L,T005,test,145,77,99,78,1377,1399,1378
T077,L,T005,test,146,99,100,78,1399,1400,1378
T077,L,T005,test,147,78,100,79,1378,1400,1379
T077,L,T005,test,148,100,101,79,1400,1401,1379
T077,L,T005,test,149,79,101,80,1379,1401,1380
T077,L,T005,test,150,101,102,80,1401,1402,1380
T077,L,T005,test,151,80,102,81,1380,1402,1381
T077,L,T005,test,152,102,103,81,1402,1403,1381
T077,L,T005,test,153,81,103,82,1381,1403,1382
T077,L,T005,test,154,103,104,82,1403,1404,1382
T077,L,T005,test,155,82,104,83,1382,1404,1383
T077,L,T005,test,156,104,105,83,1404,1405,1383
T077,L,T005,test,157,83,105,84,1383,1405,1384
T077,L,T005,test,158,105,106,84,1405,1406,1384
T077,L,T005,test,159,84,106,85,1384,1406,1385
T077,L,T005,test,160,106,107,85,1406,1407,1385
T077,L,T005,test,161,85,107,86,1385,1407,1386
T077,L,T005,test,162,107,108,86,1407,1408,1386
T077,L,T005,test,163,86,108,87,1386,1408,1387
T077,L,T005,test,164,108,109,87,1408,1409,1387
T077,L,T005,test,165,87,109,88,1387,1409,1388
T077,L,T005,test,166,109,110,88,1409,1410,1388
T077,L,T005,test,167,88,110,89,1388,1410,1389
T077,L,T005,test,168,110,111,89,1410,1411,1389
T077,L,T005,test,169,89,111,90,1389,1411,1390
T077,L,T005,test,170,111,112,90,1411,1412,1390
T077,L,T005,test,171,90,112,91,1390,1412,1391
T077,L,T005,test,172,112,113,91,1412,1413,1391
T077,L,T005,test,173,91,113,92,1391,1413,1392
T077,L,T005,test,174,113,114,92,1413,1414,1392
T077,L,T005,test,175,92,114,93,1392,1414,1393
T077,L,T005,test,176,94,115,95,1394,1415,1395
T077,L,T005,test,177,115,116,95,1415,1416,1395
T077,L,T005,test,178,95,116,96,1395,1416,1396
T077,L,T005,test,179,116,117,96,1416,1417,1396
T077,L,T005,test,180,96,117,97,1396,1417,1397
T077,L,T005,test,181,117,118,97,1417,1418,1397
T077,L,T005,test,182,97,118,98,1397,1418,1398
T077,L,T005,test,183,118,119,98,1418,1419,1398
T077,L,T005,test,184,98,119,99,1398,1419,1399
T077,L,T005,test,185,119,120,99,1419,1420,1399
T077,L,T005,test,186,99,120,100,1399,1420,1400
T077,L,T005,test,187,120,121,100,1420,1421,1400
T077,L,T005,test,188,100,121,101,1400,1421,1401
T077,L,T005,test,189,121,122,101,1421,1422,1401
T077,L,T005,test,190,101,122,102,1401,1422,1402
T077,L,T005,test,191,122,123,102,1422,1423,1402
T077,L,T005,test,192,102,123,103,1402,1423,1403
T077,L,T005,test,193,123,124,103,1423,1424,1403
T077,L,T005,test,194,103,124,104,1403,1424,1404
T077,L,T005,test,195,124,125,104,1424,1425,1404
T077,L,T005,test,196,104,125,105,1404,1425,1405
T077,L,T005,test,197,125,126,105,1425,1426,1405
T077,L,T005,test,198,105,126,106,1405,1426,1406
T077,L,T005,test,199,126,127,106,1426,1427,1406
T077,L,T005,test,200,106,127,107,1406,1427,1407
T077,L,T005,test,201,127,128,107,1427,1428,1407
T077,L,T005,test,202,107,128,108,1407,1428,1408
T077,L,T005,test,203,128,129,108,1428,1429,1408
T077,L,T005,test,204,108,129,109,1408,1429,1409
T077,L,T005,test,205,129,130,109,1429,1430,1409
T077,L,T005,test,206,109,130,110,1409,1430,1410
T077,L,T005,test,207,130,131,110,1430,1431,1410
T077,L,T005,test,208,110,131,111,1410,1431,1411
T077,L,T005,test,209,131,132,111,1431,1432,1411
T077,L,T005,test,210,111,132,112,1411,1432,1412
T077,L,T005,test,211,132,133,112,1432,1433,1412
T077,L,T005,test,212,112,133,113,1412,1433,1413
T077,L,T005,test,213,133,134,113,1433,1434,1413
T077,L,T005,test,214,113,134,114,1413,1434,1414
T077,L,T005,test,215,115,135,116,1415,1435,1416
T077,L,T005,test,216,135,136,116,1435,1436,1416
T077,L,T005,test,217,116,136,117,1416,1436,1417
T077,L,T005,test,218,136,137,117,1436,1437,1417
T077,L,T005,test,219,117,137,118,1417,1437,1418
T077,L,T005,test,220,137,138,118,1437,1438,1418
T077,L,T005,test,221,118,138,119,1418,1438,1419
T077,L,T005,test,222,138,139,119,1438,1439,1419
T077,L,T005,test,223,119,139,120,1419,1439,1420
T077,L,T005,test,224,139,140,120,1439,1440,1420
T077,L,T005,test,225,120,140,121,1420,1440,1421
T077,L,T005,test,226,140,141,121,1440,1441,1421
T077,L,T005,test,227,121,141,122,1421,1441,1422
T077,L,T005,test,228,141,142,122,1441,1442,1422
T077,L,T005,test,229,122,142,123,1422,1442,1423
T077,L,T005,test,230,142,143,123,1442,1443,1423
T077,L,T005,test,231,123,143,124,1423,1443,1424
T077,L,T005,test,232,143,144,124,1443,1444,1424
T077,L,T005,test,233,124,144,125,1424,1444,1425
T077,L,T005,test,234,144,145,125,1444,1445,1425
T077,L,T005,test,235,125,145,126,1425,1445,1426
T077,L,T005,test,236,145,146,126,1445,1446,1426
T077,L,T005,test,237,126,146,127,1426,1446,1427
T077,L,T005,test,238,146,147,127,1446,1447,1427
T077,L,T005,test,239,127,147,128,1427,1447,1428
T077,L,T005,test,240,147,148,128,1447,1448,1428
T077,L,T005,test,241,128,148,129,1428,1448,1429
T077,L,T005,test,242,148,149,129,1448,1449,1429
T077,L,T005,test,243,129,149,130,1429,1449,1430
T077,L,T005,test,244,149,150,130,1449,1450,1430
T077,L,T005,test,245,130,150,131,1430,1450,1431
T077,L,T005,test,246,150,151,131,1450,1451,1431
T077,L,T005,test,247,131,151,132,1431,1451,1432
T077,L,T005,test,248,151,152,132,1451,1452,1432
T077,L,T005,test,249,132,152,133,1432,1452,1433
T077,L,T005,test,250,152,153,133,1452,1453,1433
T077,L,T005,test,251,133,153,134,1433,1453,1434
T077,L,T005,test,252,135,154,136,1435,1454,1436
T077,L,T005,test,253,154,155,136,1454,1455,1436
T077,L,T005,test,254,136,155,137,1436,1455,1437
T077,L,T005,test,255,155,156,137,1455,1456,1437
T077,L,T005,test,256,137,156,138,1437,1456,1438
T077,L,T005,test,257,156,157,138,1456,1457,1438
T077,L,T005,test,258,138,157,139,1438,1457,1439
T077,L,T005,test,259,157,158,139,1457,1458,1439
T077,L,T005,test,260,139,158,140,1439,1458,1440
T077,L,T005,test,261,158,159,140,1458,1459,1440
T077,L,T005,test,262,140,159,141,1440,1459,1441
T077,L,T005,test,263,159,160,141,1459,1460,1441
T077,L,T005,test,264,141,160,142,1441,1460,1442
T077,L,T005,test,265,160,161,142,1460,1461,1442
T077,L,T005,test,266,142,161,143,1442,1461,1443
T077,L,T005,test,267,161,162,143,1461,1462,1443
T077,L,T005,test,268,143,162,144,1443,1462,1444
T077,L,T005,test,269,162,163,144,1462,1463,1444
T077,L,T005,test,270,144,163,145,1444,1463,1445
T077,L,T005,test,271,163,164,145,1463,1464,1445
T077,L,T005,test,272,145,164,146,1445,1464,1446
T077,L,T005,test,273,164,165,146,1464,1465,1446
T077,L,T005,test,274,146,165,147,1446,1465,1447
T077,L,T005,test,275,165,166,147,1465,1466,1447
T077,L,T005,test,276,147,166,148,1447,1466,1448
T077,L,T005,test,277,166,167,148,1466,1467,1448
T077,L,T005,test,278,148,167,149,1448,1467,1449
T077,L,T005,test,279,167,168,149,1467,1468,1449
T077,L,T005,test,280,149,168,150,1449,1468,1450
T077,L,T005,test,281,168,169,150,1468,1469,1450
T077,L,T005,test,282,150,169,151,1450,1469,1451
T077,L,T005,test,283,169,170,151,1469,1470,1451
T077,L,T005,test,284,151,170,152,1451,1470,1452
T077,L,T005,test,285,170,171,152,1470,1471,1452
T077,L,T005,test,286,152,171,153,1452,1471,1453
T077,L,T005,test,287,154,172,155,1454,1472,1455
T077,L,T005,test,288,172,173,155,1472,1473,1455
T077,L,T005,test,289,155,173,156,1455,1473,1456
T077,L,T005,test,290,173,174,156,1473,1474,1456
T077,L,T005,test,291,156,174,157,1456,1474,1457
T077,L,T005,test,292,174,175,157,1474,1475,1457
T077,L,T005,test,293,157,175,158,1457,1475,1458
T077,L,T005,test,294,175,176,158,1475,1476,1458
T077,L,T005,test,295,158,176,159,1458,1476,1459
T077,L,T005,test,296,176,177,159,1476,1477,1459
T077,L,T005,test,297,159,177,160,1459,1477,1460
T077,L,T005,test,298,177,178,160,1477,1478,1460
T077,L,T005,test,299,160,178,161,1460,1478,1461
T077,L,T005,test,300,178,179,161,1478,1479,1461
T077,L,T005,test,301,161,179,162,1461,1479,1462
T077,L,T005,test,302,179,180,162,1479,1480,1462
T077,L,T005,test,303,162,180,163,1462,1480,1463
T077,L,T005,test,304,180,181,163,1480,1481,1463
T077,L,T005,test,305,163,181,164,1463,1481,1464
T077,L,T005,test,306,181,182,164,1481,1482,1464
T077,L,T005,test,307,164,182,165,1464,1482,1465
T077,L,T005,test,308,182,183,165,1482,1483,1465
T077,L,T005,test,309,165,183,166,1465,1483,1466
T077,L,T005,test,310,183,184,166,1483,1484,1466
T077,L,T005,test,311,166,184,167,1466,1484,1467
T077,L,T005,test,312,184,185,167,1484,1485,1467
T077,L,T005,test,313,167,185,168,1467,1485,1468
T077,L,T005,test,314,185,186,168,1485,1486,1468
T077,L,T005,test,315,168,186,169,1468,1486,1469
T077,L,T005,test,316,186,187,169,1486,1487,1469
T077,L,T005,test,317,169,187,170,1469,1487,1470
T077,L,T005,test,318,187,188,170,1487,1488,1470
T077,L,T005,test,319,170,188,171,1470,1488,1471
T077,L,T005,test,320,172,189,173,1472,1489,1473
T077,L,T005,test,321,189,190,173,1489,1490,1473
T077,L,T005,test,322,173,190,174,1473,1490,1474
T077,L,T005,test,323,190,191,174,1490,1491,1474
T077,L,T005,test,324,174,191,175,1474,1491,1475
T077,L,T005,test,325,191,192,175,1491,1492,1475
T077,L,T005,test,326,175,192,176,1475,1492,1476
T077,L,T005,test,327,192,193,176,1492,1493,1476
T077,L,T005,test,328,176,193,177,1476,1493,1477
T077,L,T005,test,329,193,194,177,1493,1494,1477
T077,L,T005,test,330,177,194,178,1477,1494,1478
T077,L,T005,test,331,194,195,178,1494,1495,1478
T077,L,T005,test,332,178,195,179,1478,1495,1479
T077,L,T005,test,333,195,196,179,1495,1496,1479
T077,L,T005,test,334,179,196,180,1479,1496,1480
T077,L,T005,test,335,196,197,180,1496,1497,1480
T077,L,T005,test,336,180,197,181,1480,1497,1481
T077,L,T005,test,337,197,198,181,1497,1498,1481
T077,L,T005,test,338,181,198,182,1481,1498,1482
T077,L,T005,test,339,198,199,182,1498,1499,1482
T077,L,T005,test,340,182,199,183,1482,1499,1483
T077,L,T005,test,341,199,200,183,1499,1500,1483
T077,L,T005,test,342,183,200,184,1483,1500,1484
T077,L,T005,test,343,200,201,184,1500,1501,1484
T077,L,T005,test,344,184,201,185,1484,1501,1485
T077,L,T005,test,345,201,202,185,1501,1502,1485
T077,L,T005,test,346,185,202,186,1485,1502,1486
T077,L,T005,test,347,202,203,186,1502,1503,1486
T077,L,T005,test,348,186,203,187,1486,1503,1487
T077,L,T005,test,349,203,204,187,1503,1504,1487
T077,L,T005,test,350,187,204,188,1487,1504,1488
T077,L,T005,test,351,189,205,190,1489,1505,1490
T077,L,T005,test,352,205,206,190,1505,1506,1490
T077,L,T005,test,353,190,206,191,1490,1506,1491
T077,L,T005,test,354,206,207,191,1506,1507,1491
T077,L,T005,test,355,191,207,192,1491,1507,1492
T077,L,T005,test,356,207,208,192,1507,1508,1492
T077,L,T005,test,357,192,208,193,1492,1508,1493
T077,L,T005,test,358,208,209,193,1508,1509,1493
T077,L,T005,test,359,193,209,194,1493,1509,1494
T077,L,T005,test,360,209,210,194,1509,1510,1494
T077,L,T005,test,361,194,210,195,1494,1510,1495
T077,L,T005,test,362,210,211,195,1510,1511,1495
T077,L,T005,test,363,195,211,196,1495,1511,1496
T077,L,T005,test,364,211,212,196,1511,1512,1496
T077,L,T005,test,365,196,212,197,1496,1512,1497
T077,L,T005,test,366,212,213,197,1512,1513,1497
T077,L,T005,test,367,197,213,198,1497,1513,1498
T077,L,T005,test,368,213,214,198,1513,1514,1498
T077,L,T005,test,369,198,214,199,1498,1514,1499
T077,L,T005,test,370,214,215,199,1514,1515,1499
T077,L,T005,test,371,199,215,200,1499,1515,1500
T077,L,T005,test,372,215,216,200,1515,1516,1500
T077,L,T005,test,373,200,216,201,1500,1516,1501
T077,L,T005,test,374,216,217,201,1516,1517,1501
T077,L,T005,test,375,201,217,202,1501,1517,1502
T077,L,T005,test,376,217,218,202,1517,1518,1502
T077,L,T005,test,377,202,218,203,1502,1518,1503
T077,L,T005,test,378,218,219,203,1518,1519,1503
T077,L,T005,test,379,203,219,204,1503,1519,1504
T077,L,T005,test,380,205,220,206,1505,1520,1506
T077,L,T005,test,381,220,221,206,1520,1521,1506
T077,L,T005,test,382,206,221,207,1506,1521,1507
T077,L,T005,test,383,221,222,207,1521,1522,1507
T077,L,T005,test,384,207,222,208,1507,1522,1508
T077,L,T005,test,385,222,223,208,1522,1523,1508
T077,L,T005,test,386,208,223,209,1508,1523,1509
T077,L,T005,test,387,223,224,209,1523,1524,1509
T077,L,T005,test,388,209,224,210,1509,1524,1510
T077,L,T005,test,389,224,225,210,1524,1525,1510
T077,L,T005,test,390,210,225,211,1510,1525,1511
T077,L,T005,test,391,225,226,211,1525,1526,1511
T077,L,T005,test,392,211,226,212,1511,1526,1512
T077,L,T005,test,393,226,227,212,1526,1527,1512
T077,L,T005,test,394,212,227,213,1512,1527,1513
T077,L,T005,test,395,227,228,213,1527,1528,1513
T077,L,T005,test,396,213,228,214,1513,1528,1514
T077,L,T005,test,397,228,229,214,1528,1529,1514
T077,L,T005,test,398,214,229,215,1514,1529,1515
T077,L,T005,test,399,229,230,215,1529,1530,1515
T077,L,T005,test,400,215,230,216,1515,1530,1516
T077,L,T005,test,401,230,231,216,1530,1531,1516
T077,L,T005,test,402,216,231,217,1516,1531,1517
T077,L,T005,test,403,231,232,217,1531,1532,1517
T077,L,T005,test,404,217,232,218,1517,1532,1518
T077,L,T005,test,405,232,233,218,1532,1533,1518
T077,L,T005,test,406,218,233,219,1518,1533,1519
T077,L,T005,test,407,220,234,221,1520,1534,1521
T077,L,T005,test,408,234,235,221,1534,1535,1521
T077,L,T005,test,409,221,235,222,1521,1535,1522
T077,L,T005,test,410,235,236,222,1535,1536,1522
T077,L,T005,test,411,222,236,223,1522,1536,1523
T077,L,T005,test,412,236,237,223,1536,1537,1523
T077,L,T005,test,413,223,237,224,1523,1537,1524
T077,L,T005,test,414,237,238,224,1537,1538,1524
T077,L,T005,test,415,224,238,225,1524,1538,1525
T077,L,T005,test,416,238,239,225,1538,1539,1525
T077,L,T005,test,417,225,239,226,1525,1539,1526
T077,L,T005,test,418,239,240,226,1539,1540,1526
T077,L,T005,test,419,226,240,227,1526,1540,1527
T077,L,T005,test,420,240,241,227,1540,1541,1527
T077,L,T005,test,421,227,241,228,1527,1541,1528
T077,L,T005,test,422,241,242,228,1541,1542,1528
T077,L,T005,test,423,228,242,229,1528,1542,1529
T077,L,T005,test,424,242,243,229,1542,1543,1529
T077,L,T005,test,425,229,243,230,1529,1543,1530
T077,L,T005,test,426,243,244,230,1543,1544,1530
T077,L,T005,test,427,230,244,231,1530,1544,1531
T077,L,T005,test,428,244,245,231,1544,1545,1531
T077,L,T005,test,429,231,245,232,1531,1545,1532
T077,L,T005,test,430,245,246,232,1545,1546,1532
T077,L,T005,test,431,232,246,233,1532,1546,1533
T077,L,T005,test,432,234,247,235,1534,1547,1535
T077,L,T005,test,433,247,248,235,1547,1548,1535
T077,L,T005,test,434,235,248,236,1535,1548,1536
T077,L,T005,test,435,248,249,236,1548,1549,1536
T077,L,T005,test,436,236,249,237,1536,1549,1537
T077,L,T005,test,437,249,250,237,1549,1550,1537
T077,L,T005,test,438,237,250,238,1537,1550,1538
T077,L,T005,test,439,250,251,238,1550,1551,1538
T077,L,T005,test,440,238,251,239,1538,1551,1539
T077,L,T005,test,441,251,252,239,1551,1552,1539
T077,L,T005,test,442,239,252,240,1539,1552,1540
T077,L,T005,test,443,252,253,240,1552,1553,1540
T077,L,T005,test,444,240,253,241,1540,1553,1541
T077,L,T005,test,445,253,254,241,1553,1554,1541
T077,L,T005,test,446,241,254,242,1541,1554,1542
T077,L,T005,test,447,254,255,242,1554,1555,1542
T077,L,T005,test,448,242,255,243,1542,1555,1543
T077,L,T005,test,449,255,256,243,1555,1556,1543
T077,L,T005,test,450,243,256,244,1543,1556,1544
T077,L,T005,test,451,256,257,244,1556,1557,1544
T077,L,T005,test,452,244,257,245,1544,1557,1545
T077,L,T005,test,453,257,258,245,1557,1558,1545
T077,L,T005,test,454,245,258,246,1545,1558,1546
T077,L,T005,test,455,247,259,248,1547,1559,1548
T077,L,T005,test,456,259,260,248,1559,1560,1548
T077,L,T005,test,457,248,260,249,1548,1560,1549
T077,L,T005,test,458,260,261,249,1560,1561,1549
T077,L,T005,test,459,249,261,250,1549,1561,1550
T077,L,T005,test,460,261,262,250,1561,1562,1550
T077,L,T005,test,461,250,262,251,1550,1562,1551
T077,L,T005,test,462,262,263,251,1562,1563,1551
T077,L,T005,test,463,251,263,252,1551,1563,1552
T077,L,T005,test,464,263,264,252,1563,1564,1552
T077,L,T005,test,465,252,264,253,1552,1564,1553
T077,L,T005,test,466,264,265,253,1564,1565,1553
T077,L,T005,test,467,253,265,254,1553,1565,1554
T077,L,T005,test,468,265,266,254,1565,1566,1554
T077,L,T005,test,469,254,266,255,1554,1566,1555
T077,L,T005,test,470,266,267,255,1566,1567,1555
T077,L,T005,test,471,255,267,256,1555,1567,1556
T077,L,T005,test,472,267,268,256,1567,1568,1556
T077,L,T005,test,473,256,268,257,1556,1568,1557
T077,L,T005,test,474,268,269,257,1568,1569,1557
T077,L,T005,test,475,257,269,258,1557,1569,1558
T077,L,T005,test,476,259,270,260,1559,1570,1560
T077,L,T005,test,477,270,271,260,1570,1571,1560
T077,L,T005,test,478,260,271,261,1560,1571,1561
T077,L,T005,test,479,271,272,261,1571,1572,1561
T077,L,T005,test,480,261,272,262,1561,1572,1562
T077,L,T005,test,481,272,273,262,1572,1573,1562
T077,L,T005,test,482,262,273,263,1562,1573,1563
T077,L,T005,test,483,273,274,263,1573,1574,1563
T077,L,T005,test,484,263,274,264,1563,1574,1564
T077,L,T005,test,485,274,275,264,1574,1575,1564
T077,L,T005,test,486,264,275,265,1564,1575,1565
T077,L,T005,test,487,275,276,265,1575,1576,1565
T077,L,T005,test,488,265,276,266,1565,1576,1566
T077,L,T005,test,489,276,277,266,1576,1577,1566
T077,L,T005,test,490,266,277,267,1566,1577,1567
T077,L,T005,test,491,277,278,267,1577,1578,1567
T077,L,T005,test,492,267,278,268,1567,1578,1568
T077,L,T005,test,493,278,279,268,1578,1579,1568
T077,L,T005,test,494,268,279,269,1568,1579,1569
T077,L,T005,test,495,270,280,271,1570,1580,1571
T077,L,T005,test,496,280,281,271,1580,1581,1571
T077,L,T005,test,497,271,281,272,1571,1581,1572
T077,L,T005,test,498,281,282,272,1581,1582,1572
T077,L,T005,test,499,272,282,273,1572,1582,1573
T077,L,T005,test,500,282,283,273,1582,1583,1573
T077,L,T005,test,501,273,283,274,1573,1583,1574
T077,L,T005,test,502,283,284,274,1583,1584,1574
T077,L,T005,test,503,274,284,275,1574,1584,1575
T077,L,T005,test,504,284,285,275,1584,1585,1575
T077,L,T005,test,505,275,285,276,1575,1585,1576
T077,L,T005,test,506,285,286,276,1585,1586,1576
T077,L,T005,test,507,276,286,277,1576,1586,1577
T077,L,T005,test,508,286,287,277,1586,1587,1577
T077,L,T005,test,509,277,287,278,1577,1587,1578
T077,L,T005,test,510,287,288,278,1587,1588,1578
T077,L,T005,test,511,278,288,279,1578,1588,1579
T077,L,T005,test,512,280,289,281,1580,1589,1581
T077,L,T005,test,513,289,290,281,1589,1590,1581
T077,L,T005,test,514,281,290,282,1581,1590,1582
T077,L,T005,test,515,290,291,282,1590,1591,1582
T077,L,T005,test,516,282,291,283,1582,1591,1583
T077,L,T005,test,517,291,292,283,1591,1592,1583
T077,L,T005,test,518,283,292,284,1583,1592,1584
T077,L,T005,test,519,292,293,284,1592,1593,1584
T077,L,T005,test,520,284,293,285,1584,1593,1585
T077,L,T005,test,521,293,294,285,1593,1594,1585
T077,L,T005,test,522,285,294,286,1585,1594,1586
T077,L,T005,test,523,294,295,286,1594,1595,1586
T077,L,T005,test,524,286,295,287,1586,1595,1587
T077,L,T005,test,525,295,296,287,1595,1596,1587
T077,L,T005,test,526,287,296,288,1587,1596,1588
T077,L,T005,test,527,289,297,290,1589,1597,1590
T077,L,T005,test,528,297,298,290,1597,1598,1590
T077,L,T005,test,529,290,298,291,1590,1598,1591
T077,L,T005,test,530,298,299,291,1598,1599,1591
T077,L,T005,test,531,291,299,292,1591,1599,1592
T077,L,T005,test,532,299,300,292,1599,1600,1592
T077,L,T005,test,533,292,300,293,1592,1600,1593
T077,L,T005,test,534,300,301,293,1600,1601,1593
T077,L,T005,test,535,293,301,294,1593,1601,1594
T077,L,T005,test,536,301,302,294,1601,1602,1594
T077,L,T005,test,537,294,302,295,1594,1602,1595
T077,L,T005,test,538,302,303,295,1602,1603,1595
T077,L,T005,test,539,295,303,296,1595,1603,1596
T077,L,T005,test,540,297,304,298,1597,1604,1598
T077,L,T005,test,541,304,305,298,1604,1605,1598
T077,L,T005,test,542,298,305,299,1598,1605,1599
T077,L,T005,test,543,305,306,299,1605,1606,1599
T077,L,T005,test,544,299,306,300,1599,1606,1600
T077,L,T005,test,545,306,307,300,1606,1607,1600
T077,L,T005,test,546,300,307,301,1600,1607,1601
T077,L,T005,test,547,307,308,301,1607,1608,1601
T077,L,T005,test,548,301,308,302,1601,1608,1602
T077,L,T005,test,549,308,309,302,1608,1609,1602
T077,L,T005,test,550,302,309,303,1602,1609,1603
T077,L,T005,test,551,304,310,305,1604,1610,1605
T077,L,T005,test,552,310,311,305,1610,1611,1605
T077,L,T005,test,553,305,311,306,1605,1611,1606
T077,L,T005,test,554,311,312,306,1611,1612,1606
T077,L,T005,test,555,306,312,307,1606,1612,1607
T077,L,T005,test,556,312,313,307,1612,1613,1607
T077,L,T005,test,557,307,313,308,1607,1613,1608
T077,L,T005,test,558,313,314,308,1613,1614,1608
T077,L,T005,test,559,308,314,309,1608,1614,1609
T077,L,T005,test,560,310,315,311,1610,1615,1611
T077,L,T005,test,561,315,316,311,1615,1616,1611
T077,L,T005,test,562,311,316,312,1611,1616,1612
T077,L,T005,test,563,316,317,312,1616,1617,1612
T077,L,T005,test,564,312,317,313,1612,1617,1613
T077,L,T005,test,565,317,318,313,1617,1618,1613
T077,L,T005,test,566,313,318,314,1613,1618,1614
T077,L,T005,test,567,315,319,316,1615,1619,1616
T077,L,T005,test,568,319,320,316,1619,1620,1616
T077,L,T005,test,569,316,320,317,1616,1620,1617
T077,L,T005,test,570,320,321,317,1620,1621,1617
T077,L,T005,test,571,317,321,318,1617,1621,1618
T077,L,T005,test,572,319,322,320,1619,1622,1620
T077,L,T005,test,573,322,323,320,1622,1623,1620
T077,L,T005,test,574,320,323,321,1620,1623,1621
T077,L,T005,test,575,322,324,323,1622,1624,1623
T077,L,T006,test,0,0,25,1,1625,1650,1626
T077,L,T006,test,1,25,26,1,1650,1651,1626
T077,L,T006,test,2,1,26,2,1626,1651,1627
T077,L,T006,test,3,26,27,2,1651,1652,1627
T077,L,T006,test,4,2,27,3,1627,1652,1628
T077,L,T006,test,5,27,28,3,1652,1653,1628
T077,L,T006,test,6,3,28,4,1628,1653,1629
T077,L,T006,test,7,28,29,4,1653,1654,1629
T077,L,T006,test,8,4,29,5,1629,1654,1630
T077,L,T006,test,9,29,30,5,1654,1655,1630
T077,L,T006,test,10,5,30,6,1630,1655,1631
T077,L,T006,test,11,30,31,6,1655,1656,1631
T077,L,T006,test,12,6,31,7,1631,1656,1632
T077,L,T006,test,13,31,32,7,1656,1657,1632
T077,L,T006,test,14,7,32,8,1632,1657,1633
T077,L,T006,test,15,32,33,8,1657,1658,1633
T077,L,T006,test,16,8,33,9,1633,1658,1634
T077,L,T006,test,17,33,34,9,1658,1659,1634
T077,L,T006,test,18,9,34,10,1634,1659,1635
T077,L,T006,test,19,34,35,10,1659,1660,1635
T077,L,T006,test,20,10,35,11,1635,1660,1636
T077,L,T006,test,21,35,36,11,1660,1661,1636
T077,L,T006,test,22,11,36,12,1636,1661,1637
T077,L,T006,test,23,36,37,12,1661,1662,1637
T077,L,T006,test,24,12,37,13,1637,1662,1638
T077,L,T006,test,25,37,38,13,1662,1663,1638
T077,L,T006,test,26,13,38,14,1638,1663,1639
T077,L,T006,test,27,38,39,14,1663,1664,1639
T077,L,T006,test,28,14,39,15,1639,1664,1640
T077,L,T006,test,29,39,40,15,1664,1665,1640
T077,L,T006,test,30,15,40,16,1640,1665,1641
T077,L,T006,test,31,40,41,16,1665,1666,1641
T077,L,T006,test,32,16,41,17,1641,1666,1642
T077,L,T006,test,33,41,42,17,1666,1667,1642
T077,L,T006,test,34,17,42,18,1642,1667,1643
T077,L,T006,test,35,42,43,18,1667,1668,1643
T077,L,T006,test,36,18,43,19,1643,1668,1644
T077,L,T006,test,37,43,44,19,1668,1669,1644
T077,L,T006,test,38,19,44,20,1644,1669,1645
T077,L,T006,test,39,44,45,20,1669,1670,1645
T077,L,T006,test,40,20,45,21,1645,1670,1646
T077,L,T006,test,41,45,46,21,1670,1671,1646
T077,L,T006,test,42,21,46,22,1646,1671,1647
T077,L,T006,test,43,46,47,22,1671,1672,1647
T077,L,T006,test,44,22,47,23,1647,1672,1648
T077,L,T006,test,45,47,48,23,1672,1673,1648
T077,L,T006,test,46,23,48,24,1648,1673,1649
T077,L,T006,test,47,25,49,26,1650,1674,1651
T077,L,T006,test,48,49,50,26,1674,1675,1651
T077,L,T006,test,49,26,50,27,1651,1675,1652
T077,L,T006,test,50,50,51,27,1675,1676,1652
T077,L,T006,test,51,27,51,28,1652,1676,1653
T077,L,T006,test,52,51,52,28,1676,1677,1653
T077,L,T006,test,53,28,52,29,1653,1677,1654
T077,L,T006,test,54,52,53,29,1677,1678,1654
T077,L,T006,test,55,29,53,30,1654,1678,1655
T077,L,T006,test,56,53,54,30,1678,1679,1655
T077,L,T006,test,57,30,54,31,1655,1679,1656
T077,L,T006,test,58,54,55,31,1679,1680,1656
T077,L,T006,test,59,31,55,32,1656,1680,1657
T077,L,T006,test,60,55,56,32,1680,1681,1657
T077,L,T006,test,61,32,56,33,1657,1681,1658
T077,L,T006,test,62,56,57,33,1681,1682,1658
T077,L,T006,test,63,33,57,34,1658,1682,1659
T077,L,T006,test,64,57,58,34,1682,1683,1659
T077,L,T006,test,65,34,58,35,1659,1683,1660
T077,L,T006,test,66,58,59,35,1683,1684,1660
T077,L,T006,test,67,35,59,36,1660,1684,1661
T077,L,T006,test,68,59,60,36,1684,1685,1661
T077,L,T006,test,69,36,60,37,1661,1685,1662
T077,L,T006,test,70,60,61,37,1685,1686,1662
T077,L,T006,test,71,37,61,38,1662,1686,1663
T077,L,T006,test,72,61,62,38,1686,1687,1663
T077,L,T006,test,73,38,62,39,1663,1687,1664
T077,L,T006,test,74,62,63,39,1687,1688,1664
T077,L,T006,test,75,39,63,40,1664,1688,1665
T077,L,T006,test,76,63,64,40,1688,1689,1665
T077,L,T006,test,77,40,64,41,1665,1689,1666
T077,L,T006,test,78,64,65,41,1689,1690,1666
T077,L,T006,test,79,41,65,42,1666,1690,1667
T077,L,T006,test,80,65,66,42,1690,1691,1667
T077,L,T006,test,81,42,66,43,1667,1691,1668
T077,L,T006,test,82,66,67,43,1691,1692,1668
T077,L,T006,test,83,43,67,44,1668,1692,1669
T077,L,T006,test,84,67,68,44,1692,1693,1669
T077,L,T006,test,85,44,68,45,1669,1693,1670
T077,L,T006,test,86,68,69,45,1693,1694,1670
T077,L,T006,test,87,45,69,46,1670,1694,1671
T077,L,T006,test,88,69,70,46,1694,1695,1671
T077,L,T006,test,89,46,70,47,1671,1695,1672
T077,L,T006,test,90,70,71,47,1695,1696,1672
T077,L,T006,test,91,47,71,48,1672,1696,1673
T077,L,T006,test,92,49,72,50,1674,1697,1675
T077,L,T006,test,93,72,73,50,1697,1698,1675
T077,L,T006,test,94,50,73,51,1675,1698,1676
T077,L,T006,test,95,73,74,51,1698,1699,1676
T077,L,T006,test,96,51,74,52,1676,1699,1677
T077,L,T006,test,97,74,75,52,1699,1700,1677
T077,L,T006,test,98,52,75,53,1677,1700,1678
T077,L,T006,test,99,75,76,53,1700,1701,1678
T077,L,T006,test,100,53,76,54,1678,1701,1679
T077,L,T006,test,101,76,77,54,1701,1702,1679
T077,L,T006,test,102,54,77,55,1679,1702,1680
T077,L,T006,test,103,77,78,55,1702,1703,1680
T077,L,T006,test,104,55,78,56,1680,1703,1681
T077,L,T006,test,105,78,79,56,1703,1704,1681
T077,L,T006,test,106,56,79,57,1681,1704,1682
T077,L,T006,test,107,79,80,57,1704,1705,1682
T077,L,T006,test,108,57,80,58,1682,1705,1683
T077,L,T006,test,109,80,81,58,1705,1706,1683
T077,L,T006,test,110,58,81,59,1683,1706,1684
T077,L,T006,test,111,81,82,59,1706,1707,1684
T077,L,T006,test,112,59,82,60,1684,1707,1685
T077,L,T006,test,113,82,83,60,1707,1708,1685
T077,L,T006,test,114,60,83,61,1685,1708,1686
T077,L,T006,test,115,83,84,61,1708,1709,1686
T077,L,T006,test,116,61,84,62,1686,1709,1687
T077,L,T006,test,117,84,85,62,1709,1710,1687
T077,L,T006,test,118,62,85,63,1687,1710,1688
T077,L,T006,test,119,85,86,63,1710,1711,1688
T077,L,T006,test,120,63,86,64,1688,1711,1689
T077,L,T006,test,121,86,87,64,1711,1712,1689
T077,L,T006,test,122,64,87,65,1689,1712,1690
T077,L,T006,test,123,87,88,65,1712,1713,1690
T077,L,T006,test,124,65,88,66,1690,1713,1691
T077,L,T006,test,125,88,89,66,1713,1714,1691
T077,L,T006,test,126,66,89,67,1691,1714,1692
T077,L,T006,test,127,89,90,67,1714,1715,1692
T077,L,T006,test,128,67,90,68,1692,1715,1693
T077,L,T006,test,129,90,91,68,1715,1716,1693
T077,L,T006,test,130,68,91,69,1693,1716,1694
T077,L,T006,test,131,91,92,69,1716,1717,1694
T077,L,T006,test,132,69,92,70,1694,1717,1695
T077,L,T006,test,133,92,93,70,1717,1718,1695
T077,L,T006,test,134,70,93,71,1695,1718,1696
T077,L,T006,test,135,72,94,73,1697,1719,1698
T077,L,T006,test,136,94,95,73,1719,1720,1698
T077,L,T006,test,137,73,95,74,1698,1720,1699
T077,L,T006,test,138,95,96,74,1720,1721,1699
T077,L,T006,test,139,74,96,75,1699,1721,1700
T077,L,T006,test,140,96,97,75,1721,1722,1700
T077,L,T006,test,141,75,97,76,1700,1722,1701
T077,L,T006,test,142,97,98,76,1722,1723,1701
T077,L,T006,test,143,76,98,77,1701,1723,1702
T077,L,T006,test,144,98,99,77,1723,1724,1702
T077,L,T006,test,145,77,99,78,1702,1724,1703
T077,L,T006,test,146,99,100,78,1724,1725,1703
T077,L,T006,test,147,78,100,79,1703,1725,1704
T077,L,T006,test,148,100,101,79,1725,1726,1704
T077,L,T006,test,149,79,101,80,1704,1726,1705
T077,L,T006,test,150,101,102,80,1726,1727,1705
T077,L,T006,test,151,80,102,81,1705,1727,1706
T077,L,T006,test,152,102,103,81,1727,1728,1706
T077,L,T006,test,153,81,103,82,1706,1728,1707
T077,L,T006,test,154,103,104,82,1728,1729,1707
T077,L,T006,test,155,82,104,83,1707,1729,1708
T077,L,T006,test,156,104,105,83,1729,1730,1708
T077,L,T006,test,157,83,105,84,1708,1730,1709
T077,L,T006,test,158,105,106,84,1730,1731,1709
T077,L,T006,test,159,84,106,85,1709,1731,1710
T077,L,T006,test,160,106,107,85,1731,1732,1710
T077,L,T006,test,161,85,107,86,1710,1732,1711
T077,L,T006,test,162,107,108,86,1732,1733,1711
T077,L,T006,test,163,86,108,87,1711,1733,1712
T077,L,T006,test,164,108,109,87,1733,1734,1712
T077,L,T006,test,165,87,109,88,1712,1734,1713
T077,L,T006,test,166,109,110,88,1734,1735,1713
T077,L,T006,test,167,88,110,89,1713,1735,1714
T077,L,T006,test,168,110,111,89,1735,1736,1714
T077,L,T006,test,169,89,111,90,1714,1736,1715
T077,L,T006,test,170,111,112,90,1736,1737,1715
T077,L,T006,test,171,90,112,91,1715,1737,1716
T077,L,T006,test,172,112,113,91,1737,1738,1716
T077,L,T006,test,173,91,113,92,1716,1738,1717
T077,L,T006,test,174,113,114,92,1738,1739,1717
T077,L,T006,test,175,92,114,93,1717,1739,1718
T077,L,T006,test,176,94,115,95,1719,1740,1720
T077,L,T006,test,177,115,116,95,1740,1741,1720
T077,L,T006,test,178,95,116,96,1720,1741,1721
T077,L,T006,test,179,116,117,96,1741,1742,1721
T077,L,T006,test,180,96,117,97,1721,1742,1722
T077,L,T006,test,181,117,118,97,1742,1743,1722
T077,L,T006,test,182,97,118,98,1722,1743,1723
T077,L,T006,test,183,118,119,98,1743,1744,1723
T077,L,T006,test,184,98,119,99,1723,1744,1724
T077,L,T006,test,185,119,120,99,1744,1745,1724
T077,L,T006,test,186,99,120,100,1724,1745,1725
T077,L,T006,test,187,120,121,100,1745,1746,1725
T077,L,T006,test,188,100,121,101,1725,1746,1726
T077,L,T006,test,189,121,122,101,1746,1747,1726
T077,L,T006,test,190,101,122,102,1726,1747,1727
T077,L,T006,test,191,122,123,102,1747,1748,1727
T077,L,T006,test,192,102,123,103,1727,1748,1728
T077,L,T006,test,193,123,124,103,1748,1749,1728
T077,L,T006,test,194,103,124,104,1728,1749,1729
T077,L,T006,test,195,124,125,104,1749,1750,1729
T077,L,T006,test,196,104,125,105,1729,1750,1730
T077,L,T006,test,197,125,126,105,1750,1751,1730
T077,L,T006,test,198,105,126,106,1730,1751,1731
T077,L,T006,test,199,126,127,106,1751,1752,1731
T077,L,T006,test,200,106,127,107,1731,1752,1732
T077,L,T006,test,201,127,128,107,1752,1753,1732
T077,L,T006,test,202,107,128,108,1732,1753,1733
T077,L,T006,test,203,128,129,108,1753,1754,1733
T077,L,T006,test,204,108,129,109,1733,1754,1734
T077,L,T006,test,205,129,130,109,1754,1755,1734
T077,L,T006,test,206,109,130,110,1734,1755,1735
T077,L,T006,test,207,130,131,110,1755,1756,1735
T077,L,T006,test,208,110,131,111,1735,1756,1736
T077,L,T006,test,209,131,132,111,1756,1757,1736
T077,L,T006,test,210,111,132,112,1736,1757,1737
T077,L,T006,test,211,132,133,112,1757,1758,1737
T077,L,T006,test,212,112,133,113,1737,1758,1738
T077,L,T006,test,213,133,134,113,1758,1759,1738
T077,L,T006,test,214,113,134,114,1738,1759,1739
T077,L,T006,test,215,115,135,116,1740,1760,1741
T077,L,T006,test,216,135,136,116,1760,1761,1741
T077,L,T006,test,217,116,136,117,1741,1761,1742
T077,L,T006,test,218,136,137,117,1761,1762,1742
T077,L,T006,test,219,117,137,118,1742,1762,1743
T077,L,T006,test,220,137,138,118,1762,1763,1743
T077,L,T006,test,221,118,138,119,1743,1763,1744
T077,L,T006,test,222,138,139,119,1763,1764,1744
T077,L,T006,test,223,119,139,120,1744,1764,1745
T077,L,T006,test,224,139,140,120,1764,1765,1745
T077,L,T006,test,225,120,140,121,1745,1765,1746
T077,L,T006,test,226,140,141,121,1765,1766,1746
T077,L,T006,test,227,121,141,122,1746,1766,1747
T077,L,T006,test,228,141,142,122,1766,1767,1747
T077,L,T006,test,229,122,142,123,1747,1767,1748
T077,L,T006,test,230,142,143,123,1767,1768,1748
T077,L,T006,test,231,123,143,124,1748,1768,1749
T077,L,T006,test,232,143,144,124,1768,1769,1749
T077,L,T006,test,233,124,144,125,1749,1769,1750
T077,L,T006,test,234,144,145,125,1769,1770,1750
T077,L,T006,test,235,125,145,126,1750,1770,1751
T077,L,T006,test,236,145,146,126,1770,1771,1751
T077,L,T006,test,237,126,146,127,1751,1771,1752
T077,L,T006,test,238,146,147,127,1771,1772,1752
T077,L,T006,test,239,127,147,128,1752,1772,1753
T077,L,T006,test,240,147,148,128,1772,1773,1753
T077,L,T006,test,241,128,148,129,1753,1773,1754
T077,L,T006,test,242,148,149,129,1773,1774,1754
T077,L,T006,test,243,129,149,130,1754,1774,1755
T077,L,T006,test,244,149,150,130,1774,1775,1755
T077,L,T006,test,245,130,150,131,1755,1775,1756
T077,L,T006,test,246,150,151,131,1775,1776,1756
T077,L,T006,test,247,131,151,132,1756,1776,1757
T077,L,T006,test,248,151,152,132,1776,1777,1757
T077,L,T006,test,249,132,152,133,1757,1777,1758
T077,L,T006,test,250,152,153,133,1777,1778,1758
T077,L,T006,test,251,133,153,134,1758,1778,1759
T077,L,T006,test,252,135,154,136,1760,1779,1761
T077,L,T006,test,253,154,155,136,1779,1780,1761
T077,L,T006,test,254,136,155,137,1761,1780,1762
T077,L,T006,test,255,155,156,137,1780,1781,1762
T077,L,T006,test,256,137,156,138,1762,1781,1763
T077,L,T006,test,257,156,157,138,1781,1782,1763
T077,L,T006,test,258,138,157,139,1763,1782,1764
T077,L,T006,test,259,157,158,139,1782,1783,1764
T077,L,T006,test,260,139,158,140,1764,1783,1765
T077,L,T006,test,261,158,159,140,1783,1784,1765
T077,L,T006,test,262,140,159,141,1765,1784,1766
T077,L,T006,test,263,159,160,141,1784,1785,1766
T077,L,T006,test,264,141,160,142,1766,1785,1767
T077,L,T006,test,265,160,161,142,1785,1786,1767
T077,L,T006,test,266,142,161,143,1767,1786,1768
T077,L,T006,test,267,161,162,143,1786,1787,1768
T077,L,T006,test,268,143,162,144,1768,1787,1769
T077,L,T006,test,269,162,163,144,1787,1788,1769
T077,L,T006,test,270,144,163,145,1769,1788,1770
T077,L,T006,test,271,163,164,145,1788,1789,1770
T077,L,T006,test,272,145,164,146,1770,1789,1771
T077,L,T006,test,273,164,165,146,1789,1790,1771
T077,L,T006,test,274,146,165,147,1771,1790,1772
T077,L,T006,test,275,165,166,147,1790,1791,1772
T077,L,T006,test,276,147,166,148,1772,1791,1773
T077,L,T006,test,277,166,167,148,1791,1792,1773
T077,L,T006,test,278,148,167,149,1773,1792,1774
T077,L,T006,test,279,167,168,149,1792,1793,1774
T077,L,T006,test,280,149,168,150,1774,1793,1775
T077,L,T006,test,281,168,169,150,1793,1794,1775
T077,L,T006,test,282,150,169,151,1775,1794,1776
T077,L,T006,test,283,169,170,151,1794,1795,1776
T077,L,T006,test,284,151,170,152,1776,1795,1777
T077,L,T006,test,285,170,171,152,1795,1796,1777
T077,L,T006,test,286,152,171,153,1777,1796,1778
T077,L,T006,test,287,154,172,155,1779,1797,1780
T077,L,T006,test,288,172,173,155,1797,1798,1780
T077,L,T006,test,289,155,173,156,1780,1798,1781
T077,L,T006,test,290,173,174,156,1798,1799,1781
T077,L,T006,test,291,156,174,157,1781,1799,1782
T077,L,T006,test,292,174,175,157,1799,1800,1782
T077,L,T006,test,293,157,175,158,1782,1800,1783
T077,L,T006,test,294,175,176,158,1800,1801,1783
T077,L,T006,test,295,158,176,159,1783,1801,1784
T077,L,T006,test,296,176,177,159,1801,1802,1784
T077,L,T006,test,297,159,177,160,1784,1802,1785
T077,L,T006,test,298,177,178,160,1802,1803,1785
T077,L,T006,test,299,160,178,161,1785,1803,1786
T077,L,T006,test,300,178,179,161,1803,1804,1786
T077,L,T006,test,301,161,179,162,1786,1804,1787
T077,L,T006,test,302,179,180,162,1804,1805,1787
T077,L,T006,test,303,162,180,163,1787,1805,1788
T077,L,T006,test,304,180,181,163,1805,1806,1788
T077,L,T006,test,305,163,181,164,1788,1806,1789
T077,L,T006,test,306,181,182,164,1806,1807,1789
T077,L,T006,test,307,164,182,165,1789,1807,1790
T077,L,T006,test,308,182,183,165,1807,1808,1790
T077,L,T006,test,309,165,183,166,1790,1808,1791
T077,L,T006,test,310,183,184,166,1808,1809,1791
T077,L,T006,test,311,166,184,167,1791,1809,1792
T077,L,T006,test,312,184,185,167,1809,1810,1792
T077,L,T006,test,313,167,185,168,1792,1810,1793
T077,L,T006,test,314,185,186,168,1810,1811,1793
T077,L,T006,test,315,168,186,169,1793,1811,1794
T077,L,T006,test,316,186,187,169,1811,1812,1794
T077,L,T006,test,317,169,187,170,1794,1812,1795
T077,L,T006,test,318,187,188,170,1812,1813,1795
T077,L,T006,test,319,170,188,171,1795,1813,1796
T077,L,T006,test,320,172,189,173,1797,1814,1798
T077,L,T006,test,321,189,190,173,1814,1815,1798
T077,L,T006,test,322,173,190,174,1798,1815,1799
T077,L,T006,test,323,190,191,174,1815,1816,1799
T077,L,T006,test,324,174,191,175,1799,1816,1800
T077,L,T006,test,325,191,192,175,1816,1817,1800
T077,L,T006,test,326,175,192,176,1800,1817,1801
T077,L,T006,test,327,192,193,176,1817,1818,1801
T077,L,T006,test,328,176,193,177,1801,1818,1802
T077,L,T006,test,329,193,194,177,1818,1819,1802
T077,L,T006,test,330,177,194,178,1802,1819,1803
T077,L,T006,test,331,194,195,178,1819,1820,1803
T077,L,T006,test,332,178,195,179,1803,1820,1804
T077,L,T006,test,333,195,196,179,1820,1821,1804
T077,L,T006,test,334,179,196,180,1804,1821,1805
T077,L,T006,test,335,196,197,180,1821,1822,1805
T077,L,T006,test,336,180,197,181,1805,1822,1806
T077,L,T006,test,337,197,198,181,1822,1823,1806
T077,L,T006,test,338,181,198,182,1806,1823,1807
T077,L,T006,test,339,198,199,182,1823,1824,1807
T077,L,T006,test,340,182,199,183,1807,1824,1808
T077,L,T006,test,341,199,200,183,1824,1825,1808
T077,L,T006,test,342,183,200,184,1808,1825,1809
T077,L,T006,test,343,200,201,184,1825,1826,1809
T077,L,T006,test,344,184,201,185,1809,1826,1810
T077,L,T006,test,345,201,202,185,1826,1827,1810
T077,L,T006,test,346,185,202,186,1810,1827,1811
T077,L,T006,test,347,202,203,186,1827,1828,1811
T077,L,T006,test,348,186,203,187,1811,1828,1812
T077,L,T006,test,349,203,204,187,1828,1829,1812
T077,L,T006,test,350,187,204,188,1812,1829,1813
T077,L,T006,test,351,189,205,190,1814,1830,1815
T077,L,T006,test,352,205,206,190,1830,1831,1815
T077,L,T006,test,353,190,206,191,1815,1831,1816
T077,L,T006,test,354,206,207,191,1831,1832,1816
T077,L,T006,test,355,191,207,192,1816,1832,1817
T077,L,T006,test,356,207,208,192,1832,1833,1817
T077,L,T006,test,357,192,208,193,1817,1833,1818
T077,L,T006,test,358,208,209,193,1833,1834,1818
T077,L,T006,test,359,193,209,194,1818,1834,1819
T077,L,T006,test,360,209,210,194,1834,1835,1819
T077,L,T006,test,361,194,210,195,1819,1835,1820
T077,L,T006,test,362,210,211,195,1835,1836,1820
T077,L,T006,test,363,195,211,196,1820,1836,1821
T077,L,T006,test,364,211,212,196,1836,1837,1821
T077,L,T006,test,365,196,212,197,1821,1837,1822
T077,L,T006,test,366,212,213,197,1837,1838,1822
T077,L,T006,test,367,197,213,198,1822,1838,1823
T077,L,T006,test,368,213,214,198,1838,1839,1823
T077,L,T006,test,369,198,214,199,1823,1839,1824
T077,L,T006,test,370,214,215,199,1839,1840,1824
T077,L,T006,test,371,199,215,200,1824,1840,1825
T077,L,T006,test,372,215,216,200,1840,1841,1825
T077,L,T006,test,373,200,216,201,1825,1841,1826
T077,L,T006,test,374,216,217,201,1841,1842,1826
T077,L,T006,test,375,201,217,202,1826,1842,1827
T077,L,T006,test,376,217,218,202,1842,1843,1827
T077,L,T006,test,377,202,218,203,1827,1843,1828
T077,L,T006,test,378,218,219,203,1843,1844,1828
T077,L,T006,test,379,203,219,204,1828,1844,1829
T077,L,T006,test,380,205,220,206,1830,1845,1831
T077,L,T006,test,381,220,221,206,1845,1846,1831
T077,L,T006,test,382,206,221,207,1831,1846,1832
T077,L,T006,test,383,221,222,207,1846,1847,1832
T077,L,T006,test,384,207,222,208,1832,1847,1833
T077,L,T006,test,385,222,223,208,1847,1848,1833
T077,L,T006,test,386,208,223,209,1833,1848,1834
T077,L,T006,test,387,223,224,209,1848,1849,1834
T077,L,T006,test,388,209,224,210,1834,1849,1835
T077,L,T006,test,389,224,225,210,1849,1850,1835
T077,L,T006,test,390,210,225,211,1835,1850,1836
T077,L,T006,test,391,225,226,211,1850,1851,1836
T077,L,T006,test,392,211,226,212,1836,1851,1837
T077,L,T006,test,393,226,227,212,1851,1852,1837
T077,L,T006,test,394,212,227,213,1837,1852,1838
T077,L,T006,test,395,227,228,213,1852,1853,1838
T077,L,T006,test,396,213,228,214,1838,1853,1839
T077,L,T006,test,397,228,229,214,1853,1854,1839
T077,L,T006,test,398,214,229,215,1839,1854,1840
T077,L,T006,test,399,229,230,215,1854,1855,1840
T077,L,T006,test,400,215,230,216,1840,1855,1841
T077,L,T006,test,401,230,231,216,1855,1856,1841
T077,L,T006,test,402,216,231,217,1841,1856,1842
T077,L,T006,test,403,231,232,217,1856,1857,1842
T077,L,T006,test,404,217,232,218,1842,1857,1843
T077,L,T006,test,405,232,233,218,1857,1858,1843
T077,L,T006,test,406,218,233,219,1843,1858,1844
T077,L,T006,test,407,220,234,221,1845,1859,1846
T077,L,T006,test,408,234,235,221,1859,1860,1846
T077,L,T006,test,409,221,235,222,1846,1860,1847
T077,L,T006,test,410,235,236,222,1860,1861,1847
T077,L,T006,test,411,222,236,223,1847,1861,1848
T077,L,T006,test,412,236,237,223,1861,1862,1848
T077,L,T006,test,413,223,237,224,1848,1862,1849
T077,L,T006,test,414,237,238,224,1862,1863,1849
T077,L,T006,test,415,224,238,225,1849,1863,1850
T077,L,T006,test,416,238,239,225,1863,1864,1850
T077,L,T006,test,417,225,239,226,1850,1864,1851
T077,L,T006,test,418,239,240,226,1864,1865,1851
T077,L,T006,test,419,226,240,227,1851,1865,1852
T077,L,T006,test,420,240,241,227,1865,1866,1852
T077,L,T006,test,421,227,241,228,1852,1866,1853
T077,L,T006,test,422,241,242,228,1866,1867,1853
T077,L,T006,test,423,228,242,229,1853,1867,1854
T077,L,T006,test,424,242,243,229,1867,1868,1854
T077,L,T006,test,425,229,243,230,1854,1868,1855
T077,L,T006,test,426,243,244,230,1868,1869,1855
T077,L,T006,test,427,230,244,231,1855,1869,1856
T077,L,T006,test,428,244,245,231,1869,1870,1856
T077,L,T006,test,429,231,245,232,1856,1870,1857
T077,L,T006,test,430,245,246,232,1870,1871,1857
T077,L,T006,test,431,232,246,233,1857,1871,1858
T077,L,T006,test,432,234,247,235,1859,1872,1860
T077,L,T006,test,433,247,248,235,1872,1873,1860
T077,L,T006,test,434,235,248,236,1860,1873,1861
T077,L,T006,test,435,248,249,236,1873,1874,1861
T077,L,T006,test,436,236,249,237,1861,1874,1862
T077,L,T006,test,437,249,250,237,1874,1875,1862
T077,L,T006,test,438,237,250,238,1862,1875,1863
T077,L,T006,test,439,250,251,238,1875,1876,1863
T077,L,T006,test,440,238,251,239,1863,1876,1864
T077,L,T006,test,441,251,252,239,1876,1877,1864
T077,L,T006,test,442,239,252,240,1864,1877,1865
T077,L,T006,test,443,252,253,240,1877,1878,1865
T077,L,T006,test,444,240,253,241,1865,1878,1866
T077,L,T006,test,445,253,254,241,1878,1879,1866
T077,L,T006,test,446,241,254,242,1866,1879,1867
T077,L,T006,test,447,254,255,242,1879,1880,1867
T077,L,T006,test,448,242,255,243,1867,1880,1868
T077,L,T006,test,449,255,256,243,1880,1881,1868
T077,L,T006,test,450,243,256,244,1868,1881,1869
T077,L,T006,test,451,256,257,244,1881,1882,1869
T077,L,T006,test,452,244,257,245,1869,1882,1870
T077,L,T006,test,453,257,258,245,1882,1883,1870
T077,L,T006,test,454,245,258,246,1870,1883,1871
T077,L,T006,test,455,247,259,248,1872,1884,1873
T077,L,T006,test,456,259,260,248,1884,1885,1873
T077,L,T006,test,457,248,260,249,1873,1885,1874
T077,L,T006,test,458,260,261,249,1885,1886,1874
T077,L,T006,test,459,249,261,250,1874,1886,1875
T077,L,T006,test,460,261,262,250,1886,1887,1875
T077,L,T006,test,461,250,262,251,1875,1887,1876
T077,L,T006,test,462,262,263,251,1887,1888,1876
T077,L,T006,test,463,251,263,252,1876,1888,1877
T077,L,T006,test,464,263,264,252,1888,1889,1877
T077,L,T006,test,465,252,264,253,1877,1889,1878
T077,L,T006,test,466,264,265,253,1889,1890,1878
T077,L,T006,test,467,253,265,254,1878,1890,1879
T077,L,T006,test,468,265,266,254,1890,1891,1879
T077,L,T006,test,469,254,266,255,1879,1891,1880
T077,L,T006,test,470,266,267,255,1891,1892,1880
T077,L,T006,test,471,255,267,256,1880,1892,1881
T077,L,T006,test,472,267,268,256,1892,1893,1881
T077,L,T006,test,473,256,268,257,1881,1893,1882
T077,L,T006,test,474,268,269,257,1893,1894,1882
T077,L,T006,test,475,257,269,258,1882,1894,1883
T077,L,T006,test,476,259,270,260,1884,1895,1885
T077,L,T006,test,477,270,271,260,1895,1896,1885
T077,L,T006,test,478,260,271,261,1885,1896,1886
T077,L,T006,test,479,271,272,261,1896,1897,1886
T077,L,T006,test,480,261,272,262,1886,1897,1887
T077,L,T006,test,481,272,273,262,1897,1898,1887
T077,L,T006,test,482,262,273,263,1887,1898,1888
T077,L,T006,test,483,273,274,263,1898,1899,1888
T077,L,T006,test,484,263,274,264,1888,1899,1889
T077,L,T006,test,485,274,275,264,1899,1900,1889
T077,L,T006,test,486,264,275,265,1889,1900,1890
T077,L,T006,test,487,275,276,265,1900,1901,1890
T077,L,T006,test,488,265,276,266,1890,1901,1891
T077,L,T006,test,489,276,277,266,1901,1902,1891
T077,L,T006,test,490,266,277,267,1891,1902,1892
T077,L,T006,test,491,277,278,267,1902,1903,1892
T077,L,T006,test,492,267,278,268,1892,1903,1893
T077,L,T006,test,493,278,279,268,1903,1904,1893
T077,L,T006,test,494,268,279,269,1893,1904,1894
T077,L,T006,test,495,270,280,271,1895,1905,1896
T077,L,T006,test,496,280,281,271,1905,1906,1896
T077,L,T006,test,497,271,281,272,1896,1906,1897
T077,L,T006,test,498,281,282,272,1906,1907,1897
T077,L,T006,test,499,272,282,273,1897,1907,1898
T077,L,T006,test,500,282,283,273,1907,1908,1898
T077,L,T006,test,501,273,283,274,1898,1908,1899
T077,L,T006,test,502,283,284,274,1908,1909,1899
T077,L,T006,test,503,274,284,275,1899,1909,1900
T077,L,T006,test,504,284,285,275,1909,1910,1900
T077,L,T006,test,505,275,285,276,1900,1910,1901
T077,L,T006,test,506,285,286,276,1910,1911,1901
T077,L,T006,test,507,276,286,277,1901,1911,1902
T077,L,T006,test,508,286,287,277,1911,1912,1902
T077,L,T006,test,509,277,287,278,1902,1912,1903
T077,L,T006,test,510,287,288,278,1912,1913,1903
T077,L,T006,test,511,278,288,279,1903,1913,1904
T077,L,T006,test,512,280,289,281,1905,1914,1906
T077,L,T006,test,513,289,290,281,1914,1915,1906
T077,L,T006,test,514,281,290,282,1906,1915,1907
T077,L,T006,test,515,290,291,282,1915,1916,1907
T077,L,T006,test,516,282,291,283,1907,1916,1908
T077,L,T006,test,517,291,292,283,1916,1917,1908
T077,L,T006,test,518,283,292,284,1908,1917,1909
T077,L,T006,test,519,292,293,284,1917,1918,1909
T077,L,T006,test,520,284,293,285,1909,1918,1910
T077,L,T006,test,521,293,294,285,1918,1919,1910
T077,L,T006,test,522,285,294,286,1910,1919,1911
T077,L,T006,test,523,294,295,286,1919,1920,1911
T077,L,T006,test,524,286,295,287,1911,1920,1912
T077,L,T006,test,525,295,296,287,1920,1921,1912
T077,L,T006,test,526,287,296,288,1912,1921,1913
T077,L,T006,test,527,289,297,290,1914,1922,1915
T077,L,T006,test,528,297,298,290,1922,1923,1915
T077,L,T006,test,529,290,298,291,1915,1923,1916
T077,L,T006,test,530,298,299,291,1923,1924,1916
T077,L,T006,test,531,291,299,292,1916,1924,1917
T077,L,T006,test,532,299,300,292,1924,1925,1917
T077,L,T006,test,533,292,300,293,1917,1925,1918
T077,L,T006,test,534,300,301,293,1925,1926,1918
T077,L,T006,test,535,293,301,294,1918,1926,1919
T077,L,T006,test,536,301,302,294,1926,1927,1919
T077,L,T006,test,537,294,302,295,1919,1927,1920
T077,L,T006,test,538,302,303,295,1927,1928,1920
T077,L,T006,test,539,295,303,296,1920,1928,1921
T077,L,T006,test,540,297,304,298,1922,1929,1923
T077,L,T006,test,541,304,305,298,1929,1930,1923
T077,L,T006,test,542,298,305,299,1923,1930,1924
T077,L,T006,test,543,305,306,299,1930,1931,1924
T077,L,T006,test,544,299,306,300,1924,1931,1925
T077,L,T006,test,545,306,307,300,1931,1932,1925
T077,L,T006,test,546,300,307,301,1925,1932,1926
T077,L,T006,test,547,307,308,301,1932,1933,1926
T077,L,T006,test,548,301,308,302,1926,1933,1927
T077,L,T006,test,549,308,309,302,1933,1934,1927
T077,L,T006,test,550,302,309,303,1927,1934,1928
T077,L,T006,test,551,304,310,305,1929,1935,1930
T077,L,T006,test,552,310,311,305,1935,1936,1930
T077,L,T006,test,553,305,311,306,1930,1936,1931
T077,L,T006,test,554,311,312,306,1936,1937,1931
T077,L,T006,test,555,306,312,307,1931,1937,1932
T077,L,T006,test,556,312,313,307,1937,1938,1932
T077,L,T006,test,557,307,313,308,1932,1938,1933
T077,L,T006,test,558,313,314,308,1938,1939,1933
T077,L,T006,test,559,308,314,309,1933,1939,1934
T077,L,T006,test,560,310,315,311,1935,1940,1936
T077,L,T006,test,561,315,316,311,1940,1941,1936
T077,L,T006,test,562,311,316,312,1936,1941,1937
T077,L,T006,test,563,316,317,312,1941,1942,1937
T077,L,T006,test,564,312,317,313,1937,1942,1938
T077,L,T006,test,565,317,318,313,1942,1943,1938
T077,L,T006,test,566,313,318,314,1938,1943,1939
T077,L,T006,test,567,315,319,316,1940,1944,1941
T077,L,T006,test,568,319,320,316,1944,1945,1941
T077,L,T006,test,569,316,320,317,1941,1945,1942
T077,L,T006,test,570,320,321,317,1945,1946,1942
T077,L,T006,test,571,317,321,318,1942,1946,1943
T077,L,T006,test,572,319,322,320,1944,1947,1945
T077,L,T006,test,573,322,323,320,1947,1948,1945
T077,L,T006,test,574,320,323,321,1945,1948,1946
T077,L,T006,test,575,322,324,323,1947,1949,1948
T077,L,T007,test,0,0,25,1,1950,1975,1951
T077,L,T007,test,1,25,26,1,1975,1976,1951
T077,L,T007,test,2,1,26,2,1951,1976,1952
T077,L,T007,test,3,26,27,2,1976,1977,1952
T077,L,T007,test,4,2,27,3,1952,1977,1953
T077,L,T007,test,5,27,28,3,1977,1978,1953
T077,L,T007,test,6,3,28,4,1953,1978,1954
T077,L,T007,test,7,28,29,4,1978,1979,1954
T077,L,T007,test,8,4,29,5,1954,1979,1955
T077,L,T007,test,9,29,30,5,1979,1980,1955
T077,L,T007,test,10,5,30,6,1955,1980,1956
T077,L,T007,test,11,30,31,6,1980,1981,1956
T077,L,T007,test,12,6,31,7,1956,1981,1957
T077,L,T007,test,13,31,32,7,1981,1982,1957
T077,L,T007,test,14,7,32,8,1957,1982,1958
T077,L,T007,test,15,32,33,8,1982,1983,1958
T077,L,T007,test,16,8,33,9,1958,1983,1959
T077,L,T007,test,17,33,34,9,1983,1984,1959
T077,L,T007,test,18,9,34,10,1959,1984,1960
T077,L,T007,test,19,34,35,10,1984,1985,1960
T077,L,T007,test,20,10,35,11,1960,1985,1961
T077,L,T007,test,21,35,36,11,1985,1986,1961
T077,L,T007,test,22,11,36,12,1961,1986,1962
T077,L,T007,test,23,36,37,12,1986,1987,1962
T077,L,T007,test,24,12,37,13,1962,1987,1963
T077,L,T007,test,25,37,38,13,1987,1988,1963
T077,L,T007,test,26,13,38,14,1963,1988,1964
T077,L,T007,test,27,38,39,14,1988,1989,1964
T077,L,T007,test,28,14,39,15,1964,1989,1965
T077,L,T007,test,29,39,40,15,1989,1990,1965
T077,L,T007,test,30,15,40,16,1965,1990,1966
T077,L,T007,test,31,40,41,16,1990,1991,1966
T077,L,T007,test,32,16,41,17,1966,1991,1967
T077,L,T007,test,33,41,42,17,1991,1992,1967
T077,L,T007,test,34,17,42,18,1967,1992,1968
T077,L,T007,test,35,42,43,18,1992,1993,1968
T077,L,T007,test,36,18,43,19,1968,1993,1969
T077,L,T007,test,37,43,44,19,1993,1994,1969
T077,L,T007,test,38,19,44,20,1969,1994,1970
T077,L,T007,test,39,44,45,20,1994,1995,1970
T077,L,T007,test,40,20,45,21,1970,1995,1971
T077,L,T007,test,41,45,46,21,1995,1996,1971
T077,L,T007,test,42,21,46,22,1971,1996,1972
T077,L,T007,test,43,46,47,22,1996,1997,1972
T077,L,T007,test,44,22,47,23,1972,1997,1973
T077,L,T007,test,45,47,48,23,1997,1998,1973
T077,L,T007,test,46,23,48,24,1973,1998,1974
T077,L,T007,test,47,25,49,26,1975,1999,1976
T077,L,T007,test,48,49,50,26,1999,2000,1976
T077,L,T007,test,49,26,50,27,1976,2000,1977
T077,L,T007,test,50,50,51,27,2000,2001,1977
T077,L,T007,test,51,27,51,28,1977,2001,1978
T077,L,T007,test,52,51,52,28,2001,2002,1978
T077,L,T007,test,53,28,52,29,1978,2002,1979
T077,L,T007,test,54,52,53,29,2002,2003,1979
T077,L,T007,test,55,29,53,30,1979,2003,1980
T077,L,T007,test,56,53,54,30,2003,2004,1980
T077,L,T007,test,57,30,54,31,1980,2004,1981
T077,L,T007,test,58,54,55,31,2004,2005,1981
T077,L,T007,test,59,31,55,32,1981,2005,1982
T077,L,T007,test,60,55,56,32,2005,2006,1982
T077,L,T007,test,61,32,56,33,1982,2006,1983
T077,L,T007,test,62,56,57,33,2006,2007,1983
T077,L,T007,test,63,33,57,34,1983,2007,1984
T077,L,T007,test,64,57,58,34,2007,2008,1984
T077,L,T007,test,65,34,58,35,1984,2008,1985
T077,L,T007,test,66,58,59,35,2008,2009,1985
T077,L,T007,test,67,35,59,36,1985,2009,1986
T077,L,T007,test,68,59,60,36,2009,2010,1986
T077,L,T007,test,69,36,60,37,1986,2010,1987
T077,L,T007,test,70,60,61,37,2010,2011,1987
T077,L,T007,test,71,37,61,38,1987,2011,1988
T077,L,T007,test,72,61,62,38,2011,2012,1988
T077,L,T007,test,73,38,62,39,1988,2012,1989
T077,L,T007,test,74,62,63,39,2012,2013,1989
T077,L,T007,test,75,39,63,40,1989,2013,1990
T077,L,T007,test,76,63,64,40,2013,2014,1990
T077,L,T007,test,77,40,64,41,1990,2014,1991
T077,L,T007,test,78,64,65,41,2014,2015,1991
T077,L,T007,test,79,41,65,42,1991,2015,1992
T077,L,T007,test,80,65,66,42,2015,2016,1992
T077,L,T007,test,81,42,66,43,1992,2016,1993
T077,L,T007,test,82,66,67,43,2016,2017,1993
T077,L,T007,test,83,43,67,44,1993,2017,1994
T077,L,T007,test,84,67,68,44,2017,2018,1994
T077,L,T007,test,85,44,68,45,1994,2018,1995
T077,L,T007,test,86,68,69,45,2018,2019,1995
T077,L,T007,test,87,45,69,46,1995,2019,1996
T077,L,T007,test,88,69,70,46,2019,2020,1996
T077,L,T007,test,89,46,70,47,1996,2020,1997
T077,L,T007,test,90,70,71,47,2020,2021,1997
T077,L,T007,test,91,47,71,48,1997,2021,1998
T077,L,T007,test,92,49,72,50,1999,2022,2000
T077,L,T007,test,93,72,73,50,2022,2023,2000
T077,L,T007,test,94,50,73,51,2000,2023,2001
T077,L,T007,test,95,73,74,51,2023,2024,2001
T077,L,T007,test,96,51,74,52,2001,2024,2002
T077,L,T007,test,97,74,75,52,2024,2025,2002
T077,L,T007,test,98,52,75,53,2002,2025,2003
T077,L,T007,test,99,75,76,53,2025,2026,2003
T077,L,T007,test,100,53,76,54,2003,2026,2004
T077,L,T007,test,101,76,77,54,2026,2027,2004
T077,L,T007,test,102,54,77,55,2004,2027,2005
T077,L,T007,test,103,77,78,55,2027,2028,2005
T077,L,T007,test,104,55,78,56,2005,2028,2006
T077,L,T007,test,105,78,79,56,2028,2029,2006
T077,L,T007,test,106,56,79,57,2006,2029,2007
T077,L,T007,test,107,79,80,57,2029,2030,2007
T077,L,T007,test,108,57,80,58,2007,2030,2008
T077,L,T007,test,109,80,81,58,2030,2031,2008
T077,L,T007,test,110,58,81,59,2008,2031,2009
T077,L,T007,test,111,81,82,59,2031,2032,2009
T077,L,T007,test,112,59,82,60,2009,2032,2010
T077,L,T007,test,113,82,83,60,2032,2033,2010
T077,L,T007,test,114,60,83,61,2010,2033,2011
T077,L,T007,test,115,83,84,61,2033,2034,2011
T077,L,T007,test,116,61,84,62,2011,2034,2012
T077,L,T007,test,117,84,85,62,2034,2035,2012
T077,L,T007,test,118,62,85,63,2012,2035,2013
T077,L,T007,test,119,85,86,63,2035,2036,2013
T077,L,T007,test,120,63,86,64,2013,2036,2014
T077,L,T007,test,121,86,87,64,2036,2037,2014
T077,L,T007,test,122,64,87,65,2014,2037,2015
T077,L,T007,test,123,87,88,65,2037,2038,2015
T077,L,T007,test,124,65,88,66,2015,2038,2016
T077,L,T007,test,125,88,89,66,2038,2039,2016
T077,L,T007,test,126,66,89,67,2016,2039,2017
T077,L,T007,test,127,89,90,67,2039,2040,2017
T077,L,T007,test,128,67,90,68,2017,2040,2018
T077,L,T007,test,129,90,91,68,2040,2041,2018
T077,L,T007,test,130,68,91,69,2018,2041,2019
T077,L,T007,test,131,91,92,69,2041,2042,2019
T077,L,T007,test,132,69,92,70,2019,2042,2020
T077,L,T007,test,133,92,93,70,2042,2043,2020
T077,L,T007,test,134,70,93,71,2020,2043,2021
T077,L,T007,test,135,72,94,73,2022,2044,2023
T077,L,T007,test,136,94,95,73,2044,2045,2023
T077,L,T007,test,137,73,95,74,2023,2045,2024
T077,L,T007,test,138,95,96,74,2045,2046,2024
T077,L,T007,test,139,74,96,75,2024,2046,2025
T077,L,T007,test,140,96,97,75,2046,2047,2025
T077,L,T007,test,141,75,97,76,2025,2047,2026
T077,L,T007,test,142,97,98,76,2047,2048,2026
T077,L,T007,test,143,76,98,77,2026,2048,2027
T077,L,T007,test,144,98,99,77,2048,2049,2027
T077,L,T007,test,145,77,99,78,2027,2049,2028
T077,L,T007,test,146,99,100,78,2049,2050,2028
T077,L,T007,test,147,78,100,79,2028,2050,2029
T077,L,T007,test,148,100,101,79,2050,2051,2029
T077,L,T007,test,149,79,101,80,2029,2051,2030
T077,L,T007,test,150,101,102,80,2051,2052,2030
T077,L,T007,test,151,80,102,81,2030,2052,2031
T077,L,T007,test,152,102,103,81,2052,2053,2031
T077,L,T007,test,153,81,103,82,2031,2053,2032
T077,L,T007,test,154,103,104,82,2053,2054,2032
T077,L,T007,test,155,82,104,83,2032,2054,2033
T077,L,T007,test,156,104,105,83,2054,2055,2033
T077,L,T007,test,157,83,105,84,2033,2055,2034
T077,L,T007,test,158,105,106,84,2055,2056,2034
T077,L,T007,test,159,84,106,85,2034,2056,2035
T077,L,T007,test,160,106,107,85,2056,2057,2035
T077,L,T007,test,161,85,107,86,2035,2057,2036
T077,L,T007,test,162,107,108,86,2057,2058,2036
T077,L,T007,test,163,86,108,87,2036,2058,2037
T077,L,T007,test,164,108,109,87,2058,2059,2037
T077,L,T007,test,165,87,109,88,2037,2059,2038
T077,L,T007,test,166,109,110,88,2059,2060,2038
T077,L,T007,test,167,88,110,89,2038,2060,2039
T077,L,T007,test,168,110,111,89,2060,2061,2039
T077,L,T007,test,169,89,111,90,2039,2061,2040
T077,L,T007,test,170,111,112,90,2061,2062,2040
T077,L,T007,test,171,90,112,91,2040,2062,2041
T077,L,T007,test,172,112,113,91,2062,2063,2041
T077,L,T007,test,173,91,113,92,2041,2063,2042
T077,L,T007,test,174,113,114,92,2063,2064,2042
T077,L,T007,test,175,92,114,93,2042,2064,2043
T077,L,T007,test,176,94,115,95,2044,2065,2045
T077,L,T007,test,177,115,116,95,2065,2066,2045
T077,L,T007,test,178,95,116,96,2045,2066,2046
T077,L,T007,test,179,116,117,96,2066,2067,2046
T077,L,T007,test,180,96,117,97,2046,2067,2047
T077,L,T007,test,181,117,118,97,2067,2068,2047
T077,L,T007,test,182,97,118,98,2047,2068,2048
T077,L,T007,test,183,118,119,98,2068,2069,2048
T077,L,T007,test,184,98,119,99,2048,2069,2049
T077,L,T007,test,185,119,120,99,2069,2070,2049
T077,L,T007,test,186,99,120,100,2049,2070,2050
T077,L,T007,test,187,120,121,100,2070,2071,2050
T077,L,T007,test,188,100,121,101,2050,2071,2051
T077,L,T007,test,189,121,122,101,2071,2072,2051
T077,L,T007,test,190,101,122,102,2051,2072,2052
T077,L,T007,test,191,122,123,102,2072,2073,2052
T077,L,T007,test,192,102,123,103,2052,2073,2053
T077,L,T007,test,193,123,124,103,2073,2074,2053
T077,L,T007,test,194,103,124,104,2053,2074,2054
T077,L,T007,test,195,124,125,104,2074,2075,2054
T077,L,T007,test,196,104,125,105,2054,2075,2055
T077,L,T007,test,197,125,126,105,2075,2076,2055
T077,L,T007,test,198,105,126,106,2055,2076,2056
T077,L,T007,test,199,126,127,106,2076,2077,2056
T077,L,T007,test,200,106,127,107,2056,2077,2057
T077,L,T007,test,201,127,128,107,2077,2078,2057
T077,L,T007,test,202,107,128,108,2057,2078,2058
T077,L,T007,test,203,128,129,108,2078,2079,2058
T077,L,T007,test,204,108,129,109,2058,2079,2059
T077,L,T007,test,205,129,130,109,2079,2080,2059
T077,L,T007,test,206,109,130,110,2059,2080,2060
T077,L,T007,test,207,130,131,110,2080,2081,2060
T077,L,T007,test,208,110,131,111,2060,2081,2061
T077,L,T007,test,209,131,132,111,2081,2082,2061
T077,L,T007,test,210,111,132,112,2061,2082,2062
T077,L,T007,test,211,132,133,112,2082,2083,2062
T077,L,T007,test,212,112,133,113,2062,2083,2063
T077,L,T007,test,213,133,134,113,2083,2084,2063
T077,L,T007,test,214,113,134,114,2063,2084,2064
T077,L,T007,test,215,115,135,116,2065,2085,2066
T077,L,T007,test,216,135,136,116,2085,2086,2066
T077,L,T007,test,217,116,136,117,2066,2086,2067
T077,L,T007,test,218,136,137,117,2086,2087,2067
T077,L,T007,test,219,117,137,118,2067,2087,2068
T077,L,T007,test,220,137,138,118,2087,2088,2068
T077,L,T007,test,221,118,138,119,2068,2088,2069
T077,L,T007,test,222,138,139,119,2088,2089,2069
T077,L,T007,test,223,119,139,120,2069,2089,2070
T077,L,T007,test,224,139,140,120,2089,2090,2070
T077,L,T007,test,225,120,140,121,2070,2090,2071
T077,L,T007,test,226,140,141,121,2090,2091,2071
T077,L,T007,test,227,121,141,122,2071,2091,2072
T077,L,T007,test,228,141,142,122,2091,2092,2072
T077,L,T007,test,229,122,142,123,2072,2092,2073
T077,L,T007,test,230,142,143,123,2092,2093,2073
T077,L,T007,test,231,123,143,124,2073,2093,2074
T077,L,T007,test,232,143,144,124,2093,2094,2074
T077,L,T007,test,233,124,144,125,2074,2094,2075
T077,L,T007,test,234,144,145,125,2094,2095,2075
T077,L,T007,test,235,125,145,126,2075,2095,2076
T077,L,T007,test,236,145,146,126,2095,2096,2076
T077,L,T007,test,237,126,146,127,2076,2096,2077
T077,L,T007,test,238,146,147,127,2096,2097,2077
T077,L,T007,test,239,127,147,128,2077,2097,2078
T077,L,T007,test,240,147,148,128,2097,2098,2078
T077,L,T007,test,241,128,148,129,2078,2098,2079
T077,L,T007,test,242,148,149,129,2098,2099,2079
T077,L,T007,test,243,129,149,130,2079,2099,2080
T077,L,T007,test,244,149,150,130,2099,2100,2080
T077,L,T007,test,245,130,150,131,2080,2100,2081
T077,L,T007,test,246,150,151,131,2100,2101,2081
T077,L,T007,test,247,131,151,132,2081,2101,2082
T077,L,T007,test,248,151,152,132,2101,2102,2082
T077,L,T007,test,249,132,152,133,2082,2102,2083
T077,L,T007,test,250,152,153,133,2102,2103,2083
T077,L,T007,test,251,133,153,134,2083,2103,2084
T077,L,T007,test,252,135,154,136,2085,2104,2086
T077,L,T007,test,253,154,155,136,2104,2105,2086
T077,L,T007,test,254,136,155,137,2086,2105,2087
T077,L,T007,test,255,155,156,137,2105,2106,2087
T077,L,T007,test,256,137,156,138,2087,2106,2088
T077,L,T007,test,257,156,157,138,2106,2107,2088
T077,L,T007,test,258,138,157,139,2088,2107,2089
T077,L,T007,test,259,157,158,139,2107,2108,2089
T077,L,T007,test,260,139,158,140,2089,2108,2090
T077,L,T007,test,261,158,159,140,2108,2109,2090
T077,L,T007,test,262,140,159,141,2090,2109,2091
T077,L,T007,test,263,159,160,141,2109,2110,2091
T077,L,T007,test,264,141,160,142,2091,2110,2092
T077,L,T007,test,265,160,161,142,2110,2111,2092
T077,L,T007,test,266,142,161,143,2092,2111,2093
T077,L,T007,test,267,161,162,143,2111,2112,2093
T077,L,T007,test,268,143,162,144,2093,2112,2094
T077,L,T007,test,269,162,163,144,2112,2113,2094
T077,L,T007,test,270,144,163,145,2094,2113,2095
T077,L,T007,test,271,163,164,145,2113,2114,2095
T077,L,T007,test,272,145,164,146,2095,2114,2096
T077,L,T007,test,273,164,165,146,2114,2115,2096
T077,L,T007,test,274,146,165,147,2096,2115,2097
T077,L,T007,test,275,165,166,147,2115,2116,2097
T077,L,T007,test,276,147,166,148,2097,2116,2098
T077,L,T007,test,277,166,167,148,2116,2117,2098
T077,L,T007,test,278,148,167,149,2098,2117,2099
T077,L,T007,test,279,167,168,149,2117,2118,2099
T077,L,T007,test,280,149,168,150,2099,2118,2100
T077,L,T007,test,281,168,169,150,2118,2119,2100
T077,L,T007,test,282,150,169,151,2100,2119,2101
T077,L,T007,test,283,169,170,151,2119,2120,2101
T077,L,T007,test,284,151,170,152,2101,2120,2102
T077,L,T007,test,285,170,171,152,2120,2121,2102
T077,L,T007,test,286,152,171,153,2102,2121,2103
T077,L,T007,test,287,154,172,155,2104,2122,2105
T077,L,T007,test,288,172,173,155,2122,2123,2105
T077,L,T007,test,289,155,173,156,2105,2123,2106
T077,L,T007,test,290,173,174,156,2123,2124,2106
T077,L,T007,test,291,156,174,157,2106,2124,2107
T077,L,T007,test,292,174,175,157,2124,2125,2107
T077,L,T007,test,293,157,175,158,2107,2125,2108
T077,L,T007,test,294,175,176,158,2125,2126,2108
T077,L,T007,test,295,158,176,159,2108,2126,2109
T077,L,T007,test,296,176,177,159,2126,2127,2109
T077,L,T007,test,297,159,177,160,2109,2127,2110
T077,L,T007,test,298,177,178,160,2127,2128,2110
T077,L,T007,test,299,160,178,161,2110,2128,2111
T077,L,T007,test,300,178,179,161,2128,2129,2111
T077,L,T007,test,301,161,179,162,2111,2129,2112
T077,L,T007,test,302,179,180,162,2129,2130,2112
T077,L,T007,test,303,162,180,163,2112,2130,2113
T077,L,T007,test,304,180,181,163,2130,2131,2113
T077,L,T007,test,305,163,181,164,2113,2131,2114
T077,L,T007,test,306,181,182,164,2131,2132,2114
T077,L,T007,test,307,164,182,165,2114,2132,2115
T077,L,T007,test,308,182,183,165,2132,2133,2115
T077,L,T007,test,309,165,183,166,2115,2133,2116
T077,L,T007,test,310,183,184,166,2133,2134,2116
T077,L,T007,test,311,166,184,167,2116,2134,2117
T077,L,T007,test,312,184,185,167,2134,2135,2117
T077,L,T007,test,313,167,185,168,2117,2135,2118
T077,L,T007,test,314,185,186,168,2135,2136,2118
T077,L,T007,test,315,168,186,169,2118,2136,2119
T077,L,T007,test,316,186,187,169,2136,2137,2119
T077,L,T007,test,317,169,187,170,2119,2137,2120
T077,L,T007,test,318,187,188,170,2137,2138,2120
T077,L,T007,test,319,170,188,171,2120,2138,2121
T077,L,T007,test,320,172,189,173,2122,2139,2123
T077,L,T007,test,321,189,190,173,2139,2140,2123
T077,L,T007,test,322,173,190,174,2123,2140,2124
T077,L,T007,test,323,190,191,174,2140,2141,2124
T077,L,T007,test,324,174,191,175,2124,2141,2125
T077,L,T007,test,325,191,192,175,2141,2142,2125
T077,L,T007,test,326,175,192,176,2125,2142,2126
T077,L,T007,test,327,192,193,176,2142,2143,2126
T077,L,T007,test,328,176,193,177,2126,2143,2127
T077,L,T007,test,329,193,194,177,2143,2144,2127
T077,L,T007,test,330,177,194,178,2127,2144,2128
T077,L,T007,test,331,194,195,178,2144,2145,2128
T077,L,T007,test,332,178,195,179,2128,2145,2129
T077,L,T007,test,333,195,196,179,2145,2146,2129
T077,L,T007,test,334,179,196,180,2129,2146,2130
T077,L,T007,test,335,196,197,180,2146,2147,2130
T077,L,T007,test,336,180,197,181,2130,2147,2131
T077,L,T007,test,337,197,198,181,2147,2148,2131
T077,L,T007,test,338,181,198,182,2131,2148,2132
T077,L,T007,test,339,198,199,182,2148,2149,2132
T077,L,T007,test,340,182,199,183,2132,2149,2133
T077,L,T007,test,341,199,200,183,2149,2150,2133
T077,L,T007,test,342,183,200,184,2133,2150,2134
T077,L,T007,test,343,200,201,184,2150,2151,2134
T077,L,T007,test,344,184,201,185,2134,2151,2135
T077,L,T007,test,345,201,202,185,2151,2152,2135
T077,L,T007,test,346,185,202,186,2135,2152,2136
T077,L,T007,test,347,202,203,186,2152,2153,2136
T077,L,T007,test,348,186,203,187,2136,2153,2137
T077,L,T007,test,349,203,204,187,2153,2154,2137
T077,L,T007,test,350,187,204,188,2137,2154,2138
T077,L,T007,test,351,189,205,190,2139,2155,2140
T077,L,T007,test,352,205,206,190,2155,2156,2140
T077,L,T007,test,353,190,206,191,2140,2156,2141
T077,L,T007,test,354,206,207,191,2156,2157,2141
T077,L,T007,test,355,191,207,192,2141,2157,2142
T077,L,T007,test,356,207,208,192,2157,2158,2142
T077,L,T007,test,357,192,208,193,2142,2158,2143
T077,L,T007,test,358,208,209,193,2158,2159,2143
T077,L,T007,test,359,193,209,194,2143,2159,2144
T077,L,T007,test,360,209,210,194,2159,2160,2144
T077,L,T007,test,361,194,210,195,2144,2160,2145
T077,L,T007,test,362,210,211,195,2160,2161,2145
T077,L,T007,test,363,195,211,196,2145,2161,2146
T077,L,T007,test,364,211,212,196,2161,2162,2146
T077,L,T007,test,365,196,212,197,2146,2162,2147
T077,L,T007,test,366,212,213,197,2162,2163,2147
T077,L,T007,test,367,197,213,198,2147,2163,2148
T077,L,T007,test,368,213,214,198,2163,2164,2148
T077,L,T007,test,369,198,214,199,2148,2164,2149
T077,L,T007,test,370,214,215,199,2164,2165,2149
T077,L,T007,test,371,199,215,200,2149,2165,2150
T077,L,T007,test,372,215,216,200,2165,2166,2150
T077,L,T007,test,373,200,216,201,2150,2166,2151
T077,L,T007,test,374,216,217,201,2166,2167,2151
T077,L,T007,test,375,201,217,202,2151,2167,2152
T077,L,T007,test,376,217,218,202,2167,2168,2152
T077,L,T007,test,377,202,218,203,2152,2168,2153
T077,L,T007,test,378,218,219,203,2168,2169,2153
T077,L,T007,test,379,203,219,204,2153,2169,2154
T077,L,T007,test,380,205,220,206,2155,2170,2156
T077,L,T007,test,381,220,221,206,2170,2171,2156
T077,L,T007,test,382,206,221,207,2156,2171,2157
T077,L,T007,test,383,221,222,207,2171,2172,2157
T077,L,T007,test,384,207,222,208,2157,2172,2158
T077,L,T007,test,385,222,223,208,2172,2173,2158
T077,L,T007,test,386,208,223,209,2158,2173,2159
T077,L,T007,test,387,223,224,209,2173,2174,2159
T077,L,T007,test,388,209,224,210,2159,2174,2160
T077,L,T007,test,389,224,225,210,2174,2175,2160
T077,L,T007,test,390,210,225,211,2160,2175,2161
T077,L,T007,test,391,225,226,211,2175,2176,2161
T077,L,T007,test,392,211,226,212,2161,2176,2162
T077,L,T007,test,393,226,227,212,2176,2177,2162
T077,L,T007,test,394,212,227,213,2162,2177,2163
T077,L,T007,test,395,227,228,213,2177,2178,2163
T077,L,T007,test,396,213,228,214,2163,2178,2164
T077,L,T007,test,397,228,229,214,2178,2179,2164
T077,L,T007,test,398,214,229,215,2164,2179,2165
T077,L,T007,test,399,229,230,215,2179,2180,2165
T077,L,T007,test,400,215,230,216,2165,2180,2166
T077,L,T007,test,401,230,231,216,2180,2181,2166
T077,L,T007,test,402,216,231,217,2166,2181,2167
T077,L,T007,test,403,231,232,217,2181,2182,2167
T077,L,T007,test,404,217,232,218,2167,2182,2168
T077,L,T007,test,405,232,233,218,2182,2183,2168
T077,L,T007,test,406,218,233,219,2168,2183,2169
T077,L,T007,test,407,220,234,221,2170,2184,2171
T077,L,T007,test,408,234,235,221,2184,2185,2171
T077,L,T007,test,409,221,235,222,2171,2185,2172
T077,L,T007,test,410,235,236,222,2185,2186,2172
T077,L,T007,test,411,222,236,223,2172,2186,2173
T077,L,T007,test,412,236,237,223,2186,2187,2173
T077,L,T007,test,413,223,237,224,2173,2187,2174
T077,L,T007,test,414,237,238,224,2187,2188,2174
T077,L,T007,test,415,224,238,225,2174,2188,2175
T077,L,T007,test,416,238,239,225,2188,2189,2175
T077,L,T007,test,417,225,239,226,2175,2189,2176
T077,L,T007,test,418,239,240,226,2189,2190,2176
T077,L,T007,test,419,226,240,227,2176,2190,2177
T077,L,T007,test,420,240,241,227,2190,2191,2177
T077,L,T007,test,421,227,241,228,2177,2191,2178
T077,L,T007,test,422,241,242,228,2191,2192,2178
T077,L,T007,test,423,228,242,229,2178,2192,2179
T077,L,T007,test,424,242,243,229,2192,2193,2179
T077,L,T007,test,425,229,243,230,2179,2193,2180
T077,L,T007,test,426,243,244,230,2193,2194,2180
T077,L,T007,test,427,230,244,231,2180,2194,2181
T077,L,T007,test,428,244,245,231,2194,2195,2181
T077,L,T007,test,429,231,245,232,2181,2195,2182
T077,L,T007,test,430,245,246,232,2195,2196,2182
T077,L,T007,test,431,232,246,233,2182,2196,2183
T077,L,T007,test,432,234,247,235,2184,2197,2185
T077,L,T007,test,433,247,248,235,2197,2198,2185
T077,L,T007,test,434,235,248,236,2185,2198,2186
T077,L,T007,test,435,248,249,236,2198,2199,2186
T077,L,T007,test,436,236,249,237,2186,2199,2187
T077,L,T007,test,437,249,250,237,2199,2200,2187
T077,L,T007,test,438,237,250,238,2187,2200,2188
T077,L,T007,test,439,250,251,238,2200,2201,2188
T077,L,T007,test,440,238,251,239,2188,2201,2189
T077,L,T007,test,441,251,252,239,2201,2202,2189
T077,L,T007,test,442,239,252,240,2189,2202,2190
T077,L,T007,test,443,252,253,240,2202,2203,2190
T077,L,T007,test,444,240,253,241,2190,2203,2191
T077,L,T007,test,445,253,254,241,2203,2204,2191
T077,L,T007,test,446,241,254,242,2191,2204,2192
T077,L,T007,test,447,254,255,242,2204,2205,2192
T077,L,T007,test,448,242,255,243,2192,2205,2193
T077,L,T007,test,449,255,256,243,2205,2206,2193
T077,L,T007,test,450,243,256,244,2193,2206,2194
T077,L,T007,test,451,256,257,244,2206,2207,2194
T077,L,T007,test,452,244,257,245,2194,2207,2195
T077,L,T007,test,453,257,258,245,2207,2208,2195
T077,L,T007,test,454,245,258,246,2195,2208,2196
T077,L,T007,test,455,247,259,248,2197,2209,2198
T077,L,T007,test,456,259,260,248,2209,2210,2198
T077,L,T007,test,457,248,260,249,2198,2210,2199
T077,L,T007,test,458,260,261,249,2210,2211,2199
T077,L,T007,test,459,249,261,250,2199,2211,2200
T077,L,T007,test,460,261,262,250,2211,2212,2200
T077,L,T007,test,461,250,262,251,2200,2212,2201
T077,L,T007,test,462,262,263,251,2212,2213,2201
T077,L,T007,test,463,251,263,252,2201,2213,2202
T077,L,T007,test,464,263,264,252,2213,2214,2202
T077,L,T007,test,465,252,264,253,2202,2214,2203
T077,L,T007,test,466,264,265,253,2214,2215,2203
T077,L,T007,test,467,253,265,254,2203,2215,2204
T077,L,T007,test,468,265,266,254,2215,2216,2204
T077,L,T007,test,469,254,266,255,2204,2216,2205
T077,L,T007,test,470,266,267,255,2216,2217,2205
T077,L,T007,test,471,255,267,256,2205,2217,2206
T077,L,T007,test,472,267,268,256,2217,2218,2206
T077,L,T007,test,473,256,268,257,2206,2218,2207
T077,L,T007,test,474,268,269,257,2218,2219,2207
T077,L,T007,test,475,257,269,258,2207,2219,2208
T077,L,T007,test,476,259,270,260,2209,2220,2210
T077,L,T007,test,477,270,271,260,2220,2221,2210
T077,L,T007,test,478,260,271,261,2210,2221,2211
T077,L,T007,test,479,271,272,261,2221,2222,2211
T077,L,T007,test,480,261,272,262,2211,2222,2212
T077,L,T007,test,481,272,273,262,2222,2223,2212
T077,L,T007,test,482,262,273,263,2212,2223,2213
T077,L,T007,test,483,273,274,263,2223,2224,2213
T077,L,T007,test,484,263,274,264,2213,2224,2214
T077,L,T007,test,485,274,275,264,2224,2225,2214
T077,L,T007,test,486,264,275,265,2214,2225,2215
T077,L,T007,test,487,275,276,265,2225,2226,2215
T077,L,T007,test,488,265,276,266,2215,2226,2216
T077,L,T007,test,489,276,277,266,2226,2227,2216
T077,L,T007,test,490,266,277,267,2216,2227,2217
T077,L,T007,test,491,277,278,267,2227,2228,2217
T077,L,T007,test,492,267,278,268,2217,2228,2218
T077,L,T007,test,493,278,279,268,2228,2229,2218
T077,L,T007,test,494,268,279,269,2218,2229,2219
T077,L,T007,test,495,270,280,271,2220,2230,2221
T077,L,T007,test,496,280,281,271,2230,2231,2221
T077,L,T007,test,497,271,281,272,2221,2231,2222
T077,L,T007,test,498,281,282,272,2231,2232,2222
T077,L,T007,test,499,272,282,273,2222,2232,2223
T077,L,T007,test,500,282,283,273,2232,2233,2223
T077,L,T007,test,501,273,283,274,2223,2233,2224
T077,L,T007,test,502,283,284,274,2233,2234,2224
T077,L,T007,test,503,274,284,275,2224,2234,2225
T077,L,T007,test,504,284,285,275,2234,2235,2225
T077,L,T007,test,505,275,285,276,2225,2235,2226
T077,L,T007,test,506,285,286,276,2235,2236,2226
T077,L,T007,test,507,276,286,277,2226,2236,2227
T077,L,T007,test,508,286,287,277,2236,2237,2227
T077,L,T007,test,509,277,287,278,2227,2237,2228
T077,L,T007,test,510,287,288,278,2237,2238,2228
T077,L,T007,test,511,278,288,279,2228,2238,2229
T077,L,T007,test,512,280,289,281,2230,2239,2231
T077,L,T007,test,513,289,290,281,2239,2240,2231
T077,L,T007,test,514,281,290,282,2231,2240,2232
T077,L,T007,test,515,290,291,282,2240,2241,2232
T077,L,T007,test,516,282,291,283,2232,2241,2233
T077,L,T007,test,517,291,292,283,2241,2242,2233
T077,L,T007,test,518,283,292,284,2233,2242,2234
T077,L,T007,test,519,292,293,284,2242,2243,2234
T077,L,T007,test,520,284,293,285,2234,2243,2235
T077,L,T007,test,521,293,294,285,2243,2244,2235
T077,L,T007,test,522,285,294,286,2235,2244,2236
T077,L,T007,test,523,294,295,286,2244,2245,2236
T077,L,T007,test,524,286,295,287,2236,2245,2237
T077,L,T007,test,525,295,296,287,2245,2246,2237
T077,L,T007,test,526,287,296,288,2237,2246,2238
T077,L,T007,test,527,289,297,290,2239,2247,2240
T077,L,T007,test,528,297,298,290,2247,2248,2240
T077,L,T007,test,529,290,298,291,2240,2248,2241
T077,L,T007,test,530,298,299,291,2248,2249,2241
T077,L,T007,test,531,291,299,292,2241,2249,2242
T077,L,T007,test,532,299,300,292,2249,2250,2242
T077,L,T007,test,533,292,300,293,2242,2250,2243
T077,L,T007,test,534,300,301,293,2250,2251,2243
T077,L,T007,test,535,293,301,294,2243,2251,2244
T077,L,T007,test,536,301,302,294,2251,2252,2244
T077,L,T007,test,537,294,302,295,2244,2252,2245
T077,L,T007,test,538,302,303,295,2252,2253,2245
T077,L,T007,test,539,295,303,296,2245,2253,2246
T077,L,T007,test,540,297,304,298,2247,2254,2248
T077,L,T007,test,541,304,305,298,2254,2255,2248
T077,L,T007,test,542,298,305,299,2248,2255,2249
T077,L,T007,test,543,305,306,299,2255,2256,2249
T077,L,T007,test,544,299,306,300,2249,2256,2250
T077,L,T007,test,545,306,307,300,2256,2257,2250
T077,L,T007,test,546,300,307,301,2250,2257,2251
T077,L,T007,test,547,307,308,301,2257,2258,2251
T077,L,T007,test,548,301,308,302,2251,2258,2252
T077,L,T007,test,549,308,309,302,2258,2259,2252
T077,L,T007,test,550,302,309,303,2252,2259,2253
T077,L,T007,test,551,304,310,305,2254,2260,2255
T077,L,T007,test,552,310,311,305,2260,2261,2255
T077,L,T007,test,553,305,311,306,2255,2261,2256
T077,L,T007,test,554,311,312,306,2261,2262,2256
T077,L,T007,test,555,306,312,307,2256,2262,2257
T077,L,T007,test,556,312,313,307,2262,2263,2257
T077,L,T007,test,557,307,313,308,2257,2263,2258
T077,L,T007,test,558,313,314,308,2263,2264,2258
T077,L,T007,test,559,308,314,309,2258,2264,2259
T077,L,T007,test,560,310,315,311,2260,2265,2261
T077,L,T007,test,561,315,316,311,2265,2266,2261
T077,L,T007,test,562,311,316,312,2261,2266,2262
T077,L,T007,test,563,316,317,312,2266,2267,2262
T077,L,T007,test,564,312,317,313,2262,2267,2263
T077,L,T007,test,565,317,318,313,2267,2268,2263
T077,L,T007,test,566,313,318,314,2263,2268,2264
T077,L,T007,test,567,315,319,316,2265,2269,2266
T077,L,T007,test,568,319,320,316,2269,2270,2266
T077,L,T007,test,569,316,320,317,2266,2270,2267
T077,L,T007,test,570,320,321,317,2270,2271,2267
T077,L,T007,test,571,317,321,318,2267,2271,2268
T077,L,T007,test,572,319,322,320,2269,2272,2270
T077,L,T007,test,573,322,323,320,2272,2273,2270
T077,L,T007,test,574,320,323,321,2270,2273,2271
T077,L,T007,test,575,322,324,323,2272,2274,2273
T077,L,T008,test,0,0,25,1,2275,2300,2276
T077,L,T008,test,1,25,26,1,2300,2301,2276
T077,L,T008,test,2,1,26,2,2276,2301,2277
T077,L,T008,test,3,26,27,2,2301,2302,2277
T077,L,T008,test,4,2,27,3,2277,2302,2278
T077,L,T008,test,5,27,28,3,2302,2303,2278
T077,L,T008,test,6,3,28,4,2278,2303,2279
T077,L,T008,test,7,28,29,4,2303,2304,2279
T077,L,T008,test,8,4,29,5,2279,2304,2280
T077,L,T008,test,9,29,30,5,2304,2305,2280
T077,L,T008,test,10,5,30,6,2280,2305,2281
T077,L,T008,test,11,30,31,6,2305,2306,2281
T077,L,T008,test,12,6,31,7,2281,2306,2282
T077,L,T008,test,13,31,32,7,2306,2307,2282
T077,L,T008,test,14,7,32,8,2282,2307,2283
T077,L,T008,test,15,32,33,8,2307,2308,2283
T077,L,T008,test,16,8,33,9,2283,2308,2284
T077,L,T008,test,17,33,34,9,2308,2309,2284
T077,L,T008,test,18,9,34,10,2284,2309,2285
T077,L,T008,test,19,34,35,10,2309,2310,2285
T077,L,T008,test,20,10,35,11,2285,2310,2286
T077,L,T008,test,21,35,36,11,2310,2311,2286
T077,L,T008,test,22,11,36,12,2286,2311,2287
T077,L,T008,test,23,36,37,12,2311,2312,2287
T077,L,T008,test,24,12,37,13,2287,2312,2288
T077,L,T008,test,25,37,38,13,2312,2313,2288
T077,L,T008,test,26,13,38,14,2288,2313,2289
T077,L,T008,test,27,38,39,14,2313,2314,2289
T077,L,T008,test,28,14,39,15,2289,2314,2290
T077,L,T008,test,29,39,40,15,2314,2315,2290
T077,L,T008,test,30,15,40,16,2290,2315,2291
T077,L,T008,test,31,40,41,16,2315,2316,2291
T077,L,T008,test,32,16,41,17,2291,2316,2292
T077,L,T008,test,33,41,42,17,2316,2317,2292
T077,L,T008,test,34,17,42,18,2292,2317,2293
T077,L,T008,test,35,42,43,18,2317,2318,2293
T077,L,T008,test,36,18,43,19,2293,2318,2294
T077,L,T008,test,37,43,44,19,2318,2319,2294
T077,L,T008,test,38,19,44,20,2294,2319,2295
T077,L,T008,test,39,44,45,20,2319,2320,2295
T077,L,T008,test,40,20,45,21,2295,2320,2296
T077,L,T008,test,41,45,46,21,2320,2321,2296
T077,L,T008,test,42,21,46,22,2296,2321,2297
T077,L,T008,test,43,46,47,22,2321,2322,2297
T077,L,T008,test,44,22,47,23,2297,2322,2298
T077,L,T008,test,45,47,48,23,2322,2323,2298
T077,L,T008,test,46,23,48,24,2298,2323,2299
T077,L,T008,test,47,25,49,26,2300,2324,2301
T077,L,T008,test,48,49,50,26,2324,2325,2301
T077,L,T008,test,49,26,50,27,2301,2325,2302
T077,L,T008,test,50,50,51,27,2325,2326,2302
T077,L,T008,test,51,27,51,28,2302,2326,2303
T077,L,T008,test,52,51,52,28,2326,2327,2303
T077,L,T008,test,53,28,52,29,2303,2327,2304
T077,L,T008,test,54,52,53,29,2327,2328,2304
T077,L,T008,test,55,29,53,30,2304,2328,2305
T077,L,T008,test,56,53,54,30,2328,2329,2305
T077,L,T008,test,57,30,54,31,2305,2329,2306
T077,L,T008,test,58,54,55,31,2329,2330,2306
T077,L,T008,test,59,31,55,32,2306,2330,2307
T077,L,T008,test,60,55,56,32,2330,2331,2307
T077,L,T008,test,61,32,56,33,2307,2331,2308
T077,L,T008,test,62,56,57,33,2331,2332,2308
T077,L,T008,test,63,33,57,34,2308,2332,2309
T077,L,T008,test,64,57,58,34,2332,2333,2309
T077,L,T008,test,65,34,58,35,2309,2333,2310
T077,L,T008,test,66,58,59,35,2333,2334,2310
T077,L,T008,test,67,35,59,36,2310,2334,2311
T077,L,T008,test,68,59,60,36,2334,2335,2311
T077,L,T008,test,69,36,60,37,2311,2335,2312
T077,L,T008,test,70,60,61,37,2335,2336,2312
T077,L,T008,test,71,37,61,38,2312,2336,2313
T077,L,T008,test,72,61,62,38,2336,2337,2313
T077,L,T008,test,73,38,62,39,2313,2337,2314
T077,L,T008,test,74,62,63,39,2337,2338,2314
T077,L,T008,test,75,39,63,40,2314,2338,2315
T077,L,T008,test,76,63,64,40,2338,2339,2315
T077,L,T008,test,77,40,64,41,2315,2339,2316
T077,L,T008,test,78,64,65,41,2339,2340,2316
T077,L,T008,test,79,41,65,42,2316,2340,2317
T077,L,T008,test,80,65,66,42,2340,2341,2317
T077,L,T008,test,81,42,66,43,2317,2341,2318
T077,L,T008,test,82,66,67,43,2341,2342,2318
T077,L,T008,test,83,43,67,44,2318,2342,2319
T077,L,T008,test,84,67,68,44,2342,2343,2319
T077,L,T008,test,85,44,68,45,2319,2343,2320
T077,L,T008,test,86,68,69,45,2343,2344,2320
T077,L,T008,test,87,45,69,46,2320,2344,2321
T077,L,T008,test,88,69,70,46,2344,2345,2321
T077,L,T008,test,89,46,70,47,2321,2345,2322
T077,L,T008,test,90,70,71,47,2345,2346,2322
T077,L,T008,test,91,47,71,48,2322,2346,2323
T077,L,T008,test,92,49,72,50,2324,2347,2325
T077,L,T008,test,93,72,73,50,2347,2348,2325
T077,L,T008,test,94,50,73,51,2325,2348,2326
T077,L,T008,test,95,73,74,51,2348,2349,2326
T077,L,T008,test,96,51,74,52,2326,2349,2327
T077,L,T008,test,97,74,75,52,2349,2350,2327
T077,L,T008,test,98,52,75,53,2327,2350,2328
T077,L,T008,test,99,75,76,53,2350,2351,2328
T077,L,T008,test,100,53,76,54,2328,2351,2329
T077,L,T008,test,101,76,77,54,2351,2352,2329
T077,L,T008,test,102,54,77,55,2329,2352,2330
T077,L,T008,test,103,77,78,55,2352,2353,2330
T077,L,T008,test,104,55,78,56,2330,2353,2331
T077,L,T008,test,105,78,79,56,2353,2354,2331
T077,L,T008,test,106,56,79,57,2331,2354,2332
T077,L,T008,test,107,79,80,57,2354,2355,2332
T077,L,T008,test,108,57,80,58,2332,2355,2333
T077,L,T008,test,109,80,81,58,2355,2356,2333
T077,L,T008,test,110,58,81,59,2333,2356,2334
T077,L,T008,test,111,81,82,59,2356,2357,2334
T077,L,T008,test,112,59,82,60,2334,2357,2335
T077,L,T008,test,113,82,83,60,2357,2358,2335
T077,L,T008,test,114,60,83,61,2335,2358,2336
T077,L,T008,test,115,83,84,61,2358,2359,2336
T077,L,T008,test,116,61,84,62,2336,2359,2337
T077,L,T008,test,117,84,85,62,2359,2360,2337
T077,L,T008,test,118,62,85,63,2337,2360,2338
T077,L,T008,test,119,85,86,63,2360,2361,2338
T077,L,T008,test,120,63,86,64,2338,2361,2339
T077,L,T008,test,121,86,87,64,2361,2362,2339
T077,L,T008,test,122,64,87,65,2339,2362,2340
T077,L,T008,test,123,87,88,65,2362,2363,2340
T077,L,T008,test,124,65,88,66,2340,2363,2341
T077,L,T008,test,125,88,89,66,2363,2364,2341
T077,L,T008,test,126,66,89,67,2341,2364,2342
T077,L,T008,test,127,89,90,67,2364,2365,2342
T077,L,T008,test,128,67,90,68,2342,2365,2343
T077,L,T008,test,129,90,91,68,2365,2366,2343
T077,L,T008,test,130,68,91,69,2343,2366,2344
T077,L,T008,test,131,91,92,69,2366,2367,2344
T077,L,T008,test,132,69,92,70,2344,2367,2345
T077,L,T008,test,133,92,93,70,2367,2368,2345
T077,L,T008,test,134,70,93,71,2345,2368,2346
T077,L,T008,test,135,72,94,73,2347,2369,2348
T077,L,T008,test,136,94,95,73,2369,2370,2348
T077,L,T008,test,137,73,95,74,2348,2370,2349
T077,L,T008,test,138,95,96,74,2370,2371,2349
T077,L,T008,test,139,74,96,75,2349,2371,2350
T077,L,T008,test,140,96,97,75,2371,2372,2350
T077,L,T008,test,141,75,97,76,2350,2372,2351
T077,L,T008,test,142,97,98,76,2372,2373,2351
T077,L,T008,test,143,76,98,77,2351,2373,2352
T077,L,T008,test,144,98,99,77,2373,2374,2352
T077,L,T008,test,145,77,99,78,2352,2374,2353
T077,L,T008,test,146,99,100,78,2374,2375,2353
T077,L,T008,test,147,78,100,79,2353,2375,2354
T077,L,T008,test,148,100,101,79,2375,2376,2354
T077,L,T008,test,149,79,101,80,2354,2376,2355
T077,L,T008,test,150,101,102,80,2376,2377,2355
T077,L,T008,test,151,80,102,81,2355,2377,2356
T077,L,T008,test,152,102,103,81,2377,2378,2356
T077,L,T008,test,153,81,103,82,2356,2378,2357
T077,L,T008,test,154,103,104,82,2378,2379,2357
T077,L,T008,test,155,82,104,83,2357,2379,2358
T077,L,T008,test,156,104,105,83,2379,2380,2358
T077,L,T008,test,157,83,105,84,2358,2380,2359
T077,L,T008,test,158,105,106,84,2380,2381,2359
T077,L,T008,test,159,84,106,85,2359,2381,2360
T077,L,T008,test,160,106,107,85,2381,2382,2360
T077,L,T008,test,161,85,107,86,2360,2382,2361
T077,L,T008,test,162,107,108,86,2382,2383,2361
T077,L,T008,test,163,86,108,87,2361,2383,2362
T077,L,T008,test,164,108,109,87,2383,2384,2362
T077,L,T008,test,165,87,109,88,2362,2384,2363
T077,L,T008,test,166,109,110,88,2384,2385,2363
T077,L,T008,test,167,88,110,89,2363,2385,2364
T077,L,T008,test,168,110,111,89,2385,2386,2364
T077,L,T008,test,169,89,111,90,2364,2386,2365
T077,L,T008,test,170,111,112,90,2386,2387,2365
T077,L,T008,test,171,90,112,91,2365,2387,2366
T077,L,T008,test,172,112,113,91,2387,2388,2366
T077,L,T008,test,173,91,113,92,2366,2388,2367
T077,L,T008,test,174,113,114,92,2388,2389,2367
T077,L,T008,test,175,92,114,93,2367,2389,2368
T077,L,T008,test,176,94,115,95,2369,2390,2370
T077,L,T008,test,177,115,116,95,2390,2391,2370
T077,L,T008,test,178,95,116,96,2370,2391,2371
T077,L,T008,test,179,116,117,96,2391,2392,2371
T077,L,T008,test,180,96,117,97,2371,2392,2372
T077,L,T008,test,181,117,118,97,2392,2393,2372
T077,L,T008,test,182,97,118,98,2372,2393,2373
T077,L,T008,test,183,118,119,98,2393,2394,2373
T077,L,T008,test,184,98,119,99,2373,2394,2374
T077,L,T008,test,185,119,120,99,2394,2395,2374
T077,L,T008,test,186,99,120,100,2374,2395,2375
T077,L,T008,test,187,120,121,100,2395,2396,2375
T077,L,T008,test,188,100,121,101,2375,2396,2376
T077,L,T008,test,189,121,122,101,2396,2397,2376
T077,L,T008,test,190,101,122,102,2376,2397,2377
T077,L,T008,test,191,122,123,102,2397,2398,2377
T077,L,T008,test,192,102,123,103,2377,2398,2378
T077,L,T008,test,193,123,124,103,2398,2399,2378
T077,L,T008,test,194,103,124,104,2378,2399,2379
T077,L,T008,test,195,124,125,104,2399,2400,2379
T077,L,T008,test,196,104,125,105,2379,2400,2380
T077,L,T008,test,197,125,126,105,2400,2401,2380
T077,L,T008,test,198,105,126,106,2380,2401,2381
T077,L,T008,test,199,126,127,106,2401,2402,2381
T077,L,T008,test,200,106,127,107,2381,2402,2382
T077,L,T008,test,201,127,128,107,2402,2403,2382
T077,L,T008,test,202,107,128,108,2382,2403,2383
T077,L,T008,test,203,128,129,108,2403,2404,2383
T077,L,T008,test,204,108,129,109,2383,2404,2384
T077,L,T008,test,205,129,130,109,2404,2405,2384
T077,L,T008,test,206,109,130,110,2384,2405,2385
T077,L,T008,test,207,130,131,110,2405,2406,2385
T077,L,T008,test,208,110,131,111,2385,2406,2386
T077,L,T008,test,209,131,132,111,2406,2407,2386
T077,L,T008,test,210,111,132,112,2386,2407,2387
T077,L,T008,test,211,132,133,112,2407,2408,2387
T077,L,T008,test,212,112,133,113,2387,2408,2388
T077,L,T008,test,213,133,134,113,2408,2409,2388
T077,L,T008,test,214,113,134,114,2388,2409,2389
T077,L,T008,test,215,115,135,116,2390,2410,2391
T077,L,T008,test,216,135,136,116,2410,2411,2391
T077,L,T008,test,217,116,136,117,2391,2411,2392
T077,L,T008,test,218,136,137,117,2411,2412,2392
T077,L,T008,test,219,117,137,118,2392,2412,2393
T077,L,T008,test,220,137,138,118,2412,2413,2393
T077,L,T008,test,221,118,138,119,2393,2413,2394
T077,L,T008,test,222,138,139,119,2413,2414,2394
T077,L,T008,test,223,119,139,120,2394,2414,2395
T077,L,T008,test,224,139,140,120,2414,2415,2395
T077,L,T008,test,225,120,140,121,2395,2415,2396
T077,L,T008,test,226,140,141,121,2415,2416,2396
T077,L,T008,test,227,121,141,122,2396,2416,2397
T077,L,T008,test,228,141,142,122,2416,2417,2397
T077,L,T008,test,229,122,142,123,2397,2417,2398
T077,L,T008,test,230,142,143,123,2417,2418,2398
T077,L,T008,test,231,123,143,124,2398,2418,2399
T077,L,T008,test,232,143,144,124,2418,2419,2399
T077,L,T008,test,233,124,144,125,2399,2419,2400
T077,L,T008,test,234,144,145,125,2419,2420,2400
T077,L,T008,test,235,125,145,126,2400,2420,2401
T077,L,T008,test,236,145,146,126,2420,2421,2401
T077,L,T008,test,237,126,146,127,2401,2421,2402
T077,L,T008,test,238,146,147,127,2421,2422,2402
T077,L,T008,test,239,127,147,128,2402,2422,2403
T077,L,T008,test,240,147,148,128,2422,2423,2403
T077,L,T008,test,241,128,148,129,2403,2423,2404
T077,L,T008,test,242,148,149,129,2423,2424,2404
T077,L,T008,test,243,129,149,130,2404,2424,2405
T077,L,T008,test,244,149,150,130,2424,2425,2405
T077,L,T008,test,245,130,150,131,2405,2425,2406
T077,L,T008,test,246,150,151,131,2425,2426,2406
T077,L,T008,test,247,131,151,132,2406,2426,2407
T077,L,T008,test,248,151,152,132,2426,2427,2407
T077,L,T008,test,249,132,152,133,2407,2427,2408
T077,L,T008,test,250,152,153,133,2427,2428,2408
T077,L,T008,test,251,133,153,134,2408,2428,2409
T077,L,T008,test,252,135,154,136,2410,2429,2411
T077,L,T008,test,253,154,155,136,2429,2430,2411
T077,L,T008,test,254,136,155,137,2411,2430,2412
T077,L,T008,test,255,155,156,137,2430,2431,2412
T077,L,T008,test,256,137,156,138,2412,2431,2413
T077,L,T008,test,257,156,157,138,2431,2432,2413
T077,L,T008,test,258,138,157,139,2413,2432,2414
T077,L,T008,test,259,157,158,139,2432,2433,2414
T077,L,T008,test,260,139,158,140,2414,2433,2415
T077,L,T008,test,261,158,159,140,2433,2434,2415
T077,L,T008,test,262,140,159,141,2415,2434,2416
T077,L,T008,test,263,159,160,141,2434,2435,2416
T077,L,T008,test,264,141,160,142,2416,2435,2417
T077,L,T008,test,265,160,161,142,2435,2436,2417
T077,L,T008,test,266,142,161,143,2417,2436,2418
T077,L,T008,test,267,161,162,143,2436,2437,2418
T077,L,T008,test,268,143,162,144,2418,2437,2419
T077,L,T008,test,269,162,163,144,2437,2438,2419
T077,L,T008,test,270,144,163,145,2419,2438,2420
T077,L,T008,test,271,163,164,145,2438,2439,2420
T077,L,T008,test,272,145,164,146,2420,2439,2421
T077,L,T008,test,273,164,165,146,2439,2440,2421
T077,L,T008,test,274,146,165,147,2421,2440,2422
T077,L,T008,test,275,165,166,147,2440,2441,2422
T077,L,T008,test,276,147,166,148,2422,2441,2423
T077,L,T008,test,277,166,167,148,2441,2442,2423
T077,L,T008,test,278,148,167,149,2423,2442,2424
T077,L,T008,test,279,167,168,149,2442,2443,2424
T077,L,T008,test,280,149,168,150,2424,2443,2425
T077,L,T008,test,281,168,169,150,2443,2444,2425
T077,L,T008,test,282,150,169,151,2425,2444,2426
T077,L,T008,test,283,169,170,151,2444,2445,2426
T077,L,T008,test,284,151,170,152,2426,2445,2427
T077,L,T008,test,285,170,171,152,2445,2446,2427
T077,L,T008,test,286,152,171,153,2427,2446,2428
T077,L,T008,test,287,154,172,155,2429,2447,2430
T077,L,T008,test,288,172,173,155,2447,2448,2430
T077,L,T008,test,289,155,173,156,2430,2448,2431
T077,L,T008,test,290,173,174,156,2448,2449,2431
T077,L,T008,test,291,156,174,157,2431,2449,2432
T077,L,T008,test,292,174,175,157,2449,2450,2432
T077,L,T008,test,293,157,175,158,2432,2450,2433
T077,L,T008,test,294,175,176,158,2450,2451,2433
T077,L,T008,test,295,158,176,159,2433,2451,2434
T077,L,T008,test,296,176,177,159,2451,2452,2434
T077,L,T008,test,297,159,177,160,2434,2452,2435
T077,L,T008,test,298,177,178,160,2452,2453,2435
T077,L,T008,test,299,160,178,161,2435,2453,2436
T077,L,T008,test,300,178,179,161,2453,2454,2436
T077,L,T008,test,301,161,179,162,2436,2454,2437
T077,L,T008,test,302,179,180,162,2454,2455,2437
T077,L,T008,test,303,162,180,163,2437,2455,2438
T077,L,T008,test,304,180,181,163,2455,2456,2438
T077,L,T008,test,305,163,181,164,2438,2456,2439
T077,L,T008,test,306,181,182,164,2456,2457,2439
T077,L,T008,test,307,164,182,165,2439,2457,2440
T077,L,T008,test,308,182,183,165,2457,2458,2440
T077,L,T008,test,309,165,183,166,2440,2458,2441
T077,L,T008,test,310,183,184,166,2458,2459,2441
T077,L,T008,test,311,166,184,167,2441,2459,2442
T077,L,T008,test,312,184,185,167,2459,2460,2442
T077,L,T008,test,313,167,185,168,2442,2460,2443
T077,L,T008,test,314,185,186,168,2460,2461,2443
T077,L,T008,test,315,168,186,169,2443,2461,2444
T077,L,T008,test,316,186,187,169,2461,2462,2444
T077,L,T008,test,317,169,187,170,2444,2462,2445
T077,L,T008,test,318,187,188,170,2462,2463,2445
T077,L,T008,test,319,170,188,171,2445,2463,2446
T077,L,T008,test,320,172,189,173,2447,2464,2448
T077,L,T008,test,321,189,190,173,2464,2465,2448
T077,L,T008,test,322,173,190,174,2448,2465,2449
T077,L,T008,test,323,190,191,174,2465,2466,2449
T077,L,T008,test,324,174,191,175,2449,2466,2450
T077,L,T008,test,325,191,192,175,2466,2467,2450
T077,L,T008,test,326,175,192,176,2450,2467,2451
T077,L,T008,test,327,192,193,176,2467,2468,2451
T077,L,T008,test,328,176,193,177,2451,2468,2452
T077,L,T008,test,329,193,194,177,2468,2469,2452
T077,L,T008,test,330,177,194,178,2452,2469,2453
T077,L,T008,test,331,194,195,178,2469,2470,2453
T077,L,T008,test,332,178,195,179,2453,2470,2454
T077,L,T008,test,333,195,196,179,2470,2471,2454
T077,L,T008,test,334,179,196,180,2454,2471,2455
T077,L,T008,test,335,196,197,180,2471,2472,2455
T077,L,T008,test,336,180,197,181,2455,2472,2456
T077,L,T008,test,337,197,198,181,2472,2473,2456
T077,L,T008,test,338,181,198,182,2456,2473,2457
T077,L,T008,test,339,198,199,182,2473,2474,2457
T077,L,T008,test,340,182,199,183,2457,2474,2458
T077,L,T008,test,341,199,200,183,2474,2475,2458
T077,L,T008,test,342,183,200,184,2458,2475,2459
T077,L,T008,test,343,200,201,184,2475,2476,2459
T077,L,T008,test,344,184,201,185,2459,2476,2460
T077,L,T008,test,345,201,202,185,2476,2477,2460
T077,L,T008,test,346,185,202,186,2460,2477,2461
T077,L,T008,test,347,202,203,186,2477,2478,2461
T077,L,T008,test,348,186,203,187,2461,2478,2462
T077,L,T008,test,349,203,204,187,2478,2479,2462
T077,L,T008,test,350,187,204,188,2462,2479,2463
T077,L,T008,test,351,189,205,190,2464,2480,2465
T077,L,T008,test,352,205,206,190,2480,2481,2465
T077,L,T008,test,353,190,206,191,2465,2481,2466
T077,L,T008,test,354,206,207,191,2481,2482,2466
T077,L,T008,test,355,191,207,192,2466,2482,2467
T077,L,T008,test,356,207,208,192,2482,2483,2467
T077,L,T008,test,357,192,208,193,2467,2483,2468
T077,L,T008,test,358,208,209,193,2483,2484,2468
T077,L,T008,test,359,193,209,194,2468,2484,2469
T077,L,T008,test,360,209,210,194,2484,2485,2469
T077,L,T008,test,361,194,210,195,2469,2485,2470
T077,L,T008,test,362,210,211,195,2485,2486,2470
T077,L,T008,test,363,195,211,196,2470,2486,2471
T077,L,T008,test,364,211,212,196,2486,2487,2471
T077,L,T008,test,365,196,212,197,2471,2487,2472
T077,L,T008,test,366,212,213,197,2487,2488,2472
T077,L,T008,test,367,197,213,198,2472,2488,2473
T077,L,T008,test,368,213,214,198,2488,2489,2473
T077,L,T008,test,369,198,214,199,2473,2489,2474
T077,L,T008,test,370,214,215,199,2489,2490,2474
T077,L,T008,test,371,199,215,200,2474,2490,2475
T077,L,T008,test,372,215,216,200,2490,2491,2475
T077,L,T008,test,373,200,216,201,2475,2491,2476
T077,L,T008,test,374,216,217,201,2491,2492,2476
T077,L,T008,test,375,201,217,202,2476,2492,2477
T077,L,T008,test,376,217,218,202,2492,2493,2477
T077,L,T008,test,377,202,218,203,2477,2493,2478
T077,L,T008,test,378,218,219,203,2493,2494,2478
T077,L,T008,test,379,203,219,204,2478,2494,2479
T077,L,T008,test,380,205,220,206,2480,2495,2481
T077,L,T008,test,381,220,221,206,2495,2496,2481
T077,L,T008,test,382,206,221,207,2481,2496,2482
T077,L,T008,test,383,221,222,207,2496,2497,2482
T077,L,T008,test,384,207,222,208,2482,2497,2483
T077,L,T008,test,385,222,223,208,2497,2498,2483
T077,L,T008,test,386,208,223,209,2483,2498,2484
T077,L,T008,test,387,223,224,209,2498,2499,2484
T077,L,T008,test,388,209,224,210,2484,2499,2485
T077,L,T008,test,389,224,225,210,2499,2500,2485
T077,L,T008,test,390,210,225,211,2485,2500,2486
T077,L,T008,test,391,225,226,211,2500,2501,2486
T077,L,T008,test,392,211,226,212,2486,2501,2487
T077,L,T008,test,393,226,227,212,2501,2502,2487
T077,L,T008,test,394,212,227,213,2487,2502,2488
T077,L,T008,test,395,227,228,213,2502,2503,2488
T077,L,T008,test,396,213,228,214,2488,2503,2489
T077,L,T008,test,397,228,229,214,2503,2504,2489
T077,L,T008,test,398,214,229,215,2489,2504,2490
T077,L,T008,test,399,229,230,215,2504,2505,2490
T077,L,T008,test,400,215,230,216,2490,2505,2491
T077,L,T008,test,401,230,231,216,2505,2506,2491
T077,L,T008,test,402,216,231,217,2491,2506,2492
T077,L,T008,test,403,231,232,217,2506,2507,2492
T077,L,T008,test,404,217,232,218,2492,2507,2493
T077,L,T008,test,405,232,233,218,2507,2508,2493
T077,L,T008,test,406,218,233,219,2493,2508,2494
T077,L,T008,test,407,220,234,221,2495,2509,2496
T077,L,T008,test,408,234,235,221,2509,2510,2496
T077,L,T008,test,409,221,235,222,2496,2510,2497
T077,L,T008,test,410,235,236,222,2510,2511,2497
T077,L,T008,test,411,222,236,223,2497,2511,2498
T077,L,T008,test,412,236,237,223,2511,2512,2498
T077,L,T008,test,413,223,237,224,2498,2512,2499
T077,L,T008,test,414,237,238,224,2512,2513,2499
T077,L,T008,test,415,224,238,225,2499,2513,2500
T077,L,T008,test,416,238,239,225,2513,2514,2500
T077,L,T008,test,417,225,239,226,2500,2514,2501
T077,L,T008,test,418,239,240,226,2514,2515,2501
T077,L,T008,test,419,226,240,227,2501,2515,2502
T077,L,T008,test,420,240,241,227,2515,2516,2502
T077,L,T008,test,421,227,241,228,2502,2516,2503
T077,L,T008,test,422,241,242,228,2516,2517,2503
T077,L,T008,test,423,228,242,229,2503,2517,2504
T077,L,T008,test,424,242,243,229,2517,2518,2504
T077,L,T008,test,425,229,243,230,2504,2518,2505
T077,L,T008,test,426,243,244,230,2518,2519,2505
T077,L,T008,test,427,230,244,231,2505,2519,2506
T077,L,T008,test,428,244,245,231,2519,2520,2506
T077,L,T008,test,429,231,245,232,2506,2520,2507
T077,L,T008,test,430,245,246,232,2520,2521,2507
T077,L,T008,test,431,232,246,233,2507,2521,2508
T077,L,T008,test,432,234,247,235,2509,2522,2510
T077,L,T008,test,433,247,248,235,2522,2523,2510
T077,L,T008,test,434,235,248,236,2510,2523,2511
T077,L,T008,test,435,248,249,236,2523,2524,2511
T077,L,T008,test,436,236,249,237,2511,2524,2512
T077,L,T008,test,437,249,250,237,2524,2525,2512
T077,L,T008,test,438,237,250,238,2512,2525,2513
T077,L,T008,test,439,250,251,238,2525,2526,2513
T077,L,T008,test,440,238,251,239,2513,2526,2514
T077,L,T008,test,441,251,252,239,2526,2527,2514
T077,L,T008,test,442,239,252,240,2514,2527,2515
T077,L,T008,test,443,252,253,240,2527,2528,2515
T077,L,T008,test,444,240,253,241,2515,2528,2516
T077,L,T008,test,445,253,254,241,2528,2529,2516
T077,L,T008,test,446,241,254,242,2516,2529,2517
T077,L,T008,test,447,254,255,242,2529,2530,2517
T077,L,T008,test,448,242,255,243,2517,2530,2518
T077,L,T008,test,449,255,256,243,2530,2531,2518
T077,L,T008,test,450,243,256,244,2518,2531,2519
T077,L,T008,test,451,256,257,244,2531,2532,2519
T077,L,T008,test,452,244,257,245,2519,2532,2520
T077,L,T008,test,453,257,258,245,2532,2533,2520
T077,L,T008,test,454,245,258,246,2520,2533,2521
T077,L,T008,test,455,247,259,248,2522,2534,2523
T077,L,T008,test,456,259,260,248,2534,2535,2523
T077,L,T008,test,457,248,260,249,2523,2535,2524
T077,L,T008,test,458,260,261,249,2535,2536,2524
T077,L,T008,test,459,249,261,250,2524,2536,2525
T077,L,T008,test,460,261,262,250,2536,2537,2525
T077,L,T008,test,461,250,262,251,2525,2537,2526
T077,L,T008,test,462,262,263,251,2537,2538,2526
T077,L,T008,test,463,251,263,252,2526,2538,2527
T077,L,T008,test,464,263,264,252,2538,2539,2527
T077,L,T008,test,465,252,264,253,2527,2539,2528
T077,L,T008,test,466,264,265,253,2539,2540,2528
T077,L,T008,test,467,253,265,254,2528,2540,2529
T077,L,T008,test,468,265,266,254,2540,2541,2529
T077,L,T008,test,469,254,266,255,2529,2541,2530
T077,L,T008,test,470,266,267,255,2541,2542,2530
T077,L,T008,test,471,255,267,256,2530,2542,2531
T077,L,T008,test,472,267,268,256,2542,2543,2531
T077,L,T008,test,473,256,268,257,2531,2543,2532
T077,L,T008,test,474,268,269,257,2543,2544,2532
T077,L,T008,test,475,257,269,258,2532,2544,2533
T077,L,T008,test,476,259,270,260,2534,2545,2535
T077,L,T008,test,477,270,271,260,2545,2546,2535
T077,L,T008,test,478,260,271,261,2535,2546,2536
T077,L,T008,test,479,271,272,261,2546,2547,2536
T077,L,T008,test,480,261,272,262,2536,2547,2537
T077,L,T008,test,481,272,273,262,2547,2548,2537
T077,L,T008,test,482,262,273,263,2537,2548,2538
T077,L,T008,test,483,273,274,263,2548,2549,2538
T077,L,T008,test,484,263,274,264,2538,2549,2539
T077,L,T008,test,485,274,275,264,2549,2550,2539
T077,L,T008,test,486,264,275,265,2539,2550,2540
T077,L,T008,test,487,275,276,265,2550,2551,2540
T077,L,T008,test,488,265,276,266,2540,2551,2541
T077,L,T008,test,489,276,277,266,2551,2552,2541
T077,L,T008,test,490,266,277,267,2541,2552,2542
T077,L,T008,test,491,277,278,267,2552,2553,2542
T077,L,T008,test,492,267,278,268,2542,2553,2543
T077,L,T008,test,493,278,279,268,2553,2554,2543
T077,L,T008,test,494,268,279,269,2543,2554,2544
T077,L,T008,test,495,270,280,271,2545,2555,2546
T077,L,T008,test,496,280,281,271,2555,2556,2546
T077,L,T008,test,497,271,281,272,2546,2556,2547
T077,L,T008,test,498,281,282,272,2556,2557,2547
T077,L,T008,test,499,272,282,273,2547,2557,2548
T077,L,T008,test,500,282,283,273,2557,2558,2548
T077,L,T008,test,501,273,283,274,2548,2558,2549
T077,L,T008,test,502,283,284,274,2558,2559,2549
T077,L,T008,test,503,274,284,275,2549,2559,2550
T077,L,T008,test,504,284,285,275,2559,2560,2550
T077,L,T008,test,505,275,285,276,2550,2560,2551
T077,L,T008,test,506,285,286,276,2560,2561,2551
T077,L,T008,test,507,276,286,277,2551,2561,2552
T077,L,T008,test,508,286,287,277,2561,2562,2552
T077,L,T008,test,509,277,287,278,2552,2562,2553
T077,L,T008,test,510,287,288,278,2562,2563,2553
T077,L,T008,test,511,278,288,279,2553,2563,2554
T077,L,T008,test,512,280,289,281,2555,2564,2556
T077,L,T008,test,513,289,290,281,2564,2565,2556
T077,L,T008,test,514,281,290,282,2556,2565,2557
T077,L,T008,test,515,290,291,282,2565,2566,2557
T077,L,T008,test,516,282,291,283,2557,2566,2558
T077,L,T008,test,517,291,292,283,2566,2567,2558
T077,L,T008,test,518,283,292,284,2558,2567,2559
T077,L,T008,test,519,292,293,284,2567,2568,2559
T077,L,T008,test,520,284,293,285,2559,2568,2560
T077,L,T008,test,521,293,294,285,2568,2569,2560
T077,L,T008,test,522,285,294,286,2560,2569,2561
T077,L,T008,test,523,294,295,286,2569,2570,2561
T077,L,T008,test,524,286,295,287,2561,2570,2562
T077,L,T008,test,525,295,296,287,2570,2571,2562
T077,L,T008,test,526,287,296,288,2562,2571,2563
T077,L,T008,test,527,289,297,290,2564,2572,2565
T077,L,T008,test,528,297,298,290,2572,2573,2565
T077,L,T008,test,529,290,298,291,2565,2573,2566
T077,L,T008,test,530,298,299,291,2573,2574,2566
T077,L,T008,test,531,291,299,292,2566,2574,2567
T077,L,T008,test,532,299,300,292,2574,2575,2567
T077,L,T008,test,533,292,300,293,2567,2575,2568
T077,L,T008,test,534,300,301,293,2575,2576,2568
T077,L,T008,test,535,293,301,294,2568,2576,2569
T077,L,T008,test,536,301,302,294,2576,2577,2569
T077,L,T008,test,537,294,302,295,2569,2577,2570
T077,L,T008,test,538,302,303,295,2577,2578,2570
T077,L,T008,test,539,295,303,296,2570,2578,2571
T077,L,T008,test,540,297,304,298,2572,2579,2573
T077,L,T008,test,541,304,305,298,2579,2580,2573
T077,L,T008,test,542,298,305,299,2573,2580,2574
T077,L,T008,test,543,305,306,299,2580,2581,2574
T077,L,T008,test,544,299,306,300,2574,2581,2575
T077,L,T008,test,545,306,307,300,2581,2582,2575
T077,L,T008,test,546,300,307,301,2575,2582,2576
T077,L,T008,test,547,307,308,301,2582,2583,2576
T077,L,T008,test,548,301,308,302,2576,2583,2577
T077,L,T008,test,549,308,309,302,2583,2584,2577
T077,L,T008,test,550,302,309,303,2577,2584,2578
T077,L,T008,test,551,304,310,305,2579,2585,2580
T077,L,T008,test,552,310,311,305,2585,2586,2580
T077,L,T008,test,553,305,311,306,2580,2586,2581
T077,L,T008,test,554,311,312,306,2586,2587,2581
T077,L,T008,test,555,306,312,307,2581,2587,2582
T077,L,T008,test,556,312,313,307,2587,2588,2582
T077,L,T008,test,557,307,313,308,2582,2588,2583
T077,L,T008,test,558,313,314,308,2588,2589,2583
T077,L,T008,test,559,308,314,309,2583,2589,2584
T077,L,T008,test,560,310,315,311,2585,2590,2586
T077,L,T008,test,561,315,316,311,2590,2591,2586
T077,L,T008,test,562,311,316,312,2586,2591,2587
T077,L,T008,test,563,316,317,312,2591,2592,2587
T077,L,T008,test,564,312,317,313,2587,2592,2588
T077,L,T008,test,565,317,318,313,2592,2593,2588
T077,L,T008,test,566,313,318,314,2588,2593,2589
T077,L,T008,test,567,315,319,316,2590,2594,2591
T077,L,T008,test,568,319,320,316,2594,2595,2591
T077,L,T008,test,569,316,320,317,2591,2595,2592
T077,L,T008,test,570,320,321,317,2595,2596,2592
T077,L,T008,test,571,317,321,318,2592,2596,2593
T077,L,T008,test,572,319,322,320,2594,2597,2595
T077,L,T008,test,573,322,323,320,2597,2598,2595
T077,L,T008,test,574,320,323,321,2595,2598,2596
T077,L,T008,test,575,322,324,323,2597,2599,2598
T077,L,T009,test,0,0,25,1,2600,2625,2601
T077,L,T009,test,1,25,26,1,2625,2626,2601
T077,L,T009,test,2,1,26,2,2601,2626,2602
T077,L,T009,test,3,26,27,2,2626,2627,2602
T077,L,T009,test,4,2,27,3,2602,2627,2603
T077,L,T009,test,5,27,28,3,2627,2628,2603
T077,L,T009,test,6,3,28,4,2603,2628,2604
T077,L,T009,test,7,28,29,4,2628,2629,2604
T077,L,T009,test,8,4,29,5,2604,2629,2605
T077,L,T009,test,9,29,30,5,2629,2630,2605
T077,L,T009,test,10,5,30,6,2605,2630,2606
T077,L,T009,test,11,30,31,6,2630,2631,2606
T077,L,T009,test,12,6,31,7,2606,2631,2607
T077,L,T009,test,13,31,32,7,2631,2632,2607
T077,L,T009,test,14,7,32,8,2607,2632,2608
T077,L,T009,test,15,32,33,8,2632,2633,2608
T077,L,T009,test,16,8,33,9,2608,2633,2609
T077,L,T009,test,17,33,34,9,2633,2634,2609
T077,L,T009,test,18,9,34,10,2609,2634,2610
T077,L,T009,test,19,34,35,10,2634,2635,2610
T077,L,T009,test,20,10,35,11,2610,2635,2611
T077,L,T009,test,21,35,36,11,2635,2636,2611
T077,L,T009,test,22,11,36,12,2611,2636,2612
T077,L,T009,test,23,36,37,12,2636,2637,2612
T077,L,T009,test,24,12,37,13,2612,2637,2613
T077,L,T009,test,25,37,38,13,2637,2638,2613
T077,L,T009,test,26,13,38,14,2613,2638,2614
T077,L,T009,test,27,38,39,14,2638,2639,2614
T077,L,T009,test,28,14,39,15,2614,2639,2615
T077,L,T009,test,29,39,40,15,2639,2640,2615
T077,L,T009,test,30,15,40,16,2615,2640,2616
T077,L,T009,test,31,40,41,16,2640,2641,2616
T077,L,T009,test,32,16,41,17,2616,2641,2617
T077,L,T009,test,33,41,42,17,2641,2642,2617
T077,L,T009,test,34,17,42,18,2617,2642,2618
T077,L,T009,test,35,42,43,18,2642,2643,2618
T077,L,T009,test,36,18,43,19,2618,2643,2619
T077,L,T009,test,37,43,44,19,2643,2644,2619
T077,L,T009,test,38,19,44,20,2619,2644,2620
T077,L,T009,test,39,44,45,20,2644,2645,2620
T077,L,T009,test,40,20,45,21,2620,2645,2621
T077,L,T009,test,41,45,46,21,2645,2646,2621
T077,L,T009,test,42,21,46,22,2621,2646,2622
T077,L,T009,test,43,46,47,22,2646,2647,2622
T077,L,T009,test,44,22,47,23,2622,2647,2623
T077,L,T009,test,45,47,48,23,2647,2648,2623
T077,L,T009,test,46,23,48,24,2623,2648,2624
T077,L,T009,test,47,25,49,26,2625,2649,2626
T077,L,T009,test,48,49,50,26,2649,2650,2626
T077,L,T009,test,49,26,50,27,2626,2650,2627
T077,L,T009,test,50,50,51,27,2650,2651,2627
T077,L,T009,test,51,27,51,28,2627,2651,2628
T077,L,T009,test,52,51,52,28,2651,2652,2628
T077,L,T009,test,53,28,52,29,2628,2652,2629
T077,L,T009,test,54,52,53,29,2652,2653,2629
T077,L,T009,test,55,29,53,30,2629,2653,2630
T077,L,T009,test,56,53,54,30,2653,2654,2630
T077,L,T009,test,57,30,54,31,2630,2654,2631
T077,L,T009,test,58,54,55,31,2654,2655,2631
T077,L,T009,test,59,31,55,32,2631,2655,2632
T077,L,T009,test,60,55,56,32,2655,2656,2632
T077,L,T009,test,61,32,56,33,2632,2656,2633
T077,L,T009,test,62,56,57,33,2656,2657,2633
T077,L,T009,test,63,33,57,34,2633,2657,2634
T077,L,T009,test,64,57,58,34,2657,2658,2634
T077,L,T009,test,65,34,58,35,2634,2658,2635
T077,L,T009,test,66,58,59,35,2658,2659,2635
T077,L,T009,test,67,35,59,36,2635,2659,2636
T077,L,T009,test,68,59,60,36,2659,2660,2636
T077,L,T009,test,69,36,60,37,2636,2660,2637
T077,L,T009,test,70,60,61,37,2660,2661,2637
T077,L,T009,test,71,37,61,38,2637,2661,2638
T077,L,T009,test,72,61,62,38,2661,2662,2638
T077,L,T009,test,73,38,62,39,2638,2662,2639
T077,L,T009,test,74,62,63,39,2662,2663,2639
T077,L,T009,test,75,39,63,40,2639,2663,2640
T077,L,T009,test,76,63,64,40,2663,2664,2640
T077,L,T009,test,77,40,64,41,2640,2664,2641
T077,L,T009,test,78,64,65,41,2664,2665,2641
T077,L,T009,test,79,41,65,42,2641,2665,2642
T077,L,T009,test,80,65,66,42,2665,2666,2642
T077,L,T009,test,81,42,66,43,2642,2666,2643
T077,L,T009,test,82,66,67,43,2666,2667,2643
T077,L,T009,test,83,43,67,44,2643,2667,2644
T077,L,T009,test,84,67,68,44,2667,2668,2644
T077,L,T009,test,85,44,68,45,2644,2668,2645
T077,L,T009,test,86,68,69,45,2668,2669,2645
T077,L,T009,test,87,45,69,46,2645,2669,2646
T077,L,T009,test,88,69,70,46,2669,2670,2646
T077,L,T009,test,89,46,70,47,2646,2670,2647
T077,L,T009,test,90,70,71,47,2670,2671,2647
T077,L,T009,test,91,47,71,48,2647,2671,2648
T077,L,T009,test,92,49,72,50,2649,2672,2650
T077,L,T009,test,93,72,73,50,2672,2673,2650
T077,L,T009,test,94,50,73,51,2650,2673,2651
T077,L,T009,test,95,73,74,51,2673,2674,2651
T077,L,T009,test,96,51,74,52,2651,2674,2652
T077,L,T009,test,97,74,75,52,2674,2675,2652
T077,L,T009,test,98,52,75,53,2652,2675,2653
T077,L,T009,test,99,75,76,53,2675,2676,2653
T077,L,T009,test,100,53,76,54,2653,2676,2654
T077,L,T009,test,101,76,77,54,2676,2677,2654
T077,L,T009,test,102,54,77,55,2654,2677,2655
T077,L,T009,test,103,77,78,55,2677,2678,2655
T077,L,T009,test,104,55,78,56,2655,2678,2656
T077,L,T009,test,105,78,79,56,2678,2679,2656
T077,L,T009,test,106,56,79,57,2656,2679,2657
T077,L,T009,test,107,79,80,57,2679,2680,2657
T077,L,T009,test,108,57,80,58,2657,2680,2658
T077,L,T009,test,109,80,81,58,2680,2681,2658
T077,L,T009,test,110,58,81,59,2658,2681,2659
T077,L,T009,test,111,81,82,59,2681,2682,2659
T077,L,T009,test,112,59,82,60,2659,2682,2660
T077,L,T009,test,113,82,83,60,2682,2683,2660
T077,L,T009,test,114,60,83,61,2660,2683,2661
T077,L,T009,test,115,83,84,61,2683,2684,2661
T077,L,T009,test,116,61,84,62,2661,2684,2662
T077,L,T009,test,117,84,85,62,2684,2685,2662
T077,L,T009,test,118,62,85,63,2662,2685,2663
T077,L,T009,test,119,85,86,63,2685,2686,2663
T077,L,T009,test,120,63,86,64,2663,2686,2664
T077,L,T009,test,121,86,87,64,2686,2687,2664
T077,L,T009,test,122,64,87,65,2664,2687,2665
T077,L,T009,test,123,87,88,65,2687,2688,2665
T077,L,T009,test,124,65,88,66,2665,2688,2666
T077,L,T009,test,125,88,89,66,2688,2689,2666
T077,L,T009,test,126,66,89,67,2666,2689,2667
T077,L,T009,test,127,89,90,67,2689,2690,2667
T077,L,T009,test,128,67,90,68,2667,2690,2668
T077,L,T009,test,129,90,91,68,2690,2691,2668
T077,L,T009,test,130,68,91,69,2668,2691,2669
T077,L,T009,test,131,91,92,69,2691,2692,2669
T077,L,T009,test,132,69,92,70,2669,2692,2670
T077,L,T009,test,133,92,93,70,2692,2693,2670
T077,L,T009,test,134,70,93,71,2670,2693,2671
T077,L,T009,test,135,72,94,73,2672,2694,2673
T077,L,T009,test,136,94,95,73,2694,2695,2673
T077,L,T009,test,137,73,95,74,2673,2695,2674
T077,L,T009,test,138,95,96,74,2695,2696,2674
T077,L,T009,test,139,74,96,75,2674,2696,2675
T077,L,T009,test,140,96,97,75,2696,2697,2675
T077,L,T009,test,141,75,97,76,2675,2697,2676
T077,L,T009,test,142,97,98,76,2697,2698,2676
T077,L,T009,test,143,76,98,77,2676,2698,2677
T077,L,T009,test,144,98,99,77,2698,2699,2677
T077,L,T009,test,145,77,99,78,2677,2699,2678
T077,L,T009,test,146,99,100,78,2699,2700,2678
T077,L,T009,test,147,78,100,79,2678,2700,2679
T077,L,T009,test,148,100,101,79,2700,2701,2679
T077,L,T009,test,149,79,101,80,2679,2701,2680
T077,L,T009,test,150,101,102,80,2701,2702,2680
T077,L,T009,test,151,80,102,81,2680,2702,2681
T077,L,T009,test,152,102,103,81,2702,2703,2681
T077,L,T009,test,153,81,103,82,2681,2703,2682
T077,L,T009,test,154,103,104,82,2703,2704,2682
T077,L,T009,test,155,82,104,83,2682,2704,2683
T077,L,T009,test,156,104,105,83,2704,2705,2683
T077,L,T009,test,157,83,105,84,2683,2705,2684
T077,L,T009,test,158,105,106,84,2705,2706,2684
T077,L,T009,test,159,84,106,85,2684,2706,2685
T077,L,T009,test,160,106,107,85,2706,2707,2685
T077,L,T009,test,161,85,107,86,2685,2707,2686
T077,L,T009,test,162,107,108,86,2707,2708,2686
T077,L,T009,test,163,86,108,87,2686,2708,2687
T077,L,T009,test,164,108,109,87,2708,2709,2687
T077,L,T009,test,165,87,109,88,2687,2709,2688
T077,L,T009,test,166,109,110,88,2709,2710,2688
T077,L,T009,test,167,88,110,89,2688,2710,2689
T077,L,T009,test,168,110,111,89,2710,2711,2689
T077,L,T009,test,169,89,111,90,2689,2711,2690
T077,L,T009,test,170,111,112,90,2711,2712,2690
T077,L,T009,test,171,90,112,91,2690,2712,2691
T077,L,T009,test,172,112,113,91,2712,2713,2691
T077,L,T009,test,173,91,113,92,2691,2713,2692
T077,L,T009,test,174,113,114,92,2713,2714,2692
T077,L,T009,test,175,92,114,93,2692,2714,2693
T077,L,T009,test,176,94,115,95,2694,2715,2695
T077,L,T009,test,177,115,116,95,2715,2716,2695
T077,L,T009,test,178,95,116,96,2695,2716,2696
T077,L,T009,test,179,116,117,96,2716,2717,2696
T077,L,T009,test,180,96,117,97,2696,2717,2697
T077,L,T009,test,181,117,118,97,2717,2718,2697
T077,L,T009,test,182,97,118,98,2697,2718,2698
T077,L,T009,test,183,118,119,98,2718,2719,2698
T077,L,T009,test,184,98,119,99,2698,2719,2699
T077,L,T009,test,185,119,120,99,2719,2720,2699
T077,L,T009,test,186,99,120,100,2699,2720,2700
T077,L,T009,test,187,120,121,100,2720,2721,2700
T077,L,T009,test,188,100,121,101,2700,2721,2701
T077,L,T009,test,189,121,122,101,2721,2722,2701
T077,L,T009,test,190,101,122,102,2701,2722,2702
T077,L,T009,test,191,122,123,102,2722,2723,2702
T077,L,T009,test,192,102,123,103,2702,2723,2703
T077,L,T009,test,193,123,124,103,2723,2724,2703
T077,L,T009,test,194,103,124,104,2703,2724,2704
T077,L,T009,test,195,124,125,104,2724,2725,2704
T077,L,T009,test,196,104,125,105,2704,2725,2705
T077,L,T009,test,197,125,126,105,2725,2726,2705
T077,L,T009,test,198,105,126,106,2705,2726,2706
T077,L,T009,test,199,126,127,106,2726,2727,2706
T077,L,T009,test,200,106,127,107,2706,2727,2707
T077,L,T009,test,201,127,128,107,2727,2728,2707
T077,L,T009,test,202,107,128,108,2707,2728,2708
T077,L,T009,test,203,128,129,108,2728,2729,2708
T077,L,T009,test,204,108,129,109,2708,2729,2709
T077,L,T009,test,205,129,130,109,2729,2730,2709
T077,L,T009,test,206,109,130,110,2709,2730,2710
T077,L,T009,test,207,130,131,110,2730,2731,2710
T077,L,T009,test,208,110,131,111,2710,2731,2711
T077,L,T009,test,209,131,132,111,2731,2732,2711
T077,L,T009,test,210,111,132,112,2711,2732,2712
T077,L,T009,test,211,132,133,112,2732,2733,2712
T077,L,T009,test,212,112,133,113,2712,2733,2713
T077,L,T009,test,213,133,134,113,2733,2734,2713
T077,L,T009,test,214,113,134,114,2713,2734,2714
T077,L,T009,test,215,115,135,116,2715,2735,2716
T077,L,T009,test,216,135,136,116,2735,2736,2716
T077,L,T009,test,217,116,136,117,2716,2736,2717
T077,L,T009,test,218,136,137,117,2736,2737,2717
T077,L,T009,test,219,117,137,118,2717,2737,2718
T077,L,T009,test,220,137,138,118,2737,2738,2718
T077,L,T009,test,221,118,138,119,2718,2738,2719
T077,L,T009,test,222,138,139,119,2738,2739,2719
T077,L,T009,test,223,119,139,120,2719,2739,2720
T077,L,T009,test,224,139,140,120,2739,2740,2720
T077,L,T009,test,225,120,140,121,2720,2740,2721
T077,L,T009,test,226,140,141,121,2740,2741,2721
T077,L,T009,test,227,121,141,122,2721,2741,2722
T077,L,T009,test,228,141,142,122,2741,2742,2722
T077,L,T009,test,229,122,142,123,2722,2742,2723
T077,L,T009,test,230,142,143,123,2742,2743,2723
T077,L,T009,test,231,123,143,124,2723,2743,2724
T077,L,T009,test,232,143,144,124,2743,2744,2724
T077,L,T009,test,233,124,144,125,2724,2744,2725
T077,L,T009,test,234,144,145,125,2744,2745,2725
T077,L,T009,test,235,125,145,126,2725,2745,2726
T077,L,T009,test,236,145,146,126,2745,2746,2726
T077,L,T009,test,237,126,146,127,2726,2746,2727
T077,L,T009,test,238,146,147,127,2746,2747,2727
T077,L,T009,test,239,127,147,128,2727,2747,2728
T077,L,T009,test,240,147,148,128,2747,2748,2728
T077,L,T009,test,241,128,148,129,2728,2748,2729
T077,L,T009,test,242,148,149,129,2748,2749,2729
T077,L,T009,test,243,129,149,130,2729,2749,2730
T077,L,T009,test,244,149,150,130,2749,2750,2730
T077,L,T009,test,245,130,150,131,2730,2750,2731
T077,L,T009,test,246,150,151,131,2750,2751,2731
T077,L,T009,test,247,131,151,132,2731,2751,2732
T077,L,T009,test,248,151,152,132,2751,2752,2732
T077,L,T009,test,249,132,152,133,2732,2752,2733
T077,L,T009,test,250,152,153,133,2752,2753,2733
T077,L,T009,test,251,133,153,134,2733,2753,2734
T077,L,T009,test,252,135,154,136,2735,2754,2736
T077,L,T009,test,253,154,155,136,2754,2755,2736
T077,L,T009,test,254,136,155,137,2736,2755,2737
T077,L,T009,test,255,155,156,137,2755,2756,2737
T077,L,T009,test,256,137,156,138,2737,2756,2738
T077,L,T009,test,257,156,157,138,2756,2757,2738
T077,L,T009,test,258,138,157,139,2738,2757,2739
T077,L,T009,test,259,157,158,139,2757,2758,2739
T077,L,T009,test,260,139,158,140,2739,2758,2740
T077,L,T009,test,261,158,159,140,2758,2759,2740
T077,L,T009,test,262,140,159,141,2740,2759,2741
T077,L,T009,test,263,159,160,141,2759,2760,2741
T077,L,T009,test,264,141,160,142,2741,2760,2742
T077,L,T009,test,265,160,161,142,2760,2761,2742
T077,L,T009,test,266,142,161,143,2742,2761,2743
T077,L,T009,test,267,161,162,143,2761,2762,2743
T077,L,T009,test,268,143,162,144,2743,2762,2744
T077,L,T009,test,269,162,163,144,2762,2763,2744
T077,L,T009,test,270,144,163,145,2744,2763,2745
T077,L,T009,test,271,163,164,145,2763,2764,2745
T077,L,T009,test,272,145,164,146,2745,2764,2746
T077,L,T009,test,273,164,165,146,2764,2765,2746
T077,L,T009,test,274,146,165,147,2746,2765,2747
T077,L,T009,test,275,165,166,147,2765,2766,2747
T077,L,T009,test,276,147,166,148,2747,2766,2748
T077,L,T009,test,277,166,167,148,2766,2767,2748
T077,L,T009,test,278,148,167,149,2748,2767,2749
T077,L,T009,test,279,167,168,149,2767,2768,2749
T077,L,T009,test,280,149,168,150,2749,2768,2750
T077,L,T009,test,281,168,169,150,2768,2769,2750
T077,L,T009,test,282,150,169,151,2750,2769,2751
T077,L,T009,test,283,169,170,151,2769,2770,2751
T077,L,T009,test,284,151,170,152,2751,2770,2752
T077,L,T009,test,285,170,171,152,2770,2771,2752
T077,L,T009,test,286,152,171,153,2752,2771,2753
T077,L,T009,test,287,154,172,155,2754,2772,2755
T077,L,T009,test,288,172,173,155,2772,2773,2755
T077,L,T009,test,289,155,173,156,2755,2773,2756
T077,L,T009,test,290,173,174,156,2773,2774,2756
T077,L,T009,test,291,156,174,157,2756,2774,2757
T077,L,T009,test,292,174,175,157,2774,2775,2757
T077,L,T009,test,293,157,175,158,2757,2775,2758
T077,L,T009,test,294,175,176,158,2775,2776,2758
T077,L,T009,test,295,158,176,159,2758,2776,2759
T077,L,T009,test,296,176,177,159,2776,2777,2759
T077,L,T009,test,297,159,177,160,2759,2777,2760
T077,L,T009,test,298,177,178,160,2777,2778,2760
T077,L,T009,test,299,160,178,161,2760,2778,2761
T077,L,T009,test,300,178,179,161,2778,2779,2761
T077,L,T009,test,301,161,179,162,2761,2779,2762
T077,L,T009,test,302,179,180,162,2779,2780,2762
T077,L,T009,test,303,162,180,163,2762,2780,2763
T077,L,T009,test,304,180,181,163,2780,2781,2763
T077,L,T009,test,305,163,181,164,2763,2781,2764
T077,L,T009,test,306,181,182,164,2781,2782,2764
T077,L,T009,test,307,164,182,165,2764,2782,2765
T077,L,T009,test,308,182,183,165,2782,2783,2765
T077,L,T009,test,309,165,183,166,2765,2783,2766
T077,L,T009,test,310,183,184,166,2783,2784,2766
T077,L,T009,test,311,166,184,167,2766,2784,2767
T077,L,T009,test,312,184,185,167,2784,2785,2767
T077,L,T009,test,313,167,185,168,2767,2785,2768
T077,L,T009,test,314,185,186,168,2785,2786,2768
T077,L,T009,test,315,168,186,169,2768,2786,2769
T077,L,T009,test,316,186,187,169,2786,2787,2769
T077,L,T009,test,317,169,187,170,2769,2787,2770
T077,L,T009,test,318,187,188,170,2787,2788,2770
T077,L,T009,test,319,170,188,171,2770,2788,2771
T077,L,T009,test,320,172,189,173,2772,2789,2773
T077,L,T009,test,321,189,190,173,2789,2790,2773
T077,L,T009,test,322,173,190,174,2773,2790,2774
T077,L,T009,test,323,190,191,174,2790,2791,2774
T077,L,T009,test,324,174,191,175,2774,2791,2775
T077,L,T009,test,325,191,192,175,2791,2792,2775
T077,L,T009,test,326,175,192,176,2775,2792,2776
T077,L,T009,test,327,192,193,176,2792,2793,2776
T077,L,T009,test,328,176,193,177,2776,2793,2777
T077,L,T009,test,329,193,194,177,2793,2794,2777
T077,L,T009,test,330,177,194,178,2777,2794,2778
T077,L,T009,test,331,194,195,178,2794,2795,2778
T077,L,T009,test,332,178,195,179,2778,2795,2779
T077,L,T009,test,333,195,196,179,2795,2796,2779
T077,L,T009,test,334,179,196,180,2779,2796,2780
T077,L,T009,test,335,196,197,180,2796,2797,2780
T077,L,T009,test,336,180,197,181,2780,2797,2781
T077,L,T009,test,337,197,198,181,2797,2798,2781
T077,L,T009,test,338,181,198,182,2781,2798,2782
T077,L,T009,test,339,198,199,182,2798,2799,2782
T077,L,T009,test,340,182,199,183,2782,2799,2783
T077,L,T009,test,341,199,200,183,2799,2800,2783
T077,L,T009,test,342,183,200,184,2783,2800,2784
T077,L,T009,test,343,200,201,184,2800,2801,2784
T077,L,T009,test,344,184,201,185,2784,2801,2785
T077,L,T009,test,345,201,202,185,2801,2802,2785
T077,L,T009,test,346,185,202,186,2785,2802,2786
T077,L,T009,test,347,202,203,186,2802,2803,2786
T077,L,T009,test,348,186,203,187,2786,2803,2787
T077,L,T009,test,349,203,204,187,2803,2804,2787
T077,L,T009,test,350,187,204,188,2787,2804,2788
T077,L,T009,test,351,189,205,190,2789,2805,2790
T077,L,T009,test,352,205,206,190,2805,2806,2790
T077,L,T009,test,353,190,206,191,2790,2806,2791
T077,L,T009,test,354,206,207,191,2806,2807,2791
T077,L,T009,test,355,191,207,192,2791,2807,2792
T077,L,T009,test,356,207,208,192,2807,2808,2792
T077,L,T009,test,357,192,208,193,2792,2808,2793
T077,L,T009,test,358,208,209,193,2808,2809,2793
T077,L,T009,test,359,193,209,194,2793,2809,2794
T077,L,T009,test,360,209,210,194,2809,2810,2794
T077,L,T009,test,361,194,210,195,2794,2810,2795
T077,L,T009,test,362,210,211,195,2810,2811,2795
T077,L,T009,test,363,195,211,196,2795,2811,2796
T077,L,T009,test,364,211,212,196,2811,2812,2796
T077,L,T009,test,365,196,212,197,2796,2812,2797
T077,L,T009,test,366,212,213,197,2812,2813,2797
T077,L,T009,test,367,197,213,198,2797,2813,2798
T077,L,T009,test,368,213,214,198,2813,2814,2798
T077,L,T009,test,369,198,214,199,2798,2814,2799
T077,L,T009,test,370,214,215,199,2814,2815,2799
T077,L,T009,test,371,199,215,200,2799,2815,2800
T077,L,T009,test,372,215,216,200,2815,2816,2800
T077,L,T009,test,373,200,216,201,2800,2816,2801
T077,L,T009,test,374,216,217,201,2816,2817,2801
T077,L,T009,test,375,201,217,202,2801,2817,2802
T077,L,T009,test,376,217,218,202,2817,2818,2802
T077,L,T009,test,377,202,218,203,2802,2818,2803
T077,L,T009,test,378,218,219,203,2818,2819,2803
T077,L,T009,test,379,203,219,204,2803,2819,2804
T077,L,T009,test,380,205,220,206,2805,2820,2806
T077,L,T009,test,381,220,221,206,2820,2821,2806
T077,L,T009,test,382,206,221,207,2806,2821,2807
T077,L,T009,test,383,221,222,207,2821,2822,2807
T077,L,T009,test,384,207,222,208,2807,2822,2808
T077,L,T009,test,385,222,223,208,2822,2823,2808
T077,L,T009,test,386,208,223,209,2808,2823,2809
T077,L,T009,test,387,223,224,209,2823,2824,2809
T077,L,T009,test,388,209,224,210,2809,2824,2810
T077,L,T009,test,389,224,225,210,2824,2825,2810
T077,L,T009,test,390,210,225,211,2810,2825,2811
T077,L,T009,test,391,225,226,211,2825,2826,2811
T077,L,T009,test,392,211,226,212,2811,2826,2812
T077,L,T009,test,393,226,227,212,2826,2827,2812
T077,L,T009,test,394,212,227,213,2812,2827,2813
T077,L,T009,test,395,227,228,213,2827,2828,2813
T077,L,T009,test,396,213,228,214,2813,2828,2814
T077,L,T009,test,397,228,229,214,2828,2829,2814
T077,L,T009,test,398,214,229,215,2814,2829,2815
T077,L,T009,test,399,229,230,215,2829,2830,2815
T077,L,T009,test,400,215,230,216,2815,2830,2816
T077,L,T009,test,401,230,231,216,2830,2831,2816
T077,L,T009,test,402,216,231,217,2816,2831,2817
T077,L,T009,test,403,231,232,217,2831,2832,2817
T077,L,T009,test,404,217,232,218,2817,2832,2818
T077,L,T009,test,405,232,233,218,2832,2833,2818
T077,L,T009,test,406,218,233,219,2818,2833,2819
T077,L,T009,test,407,220,234,221,2820,2834,2821
T077,L,T009,test,408,234,235,221,2834,2835,2821
T077,L,T009,test,409,221,235,222,2821,2835,2822
T077,L,T009,test,410,235,236,222,2835,2836,2822
T077,L,T009,test,411,222,236,223,2822,2836,2823
T077,L,T009,test,412,236,237,223,2836,2837,2823
T077,L,T009,test,413,223,237,224,2823,2837,2824
T077,L,T009,test,414,237,238,224,2837,2838,2824
T077,L,T009,test,415,224,238,225,2824,2838,2825
T077,L,T009,test,416,238,239,225,2838,2839,2825
T077,L,T009,test,417,225,239,226,2825,2839,2826
T077,L,T009,test,418,239,240,226,2839,2840,2826
T077,L,T009,test,419,226,240,227,2826,2840,2827
T077,L,T009,test,420,240,241,227,2840,2841,2827
T077,L,T009,test,421,227,241,228,2827,2841,2828
T077,L,T009,test,422,241,242,228,2841,2842,2828
T077,L,T009,test,423,228,242,229,2828,2842,2829
T077,L,T009,test,424,242,243,229,2842,2843,2829
T077,L,T009,test,425,229,243,230,2829,2843,2830
T077,L,T009,test,426,243,244,230,2843,2844,2830
T077,L,T009,test,427,230,244,231,2830,2844,2831
T077,L,T009,test,428,244,245,231,2844,2845,2831
T077,L,T009,test,429,231,245,232,2831,2845,2832
T077,L,T009,test,430,245,246,232,2845,2846,2832
T077,L,T009,test,431,232,246,233,2832,2846,2833
T077,L,T009,test,432,234,247,235,2834,2847,2835
T077,L,T009,test,433,247,248,235,2847,2848,2835
T077,L,T009,test,434,235,248,236,2835,2848,2836
T077,L,T009,test,435,248,249,236,2848,2849,2836
T077,L,T009,test,436,236,249,237,2836,2849,2837
T077,L,T009,test,437,249,250,237,2849,2850,2837
T077,L,T009,test,438,237,250,238,2837,2850,2838
T077,L,T009,test,439,250,251,238,2850,2851,2838
T077,L,T009,test,440,238,251,239,2838,2851,2839
T077,L,T009,test,441,251,252,239,2851,2852,2839
T077,L,T009,test,442,239,252,240,2839,2852,2840
T077,L,T009,test,443,252,253,240,2852,2853,2840
T077,L,T009,test,444,240,253,241,2840,2853,2841
T077,L,T009,test,445,253,254,241,2853,2854,2841
T077,L,T009,test,446,241,254,242,2841,2854,2842
T077,L,T009,test,447,254,255,242,2854,2855,2842
T077,L,T009,test,448,242,255,243,2842,2855,2843
T077,L,T009,test,449,255,256,243,2855,2856,2843
T077,L,T009,test,450,243,256,244,2843,2856,2844
T077,L,T009,test,451,256,257,244,2856,2857,2844
T077,L,T009,test,452,244,257,245,2844,2857,2845
T077,L,T009,test,453,257,258,245,2857,2858,2845
T077,L,T009,test,454,245,258,246,2845,2858,2846
T077,L,T009,test,455,247,259,248,2847,2859,2848
T077,L,T009,test,456,259,260,248,2859,2860,2848
T077,L,T009,test,457,248,260,249,2848,2860,2849
T077,L,T009,test,458,260,261,249,2860,2861,2849
T077,L,T009,test,459,249,261,250,2849,2861,2850
T077,L,T009,test,460,261,262,250,2861,2862,2850
T077,L,T009,test,461,250,262,251,2850,2862,2851
T077,L,T009,test,462,262,263,251,2862,2863,2851
T077,L,T009,test,463,251,263,252,2851,2863,2852
T077,L,T009,test,464,263,264,252,2863,2864,2852
T077,L,T009,test,465,252,264,253,2852,2864,2853
T077,L,T009,test,466,264,265,253,2864,2865,2853
T077,L,T009,test,467,253,265,254,2853,2865,2854
T077,L,T009,test,468,265,266,254,2865,2866,2854
T077,L,T009,test,469,254,266,255,2854,2866,2855
T077,L,T009,test,470,266,267,255,2866,2867,2855
T077,L,T009,test,471,255,267,256,2855,2867,2856
T077,L,T009,test,472,267,268,256,2867,2868,2856
T077,L,T009,test,473,256,268,257,2856,2868,2857
T077,L,T009,test,474,268,269,257,2868,2869,2857
T077,L,T009,test,475,257,269,258,2857,2869,2858
T077,L,T009,test,476,259,270,260,2859,2870,2860
T077,L,T009,test,477,270,271,260,2870,2871,2860
T077,L,T009,test,478,260,271,261,2860,2871,2861
T077,L,T009,test,479,271,272,261,2871,2872,2861
T077,L,T009,test,480,261,272,262,2861,2872,2862
T077,L,T009,test,481,272,273,262,2872,2873,2862
T077,L,T009,test,482,262,273,263,2862,2873,2863
T077,L,T009,test,483,273,274,263,2873,2874,2863
T077,L,T009,test,484,263,274,264,2863,2874,2864
T077,L,T009,test,485,274,275,264,2874,2875,2864
T077,L,T009,test,486,264,275,265,2864,2875,2865
T077,L,T009,test,487,275,276,265,2875,2876,2865
T077,L,T009,test,488,265,276,266,2865,2876,2866
T077,L,T009,test,489,276,277,266,2876,2877,2866
T077,L,T009,test,490,266,277,267,2866,2877,2867
T077,L,T009,test,491,277,278,267,2877,2878,2867
T077,L,T009,test,492,267,278,268,2867,2878,2868
T077,L,T009,test,493,278,279,268,2878,2879,2868
T077,L,T009,test,494,268,279,269,2868,2879,2869
T077,L,T009,test,495,270,280,271,2870,2880,2871
T077,L,T009,test,496,280,281,271,2880,2881,2871
T077,L,T009,test,497,271,281,272,2871,2881,2872
T077,L,T009,test,498,281,282,272,2881,2882,2872
T077,L,T009,test,499,272,282,273,2872,2882,2873
T077,L,T009,test,500,282,283,273,2882,2883,2873
T077,L,T009,test,501,273,283,274,2873,2883,2874
T077,L,T009,test,502,283,284,274,2883,2884,2874
T077,L,T009,test,503,274,284,275,2874,2884,2875
T077,L,T009,test,504,284,285,275,2884,2885,2875
T077,L,T009,test,505,275,285,276,2875,2885,2876
T077,L,T009,test,506,285,286,276,2885,2886,2876
T077,L,T009,test,507,276,286,277,2876,2886,2877
T077,L,T009,test,508,286,287,277,2886,2887,2877
T077,L,T009,test,509,277,287,278,2877,2887,2878
T077,L,T009,test,510,287,288,278,2887,2888,2878
T077,L,T009,test,511,278,288,279,2878,2888,2879
T077,L,T009,test,512,280,289,281,2880,2889,2881
T077,L,T009,test,513,289,290,281,2889,2890,2881
T077,L,T009,test,514,281,290,282,2881,2890,2882
T077,L,T009,test,515,290,291,282,2890,2891,2882
T077,L,T009,test,516,282,291,283,2882,2891,2883
T077,L,T009,test,517,291,292,283,2891,2892,2883
T077,L,T009,test,518,283,292,284,2883,2892,2884
T077,L,T009,test,519,292,293,284,2892,2893,2884
T077,L,T009,test,520,284,293,285,2884,2893,2885
T077,L,T009,test,521,293,294,285,2893,2894,2885
T077,L,T009,test,522,285,294,286,2885,2894,2886
T077,L,T009,test,523,294,295,286,2894,2895,2886
T077,L,T009,test,524,286,295,287,2886,2895,2887
T077,L,T009,test,525,295,296,287,2895,2896,2887
T077,L,T009,test,526,287,296,288,2887,2896,2888
T077,L,T009,test,527,289,297,290,2889,2897,2890
T077,L,T009,test,528,297,298,290,2897,2898,2890
T077,L,T009,test,529,290,298,291,2890,2898,2891
T077,L,T009,test,530,298,299,291,2898,2899,2891
T077,L,T009,test,531,291,299,292,2891,2899,2892
T077,L,T009,test,532,299,300,292,2899,2900,2892
T077,L,T009,test,533,292,300,293,2892,2900,2893
T077,L,T009,test,534,300,301,293,2900,2901,2893
T077,L,T009,test,535,293,301,294,2893,2901,2894
T077,L,T009,test,536,301,302,294,2901,2902,2894
T077,L,T009,test,537,294,302,295,2894,2902,2895
T077,L,T009,test,538,302,303,295,2902,2903,2895
T077,L,T009,test,539,295,303,296,2895,2903,2896
T077,L,T009,test,540,297,304,298,2897,2904,2898
T077,L,T009,test,541,304,305,298,2904,2905,2898
T077,L,T009,test,542,298,305,299,2898,2905,2899
T077,L,T009,test,543,305,306,299,2905,2906,2899
T077,L,T009,test,544,299,306,300,2899,2906,2900
T077,L,T009,test,545,306,307,300,2906,2907,2900
T077,L,T009,test,546,300,307,301,2900,2907,2901
T077,L,T009,test,547,307,308,301,2907,2908,2901
T077,L,T009,test,548,301,308,302,2901,2908,2902
T077,L,T009,test,549,308,309,302,2908,2909,2902
T077,L,T009,test,550,302,309,303,2902,2909,2903
T077,L,T009,test,551,304,310,305,2904,2910,2905
T077,L,T009,test,552,310,311,305,2910,2911,2905
T077,L,T009,test,553,305,311,306,2905,2911,2906
T077,L,T009,test,554,311,312,306,2911,2912,2906
T077,L,T009,test,555,306,312,307,2906,2912,2907
T077,L,T009,test,556,312,313,307,2912,2913,2907
T077,L,T009,test,557,307,313,308,2907,2913,2908
T077,L,T009,test,558,313,314,308,2913,2914,2908
T077,L,T009,test,559,308,314,309,2908,2914,2909
T077,L,T009,test,560,310,315,311,2910,2915,2911
T077,L,T009,test,561,315,316,311,2915,2916,2911
T077,L,T009,test,562,311,316,312,2911,2916,2912
T077,L,T009,test,563,316,317,312,2916,2917,2912
T077,L,T009,test,564,312,317,313,2912,2917,2913
T077,L,T009,test,565,317,318,313,2917,2918,2913
T077,L,T009,test,566,313,318,314,2913,2918,2914
T077,L,T009,test,567,315,319,316,2915,2919,2916
T077,L,T009,test,568,319,320,316,2919,2920,2916
T077,L,T009,test,569,316,320,317,2916,2920,2917
T077,L,T009,test,570,320,321,317,2920,2921,2917
T077,L,T009,test,571,317,321,318,2917,2921,2918
T077,L,T009,test,572,319,322,320,2919,2922,2920
T077,L,T009,test,573,322,323,320,2922,2923,2920
T077,L,T009,test,574,320,323,321,2920,2923,2921
T077,L,T009,test,575,322,324,323,2922,2924,2923
T077,L,T010,test,0,0,25,1,2925,2950,2926
T077,L,T010,test,1,25,26,1,2950,2951,2926
T077,L,T010,test,2,1,26,2,2926,2951,2927
T077,L,T010,test,3,26,27,2,2951,2952,2927
T077,L,T010,test,4,2,27,3,2927,2952,2928
T077,L,T010,test,5,27,28,3,2952,2953,2928
T077,L,T010,test,6,3,28,4,2928,2953,2929
T077,L,T010,test,7,28,29,4,2953,2954,2929
T077,L,T010,test,8,4,29,5,2929,2954,2930
T077,L,T010,test,9,29,30,5,2954,2955,2930
T077,L,T010,test,10,5,30,6,2930,2955,2931
T077,L,T010,test,11,30,31,6,2955,2956,2931
T077,L,T010,test,12,6,31,7,2931,2956,2932
T077,L,T010,test,13,31,32,7,2956,2957,2932
T077,L,T010,test,14,7,32,8,2932,2957,2933
T077,L,T010,test,15,32,33,8,2957,2958,2933
T077,L,T010,test,16,8,33,9,2933,2958,2934
T077,L,T010,test,17,33,34,9,2958,2959,2934
T077,L,T010,test,18,9,34,10,2934,2959,2935
T077,L,T010,test,19,34,35,10,2959,2960,2935
T077,L,T010,test,20,10,35,11,2935,2960,2936
T077,L,T010,test,21,35,36,11,2960,2961,2936
T077,L,T010,test,22,11,36,12,2936,2961,2937
T077,L,T010,test,23,36,37,12,2961,2962,2937
T077,L,T010,test,24,12,37,13,2937,2962,2938
T077,L,T010,test,25,37,38,13,2962,2963,2938
T077,L,T010,test,26,13,38,14,2938,2963,2939
T077,L,T010,test,27,38,39,14,2963,2964,2939
T077,L,T010,test,28,14,39,15,2939,2964,2940
T077,L,T010,test,29,39,40,15,2964,2965,2940
T077,L,T010,test,30,15,40,16,2940,2965,2941
T077,L,T010,test,31,40,41,16,2965,2966,2941
T077,L,T010,test,32,16,41,17,2941,2966,2942
T077,L,T010,test,33,41,42,17,2966,2967,2942
T077,L,T010,test,34,17,42,18,2942,2967,2943
T077,L,T010,test,35,42,43,18,2967,2968,2943
T077,L,T010,test,36,18,43,19,2943,2968,2944
T077,L,T010,test,37,43,44,19,2968,2969,2944
T077,L,T010,test,38,19,44,20,2944,2969,2945
T077,L,T010,test,39,44,45,20,2969,2970,2945
T077,L,T010,test,40,20,45,21,2945,2970,2946
T077,L,T010,test,41,45,46,21,2970,2971,2946
T077,L,T010,test,42,21,46,22,2946,2971,2947
T077,L,T010,test,43,46,47,22,2971,2972,2947
T077,L,T010,test,44,22,47,23,2947,2972,2948
T077,L,T010,test,45,47,48,23,2972,2973,2948
T077,L,T010,test,46,23,48,24,2948,2973,2949
T077,L,T010,test,47,25,49,26,2950,2974,2951
T077,L,T010,test,48,49,50,26,2974,2975,2951
T077,L,T010,test,49,26,50,27,2951,2975,2952
T077,L,T010,test,50,50,51,27,2975,2976,2952
T077,L,T010,test,51,27,51,28,2952,2976,2953
T077,L,T010,test,52,51,52,28,2976,2977,2953
T077,L,T010,test,53,28,52,29,2953,2977,2954
T077,L,T010,test,54,52,53,29,2977,2978,2954
T077,L,T010,test,55,29,53,30,2954,2978,2955
T077,L,T010,test,56,53,54,30,2978,2979,2955
T077,L,T010,test,57,30,54,31,2955,2979,2956
T077,L,T010,test,58,54,55,31,2979,2980,2956
T077,L,T010,test,59,31,55,32,2956,2980,2957
T077,L,T010,test,60,55,56,32,2980,2981,2957
T077,L,T010,test,61,32,56,33,2957,2981,2958
T077,L,T010,test,62,56,57,33,2981,2982,2958
T077,L,T010,test,63,33,57,34,2958,2982,2959
T077,L,T010,test,64,57,58,34,2982,2983,2959
T077,L,T010,test,65,34,58,35,2959,2983,2960
T077,L,T010,test,66,58,59,35,2983,2984,2960
T077,L,T010,test,67,35,59,36,2960,2984,2961
T077,L,T010,test,68,59,60,36,2984,2985,2961
T077,L,T010,test,69,36,60,37,2961,2985,2962
T077,L,T010,test,70,60,61,37,2985,2986,2962
T077,L,T010,test,71,37,61,38,2962,2986,2963
T077,L,T010,test,72,61,62,38,2986,2987,2963
T077,L,T010,test,73,38,62,39,2963,2987,2964
T077,L,T010,test,74,62,63,39,2987,2988,2964
T077,L,T010,test,75,39,63,40,2964,2988,2965
T077,L,T010,test,76,63,64,40,2988,2989,2965
T077,L,T010,test,77,40,64,41,2965,2989,2966
T077,L,T010,test,78,64,65,41,2989,2990,2966
T077,L,T010,test,79,41,65,42,2966,2990,2967
T077,L,T010,test,80,65,66,42,2990,2991,2967
T077,L,T010,test,81,42,66,43,2967,2991,2968
T077,L,T010,test,82,66,67,43,2991,2992,2968
T077,L,T010,test,83,43,67,44,2968,2992,2969
T077,L,T010,test,84,67,68,44,2992,2993,2969
T077,L,T010,test,85,44,68,45,2969,2993,2970
T077,L,T010,test,86,68,69,45,2993,2994,2970
T077,L,T010,test,87,45,69,46,2970,2994,2971
T077,L,T010,test,88,69,70,46,2994,2995,2971
T077,L,T010,test,89,46,70,47,2971,2995,2972
T077,L,T010,test,90,70,71,47,2995,2996,2972
T077,L,T010,test,91,47,71,48,2972,2996,2973
T077,L,T010,test,92,49,72,50,2974,2997,2975
T077,L,T010,test,93,72,73,50,2997,2998,2975
T077,L,T010,test,94,50,73,51,2975,2998,2976
T077,L,T010,test,95,73,74,51,2998,2999,2976
T077,L,T010,test,96,51,74,52,2976,2999,2977
T077,L,T010,test,97,74,75,52,2999,3000,2977
T077,L,T010,test,98,52,75,53,2977,3000,2978
T077,L,T010,test,99,75,76,53,3000,3001,2978
T077,L,T010,test,100,53,76,54,2978,3001,2979
T077,L,T010,test,101,76,77,54,3001,3002,2979
T077,L,T010,test,102,54,77,55,2979,3002,2980
T077,L,T010,test,103,77,78,55,3002,3003,2980
T077,L,T010,test,104,55,78,56,2980,3003,2981
T077,L,T010,test,105,78,79,56,3003,3004,2981
T077,L,T010,test,106,56,79,57,2981,3004,2982
T077,L,T010,test,107,79,80,57,3004,3005,2982
T077,L,T010,test,108,57,80,58,2982,3005,2983
T077,L,T010,test,109,80,81,58,3005,3006,2983
T077,L,T010,test,110,58,81,59,2983,3006,2984
T077,L,T010,test,111,81,82,59,3006,3007,2984
T077,L,T010,test,112,59,82,60,2984,3007,2985
T077,L,T010,test,113,82,83,60,3007,3008,2985
T077,L,T010,test,114,60,83,61,2985,3008,2986
T077,L,T010,test,115,83,84,61,3008,3009,2986
T077,L,T010,test,116,61,84,62,2986,3009,2987
T077,L,T010,test,117,84,85,62,3009,3010,2987
T077,L,T010,test,118,62,85,63,2987,3010,2988
T077,L,T010,test,119,85,86,63,3010,3011,2988
T077,L,T010,test,120,63,86,64,2988,3011,2989
T077,L,T010,test,121,86,87,64,3011,3012,2989
T077,L,T010,test,122,64,87,65,2989,3012,2990
T077,L,T010,test,123,87,88,65,3012,3013,2990
T077,L,T010,test,124,65,88,66,2990,3013,2991
T077,L,T010,test,125,88,89,66,3013,3014,2991
T077,L,T010,test,126,66,89,67,2991,3014,2992
T077,L,T010,test,127,89,90,67,3014,3015,2992
T077,L,T010,test,128,67,90,68,2992,3015,2993
T077,L,T010,test,129,90,91,68,3015,3016,2993
T077,L,T010,test,130,68,91,69,2993,3016,2994
T077,L,T010,test,131,91,92,69,3016,3017,2994
T077,L,T010,test,132,69,92,70,2994,3017,2995
T077,L,T010,test,133,92,93,70,3017,3018,2995
T077,L,T010,test,134,70,93,71,2995,3018,2996
T077,L,T010,test,135,72,94,73,2997,3019,2998
T077,L,T010,test,136,94,95,73,3019,3020,2998
T077,L,T010,test,137,73,95,74,2998,3020,2999
T077,L,T010,test,138,95,96,74,3020,3021,2999
T077,L,T010,test,139,74,96,75,2999,3021,3000
T077,L,T010,test,140,96,97,75,3021,3022,3000
T077,L,T010,test,141,75,97,76,3000,3022,3001
T077,L,T010,test,142,97,98,76,3022,3023,3001
T077,L,T010,test,143,76,98,77,3001,3023,3002
T077,L,T010,test,144,98,99,77,3023,3024,3002
T077,L,T010,test,145,77,99,78,3002,3024,3003
T077,L,T010,test,146,99,100,78,3024,3025,3003
T077,L,T010,test,147,78,100,79,3003,3025,3004
T077,L,T010,test,148,100,101,79,3025,3026,3004
T077,L,T010,test,149,79,101,80,3004,3026,3005
T077,L,T010,test,150,101,102,80,3026,3027,3005
T077,L,T010,test,151,80,102,81,3005,3027,3006
T077,L,T010,test,152,102,103,81,3027,3028,3006
T077,L,T010,test,153,81,103,82,3006,3028,3007
T077,L,T010,test,154,103,104,82,3028,3029,3007
T077,L,T010,test,155,82,104,83,3007,3029,3008
T077,L,T010,test,156,104,105,83,3029,3030,3008
T077,L,T010,test,157,83,105,84,3008,3030,3009
T077,L,T010,test,158,105,106,84,3030,3031,3009
T077,L,T010,test,159,84,106,85,3009,3031,3010
T077,L,T010,test,160,106,107,85,3031,3032,3010
T077,L,T010,test,161,85,107,86,3010,3032,3011
T077,L,T010,test,162,107,108,86,3032,3033,3011
T077,L,T010,test,163,86,108,87,3011,3033,3012
T077,L,T010,test,164,108,109,87,3033,3034,3012
T077,L,T010,test,165,87,109,88,3012,3034,3013
T077,L,T010,test,166,109,110,88,3034,3035,3013
T077,L,T010,test,167,88,110,89,3013,3035,3014
T077,L,T010,test,168,110,111,89,3035,3036,3014
T077,L,T010,test,169,89,111,90,3014,3036,3015
T077,L,T010,test,170,111,112,90,3036,3037,3015
T077,L,T010,test,171,90,112,91,3015,3037,3016
T077,L,T010,test,172,112,113,91,3037,3038,3016
T077,L,T010,test,173,91,113,92,3016,3038,3017
T077,L,T010,test,174,113,114,92,3038,3039,3017
T077,L,T010,test,175,92,114,93,3017,3039,3018
T077,L,T010,test,176,94,115,95,3019,3040,3020
T077,L,T010,test,177,115,116,95,3040,3041,3020
T077,L,T010,test,178,95,116,96,3020,3041,3021
T077,L,T010,test,179,116,117,96,3041,3042,3021
T077,L,T010,test,180,96,117,97,3021,3042,3022
T077,L,T010,test,181,117,118,97,3042,3043,3022
T077,L,T010,test,182,97,118,98,3022,3043,3023
T077,L,T010,test,183,118,119,98,3043,3044,3023
T077,L,T010,test,184,98,119,99,3023,3044,3024
T077,L,T010,test,185,119,120,99,3044,3045,3024
T077,L,T010,test,186,99,120,100,3024,3045,3025
T077,L,T010,test,187,120,121,100,3045,3046,3025
T077,L,T010,test,188,100,121,101,3025,3046,3026
T077,L,T010,test,189,121,122,101,3046,3047,3026
T077,L,T010,test,190,101,122,102,3026,3047,3027
T077,L,T010,test,191,122,123,102,3047,3048,3027
T077,L,T010,test,192,102,123,103,3027,3048,3028
T077,L,T010,test,193,123,124,103,3048,3049,3028
T077,L,T010,test,194,103,124,104,3028,3049,3029
T077,L,T010,test,195,124,125,104,3049,3050,3029
T077,L,T010,test,196,104,125,105,3029,3050,3030
T077,L,T010,test,197,125,126,105,3050,3051,3030
T077,L,T010,test,198,105,126,106,3030,3051,3031
T077,L,T010,test,199,126,127,106,3051,3052,3031
T077,L,T010,test,200,106,127,107,3031,3052,3032
T077,L,T010,test,201,127,128,107,3052,3053,3032
T077,L,T010,test,202,107,128,108,3032,3053,3033
T077,L,T010,test,203,128,129,108,3053,3054,3033
T077,L,T010,test,204,108,129,109,3033,3054,3034
T077,L,T010,test,205,129,130,109,3054,3055,3034
T077,L,T010,test,206,109,130,110,3034,3055,3035
T077,L,T010,test,207,130,131,110,3055,3056,3035
T077,L,T010,test,208,110,131,111,3035,3056,3036
T077,L,T010,test,209,131,132,111,3056,3057,3036
T077,L,T010,test,210,111,132,112,3036,3057,3037
T077,L,T010,test,211,132,133,112,3057,3058,3037
T077,L,T010,test,212,112,133,113,3037,3058,3038
T077,L,T010,test,213,133,134,113,3058,3059,3038
T077,L,T010,test,214,113,134,114,3038,3059,3039
T077,L,T010,test,215,115,135,116,3040,3060,3041
T077,L,T010,test,216,135,136,116,3060,3061,3041
T077,L,T010,test,217,116,136,117,3041,3061,3042
T077,L,T010,test,218,136,137,117,3061,3062,3042
T077,L,T010,test,219,117,137,118,3042,3062,3043
T077,L,T010,test,220,137,138,118,3062,3063,3043
T077,L,T010,test,221,118,138,119,3043,3063,3044
T077,L,T010,test,222,138,139,119,3063,3064,3044
T077,L,T010,test,223,119,139,120,3044,3064,3045
T077,L,T010,test,224,139,140,120,3064,3065,3045
T077,L,T010,test,225,120,140,121,3045,3065,3046
T077,L,T010,test,226,140,141,121,3065,3066,3046
T077,L,T010,test,227,121,141,122,3046,3066,3047
T077,L,T010,test,228,141,142,122,3066,3067,3047
T077,L,T010,test,229,122,142,123,3047,3067,3048
T077,L,T010,test,230,142,143,123,3067,3068,3048
T077,L,T010,test,231,123,143,124,3048,3068,3049
T077,L,T010,test,232,143,144,124,3068,3069,3049
T077,L,T010,test,233,124,144,125,3049,3069,3050
T077,L,T010,test,234,144,145,125,3069,3070,3050
T077,L,T010,test,235,125,145,126,3050,3070,3051
T077,L,T010,test,236,145,146,126,3070,3071,3051
T077,L,T010,test,237,126,146,127,3051,3071,3052
T077,L,T010,test,238,146,147,127,3071,3072,3052
T077,L,T010,test,239,127,147,128,3052,3072,3053
T077,L,T010,test,240,147,148,128,3072,3073,3053
T077,L,T010,test,241,128,148,129,3053,3073,3054
T077,L,T010,test,242,148,149,129,3073,3074,3054
T077,L,T010,test,243,129,149,130,3054,3074,3055
T077,L,T010,test,244,149,150,130,3074,3075,3055
T077,L,T010,test,245,130,150,131,3055,3075,3056
T077,L,T010,test,246,150,151,131,3075,3076,3056
T077,L,T010,test,247,131,151,132,3056,3076,3057
T077,L,T010,test,248,151,152,132,3076,3077,3057
T077,L,T010,test,249,132,152,133,3057,3077,3058
T077,L,T010,test,250,152,153,133,3077,3078,3058
T077,L,T010,test,251,133,153,134,3058,3078,3059
T077,L,T010,test,252,135,154,136,3060,3079,3061
T077,L,T010,test,253,154,155,136,3079,3080,3061
T077,L,T010,test,254,136,155,137,3061,3080,3062
T077,L,T010,test,255,155,156,137,3080,3081,3062
T077,L,T010,test,256,137,156,138,3062,3081,3063
T077,L,T010,test,257,156,157,138,3081,3082,3063
T077,L,T010,test,258,138,157,139,3063,3082,3064
T077,L,T010,test,259,157,158,139,3082,3083,3064
T077,L,T010,test,260,139,158,140,3064,3083,3065
T077,L,T010,test,261,158,159,140,3083,3084,3065
T077,L,T010,test,262,140,159,141,3065,3084,3066
T077,L,T010,test,263,159,160,141,3084,3085,3066
T077,L,T010,test,264,141,160,142,3066,3085,3067
T077,L,T010,test,265,160,161,142,3085,3086,3067
T077,L,T010,test,266,142,161,143,3067,3086,3068
T077,L,T010,test,267,161,162,143,3086,3087,3068
T077,L,T010,test,268,143,162,144,3068,3087,3069
T077,L,T010,test,269,162,163,144,3087,3088,3069
T077,L,T010,test,270,144,163,145,3069,3088,3070
T077,L,T010,test,271,163,164,145,3088,3089,3070
T077,L,T010,test,272,145,164,146,3070,3089,3071
T077,L,T010,test,273,164,165,146,3089,3090,3071
T077,L,T010,test,274,146,165,147,3071,3090,3072
T077,L,T010,test,275,165,166,147,3090,3091,3072
T077,L,T010,test,276,147,166,148,3072,3091,3073
T077,L,T010,test,277,166,167,148,3091,3092,3073
T077,L,T010,test,278,148,167,149,3073,3092,3074
T077,L,T010,test,279,167,168,149,3092,3093,3074
T077,L,T010,test,280,149,168,150,3074,3093,3075
T077,L,T010,test,281,168,169,150,3093,3094,3075
T077,L,T010,test,282,150,169,151,3075,3094,3076
T077,L,T010,test,283,169,170,151,3094,3095,3076
T077,L,T010,test,284,151,170,152,3076,3095,3077
T077,L,T010,test,285,170,171,152,3095,3096,3077
T077,L,T010,test,286,152,171,153,3077,3096,3078
T077,L,T010,test,287,154,172,155,3079,3097,3080
T077,L,T010,test,288,172,173,155,3097,3098,3080
T077,L,T010,test,289,155,173,156,3080,3098,3081
T077,L,T010,test,290,173,174,156,3098,3099,3081
T077,L,T010,test,291,156,174,157,3081,3099,3082
T077,L,T010,test,292,174,175,157,3099,3100,3082
T077,L,T010,test,293,157,175,158,3082,3100,3083
T077,L,T010,test,294,175,176,158,3100,3101,3083
T077,L,T010,test,295,158,176,159,3083,3101,3084
T077,L,T010,test,296,176,177,159,3101,3102,3084
T077,L,T010,test,297,159,177,160,3084,3102,3085
T077,L,T010,test,298,177,178,160,3102,3103,3085
T077,L,T010,test,299,160,178,161,3085,3103,3086
T077,L,T010,test,300,178,179,161,3103,3104,3086
T077,L,T010,test,301,161,179,162,3086,3104,3087
T077,L,T010,test,302,179,180,162,3104,3105,3087
T077,L,T010,test,303,162,180,163,3087,3105,3088
T077,L,T010,test,304,180,181,163,3105,3106,3088
T077,L,T010,test,305,163,181,164,3088,3106,3089
T077,L,T010,test,306,181,182,164,3106,3107,3089
T077,L,T010,test,307,164,182,165,3089,3107,3090
T077,L,T010,test,308,182,183,165,3107,3108,3090
T077,L,T010,test,309,165,183,166,3090,3108,3091
T077,L,T010,test,310,183,184,166,3108,3109,3091
T077,L,T010,test,311,166,184,167,3091,3109,3092
T077,L,T010,test,312,184,185,167,3109,3110,3092
T077,L,T010,test,313,167,185,168,3092,3110,3093
T077,L,T010,test,314,185,186,168,3110,3111,3093
T077,L,T010,test,315,168,186,169,3093,3111,3094
T077,L,T010,test,316,186,187,169,3111,3112,3094
T077,L,T010,test,317,169,187,170,3094,3112,3095
T077,L,T010,test,318,187,188,170,3112,3113,3095
T077,L,T010,test,319,170,188,171,3095,3113,3096
T077,L,T010,test,320,172,189,173,3097,3114,3098
T077,L,T010,test,321,189,190,173,3114,3115,3098
T077,L,T010,test,322,173,190,174,3098,3115,3099
T077,L,T010,test,323,190,191,174,3115,3116,3099
T077,L,T010,test,324,174,191,175,3099,3116,3100
T077,L,T010,test,325,191,192,175,3116,3117,3100
T077,L,T010,test,326,175,192,176,3100,3117,3101
T077,L,T010,test,327,192,193,176,3117,3118,3101
T077,L,T010,test,328,176,193,177,3101,3118,3102
T077,L,T010,test,329,193,194,177,3118,3119,3102
T077,L,T010,test,330,177,194,178,3102,3119,3103
T077,L,T010,test,331,194,195,178,3119,3120,3103
T077,L,T010,test,332,178,195,179,3103,3120,3104
T077,L,T010,test,333,195,196,179,3120,3121,3104
T077,L,T010,test,334,179,196,180,3104,3121,3105
T077,L,T010,test,335,196,197,180,3121,3122,3105
T077,L,T010,test,336,180,197,181,3105,3122,3106
T077,L,T010,test,337,197,198,181,3122,3123,3106
T077,L,T010,test,338,181,198,182,3106,3123,3107
T077,L,T010,test,339,198,199,182,3123,3124,3107
T077,L,T010,test,340,182,199,183,3107,3124,3108
T077,L,T010,test,341,199,200,183,3124,3125,3108
T077,L,T010,test,342,183,200,184,3108,3125,3109
T077,L,T010,test,343,200,201,184,3125,3126,3109
T077,L,T010,test,344,184,201,185,3109,3126,3110
T077,L,T010,test,345,201,202,185,3126,3127,3110
T077,L,T010,test,346,185,202,186,3110,3127,3111
T077,L,T010,test,347,202,203,186,3127,3128,3111
T077,L,T010,test,348,186,203,187,3111,3128,3112
T077,L,T010,test,349,203,204,187,3128,3129,3112
T077,L,T010,test,350,187,204,188,3112,3129,3113
T077,L,T010,test,351,189,205,190,3114,3130,3115
T077,L,T010,test,352,205,206,190,3130,3131,3115
T077,L,T010,test,353,190,206,191,3115,3131,3116
T077,L,T010,test,354,206,207,191,3131,3132,3116
T077,L,T010,test,355,191,207,192,3116,3132,3117
T077,L,T010,test,356,207,208,192,3132,3133,3117
T077,L,T010,test,357,192,208,193,3117,3133,3118
T077,L,T010,test,358,208,209,193,3133,3134,3118
T077,L,T010,test,359,193,209,194,3118,3134,3119
T077,L,T010,test,360,209,210,194,3134,3135,3119
T077,L,T010,test,361,194,210,195,3119,3135,3120
T077,L,T010,test,362,210,211,195,3135,3136,3120
T077,L,T010,test,363,195,211,196,3120,3136,3121
T077,L,T010,test,364,211,212,196,3136,3137,3121
T077,L,T010,test,365,196,212,197,3121,3137,3122
T077,L,T010,test,366,212,213,197,3137,3138,3122
T077,L,T010,test,367,197,213,198,3122,3138,3123
T077,L,T010,test,368,213,214,198,3138,3139,3123
T077,L,T010,test,369,198,214,199,3123,3139,3124
T077,L,T010,test,370,214,215,199,3139,3140,3124
T077,L,T010,test,371,199,215,200,3124,3140,3125
T077,L,T010,test,372,215,216,200,3140,3141,3125
T077,L,T010,test,373,200,216,201,3125,3141,3126
T077,L,T010,test,374,216,217,201,3141,3142,3126
T077,L,T010,test,375,201,217,202,3126,3142,3127
T077,L,T010,test,376,217,218,202,3142,3143,3127
T077,L,T010,test,377,202,218,203,3127,3143,3128
T077,L,T010,test,378,218,219,203,3143,3144,3128
T077,L,T010,test,379,203,219,204,3128,3144,3129
T077,L,T010,test,380,205,220,206,3130,3145,3131
T077,L,T010,test,381,220,221,206,3145,3146,3131
T077,L,T010,test,382,206,221,207,3131,3146,3132
T077,L,T010,test,383,221,222,207,3146,3147,3132
T077,L,T010,test,384,207,222,208,3132,3147,3133
T077,L,T010,test,385,222,223,208,3147,3148,3133
T077,L,T010,test,386,208,223,209,3133,3148,3134
T077,L,T010,test,387,223,224,209,3148,3149,3134
T077,L,T010,test,388,209,224,210,3134,3149,3135
T077,L,T010,test,389,224,225,210,3149,3150,3135
T077,L,T010,test,390,210,225,211,3135,3150,3136
T077,L,T010,test,391,225,226,211,3150,3151,3136
T077,L,T010,test,392,211,226,212,3136,3151,3137
T077,L,T010,test,393,226,227,212,3151,3152,3137
T077,L,T010,test,394,212,227,213,3137,3152,3138
T077,L,T010,test,395,227,228,213,3152,3153,3138
T077,L,T010,test,396,213,228,214,3138,3153,3139
T077,L,T010,test,397,228,229,214,3153,3154,3139
T077,L,T010,test,398,214,229,215,3139,3154,3140
T077,L,T010,test,399,229,230,215,3154,3155,3140
T077,L,T010,test,400,215,230,216,3140,3155,3141
T077,L,T010,test,401,230,231,216,3155,3156,3141
T077,L,T010,test,402,216,231,217,3141,3156,3142
T077,L,T010,test,403,231,232,217,3156,3157,3142
T077,L,T010,test,404,217,232,218,3142,3157,3143
T077,L,T010,test,405,232,233,218,3157,3158,3143
T077,L,T010,test,406,218,233,219,3143,3158,3144
T077,L,T010,test,407,220,234,221,3145,3159,3146
T077,L,T010,test,408,234,235,221,3159,3160,3146
T077,L,T010,test,409,221,235,222,3146,3160,3147
T077,L,T010,test,410,235,236,222,3160,3161,3147
T077,L,T010,test,411,222,236,223,3147,3161,3148
T077,L,T010,test,412,236,237,223,3161,3162,3148
T077,L,T010,test,413,223,237,224,3148,3162,3149
T077,L,T010,test,414,237,238,224,3162,3163,3149
T077,L,T010,test,415,224,238,225,3149,3163,3150
T077,L,T010,test,416,238,239,225,3163,3164,3150
T077,L,T010,test,417,225,239,226,3150,3164,3151
T077,L,T010,test,418,239,240,226,3164,3165,3151
T077,L,T010,test,419,226,240,227,3151,3165,3152
T077,L,T010,test,420,240,241,227,3165,3166,3152
T077,L,T010,test,421,227,241,228,3152,3166,3153
T077,L,T010,test,422,241,242,228,3166,3167,3153
T077,L,T010,test,423,228,242,229,3153,3167,3154
T077,L,T010,test,424,242,243,229,3167,3168,3154
T077,L,T010,test,425,229,243,230,3154,3168,3155
T077,L,T010,test,426,243,244,230,3168,3169,3155
T077,L,T010,test,427,230,244,231,3155,3169,3156
T077,L,T010,test,428,244,245,231,3169,3170,3156
T077,L,T010,test,429,231,245,232,3156,3170,3157
T077,L,T010,test,430,245,246,232,3170,3171,3157
T077,L,T010,test,431,232,246,233,3157,3171,3158
T077,L,T010,test,432,234,247,235,3159,3172,3160
T077,L,T010,test,433,247,248,235,3172,3173,3160
T077,L,T010,test,434,235,248,236,3160,3173,3161
T077,L,T010,test,435,248,249,236,3173,3174,3161
T077,L,T010,test,436,236,249,237,3161,3174,3162
T077,L,T010,test,437,249,250,237,3174,3175,3162
T077,L,T010,test,438,237,250,238,3162,3175,3163
T077,L,T010,test,439,250,251,238,3175,3176,3163
T077,L,T010,test,440,238,251,239,3163,3176,3164
T077,L,T010,test,441,251,252,239,3176,3177,3164
T077,L,T010,test,442,239,252,240,3164,3177,3165
T077,L,T010,test,443,252,253,240,3177,3178,3165
T077,L,T010,test,444,240,253,241,3165,3178,3166
T077,L,T010,test,445,253,254,241,3178,3179,3166
T077,L,T010,test,446,241,254,242,3166,3179,3167
T077,L,T010,test,447,254,255,242,3179,3180,3167
T077,L,T010,test,448,242,255,243,3167,3180,3168
T077,L,T010,test,449,255,256,243,3180,3181,3168
T077,L,T010,test,450,243,256,244,3168,3181,3169
T077,L,T010,test,451,256,257,244,3181,3182,3169
T077,L,T010,test,452,244,257,245,3169,3182,3170
T077,L,T010,test,453,257,258,245,3182,3183,3170
T077,L,T010,test,454,245,258,246,3170,3183,3171
T077,L,T010,test,455,247,259,248,3172,3184,3173
T077,L,T010,test,456,259,260,248,3184,3185,3173
T077,L,T010,test,457,248,260,249,3173,3185,3174
T077,L,T010,test,458,260,261,249,3185,3186,3174
T077,L,T010,test,459,249,261,250,3174,3186,3175
T077,L,T010,test,460,261,262,250,3186,3187,3175
T077,L,T010,test,461,250,262,251,3175,3187,3176
T077,L,T010,test,462,262,263,251,3187,3188,3176
T077,L,T010,test,463,251,263,252,3176,3188,3177
T077,L,T010,test,464,263,264,252,3188,3189,3177
T077,L,T010,test,465,252,264,253,3177,3189,3178
T077,L,T010,test,466,264,265,253,3189,3190,3178
T077,L,T010,test,467,253,265,254,3178,3190,3179
T077,L,T010,test,468,265,266,254,3190,3191,3179
T077,L,T010,test,469,254,266,255,3179,3191,3180
T077,L,T010,test,470,266,267,255,3191,3192,3180
T077,L,T010,test,471,255,267,256,3180,3192,3181
T077,L,T010,test,472,267,268,256,3192,3193,3181
T077,L,T010,test,473,256,268,257,3181,3193,3182
T077,L,T010,test,474,268,269,257,3193,3194,3182
T077,L,T010,test,475,257,269,258,3182,3194,3183
T077,L,T010,test,476,259,270,260,3184,3195,3185
T077,L,T010,test,477,270,271,260,3195,3196,3185
T077,L,T010,test,478,260,271,261,3185,3196,3186
T077,L,T010,test,479,271,272,261,3196,3197,3186
T077,L,T010,test,480,261,272,262,3186,3197,3187
T077,L,T010,test,481,272,273,262,3197,3198,3187
T077,L,T010,test,482,262,273,263,3187,3198,3188
T077,L,T010,test,483,273,274,263,3198,3199,3188
T077,L,T010,test,484,263,274,264,3188,3199,3189
T077,L,T010,test,485,274,275,264,3199,3200,3189
T077,L,T010,test,486,264,275,265,3189,3200,3190
T077,L,T010,test,487,275,276,265,3200,3201,3190
T077,L,T010,test,488,265,276,266,3190,3201,3191
T077,L,T010,test,489,276,277,266,3201,3202,3191
T077,L,T010,test,490,266,277,267,3191,3202,3192
T077,L,T010,test,491,277,278,267,3202,3203,3192
T077,L,T010,test,492,267,278,268,3192,3203,3193
T077,L,T010,test,493,278,279,268,3203,3204,3193
T077,L,T010,test,494,268,279,269,3193,3204,3194
T077,L,T010,test,495,270,280,271,3195,3205,3196
T077,L,T010,test,496,280,281,271,3205,3206,3196
T077,L,T010,test,497,271,281,272,3196,3206,3197
T077,L,T010,test,498,281,282,272,3206,3207,3197
T077,L,T010,test,499,272,282,273,3197,3207,3198
T077,L,T010,test,500,282,283,273,3207,3208,3198
T077,L,T010,test,501,273,283,274,3198,3208,3199
T077,L,T010,test,502,283,284,274,3208,3209,3199
T077,L,T010,test,503,274,284,275,3199,3209,3200
T077,L,T010,test,504,284,285,275,3209,3210,3200
T077,L,T010,test,505,275,285,276,3200,3210,3201
T077,L,T010,test,506,285,286,276,3210,3211,3201
T077,L,T010,test,507,276,286,277,3201,3211,3202
T077,L,T010,test,508,286,287,277,3211,3212,3202
T077,L,T010,test,509,277,287,278,3202,3212,3203
T077,L,T010,test,510,287,288,278,3212,3213,3203
T077,L,T010,test,511,278,288,279,3203,3213,3204
T077,L,T010,test,512,280,289,281,3205,3214,3206
T077,L,T010,test,513,289,290,281,3214,3215,3206
T077,L,T010,test,514,281,290,282,3206,3215,3207
T077,L,T010,test,515,290,291,282,3215,3216,3207
T077,L,T010,test,516,282,291,283,3207,3216,3208
T077,L,T010,test,517,291,292,283,3216,3217,3208
T077,L,T010,test,518,283,292,284,3208,3217,3209
T077,L,T010,test,519,292,293,284,3217,3218,3209
T077,L,T010,test,520,284,293,285,3209,3218,3210
T077,L,T010,test,521,293,294,285,3218,3219,3210
T077,L,T010,test,522,285,294,286,3210,3219,3211
T077,L,T010,test,523,294,295,286,3219,3220,3211
T077,L,T010,test,524,286,295,287,3211,3220,3212
T077,L,T010,test,525,295,296,287,3220,3221,3212
T077,L,T010,test,526,287,296,288,3212,3221,3213
T077,L,T010,test,527,289,297,290,3214,3222,3215
T077,L,T010,test,528,297,298,290,3222,3223,3215
T077,L,T010,test,529,290,298,291,3215,3223,3216
T077,L,T010,test,530,298,299,291,3223,3224,3216
T077,L,T010,test,531,291,299,292,3216,3224,3217
T077,L,T010,test,532,299,300,292,3224,3225,3217
T077,L,T010,test,533,292,300,293,3217,3225,3218
T077,L,T010,test,534,300,301,293,3225,3226,3218
T077,L,T010,test,535,293,301,294,3218,3226,3219
T077,L,T010,test,536,301,302,294,3226,3227,3219
T077,L,T010,test,537,294,302,295,3219,3227,3220
T077,L,T010,test,538,302,303,295,3227,3228,3220
T077,L,T010,test,539,295,303,296,3220,3228,3221
T077,L,T010,test,540,297,304,298,3222,3229,3223
T077,L,T010,test,541,304,305,298,3229,3230,3223
T077,L,T010,test,542,298,305,299,3223,3230,3224
T077,L,T010,test,543,305,306,299,3230,3231,3224
T077,L,T010,test,544,299,306,300,3224,3231,3225
T077,L,T010,test,545,306,307,300,3231,3232,3225
T077,L,T010,test,546,300,307,301,3225,3232,3226
T077,L,T010,test,547,307,308,301,3232,3233,3226
T077,L,T010,test,548,301,308,302,3226,3233,3227
T077,L,T010,test,549,308,309,302,3233,3234,3227
T077,L,T010,test,550,302,309,303,3227,3234,3228
T077,L,T010,test,551,304,310,305,3229,3235,3230
T077,L,T010,test,552,310,311,305,3235,3236,3230
T077,L,T010,test,553,305,311,306,3230,3236,3231
T077,L,T010,test,554,311,312,306,3236,3237,3231
T077,L,T010,test,555,306,312,307,3231,3237,3232
T077,L,T010,test,556,312,313,307,3237,3238,3232
T077,L,T010,test,557,307,313,308,3232,3238,3233
T077,L,T010,test,558,313,314,308,3238,3239,3233
T077,L,T010,test,559,308,314,309,3233,3239,3234
T077,L,T010,test,560,310,315,311,3235,3240,3236
T077,L,T010,test,561,315,316,311,3240,3241,3236
T077,L,T010,test,562,311,316,312,3236,3241,3237
T077,L,T010,test,563,316,317,312,3241,3242,3237
T077,L,T010,test,564,312,317,313,3237,3242,3238
T077,L,T010,test,565,317,318,313,3242,3243,3238
T077,L,T010,test,566,313,318,314,3238,3243,3239
T077,L,T010,test,567,315,319,316,3240,3244,3241
T077,L,T010,test,568,319,320,316,3244,3245,3241
T077,L,T010,test,569,316,320,317,3241,3245,3242
T077,L,T010,test,570,320,321,317,3245,3246,3242
T077,L,T010,test,571,317,321,318,3242,3246,3243
T077,L,T010,test,572,319,322,320,3244,3247,3245
T077,L,T010,test,573,322,323,320,3247,3248,3245
T077,L,T010,test,574,320,323,321,3245,3248,3246
T077,L,T010,test,575,322,324,323,3247,3249,3248
T077,L,T011,test,0,0,25,1,3250,3275,3251
T077,L,T011,test,1,25,26,1,3275,3276,3251
T077,L,T011,test,2,1,26,2,3251,3276,3252
T077,L,T011,test,3,26,27,2,3276,3277,3252
T077,L,T011,test,4,2,27,3,3252,3277,3253
T077,L,T011,test,5,27,28,3,3277,3278,3253
T077,L,T011,test,6,3,28,4,3253,3278,3254
T077,L,T011,test,7,28,29,4,3278,3279,3254
T077,L,T011,test,8,4,29,5,3254,3279,3255
T077,L,T011,test,9,29,30,5,3279,3280,3255
T077,L,T011,test,10,5,30,6,3255,3280,3256
T077,L,T011,test,11,30,31,6,3280,3281,3256
T077,L,T011,test,12,6,31,7,3256,3281,3257
T077,L,T011,test,13,31,32,7,3281,3282,3257
T077,L,T011,test,14,7,32,8,3257,3282,3258
T077,L,T011,test,15,32,33,8,3282,3283,3258
T077,L,T011,test,16,8,33,9,3258,3283,3259
T077,L,T011,test,17,33,34,9,3283,3284,3259
T077,L,T011,test,18,9,34,10,3259,3284,3260
T077,L,T011,test,19,34,35,10,3284,3285,3260
T077,L,T011,test,20,10,35,11,3260,3285,3261
T077,L,T011,test,21,35,36,11,3285,3286,3261
T077,L,T011,test,22,11,36,12,3261,3286,3262
T077,L,T011,test,23,36,37,12,3286,3287,3262
T077,L,T011,test,24,12,37,13,3262,3287,3263
T077,L,T011,test,25,37,38,13,3287,3288,3263
T077,L,T011,test,26,13,38,14,3263,3288,3264
T077,L,T011,test,27,38,39,14,3288,3289,3264
T077,L,T011,test,28,14,39,15,3264,3289,3265
T077,L,T011,test,29,39,40,15,3289,3290,3265
T077,L,T011,test,30,15,40,16,3265,3290,3266
T077,L,T011,test,31,40,41,16,3290,3291,3266
T077,L,T011,test,32,16,41,17,3266,3291,3267
T077,L,T011,test,33,41,42,17,3291,3292,3267
T077,L,T011,test,34,17,42,18,3267,3292,3268
T077,L,T011,test,35,42,43,18,3292,3293,3268
T077,L,T011,test,36,18,43,19,3268,3293,3269
T077,L,T011,test,37,43,44,19,3293,3294,3269
T077,L,T011,test,38,19,44,20,3269,3294,3270
T077,L,T011,test,39,44,45,20,3294,3295,3270
T077,L,T011,test,40,20,45,21,3270,3295,3271
T077,L,T011,test,41,45,46,21,3295,3296,3271
T077,L,T011,test,42,21,46,22,3271,3296,3272
T077,L,T011,test,43,46,47,22,3296,3297,3272
T077,L,T011,test,44,22,47,23,3272,3297,3273
T077,L,T011,test,45,47,48,23,3297,3298,3273
T077,L,T011,test,46,23,48,24,3273,3298,3274
T077,L,T011,test,47,25,49,26,3275,3299,3276
T077,L,T011,test,48,49,50,26,3299,3300,3276
T077,L,T011,test,49,26,50,27,3276,3300,3277
T077,L,T011,test,50,50,51,27,3300,3301,3277
T077,L,T011,test,51,27,51,28,3277,3301,3278
T077,L,T011,test,52,51,52,28,3301,3302,3278
T077,L,T011,test,53,28,52,29,3278,3302,3279
T077,L,T011,test,54,52,53,29,3302,3303,3279
T077,L,T011,test,55,29,53,30,3279,3303,3280
T077,L,T011,test,56,53,54,30,3303,3304,3280
T077,L,T011,test,57,30,54,31,3280,3304,3281
T077,L,T011,test,58,54,55,31,3304,3305,3281
T077,L,T011,test,59,31,55,32,3281,3305,3282
T077,L,T011,test,60,55,56,32,3305,3306,3282
T077,L,T011,test,61,32,56,33,3282,3306,3283
T077,L,T011,test,62,56,57,33,3306,3307,3283
T077,L,T011,test,63,33,57,34,3283,3307,3284
T077,L,T011,test,64,57,58,34,3307,3308,3284
T077,L,T011,test,65,34,58,35,3284,3308,3285
T077,L,T011,test,66,58,59,35,3308,3309,3285
T077,L,T011,test,67,35,59,36,3285,3309,3286
T077,L,T011,test,68,59,60,36,3309,3310,3286
T077,L,T011,test,69,36,60,37,3286,3310,3287
T077,L,T011,test,70,60,61,37,3310,3311,3287
T077,L,T011,test,71,37,61,38,3287,3311,3288
T077,L,T011,test,72,61,62,38,3311,3312,3288
T077,L,T011,test,73,38,62,39,3288,3312,3289
T077,L,T011,test,74,62,63,39,3312,3313,3289
T077,L,T011,test,75,39,63,40,3289,3313,3290
T077,L,T011,test,76,63,64,40,3313,3314,3290
T077,L,T011,test,77,40,64,41,3290,3314,3291
T077,L,T011,test,78,64,65,41,3314,3315,3291
T077,L,T011,test,79,41,65,42,3291,3315,3292
T077,L,T011,test,80,65,66,42,3315,3316,3292
T077,L,T011,test,81,42,66,43,3292,3316,3293
T077,L,T011,test,82,66,67,43,3316,3317,3293
T077,L,T011,test,83,43,67,44,3293,3317,3294
T077,L,T011,test,84,67,68,44,3317,3318,3294
T077,L,T011,test,85,44,68,45,3294,3318,3295
T077,L,T011,test,86,68,69,45,3318,3319,3295
T077,L,T011,test,87,45,69,46,3295,3319,3296
T077,L,T011,test,88,69,70,46,3319,3320,3296
T077,L,T011,test,89,46,70,47,3296,3320,3297
T077,L,T011,test,90,70,71,47,3320,3321,3297
T077,L,T011,test,91,47,71,48,3297,3321,3298
T077,L,T011,test,92,49,72,50,3299,3322,3300
T077,L,T011,test,93,72,73,50,3322,3323,3300
T077,L,T011,test,94,50,73,51,3300,3323,3301
T077,L,T011,test,95,73,74,51,3323,3324,3301
T077,L,T011,test,96,51,74,52,3301,3324,3302
T077,L,T011,test,97,74,75,52,3324,3325,3302
T077,L,T011,test,98,52,75,53,3302,3325,3303
T077,L,T011,test,99,75,76,53,3325,3326,3303
T077,L,T011,test,100,53,76,54,3303,3326,3304
T077,L,T011,test,101,76,77,54,3326,3327,3304
T077,L,T011,test,102,54,77,55,3304,3327,3305
T077,L,T011,test,103,77,78,55,3327,3328,3305
T077,L,T011,test,104,55,78,56,3305,3328,3306
T077,L,T011,test,105,78,79,56,3328,3329,3306
T077,L,T011,test,106,56,79,57,3306,3329,3307
T077,L,T011,test,107,79,80,57,3329,3330,3307
T077,L,T011,test,108,57,80,58,3307,3330,3308
T077,L,T011,test,109,80,81,58,3330,3331,3308
T077,L,T011,test,110,58,81,59,3308,3331,3309
T077,L,T011,test,111,81,82,59,3331,3332,3309
T077,L,T011,test,112,59,82,60,3309,3332,3310
T077,L,T011,test,113,82,83,60,3332,3333,3310
T077,L,T011,test,114,60,83,61,3310,3333,3311
T077,L,T011,test,115,83,84,61,3333,3334,3311
T077,L,T011,test,116,61,84,62,3311,3334,3312
T077,L,T011,test,117,84,85,62,3334,3335,3312
T077,L,T011,test,118,62,85,63,3312,3335,3313
T077,L,T011,test,119,85,86,63,3335,3336,3313
T077,L,T011,test,120,63,86,64,3313,3336,3314
T077,L,T011,test,121,86,87,64,3336,3337,3314
T077,L,T011,test,122,64,87,65,3314,3337,3315
T077,L,T011,test,123,87,88,65,3337,3338,3315
T077,L,T011,test,124,65,88,66,3315,3338,3316
T077,L,T011,test,125,88,89,66,3338,3339,3316
T077,L,T011,test,126,66,89,67,3316,3339,3317
T077,L,T011,test,127,89,90,67,3339,3340,3317
T077,L,T011,test,128,67,90,68,3317,3340,3318
T077,L,T011,test,129,90,91,68,3340,3341,3318
T077,L,T011,test,130,68,91,69,3318,3341,3319
T077,L,T011,test,131,91,92,69,3341,3342,3319
T077,L,T011,test,132,69,92,70,3319,3342,3320
T077,L,T011,test,133,92,93,70,3342,3343,3320
T077,L,T011,test,134,70,93,71,3320,3343,3321
T077,L,T011,test,135,72,94,73,3322,3344,3323
T077,L,T011,test,136,94,95,73,3344,3345,3323
T077,L,T011,test,137,73,95,74,3323,3345,3324
T077,L,T011,test,138,95,96,74,3345,3346,3324
T077,L,T011,test,139,74,96,75,3324,3346,3325
T077,L,T011,test,140,96,97,75,3346,3347,3325
T077,L,T011,test,141,75,97,76,3325,3347,3326
T077,L,T011,test,142,97,98,76,3347,3348,3326
T077,L,T011,test,143,76,98,77,3326,3348,3327
T077,L,T011,test,144,98,99,77,3348,3349,3327
T077,L,T011,test,145,77,99,78,3327,3349,3328
T077,L,T011,test,146,99,100,78,3349,3350,3328
T077,L,T011,test,147,78,100,79,3328,3350,3329
T077,L,T011,test,148,100,101,79,3350,3351,3329
T077,L,T011,test,149,79,101,80,3329,3351,3330
T077,L,T011,test,150,101,102,80,3351,3352,3330
T077,L,T011,test,151,80,102,81,3330,3352,3331
T077,L,T011,test,152,102,103,81,3352,3353,3331
T077,L,T011,test,153,81,103,82,3331,3353,3332
T077,L,T011,test,154,103,104,82,3353,3354,3332
T077,L,T011,test,155,82,104,83,3332,3354,3333
T077,L,T011,test,156,104,105,83,3354,3355,3333
T077,L,T011,test,157,83,105,84,3333,3355,3334
T077,L,T011,test,158,105,106,84,3355,3356,3334
T077,L,T011,test,159,84,106,85,3334,3356,3335
T077,L,T011,test,160,106,107,85,3356,3357,3335
T077,L,T011,test,161,85,107,86,3335,3357,3336
T077,L,T011,test,162,107,108,86,3357,3358,3336
T077,L,T011,test,163,86,108,87,3336,3358,3337
T077,L,T011,test,164,108,109,87,3358,3359,3337
T077,L,T011,test,165,87,109,88,3337,3359,3338
T077,L,T011,test,166,109,110,88,3359,3360,3338
T077,L,T011,test,167,88,110,89,3338,3360,3339
T077,L,T011,test,168,110,111,89,3360,3361,3339
T077,L,T011,test,169,89,111,90,3339,3361,3340
T077,L,T011,test,170,111,112,90,3361,3362,3340
T077,L,T011,test,171,90,112,91,3340,3362,3341
T077,L,T011,test,172,112,113,91,3362,3363,3341
T077,L,T011,test,173,91,113,92,3341,3363,3342
T077,L,T011,test,174,113,114,92,3363,3364,3342
T077,L,T011,test,175,92,114,93,3342,3364,3343
T077,L,T011,test,176,94,115,95,3344,3365,3345
T077,L,T011,test,177,115,116,95,3365,3366,3345
T077,L,T011,test,178,95,116,96,3345,3366,3346
T077,L,T011,test,179,116,117,96,3366,3367,3346
T077,L,T011,test,180,96,117,97,3346,3367,3347
T077,L,T011,test,181,117,118,97,3367,3368,3347
T077,L,T011,test,182,97,118,98,3347,3368,3348
T077,L,T011,test,183,118,119,98,3368,3369,3348
T077,L,T011,test,184,98,119,99,3348,3369,3349
T077,L,T011,test,185,119,120,99,3369,3370,3349
T077,L,T011,test,186,99,120,100,3349,3370,3350
T077,L,T011,test,187,120,121,100,3370,3371,3350
T077,L,T011,test,188,100,121,101,3350,3371,3351
T077,L,T011,test,189,121,122,101,3371,3372,3351
T077,L,T011,test,190,101,122,102,3351,3372,3352
T077,L,T011,test,191,122,123,102,3372,3373,3352
T077,L,T011,test,192,102,123,103,3352,3373,3353
T077,L,T011,test,193,123,124,103,3373,3374,3353
T077,L,T011,test,194,103,124,104,3353,3374,3354
T077,L,T011,test,195,124,125,104,3374,3375,3354
T077,L,T011,test,196,104,125,105,3354,3375,3355
T077,L,T011,test,197,125,126,105,3375,3376,3355
T077,L,T011,test,198,105,126,106,3355,3376,3356
T077,L,T011,test,199,126,127,106,3376,3377,3356
T077,L,T011,test,200,106,127,107,3356,3377,3357
T077,L,T011,test,201,127,128,107,3377,3378,3357
T077,L,T011,test,202,107,128,108,3357,3378,3358
T077,L,T011,test,203,128,129,108,3378,3379,3358
T077,L,T011,test,204,108,129,109,3358,3379,3359
T077,L,T011,test,205,129,130,109,3379,3380,3359
T077,L,T011,test,206,109,130,110,3359,3380,3360
T077,L,T011,test,207,130,131,110,3380,3381,3360
T077,L,T011,test,208,110,131,111,3360,3381,3361
T077,L,T011,test,209,131,132,111,3381,3382,3361
T077,L,T011,test,210,111,132,112,3361,3382,3362
T077,L,T011,test,211,132,133,112,3382,3383,3362
T077,L,T011,test,212,112,133,113,3362,3383,3363
T077,L,T011,test,213,133,134,113,3383,3384,3363
T077,L,T011,test,214,113,134,114,3363,3384,3364
T077,L,T011,test,215,115,135,116,3365,3385,3366
T077,L,T011,test,216,135,136,116,3385,3386,3366
T077,L,T011,test,217,116,136,117,3366,3386,3367
T077,L,T011,test,218,136,137,117,3386,3387,3367
T077,L,T011,test,219,117,137,118,3367,3387,3368
T077,L,T011,test,220,137,138,118,3387,3388,3368
T077,L,T011,test,221,118,138,119,3368,3388,3369
T077,L,T011,test,222,138,139,119,3388,3389,3369
T077,L,T011,test,223,119,139,120,3369,3389,3370
T077,L,T011,test,224,139,140,120,3389,3390,3370
T077,L,T011,test,225,120,140,121,3370,3390,3371
T077,L,T011,test,226,140,141,121,3390,3391,3371
T077,L,T011,test,227,121,141,122,3371,3391,3372
T077,L,T011,test,228,141,142,122,3391,3392,3372
T077,L,T011,test,229,122,142,123,3372,3392,3373
T077,L,T011,test,230,142,143,123,3392,3393,3373
T077,L,T011,test,231,123,143,124,3373,3393,3374
T077,L,T011,test,232,143,144,124,3393,3394,3374
T077,L,T011,test,233,124,144,125,3374,3394,3375
T077,L,T011,test,234,144,145,125,3394,3395,3375
T077,L,T011,test,235,125,145,126,3375,3395,3376
T077,L,T011,test,236,145,146,126,3395,3396,3376
T077,L,T011,test,237,126,146,127,3376,3396,3377
T077,L,T011,test,238,146,147,127,3396,3397,3377
T077,L,T011,test,239,127,147,128,3377,3397,3378
T077,L,T011,test,240,147,148,128,3397,3398,3378
T077,L,T011,test,241,128,148,129,3378,3398,3379
T077,L,T011,test,242,148,149,129,3398,3399,3379
T077,L,T011,test,243,129,149,130,3379,3399,3380
T077,L,T011,test,244,149,150,130,3399,3400,3380
T077,L,T011,test,245,130,150,131,3380,3400,3381
T077,L,T011,test,246,150,151,131,3400,3401,3381
T077,L,T011,test,247,131,151,132,3381,3401,3382
T077,L,T011,test,248,151,152,132,3401,3402,3382
T077,L,T011,test,249,132,152,133,3382,3402,3383
T077,L,T011,test,250,152,153,133,3402,3403,3383
T077,L,T011,test,251,133,153,134,3383,3403,3384
T077,L,T011,test,252,135,154,136,3385,3404,3386
T077,L,T011,test,253,154,155,136,3404,3405,3386
T077,L,T011,test,254,136,155,137,3386,3405,3387
T077,L,T011,test,255,155,156,137,3405,3406,3387
T077,L,T011,test,256,137,156,138,3387,3406,3388
T077,L,T011,test,257,156,157,138,3406,3407,3388
T077,L,T011,test,258,138,157,139,3388,3407,3389
T077,L,T011,test,259,157,158,139,3407,3408,3389
T077,L,T011,test,260,139,158,140,3389,3408,3390
T077,L,T011,test,261,158,159,140,3408,3409,3390
T077,L,T011,test,262,140,159,141,3390,3409,3391
T077,L,T011,test,263,159,160,141,3409,3410,3391
T077,L,T011,test,264,141,160,142,3391,3410,3392
T077,L,T011,test,265,160,161,142,3410,3411,3392
T077,L,T011,test,266,142,161,143,3392,3411,3393
T077,L,T011,test,267,161,162,143,3411,3412,3393
T077,L,T011,test,268,143,162,144,3393,3412,3394
T077,L,T011,test,269,162,163,144,3412,3413,3394
T077,L,T011,test,270,144,163,145,3394,3413,3395
T077,L,T011,test,271,163,164,145,3413,3414,3395
T077,L,T011,test,272,145,164,146,3395,3414,3396
T077,L,T011,test,273,164,165,146,3414,3415,3396
T077,L,T011,test,274,146,165,147,3396,3415,3397
T077,L,T011,test,275,165,166,147,3415,3416,3397
T077,L,T011,test,276,147,166,148,3397,3416,3398
T077,L,T011,test,277,166,167,148,3416,3417,3398
T077,L,T011,test,278,148,167,149,3398,3417,3399
T077,L,T011,test,279,167,168,149,3417,3418,3399
T077,L,T011,test,280,149,168,150,3399,3418,3400
T077,L,T011,test,281,168,169,150,3418,3419,3400
T077,L,T011,test,282,150,169,151,3400,3419,3401
T077,L,T011,test,283,169,170,151,3419,3420,3401
T077,L,T011,test,284,151,170,152,3401,3420,3402
T077,L,T011,test,285,170,171,152,3420,3421,3402
T077,L,T011,test,286,152,171,153,3402,3421,3403
T077,L,T011,test,287,154,172,155,3404,3422,3405
T077,L,T011,test,288,172,173,155,3422,3423,3405
T077,L,T011,test,289,155,173,156,3405,3423,3406
T077,L,T011,test,290,173,174,156,3423,3424,3406
T077,L,T011,test,291,156,174,157,3406,3424,3407
T077,L,T011,test,292,174,175,157,3424,3425,3407
T077,L,T011,test,293,157,175,158,3407,3425,3408
T077,L,T011,test,294,175,176,158,3425,3426,3408
T077,L,T011,test,295,158,176,159,3408,3426,3409
T077,L,T011,test,296,176,177,159,3426,3427,3409
T077,L,T011,test,297,159,177,160,3409,3427,3410
T077,L,T011,test,298,177,178,160,3427,3428,3410
T077,L,T011,test,299,160,178,161,3410,3428,3411
T077,L,T011,test,300,178,179,161,3428,3429,3411
T077,L,T011,test,301,161,179,162,3411,3429,3412
T077,L,T011,test,302,179,180,162,3429,3430,3412
T077,L,T011,test,303,162,180,163,3412,3430,3413
T077,L,T011,test,304,180,181,163,3430,3431,3413
T077,L,T011,test,305,163,181,164,3413,3431,3414
T077,L,T011,test,306,181,182,164,3431,3432,3414
T077,L,T011,test,307,164,182,165,3414,3432,3415
T077,L,T011,test,308,182,183,165,3432,3433,3415
T077,L,T011,test,309,165,183,166,3415,3433,3416
T077,L,T011,test,310,183,184,166,3433,3434,3416
T077,L,T011,test,311,166,184,167,3416,3434,3417
T077,L,T011,test,312,184,185,167,3434,3435,3417
T077,L,T011,test,313,167,185,168,3417,3435,3418
T077,L,T011,test,314,185,186,168,3435,3436,3418
T077,L,T011,test,315,168,186,169,3418,3436,3419
T077,L,T011,test,316,186,187,169,3436,3437,3419
T077,L,T011,test,317,169,187,170,3419,3437,3420
T077,L,T011,test,318,187,188,170,3437,3438,3420
T077,L,T011,test,319,170,188,171,3420,3438,3421
T077,L,T011,test,320,172,189,173,3422,3439,3423
T077,L,T011,test,321,189,190,173,3439,3440,3423
T077,L,T011,test,322,173,190,174,3423,3440,3424
T077,L,T011,test,323,190,191,174,3440,3441,3424
T077,L,T011,test,324,174,191,175,3424,3441,3425
T077,L,T011,test,325,191,192,175,3441,3442,3425
T077,L,T011,test,326,175,192,176,3425,3442,3426
T077,L,T011,test,327,192,193,176,3442,3443,3426
T077,L,T011,test,328,176,193,177,3426,3443,3427
T077,L,T011,test,329,193,194,177,3443,3444,3427
T077,L,T011,test,330,177,194,178,3427,3444,3428
T077,L,T011,test,331,194,195,178,3444,3445,3428
T077,L,T011,test,332,178,195,179,3428,3445,3429
T077,L,T011,test,333,195,196,179,3445,3446,3429
T077,L,T011,test,334,179,196,180,3429,3446,3430
T077,L,T011,test,335,196,197,180,3446,3447,3430
T077,L,T011,test,336,180,197,181,3430,3447,3431
T077,L,T011,test,337,197,198,181,3447,3448,3431
T077,L,T011,test,338,181,198,182,3431,3448,3432
T077,L,T011,test,339,198,199,182,3448,3449,3432
T077,L,T011,test,340,182,199,183,3432,3449,3433
T077,L,T011,test,341,199,200,183,3449,3450,3433
T077,L,T011,test,342,183,200,184,3433,3450,3434
T077,L,T011,test,343,200,201,184,3450,3451,3434
T077,L,T011,test,344,184,201,185,3434,3451,3435
T077,L,T011,test,345,201,202,185,3451,3452,3435
T077,L,T011,test,346,185,202,186,3435,3452,3436
T077,L,T011,test,347,202,203,186,3452,3453,3436
T077,L,T011,test,348,186,203,187,3436,3453,3437
T077,L,T011,test,349,203,204,187,3453,3454,3437
T077,L,T011,test,350,187,204,188,3437,3454,3438
T077,L,T011,test,351,189,205,190,3439,3455,3440
T077,L,T011,test,352,205,206,190,3455,3456,3440
T077,L,T011,test,353,190,206,191,3440,3456,3441
T077,L,T011,test,354,206,207,191,3456,3457,3441
T077,L,T011,test,355,191,207,192,3441,3457,3442
T077,L,T011,test,356,207,208,192,3457,3458,3442
T077,L,T011,test,357,192,208,193,3442,3458,3443
T077,L,T011,test,358,208,209,193,3458,3459,3443
T077,L,T011,test,359,193,209,194,3443,3459,3444
T077,L,T011,test,360,209,210,194,3459,3460,3444
T077,L,T011,test,361,194,210,195,3444,3460,3445
T077,L,T011,test,362,210,211,195,3460,3461,3445
T077,L,T011,test,363,195,211,196,3445,3461,3446
T077,L,T011,test,364,211,212,196,3461,3462,3446
T077,L,T011,test,365,196,212,197,3446,3462,3447
T077,L,T011,test,366,212,213,197,3462,3463,3447
T077,L,T011,test,367,197,213,198,3447,3463,3448
T077,L,T011,test,368,213,214,198,3463,3464,3448
T077,L,T011,test,369,198,214,199,3448,3464,3449
T077,L,T011,test,370,214,215,199,3464,3465,3449
T077,L,T011,test,371,199,215,200,3449,3465,3450
T077,L,T011,test,372,215,216,200,3465,3466,3450
T077,L,T011,test,373,200,216,201,3450,3466,3451
T077,L,T011,test,374,216,217,201,3466,3467,3451
T077,L,T011,test,375,201,217,202,3451,3467,3452
T077,L,T011,test,376,217,218,202,3467,3468,3452
T077,L,T011,test,377,202,218,203,3452,3468,3453
T077,L,T011,test,378,218,219,203,3468,3469,3453
T077,L,T011,test,379,203,219,204,3453,3469,3454
T077,L,T011,test,380,205,220,206,3455,3470,3456
T077,L,T011,test,381,220,221,206,3470,3471,3456
T077,L,T011,test,382,206,221,207,3456,3471,3457
T077,L,T011,test,383,221,222,207,3471,3472,3457
T077,L,T011,test,384,207,222,208,3457,3472,3458
T077,L,T011,test,385,222,223,208,3472,3473,3458
T077,L,T011,test,386,208,223,209,3458,3473,3459
T077,L,T011,test,387,223,224,209,3473,3474,3459
T077,L,T011,test,388,209,224,210,3459,3474,3460
T077,L,T011,test,389,224,225,210,3474,3475,3460
T077,L,T011,test,390,210,225,211,3460,3475,3461
T077,L,T011,test,391,225,226,211,3475,3476,3461
T077,L,T011,test,392,211,226,212,3461,3476,3462
T077,L,T011,test,393,226,227,212,3476,3477,3462
T077,L,T011,test,394,212,227,213,3462,3477,3463
T077,L,T011,test,395,227,228,213,3477,3478,3463
T077,L,T011,test,396,213,228,214,3463,3478,3464
T077,L,T011,test,397,228,229,214,3478,3479,3464
T077,L,T011,test,398,214,229,215,3464,3479,3465
T077,L,T011,test,399,229,230,215,3479,3480,3465
T077,L,T011,test,400,215,230,216,3465,3480,3466
T077,L,T011,test,401,230,231,216,3480,3481,3466
T077,L,T011,test,402,216,231,217,3466,3481,3467
T077,L,T011,test,403,231,232,217,3481,3482,3467
T077,L,T011,test,404,217,232,218,3467,3482,3468
T077,L,T011,test,405,232,233,218,3482,3483,3468
T077,L,T011,test,406,218,233,219,3468,3483,3469
T077,L,T011,test,407,220,234,221,3470,3484,3471
T077,L,T011,test,408,234,235,221,3484,3485,3471
T077,L,T011,test,409,221,235,222,3471,3485,3472
T077,L,T011,test,410,235,236,222,3485,3486,3472
T077,L,T011,test,411,222,236,223,3472,3486,3473
T077,L,T011,test,412,236,237,223,3486,3487,3473
T077,L,T011,test,413,223,237,224,3473,3487,3474
T077,L,T011,test,414,237,238,224,3487,3488,3474
T077,L,T011,test,415,224,238,225,3474,3488,3475
T077,L,T011,test,416,238,239,225,3488,3489,3475
T077,L,T011,test,417,225,239,226,3475,3489,3476
T077,L,T011,test,418,239,240,226,3489,3490,3476
T077,L,T011,test,419,226,240,227,3476,3490,3477
T077,L,T011,test,420,240,241,227,3490,3491,3477
T077,L,T011,test,421,227,241,228,3477,3491,3478
T077,L,T011,test,422,241,242,228,3491,3492,3478
T077,L,T011,test,423,228,242,229,3478,3492,3479
T077,L,T011,test,424,242,243,229,3492,3493,3479
T077,L,T011,test,425,229,243,230,3479,3493,3480
T077,L,T011,test,426,243,244,230,3493,3494,3480
T077,L,T011,test,427,230,244,231,3480,3494,3481
T077,L,T011,test,428,244,245,231,3494,3495,3481
T077,L,T011,test,429,231,245,232,3481,3495,3482
T077,L,T011,test,430,245,246,232,3495,3496,3482
T077,L,T011,test,431,232,246,233,3482,3496,3483
T077,L,T011,test,432,234,247,235,3484,3497,3485
T077,L,T011,test,433,247,248,235,3497,3498,3485
T077,L,T011,test,434,235,248,236,3485,3498,3486
T077,L,T011,test,435,248,249,236,3498,3499,3486
T077,L,T011,test,436,236,249,237,3486,3499,3487
T077,L,T011,test,437,249,250,237,3499,3500,3487
T077,L,T011,test,438,237,250,238,3487,3500,3488
T077,L,T011,test,439,250,251,238,3500,3501,3488
T077,L,T011,test,440,238,251,239,3488,3501,3489
T077,L,T011,test,441,251,252,239,3501,3502,3489
T077,L,T011,test,442,239,252,240,3489,3502,3490
T077,L,T011,test,443,252,253,240,3502,3503,3490
T077,L,T011,test,444,240,253,241,3490,3503,3491
T077,L,T011,test,445,253,254,241,3503,3504,3491
T077,L,T011,test,446,241,254,242,3491,3504,3492
T077,L,T011,test,447,254,255,242,3504,3505,3492
T077,L,T011,test,448,242,255,243,3492,3505,3493
T077,L,T011,test,449,255,256,243,3505,3506,3493
T077,L,T011,test,450,243,256,244,3493,3506,3494
T077,L,T011,test,451,256,257,244,3506,3507,3494
T077,L,T011,test,452,244,257,245,3494,3507,3495
T077,L,T011,test,453,257,258,245,3507,3508,3495
T077,L,T011,test,454,245,258,246,3495,3508,3496
T077,L,T011,test,455,247,259,248,3497,3509,3498
T077,L,T011,test,456,259,260,248,3509,3510,3498
T077,L,T011,test,457,248,260,249,3498,3510,3499
T077,L,T011,test,458,260,261,249,3510,3511,3499
T077,L,T011,test,459,249,261,250,3499,3511,3500
T077,L,T011,test,460,261,262,250,3511,3512,3500
T077,L,T011,test,461,250,262,251,3500,3512,3501
T077,L,T011,test,462,262,263,251,3512,3513,3501
T077,L,T011,test,463,251,263,252,3501,3513,3502
T077,L,T011,test,464,263,264,252,3513,3514,3502
T077,L,T011,test,465,252,264,253,3502,3514,3503
T077,L,T011,test,466,264,265,253,3514,3515,3503
T077,L,T011,test,467,253,265,254,3503,3515,3504
T077,L,T011,test,468,265,266,254,3515,3516,3504
T077,L,T011,test,469,254,266,255,3504,3516,3505
T077,L,T011,test,470,266,267,255,3516,3517,3505
T077,L,T011,test,471,255,267,256,3505,3517,3506
T077,L,T011,test,472,267,268,256,3517,3518,3506
T077,L,T011,test,473,256,268,257,3506,3518,3507
T077,L,T011,test,474,268,269,257,3518,3519,3507
T077,L,T011,test,475,257,269,258,3507,3519,3508
T077,L,T011,test,476,259,270,260,3509,3520,3510
T077,L,T011,test,477,270,271,260,3520,3521,3510
T077,L,T011,test,478,260,271,261,3510,3521,3511
T077,L,T011,test,479,271,272,261,3521,3522,3511
T077,L,T011,test,480,261,272,262,3511,3522,3512
T077,L,T011,test,481,272,273,262,3522,3523,3512
T077,L,T011,test,482,262,273,263,3512,3523,3513
T077,L,T011,test,483,273,274,263,3523,3524,3513
T077,L,T011,test,484,263,274,264,3513,3524,3514
T077,L,T011,test,485,274,275,264,3524,3525,3514
T077,L,T011,test,486,264,275,265,3514,3525,3515
T077,L,T011,test,487,275,276,265,3525,3526,3515
T077,L,T011,test,488,265,276,266,3515,3526,3516
T077,L,T011,test,489,276,277,266,3526,3527,3516
T077,L,T011,test,490,266,277,267,3516,3527,3517
T077,L,T011,test,491,277,278,267,3527,3528,3517
T077,L,T011,test,492,267,278,268,3517,3528,3518
T077,L,T011,test,493,278,279,268,3528,3529,3518
T077,L,T011,test,494,268,279,269,3518,3529,3519
T077,L,T011,test,495,270,280,271,3520,3530,3521
T077,L,T011,test,496,280,281,271,3530,3531,3521
T077,L,T011,test,497,271,281,272,3521,3531,3522
T077,L,T011,test,498,281,282,272,3531,3532,3522
T077,L,T011,test,499,272,282,273,3522,3532,3523
T077,L,T011,test,500,282,283,273,3532,3533,3523
T077,L,T011,test,501,273,283,274,3523,3533,3524
T077,L,T011,test,502,283,284,274,3533,3534,3524
T077,L,T011,test,503,274,284,275,3524,3534,3525
T077,L,T011,test,504,284,285,275,3534,3535,3525
T077,L,T011,test,505,275,285,276,3525,3535,3526
T077,L,T011,test,506,285,286,276,3535,3536,3526
T077,L,T011,test,507,276,286,277,3526,3536,3527
T077,L,T011,test,508,286,287,277,3536,3537,3527
T077,L,T011,test,509,277,287,278,3527,3537,3528
T077,L,T011,test,510,287,288,278,3537,3538,3528
T077,L,T011,test,511,278,288,279,3528,3538,3529
T077,L,T011,test,512,280,289,281,3530,3539,3531
T077,L,T011,test,513,289,290,281,3539,3540,3531
T077,L,T011,test,514,281,290,282,3531,3540,3532
T077,L,T011,test,515,290,291,282,3540,3541,3532
T077,L,T011,test,516,282,291,283,3532,3541,3533
T077,L,T011,test,517,291,292,283,3541,3542,3533
T077,L,T011,test,518,283,292,284,3533,3542,3534
T077,L,T011,test,519,292,293,284,3542,3543,3534
T077,L,T011,test,520,284,293,285,3534,3543,3535
T077,L,T011,test,521,293,294,285,3543,3544,3535
T077,L,T011,test,522,285,294,286,3535,3544,3536
T077,L,T011,test,523,294,295,286,3544,3545,3536
T077,L,T011,test,524,286,295,287,3536,3545,3537
T077,L,T011,test,525,295,296,287,3545,3546,3537
T077,L,T011,test,526,287,296,288,3537,3546,3538
T077,L,T011,test,527,289,297,290,3539,3547,3540
T077,L,T011,test,528,297,298,290,3547,3548,3540
T077,L,T011,test,529,290,298,291,3540,3548,3541
T077,L,T011,test,530,298,299,291,3548,3549,3541
T077,L,T011,test,531,291,299,292,3541,3549,3542
T077,L,T011,test,532,299,300,292,3549,3550,3542
T077,L,T011,test,533,292,300,293,3542,3550,3543
T077,L,T011,test,534,300,301,293,3550,3551,3543
T077,L,T011,test,535,293,301,294,3543,3551,3544
T077,L,T011,test,536,301,302,294,3551,3552,3544
T077,L,T011,test,537,294,302,295,3544,3552,3545
T077,L,T011,test,538,302,303,295,3552,3553,3545
T077,L,T011,test,539,295,303,296,3545,3553,3546
T077,L,T011,test,540,297,304,298,3547,3554,3548
T077,L,T011,test,541,304,305,298,3554,3555,3548
T077,L,T011,test,542,298,305,299,3548,3555,3549
T077,L,T011,test,543,305,306,299,3555,3556,3549
T077,L,T011,test,544,299,306,300,3549,3556,3550
T077,L,T011,test,545,306,307,300,3556,3557,3550
T077,L,T011,test,546,300,307,301,3550,3557,3551
T077,L,T011,test,547,307,308,301,3557,3558,3551
T077,L,T011,test,548,301,308,302,3551,3558,3552
T077,L,T011,test,549,308,309,302,3558,3559,3552
T077,L,T011,test,550,302,309,303,3552,3559,3553
T077,L,T011,test,551,304,310,305,3554,3560,3555
T077,L,T011,test,552,310,311,305,3560,3561,3555
T077,L,T011,test,553,305,311,306,3555,3561,3556
T077,L,T011,test,554,311,312,306,3561,3562,3556
T077,L,T011,test,555,306,312,307,3556,3562,3557
T077,L,T011,test,556,312,313,307,3562,3563,3557
T077,L,T011,test,557,307,313,308,3557,3563,3558
T077,L,T011,test,558,313,314,308,3563,3564,3558
T077,L,T011,test,559,308,314,309,3558,3564,3559
T077,L,T011,test,560,310,315,311,3560,3565,3561
T077,L,T011,test,561,315,316,311,3565,3566,3561
T077,L,T011,test,562,311,316,312,3561,3566,3562
T077,L,T011,test,563,316,317,312,3566,3567,3562
T077,L,T011,test,564,312,317,313,3562,3567,3563
T077,L,T011,test,565,317,318,313,3567,3568,3563
T077,L,T011,test,566,313,318,314,3563,3568,3564
T077,L,T011,test,567,315,319,316,3565,3569,3566
T077,L,T011,test,568,319,320,316,3569,3570,3566
T077,L,T011,test,569,316,320,317,3566,3570,3567
T077,L,T011,test,570,320,321,317,3570,3571,3567
T077,L,T011,test,571,317,321,318,3567,3571,3568
T077,L,T011,test,572,319,322,320,3569,3572,3570
T077,L,T011,test,573,322,323,320,3572,3573,3570
T077,L,T011,test,574,320,323,321,3570,3573,3571
T077,L,T011,test,575,322,324,323,3572,3574,3573
T077,L,T012,test,0,0,25,1,3575,3600,3576
T077,L,T012,test,1,25,26,1,3600,3601,3576
T077,L,T012,test,2,1,26,2,3576,3601,3577
T077,L,T012,test,3,26,27,2,3601,3602,3577
T077,L,T012,test,4,2,27,3,3577,3602,3578
T077,L,T012,test,5,27,28,3,3602,3603,3578
T077,L,T012,test,6,3,28,4,3578,3603,3579
T077,L,T012,test,7,28,29,4,3603,3604,3579
T077,L,T012,test,8,4,29,5,3579,3604,3580
T077,L,T012,test,9,29,30,5,3604,3605,3580
T077,L,T012,test,10,5,30,6,3580,3605,3581
T077,L,T012,test,11,30,31,6,3605,3606,3581
T077,L,T012,test,12,6,31,7,3581,3606,3582
T077,L,T012,test,13,31,32,7,3606,3607,3582
T077,L,T012,test,14,7,32,8,3582,3607,3583
T077,L,T012,test,15,32,33,8,3607,3608,3583
T077,L,T012,test,16,8,33,9,3583,3608,3584
T077,L,T012,test,17,33,34,9,3608,3609,3584
T077,L,T012,test,18,9,34,10,3584,3609,3585
T077,L,T012,test,19,34,35,10,3609,3610,3585
T077,L,T012,test,20,10,35,11,3585,3610,3586
T077,L,T012,test,21,35,36,11,3610,3611,3586
T077,L,T012,test,22,11,36,12,3586,3611,3587
T077,L,T012,test,23,36,37,12,3611,3612,3587
T077,L,T012,test,24,12,37,13,3587,3612,3588
T077,L,T012,test,25,37,38,13,3612,3613,3588
T077,L,T012,test,26,13,38,14,3588,3613,3589
T077,L,T012,test,27,38,39,14,3613,3614,3589
T077,L,T012,test,28,14,39,15,3589,3614,3590
T077,L,T012,test,29,39,40,15,3614,3615,3590
T077,L,T012,test,30,15,40,16,3590,3615,3591
T077,L,T012,test,31,40,41,16,3615,3616,3591
T077,L,T012,test,32,16,41,17,3591,3616,3592
T077,L,T012,test,33,41,42,17,3616,3617,3592
T077,L,T012,test,34,17,42,18,3592,3617,3593
T077,L,T012,test,35,42,43,18,3617,3618,3593
T077,L,T012,test,36,18,43,19,3593,3618,3594
T077,L,T012,test,37,43,44,19,3618,3619,3594
T077,L,T012,test,38,19,44,20,3594,3619,3595
T077,L,T012,test,39,44,45,20,3619,3620,3595
T077,L,T012,test,40,20,45,21,3595,3620,3596
T077,L,T012,test,41,45,46,21,3620,3621,3596
T077,L,T012,test,42,21,46,22,3596,3621,3597
T077,L,T012,test,43,46,47,22,3621,3622,3597
T077,L,T012,test,44,22,47,23,3597,3622,3598
T077,L,T012,test,45,47,48,23,3622,3623,3598
T077,L,T012,test,46,23,48,24,3598,3623,3599
T077,L,T012,test,47,25,49,26,3600,3624,3601
T077,L,T012,test,48,49,50,26,3624,3625,3601
T077,L,T012,test,49,26,50,27,3601,3625,3602
T077,L,T012,test,50,50,51,27,3625,3626,3602
T077,L,T012,test,51,27,51,28,3602,3626,3603
T077,L,T012,test,52,51,52,28,3626,3627,3603
T077,L,T012,test,53,28,52,29,3603,3627,3604
T077,L,T012,test,54,52,53,29,3627,3628,3604
T077,L,T012,test,55,29,53,30,3604,3628,3605
T077,L,T012,test,56,53,54,30,3628,3629,3605
T077,L,T012,test,57,30,54,31,3605,3629,3606
T077,L,T012,test,58,54,55,31,3629,3630,3606
T077,L,T012,test,59,31,55,32,3606,3630,3607
T077,L,T012,test,60,55,56,32,3630,3631,3607
T077,L,T012,test,61,32,56,33,3607,3631,3608
T077,L,T012,test,62,56,57,33,3631,3632,3608
T077,L,T012,test,63,33,57,34,3608,3632,3609
T077,L,T012,test,64,57,58,34,3632,3633,3609
T077,L,T012,test,65,34,58,35,3609,3633,3610
T077,L,T012,test,66,58,59,35,3633,3634,3610
T077,L,T012,test,67,35,59,36,3610,3634,3611
T077,L,T012,test,68,59,60,36,3634,3635,3611
T077,L,T012,test,69,36,60,37,3611,3635,3612
T077,L,T012,test,70,60,61,37,3635,3636,3612
T077,L,T012,test,71,37,61,38,3612,3636,3613
T077,L,T012,test,72,61,62,38,3636,3637,3613
T077,L,T012,test,73,38,62,39,3613,3637,3614
T077,L,T012,test,74,62,63,39,3637,3638,3614
T077,L,T012,test,75,39,63,40,3614,3638,3615
T077,L,T012,test,76,63,64,40,3638,3639,3615
T077,L,T012,test,77,40,64,41,3615,3639,3616
T077,L,T012,test,78,64,65,41,3639,3640,3616
T077,L,T012,test,79,41,65,42,3616,3640,3617
T077,L,T012,test,80,65,66,42,3640,3641,3617
T077,L,T012,test,81,42,66,43,3617,3641,3618
T077,L,T012,test,82,66,67,43,3641,3642,3618
T077,L,T012,test,83,43,67,44,3618,3642,3619
T077,L,T012,test,84,67,68,44,3642,3643,3619
T077,L,T012,test,85,44,68,45,3619,3643,3620
T077,L,T012,test,86,68,69,45,3643,3644,3620
T077,L,T012,test,87,45,69,46,3620,3644,3621
T077,L,T012,test,88,69,70,46,3644,3645,3621
T077,L,T012,test,89,46,70,47,3621,3645,3622
T077,L,T012,test,90,70,71,47,3645,3646,3622
T077,L,T012,test,91,47,71,48,3622,3646,3623
T077,L,T012,test,92,49,72,50,3624,3647,3625
T077,L,T012,test,93,72,73,50,3647,3648,3625
T077,L,T012,test,94,50,73,51,3625,3648,3626
T077,L,T012,test,95,73,74,51,3648,3649,3626
T077,L,T012,test,96,51,74,52,3626,3649,3627
T077,L,T012,test,97,74,75,52,3649,3650,3627
T077,L,T012,test,98,52,75,53,3627,3650,3628
T077,L,T012,test,99,75,76,53,3650,3651,3628
T077,L,T012,test,100,53,76,54,3628,3651,3629
T077,L,T012,test,101,76,77,54,3651,3652,3629
T077,L,T012,test,102,54,77,55,3629,3652,3630
T077,L,T012,test,103,77,78,55,3652,3653,3630
T077,L,T012,test,104,55,78,56,3630,3653,3631
T077,L,T012,test,105,78,79,56,3653,3654,3631
T077,L,T012,test,106,56,79,57,3631,3654,3632
T077,L,T012,test,107,79,80,57,3654,3655,3632
T077,L,T012,test,108,57,80,58,3632,3655,3633
T077,L,T012,test,109,80,81,58,3655,3656,3633
T077,L,T012,test,110,58,81,59,3633,3656,3634
T077,L,T012,test,111,81,82,59,3656,3657,3634
T077,L,T012,test,112,59,82,60,3634,3657,3635
T077,L,T012,test,113,82,83,60,3657,3658,3635
T077,L,T012,test,114,60,83,61,3635,3658,3636
T077,L,T012,test,115,83,84,61,3658,3659,3636
T077,L,T012,test,116,61,84,62,3636,3659,3637
T077,L,T012,test,117,84,85,62,3659,3660,3637
T077,L,T012,test,118,62,85,63,3637,3660,3638
T077,L,T012,test,119,85,86,63,3660,3661,3638
T077,L,T012,test,120,63,86,64,3638,3661,3639
T077,L,T012,test,121,86,87,64,3661,3662,3639
T077,L,T012,test,122,64,87,65,3639,3662,3640
T077,L,T012,test,123,87,88,65,3662,3663,3640
T077,L,T012,test,124,65,88,66,3640,3663,3641
T077,L,T012,test,125,88,89,66,3663,3664,3641
T077,L,T012,test,126,66,89,67,3641,3664,3642
T077,L,T012,test,127,89,90,67,3664,3665,3642
T077,L,T012,test,128,67,90,68,3642,3665,3643
T077,L,T012,test,129,90,91,68,3665,3666,3643
T077,L,T012,test,130,68,91,69,3643,3666,3644
T077,L,T012,test,131,91,92,69,3666,3667,3644
T077,L,T012,test,132,69,92,70,3644,3667,3645
T077,L,T012,test,133,92,93,70,3667,3668,3645
T077,L,T012,test,134,70,93,71,3645,3668,3646
T077,L,T012,test,135,72,94,73,3647,3669,3648
T077,L,T012,test,136,94,95,73,3669,3670,3648
T077,L,T012,test,137,73,95,74,3648,3670,3649
T077,L,T012,test,138,95,96,74,3670,3671,3649
T077,L,T012,test,139,74,96,75,3649,3671,3650
T077,L,T012,test,140,96,97,75,3671,3672,3650
T077,L,T012,test,141,75,97,76,3650,3672,3651
T077,L,T012,test,142,97,98,76,3672,3673,3651
T077,L,T012,test,143,76,98,77,3651,3673,3652
T077,L,T012,test,144,98,99,77,3673,3674,3652
T077,L,T012,test,145,77,99,78,3652,3674,3653
T077,L,T012,test,146,99,100,78,3674,3675,3653
T077,L,T012,test,147,78,100,79,3653,3675,3654
T077,L,T012,test,148,100,101,79,3675,3676,3654
T077,L,T012,test,149,79,101,80,3654,3676,3655
T077,L,T012,test,150,101,102,80,3676,3677,3655
T077,L,T012,test,151,80,102,81,3655,3677,3656
T077,L,T012,test,152,102,103,81,3677,3678,3656
T077,L,T012,test,153,81,103,82,3656,3678,3657
T077,L,T012,test,154,103,104,82,3678,3679,3657
T077,L,T012,test,155,82,104,83,3657,3679,3658
T077,L,T012,test,156,104,105,83,3679,3680,3658
T077,L,T012,test,157,83,105,84,3658,3680,3659
T077,L,T012,test,158,105,106,84,3680,3681,3659
T077,L,T012,test,159,84,106,85,3659,3681,3660
T077,L,T012,test,160,106,107,85,3681,3682,3660
T077,L,T012,test,161,85,107,86,3660,3682,3661
T077,L,T012,test,162,107,108,86,3682,3683,3661
T077,L,T012,test,163,86,108,87,3661,3683,3662
T077,L,T012,test,164,108,109,87,3683,3684,3662
T077,L,T012,test,165,87,109,88,3662,3684,3663
T077,L,T012,test,166,109,110,88,3684,3685,3663
T077,L,T012,test,167,88,110,89,3663,3685,3664
T077,L,T012,test,168,110,111,89,3685,3686,3664
T077,L,T012,test,169,89,111,90,3664,3686,3665
T077,L,T012,test,170,111,112,90,3686,3687,3665
T077,L,T012,test,171,90,112,91,3665,3687,3666
T077,L,T012,test,172,112,113,91,3687,3688,3666
T077,L,T012,test,173,91,113,92,3666,3688,3667
T077,L,T012,test,174,113,114,92,3688,3689,3667
T077,L,T012,test,175,92,114,93,3667,3689,3668
T077,L,T012,test,176,94,115,95,3669,3690,3670
T077,L,T012,test,177,115,116,95,3690,3691,3670
T077,L,T012,test,178,95,116,96,3670,3691,3671
T077,L,T012,test,179,116,117,96,3691,3692,3671
T077,L,T012,test,180,96,117,97,3671,3692,3672
T077,L,T012,test,181,117,118,97,3692,3693,3672
T077,L,T012,test,182,97,118,98,3672,3693,3673
T077,L,T012,test,183,118,119,98,3693,3694,3673
T077,L,T012,test,184,98,119,99,3673,3694,3674
T077,L,T012,test,185,119,120,99,3694,3695,3674
T077,L,T012,test,186,99,120,100,3674,3695,3675
T077,L,T012,test,187,120,121,100,3695,3696,3675
T077,L,T012,test,188,100,121,101,3675,3696,3676
T077,L,T012,test,189,121,122,101,3696,3697,3676
T077,L,T012,test,190,101,122,102,3676,3697,3677
T077,L,T012,test,191,122,123,102,3697,3698,3677
T077,L,T012,test,192,102,123,103,3677,3698,3678
T077,L,T012,test,193,123,124,103,3698,3699,3678
T077,L,T012,test,194,103,124,104,3678,3699,3679
T077,L,T012,test,195,124,125,104,3699,3700,3679
T077,L,T012,test,196,104,125,105,3679,3700,3680
T077,L,T012,test,197,125,126,105,3700,3701,3680
T077,L,T012,test,198,105,126,106,3680,3701,3681
T077,L,T012,test,199,126,127,106,3701,3702,3681
T077,L,T012,test,200,106,127,107,3681,3702,3682
T077,L,T012,test,201,127,128,107,3702,3703,3682
T077,L,T012,test,202,107,128,108,3682,3703,3683
T077,L,T012,test,203,128,129,108,3703,3704,3683
T077,L,T012,test,204,108,129,109,3683,3704,3684
T077,L,T012,test,205,129,130,109,3704,3705,3684
T077,L,T012,test,206,109,130,110,3684,3705,3685
T077,L,T012,test,207,130,131,110,3705,3706,3685
T077,L,T012,test,208,110,131,111,3685,3706,3686
T077,L,T012,test,209,131,132,111,3706,3707,3686
T077,L,T012,test,210,111,132,112,3686,3707,3687
T077,L,T012,test,211,132,133,112,3707,3708,3687
T077,L,T012,test,212,112,133,113,3687,3708,3688
T077,L,T012,test,213,133,134,113,3708,3709,3688
T077,L,T012,test,214,113,134,114,3688,3709,3689
T077,L,T012,test,215,115,135,116,3690,3710,3691
T077,L,T012,test,216,135,136,116,3710,3711,3691
T077,L,T012,test,217,116,136,117,3691,3711,3692
T077,L,T012,test,218,136,137,117,3711,3712,3692
T077,L,T012,test,219,117,137,118,3692,3712,3693
T077,L,T012,test,220,137,138,118,3712,3713,3693
T077,L,T012,test,221,118,138,119,3693,3713,3694
T077,L,T012,test,222,138,139,119,3713,3714,3694
T077,L,T012,test,223,119,139,120,3694,3714,3695
T077,L,T012,test,224,139,140,120,3714,3715,3695
T077,L,T012,test,225,120,140,121,3695,3715,3696
T077,L,T012,test,226,140,141,121,3715,3716,3696
T077,L,T012,test,227,121,141,122,3696,3716,3697
T077,L,T012,test,228,141,142,122,3716,3717,3697
T077,L,T012,test,229,122,142,123,3697,3717,3698
T077,L,T012,test,230,142,143,123,3717,3718,3698
T077,L,T012,test,231,123,143,124,3698,3718,3699
T077,L,T012,test,232,143,144,124,3718,3719,3699
T077,L,T012,test,233,124,144,125,3699,3719,3700
T077,L,T012,test,234,144,145,125,3719,3720,3700
T077,L,T012,test,235,125,145,126,3700,3720,3701
T077,L,T012,test,236,145,146,126,3720,3721,3701
T077,L,T012,test,237,126,146,127,3701,3721,3702
T077,L,T012,test,238,146,147,127,3721,3722,3702
T077,L,T012,test,239,127,147,128,3702,3722,3703
T077,L,T012,test,240,147,148,128,3722,3723,3703
T077,L,T012,test,241,128,148,129,3703,3723,3704
T077,L,T012,test,242,148,149,129,3723,3724,3704
T077,L,T012,test,243,129,149,130,3704,3724,3705
T077,L,T012,test,244,149,150,130,3724,3725,3705
T077,L,T012,test,245,130,150,131,3705,3725,3706
T077,L,T012,test,246,150,151,131,3725,3726,3706
T077,L,T012,test,247,131,151,132,3706,3726,3707
T077,L,T012,test,248,151,152,132,3726,3727,3707
T077,L,T012,test,249,132,152,133,3707,3727,3708
T077,L,T012,test,250,152,153,133,3727,3728,3708
T077,L,T012,test,251,133,153,134,3708,3728,3709
T077,L,T012,test,252,135,154,136,3710,3729,3711
T077,L,T012,test,253,154,155,136,3729,3730,3711
T077,L,T012,test,254,136,155,137,3711,3730,3712
T077,L,T012,test,255,155,156,137,3730,3731,3712
T077,L,T012,test,256,137,156,138,3712,3731,3713
T077,L,T012,test,257,156,157,138,3731,3732,3713
T077,L,T012,test,258,138,157,139,3713,3732,3714
T077,L,T012,test,259,157,158,139,3732,3733,3714
T077,L,T012,test,260,139,158,140,3714,3733,3715
T077,L,T012,test,261,158,159,140,3733,3734,3715
T077,L,T012,test,262,140,159,141,3715,3734,3716
T077,L,T012,test,263,159,160,141,3734,3735,3716
T077,L,T012,test,264,141,160,142,3716,3735,3717
T077,L,T012,test,265,160,161,142,3735,3736,3717
T077,L,T012,test,266,142,161,143,3717,3736,3718
T077,L,T012,test,267,161,162,143,3736,3737,3718
T077,L,T012,test,268,143,162,144,3718,3737,3719
T077,L,T012,test,269,162,163,144,3737,3738,3719
T077,L,T012,test,270,144,163,145,3719,3738,3720
T077,L,T012,test,271,163,164,145,3738,3739,3720
T077,L,T012,test,272,145,164,146,3720,3739,3721
T077,L,T012,test,273,164,165,146,3739,3740,3721
T077,L,T012,test,274,146,165,147,3721,3740,3722
T077,L,T012,test,275,165,166,147,3740,3741,3722
T077,L,T012,test,276,147,166,148,3722,3741,3723
T077,L,T012,test,277,166,167,148,3741,3742,3723
T077,L,T012,test,278,148,167,149,3723,3742,3724
T077,L,T012,test,279,167,168,149,3742,3743,3724
T077,L,T012,test,280,149,168,150,3724,3743,3725
T077,L,T012,test,281,168,169,150,3743,3744,3725
T077,L,T012,test,282,150,169,151,3725,3744,3726
T077,L,T012,test,283,169,170,151,3744,3745,3726
T077,L,T012,test,284,151,170,152,3726,3745,3727
T077,L,T012,test,285,170,171,152,3745,3746,3727
T077,L,T012,test,286,152,171,153,3727,3746,3728
T077,L,T012,test,287,154,172,155,3729,3747,3730
T077,L,T012,test,288,172,173,155,3747,3748,3730
T077,L,T012,test,289,155,173,156,3730,3748,3731
T077,L,T012,test,290,173,174,156,3748,3749,3731
T077,L,T012,test,291,156,174,157,3731,3749,3732
T077,L,T012,test,292,174,175,157,3749,3750,3732
T077,L,T012,test,293,157,175,158,3732,3750,3733
T077,L,T012,test,294,175,176,158,3750,3751,3733
T077,L,T012,test,295,158,176,159,3733,3751,3734
T077,L,T012,test,296,176,177,159,3751,3752,3734
T077,L,T012,test,297,159,177,160,3734,3752,3735
T077,L,T012,test,298,177,178,160,3752,3753,3735
T077,L,T012,test,299,160,178,161,3735,3753,3736
T077,L,T012,test,300,178,179,161,3753,3754,3736
T077,L,T012,test,301,161,179,162,3736,3754,3737
T077,L,T012,test,302,179,180,162,3754,3755,3737
T077,L,T012,test,303,162,180,163,3737,3755,3738
T077,L,T012,test,304,180,181,163,3755,3756,3738
T077,L,T012,test,305,163,181,164,3738,3756,3739
T077,L,T012,test,306,181,182,164,3756,3757,3739
T077,L,T012,test,307,164,182,165,3739,3757,3740
T077,L,T012,test,308,182,183,165,3757,3758,3740
T077,L,T012,test,309,165,183,166,3740,3758,3741
T077,L,T012,test,310,183,184,166,3758,3759,3741
T077,L,T012,test,311,166,184,167,3741,3759,3742
T077,L,T012,test,312,184,185,167,3759,3760,3742
T077,L,T012,test,313,167,185,168,3742,3760,3743
T077,L,T012,test,314,185,186,168,3760,3761,3743
T077,L,T012,test,315,168,186,169,3743,3761,3744
T077,L,T012,test,316,186,187,169,3761,3762,3744
T077,L,T012,test,317,169,187,170,3744,3762,3745
T077,L,T012,test,318,187,188,170,3762,3763,3745
T077,L,T012,test,319,170,188,171,3745,3763,3746
T077,L,T012,test,320,172,189,173,3747,3764,3748
T077,L,T012,test,321,189,190,173,3764,3765,3748
T077,L,T012,test,322,173,190,174,3748,3765,3749
T077,L,T012,test,323,190,191,174,3765,3766,3749
T077,L,T012,test,324,174,191,175,3749,3766,3750
T077,L,T012,test,325,191,192,175,3766,3767,3750
T077,L,T012,test,326,175,192,176,3750,3767,3751
T077,L,T012,test,327,192,193,176,3767,3768,3751
T077,L,T012,test,328,176,193,177,3751,3768,3752
T077,L,T012,test,329,193,194,177,3768,3769,3752
T077,L,T012,test,330,177,194,178,3752,3769,3753
T077,L,T012,test,331,194,195,178,3769,3770,3753
T077,L,T012,test,332,178,195,179,3753,3770,3754
T077,L,T012,test,333,195,196,179,3770,3771,3754
T077,L,T012,test,334,179,196,180,3754,3771,3755
T077,L,T012,test,335,196,197,180,3771,3772,3755
T077,L,T012,test,336,180,197,181,3755,3772,3756
T077,L,T012,test,337,197,198,181,3772,3773,3756
T077,L,T012,test,338,181,198,182,3756,3773,3757
T077,L,T012,test,339,198,199,182,3773,3774,3757
T077,L,T012,test,340,182,199,183,3757,3774,3758
T077,L,T012,test,341,199,200,183,3774,3775,3758
T077,L,T012,test,342,183,200,184,3758,3775,3759
T077,L,T012,test,343,200,201,184,3775,3776,3759
T077,L,T012,test,344,184,201,185,3759,3776,3760
T077,L,T012,test,345,201,202,185,3776,3777,3760
T077,L,T012,test,346,185,202,186,3760,3777,3761
T077,L,T012,test,347,202,203,186,3777,3778,3761
T077,L,T012,test,348,186,203,187,3761,3778,3762
T077,L,T012,test,349,203,204,187,3778,3779,3762
T077,L,T012,test,350,187,204,188,3762,3779,3763
T077,L,T012,test,351,189,205,190,3764,3780,3765
T077,L,T012,test,352,205,206,190,3780,3781,3765
T077,L,T012,test,353,190,206,191,3765,3781,3766
T077,L,T012,test,354,206,207,191,3781,3782,3766
T077,L,T012,test,355,191,207,192,3766,3782,3767
T077,L,T012,test,356,207,208,192,3782,3783,3767
T077,L,T012,test,357,192,208,193,3767,3783,3768
T077,L,T012,test,358,208,209,193,3783,3784,3768
T077,L,T012,test,359,193,209,194,3768,3784,3769
T077,L,T012,test,360,209,210,194,3784,3785,3769
T077,L,T012,test,361,194,210,195,3769,3785,3770
T077,L,T012,test,362,210,211,195,3785,3786,3770
T077,L,T012,test,363,195,211,196,3770,3786,3771
T077,L,T012,test,364,211,212,196,3786,3787,3771
T077,L,T012,test,365,196,212,197,3771,3787,3772
T077,L,T012,test,366,212,213,197,3787,3788,3772
T077,L,T012,test,367,197,213,198,3772,3788,3773
T077,L,T012,test,368,213,214,198,3788,3789,3773
T077,L,T012,test,369,198,214,199,3773,3789,3774
T077,L,T012,test,370,214,215,199,3789,3790,3774
T077,L,T012,test,371,199,215,200,3774,3790,3775
T077,L,T012,test,372,215,216,200,3790,3791,3775
T077,L,T012,test,373,200,216,201,3775,3791,3776
T077,L,T012,test,374,216,217,201,3791,3792,3776
T077,L,T012,test,375,201,217,202,3776,3792,3777
T077,L,T012,test,376,217,218,202,3792,3793,3777
T077,L,T012,test,377,202,218,203,3777,3793,3778
T077,L,T012,test,378,218,219,203,3793,3794,3778
T077,L,T012,test,379,203,219,204,3778,3794,3779
T077,L,T012,test,380,205,220,206,3780,3795,3781
T077,L,T012,test,381,220,221,206,3795,3796,3781
T077,L,T012,test,382,206,221,207,3781,3796,3782
T077,L,T012,test,383,221,222,207,3796,3797,3782
T077,L,T012,test,384,207,222,208,3782,3797,3783
T077,L,T012,test,385,222,223,208,3797,3798,3783
T077,L,T012,test,386,208,223,209,3783,3798,3784
T077,L,T012,test,387,223,224,209,3798,3799,3784
T077,L,T012,test,388,209,224,210,3784,3799,3785
T077,L,T012,test,389,224,225,210,3799,3800,3785
T077,L,T012,test,390,210,225,211,3785,3800,3786
T077,L,T012,test,391,225,226,211,3800,3801,3786
T077,L,T012,test,392,211,226,212,3786,3801,3787
T077,L,T012,test,393,226,227,212,3801,3802,3787
T077,L,T012,test,394,212,227,213,3787,3802,3788
T077,L,T012,test,395,227,228,213,3802,3803,3788
T077,L,T012,test,396,213,228,214,3788,3803,3789
T077,L,T012,test,397,228,229,214,3803,3804,3789
T077,L,T012,test,398,214,229,215,3789,3804,3790
T077,L,T012,test,399,229,230,215,3804,3805,3790
T077,L,T012,test,400,215,230,216,3790,3805,3791
T077,L,T012,test,401,230,231,216,3805,3806,3791
T077,L,T012,test,402,216,231,217,3791,3806,3792
T077,L,T012,test,403,231,232,217,3806,3807,3792
T077,L,T012,test,404,217,232,218,3792,3807,3793
T077,L,T012,test,405,232,233,218,3807,3808,3793
T077,L,T012,test,406,218,233,219,3793,3808,3794
T077,L,T012,test,407,220,234,221,3795,3809,3796
T077,L,T012,test,408,234,235,221,3809,3810,3796
T077,L,T012,test,409,221,235,222,3796,3810,3797
T077,L,T012,test,410,235,236,222,3810,3811,3797
T077,L,T012,test,411,222,236,223,3797,3811,3798
T077,L,T012,test,412,236,237,223,3811,3812,3798
T077,L,T012,test,413,223,237,224,3798,3812,3799
T077,L,T012,test,414,237,238,224,3812,3813,3799
T077,L,T012,test,415,224,238,225,3799,3813,3800
T077,L,T012,test,416,238,239,225,3813,3814,3800
T077,L,T012,test,417,225,239,226,3800,3814,3801
T077,L,T012,test,418,239,240,226,3814,3815,3801
T077,L,T012,test,419,226,240,227,3801,3815,3802
T077,L,T012,test,420,240,241,227,3815,3816,3802
T077,L,T012,test,421,227,241,228,3802,3816,3803
T077,L,T012,test,422,241,242,228,3816,3817,3803
T077,L,T012,test,423,228,242,229,3803,3817,3804
T077,L,T012,test,424,242,243,229,3817,3818,3804
T077,L,T012,test,425,229,243,230,3804,3818,3805
T077,L,T012,test,426,243,244,230,3818,3819,3805
T077,L,T012,test,427,230,244,231,3805,3819,3806
T077,L,T012,test,428,244,245,231,3819,3820,3806
T077,L,T012,test,429,231,245,232,3806,3820,3807
T077,L,T012,test,430,245,246,232,3820,3821,3807
T077,L,T012,test,431,232,246,233,3807,3821,3808
T077,L,T012,test,432,234,247,235,3809,3822,3810
T077,L,T012,test,433,247,248,235,3822,3823,3810
T077,L,T012,test,434,235,248,236,3810,3823,3811
T077,L,T012,test,435,248,249,236,3823,3824,3811
T077,L,T012,test,436,236,249,237,3811,3824,3812
T077,L,T012,test,437,249,250,237,3824,3825,3812
T077,L,T012,test,438,237,250,238,3812,3825,3813
T077,L,T012,test,439,250,251,238,3825,3826,3813
T077,L,T012,test,440,238,251,239,3813,3826,3814
T077,L,T012,test,441,251,252,239,3826,3827,3814
T077,L,T012,test,442,239,252,240,3814,3827,3815
T077,L,T012,test,443,252,253,240,3827,3828,3815
T077,L,T012,test,444,240,253,241,3815,3828,3816
T077,L,T012,test,445,253,254,241,3828,3829,3816
T077,L,T012,test,446,241,254,242,3816,3829,3817
T077,L,T012,test,447,254,255,242,3829,3830,3817
T077,L,T012,test,448,242,255,243,3817,3830,3818
T077,L,T012,test,449,255,256,243,3830,3831,3818
T077,L,T012,test,450,243,256,244,3818,3831,3819
T077,L,T012,test,451,256,257,244,3831,3832,3819
T077,L,T012,test,452,244,257,245,3819,3832,3820
T077,L,T012,test,453,257,258,245,3832,3833,3820
T077,L,T012,test,454,245,258,246,3820,3833,3821
T077,L,T012,test,455,247,259,248,3822,3834,3823
T077,L,T012,test,456,259,260,248,3834,3835,3823
T077,L,T012,test,457,248,260,249,3823,3835,3824
T077,L,T012,test,458,260,261,249,3835,3836,3824
T077,L,T012,test,459,249,261,250,3824,3836,3825
T077,L,T012,test,460,261,262,250,3836,3837,3825
T077,L,T012,test,461,250,262,251,3825,3837,3826
T077,L,T012,test,462,262,263,251,3837,3838,3826
T077,L,T012,test,463,251,263,252,3826,3838,3827
T077,L,T012,test,464,263,264,252,3838,3839,3827
T077,L,T012,test,465,252,264,253,3827,3839,3828
T077,L,T012,test,466,264,265,253,3839,3840,3828
T077,L,T012,test,467,253,265,254,3828,3840,3829
T077,L,T012,test,468,265,266,254,3840,3841,3829
T077,L,T012,test,469,254,266,255,3829,3841,3830
T077,L,T012,test,470,266,267,255,3841,3842,3830
T077,L,T012,test,471,255,267,256,3830,3842,3831
T077,L,T012,test,472,267,268,256,3842,3843,3831
T077,L,T012,test,473,256,268,257,3831,3843,3832
T077,L,T012,test,474,268,269,257,3843,3844,3832
T077,L,T012,test,475,257,269,258,3832,3844,3833
T077,L,T012,test,476,259,270,260,3834,3845,3835
T077,L,T012,test,477,270,271,260,3845,3846,3835
T077,L,T012,test,478,260,271,261,3835,3846,3836
T077,L,T012,test,479,271,272,261,3846,3847,3836
T077,L,T012,test,480,261,272,262,3836,3847,3837
T077,L,T012,test,481,272,273,262,3847,3848,3837
T077,L,T012,test,482,262,273,263,3837,3848,3838
T077,L,T012,test,483,273,274,263,3848,3849,3838
T077,L,T012,test,484,263,274,264,3838,3849,3839
T077,L,T012,test,485,274,275,264,3849,3850,3839
T077,L,T012,test,486,264,275,265,3839,3850,3840
T077,L,T012,test,487,275,276,265,3850,3851,3840
T077,L,T012,test,488,265,276,266,3840,3851,3841
T077,L,T012,test,489,276,277,266,3851,3852,3841
T077,L,T012,test,490,266,277,267,3841,3852,3842
T077,L,T012,test,491,277,278,267,3852,3853,3842
T077,L,T012,test,492,267,278,268,3842,3853,3843
T077,L,T012,test,493,278,279,268,3853,3854,3843
T077,L,T012,test,494,268,279,269,3843,3854,3844
T077,L,T012,test,495,270,280,271,3845,3855,3846
T077,L,T012,test,496,280,281,271,3855,3856,3846
T077,L,T012,test,497,271,281,272,3846,3856,3847
T077,L,T012,test,498,281,282,272,3856,3857,3847
T077,L,T012,test,499,272,282,273,3847,3857,3848
T077,L,T012,test,500,282,283,273,3857,3858,3848
T077,L,T012,test,501,273,283,274,3848,3858,3849
T077,L,T012,test,502,283,284,274,3858,3859,3849
T077,L,T012,test,503,274,284,275,3849,3859,3850
T077,L,T012,test,504,284,285,275,3859,3860,3850
T077,L,T012,test,505,275,285,276,3850,3860,3851
T077,L,T012,test,506,285,286,276,3860,3861,3851
T077,L,T012,test,507,276,286,277,3851,3861,3852
T077,L,T012,test,508,286,287,277,3861,3862,3852
T077,L,T012,test,509,277,287,278,3852,3862,3853
T077,L,T012,test,510,287,288,278,3862,3863,3853
T077,L,T012,test,511,278,288,279,3853,3863,3854
T077,L,T012,test,512,280,289,281,3855,3864,3856
T077,L,T012,test,513,289,290,281,3864,3865,3856
T077,L,T012,test,514,281,290,282,3856,3865,3857
T077,L,T012,test,515,290,291,282,3865,3866,3857
T077,L,T012,test,516,282,291,283,3857,3866,3858
T077,L,T012,test,517,291,292,283,3866,3867,3858
T077,L,T012,test,518,283,292,284,3858,3867,3859
T077,L,T012,test,519,292,293,284,3867,3868,3859
T077,L,T012,test,520,284,293,285,3859,3868,3860
T077,L,T012,test,521,293,294,285,3868,3869,3860
T077,L,T012,test,522,285,294,286,3860,3869,3861
T077,L,T012,test,523,294,295,286,3869,3870,3861
T077,L,T012,test,524,286,295,287,3861,3870,3862
T077,L,T012,test,525,295,296,287,3870,3871,3862
T077,L,T012,test,526,287,296,288,3862,3871,3863
T077,L,T012,test,527,289,297,290,3864,3872,3865
T077,L,T012,test,528,297,298,290,3872,3873,3865
T077,L,T012,test,529,290,298,291,3865,3873,3866
T077,L,T012,test,530,298,299,291,3873,3874,3866
T077,L,T012,test,531,291,299,292,3866,3874,3867
T077,L,T012,test,532,299,300,292,3874,3875,3867
T077,L,T012,test,533,292,300,293,3867,3875,3868
T077,L,T012,test,534,300,301,293,3875,3876,3868
T077,L,T012,test,535,293,301,294,3868,3876,3869
T077,L,T012,test,536,301,302,294,3876,3877,3869
T077,L,T012,test,537,294,302,295,3869,3877,3870
T077,L,T012,test,538,302,303,295,3877,3878,3870
T077,L,T012,test,539,295,303,296,3870,3878,3871
T077,L,T012,test,540,297,304,298,3872,3879,3873
T077,L,T012,test,541,304,305,298,3879,3880,3873
T077,L,T012,test,542,298,305,299,3873,3880,3874
T077,L,T012,test,543,305,306,299,3880,3881,3874
T077,L,T012,test,544,299,306,300,3874,3881,3875
T077,L,T012,test,545,306,307,300,3881,3882,3875
T077,L,T012,test,546,300,307,301,3875,3882,3876
T077,L,T012,test,547,307,308,301,3882,3883,3876
T077,L,T012,test,548,301,308,302,3876,3883,3877
T077,L,T012,test,549,308,309,302,3883,3884,3877
T077,L,T012,test,550,302,309,303,3877,3884,3878
T077,L,T012,test,551,304,310,305,3879,3885,3880
T077,L,T012,test,552,310,311,305,3885,3886,3880
T077,L,T012,test,553,305,311,306,3880,3886,3881
T077,L,T012,test,554,311,312,306,3886,3887,3881
T077,L,T012,test,555,306,312,307,3881,3887,3882
T077,L,T012,test,556,312,313,307,3887,3888,3882
T077,L,T012,test,557,307,313,308,3882,3888,3883
T077,L,T012,test,558,313,314,308,3888,3889,3883
T077,L,T012,test,559,308,314,309,3883,3889,3884
T077,L,T012,test,560,310,315,311,3885,3890,3886
T077,L,T012,test,561,315,316,311,3890,3891,3886
T077,L,T012,test,562,311,316,312,3886,3891,3887
T077,L,T012,test,563,316,317,312,3891,3892,3887
T077,L,T012,test,564,312,317,313,3887,3892,3888
T077,L,T012,test,565,317,318,313,3892,3893,3888
T077,L,T012,test,566,313,318,314,3888,3893,3889
T077,L,T012,test,567,315,319,316,3890,3894,3891
T077,L,T012,test,568,319,320,316,3894,3895,3891
T077,L,T012,test,569,316,320,317,3891,3895,3892
T077,L,T012,test,570,320,321,317,3895,3896,3892
T077,L,T012,test,571,317,321,318,3892,3896,3893
T077,L,T012,test,572,319,322,320,3894,3897,3895
T077,L,T012,test,573,322,323,320,3897,3898,3895
T077,L,T012,test,574,320,323,321,3895,3898,3896
T077,L,T012,test,575,322,324,323,3897,3899,3898
T077,L,T013,test,0,0,25,1,3900,3925,3901
T077,L,T013,test,1,25,26,1,3925,3926,3901
T077,L,T013,test,2,1,26,2,3901,3926,3902
T077,L,T013,test,3,26,27,2,3926,3927,3902
T077,L,T013,test,4,2,27,3,3902,3927,3903
T077,L,T013,test,5,27,28,3,3927,3928,3903
T077,L,T013,test,6,3,28,4,3903,3928,3904
T077,L,T013,test,7,28,29,4,3928,3929,3904
T077,L,T013,test,8,4,29,5,3904,3929,3905
T077,L,T013,test,9,29,30,5,3929,3930,3905
T077,L,T013,test,10,5,30,6,3905,3930,3906
T077,L,T013,test,11,30,31,6,3930,3931,3906
T077,L,T013,test,12,6,31,7,3906,3931,3907
T077,L,T013,test,13,31,32,7,3931,3932,3907
T077,L,T013,test,14,7,32,8,3907,3932,3908
T077,L,T013,test,15,32,33,8,3932,3933,3908
T077,L,T013,test,16,8,33,9,3908,3933,3909
T077,L,T013,test,17,33,34,9,3933,3934,3909
T077,L,T013,test,18,9,34,10,3909,3934,3910
T077,L,T013,test,19,34,35,10,3934,3935,3910
T077,L,T013,test,20,10,35,11,3910,3935,3911
T077,L,T013,test,21,35,36,11,3935,3936,3911
T077,L,T013,test,22,11,36,12,3911,3936,3912
T077,L,T013,test,23,36,37,12,3936,3937,3912
T077,L,T013,test,24,12,37,13,3912,3937,3913
T077,L,T013,test,25,37,38,13,3937,3938,3913
T077,L,T013,test,26,13,38,14,3913,3938,3914
T077,L,T013,test,27,38,39,14,3938,3939,3914
T077,L,T013,test,28,14,39,15,3914,3939,3915
T077,L,T013,test,29,39,40,15,3939,3940,3915
T077,L,T013,test,30,15,40,16,3915,3940,3916
T077,L,T013,test,31,40,41,16,3940,3941,3916
T077,L,T013,test,32,16,41,17,3916,3941,3917
T077,L,T013,test,33,41,42,17,3941,3942,3917
T077,L,T013,test,34,17,42,18,3917,3942,3918
T077,L,T013,test,35,42,43,18,3942,3943,3918
T077,L,T013,test,36,18,43,19,3918,3943,3919
T077,L,T013,test,37,43,44,19,3943,3944,3919
T077,L,T013,test,38,19,44,20,3919,3944,3920
T077,L,T013,test,39,44,45,20,3944,3945,3920
T077,L,T013,test,40,20,45,21,3920,3945,3921
T077,L,T013,test,41,45,46,21,3945,3946,3921
T077,L,T013,test,42,21,46,22,3921,3946,3922
T077,L,T013,test,43,46,47,22,3946,3947,3922
T077,L,T013,test,44,22,47,23,3922,3947,3923
T077,L,T013,test,45,47,48,23,3947,3948,3923
T077,L,T013,test,46,23,48,24,3923,3948,3924
T077,L,T013,test,47,25,49,26,3925,3949,3926
T077,L,T013,test,48,49,50,26,3949,3950,3926
T077,L,T013,test,49,26,50,27,3926,3950,3927
T077,L,T013,test,50,50,51,27,3950,3951,3927
T077,L,T013,test,51,27,51,28,3927,3951,3928
T077,L,T013,test,52,51,52,28,3951,3952,3928
T077,L,T013,test,53,28,52,29,3928,3952,3929
T077,L,T013,test,54,52,53,29,3952,3953,3929
T077,L,T013,test,55,29,53,30,3929,3953,3930
T077,L,T013,test,56,53,54,30,3953,3954,3930
T077,L,T013,test,57,30,54,31,3930,3954,3931
T077,L,T013,test,58,54,55,31,3954,3955,3931
T077,L,T013,test,59,31,55,32,3931,3955,3932
T077,L,T013,test,60,55,56,32,3955,3956,3932
T077,L,T013,test,61,32,56,33,3932,3956,3933
T077,L,T013,test,62,56,57,33,3956,3957,3933
T077,L,T013,test,63,33,57,34,3933,3957,3934
T077,L,T013,test,64,57,58,34,3957,3958,3934
T077,L,T013,test,65,34,58,35,3934,3958,3935
T077,L,T013,test,66,58,59,35,3958,3959,3935
T077,L,T013,test,67,35,59,36,3935,3959,3936
T077,L,T013,test,68,59,60,36,3959,3960,3936
T077,L,T013,test,69,36,60,37,3936,3960,3937
T077,L,T013,test,70,60,61,37,3960,3961,3937
T077,L,T013,test,71,37,61,38,3937,3961,3938
T077,L,T013,test,72,61,62,38,3961,3962,3938
T077,L,T013,test,73,38,62,39,3938,3962,3939
T077,L,T013,test,74,62,63,39,3962,3963,3939
T077,L,T013,test,75,39,63,40,3939,3963,3940
T077,L,T013,test,76,63,64,40,3963,3964,3940
T077,L,T013,test,77,40,64,41,3940,3964,3941
T077,L,T013,test,78,64,65,41,3964,3965,3941
T077,L,T013,test,79,41,65,42,3941,3965,3942
T077,L,T013,test,80,65,66,42,3965,3966,3942
T077,L,T013,test,81,42,66,43,3942,3966,3943
T077,L,T013,test,82,66,67,43,3966,3967,3943
T077,L,T013,test,83,43,67,44,3943,3967,3944
T077,L,T013,test,84,67,68,44,3967,3968,3944
T077,L,T013,test,85,44,68,45,3944,3968,3945
T077,L,T013,test,86,68,69,45,3968,3969,3945
T077,L,T013,test,87,45,69,46,3945,3969,3946
T077,L,T013,test,88,69,70,46,3969,3970,3946
T077,L,T013,test,89,46,70,47,3946,3970,3947
T077,L,T013,test,90,70,71,47,3970,3971,3947
T077,L,T013,test,91,47,71,48,3947,3971,3948
T077,L,T013,test,92,49,72,50,3949,3972,3950
T077,L,T013,test,93,72,73,50,3972,3973,3950
T077,L,T013,test,94,50,73,51,3950,3973,3951
T077,L,T013,test,95,73,74,51,3973,3974,3951
T077,L,T013,test,96,51,74,52,3951,3974,3952
T077,L,T013,test,97,74,75,52,3974,3975,3952
T077,L,T013,test,98,52,75,53,3952,3975,3953
T077,L,T013,test,99,75,76,53,3975,3976,3953
T077,L,T013,test,100,53,76,54,3953,3976,3954
T077,L,T013,test,101,76,77,54,3976,3977,3954
T077,L,T013,test,102,54,77,55,3954,3977,3955
T077,L,T013,test,103,77,78,55,3977,3978,3955
T077,L,T013,test,104,55,78,56,3955,3978,3956
T077,L,T013,test,105,78,79,56,3978,3979,3956
T077,L,T013,test,106,56,79,57,3956,3979,3957
T077,L,T013,test,107,79,80,57,3979,3980,3957
T077,L,T013,test,108,57,80,58,3957,3980,3958
T077,L,T013,test,109,80,81,58,3980,3981,3958
T077,L,T013,test,110,58,81,59,3958,3981,3959
T077,L,T013,test,111,81,82,59,3981,3982,3959
T077,L,T013,test,112,59,82,60,3959,3982,3960
T077,L,T013,test,113,82,83,60,3982,3983,3960
T077,L,T013,test,114,60,83,61,3960,3983,3961
T077,L,T013,test,115,83,84,61,3983,3984,3961
T077,L,T013,test,116,61,84,62,3961,3984,3962
T077,L,T013,test,117,84,85,62,3984,3985,3962
T077,L,T013,test,118,62,85,63,3962,3985,3963
T077,L,T013,test,119,85,86,63,3985,3986,3963
T077,L,T013,test,120,63,86,64,3963,3986,3964
T077,L,T013,test,121,86,87,64,3986,3987,3964
T077,L,T013,test,122,64,87,65,3964,3987,3965
T077,L,T013,test,123,87,88,65,3987,3988,3965
T077,L,T013,test,124,65,88,66,3965,3988,3966
T077,L,T013,test,125,88,89,66,3988,3989,3966
T077,L,T013,test,126,66,89,67,3966,3989,3967
T077,L,T013,test,127,89,90,67,3989,3990,3967
T077,L,T013,test,128,67,90,68,3967,3990,3968
T077,L,T013,test,129,90,91,68,3990,3991,3968
T077,L,T013,test,130,68,91,69,3968,3991,3969
T077,L,T013,test,131,91,92,69,3991,3992,3969
T077,L,T013,test,132,69,92,70,3969,3992,3970
T077,L,T013,test,133,92,93,70,3992,3993,3970
T077,L,T013,test,134,70,93,71,3970,3993,3971
T077,L,T013,test,135,72,94,73,3972,3994,3973
T077,L,T013,test,136,94,95,73,3994,3995,3973
T077,L,T013,test,137,73,95,74,3973,3995,3974
T077,L,T013,test,138,95,96,74,3995,3996,3974
T077,L,T013,test,139,74,96,75,3974,3996,3975
T077,L,T013,test,140,96,97,75,3996,3997,3975
T077,L,T013,test,141,75,97,76,3975,3997,3976
T077,L,T013,test,142,97,98,76,3997,3998,3976
T077,L,T013,test,143,76,98,77,3976,3998,3977
T077,L,T013,test,144,98,99,77,3998,3999,3977
T077,L,T013,test,145,77,99,78,3977,3999,3978
T077,L,T013,test,146,99,100,78,3999,4000,3978
T077,L,T013,test,147,78,100,79,3978,4000,3979
T077,L,T013,test,148,100,101,79,4000,4001,3979
T077,L,T013,test,149,79,101,80,3979,4001,3980
T077,L,T013,test,150,101,102,80,4001,4002,3980
T077,L,T013,test,151,80,102,81,3980,4002,3981
T077,L,T013,test,152,102,103,81,4002,4003,3981
T077,L,T013,test,153,81,103,82,3981,4003,3982
T077,L,T013,test,154,103,104,82,4003,4004,3982
T077,L,T013,test,155,82,104,83,3982,4004,3983
T077,L,T013,test,156,104,105,83,4004,4005,3983
T077,L,T013,test,157,83,105,84,3983,4005,3984
T077,L,T013,test,158,105,106,84,4005,4006,3984
T077,L,T013,test,159,84,106,85,3984,4006,3985
T077,L,T013,test,160,106,107,85,4006,4007,3985
T077,L,T013,test,161,85,107,86,3985,4007,3986
T077,L,T013,test,162,107,108,86,4007,4008,3986
T077,L,T013,test,163,86,108,87,3986,4008,3987
T077,L,T013,test,164,108,109,87,4008,4009,3987
T077,L,T013,test,165,87,109,88,3987,4009,3988
T077,L,T013,test,166,109,110,88,4009,4010,3988
T077,L,T013,test,167,88,110,89,3988,4010,3989
T077,L,T013,test,168,110,111,89,4010,4011,3989
T077,L,T013,test,169,89,111,90,3989,4011,3990
T077,L,T013,test,170,111,112,90,4011,4012,3990
T077,L,T013,test,171,90,112,91,3990,4012,3991
T077,L,T013,test,172,112,113,91,4012,4013,3991
T077,L,T013,test,173,91,113,92,3991,4013,3992
T077,L,T013,test,174,113,114,92,4013,4014,3992
T077,L,T013,test,175,92,114,93,3992,4014,3993
T077,L,T013,test,176,94,115,95,3994,4015,3995
T077,L,T013,test,177,115,116,95,4015,4016,3995
T077,L,T013,test,178,95,116,96,3995,4016,3996
T077,L,T013,test,179,116,117,96,4016,4017,3996
T077,L,T013,test,180,96,117,97,3996,4017,3997
T077,L,T013,test,181,117,118,97,4017,4018,3997
T077,L,T013,test,182,97,118,98,3997,4018,3998
T077,L,T013,test,183,118,119,98,4018,4019,3998
T077,L,T013,test,184,98,119,99,3998,4019,3999
T077,L,T013,test,185,119,120,99,4019,4020,3999
T077,L,T013,test,186,99,120,100,3999,4020,4000
T077,L,T013,test,187,120,121,100,4020,4021,4000
T077,L,T013,test,188,100,121,101,4000,4021,4001
T077,L,T013,test,189,121,122,101,4021,4022,4001
T077,L,T013,test,190,101,122,102,4001,4022,4002
T077,L,T013,test,191,122,123,102,4022,4023,4002
T077,L,T013,test,192,102,123,103,4002,4023,4003
T077,L,T013,test,193,123,124,103,4023,4024,4003
T077,L,T013,test,194,103,124,104,4003,4024,4004
T077,L,T013,test,195,124,125,104,4024,4025,4004
T077,L,T013,test,196,104,125,105,4004,4025,4005
T077,L,T013,test,197,125,126,105,4025,4026,4005
T077,L,T013,test,198,105,126,106,4005,4026,4006
T077,L,T013,test,199,126,127,106,4026,4027,4006
T077,L,T013,test,200,106,127,107,4006,4027,4007
T077,L,T013,test,201,127,128,107,4027,4028,4007
T077,L,T013,test,202,107,128,108,4007,4028,4008
T077,L,T013,test,203,128,129,108,4028,4029,4008
T077,L,T013,test,204,108,129,109,4008,4029,4009
T077,L,T013,test,205,129,130,109,4029,4030,4009
T077,L,T013,test,206,109,130,110,4009,4030,4010
T077,L,T013,test,207,130,131,110,4030,4031,4010
T077,L,T013,test,208,110,131,111,4010,4031,4011
T077,L,T013,test,209,131,132,111,4031,4032,4011
T077,L,T013,test,210,111,132,112,4011,4032,4012
T077,L,T013,test,211,132,133,112,4032,4033,4012
T077,L,T013,test,212,112,133,113,4012,4033,4013
T077,L,T013,test,213,133,134,113,4033,4034,4013
T077,L,T013,test,214,113,134,114,4013,4034,4014
T077,L,T013,test,215,115,135,116,4015,4035,4016
T077,L,T013,test,216,135,136,116,4035,4036,4016
T077,L,T013,test,217,116,136,117,4016,4036,4017
T077,L,T013,test,218,136,137,117,4036,4037,4017
T077,L,T013,test,219,117,137,118,4017,4037,4018
T077,L,T013,test,220,137,138,118,4037,4038,4018
T077,L,T013,test,221,118,138,119,4018,4038,4019
T077,L,T013,test,222,138,139,119,4038,4039,4019
T077,L,T013,test,223,119,139,120,4019,4039,4020
T077,L,T013,test,224,139,140,120,4039,4040,4020
T077,L,T013,test,225,120,140,121,4020,4040,4021
T077,L,T013,test,226,140,141,121,4040,4041,4021
T077,L,T013,test,227,121,141,122,4021,4041,4022
T077,L,T013,test,228,141,142,122,4041,4042,4022
T077,L,T013,test,229,122,142,123,4022,4042,4023
T077,L,T013,test,230,142,143,123,4042,4043,4023
T077,L,T013,test,231,123,143,124,4023,4043,4024
T077,L,T013,test,232,143,144,124,4043,4044,4024
T077,L,T013,test,233,124,144,125,4024,4044,4025
T077,L,T013,test,234,144,145,125,4044,4045,4025
T077,L,T013,test,235,125,145,126,4025,4045,4026
T077,L,T013,test,236,145,146,126,4045,4046,4026
T077,L,T013,test,237,126,146,127,4026,4046,4027
T077,L,T013,test,238,146,147,127,4046,4047,4027
T077,L,T013,test,239,127,147,128,4027,4047,4028
T077,L,T013,test,240,147,148,128,4047,4048,4028
T077,L,T013,test,241,128,148,129,4028,4048,4029
T077,L,T013,test,242,148,149,129,4048,4049,4029
T077,L,T013,test,243,129,149,130,4029,4049,4030
T077,L,T013,test,244,149,150,130,4049,4050,4030
T077,L,T013,test,245,130,150,131,4030,4050,4031
T077,L,T013,test,246,150,151,131,4050,4051,4031
T077,L,T013,test,247,131,151,132,4031,4051,4032
T077,L,T013,test,248,151,152,132,4051,4052,4032
T077,L,T013,test,249,132,152,133,4032,4052,4033
T077,L,T013,test,250,152,153,133,4052,4053,4033
T077,L,T013,test,251,133,153,134,4033,4053,4034
T077,L,T013,test,252,135,154,136,4035,4054,4036
T077,L,T013,test,253,154,155,136,4054,4055,4036
T077,L,T013,test,254,136,155,137,4036,4055,4037
T077,L,T013,test,255,155,156,137,4055,4056,4037
T077,L,T013,test,256,137,156,138,4037,4056,4038
T077,L,T013,test,257,156,157,138,4056,4057,4038
T077,L,T013,test,258,138,157,139,4038,4057,4039
T077,L,T013,test,259,157,158,139,4057,4058,4039
T077,L,T013,test,260,139,158,140,4039,4058,4040
T077,L,T013,test,261,158,159,140,4058,4059,4040
T077,L,T013,test,262,140,159,141,4040,4059,4041
T077,L,T013,test,263,159,160,141,4059,4060,4041
T077,L,T013,test,264,141,160,142,4041,4060,4042
T077,L,T013,test,265,160,161,142,4060,4061,4042
T077,L,T013,test,266,142,161,143,4042,4061,4043
T077,L,T013,test,267,161,162,143,4061,4062,4043
T077,L,T013,test,268,143,162,144,4043,4062,4044
T077,L,T013,test,269,162,163,144,4062,4063,4044
T077,L,T013,test,270,144,163,145,4044,4063,4045
T077,L,T013,test,271,163,164,145,4063,4064,4045
T077,L,T013,test,272,145,164,146,4045,4064,4046
T077,L,T013,test,273,164,165,146,4064,4065,4046
T077,L,T013,test,274,146,165,147,4046,4065,4047
T077,L,T013,test,275,165,166,147,4065,4066,4047
T077,L,T013,test,276,147,166,148,4047,4066,4048
T077,L,T013,test,277,166,167,148,4066,4067,4048
T077,L,T013,test,278,148,167,149,4048,4067,4049
T077,L,T013,test,279,167,168,149,4067,4068,4049
T077,L,T013,test,280,149,168,150,4049,4068,4050
T077,L,T013,test,281,168,169,150,4068,4069,4050
T077,L,T013,test,282,150,169,151,4050,4069,4051
T077,L,T013,test,283,169,170,151,4069,4070,4051
T077,L,T013,test,284,151,170,152,4051,4070,4052
T077,L,T013,test,285,170,171,152,4070,4071,4052
T077,L,T013,test,286,152,171,153,4052,4071,4053
T077,L,T013,test,287,154,172,155,4054,4072,4055
T077,L,T013,test,288,172,173,155,4072,4073,4055
T077,L,T013,test,289,155,173,156,4055,4073,4056
T077,L,T013,test,290,173,174,156,4073,4074,4056
T077,L,T013,test,291,156,174,157,4056,4074,4057
T077,L,T013,test,292,174,175,157,4074,4075,4057
T077,L,T013,test,293,157,175,158,4057,4075,4058
T077,L,T013,test,294,175,176,158,4075,4076,4058
T077,L,T013,test,295,158,176,159,4058,4076,4059
T077,L,T013,test,296,176,177,159,4076,4077,4059
T077,L,T013,test,297,159,177,160,4059,4077,4060
T077,L,T013,test,298,177,178,160,4077,4078,4060
T077,L,T013,test,299,160,178,161,4060,4078,4061
T077,L,T013,test,300,178,179,161,4078,4079,4061
T077,L,T013,test,301,161,179,162,4061,4079,4062
T077,L,T013,test,302,179,180,162,4079,4080,4062
T077,L,T013,test,303,162,180,163,4062,4080,4063
T077,L,T013,test,304,180,181,163,4080,4081,4063
T077,L,T013,test,305,163,181,164,4063,4081,4064
T077,L,T013,test,306,181,182,164,4081,4082,4064
T077,L,T013,test,307,164,182,165,4064,4082,4065
T077,L,T013,test,308,182,183,165,4082,4083,4065
T077,L,T013,test,309,165,183,166,4065,4083,4066
T077,L,T013,test,310,183,184,166,4083,4084,4066
T077,L,T013,test,311,166,184,167,4066,4084,4067
T077,L,T013,test,312,184,185,167,4084,4085,4067
T077,L,T013,test,313,167,185,168,4067,4085,4068
T077,L,T013,test,314,185,186,168,4085,4086,4068
T077,L,T013,test,315,168,186,169,4068,4086,4069
T077,L,T013,test,316,186,187,169,4086,4087,4069
T077,L,T013,test,317,169,187,170,4069,4087,4070
T077,L,T013,test,318,187,188,170,4087,4088,4070
T077,L,T013,test,319,170,188,171,4070,4088,4071
T077,L,T013,test,320,172,189,173,4072,4089,4073
T077,L,T013,test,321,189,190,173,4089,4090,4073
T077,L,T013,test,322,173,190,174,4073,4090,4074
T077,L,T013,test,323,190,191,174,4090,4091,4074
T077,L,T013,test,324,174,191,175,4074,4091,4075
T077,L,T013,test,325,191,192,175,4091,4092,4075
T077,L,T013,test,326,175,192,176,4075,4092,4076
T077,L,T013,test,327,192,193,176,4092,4093,4076
T077,L,T013,test,328,176,193,177,4076,4093,4077
T077,L,T013,test,329,193,194,177,4093,4094,4077
T077,L,T013,test,330,177,194,178,4077,4094,4078
T077,L,T013,test,331,194,195,178,4094,4095,4078
T077,L,T013,test,332,178,195,179,4078,4095,4079
T077,L,T013,test,333,195,196,179,4095,4096,4079
T077,L,T013,test,334,179,196,180,4079,4096,4080
T077,L,T013,test,335,196,197,180,4096,4097,4080
T077,L,T013,test,336,180,197,181,4080,4097,4081
T077,L,T013,test,337,197,198,181,4097,4098,4081
T077,L,T013,test,338,181,198,182,4081,4098,4082
T077,L,T013,test,339,198,199,182,4098,4099,4082
T077,L,T013,test,340,182,199,183,4082,4099,4083
T077,L,T013,test,341,199,200,183,4099,4100,4083
T077,L,T013,test,342,183,200,184,4083,4100,4084
T077,L,T013,test,343,200,201,184,4100,4101,4084
T077,L,T013,test,344,184,201,185,4084,4101,4085
T077,L,T013,test,345,201,202,185,4101,4102,4085
T077,L,T013,test,346,185,202,186,4085,4102,4086
T077,L,T013,test,347,202,203,186,4102,4103,4086
T077,L,T013,test,348,186,203,187,4086,4103,4087
T077,L,T013,test,349,203,204,187,4103,4104,4087
T077,L,T013,test,350,187,204,188,4087,4104,4088
T077,L,T013,test,351,189,205,190,4089,4105,4090
T077,L,T013,test,352,205,206,190,4105,4106,4090
T077,L,T013,test,353,190,206,191,4090,4106,4091
T077,L,T013,test,354,206,207,191,4106,4107,4091
T077,L,T013,test,355,191,207,192,4091,4107,4092
T077,L,T013,test,356,207,208,192,4107,4108,4092
T077,L,T013,test,357,192,208,193,4092,4108,4093
T077,L,T013,test,358,208,209,193,4108,4109,4093
T077,L,T013,test,359,193,209,194,4093,4109,4094
T077,L,T013,test,360,209,210,194,4109,4110,4094
T077,L,T013,test,361,194,210,195,4094,4110,4095
T077,L,T013,test,362,210,211,195,4110,4111,4095
T077,L,T013,test,363,195,211,196,4095,4111,4096
T077,L,T013,test,364,211,212,196,4111,4112,4096
T077,L,T013,test,365,196,212,197,4096,4112,4097
T077,L,T013,test,366,212,213,197,4112,4113,4097
T077,L,T013,test,367,197,213,198,4097,4113,4098
T077,L,T013,test,368,213,214,198,4113,4114,4098
T077,L,T013,test,369,198,214,199,4098,4114,4099
T077,L,T013,test,370,214,215,199,4114,4115,4099
T077,L,T013,test,371,199,215,200,4099,4115,4100
T077,L,T013,test,372,215,216,200,4115,4116,4100
T077,L,T013,test,373,200,216,201,4100,4116,4101
T077,L,T013,test,374,216,217,201,4116,4117,4101
T077,L,T013,test,375,201,217,202,4101,4117,4102
T077,L,T013,test,376,217,218,202,4117,4118,4102
T077,L,T013,test,377,202,218,203,4102,4118,4103
T077,L,T013,test,378,218,219,203,4118,4119,4103
T077,L,T013,test,379,203,219,204,4103,4119,4104
T077,L,T013,test,380,205,220,206,4105,4120,4106
T077,L,T013,test,381,220,221,206,4120,4121,4106
T077,L,T013,test,382,206,221,207,4106,4121,4107
T077,L,T013,test,383,221,222,207,4121,4122,4107
T077,L,T013,test,384,207,222,208,4107,4122,4108
T077,L,T013,test,385,222,223,208,4122,4123,4108
T077,L,T013,test,386,208,223,209,4108,4123,4109
T077,L,T013,test,387,223,224,209,4123,4124,4109
T077,L,T013,test,388,209,224,210,4109,4124,4110
T077,L,T013,test,389,224,225,210,4124,4125,4110
T077,L,T013,test,390,210,225,211,4110,4125,4111
T077,L,T013,test,391,225,226,211,4125,4126,4111
T077,L,T013,test,392,211,226,212,4111,4126,4112
T077,L,T013,test,393,226,227,212,4126,4127,4112
T077,L,T013,test,394,212,227,213,4112,4127,4113
T077,L,T013,test,395,227,228,213,4127,4128,4113
T077,L,T013,test,396,213,228,214,4113,4128,4114
T077,L,T013,test,397,228,229,214,4128,4129,4114
T077,L,T013,test,398,214,229,215,4114,4129,4115
T077,L,T013,test,399,229,230,215,4129,4130,4115
T077,L,T013,test,400,215,230,216,4115,4130,4116
T077,L,T013,test,401,230,231,216,4130,4131,4116
T077,L,T013,test,402,216,231,217,4116,4131,4117
T077,L,T013,test,403,231,232,217,4131,4132,4117
T077,L,T013,test,404,217,232,218,4117,4132,4118
T077,L,T013,test,405,232,233,218,4132,4133,4118
T077,L,T013,test,406,218,233,219,4118,4133,4119
T077,L,T013,test,407,220,234,221,4120,4134,4121
T077,L,T013,test,408,234,235,221,4134,4135,4121
T077,L,T013,test,409,221,235,222,4121,4135,4122
T077,L,T013,test,410,235,236,222,4135,4136,4122
T077,L,T013,test,411,222,236,223,4122,4136,4123
T077,L,T013,test,412,236,237,223,4136,4137,4123
T077,L,T013,test,413,223,237,224,4123,4137,4124
T077,L,T013,test,414,237,238,224,4137,4138,4124
T077,L,T013,test,415,224,238,225,4124,4138,4125
T077,L,T013,test,416,238,239,225,4138,4139,4125
T077,L,T013,test,417,225,239,226,4125,4139,4126
T077,L,T013,test,418,239,240,226,4139,4140,4126
T077,L,T013,test,419,226,240,227,4126,4140,4127
T077,L,T013,test,420,240,241,227,4140,4141,4127
T077,L,T013,test,421,227,241,228,4127,4141,4128
T077,L,T013,test,422,241,242,228,4141,4142,4128
T077,L,T013,test,423,228,242,229,4128,4142,4129
T077,L,T013,test,424,242,243,229,4142,4143,4129
T077,L,T013,test,425,229,243,230,4129,4143,4130
T077,L,T013,test,426,243,244,230,4143,4144,4130
T077,L,T013,test,427,230,244,231,4130,4144,4131
T077,L,T013,test,428,244,245,231,4144,4145,4131
T077,L,T013,test,429,231,245,232,4131,4145,4132
T077,L,T013,test,430,245,246,232,4145,4146,4132
T077,L,T013,test,431,232,246,233,4132,4146,4133
T077,L,T013,test,432,234,247,235,4134,4147,4135
T077,L,T013,test,433,247,248,235,4147,4148,4135
T077,L,T013,test,434,235,248,236,4135,4148,4136
T077,L,T013,test,435,248,249,236,4148,4149,4136
T077,L,T013,test,436,236,249,237,4136,4149,4137
T077,L,T013,test,437,249,250,237,4149,4150,4137
T077,L,T013,test,438,237,250,238,4137,4150,4138
T077,L,T013,test,439,250,251,238,4150,4151,4138
T077,L,T013,test,440,238,251,239,4138,4151,4139
T077,L,T013,test,441,251,252,239,4151,4152,4139
T077,L,T013,test,442,239,252,240,4139,4152,4140
T077,L,T013,test,443,252,253,240,4152,4153,4140
T077,L,T013,test,444,240,253,241,4140,4153,4141
T077,L,T013,test,445,253,254,241,4153,4154,4141
T077,L,T013,test,446,241,254,242,4141,4154,4142
T077,L,T013,test,447,254,255,242,4154,4155,4142
T077,L,T013,test,448,242,255,243,4142,4155,4143
T077,L,T013,test,449,255,256,243,4155,4156,4143
T077,L,T013,test,450,243,256,244,4143,4156,4144
T077,L,T013,test,451,256,257,244,4156,4157,4144
T077,L,T013,test,452,244,257,245,4144,4157,4145
T077,L,T013,test,453,257,258,245,4157,4158,4145
T077,L,T013,test,454,245,258,246,4145,4158,4146
T077,L,T013,test,455,247,259,248,4147,4159,4148
T077,L,T013,test,456,259,260,248,4159,4160,4148
T077,L,T013,test,457,248,260,249,4148,4160,4149
T077,L,T013,test,458,260,261,249,4160,4161,4149
T077,L,T013,test,459,249,261,250,4149,4161,4150
T077,L,T013,test,460,261,262,250,4161,4162,4150
T077,L,T013,test,461,250,262,251,4150,4162,4151
T077,L,T013,test,462,262,263,251,4162,4163,4151
T077,L,T013,test,463,251,263,252,4151,4163,4152
T077,L,T013,test,464,263,264,252,4163,4164,4152
T077,L,T013,test,465,252,264,253,4152,4164,4153
T077,L,T013,test,466,264,265,253,4164,4165,4153
T077,L,T013,test,467,253,265,254,4153,4165,4154
T077,L,T013,test,468,265,266,254,4165,4166,4154
T077,L,T013,test,469,254,266,255,4154,4166,4155
T077,L,T013,test,470,266,267,255,4166,4167,4155
T077,L,T013,test,471,255,267,256,4155,4167,4156
T077,L,T013,test,472,267,268,256,4167,4168,4156
T077,L,T013,test,473,256,268,257,4156,4168,4157
T077,L,T013,test,474,268,269,257,4168,4169,4157
T077,L,T013,test,475,257,269,258,4157,4169,4158
T077,L,T013,test,476,259,270,260,4159,4170,4160
T077,L,T013,test,477,270,271,260,4170,4171,4160
T077,L,T013,test,478,260,271,261,4160,4171,4161
T077,L,T013,test,479,271,272,261,4171,4172,4161
T077,L,T013,test,480,261,272,262,4161,4172,4162
T077,L,T013,test,481,272,273,262,4172,4173,4162
T077,L,T013,test,482,262,273,263,4162,4173,4163
T077,L,T013,test,483,273,274,263,4173,4174,4163
T077,L,T013,test,484,263,274,264,4163,4174,4164
T077,L,T013,test,485,274,275,264,4174,4175,4164
T077,L,T013,test,486,264,275,265,4164,4175,4165
T077,L,T013,test,487,275,276,265,4175,4176,4165
T077,L,T013,test,488,265,276,266,4165,4176,4166
T077,L,T013,test,489,276,277,266,4176,4177,4166
T077,L,T013,test,490,266,277,267,4166,4177,4167
T077,L,T013,test,491,277,278,267,4177,4178,4167
T077,L,T013,test,492,267,278,268,4167,4178,4168
T077,L,T013,test,493,278,279,268,4178,4179,4168
T077,L,T013,test,494,268,279,269,4168,4179,4169
T077,L,T013,test,495,270,280,271,4170,4180,4171
T077,L,T013,test,496,280,281,271,4180,4181,4171
T077,L,T013,test,497,271,281,272,4171,4181,4172
T077,L,T013,test,498,281,282,272,4181,4182,4172
T077,L,T013,test,499,272,282,273,4172,4182,4173
T077,L,T013,test,500,282,283,273,4182,4183,4173
T077,L,T013,test,501,273,283,274,4173,4183,4174
T077,L,T013,test,502,283,284,274,4183,4184,4174
T077,L,T013,test,503,274,284,275,4174,4184,4175
T077,L,T013,test,504,284,285,275,4184,4185,4175
T077,L,T013,test,505,275,285,276,4175,4185,4176
T077,L,T013,test,506,285,286,276,4185,4186,4176
T077,L,T013,test,507,276,286,277,4176,4186,4177
T077,L,T013,test,508,286,287,277,4186,4187,4177
T077,L,T013,test,509,277,287,278,4177,4187,4178
T077,L,T013,test,510,287,288,278,4187,4188,4178
T077,L,T013,test,511,278,288,279,4178,4188,4179
T077,L,T013,test,512,280,289,281,4180,4189,4181
T077,L,T013,test,513,289,290,281,4189,4190,4181
T077,L,T013,test,514,281,290,282,4181,4190,4182
T077,L,T013,test,515,290,291,282,4190,4191,4182
T077,L,T013,test,516,282,291,283,4182,4191,4183
T077,L,T013,test,517,291,292,283,4191,4192,4183
T077,L,T013,test,518,283,292,284,4183,4192,4184
T077,L,T013,test,519,292,293,284,4192,4193,4184
T077,L,T013,test,520,284,293,285,4184,4193,4185
T077,L,T013,test,521,293,294,285,4193,4194,4185
T077,L,T013,test,522,285,294,286,4185,4194,4186
T077,L,T013,test,523,294,295,286,4194,4195,4186
T077,L,T013,test,524,286,295,287,4186,4195,4187
T077,L,T013,test,525,295,296,287,4195,4196,4187
T077,L,T013,test,526,287,296,288,4187,4196,4188
T077,L,T013,test,527,289,297,290,4189,4197,4190
T077,L,T013,test,528,297,298,290,4197,4198,4190
T077,L,T013,test,529,290,298,291,4190,4198,4191
T077,L,T013,test,530,298,299,291,4198,4199,4191
T077,L,T013,test,531,291,299,292,4191,4199,4192
T077,L,T013,test,532,299,300,292,4199,4200,4192
T077,L,T013,test,533,292,300,293,4192,4200,4193
T077,L,T013,test,534,300,301,293,4200,4201,4193
T077,L,T013,test,535,293,301,294,4193,4201,4194
T077,L,T013,test,536,301,302,294,4201,4202,4194
T077,L,T013,test,537,294,302,295,4194,4202,4195
T077,L,T013,test,538,302,303,295,4202,4203,4195
T077,L,T013,test,539,295,303,296,4195,4203,4196
T077,L,T013,test,540,297,304,298,4197,4204,4198
T077,L,T013,test,541,304,305,298,4204,4205,4198
T077,L,T013,test,542,298,305,299,4198,4205,4199
T077,L,T013,test,543,305,306,299,4205,4206,4199
T077,L,T013,test,544,299,306,300,4199,4206,4200
T077,L,T013,test,545,306,307,300,4206,4207,4200
T077,L,T013,test,546,300,307,301,4200,4207,4201
T077,L,T013,test,547,307,308,301,4207,4208,4201
T077,L,T013,test,548,301,308,302,4201,4208,4202
T077,L,T013,test,549,308,309,302,4208,4209,4202
T077,L,T013,test,550,302,309,303,4202,4209,4203
T077,L,T013,test,551,304,310,305,4204,4210,4205
T077,L,T013,test,552,310,311,305,4210,4211,4205
T077,L,T013,test,553,305,311,306,4205,4211,4206
T077,L,T013,test,554,311,312,306,4211,4212,4206
T077,L,T013,test,555,306,312,307,4206,4212,4207
T077,L,T013,test,556,312,313,307,4212,4213,4207
T077,L,T013,test,557,307,313,308,4207,4213,4208
T077,L,T013,test,558,313,314,308,4213,4214,4208
T077,L,T013,test,559,308,314,309,4208,4214,4209
T077,L,T013,test,560,310,315,311,4210,4215,4211
T077,L,T013,test,561,315,316,311,4215,4216,4211
T077,L,T013,test,562,311,316,312,4211,4216,4212
T077,L,T013,test,563,316,317,312,4216,4217,4212
T077,L,T013,test,564,312,317,313,4212,4217,4213
T077,L,T013,test,565,317,318,313,4217,4218,4213
T077,L,T013,test,566,313,318,314,4213,4218,4214
T077,L,T013,test,567,315,319,316,4215,4219,4216
T077,L,T013,test,568,319,320,316,4219,4220,4216
T077,L,T013,test,569,316,320,317,4216,4220,4217
T077,L,T013,test,570,320,321,317,4220,4221,4217
T077,L,T013,test,571,317,321,318,4217,4221,4218
T077,L,T013,test,572,319,322,320,4219,4222,4220
T077,L,T013,test,573,322,323,320,4222,4223,4220
T077,L,T013,test,574,320,323,321,4220,4223,4221
T077,L,T013,test,575,322,324,323,4222,4224,4223
